capture_ts,target_dte,actual_dte,symbol,underlying,expiration,type,strike,bid,bid_size,ask,ask_size,mid,last_price,last_size,implied_vol,delta,gamma,theta,vega,rho,und_session_date,und_open,und_high,und_low,und_close,und_volume,und_vwap
2026-08-24T20:35:06.234,2,0,QQQ260824C00495000,QQQ,2026-08-24,call,495.0,210.76,1.0,215.78,1.0,213.26999999999998,208.22,2.0,,,,,,,2026-08-24,709.625,709.65,702.83,706.38,552704.0,706.932044
2026-08-24T20:35:06.234,2,0,QQQ260824C00500000,QQQ,2026-08-24,call,500.0,206.74,10.0,210.17,1.0,208.45499999999998,204.78,1.0,,,,,,,2026-08-24,709.625,709.65,702.83,706.38,552704.0,706.932044
2026-08-24T20:35:06.234,2,0,QQQ260824C00505000,QQQ,2026-08-24,call,505.0,199.28,1.0,202.57,3.0,200.925,201.81,1.0,,,,,,,2026-08-24,709.625,709.65,702.83,706.38,552704.0,706.932044
2026-08-24T20:35:06.234,2,0,QQQ260824C00510000,QQQ,2026-08-24,call,510.0,191.46,1.0,199.58,1.0,195.52,193.23,1.0,,,,,,,2026-08-24,709.625,709.65,702.83,706.38,552704.0,706.932044
2026-08-24T20:35:06.234,2,0,QQQ260824C00515000,QQQ,2026-08-24,call,515.0,190.15,10.0,192.1,1.0,191.125,,,,,,,,,2026-08-24,709.625,709.65,702.83,706.38,552704.0,706.932044
2026-08-24T20:35:06.234,2,0,QQQ260824C00520000,QQQ,2026-08-24,call,520.0,182.68,10.0,190.2,1.0,186.44,,,,,,,,,2026-08-24,709.625,709.65,702.83,706.38,552704.0,706.932044
2026-08-24T20:35:06.234,2,0,QQQ260824C00525000,QQQ,2026-08-24,call,525.0,182.24,10.0,185.67,1.0,183.95499999999998,179.46,1.0,,,,,,,2026-08-24,709.625,709.65,702.83,706.38,552704.0,706.932044
2026-08-24T20:35:06.234,2,0,QQQ260824C00530000,QQQ,2026-08-24,call,530.0,175.87,10.0,180.07,1.0,177.97,180.88,1.0,,,,,,,2026-08-24,709.625,709.65,702.83,706.38,552704.0,706.932044
2026-08-24T20:35:06.234,2,0,QQQ260824C00535000,QQQ,2026-08-24,call,535.0,168.68,1.0,174.73,1.0,171.70499999999998,175.2,1.0,,,,,,,2026-08-24,709.625,709.65,702.83,706.38,552704.0,706.932044
2026-08-24T20:35:06.234,2,0,QQQ260824C00540000,QQQ,2026-08-24,call,540.0,165.45,1.0,165.66,1.0,165.555,167.05,1.0,,,,,,,2026-08-24,709.625,709.65,702.83,706.38,552704.0,706.932044
2026-08-24T20:35:06.234,2,0,QQQ260824C00545000,QQQ,2026-08-24,call,545.0,156.82,1.0,161.42,1.0,159.12,164.63,1.0,,,,,,,2026-08-24,709.625,709.65,702.83,706.38,552704.0,706.932044
2026-08-24T20:35:06.234,2,0,QQQ260824C00550000,QQQ,2026-08-24,call,550.0,157.61,1.0,160.99,1.0,159.3,,,,,,,,,2026-08-24,709.625,709.65,702.83,706.38,552704.0,706.932044
2026-08-24T20:35:06.234,2,0,QQQ260824C00555000,QQQ,2026-08-24,call,555.0,150.18,10.0,151.53,1.0,150.85500000000002,,,,,,,,,2026-08-24,709.625,709.65,702.83,706.38,552704.0,706.932044
2026-08-24T20:35:06.234,2,0,QQQ260824C00560000,QQQ,2026-08-24,call,560.0,146.07,10.0,146.34,10.0,146.20499999999998,,,,,,,,,2026-08-24,709.625,709.65,702.83,706.38,552704.0,706.932044
2026-08-24T20:35:06.234,2,0,QQQ260824C00565000,QQQ,2026-08-24,call,565.0,137.86,1.0,141.89,1.0,139.875,,,,,,,,,2026-08-24,709.625,709.65,702.83,706.38,552704.0,706.932044
2026-08-24T20:35:06.234,2,0,QQQ260824C00570000,QQQ,2026-08-24,call,570.0,133.51,10.0,135.89,1.0,134.7,,,,,,,,,2026-08-24,709.625,709.65,702.83,706.38,552704.0,706.932044
2026-08-24T20:35:06.234,2,0,QQQ260824C00575000,QQQ,2026-08-24,call,575.0,132.12,1.0,132.16,1.0,132.14,,,,,,,,,2026-08-24,709.625,709.65,702.83,706.38,552704.0,706.932044
2026-08-24T20:35:06.234,2,0,QQQ260824C00580000,QQQ,2026-08-24,call,580.0,124.25,10.0,126.19,1.0,125.22,131.07,6.0,,,,,,,2026-08-24,709.625,709.65,702.83,706.38,552704.0,706.932044
2026-08-24T20:35:06.234,2,0,QQQ260824C00585000,QQQ,2026-08-24,call,585.0,118.06,10.0,122.33,10.0,120.195,120.66,2.0,,,,,,,2026-08-24,709.625,709.65,702.83,706.38,552704.0,706.932044
2026-08-24T20:35:06.234,2,0,QQQ260824C00590000,QQQ,2026-08-24,call,590.0,116.98,10.0,119.53,1.0,118.255,,,,,,,,,2026-08-24,709.625,709.65,702.83,706.38,552704.0,706.932044
2026-08-24T20:35:06.234,2,0,QQQ260824C00595000,QQQ,2026-08-24,call,595.0,109.58,1.0,112.4,1.0,110.99000000000001,,,,,,,,,2026-08-24,709.625,709.65,702.83,706.38,552704.0,706.932044
2026-08-24T20:35:06.234,2,0,QQQ260824C00600000,QQQ,2026-08-24,call,600.0,103.0,11.0,109.51,1.0,106.255,107.77,10.0,,,,,,,2026-08-24,709.625,709.65,702.83,706.38,552704.0,706.932044
2026-08-24T20:35:06.234,2,0,QQQ260824C00605000,QQQ,2026-08-24,call,605.0,101.12,11.0,104.41,1.0,102.765,,,,,,,,,2026-08-24,709.625,709.65,702.83,706.38,552704.0,706.932044
2026-08-24T20:35:06.234,2,0,QQQ260824C00610000,QQQ,2026-08-24,call,610.0,93.46,10.0,97.78,1.0,95.62,123.33,2.0,,,,,,,2026-08-24,709.625,709.65,702.83,706.38,552704.0,706.932044
2026-08-24T20:35:06.234,2,0,QQQ260824C00615000,QQQ,2026-08-24,call,615.0,88.78,10.0,93.06,1.0,90.92,98.9,1.0,,,,,,,2026-08-24,709.625,709.65,702.83,706.38,552704.0,706.932044
2026-08-24T20:35:06.234,2,0,QQQ260824C00620000,QQQ,2026-08-24,call,620.0,85.82,1.0,89.9,1.0,87.86,87.72,1.0,,,,,,,2026-08-24,709.625,709.65,702.83,706.38,552704.0,706.932044
2026-08-24T20:35:06.234,2,0,QQQ260824C00625000,QQQ,2026-08-24,call,625.0,79.01,11.0,82.37,1.0,80.69,79.71,30.0,,,,,,,2026-08-24,709.625,709.65,702.83,706.38,552704.0,706.932044
2026-08-24T20:35:06.234,2,0,QQQ260824C00630000,QQQ,2026-08-24,call,630.0,75.31,1.0,77.63,1.0,76.47,83.14,2.0,,,,,,,2026-08-24,709.625,709.65,702.83,706.38,552704.0,706.932044
2026-08-24T20:35:06.234,2,0,QQQ260824C00635000,QQQ,2026-08-24,call,635.0,68.94,10.0,73.35,1.0,71.145,,,,,,,,,2026-08-24,709.625,709.65,702.83,706.38,552704.0,706.932044
2026-08-24T20:35:06.234,2,0,QQQ260824C00640000,QQQ,2026-08-24,call,640.0,65.2,10.0,67.12,1.0,66.16,64.42,30.0,,,,,,,2026-08-24,709.625,709.65,702.83,706.38,552704.0,706.932044
2026-08-24T20:35:06.234,2,0,QQQ260824C00645000,QQQ,2026-08-24,call,645.0,59.74,11.0,62.51,1.0,61.125,60.5,30.0,,,,,,,2026-08-24,709.625,709.65,702.83,706.38,552704.0,706.932044
2026-08-24T20:35:06.234,2,0,QQQ260824C00650000,QQQ,2026-08-24,call,650.0,54.71,11.0,58.91,1.0,56.81,63.85,5.0,,,,,,,2026-08-24,709.625,709.65,702.83,706.38,552704.0,706.932044
2026-08-24T20:35:06.234,2,0,QQQ260824C00655000,QQQ,2026-08-24,call,655.0,50.39,10.0,53.75,1.0,52.07,,,,,,,,,2026-08-24,709.625,709.65,702.83,706.38,552704.0,706.932044
2026-08-24T20:35:06.234,2,0,QQQ260824C00660000,QQQ,2026-08-24,call,660.0,45.47,10.0,48.49,1.0,46.980000000000004,44.7,1.0,,,,,,,2026-08-24,709.625,709.65,702.83,706.38,552704.0,706.932044
2026-08-24T20:35:06.234,2,0,QQQ260824C00665000,QQQ,2026-08-24,call,665.0,40.05,2.0,43.21,1.0,41.629999999999995,42.96,1.0,,,,,,,2026-08-24,709.625,709.65,702.83,706.38,552704.0,706.932044
2026-08-24T20:35:06.234,2,0,QQQ260824C00670000,QQQ,2026-08-24,call,670.0,34.61,11.0,38.31,1.0,36.46,37.24,3.0,,,,,,,2026-08-24,709.625,709.65,702.83,706.38,552704.0,706.932044
2026-08-24T20:35:06.234,2,0,QQQ260824C00671000,QQQ,2026-08-24,call,671.0,33.39,10.0,38.1,1.0,35.745000000000005,36.56,1.0,,,,,,,2026-08-24,709.625,709.65,702.83,706.38,552704.0,706.932044
2026-08-24T20:35:06.234,2,0,QQQ260824C00672000,QQQ,2026-08-24,call,672.0,32.659,10.0,35.82,1.0,34.2395,45.13,21.0,,,,,,,2026-08-24,709.625,709.65,702.83,706.38,552704.0,706.932044
2026-08-24T20:35:06.234,2,0,QQQ260824C00673000,QQQ,2026-08-24,call,673.0,31.51,10.0,36.01,1.0,33.76,,,,,,,,,2026-08-24,709.625,709.65,702.83,706.38,552704.0,706.932044
2026-08-24T20:35:06.234,2,0,QQQ260824C00674000,QQQ,2026-08-24,call,674.0,31.13,10.0,34.01,1.0,32.57,,,,,,,,,2026-08-24,709.625,709.65,702.83,706.38,552704.0,706.932044
2026-08-24T20:35:06.234,2,0,QQQ260824C00675000,QQQ,2026-08-24,call,675.0,30.1,10.0,33.54,1.0,31.82,29.5,1.0,,,,,,,2026-08-24,709.625,709.65,702.83,706.38,552704.0,706.932044
2026-08-24T20:35:06.234,2,0,QQQ260824C00676000,QQQ,2026-08-24,call,676.0,28.96,1.0,32.18,1.0,30.57,37.52,10.0,,,,,,,2026-08-24,709.625,709.65,702.83,706.38,552704.0,706.932044
2026-08-24T20:35:06.234,2,0,QQQ260824C00677000,QQQ,2026-08-24,call,677.0,27.99,10.0,30.82,1.0,29.405,30.18,1.0,,,,,,,2026-08-24,709.625,709.65,702.83,706.38,552704.0,706.932044
2026-08-24T20:35:06.234,2,0,QQQ260824C00678000,QQQ,2026-08-24,call,678.0,26.76,10.0,30.8,1.0,28.78,29.32,1.0,,,,,,,2026-08-24,709.625,709.65,702.83,706.38,552704.0,706.932044
2026-08-24T20:35:06.234,2,0,QQQ260824C00679000,QQQ,2026-08-24,call,679.0,25.73,10.0,29.09,1.0,27.41,28.26,1.0,,,,,,,2026-08-24,709.625,709.65,702.83,706.38,552704.0,706.932044
2026-08-24T20:35:06.234,2,0,QQQ260824C00680000,QQQ,2026-08-24,call,680.0,24.84,10.0,28.59,1.0,26.715,27.04,1.0,,,,,,,2026-08-24,709.625,709.65,702.83,706.38,552704.0,706.932044
2026-08-24T20:35:06.234,2,0,QQQ260824C00681000,QQQ,2026-08-24,call,681.0,24.03,10.0,27.7,1.0,25.865000000000002,32.549,3.0,,,,,,,2026-08-24,709.625,709.65,702.83,706.38,552704.0,706.932044
2026-08-24T20:35:06.234,2,0,QQQ260824C00682000,QQQ,2026-08-24,call,682.0,22.54,1.0,26.3,1.0,24.42,22.7,1.0,,,,,,,2026-08-24,709.625,709.65,702.83,706.38,552704.0,706.932044
2026-08-24T20:35:06.234,2,0,QQQ260824C00683000,QQQ,2026-08-24,call,683.0,21.42,1.0,25.82,1.0,23.62,22.99,1.0,,,,,,,2026-08-24,709.625,709.65,702.83,706.38,552704.0,706.932044
2026-08-24T20:35:06.234,2,0,QQQ260824C00684000,QQQ,2026-08-24,call,684.0,21.34,1.0,24.65,1.0,22.994999999999997,21.69,1.0,,,,,,,2026-08-24,709.625,709.65,702.83,706.38,552704.0,706.932044
2026-08-24T20:35:06.234,2,0,QQQ260824C00685000,QQQ,2026-08-24,call,685.0,19.51,1.0,23.84,1.0,21.675,23.93,8.0,,,,,,,2026-08-24,709.625,709.65,702.83,706.38,552704.0,706.932044
2026-08-24T20:35:06.234,2,0,QQQ260824C00686000,QQQ,2026-08-24,call,686.0,18.81,10.0,22.75,1.0,20.78,22.15,2.0,,,,,,,2026-08-24,709.625,709.65,702.83,706.38,552704.0,706.932044
2026-08-24T20:35:06.234,2,0,QQQ260824C00687000,QQQ,2026-08-24,call,687.0,17.79,10.0,21.49,1.0,19.64,21.09,1.0,,,,,,,2026-08-24,709.625,709.65,702.83,706.38,552704.0,706.932044
2026-08-24T20:35:06.234,2,0,QQQ260824C00688000,QQQ,2026-08-24,call,688.0,16.4,3.0,20.48,5.0,18.439999999999998,19.89,1.0,,,,,,,2026-08-24,709.625,709.65,702.83,706.38,552704.0,706.932044
2026-08-24T20:35:06.234,2,0,QQQ260824C00689000,QQQ,2026-08-24,call,689.0,15.46,1.0,19.47,1.0,17.465,18.4,5.0,,,,,,,2026-08-24,709.625,709.65,702.83,706.38,552704.0,706.932044
2026-08-24T20:35:06.234,2,0,QQQ260824C00690000,QQQ,2026-08-24,call,690.0,14.63,4.0,18.17,1.0,16.400000000000002,17.66,1.0,,,,,,,2026-08-24,709.625,709.65,702.83,706.38,552704.0,706.932044
2026-08-24T20:35:06.234,2,0,QQQ260824C00691000,QQQ,2026-08-24,call,691.0,14.91,1.0,17.64,1.0,16.275,41.68,1.0,,,,,,,2026-08-24,709.625,709.65,702.83,706.38,552704.0,706.932044
2026-08-24T20:35:06.234,2,0,QQQ260824C00692000,QQQ,2026-08-24,call,692.0,12.53,1.0,16.65,1.0,14.59,15.95,1.0,,,,,,,2026-08-24,709.625,709.65,702.83,706.38,552704.0,706.932044
2026-08-24T20:35:06.234,2,0,QQQ260824C00693000,QQQ,2026-08-24,call,693.0,11.65,3.0,15.37,1.0,13.51,14.18,2.0,,,,,,,2026-08-24,709.625,709.65,702.83,706.38,552704.0,706.932044
2026-08-24T20:35:06.234,2,0,QQQ260824C00694000,QQQ,2026-08-24,call,694.0,10.71,1.0,14.17,1.0,12.440000000000001,11.28,1.0,,,,,,,2026-08-24,709.625,709.65,702.83,706.38,552704.0,706.932044
2026-08-24T20:35:06.234,2,0,QQQ260824C00695000,QQQ,2026-08-24,call,695.0,9.52,10.0,13.21,2.0,11.365,11.42,5.0,,,,,,,2026-08-24,709.625,709.65,702.83,706.38,552704.0,706.932044
2026-08-24T20:35:06.234,2,0,QQQ260824C00696000,QQQ,2026-08-24,call,696.0,9.14,3.0,11.33,1.0,10.235,11.9,1.0,,,,,,,2026-08-24,709.625,709.65,702.83,706.38,552704.0,706.932044
2026-08-24T20:35:06.234,2,0,QQQ260824C00697000,QQQ,2026-08-24,call,697.0,7.79,5.0,11.2,5.0,9.495,9.38,2.0,,,,,,,2026-08-24,709.625,709.65,702.83,706.38,552704.0,706.932044
2026-08-24T20:35:06.234,2,0,QQQ260824C00698000,QQQ,2026-08-24,call,698.0,6.71,26.0,10.29,16.0,8.5,8.48,38.0,,,,,,,2026-08-24,709.625,709.65,702.83,706.38,552704.0,706.932044
2026-08-24T20:35:06.234,2,0,QQQ260824C00699000,QQQ,2026-08-24,call,699.0,5.85,61.0,7.87,5.0,6.859999999999999,7.65,5.0,,,,,,,2026-08-24,709.625,709.65,702.83,706.38,552704.0,706.932044
2026-08-24T20:35:06.234,2,0,QQQ260824C00700000,QQQ,2026-08-24,call,700.0,4.65,56.0,8.21,100.0,6.430000000000001,6.5,4.0,,,,,,,2026-08-24,709.625,709.65,702.83,706.38,552704.0,706.932044
2026-08-24T20:35:06.234,2,0,QQQ260824C00701000,QQQ,2026-08-24,call,701.0,3.82,301.0,7.25,75.0,5.535,5.33,3.0,,,,,,,2026-08-24,709.625,709.65,702.83,706.38,552704.0,706.932044
2026-08-24T20:35:06.234,2,0,QQQ260824C00702000,QQQ,2026-08-24,call,702.0,3.98,26.0,4.65,26.0,4.315,4.61,1.0,,,,,,,2026-08-24,709.625,709.65,702.83,706.38,552704.0,706.932044
2026-08-24T20:35:06.234,2,0,QQQ260824C00703000,QQQ,2026-08-24,call,703.0,3.28,71.0,3.51,124.0,3.3949999999999996,3.58,4.0,,,,,,,2026-08-24,709.625,709.65,702.83,706.38,552704.0,706.932044
2026-08-24T20:35:06.234,2,0,QQQ260824C00704000,QQQ,2026-08-24,call,704.0,2.13,167.0,2.61,177.0,2.37,2.56,10.0,,,,,,,2026-08-24,709.625,709.65,702.83,706.38,552704.0,706.932044
2026-08-24T20:35:06.234,2,0,QQQ260824C00705000,QQQ,2026-08-24,call,705.0,1.23,120.0,1.46,20.0,1.345,1.7,6.0,,,,,,,2026-08-24,709.625,709.65,702.83,706.38,552704.0,706.932044
2026-08-24T20:35:06.234,2,0,QQQ260824C00706000,QQQ,2026-08-24,call,706.0,0.45,73.0,0.48,16.0,0.46499999999999997,0.64,10.0,,,,,,,2026-08-24,709.625,709.65,702.83,706.38,552704.0,706.932044
2026-08-24T20:35:06.234,2,0,QQQ260824C00707000,QQQ,2026-08-24,call,707.0,0.07,111.0,0.08,59.0,0.07500000000000001,0.08,1.0,,,,,,,2026-08-24,709.625,709.65,702.83,706.38,552704.0,706.932044
2026-08-24T20:35:06.234,2,0,QQQ260824C00708000,QQQ,2026-08-24,call,708.0,0.04,93.0,0.05,1685.0,0.045,0.01,1.0,,,,,,,2026-08-24,709.625,709.65,702.83,706.38,552704.0,706.932044
2026-08-24T20:35:06.234,2,0,QQQ260824C00709000,QQQ,2026-08-24,call,709.0,0.0,0.0,0.01,869.0,0.005,0.01,5.0,,,,,,,2026-08-24,709.625,709.65,702.83,706.38,552704.0,706.932044
2026-08-24T20:35:06.234,2,0,QQQ260824C00710000,QQQ,2026-08-24,call,710.0,0.0,0.0,0.01,342.0,0.005,0.01,25.0,,,,,,,2026-08-24,709.625,709.65,702.83,706.38,552704.0,706.932044
2026-08-24T20:35:06.234,2,0,QQQ260824C00711000,QQQ,2026-08-24,call,711.0,0.0,0.0,0.03,355.0,0.015,0.01,1.0,,,,,,,2026-08-24,709.625,709.65,702.83,706.38,552704.0,706.932044
2026-08-24T20:35:06.234,2,0,QQQ260824C00712000,QQQ,2026-08-24,call,712.0,0.0,0.0,0.03,503.0,0.015,0.01,1.0,,,,,,,2026-08-24,709.625,709.65,702.83,706.38,552704.0,706.932044
2026-08-24T20:35:06.234,2,0,QQQ260824C00713000,QQQ,2026-08-24,call,713.0,0.0,0.0,0.01,1112.0,0.005,0.01,3.0,,,,,,,2026-08-24,709.625,709.65,702.83,706.38,552704.0,706.932044
2026-08-24T20:35:06.234,2,0,QQQ260824C00714000,QQQ,2026-08-24,call,714.0,0.0,0.0,0.01,541.0,0.005,0.01,2.0,,,,,,,2026-08-24,709.625,709.65,702.83,706.38,552704.0,706.932044
2026-08-24T20:35:06.234,2,0,QQQ260824C00715000,QQQ,2026-08-24,call,715.0,0.0,0.0,0.01,396.0,0.005,0.01,2.0,,,,,,,2026-08-24,709.625,709.65,702.83,706.38,552704.0,706.932044
2026-08-24T20:35:06.234,2,0,QQQ260824C00716000,QQQ,2026-08-24,call,716.0,0.0,0.0,0.03,505.0,0.015,0.01,1.0,,,,,,,2026-08-24,709.625,709.65,702.83,706.38,552704.0,706.932044
2026-08-24T20:35:06.234,2,0,QQQ260824C00717000,QQQ,2026-08-24,call,717.0,0.0,0.0,0.03,620.0,0.015,0.01,20.0,,,,,,,2026-08-24,709.625,709.65,702.83,706.38,552704.0,706.932044
2026-08-24T20:35:06.234,2,0,QQQ260824C00718000,QQQ,2026-08-24,call,718.0,0.0,0.0,0.03,636.0,0.015,0.01,1.0,,,,,,,2026-08-24,709.625,709.65,702.83,706.38,552704.0,706.932044
2026-08-24T20:35:06.234,2,0,QQQ260824C00719000,QQQ,2026-08-24,call,719.0,0.0,0.0,0.03,538.0,0.015,0.01,2.0,,,,,,,2026-08-24,709.625,709.65,702.83,706.38,552704.0,706.932044
2026-08-24T20:35:06.234,2,0,QQQ260824C00720000,QQQ,2026-08-24,call,720.0,0.0,0.0,0.01,691.0,0.005,0.01,2.0,,,,,,,2026-08-24,709.625,709.65,702.83,706.38,552704.0,706.932044
2026-08-24T20:35:06.234,2,0,QQQ260824C00721000,QQQ,2026-08-24,call,721.0,0.0,0.0,0.03,634.0,0.015,0.01,1.0,,,,,,,2026-08-24,709.625,709.65,702.83,706.38,552704.0,706.932044
2026-08-24T20:35:06.234,2,0,QQQ260824C00722000,QQQ,2026-08-24,call,722.0,0.0,0.0,0.03,382.0,0.015,0.01,1.0,,,,,,,2026-08-24,709.625,709.65,702.83,706.38,552704.0,706.932044
2026-08-24T20:35:06.234,2,0,QQQ260824C00723000,QQQ,2026-08-24,call,723.0,0.0,0.0,0.03,678.0,0.015,0.01,2.0,,,,,,,2026-08-24,709.625,709.65,702.83,706.38,552704.0,706.932044
2026-08-24T20:35:06.234,2,0,QQQ260824C00724000,QQQ,2026-08-24,call,724.0,0.0,0.0,0.01,864.0,0.005,0.01,2.0,,,,,,,2026-08-24,709.625,709.65,702.83,706.38,552704.0,706.932044
2026-08-24T20:35:06.234,2,0,QQQ260824C00725000,QQQ,2026-08-24,call,725.0,0.0,0.0,0.03,551.0,0.015,0.01,1.0,,,,,,,2026-08-24,709.625,709.65,702.83,706.38,552704.0,706.932044
2026-08-24T20:35:06.234,2,0,QQQ260824C00726000,QQQ,2026-08-24,call,726.0,0.0,0.0,0.01,851.0,0.005,0.01,6.0,,,,,,,2026-08-24,709.625,709.65,702.83,706.38,552704.0,706.932044
2026-08-24T20:35:06.234,2,0,QQQ260824C00727000,QQQ,2026-08-24,call,727.0,0.0,0.0,0.01,399.0,0.005,0.01,4.0,,,,,,,2026-08-24,709.625,709.65,702.83,706.38,552704.0,706.932044
2026-08-24T20:35:06.234,2,0,QQQ260824C00728000,QQQ,2026-08-24,call,728.0,0.0,0.0,0.03,511.0,0.015,0.01,1.0,,,,,,,2026-08-24,709.625,709.65,702.83,706.38,552704.0,706.932044
2026-08-24T20:35:06.234,2,0,QQQ260824C00729000,QQQ,2026-08-24,call,729.0,0.0,0.0,0.01,203.0,0.005,0.01,1.0,,,,,,,2026-08-24,709.625,709.65,702.83,706.38,552704.0,706.932044
2026-08-24T20:35:06.234,2,0,QQQ260824C00730000,QQQ,2026-08-24,call,730.0,0.0,0.0,0.01,1011.0,0.005,0.01,2.0,,,,,,,2026-08-24,709.625,709.65,702.83,706.38,552704.0,706.932044
2026-08-24T20:35:06.234,2,0,QQQ260824C00731000,QQQ,2026-08-24,call,731.0,0.0,0.0,0.01,207.0,0.005,0.01,1.0,,,,,,,2026-08-24,709.625,709.65,702.83,706.38,552704.0,706.932044
2026-08-24T20:35:06.234,2,0,QQQ260824C00732000,QQQ,2026-08-24,call,732.0,0.0,0.0,0.03,201.0,0.015,0.01,10.0,,,,,,,2026-08-24,709.625,709.65,702.83,706.38,552704.0,706.932044
2026-08-24T20:35:06.234,2,0,QQQ260824C00733000,QQQ,2026-08-24,call,733.0,0.0,0.0,0.01,195.0,0.005,0.01,2.0,,,,,,,2026-08-24,709.625,709.65,702.83,706.38,552704.0,706.932044
2026-08-24T20:35:06.234,2,0,QQQ260824C00734000,QQQ,2026-08-24,call,734.0,0.0,0.0,0.03,465.0,0.015,0.01,6.0,,,,,,,2026-08-24,709.625,709.65,702.83,706.38,552704.0,706.932044
2026-08-24T20:35:06.234,2,0,QQQ260824C00735000,QQQ,2026-08-24,call,735.0,0.0,0.0,0.01,546.0,0.005,0.01,2.0,,,,,,,2026-08-24,709.625,709.65,702.83,706.38,552704.0,706.932044
2026-08-24T20:35:06.234,2,0,QQQ260824C00736000,QQQ,2026-08-24,call,736.0,0.0,0.0,0.01,597.0,0.005,0.01,1.0,,,,,,,2026-08-24,709.625,709.65,702.83,706.38,552704.0,706.932044
2026-08-24T20:35:06.234,2,0,QQQ260824C00737000,QQQ,2026-08-24,call,737.0,0.0,0.0,0.01,303.0,0.005,0.01,5.0,,,,,,,2026-08-24,709.625,709.65,702.83,706.38,552704.0,706.932044
2026-08-24T20:35:06.234,2,0,QQQ260824C00738000,QQQ,2026-08-24,call,738.0,0.0,0.0,0.01,178.0,0.005,0.01,1.0,,,,,,,2026-08-24,709.625,709.65,702.83,706.38,552704.0,706.932044
2026-08-24T20:35:06.234,2,0,QQQ260824C00739000,QQQ,2026-08-24,call,739.0,0.0,0.0,0.03,148.0,0.015,0.01,1.0,,,,,,,2026-08-24,709.625,709.65,702.83,706.38,552704.0,706.932044
2026-08-24T20:35:06.234,2,0,QQQ260824C00740000,QQQ,2026-08-24,call,740.0,0.0,0.0,0.03,574.0,0.015,0.01,1.0,,,,,,,2026-08-24,709.625,709.65,702.83,706.38,552704.0,706.932044
2026-08-24T20:35:06.234,2,0,QQQ260824C00741000,QQQ,2026-08-24,call,741.0,0.0,0.0,0.03,416.0,0.015,0.01,9.0,,,,,,,2026-08-24,709.625,709.65,702.83,706.38,552704.0,706.932044
2026-08-24T20:35:06.234,2,0,QQQ260824C00742000,QQQ,2026-08-24,call,742.0,0.0,0.0,0.01,577.0,0.005,0.01,1.0,,,,,,,2026-08-24,709.625,709.65,702.83,706.38,552704.0,706.932044
2026-08-24T20:35:06.234,2,0,QQQ260824C00743000,QQQ,2026-08-24,call,743.0,0.0,0.0,0.03,374.0,0.015,0.02,15.0,,,,,,,2026-08-24,709.625,709.65,702.83,706.38,552704.0,706.932044
2026-08-24T20:35:06.234,2,0,QQQ260824C00744000,QQQ,2026-08-24,call,744.0,0.0,0.0,0.03,463.0,0.015,0.01,1.0,,,,,,,2026-08-24,709.625,709.65,702.83,706.38,552704.0,706.932044
2026-08-24T20:35:06.234,2,0,QQQ260824C00745000,QQQ,2026-08-24,call,745.0,0.0,0.0,0.01,397.0,0.005,0.01,1.0,,,,,,,2026-08-24,709.625,709.65,702.83,706.38,552704.0,706.932044
2026-08-24T20:35:06.234,2,0,QQQ260824C00746000,QQQ,2026-08-24,call,746.0,0.0,0.0,0.03,478.0,0.015,0.01,1.0,,,,,,,2026-08-24,709.625,709.65,702.83,706.38,552704.0,706.932044
2026-08-24T20:35:06.234,2,0,QQQ260824C00747000,QQQ,2026-08-24,call,747.0,0.0,0.0,0.03,211.0,0.015,0.01,1.0,,,,,,,2026-08-24,709.625,709.65,702.83,706.38,552704.0,706.932044
2026-08-24T20:35:06.234,2,0,QQQ260824C00748000,QQQ,2026-08-24,call,748.0,0.0,0.0,0.03,187.0,0.015,0.01,10.0,,,,,,,2026-08-24,709.625,709.65,702.83,706.38,552704.0,706.932044
2026-08-24T20:35:06.234,2,0,QQQ260824C00749000,QQQ,2026-08-24,call,749.0,0.0,0.0,0.03,429.0,0.015,0.01,1.0,,,,,,,2026-08-24,709.625,709.65,702.83,706.38,552704.0,706.932044
2026-08-24T20:35:06.234,2,0,QQQ260824C00750000,QQQ,2026-08-24,call,750.0,0.0,0.0,0.03,347.0,0.015,0.01,1.0,,,,,,,2026-08-24,709.625,709.65,702.83,706.38,552704.0,706.932044
2026-08-24T20:35:06.234,2,0,QQQ260824C00751000,QQQ,2026-08-24,call,751.0,0.0,0.0,0.03,241.0,0.015,0.01,1.0,,,,,,,2026-08-24,709.625,709.65,702.83,706.38,552704.0,706.932044
2026-08-24T20:35:06.234,2,0,QQQ260824C00752000,QQQ,2026-08-24,call,752.0,0.0,0.0,0.01,527.0,0.005,0.01,5.0,,,,,,,2026-08-24,709.625,709.65,702.83,706.38,552704.0,706.932044
2026-08-24T20:35:06.234,2,0,QQQ260824C00753000,QQQ,2026-08-24,call,753.0,0.0,0.0,0.03,245.0,0.015,0.01,1.0,,,,,,,2026-08-24,709.625,709.65,702.83,706.38,552704.0,706.932044
2026-08-24T20:35:06.234,2,0,QQQ260824C00754000,QQQ,2026-08-24,call,754.0,0.0,0.0,0.01,249.0,0.005,0.02,1.0,,,,,,,2026-08-24,709.625,709.65,702.83,706.38,552704.0,706.932044
2026-08-24T20:35:06.234,2,0,QQQ260824C00755000,QQQ,2026-08-24,call,755.0,0.0,0.0,0.03,245.0,0.015,0.01,1.0,,,,,,,2026-08-24,709.625,709.65,702.83,706.38,552704.0,706.932044
2026-08-24T20:35:06.234,2,0,QQQ260824C00756000,QQQ,2026-08-24,call,756.0,0.0,0.0,0.01,473.0,0.005,0.01,8.0,,,,,,,2026-08-24,709.625,709.65,702.83,706.38,552704.0,706.932044
2026-08-24T20:35:06.234,2,0,QQQ260824C00757000,QQQ,2026-08-24,call,757.0,0.0,0.0,0.01,503.0,0.005,0.04,1.0,,,,,,,2026-08-24,709.625,709.65,702.83,706.38,552704.0,706.932044
2026-08-24T20:35:06.234,2,0,QQQ260824C00758000,QQQ,2026-08-24,call,758.0,0.0,0.0,0.01,486.0,0.005,0.01,2.0,,,,,,,2026-08-24,709.625,709.65,702.83,706.38,552704.0,706.932044
2026-08-24T20:35:06.234,2,0,QQQ260824C00759000,QQQ,2026-08-24,call,759.0,0.0,0.0,0.03,148.0,0.015,0.02,1.0,,,,,,,2026-08-24,709.625,709.65,702.83,706.38,552704.0,706.932044
2026-08-24T20:35:06.234,2,0,QQQ260824C00760000,QQQ,2026-08-24,call,760.0,0.0,0.0,0.03,423.0,0.015,0.01,1.0,,,,,,,2026-08-24,709.625,709.65,702.83,706.38,552704.0,706.932044
2026-08-24T20:35:06.234,2,0,QQQ260824C00765000,QQQ,2026-08-24,call,765.0,0.0,0.0,0.03,353.0,0.015,0.03,1.0,,,,,,,2026-08-24,709.625,709.65,702.83,706.38,552704.0,706.932044
2026-08-24T20:35:06.234,2,0,QQQ260824C00770000,QQQ,2026-08-24,call,770.0,0.0,0.0,0.01,384.0,0.005,0.01,1.0,,,,,,,2026-08-24,709.625,709.65,702.83,706.38,552704.0,706.932044
2026-08-24T20:35:06.234,2,0,QQQ260824C00775000,QQQ,2026-08-24,call,775.0,0.0,0.0,0.01,178.0,0.005,0.01,1.0,,,,,,,2026-08-24,709.625,709.65,702.83,706.38,552704.0,706.932044
2026-08-24T20:35:06.234,2,0,QQQ260824C00780000,QQQ,2026-08-24,call,780.0,0.0,0.0,0.01,121.0,0.005,0.01,1.0,,,,,,,2026-08-24,709.625,709.65,702.83,706.38,552704.0,706.932044
2026-08-24T20:35:06.234,2,0,QQQ260824C00785000,QQQ,2026-08-24,call,785.0,0.0,0.0,0.01,148.0,0.005,0.04,1.0,,,,,,,2026-08-24,709.625,709.65,702.83,706.38,552704.0,706.932044
2026-08-24T20:35:06.234,2,0,QQQ260824C00790000,QQQ,2026-08-24,call,790.0,0.0,0.0,0.01,200.0,0.005,0.07,1.0,,,,,,,2026-08-24,709.625,709.65,702.83,706.38,552704.0,706.932044
2026-08-24T20:35:06.234,2,0,QQQ260824C00795000,QQQ,2026-08-24,call,795.0,0.0,0.0,0.03,169.0,0.015,0.01,1.0,,,,,,,2026-08-24,709.625,709.65,702.83,706.38,552704.0,706.932044
2026-08-24T20:35:06.234,2,0,QQQ260824C00800000,QQQ,2026-08-24,call,800.0,0.0,0.0,0.03,148.0,0.015,0.01,5.0,,,,,,,2026-08-24,709.625,709.65,702.83,706.38,552704.0,706.932044
2026-08-24T20:35:06.234,2,0,QQQ260824C00805000,QQQ,2026-08-24,call,805.0,0.0,0.0,0.01,148.0,0.005,,,,,,,,,2026-08-24,709.625,709.65,702.83,706.38,552704.0,706.932044
2026-08-24T20:35:06.234,2,0,QQQ260824C00810000,QQQ,2026-08-24,call,810.0,0.0,0.0,0.01,314.0,0.005,0.01,2.0,,,,,,,2026-08-24,709.625,709.65,702.83,706.38,552704.0,706.932044
2026-08-24T20:35:06.234,2,0,QQQ260824C00815000,QQQ,2026-08-24,call,815.0,0.0,0.0,0.03,148.0,0.015,0.01,2.0,,,,,,,2026-08-24,709.625,709.65,702.83,706.38,552704.0,706.932044
2026-08-24T20:35:06.234,2,0,QQQ260824C00820000,QQQ,2026-08-24,call,820.0,0.0,0.0,0.01,148.0,0.005,,,,,,,,,2026-08-24,709.625,709.65,702.83,706.38,552704.0,706.932044
2026-08-24T20:35:06.234,2,0,QQQ260824C00825000,QQQ,2026-08-24,call,825.0,0.0,0.0,0.01,331.0,0.005,0.02,2.0,,,,,,,2026-08-24,709.625,709.65,702.83,706.38,552704.0,706.932044
2026-08-24T20:35:06.234,2,0,QQQ260824C00830000,QQQ,2026-08-24,call,830.0,0.0,0.0,0.03,148.0,0.015,,,,,,,,,2026-08-24,709.625,709.65,702.83,706.38,552704.0,706.932044
2026-08-24T20:35:06.234,2,0,QQQ260824C00835000,QQQ,2026-08-24,call,835.0,0.0,0.0,0.03,181.0,0.015,0.02,1.0,,,,,,,2026-08-24,709.625,709.65,702.83,706.38,552704.0,706.932044
2026-08-24T20:35:06.234,2,0,QQQ260824C00840000,QQQ,2026-08-24,call,840.0,0.0,0.0,0.03,291.0,0.015,,,,,,,,,2026-08-24,709.625,709.65,702.83,706.38,552704.0,706.932044
2026-08-24T20:35:06.234,2,0,QQQ260824C00845000,QQQ,2026-08-24,call,845.0,0.0,0.0,0.03,148.0,0.015,,,,,,,,,2026-08-24,709.625,709.65,702.83,706.38,552704.0,706.932044
2026-08-24T20:35:06.234,2,0,QQQ260824C00850000,QQQ,2026-08-24,call,850.0,0.0,0.0,0.03,124.0,0.015,,,,,,,,,2026-08-24,709.625,709.65,702.83,706.38,552704.0,706.932044
2026-08-24T20:35:06.234,2,0,QQQ260824C00855000,QQQ,2026-08-24,call,855.0,0.0,0.0,0.03,124.0,0.015,,,,,,,,,2026-08-24,709.625,709.65,702.83,706.38,552704.0,706.932044
2026-08-24T20:35:06.234,2,0,QQQ260824C00860000,QQQ,2026-08-24,call,860.0,0.0,0.0,0.03,134.0,0.015,,,,,,,,,2026-08-24,709.625,709.65,702.83,706.38,552704.0,706.932044
2026-08-24T20:35:06.234,2,0,QQQ260824C00865000,QQQ,2026-08-24,call,865.0,0.0,0.0,0.01,148.0,0.005,,,,,,,,,2026-08-24,709.625,709.65,702.83,706.38,552704.0,706.932044
2026-08-24T20:35:06.234,2,0,QQQ260824C00870000,QQQ,2026-08-24,call,870.0,0.0,0.0,0.03,148.0,0.015,,,,,,,,,2026-08-24,709.625,709.65,702.83,706.38,552704.0,706.932044
2026-08-24T20:35:06.234,2,0,QQQ260824C00875000,QQQ,2026-08-24,call,875.0,0.0,0.0,0.03,148.0,0.015,,,,,,,,,2026-08-24,709.625,709.65,702.83,706.38,552704.0,706.932044
2026-08-24T20:35:06.234,2,0,QQQ260824C00880000,QQQ,2026-08-24,call,880.0,0.0,0.0,0.03,215.0,0.015,0.01,2.0,,,,,,,2026-08-24,709.625,709.65,702.83,706.38,552704.0,706.932044
2026-08-24T20:35:06.234,2,0,QQQ260824C00885000,QQQ,2026-08-24,call,885.0,0.0,0.0,0.01,148.0,0.005,,,,,,,,,2026-08-24,709.625,709.65,702.83,706.38,552704.0,706.932044
2026-08-24T20:35:06.234,2,0,QQQ260824C00890000,QQQ,2026-08-24,call,890.0,0.0,0.0,0.03,148.0,0.015,,,,,,,,,2026-08-24,709.625,709.65,702.83,706.38,552704.0,706.932044
2026-08-24T20:35:06.234,2,0,QQQ260824C00895000,QQQ,2026-08-24,call,895.0,0.0,0.0,0.03,148.0,0.015,,,,,,,,,2026-08-24,709.625,709.65,702.83,706.38,552704.0,706.932044
2026-08-24T20:35:06.234,2,0,QQQ260824C00900000,QQQ,2026-08-24,call,900.0,0.0,0.0,0.01,124.0,0.005,,,,,,,,,2026-08-24,709.625,709.65,702.83,706.38,552704.0,706.932044
2026-08-24T20:35:06.234,2,0,QQQ260824C00905000,QQQ,2026-08-24,call,905.0,0.0,0.0,0.03,124.0,0.015,,,,,,,,,2026-08-24,709.625,709.65,702.83,706.38,552704.0,706.932044
2026-08-24T20:35:06.234,2,0,QQQ260824C00910000,QQQ,2026-08-24,call,910.0,0.0,0.0,0.01,124.0,0.005,,,,,,,,,2026-08-24,709.625,709.65,702.83,706.38,552704.0,706.932044
2026-08-24T20:35:06.234,2,0,QQQ260824C00915000,QQQ,2026-08-24,call,915.0,0.0,0.0,0.01,148.0,0.005,,,,,,,,,2026-08-24,709.625,709.65,702.83,706.38,552704.0,706.932044
2026-08-24T20:35:06.234,2,0,QQQ260824C00920000,QQQ,2026-08-24,call,920.0,0.0,0.0,0.03,148.0,0.015,,,,,,,,,2026-08-24,709.625,709.65,702.83,706.38,552704.0,706.932044
2026-08-24T20:35:06.234,2,0,QQQ260824C00925000,QQQ,2026-08-24,call,925.0,0.0,0.0,0.01,141.0,0.005,,,,,,,,,2026-08-24,709.625,709.65,702.83,706.38,552704.0,706.932044
2026-08-24T20:35:06.234,2,0,QQQ260824C00930000,QQQ,2026-08-24,call,930.0,0.0,0.0,0.01,124.0,0.005,,,,,,,,,2026-08-24,709.625,709.65,702.83,706.38,552704.0,706.932044
2026-08-24T20:35:06.234,2,0,QQQ260824C00935000,QQQ,2026-08-24,call,935.0,0.0,0.0,0.03,140.0,0.015,,,,,,,,,2026-08-24,709.625,709.65,702.83,706.38,552704.0,706.932044
2026-08-24T20:35:06.234,2,0,QQQ260824C00940000,QQQ,2026-08-24,call,940.0,0.0,0.0,0.03,76.0,0.015,,,,,,,,,2026-08-24,709.625,709.65,702.83,706.38,552704.0,706.932044
2026-08-24T20:35:06.234,2,0,QQQ260824C00945000,QQQ,2026-08-24,call,945.0,0.0,0.0,0.01,88.0,0.005,,,,,,,,,2026-08-24,709.625,709.65,702.83,706.38,552704.0,706.932044
2026-08-24T20:35:06.234,2,0,QQQ260824C00950000,QQQ,2026-08-24,call,950.0,0.0,0.0,0.03,140.0,0.015,,,,,,,,,2026-08-24,709.625,709.65,702.83,706.38,552704.0,706.932044
2026-08-24T20:35:06.234,2,0,QQQ260824P00495000,QQQ,2026-08-24,put,495.0,0.0,0.0,0.03,4350.0,0.015,0.01,3.0,,,,,,,2026-08-24,709.625,709.65,702.83,706.38,552704.0,706.932044
2026-08-24T20:35:06.234,2,0,QQQ260824P00500000,QQQ,2026-08-24,put,500.0,0.0,0.0,0.01,4350.0,0.005,0.01,1.0,,,,,,,2026-08-24,709.625,709.65,702.83,706.38,552704.0,706.932044
2026-08-24T20:35:06.234,2,0,QQQ260824P00505000,QQQ,2026-08-24,put,505.0,0.0,0.0,0.01,702.0,0.005,0.01,21.0,,,,,,,2026-08-24,709.625,709.65,702.83,706.38,552704.0,706.932044
2026-08-24T20:35:06.234,2,0,QQQ260824P00510000,QQQ,2026-08-24,put,510.0,0.0,0.0,0.03,702.0,0.015,0.01,1.0,,,,,,,2026-08-24,709.625,709.65,702.83,706.38,552704.0,706.932044
2026-08-24T20:35:06.234,2,0,QQQ260824P00515000,QQQ,2026-08-24,put,515.0,0.0,0.0,0.03,702.0,0.015,0.01,21.0,,,,,,,2026-08-24,709.625,709.65,702.83,706.38,552704.0,706.932044
2026-08-24T20:35:06.234,2,0,QQQ260824P00520000,QQQ,2026-08-24,put,520.0,0.0,0.0,0.01,750.0,0.005,0.01,5.0,,,,,,,2026-08-24,709.625,709.65,702.83,706.38,552704.0,706.932044
2026-08-24T20:35:06.234,2,0,QQQ260824P00525000,QQQ,2026-08-24,put,525.0,0.0,0.0,0.03,702.0,0.015,0.01,10.0,,,,,,,2026-08-24,709.625,709.65,702.83,706.38,552704.0,706.932044
2026-08-24T20:35:06.234,2,0,QQQ260824P00530000,QQQ,2026-08-24,put,530.0,0.0,0.0,0.03,2900.0,0.015,0.01,10.0,,,,,,,2026-08-24,709.625,709.65,702.83,706.38,552704.0,706.932044
2026-08-24T20:35:06.234,2,0,QQQ260824P00535000,QQQ,2026-08-24,put,535.0,0.0,0.0,0.01,2900.0,0.005,0.01,2.0,,,,,,,2026-08-24,709.625,709.65,702.83,706.38,552704.0,706.932044
2026-08-24T20:35:06.234,2,0,QQQ260824P00540000,QQQ,2026-08-24,put,540.0,0.0,0.0,0.01,2900.0,0.005,0.01,2.0,,,,,,,2026-08-24,709.625,709.65,702.83,706.38,552704.0,706.932044
2026-08-24T20:35:06.234,2,0,QQQ260824P00545000,QQQ,2026-08-24,put,545.0,0.0,0.0,0.03,702.0,0.015,0.01,1.0,,,,,,,2026-08-24,709.625,709.65,702.83,706.38,552704.0,706.932044
2026-08-24T20:35:06.234,2,0,QQQ260824P00550000,QQQ,2026-08-24,put,550.0,0.0,0.0,0.01,702.0,0.005,0.01,1.0,,,,,,,2026-08-24,709.625,709.65,702.83,706.38,552704.0,706.932044
2026-08-24T20:35:06.234,2,0,QQQ260824P00555000,QQQ,2026-08-24,put,555.0,0.0,0.0,0.03,702.0,0.015,0.01,1.0,,,,,,,2026-08-24,709.625,709.65,702.83,706.38,552704.0,706.932044
2026-08-24T20:35:06.234,2,0,QQQ260824P00560000,QQQ,2026-08-24,put,560.0,0.0,0.0,0.01,702.0,0.005,0.03,1.0,,,,,,,2026-08-24,709.625,709.65,702.83,706.38,552704.0,706.932044
2026-08-24T20:35:06.234,2,0,QQQ260824P00565000,QQQ,2026-08-24,put,565.0,0.0,0.0,0.01,702.0,0.005,,,,,,,,,2026-08-24,709.625,709.65,702.83,706.38,552704.0,706.932044
2026-08-24T20:35:06.234,2,0,QQQ260824P00570000,QQQ,2026-08-24,put,570.0,0.0,0.0,0.01,702.0,0.005,0.01,1.0,,,,,,,2026-08-24,709.625,709.65,702.83,706.38,552704.0,706.932044
2026-08-24T20:35:06.234,2,0,QQQ260824P00575000,QQQ,2026-08-24,put,575.0,0.0,0.0,0.01,702.0,0.005,0.02,1.0,,,,,,,2026-08-24,709.625,709.65,702.83,706.38,552704.0,706.932044
2026-08-24T20:35:06.234,2,0,QQQ260824P00580000,QQQ,2026-08-24,put,580.0,0.0,0.0,0.03,186.0,0.015,0.02,1.0,,,,,,,2026-08-24,709.625,709.65,702.83,706.38,552704.0,706.932044
2026-08-24T20:35:06.234,2,0,QQQ260824P00585000,QQQ,2026-08-24,put,585.0,0.0,0.0,0.03,276.0,0.015,0.03,4.0,,,,,,,2026-08-24,709.625,709.65,702.83,706.38,552704.0,706.932044
2026-08-24T20:35:06.234,2,0,QQQ260824P00590000,QQQ,2026-08-24,put,590.0,0.0,0.0,0.01,130.0,0.005,0.03,1.0,,,,,,,2026-08-24,709.625,709.65,702.83,706.38,552704.0,706.932044
2026-08-24T20:35:06.234,2,0,QQQ260824P00595000,QQQ,2026-08-24,put,595.0,0.0,0.0,0.03,122.0,0.015,0.03,1.0,,,,,,,2026-08-24,709.625,709.65,702.83,706.38,552704.0,706.932044
2026-08-24T20:35:06.234,2,0,QQQ260824P00600000,QQQ,2026-08-24,put,600.0,0.0,0.0,0.03,1450.0,0.015,0.01,10.0,,,,,,,2026-08-24,709.625,709.65,702.83,706.38,552704.0,706.932044
2026-08-24T20:35:06.234,2,0,QQQ260824P00605000,QQQ,2026-08-24,put,605.0,0.0,0.0,0.01,386.0,0.005,0.04,1.0,,,,,,,2026-08-24,709.625,709.65,702.83,706.38,552704.0,706.932044
2026-08-24T20:35:06.234,2,0,QQQ260824P00610000,QQQ,2026-08-24,put,610.0,0.0,0.0,0.01,208.0,0.005,0.01,4.0,,,,,,,2026-08-24,709.625,709.65,702.83,706.38,552704.0,706.932044
2026-08-24T20:35:06.234,2,0,QQQ260824P00615000,QQQ,2026-08-24,put,615.0,0.0,0.0,0.03,343.0,0.015,0.04,1.0,,,,,,,2026-08-24,709.625,709.65,702.83,706.38,552704.0,706.932044
2026-08-24T20:35:06.234,2,0,QQQ260824P00620000,QQQ,2026-08-24,put,620.0,0.0,0.0,0.01,870.0,0.005,0.01,20.0,,,,,,,2026-08-24,709.625,709.65,702.83,706.38,552704.0,706.932044
2026-08-24T20:35:06.234,2,0,QQQ260824P00625000,QQQ,2026-08-24,put,625.0,0.0,0.0,0.01,433.0,0.005,0.01,1.0,,,,,,,2026-08-24,709.625,709.65,702.83,706.38,552704.0,706.932044
2026-08-24T20:35:06.234,2,0,QQQ260824P00630000,QQQ,2026-08-24,put,630.0,0.0,0.0,0.03,180.0,0.015,0.01,20.0,,,,,,,2026-08-24,709.625,709.65,702.83,706.38,552704.0,706.932044
2026-08-24T20:35:06.234,2,0,QQQ260824P00635000,QQQ,2026-08-24,put,635.0,0.0,0.0,0.03,145.0,0.015,0.03,48.0,,,,,,,2026-08-24,709.625,709.65,702.83,706.38,552704.0,706.932044
2026-08-24T20:35:06.234,2,0,QQQ260824P00640000,QQQ,2026-08-24,put,640.0,0.0,0.0,0.01,171.0,0.005,0.01,2.0,,,,,,,2026-08-24,709.625,709.65,702.83,706.38,552704.0,706.932044
2026-08-24T20:35:06.234,2,0,QQQ260824P00645000,QQQ,2026-08-24,put,645.0,0.0,0.0,0.03,301.0,0.015,0.01,2.0,,,,,,,2026-08-24,709.625,709.65,702.83,706.38,552704.0,706.932044
2026-08-24T20:35:06.234,2,0,QQQ260824P00650000,QQQ,2026-08-24,put,650.0,0.0,0.0,0.03,209.0,0.015,0.01,1.0,,,,,,,2026-08-24,709.625,709.65,702.83,706.38,552704.0,706.932044
2026-08-24T20:35:06.234,2,0,QQQ260824P00655000,QQQ,2026-08-24,put,655.0,0.0,0.0,0.03,562.0,0.015,0.01,2.0,,,,,,,2026-08-24,709.625,709.65,702.83,706.38,552704.0,706.932044
2026-08-24T20:35:06.234,2,0,QQQ260824P00660000,QQQ,2026-08-24,put,660.0,0.0,0.0,0.03,426.0,0.015,0.01,1.0,,,,,,,2026-08-24,709.625,709.65,702.83,706.38,552704.0,706.932044
2026-08-24T20:35:06.234,2,0,QQQ260824P00665000,QQQ,2026-08-24,put,665.0,0.0,0.0,0.01,538.0,0.005,0.01,1.0,,,,,,,2026-08-24,709.625,709.65,702.83,706.38,552704.0,706.932044
2026-08-24T20:35:06.234,2,0,QQQ260824P00670000,QQQ,2026-08-24,put,670.0,0.0,0.0,0.03,367.0,0.015,0.01,4.0,,,,,,,2026-08-24,709.625,709.65,702.83,706.38,552704.0,706.932044
2026-08-24T20:35:06.234,2,0,QQQ260824P00671000,QQQ,2026-08-24,put,671.0,0.0,0.0,0.01,421.0,0.005,0.01,3.0,,,,,,,2026-08-24,709.625,709.65,702.83,706.38,552704.0,706.932044
2026-08-24T20:35:06.234,2,0,QQQ260824P00672000,QQQ,2026-08-24,put,672.0,0.0,0.0,0.03,433.0,0.015,0.01,2.0,,,,,,,2026-08-24,709.625,709.65,702.83,706.38,552704.0,706.932044
2026-08-24T20:35:06.234,2,0,QQQ260824P00673000,QQQ,2026-08-24,put,673.0,0.0,0.0,0.01,524.0,0.005,0.01,2.0,,,,,,,2026-08-24,709.625,709.65,702.83,706.38,552704.0,706.932044
2026-08-24T20:35:06.234,2,0,QQQ260824P00674000,QQQ,2026-08-24,put,674.0,0.0,0.0,0.01,430.0,0.005,0.01,1.0,,,,,,,2026-08-24,709.625,709.65,702.83,706.38,552704.0,706.932044
2026-08-24T20:35:06.234,2,0,QQQ260824P00675000,QQQ,2026-08-24,put,675.0,0.0,0.0,0.01,877.0,0.005,0.01,50.0,,,,,,,2026-08-24,709.625,709.65,702.83,706.38,552704.0,706.932044
2026-08-24T20:35:06.234,2,0,QQQ260824P00676000,QQQ,2026-08-24,put,676.0,0.0,0.0,0.03,421.0,0.015,0.01,3.0,,,,,,,2026-08-24,709.625,709.65,702.83,706.38,552704.0,706.932044
2026-08-24T20:35:06.234,2,0,QQQ260824P00677000,QQQ,2026-08-24,put,677.0,0.0,0.0,0.03,433.0,0.015,0.01,10.0,,,,,,,2026-08-24,709.625,709.65,702.83,706.38,552704.0,706.932044
2026-08-24T20:35:06.234,2,0,QQQ260824P00678000,QQQ,2026-08-24,put,678.0,0.0,0.0,0.03,429.0,0.015,0.01,9.0,,,,,,,2026-08-24,709.625,709.65,702.83,706.38,552704.0,706.932044
2026-08-24T20:35:06.234,2,0,QQQ260824P00679000,QQQ,2026-08-24,put,679.0,0.0,0.0,0.01,392.0,0.005,0.01,100.0,,,,,,,2026-08-24,709.625,709.65,702.83,706.38,552704.0,706.932044
2026-08-24T20:35:06.234,2,0,QQQ260824P00680000,QQQ,2026-08-24,put,680.0,0.0,0.0,0.01,330.0,0.005,0.01,10.0,,,,,,,2026-08-24,709.625,709.65,702.83,706.38,552704.0,706.932044
2026-08-24T20:35:06.234,2,0,QQQ260824P00681000,QQQ,2026-08-24,put,681.0,0.0,0.0,0.01,985.0,0.005,0.01,6.0,,,,,,,2026-08-24,709.625,709.65,702.83,706.38,552704.0,706.932044
2026-08-24T20:35:06.234,2,0,QQQ260824P00682000,QQQ,2026-08-24,put,682.0,0.0,0.0,0.03,200.0,0.015,0.01,40.0,,,,,,,2026-08-24,709.625,709.65,702.83,706.38,552704.0,706.932044
2026-08-24T20:35:06.234,2,0,QQQ260824P00683000,QQQ,2026-08-24,put,683.0,0.0,0.0,0.01,259.0,0.005,0.01,1.0,,,,,,,2026-08-24,709.625,709.65,702.83,706.38,552704.0,706.932044
2026-08-24T20:35:06.234,2,0,QQQ260824P00684000,QQQ,2026-08-24,put,684.0,0.0,0.0,0.03,202.0,0.015,0.01,40.0,,,,,,,2026-08-24,709.625,709.65,702.83,706.38,552704.0,706.932044
2026-08-24T20:35:06.234,2,0,QQQ260824P00685000,QQQ,2026-08-24,put,685.0,0.0,0.0,0.01,465.0,0.005,0.01,1.0,,,,,,,2026-08-24,709.625,709.65,702.83,706.38,552704.0,706.932044
2026-08-24T20:35:06.234,2,0,QQQ260824P00686000,QQQ,2026-08-24,put,686.0,0.0,0.0,0.03,460.0,0.015,0.01,1.0,,,,,,,2026-08-24,709.625,709.65,702.83,706.38,552704.0,706.932044
2026-08-24T20:35:06.234,2,0,QQQ260824P00687000,QQQ,2026-08-24,put,687.0,0.0,0.0,0.03,214.0,0.015,0.01,1.0,,,,,,,2026-08-24,709.625,709.65,702.83,706.38,552704.0,706.932044
2026-08-24T20:35:06.234,2,0,QQQ260824P00688000,QQQ,2026-08-24,put,688.0,0.0,0.0,0.01,409.0,0.005,0.01,9.0,,,,,,,2026-08-24,709.625,709.65,702.83,706.38,552704.0,706.932044
2026-08-24T20:35:06.234,2,0,QQQ260824P00689000,QQQ,2026-08-24,put,689.0,0.0,0.0,0.01,261.0,0.005,0.01,1.0,,,,,,,2026-08-24,709.625,709.65,702.83,706.38,552704.0,706.932044
2026-08-24T20:35:06.234,2,0,QQQ260824P00690000,QQQ,2026-08-24,put,690.0,0.0,0.0,0.03,285.0,0.015,0.01,4.0,,,,,,,2026-08-24,709.625,709.65,702.83,706.38,552704.0,706.932044
2026-08-24T20:35:06.234,2,0,QQQ260824P00691000,QQQ,2026-08-24,put,691.0,0.0,0.0,0.01,469.0,0.005,0.01,1.0,,,,,,,2026-08-24,709.625,709.65,702.83,706.38,552704.0,706.932044
2026-08-24T20:35:06.234,2,0,QQQ260824P00692000,QQQ,2026-08-24,put,692.0,0.0,0.0,0.01,200.0,0.005,0.01,35.0,,,,,,,2026-08-24,709.625,709.65,702.83,706.38,552704.0,706.932044
2026-08-24T20:35:06.234,2,0,QQQ260824P00693000,QQQ,2026-08-24,put,693.0,0.0,0.0,0.01,201.0,0.005,0.01,6.0,,,,,,,2026-08-24,709.625,709.65,702.83,706.38,552704.0,706.932044
2026-08-24T20:35:06.234,2,0,QQQ260824P00694000,QQQ,2026-08-24,put,694.0,0.0,0.0,0.03,160.0,0.015,0.01,8.0,,,,,,,2026-08-24,709.625,709.65,702.83,706.38,552704.0,706.932044
2026-08-24T20:35:06.234,2,0,QQQ260824P00695000,QQQ,2026-08-24,put,695.0,0.0,0.0,0.03,190.0,0.015,0.01,2.0,,,,,,,2026-08-24,709.625,709.65,702.83,706.38,552704.0,706.932044
2026-08-24T20:35:06.234,2,0,QQQ260824P00696000,QQQ,2026-08-24,put,696.0,0.0,0.0,0.03,372.0,0.015,0.01,3.0,,,,,,,2026-08-24,709.625,709.65,702.83,706.38,552704.0,706.932044
2026-08-24T20:35:06.234,2,0,QQQ260824P00697000,QQQ,2026-08-24,put,697.0,0.0,0.0,0.03,466.0,0.015,0.01,1.0,,,,,,,2026-08-24,709.625,709.65,702.83,706.38,552704.0,706.932044
2026-08-24T20:35:06.234,2,0,QQQ260824P00698000,QQQ,2026-08-24,put,698.0,0.0,0.0,0.03,871.0,0.015,0.01,8.0,,,,,,,2026-08-24,709.625,709.65,702.83,706.38,552704.0,706.932044
2026-08-24T20:35:06.234,2,0,QQQ260824P00699000,QQQ,2026-08-24,put,699.0,0.0,0.0,0.03,524.0,0.015,0.01,4.0,,,,,,,2026-08-24,709.625,709.65,702.83,706.38,552704.0,706.932044
2026-08-24T20:35:06.234,2,0,QQQ260824P00700000,QQQ,2026-08-24,put,700.0,0.0,0.0,0.03,771.0,0.015,0.01,2.0,,,,,,,2026-08-24,709.625,709.65,702.83,706.38,552704.0,706.932044
2026-08-24T20:35:06.234,2,0,QQQ260824P00701000,QQQ,2026-08-24,put,701.0,0.0,0.0,0.01,575.0,0.005,0.01,1.0,,,,,,,2026-08-24,709.625,709.65,702.83,706.38,552704.0,706.932044
2026-08-24T20:35:06.234,2,0,QQQ260824P00702000,QQQ,2026-08-24,put,702.0,0.0,0.0,0.03,532.0,0.015,0.01,3.0,,,,,,,2026-08-24,709.625,709.65,702.83,706.38,552704.0,706.932044
2026-08-24T20:35:06.234,2,0,QQQ260824P00703000,QQQ,2026-08-24,put,703.0,0.0,0.0,0.01,165.0,0.005,0.01,1.0,,,,,,,2026-08-24,709.625,709.65,702.83,706.38,552704.0,706.932044
2026-08-24T20:35:06.234,2,0,QQQ260824P00704000,QQQ,2026-08-24,put,704.0,0.01,400.0,0.02,762.0,0.015,0.01,5.0,,,,,,,2026-08-24,709.625,709.65,702.83,706.38,552704.0,706.932044
2026-08-24T20:35:06.234,2,0,QQQ260824P00705000,QQQ,2026-08-24,put,705.0,0.01,195.0,0.06,370.0,0.034999999999999996,0.03,50.0,,,,,,,2026-08-24,709.625,709.65,702.83,706.38,552704.0,706.932044
2026-08-24T20:35:06.234,2,0,QQQ260824P00706000,QQQ,2026-08-24,put,706.0,0.17,38.0,0.22,11.0,0.195,0.08,5.0,,,,,,,2026-08-24,709.625,709.65,702.83,706.38,552704.0,706.932044
2026-08-24T20:35:06.234,2,0,QQQ260824P00707000,QQQ,2026-08-24,put,707.0,0.78,74.0,0.81,11.0,0.795,0.51,1.0,,,,,,,2026-08-24,709.625,709.65,702.83,706.38,552704.0,706.932044
2026-08-24T20:35:06.234,2,0,QQQ260824P00708000,QQQ,2026-08-24,put,708.0,1.53,130.0,1.78,150.0,1.655,1.45,1.0,,,,,,,2026-08-24,709.625,709.65,702.83,706.38,552704.0,706.932044
2026-08-24T20:35:06.234,2,0,QQQ260824P00709000,QQQ,2026-08-24,put,709.0,2.6,29.0,2.97,26.0,2.785,2.45,1.0,,,,,,,2026-08-24,709.625,709.65,702.83,706.38,552704.0,706.932044
2026-08-24T20:35:06.234,2,0,QQQ260824P00710000,QQQ,2026-08-24,put,710.0,3.53,7.0,3.86,16.0,3.695,3.62,1.0,,,,,,,2026-08-24,709.625,709.65,702.83,706.38,552704.0,706.932044
2026-08-24T20:35:06.234,2,0,QQQ260824P00711000,QQQ,2026-08-24,put,711.0,4.37,5.0,5.02,78.0,4.695,4.58,1.0,,,,,,,2026-08-24,709.625,709.65,702.83,706.38,552704.0,706.932044
2026-08-24T20:35:06.234,2,0,QQQ260824P00712000,QQQ,2026-08-24,put,712.0,5.45,30.0,6.03,88.0,5.74,5.42,1.0,,,,,,,2026-08-24,709.625,709.65,702.83,706.38,552704.0,706.932044
2026-08-24T20:35:06.234,2,0,QQQ260824P00713000,QQQ,2026-08-24,put,713.0,6.34,10.0,8.039,60.0,7.1895,6.48,1.0,,,,,,,2026-08-24,709.625,709.65,702.83,706.38,552704.0,706.932044
2026-08-24T20:35:06.234,2,0,QQQ260824P00714000,QQQ,2026-08-24,put,714.0,6.36,16.0,7.86,4.0,7.11,7.37,3.0,,,,,,,2026-08-24,709.625,709.65,702.83,706.38,552704.0,706.932044
2026-08-24T20:35:06.234,2,0,QQQ260824P00715000,QQQ,2026-08-24,put,715.0,8.13,9.0,9.05,10.0,8.59,8.35,1.0,,,,,,,2026-08-24,709.625,709.65,702.83,706.38,552704.0,706.932044
2026-08-24T20:35:06.234,2,0,QQQ260824P00716000,QQQ,2026-08-24,put,716.0,8.38,1.0,11.07,20.0,9.725000000000001,9.6,1.0,,,,,,,2026-08-24,709.625,709.65,702.83,706.38,552704.0,706.932044
2026-08-24T20:35:06.234,2,0,QQQ260824P00717000,QQQ,2026-08-24,put,717.0,8.63,2.0,11.22,11.0,9.925,10.42,3.0,,,,,,,2026-08-24,709.625,709.65,702.83,706.38,552704.0,706.932044
2026-08-24T20:35:06.234,2,0,QQQ260824P00718000,QQQ,2026-08-24,put,718.0,9.38,2.0,13.14,10.0,11.260000000000002,11.71,1.0,,,,,,,2026-08-24,709.625,709.65,702.83,706.38,552704.0,706.932044
2026-08-24T20:35:06.234,2,0,QQQ260824P00719000,QQQ,2026-08-24,put,719.0,10.79,10.0,14.23,10.0,12.51,12.5,1.0,,,,,,,2026-08-24,709.625,709.65,702.83,706.38,552704.0,706.932044
2026-08-24T20:35:06.234,2,0,QQQ260824P00720000,QQQ,2026-08-24,put,720.0,11.94,1.0,14.79,1.0,13.364999999999998,13.4,2.0,,,,,,,2026-08-24,709.625,709.65,702.83,706.38,552704.0,706.932044
2026-08-24T20:35:06.234,2,0,QQQ260824P00721000,QQQ,2026-08-24,put,721.0,12.53,1.0,16.14,10.0,14.335,14.48,1.0,,,,,,,2026-08-24,709.625,709.65,702.83,706.38,552704.0,706.932044
2026-08-24T20:35:06.234,2,0,QQQ260824P00722000,QQQ,2026-08-24,put,722.0,15.45,10.0,17.61,3.0,16.53,15.54,10.0,,,,,,,2026-08-24,709.625,709.65,702.83,706.38,552704.0,706.932044
2026-08-24T20:35:06.234,2,0,QQQ260824P00723000,QQQ,2026-08-24,put,723.0,14.72,5.0,18.19,1.0,16.455000000000002,16.55,12.0,,,,,,,2026-08-24,709.625,709.65,702.83,706.38,552704.0,706.932044
2026-08-24T20:35:06.234,2,0,QQQ260824P00724000,QQQ,2026-08-24,put,724.0,15.58,1.0,19.4,12.0,17.49,17.48,1.0,,,,,,,2026-08-24,709.625,709.65,702.83,706.38,552704.0,706.932044
2026-08-24T20:35:06.234,2,0,QQQ260824P00725000,QQQ,2026-08-24,put,725.0,16.89,1.0,20.03,11.0,18.46,18.71,1.0,,,,,,,2026-08-24,709.625,709.65,702.83,706.38,552704.0,706.932044
2026-08-24T20:35:06.234,2,0,QQQ260824P00726000,QQQ,2026-08-24,put,726.0,17.26,1.0,21.28,10.0,19.270000000000003,18.01,1.0,,,,,,,2026-08-24,709.625,709.65,702.83,706.38,552704.0,706.932044
2026-08-24T20:35:06.234,2,0,QQQ260824P00727000,QQQ,2026-08-24,put,727.0,18.24,3.0,22.22,10.0,20.229999999999997,19.26,3.0,,,,,,,2026-08-24,709.625,709.65,702.83,706.38,552704.0,706.932044
2026-08-24T20:35:06.234,2,0,QQQ260824P00728000,QQQ,2026-08-24,put,728.0,19.84,1.0,23.62,2.0,21.73,20.47,3.0,,,,,,,2026-08-24,709.625,709.65,702.83,706.38,552704.0,706.932044
2026-08-24T20:35:06.234,2,0,QQQ260824P00729000,QQQ,2026-08-24,put,729.0,20.88,1.0,24.31,2.0,22.595,22.2,1.0,,,,,,,2026-08-24,709.625,709.65,702.83,706.38,552704.0,706.932044
2026-08-24T20:35:06.234,2,0,QQQ260824P00730000,QQQ,2026-08-24,put,730.0,21.83,1.0,24.96,10.0,23.395,22.94,1.0,,,,,,,2026-08-24,709.625,709.65,702.83,706.38,552704.0,706.932044
2026-08-24T20:35:06.234,2,0,QQQ260824P00731000,QQQ,2026-08-24,put,731.0,22.44,1.0,25.85,11.0,24.145000000000003,17.54,1.0,,,,,,,2026-08-24,709.625,709.65,702.83,706.38,552704.0,706.932044
2026-08-24T20:35:06.234,2,0,QQQ260824P00732000,QQQ,2026-08-24,put,732.0,23.64,1.0,27.17,11.0,25.405,28.0,1.0,,,,,,,2026-08-24,709.625,709.65,702.83,706.38,552704.0,706.932044
2026-08-24T20:35:06.234,2,0,QQQ260824P00733000,QQQ,2026-08-24,put,733.0,24.57,1.0,27.75,11.0,26.16,21.79,1.0,,,,,,,2026-08-24,709.625,709.65,702.83,706.38,552704.0,706.932044
2026-08-24T20:35:06.234,2,0,QQQ260824P00734000,QQQ,2026-08-24,put,734.0,25.83,1.0,29.15,10.0,27.49,30.0,3.0,,,,,,,2026-08-24,709.625,709.65,702.83,706.38,552704.0,706.932044
2026-08-24T20:35:06.234,2,0,QQQ260824P00735000,QQQ,2026-08-24,put,735.0,26.07,10.0,29.73,11.0,27.9,25.16,2.0,,,,,,,2026-08-24,709.625,709.65,702.83,706.38,552704.0,706.932044
2026-08-24T20:35:06.234,2,0,QQQ260824P00736000,QQQ,2026-08-24,put,736.0,27.09,1.0,31.35,11.0,29.22,32.009,1.0,,,,,,,2026-08-24,709.625,709.65,702.83,706.38,552704.0,706.932044
2026-08-24T20:35:06.234,2,0,QQQ260824P00737000,QQQ,2026-08-24,put,737.0,29.02,1.0,32.03,11.0,30.525,31.42,1.0,,,,,,,2026-08-24,709.625,709.65,702.83,706.38,552704.0,706.932044
2026-08-24T20:35:06.234,2,0,QQQ260824P00738000,QQQ,2026-08-24,put,738.0,29.14,1.0,33.37,11.0,31.255,27.91,1.0,,,,,,,2026-08-24,709.625,709.65,702.83,706.38,552704.0,706.932044
2026-08-24T20:35:06.234,2,0,QQQ260824P00739000,QQQ,2026-08-24,put,739.0,30.02,1.0,34.07,11.0,32.045,8.039,2.0,,,,,,,2026-08-24,709.625,709.65,702.83,706.38,552704.0,706.932044
2026-08-24T20:35:06.234,2,0,QQQ260824P00740000,QQQ,2026-08-24,put,740.0,31.87,1.0,35.03,11.0,33.45,34.47,1.0,,,,,,,2026-08-24,709.625,709.65,702.83,706.38,552704.0,706.932044
2026-08-24T20:35:06.234,2,0,QQQ260824P00741000,QQQ,2026-08-24,put,741.0,33.15,1.0,35.78,10.0,34.465,34.14,1.0,,,,,,,2026-08-24,709.625,709.65,702.83,706.38,552704.0,706.932044
2026-08-24T20:35:06.234,2,0,QQQ260824P00742000,QQQ,2026-08-24,put,742.0,34.16,10.0,36.38,11.0,35.269999999999996,,,,,,,,,2026-08-24,709.625,709.65,702.83,706.38,552704.0,706.932044
2026-08-24T20:35:06.234,2,0,QQQ260824P00743000,QQQ,2026-08-24,put,743.0,34.63,10.0,37.9,11.0,36.265,24.45,5.0,,,,,,,2026-08-24,709.625,709.65,702.83,706.38,552704.0,706.932044
2026-08-24T20:35:06.234,2,0,QQQ260824P00744000,QQQ,2026-08-24,put,744.0,35.75,10.0,38.64,11.0,37.195,31.6,5.0,,,,,,,2026-08-24,709.625,709.65,702.83,706.38,552704.0,706.932044
2026-08-24T20:35:06.234,2,0,QQQ260824P00745000,QQQ,2026-08-24,put,745.0,37.28,1.0,39.39,11.0,38.335,25.99,1.0,,,,,,,2026-08-24,709.625,709.65,702.83,706.38,552704.0,706.932044
2026-08-24T20:35:06.234,2,0,QQQ260824P00746000,QQQ,2026-08-24,put,746.0,37.13,1.0,41.15,11.0,39.14,,,,,,,,,2026-08-24,709.625,709.65,702.83,706.38,552704.0,706.932044
2026-08-24T20:35:06.234,2,0,QQQ260824P00747000,QQQ,2026-08-24,put,747.0,38.63,1.0,42.41,11.0,40.519999999999996,28.75,1.0,,,,,,,2026-08-24,709.625,709.65,702.83,706.38,552704.0,706.932044
2026-08-24T20:35:06.234,2,0,QQQ260824P00748000,QQQ,2026-08-24,put,748.0,39.74,1.0,43.28,11.0,41.510000000000005,,,,,,,,,2026-08-24,709.625,709.65,702.83,706.38,552704.0,706.932044
2026-08-24T20:35:06.234,2,0,QQQ260824P00749000,QQQ,2026-08-24,put,749.0,41.22,1.0,44.64,11.0,42.93,19.2,3.0,,,,,,,2026-08-24,709.625,709.65,702.83,706.38,552704.0,706.932044
2026-08-24T20:35:06.234,2,0,QQQ260824P00750000,QQQ,2026-08-24,put,750.0,41.02,1.0,44.68,11.0,42.85,34.9,1.0,,,,,,,2026-08-24,709.625,709.65,702.83,706.38,552704.0,706.932044
2026-08-24T20:35:06.234,2,0,QQQ260824P00751000,QQQ,2026-08-24,put,751.0,42.33,1.0,45.23,11.0,43.78,,,,,,,,,2026-08-24,709.625,709.65,702.83,706.38,552704.0,706.932044
2026-08-24T20:35:06.234,2,0,QQQ260824P00752000,QQQ,2026-08-24,put,752.0,42.97,1.0,46.68,11.0,44.825,44.97,1.0,,,,,,,2026-08-24,709.625,709.65,702.83,706.38,552704.0,706.932044
2026-08-24T20:35:06.234,2,0,QQQ260824P00753000,QQQ,2026-08-24,put,753.0,44.99,1.0,47.63,11.0,46.31,,,,,,,,,2026-08-24,709.625,709.65,702.83,706.38,552704.0,706.932044
2026-08-24T20:35:06.234,2,0,QQQ260824P00754000,QQQ,2026-08-24,put,754.0,44.8,10.0,48.31,11.0,46.555,,,,,,,,,2026-08-24,709.625,709.65,702.83,706.38,552704.0,706.932044
2026-08-24T20:35:06.234,2,0,QQQ260824P00755000,QQQ,2026-08-24,put,755.0,47.06,1.0,49.06,11.0,48.06,49.5,1.0,,,,,,,2026-08-24,709.625,709.65,702.83,706.38,552704.0,706.932044
2026-08-24T20:35:06.234,2,0,QQQ260824P00756000,QQQ,2026-08-24,put,756.0,47.62,1.0,52.07,11.0,49.845,50.4,1.0,,,,,,,2026-08-24,709.625,709.65,702.83,706.38,552704.0,706.932044
2026-08-24T20:35:06.234,2,0,QQQ260824P00757000,QQQ,2026-08-24,put,757.0,48.57,1.0,51.81,11.0,50.19,,,,,,,,,2026-08-24,709.625,709.65,702.83,706.38,552704.0,706.932044
2026-08-24T20:35:06.234,2,0,QQQ260824P00758000,QQQ,2026-08-24,put,758.0,49.82,1.0,53.24,11.0,51.53,,,,,,,,,2026-08-24,709.625,709.65,702.83,706.38,552704.0,706.932044
2026-08-24T20:35:06.234,2,0,QQQ260824P00759000,QQQ,2026-08-24,put,759.0,50.13,1.0,53.42,1.0,51.775000000000006,52.02,1.0,,,,,,,2026-08-24,709.625,709.65,702.83,706.38,552704.0,706.932044
2026-08-24T20:35:06.234,2,0,QQQ260824P00760000,QQQ,2026-08-24,put,760.0,52.02,1.0,55.55,11.0,53.785,52.19,1.0,,,,,,,2026-08-24,709.625,709.65,702.83,706.38,552704.0,706.932044
2026-08-24T20:35:06.234,2,0,QQQ260824P00765000,QQQ,2026-08-24,put,765.0,56.96,1.0,60.67,1.0,58.815,57.66,1.0,,,,,,,2026-08-24,709.625,709.65,702.83,706.38,552704.0,706.932044
2026-08-24T20:35:06.234,2,0,QQQ260824P00770000,QQQ,2026-08-24,put,770.0,61.37,1.0,64.34,10.0,62.855000000000004,63.09,1.0,,,,,,,2026-08-24,709.625,709.65,702.83,706.38,552704.0,706.932044
2026-08-24T20:35:06.234,2,0,QQQ260824P00775000,QQQ,2026-08-24,put,775.0,66.45,1.0,70.39,1.0,68.42,60.65,1.0,,,,,,,2026-08-24,709.625,709.65,702.83,706.38,552704.0,706.932044
2026-08-24T20:35:06.234,2,0,QQQ260824P00780000,QQQ,2026-08-24,put,780.0,70.59,1.0,74.5,2.0,72.545,,,,,,,,,2026-08-24,709.625,709.65,702.83,706.38,552704.0,706.932044
2026-08-24T20:35:06.234,2,0,QQQ260824P00785000,QQQ,2026-08-24,put,785.0,75.32,1.0,81.46,1.0,78.38999999999999,,,,,,,,,2026-08-24,709.625,709.65,702.83,706.38,552704.0,706.932044
2026-08-24T20:35:06.234,2,0,QQQ260824P00790000,QQQ,2026-08-24,put,790.0,80.25,1.0,84.98,2.0,82.61500000000001,83.11,1.0,,,,,,,2026-08-24,709.625,709.65,702.83,706.38,552704.0,706.932044
2026-08-24T20:35:06.234,2,0,QQQ260824P00795000,QQQ,2026-08-24,put,795.0,86.46,1.0,90.35,1.0,88.405,88.02,1.0,,,,,,,2026-08-24,709.625,709.65,702.83,706.38,552704.0,706.932044
2026-08-24T20:35:06.234,2,0,QQQ260824P00800000,QQQ,2026-08-24,put,800.0,93.26,1.0,95.83,2.0,94.545,92.93,1.0,,,,,,,2026-08-24,709.625,709.65,702.83,706.38,552704.0,706.932044
2026-08-24T20:35:06.234,2,0,QQQ260824P00805000,QQQ,2026-08-24,put,805.0,96.09,1.0,100.55,10.0,98.32,,,,,,,,,2026-08-24,709.625,709.65,702.83,706.38,552704.0,706.932044
2026-08-24T20:35:06.234,2,0,QQQ260824P00810000,QQQ,2026-08-24,put,810.0,101.29,1.0,104.41,10.0,102.85,103.22,1.0,,,,,,,2026-08-24,709.625,709.65,702.83,706.38,552704.0,706.932044
2026-08-24T20:35:06.234,2,0,QQQ260824P00815000,QQQ,2026-08-24,put,815.0,105.28,1.0,108.24,10.0,106.75999999999999,,,,,,,,,2026-08-24,709.625,709.65,702.83,706.38,552704.0,706.932044
2026-08-24T20:35:06.234,2,0,QQQ260824P00820000,QQQ,2026-08-24,put,820.0,112.63,1.0,114.23,10.0,113.43,,,,,,,,,2026-08-24,709.625,709.65,702.83,706.38,552704.0,706.932044
2026-08-24T20:35:06.234,2,0,QQQ260824P00825000,QQQ,2026-08-24,put,825.0,117.61,1.0,121.75,10.0,119.68,,,,,,,,,2026-08-24,709.625,709.65,702.83,706.38,552704.0,706.932044
2026-08-24T20:35:06.234,2,0,QQQ260824P00830000,QQQ,2026-08-24,put,830.0,121.91,1.0,125.84,10.0,123.875,,,,,,,,,2026-08-24,709.625,709.65,702.83,706.38,552704.0,706.932044
2026-08-24T20:35:06.234,2,0,QQQ260824P00835000,QQQ,2026-08-24,put,835.0,127.0,1.0,131.0,1.0,129.0,,,,,,,,,2026-08-24,709.625,709.65,702.83,706.38,552704.0,706.932044
2026-08-24T20:35:06.234,2,0,QQQ260824P00840000,QQQ,2026-08-24,put,840.0,133.92,1.0,134.21,10.0,134.065,,,,,,,,,2026-08-24,709.625,709.65,702.83,706.38,552704.0,706.932044
2026-08-24T20:35:06.234,2,0,QQQ260824P00845000,QQQ,2026-08-24,put,845.0,135.35,1.0,142.33,10.0,138.84,,,,,,,,,2026-08-24,709.625,709.65,702.83,706.38,552704.0,706.932044
2026-08-24T20:35:06.234,2,0,QQQ260824P00850000,QQQ,2026-08-24,put,850.0,144.25,1.0,146.48,10.0,145.365,,,,,,,,,2026-08-24,709.625,709.65,702.83,706.38,552704.0,706.932044
2026-08-24T20:35:06.234,2,0,QQQ260824P00855000,QQQ,2026-08-24,put,855.0,149.37,2.0,153.11,1.0,151.24,,,,,,,,,2026-08-24,709.625,709.65,702.83,706.38,552704.0,706.932044
2026-08-24T20:35:06.234,2,0,QQQ260824P00860000,QQQ,2026-08-24,put,860.0,153.8,1.0,157.7,1.0,155.75,,,,,,,,,2026-08-24,709.625,709.65,702.83,706.38,552704.0,706.932044
2026-08-24T20:35:06.234,2,0,QQQ260824P00865000,QQQ,2026-08-24,put,865.0,154.31,1.0,163.52,1.0,158.91500000000002,,,,,,,,,2026-08-24,709.625,709.65,702.83,706.38,552704.0,706.932044
2026-08-24T20:35:06.234,2,0,QQQ260824P00870000,QQQ,2026-08-24,put,870.0,159.98,1.0,164.27,1.0,162.125,,,,,,,,,2026-08-24,709.625,709.65,702.83,706.38,552704.0,706.932044
2026-08-24T20:35:06.234,2,0,QQQ260824P00875000,QQQ,2026-08-24,put,875.0,166.64,1.0,167.82,10.0,167.23,,,,,,,,,2026-08-24,709.625,709.65,702.83,706.38,552704.0,706.932044
2026-08-24T20:35:06.234,2,0,QQQ260824P00880000,QQQ,2026-08-24,put,880.0,171.48,10.0,176.2,10.0,173.83999999999997,,,,,,,,,2026-08-24,709.625,709.65,702.83,706.38,552704.0,706.932044
2026-08-24T20:35:06.234,2,0,QQQ260824P00885000,QQQ,2026-08-24,put,885.0,177.56,2.0,181.58,1.0,179.57,,,,,,,,,2026-08-24,709.625,709.65,702.83,706.38,552704.0,706.932044
2026-08-24T20:35:06.234,2,0,QQQ260824P00890000,QQQ,2026-08-24,put,890.0,184.53,1.0,186.07,10.0,185.3,,,,,,,,,2026-08-24,709.625,709.65,702.83,706.38,552704.0,706.932044
2026-08-24T20:35:06.234,2,0,QQQ260824P00895000,QQQ,2026-08-24,put,895.0,188.84,2.0,191.65,1.0,190.245,,,,,,,,,2026-08-24,709.625,709.65,702.83,706.38,552704.0,706.932044
2026-08-24T20:35:06.234,2,0,QQQ260824P00900000,QQQ,2026-08-24,put,900.0,187.76,10.0,195.74,1.0,191.75,,,,,,,,,2026-08-24,709.625,709.65,702.83,706.38,552704.0,706.932044
2026-08-24T20:35:06.234,2,0,QQQ260824P00905000,QQQ,2026-08-24,put,905.0,198.55,10.0,201.96,10.0,200.255,,,,,,,,,2026-08-24,709.625,709.65,702.83,706.38,552704.0,706.932044
2026-08-24T20:35:06.234,2,0,QQQ260824P00910000,QQQ,2026-08-24,put,910.0,203.25,1.0,204.39,1.0,203.82,,,,,,,,,2026-08-24,709.625,709.65,702.83,706.38,552704.0,706.932044
2026-08-24T20:35:06.234,2,0,QQQ260824P00915000,QQQ,2026-08-24,put,915.0,203.25,2.0,210.88,1.0,207.065,,,,,,,,,2026-08-24,709.625,709.65,702.83,706.38,552704.0,706.932044
2026-08-24T20:35:06.234,2,0,QQQ260824P00920000,QQQ,2026-08-24,put,920.0,208.01,1.0,217.28,10.0,212.64499999999998,,,,,,,,,2026-08-24,709.625,709.65,702.83,706.38,552704.0,706.932044
2026-08-24T20:35:06.234,2,0,QQQ260824P00925000,QQQ,2026-08-24,put,925.0,220.23,10.0,223.42,10.0,221.825,,,,,,,,,2026-08-24,709.625,709.65,702.83,706.38,552704.0,706.932044
2026-08-24T20:35:06.234,2,0,QQQ260824P00930000,QQQ,2026-08-24,put,930.0,221.5,1.0,227.37,1.0,224.435,,,,,,,,,2026-08-24,709.625,709.65,702.83,706.38,552704.0,706.932044
2026-08-24T20:35:06.234,2,0,QQQ260824P00935000,QQQ,2026-08-24,put,935.0,226.47,1.0,233.06,1.0,229.765,,,,,,,,,2026-08-24,709.625,709.65,702.83,706.38,552704.0,706.932044
2026-08-24T20:35:06.234,2,0,QQQ260824P00940000,QQQ,2026-08-24,put,940.0,235.44,1.0,239.2,1.0,237.32,,,,,,,,,2026-08-24,709.625,709.65,702.83,706.38,552704.0,706.932044
2026-08-24T20:35:06.234,2,0,QQQ260824P00945000,QQQ,2026-08-24,put,945.0,241.21,1.0,242.92,1.0,242.065,,,,,,,,,2026-08-24,709.625,709.65,702.83,706.38,552704.0,706.932044
2026-08-24T20:35:06.234,2,0,QQQ260824P00950000,QQQ,2026-08-24,put,950.0,239.39,2.0,245.8,1.0,242.595,,,,,,,,,2026-08-24,709.625,709.65,702.83,706.38,552704.0,706.932044
2026-08-24T20:35:06.234,2,1,QQQ260825C00495000,QQQ,2026-08-25,call,495.0,211.06,1.0,211.8,1.0,211.43,,,,,,,,,2026-08-24,709.625,709.65,702.83,706.38,552704.0,706.932044
2026-08-24T20:35:06.234,2,1,QQQ260825C00500000,QQQ,2026-08-25,call,500.0,202.43,1.0,204.11,1.0,203.27,,,,,,,,,2026-08-24,709.625,709.65,702.83,706.38,552704.0,706.932044
2026-08-24T20:35:06.234,2,1,QQQ260825C00505000,QQQ,2026-08-25,call,505.0,198.22,1.0,205.19,1.0,201.70499999999998,210.3,8.0,,,,,,,2026-08-24,709.625,709.65,702.83,706.38,552704.0,706.932044
2026-08-24T20:35:06.234,2,1,QQQ260825C00510000,QQQ,2026-08-25,call,510.0,196.28,1.0,196.91,1.0,196.595,,,,,,,,,2026-08-24,709.625,709.65,702.83,706.38,552704.0,706.932044
2026-08-24T20:35:06.234,2,1,QQQ260825C00515000,QQQ,2026-08-25,call,515.0,187.64,1.0,189.09,1.0,188.365,,,,,,,,,2026-08-24,709.625,709.65,702.83,706.38,552704.0,706.932044
2026-08-24T20:35:06.234,2,1,QQQ260825C00520000,QQQ,2026-08-25,call,520.0,186.74,1.0,187.4,1.0,187.07,,,,,,,,,2026-08-24,709.625,709.65,702.83,706.38,552704.0,706.932044
2026-08-24T20:35:06.234,2,1,QQQ260825C00525000,QQQ,2026-08-25,call,525.0,178.79,1.0,179.66,1.0,179.225,182.58,28.0,,,,,,,2026-08-24,709.625,709.65,702.83,706.38,552704.0,706.932044
2026-08-24T20:35:06.234,2,1,QQQ260825C00530000,QQQ,2026-08-25,call,530.0,174.15,1.0,177.8,1.0,175.97500000000002,,,,,,,,,2026-08-24,709.625,709.65,702.83,706.38,552704.0,706.932044
2026-08-24T20:35:06.234,2,1,QQQ260825C00535000,QQQ,2026-08-25,call,535.0,171.06,1.0,171.7,1.0,171.38,,,,,,,,,2026-08-24,709.625,709.65,702.83,706.38,552704.0,706.932044
2026-08-24T20:35:06.234,2,1,QQQ260825C00540000,QQQ,2026-08-25,call,540.0,164.58,1.0,169.99,1.0,167.28500000000003,,,,,,,,,2026-08-24,709.625,709.65,702.83,706.38,552704.0,706.932044
2026-08-24T20:35:06.234,2,1,QQQ260825C00545000,QQQ,2026-08-25,call,545.0,162.39,1.0,164.1,1.0,163.245,,,,,,,,,2026-08-24,709.625,709.65,702.83,706.38,552704.0,706.932044
2026-08-24T20:35:06.234,2,1,QQQ260825C00550000,QQQ,2026-08-25,call,550.0,157.66,1.0,158.25,1.0,157.95499999999998,,,,,,,,,2026-08-24,709.625,709.65,702.83,706.38,552704.0,706.932044
2026-08-24T20:35:06.234,2,1,QQQ260825C00555000,QQQ,2026-08-25,call,555.0,152.14,1.0,152.42,1.0,152.27999999999997,,,,,,,,,2026-08-24,709.625,709.65,702.83,706.38,552704.0,706.932044
2026-08-24T20:35:06.234,2,1,QQQ260825C00560000,QQQ,2026-08-25,call,560.0,146.44,1.0,147.07,1.0,146.755,,,,,,,,,2026-08-24,709.625,709.65,702.83,706.38,552704.0,706.932044
2026-08-24T20:35:06.234,2,1,QQQ260825C00565000,QQQ,2026-08-25,call,565.0,143.22,1.0,143.84,1.0,143.53,,,,,,,,,2026-08-24,709.625,709.65,702.83,706.38,552704.0,706.932044
2026-08-24T20:35:06.234,2,1,QQQ260825C00570000,QQQ,2026-08-25,call,570.0,137.82,1.0,138.48,1.0,138.14999999999998,,,,,,,,,2026-08-24,709.625,709.65,702.83,706.38,552704.0,706.932044
2026-08-24T20:35:06.234,2,1,QQQ260825C00575000,QQQ,2026-08-25,call,575.0,132.57,1.0,133.17,1.0,132.87,,,,,,,,,2026-08-24,709.625,709.65,702.83,706.38,552704.0,706.932044
2026-08-24T20:35:06.234,2,1,QQQ260825C00580000,QQQ,2026-08-25,call,580.0,127.69,1.0,128.31,1.0,128.0,127.64,6.0,,,,,,,2026-08-24,709.625,709.65,702.83,706.38,552704.0,706.932044
2026-08-24T20:35:06.234,2,1,QQQ260825C00585000,QQQ,2026-08-25,call,585.0,120.86,1.0,122.84,1.0,121.85,,,,,,,,,2026-08-24,709.625,709.65,702.83,706.38,552704.0,706.932044
2026-08-24T20:35:06.234,2,1,QQQ260825C00590000,QQQ,2026-08-25,call,590.0,113.77,1.0,115.38,1.0,114.57499999999999,,,,,,,,,2026-08-24,709.625,709.65,702.83,706.38,552704.0,706.932044
2026-08-24T20:35:06.234,2,1,QQQ260825C00595000,QQQ,2026-08-25,call,595.0,111.84,1.0,113.12,1.0,112.48,,,,,,,,,2026-08-24,709.625,709.65,702.83,706.38,552704.0,706.932044
2026-08-24T20:35:06.234,2,1,QQQ260825C00600000,QQQ,2026-08-25,call,600.0,104.84,1.0,107.92,1.0,106.38,107.82,10.0,,,,,,,2026-08-24,709.625,709.65,702.83,706.38,552704.0,706.932044
2026-08-24T20:35:06.234,2,1,QQQ260825C00605000,QQQ,2026-08-25,call,605.0,100.93,1.0,102.46,1.0,101.695,,,,,,,,,2026-08-24,709.625,709.65,702.83,706.38,552704.0,706.932044
2026-08-24T20:35:06.234,2,1,QQQ260825C00610000,QQQ,2026-08-25,call,610.0,95.95,1.0,96.61,1.0,96.28,,,,,,,,,2026-08-24,709.625,709.65,702.83,706.38,552704.0,706.932044
2026-08-24T20:35:06.234,2,1,QQQ260825C00615000,QQQ,2026-08-25,call,615.0,92.31,1.0,92.94,1.0,92.625,,,,,,,,,2026-08-24,709.625,709.65,702.83,706.38,552704.0,706.932044
2026-08-24T20:35:06.234,2,1,QQQ260825C00620000,QQQ,2026-08-25,call,620.0,85.09,1.0,85.77,1.0,85.43,,,,,,,,,2026-08-24,709.625,709.65,702.83,706.38,552704.0,706.932044
2026-08-24T20:35:06.234,2,1,QQQ260825C00625000,QQQ,2026-08-25,call,625.0,79.74,19.0,82.5,1.0,81.12,,,,,,,,,2026-08-24,709.625,709.65,702.83,706.38,552704.0,706.932044
2026-08-24T20:35:06.234,2,1,QQQ260825C00630000,QQQ,2026-08-25,call,630.0,75.18,1.0,75.39,14.0,75.285,,,,,,,,,2026-08-24,709.625,709.65,702.83,706.38,552704.0,706.932044
2026-08-24T20:35:06.234,2,1,QQQ260825C00635000,QQQ,2026-08-25,call,635.0,70.89,14.0,71.06,1.0,70.975,,,,,,,,,2026-08-24,709.625,709.65,702.83,706.38,552704.0,706.932044
2026-08-24T20:35:06.234,2,1,QQQ260825C00640000,QQQ,2026-08-25,call,640.0,66.8,14.0,67.39,14.0,67.095,,,,,,,,,2026-08-24,709.625,709.65,702.83,706.38,552704.0,706.932044
2026-08-24T20:35:06.234,2,1,QQQ260825C00645000,QQQ,2026-08-25,call,645.0,60.0,14.0,61.79,1.0,60.894999999999996,62.6,1.0,,,,,,,2026-08-24,709.625,709.65,702.83,706.38,552704.0,706.932044
2026-08-24T20:35:06.234,2,1,QQQ260825C00650000,QQQ,2026-08-25,call,650.0,56.13,14.0,56.49,1.0,56.31,57.12,2.0,0.742,0.9843,0.0014,-0.6025,0.0145,0.0175,2026-08-24,709.625,709.65,702.83,706.38,552704.0,706.932044
2026-08-24T20:35:06.234,2,1,QQQ260825C00655000,QQQ,2026-08-25,call,655.0,50.86,14.0,50.92,19.0,50.89,,,,,,,,,2026-08-24,709.625,709.65,702.83,706.38,552704.0,706.932044
2026-08-24T20:35:06.234,2,1,QQQ260825C00660000,QQQ,2026-08-25,call,660.0,45.29,14.0,46.65,14.0,45.97,46.61,36.0,,,,,,,2026-08-24,709.625,709.65,702.83,706.38,552704.0,706.932044
2026-08-24T20:35:06.234,2,1,QQQ260825C00665000,QQQ,2026-08-25,call,665.0,41.7,14.0,42.18,14.0,41.94,42.65,1.0,0.7605,0.9368,0.0044,-1.8049,0.0458,0.017,2026-08-24,709.625,709.65,702.83,706.38,552704.0,706.932044
2026-08-24T20:35:06.234,2,1,QQQ260825C00670000,QQQ,2026-08-25,call,670.0,36.39,14.0,36.79,14.0,36.59,36.46,1.0,0.6034,0.9535,0.0044,-1.148,0.0359,0.0174,2026-08-24,709.625,709.65,702.83,706.38,552704.0,706.932044
2026-08-24T20:35:06.234,2,1,QQQ260825C00671000,QQQ,2026-08-25,call,671.0,34.51,19.0,35.19,1.0,34.849999999999994,35.76,1.0,,,,,,,2026-08-24,709.625,709.65,702.83,706.38,552704.0,706.932044
2026-08-24T20:35:06.234,2,1,QQQ260825C00672000,QQQ,2026-08-25,call,672.0,34.69,14.0,34.87,1.0,34.78,,,0.6218,0.9382,0.0053,-1.4641,0.0451,0.0172,2026-08-24,709.625,709.65,702.83,706.38,552704.0,706.932044
2026-08-24T20:35:06.234,2,1,QQQ260825C00673000,QQQ,2026-08-25,call,673.0,33.14,14.0,33.64,1.0,33.39,44.27,21.0,0.4995,0.968,0.0039,-0.7268,0.0265,0.0178,2026-08-24,709.625,709.65,702.83,706.38,552704.0,706.932044
2026-08-24T20:35:06.234,2,1,QQQ260825C00674000,QQQ,2026-08-25,call,674.0,32.21,14.0,33.13,14.0,32.67,,,0.5677,0.9434,0.0054,-1.2577,0.0421,0.0174,2026-08-24,709.625,709.65,702.83,706.38,552704.0,706.932044
2026-08-24T20:35:06.234,2,1,QQQ260825C00675000,QQQ,2026-08-25,call,675.0,30.92,14.0,31.45,5.0,31.185000000000002,37.28,15.0,0.3486,0.9935,0.0014,-0.1851,0.0068,0.0184,2026-08-24,709.625,709.65,702.83,706.38,552704.0,706.932044
2026-08-24T20:35:06.234,2,1,QQQ260825C00676000,QQQ,2026-08-25,call,676.0,29.72,14.0,30.66,24.0,30.189999999999998,,,0.3451,0.9924,0.0017,-0.2015,0.0078,0.0184,2026-08-24,709.625,709.65,702.83,706.38,552704.0,706.932044
2026-08-24T20:35:06.234,2,1,QQQ260825C00677000,QQQ,2026-08-25,call,677.0,29.44,14.0,29.91,1.0,29.675,34.62,15.0,0.5257,0.939,0.0062,-1.2356,0.0446,0.0174,2026-08-24,709.625,709.65,702.83,706.38,552704.0,706.932044
2026-08-24T20:35:06.234,2,1,QQQ260825C00678000,QQQ,2026-08-25,call,678.0,28.25,5.0,28.79,1.0,28.52,,,0.4739,0.9508,0.0058,-0.9554,0.0376,0.0176,2026-08-24,709.625,709.65,702.83,706.38,552704.0,706.932044
2026-08-24T20:35:06.234,2,1,QQQ260825C00679000,QQQ,2026-08-25,call,679.0,27.32,14.0,27.84,5.0,27.58,29.58,1.0,0.4751,0.9441,0.0064,-1.0538,0.0417,0.0175,2026-08-24,709.625,709.65,702.83,706.38,552704.0,706.932044
2026-08-24T20:35:06.234,2,1,QQQ260825C00680000,QQQ,2026-08-25,call,680.0,26.01,14.0,26.79,1.0,26.4,26.64,1.0,0.4122,0.9608,0.0056,-0.7104,0.0313,0.0179,2026-08-24,709.625,709.65,702.83,706.38,552704.0,706.932044
2026-08-24T20:35:06.234,2,1,QQQ260825C00681000,QQQ,2026-08-25,call,681.0,24.57,25.0,25.82,14.0,25.195,26.6,1.0,0.2981,0.9902,0.0024,-0.2122,0.0097,0.0185,2026-08-24,709.625,709.65,702.83,706.38,552704.0,706.932044
2026-08-24T20:35:06.234,2,1,QQQ260825C00682000,QQQ,2026-08-25,call,682.0,24.18,14.0,24.78,1.0,24.48,26.5,1.0,0.4083,0.9495,0.0069,-0.8494,0.0384,0.0177,2026-08-24,709.625,709.65,702.83,706.38,552704.0,706.932044
2026-08-24T20:35:06.234,2,1,QQQ260825C00683000,QQQ,2026-08-25,call,683.0,23.14,1.0,23.6,1.0,23.37,23.57,1.0,0.3633,0.9611,0.0063,-0.6316,0.0312,0.018,2026-08-24,709.625,709.65,702.83,706.38,552704.0,706.932044
2026-08-24T20:35:06.234,2,1,QQQ260825C00684000,QQQ,2026-08-25,call,684.0,22.64,14.0,23.07,14.0,22.855,24.08,1.0,0.4555,0.9114,0.0095,-1.4137,0.0593,0.017,2026-08-24,709.625,709.65,702.83,706.38,552704.0,706.932044
2026-08-24T20:35:06.234,2,1,QQQ260825C00685000,QQQ,2026-08-25,call,685.0,21.27,5.0,21.46,5.0,21.365000000000002,19.77,1.0,0.3356,0.9592,0.0071,-0.6091,0.0324,0.018,2026-08-24,709.625,709.65,702.83,706.38,552704.0,706.932044
2026-08-24T20:35:06.234,2,1,QQQ260825C00686000,QQQ,2026-08-25,call,686.0,20.41,14.0,20.49,14.0,20.45,18.12,1.0,0.3455,0.9464,0.0085,-0.7609,0.0403,0.0177,2026-08-24,709.625,709.65,702.83,706.38,552704.0,706.932044
2026-08-24T20:35:06.234,2,1,QQQ260825C00687000,QQQ,2026-08-25,call,687.0,19.15,14.0,19.64,14.0,19.395,19.69,8.0,0.3176,0.9518,0.0085,-0.6527,0.037,0.0179,2026-08-24,709.625,709.65,702.83,706.38,552704.0,706.932044
2026-08-24T20:35:06.234,2,1,QQQ260825C00688000,QQQ,2026-08-25,call,688.0,18.56,19.0,19.03,14.0,18.795,31.04,1.0,0.3829,0.9049,0.012,-1.2591,0.0625,0.017,2026-08-24,709.625,709.65,702.83,706.38,552704.0,706.932044
2026-08-24T20:35:06.234,2,1,QQQ260825C00689000,QQQ,2026-08-25,call,689.0,17.08,14.0,17.86,14.0,17.47,15.94,5.0,0.3081,0.9374,0.0108,-0.7655,0.0455,0.0177,2026-08-24,709.625,709.65,702.83,706.38,552704.0,706.932044
2026-08-24T20:35:06.234,2,1,QQQ260825C00690000,QQQ,2026-08-25,call,690.0,16.3,19.0,16.71,1.0,16.505000000000003,16.72,1.0,0.3011,0.9301,0.012,-0.8101,0.0496,0.0175,2026-08-24,709.625,709.65,702.83,706.38,552704.0,706.932044
2026-08-24T20:35:06.234,2,1,QQQ260825C00691000,QQQ,2026-08-25,call,691.0,15.02,14.0,15.58,14.0,15.3,16.75,2.0,0.2372,0.9603,0.0098,-0.4415,0.0316,0.0182,2026-08-24,709.625,709.65,702.83,706.38,552704.0,706.932044
2026-08-24T20:35:06.234,2,1,QQQ260825C00692000,QQQ,2026-08-25,call,692.0,14.12,14.0,14.83,1.0,14.475,14.57,2.0,0.266,0.9281,0.0139,-0.7376,0.0506,0.0176,2026-08-24,709.625,709.65,702.83,706.38,552704.0,706.932044
2026-08-24T20:35:06.234,2,1,QQQ260825C00693000,QQQ,2026-08-25,call,693.0,13.45,5.0,13.85,14.0,13.649999999999999,13.21,8.0,0.2812,0.9007,0.0168,-0.9692,0.0645,0.0171,2026-08-24,709.625,709.65,702.83,706.38,552704.0,706.932044
2026-08-24T20:35:06.234,2,1,QQQ260825C00694000,QQQ,2026-08-25,call,694.0,12.63,14.0,12.84,14.0,12.735,15.02,1.0,0.2775,0.8855,0.0189,-1.0537,0.0715,0.0168,2026-08-24,709.625,709.65,702.83,706.38,552704.0,706.932044
2026-08-24T20:35:06.234,2,1,QQQ260825C00695000,QQQ,2026-08-25,call,695.0,11.57,15.0,12.08,15.0,11.825,13.06,1.0,0.2728,0.8692,0.0211,-1.1311,0.0785,0.0165,2026-08-24,709.625,709.65,702.83,706.38,552704.0,706.932044
2026-08-24T20:35:06.234,2,1,QQQ260825C00696000,QQQ,2026-08-25,call,696.0,10.28,25.0,10.83,24.0,10.555,10.81,2.0,0.2191,0.8978,0.022,-0.7842,0.0659,0.0171,2026-08-24,709.625,709.65,702.83,706.38,552704.0,706.932044
2026-08-24T20:35:06.234,2,1,QQQ260825C00697000,QQQ,2026-08-25,call,697.0,9.42,37.0,9.98,32.0,9.7,9.77,2.0,0.2228,0.8698,0.0257,-0.9328,0.0783,0.0166,2026-08-24,709.625,709.65,702.83,706.38,552704.0,706.932044
2026-08-24T20:35:06.234,2,1,QQQ260825C00698000,QQQ,2026-08-25,call,698.0,8.9,200.0,9.05,132.0,8.975000000000001,9.28,9.0,0.2368,0.8274,0.0292,-1.1758,0.0944,0.0158,2026-08-24,709.625,709.65,702.83,706.38,552704.0,706.932044
2026-08-24T20:35:06.234,2,1,QQQ260825C00699000,QQQ,2026-08-25,call,699.0,7.61,94.0,8.21,83.0,7.91,8.23,3.0,0.2113,0.823,0.0332,-1.071,0.0959,0.0157,2026-08-24,709.625,709.65,702.83,706.38,552704.0,706.932044
2026-08-24T20:35:06.234,2,1,QQQ260825C00700000,QQQ,2026-08-25,call,700.0,7.01,14.0,7.21,44.0,7.109999999999999,7.17,3.0,0.2115,0.7873,0.0371,-1.1901,0.1073,0.015,2026-08-24,709.625,709.65,702.83,706.38,552704.0,706.932044
2026-08-24T20:35:06.234,2,1,QQQ260825C00701000,QQQ,2026-08-25,call,701.0,6.06,14.0,6.23,14.0,6.145,6.32,1.0,0.1942,0.7663,0.0427,-1.153,0.1132,0.0147,2026-08-24,709.625,709.65,702.83,706.38,552704.0,706.932044
2026-08-24T20:35:06.234,2,1,QQQ260825C00702000,QQQ,2026-08-25,call,702.0,5.34,30.0,5.58,14.0,5.46,5.75,10.0,0.1987,0.7168,0.0461,-1.2927,0.1251,0.0137,2026-08-24,709.625,709.65,702.83,706.38,552704.0,706.932044
2026-08-24T20:35:06.234,2,1,QQQ260825C00703000,QQQ,2026-08-25,call,703.0,4.59,44.0,4.69,5.0,4.640000000000001,4.86,1.0,0.1889,0.6768,0.0514,-1.3007,0.1327,0.013,2026-08-24,709.625,709.65,702.83,706.38,552704.0,706.932044
2026-08-24T20:35:06.234,2,1,QQQ260825C00704000,QQQ,2026-08-25,call,704.0,3.89,37.0,4.0,19.0,3.9450000000000003,4.07,1.0,0.1854,0.6257,0.0553,-1.3424,0.1401,0.012,2026-08-24,709.625,709.65,702.83,706.38,552704.0,706.932044
2026-08-24T20:35:06.234,2,1,QQQ260825C00705000,QQQ,2026-08-25,call,705.0,3.24,55.0,3.38,20.0,3.31,3.4,1.0,0.1826,0.5702,0.0582,-1.3652,0.1452,0.0109,2026-08-24,709.625,709.65,702.83,706.38,552704.0,706.932044
2026-08-24T20:35:06.234,2,1,QQQ260825C00706000,QQQ,2026-08-25,call,706.0,2.74,41.0,2.79,16.0,2.765,2.81,3.0,0.1821,0.5114,0.0593,-1.3774,0.1474,0.0098,2026-08-24,709.625,709.65,702.83,706.38,552704.0,706.932044
2026-08-24T20:35:06.234,2,1,QQQ260825C00707000,QQQ,2026-08-25,call,707.0,2.14,33.0,2.25,20.0,2.1950000000000003,2.26,5.0,0.1758,0.4505,0.0609,-1.3174,0.1463,0.0087,2026-08-24,709.625,709.65,702.83,706.38,552704.0,706.932044
2026-08-24T20:35:06.234,2,1,QQQ260825C00708000,QQQ,2026-08-25,call,708.0,1.74,20.0,1.77,20.0,1.755,1.75,1.0,0.1741,0.3894,0.0596,-1.2613,0.1417,0.0075,2026-08-24,709.625,709.65,702.83,706.38,552704.0,706.932044
2026-08-24T20:35:06.234,2,1,QQQ260825C00709000,QQQ,2026-08-25,call,709.0,1.29,130.0,1.33,40.0,1.31,1.32,1.0,0.1675,0.3252,0.0581,-1.1372,0.133,0.0063,2026-08-24,709.625,709.65,702.83,706.38,552704.0,706.932044
2026-08-24T20:35:06.234,2,1,QQQ260825C00710000,QQQ,2026-08-25,call,710.0,1.02,100.0,1.04,20.0,1.03,1.0,1.0,0.1686,0.271,0.0531,-1.0514,0.1224,0.0052,2026-08-24,709.625,709.65,702.83,706.38,552704.0,706.932044
2026-08-24T20:35:06.234,2,1,QQQ260825C00711000,QQQ,2026-08-25,call,711.0,0.74,44.0,0.77,21.0,0.755,0.73,2.0,0.1657,0.2168,0.0479,-0.9141,0.1085,0.0042,2026-08-24,709.625,709.65,702.83,706.38,552704.0,706.932044
2026-08-24T20:35:06.234,2,1,QQQ260825C00712000,QQQ,2026-08-25,call,712.0,0.54,1.0,0.56,30.0,0.55,0.53,1.0,0.1643,0.1702,0.0417,-0.7806,0.0936,0.0033,2026-08-24,709.625,709.65,702.83,706.38,552704.0,706.932044
2026-08-24T20:35:06.234,2,1,QQQ260825C00713000,QQQ,2026-08-25,call,713.0,0.33,40.0,0.4,35.0,0.365,0.37,1.0,0.1596,0.1251,0.0349,-0.6161,0.0761,0.0024,2026-08-24,709.625,709.65,702.83,706.38,552704.0,706.932044
2026-08-24T20:35:06.234,2,1,QQQ260825C00714000,QQQ,2026-08-25,call,714.0,0.26,184.0,0.27,68.0,0.265,0.26,1.0,0.1607,0.0954,0.0285,-0.5105,0.0627,0.0018,2026-08-24,709.625,709.65,702.83,706.38,552704.0,706.932044
2026-08-24T20:35:06.234,2,1,QQQ260825C00715000,QQQ,2026-08-25,call,715.0,0.18,24.0,0.19,67.0,0.185,0.18,14.0,0.161,0.0705,0.0227,-0.4063,0.0499,0.0014,2026-08-24,709.625,709.65,702.83,706.38,552704.0,706.932044
2026-08-24T20:35:06.234,2,1,QQQ260825C00716000,QQQ,2026-08-25,call,716.0,0.08,47.0,0.13,190.0,0.10500000000000001,0.13,10.0,0.1553,0.0447,0.0164,-0.2737,0.0348,0.0009,2026-08-24,709.625,709.65,702.83,706.38,552704.0,706.932044
2026-08-24T20:35:06.234,2,1,QQQ260825C00717000,QQQ,2026-08-25,call,717.0,0.04,322.0,0.05,626.0,0.045,0.07,1.0,0.145,0.0226,0.01,-0.1453,0.0198,0.0004,2026-08-24,709.625,709.65,702.83,706.38,552704.0,706.932044
2026-08-24T20:35:06.234,2,1,QQQ260825C00718000,QQQ,2026-08-25,call,718.0,0.06,100.0,0.07,572.0,0.065,0.03,1.0,0.1656,0.0278,0.0104,-0.1974,0.0236,0.0005,2026-08-24,709.625,709.65,702.83,706.38,552704.0,706.932044
2026-08-24T20:35:06.234,2,1,QQQ260825C00719000,QQQ,2026-08-25,call,719.0,0.04,145.0,0.05,310.0,0.045,0.03,10.0,0.1671,0.0199,0.0078,-0.1504,0.0178,0.0004,2026-08-24,709.625,709.65,702.83,706.38,552704.0,706.932044
2026-08-24T20:35:06.234,2,1,QQQ260825C00720000,QQQ,2026-08-25,call,720.0,0.01,100.0,0.02,1018.0,0.015,0.02,10.0,0.1537,0.008,0.0039,-0.0628,0.0081,0.0002,2026-08-24,709.625,709.65,702.83,706.38,552704.0,706.932044
2026-08-24T20:35:06.234,2,1,QQQ260825C00721000,QQQ,2026-08-25,call,721.0,0.03,100.0,0.04,148.0,0.035,0.02,150.0,0.1821,0.0147,0.0055,-0.1266,0.0138,0.0003,2026-08-24,709.625,709.65,702.83,706.38,552704.0,706.932044
2026-08-24T20:35:06.234,2,1,QQQ260825C00722000,QQQ,2026-08-25,call,722.0,0.03,50.0,0.04,303.0,0.035,0.01,1.0,0.1925,0.014,0.005,-0.1281,0.0132,0.0003,2026-08-24,709.625,709.65,702.83,706.38,552704.0,706.932044
2026-08-24T20:35:06.234,2,1,QQQ260825C00723000,QQQ,2026-08-25,call,723.0,0.01,100.0,0.02,959.0,0.015,0.03,2.0,0.1823,0.0069,0.0028,-0.0649,0.0071,0.0001,2026-08-24,709.625,709.65,702.83,706.38,552704.0,706.932044
2026-08-24T20:35:06.234,2,1,QQQ260825C00724000,QQQ,2026-08-25,call,724.0,0.01,2.0,0.02,366.0,0.015,0.01,12.0,0.1917,0.0065,0.0026,-0.0655,0.0068,0.0001,2026-08-24,709.625,709.65,702.83,706.38,552704.0,706.932044
2026-08-24T20:35:06.234,2,1,QQQ260825C00725000,QQQ,2026-08-25,call,725.0,0.03,100.0,0.04,321.0,0.035,0.03,1.0,0.2232,0.0123,0.0039,-0.1324,0.0118,0.0002,2026-08-24,709.625,709.65,702.83,706.38,552704.0,706.932044
2026-08-24T20:35:06.234,2,1,QQQ260825C00726000,QQQ,2026-08-25,call,726.0,0.0,0.0,0.01,214.0,0.005,0.01,5.0,,,,,,,2026-08-24,709.625,709.65,702.83,706.38,552704.0,706.932044
2026-08-24T20:35:06.234,2,1,QQQ260825C00727000,QQQ,2026-08-25,call,727.0,0.0,0.0,0.01,278.0,0.005,0.01,10.0,,,,,,,2026-08-24,709.625,709.65,702.83,706.38,552704.0,706.932044
2026-08-24T20:35:06.234,2,1,QQQ260825C00728000,QQQ,2026-08-25,call,728.0,0.0,0.0,0.03,174.0,0.015,0.01,20.0,,,,,,,2026-08-24,709.625,709.65,702.83,706.38,552704.0,706.932044
2026-08-24T20:35:06.234,2,1,QQQ260825C00729000,QQQ,2026-08-25,call,729.0,0.0,0.0,0.03,252.0,0.015,0.01,1.0,,,,,,,2026-08-24,709.625,709.65,702.83,706.38,552704.0,706.932044
2026-08-24T20:35:06.234,2,1,QQQ260825C00730000,QQQ,2026-08-25,call,730.0,0.0,0.0,0.03,245.0,0.015,0.01,1.0,,,,,,,2026-08-24,709.625,709.65,702.83,706.38,552704.0,706.932044
2026-08-24T20:35:06.234,2,1,QQQ260825C00731000,QQQ,2026-08-25,call,731.0,0.0,0.0,0.01,137.0,0.005,0.01,10.0,,,,,,,2026-08-24,709.625,709.65,702.83,706.38,552704.0,706.932044
2026-08-24T20:35:06.234,2,1,QQQ260825C00732000,QQQ,2026-08-25,call,732.0,0.0,0.0,0.01,142.0,0.005,0.01,1.0,,,,,,,2026-08-24,709.625,709.65,702.83,706.38,552704.0,706.932044
2026-08-24T20:35:06.234,2,1,QQQ260825C00733000,QQQ,2026-08-25,call,733.0,0.0,0.0,0.01,163.0,0.005,0.01,1.0,,,,,,,2026-08-24,709.625,709.65,702.83,706.38,552704.0,706.932044
2026-08-24T20:35:06.234,2,1,QQQ260825C00734000,QQQ,2026-08-25,call,734.0,0.0,0.0,0.03,165.0,0.015,0.01,1.0,,,,,,,2026-08-24,709.625,709.65,702.83,706.38,552704.0,706.932044
2026-08-24T20:35:06.234,2,1,QQQ260825C00735000,QQQ,2026-08-25,call,735.0,0.0,0.0,0.03,478.0,0.015,0.01,2.0,,,,,,,2026-08-24,709.625,709.65,702.83,706.38,552704.0,706.932044
2026-08-24T20:35:06.234,2,1,QQQ260825C00736000,QQQ,2026-08-25,call,736.0,0.0,0.0,0.01,148.0,0.005,0.01,1.0,,,,,,,2026-08-24,709.625,709.65,702.83,706.38,552704.0,706.932044
2026-08-24T20:35:06.234,2,1,QQQ260825C00737000,QQQ,2026-08-25,call,737.0,0.0,0.0,0.01,190.0,0.005,0.01,1.0,,,,,,,2026-08-24,709.625,709.65,702.83,706.38,552704.0,706.932044
2026-08-24T20:35:06.234,2,1,QQQ260825C00738000,QQQ,2026-08-25,call,738.0,0.0,0.0,0.03,143.0,0.015,0.01,2.0,,,,,,,2026-08-24,709.625,709.65,702.83,706.38,552704.0,706.932044
2026-08-24T20:35:06.234,2,1,QQQ260825C00739000,QQQ,2026-08-25,call,739.0,0.0,0.0,0.03,147.0,0.015,0.02,1.0,,,,,,,2026-08-24,709.625,709.65,702.83,706.38,552704.0,706.932044
2026-08-24T20:35:06.234,2,1,QQQ260825C00740000,QQQ,2026-08-25,call,740.0,0.0,0.0,0.01,242.0,0.005,0.01,1.0,,,,,,,2026-08-24,709.625,709.65,702.83,706.38,552704.0,706.932044
2026-08-24T20:35:06.234,2,1,QQQ260825C00741000,QQQ,2026-08-25,call,741.0,0.0,0.0,0.01,145.0,0.005,0.01,1.0,,,,,,,2026-08-24,709.625,709.65,702.83,706.38,552704.0,706.932044
2026-08-24T20:35:06.234,2,1,QQQ260825C00742000,QQQ,2026-08-25,call,742.0,0.0,0.0,0.03,100.0,0.015,0.03,1.0,,,,,,,2026-08-24,709.625,709.65,702.83,706.38,552704.0,706.932044
2026-08-24T20:35:06.234,2,1,QQQ260825C00743000,QQQ,2026-08-25,call,743.0,0.0,0.0,0.01,127.0,0.005,0.01,6.0,,,,,,,2026-08-24,709.625,709.65,702.83,706.38,552704.0,706.932044
2026-08-24T20:35:06.234,2,1,QQQ260825C00744000,QQQ,2026-08-25,call,744.0,0.0,0.0,0.03,277.0,0.015,0.02,1.0,,,,,,,2026-08-24,709.625,709.65,702.83,706.38,552704.0,706.932044
2026-08-24T20:35:06.234,2,1,QQQ260825C00745000,QQQ,2026-08-25,call,745.0,0.0,0.0,0.01,122.0,0.005,0.01,1.0,,,,,,,2026-08-24,709.625,709.65,702.83,706.38,552704.0,706.932044
2026-08-24T20:35:06.234,2,1,QQQ260825C00746000,QQQ,2026-08-25,call,746.0,0.0,0.0,0.01,264.0,0.005,0.01,1.0,,,,,,,2026-08-24,709.625,709.65,702.83,706.38,552704.0,706.932044
2026-08-24T20:35:06.234,2,1,QQQ260825C00747000,QQQ,2026-08-25,call,747.0,0.0,0.0,0.03,258.0,0.015,0.01,25.0,,,,,,,2026-08-24,709.625,709.65,702.83,706.38,552704.0,706.932044
2026-08-24T20:35:06.234,2,1,QQQ260825C00748000,QQQ,2026-08-25,call,748.0,0.0,0.0,0.01,146.0,0.005,0.01,5.0,,,,,,,2026-08-24,709.625,709.65,702.83,706.38,552704.0,706.932044
2026-08-24T20:35:06.234,2,1,QQQ260825C00749000,QQQ,2026-08-25,call,749.0,0.0,0.0,0.03,152.0,0.015,0.01,3.0,,,,,,,2026-08-24,709.625,709.65,702.83,706.38,552704.0,706.932044
2026-08-24T20:35:06.234,2,1,QQQ260825C00750000,QQQ,2026-08-25,call,750.0,0.0,0.0,0.01,148.0,0.005,0.01,5.0,,,,,,,2026-08-24,709.625,709.65,702.83,706.38,552704.0,706.932044
2026-08-24T20:35:06.234,2,1,QQQ260825C00751000,QQQ,2026-08-25,call,751.0,0.0,0.0,0.03,320.0,0.015,0.04,5.0,,,,,,,2026-08-24,709.625,709.65,702.83,706.38,552704.0,706.932044
2026-08-24T20:35:06.234,2,1,QQQ260825C00752000,QQQ,2026-08-25,call,752.0,0.0,0.0,0.03,366.0,0.015,0.05,1.0,,,,,,,2026-08-24,709.625,709.65,702.83,706.38,552704.0,706.932044
2026-08-24T20:35:06.234,2,1,QQQ260825C00753000,QQQ,2026-08-25,call,753.0,0.0,0.0,0.03,355.0,0.015,0.01,10.0,,,,,,,2026-08-24,709.625,709.65,702.83,706.38,552704.0,706.932044
2026-08-24T20:35:06.234,2,1,QQQ260825C00754000,QQQ,2026-08-25,call,754.0,0.0,0.0,0.01,276.0,0.005,0.01,1.0,,,,,,,2026-08-24,709.625,709.65,702.83,706.38,552704.0,706.932044
2026-08-24T20:35:06.234,2,1,QQQ260825C00755000,QQQ,2026-08-25,call,755.0,0.0,0.0,0.03,327.0,0.015,0.01,35.0,,,,,,,2026-08-24,709.625,709.65,702.83,706.38,552704.0,706.932044
2026-08-24T20:35:06.234,2,1,QQQ260825C00756000,QQQ,2026-08-25,call,756.0,0.0,0.0,0.03,148.0,0.015,0.02,1.0,,,,,,,2026-08-24,709.625,709.65,702.83,706.38,552704.0,706.932044
2026-08-24T20:35:06.234,2,1,QQQ260825C00757000,QQQ,2026-08-25,call,757.0,0.0,0.0,0.03,155.0,0.015,0.02,1.0,,,,,,,2026-08-24,709.625,709.65,702.83,706.38,552704.0,706.932044
2026-08-24T20:35:06.234,2,1,QQQ260825C00758000,QQQ,2026-08-25,call,758.0,0.0,0.0,0.01,148.0,0.005,0.01,1.0,,,,,,,2026-08-24,709.625,709.65,702.83,706.38,552704.0,706.932044
2026-08-24T20:35:06.234,2,1,QQQ260825C00759000,QQQ,2026-08-25,call,759.0,0.0,0.0,0.03,155.0,0.015,0.03,1.0,,,,,,,2026-08-24,709.625,709.65,702.83,706.38,552704.0,706.932044
2026-08-24T20:35:06.234,2,1,QQQ260825C00760000,QQQ,2026-08-25,call,760.0,0.0,0.0,0.01,274.0,0.005,0.01,2.0,,,,,,,2026-08-24,709.625,709.65,702.83,706.38,552704.0,706.932044
2026-08-24T20:35:06.234,2,1,QQQ260825C00765000,QQQ,2026-08-25,call,765.0,0.0,0.0,0.01,333.0,0.005,0.07,2.0,,,,,,,2026-08-24,709.625,709.65,702.83,706.38,552704.0,706.932044
2026-08-24T20:35:06.234,2,1,QQQ260825C00770000,QQQ,2026-08-25,call,770.0,0.0,0.0,0.03,158.0,0.015,0.02,2.0,,,,,,,2026-08-24,709.625,709.65,702.83,706.38,552704.0,706.932044
2026-08-24T20:35:06.234,2,1,QQQ260825C00775000,QQQ,2026-08-25,call,775.0,0.0,0.0,0.03,165.0,0.015,0.03,1.0,,,,,,,2026-08-24,709.625,709.65,702.83,706.38,552704.0,706.932044
2026-08-24T20:35:06.234,2,1,QQQ260825C00780000,QQQ,2026-08-25,call,780.0,0.0,0.0,0.03,165.0,0.015,0.01,1.0,,,,,,,2026-08-24,709.625,709.65,702.83,706.38,552704.0,706.932044
2026-08-24T20:35:06.234,2,1,QQQ260825C00785000,QQQ,2026-08-25,call,785.0,0.0,0.0,0.01,165.0,0.005,0.01,1.0,,,,,,,2026-08-24,709.625,709.65,702.83,706.38,552704.0,706.932044
2026-08-24T20:35:06.234,2,1,QQQ260825C00790000,QQQ,2026-08-25,call,790.0,0.0,0.0,0.01,329.0,0.005,,,,,,,,,2026-08-24,709.625,709.65,702.83,706.38,552704.0,706.932044
2026-08-24T20:35:06.234,2,1,QQQ260825C00795000,QQQ,2026-08-25,call,795.0,0.0,0.0,0.03,165.0,0.015,,,,,,,,,2026-08-24,709.625,709.65,702.83,706.38,552704.0,706.932044
2026-08-24T20:35:06.234,2,1,QQQ260825C00800000,QQQ,2026-08-25,call,800.0,0.0,0.0,0.03,300.0,0.015,,,,,,,,,2026-08-24,709.625,709.65,702.83,706.38,552704.0,706.932044
2026-08-24T20:35:06.234,2,1,QQQ260825C00805000,QQQ,2026-08-25,call,805.0,0.0,0.0,0.03,165.0,0.015,,,,,,,,,2026-08-24,709.625,709.65,702.83,706.38,552704.0,706.932044
2026-08-24T20:35:06.234,2,1,QQQ260825C00810000,QQQ,2026-08-25,call,810.0,0.0,0.0,0.03,148.0,0.015,0.01,1.0,,,,,,,2026-08-24,709.625,709.65,702.83,706.38,552704.0,706.932044
2026-08-24T20:35:06.234,2,1,QQQ260825C00815000,QQQ,2026-08-25,call,815.0,0.0,0.0,0.03,148.0,0.015,0.02,3.0,,,,,,,2026-08-24,709.625,709.65,702.83,706.38,552704.0,706.932044
2026-08-24T20:35:06.234,2,1,QQQ260825C00820000,QQQ,2026-08-25,call,820.0,0.0,0.0,0.01,148.0,0.005,,,,,,,,,2026-08-24,709.625,709.65,702.83,706.38,552704.0,706.932044
2026-08-24T20:35:06.234,2,1,QQQ260825C00825000,QQQ,2026-08-25,call,825.0,0.0,0.0,0.01,148.0,0.005,,,,,,,,,2026-08-24,709.625,709.65,702.83,706.38,552704.0,706.932044
2026-08-24T20:35:06.234,2,1,QQQ260825C00830000,QQQ,2026-08-25,call,830.0,0.0,0.0,0.03,148.0,0.015,,,,,,,,,2026-08-24,709.625,709.65,702.83,706.38,552704.0,706.932044
2026-08-24T20:35:06.234,2,1,QQQ260825C00835000,QQQ,2026-08-25,call,835.0,0.0,0.0,0.03,148.0,0.015,0.01,3.0,,,,,,,2026-08-24,709.625,709.65,702.83,706.38,552704.0,706.932044
2026-08-24T20:35:06.234,2,1,QQQ260825C00840000,QQQ,2026-08-25,call,840.0,0.0,0.0,0.03,148.0,0.015,,,,,,,,,2026-08-24,709.625,709.65,702.83,706.38,552704.0,706.932044
2026-08-24T20:35:06.234,2,1,QQQ260825C00845000,QQQ,2026-08-25,call,845.0,0.0,0.0,0.03,148.0,0.015,,,,,,,,,2026-08-24,709.625,709.65,702.83,706.38,552704.0,706.932044
2026-08-24T20:35:06.234,2,1,QQQ260825C00850000,QQQ,2026-08-25,call,850.0,0.0,0.0,0.01,148.0,0.005,,,,,,,,,2026-08-24,709.625,709.65,702.83,706.38,552704.0,706.932044
2026-08-24T20:35:06.234,2,1,QQQ260825C00855000,QQQ,2026-08-25,call,855.0,0.0,0.0,0.01,148.0,0.005,,,,,,,,,2026-08-24,709.625,709.65,702.83,706.38,552704.0,706.932044
2026-08-24T20:35:06.234,2,1,QQQ260825C00860000,QQQ,2026-08-25,call,860.0,0.0,0.0,0.01,148.0,0.005,,,,,,,,,2026-08-24,709.625,709.65,702.83,706.38,552704.0,706.932044
2026-08-24T20:35:06.234,2,1,QQQ260825C00865000,QQQ,2026-08-25,call,865.0,0.0,0.0,0.01,148.0,0.005,,,,,,,,,2026-08-24,709.625,709.65,702.83,706.38,552704.0,706.932044
2026-08-24T20:35:06.234,2,1,QQQ260825C00870000,QQQ,2026-08-25,call,870.0,0.0,0.0,0.01,148.0,0.005,,,,,,,,,2026-08-24,709.625,709.65,702.83,706.38,552704.0,706.932044
2026-08-24T20:35:06.234,2,1,QQQ260825C00875000,QQQ,2026-08-25,call,875.0,0.0,0.0,0.01,148.0,0.005,,,,,,,,,2026-08-24,709.625,709.65,702.83,706.38,552704.0,706.932044
2026-08-24T20:35:06.234,2,1,QQQ260825C00880000,QQQ,2026-08-25,call,880.0,0.0,0.0,0.01,148.0,0.005,,,,,,,,,2026-08-24,709.625,709.65,702.83,706.38,552704.0,706.932044
2026-08-24T20:35:06.234,2,1,QQQ260825C00885000,QQQ,2026-08-25,call,885.0,0.0,0.0,0.01,148.0,0.005,,,,,,,,,2026-08-24,709.625,709.65,702.83,706.38,552704.0,706.932044
2026-08-24T20:35:06.234,2,1,QQQ260825C00890000,QQQ,2026-08-25,call,890.0,0.0,0.0,0.03,148.0,0.015,,,,,,,,,2026-08-24,709.625,709.65,702.83,706.38,552704.0,706.932044
2026-08-24T20:35:06.234,2,1,QQQ260825C00895000,QQQ,2026-08-25,call,895.0,0.0,0.0,0.01,148.0,0.005,,,,,,,,,2026-08-24,709.625,709.65,702.83,706.38,552704.0,706.932044
2026-08-24T20:35:06.234,2,1,QQQ260825C00900000,QQQ,2026-08-25,call,900.0,0.0,0.0,0.03,148.0,0.015,,,,,,,,,2026-08-24,709.625,709.65,702.83,706.38,552704.0,706.932044
2026-08-24T20:35:06.234,2,1,QQQ260825C00905000,QQQ,2026-08-25,call,905.0,0.0,0.0,0.03,148.0,0.015,,,,,,,,,2026-08-24,709.625,709.65,702.83,706.38,552704.0,706.932044
2026-08-24T20:35:06.234,2,1,QQQ260825C00910000,QQQ,2026-08-25,call,910.0,0.0,0.0,0.03,148.0,0.015,,,,,,,,,2026-08-24,709.625,709.65,702.83,706.38,552704.0,706.932044
2026-08-24T20:35:06.234,2,1,QQQ260825C00915000,QQQ,2026-08-25,call,915.0,0.0,0.0,0.03,148.0,0.015,,,,,,,,,2026-08-24,709.625,709.65,702.83,706.38,552704.0,706.932044
2026-08-24T20:35:06.234,2,1,QQQ260825C00920000,QQQ,2026-08-25,call,920.0,0.0,0.0,0.03,148.0,0.015,,,,,,,,,2026-08-24,709.625,709.65,702.83,706.38,552704.0,706.932044
2026-08-24T20:35:06.234,2,1,QQQ260825C00925000,QQQ,2026-08-25,call,925.0,0.0,0.0,0.03,148.0,0.015,,,,,,,,,2026-08-24,709.625,709.65,702.83,706.38,552704.0,706.932044
2026-08-24T20:35:06.234,2,1,QQQ260825C00930000,QQQ,2026-08-25,call,930.0,0.0,0.0,0.01,148.0,0.005,,,,,,,,,2026-08-24,709.625,709.65,702.83,706.38,552704.0,706.932044
2026-08-24T20:35:06.234,2,1,QQQ260825C00935000,QQQ,2026-08-25,call,935.0,0.0,0.0,0.03,148.0,0.015,,,,,,,,,2026-08-24,709.625,709.65,702.83,706.38,552704.0,706.932044
2026-08-24T20:35:06.234,2,1,QQQ260825C00940000,QQQ,2026-08-25,call,940.0,0.0,0.0,0.03,148.0,0.015,,,,,,,,,2026-08-24,709.625,709.65,702.83,706.38,552704.0,706.932044
2026-08-24T20:35:06.234,2,1,QQQ260825C00945000,QQQ,2026-08-25,call,945.0,0.0,0.0,0.01,148.0,0.005,,,,,,,,,2026-08-24,709.625,709.65,702.83,706.38,552704.0,706.932044
2026-08-24T20:35:06.234,2,1,QQQ260825C00950000,QQQ,2026-08-25,call,950.0,0.0,0.0,0.03,148.0,0.015,,,,,,,,,2026-08-24,709.625,709.65,702.83,706.38,552704.0,706.932044
2026-08-24T20:35:06.234,2,1,QQQ260825P00495000,QQQ,2026-08-25,put,495.0,0.0,0.0,0.03,22.0,0.015,0.01,10.0,,,,,,,2026-08-24,709.625,709.65,702.83,706.38,552704.0,706.932044
2026-08-24T20:35:06.234,2,1,QQQ260825P00500000,QQQ,2026-08-25,put,500.0,0.0,0.0,0.01,9500.0,0.005,0.01,5.0,,,,,,,2026-08-24,709.625,709.65,702.83,706.38,552704.0,706.932044
2026-08-24T20:35:06.234,2,1,QQQ260825P00505000,QQQ,2026-08-25,put,505.0,0.0,0.0,0.03,9500.0,0.015,0.01,48.0,,,,,,,2026-08-24,709.625,709.65,702.83,706.38,552704.0,706.932044
2026-08-24T20:35:06.234,2,1,QQQ260825P00510000,QQQ,2026-08-25,put,510.0,0.0,0.0,0.03,9500.0,0.015,0.01,3.0,,,,,,,2026-08-24,709.625,709.65,702.83,706.38,552704.0,706.932044
2026-08-24T20:35:06.234,2,1,QQQ260825P00515000,QQQ,2026-08-25,put,515.0,0.0,0.0,0.03,23.0,0.015,0.01,44.0,,,,,,,2026-08-24,709.625,709.65,702.83,706.38,552704.0,706.932044
2026-08-24T20:35:06.234,2,1,QQQ260825P00520000,QQQ,2026-08-25,put,520.0,0.0,0.0,0.03,80.0,0.015,0.01,21.0,,,,,,,2026-08-24,709.625,709.65,702.83,706.38,552704.0,706.932044
2026-08-24T20:35:06.234,2,1,QQQ260825P00525000,QQQ,2026-08-25,put,525.0,0.0,0.0,0.01,9500.0,0.005,0.01,41.0,,,,,,,2026-08-24,709.625,709.65,702.83,706.38,552704.0,706.932044
2026-08-24T20:35:06.234,2,1,QQQ260825P00530000,QQQ,2026-08-25,put,530.0,0.0,0.0,0.01,23.0,0.005,0.01,1.0,,,,,,,2026-08-24,709.625,709.65,702.83,706.38,552704.0,706.932044
2026-08-24T20:35:06.234,2,1,QQQ260825P00535000,QQQ,2026-08-25,put,535.0,0.0,0.0,0.01,9500.0,0.005,0.01,1.0,,,,,,,2026-08-24,709.625,709.65,702.83,706.38,552704.0,706.932044
2026-08-24T20:35:06.234,2,1,QQQ260825P00540000,QQQ,2026-08-25,put,540.0,0.0,0.0,0.01,73.0,0.005,0.01,31.0,,,,,,,2026-08-24,709.625,709.65,702.83,706.38,552704.0,706.932044
2026-08-24T20:35:06.234,2,1,QQQ260825P00545000,QQQ,2026-08-25,put,545.0,0.0,0.0,0.01,5000.0,0.005,0.01,8.0,,,,,,,2026-08-24,709.625,709.65,702.83,706.38,552704.0,706.932044
2026-08-24T20:35:06.234,2,1,QQQ260825P00550000,QQQ,2026-08-25,put,550.0,0.0,0.0,0.01,5000.0,0.005,0.02,1.0,,,,,,,2026-08-24,709.625,709.65,702.83,706.38,552704.0,706.932044
2026-08-24T20:35:06.234,2,1,QQQ260825P00555000,QQQ,2026-08-25,put,555.0,0.0,0.0,0.03,35.0,0.015,0.01,48.0,,,,,,,2026-08-24,709.625,709.65,702.83,706.38,552704.0,706.932044
2026-08-24T20:35:06.234,2,1,QQQ260825P00560000,QQQ,2026-08-25,put,560.0,0.0,0.0,0.04,186.0,0.02,0.01,8.0,,,,,,,2026-08-24,709.625,709.65,702.83,706.38,552704.0,706.932044
2026-08-24T20:35:06.234,2,1,QQQ260825P00565000,QQQ,2026-08-25,put,565.0,0.0,0.0,0.04,188.0,0.02,0.01,10.0,,,,,,,2026-08-24,709.625,709.65,702.83,706.38,552704.0,706.932044
2026-08-24T20:35:06.234,2,1,QQQ260825P00570000,QQQ,2026-08-25,put,570.0,0.0,0.0,0.03,2.0,0.015,,,,,,,,,2026-08-24,709.625,709.65,702.83,706.38,552704.0,706.932044
2026-08-24T20:35:06.234,2,1,QQQ260825P00575000,QQQ,2026-08-25,put,575.0,0.0,0.0,0.03,23.0,0.015,0.01,48.0,,,,,,,2026-08-24,709.625,709.65,702.83,706.38,552704.0,706.932044
2026-08-24T20:35:06.234,2,1,QQQ260825P00580000,QQQ,2026-08-25,put,580.0,0.0,0.0,0.03,23.0,0.015,0.01,10.0,,,,,,,2026-08-24,709.625,709.65,702.83,706.38,552704.0,706.932044
2026-08-24T20:35:06.234,2,1,QQQ260825P00585000,QQQ,2026-08-25,put,585.0,0.0,0.0,0.04,187.0,0.02,0.01,2.0,,,,,,,2026-08-24,709.625,709.65,702.83,706.38,552704.0,706.932044
2026-08-24T20:35:06.234,2,1,QQQ260825P00590000,QQQ,2026-08-25,put,590.0,0.0,0.0,0.01,178.0,0.005,0.01,2.0,,,,,,,2026-08-24,709.625,709.65,702.83,706.38,552704.0,706.932044
2026-08-24T20:35:06.234,2,1,QQQ260825P00595000,QQQ,2026-08-25,put,595.0,0.0,0.0,0.03,11.0,0.015,0.01,1.0,,,,,,,2026-08-24,709.625,709.65,702.83,706.38,552704.0,706.932044
2026-08-24T20:35:06.234,2,1,QQQ260825P00600000,QQQ,2026-08-25,put,600.0,0.0,0.0,0.04,267.0,0.02,0.01,40.0,,,,,,,2026-08-24,709.625,709.65,702.83,706.38,552704.0,706.932044
2026-08-24T20:35:06.234,2,1,QQQ260825P00605000,QQQ,2026-08-25,put,605.0,0.0,0.0,0.01,423.0,0.005,0.02,1.0,,,,,,,2026-08-24,709.625,709.65,702.83,706.38,552704.0,706.932044
2026-08-24T20:35:06.234,2,1,QQQ260825P00610000,QQQ,2026-08-25,put,610.0,0.0,0.0,0.04,187.0,0.02,0.01,6.0,,,,,,,2026-08-24,709.625,709.65,702.83,706.38,552704.0,706.932044
2026-08-24T20:35:06.234,2,1,QQQ260825P00615000,QQQ,2026-08-25,put,615.0,0.0,0.0,0.01,162.0,0.005,0.01,5.0,,,,,,,2026-08-24,709.625,709.65,702.83,706.38,552704.0,706.932044
2026-08-24T20:35:06.234,2,1,QQQ260825P00620000,QQQ,2026-08-25,put,620.0,0.0,0.0,0.01,195.0,0.005,0.01,5.0,,,,,,,2026-08-24,709.625,709.65,702.83,706.38,552704.0,706.932044
2026-08-24T20:35:06.234,2,1,QQQ260825P00625000,QQQ,2026-08-25,put,625.0,0.01,71.0,0.04,270.0,0.025,0.01,3.0,,,,,,,2026-08-24,709.625,709.65,702.83,706.38,552704.0,706.932044
2026-08-24T20:35:06.234,2,1,QQQ260825P00630000,QQQ,2026-08-25,put,630.0,0.03,48.0,0.04,148.0,0.035,0.01,2.0,0.8208,-0.0037,0.0004,-0.1675,0.0041,-0.0001,2026-08-24,709.625,709.65,702.83,706.38,552704.0,706.932044
2026-08-24T20:35:06.234,2,1,QQQ260825P00635000,QQQ,2026-08-25,put,635.0,0.01,65.0,0.04,148.0,0.025,0.02,1.0,0.7433,-0.003,0.0003,-0.1248,0.0034,-0.0001,2026-08-24,709.625,709.65,702.83,706.38,552704.0,706.932044
2026-08-24T20:35:06.234,2,1,QQQ260825P00640000,QQQ,2026-08-25,put,640.0,0.03,90.0,0.04,148.0,0.035,0.03,1.0,0.7181,-0.0042,0.0005,-0.1637,0.0046,-0.0001,2026-08-24,709.625,709.65,702.83,706.38,552704.0,706.932044
2026-08-24T20:35:06.234,2,1,QQQ260825P00645000,QQQ,2026-08-25,put,645.0,0.03,121.0,0.04,226.0,0.035,0.03,1.0,0.6669,-0.0045,0.0005,-0.1616,0.0049,-0.0001,2026-08-24,709.625,709.65,702.83,706.38,552704.0,706.932044
2026-08-24T20:35:06.234,2,1,QQQ260825P00650000,QQQ,2026-08-25,put,650.0,0.03,121.0,0.04,235.0,0.035,0.03,1.0,0.6157,-0.0048,0.0006,-0.1593,0.0052,-0.0001,2026-08-24,709.625,709.65,702.83,706.38,552704.0,706.932044
2026-08-24T20:35:06.234,2,1,QQQ260825P00655000,QQQ,2026-08-25,put,655.0,0.01,121.0,0.02,116.0,0.015,0.02,70.0,0.5169,-0.0026,0.0004,-0.0769,0.003,-0.0001,2026-08-24,709.625,709.65,702.83,706.38,552704.0,706.932044
2026-08-24T20:35:06.234,2,1,QQQ260825P00660000,QQQ,2026-08-25,put,660.0,0.01,257.0,0.04,135.0,0.025,0.03,5.0,0.4947,-0.0043,0.0007,-0.1164,0.0047,-0.0001,2026-08-24,709.625,709.65,702.83,706.38,552704.0,706.932044
2026-08-24T20:35:06.234,2,1,QQQ260825P00665000,QQQ,2026-08-25,put,665.0,0.01,361.0,0.02,114.0,0.015,0.02,1.0,0.4218,-0.0032,0.0006,-0.0744,0.0035,-0.0001,2026-08-24,709.625,709.65,702.83,706.38,552704.0,706.932044
2026-08-24T20:35:06.234,2,1,QQQ260825P00670000,QQQ,2026-08-25,put,670.0,0.01,514.0,0.03,479.0,0.02,0.03,5.0,0.3855,-0.0045,0.0009,-0.0927,0.0048,-0.0001,2026-08-24,709.625,709.65,702.83,706.38,552704.0,706.932044
2026-08-24T20:35:06.234,2,1,QQQ260825P00671000,QQQ,2026-08-25,put,671.0,0.01,528.0,0.03,470.0,0.02,0.03,1.0,0.3757,-0.0046,0.001,-0.0923,0.0049,-0.0001,2026-08-24,709.625,709.65,702.83,706.38,552704.0,706.932044
2026-08-24T20:35:06.234,2,1,QQQ260825P00672000,QQQ,2026-08-25,put,672.0,0.01,531.0,0.05,502.0,0.030000000000000002,0.03,48.0,0.3829,-0.0065,0.0013,-0.1287,0.0067,-0.0001,2026-08-24,709.625,709.65,702.83,706.38,552704.0,706.932044
2026-08-24T20:35:06.234,2,1,QQQ260825P00673000,QQQ,2026-08-25,put,673.0,0.01,228.0,0.05,200.0,0.030000000000000002,0.02,48.0,0.3727,-0.0067,0.0014,-0.128,0.0069,-0.0001,2026-08-24,709.625,709.65,702.83,706.38,552704.0,706.932044
2026-08-24T20:35:06.234,2,1,QQQ260825P00674000,QQQ,2026-08-25,put,674.0,0.04,100.0,0.05,145.0,0.045,0.04,40.0,0.3809,-0.0094,0.0018,-0.1776,0.0094,-0.0002,2026-08-24,709.625,709.65,702.83,706.38,552704.0,706.932044
2026-08-24T20:35:06.234,2,1,QQQ260825P00675000,QQQ,2026-08-25,put,675.0,0.01,222.0,0.05,282.0,0.030000000000000002,0.01,2.0,0.3523,-0.007,0.0015,-0.1266,0.0072,-0.0001,2026-08-24,709.625,709.65,702.83,706.38,552704.0,706.932044
2026-08-24T20:35:06.234,2,1,QQQ260825P00676000,QQQ,2026-08-25,put,676.0,0.03,221.0,0.05,136.0,0.04,0.02,1.0,0.3543,-0.0091,0.0019,-0.1594,0.009,-0.0002,2026-08-24,709.625,709.65,702.83,706.38,552704.0,706.932044
2026-08-24T20:35:06.234,2,1,QQQ260825P00677000,QQQ,2026-08-25,put,677.0,0.04,333.0,0.05,212.0,0.045,0.04,100.0,0.3489,-0.0102,0.0021,-0.1743,0.01,-0.0002,2026-08-24,709.625,709.65,702.83,706.38,552704.0,706.932044
2026-08-24T20:35:06.234,2,1,QQQ260825P00678000,QQQ,2026-08-25,put,678.0,0.01,276.0,0.02,188.0,0.015,0.02,29.0,0.2973,-0.0044,0.0012,-0.0699,0.0047,-0.0001,2026-08-24,709.625,709.65,702.83,706.38,552704.0,706.932044
2026-08-24T20:35:06.234,2,1,QQQ260825P00679000,QQQ,2026-08-25,put,679.0,0.04,487.0,0.05,121.0,0.045,0.04,1.0,0.3275,-0.0108,0.0024,-0.172,0.0106,-0.0002,2026-08-24,709.625,709.65,702.83,706.38,552704.0,706.932044
2026-08-24T20:35:06.234,2,1,QQQ260825P00680000,QQQ,2026-08-25,put,680.0,0.04,227.0,0.05,47.0,0.045,0.02,38.0,0.3168,-0.0112,0.0025,-0.1708,0.0108,-0.0002,2026-08-24,709.625,709.65,702.83,706.38,552704.0,706.932044
2026-08-24T20:35:06.234,2,1,QQQ260825P00681000,QQQ,2026-08-25,put,681.0,0.01,534.0,0.06,531.0,0.034999999999999996,0.04,1.0,0.2962,-0.0094,0.0023,-0.1381,0.0094,-0.0002,2026-08-24,709.625,709.65,702.83,706.38,552704.0,706.932044
2026-08-24T20:35:06.234,2,1,QQQ260825P00682000,QQQ,2026-08-25,put,682.0,0.05,121.0,0.06,373.0,0.055,0.02,200.0,0.3034,-0.0139,0.0032,-0.1977,0.0131,-0.0003,2026-08-24,709.625,709.65,702.83,706.38,552704.0,706.932044
2026-08-24T20:35:06.234,2,1,QQQ260825P00683000,QQQ,2026-08-25,put,683.0,0.01,158.0,0.06,47.0,0.034999999999999996,0.05,1.0,0.2752,-0.0101,0.0026,-0.136,0.0099,-0.0002,2026-08-24,709.625,709.65,702.83,706.38,552704.0,706.932044
2026-08-24T20:35:06.234,2,1,QQQ260825P00684000,QQQ,2026-08-25,put,684.0,0.06,138.0,0.07,470.0,0.065,0.05,10.0,0.288,-0.0169,0.0039,-0.222,0.0155,-0.0003,2026-08-24,709.625,709.65,702.83,706.38,552704.0,706.932044
2026-08-24T20:35:06.234,2,1,QQQ260825P00685000,QQQ,2026-08-25,put,685.0,0.06,726.0,0.07,265.0,0.065,0.06,1.0,0.2767,-0.0175,0.0042,-0.2199,0.016,-0.0003,2026-08-24,709.625,709.65,702.83,706.38,552704.0,706.932044
2026-08-24T20:35:06.234,2,1,QQQ260825P00686000,QQQ,2026-08-25,put,686.0,0.03,141.0,0.08,87.0,0.055,0.04,12.0,0.2589,-0.016,0.0042,-0.1905,0.0148,-0.0003,2026-08-24,709.625,709.65,702.83,706.38,552704.0,706.932044
2026-08-24T20:35:06.234,2,1,QQQ260825P00687000,QQQ,2026-08-25,put,687.0,0.04,100.0,0.09,141.0,0.065,0.06,1.0,0.2539,-0.0189,0.0049,-0.2153,0.0171,-0.0004,2026-08-24,709.625,709.65,702.83,706.38,552704.0,706.932044
2026-08-24T20:35:06.234,2,1,QQQ260825P00688000,QQQ,2026-08-25,put,688.0,0.09,279.0,0.1,271.0,0.095,0.08,2.0,0.2574,-0.0262,0.0064,-0.2868,0.0224,-0.0005,2026-08-24,709.625,709.65,702.83,706.38,552704.0,706.932044
2026-08-24T20:35:06.234,2,1,QQQ260825P00689000,QQQ,2026-08-25,put,689.0,0.1,220.0,0.11,29.0,0.10500000000000001,0.07,2.0,0.2495,-0.0294,0.0072,-0.306,0.0247,-0.0006,2026-08-24,709.625,709.65,702.83,706.38,552704.0,706.932044
2026-08-24T20:35:06.234,2,1,QQQ260825P00690000,QQQ,2026-08-25,put,690.0,0.08,205.0,0.09,157.0,0.08499999999999999,0.08,2.0,0.2289,-0.0263,0.0072,-0.2561,0.0225,-0.0005,2026-08-24,709.625,709.65,702.83,706.38,552704.0,706.932044
2026-08-24T20:35:06.234,2,1,QQQ260825P00691000,QQQ,2026-08-25,put,691.0,0.1,367.0,0.15,47.0,0.125,0.12,5.0,0.232,-0.0365,0.0093,-0.3399,0.0295,-0.0007,2026-08-24,709.625,709.65,702.83,706.38,552704.0,706.932044
2026-08-24T20:35:06.234,2,1,QQQ260825P00692000,QQQ,2026-08-25,put,692.0,0.16,531.0,0.17,37.0,0.165,0.14,38.0,0.2313,-0.0465,0.0114,-0.4127,0.036,-0.0009,2026-08-24,709.625,709.65,702.83,706.38,552704.0,706.932044
2026-08-24T20:35:06.234,2,1,QQQ260825P00693000,QQQ,2026-08-25,put,693.0,0.15,330.0,0.2,4.0,0.175,0.17,1.0,0.2206,-0.051,0.0129,-0.4234,0.0387,-0.001,2026-08-24,709.625,709.65,702.83,706.38,552704.0,706.932044
2026-08-24T20:35:06.234,2,1,QQQ260825P00694000,QQQ,2026-08-25,put,694.0,0.24,47.0,0.25,100.0,0.245,0.21,80.0,0.2228,-0.0674,0.0158,-0.5322,0.0482,-0.0013,2026-08-24,709.625,709.65,702.83,706.38,552704.0,706.932044
2026-08-24T20:35:06.234,2,1,QQQ260825P00695000,QQQ,2026-08-25,put,695.0,0.24,97.0,0.25,72.0,0.245,0.25,1.0,0.2084,-0.0714,0.0177,-0.5197,0.0504,-0.0014,2026-08-24,709.625,709.65,702.83,706.38,552704.0,706.932044
2026-08-24T20:35:06.234,2,1,QQQ260825P00696000,QQQ,2026-08-25,put,696.0,0.34,47.0,0.35,47.0,0.345,0.29,1.0,0.2113,-0.0941,0.0215,-0.6483,0.062,-0.0018,2026-08-24,709.625,709.65,702.83,706.38,552704.0,706.932044
2026-08-24T20:35:06.234,2,1,QQQ260825P00697000,QQQ,2026-08-25,put,697.0,0.41,25.0,0.42,46.0,0.415,0.34,1.0,0.206,-0.1119,0.025,-0.7169,0.0704,-0.0022,2026-08-24,709.625,709.65,702.83,706.38,552704.0,706.932044
2026-08-24T20:35:06.234,2,1,QQQ260825P00698000,QQQ,2026-08-25,put,698.0,0.49,29.0,0.51,34.0,0.5,0.45,1.0,0.2008,-0.1332,0.029,-0.7885,0.0795,-0.0026,2026-08-24,709.625,709.65,702.83,706.38,552704.0,706.932044
2026-08-24T20:35:06.234,2,1,QQQ260825P00699000,QQQ,2026-08-25,put,699.0,0.59,165.0,0.61,5.0,0.6,0.54,1.0,0.1951,-0.1579,0.0335,-0.8585,0.0892,-0.0031,2026-08-24,709.625,709.65,702.83,706.38,552704.0,706.932044
2026-08-24T20:35:06.234,2,1,QQQ260825P00700000,QQQ,2026-08-25,put,700.0,0.73,32.0,0.74,5.0,0.735,0.67,1.0,0.1908,-0.1888,0.0383,-0.9398,0.0999,-0.0037,2026-08-24,709.625,709.65,702.83,706.38,552704.0,706.932044
2026-08-24T20:35:06.234,2,1,QQQ260825P00701000,QQQ,2026-08-25,put,701.0,0.89,21.0,0.91,21.0,0.9,0.8,1.0,0.1866,-0.2249,0.0435,-1.018,0.1108,-0.0044,2026-08-24,709.625,709.65,702.83,706.38,552704.0,706.932044
2026-08-24T20:35:06.234,2,1,QQQ260825P00702000,QQQ,2026-08-25,put,702.0,1.04,20.0,1.06,24.0,1.05,0.98,3.0,0.1783,-0.2618,0.0494,-1.0542,0.1203,-0.0051,2026-08-24,709.625,709.65,702.83,706.38,552704.0,706.932044
2026-08-24T20:35:06.234,2,1,QQQ260825P00703000,QQQ,2026-08-25,put,703.0,1.28,300.0,1.36,66.0,1.32,1.2,35.0,0.1768,-0.3123,0.0542,-1.1338,0.1308,-0.0061,2026-08-24,709.625,709.65,702.83,706.38,552704.0,706.932044
2026-08-24T20:35:06.234,2,1,QQQ260825P00704000,QQQ,2026-08-25,put,704.0,1.57,39.0,1.67,72.0,1.62,1.48,6.0,0.1736,-0.3663,0.0586,-1.1815,0.1391,-0.0071,2026-08-24,709.625,709.65,702.83,706.38,552704.0,706.932044
2026-08-24T20:35:06.234,2,1,QQQ260825P00705000,QQQ,2026-08-25,put,705.0,1.89,124.0,2.009,81.0,1.9495,1.8,2.0,0.1688,-0.4244,0.0628,-1.1918,0.1448,-0.0083,2026-08-24,709.625,709.65,702.83,706.38,552704.0,706.932044
2026-08-24T20:35:06.234,2,1,QQQ260825P00706000,QQQ,2026-08-25,put,706.0,2.32,4.0,2.4,2.0,2.36,2.2,1.0,0.1655,-0.4878,0.0652,-1.1846,0.1474,-0.0095,2026-08-24,709.625,709.65,702.83,706.38,552704.0,706.932044
2026-08-24T20:35:06.234,2,1,QQQ260825P00707000,QQQ,2026-08-25,put,707.0,2.75,29.0,2.78,1.0,2.7649999999999997,2.61,1.0,0.1573,-0.5557,0.0679,-1.1091,0.146,-0.0108,2026-08-24,709.625,709.65,702.83,706.38,552704.0,706.932044
2026-08-24T20:35:06.234,2,1,QQQ260825P00708000,QQQ,2026-08-25,put,708.0,3.35,22.0,3.47,71.0,3.41,3.12,10.0,0.1611,-0.6196,0.064,-1.0897,0.1408,-0.0121,2026-08-24,709.625,709.65,702.83,706.38,552704.0,706.932044
2026-08-24T20:35:06.234,2,1,QQQ260825P00709000,QQQ,2026-08-25,put,709.0,3.87,8.0,3.95,14.0,3.91,3.74,1.0,0.1493,-0.6948,0.0635,-0.9173,0.1295,-0.0135,2026-08-24,709.625,709.65,702.83,706.38,552704.0,706.932044
2026-08-24T20:35:06.234,2,1,QQQ260825P00710000,QQQ,2026-08-25,put,710.0,4.53,14.0,4.58,14.0,4.555,4.37,1.0,0.1421,-0.7659,0.0584,-0.7507,0.1133,-0.0149,2026-08-24,709.625,709.65,702.83,706.38,552704.0,706.932044
2026-08-24T20:35:06.234,2,1,QQQ260825P00711000,QQQ,2026-08-25,put,711.0,5.25,70.0,5.43,100.0,5.34,5.13,2.0,0.141,-0.8217,0.0501,-0.6211,0.0964,-0.016,2026-08-24,709.625,709.65,702.83,706.38,552704.0,706.932044
2026-08-24T20:35:06.234,2,1,QQQ260825P00712000,QQQ,2026-08-25,put,712.0,5.98,23.0,6.3,32.0,6.140000000000001,5.88,1.0,0.135,-0.8774,0.0407,-0.4437,0.075,-0.0171,2026-08-24,709.625,709.65,702.83,706.38,552704.0,706.932044
2026-08-24T20:35:06.234,2,1,QQQ260825P00713000,QQQ,2026-08-25,put,713.0,6.77,23.0,7.12,14.0,6.945,6.67,1.0,0.1168,-0.9423,0.0268,-0.1821,0.0427,-0.0184,2026-08-24,709.625,709.65,702.83,706.38,552704.0,706.932044
2026-08-24T20:35:06.234,2,1,QQQ260825P00714000,QQQ,2026-08-25,put,714.0,7.7,50.0,7.87,48.0,7.785,7.5,2.0,,,,,,,2026-08-24,709.625,709.65,702.83,706.38,552704.0,706.932044
2026-08-24T20:35:06.234,2,1,QQQ260825P00715000,QQQ,2026-08-25,put,715.0,8.36,14.0,8.96,113.0,8.66,8.58,1.0,,,,,,,2026-08-24,709.625,709.65,702.83,706.38,552704.0,706.932044
2026-08-24T20:35:06.234,2,1,QQQ260825P00716000,QQQ,2026-08-25,put,716.0,9.56,14.0,10.04,14.0,9.8,9.45,1.0,,,,,,,2026-08-24,709.625,709.65,702.83,706.38,552704.0,706.932044
2026-08-24T20:35:06.234,2,1,QQQ260825P00717000,QQQ,2026-08-25,put,717.0,10.54,5.0,11.04,74.0,10.79,10.29,1.0,,,,,,,2026-08-24,709.625,709.65,702.83,706.38,552704.0,706.932044
2026-08-24T20:35:06.234,2,1,QQQ260825P00718000,QQQ,2026-08-25,put,718.0,11.43,5.0,12.09,5.0,11.76,11.45,1.0,,,,,,,2026-08-24,709.625,709.65,702.83,706.38,552704.0,706.932044
2026-08-24T20:35:06.234,2,1,QQQ260825P00719000,QQQ,2026-08-25,put,719.0,12.6,2.0,13.04,1.0,12.82,12.32,1.0,,,,,,,2026-08-24,709.625,709.65,702.83,706.38,552704.0,706.932044
2026-08-24T20:35:06.234,2,1,QQQ260825P00720000,QQQ,2026-08-25,put,720.0,13.49,1.0,14.08,1.0,13.785,13.31,2.0,,,,,,,2026-08-24,709.625,709.65,702.83,706.38,552704.0,706.932044
2026-08-24T20:35:06.234,2,1,QQQ260825P00721000,QQQ,2026-08-25,put,721.0,14.29,1.0,15.11,1.0,14.7,14.23,2.0,,,,,,,2026-08-24,709.625,709.65,702.83,706.38,552704.0,706.932044
2026-08-24T20:35:06.234,2,1,QQQ260825P00722000,QQQ,2026-08-25,put,722.0,15.11,1.0,15.99,2.0,15.55,15.14,1.0,,,,,,,2026-08-24,709.625,709.65,702.83,706.38,552704.0,706.932044
2026-08-24T20:35:06.234,2,1,QQQ260825P00723000,QQQ,2026-08-25,put,723.0,16.25,1.0,16.76,2.0,16.505000000000003,16.25,97.0,,,,,,,2026-08-24,709.625,709.65,702.83,706.38,552704.0,706.932044
2026-08-24T20:35:06.234,2,1,QQQ260825P00724000,QQQ,2026-08-25,put,724.0,17.15,2.0,17.73,2.0,17.439999999999998,16.38,3.0,,,,,,,2026-08-24,709.625,709.65,702.83,706.38,552704.0,706.932044
2026-08-24T20:35:06.234,2,1,QQQ260825P00725000,QQQ,2026-08-25,put,725.0,18.29,3.0,18.82,2.0,18.555,18.4,25.0,,,,,,,2026-08-24,709.625,709.65,702.83,706.38,552704.0,706.932044
2026-08-24T20:35:06.234,2,1,QQQ260825P00726000,QQQ,2026-08-25,put,726.0,19.54,3.0,19.87,1.0,19.705,18.12,2.0,,,,,,,2026-08-24,709.625,709.65,702.83,706.38,552704.0,706.932044
2026-08-24T20:35:06.234,2,1,QQQ260825P00727000,QQQ,2026-08-25,put,727.0,20.43,2.0,20.79,3.0,20.61,18.88,1.0,,,,,,,2026-08-24,709.625,709.65,702.83,706.38,552704.0,706.932044
2026-08-24T20:35:06.234,2,1,QQQ260825P00728000,QQQ,2026-08-25,put,728.0,21.11,1.0,21.69,1.0,21.4,20.29,1.0,,,,,,,2026-08-24,709.625,709.65,702.83,706.38,552704.0,706.932044
2026-08-24T20:35:06.234,2,1,QQQ260825P00729000,QQQ,2026-08-25,put,729.0,22.42,1.0,23.47,1.0,22.945,21.16,1.0,0.3093,-0.9749,0.0051,-0.2642,0.0217,-0.0195,2026-08-24,709.625,709.65,702.83,706.38,552704.0,706.932044
2026-08-24T20:35:06.234,2,1,QQQ260825P00730000,QQQ,2026-08-25,put,730.0,23.67,1.0,24.19,3.0,23.93,23.5,5.0,0.3131,-0.9782,0.0045,-0.2297,0.0192,-0.0196,2026-08-24,709.625,709.65,702.83,706.38,552704.0,706.932044
2026-08-24T20:35:06.234,2,1,QQQ260825P00731000,QQQ,2026-08-25,put,731.0,24.3,1.0,24.63,1.0,24.465,26.5,2.0,,,,,,,2026-08-24,709.625,709.65,702.83,706.38,552704.0,706.932044
2026-08-24T20:35:06.234,2,1,QQQ260825P00732000,QQQ,2026-08-25,put,732.0,25.42,1.0,26.16,1.0,25.79,23.67,1.0,,,,,,,2026-08-24,709.625,709.65,702.83,706.38,552704.0,706.932044
2026-08-24T20:35:06.234,2,1,QQQ260825P00733000,QQQ,2026-08-25,put,733.0,26.31,1.0,27.42,1.0,26.865000000000002,21.74,1.0,0.2945,-0.9921,0.002,-0.0454,0.008,-0.0199,2026-08-24,709.625,709.65,702.83,706.38,552704.0,706.932044
2026-08-24T20:35:06.234,2,1,QQQ260825P00734000,QQQ,2026-08-25,put,734.0,27.07,1.0,28.17,1.0,27.62,30.44,1.0,,,,,,,2026-08-24,709.625,709.65,702.83,706.38,552704.0,706.932044
2026-08-24T20:35:06.234,2,1,QQQ260825P00735000,QQQ,2026-08-25,put,735.0,28.6,1.0,29.23,3.0,28.915,28.35,1.0,0.3577,-0.9833,0.0031,-0.2015,0.0153,-0.0198,2026-08-24,709.625,709.65,702.83,706.38,552704.0,706.932044
2026-08-24T20:35:06.234,2,1,QQQ260825P00736000,QQQ,2026-08-25,put,736.0,29.49,1.0,30.23,3.0,29.86,24.57,1.0,0.3159,-0.9937,0.0015,-0.0305,0.0066,-0.02,2026-08-24,709.625,709.65,702.83,706.38,552704.0,706.932044
2026-08-24T20:35:06.234,2,1,QQQ260825P00737000,QQQ,2026-08-25,put,737.0,29.94,1.0,31.35,3.0,30.645000000000003,20.03,1.0,,,,,,,2026-08-24,709.625,709.65,702.83,706.38,552704.0,706.932044
2026-08-24T20:35:06.234,2,1,QQQ260825P00738000,QQQ,2026-08-25,put,738.0,31.03,1.0,31.55,1.0,31.29,22.6,1.0,,,,,,,2026-08-24,709.625,709.65,702.83,706.38,552704.0,706.932044
2026-08-24T20:35:06.234,2,1,QQQ260825P00739000,QQQ,2026-08-25,put,739.0,32.4,1.0,33.34,1.0,32.870000000000005,32.26,1.0,0.3579,-0.9922,0.0016,-0.0687,0.0079,-0.0201,2026-08-24,709.625,709.65,702.83,706.38,552704.0,706.932044
2026-08-24T20:35:06.234,2,1,QQQ260825P00740000,QQQ,2026-08-25,put,740.0,32.8,1.0,33.39,1.0,33.095,32.99,1.0,,,,,,,2026-08-24,709.625,709.65,702.83,706.38,552704.0,706.932044
2026-08-24T20:35:06.234,2,1,QQQ260825P00741000,QQQ,2026-08-25,put,741.0,34.83,1.0,35.37,1.0,35.099999999999994,22.02,24.0,0.5071,-0.9642,0.0042,-0.6664,0.0291,-0.0196,2026-08-24,709.625,709.65,702.83,706.38,552704.0,706.932044
2026-08-24T20:35:06.234,2,1,QQQ260825P00742000,QQQ,2026-08-25,put,742.0,35.01,1.0,36.07,1.0,35.54,23.59,4.0,,,,,,,2026-08-24,709.625,709.65,702.83,706.38,552704.0,706.932044
2026-08-24T20:35:06.234,2,1,QQQ260825P00743000,QQQ,2026-08-25,put,743.0,35.99,1.0,37.03,1.0,36.510000000000005,14.67,1.0,,,,,,,2026-08-24,709.625,709.65,702.83,706.38,552704.0,706.932044
2026-08-24T20:35:06.234,2,1,QQQ260825P00744000,QQQ,2026-08-25,put,744.0,36.71,1.0,38.48,1.0,37.595,26.86,1.0,,,,,,,2026-08-24,709.625,709.65,702.83,706.38,552704.0,706.932044
2026-08-24T20:35:06.234,2,1,QQQ260825P00745000,QQQ,2026-08-25,put,745.0,38.2,1.0,38.98,1.0,38.59,33.7,6.0,,,,,,,2026-08-24,709.625,709.65,702.83,706.38,552704.0,706.932044
2026-08-24T20:35:06.234,2,1,QQQ260825P00746000,QQQ,2026-08-25,put,746.0,40.02,1.0,40.64,1.0,40.33,28.54,1.0,0.6346,-0.949,0.0045,-1.1566,0.0387,-0.0195,2026-08-24,709.625,709.65,702.83,706.38,552704.0,706.932044
2026-08-24T20:35:06.234,2,1,QQQ260825P00747000,QQQ,2026-08-25,put,747.0,39.88,1.0,41.27,1.0,40.575,,,,,,,,,2026-08-24,709.625,709.65,702.83,706.38,552704.0,706.932044
2026-08-24T20:35:06.234,2,1,QQQ260825P00748000,QQQ,2026-08-25,put,748.0,41.05,1.0,41.32,1.0,41.185,,,,,,,,,2026-08-24,709.625,709.65,702.83,706.38,552704.0,706.932044
2026-08-24T20:35:06.234,2,1,QQQ260825P00749000,QQQ,2026-08-25,put,749.0,42.78,1.0,43.67,1.0,43.225,17.11,1.0,0.6412,-0.9589,0.0037,-0.9717,0.0326,-0.0197,2026-08-24,709.625,709.65,702.83,706.38,552704.0,706.932044
2026-08-24T20:35:06.234,2,1,QQQ260825P00750000,QQQ,2026-08-25,put,750.0,44.09,1.0,44.45,1.0,44.27,,,0.6665,-0.9563,0.0038,-1.0686,0.0342,-0.0197,2026-08-24,709.625,709.65,702.83,706.38,552704.0,706.932044
2026-08-24T20:35:06.234,2,1,QQQ260825P00751000,QQQ,2026-08-25,put,751.0,43.86,1.0,45.52,1.0,44.69,,,,,,,,,2026-08-24,709.625,709.65,702.83,706.38,552704.0,706.932044
2026-08-24T20:35:06.234,2,1,QQQ260825P00752000,QQQ,2026-08-25,put,752.0,45.38,1.0,46.17,1.0,45.775000000000006,47.58,1.0,,,,,,,2026-08-24,709.625,709.65,702.83,706.38,552704.0,706.932044
2026-08-24T20:35:06.234,2,1,QQQ260825P00753000,QQQ,2026-08-25,put,753.0,45.75,1.0,47.45,1.0,46.6,,,,,,,,,2026-08-24,709.625,709.65,702.83,706.38,552704.0,706.932044
2026-08-24T20:35:06.234,2,1,QQQ260825P00754000,QQQ,2026-08-25,put,754.0,48.3,1.0,48.96,1.0,48.629999999999995,,,0.8057,-0.9374,0.0041,-1.7621,0.0455,-0.0195,2026-08-24,709.625,709.65,702.83,706.38,552704.0,706.932044
2026-08-24T20:35:06.234,2,1,QQQ260825P00755000,QQQ,2026-08-25,put,755.0,47.76,1.0,48.64,1.0,48.2,,,,,,,,,2026-08-24,709.625,709.65,702.83,706.38,552704.0,706.932044
2026-08-24T20:35:06.234,2,1,QQQ260825P00756000,QQQ,2026-08-25,put,756.0,48.74,1.0,49.96,1.0,49.35,,,,,,,,,2026-08-24,709.625,709.65,702.83,706.38,552704.0,706.932044
2026-08-24T20:35:06.234,2,1,QQQ260825P00757000,QQQ,2026-08-25,put,757.0,50.46,1.0,51.49,1.0,50.975,,,0.6228,-0.9828,0.0018,-0.4145,0.0157,-0.0204,2026-08-24,709.625,709.65,702.83,706.38,552704.0,706.932044
2026-08-24T20:35:06.234,2,1,QQQ260825P00758000,QQQ,2026-08-25,put,758.0,51.77,1.0,52.43,1.0,52.1,,,0.6976,-0.9727,0.0024,-0.7373,0.0233,-0.0202,2026-08-24,709.625,709.65,702.83,706.38,552704.0,706.932044
2026-08-24T20:35:06.234,2,1,QQQ260825P00759000,QQQ,2026-08-25,put,759.0,51.69,1.0,53.21,1.0,52.45,,,,,,,,,2026-08-24,709.625,709.65,702.83,706.38,552704.0,706.932044
2026-08-24T20:35:06.234,2,1,QQQ260825P00760000,QQQ,2026-08-25,put,760.0,53.62,1.0,53.71,1.0,53.665,,,,,,,,,2026-08-24,709.625,709.65,702.83,706.38,552704.0,706.932044
2026-08-24T20:35:06.234,2,1,QQQ260825P00765000,QQQ,2026-08-25,put,765.0,58.23,1.0,59.8,1.0,59.015,,,0.7284,-0.9812,0.0017,-0.5418,0.0169,-0.0206,2026-08-24,709.625,709.65,702.83,706.38,552704.0,706.932044
2026-08-24T20:35:06.234,2,1,QQQ260825P00770000,QQQ,2026-08-25,put,770.0,63.35,1.0,63.46,1.0,63.405,,,,,,,,,2026-08-24,709.625,709.65,702.83,706.38,552704.0,706.932044
2026-08-24T20:35:06.234,2,1,QQQ260825P00775000,QQQ,2026-08-25,put,775.0,69.0,1.0,69.59,1.0,69.295,,,0.9588,-0.9663,0.0021,-1.2534,0.0277,-0.0206,2026-08-24,709.625,709.65,702.83,706.38,552704.0,706.932044
2026-08-24T20:35:06.234,2,1,QQQ260825P00780000,QQQ,2026-08-25,put,780.0,72.5,1.0,75.4,1.0,73.95,,,0.8266,-0.9886,0.001,-0.379,0.011,-0.0212,2026-08-24,709.625,709.65,702.83,706.38,552704.0,706.932044
2026-08-24T20:35:06.234,2,1,QQQ260825P00785000,QQQ,2026-08-25,put,785.0,77.15,1.0,78.29,1.0,77.72,,,,,,,,,2026-08-24,709.625,709.65,702.83,706.38,552704.0,706.932044
2026-08-24T20:35:06.234,2,1,QQQ260825P00790000,QQQ,2026-08-25,put,790.0,83.51,1.0,84.14,1.0,83.825,,,,,,,,,2026-08-24,709.625,709.65,702.83,706.38,552704.0,706.932044
2026-08-24T20:35:06.234,2,1,QQQ260825P00795000,QQQ,2026-08-25,put,795.0,87.6,1.0,89.84,1.0,88.72,,,,,,,,,2026-08-24,709.625,709.65,702.83,706.38,552704.0,706.932044
2026-08-24T20:35:06.234,2,1,QQQ260825P00800000,QQQ,2026-08-25,put,800.0,94.56,1.0,95.13,1.0,94.845,,,,,,,,,2026-08-24,709.625,709.65,702.83,706.38,552704.0,706.932044
2026-08-24T20:35:06.234,2,1,QQQ260825P00805000,QQQ,2026-08-25,put,805.0,99.37,1.0,99.99,1.0,99.68,,,,,,,,,2026-08-24,709.625,709.65,702.83,706.38,552704.0,706.932044
2026-08-24T20:35:06.234,2,1,QQQ260825P00810000,QQQ,2026-08-25,put,810.0,103.77,1.0,104.42,1.0,104.095,,,,,,,,,2026-08-24,709.625,709.65,702.83,706.38,552704.0,706.932044
2026-08-24T20:35:06.234,2,1,QQQ260825P00815000,QQQ,2026-08-25,put,815.0,109.84,1.0,110.46,1.0,110.15,,,,,,,,,2026-08-24,709.625,709.65,702.83,706.38,552704.0,706.932044
2026-08-24T20:35:06.234,2,1,QQQ260825P00820000,QQQ,2026-08-25,put,820.0,112.79,1.0,113.29,1.0,113.04,,,,,,,,,2026-08-24,709.625,709.65,702.83,706.38,552704.0,706.932044
2026-08-24T20:35:06.234,2,1,QQQ260825P00825000,QQQ,2026-08-25,put,825.0,119.25,1.0,120.84,1.0,120.045,,,,,,,,,2026-08-24,709.625,709.65,702.83,706.38,552704.0,706.932044
2026-08-24T20:35:06.234,2,1,QQQ260825P00830000,QQQ,2026-08-25,put,830.0,122.44,1.0,125.08,1.0,123.75999999999999,,,,,,,,,2026-08-24,709.625,709.65,702.83,706.38,552704.0,706.932044
2026-08-24T20:35:06.234,2,1,QQQ260825P00835000,QQQ,2026-08-25,put,835.0,128.93,1.0,129.259,1.0,129.09449999999998,,,,,,,,,2026-08-24,709.625,709.65,702.83,706.38,552704.0,706.932044
2026-08-24T20:35:06.234,2,1,QQQ260825P00840000,QQQ,2026-08-25,put,840.0,135.62,1.0,136.57,1.0,136.095,,,,,,,,,2026-08-24,709.625,709.65,702.83,706.38,552704.0,706.932044
2026-08-24T20:35:06.234,2,1,QQQ260825P00845000,QQQ,2026-08-25,put,845.0,139.85,1.0,140.51,1.0,140.18,,,,,,,,,2026-08-24,709.625,709.65,702.83,706.38,552704.0,706.932044
2026-08-24T20:35:06.234,2,1,QQQ260825P00850000,QQQ,2026-08-25,put,850.0,140.93,1.0,146.86,1.0,143.895,,,,,,,,,2026-08-24,709.625,709.65,702.83,706.38,552704.0,706.932044
2026-08-24T20:35:06.234,2,1,QQQ260825P00855000,QQQ,2026-08-25,put,855.0,150.82,1.0,151.5,1.0,151.16,,,,,,,,,2026-08-24,709.625,709.65,702.83,706.38,552704.0,706.932044
2026-08-24T20:35:06.234,2,1,QQQ260825P00860000,QQQ,2026-08-25,put,860.0,156.32,1.0,156.98,1.0,156.64999999999998,,,,,,,,,2026-08-24,709.625,709.65,702.83,706.38,552704.0,706.932044
2026-08-24T20:35:06.234,2,1,QQQ260825P00865000,QQQ,2026-08-25,put,865.0,161.19,1.0,161.84,1.0,161.515,,,,,,,,,2026-08-24,709.625,709.65,702.83,706.38,552704.0,706.932044
2026-08-24T20:35:06.234,2,1,QQQ260825P00870000,QQQ,2026-08-25,put,870.0,165.36,1.0,166.01,1.0,165.685,,,,,,,,,2026-08-24,709.625,709.65,702.83,706.38,552704.0,706.932044
2026-08-24T20:35:06.234,2,1,QQQ260825P00875000,QQQ,2026-08-25,put,875.0,168.18,1.0,168.76,1.0,168.47,,,,,,,,,2026-08-24,709.625,709.65,702.83,706.38,552704.0,706.932044
2026-08-24T20:35:06.234,2,1,QQQ260825P00880000,QQQ,2026-08-25,put,880.0,172.29,1.0,172.36,1.0,172.325,,,,,,,,,2026-08-24,709.625,709.65,702.83,706.38,552704.0,706.932044
2026-08-24T20:35:06.234,2,1,QQQ260825P00885000,QQQ,2026-08-25,put,885.0,179.63,1.0,180.25,1.0,179.94,,,,,,,,,2026-08-24,709.625,709.65,702.83,706.38,552704.0,706.932044
2026-08-24T20:35:06.234,2,1,QQQ260825P00890000,QQQ,2026-08-25,put,890.0,182.26,1.0,185.03,1.0,183.64499999999998,,,,,,,,,2026-08-24,709.625,709.65,702.83,706.38,552704.0,706.932044
2026-08-24T20:35:06.234,2,1,QQQ260825P00895000,QQQ,2026-08-25,put,895.0,188.38,1.0,188.7,1.0,188.54,,,,,,,,,2026-08-24,709.625,709.65,702.83,706.38,552704.0,706.932044
2026-08-24T20:35:06.234,2,1,QQQ260825P00900000,QQQ,2026-08-25,put,900.0,192.18,1.0,192.72,1.0,192.45,,,,,,,,,2026-08-24,709.625,709.65,702.83,706.38,552704.0,706.932044
2026-08-24T20:35:06.234,2,1,QQQ260825P00905000,QQQ,2026-08-25,put,905.0,199.92,1.0,202.54,1.0,201.23,,,,,,,,,2026-08-24,709.625,709.65,702.83,706.38,552704.0,706.932044
2026-08-24T20:35:06.234,2,1,QQQ260825P00910000,QQQ,2026-08-25,put,910.0,202.53,1.0,207.63,1.0,205.07999999999998,,,,,,,,,2026-08-24,709.625,709.65,702.83,706.38,552704.0,706.932044
2026-08-24T20:35:06.234,2,1,QQQ260825P00915000,QQQ,2026-08-25,put,915.0,211.05,1.0,211.71,1.0,211.38,,,,,,,,,2026-08-24,709.625,709.65,702.83,706.38,552704.0,706.932044
2026-08-24T20:35:06.234,2,1,QQQ260825P00920000,QQQ,2026-08-25,put,920.0,211.24,1.0,214.38,1.0,212.81,,,,,,,,,2026-08-24,709.625,709.65,702.83,706.38,552704.0,706.932044
2026-08-24T20:35:06.234,2,1,QQQ260825P00925000,QQQ,2026-08-25,put,925.0,221.24,1.0,221.82,1.0,221.53,,,,,,,,,2026-08-24,709.625,709.65,702.83,706.38,552704.0,706.932044
2026-08-24T20:35:06.234,2,1,QQQ260825P00930000,QQQ,2026-08-25,put,930.0,225.29,1.0,227.99,1.0,226.64,,,,,,,,,2026-08-24,709.625,709.65,702.83,706.38,552704.0,706.932044
2026-08-24T20:35:06.234,2,1,QQQ260825P00935000,QQQ,2026-08-25,put,935.0,230.61,1.0,231.23,1.0,230.92000000000002,,,,,,,,,2026-08-24,709.625,709.65,702.83,706.38,552704.0,706.932044
2026-08-24T20:35:06.234,2,1,QQQ260825P00940000,QQQ,2026-08-25,put,940.0,234.85,1.0,235.51,1.0,235.18,,,,,,,,,2026-08-24,709.625,709.65,702.83,706.38,552704.0,706.932044
2026-08-24T20:35:06.234,2,1,QQQ260825P00945000,QQQ,2026-08-25,put,945.0,235.82,1.0,236.48,1.0,236.14999999999998,,,,,,,,,2026-08-24,709.625,709.65,702.83,706.38,552704.0,706.932044
2026-08-24T20:35:06.234,2,1,QQQ260825P00950000,QQQ,2026-08-25,put,950.0,238.94,1.0,245.06,1.0,242.0,,,,,,,,,2026-08-24,709.625,709.65,702.83,706.38,552704.0,706.932044
2026-08-24T20:35:06.234,2,2,QQQ260826C00495000,QQQ,2026-08-26,call,495.0,214.28,1.0,214.94,1.0,214.61,,,,,,,,,2026-08-24,709.625,709.65,702.83,706.38,552704.0,706.932044
2026-08-24T20:35:06.234,2,2,QQQ260826C00500000,QQQ,2026-08-26,call,500.0,202.98,1.0,207.17,1.0,205.075,,,,,,,,,2026-08-24,709.625,709.65,702.83,706.38,552704.0,706.932044
2026-08-24T20:35:06.234,2,2,QQQ260826C00505000,QQQ,2026-08-26,call,505.0,200.83,1.0,203.68,1.0,202.255,,,,,,,,,2026-08-24,709.625,709.65,702.83,706.38,552704.0,706.932044
2026-08-24T20:35:06.234,2,2,QQQ260826C00510000,QQQ,2026-08-26,call,510.0,194.16,1.0,194.82,1.0,194.49,,,,,,,,,2026-08-24,709.625,709.65,702.83,706.38,552704.0,706.932044
2026-08-24T20:35:06.234,2,2,QQQ260826C00515000,QQQ,2026-08-26,call,515.0,191.43,1.0,192.09,1.0,191.76,,,,,,,,,2026-08-24,709.625,709.65,702.83,706.38,552704.0,706.932044
2026-08-24T20:35:06.234,2,2,QQQ260826C00520000,QQQ,2026-08-26,call,520.0,184.24,1.0,187.48,1.0,185.86,,,,,,,,,2026-08-24,709.625,709.65,702.83,706.38,552704.0,706.932044
2026-08-24T20:35:06.234,2,2,QQQ260826C00525000,QQQ,2026-08-26,call,525.0,180.05,1.0,182.11,1.0,181.08,183.53,28.0,,,,,,,2026-08-24,709.625,709.65,702.83,706.38,552704.0,706.932044
2026-08-24T20:35:06.234,2,2,QQQ260826C00530000,QQQ,2026-08-26,call,530.0,175.4,1.0,180.15,1.0,177.775,,,,,,,,,2026-08-24,709.625,709.65,702.83,706.38,552704.0,706.932044
2026-08-24T20:35:06.234,2,2,QQQ260826C00535000,QQQ,2026-08-26,call,535.0,170.47,1.0,171.28,1.0,170.875,,,,,,,,,2026-08-24,709.625,709.65,702.83,706.38,552704.0,706.932044
2026-08-24T20:35:06.234,2,2,QQQ260826C00540000,QQQ,2026-08-26,call,540.0,163.31,1.0,166.75,1.0,165.03,173.7,59.0,,,,,,,2026-08-24,709.625,709.65,702.83,706.38,552704.0,706.932044
2026-08-24T20:35:06.234,2,2,QQQ260826C00545000,QQQ,2026-08-26,call,545.0,161.61,1.0,162.24,1.0,161.925,,,,,,,,,2026-08-24,709.625,709.65,702.83,706.38,552704.0,706.932044
2026-08-24T20:35:06.234,2,2,QQQ260826C00550000,QQQ,2026-08-26,call,550.0,155.55,1.0,156.11,1.0,155.83,,,,,,,,,2026-08-24,709.625,709.65,702.83,706.38,552704.0,706.932044
2026-08-24T20:35:06.234,2,2,QQQ260826C00555000,QQQ,2026-08-26,call,555.0,149.64,1.0,149.69,1.0,149.665,,,,,,,,,2026-08-24,709.625,709.65,702.83,706.38,552704.0,706.932044
2026-08-24T20:35:06.234,2,2,QQQ260826C00560000,QQQ,2026-08-26,call,560.0,148.75,1.0,149.57,1.0,149.16,,,,,,,,,2026-08-24,709.625,709.65,702.83,706.38,552704.0,706.932044
2026-08-24T20:35:06.234,2,2,QQQ260826C00565000,QQQ,2026-08-26,call,565.0,143.85,1.0,144.51,1.0,144.18,148.05,1.0,,,,,,,2026-08-24,709.625,709.65,702.83,706.38,552704.0,706.932044
2026-08-24T20:35:06.234,2,2,QQQ260826C00570000,QQQ,2026-08-26,call,570.0,138.03,1.0,138.69,1.0,138.36,,,,,,,,,2026-08-24,709.625,709.65,702.83,706.38,552704.0,706.932044
2026-08-24T20:35:06.234,2,2,QQQ260826C00575000,QQQ,2026-08-26,call,575.0,132.09,1.0,132.69,1.0,132.39,,,,,,,,,2026-08-24,709.625,709.65,702.83,706.38,552704.0,706.932044
2026-08-24T20:35:06.234,2,2,QQQ260826C00580000,QQQ,2026-08-26,call,580.0,127.6,5.0,128.1,1.0,127.85,129.59,6.0,,,,,,,2026-08-24,709.625,709.65,702.83,706.38,552704.0,706.932044
2026-08-24T20:35:06.234,2,2,QQQ260826C00585000,QQQ,2026-08-26,call,585.0,119.39,1.0,123.83,1.0,121.61,,,,,,,,,2026-08-24,709.625,709.65,702.83,706.38,552704.0,706.932044
2026-08-24T20:35:06.234,2,2,QQQ260826C00590000,QQQ,2026-08-26,call,590.0,117.4,2.0,117.59,1.0,117.495,142.8,1.0,,,,,,,2026-08-24,709.625,709.65,702.83,706.38,552704.0,706.932044
2026-08-24T20:35:06.234,2,2,QQQ260826C00595000,QQQ,2026-08-26,call,595.0,109.71,1.0,111.94,1.0,110.82499999999999,,,,,,,,,2026-08-24,709.625,709.65,702.83,706.38,552704.0,706.932044
2026-08-24T20:35:06.234,2,2,QQQ260826C00600000,QQQ,2026-08-26,call,600.0,107.42,5.0,107.97,1.0,107.695,,,,,,,,,2026-08-24,709.625,709.65,702.83,706.38,552704.0,706.932044
2026-08-24T20:35:06.234,2,2,QQQ260826C00605000,QQQ,2026-08-26,call,605.0,100.44,1.0,101.93,1.0,101.185,,,,,,,,,2026-08-24,709.625,709.65,702.83,706.38,552704.0,706.932044
2026-08-24T20:35:06.234,2,2,QQQ260826C00610000,QQQ,2026-08-26,call,610.0,94.25,5.0,96.41,5.0,95.33,,,,,,,,,2026-08-24,709.625,709.65,702.83,706.38,552704.0,706.932044
2026-08-24T20:35:06.234,2,2,QQQ260826C00615000,QQQ,2026-08-26,call,615.0,92.53,1.0,93.19,1.0,92.86,,,,,,,,,2026-08-24,709.625,709.65,702.83,706.38,552704.0,706.932044
2026-08-24T20:35:06.234,2,2,QQQ260826C00620000,QQQ,2026-08-26,call,620.0,85.86,5.0,87.88,1.0,86.87,,,,,,,,,2026-08-24,709.625,709.65,702.83,706.38,552704.0,706.932044
2026-08-24T20:35:06.234,2,2,QQQ260826C00625000,QQQ,2026-08-26,call,625.0,79.65,1.0,82.9,1.0,81.275,,,0.6541,0.9946,0.0005,-0.195,0.0081,0.034,2026-08-24,709.625,709.65,702.83,706.38,552704.0,706.932044
2026-08-24T20:35:06.234,2,2,QQQ260826C00630000,QQQ,2026-08-26,call,630.0,77.15,5.0,78.17,1.0,77.66,83.17,2.0,1.0218,0.9392,0.0023,-1.6661,0.0629,0.0321,2026-08-24,709.625,709.65,702.83,706.38,552704.0,706.932044
2026-08-24T20:35:06.234,2,2,QQQ260826C00635000,QQQ,2026-08-26,call,635.0,71.33,1.0,71.58,1.0,71.455,,,0.6923,0.9821,0.0012,-0.4599,0.023,0.0341,2026-08-24,709.625,709.65,702.83,706.38,552704.0,706.932044
2026-08-24T20:35:06.234,2,2,QQQ260826C00640000,QQQ,2026-08-26,call,640.0,65.87,5.0,66.64,1.0,66.255,,,0.5111,0.9956,0.0005,-0.1494,0.0067,0.0349,2026-08-24,709.625,709.65,702.83,706.38,552704.0,706.932044
2026-08-24T20:35:06.234,2,2,QQQ260826C00645000,QQQ,2026-08-26,call,645.0,62.29,1.0,62.63,1.0,62.46,63.76,1.0,0.8238,0.9355,0.0029,-1.4171,0.0659,0.0328,2026-08-24,709.625,709.65,702.83,706.38,552704.0,706.932044
2026-08-24T20:35:06.234,2,2,QQQ260826C00650000,QQQ,2026-08-26,call,650.0,56.16,1.0,56.84,1.0,56.5,63.17,1.0,0.5749,0.9756,0.0019,-0.4931,0.0299,0.0347,2026-08-24,709.625,709.65,702.83,706.38,552704.0,706.932044
2026-08-24T20:35:06.234,2,2,QQQ260826C00655000,QQQ,2026-08-26,call,655.0,51.18,1.0,51.94,1.0,51.56,,,0.5474,0.9699,0.0024,-0.5518,0.0357,0.0347,2026-08-24,709.625,709.65,702.83,706.38,552704.0,706.932044
2026-08-24T20:35:06.234,2,2,QQQ260826C00660000,QQQ,2026-08-26,call,660.0,45.4,1.0,47.53,1.0,46.465,50.0,1.0,0.4733,0.9744,0.0024,-0.4328,0.0312,0.0352,2026-08-24,709.625,709.65,702.83,706.38,552704.0,706.932044
2026-08-24T20:35:06.234,2,2,QQQ260826C00665000,QQQ,2026-08-26,call,665.0,41.28,1.0,42.35,1.0,41.815,52.73,8.0,0.5067,0.9477,0.004,-0.771,0.0559,0.0344,2026-08-24,709.625,709.65,702.83,706.38,552704.0,706.932044
2026-08-24T20:35:06.234,2,2,QQQ260826C00670000,QQQ,2026-08-26,call,670.0,36.46,5.0,37.38,1.0,36.92,41.84,2.0,0.4725,0.9361,0.0051,-0.8347,0.0654,0.0342,2026-08-24,709.625,709.65,702.83,706.38,552704.0,706.932044
2026-08-24T20:35:06.234,2,2,QQQ260826C00671000,QQQ,2026-08-26,call,671.0,35.85,1.0,35.98,1.0,35.915,,,0.4613,0.9352,0.0052,-0.8248,0.0661,0.0342,2026-08-24,709.625,709.65,702.83,706.38,552704.0,706.932044
2026-08-24T20:35:06.234,2,2,QQQ260826C00672000,QQQ,2026-08-26,call,672.0,34.45,1.0,34.98,3.0,34.715,46.44,9.0,0.4183,0.9474,0.0049,-0.6506,0.0561,0.0348,2026-08-24,709.625,709.65,702.83,706.38,552704.0,706.932044
2026-08-24T20:35:06.234,2,2,QQQ260826C00673000,QQQ,2026-08-26,call,673.0,33.35,1.0,33.95,1.0,33.650000000000006,46.09,1.0,0.3965,0.9512,0.0049,-0.5877,0.0528,0.035,2026-08-24,709.625,709.65,702.83,706.38,552704.0,706.932044
2026-08-24T20:35:06.234,2,2,QQQ260826C00674000,QQQ,2026-08-26,call,674.0,31.81,1.0,33.18,3.0,32.495,35.28,1.0,0.3541,0.9637,0.0043,-0.4335,0.0416,0.0355,2026-08-24,709.625,709.65,702.83,706.38,552704.0,706.932044
2026-08-24T20:35:06.234,2,2,QQQ260826C00675000,QQQ,2026-08-26,call,675.0,31.63,1.0,32.21,3.0,31.92,33.76,1.0,0.4198,0.9294,0.0062,-0.8039,0.0707,0.0342,2026-08-24,709.625,709.65,702.83,706.38,552704.0,706.932044
2026-08-24T20:35:06.234,2,2,QQQ260826C00676000,QQQ,2026-08-26,call,676.0,30.61,1.0,30.99,3.0,30.799999999999997,32.7,1.0,0.3916,0.9362,0.0061,-0.7026,0.0653,0.0345,2026-08-24,709.625,709.65,702.83,706.38,552704.0,706.932044
2026-08-24T20:35:06.234,2,2,QQQ260826C00677000,QQQ,2026-08-26,call,677.0,28.85,1.0,30.09,3.0,29.47,,,0.3204,0.9636,0.0048,-0.399,0.0417,0.0357,2026-08-24,709.625,709.65,702.83,706.38,552704.0,706.932044
2026-08-24T20:35:06.234,2,2,QQQ260826C00678000,QQQ,2026-08-26,call,678.0,27.77,1.0,29.14,1.0,28.455,,,0.3075,0.9643,0.0049,-0.3805,0.041,0.0358,2026-08-24,709.625,709.65,702.83,706.38,552704.0,706.932044
2026-08-24T20:35:06.234,2,2,QQQ260826C00679000,QQQ,2026-08-26,call,679.0,26.99,1.0,27.42,1.0,27.205,32.91,1.0,,,,,,,2026-08-24,709.625,709.65,702.83,706.38,552704.0,706.932044
2026-08-24T20:35:06.234,2,2,QQQ260826C00680000,QQQ,2026-08-26,call,680.0,25.92,6.0,26.57,5.0,26.245,27.9,1.0,0.202,0.9944,0.0015,-0.1097,0.0083,0.037,2026-08-24,709.625,709.65,702.83,706.38,552704.0,706.932044
2026-08-24T20:35:06.234,2,2,QQQ260826C00681000,QQQ,2026-08-26,call,681.0,25.65,1.0,25.82,1.0,25.735,27.09,1.0,0.33,0.9334,0.0075,-0.6207,0.0675,0.0347,2026-08-24,709.625,709.65,702.83,706.38,552704.0,706.932044
2026-08-24T20:35:06.234,2,2,QQQ260826C00682000,QQQ,2026-08-26,call,682.0,24.7,1.0,25.31,1.0,25.005,31.6,1.0,0.3547,0.9103,0.0087,-0.8125,0.0846,0.0339,2026-08-24,709.625,709.65,702.83,706.38,552704.0,706.932044
2026-08-24T20:35:06.234,2,2,QQQ260826C00683000,QQQ,2026-08-26,call,683.0,22.89,1.0,23.84,3.0,23.365000000000002,25.56,1.0,0.2387,0.9714,0.0052,-0.2705,0.0342,0.0363,2026-08-24,709.625,709.65,702.83,706.38,552704.0,706.932044
2026-08-24T20:35:06.234,2,2,QQQ260826C00684000,QQQ,2026-08-26,call,684.0,22.25,3.0,22.68,1.0,22.465,20.72,15.0,0.254,0.9564,0.007,-0.3718,0.0483,0.0358,2026-08-24,709.625,709.65,702.83,706.38,552704.0,706.932044
2026-08-24T20:35:06.234,2,2,QQQ260826C00685000,QQQ,2026-08-26,call,685.0,21.35,1.0,21.79,1.0,21.57,32.58,2.0,0.2636,0.9423,0.0084,-0.4626,0.0604,0.0353,2026-08-24,709.625,709.65,702.83,706.38,552704.0,706.932044
2026-08-24T20:35:06.234,2,2,QQQ260826C00686000,QQQ,2026-08-26,call,686.0,20.61,8.0,21.31,8.0,20.96,30.68,1.0,0.3048,0.9031,0.0108,-0.7445,0.0896,0.0338,2026-08-24,709.625,709.65,702.83,706.38,552704.0,706.932044
2026-08-24T20:35:06.234,2,2,QQQ260826C00687000,QQQ,2026-08-26,call,687.0,19.56,5.0,20.41,5.0,19.985,20.05,1.0,0.2962,0.898,0.0115,-0.7505,0.0931,0.0336,2026-08-24,709.625,709.65,702.83,706.38,552704.0,706.932044
2026-08-24T20:35:06.234,2,2,QQQ260826C00688000,QQQ,2026-08-26,call,688.0,18.54,11.0,18.92,5.0,18.73,18.87,5.0,0.2556,0.918,0.0113,-0.5686,0.0791,0.0345,2026-08-24,709.625,709.65,702.83,706.38,552704.0,706.932044
2026-08-24T20:35:06.234,2,2,QQQ260826C00689000,QQQ,2026-08-26,call,689.0,17.65,3.0,18.35,3.0,18.0,29.06,4.0,0.2747,0.8897,0.0131,-0.7375,0.0985,0.0334,2026-08-24,709.625,709.65,702.83,706.38,552704.0,706.932044
2026-08-24T20:35:06.234,2,2,QQQ260826C00690000,QQQ,2026-08-26,call,690.0,16.309,3.0,17.26,3.0,16.7845,18.14,1.0,0.2403,0.9059,0.0134,-0.5891,0.0877,0.0341,2026-08-24,709.625,709.65,702.83,706.38,552704.0,706.932044
2026-08-24T20:35:06.234,2,2,QQQ260826C00691000,QQQ,2026-08-26,call,691.0,15.67,3.0,16.47,3.0,16.07,17.31,11.0,0.2579,0.8752,0.0152,-0.7531,0.1075,0.033,2026-08-24,709.625,709.65,702.83,706.38,552704.0,706.932044
2026-08-24T20:35:06.234,2,2,QQQ260826C00692000,QQQ,2026-08-26,call,692.0,14.54,1.0,15.08,1.0,14.809999999999999,16.23,7.0,0.2206,0.8952,0.0157,-0.5852,0.0949,0.0338,2026-08-24,709.625,709.65,702.83,706.38,552704.0,706.932044
2026-08-24T20:35:06.234,2,2,QQQ260826C00693000,QQQ,2026-08-26,call,693.0,14.04,3.0,14.24,3.0,14.14,15.39,6.0,0.2398,0.8587,0.0179,-0.761,0.1171,0.0324,2026-08-24,709.625,709.65,702.83,706.38,552704.0,706.932044
2026-08-24T20:35:06.234,2,2,QQQ260826C00694000,QQQ,2026-08-26,call,694.0,13.07,3.0,13.42,4.0,13.245000000000001,13.46,4.0,0.2358,0.8437,0.0194,-0.7967,0.1252,0.0319,2026-08-24,709.625,709.65,702.83,706.38,552704.0,706.932044
2026-08-24T20:35:06.234,2,2,QQQ260826C00695000,QQQ,2026-08-26,call,695.0,11.98,41.0,12.54,15.0,12.26,12.46,14.0,0.224,0.8352,0.0212,-0.7839,0.1296,0.0316,2026-08-24,709.625,709.65,702.83,706.38,552704.0,706.932044
2026-08-24T20:35:06.234,2,2,QQQ260826C00696000,QQQ,2026-08-26,call,696.0,11.28,43.0,11.81,61.0,11.545,12.82,6.0,0.2314,0.8053,0.0228,-0.8887,0.144,0.0305,2026-08-24,709.625,709.65,702.83,706.38,552704.0,706.932044
2026-08-24T20:35:06.234,2,2,QQQ260826C00697000,QQQ,2026-08-26,call,697.0,10.45,111.0,11.09,67.0,10.77,10.75,4.0,0.2323,0.7805,0.0244,-0.9515,0.1546,0.0296,2026-08-24,709.625,709.65,702.83,706.38,552704.0,706.932044
2026-08-24T20:35:06.234,2,2,QQQ260826C00698000,QQQ,2026-08-26,call,698.0,9.73,11.0,10.11,30.0,9.92,10.2,5.0,0.2269,0.76,0.0262,-0.9744,0.1625,0.0289,2026-08-24,709.625,709.65,702.83,706.38,552704.0,706.932044
2026-08-24T20:35:06.234,2,2,QQQ260826C00699000,QQQ,2026-08-26,call,699.0,9.02,27.0,9.18,23.0,9.1,9.1,4.0,0.2223,0.7369,0.0281,-0.9991,0.1706,0.028,2026-08-24,709.625,709.65,702.83,706.38,552704.0,706.932044
2026-08-24T20:35:06.234,2,2,QQQ260826C00700000,QQQ,2026-08-26,call,700.0,8.029,69.0,8.44,126.0,8.2345,8.45,2.0,0.214,0.7148,0.0304,-0.9992,0.1775,0.0272,2026-08-24,709.625,709.65,702.83,706.38,552704.0,706.932044
2026-08-24T20:35:06.234,2,2,QQQ260826C00701000,QQQ,2026-08-26,call,701.0,7.27,23.0,7.51,20.0,7.39,7.62,1.0,0.2058,0.6899,0.0328,-0.9969,0.1844,0.0263,2026-08-24,709.625,709.65,702.83,706.38,552704.0,706.932044
2026-08-24T20:35:06.234,2,2,QQQ260826C00702000,QQQ,2026-08-26,call,702.0,6.73,3.0,6.81,6.0,6.77,6.96,4.0,0.2083,0.6545,0.0339,-1.0489,0.1927,0.025,2026-08-24,709.625,709.65,702.83,706.38,552704.0,706.932044
2026-08-24T20:35:06.234,2,2,QQQ260826C00703000,QQQ,2026-08-26,call,703.0,5.86,3.0,6.06,4.0,5.96,6.18,1.0,0.1993,0.6249,0.0364,-1.0311,0.1982,0.0238,2026-08-24,709.625,709.65,702.83,706.38,552704.0,706.932044
2026-08-24T20:35:06.234,2,2,QQQ260826C00704000,QQQ,2026-08-26,call,704.0,5.26,3.0,5.33,10.0,5.295,5.41,2.0,0.1961,0.5891,0.0379,-1.0379,0.2033,0.0225,2026-08-24,709.625,709.65,702.83,706.38,552704.0,706.932044
2026-08-24T20:35:06.234,2,2,QQQ260826C00705000,QQQ,2026-08-26,call,705.0,4.66,33.0,4.68,33.0,4.67,4.85,1.0,0.1932,0.5514,0.0392,-1.0372,0.2068,0.0211,2026-08-24,709.625,709.65,702.83,706.38,552704.0,706.932044
2026-08-24T20:35:06.234,2,2,QQQ260826C00706000,QQQ,2026-08-26,call,706.0,4.03,6.0,4.22,5.0,4.125,4.22,9.0,0.1923,0.512,0.0397,-1.0376,0.2084,0.0196,2026-08-24,709.625,709.65,702.83,706.38,552704.0,706.932044
2026-08-24T20:35:06.234,2,2,QQQ260826C00707000,QQQ,2026-08-26,call,707.0,3.5,15.0,3.58,3.0,3.54,3.67,3.0,0.1875,0.4715,0.0406,-1.008,0.208,0.018,2026-08-24,709.625,709.65,702.83,706.38,552704.0,706.932044
2026-08-24T20:35:06.234,2,2,QQQ260826C00708000,QQQ,2026-08-26,call,708.0,3.03,3.0,3.13,8.0,3.08,3.18,4.0,0.1868,0.431,0.0402,-0.9894,0.2054,0.0165,2026-08-24,709.625,709.65,702.83,706.38,552704.0,706.932044
2026-08-24T20:35:06.234,2,2,QQQ260826C00709000,QQQ,2026-08-26,call,709.0,2.57,57.0,2.71,19.0,2.6399999999999997,2.68,1.0,0.1851,0.3902,0.0397,-0.9555,0.2006,0.015,2026-08-24,709.625,709.65,702.83,706.38,552704.0,706.932044
2026-08-24T20:35:06.234,2,2,QQQ260826C00710000,QQQ,2026-08-26,call,710.0,2.15,122.0,2.23,30.0,2.19,2.23,2.0,0.1807,0.3479,0.0391,-0.8972,0.1932,0.0133,2026-08-24,709.625,709.65,702.83,706.38,552704.0,706.932044
2026-08-24T20:35:06.234,2,2,QQQ260826C00711000,QQQ,2026-08-26,call,711.0,1.85,22.0,1.9,34.0,1.875,1.92,3.0,0.1812,0.3103,0.0373,-0.8575,0.1845,0.0119,2026-08-24,709.625,709.65,702.83,706.38,552704.0,706.932044
2026-08-24T20:35:06.234,2,2,QQQ260826C00712000,QQQ,2026-08-26,call,712.0,1.5,66.0,1.59,17.0,1.545,1.56,1.0,0.1788,0.2716,0.0355,-0.7937,0.1733,0.0104,2026-08-24,709.625,709.65,702.83,706.38,552704.0,706.932044
2026-08-24T20:35:06.234,2,2,QQQ260826C00713000,QQQ,2026-08-26,call,713.0,1.26,23.0,1.3,45.0,1.28,1.29,3.0,0.1779,0.2364,0.0332,-0.7331,0.1611,0.0091,2026-08-24,709.625,709.65,702.83,706.38,552704.0,706.932044
2026-08-24T20:35:06.234,2,2,QQQ260826C00714000,QQQ,2026-08-26,call,714.0,1.0,26.0,1.06,24.0,1.03,1.04,1.0,0.1756,0.2018,0.0307,-0.66,0.1471,0.0078,2026-08-24,709.625,709.65,702.83,706.38,552704.0,706.932044
2026-08-24T20:35:06.234,2,2,QQQ260826C00715000,QQQ,2026-08-26,call,715.0,0.83,51.0,0.85,3.0,0.84,0.85,1.0,0.1751,0.1722,0.0279,-0.5959,0.1334,0.0066,2026-08-24,709.625,709.65,702.83,706.38,552704.0,706.932044
2026-08-24T20:35:06.234,2,2,QQQ260826C00716000,QQQ,2026-08-26,call,716.0,0.66,82.0,0.7,69.0,0.6799999999999999,0.67,3.0,0.1748,0.1456,0.025,-0.5321,0.1195,0.0056,2026-08-24,709.625,709.65,702.83,706.38,552704.0,706.932044
2026-08-24T20:35:06.234,2,2,QQQ260826C00717000,QQQ,2026-08-26,call,717.0,0.49,4.0,0.56,91.0,0.525,0.53,3.0,0.1725,0.1192,0.0221,-0.457,0.1041,0.0046,2026-08-24,709.625,709.65,702.83,706.38,552704.0,706.932044
2026-08-24T20:35:06.234,2,2,QQQ260826C00718000,QQQ,2026-08-26,call,718.0,0.38,23.0,0.44,125.0,0.41000000000000003,0.42,2.0,0.1715,0.0976,0.0192,-0.3932,0.0901,0.0038,2026-08-24,709.625,709.65,702.83,706.38,552704.0,706.932044
2026-08-24T20:35:06.234,2,2,QQQ260826C00719000,QQQ,2026-08-26,call,719.0,0.28,95.0,0.34,60.0,0.31000000000000005,0.32,2.0,0.1698,0.0779,0.0164,-0.3285,0.0761,0.003,2026-08-24,709.625,709.65,702.83,706.38,552704.0,706.932044
2026-08-24T20:35:06.234,2,2,QQQ260826C00720000,QQQ,2026-08-26,call,720.0,0.25,62.0,0.27,247.0,0.26,0.23,1.0,0.1726,0.0662,0.0142,-0.2945,0.0672,0.0025,2026-08-24,709.625,709.65,702.83,706.38,552704.0,706.932044
2026-08-24T20:35:06.234,2,2,QQQ260826C00721000,QQQ,2026-08-26,call,721.0,0.19,40.0,0.21,95.0,0.2,0.17,5.0,0.1722,0.0529,0.012,-0.2466,0.0564,0.002,2026-08-24,709.625,709.65,702.83,706.38,552704.0,706.932044
2026-08-24T20:35:06.234,2,2,QQQ260826C00722000,QQQ,2026-08-26,call,722.0,0.11,55.0,0.16,129.0,0.135,0.13,1.0,0.1681,0.0385,0.0095,-0.186,0.0436,0.0015,2026-08-24,709.625,709.65,702.83,706.38,552704.0,706.932044
2026-08-24T20:35:06.234,2,2,QQQ260826C00723000,QQQ,2026-08-26,call,723.0,0.11,94.0,0.13,188.0,0.12,0.1,1.0,0.1729,0.0339,0.0083,-0.1723,0.0393,0.0013,2026-08-24,709.625,709.65,702.83,706.38,552704.0,706.932044
2026-08-24T20:35:06.234,2,2,QQQ260826C00724000,QQQ,2026-08-26,call,724.0,0.05,5.0,0.1,161.0,0.07500000000000001,0.07,7.0,0.1677,0.023,0.0062,-0.121,0.0285,0.0009,2026-08-24,709.625,709.65,702.83,706.38,552704.0,706.932044
2026-08-24T20:35:06.234,2,2,QQQ260826C00725000,QQQ,2026-08-26,call,725.0,0.07,57.0,0.09,680.0,0.08,0.07,4.0,0.1773,0.0232,0.0059,-0.1287,0.0287,0.0009,2026-08-24,709.625,709.65,702.83,706.38,552704.0,706.932044
2026-08-24T20:35:06.234,2,2,QQQ260826C00726000,QQQ,2026-08-26,call,726.0,0.01,111.0,0.07,111.0,0.04,0.05,6.0,0.1674,0.0131,0.0039,-0.0748,0.0177,0.0005,2026-08-24,709.625,709.65,702.83,706.38,552704.0,706.932044
2026-08-24T20:35:06.234,2,2,QQQ260826C00727000,QQQ,2026-08-26,call,727.0,0.01,278.0,0.02,233.0,0.015,0.02,1.0,0.1548,0.0058,0.002,-0.0338,0.0086,0.0002,2026-08-24,709.625,709.65,702.83,706.38,552704.0,706.932044
2026-08-24T20:35:06.234,2,2,QQQ260826C00728000,QQQ,2026-08-26,call,728.0,0.04,8.0,0.05,698.0,0.045,0.04,1.0,0.1846,0.0134,0.0036,-0.0838,0.0179,0.0005,2026-08-24,709.625,709.65,702.83,706.38,552704.0,706.932044
2026-08-24T20:35:06.234,2,2,QQQ260826C00729000,QQQ,2026-08-26,call,729.0,0.01,1.0,0.02,229.0,0.015,0.02,6.0,0.1677,0.0054,0.0018,-0.0343,0.0081,0.0002,2026-08-24,709.625,709.65,702.83,706.38,552704.0,706.932044
2026-08-24T20:35:06.234,2,2,QQQ260826C00730000,QQQ,2026-08-26,call,730.0,0.03,53.0,0.04,25.0,0.035,0.02,4.0,0.1925,0.0103,0.0027,-0.0694,0.0143,0.0004,2026-08-24,709.625,709.65,702.83,706.38,552704.0,706.932044
2026-08-24T20:35:06.234,2,2,QQQ260826C00731000,QQQ,2026-08-26,call,731.0,0.01,3.0,0.04,80.0,0.025,0.03,7.0,0.1913,0.0076,0.0021,-0.0531,0.011,0.0003,2026-08-24,709.625,709.65,702.83,706.38,552704.0,706.932044
2026-08-24T20:35:06.234,2,2,QQQ260826C00732000,QQQ,2026-08-26,call,732.0,0.0,0.0,0.01,263.0,0.005,0.01,1.0,,,,,,,2026-08-24,709.625,709.65,702.83,706.38,552704.0,706.932044
2026-08-24T20:35:06.234,2,2,QQQ260826C00733000,QQQ,2026-08-26,call,733.0,0.03,1.0,0.04,274.0,0.035,0.03,2.0,0.2131,0.0094,0.0023,-0.0709,0.0132,0.0004,2026-08-24,709.625,709.65,702.83,706.38,552704.0,706.932044
2026-08-24T20:35:06.234,2,2,QQQ260826C00734000,QQQ,2026-08-26,call,734.0,0.03,1.0,0.04,236.0,0.035,0.03,10.0,0.2199,0.0091,0.0021,-0.0713,0.0129,0.0004,2026-08-24,709.625,709.65,702.83,706.38,552704.0,706.932044
2026-08-24T20:35:06.234,2,2,QQQ260826C00735000,QQQ,2026-08-26,call,735.0,0.03,20.0,0.04,252.0,0.035,0.01,1.0,0.2267,0.0089,0.002,-0.0717,0.0125,0.0003,2026-08-24,709.625,709.65,702.83,706.38,552704.0,706.932044
2026-08-24T20:35:06.234,2,2,QQQ260826C00736000,QQQ,2026-08-26,call,736.0,0.0,0.0,0.01,293.0,0.005,0.01,1.0,,,,,,,2026-08-24,709.625,709.65,702.83,706.38,552704.0,706.932044
2026-08-24T20:35:06.234,2,2,QQQ260826C00737000,QQQ,2026-08-26,call,737.0,0.0,0.0,0.04,223.0,0.02,0.01,1.0,,,,,,,2026-08-24,709.625,709.65,702.83,706.38,552704.0,706.932044
2026-08-24T20:35:06.234,2,2,QQQ260826C00738000,QQQ,2026-08-26,call,738.0,0.0,0.0,0.04,234.0,0.02,0.02,1.0,,,,,,,2026-08-24,709.625,709.65,702.83,706.38,552704.0,706.932044
2026-08-24T20:35:06.234,2,2,QQQ260826C00739000,QQQ,2026-08-26,call,739.0,0.0,0.0,0.03,31.0,0.015,0.01,1.0,,,,,,,2026-08-24,709.625,709.65,702.83,706.38,552704.0,706.932044
2026-08-24T20:35:06.234,2,2,QQQ260826C00740000,QQQ,2026-08-26,call,740.0,0.0,0.0,0.01,65.0,0.005,0.01,50.0,,,,,,,2026-08-24,709.625,709.65,702.83,706.38,552704.0,706.932044
2026-08-24T20:35:06.234,2,2,QQQ260826C00741000,QQQ,2026-08-26,call,741.0,0.0,0.0,0.01,24.0,0.005,0.01,1.0,,,,,,,2026-08-24,709.625,709.65,702.83,706.38,552704.0,706.932044
2026-08-24T20:35:06.234,2,2,QQQ260826C00742000,QQQ,2026-08-26,call,742.0,0.0,0.0,0.03,36.0,0.015,0.01,1.0,,,,,,,2026-08-24,709.625,709.65,702.83,706.38,552704.0,706.932044
2026-08-24T20:35:06.234,2,2,QQQ260826C00743000,QQQ,2026-08-26,call,743.0,0.0,0.0,0.03,93.0,0.015,0.02,1.0,,,,,,,2026-08-24,709.625,709.65,702.83,706.38,552704.0,706.932044
2026-08-24T20:35:06.234,2,2,QQQ260826C00744000,QQQ,2026-08-26,call,744.0,0.0,0.0,0.01,40.0,0.005,0.02,4.0,,,,,,,2026-08-24,709.625,709.65,702.83,706.38,552704.0,706.932044
2026-08-24T20:35:06.234,2,2,QQQ260826C00745000,QQQ,2026-08-26,call,745.0,0.0,0.0,0.01,57.0,0.005,0.01,1.0,,,,,,,2026-08-24,709.625,709.65,702.83,706.38,552704.0,706.932044
2026-08-24T20:35:06.234,2,2,QQQ260826C00746000,QQQ,2026-08-26,call,746.0,0.0,0.0,0.01,41.0,0.005,0.01,1.0,,,,,,,2026-08-24,709.625,709.65,702.83,706.38,552704.0,706.932044
2026-08-24T20:35:06.234,2,2,QQQ260826C00747000,QQQ,2026-08-26,call,747.0,0.0,0.0,0.01,42.0,0.005,0.01,3.0,,,,,,,2026-08-24,709.625,709.65,702.83,706.38,552704.0,706.932044
2026-08-24T20:35:06.234,2,2,QQQ260826C00748000,QQQ,2026-08-26,call,748.0,0.0,0.0,0.03,73.0,0.015,0.01,2.0,,,,,,,2026-08-24,709.625,709.65,702.83,706.38,552704.0,706.932044
2026-08-24T20:35:06.234,2,2,QQQ260826C00749000,QQQ,2026-08-26,call,749.0,0.0,0.0,0.01,64.0,0.005,0.01,4.0,,,,,,,2026-08-24,709.625,709.65,702.83,706.38,552704.0,706.932044
2026-08-24T20:35:06.234,2,2,QQQ260826C00750000,QQQ,2026-08-26,call,750.0,0.0,0.0,0.03,74.0,0.015,0.01,5.0,,,,,,,2026-08-24,709.625,709.65,702.83,706.38,552704.0,706.932044
2026-08-24T20:35:06.234,2,2,QQQ260826C00751000,QQQ,2026-08-26,call,751.0,0.0,0.0,0.03,80.0,0.015,0.01,1.0,,,,,,,2026-08-24,709.625,709.65,702.83,706.38,552704.0,706.932044
2026-08-24T20:35:06.234,2,2,QQQ260826C00752000,QQQ,2026-08-26,call,752.0,0.0,0.0,0.03,80.0,0.015,0.02,4.0,,,,,,,2026-08-24,709.625,709.65,702.83,706.38,552704.0,706.932044
2026-08-24T20:35:06.234,2,2,QQQ260826C00753000,QQQ,2026-08-26,call,753.0,0.0,0.0,0.01,66.0,0.005,0.03,4.0,,,,,,,2026-08-24,709.625,709.65,702.83,706.38,552704.0,706.932044
2026-08-24T20:35:06.234,2,2,QQQ260826C00754000,QQQ,2026-08-26,call,754.0,0.0,0.0,0.03,80.0,0.015,0.07,5.0,,,,,,,2026-08-24,709.625,709.65,702.83,706.38,552704.0,706.932044
2026-08-24T20:35:06.234,2,2,QQQ260826C00755000,QQQ,2026-08-26,call,755.0,0.0,0.0,0.01,48.0,0.005,0.01,1.0,,,,,,,2026-08-24,709.625,709.65,702.83,706.38,552704.0,706.932044
2026-08-24T20:35:06.234,2,2,QQQ260826C00756000,QQQ,2026-08-26,call,756.0,0.0,0.0,0.03,80.0,0.015,0.03,5.0,,,,,,,2026-08-24,709.625,709.65,702.83,706.38,552704.0,706.932044
2026-08-24T20:35:06.234,2,2,QQQ260826C00757000,QQQ,2026-08-26,call,757.0,0.0,0.0,0.01,53.0,0.005,0.01,4.0,,,,,,,2026-08-24,709.625,709.65,702.83,706.38,552704.0,706.932044
2026-08-24T20:35:06.234,2,2,QQQ260826C00758000,QQQ,2026-08-26,call,758.0,0.0,0.0,0.03,80.0,0.015,0.01,1.0,,,,,,,2026-08-24,709.625,709.65,702.83,706.38,552704.0,706.932044
2026-08-24T20:35:06.234,2,2,QQQ260826C00759000,QQQ,2026-08-26,call,759.0,0.0,0.0,0.01,92.0,0.005,0.01,2.0,,,,,,,2026-08-24,709.625,709.65,702.83,706.38,552704.0,706.932044
2026-08-24T20:35:06.234,2,2,QQQ260826C00760000,QQQ,2026-08-26,call,760.0,0.0,0.0,0.03,80.0,0.015,0.01,10.0,,,,,,,2026-08-24,709.625,709.65,702.83,706.38,552704.0,706.932044
2026-08-24T20:35:06.234,2,2,QQQ260826C00765000,QQQ,2026-08-26,call,765.0,0.0,0.0,0.03,80.0,0.015,0.02,10.0,,,,,,,2026-08-24,709.625,709.65,702.83,706.38,552704.0,706.932044
2026-08-24T20:35:06.234,2,2,QQQ260826C00770000,QQQ,2026-08-26,call,770.0,0.0,0.0,0.01,80.0,0.005,0.01,4.0,,,,,,,2026-08-24,709.625,709.65,702.83,706.38,552704.0,706.932044
2026-08-24T20:35:06.234,2,2,QQQ260826C00775000,QQQ,2026-08-26,call,775.0,0.0,0.0,0.03,80.0,0.015,0.01,4.0,,,,,,,2026-08-24,709.625,709.65,702.83,706.38,552704.0,706.932044
2026-08-24T20:35:06.234,2,2,QQQ260826C00780000,QQQ,2026-08-26,call,780.0,0.0,0.0,0.03,80.0,0.015,0.01,1.0,,,,,,,2026-08-24,709.625,709.65,702.83,706.38,552704.0,706.932044
2026-08-24T20:35:06.234,2,2,QQQ260826C00785000,QQQ,2026-08-26,call,785.0,0.0,0.0,0.03,80.0,0.015,0.06,5.0,,,,,,,2026-08-24,709.625,709.65,702.83,706.38,552704.0,706.932044
2026-08-24T20:35:06.234,2,2,QQQ260826C00790000,QQQ,2026-08-26,call,790.0,0.0,0.0,0.01,80.0,0.005,,,,,,,,,2026-08-24,709.625,709.65,702.83,706.38,552704.0,706.932044
2026-08-24T20:35:06.234,2,2,QQQ260826C00795000,QQQ,2026-08-26,call,795.0,0.0,0.0,0.03,80.0,0.015,0.08,1.0,,,,,,,2026-08-24,709.625,709.65,702.83,706.38,552704.0,706.932044
2026-08-24T20:35:06.234,2,2,QQQ260826C00800000,QQQ,2026-08-26,call,800.0,0.0,0.0,0.01,80.0,0.005,0.02,2.0,,,,,,,2026-08-24,709.625,709.65,702.83,706.38,552704.0,706.932044
2026-08-24T20:35:06.234,2,2,QQQ260826C00805000,QQQ,2026-08-26,call,805.0,0.0,0.0,0.03,80.0,0.015,0.06,1.0,,,,,,,2026-08-24,709.625,709.65,702.83,706.38,552704.0,706.932044
2026-08-24T20:35:06.234,2,2,QQQ260826C00810000,QQQ,2026-08-26,call,810.0,0.0,0.0,0.03,66.0,0.015,0.02,1.0,,,,,,,2026-08-24,709.625,709.65,702.83,706.38,552704.0,706.932044
2026-08-24T20:35:06.234,2,2,QQQ260826C00815000,QQQ,2026-08-26,call,815.0,0.0,0.0,0.01,85.0,0.005,,,,,,,,,2026-08-24,709.625,709.65,702.83,706.38,552704.0,706.932044
2026-08-24T20:35:06.234,2,2,QQQ260826C00820000,QQQ,2026-08-26,call,820.0,0.0,0.0,0.03,85.0,0.015,,,,,,,,,2026-08-24,709.625,709.65,702.83,706.38,552704.0,706.932044
2026-08-24T20:35:06.234,2,2,QQQ260826C00825000,QQQ,2026-08-26,call,825.0,0.0,0.0,0.03,85.0,0.015,0.02,1.0,,,,,,,2026-08-24,709.625,709.65,702.83,706.38,552704.0,706.932044
2026-08-24T20:35:06.234,2,2,QQQ260826C00830000,QQQ,2026-08-26,call,830.0,0.0,0.0,0.01,80.0,0.005,,,,,,,,,2026-08-24,709.625,709.65,702.83,706.38,552704.0,706.932044
2026-08-24T20:35:06.234,2,2,QQQ260826C00835000,QQQ,2026-08-26,call,835.0,0.0,0.0,0.01,80.0,0.005,,,,,,,,,2026-08-24,709.625,709.65,702.83,706.38,552704.0,706.932044
2026-08-24T20:35:06.234,2,2,QQQ260826C00840000,QQQ,2026-08-26,call,840.0,0.0,0.0,0.03,80.0,0.015,,,,,,,,,2026-08-24,709.625,709.65,702.83,706.38,552704.0,706.932044
2026-08-24T20:35:06.234,2,2,QQQ260826C00845000,QQQ,2026-08-26,call,845.0,0.0,0.0,0.03,80.0,0.015,,,,,,,,,2026-08-24,709.625,709.65,702.83,706.38,552704.0,706.932044
2026-08-24T20:35:06.234,2,2,QQQ260826C00850000,QQQ,2026-08-26,call,850.0,0.0,0.0,0.01,83.0,0.005,,,,,,,,,2026-08-24,709.625,709.65,702.83,706.38,552704.0,706.932044
2026-08-24T20:35:06.234,2,2,QQQ260826C00855000,QQQ,2026-08-26,call,855.0,0.0,0.0,0.03,80.0,0.015,,,,,,,,,2026-08-24,709.625,709.65,702.83,706.38,552704.0,706.932044
2026-08-24T20:35:06.234,2,2,QQQ260826C00860000,QQQ,2026-08-26,call,860.0,0.0,0.0,0.01,85.0,0.005,,,,,,,,,2026-08-24,709.625,709.65,702.83,706.38,552704.0,706.932044
2026-08-24T20:35:06.234,2,2,QQQ260826C00865000,QQQ,2026-08-26,call,865.0,0.0,0.0,0.03,85.0,0.015,,,,,,,,,2026-08-24,709.625,709.65,702.83,706.38,552704.0,706.932044
2026-08-24T20:35:06.234,2,2,QQQ260826C00870000,QQQ,2026-08-26,call,870.0,0.0,0.0,0.01,80.0,0.005,,,,,,,,,2026-08-24,709.625,709.65,702.83,706.38,552704.0,706.932044
2026-08-24T20:35:06.234,2,2,QQQ260826C00875000,QQQ,2026-08-26,call,875.0,0.0,0.0,0.03,87.0,0.015,,,,,,,,,2026-08-24,709.625,709.65,702.83,706.38,552704.0,706.932044
2026-08-24T20:35:06.234,2,2,QQQ260826C00880000,QQQ,2026-08-26,call,880.0,0.0,0.0,0.01,80.0,0.005,,,,,,,,,2026-08-24,709.625,709.65,702.83,706.38,552704.0,706.932044
2026-08-24T20:35:06.234,2,2,QQQ260826C00885000,QQQ,2026-08-26,call,885.0,0.0,0.0,0.03,80.0,0.015,,,,,,,,,2026-08-24,709.625,709.65,702.83,706.38,552704.0,706.932044
2026-08-24T20:35:06.234,2,2,QQQ260826C00890000,QQQ,2026-08-26,call,890.0,0.0,0.0,0.01,80.0,0.005,,,,,,,,,2026-08-24,709.625,709.65,702.83,706.38,552704.0,706.932044
2026-08-24T20:35:06.234,2,2,QQQ260826C00895000,QQQ,2026-08-26,call,895.0,0.0,0.0,0.01,80.0,0.005,0.01,1.0,,,,,,,2026-08-24,709.625,709.65,702.83,706.38,552704.0,706.932044
2026-08-24T20:35:06.234,2,2,QQQ260826C00900000,QQQ,2026-08-26,call,900.0,0.0,0.0,0.03,85.0,0.015,0.01,1.0,,,,,,,2026-08-24,709.625,709.65,702.83,706.38,552704.0,706.932044
2026-08-24T20:35:06.234,2,2,QQQ260826C00905000,QQQ,2026-08-26,call,905.0,0.0,0.0,0.03,61.0,0.015,,,,,,,,,2026-08-24,709.625,709.65,702.83,706.38,552704.0,706.932044
2026-08-24T20:35:06.234,2,2,QQQ260826C00910000,QQQ,2026-08-26,call,910.0,0.0,0.0,0.03,80.0,0.015,,,,,,,,,2026-08-24,709.625,709.65,702.83,706.38,552704.0,706.932044
2026-08-24T20:35:06.234,2,2,QQQ260826C00915000,QQQ,2026-08-26,call,915.0,0.0,0.0,0.03,82.0,0.015,,,,,,,,,2026-08-24,709.625,709.65,702.83,706.38,552704.0,706.932044
2026-08-24T20:35:06.234,2,2,QQQ260826C00920000,QQQ,2026-08-26,call,920.0,0.0,0.0,0.03,82.0,0.015,,,,,,,,,2026-08-24,709.625,709.65,702.83,706.38,552704.0,706.932044
2026-08-24T20:35:06.234,2,2,QQQ260826C00925000,QQQ,2026-08-26,call,925.0,0.0,0.0,0.03,80.0,0.015,,,,,,,,,2026-08-24,709.625,709.65,702.83,706.38,552704.0,706.932044
2026-08-24T20:35:06.234,2,2,QQQ260826C00930000,QQQ,2026-08-26,call,930.0,0.0,0.0,0.03,80.0,0.015,,,,,,,,,2026-08-24,709.625,709.65,702.83,706.38,552704.0,706.932044
2026-08-24T20:35:06.234,2,2,QQQ260826C00935000,QQQ,2026-08-26,call,935.0,0.0,0.0,0.03,80.0,0.015,,,,,,,,,2026-08-24,709.625,709.65,702.83,706.38,552704.0,706.932044
2026-08-24T20:35:06.234,2,2,QQQ260826C00940000,QQQ,2026-08-26,call,940.0,0.0,0.0,0.01,80.0,0.005,,,,,,,,,2026-08-24,709.625,709.65,702.83,706.38,552704.0,706.932044
2026-08-24T20:35:06.234,2,2,QQQ260826C00945000,QQQ,2026-08-26,call,945.0,0.0,0.0,0.01,145.0,0.005,,,,,,,,,2026-08-24,709.625,709.65,702.83,706.38,552704.0,706.932044
2026-08-24T20:35:06.234,2,2,QQQ260826C00950000,QQQ,2026-08-26,call,950.0,0.0,0.0,0.01,80.0,0.005,0.02,15.0,,,,,,,2026-08-24,709.625,709.65,702.83,706.38,552704.0,706.932044
2026-08-24T20:35:06.234,2,2,QQQ260826P00495000,QQQ,2026-08-26,put,495.0,0.0,0.0,0.04,70.0,0.02,,,,,,,,,2026-08-24,709.625,709.65,702.83,706.38,552704.0,706.932044
2026-08-24T20:35:06.234,2,2,QQQ260826P00500000,QQQ,2026-08-26,put,500.0,0.0,0.0,0.03,25000.0,0.015,,,,,,,,,2026-08-24,709.625,709.65,702.83,706.38,552704.0,706.932044
2026-08-24T20:35:06.234,2,2,QQQ260826P00505000,QQQ,2026-08-26,put,505.0,0.0,0.0,0.01,73.0,0.005,,,,,,,,,2026-08-24,709.625,709.65,702.83,706.38,552704.0,706.932044
2026-08-24T20:35:06.234,2,2,QQQ260826P00510000,QQQ,2026-08-26,put,510.0,0.0,0.0,0.01,76.0,0.005,0.02,3.0,,,,,,,2026-08-24,709.625,709.65,702.83,706.38,552704.0,706.932044
2026-08-24T20:35:06.234,2,2,QQQ260826P00515000,QQQ,2026-08-26,put,515.0,0.0,0.0,0.04,48.0,0.02,,,,,,,,,2026-08-24,709.625,709.65,702.83,706.38,552704.0,706.932044
2026-08-24T20:35:06.234,2,2,QQQ260826P00520000,QQQ,2026-08-26,put,520.0,0.0,0.0,0.01,48.0,0.005,0.03,3.0,,,,,,,2026-08-24,709.625,709.65,702.83,706.38,552704.0,706.932044
2026-08-24T20:35:06.234,2,2,QQQ260826P00525000,QQQ,2026-08-26,put,525.0,0.0,0.0,0.04,40.0,0.02,,,,,,,,,2026-08-24,709.625,709.65,702.83,706.38,552704.0,706.932044
2026-08-24T20:35:06.234,2,2,QQQ260826P00530000,QQQ,2026-08-26,put,530.0,0.0,0.0,0.04,47.0,0.02,,,,,,,,,2026-08-24,709.625,709.65,702.83,706.38,552704.0,706.932044
2026-08-24T20:35:06.234,2,2,QQQ260826P00535000,QQQ,2026-08-26,put,535.0,0.0,0.0,0.03,8.0,0.015,0.01,1.0,,,,,,,2026-08-24,709.625,709.65,702.83,706.38,552704.0,706.932044
2026-08-24T20:35:06.234,2,2,QQQ260826P00540000,QQQ,2026-08-26,put,540.0,0.0,0.0,0.04,96.0,0.02,0.03,10.0,,,,,,,2026-08-24,709.625,709.65,702.83,706.38,552704.0,706.932044
2026-08-24T20:35:06.234,2,2,QQQ260826P00545000,QQQ,2026-08-26,put,545.0,0.0,0.0,0.04,115.0,0.02,0.01,5.0,,,,,,,2026-08-24,709.625,709.65,702.83,706.38,552704.0,706.932044
2026-08-24T20:35:06.234,2,2,QQQ260826P00550000,QQQ,2026-08-26,put,550.0,0.0,0.0,0.01,45.0,0.005,0.01,3.0,,,,,,,2026-08-24,709.625,709.65,702.83,706.38,552704.0,706.932044
2026-08-24T20:35:06.234,2,2,QQQ260826P00555000,QQQ,2026-08-26,put,555.0,0.0,0.0,0.04,44.0,0.02,0.02,3.0,,,,,,,2026-08-24,709.625,709.65,702.83,706.38,552704.0,706.932044
2026-08-24T20:35:06.234,2,2,QQQ260826P00560000,QQQ,2026-08-26,put,560.0,0.0,0.0,0.01,45.0,0.005,0.03,1.0,,,,,,,2026-08-24,709.625,709.65,702.83,706.38,552704.0,706.932044
2026-08-24T20:35:06.234,2,2,QQQ260826P00565000,QQQ,2026-08-26,put,565.0,0.03,6.0,0.04,62.0,0.035,0.03,1.0,,,,,,,2026-08-24,709.625,709.65,702.83,706.38,552704.0,706.932044
2026-08-24T20:35:06.234,2,2,QQQ260826P00570000,QQQ,2026-08-26,put,570.0,0.0,0.0,0.01,43.0,0.005,0.01,3.0,,,,,,,2026-08-24,709.625,709.65,702.83,706.38,552704.0,706.932044
2026-08-24T20:35:06.234,2,2,QQQ260826P00575000,QQQ,2026-08-26,put,575.0,0.03,6.0,0.04,33.0,0.035,0.02,3.0,,,,,,,2026-08-24,709.625,709.65,702.83,706.38,552704.0,706.932044
2026-08-24T20:35:06.234,2,2,QQQ260826P00580000,QQQ,2026-08-26,put,580.0,0.01,22.0,0.02,48.0,0.015,0.03,1.0,,,,,,,2026-08-24,709.625,709.65,702.83,706.38,552704.0,706.932044
2026-08-24T20:35:06.234,2,2,QQQ260826P00585000,QQQ,2026-08-26,put,585.0,0.03,15.0,0.05,223.0,0.04,0.03,5.0,,,,,,,2026-08-24,709.625,709.65,702.83,706.38,552704.0,706.932044
2026-08-24T20:35:06.234,2,2,QQQ260826P00590000,QQQ,2026-08-26,put,590.0,0.03,51.0,0.05,172.0,0.04,,,,,,,,,2026-08-24,709.625,709.65,702.83,706.38,552704.0,706.932044
2026-08-24T20:35:06.234,2,2,QQQ260826P00595000,QQQ,2026-08-26,put,595.0,0.03,48.0,0.05,145.0,0.04,0.02,1.0,,,,,,,2026-08-24,709.625,709.65,702.83,706.38,552704.0,706.932044
2026-08-24T20:35:06.234,2,2,QQQ260826P00600000,QQQ,2026-08-26,put,600.0,0.03,88.0,0.05,278.0,0.04,0.03,5.0,0.8123,-0.0031,0.0002,-0.0987,0.0049,-0.0001,2026-08-24,709.625,709.65,702.83,706.38,552704.0,706.932044
2026-08-24T20:35:06.234,2,2,QQQ260826P00605000,QQQ,2026-08-26,put,605.0,0.03,77.0,0.05,158.0,0.04,0.02,2.0,0.7747,-0.0032,0.0002,-0.0979,0.0051,-0.0001,2026-08-24,709.625,709.65,702.83,706.38,552704.0,706.932044
2026-08-24T20:35:06.234,2,2,QQQ260826P00610000,QQQ,2026-08-26,put,610.0,0.03,117.0,0.05,287.0,0.04,0.02,1.0,0.7373,-0.0034,0.0003,-0.0972,0.0053,-0.0001,2026-08-24,709.625,709.65,702.83,706.38,552704.0,706.932044
2026-08-24T20:35:06.234,2,2,QQQ260826P00615000,QQQ,2026-08-26,put,615.0,0.03,79.0,0.05,181.0,0.04,0.04,1.0,0.7001,-0.0035,0.0003,-0.0963,0.0055,-0.0001,2026-08-24,709.625,709.65,702.83,706.38,552704.0,706.932044
2026-08-24T20:35:06.234,2,2,QQQ260826P00620000,QQQ,2026-08-26,put,620.0,0.03,135.0,0.05,137.0,0.04,0.03,1.0,0.6629,-0.0037,0.0003,-0.0955,0.0058,-0.0001,2026-08-24,709.625,709.65,702.83,706.38,552704.0,706.932044
2026-08-24T20:35:06.234,2,2,QQQ260826P00625000,QQQ,2026-08-26,put,625.0,0.01,151.0,0.05,155.0,0.030000000000000002,0.06,5.0,0.6077,-0.0031,0.0003,-0.0742,0.0049,-0.0001,2026-08-24,709.625,709.65,702.83,706.38,552704.0,706.932044
2026-08-24T20:35:06.234,2,2,QQQ260826P00630000,QQQ,2026-08-26,put,630.0,0.03,150.0,0.05,88.0,0.04,0.02,1.0,0.5891,-0.0041,0.0004,-0.0935,0.0064,-0.0002,2026-08-24,709.625,709.65,702.83,706.38,552704.0,706.932044
2026-08-24T20:35:06.234,2,2,QQQ260826P00635000,QQQ,2026-08-26,put,635.0,0.01,132.0,0.03,102.0,0.02,0.02,2.0,0.5146,-0.0025,0.0003,-0.0516,0.004,-0.0001,2026-08-24,709.625,709.65,702.83,706.38,552704.0,706.932044
2026-08-24T20:35:06.234,2,2,QQQ260826P00640000,QQQ,2026-08-26,put,640.0,0.01,14.0,0.02,59.0,0.015,0.04,2.0,0.467,-0.0021,0.0003,-0.0399,0.0034,-0.0001,2026-08-24,709.625,709.65,702.83,706.38,552704.0,706.932044
2026-08-24T20:35:06.234,2,2,QQQ260826P00645000,QQQ,2026-08-26,put,645.0,0.04,73.0,0.05,100.0,0.045,0.02,1.0,0.4853,-0.0055,0.0006,-0.0995,0.0082,-0.0002,2026-08-24,709.625,709.65,702.83,706.38,552704.0,706.932044
2026-08-24T20:35:06.234,2,2,QQQ260826P00650000,QQQ,2026-08-26,put,650.0,0.04,49.0,0.06,227.0,0.05,0.04,4.0,0.4538,-0.0064,0.0008,-0.1069,0.0095,-0.0003,2026-08-24,709.625,709.65,702.83,706.38,552704.0,706.932044
2026-08-24T20:35:06.234,2,2,QQQ260826P00655000,QQQ,2026-08-26,put,655.0,0.04,292.0,0.06,74.0,0.05,0.04,1.0,0.4164,-0.007,0.0009,-0.1052,0.0101,-0.0003,2026-08-24,709.625,709.65,702.83,706.38,552704.0,706.932044
2026-08-24T20:35:06.234,2,2,QQQ260826P00660000,QQQ,2026-08-26,put,660.0,0.05,1.0,0.06,93.0,0.055,0.04,6.0,0.3834,-0.0082,0.0011,-0.1116,0.0117,-0.0003,2026-08-24,709.625,709.65,702.83,706.38,552704.0,706.932044
2026-08-24T20:35:06.234,2,2,QQQ260826P00665000,QQQ,2026-08-26,put,665.0,0.05,489.0,0.07,125.0,0.060000000000000005,0.02,3.0,0.3493,-0.0097,0.0014,-0.1173,0.0135,-0.0004,2026-08-24,709.625,709.65,702.83,706.38,552704.0,706.932044
2026-08-24T20:35:06.234,2,2,QQQ260826P00670000,QQQ,2026-08-26,put,670.0,0.07,92.0,0.08,46.0,0.07500000000000001,0.05,4.0,0.3203,-0.0128,0.002,-0.1371,0.0172,-0.0005,2026-08-24,709.625,709.65,702.83,706.38,552704.0,706.932044
2026-08-24T20:35:06.234,2,2,QQQ260826P00671000,QQQ,2026-08-26,put,671.0,0.03,114.0,0.05,235.0,0.04,0.06,97.0,0.2881,-0.008,0.0015,-0.0817,0.0114,-0.0003,2026-08-24,709.625,709.65,702.83,706.38,552704.0,706.932044
2026-08-24T20:35:06.234,2,2,QQQ260826P00672000,QQQ,2026-08-26,put,672.0,0.08,188.0,0.09,29.0,0.08499999999999999,0.08,1.0,0.3099,-0.0147,0.0023,-0.1498,0.0195,-0.0006,2026-08-24,709.625,709.65,702.83,706.38,552704.0,706.932044
2026-08-24T20:35:06.234,2,2,QQQ260826P00673000,QQQ,2026-08-26,put,673.0,0.08,174.0,0.1,113.0,0.09,0.09,1.0,0.3043,-0.0157,0.0025,-0.1559,0.0206,-0.0006,2026-08-24,709.625,709.65,702.83,706.38,552704.0,706.932044
2026-08-24T20:35:06.234,2,2,QQQ260826P00674000,QQQ,2026-08-26,put,674.0,0.09,94.0,0.11,112.0,0.1,0.07,2.0,0.3008,-0.0175,0.0027,-0.1685,0.0226,-0.0007,2026-08-24,709.625,709.65,702.83,706.38,552704.0,706.932044
2026-08-24T20:35:06.234,2,2,QQQ260826P00675000,QQQ,2026-08-26,put,675.0,0.1,49.0,0.11,52.0,0.10500000000000001,0.06,13.0,0.2948,-0.0186,0.003,-0.174,0.0238,-0.0007,2026-08-24,709.625,709.65,702.83,706.38,552704.0,706.932044
2026-08-24T20:35:06.234,2,2,QQQ260826P00676000,QQQ,2026-08-26,put,676.0,0.11,53.0,0.12,141.0,0.11499999999999999,0.11,4.0,0.2905,-0.0204,0.0032,-0.1857,0.0258,-0.0008,2026-08-24,709.625,709.65,702.83,706.38,552704.0,706.932044
2026-08-24T20:35:06.234,2,2,QQQ260826P00677000,QQQ,2026-08-26,put,677.0,0.08,51.0,0.09,83.0,0.08499999999999999,0.12,9.0,0.2697,-0.0167,0.0029,-0.145,0.0217,-0.0007,2026-08-24,709.625,709.65,702.83,706.38,552704.0,706.932044
2026-08-24T20:35:06.234,2,2,QQQ260826P00678000,QQQ,2026-08-26,put,678.0,0.09,70.0,0.1,92.0,0.095,0.09,1.0,0.2659,-0.0187,0.0033,-0.1572,0.0239,-0.0007,2026-08-24,709.625,709.65,702.83,706.38,552704.0,706.932044
2026-08-24T20:35:06.234,2,2,QQQ260826P00679000,QQQ,2026-08-26,put,679.0,0.1,221.0,0.11,49.0,0.10500000000000001,0.12,3.0,0.2617,-0.0207,0.0036,-0.1689,0.026,-0.0008,2026-08-24,709.625,709.65,702.83,706.38,552704.0,706.932044
2026-08-24T20:35:06.234,2,2,QQQ260826P00680000,QQQ,2026-08-26,put,680.0,0.16,46.0,0.17,120.0,0.165,0.11,1.0,0.2727,-0.0297,0.0047,-0.2385,0.0353,-0.0012,2026-08-24,709.625,709.65,702.83,706.38,552704.0,706.932044
2026-08-24T20:35:06.234,2,2,QQQ260826P00681000,QQQ,2026-08-26,put,681.0,0.13,113.0,0.18,30.0,0.155,0.15,1.0,0.2611,-0.0292,0.0049,-0.2251,0.0348,-0.0011,2026-08-24,709.625,709.65,702.83,706.38,552704.0,706.932044
2026-08-24T20:35:06.234,2,2,QQQ260826P00682000,QQQ,2026-08-26,put,682.0,0.19,261.0,0.2,25.0,0.195,0.15,1.0,0.2627,-0.0355,0.0057,-0.2661,0.0409,-0.0014,2026-08-24,709.625,709.65,702.83,706.38,552704.0,706.932044
2026-08-24T20:35:06.234,2,2,QQQ260826P00683000,QQQ,2026-08-26,put,683.0,0.17,161.0,0.22,3.0,0.195,0.2,1.0,0.2537,-0.0367,0.0061,-0.2634,0.042,-0.0014,2026-08-24,709.625,709.65,702.83,706.38,552704.0,706.932044
2026-08-24T20:35:06.234,2,2,QQQ260826P00684000,QQQ,2026-08-26,put,684.0,0.24,69.0,0.25,37.0,0.245,0.19,1.0,0.2554,-0.0444,0.007,-0.31,0.049,-0.0017,2026-08-24,709.625,709.65,702.83,706.38,552704.0,706.932044
2026-08-24T20:35:06.234,2,2,QQQ260826P00685000,QQQ,2026-08-26,put,685.0,0.23,40.0,0.24,110.0,0.235,0.24,3.0,0.2439,-0.0446,0.0074,-0.2968,0.0492,-0.0017,2026-08-24,709.625,709.65,702.83,706.38,552704.0,706.932044
2026-08-24T20:35:06.234,2,2,QQQ260826P00686000,QQQ,2026-08-26,put,686.0,0.26,37.0,0.27,62.0,0.265,0.27,1.0,0.2402,-0.0501,0.0082,-0.3209,0.054,-0.002,2026-08-24,709.625,709.65,702.83,706.38,552704.0,706.932044
2026-08-24T20:35:06.234,2,2,QQQ260826P00687000,QQQ,2026-08-26,put,687.0,0.3,22.0,0.31,51.0,0.305,0.3,1.0,0.2375,-0.0571,0.0092,-0.3517,0.0599,-0.0022,2026-08-24,709.625,709.65,702.83,706.38,552704.0,706.932044
2026-08-24T20:35:06.234,2,2,QQQ260826P00688000,QQQ,2026-08-26,put,688.0,0.38,39.0,0.4,69.0,0.39,0.34,9.0,0.2405,-0.0697,0.0106,-0.4156,0.07,-0.0027,2026-08-24,709.625,709.65,702.83,706.38,552704.0,706.932044
2026-08-24T20:35:06.234,2,2,QQQ260826P00689000,QQQ,2026-08-26,put,689.0,0.39,5.0,0.45,63.0,0.42000000000000004,0.37,1.0,0.2343,-0.0759,0.0117,-0.4318,0.0747,-0.003,2026-08-24,709.625,709.65,702.83,706.38,552704.0,706.932044
2026-08-24T20:35:06.234,2,2,QQQ260826P00690000,QQQ,2026-08-26,put,690.0,0.44,59.0,0.46,47.0,0.45,0.44,1.0,0.2275,-0.0824,0.0128,-0.4463,0.0795,-0.0032,2026-08-24,709.625,709.65,702.83,706.38,552704.0,706.932044
2026-08-24T20:35:06.234,2,2,QQQ260826P00691000,QQQ,2026-08-26,put,691.0,0.5,37.0,0.56,34.0,0.53,0.48,1.0,0.2262,-0.095,0.0143,-0.4928,0.0883,-0.0037,2026-08-24,709.625,709.65,702.83,706.38,552704.0,706.932044
2026-08-24T20:35:06.234,2,2,QQQ260826P00692000,QQQ,2026-08-26,put,692.0,0.57,64.0,0.6,51.0,0.585,0.56,5.0,0.221,-0.1052,0.0158,-0.5181,0.0951,-0.0041,2026-08-24,709.625,709.65,702.83,706.38,552704.0,706.932044
2026-08-24T20:35:06.234,2,2,QQQ260826P00693000,QQQ,2026-08-26,put,693.0,0.65,79.0,0.72,23.0,0.685,0.63,1.0,0.2194,-0.1205,0.0175,-0.5664,0.1048,-0.0047,2026-08-24,709.625,709.65,702.83,706.38,552704.0,706.932044
2026-08-24T20:35:06.234,2,2,QQQ260826P00694000,QQQ,2026-08-26,put,694.0,0.74,112.0,0.82,40.0,0.78,0.75,1.0,0.2161,-0.1356,0.0193,-0.6052,0.1138,-0.0053,2026-08-24,709.625,709.65,702.83,706.38,552704.0,706.932044
2026-08-24T20:35:06.234,2,2,QQQ260826P00695000,QQQ,2026-08-26,put,695.0,0.85,35.0,0.92,4.0,0.885,0.84,1.0,0.2125,-0.1522,0.0212,-0.6429,0.1231,-0.0059,2026-08-24,709.625,709.65,702.83,706.38,552704.0,706.932044
2026-08-24T20:35:06.234,2,2,QQQ260826P00696000,QQQ,2026-08-26,put,696.0,0.98,27.0,1.05,3.0,1.0150000000000001,0.95,1.0,0.2097,-0.1716,0.0232,-0.6855,0.1331,-0.0067,2026-08-24,709.625,709.65,702.83,706.38,552704.0,706.932044
2026-08-24T20:35:06.234,2,2,QQQ260826P00697000,QQQ,2026-08-26,put,697.0,1.17,7.0,1.2,3.0,1.185,1.09,1.0,0.2085,-0.1948,0.0253,-0.7368,0.144,-0.0076,2026-08-24,709.625,709.65,702.83,706.38,552704.0,706.932044
2026-08-24T20:35:06.234,2,2,QQQ260826P00698000,QQQ,2026-08-26,put,698.0,1.33,31.0,1.36,1.0,1.3450000000000002,1.25,1.0,0.2051,-0.2178,0.0275,-0.7733,0.1538,-0.0085,2026-08-24,709.625,709.65,702.83,706.38,552704.0,706.932044
2026-08-24T20:35:06.234,2,2,QQQ260826P00699000,QQQ,2026-08-26,put,699.0,1.48,3.0,1.51,5.0,1.495,1.43,1.0,0.1998,-0.241,0.0298,-0.7962,0.1628,-0.0094,2026-08-24,709.625,709.65,702.83,706.38,552704.0,706.932044
2026-08-24T20:35:06.234,2,2,QQQ260826P00700000,QQQ,2026-08-26,put,700.0,1.7,19.0,1.73,24.0,1.7149999999999999,1.66,1.0,0.1974,-0.2697,0.032,-0.8333,0.1727,-0.0105,2026-08-24,709.625,709.65,702.83,706.38,552704.0,706.932044
2026-08-24T20:35:06.234,2,2,QQQ260826P00701000,QQQ,2026-08-26,put,701.0,1.93,29.0,2.02,1.0,1.975,1.87,1.0,0.1957,-0.3014,0.0341,-0.8696,0.1821,-0.0118,2026-08-24,709.625,709.65,702.83,706.38,552704.0,706.932044
2026-08-24T20:35:06.234,2,2,QQQ260826P00702000,QQQ,2026-08-26,put,702.0,2.27,20.0,2.31,15.0,2.29,2.12,1.0,0.1953,-0.3362,0.0357,-0.9068,0.1907,-0.0131,2026-08-24,709.625,709.65,702.83,706.38,552704.0,706.932044
2026-08-24T20:35:06.234,2,2,QQQ260826P00703000,QQQ,2026-08-26,put,703.0,2.56,59.0,2.57,5.0,2.565,2.43,1.0,0.191,-0.3701,0.0378,-0.9159,0.1974,-0.0145,2026-08-24,709.625,709.65,702.83,706.38,552704.0,706.932044
2026-08-24T20:35:06.234,2,2,QQQ260826P00704000,QQQ,2026-08-26,put,704.0,2.84,14.0,2.96,31.0,2.9,2.76,1.0,0.188,-0.4074,0.0395,-0.9246,0.2029,-0.0159,2026-08-24,709.625,709.65,702.83,706.38,552704.0,706.932044
2026-08-24T20:35:06.234,2,2,QQQ260826P00705000,QQQ,2026-08-26,put,705.0,3.27,48.0,3.28,77.0,3.275,3.14,1.0,0.1853,-0.4467,0.0408,-0.9251,0.2066,-0.0175,2026-08-24,709.625,709.65,702.83,706.38,552704.0,706.932044
2026-08-24T20:35:06.234,2,2,QQQ260826P00706000,QQQ,2026-08-26,put,706.0,3.63,6.0,3.73,47.0,3.6799999999999997,3.52,1.0,0.182,-0.4876,0.0419,-0.9135,0.2084,-0.0191,2026-08-24,709.625,709.65,702.83,706.38,552704.0,706.932044
2026-08-24T20:35:06.234,2,2,QQQ260826P00707000,QQQ,2026-08-26,put,707.0,4.05,11.0,4.25,56.0,4.15,3.98,1.0,0.1799,-0.5299,0.0423,-0.8973,0.2079,-0.0207,2026-08-24,709.625,709.65,702.83,706.38,552704.0,706.932044
2026-08-24T20:35:06.234,2,2,QQQ260826P00708000,QQQ,2026-08-26,put,708.0,4.56,11.0,4.57,54.0,4.5649999999999995,4.45,7.0,0.173,-0.5749,0.0433,-0.8449,0.2048,-0.0225,2026-08-24,709.625,709.65,702.83,706.38,552704.0,706.932044
2026-08-24T20:35:06.234,2,2,QQQ260826P00709000,QQQ,2026-08-26,put,709.0,5.04,10.0,5.27,26.0,5.154999999999999,5.01,1.0,0.1725,-0.618,0.0423,-0.8152,0.1993,-0.0242,2026-08-24,709.625,709.65,702.83,706.38,552704.0,706.932044
2026-08-24T20:35:06.234,2,2,QQQ260826P00710000,QQQ,2026-08-26,put,710.0,5.78,7.0,5.92,3.0,5.85,5.5,1.0,0.1751,-0.6569,0.0402,-0.7945,0.1922,-0.0257,2026-08-24,709.625,709.65,702.83,706.38,552704.0,706.932044
2026-08-24T20:35:06.234,2,2,QQQ260826P00711000,QQQ,2026-08-26,put,711.0,6.18,94.0,6.58,8.0,6.38,6.17,1.0,0.1668,-0.705,0.0396,-0.7017,0.1803,-0.0276,2026-08-24,709.625,709.65,702.83,706.38,552704.0,706.932044
2026-08-24T20:35:06.234,2,2,QQQ260826P00712000,QQQ,2026-08-26,put,712.0,6.83,59.0,7.11,1.0,6.970000000000001,6.89,4.0,0.1585,-0.7541,0.038,-0.5986,0.1646,-0.0296,2026-08-24,709.625,709.65,702.83,706.38,552704.0,706.932044
2026-08-24T20:35:06.234,2,2,QQQ260826P00713000,QQQ,2026-08-26,put,713.0,7.63,66.0,7.98,67.0,7.805,7.47,3.0,0.1624,-0.7844,0.0345,-0.5649,0.153,-0.0308,2026-08-24,709.625,709.65,702.83,706.38,552704.0,706.932044
2026-08-24T20:35:06.234,2,2,QQQ260826P00714000,QQQ,2026-08-26,put,714.0,8.22,242.0,8.7,242.0,8.46,8.35,1.0,0.1514,-0.8342,0.0315,-0.4327,0.1302,-0.0327,2026-08-24,709.625,709.65,702.83,706.38,552704.0,706.932044
2026-08-24T20:35:06.234,2,2,QQQ260826P00715000,QQQ,2026-08-26,put,715.0,9.09,61.0,9.62,1.0,9.355,9.06,1.0,0.1551,-0.8575,0.0278,-0.395,0.1177,-0.0337,2026-08-24,709.625,709.65,702.83,706.38,552704.0,706.932044
2026-08-24T20:35:06.234,2,2,QQQ260826P00716000,QQQ,2026-08-26,put,716.0,10.04,18.0,10.18,3.0,10.11,9.94,1.0,0.1429,-0.9021,0.0231,-0.258,0.0903,-0.0355,2026-08-24,709.625,709.65,702.83,706.38,552704.0,706.932044
2026-08-24T20:35:06.234,2,2,QQQ260826P00717000,QQQ,2026-08-26,put,717.0,10.6,65.0,11.31,46.0,10.955,10.9,1.0,0.133,-0.9373,0.0177,-0.147,0.0645,-0.0369,2026-08-24,709.625,709.65,702.83,706.38,552704.0,706.932044
2026-08-24T20:35:06.234,2,2,QQQ260826P00718000,QQQ,2026-08-26,put,718.0,11.72,10.0,12.19,4.0,11.955,11.53,1.0,0.1425,-0.9408,0.0158,-0.1518,0.0616,-0.0371,2026-08-24,709.625,709.65,702.83,706.38,552704.0,706.932044
2026-08-24T20:35:06.234,2,2,QQQ260826P00719000,QQQ,2026-08-26,put,719.0,12.62,11.0,12.94,9.0,12.78,12.57,1.0,0.1004,-0.992,0.0042,0.0425,0.0115,-0.0391,2026-08-24,709.625,709.65,702.83,706.38,552704.0,706.932044
2026-08-24T20:35:06.234,2,2,QQQ260826P00720000,QQQ,2026-08-26,put,720.0,13.68,6.0,13.89,6.0,13.785,12.63,1.0,0.1115,-0.9903,0.0045,0.0334,0.0136,-0.0391,2026-08-24,709.625,709.65,702.83,706.38,552704.0,706.932044
2026-08-24T20:35:06.234,2,2,QQQ260826P00721000,QQQ,2026-08-26,put,721.0,14.52,6.0,14.75,6.0,14.635,14.51,2.0,,,,,,,2026-08-24,709.625,709.65,702.83,706.38,552704.0,706.932044
2026-08-24T20:35:06.234,2,2,QQQ260826P00722000,QQQ,2026-08-26,put,722.0,15.43,9.0,16.09,1.0,15.76,14.98,1.0,,,,,,,2026-08-24,709.625,709.65,702.83,706.38,552704.0,706.932044
2026-08-24T20:35:06.234,2,2,QQQ260826P00723000,QQQ,2026-08-26,put,723.0,16.44,6.0,17.01,6.0,16.725,16.11,1.0,,,,,,,2026-08-24,709.625,709.65,702.83,706.38,552704.0,706.932044
2026-08-24T20:35:06.234,2,2,QQQ260826P00724000,QQQ,2026-08-26,put,724.0,17.53,1.0,18.08,1.0,17.805,17.49,5.0,0.1528,-0.9858,0.0045,-0.0008,0.0189,-0.0391,2026-08-24,709.625,709.65,702.83,706.38,552704.0,706.932044
2026-08-24T20:35:06.234,2,2,QQQ260826P00725000,QQQ,2026-08-26,put,725.0,18.71,1.0,18.93,1.0,18.82,17.47,1.0,0.1676,-0.9825,0.0049,-0.0233,0.0226,-0.039,2026-08-24,709.625,709.65,702.83,706.38,552704.0,706.932044
2026-08-24T20:35:06.234,2,2,QQQ260826P00726000,QQQ,2026-08-26,put,726.0,19.38,1.0,20.07,1.0,19.725,19.64,1.0,,,,,,,2026-08-24,709.625,709.65,702.83,706.38,552704.0,706.932044
2026-08-24T20:35:06.234,2,2,QQQ260826P00727000,QQQ,2026-08-26,put,727.0,20.65,3.0,20.83,3.0,20.74,18.93,3.0,,,,,,,2026-08-24,709.625,709.65,702.83,706.38,552704.0,706.932044
2026-08-24T20:35:06.234,2,2,QQQ260826P00728000,QQQ,2026-08-26,put,728.0,21.25,1.0,21.76,1.0,21.505000000000003,20.98,2.0,,,,,,,2026-08-24,709.625,709.65,702.83,706.38,552704.0,706.932044
2026-08-24T20:35:06.234,2,2,QQQ260826P00729000,QQQ,2026-08-26,put,729.0,22.65,1.0,22.78,1.0,22.715,22.51,1.0,,,,,,,2026-08-24,709.625,709.65,702.83,706.38,552704.0,706.932044
2026-08-24T20:35:06.234,2,2,QQQ260826P00730000,QQQ,2026-08-26,put,730.0,23.25,1.0,23.68,3.0,23.465,23.16,5.0,,,,,,,2026-08-24,709.625,709.65,702.83,706.38,552704.0,706.932044
2026-08-24T20:35:06.234,2,2,QQQ260826P00731000,QQQ,2026-08-26,put,731.0,24.46,1.0,25.52,1.0,24.990000000000002,23.33,5.0,0.2655,-0.9594,0.0063,-0.2323,0.0456,-0.0385,2026-08-24,709.625,709.65,702.83,706.38,552704.0,706.932044
2026-08-24T20:35:06.234,2,2,QQQ260826P00732000,QQQ,2026-08-26,put,732.0,25.84,1.0,26.13,1.0,25.985,18.95,1.0,0.273,-0.9611,0.0059,-0.23,0.044,-0.0386,2026-08-24,709.625,709.65,702.83,706.38,552704.0,706.932044
2026-08-24T20:35:06.234,2,2,QQQ260826P00733000,QQQ,2026-08-26,put,733.0,26.7,1.0,27.18,1.0,26.939999999999998,21.98,1.0,0.2703,-0.9678,0.0051,-0.1838,0.0377,-0.0389,2026-08-24,709.625,709.65,702.83,706.38,552704.0,706.932044
2026-08-24T20:35:06.234,2,2,QQQ260826P00734000,QQQ,2026-08-26,put,734.0,26.99,1.0,28.16,1.0,27.575,20.48,5.0,,,,,,,2026-08-24,709.625,709.65,702.83,706.38,552704.0,706.932044
2026-08-24T20:35:06.234,2,2,QQQ260826P00735000,QQQ,2026-08-26,put,735.0,28.52,1.0,29.5,1.0,29.009999999999998,25.59,3.0,0.3041,-0.961,0.0053,-0.2645,0.0441,-0.0388,2026-08-24,709.625,709.65,702.83,706.38,552704.0,706.932044
2026-08-24T20:35:06.234,2,2,QQQ260826P00736000,QQQ,2026-08-26,put,736.0,29.56,1.0,29.76,3.0,29.66,8.119,1.0,,,,,,,2026-08-24,709.625,709.65,702.83,706.38,552704.0,706.932044
2026-08-24T20:35:06.234,2,2,QQQ260826P00737000,QQQ,2026-08-26,put,737.0,30.57,1.0,30.79,1.0,30.68,10.96,1.0,,,,,,,2026-08-24,709.625,709.65,702.83,706.38,552704.0,706.932044
2026-08-24T20:35:06.234,2,2,QQQ260826P00738000,QQQ,2026-08-26,put,738.0,31.01,1.0,32.5,1.0,31.755000000000003,27.77,2.0,,,,,,,2026-08-24,709.625,709.65,702.83,706.38,552704.0,706.932044
2026-08-24T20:35:06.234,2,2,QQQ260826P00739000,QQQ,2026-08-26,put,739.0,31.98,1.0,32.729,1.0,32.3545,23.86,2.0,,,,,,,2026-08-24,709.625,709.65,702.83,706.38,552704.0,706.932044
2026-08-24T20:35:06.234,2,2,QQQ260826P00740000,QQQ,2026-08-26,put,740.0,32.92,1.0,33.61,1.0,33.265,30.5,1.0,,,,,,,2026-08-24,709.625,709.65,702.83,706.38,552704.0,706.932044
2026-08-24T20:35:06.234,2,2,QQQ260826P00741000,QQQ,2026-08-26,put,741.0,34.72,1.0,34.91,1.0,34.815,,,0.2809,-0.9893,0.0019,-0.0305,0.0148,-0.0402,2026-08-24,709.625,709.65,702.83,706.38,552704.0,706.932044
2026-08-24T20:35:06.234,2,2,QQQ260826P00742000,QQQ,2026-08-26,put,742.0,34.81,1.0,36.63,1.0,35.72,12.22,1.0,,,,,,,2026-08-24,709.625,709.65,702.83,706.38,552704.0,706.932044
2026-08-24T20:35:06.234,2,2,QQQ260826P00743000,QQQ,2026-08-26,put,743.0,36.79,1.0,36.92,1.0,36.855000000000004,,,0.3177,-0.9841,0.0024,-0.0923,0.0208,-0.0401,2026-08-24,709.625,709.65,702.83,706.38,552704.0,706.932044
2026-08-24T20:35:06.234,2,2,QQQ260826P00744000,QQQ,2026-08-26,put,744.0,37.67,1.0,38.33,1.0,38.0,28.53,2.0,0.3758,-0.9685,0.0036,-0.2757,0.037,-0.0396,2026-08-24,709.625,709.65,702.83,706.38,552704.0,706.932044
2026-08-24T20:35:06.234,2,2,QQQ260826P00745000,QQQ,2026-08-26,put,745.0,37.72,1.0,39.11,1.0,38.415,24.99,1.0,,,,,,,2026-08-24,709.625,709.65,702.83,706.38,552704.0,706.932044
2026-08-24T20:35:06.234,2,2,QQQ260826P00746000,QQQ,2026-08-26,put,746.0,39.19,1.0,40.45,1.0,39.82,,,0.3191,-0.9895,0.0017,-0.0422,0.0146,-0.0405,2026-08-24,709.625,709.65,702.83,706.38,552704.0,706.932044
2026-08-24T20:35:06.234,2,2,QQQ260826P00747000,QQQ,2026-08-26,put,747.0,39.8,1.0,40.95,1.0,40.375,,,,,,,,,2026-08-24,709.625,709.65,702.83,706.38,552704.0,706.932044
2026-08-24T20:35:06.234,2,2,QQQ260826P00748000,QQQ,2026-08-26,put,748.0,40.95,1.0,41.47,1.0,41.21,37.54,1.0,,,,,,,2026-08-24,709.625,709.65,702.83,706.38,552704.0,706.932044
2026-08-24T20:35:06.234,2,2,QQQ260826P00749000,QQQ,2026-08-26,put,749.0,42.02,1.0,43.31,1.0,42.665000000000006,,,,,,,,,2026-08-24,709.625,709.65,702.83,706.38,552704.0,706.932044
2026-08-24T20:35:06.234,2,2,QQQ260826P00750000,QQQ,2026-08-26,put,750.0,43.66,1.0,44.26,1.0,43.959999999999994,,,0.411,-0.9751,0.0027,-0.2398,0.0305,-0.0401,2026-08-24,709.625,709.65,702.83,706.38,552704.0,706.932044
2026-08-24T20:35:06.234,2,2,QQQ260826P00751000,QQQ,2026-08-26,put,751.0,43.65,1.0,44.98,1.0,44.315,,,,,,,,,2026-08-24,709.625,709.65,702.83,706.38,552704.0,706.932044
2026-08-24T20:35:06.234,2,2,QQQ260826P00752000,QQQ,2026-08-26,put,752.0,45.21,1.0,45.38,1.0,45.295,19.87,4.0,,,,,,,2026-08-24,709.625,709.65,702.83,706.38,552704.0,706.932044
2026-08-24T20:35:06.234,2,2,QQQ260826P00753000,QQQ,2026-08-26,put,753.0,45.74,1.0,46.19,1.0,45.965,,,,,,,,,2026-08-24,709.625,709.65,702.83,706.38,552704.0,706.932044
2026-08-24T20:35:06.234,2,2,QQQ260826P00754000,QQQ,2026-08-26,put,754.0,46.8,1.0,48.06,1.0,47.43,,,,,,,,,2026-08-24,709.625,709.65,702.83,706.38,552704.0,706.932044
2026-08-24T20:35:06.234,2,2,QQQ260826P00755000,QQQ,2026-08-26,put,755.0,49.22,1.0,49.85,1.0,49.535,24.17,1.0,0.5749,-0.9392,0.004,-0.8331,0.0629,-0.0391,2026-08-24,709.625,709.65,702.83,706.38,552704.0,706.932044
2026-08-24T20:35:06.234,2,2,QQQ260826P00756000,QQQ,2026-08-26,put,756.0,49.42,1.0,50.16,1.0,49.79,,,0.3582,-0.9947,0.0008,0.0039,0.008,-0.0412,2026-08-24,709.625,709.65,702.83,706.38,552704.0,706.932044
2026-08-24T20:35:06.234,2,2,QQQ260826P00757000,QQQ,2026-08-26,put,757.0,49.79,1.0,50.85,1.0,50.32,,,,,,,,,2026-08-24,709.625,709.65,702.83,706.38,552704.0,706.932044
2026-08-24T20:35:06.234,2,2,QQQ260826P00758000,QQQ,2026-08-26,put,758.0,51.1,1.0,52.62,1.0,51.86,,,0.4272,-0.9868,0.0015,-0.1141,0.0177,-0.041,2026-08-24,709.625,709.65,702.83,706.38,552704.0,706.932044
2026-08-24T20:35:06.234,2,2,QQQ260826P00759000,QQQ,2026-08-26,put,759.0,53.15,1.0,53.78,1.0,53.465,,,0.5984,-0.9457,0.0035,-0.7885,0.0575,-0.0395,2026-08-24,709.625,709.65,702.83,706.38,552704.0,706.932044
2026-08-24T20:35:06.234,2,2,QQQ260826P00760000,QQQ,2026-08-26,put,760.0,52.56,1.0,53.14,1.0,52.85,,,,,,,,,2026-08-24,709.625,709.65,702.83,706.38,552704.0,706.932044
2026-08-24T20:35:06.234,2,2,QQQ260826P00765000,QQQ,2026-08-26,put,765.0,59.38,1.0,59.75,1.0,59.565,,,0.6673,-0.9445,0.0032,-0.9047,0.0586,-0.0398,2026-08-24,709.625,709.65,702.83,706.38,552704.0,706.932044
2026-08-24T20:35:06.234,2,2,QQQ260826P00770000,QQQ,2026-08-26,put,770.0,62.43,1.0,63.53,1.0,62.980000000000004,,,,,,,,,2026-08-24,709.625,709.65,702.83,706.38,552704.0,706.932044
2026-08-24T20:35:06.234,2,2,QQQ260826P00775000,QQQ,2026-08-26,put,775.0,67.79,1.0,68.59,1.0,68.19,,,,,,,,,2026-08-24,709.625,709.65,702.83,706.38,552704.0,706.932044
2026-08-24T20:35:06.234,2,2,QQQ260826P00780000,QQQ,2026-08-26,put,780.0,73.03,1.0,75.48,1.0,74.255,,,0.7255,-0.9659,0.002,-0.6422,0.0396,-0.0414,2026-08-24,709.625,709.65,702.83,706.38,552704.0,706.932044
2026-08-24T20:35:06.234,2,2,QQQ260826P00785000,QQQ,2026-08-26,put,785.0,79.14,1.0,79.76,1.0,79.45,,,0.8099,-0.9585,0.0021,-0.8633,0.0464,-0.0414,2026-08-24,709.625,709.65,702.83,706.38,552704.0,706.932044
2026-08-24T20:35:06.234,2,2,QQQ260826P00790000,QQQ,2026-08-26,put,790.0,82.24,1.0,85.22,1.0,83.72999999999999,,,,,,,,,2026-08-24,709.625,709.65,702.83,706.38,552704.0,706.932044
2026-08-24T20:35:06.234,2,2,QQQ260826P00795000,QQQ,2026-08-26,put,795.0,87.75,1.0,89.7,1.0,88.725,,,,,,,,,2026-08-24,709.625,709.65,702.83,706.38,552704.0,706.932044
2026-08-24T20:35:06.234,2,2,QQQ260826P00800000,QQQ,2026-08-26,put,800.0,94.97,1.0,95.54,1.0,95.255,,,1.0755,-0.9365,0.0022,-1.6738,0.0651,-0.0415,2026-08-24,709.625,709.65,702.83,706.38,552704.0,706.932044
2026-08-24T20:35:06.234,2,2,QQQ260826P00805000,QQQ,2026-08-26,put,805.0,99.48,1.0,100.36,1.0,99.92,,,1.0606,-0.9482,0.0019,-1.3923,0.0554,-0.0422,2026-08-24,709.625,709.65,702.83,706.38,552704.0,706.932044
2026-08-24T20:35:06.234,2,2,QQQ260826P00810000,QQQ,2026-08-26,put,810.0,103.71,1.0,104.36,1.0,104.035,,,0.8684,-0.9822,0.001,-0.4188,0.023,-0.0437,2026-08-24,709.625,709.65,702.83,706.38,552704.0,706.932044
2026-08-24T20:35:06.234,2,2,QQQ260826P00815000,QQQ,2026-08-26,put,815.0,107.18,1.0,109.53,1.0,108.355,,,,,,,,,2026-08-24,709.625,709.65,702.83,706.38,552704.0,706.932044
2026-08-24T20:35:06.234,2,2,QQQ260826P00820000,QQQ,2026-08-26,put,820.0,113.87,1.0,115.9,1.0,114.885,,,,,,,,,2026-08-24,709.625,709.65,702.83,706.38,552704.0,706.932044
2026-08-24T20:35:06.234,2,2,QQQ260826P00825000,QQQ,2026-08-26,put,825.0,118.92,1.0,120.27,1.0,119.595,,,,,,,,,2026-08-24,709.625,709.65,702.83,706.38,552704.0,706.932044
2026-08-24T20:35:06.234,2,2,QQQ260826P00830000,QQQ,2026-08-26,put,830.0,123.87,1.0,124.53,1.0,124.2,,,,,,,,,2026-08-24,709.625,709.65,702.83,706.38,552704.0,706.932044
2026-08-24T20:35:06.234,2,2,QQQ260826P00835000,QQQ,2026-08-26,put,835.0,127.27,1.0,128.65,1.0,127.96000000000001,,,,,,,,,2026-08-24,709.625,709.65,702.83,706.38,552704.0,706.932044
2026-08-24T20:35:06.234,2,2,QQQ260826P00840000,QQQ,2026-08-26,put,840.0,134.27,1.0,135.54,1.0,134.905,,,,,,,,,2026-08-24,709.625,709.65,702.83,706.38,552704.0,706.932044
2026-08-24T20:35:06.234,2,2,QQQ260826P00845000,QQQ,2026-08-26,put,845.0,135.65,1.0,140.65,1.0,138.15,,,,,,,,,2026-08-24,709.625,709.65,702.83,706.38,552704.0,706.932044
2026-08-24T20:35:06.234,2,2,QQQ260826P00850000,QQQ,2026-08-26,put,850.0,145.44,1.0,146.04,1.0,145.74,,,,,,,,,2026-08-24,709.625,709.65,702.83,706.38,552704.0,706.932044
2026-08-24T20:35:06.234,2,2,QQQ260826P00855000,QQQ,2026-08-26,put,855.0,148.55,1.0,149.2,1.0,148.875,,,,,,,,,2026-08-24,709.625,709.65,702.83,706.38,552704.0,706.932044
2026-08-24T20:35:06.234,2,2,QQQ260826P00860000,QQQ,2026-08-26,put,860.0,154.14,1.0,154.66,1.0,154.39999999999998,,,,,,,,,2026-08-24,709.625,709.65,702.83,706.38,552704.0,706.932044
2026-08-24T20:35:06.234,2,2,QQQ260826P00865000,QQQ,2026-08-26,put,865.0,156.12,1.0,159.42,1.0,157.76999999999998,,,,,,,,,2026-08-24,709.625,709.65,702.83,706.38,552704.0,706.932044
2026-08-24T20:35:06.234,2,2,QQQ260826P00870000,QQQ,2026-08-26,put,870.0,165.69,1.0,166.35,1.0,166.01999999999998,,,,,,,,,2026-08-24,709.625,709.65,702.83,706.38,552704.0,706.932044
2026-08-24T20:35:06.234,2,2,QQQ260826P00875000,QQQ,2026-08-26,put,875.0,170.83,1.0,171.43,1.0,171.13,,,,,,,,,2026-08-24,709.625,709.65,702.83,706.38,552704.0,706.932044
2026-08-24T20:35:06.234,2,2,QQQ260826P00880000,QQQ,2026-08-26,put,880.0,173.73,1.0,175.33,1.0,174.53,,,,,,,,,2026-08-24,709.625,709.65,702.83,706.38,552704.0,706.932044
2026-08-24T20:35:06.234,2,2,QQQ260826P00885000,QQQ,2026-08-26,put,885.0,174.87,1.0,178.73,1.0,176.8,,,,,,,,,2026-08-24,709.625,709.65,702.83,706.38,552704.0,706.932044
2026-08-24T20:35:06.234,2,2,QQQ260826P00890000,QQQ,2026-08-26,put,890.0,183.87,1.0,184.53,1.0,184.2,,,,,,,,,2026-08-24,709.625,709.65,702.83,706.38,552704.0,706.932044
2026-08-24T20:35:06.234,2,2,QQQ260826P00895000,QQQ,2026-08-26,put,895.0,189.99,1.0,190.65,1.0,190.32,,,,,,,,,2026-08-24,709.625,709.65,702.83,706.38,552704.0,706.932044
2026-08-24T20:35:06.234,2,2,QQQ260826P00900000,QQQ,2026-08-26,put,900.0,189.71,1.0,193.47,1.0,191.59,,,,,,,,,2026-08-24,709.625,709.65,702.83,706.38,552704.0,706.932044
2026-08-24T20:35:06.234,2,2,QQQ260826P00905000,QQQ,2026-08-26,put,905.0,200.13,1.0,200.76,1.0,200.445,,,,,,,,,2026-08-24,709.625,709.65,702.83,706.38,552704.0,706.932044
2026-08-24T20:35:06.234,2,2,QQQ260826P00910000,QQQ,2026-08-26,put,910.0,206.48,1.0,207.14,1.0,206.81,,,,,,,,,2026-08-24,709.625,709.65,702.83,706.38,552704.0,706.932044
2026-08-24T20:35:06.234,2,2,QQQ260826P00915000,QQQ,2026-08-26,put,915.0,210.01,1.0,210.66,1.0,210.33499999999998,,,,,,,,,2026-08-24,709.625,709.65,702.83,706.38,552704.0,706.932044
2026-08-24T20:35:06.234,2,2,QQQ260826P00920000,QQQ,2026-08-26,put,920.0,211.29,1.0,211.91,1.0,211.6,,,,,,,,,2026-08-24,709.625,709.65,702.83,706.38,552704.0,706.932044
2026-08-24T20:35:06.234,2,2,QQQ260826P00925000,QQQ,2026-08-26,put,925.0,214.98,1.0,219.5,1.0,217.24,,,,,,,,,2026-08-24,709.625,709.65,702.83,706.38,552704.0,706.932044
2026-08-24T20:35:06.234,2,2,QQQ260826P00930000,QQQ,2026-08-26,put,930.0,221.71,1.0,227.88,1.0,224.79500000000002,,,,,,,,,2026-08-24,709.625,709.65,702.83,706.38,552704.0,706.932044
2026-08-24T20:35:06.234,2,2,QQQ260826P00935000,QQQ,2026-08-26,put,935.0,232.3,1.0,232.5,1.0,232.4,,,,,,,,,2026-08-24,709.625,709.65,702.83,706.38,552704.0,706.932044
2026-08-24T20:35:06.234,2,2,QQQ260826P00940000,QQQ,2026-08-26,put,940.0,233.62,1.0,237.36,1.0,235.49,,,,,,,,,2026-08-24,709.625,709.65,702.83,706.38,552704.0,706.932044
2026-08-24T20:35:06.234,2,2,QQQ260826P00945000,QQQ,2026-08-26,put,945.0,234.37,1.0,243.68,1.0,239.025,,,,,,,,,2026-08-24,709.625,709.65,702.83,706.38,552704.0,706.932044
2026-08-24T20:35:06.234,2,2,QQQ260826P00950000,QQQ,2026-08-26,put,950.0,245.8,1.0,246.39,1.0,246.095,,,,,,,,,2026-08-24,709.625,709.65,702.83,706.38,552704.0,706.932044
2026-08-24T20:35:06.234,2,3,QQQ260827C00495000,QQQ,2026-08-27,call,495.0,209.88,2.0,215.93,2.0,212.905,,,,,,,,,2026-08-24,709.625,709.65,702.83,706.38,552704.0,706.932044
2026-08-24T20:35:06.234,2,3,QQQ260827C00500000,QQQ,2026-08-27,call,500.0,202.99,1.0,203.06,2.0,203.025,,,,,,,,,2026-08-24,709.625,709.65,702.83,706.38,552704.0,706.932044
2026-08-24T20:35:06.234,2,3,QQQ260827C00505000,QQQ,2026-08-27,call,505.0,202.28,2.0,205.31,1.0,203.79500000000002,,,,,,,,,2026-08-24,709.625,709.65,702.83,706.38,552704.0,706.932044
2026-08-24T20:35:06.234,2,3,QQQ260827C00510000,QQQ,2026-08-27,call,510.0,198.24,2.0,198.89,1.0,198.565,,,,,,,,,2026-08-24,709.625,709.65,702.83,706.38,552704.0,706.932044
2026-08-24T20:35:06.234,2,3,QQQ260827C00515000,QQQ,2026-08-27,call,515.0,194.81,2.0,195.49,2.0,195.15,,,,,,,,,2026-08-24,709.625,709.65,702.83,706.38,552704.0,706.932044
2026-08-24T20:35:06.234,2,3,QQQ260827C00520000,QQQ,2026-08-27,call,520.0,184.18,2.0,184.87,2.0,184.525,,,,,,,,,2026-08-24,709.625,709.65,702.83,706.38,552704.0,706.932044
2026-08-24T20:35:06.234,2,3,QQQ260827C00525000,QQQ,2026-08-27,call,525.0,180.12,2.0,180.22,2.0,180.17000000000002,,,,,,,,,2026-08-24,709.625,709.65,702.83,706.38,552704.0,706.932044
2026-08-24T20:35:06.234,2,3,QQQ260827C00530000,QQQ,2026-08-27,call,530.0,179.06,2.0,179.72,1.0,179.39,,,,,,,,,2026-08-24,709.625,709.65,702.83,706.38,552704.0,706.932044
2026-08-24T20:35:06.234,2,3,QQQ260827C00535000,QQQ,2026-08-27,call,535.0,173.33,1.0,174.01,1.0,173.67000000000002,,,,,,,,,2026-08-24,709.625,709.65,702.83,706.38,552704.0,706.932044
2026-08-24T20:35:06.234,2,3,QQQ260827C00540000,QQQ,2026-08-27,call,540.0,164.75,2.0,166.99,1.0,165.87,,,,,,,,,2026-08-24,709.625,709.65,702.83,706.38,552704.0,706.932044
2026-08-24T20:35:06.234,2,3,QQQ260827C00545000,QQQ,2026-08-27,call,545.0,161.67,2.0,162.35,2.0,162.01,,,,,,,,,2026-08-24,709.625,709.65,702.83,706.38,552704.0,706.932044
2026-08-24T20:35:06.234,2,3,QQQ260827C00550000,QQQ,2026-08-27,call,550.0,154.36,5.0,156.66,5.0,155.51,,,,,,,,,2026-08-24,709.625,709.65,702.83,706.38,552704.0,706.932044
2026-08-24T20:35:06.234,2,3,QQQ260827C00555000,QQQ,2026-08-27,call,555.0,153.11,5.0,154.73,1.0,153.92000000000002,,,,,,,,,2026-08-24,709.625,709.65,702.83,706.38,552704.0,706.932044
2026-08-24T20:35:06.234,2,3,QQQ260827C00560000,QQQ,2026-08-27,call,560.0,148.81,5.0,149.37,1.0,149.09,,,,,,,,,2026-08-24,709.625,709.65,702.83,706.38,552704.0,706.932044
2026-08-24T20:35:06.234,2,3,QQQ260827C00565000,QQQ,2026-08-27,call,565.0,143.83,5.0,144.48,1.0,144.155,,,,,,,,,2026-08-24,709.625,709.65,702.83,706.38,552704.0,706.932044
2026-08-24T20:35:06.234,2,3,QQQ260827C00570000,QQQ,2026-08-27,call,570.0,134.57,5.0,139.03,1.0,136.8,142.51,1.0,,,,,,,2026-08-24,709.625,709.65,702.83,706.38,552704.0,706.932044
2026-08-24T20:35:06.234,2,3,QQQ260827C00575000,QQQ,2026-08-27,call,575.0,131.86,5.0,134.22,1.0,133.04000000000002,,,,,,,,,2026-08-24,709.625,709.65,702.83,706.38,552704.0,706.932044
2026-08-24T20:35:06.234,2,3,QQQ260827C00580000,QQQ,2026-08-27,call,580.0,125.81,5.0,126.45,1.0,126.13,,,,,,,,,2026-08-24,709.625,709.65,702.83,706.38,552704.0,706.932044
2026-08-24T20:35:06.234,2,3,QQQ260827C00585000,QQQ,2026-08-27,call,585.0,119.02,1.0,121.47,3.0,120.245,,,,,,,,,2026-08-24,709.625,709.65,702.83,706.38,552704.0,706.932044
2026-08-24T20:35:06.234,2,3,QQQ260827C00590000,QQQ,2026-08-27,call,590.0,118.29,5.0,118.8,5.0,118.545,,,,,,,,,2026-08-24,709.625,709.65,702.83,706.38,552704.0,706.932044
2026-08-24T20:35:06.234,2,3,QQQ260827C00595000,QQQ,2026-08-27,call,595.0,109.58,5.0,112.56,5.0,111.07,,,,,,,,,2026-08-24,709.625,709.65,702.83,706.38,552704.0,706.932044
2026-08-24T20:35:06.234,2,3,QQQ260827C00600000,QQQ,2026-08-27,call,600.0,108.02,5.0,108.37,5.0,108.195,107.67,1.0,,,,,,,2026-08-24,709.625,709.65,702.83,706.38,552704.0,706.932044
2026-08-24T20:35:06.234,2,3,QQQ260827C00605000,QQQ,2026-08-27,call,605.0,99.86,5.0,100.81,1.0,100.33500000000001,,,,,,,,,2026-08-24,709.625,709.65,702.83,706.38,552704.0,706.932044
2026-08-24T20:35:06.234,2,3,QQQ260827C00610000,QQQ,2026-08-27,call,610.0,95.78,5.0,96.34,1.0,96.06,,,,,,,,,2026-08-24,709.625,709.65,702.83,706.38,552704.0,706.932044
2026-08-24T20:35:06.234,2,3,QQQ260827C00615000,QQQ,2026-08-27,call,615.0,90.4,5.0,90.45,1.0,90.42500000000001,,,,,,,,,2026-08-24,709.625,709.65,702.83,706.38,552704.0,706.932044
2026-08-24T20:35:06.234,2,3,QQQ260827C00620000,QQQ,2026-08-27,call,620.0,85.11,5.0,86.24,5.0,85.675,,,,,,,,,2026-08-24,709.625,709.65,702.83,706.38,552704.0,706.932044
2026-08-24T20:35:06.234,2,3,QQQ260827C00625000,QQQ,2026-08-27,call,625.0,79.93,5.0,81.44,1.0,80.685,81.21,3.0,,,,,,,2026-08-24,709.625,709.65,702.83,706.38,552704.0,706.932044
2026-08-24T20:35:06.234,2,3,QQQ260827C00630000,QQQ,2026-08-27,call,630.0,76.33,5.0,76.97,5.0,76.65,,,0.6444,0.9765,0.0013,-0.4429,0.0355,0.0504,2026-08-24,709.625,709.65,702.83,706.38,552704.0,706.932044
2026-08-24T20:35:06.234,2,3,QQQ260827C00635000,QQQ,2026-08-27,call,635.0,71.7,1.0,73.13,3.0,72.41499999999999,,,0.7481,0.9455,0.0023,-0.9407,0.0707,0.0489,2026-08-24,709.625,709.65,702.83,706.38,552704.0,706.932044
2026-08-24T20:35:06.234,2,3,QQQ260827C00640000,QQQ,2026-08-27,call,640.0,65.79,5.0,68.16,1.0,66.975,,,0.6361,0.9589,0.0022,-0.6589,0.0564,0.0501,2026-08-24,709.625,709.65,702.83,706.38,552704.0,706.932044
2026-08-24T20:35:06.234,2,3,QQQ260827C00645000,QQQ,2026-08-27,call,645.0,61.41,5.0,62.46,1.0,61.935,58.49,1.0,0.5878,0.9582,0.0024,-0.6213,0.0571,0.0505,2026-08-24,709.625,709.65,702.83,706.38,552704.0,706.932044
2026-08-24T20:35:06.234,2,3,QQQ260827C00650000,QQQ,2026-08-27,call,650.0,56.13,5.0,56.17,5.0,56.150000000000006,,,,,,,,,2026-08-24,709.625,709.65,702.83,706.38,552704.0,706.932044
2026-08-24T20:35:06.234,2,3,QQQ260827C00655000,QQQ,2026-08-27,call,655.0,51.52,5.0,51.92,5.0,51.72,49.45,3.0,0.4675,0.9641,0.0026,-0.4564,0.0505,0.0517,2026-08-24,709.625,709.65,702.83,706.38,552704.0,706.932044
2026-08-24T20:35:06.234,2,3,QQQ260827C00660000,QQQ,2026-08-27,call,660.0,46.47,5.0,46.94,1.0,46.705,,,0.4253,0.9623,0.003,-0.4362,0.0526,0.052,2026-08-24,709.625,709.65,702.83,706.38,552704.0,706.932044
2026-08-24T20:35:06.234,2,3,QQQ260827C00665000,QQQ,2026-08-27,call,665.0,40.81,5.0,42.33,5.0,41.57,49.62,35.0,0.3592,0.969,0.003,-0.3321,0.0447,0.0528,2026-08-24,709.625,709.65,702.83,706.38,552704.0,706.932044
2026-08-24T20:35:06.234,2,3,QQQ260827C00668000,QQQ,2026-08-27,call,668.0,38.5,8.0,39.39,1.0,38.945,,,0.398,0.941,0.0046,-0.5618,0.0753,0.0514,2026-08-24,709.625,709.65,702.83,706.38,552704.0,706.932044
2026-08-24T20:35:06.234,2,3,QQQ260827C00669000,QQQ,2026-08-27,call,669.0,37.44,5.0,38.11,5.0,37.775,,,0.3655,0.9509,0.0043,-0.4595,0.065,0.0521,2026-08-24,709.625,709.65,702.83,706.38,552704.0,706.932044
2026-08-24T20:35:06.234,2,3,QQQ260827C00670000,QQQ,2026-08-27,call,670.0,36.99,5.0,37.27,1.0,37.13,35.01,1.0,0.4034,0.928,0.0053,-0.6525,0.0878,0.0508,2026-08-24,709.625,709.65,702.83,706.38,552704.0,706.932044
2026-08-24T20:35:06.234,2,3,QQQ260827C00671000,QQQ,2026-08-27,call,671.0,34.7,5.0,36.49,5.0,35.595,,,0.3189,0.9631,0.004,-0.339,0.0516,0.053,2026-08-24,709.625,709.65,702.83,706.38,552704.0,706.932044
2026-08-24T20:35:06.234,2,3,QQQ260827C00672000,QQQ,2026-08-27,call,672.0,33.91,11.0,35.39,3.0,34.65,44.87,1.0,0.3212,0.9577,0.0044,-0.3734,0.0578,0.0527,2026-08-24,709.625,709.65,702.83,706.38,552704.0,706.932044
2026-08-24T20:35:06.234,2,3,QQQ260827C00673000,QQQ,2026-08-27,call,673.0,33.61,5.0,34.48,5.0,34.045,,,0.3674,0.9288,0.0058,-0.5955,0.0871,0.0511,2026-08-24,709.625,709.65,702.83,706.38,552704.0,706.932044
2026-08-24T20:35:06.234,2,3,QQQ260827C00674000,QQQ,2026-08-27,call,674.0,31.94,3.0,33.41,3.0,32.675,,,0.3096,0.9537,0.0049,-0.3844,0.0621,0.0527,2026-08-24,709.625,709.65,702.83,706.38,552704.0,706.932044
2026-08-24T20:35:06.234,2,3,QQQ260827C00675000,QQQ,2026-08-27,call,675.0,31.07,5.0,31.46,3.0,31.265,39.02,4.0,,,,,,,2026-08-24,709.625,709.65,702.83,706.38,552704.0,706.932044
2026-08-24T20:35:06.234,2,3,QQQ260827C00676000,QQQ,2026-08-27,call,676.0,30.91,5.0,31.03,3.0,30.97,,,0.3326,0.9291,0.0064,-0.5436,0.0868,0.0514,2026-08-24,709.625,709.65,702.83,706.38,552704.0,706.932044
2026-08-24T20:35:06.234,2,3,QQQ260827C00677000,QQQ,2026-08-27,call,677.0,30.05,5.0,30.47,3.0,30.259999999999998,37.13,12.0,0.3539,0.9093,0.0072,-0.678,0.1045,0.0503,2026-08-24,709.625,709.65,702.83,706.38,552704.0,706.932044
2026-08-24T20:35:06.234,2,3,QQQ260827C00678000,QQQ,2026-08-27,call,678.0,28.71,3.0,28.92,3.0,28.815,,,0.2968,0.9374,0.0065,-0.4534,0.0788,0.052,2026-08-24,709.625,709.65,702.83,706.38,552704.0,706.932044
2026-08-24T20:35:06.234,2,3,QQQ260827C00679000,QQQ,2026-08-27,call,679.0,27.75,1.0,28.56,8.0,28.155,,,0.3255,0.9116,0.0077,-0.618,0.1026,0.0506,2026-08-24,709.625,709.65,702.83,706.38,552704.0,706.932044
2026-08-24T20:35:06.234,2,3,QQQ260827C00680000,QQQ,2026-08-27,call,680.0,26.54,5.0,27.04,3.0,26.79,28.55,1.0,0.2769,0.9363,0.007,-0.4321,0.0799,0.0521,2026-08-24,709.625,709.65,702.83,706.38,552704.0,706.932044
2026-08-24T20:35:06.234,2,3,QQQ260827C00681000,QQQ,2026-08-27,call,681.0,25.19,1.0,25.94,2.0,25.565,34.21,1.0,0.2364,0.9566,0.0061,-0.2973,0.0589,0.0534,2026-08-24,709.625,709.65,702.83,706.38,552704.0,706.932044
2026-08-24T20:35:06.234,2,3,QQQ260827C00682000,QQQ,2026-08-27,call,682.0,24.35,3.0,25.31,3.0,24.83,34.39,1.0,0.2647,0.9294,0.008,-0.445,0.0865,0.0519,2026-08-24,709.625,709.65,702.83,706.38,552704.0,706.932044
2026-08-24T20:35:06.234,2,3,QQQ260827C00683000,QQQ,2026-08-27,call,683.0,24.29,3.0,24.7,4.0,24.494999999999997,21.72,5.0,0.3173,0.8811,0.0098,-0.7324,0.1272,0.0491,2026-08-24,709.625,709.65,702.83,706.38,552704.0,706.932044
2026-08-24T20:35:06.234,2,3,QQQ260827C00684000,QQQ,2026-08-27,call,684.0,23.2,3.0,23.5,3.0,23.35,,,0.2959,0.8867,0.0101,-0.6666,0.1229,0.0495,2026-08-24,709.625,709.65,702.83,706.38,552704.0,706.932044
2026-08-24T20:35:06.234,2,3,QQQ260827C00685000,QQQ,2026-08-27,call,685.0,21.44,3.0,22.33,1.0,21.884999999999998,29.6,2.0,0.2446,0.9181,0.0097,-0.4577,0.0969,0.0515,2026-08-24,709.625,709.65,702.83,706.38,552704.0,706.932044
2026-08-24T20:35:06.234,2,3,QQQ260827C00686000,QQQ,2026-08-27,call,686.0,20.74,1.0,21.68,3.0,21.21,27.36,6.0,0.2652,0.8897,0.0111,-0.5939,0.1206,0.0499,2026-08-24,709.625,709.65,702.83,706.38,552704.0,706.932044
2026-08-24T20:35:06.234,2,3,QQQ260827C00687000,QQQ,2026-08-27,call,687.0,20.0,3.0,20.96,1.0,20.48,,,0.2764,0.8683,0.0121,-0.6888,0.1367,0.0487,2026-08-24,709.625,709.65,702.83,706.38,552704.0,706.932044
2026-08-24T20:35:06.234,2,3,QQQ260827C00688000,QQQ,2026-08-27,call,688.0,19.35,3.0,19.99,3.0,19.67,,,0.2795,0.8528,0.0129,-0.7449,0.1474,0.0479,2026-08-24,709.625,709.65,702.83,706.38,552704.0,706.932044
2026-08-24T20:35:06.234,2,3,QQQ260827C00689000,QQQ,2026-08-27,call,689.0,18.48,5.0,18.57,5.0,18.525,24.36,1.0,0.2593,0.857,0.0136,-0.6833,0.1445,0.0482,2026-08-24,709.625,709.65,702.83,706.38,552704.0,706.932044
2026-08-24T20:35:06.234,2,3,QQQ260827C00690000,QQQ,2026-08-27,call,690.0,17.5,3.0,17.58,5.0,17.54,18.74,7.0,0.25,0.8513,0.0145,-0.6767,0.1484,0.048,2026-08-24,709.625,709.65,702.83,706.38,552704.0,706.932044
2026-08-24T20:35:06.234,2,3,QQQ260827C00691000,QQQ,2026-08-27,call,691.0,16.78,5.0,17.09,5.0,16.935000000000002,16.94,5.0,0.2643,0.8228,0.0154,-0.7891,0.1663,0.0464,2026-08-24,709.625,709.65,702.83,706.38,552704.0,706.932044
2026-08-24T20:35:06.234,2,3,QQQ260827C00692000,QQQ,2026-08-27,call,692.0,15.77,3.0,16.079,5.0,15.9245,17.08,11.0,0.2526,0.8172,0.0164,-0.7701,0.1696,0.0461,2026-08-24,709.625,709.65,702.83,706.38,552704.0,706.932044
2026-08-24T20:35:06.234,2,3,QQQ260827C00693000,QQQ,2026-08-27,call,693.0,14.51,1.0,15.37,39.0,14.94,14.79,1.0,0.2422,0.8097,0.0175,-0.7578,0.1739,0.0458,2026-08-24,709.625,709.65,702.83,706.38,552704.0,706.932044
2026-08-24T20:35:06.234,2,3,QQQ260827C00694000,QQQ,2026-08-27,call,694.0,13.8,1.0,14.42,1.0,14.11,16.149,1.0,0.2403,0.7932,0.0186,-0.7869,0.1828,0.0449,2026-08-24,709.625,709.65,702.83,706.38,552704.0,706.932044
2026-08-24T20:35:06.234,2,3,QQQ260827C00695000,QQQ,2026-08-27,call,695.0,13.29,45.0,13.54,63.0,13.415,13.67,1.0,0.2445,0.77,0.0194,-0.8453,0.1944,0.0436,2026-08-24,709.625,709.65,702.83,706.38,552704.0,706.932044
2026-08-24T20:35:06.234,2,3,QQQ260827C00696000,QQQ,2026-08-27,call,696.0,12.1,1.0,12.85,21.0,12.475,13.44,13.0,0.2352,0.7579,0.0207,-0.8362,0.1999,0.043,2026-08-24,709.625,709.65,702.83,706.38,552704.0,706.932044
2026-08-24T20:35:06.234,2,3,QQQ260827C00697000,QQQ,2026-08-27,call,697.0,11.48,189.0,12.04,200.0,11.76,12.99,1.0,0.2364,0.7354,0.0216,-0.8765,0.2095,0.0417,2026-08-24,709.625,709.65,702.83,706.38,552704.0,706.932044
2026-08-24T20:35:06.234,2,3,QQQ260827C00698000,QQQ,2026-08-27,call,698.0,10.81,73.0,11.05,25.0,10.93,11.11,1.0,0.2312,0.7172,0.0229,-0.8841,0.2165,0.0407,2026-08-24,709.625,709.65,702.83,706.38,552704.0,706.932044
2026-08-24T20:35:06.234,2,3,QQQ260827C00699000,QQQ,2026-08-27,call,699.0,10.11,30.0,10.51,153.0,10.309999999999999,11.12,2.0,0.2347,0.6911,0.0234,-0.9298,0.2255,0.0393,2026-08-24,709.625,709.65,702.83,706.38,552704.0,706.932044
2026-08-24T20:35:06.234,2,3,QQQ260827C00700000,QQQ,2026-08-27,call,700.0,9.31,3.0,9.34,5.0,9.325,9.59,1.0,0.2211,0.6762,0.0254,-0.8948,0.23,0.0385,2026-08-24,709.625,709.65,702.83,706.38,552704.0,706.932044
2026-08-24T20:35:06.234,2,3,QQQ260827C00701000,QQQ,2026-08-27,call,701.0,8.62,3.0,8.71,7.0,8.665,8.88,8.0,0.221,0.6503,0.0262,-0.918,0.237,0.037,2026-08-24,709.625,709.65,702.83,706.38,552704.0,706.932044
2026-08-24T20:35:06.234,2,3,QQQ260827C00702000,QQQ,2026-08-27,call,702.0,7.95,4.0,8.0,5.0,7.975,9.79,3.0,0.2185,0.6249,0.0271,-0.9273,0.2428,0.0356,2026-08-24,709.625,709.65,702.83,706.38,552704.0,706.932044
2026-08-24T20:35:06.234,2,3,QQQ260827C00703000,QQQ,2026-08-27,call,703.0,7.16,4.0,7.25,6.0,7.205,7.39,2.0,0.2117,0.6001,0.0285,-0.9144,0.2473,0.0342,2026-08-24,709.625,709.65,702.83,706.38,552704.0,706.932044
2026-08-24T20:35:06.234,2,3,QQQ260827C00704000,QQQ,2026-08-27,call,704.0,6.73,3.0,6.87,6.0,6.800000000000001,6.85,10.0,0.2186,0.5693,0.0281,-0.956,0.2515,0.0325,2026-08-24,709.625,709.65,702.83,706.38,552704.0,706.932044
2026-08-24T20:35:06.234,2,3,QQQ260827C00705000,QQQ,2026-08-27,call,705.0,5.92,73.0,6.09,10.0,6.005,6.23,1.0,0.2089,0.5426,0.0297,-0.9217,0.2539,0.031,2026-08-24,709.625,709.65,702.83,706.38,552704.0,706.932044
2026-08-24T20:35:06.234,2,3,QQQ260827C00706000,QQQ,2026-08-27,call,706.0,5.43,6.0,5.58,11.0,5.505,5.6,5.0,0.2096,0.5128,0.0297,-0.9275,0.2552,0.0293,2026-08-24,709.625,709.65,702.83,706.38,552704.0,706.932044
2026-08-24T20:35:06.234,2,3,QQQ260827C00707000,QQQ,2026-08-27,call,707.0,4.87,41.0,5.04,5.0,4.955,5.05,2.0,0.2073,0.4828,0.03,-0.9151,0.2551,0.0276,2026-08-24,709.625,709.65,702.83,706.38,552704.0,706.932044
2026-08-24T20:35:06.234,2,3,QQQ260827C00708000,QQQ,2026-08-27,call,708.0,4.33,11.0,4.55,39.0,4.4399999999999995,4.55,2.0,0.2051,0.4523,0.0302,-0.8984,0.2536,0.0259,2026-08-24,709.625,709.65,702.83,706.38,552704.0,706.932044
2026-08-24T20:35:06.234,2,3,QQQ260827C00709000,QQQ,2026-08-27,call,709.0,3.85,17.0,3.97,11.0,3.91,4.05,1.0,0.2011,0.4208,0.0304,-0.8685,0.2503,0.0241,2026-08-24,709.625,709.65,702.83,706.38,552704.0,706.932044
2026-08-24T20:35:06.234,2,3,QQQ260827C00710000,QQQ,2026-08-27,call,710.0,3.47,13.0,3.63,28.0,3.55,3.57,3.0,0.2027,0.3917,0.0296,-0.8581,0.2459,0.0224,2026-08-24,709.625,709.65,702.83,706.38,552704.0,706.932044
2026-08-24T20:35:06.234,2,3,QQQ260827C00711000,QQQ,2026-08-27,call,711.0,3.12,19.0,3.2,2.0,3.16,3.16,10.0,0.2019,0.362,0.029,-0.8326,0.2399,0.0207,2026-08-24,709.625,709.65,702.83,706.38,552704.0,706.932044
2026-08-24T20:35:06.234,2,3,QQQ260827C00712000,QQQ,2026-08-27,call,712.0,2.64,9.0,2.78,19.0,2.71,2.75,1.0,0.1972,0.3298,0.0287,-0.7847,0.2318,0.0189,2026-08-24,709.625,709.65,702.83,706.38,552704.0,706.932044
2026-08-24T20:35:06.234,2,3,QQQ260827C00713000,QQQ,2026-08-27,call,713.0,2.37,29.0,2.39,23.0,2.38,2.41,4.0,0.1963,0.301,0.0277,-0.7501,0.2229,0.0173,2026-08-24,709.625,709.65,702.83,706.38,552704.0,706.932044
2026-08-24T20:35:06.234,2,3,QQQ260827C00714000,QQQ,2026-08-27,call,714.0,2.009,26.0,2.06,23.0,2.0345,2.07,2.0,0.1932,0.2709,0.0268,-0.7018,0.212,0.0156,2026-08-24,709.625,709.65,702.83,706.38,552704.0,706.932044
2026-08-24T20:35:06.234,2,3,QQQ260827C00715000,QQQ,2026-08-27,call,715.0,1.77,59.0,1.78,27.0,1.775,1.8,2.0,0.1929,0.2447,0.0254,-0.6636,0.2011,0.0141,2026-08-24,709.625,709.65,702.83,706.38,552704.0,706.932044
2026-08-24T20:35:06.234,2,3,QQQ260827C00716000,QQQ,2026-08-27,call,716.0,1.46,23.0,1.52,2.0,1.49,1.54,10.0,0.1898,0.2165,0.0241,-0.6093,0.1878,0.0124,2026-08-24,709.625,709.65,702.83,706.38,552704.0,706.932044
2026-08-24T20:35:06.234,2,3,QQQ260827C00717000,QQQ,2026-08-27,call,717.0,1.28,16.0,1.29,15.0,1.2850000000000001,1.31,1.0,0.1895,0.1932,0.0226,-0.5678,0.1755,0.0111,2026-08-24,709.625,709.65,702.83,706.38,552704.0,706.932044
2026-08-24T20:35:06.234,2,3,QQQ260827C00718000,QQQ,2026-08-27,call,718.0,1.08,18.0,1.13,23.0,1.105,1.08,4.0,0.1894,0.1715,0.021,-0.5262,0.1629,0.0099,2026-08-24,709.625,709.65,702.83,706.38,552704.0,706.932044
2026-08-24T20:35:06.234,2,3,QQQ260827C00719000,QQQ,2026-08-27,call,719.0,0.9,14.0,0.91,28.0,0.905,0.92,8.0,0.1865,0.1479,0.0193,-0.4701,0.1479,0.0085,2026-08-24,709.625,709.65,702.83,706.38,552704.0,706.932044
2026-08-24T20:35:06.234,2,3,QQQ260827C00720000,QQQ,2026-08-27,call,720.0,0.71,8.0,0.75,93.0,0.73,0.76,5.0,0.1835,0.1259,0.0176,-0.4138,0.1324,0.0072,2026-08-24,709.625,709.65,702.83,706.38,552704.0,706.932044
2026-08-24T20:35:06.234,2,3,QQQ260827C00721000,QQQ,2026-08-27,call,721.0,0.61,17.0,0.65,202.0,0.63,0.63,6.0,0.1847,0.1109,0.016,-0.3806,0.1211,0.0064,2026-08-24,709.625,709.65,702.83,706.38,552704.0,706.932044
2026-08-24T20:35:06.234,2,3,QQQ260827C00722000,QQQ,2026-08-27,call,722.0,0.46,124.0,0.48,25.0,0.47,0.5,2.0,0.1791,0.0892,0.0141,-0.3144,0.1032,0.0051,2026-08-24,709.625,709.65,702.83,706.38,552704.0,706.932044
2026-08-24T20:35:06.234,2,3,QQQ260827C00723000,QQQ,2026-08-27,call,723.0,0.36,34.0,0.38,35.0,0.37,0.44,24.0,0.1769,0.0737,0.0123,-0.2687,0.0894,0.0042,2026-08-24,709.625,709.65,702.83,706.38,552704.0,706.932044
2026-08-24T20:35:06.234,2,3,QQQ260827C00724000,QQQ,2026-08-27,call,724.0,0.28,21.0,0.3,27.0,0.29000000000000004,0.33,1.0,0.1751,0.0604,0.0107,-0.2279,0.0766,0.0035,2026-08-24,709.625,709.65,702.83,706.38,552704.0,706.932044
2026-08-24T20:35:06.234,2,3,QQQ260827C00725000,QQQ,2026-08-27,call,725.0,0.21,33.0,0.27,30.0,0.24,0.27,1.0,0.1756,0.0512,0.0094,-0.2005,0.0673,0.003,2026-08-24,709.625,709.65,702.83,706.38,552704.0,706.932044
2026-08-24T20:35:06.234,2,3,QQQ260827C00726000,QQQ,2026-08-27,call,726.0,0.2,30.0,0.22,274.0,0.21000000000000002,0.21,1.0,0.1782,0.0451,0.0083,-0.1835,0.0607,0.0026,2026-08-24,709.625,709.65,702.83,706.38,552704.0,706.932044
2026-08-24T20:35:06.234,2,3,QQQ260827C00727000,QQQ,2026-08-27,call,727.0,0.11,100.0,0.13,141.0,0.12,0.16,10.0,0.1676,0.0292,0.0062,-0.1208,0.0425,0.0017,2026-08-24,709.625,709.65,702.83,706.38,552704.0,706.932044
2026-08-24T20:35:06.234,2,3,QQQ260827C00728000,QQQ,2026-08-27,call,728.0,0.08,73.0,0.13,160.0,0.10500000000000001,0.12,2.0,0.1704,0.0255,0.0055,-0.11,0.0381,0.0015,2026-08-24,709.625,709.65,702.83,706.38,552704.0,706.932044
2026-08-24T20:35:06.234,2,3,QQQ260827C00729000,QQQ,2026-08-27,call,729.0,0.1,1.0,0.11,345.0,0.10500000000000001,0.08,10.0,0.1769,0.0247,0.0051,-0.111,0.0371,0.0014,2026-08-24,709.625,709.65,702.83,706.38,552704.0,706.932044
2026-08-24T20:35:06.234,2,3,QQQ260827C00730000,QQQ,2026-08-27,call,730.0,0.03,49.0,0.09,292.0,0.06,0.08,1.0,0.1685,0.0157,0.0036,-0.0718,0.0252,0.0009,2026-08-24,709.625,709.65,702.83,706.38,552704.0,706.932044
2026-08-24T20:35:06.234,2,3,QQQ260827C00731000,QQQ,2026-08-27,call,731.0,0.06,29.0,0.07,74.0,0.065,0.06,6.0,0.1765,0.0162,0.0036,-0.0772,0.0259,0.0009,2026-08-24,709.625,709.65,702.83,706.38,552704.0,706.932044
2026-08-24T20:35:06.234,2,3,QQQ260827C00732000,QQQ,2026-08-27,call,732.0,0.01,43.0,0.06,229.0,0.034999999999999996,0.03,1.0,0.168,0.0097,0.0024,-0.0471,0.0166,0.0006,2026-08-24,709.625,709.65,702.83,706.38,552704.0,706.932044
2026-08-24T20:35:06.234,2,3,QQQ260827C00733000,QQQ,2026-08-27,call,733.0,0.04,88.0,0.05,176.0,0.045,0.04,1.0,0.1793,0.0115,0.0026,-0.0582,0.0192,0.0007,2026-08-24,709.625,709.65,702.83,706.38,552704.0,706.932044
2026-08-24T20:35:06.234,2,3,QQQ260827C00734000,QQQ,2026-08-27,call,734.0,0.03,81.0,0.05,188.0,0.04,0.02,5.0,0.1822,0.0102,0.0023,-0.0532,0.0173,0.0006,2026-08-24,709.625,709.65,702.83,706.38,552704.0,706.932044
2026-08-24T20:35:06.234,2,3,QQQ260827C00735000,QQQ,2026-08-27,call,735.0,0.01,121.0,0.05,248.0,0.030000000000000002,0.03,6.0,0.1813,0.0079,0.0019,-0.0423,0.0138,0.0005,2026-08-24,709.625,709.65,702.83,706.38,552704.0,706.932044
2026-08-24T20:35:06.234,2,3,QQQ260827C00736000,QQQ,2026-08-27,call,736.0,0.01,76.0,0.02,84.0,0.015,0.03,10.0,0.1727,0.0044,0.0012,-0.0239,0.0082,0.0003,2026-08-24,709.625,709.65,702.83,706.38,552704.0,706.932044
2026-08-24T20:35:06.234,2,3,QQQ260827C00737000,QQQ,2026-08-27,call,737.0,0.0,0.0,0.01,209.0,0.005,0.06,10.0,,,,,,,2026-08-24,709.625,709.65,702.83,706.38,552704.0,706.932044
2026-08-24T20:35:06.234,2,3,QQQ260827C00738000,QQQ,2026-08-27,call,738.0,0.0,0.0,0.01,56.0,0.005,0.01,1.0,,,,,,,2026-08-24,709.625,709.65,702.83,706.38,552704.0,706.932044
2026-08-24T20:35:06.234,2,3,QQQ260827C00739000,QQQ,2026-08-27,call,739.0,0.0,0.0,0.04,141.0,0.02,0.04,5.0,,,,,,,2026-08-24,709.625,709.65,702.83,706.38,552704.0,706.932044
2026-08-24T20:35:06.234,2,3,QQQ260827C00740000,QQQ,2026-08-27,call,740.0,0.0,0.0,0.04,158.0,0.02,0.02,1.0,,,,,,,2026-08-24,709.625,709.65,702.83,706.38,552704.0,706.932044
2026-08-24T20:35:06.234,2,3,QQQ260827C00741000,QQQ,2026-08-27,call,741.0,0.0,0.0,0.04,175.0,0.02,0.02,1.0,,,,,,,2026-08-24,709.625,709.65,702.83,706.38,552704.0,706.932044
2026-08-24T20:35:06.234,2,3,QQQ260827C00742000,QQQ,2026-08-27,call,742.0,0.0,0.0,0.01,136.0,0.005,0.02,3.0,,,,,,,2026-08-24,709.625,709.65,702.83,706.38,552704.0,706.932044
2026-08-24T20:35:06.234,2,3,QQQ260827C00743000,QQQ,2026-08-27,call,743.0,0.0,0.0,0.01,198.0,0.005,0.04,5.0,,,,,,,2026-08-24,709.625,709.65,702.83,706.38,552704.0,706.932044
2026-08-24T20:35:06.234,2,3,QQQ260827C00744000,QQQ,2026-08-27,call,744.0,0.0,0.0,0.01,148.0,0.005,0.03,1.0,,,,,,,2026-08-24,709.625,709.65,702.83,706.38,552704.0,706.932044
2026-08-24T20:35:06.234,2,3,QQQ260827C00745000,QQQ,2026-08-27,call,745.0,0.0,0.0,0.01,159.0,0.005,0.03,3.0,,,,,,,2026-08-24,709.625,709.65,702.83,706.38,552704.0,706.932044
2026-08-24T20:35:06.234,2,3,QQQ260827C00746000,QQQ,2026-08-27,call,746.0,0.0,0.0,0.01,142.0,0.005,0.02,7.0,,,,,,,2026-08-24,709.625,709.65,702.83,706.38,552704.0,706.932044
2026-08-24T20:35:06.234,2,3,QQQ260827C00747000,QQQ,2026-08-27,call,747.0,0.0,0.0,0.01,177.0,0.005,0.03,1.0,,,,,,,2026-08-24,709.625,709.65,702.83,706.38,552704.0,706.932044
2026-08-24T20:35:06.234,2,3,QQQ260827C00748000,QQQ,2026-08-27,call,748.0,0.0,0.0,0.01,218.0,0.005,0.01,1.0,,,,,,,2026-08-24,709.625,709.65,702.83,706.38,552704.0,706.932044
2026-08-24T20:35:06.234,2,3,QQQ260827C00749000,QQQ,2026-08-27,call,749.0,0.0,0.0,0.01,220.0,0.005,0.03,8.0,,,,,,,2026-08-24,709.625,709.65,702.83,706.38,552704.0,706.932044
2026-08-24T20:35:06.234,2,3,QQQ260827C00750000,QQQ,2026-08-27,call,750.0,0.0,0.0,0.04,78.0,0.02,0.02,2.0,,,,,,,2026-08-24,709.625,709.65,702.83,706.38,552704.0,706.932044
2026-08-24T20:35:06.234,2,3,QQQ260827C00751000,QQQ,2026-08-27,call,751.0,0.0,0.0,0.04,233.0,0.02,0.01,1.0,,,,,,,2026-08-24,709.625,709.65,702.83,706.38,552704.0,706.932044
2026-08-24T20:35:06.234,2,3,QQQ260827C00752000,QQQ,2026-08-27,call,752.0,0.0,0.0,0.01,247.0,0.005,0.01,5.0,,,,,,,2026-08-24,709.625,709.65,702.83,706.38,552704.0,706.932044
2026-08-24T20:35:06.234,2,3,QQQ260827C00753000,QQQ,2026-08-27,call,753.0,0.0,0.0,0.01,251.0,0.005,0.03,19.0,,,,,,,2026-08-24,709.625,709.65,702.83,706.38,552704.0,706.932044
2026-08-24T20:35:06.234,2,3,QQQ260827C00754000,QQQ,2026-08-27,call,754.0,0.0,0.0,0.04,244.0,0.02,0.01,1.0,,,,,,,2026-08-24,709.625,709.65,702.83,706.38,552704.0,706.932044
2026-08-24T20:35:06.234,2,3,QQQ260827C00755000,QQQ,2026-08-27,call,755.0,0.0,0.0,0.04,208.0,0.02,0.02,5.0,,,,,,,2026-08-24,709.625,709.65,702.83,706.38,552704.0,706.932044
2026-08-24T20:35:06.234,2,3,QQQ260827C00756000,QQQ,2026-08-27,call,756.0,0.0,0.0,0.04,415.0,0.02,0.01,2.0,,,,,,,2026-08-24,709.625,709.65,702.83,706.38,552704.0,706.932044
2026-08-24T20:35:06.234,2,3,QQQ260827C00757000,QQQ,2026-08-27,call,757.0,0.0,0.0,0.04,215.0,0.02,0.03,1.0,,,,,,,2026-08-24,709.625,709.65,702.83,706.38,552704.0,706.932044
2026-08-24T20:35:06.234,2,3,QQQ260827C00758000,QQQ,2026-08-27,call,758.0,0.0,0.0,0.01,215.0,0.005,0.03,1.0,,,,,,,2026-08-24,709.625,709.65,702.83,706.38,552704.0,706.932044
2026-08-24T20:35:06.234,2,3,QQQ260827C00759000,QQQ,2026-08-27,call,759.0,0.0,0.0,0.01,139.0,0.005,0.04,6.0,,,,,,,2026-08-24,709.625,709.65,702.83,706.38,552704.0,706.932044
2026-08-24T20:35:06.234,2,3,QQQ260827C00760000,QQQ,2026-08-27,call,760.0,0.01,3.0,0.04,215.0,0.025,0.01,1.0,0.3047,0.0042,0.0006,-0.0402,0.0079,0.0002,2026-08-24,709.625,709.65,702.83,706.38,552704.0,706.932044
2026-08-24T20:35:06.234,2,3,QQQ260827C00765000,QQQ,2026-08-27,call,765.0,0.0,0.0,0.03,140.0,0.015,0.01,2.0,,,,,,,2026-08-24,709.625,709.65,702.83,706.38,552704.0,706.932044
2026-08-24T20:35:06.234,2,3,QQQ260827C00770000,QQQ,2026-08-27,call,770.0,0.0,0.0,0.01,52.0,0.005,0.02,1.0,,,,,,,2026-08-24,709.625,709.65,702.83,706.38,552704.0,706.932044
2026-08-24T20:35:06.234,2,3,QQQ260827C00775000,QQQ,2026-08-27,call,775.0,0.0,0.0,0.03,140.0,0.015,0.03,20.0,,,,,,,2026-08-24,709.625,709.65,702.83,706.38,552704.0,706.932044
2026-08-24T20:35:06.234,2,3,QQQ260827C00780000,QQQ,2026-08-27,call,780.0,0.0,0.0,0.01,66.0,0.005,0.04,31.0,,,,,,,2026-08-24,709.625,709.65,702.83,706.38,552704.0,706.932044
2026-08-24T20:35:06.234,2,3,QQQ260827C00785000,QQQ,2026-08-27,call,785.0,0.0,0.0,0.01,66.0,0.005,0.02,1.0,,,,,,,2026-08-24,709.625,709.65,702.83,706.38,552704.0,706.932044
2026-08-24T20:35:06.234,2,3,QQQ260827C00790000,QQQ,2026-08-27,call,790.0,0.0,0.0,0.01,121.0,0.005,0.01,1.0,,,,,,,2026-08-24,709.625,709.65,702.83,706.38,552704.0,706.932044
2026-08-24T20:35:06.234,2,3,QQQ260827C00795000,QQQ,2026-08-27,call,795.0,0.0,0.0,0.03,66.0,0.015,,,,,,,,,2026-08-24,709.625,709.65,702.83,706.38,552704.0,706.932044
2026-08-24T20:35:06.234,2,3,QQQ260827C00800000,QQQ,2026-08-27,call,800.0,0.0,0.0,0.03,83.0,0.015,0.02,1.0,,,,,,,2026-08-24,709.625,709.65,702.83,706.38,552704.0,706.932044
2026-08-24T20:35:06.234,2,3,QQQ260827C00805000,QQQ,2026-08-27,call,805.0,0.0,0.0,0.03,64.0,0.015,,,,,,,,,2026-08-24,709.625,709.65,702.83,706.38,552704.0,706.932044
2026-08-24T20:35:06.234,2,3,QQQ260827C00810000,QQQ,2026-08-27,call,810.0,0.0,0.0,0.01,85.0,0.005,0.01,2.0,,,,,,,2026-08-24,709.625,709.65,702.83,706.38,552704.0,706.932044
2026-08-24T20:35:06.234,2,3,QQQ260827C00815000,QQQ,2026-08-27,call,815.0,0.0,0.0,0.03,84.0,0.015,,,,,,,,,2026-08-24,709.625,709.65,702.83,706.38,552704.0,706.932044
2026-08-24T20:35:06.234,2,3,QQQ260827C00820000,QQQ,2026-08-27,call,820.0,0.0,0.0,0.01,66.0,0.005,,,,,,,,,2026-08-24,709.625,709.65,702.83,706.38,552704.0,706.932044
2026-08-24T20:35:06.234,2,3,QQQ260827C00825000,QQQ,2026-08-27,call,825.0,0.0,0.0,0.01,67.0,0.005,,,,,,,,,2026-08-24,709.625,709.65,702.83,706.38,552704.0,706.932044
2026-08-24T20:35:06.234,2,3,QQQ260827C00830000,QQQ,2026-08-27,call,830.0,0.0,0.0,0.01,67.0,0.005,,,,,,,,,2026-08-24,709.625,709.65,702.83,706.38,552704.0,706.932044
2026-08-24T20:35:06.234,2,3,QQQ260827C00835000,QQQ,2026-08-27,call,835.0,0.0,0.0,0.03,67.0,0.015,,,,,,,,,2026-08-24,709.625,709.65,702.83,706.38,552704.0,706.932044
2026-08-24T20:35:06.234,2,3,QQQ260827C00840000,QQQ,2026-08-27,call,840.0,0.0,0.0,0.03,68.0,0.015,,,,,,,,,2026-08-24,709.625,709.65,702.83,706.38,552704.0,706.932044
2026-08-24T20:35:06.234,2,3,QQQ260827C00845000,QQQ,2026-08-27,call,845.0,0.0,0.0,0.03,68.0,0.015,,,,,,,,,2026-08-24,709.625,709.65,702.83,706.38,552704.0,706.932044
2026-08-24T20:35:06.234,2,3,QQQ260827C00850000,QQQ,2026-08-27,call,850.0,0.0,0.0,0.01,88.0,0.005,,,,,,,,,2026-08-24,709.625,709.65,702.83,706.38,552704.0,706.932044
2026-08-24T20:35:06.234,2,3,QQQ260827C00855000,QQQ,2026-08-27,call,855.0,0.0,0.0,0.03,69.0,0.015,,,,,,,,,2026-08-24,709.625,709.65,702.83,706.38,552704.0,706.932044
2026-08-24T20:35:06.234,2,3,QQQ260827C00860000,QQQ,2026-08-27,call,860.0,0.0,0.0,0.01,123.0,0.005,,,,,,,,,2026-08-24,709.625,709.65,702.83,706.38,552704.0,706.932044
2026-08-24T20:35:06.234,2,3,QQQ260827C00865000,QQQ,2026-08-27,call,865.0,0.0,0.0,0.03,68.0,0.015,,,,,,,,,2026-08-24,709.625,709.65,702.83,706.38,552704.0,706.932044
2026-08-24T20:35:06.234,2,3,QQQ260827C00870000,QQQ,2026-08-27,call,870.0,0.0,0.0,0.01,69.0,0.005,,,,,,,,,2026-08-24,709.625,709.65,702.83,706.38,552704.0,706.932044
2026-08-24T20:35:06.234,2,3,QQQ260827C00875000,QQQ,2026-08-27,call,875.0,0.0,0.0,0.01,89.0,0.005,,,,,,,,,2026-08-24,709.625,709.65,702.83,706.38,552704.0,706.932044
2026-08-24T20:35:06.234,2,3,QQQ260827C00880000,QQQ,2026-08-27,call,880.0,0.0,0.0,0.01,69.0,0.005,,,,,,,,,2026-08-24,709.625,709.65,702.83,706.38,552704.0,706.932044
2026-08-24T20:35:06.234,2,3,QQQ260827C00885000,QQQ,2026-08-27,call,885.0,0.0,0.0,0.01,90.0,0.005,,,,,,,,,2026-08-24,709.625,709.65,702.83,706.38,552704.0,706.932044
2026-08-24T20:35:06.234,2,3,QQQ260827C00890000,QQQ,2026-08-27,call,890.0,0.0,0.0,0.01,69.0,0.005,,,,,,,,,2026-08-24,709.625,709.65,702.83,706.38,552704.0,706.932044
2026-08-24T20:35:06.234,2,3,QQQ260827C00895000,QQQ,2026-08-27,call,895.0,0.0,0.0,0.03,69.0,0.015,,,,,,,,,2026-08-24,709.625,709.65,702.83,706.38,552704.0,706.932044
2026-08-24T20:35:06.234,2,3,QQQ260827C00900000,QQQ,2026-08-27,call,900.0,0.0,0.0,0.03,69.0,0.015,,,,,,,,,2026-08-24,709.625,709.65,702.83,706.38,552704.0,706.932044
2026-08-24T20:35:06.234,2,3,QQQ260827C00905000,QQQ,2026-08-27,call,905.0,0.0,0.0,0.03,74.0,0.015,,,,,,,,,2026-08-24,709.625,709.65,702.83,706.38,552704.0,706.932044
2026-08-24T20:35:06.234,2,3,QQQ260827C00910000,QQQ,2026-08-27,call,910.0,0.0,0.0,0.01,91.0,0.005,,,,,,,,,2026-08-24,709.625,709.65,702.83,706.38,552704.0,706.932044
2026-08-24T20:35:06.234,2,3,QQQ260827C00915000,QQQ,2026-08-27,call,915.0,0.0,0.0,0.03,74.0,0.015,,,,,,,,,2026-08-24,709.625,709.65,702.83,706.38,552704.0,706.932044
2026-08-24T20:35:06.234,2,3,QQQ260827C00920000,QQQ,2026-08-27,call,920.0,0.0,0.0,0.01,91.0,0.005,,,,,,,,,2026-08-24,709.625,709.65,702.83,706.38,552704.0,706.932044
2026-08-24T20:35:06.234,2,3,QQQ260827C00925000,QQQ,2026-08-27,call,925.0,0.0,0.0,0.03,71.0,0.015,,,,,,,,,2026-08-24,709.625,709.65,702.83,706.38,552704.0,706.932044
2026-08-24T20:35:06.234,2,3,QQQ260827C00930000,QQQ,2026-08-27,call,930.0,0.0,0.0,0.01,91.0,0.005,,,,,,,,,2026-08-24,709.625,709.65,702.83,706.38,552704.0,706.932044
2026-08-24T20:35:06.234,2,3,QQQ260827C00935000,QQQ,2026-08-27,call,935.0,0.0,0.0,0.03,91.0,0.015,,,,,,,,,2026-08-24,709.625,709.65,702.83,706.38,552704.0,706.932044
2026-08-24T20:35:06.234,2,3,QQQ260827C00940000,QQQ,2026-08-27,call,940.0,0.0,0.0,0.03,71.0,0.015,,,,,,,,,2026-08-24,709.625,709.65,702.83,706.38,552704.0,706.932044
2026-08-24T20:35:06.234,2,3,QQQ260827C00945000,QQQ,2026-08-27,call,945.0,0.0,0.0,0.03,71.0,0.015,0.01,5.0,,,,,,,2026-08-24,709.625,709.65,702.83,706.38,552704.0,706.932044
2026-08-24T20:35:06.234,2,3,QQQ260827C00950000,QQQ,2026-08-27,call,950.0,0.0,0.0,0.03,76.0,0.015,,,,,,,,,2026-08-24,709.625,709.65,702.83,706.38,552704.0,706.932044
2026-08-24T20:35:06.234,2,3,QQQ260827P00495000,QQQ,2026-08-27,put,495.0,0.03,48.0,0.04,48.0,0.035,0.03,48.0,,,,,,,2026-08-24,709.625,709.65,702.83,706.38,552704.0,706.932044
2026-08-24T20:35:06.234,2,3,QQQ260827P00500000,QQQ,2026-08-27,put,500.0,0.01,10.0,0.02,51.0,0.015,0.03,4.0,,,,,,,2026-08-24,709.625,709.65,702.83,706.38,552704.0,706.932044
2026-08-24T20:35:06.234,2,3,QQQ260827P00505000,QQQ,2026-08-27,put,505.0,0.01,48.0,0.03,155.0,0.02,0.02,10.0,,,,,,,2026-08-24,709.625,709.65,702.83,706.38,552704.0,706.932044
2026-08-24T20:35:06.234,2,3,QQQ260827P00510000,QQQ,2026-08-27,put,510.0,0.01,48.0,0.05,89.0,0.030000000000000002,,,,,,,,,2026-08-24,709.625,709.65,702.83,706.38,552704.0,706.932044
2026-08-24T20:35:06.234,2,3,QQQ260827P00515000,QQQ,2026-08-27,put,515.0,0.01,48.0,0.03,128.0,0.02,,,,,,,,,2026-08-24,709.625,709.65,702.83,706.38,552704.0,706.932044
2026-08-24T20:35:06.234,2,3,QQQ260827P00520000,QQQ,2026-08-27,put,520.0,0.01,48.0,0.03,86.0,0.02,,,,,,,,,2026-08-24,709.625,709.65,702.83,706.38,552704.0,706.932044
2026-08-24T20:35:06.234,2,3,QQQ260827P00525000,QQQ,2026-08-27,put,525.0,0.03,54.0,0.05,144.0,0.04,0.04,10.0,,,,,,,2026-08-24,709.625,709.65,702.83,706.38,552704.0,706.932044
2026-08-24T20:35:06.234,2,3,QQQ260827P00530000,QQQ,2026-08-27,put,530.0,0.03,56.0,0.05,143.0,0.04,0.02,1.0,,,,,,,2026-08-24,709.625,709.65,702.83,706.38,552704.0,706.932044
2026-08-24T20:35:06.234,2,3,QQQ260827P00535000,QQQ,2026-08-27,put,535.0,0.01,79.0,0.03,151.0,0.02,0.04,1.0,,,,,,,2026-08-24,709.625,709.65,702.83,706.38,552704.0,706.932044
2026-08-24T20:35:06.234,2,3,QQQ260827P00540000,QQQ,2026-08-27,put,540.0,0.01,77.0,0.05,153.0,0.030000000000000002,0.03,1.0,,,,,,,2026-08-24,709.625,709.65,702.83,706.38,552704.0,706.932044
2026-08-24T20:35:06.234,2,3,QQQ260827P00545000,QQQ,2026-08-27,put,545.0,0.03,73.0,0.05,132.0,0.04,0.03,1.0,,,,,,,2026-08-24,709.625,709.65,702.83,706.38,552704.0,706.932044
2026-08-24T20:35:06.234,2,3,QQQ260827P00550000,QQQ,2026-08-27,put,550.0,0.03,144.0,0.05,704.0,0.04,0.03,1.0,,,,,,,2026-08-24,709.625,709.65,702.83,706.38,552704.0,706.932044
2026-08-24T20:35:06.234,2,3,QQQ260827P00555000,QQQ,2026-08-27,put,555.0,0.01,125.0,0.05,209.0,0.030000000000000002,,,,,,,,,2026-08-24,709.625,709.65,702.83,706.38,552704.0,706.932044
2026-08-24T20:35:06.234,2,3,QQQ260827P00560000,QQQ,2026-08-27,put,560.0,0.03,132.0,0.05,172.0,0.04,0.05,10.0,,,,,,,2026-08-24,709.625,709.65,702.83,706.38,552704.0,706.932044
2026-08-24T20:35:06.234,2,3,QQQ260827P00565000,QQQ,2026-08-27,put,565.0,0.01,68.0,0.05,62.0,0.030000000000000002,,,,,,,,,2026-08-24,709.625,709.65,702.83,706.38,552704.0,706.932044
2026-08-24T20:35:06.234,2,3,QQQ260827P00570000,QQQ,2026-08-27,put,570.0,0.03,76.0,0.05,90.0,0.04,,,,,,,,,2026-08-24,709.625,709.65,702.83,706.38,552704.0,706.932044
2026-08-24T20:35:06.234,2,3,QQQ260827P00575000,QQQ,2026-08-27,put,575.0,0.03,121.0,0.06,320.0,0.045,0.03,1.0,,,,,,,2026-08-24,709.625,709.65,702.83,706.38,552704.0,706.932044
2026-08-24T20:35:06.234,2,3,QQQ260827P00580000,QQQ,2026-08-27,put,580.0,0.03,163.0,0.05,106.0,0.04,0.04,2.0,0.7879,-0.0026,0.0002,-0.0675,0.0052,-0.0002,2026-08-24,709.625,709.65,702.83,706.38,552704.0,706.932044
2026-08-24T20:35:06.234,2,3,QQQ260827P00585000,QQQ,2026-08-27,put,585.0,0.01,166.0,0.03,151.0,0.02,0.02,3.0,0.7088,-0.0015,0.0001,-0.0372,0.0032,-0.0001,2026-08-24,709.625,709.65,702.83,706.38,552704.0,706.932044
2026-08-24T20:35:06.234,2,3,QQQ260827P00590000,QQQ,2026-08-27,put,590.0,0.04,22.0,0.06,209.0,0.05,0.03,10.0,0.7421,-0.0034,0.0002,-0.0805,0.0065,-0.0002,2026-08-24,709.625,709.65,702.83,706.38,552704.0,706.932044
2026-08-24T20:35:06.234,2,3,QQQ260827P00595000,QQQ,2026-08-27,put,595.0,0.04,68.0,0.06,198.0,0.05,0.03,1.0,0.7105,-0.0035,0.0002,-0.0799,0.0068,-0.0002,2026-08-24,709.625,709.65,702.83,706.38,552704.0,706.932044
2026-08-24T20:35:06.234,2,3,QQQ260827P00600000,QQQ,2026-08-27,put,600.0,0.04,72.0,0.06,210.0,0.05,0.06,1.0,0.679,-0.0037,0.0003,-0.0793,0.007,-0.0002,2026-08-24,709.625,709.65,702.83,706.38,552704.0,706.932044
2026-08-24T20:35:06.234,2,3,QQQ260827P00605000,QQQ,2026-08-27,put,605.0,0.01,80.0,0.06,225.0,0.034999999999999996,0.1,3.0,0.6245,-0.0029,0.0002,-0.0583,0.0056,-0.0002,2026-08-24,709.625,709.65,702.83,706.38,552704.0,706.932044
2026-08-24T20:35:06.234,2,3,QQQ260827P00610000,QQQ,2026-08-27,put,610.0,0.04,76.0,0.06,158.0,0.05,0.08,1.0,0.6166,-0.004,0.0003,-0.078,0.0076,-0.0002,2026-08-24,709.625,709.65,702.83,706.38,552704.0,706.932044
2026-08-24T20:35:06.234,2,3,QQQ260827P00615000,QQQ,2026-08-27,put,615.0,0.04,120.0,0.06,124.0,0.05,0.12,1.0,0.5856,-0.0042,0.0003,-0.0773,0.008,-0.0002,2026-08-24,709.625,709.65,702.83,706.38,552704.0,706.932044
2026-08-24T20:35:06.234,2,3,QQQ260827P00620000,QQQ,2026-08-27,put,620.0,0.05,5.0,0.07,513.0,0.060000000000000005,0.04,1.0,0.5659,-0.0051,0.0004,-0.0892,0.0095,-0.0003,2026-08-24,709.625,709.65,702.83,706.38,552704.0,706.932044
2026-08-24T20:35:06.234,2,3,QQQ260827P00625000,QQQ,2026-08-27,put,625.0,0.01,48.0,0.03,188.0,0.02,0.05,1.0,0.4772,-0.0022,0.0002,-0.035,0.0044,-0.0001,2026-08-24,709.625,709.65,702.83,706.38,552704.0,706.932044
2026-08-24T20:35:06.234,2,3,QQQ260827P00630000,QQQ,2026-08-27,put,630.0,0.01,130.0,0.03,189.0,0.02,0.03,1.0,0.4488,-0.0023,0.0003,-0.0347,0.0047,-0.0001,2026-08-24,709.625,709.65,702.83,706.38,552704.0,706.932044
2026-08-24T20:35:06.234,2,3,QQQ260827P00635000,QQQ,2026-08-27,put,635.0,0.05,188.0,0.07,48.0,0.060000000000000005,0.04,5.0,0.4722,-0.0061,0.0006,-0.0863,0.011,-0.0004,2026-08-24,709.625,709.65,702.83,706.38,552704.0,706.932044
2026-08-24T20:35:06.234,2,3,QQQ260827P00640000,QQQ,2026-08-27,put,640.0,0.02,177.0,0.08,209.0,0.05,0.05,8.0,0.432,-0.0056,0.0006,-0.0732,0.0102,-0.0003,2026-08-24,709.625,709.65,702.83,706.38,552704.0,706.932044
2026-08-24T20:35:06.234,2,3,QQQ260827P00645000,QQQ,2026-08-27,put,645.0,0.02,435.0,0.08,193.0,0.05,0.06,5.0,0.4014,-0.006,0.0007,-0.0722,0.0109,-0.0004,2026-08-24,709.625,709.65,702.83,706.38,552704.0,706.932044
2026-08-24T20:35:06.234,2,3,QQQ260827P00650000,QQQ,2026-08-27,put,650.0,0.07,164.0,0.09,94.0,0.08,0.07,5.0,0.3927,-0.0094,0.001,-0.1047,0.0161,-0.0005,2026-08-24,709.625,709.65,702.83,706.38,552704.0,706.932044
2026-08-24T20:35:06.234,2,3,QQQ260827P00655000,QQQ,2026-08-27,put,655.0,0.04,144.0,0.06,132.0,0.05,0.08,1.0,0.3404,-0.007,0.0009,-0.07,0.0124,-0.0004,2026-08-24,709.625,709.65,702.83,706.38,552704.0,706.932044
2026-08-24T20:35:06.234,2,3,QQQ260827P00660000,QQQ,2026-08-27,put,660.0,0.06,100.0,0.12,95.0,0.09,0.09,1.0,0.3339,-0.0121,0.0015,-0.1109,0.0201,-0.0007,2026-08-24,709.625,709.65,702.83,706.38,552704.0,706.932044
2026-08-24T20:35:06.234,2,3,QQQ260827P00665000,QQQ,2026-08-27,put,665.0,0.09,142.0,0.15,188.0,0.12,0.12,1.0,0.3138,-0.0165,0.002,-0.1364,0.0263,-0.001,2026-08-24,709.625,709.65,702.83,706.38,552704.0,706.932044
2026-08-24T20:35:06.234,2,3,QQQ260827P00668000,QQQ,2026-08-27,put,668.0,0.12,52.0,0.14,129.0,0.13,0.23,1.0,0.2971,-0.0186,0.0024,-0.1431,0.0292,-0.0011,2026-08-24,709.625,709.65,702.83,706.38,552704.0,706.932044
2026-08-24T20:35:06.234,2,3,QQQ260827P00669000,QQQ,2026-08-27,put,669.0,0.17,94.0,0.19,81.0,0.18,0.13,1.0,0.3054,-0.0242,0.0029,-0.1838,0.0364,-0.0014,2026-08-24,709.625,709.65,702.83,706.38,552704.0,706.932044
2026-08-24T20:35:06.234,2,3,QQQ260827P00670000,QQQ,2026-08-27,put,670.0,0.18,163.0,0.2,193.0,0.19,0.18,10.0,0.301,-0.0258,0.0031,-0.1906,0.0384,-0.0015,2026-08-24,709.625,709.65,702.83,706.38,552704.0,706.932044
2026-08-24T20:35:06.234,2,3,QQQ260827P00671000,QQQ,2026-08-27,put,671.0,0.19,166.0,0.21,55.0,0.2,0.19,1.0,0.2964,-0.0273,0.0033,-0.1971,0.0403,-0.0016,2026-08-24,709.625,709.65,702.83,706.38,552704.0,706.932044
2026-08-24T20:35:06.234,2,3,QQQ260827P00672000,QQQ,2026-08-27,put,672.0,0.21,48.0,0.23,46.0,0.22,0.16,29.0,0.2939,-0.0299,0.0036,-0.2108,0.0435,-0.0018,2026-08-24,709.625,709.65,702.83,706.38,552704.0,706.932044
2026-08-24T20:35:06.234,2,3,QQQ260827P00673000,QQQ,2026-08-27,put,673.0,0.19,141.0,0.25,72.0,0.22,0.22,1.0,0.2866,-0.0306,0.0038,-0.2093,0.0443,-0.0018,2026-08-24,709.625,709.65,702.83,706.38,552704.0,706.932044
2026-08-24T20:35:06.234,2,3,QQQ260827P00674000,QQQ,2026-08-27,put,674.0,0.21,188.0,0.27,70.0,0.24,0.22,1.0,0.2835,-0.0333,0.0041,-0.2222,0.0475,-0.002,2026-08-24,709.625,709.65,702.83,706.38,552704.0,706.932044
2026-08-24T20:35:06.234,2,3,QQQ260827P00675000,QQQ,2026-08-27,put,675.0,0.27,60.0,0.29,65.0,0.28,0.25,1.0,0.284,-0.0381,0.0046,-0.2481,0.053,-0.0022,2026-08-24,709.625,709.65,702.83,706.38,552704.0,706.932044
2026-08-24T20:35:06.234,2,3,QQQ260827P00676000,QQQ,2026-08-27,put,676.0,0.25,69.0,0.27,64.0,0.26,0.29,2.0,0.2726,-0.037,0.0046,-0.2326,0.0518,-0.0022,2026-08-24,709.625,709.65,702.83,706.38,552704.0,706.932044
2026-08-24T20:35:06.234,2,3,QQQ260827P00677000,QQQ,2026-08-27,put,677.0,0.32,55.0,0.34,61.0,0.33,0.3,1.0,0.2774,-0.0448,0.0053,-0.2765,0.0605,-0.0026,2026-08-24,709.625,709.65,702.83,706.38,552704.0,706.932044
2026-08-24T20:35:06.234,2,3,QQQ260827P00678000,QQQ,2026-08-27,put,678.0,0.31,33.0,0.33,48.0,0.32,0.33,2.0,0.268,-0.045,0.0055,-0.2677,0.0607,-0.0026,2026-08-24,709.625,709.65,702.83,706.38,552704.0,706.932044
2026-08-24T20:35:06.234,2,3,QQQ260827P00679000,QQQ,2026-08-27,put,679.0,0.38,231.0,0.4,54.0,0.39,0.33,1.0,0.2708,-0.0529,0.0062,-0.3077,0.069,-0.0031,2026-08-24,709.625,709.65,702.83,706.38,552704.0,706.932044
2026-08-24T20:35:06.234,2,3,QQQ260827P00680000,QQQ,2026-08-27,put,680.0,0.38,25.0,0.43,35.0,0.405,0.36,1.0,0.2649,-0.0557,0.0066,-0.3134,0.0719,-0.0033,2026-08-24,709.625,709.65,702.83,706.38,552704.0,706.932044
2026-08-24T20:35:06.234,2,3,QQQ260827P00681000,QQQ,2026-08-27,put,681.0,0.46,26.0,0.48,105.0,0.47,0.44,2.0,0.2653,-0.0631,0.0073,-0.3463,0.0793,-0.0037,2026-08-24,709.625,709.65,702.83,706.38,552704.0,706.932044
2026-08-24T20:35:06.234,2,3,QQQ260827P00682000,QQQ,2026-08-27,put,682.0,0.46,29.0,0.48,27.0,0.47,0.43,5.0,0.2569,-0.0649,0.0077,-0.3424,0.0811,-0.0038,2026-08-24,709.625,709.65,702.83,706.38,552704.0,706.932044
2026-08-24T20:35:06.234,2,3,QQQ260827P00683000,QQQ,2026-08-27,put,683.0,0.51,28.0,0.53,10.0,0.52,0.49,3.0,0.2544,-0.0713,0.0084,-0.3645,0.0872,-0.0042,2026-08-24,709.625,709.65,702.83,706.38,552704.0,706.932044
2026-08-24T20:35:06.234,2,3,QQQ260827P00684000,QQQ,2026-08-27,put,684.0,0.56,37.0,0.59,38.0,0.575,0.56,1.0,0.2518,-0.0783,0.0091,-0.3874,0.0936,-0.0046,2026-08-24,709.625,709.65,702.83,706.38,552704.0,706.932044
2026-08-24T20:35:06.234,2,3,QQQ260827P00685000,QQQ,2026-08-27,put,685.0,0.66,31.0,0.69,38.0,0.675,0.61,1.0,0.2531,-0.0892,0.01,-0.4292,0.1032,-0.0052,2026-08-24,709.625,709.65,702.83,706.38,552704.0,706.932044
2026-08-24T20:35:06.234,2,3,QQQ260827P00686000,QQQ,2026-08-27,put,686.0,0.73,27.0,0.75,47.0,0.74,0.66,12.0,0.2501,-0.0972,0.0107,-0.4519,0.1101,-0.0057,2026-08-24,709.625,709.65,702.83,706.38,552704.0,706.932044
2026-08-24T20:35:06.234,2,3,QQQ260827P00687000,QQQ,2026-08-27,put,687.0,0.76,30.0,0.82,3.0,0.79,0.73,1.0,0.2453,-0.1044,0.0115,-0.4663,0.1159,-0.0061,2026-08-24,709.625,709.65,702.83,706.38,552704.0,706.932044
2026-08-24T20:35:06.234,2,3,QQQ260827P00688000,QQQ,2026-08-27,put,688.0,0.83,49.0,0.9,29.0,0.865,0.81,5.0,0.2421,-0.1137,0.0124,-0.4892,0.1233,-0.0067,2026-08-24,709.625,709.65,702.83,706.38,552704.0,706.932044
2026-08-24T20:35:06.234,2,3,QQQ260827P00689000,QQQ,2026-08-27,put,689.0,0.96,29.0,1.0,8.0,0.98,0.9,1.0,0.2414,-0.1263,0.0134,-0.5248,0.1327,-0.0074,2026-08-24,709.625,709.65,702.83,706.38,552704.0,706.932044
2026-08-24T20:35:06.234,2,3,QQQ260827P00690000,QQQ,2026-08-27,put,690.0,1.06,74.0,1.1,7.0,1.08,1.02,1.0,0.2387,-0.1379,0.0144,-0.5512,0.141,-0.0081,2026-08-24,709.625,709.65,702.83,706.38,552704.0,706.932044
2026-08-24T20:35:06.234,2,3,QQQ260827P00691000,QQQ,2026-08-27,put,691.0,1.18,3.0,1.22,18.0,1.2,1.1,5.0,0.2367,-0.1512,0.0155,-0.581,0.15,-0.0089,2026-08-24,709.625,709.65,702.83,706.38,552704.0,706.932044
2026-08-24T20:35:06.234,2,3,QQQ260827P00692000,QQQ,2026-08-27,put,692.0,1.3,60.0,1.34,46.0,1.32,1.22,1.0,0.2339,-0.1647,0.0166,-0.607,0.1587,-0.0097,2026-08-24,709.625,709.65,702.83,706.38,552704.0,706.932044
2026-08-24T20:35:06.234,2,3,QQQ260827P00693000,QQQ,2026-08-27,put,693.0,1.4,15.0,1.44,5.0,1.42,1.36,5.0,0.2292,-0.1774,0.0177,-0.6231,0.1664,-0.0104,2026-08-24,709.625,709.65,702.83,706.38,552704.0,706.932044
2026-08-24T20:35:06.234,2,3,QQQ260827P00694000,QQQ,2026-08-27,put,694.0,1.59,15.0,1.63,8.0,1.6099999999999999,1.54,2.0,0.2291,-0.1959,0.0189,-0.6617,0.177,-0.0115,2026-08-24,709.625,709.65,702.83,706.38,552704.0,706.932044
2026-08-24T20:35:06.234,2,3,QQQ260827P00695000,QQQ,2026-08-27,put,695.0,1.75,22.0,1.81,35.0,1.78,1.69,1.0,0.2269,-0.2134,0.02,-0.6889,0.1862,-0.0125,2026-08-24,709.625,709.65,702.83,706.38,552704.0,706.932044
2026-08-24T20:35:06.234,2,3,QQQ260827P00696000,QQQ,2026-08-27,put,696.0,1.9,13.0,1.94,23.0,1.92,1.83,5.0,0.2223,-0.2299,0.0213,-0.7034,0.1943,-0.0135,2026-08-24,709.625,709.65,702.83,706.38,552704.0,706.932044
2026-08-24T20:35:06.234,2,3,QQQ260827P00697000,QQQ,2026-08-27,put,697.0,2.08,21.0,2.14,7.0,2.1100000000000003,2.04,11.0,0.2195,-0.2494,0.0226,-0.7253,0.2032,-0.0146,2026-08-24,709.625,709.65,702.83,706.38,552704.0,706.932044
2026-08-24T20:35:06.234,2,3,QQQ260827P00698000,QQQ,2026-08-27,put,698.0,2.31,19.0,2.44,10.0,2.375,2.29,1.0,0.2193,-0.2727,0.0237,-0.7581,0.2127,-0.016,2026-08-24,709.625,709.65,702.83,706.38,552704.0,706.932044
2026-08-24T20:35:06.234,2,3,QQQ260827P00699000,QQQ,2026-08-27,put,699.0,2.55,3.0,2.65,4.0,2.5999999999999996,2.5,11.0,0.2163,-0.2947,0.0249,-0.7749,0.2208,-0.0173,2026-08-24,709.625,709.65,702.83,706.38,552704.0,706.932044
2026-08-24T20:35:06.234,2,3,QQQ260827P00700000,QQQ,2026-08-27,put,700.0,2.88,18.0,2.93,13.0,2.9050000000000002,2.76,1.0,0.2159,-0.32,0.0259,-0.8009,0.2289,-0.0188,2026-08-24,709.625,709.65,702.83,706.38,552704.0,706.932044
2026-08-24T20:35:06.234,2,3,QQQ260827P00701000,QQQ,2026-08-27,put,701.0,3.1,3.0,3.21,2.0,3.1550000000000002,3.02,2.0,0.2121,-0.344,0.0271,-0.8082,0.2356,-0.0202,2026-08-24,709.625,709.65,702.83,706.38,552704.0,706.932044
2026-08-24T20:35:06.234,2,3,QQQ260827P00702000,QQQ,2026-08-27,put,702.0,3.38,15.0,3.47,5.0,3.425,3.33,1.0,0.2082,-0.3695,0.0283,-0.8118,0.2416,-0.0217,2026-08-24,709.625,709.65,702.83,706.38,552704.0,706.932044
2026-08-24T20:35:06.234,2,3,QQQ260827P00703000,QQQ,2026-08-27,put,703.0,3.81,15.0,3.89,4.0,3.85,3.67,2.0,0.2096,-0.3989,0.0288,-0.8346,0.2471,-0.0235,2026-08-24,709.625,709.65,702.83,706.38,552704.0,706.932044
2026-08-24T20:35:06.234,2,3,QQQ260827P00704000,QQQ,2026-08-27,put,704.0,4.16,4.0,4.26,14.0,4.21,4.07,2.0,0.2071,-0.4273,0.0296,-0.8363,0.2511,-0.0251,2026-08-24,709.625,709.65,702.83,706.38,552704.0,706.932044
2026-08-24T20:35:06.234,2,3,QQQ260827P00705000,QQQ,2026-08-27,put,705.0,4.45,62.0,4.6,19.0,4.525,4.44,1.0,0.2018,-0.4562,0.0307,-0.8212,0.2538,-0.0268,2026-08-24,709.625,709.65,702.83,706.38,552704.0,706.932044
2026-08-24T20:35:06.234,2,3,QQQ260827P00706000,QQQ,2026-08-27,put,706.0,5.0,6.0,5.01,8.0,5.005,4.8,1.0,0.2019,-0.487,0.0309,-0.8239,0.2552,-0.0287,2026-08-24,709.625,709.65,702.83,706.38,552704.0,706.932044
2026-08-24T20:35:06.234,2,3,QQQ260827P00707000,QQQ,2026-08-27,put,707.0,5.44,4.0,5.51,4.0,5.475,5.27,1.0,0.2003,-0.5181,0.0311,-0.8146,0.2551,-0.0305,2026-08-24,709.625,709.65,702.83,706.38,552704.0,706.932044
2026-08-24T20:35:06.234,2,3,QQQ260827P00708000,QQQ,2026-08-27,put,708.0,5.83,4.0,6.08,8.0,5.955,5.7,1.0,0.1979,-0.5497,0.0312,-0.7965,0.2534,-0.0324,2026-08-24,709.625,709.65,702.83,706.38,552704.0,706.932044
2026-08-24T20:35:06.234,2,3,QQQ260827P00709000,QQQ,2026-08-27,put,709.0,6.39,9.0,6.44,4.0,6.415,6.21,5.0,0.1935,-0.5826,0.0315,-0.7639,0.2499,-0.0343,2026-08-24,709.625,709.65,702.83,706.38,552704.0,706.932044
2026-08-24T20:35:06.234,2,3,QQQ260827P00710000,QQQ,2026-08-27,put,710.0,6.98,14.0,7.04,14.0,7.01,6.77,1.0,0.1931,-0.6139,0.031,-0.7439,0.2449,-0.0362,2026-08-24,709.625,709.65,702.83,706.38,552704.0,706.932044
2026-08-24T20:35:06.234,2,3,QQQ260827P00711000,QQQ,2026-08-27,put,711.0,7.64,9.0,7.77,12.0,7.705,7.37,1.0,0.1955,-0.6425,0.0298,-0.7325,0.2389,-0.0379,2026-08-24,709.625,709.65,702.83,706.38,552704.0,706.932044
2026-08-24T20:35:06.234,2,3,QQQ260827P00712000,QQQ,2026-08-27,put,712.0,8.14,4.0,8.37,2.0,8.254999999999999,7.99,4.0,0.1906,-0.6759,0.0295,-0.6826,0.2301,-0.0399,2026-08-24,709.625,709.65,702.83,706.38,552704.0,706.932044
2026-08-24T20:35:06.234,2,3,QQQ260827P00713000,QQQ,2026-08-27,put,713.0,8.49,11.0,9.21,37.0,8.850000000000001,8.72,5.0,0.186,-0.7092,0.0288,-0.6292,0.2194,-0.0419,2026-08-24,709.625,709.65,702.83,706.38,552704.0,706.932044
2026-08-24T20:35:06.234,2,3,QQQ260827P00714000,QQQ,2026-08-27,put,714.0,9.36,44.0,9.78,5.0,9.57,7.93,2.0,0.1856,-0.7375,0.0274,-0.5924,0.2087,-0.0436,2026-08-24,709.625,709.65,702.83,706.38,552704.0,706.932044
2026-08-24T20:35:06.234,2,3,QQQ260827P00715000,QQQ,2026-08-27,put,715.0,10.11,77.0,10.28,21.0,10.195,10.14,1.0,0.1789,-0.7723,0.0264,-0.5208,0.1933,-0.0457,2026-08-24,709.625,709.65,702.83,706.38,552704.0,706.932044
2026-08-24T20:35:06.234,2,3,QQQ260827P00716000,QQQ,2026-08-27,put,716.0,10.74,81.0,11.11,3.0,10.925,10.64,3.0,0.1756,-0.802,0.0248,-0.4636,0.1782,-0.0474,2026-08-24,709.625,709.65,702.83,706.38,552704.0,706.932044
2026-08-24T20:35:06.234,2,3,QQQ260827P00717000,QQQ,2026-08-27,put,717.0,11.24,1.0,11.9,23.0,11.57,11.69,1.0,0.1648,-0.841,0.023,-0.3654,0.1551,-0.0498,2026-08-24,709.625,709.65,702.83,706.38,552704.0,706.932044
2026-08-24T20:35:06.234,2,3,QQQ260827P00718000,QQQ,2026-08-27,put,718.0,12.02,12.0,12.67,2.0,12.344999999999999,12.32,35.0,0.159,-0.8713,0.0206,-0.2935,0.1345,-0.0516,2026-08-24,709.625,709.65,702.83,706.38,552704.0,706.932044
2026-08-24T20:35:06.234,2,3,QQQ260827P00719000,QQQ,2026-08-27,put,719.0,13.19,5.0,13.98,5.0,13.585,13.12,1.0,0.1856,-0.8533,0.0193,-0.393,0.147,-0.0506,2026-08-24,709.625,709.65,702.83,706.38,552704.0,706.932044
2026-08-24T20:35:06.234,2,3,QQQ260827P00720000,QQQ,2026-08-27,put,720.0,14.04,1.0,14.46,2.0,14.25,14.09,1.0,0.1697,-0.8927,0.017,-0.2698,0.1182,-0.053,2026-08-24,709.625,709.65,702.83,706.38,552704.0,706.932044
2026-08-24T20:35:06.234,2,3,QQQ260827P00721000,QQQ,2026-08-27,put,721.0,14.87,1.0,15.6,3.0,15.235,12.84,40.0,0.1772,-0.8987,0.0156,-0.2697,0.1134,-0.0534,2026-08-24,709.625,709.65,702.83,706.38,552704.0,706.932044
2026-08-24T20:35:06.234,2,3,QQQ260827P00722000,QQQ,2026-08-27,put,722.0,16.0,2.0,16.379,2.0,16.189500000000002,15.72,50.0,0.1816,-0.9077,0.0142,-0.2547,0.1059,-0.054,2026-08-24,709.625,709.65,702.83,706.38,552704.0,706.932044
2026-08-24T20:35:06.234,2,3,QQQ260827P00723000,QQQ,2026-08-27,put,723.0,16.65,1.0,17.14,5.0,16.895,15.46,1.0,0.1552,-0.9509,0.0102,-0.0994,0.0651,-0.0566,2026-08-24,709.625,709.65,702.83,706.38,552704.0,706.932044
2026-08-24T20:35:06.234,2,3,QQQ260827P00724000,QQQ,2026-08-27,put,724.0,17.17,13.0,17.79,12.0,17.48,17.49,1.0,,,,,,,2026-08-24,709.625,709.65,702.83,706.38,552704.0,706.932044
2026-08-24T20:35:06.234,2,3,QQQ260827P00725000,QQQ,2026-08-27,put,725.0,18.23,5.0,18.95,11.0,18.59,18.45,25.0,,,,,,,2026-08-24,709.625,709.65,702.83,706.38,552704.0,706.932044
2026-08-24T20:35:06.234,2,3,QQQ260827P00726000,QQQ,2026-08-27,put,726.0,19.4,11.0,19.72,10.0,19.56,13.48,1.0,,,,,,,2026-08-24,709.625,709.65,702.83,706.38,552704.0,706.932044
2026-08-24T20:35:06.234,2,3,QQQ260827P00727000,QQQ,2026-08-27,put,727.0,20.51,9.0,21.22,3.0,20.865000000000002,14.28,1.0,0.1788,-0.962,0.0072,-0.0876,0.0529,-0.0575,2026-08-24,709.625,709.65,702.83,706.38,552704.0,706.932044
2026-08-24T20:35:06.234,2,3,QQQ260827P00728000,QQQ,2026-08-27,put,728.0,21.14,1.0,22.22,3.0,21.68,20.3,4.0,,,,,,,2026-08-24,709.625,709.65,702.83,706.38,552704.0,706.932044
2026-08-24T20:35:06.234,2,3,QQQ260827P00729000,QQQ,2026-08-27,put,729.0,22.44,1.0,23.4,1.0,22.92,22.5,16.0,0.2027,-0.9566,0.0071,-0.1294,0.059,-0.0574,2026-08-24,709.625,709.65,702.83,706.38,552704.0,706.932044
2026-08-24T20:35:06.234,2,3,QQQ260827P00730000,QQQ,2026-08-27,put,730.0,23.17,1.0,23.85,1.0,23.51,23.39,5.0,,,,,,,2026-08-24,709.625,709.65,702.83,706.38,552704.0,706.932044
2026-08-24T20:35:06.234,2,3,QQQ260827P00731000,QQQ,2026-08-27,put,731.0,24.55,2.0,24.68,3.0,24.615000000000002,23.08,11.0,,,,,,,2026-08-24,709.625,709.65,702.83,706.38,552704.0,706.932044
2026-08-24T20:35:06.234,2,3,QQQ260827P00732000,QQQ,2026-08-27,put,732.0,25.79,2.0,26.32,2.0,26.055,26.23,1.0,0.2452,-0.9448,0.0071,-0.2224,0.0714,-0.057,2026-08-24,709.625,709.65,702.83,706.38,552704.0,706.932044
2026-08-24T20:35:06.234,2,3,QQQ260827P00733000,QQQ,2026-08-27,put,733.0,26.48,1.0,27.06,3.0,26.77,26.47,9.0,0.1941,-0.9821,0.0035,-0.0191,0.0282,-0.0592,2026-08-24,709.625,709.65,702.83,706.38,552704.0,706.932044
2026-08-24T20:35:06.234,2,3,QQQ260827P00734000,QQQ,2026-08-27,put,734.0,27.04,2.0,27.83,2.0,27.435,23.3,1.0,,,,,,,2026-08-24,709.625,709.65,702.83,706.38,552704.0,706.932044
2026-08-24T20:35:06.234,2,3,QQQ260827P00735000,QQQ,2026-08-27,put,735.0,27.92,1.0,29.51,3.0,28.715000000000003,20.89,2.0,0.178,-0.9931,0.0017,0.0363,0.0124,-0.06,2026-08-24,709.625,709.65,702.83,706.38,552704.0,706.932044
2026-08-24T20:35:06.234,2,3,QQQ260827P00736000,QQQ,2026-08-27,put,736.0,28.96,1.0,30.36,3.0,29.66,24.64,1.0,,,,,,,2026-08-24,709.625,709.65,702.83,706.38,552704.0,706.932044
2026-08-24T20:35:06.234,2,3,QQQ260827P00737000,QQQ,2026-08-27,put,737.0,30.68,1.0,31.22,3.0,30.95,19.31,1.0,0.2641,-0.9612,0.005,-0.1658,0.0538,-0.0583,2026-08-24,709.625,709.65,702.83,706.38,552704.0,706.932044
2026-08-24T20:35:06.234,2,3,QQQ260827P00738000,QQQ,2026-08-27,put,738.0,30.89,2.0,32.13,2.0,31.51,34.36,1.0,,,,,,,2026-08-24,709.625,709.65,702.83,706.38,552704.0,706.932044
2026-08-24T20:35:06.234,2,3,QQQ260827P00739000,QQQ,2026-08-27,put,739.0,32.93,1.0,33.65,1.0,33.29,,,0.3284,-0.9339,0.0061,-0.3809,0.0823,-0.0569,2026-08-24,709.625,709.65,702.83,706.38,552704.0,706.932044
2026-08-24T20:35:06.234,2,3,QQQ260827P00740000,QQQ,2026-08-27,put,740.0,33.48,1.0,33.57,1.0,33.525,29.98,5.0,,,,,,,2026-08-24,709.625,709.65,702.83,706.38,552704.0,706.932044
2026-08-24T20:35:06.234,2,3,QQQ260827P00741000,QQQ,2026-08-27,put,741.0,34.86,1.0,35.59,1.0,35.225,13.94,10.0,0.3352,-0.941,0.0055,-0.3505,0.0753,-0.0575,2026-08-24,709.625,709.65,702.83,706.38,552704.0,706.932044
2026-08-24T20:35:06.234,2,3,QQQ260827P00742000,QQQ,2026-08-27,put,742.0,35.99,1.0,36.63,2.0,36.31,24.65,1.0,0.3536,-0.936,0.0055,-0.4027,0.0802,-0.0573,2026-08-24,709.625,709.65,702.83,706.38,552704.0,706.932044
2026-08-24T20:35:06.234,2,3,QQQ260827P00743000,QQQ,2026-08-27,put,743.0,35.78,2.0,36.34,2.0,36.06,,,,,,,,,2026-08-24,709.625,709.65,702.83,706.38,552704.0,706.932044
2026-08-24T20:35:06.234,2,3,QQQ260827P00744000,QQQ,2026-08-27,put,744.0,38.13,2.0,38.82,2.0,38.475,,,0.3884,-0.9277,0.0055,-0.5008,0.0881,-0.057,2026-08-24,709.625,709.65,702.83,706.38,552704.0,706.932044
2026-08-24T20:35:06.234,2,3,QQQ260827P00745000,QQQ,2026-08-27,put,745.0,38.78,2.0,39.41,2.0,39.095,26.59,1.0,0.3449,-0.9545,0.0043,-0.2804,0.0612,-0.0586,2026-08-24,709.625,709.65,702.83,706.38,552704.0,706.932044
2026-08-24T20:35:06.234,2,3,QQQ260827P00746000,QQQ,2026-08-27,put,746.0,39.06,1.0,40.72,2.0,39.89,,,0.311,-0.9729,0.0031,-0.1346,0.04,-0.0597,2026-08-24,709.625,709.65,702.83,706.38,552704.0,706.932044
2026-08-24T20:35:06.234,2,3,QQQ260827P00747000,QQQ,2026-08-27,put,747.0,39.9,2.0,41.28,2.0,40.59,,,,,,,,,2026-08-24,709.625,709.65,702.83,706.38,552704.0,706.932044
2026-08-24T20:35:06.234,2,3,QQQ260827P00748000,QQQ,2026-08-27,put,748.0,40.73,2.0,41.74,2.0,41.235,,,,,,,,,2026-08-24,709.625,709.65,702.83,706.38,552704.0,706.932044
2026-08-24T20:35:06.234,2,3,QQQ260827P00749000,QQQ,2026-08-27,put,749.0,42.03,2.0,42.43,2.0,42.230000000000004,35.21,1.0,,,,,,,2026-08-24,709.625,709.65,702.83,706.38,552704.0,706.932044
2026-08-24T20:35:06.234,2,3,QQQ260827P00750000,QQQ,2026-08-27,put,750.0,43.04,1.0,43.66,2.0,43.349999999999994,18.74,1.0,,,,,,,2026-08-24,709.625,709.65,702.83,706.38,552704.0,706.932044
2026-08-24T20:35:06.234,2,3,QQQ260827P00751000,QQQ,2026-08-27,put,751.0,44.83,1.0,44.93,2.0,44.879999999999995,,,0.34,-0.9759,0.0026,-0.1324,0.0363,-0.0603,2026-08-24,709.625,709.65,702.83,706.38,552704.0,706.932044
2026-08-24T20:35:06.234,2,3,QQQ260827P00752000,QQQ,2026-08-27,put,752.0,44.94,2.0,45.84,2.0,45.39,,,,,,,,,2026-08-24,709.625,709.65,702.83,706.38,552704.0,706.932044
2026-08-24T20:35:06.234,2,3,QQQ260827P00753000,QQQ,2026-08-27,put,753.0,47.0,2.0,47.68,2.0,47.34,,,0.4384,-0.9442,0.004,-0.4547,0.072,-0.0587,2026-08-24,709.625,709.65,702.83,706.38,552704.0,706.932044
2026-08-24T20:35:06.234,2,3,QQQ260827P00754000,QQQ,2026-08-27,put,754.0,47.77,1.0,48.67,1.0,48.22,,,0.4278,-0.9521,0.0036,-0.3826,0.0638,-0.0592,2026-08-24,709.625,709.65,702.83,706.38,552704.0,706.932044
2026-08-24T20:35:06.234,2,3,QQQ260827P00755000,QQQ,2026-08-27,put,755.0,48.68,1.0,48.96,2.0,48.82,35.4,2.0,0.3455,-0.9827,0.0019,-0.0835,0.0274,-0.061,2026-08-24,709.625,709.65,702.83,706.38,552704.0,706.932044
2026-08-24T20:35:06.234,2,3,QQQ260827P00756000,QQQ,2026-08-27,put,756.0,49.45,2.0,50.76,2.0,50.105000000000004,,,0.422,-0.9607,0.0031,-0.3098,0.0544,-0.0599,2026-08-24,709.625,709.65,702.83,706.38,552704.0,706.932044
2026-08-24T20:35:06.234,2,3,QQQ260827P00757000,QQQ,2026-08-27,put,757.0,49.54,1.0,50.38,2.0,49.96,,,,,,,,,2026-08-24,709.625,709.65,702.83,706.38,552704.0,706.932044
2026-08-24T20:35:06.234,2,3,QQQ260827P00758000,QQQ,2026-08-27,put,758.0,52.31,1.0,52.63,2.0,52.47,,,0.492,-0.9408,0.0037,-0.547,0.0755,-0.0589,2026-08-24,709.625,709.65,702.83,706.38,552704.0,706.932044
2026-08-24T20:35:06.234,2,3,QQQ260827P00759000,QQQ,2026-08-27,put,759.0,52.23,2.0,52.79,2.0,52.51,,,,,,,,,2026-08-24,709.625,709.65,702.83,706.38,552704.0,706.932044
2026-08-24T20:35:06.234,2,3,QQQ260827P00760000,QQQ,2026-08-27,put,760.0,53.93,2.0,54.34,2.0,54.135000000000005,,,0.4542,-0.9607,0.0029,-0.3383,0.0544,-0.0602,2026-08-24,709.625,709.65,702.83,706.38,552704.0,706.932044
2026-08-24T20:35:06.234,2,3,QQQ260827P00765000,QQQ,2026-08-27,put,765.0,59.31,1.0,59.96,2.0,59.635000000000005,,,0.5638,-0.9378,0.0034,-0.6652,0.0785,-0.0593,2026-08-24,709.625,709.65,702.83,706.38,552704.0,706.932044
2026-08-24T20:35:06.234,2,3,QQQ260827P00770000,QQQ,2026-08-27,put,770.0,62.81,2.0,64.51,2.0,63.660000000000004,,,,,,,,,2026-08-24,709.625,709.65,702.83,706.38,552704.0,706.932044
2026-08-24T20:35:06.234,2,3,QQQ260827P00775000,QQQ,2026-08-27,put,775.0,68.6,1.0,69.2,2.0,68.9,,,0.4913,-0.9804,0.0015,-0.1735,0.0305,-0.0626,2026-08-24,709.625,709.65,702.83,706.38,552704.0,706.932044
2026-08-24T20:35:06.234,2,3,QQQ260827P00780000,QQQ,2026-08-27,put,780.0,74.71,1.0,75.36,2.0,75.035,,,0.7206,-0.9314,0.0029,-0.9427,0.0846,-0.0602,2026-08-24,709.625,709.65,702.83,706.38,552704.0,706.932044
2026-08-24T20:35:06.234,2,3,QQQ260827P00785000,QQQ,2026-08-27,put,785.0,78.92,1.0,79.57,2.0,79.245,,,0.6372,-0.9641,0.0019,-0.4608,0.0506,-0.0625,2026-08-24,709.625,709.65,702.83,706.38,552704.0,706.932044
2026-08-24T20:35:06.234,2,3,QQQ260827P00790000,QQQ,2026-08-27,put,790.0,82.43,2.0,83.11,2.0,82.77000000000001,,,,,,,,,2026-08-24,709.625,709.65,702.83,706.38,552704.0,706.932044
2026-08-24T20:35:06.234,2,3,QQQ260827P00795000,QQQ,2026-08-27,put,795.0,88.71,1.0,89.4,1.0,89.055,,,0.6545,-0.9752,0.0014,-0.327,0.0371,-0.0639,2026-08-24,709.625,709.65,702.83,706.38,552704.0,706.932044
2026-08-24T20:35:06.234,2,3,QQQ260827P00800000,QQQ,2026-08-27,put,800.0,93.75,1.0,95.36,2.0,94.555,,,0.7886,-0.956,0.0018,-0.7055,0.0595,-0.0633,2026-08-24,709.625,709.65,702.83,706.38,552704.0,706.932044
2026-08-24T20:35:06.234,2,3,QQQ260827P00805000,QQQ,2026-08-27,put,805.0,98.19,2.0,100.64,2.0,99.41499999999999,,,0.795,-0.9624,0.0016,-0.6175,0.0525,-0.064,2026-08-24,709.625,709.65,702.83,706.38,552704.0,706.932044
2026-08-24T20:35:06.234,2,3,QQQ260827P00810000,QQQ,2026-08-27,put,810.0,104.18,2.0,104.86,2.0,104.52000000000001,,,0.8453,-0.9599,0.0016,-0.701,0.0553,-0.0643,2026-08-24,709.625,709.65,702.83,706.38,552704.0,706.932044
2026-08-24T20:35:06.234,2,3,QQQ260827P00815000,QQQ,2026-08-27,put,815.0,107.49,1.0,108.9,2.0,108.195,,,,,,,,,2026-08-24,709.625,709.65,702.83,706.38,552704.0,706.932044
2026-08-24T20:35:06.234,2,3,QQQ260827P00820000,QQQ,2026-08-27,put,820.0,114.83,2.0,115.51,2.0,115.17,,,1.01,-0.9434,0.0018,-1.1471,0.0728,-0.0642,2026-08-24,709.625,709.65,702.83,706.38,552704.0,706.932044
2026-08-24T20:35:06.234,2,3,QQQ260827P00825000,QQQ,2026-08-27,put,825.0,118.4,1.0,121.23,2.0,119.815,,,,,,,,,2026-08-24,709.625,709.65,702.83,706.38,552704.0,706.932044
2026-08-24T20:35:06.234,2,3,QQQ260827P00830000,QQQ,2026-08-27,put,830.0,124.42,1.0,125.1,1.0,124.75999999999999,,,1.0102,-0.957,0.0014,-0.9055,0.0585,-0.0658,2026-08-24,709.625,709.65,702.83,706.38,552704.0,706.932044
2026-08-24T20:35:06.234,2,3,QQQ260827P00835000,QQQ,2026-08-27,put,835.0,127.53,2.0,128.22,2.0,127.875,,,,,,,,,2026-08-24,709.625,709.65,702.83,706.38,552704.0,706.932044
2026-08-24T20:35:06.234,2,3,QQQ260827P00840000,QQQ,2026-08-27,put,840.0,130.75,2.0,136.59,1.0,133.67000000000002,,,0.6198,-0.9989,0.0001,0.0593,0.0024,-0.069,2026-08-24,709.625,709.65,702.83,706.38,552704.0,706.932044
2026-08-24T20:35:06.234,2,3,QQQ260827P00845000,QQQ,2026-08-27,put,845.0,137.82,1.0,141.23,2.0,139.52499999999998,,,,,,,,,2026-08-24,709.625,709.65,702.83,706.38,552704.0,706.932044
2026-08-24T20:35:06.234,2,3,QQQ260827P00850000,QQQ,2026-08-27,put,850.0,140.52,1.0,143.67,2.0,142.095,,,,,,,,,2026-08-24,709.625,709.65,702.83,706.38,552704.0,706.932044
2026-08-24T20:35:06.234,2,3,QQQ260827P00855000,QQQ,2026-08-27,put,855.0,149.26,2.0,152.01,2.0,150.635,,,,,,,,,2026-08-24,709.625,709.65,702.83,706.38,552704.0,706.932044
2026-08-24T20:35:06.234,2,3,QQQ260827P00860000,QQQ,2026-08-27,put,860.0,151.21,1.0,153.06,2.0,152.135,,,,,,,,,2026-08-24,709.625,709.65,702.83,706.38,552704.0,706.932044
2026-08-24T20:35:06.234,2,3,QQQ260827P00865000,QQQ,2026-08-27,put,865.0,157.39,2.0,160.54,2.0,158.96499999999997,,,,,,,,,2026-08-24,709.625,709.65,702.83,706.38,552704.0,706.932044
2026-08-24T20:35:06.234,2,3,QQQ260827P00870000,QQQ,2026-08-27,put,870.0,163.49,1.0,167.18,2.0,165.335,,,,,,,,,2026-08-24,709.625,709.65,702.83,706.38,552704.0,706.932044
2026-08-24T20:35:06.234,2,3,QQQ260827P00875000,QQQ,2026-08-27,put,875.0,165.18,1.0,171.2,2.0,168.19,,,,,,,,,2026-08-24,709.625,709.65,702.83,706.38,552704.0,706.932044
2026-08-24T20:35:06.234,2,3,QQQ260827P00880000,QQQ,2026-08-27,put,880.0,172.79,2.0,173.47,2.0,173.13,,,,,,,,,2026-08-24,709.625,709.65,702.83,706.38,552704.0,706.932044
2026-08-24T20:35:06.234,2,3,QQQ260827P00885000,QQQ,2026-08-27,put,885.0,174.82,2.0,176.73,2.0,175.77499999999998,,,,,,,,,2026-08-24,709.625,709.65,702.83,706.38,552704.0,706.932044
2026-08-24T20:35:06.234,2,3,QQQ260827P00890000,QQQ,2026-08-27,put,890.0,181.41,2.0,182.09,2.0,181.75,,,,,,,,,2026-08-24,709.625,709.65,702.83,706.38,552704.0,706.932044
2026-08-24T20:35:06.234,2,3,QQQ260827P00895000,QQQ,2026-08-27,put,895.0,186.48,1.0,192.04,2.0,189.26,,,,,,,,,2026-08-24,709.625,709.65,702.83,706.38,552704.0,706.932044
2026-08-24T20:35:06.234,2,3,QQQ260827P00900000,QQQ,2026-08-27,put,900.0,194.29,1.0,194.91,2.0,194.6,,,,,,,,,2026-08-24,709.625,709.65,702.83,706.38,552704.0,706.932044
2026-08-24T20:35:06.234,2,3,QQQ260827P00905000,QQQ,2026-08-27,put,905.0,202.27,1.0,202.64,2.0,202.45499999999998,,,,,,,,,2026-08-24,709.625,709.65,702.83,706.38,552704.0,706.932044
2026-08-24T20:35:06.234,2,3,QQQ260827P00910000,QQQ,2026-08-27,put,910.0,206.27,1.0,206.92,2.0,206.595,,,,,,,,,2026-08-24,709.625,709.65,702.83,706.38,552704.0,706.932044
2026-08-24T20:35:06.234,2,3,QQQ260827P00915000,QQQ,2026-08-27,put,915.0,209.83,2.0,212.53,2.0,211.18,,,,,,,,,2026-08-24,709.625,709.65,702.83,706.38,552704.0,706.932044
2026-08-24T20:35:06.234,2,3,QQQ260827P00920000,QQQ,2026-08-27,put,920.0,209.59,2.0,215.11,2.0,212.35000000000002,,,,,,,,,2026-08-24,709.625,709.65,702.83,706.38,552704.0,706.932044
2026-08-24T20:35:06.234,2,3,QQQ260827P00925000,QQQ,2026-08-27,put,925.0,220.14,1.0,220.75,2.0,220.445,,,,,,,,,2026-08-24,709.625,709.65,702.83,706.38,552704.0,706.932044
2026-08-24T20:35:06.234,2,3,QQQ260827P00930000,QQQ,2026-08-27,put,930.0,227.58,2.0,227.96,2.0,227.77,,,,,,,,,2026-08-24,709.625,709.65,702.83,706.38,552704.0,706.932044
2026-08-24T20:35:06.234,2,3,QQQ260827P00935000,QQQ,2026-08-27,put,935.0,227.69,2.0,228.38,2.0,228.035,,,,,,,,,2026-08-24,709.625,709.65,702.83,706.38,552704.0,706.932044
2026-08-24T20:35:06.234,2,3,QQQ260827P00940000,QQQ,2026-08-27,put,940.0,236.2,1.0,236.85,2.0,236.52499999999998,,,,,,,,,2026-08-24,709.625,709.65,702.83,706.38,552704.0,706.932044
2026-08-24T20:35:06.234,2,3,QQQ260827P00945000,QQQ,2026-08-27,put,945.0,241.82,2.0,242.58,2.0,242.2,,,,,,,,,2026-08-24,709.625,709.65,702.83,706.38,552704.0,706.932044
2026-08-24T20:35:06.234,2,3,QQQ260827P00950000,QQQ,2026-08-27,put,950.0,246.71,2.0,247.33,2.0,247.02,,,,,,,,,2026-08-24,709.625,709.65,702.83,706.38,552704.0,706.932044
2026-08-24T20:35:06.234,2,4,QQQ260828C00360000,QQQ,2026-08-28,call,360.0,346.48,2.0,347.18,2.0,346.83000000000004,368.07,1.0,,,,,,,2026-08-24,709.625,709.65,702.83,706.38,552704.0,706.932044
2026-08-24T20:35:06.234,2,4,QQQ260828C00365000,QQQ,2026-08-28,call,365.0,340.01,2.0,348.15,2.0,344.08,,,,,,,,,2026-08-24,709.625,709.65,702.83,706.38,552704.0,706.932044
2026-08-24T20:35:06.234,2,4,QQQ260828C00370000,QQQ,2026-08-28,call,370.0,330.9,1.0,340.9,2.0,335.9,,,,,,,,,2026-08-24,709.625,709.65,702.83,706.38,552704.0,706.932044
2026-08-24T20:35:06.234,2,4,QQQ260828C00375000,QQQ,2026-08-28,call,375.0,336.24,1.0,336.92,2.0,336.58000000000004,328.64,2.0,,,,,,,2026-08-24,709.625,709.65,702.83,706.38,552704.0,706.932044
2026-08-24T20:35:06.234,2,4,QQQ260828C00380000,QQQ,2026-08-28,call,380.0,323.93,1.0,326.94,2.0,325.435,329.76,2.0,,,,,,,2026-08-24,709.625,709.65,702.83,706.38,552704.0,706.932044
2026-08-24T20:35:06.234,2,4,QQQ260828C00385000,QQQ,2026-08-28,call,385.0,323.31,2.0,328.05,2.0,325.68,,,,,,,,,2026-08-24,709.625,709.65,702.83,706.38,552704.0,706.932044
2026-08-24T20:35:06.234,2,4,QQQ260828C00390000,QQQ,2026-08-28,call,390.0,313.39,2.0,314.06,1.0,313.725,342.89,2.0,,,,,,,2026-08-24,709.625,709.65,702.83,706.38,552704.0,706.932044
2026-08-24T20:35:06.234,2,4,QQQ260828C00395000,QQQ,2026-08-28,call,395.0,305.16,2.0,313.24,2.0,309.20000000000005,,,,,,,,,2026-08-24,709.625,709.65,702.83,706.38,552704.0,706.932044
2026-08-24T20:35:06.234,2,4,QQQ260828C00400000,QQQ,2026-08-28,call,400.0,301.53,2.0,302.18,2.0,301.855,313.72,1.0,,,,,,,2026-08-24,709.625,709.65,702.83,706.38,552704.0,706.932044
2026-08-24T20:35:06.234,2,4,QQQ260828C00405000,QQQ,2026-08-28,call,405.0,305.41,2.0,306.89,1.0,306.15,313.7,1.0,,,,,,,2026-08-24,709.625,709.65,702.83,706.38,552704.0,706.932044
2026-08-24T20:35:06.234,2,4,QQQ260828C00410000,QQQ,2026-08-28,call,410.0,295.82,2.0,296.53,2.0,296.17499999999995,,,,,,,,,2026-08-24,709.625,709.65,702.83,706.38,552704.0,706.932044
2026-08-24T20:35:06.234,2,4,QQQ260828C00415000,QQQ,2026-08-28,call,415.0,288.56,2.0,289.26,2.0,288.90999999999997,,,,,,,,,2026-08-24,709.625,709.65,702.83,706.38,552704.0,706.932044
2026-08-24T20:35:06.234,2,4,QQQ260828C00420000,QQQ,2026-08-28,call,420.0,282.45,2.0,289.6,2.0,286.025,310.21,1.0,,,,,,,2026-08-24,709.625,709.65,702.83,706.38,552704.0,706.932044
2026-08-24T20:35:06.234,2,4,QQQ260828C00425000,QQQ,2026-08-28,call,425.0,279.38,2.0,284.3,2.0,281.84000000000003,283.64,5.0,,,,,,,2026-08-24,709.625,709.65,702.83,706.38,552704.0,706.932044
2026-08-24T20:35:06.234,2,4,QQQ260828C00430000,QQQ,2026-08-28,call,430.0,274.94,1.0,281.84,1.0,278.39,278.6,2.0,,,,,,,2026-08-24,709.625,709.65,702.83,706.38,552704.0,706.932044
2026-08-24T20:35:06.234,2,4,QQQ260828C00435000,QQQ,2026-08-28,call,435.0,275.06,2.0,275.73,1.0,275.395,,,,,,,,,2026-08-24,709.625,709.65,702.83,706.38,552704.0,706.932044
2026-08-24T20:35:06.234,2,4,QQQ260828C00440000,QQQ,2026-08-28,call,440.0,270.92,2.0,271.59,1.0,271.255,268.72,12.0,,,,,,,2026-08-24,709.625,709.65,702.83,706.38,552704.0,706.932044
2026-08-24T20:35:06.234,2,4,QQQ260828C00445000,QQQ,2026-08-28,call,445.0,259.56,1.0,260.23,2.0,259.895,,,,,,,,,2026-08-24,709.625,709.65,702.83,706.38,552704.0,706.932044
2026-08-24T20:35:06.234,2,4,QQQ260828C00450000,QQQ,2026-08-28,call,450.0,257.839,2.0,258.48,2.0,258.1595,257.42,2.0,,,,,,,2026-08-24,709.625,709.65,702.83,706.38,552704.0,706.932044
2026-08-24T20:35:06.234,2,4,QQQ260828C00455000,QQQ,2026-08-28,call,455.0,253.11,2.0,253.77,1.0,253.44,242.11,10.0,,,,,,,2026-08-24,709.625,709.65,702.83,706.38,552704.0,706.932044
2026-08-24T20:35:06.234,2,4,QQQ260828C00460000,QQQ,2026-08-28,call,460.0,245.96,2.0,246.66,2.0,246.31,224.08,1.0,,,,,,,2026-08-24,709.625,709.65,702.83,706.38,552704.0,706.932044
2026-08-24T20:35:06.234,2,4,QQQ260828C00465000,QQQ,2026-08-28,call,465.0,237.15,2.0,242.18,1.0,239.66500000000002,,,,,,,,,2026-08-24,709.625,709.65,702.83,706.38,552704.0,706.932044
2026-08-24T20:35:06.234,2,4,QQQ260828C00470000,QQQ,2026-08-28,call,470.0,239.51,2.0,240.21,2.0,239.86,,,,,,,,,2026-08-24,709.625,709.65,702.83,706.38,552704.0,706.932044
2026-08-24T20:35:06.234,2,4,QQQ260828C00475000,QQQ,2026-08-28,call,475.0,234.17,2.0,234.55,1.0,234.36,233.59,5.0,,,,,,,2026-08-24,709.625,709.65,702.83,706.38,552704.0,706.932044
2026-08-24T20:35:06.234,2,4,QQQ260828C00480000,QQQ,2026-08-28,call,480.0,223.23,2.0,223.93,2.0,223.57999999999998,228.14,5.0,,,,,,,2026-08-24,709.625,709.65,702.83,706.38,552704.0,706.932044
2026-08-24T20:35:06.234,2,4,QQQ260828C00485000,QQQ,2026-08-28,call,485.0,220.13,2.0,225.25,1.0,222.69,197.53,1.0,,,,,,,2026-08-24,709.625,709.65,702.83,706.38,552704.0,706.932044
2026-08-24T20:35:06.234,2,4,QQQ260828C00490000,QQQ,2026-08-28,call,490.0,218.58,2.0,219.24,1.0,218.91000000000003,218.61,5.0,,,,,,,2026-08-24,709.625,709.65,702.83,706.38,552704.0,706.932044
2026-08-24T20:35:06.234,2,4,QQQ260828C00495000,QQQ,2026-08-28,call,495.0,208.01,2.0,212.07,1.0,210.04,222.76,1.0,,,,,,,2026-08-24,709.625,709.65,702.83,706.38,552704.0,706.932044
2026-08-24T20:35:06.234,2,4,QQQ260828C00500000,QQQ,2026-08-28,call,500.0,204.18,2.0,210.24,1.0,207.21,212.43,1.0,,,,,,,2026-08-24,709.625,709.65,702.83,706.38,552704.0,706.932044
2026-08-24T20:35:06.234,2,4,QQQ260828C00505000,QQQ,2026-08-28,call,505.0,198.8,2.0,202.29,1.0,200.54500000000002,,,,,,,,,2026-08-24,709.625,709.65,702.83,706.38,552704.0,706.932044
2026-08-24T20:35:06.234,2,4,QQQ260828C00510000,QQQ,2026-08-28,call,510.0,194.15,2.0,195.94,1.0,195.04500000000002,204.59,40.0,,,,,,,2026-08-24,709.625,709.65,702.83,706.38,552704.0,706.932044
2026-08-24T20:35:06.234,2,4,QQQ260828C00515000,QQQ,2026-08-28,call,515.0,188.35,2.0,191.92,2.0,190.135,194.69,2.0,,,,,,,2026-08-24,709.625,709.65,702.83,706.38,552704.0,706.932044
2026-08-24T20:35:06.234,2,4,QQQ260828C00520000,QQQ,2026-08-28,call,520.0,188.9,2.0,189.57,1.0,189.235,,,,,,,,,2026-08-24,709.625,709.65,702.83,706.38,552704.0,706.932044
2026-08-24T20:35:06.234,2,4,QQQ260828C00525000,QQQ,2026-08-28,call,525.0,180.43,1.0,184.56,1.0,182.495,156.75,1.0,,,,,,,2026-08-24,709.625,709.65,702.83,706.38,552704.0,706.932044
2026-08-24T20:35:06.234,2,4,QQQ260828C00530000,QQQ,2026-08-28,call,530.0,176.05,5.0,178.68,5.0,177.365,167.67,1.0,,,,,,,2026-08-24,709.625,709.65,702.83,706.38,552704.0,706.932044
2026-08-24T20:35:06.234,2,4,QQQ260828C00535000,QQQ,2026-08-28,call,535.0,172.66,5.0,173.32,1.0,172.99,167.41,10.0,,,,,,,2026-08-24,709.625,709.65,702.83,706.38,552704.0,706.932044
2026-08-24T20:35:06.234,2,4,QQQ260828C00540000,QQQ,2026-08-28,call,540.0,167.95,5.0,169.57,1.0,168.76,172.38,1.0,,,,,,,2026-08-24,709.625,709.65,702.83,706.38,552704.0,706.932044
2026-08-24T20:35:06.234,2,4,QQQ260828C00545000,QQQ,2026-08-28,call,545.0,159.24,5.0,161.39,5.0,160.315,185.74,2.0,,,,,,,2026-08-24,709.625,709.65,702.83,706.38,552704.0,706.932044
2026-08-24T20:35:06.234,2,4,QQQ260828C00550000,QQQ,2026-08-28,call,550.0,158.6,5.0,159.21,1.0,158.905,180.31,1.0,,,,,,,2026-08-24,709.625,709.65,702.83,706.38,552704.0,706.932044
2026-08-24T20:35:06.234,2,4,QQQ260828C00555000,QQQ,2026-08-28,call,555.0,153.98,5.0,154.54,1.0,154.26,154.22,22.0,,,,,,,2026-08-24,709.625,709.65,702.83,706.38,552704.0,706.932044
2026-08-24T20:35:06.234,2,4,QQQ260828C00560000,QQQ,2026-08-28,call,560.0,148.56,5.0,149.26,5.0,148.91,140.4,5.0,,,,,,,2026-08-24,709.625,709.65,702.83,706.38,552704.0,706.932044
2026-08-24T20:35:06.234,2,4,QQQ260828C00565000,QQQ,2026-08-28,call,565.0,139.39,5.0,143.85,1.0,141.62,145.12,1.0,,,,,,,2026-08-24,709.625,709.65,702.83,706.38,552704.0,706.932044
2026-08-24T20:35:06.234,2,4,QQQ260828C00570000,QQQ,2026-08-28,call,570.0,134.25,5.0,135.95,1.0,135.1,134.93,4.0,,,,,,,2026-08-24,709.625,709.65,702.83,706.38,552704.0,706.932044
2026-08-24T20:35:06.234,2,4,QQQ260828C00575000,QQQ,2026-08-28,call,575.0,128.8,5.0,131.8,1.0,130.3,145.59,2.0,,,,,,,2026-08-24,709.625,709.65,702.83,706.38,552704.0,706.932044
2026-08-24T20:35:06.234,2,4,QQQ260828C00580000,QQQ,2026-08-28,call,580.0,128.43,5.0,129.1,1.0,128.765,132.64,75.0,,,,,,,2026-08-24,709.625,709.65,702.83,706.38,552704.0,706.932044
2026-08-24T20:35:06.234,2,4,QQQ260828C00585000,QQQ,2026-08-28,call,585.0,120.13,5.0,123.91,1.0,122.02,118.86,10.0,0.946,0.9746,0.0008,-0.5742,0.0438,0.062,2026-08-24,709.625,709.65,702.83,706.38,552704.0,706.932044
2026-08-24T20:35:06.234,2,4,QQQ260828C00590000,QQQ,2026-08-28,call,590.0,116.12,5.0,118.69,1.0,117.405,128.69,3.0,0.9837,0.964,0.0011,-0.7745,0.0584,0.0617,2026-08-24,709.625,709.65,702.83,706.38,552704.0,706.932044
2026-08-24T20:35:06.234,2,4,QQQ260828C00595000,QQQ,2026-08-28,call,595.0,113.16,5.0,113.76,1.0,113.46000000000001,119.56,1.0,1.0883,0.941,0.0015,-1.2378,0.0869,0.0604,2026-08-24,709.625,709.65,702.83,706.38,552704.0,706.932044
2026-08-24T20:35:06.234,2,4,QQQ260828C00600000,QQQ,2026-08-28,call,600.0,108.63,6.0,109.13,1.0,108.88,110.18,3.0,,,,,,,2026-08-24,709.625,709.65,702.83,706.38,552704.0,706.932044
2026-08-24T20:35:06.234,2,4,QQQ260828C00605000,QQQ,2026-08-28,call,605.0,100.31,3.0,103.6,9.0,101.955,101.09,1.0,0.7864,0.9728,0.0011,-0.5148,0.0464,0.0641,2026-08-24,709.625,709.65,702.83,706.38,552704.0,706.932044
2026-08-24T20:35:06.234,2,4,QQQ260828C00610000,QQQ,2026-08-28,call,610.0,94.97,5.0,95.19,1.0,95.08,97.81,1.0,,,,,,,2026-08-24,709.625,709.65,702.83,706.38,552704.0,706.932044
2026-08-24T20:35:06.234,2,4,QQQ260828C00615000,QQQ,2026-08-28,call,615.0,90.87,3.0,91.41,3.0,91.14,91.68,1.0,,,,,,,2026-08-24,709.625,709.65,702.83,706.38,552704.0,706.932044
2026-08-24T20:35:06.234,2,4,QQQ260828C00620000,QQQ,2026-08-28,call,620.0,87.51,8.0,88.17,5.0,87.84,94.03,1.0,0.8096,0.9431,0.0019,-0.9127,0.0845,0.0633,2026-08-24,709.625,709.65,702.83,706.38,552704.0,706.932044
2026-08-24T20:35:06.234,2,4,QQQ260828C00625000,QQQ,2026-08-28,call,625.0,80.67,8.0,81.24,1.0,80.955,78.96,1.0,,,,,,,2026-08-24,709.625,709.65,702.83,706.38,552704.0,706.932044
2026-08-24T20:35:06.234,2,4,QQQ260828C00630000,QQQ,2026-08-28,call,630.0,76.89,5.0,78.11,1.0,77.5,79.06,1.0,0.6895,0.9475,0.0021,-0.7421,0.0792,0.0648,2026-08-24,709.625,709.65,702.83,706.38,552704.0,706.932044
2026-08-24T20:35:06.234,2,4,QQQ260828C00635000,QQQ,2026-08-28,call,635.0,71.52,5.0,72.13,1.0,71.82499999999999,79.15,2.0,0.5493,0.97,0.0017,-0.4064,0.0503,0.0672,2026-08-24,709.625,709.65,702.83,706.38,552704.0,706.932044
2026-08-24T20:35:06.234,2,4,QQQ260828C00640000,QQQ,2026-08-28,call,640.0,67.62,5.0,68.18,5.0,67.9,74.31,5.0,0.6555,0.9295,0.0028,-0.8763,0.0998,0.0645,2026-08-24,709.625,709.65,702.83,706.38,552704.0,706.932044
2026-08-24T20:35:06.234,2,4,QQQ260828C00645000,QQQ,2026-08-28,call,645.0,62.54,5.0,63.32,1.0,62.93,61.43,1.0,0.6179,0.9247,0.0031,-0.8696,0.1049,0.0647,2026-08-24,709.625,709.65,702.83,706.38,552704.0,706.932044
2026-08-24T20:35:06.234,2,4,QQQ260828C00650000,QQQ,2026-08-28,call,650.0,57.29,5.0,57.76,8.0,57.525,57.18,1.0,0.5376,0.934,0.0032,-0.698,0.0949,0.066,2026-08-24,709.625,709.65,702.83,706.38,552704.0,706.932044
2026-08-24T20:35:06.234,2,4,QQQ260828C00651000,QQQ,2026-08-28,call,651.0,54.78,5.0,55.06,1.0,54.92,81.68,5.0,,,,,,,2026-08-24,709.625,709.65,702.83,706.38,552704.0,706.932044
2026-08-24T20:35:06.234,2,4,QQQ260828C00652000,QQQ,2026-08-28,call,652.0,53.44,5.0,54.1,1.0,53.769999999999996,80.79,6.0,,,,,,,2026-08-24,709.625,709.65,702.83,706.38,552704.0,706.932044
2026-08-24T20:35:06.234,2,4,QQQ260828C00653000,QQQ,2026-08-28,call,653.0,53.55,5.0,54.2,1.0,53.875,79.77,1.0,0.4338,0.9602,0.0027,-0.4066,0.0635,0.0684,2026-08-24,709.625,709.65,702.83,706.38,552704.0,706.932044
2026-08-24T20:35:06.234,2,4,QQQ260828C00654000,QQQ,2026-08-28,call,654.0,53.16,5.0,53.32,5.0,53.239999999999995,40.43,4.0,0.4755,0.9421,0.0033,-0.5703,0.0856,0.0671,2026-08-24,709.625,709.65,702.83,706.38,552704.0,706.932044
2026-08-24T20:35:06.234,2,4,QQQ260828C00655000,QQQ,2026-08-28,call,655.0,52.41,5.0,53.04,1.0,52.724999999999994,59.92,1.0,0.5179,0.9222,0.0038,-0.7565,0.1076,0.0656,2026-08-24,709.625,709.65,702.83,706.38,552704.0,706.932044
2026-08-24T20:35:06.234,2,4,QQQ260828C00656000,QQQ,2026-08-28,call,656.0,50.34,5.0,52.03,1.0,51.185,56.6,56.0,0.4541,0.943,0.0034,-0.5418,0.0846,0.0674,2026-08-24,709.625,709.65,702.83,706.38,552704.0,706.932044
2026-08-24T20:35:06.234,2,4,QQQ260828C00657000,QQQ,2026-08-28,call,657.0,48.97,5.0,50.42,5.0,49.695,38.52,4.0,0.3754,0.9688,0.0025,-0.3074,0.052,0.0695,2026-08-24,709.625,709.65,702.83,706.38,552704.0,706.932044
2026-08-24T20:35:06.234,2,4,QQQ260828C00658000,QQQ,2026-08-28,call,658.0,49.2,5.0,49.89,1.0,49.545,38.0,4.0,0.477,0.9259,0.004,-0.6788,0.1037,0.0662,2026-08-24,709.625,709.65,702.83,706.38,552704.0,706.932044
2026-08-24T20:35:06.234,2,4,QQQ260828C00659000,QQQ,2026-08-28,call,659.0,47.32,5.0,48.51,5.0,47.915,43.53,2.0,0.3976,0.9544,0.0033,-0.4149,0.0709,0.0686,2026-08-24,709.625,709.65,702.83,706.38,552704.0,706.932044
2026-08-24T20:35:06.234,2,4,QQQ260828C00660000,QQQ,2026-08-28,call,660.0,47.42,5.0,47.97,5.0,47.695,48.26,1.0,0.4749,0.9178,0.0043,-0.7258,0.1121,0.0658,2026-08-24,709.625,709.65,702.83,706.38,552704.0,706.932044
2026-08-24T20:35:06.234,2,4,QQQ260828C00661000,QQQ,2026-08-28,call,661.0,45.39,5.0,45.82,1.0,45.605000000000004,58.52,1.0,0.3309,0.9734,0.0025,-0.2522,0.0454,0.0703,2026-08-24,709.625,709.65,702.83,706.38,552704.0,706.932044
2026-08-24T20:35:06.234,2,4,QQQ260828C00662000,QQQ,2026-08-28,call,662.0,45.24,5.0,45.84,1.0,45.540000000000006,51.36,4.0,0.4449,0.9217,0.0044,-0.662,0.1082,0.0663,2026-08-24,709.625,709.65,702.83,706.38,552704.0,706.932044
2026-08-24T20:35:06.234,2,4,QQQ260828C00663000,QQQ,2026-08-28,call,663.0,43.05,1.0,43.87,5.0,43.459999999999994,51.14,2.0,0.2783,0.9857,0.0018,-0.1587,0.0268,0.0715,2026-08-24,709.625,709.65,702.83,706.38,552704.0,706.932044
2026-08-24T20:35:06.234,2,4,QQQ260828C00664000,QQQ,2026-08-28,call,664.0,43.37,5.0,43.59,1.0,43.480000000000004,48.03,1.0,0.4235,0.9218,0.0047,-0.6324,0.108,0.0666,2026-08-24,709.625,709.65,702.83,706.38,552704.0,706.932044
2026-08-24T20:35:06.234,2,4,QQQ260828C00665000,QQQ,2026-08-28,call,665.0,41.53,3.0,42.75,3.0,42.14,44.02,1.0,0.3818,0.937,0.0044,-0.4984,0.0915,0.0679,2026-08-24,709.625,709.65,702.83,706.38,552704.0,706.932044
2026-08-24T20:35:06.234,2,4,QQQ260828C00666000,QQQ,2026-08-28,call,666.0,40.95,5.0,41.75,5.0,41.35,48.58,1.0,0.3956,0.9253,0.0048,-0.5769,0.1043,0.0671,2026-08-24,709.625,709.65,702.83,706.38,552704.0,706.932044
2026-08-24T20:35:06.234,2,4,QQQ260828C00667000,QQQ,2026-08-28,call,667.0,39.32,5.0,41.05,1.0,40.185,37.78,1.0,0.3715,0.9324,0.0048,-0.5103,0.0966,0.0677,2026-08-24,709.625,709.65,702.83,706.38,552704.0,706.932044
2026-08-24T20:35:06.234,2,4,QQQ260828C00668000,QQQ,2026-08-28,call,668.0,38.56,5.0,40.06,1.0,39.31,39.44,1.0,0.3762,0.9248,0.0051,-0.5547,0.1049,0.0672,2026-08-24,709.625,709.65,702.83,706.38,552704.0,706.932044
2026-08-24T20:35:06.234,2,4,QQQ260828C00669000,QQQ,2026-08-28,call,669.0,37.99,5.0,38.27,1.0,38.13,51.48,1.0,0.3507,0.9331,0.005,-0.4823,0.0959,0.068,2026-08-24,709.625,709.65,702.83,706.38,552704.0,706.932044
2026-08-24T20:35:06.234,2,4,QQQ260828C00670000,QQQ,2026-08-28,call,670.0,36.39,5.0,37.2,5.0,36.795,37.79,1.0,0.3036,0.9534,0.0043,-0.337,0.072,0.0697,2026-08-24,709.625,709.65,702.83,706.38,552704.0,706.932044
2026-08-24T20:35:06.234,2,4,QQQ260828C00671000,QQQ,2026-08-28,call,671.0,35.25,8.0,35.7,8.0,35.475,38.07,1.0,0.236,0.9818,0.0026,-0.1634,0.0331,0.0721,2026-08-24,709.625,709.65,702.83,706.38,552704.0,706.932044
2026-08-24T20:35:06.234,2,4,QQQ260828C00672000,QQQ,2026-08-28,call,672.0,34.33,5.0,34.82,5.0,34.575,33.26,1.0,0.2541,0.9705,0.0036,-0.2226,0.0496,0.0713,2026-08-24,709.625,709.65,702.83,706.38,552704.0,706.932044
2026-08-24T20:35:06.234,2,4,QQQ260828C00673000,QQQ,2026-08-28,call,673.0,33.29,5.0,34.19,3.0,33.739999999999995,45.29,1.0,0.2751,0.9549,0.0047,-0.3053,0.0701,0.0702,2026-08-24,709.625,709.65,702.83,706.38,552704.0,706.932044
2026-08-24T20:35:06.234,2,4,QQQ260828C00674000,QQQ,2026-08-28,call,674.0,33.03,3.0,33.67,1.0,33.35,35.15,2.0,0.3328,0.9137,0.0064,-0.5452,0.1163,0.067,2026-08-24,709.625,709.65,702.83,706.38,552704.0,706.932044
2026-08-24T20:35:06.234,2,4,QQQ260828C00675000,QQQ,2026-08-28,call,675.0,32.31,5.0,32.71,1.0,32.510000000000005,32.89,4.0,0.338,0.9035,0.0068,-0.5945,0.1264,0.0664,2026-08-24,709.625,709.65,702.83,706.38,552704.0,706.932044
2026-08-24T20:35:06.234,2,4,QQQ260828C00676000,QQQ,2026-08-28,call,676.0,31.44,3.0,32.119,5.0,31.7795,32.11,1.0,0.3498,0.8885,0.0073,-0.6735,0.1404,0.0653,2026-08-24,709.625,709.65,702.83,706.38,552704.0,706.932044
2026-08-24T20:35:06.234,2,4,QQQ260828C00677000,QQQ,2026-08-28,call,677.0,29.31,5.0,30.74,5.0,30.025,29.35,1.0,0.2798,0.9285,0.0066,-0.4153,0.1009,0.0686,2026-08-24,709.625,709.65,702.83,706.38,552704.0,706.932044
2026-08-24T20:35:06.234,2,4,QQQ260828C00678000,QQQ,2026-08-28,call,678.0,28.72,4.0,29.32,3.0,29.02,27.19,4.0,0.2717,0.9272,0.0069,-0.41,0.1023,0.0686,2026-08-24,709.625,709.65,702.83,706.38,552704.0,706.932044
2026-08-24T20:35:06.234,2,4,QQQ260828C00679000,QQQ,2026-08-28,call,679.0,28.14,5.0,29.26,5.0,28.700000000000003,26.49,3.0,0.3188,0.8851,0.0082,-0.6309,0.1434,0.0653,2026-08-24,709.625,709.65,702.83,706.38,552704.0,706.932044
2026-08-24T20:35:06.234,2,4,QQQ260828C00680000,QQQ,2026-08-28,call,680.0,27.17,8.0,28.13,8.0,27.65,27.91,1.0,0.3068,0.8851,0.0086,-0.6097,0.1434,0.0655,2026-08-24,709.625,709.65,702.83,706.38,552704.0,706.932044
2026-08-24T20:35:06.234,2,4,QQQ260828C00681000,QQQ,2026-08-28,call,681.0,26.77,8.0,27.07,3.0,26.92,27.77,1.0,0.3161,0.8691,0.0091,-0.6797,0.1571,0.0643,2026-08-24,709.625,709.65,702.83,706.38,552704.0,706.932044
2026-08-24T20:35:06.234,2,4,QQQ260828C00682000,QQQ,2026-08-28,call,682.0,24.91,3.0,25.68,2.0,25.295,23.92,1.0,0.2642,0.9003,0.009,-0.4886,0.1294,0.0669,2026-08-24,709.625,709.65,702.83,706.38,552704.0,706.932044
2026-08-24T20:35:06.234,2,4,QQQ260828C00683000,QQQ,2026-08-28,call,683.0,24.75,8.0,25.43,8.0,25.09,35.36,1.0,0.3087,0.8548,0.01,-0.7084,0.1686,0.0634,2026-08-24,709.625,709.65,702.83,706.38,552704.0,706.932044
2026-08-24T20:35:06.234,2,4,QQQ260828C00684000,QQQ,2026-08-28,call,684.0,23.81,5.0,24.2,1.0,24.005,25.89,1.0,0.2946,0.8552,0.0105,-0.6777,0.1683,0.0635,2026-08-24,709.625,709.65,702.83,706.38,552704.0,706.932044
2026-08-24T20:35:06.234,2,4,QQQ260828C00685000,QQQ,2026-08-28,call,685.0,22.66,3.0,23.02,11.0,22.84,22.92,4.0,0.2757,0.8597,0.0109,-0.6262,0.1647,0.064,2026-08-24,709.625,709.65,702.83,706.38,552704.0,706.932044
2026-08-24T20:35:06.234,2,4,QQQ260828C00686000,QQQ,2026-08-28,call,686.0,21.51,3.0,21.8,3.0,21.655,27.61,1.0,0.2554,0.8661,0.0114,-0.5687,0.1596,0.0646,2026-08-24,709.625,709.65,702.83,706.38,552704.0,706.932044
2026-08-24T20:35:06.234,2,4,QQQ260828C00687000,QQQ,2026-08-28,call,687.0,20.8,14.0,20.96,14.0,20.880000000000003,22.73,1.0,0.26,0.8497,0.0121,-0.6188,0.1726,0.0635,2026-08-24,709.625,709.65,702.83,706.38,552704.0,706.932044
2026-08-24T20:35:06.234,2,4,QQQ260828C00688000,QQQ,2026-08-28,call,688.0,19.72,15.0,20.64,17.0,20.18,22.51,2.0,0.2674,0.8303,0.0128,-0.6811,0.1868,0.062,2026-08-24,709.625,709.65,702.83,706.38,552704.0,706.932044
2026-08-24T20:35:06.234,2,4,QQQ260828C00689000,QQQ,2026-08-28,call,689.0,19.44,37.0,19.75,58.0,19.595,19.67,1.0,0.279,0.8071,0.0133,-0.7612,0.2025,0.0603,2026-08-24,709.625,709.65,702.83,706.38,552704.0,706.932044
2026-08-24T20:35:06.234,2,4,QQQ260828C00690000,QQQ,2026-08-28,call,690.0,17.9,6.0,18.93,3.0,18.415,18.68,4.0,0.2602,0.8091,0.0142,-0.7095,0.2012,0.0606,2026-08-24,709.625,709.65,702.83,706.38,552704.0,706.932044
2026-08-24T20:35:06.234,2,4,QQQ260828C00691000,QQQ,2026-08-28,call,691.0,17.46,1.0,17.49,1.0,17.475,17.41,1.0,0.2532,0.8005,0.0149,-0.7086,0.2066,0.06,2026-08-24,709.625,709.65,702.83,706.38,552704.0,706.932044
2026-08-24T20:35:06.234,2,4,QQQ260828C00692000,QQQ,2026-08-28,call,692.0,16.77,12.0,17.04,47.0,16.905,17.12,1.0,0.263,0.7765,0.0154,-0.7792,0.2208,0.0582,2026-08-24,709.625,709.65,702.83,706.38,552704.0,706.932044
2026-08-24T20:35:06.234,2,4,QQQ260828C00693000,QQQ,2026-08-28,call,693.0,15.66,15.0,16.309,30.0,15.9845,17.56,1.0,0.2559,0.7663,0.0162,-0.777,0.2264,0.0575,2026-08-24,709.625,709.65,702.83,706.38,552704.0,706.932044
2026-08-24T20:35:06.234,2,4,QQQ260828C00694000,QQQ,2026-08-28,call,694.0,14.93,27.0,15.16,15.0,15.045,15.14,1.0,0.2478,0.7562,0.0171,-0.7697,0.2317,0.0569,2026-08-24,709.625,709.65,702.83,706.38,552704.0,706.932044
2026-08-24T20:35:06.234,2,4,QQQ260828C00695000,QQQ,2026-08-28,call,695.0,13.7,94.0,14.55,94.0,14.125,14.45,4.0,0.2402,0.7447,0.0181,-0.7643,0.2375,0.0561,2026-08-24,709.625,709.65,702.83,706.38,552704.0,706.932044
2026-08-24T20:35:06.234,2,4,QQQ260828C00696000,QQQ,2026-08-28,call,696.0,13.22,2.0,13.93,4.0,13.575,15.05,2.0,0.2474,0.7205,0.0184,-0.8183,0.2486,0.0543,2026-08-24,709.625,709.65,702.83,706.38,552704.0,706.932044
2026-08-24T20:35:06.234,2,4,QQQ260828C00697000,QQQ,2026-08-28,call,697.0,12.38,31.0,13.0,31.0,12.690000000000001,14.03,10.0,0.2402,0.7067,0.0194,-0.8123,0.2544,0.0533,2026-08-24,709.625,709.65,702.83,706.38,552704.0,706.932044
2026-08-24T20:35:06.234,2,4,QQQ260828C00698000,QQQ,2026-08-28,call,698.0,11.59,1.0,12.03,5.0,11.809999999999999,13.15,1.0,0.2328,0.692,0.0204,-0.8045,0.26,0.0522,2026-08-24,709.625,709.65,702.83,706.38,552704.0,706.932044
2026-08-24T20:35:06.234,2,4,QQQ260828C00699000,QQQ,2026-08-28,call,699.0,10.99,34.0,11.18,3.0,11.085,11.5,1.0,0.2308,0.6723,0.0212,-0.8167,0.2669,0.0508,2026-08-24,709.625,709.65,702.83,706.38,552704.0,706.932044
2026-08-24T20:35:06.234,2,4,QQQ260828C00700000,QQQ,2026-08-28,call,700.0,10.43,24.0,10.51,20.0,10.469999999999999,10.61,4.0,0.2322,0.6499,0.0216,-0.8397,0.2738,0.0491,2026-08-24,709.625,709.65,702.83,706.38,552704.0,706.932044
2026-08-24T20:35:06.234,2,4,QQQ260828C00701000,QQQ,2026-08-28,call,701.0,9.78,29.0,9.9,13.0,9.84,10.06,1.0,0.2322,0.6279,0.022,-0.8549,0.2796,0.0475,2026-08-24,709.625,709.65,702.83,706.38,552704.0,706.932044
2026-08-24T20:35:06.234,2,4,QQQ260828C00702000,QQQ,2026-08-28,call,702.0,9.1,8.0,9.15,11.0,9.125,9.34,1.0,0.2284,0.6071,0.0228,-0.8534,0.2842,0.046,2026-08-24,709.625,709.65,702.83,706.38,552704.0,706.932044
2026-08-24T20:35:06.234,2,4,QQQ260828C00703000,QQQ,2026-08-28,call,703.0,8.33,14.0,8.41,2.0,8.370000000000001,8.68,1.0,0.2225,0.5859,0.0237,-0.8418,0.288,0.0444,2026-08-24,709.625,709.65,702.83,706.38,552704.0,706.932044
2026-08-24T20:35:06.234,2,4,QQQ260828C00704000,QQQ,2026-08-28,call,704.0,7.7,11.0,7.8,3.0,7.75,7.92,4.0,0.2206,0.5625,0.0242,-0.8423,0.2913,0.0427,2026-08-24,709.625,709.65,702.83,706.38,552704.0,706.932044
2026-08-24T20:35:06.234,2,4,QQQ260828C00705000,QQQ,2026-08-28,call,705.0,7.25,33.0,7.31,14.0,7.279999999999999,7.29,1.0,0.2231,0.5378,0.0241,-0.8558,0.2936,0.0408,2026-08-24,709.625,709.65,702.83,706.38,552704.0,706.932044
2026-08-24T20:35:06.234,2,4,QQQ260828C00706000,QQQ,2026-08-28,call,706.0,6.61,18.0,6.68,5.0,6.645,6.74,1.0,0.219,0.5138,0.0246,-0.8425,0.2947,0.039,2026-08-24,709.625,709.65,702.83,706.38,552704.0,706.932044
2026-08-24T20:35:06.234,2,4,QQQ260828C00707000,QQQ,2026-08-28,call,707.0,5.97,20.0,6.17,5.0,6.07,6.16,1.0,0.2162,0.4889,0.025,-0.8306,0.2948,0.0372,2026-08-24,709.625,709.65,702.83,706.38,552704.0,706.932044
2026-08-24T20:35:06.234,2,4,QQQ260828C00708000,QQQ,2026-08-28,call,708.0,5.48,2.0,5.62,11.0,5.550000000000001,5.65,1.0,0.2144,0.4636,0.0251,-0.8193,0.2937,0.0353,2026-08-24,709.625,709.65,702.83,706.38,552704.0,706.932044
2026-08-24T20:35:06.234,2,4,QQQ260828C00709000,QQQ,2026-08-28,call,709.0,5.03,37.0,5.09,23.0,5.0600000000000005,5.14,1.0,0.2128,0.4382,0.0251,-0.8053,0.2913,0.0334,2026-08-24,709.625,709.65,702.83,706.38,552704.0,706.932044
2026-08-24T20:35:06.234,2,4,QQQ260828C00710000,QQQ,2026-08-28,call,710.0,4.58,33.0,4.63,59.0,4.605,4.67,1.0,0.2115,0.4128,0.0249,-0.7895,0.2878,0.0314,2026-08-24,709.625,709.65,702.83,706.38,552704.0,706.932044
2026-08-24T20:35:06.234,2,4,QQQ260828C00711000,QQQ,2026-08-28,call,711.0,4.12,18.0,4.19,11.0,4.155,4.21,1.0,0.2094,0.3871,0.0247,-0.7677,0.283,0.0295,2026-08-24,709.625,709.65,702.83,706.38,552704.0,706.932044
2026-08-24T20:35:06.234,2,4,QQQ260828C00712000,QQQ,2026-08-28,call,712.0,3.72,20.0,3.76,32.0,3.74,3.77,1.0,0.2076,0.3616,0.0244,-0.744,0.277,0.0276,2026-08-24,709.625,709.65,702.83,706.38,552704.0,706.932044
2026-08-24T20:35:06.234,2,4,QQQ260828C00712500,QQQ,2026-08-28,call,712.5,3.55,101.0,3.62,27.0,3.585,3.55,1.0,0.2083,0.3501,0.0241,-0.7374,0.2738,0.0267,2026-08-24,709.625,709.65,702.83,706.38,552704.0,706.932044
2026-08-24T20:35:06.234,2,4,QQQ260828C00713000,QQQ,2026-08-28,call,713.0,3.25,23.0,3.38,28.0,3.315,3.41,1.0,0.2045,0.3353,0.0241,-0.7121,0.2694,0.0256,2026-08-24,709.625,709.65,702.83,706.38,552704.0,706.932044
2026-08-24T20:35:06.234,2,4,QQQ260828C00714000,QQQ,2026-08-28,call,714.0,2.96,21.0,2.98,10.0,2.9699999999999998,3.02,5.0,0.2034,0.3108,0.0235,-0.6855,0.2611,0.0237,2026-08-24,709.625,709.65,702.83,706.38,552704.0,706.932044
2026-08-24T20:35:06.234,2,4,QQQ260828C00715000,QQQ,2026-08-28,call,715.0,2.57,156.0,2.7,64.0,2.635,2.69,1.0,0.2017,0.2863,0.0228,-0.654,0.2515,0.0219,2026-08-24,709.625,709.65,702.83,706.38,552704.0,706.932044
2026-08-24T20:35:06.234,2,4,QQQ260828C00716000,QQQ,2026-08-28,call,716.0,2.33,8.0,2.38,48.0,2.355,2.43,1.0,0.2012,0.2637,0.022,-0.6258,0.2415,0.0201,2026-08-24,709.625,709.65,702.83,706.38,552704.0,706.932044
2026-08-24T20:35:06.234,2,4,QQQ260828C00717000,QQQ,2026-08-28,call,717.0,2.05,21.0,2.11,20.0,2.08,2.08,3.0,0.2,0.2411,0.0211,-0.5926,0.2303,0.0184,2026-08-24,709.625,709.65,702.83,706.38,552704.0,706.932044
2026-08-24T20:35:06.234,2,4,QQQ260828C00717500,QQQ,2026-08-28,call,717.5,1.86,19.0,1.91,18.0,1.885,2.009,1.0,0.1964,0.2266,0.0207,-0.5622,0.2226,0.0173,2026-08-24,709.625,709.65,702.83,706.38,552704.0,706.932044
2026-08-24T20:35:06.234,2,4,QQQ260828C00718000,QQQ,2026-08-28,call,718.0,1.75,23.0,1.84,28.0,1.795,1.84,1.0,0.1972,0.2175,0.0202,-0.5512,0.2174,0.0166,2026-08-24,709.625,709.65,702.83,706.38,552704.0,706.932044
2026-08-24T20:35:06.234,2,4,QQQ260828C00719000,QQQ,2026-08-28,call,719.0,1.56,2.0,1.61,32.0,1.585,1.59,1.0,0.1968,0.1977,0.0191,-0.5194,0.2055,0.0151,2026-08-24,709.625,709.65,702.83,706.38,552704.0,706.932044
2026-08-24T20:35:06.234,2,4,QQQ260828C00720000,QQQ,2026-08-28,call,720.0,1.35,34.0,1.39,80.0,1.37,1.4,1.0,0.1951,0.1774,0.018,-0.4813,0.1922,0.0136,2026-08-24,709.625,709.65,702.83,706.38,552704.0,706.932044
2026-08-24T20:35:06.234,2,4,QQQ260828C00721000,QQQ,2026-08-28,call,721.0,1.17,10.0,1.21,22.0,1.19,1.19,10.0,0.1942,0.1592,0.0169,-0.4463,0.1792,0.0122,2026-08-24,709.625,709.65,702.83,706.38,552704.0,706.932044
2026-08-24T20:35:06.234,2,4,QQQ260828C00722000,QQQ,2026-08-28,call,722.0,0.99,15.0,1.03,27.0,1.01,1.02,10.0,0.1922,0.1406,0.0157,-0.4063,0.165,0.0108,2026-08-24,709.625,709.65,702.83,706.38,552704.0,706.932044
2026-08-24T20:35:06.234,2,4,QQQ260828C00722500,QQQ,2026-08-28,call,722.5,0.92,10.0,0.96,65.0,0.94,0.94,2.0,0.192,0.1328,0.0151,-0.39,0.1587,0.0102,2026-08-24,709.625,709.65,702.83,706.38,552704.0,706.932044
2026-08-24T20:35:06.234,2,4,QQQ260828C00723000,QQQ,2026-08-28,call,723.0,0.8,83.0,0.88,114.0,0.8400000000000001,0.87,2.0,0.1895,0.1224,0.0145,-0.3637,0.1499,0.0094,2026-08-24,709.625,709.65,702.83,706.38,552704.0,706.932044
2026-08-24T20:35:06.234,2,4,QQQ260828C00724000,QQQ,2026-08-28,call,724.0,0.71,31.0,0.75,57.0,0.73,0.73,1.0,0.1896,0.109,0.0133,-0.3348,0.1381,0.0084,2026-08-24,709.625,709.65,702.83,706.38,552704.0,706.932044
2026-08-24T20:35:06.234,2,4,QQQ260828C00725000,QQQ,2026-08-28,call,725.0,0.56,35.0,0.58,46.0,0.5700000000000001,0.63,10.0,0.1847,0.0907,0.012,-0.2849,0.1207,0.007,2026-08-24,709.625,709.65,702.83,706.38,552704.0,706.932044
2026-08-24T20:35:06.234,2,4,QQQ260828C00726000,QQQ,2026-08-28,call,726.0,0.5,39.0,0.52,38.0,0.51,0.52,1.0,0.1867,0.0818,0.011,-0.2666,0.1118,0.0063,2026-08-24,709.625,709.65,702.83,706.38,552704.0,706.932044
2026-08-24T20:35:06.234,2,4,QQQ260828C00727000,QQQ,2026-08-28,call,727.0,0.37,28.0,0.43,59.0,0.4,0.41,1.0,0.183,0.0677,0.0097,-0.2261,0.0968,0.0052,2026-08-24,709.625,709.65,702.83,706.38,552704.0,706.932044
2026-08-24T20:35:06.234,2,4,QQQ260828C00727500,QQQ,2026-08-28,call,727.5,0.33,78.0,0.39,28.0,0.36,0.39,5.0,0.1821,0.0622,0.0091,-0.2105,0.0906,0.0048,2026-08-24,709.625,709.65,702.83,706.38,552704.0,706.932044
2026-08-24T20:35:06.234,2,4,QQQ260828C00728000,QQQ,2026-08-28,call,728.0,0.33,42.0,0.36,56.0,0.345,0.34,1.0,0.1837,0.0595,0.0087,-0.2051,0.0875,0.0046,2026-08-24,709.625,709.65,702.83,706.38,552704.0,706.932044
2026-08-24T20:35:06.234,2,4,QQQ260828C00729000,QQQ,2026-08-28,call,729.0,0.23,85.0,0.25,28.0,0.24,0.29,1.0,0.1767,0.045,0.0073,-0.158,0.0701,0.0035,2026-08-24,709.625,709.65,702.83,706.38,552704.0,706.932044
2026-08-24T20:35:06.234,2,4,QQQ260828C00730000,QQQ,2026-08-28,call,730.0,0.22,36.0,0.24,129.0,0.22999999999999998,0.24,3.0,0.1814,0.0424,0.0067,-0.1544,0.0668,0.0033,2026-08-24,709.625,709.65,702.83,706.38,552704.0,706.932044
2026-08-24T20:35:06.234,2,4,QQQ260828C00731000,QQQ,2026-08-28,call,731.0,0.18,39.0,0.2,88.0,0.19,0.17,1.0,0.181,0.036,0.0059,-0.1347,0.0584,0.0028,2026-08-24,709.625,709.65,702.83,706.38,552704.0,706.932044
2026-08-24T20:35:06.234,2,4,QQQ260828C00732000,QQQ,2026-08-28,call,732.0,0.11,16.0,0.13,76.0,0.12,0.16,3.0,0.1729,0.025,0.0046,-0.0951,0.0432,0.0019,2026-08-24,709.625,709.65,702.83,706.38,552704.0,706.932044
2026-08-24T20:35:06.234,2,4,QQQ260828C00732500,QQQ,2026-08-28,call,732.5,0.09,65.0,0.15,79.0,0.12,0.14,23.0,0.1757,0.0247,0.0044,-0.0955,0.0427,0.0019,2026-08-24,709.625,709.65,702.83,706.38,552704.0,706.932044
2026-08-24T20:35:06.234,2,4,QQQ260828C00733000,QQQ,2026-08-28,call,733.0,0.12,43.0,0.14,282.0,0.13,0.11,1.0,0.1807,0.0258,0.0045,-0.1021,0.0444,0.002,2026-08-24,709.625,709.65,702.83,706.38,552704.0,706.932044
2026-08-24T20:35:06.234,2,4,QQQ260828C00734000,QQQ,2026-08-28,call,734.0,0.06,47.0,0.11,95.0,0.08499999999999999,0.1,1.0,0.1745,0.0183,0.0035,-0.0735,0.0331,0.0014,2026-08-24,709.625,709.65,702.83,706.38,552704.0,706.932044
2026-08-24T20:35:06.234,2,4,QQQ260828C00735000,QQQ,2026-08-28,call,735.0,0.09,29.0,0.1,111.0,0.095,0.09,20.0,0.1827,0.0194,0.0035,-0.0809,0.0348,0.0015,2026-08-24,709.625,709.65,702.83,706.38,552704.0,706.932044
2026-08-24T20:35:06.234,2,4,QQQ260828C00736000,QQQ,2026-08-28,call,736.0,0.07,23.0,0.08,93.0,0.07500000000000001,0.06,1.0,0.1817,0.0158,0.0029,-0.0674,0.0292,0.0012,2026-08-24,709.625,709.65,702.83,706.38,552704.0,706.932044
2026-08-24T20:35:06.234,2,4,QQQ260828C00737000,QQQ,2026-08-28,call,737.0,0.06,9.0,0.07,61.0,0.065,0.05,1.0,0.1832,0.0138,0.0026,-0.0605,0.026,0.0011,2026-08-24,709.625,709.65,702.83,706.38,552704.0,706.932044
2026-08-24T20:35:06.234,2,4,QQQ260828C00737500,QQQ,2026-08-28,call,737.5,0.05,58.0,0.07,189.0,0.060000000000000005,0.07,22.0,0.1837,0.0128,0.0024,-0.0568,0.0244,0.001,2026-08-24,709.625,709.65,702.83,706.38,552704.0,706.932044
2026-08-24T20:35:06.234,2,4,QQQ260828C00738000,QQQ,2026-08-28,call,738.0,0.05,56.0,0.07,141.0,0.060000000000000005,0.03,1.0,0.1862,0.0126,0.0024,-0.057,0.0241,0.001,2026-08-24,709.625,709.65,702.83,706.38,552704.0,706.932044
2026-08-24T20:35:06.234,2,4,QQQ260828C00739000,QQQ,2026-08-28,call,739.0,0.04,76.0,0.06,78.0,0.05,0.04,20.0,0.1866,0.0107,0.002,-0.0494,0.0209,0.0008,2026-08-24,709.625,709.65,702.83,706.38,552704.0,706.932044
2026-08-24T20:35:06.234,2,4,QQQ260828C00740000,QQQ,2026-08-28,call,740.0,0.01,7.0,0.02,596.0,0.015,0.05,10.0,0.1667,0.004,0.001,-0.0183,0.0087,0.0003,2026-08-24,709.625,709.65,702.83,706.38,552704.0,706.932044
2026-08-24T20:35:06.234,2,4,QQQ260828C00741000,QQQ,2026-08-28,call,741.0,0.03,73.0,0.05,59.0,0.04,0.05,1.0,0.1909,0.0086,0.0016,-0.0416,0.0172,0.0007,2026-08-24,709.625,709.65,702.83,706.38,552704.0,706.932044
2026-08-24T20:35:06.234,2,4,QQQ260828C00742000,QQQ,2026-08-28,call,742.0,0.03,76.0,0.05,301.0,0.04,0.02,2.0,0.1956,0.0084,0.0016,-0.0418,0.0169,0.0006,2026-08-24,709.625,709.65,702.83,706.38,552704.0,706.932044
2026-08-24T20:35:06.234,2,4,QQQ260828C00742500,QQQ,2026-08-28,call,742.5,0.01,93.0,0.03,223.0,0.02,0.05,3.0,0.1829,0.0047,0.001,-0.0236,0.0102,0.0004,2026-08-24,709.625,709.65,702.83,706.38,552704.0,706.932044
2026-08-24T20:35:06.234,2,4,QQQ260828C00743000,QQQ,2026-08-28,call,743.0,0.01,25.0,0.02,84.0,0.015,0.03,1.0,0.1796,0.0037,0.0008,-0.0186,0.0082,0.0003,2026-08-24,709.625,709.65,702.83,706.38,552704.0,706.932044
2026-08-24T20:35:06.234,2,4,QQQ260828C00744000,QQQ,2026-08-28,call,744.0,0.03,80.0,0.05,452.0,0.04,0.01,7.0,0.205,0.008,0.0015,-0.0422,0.0162,0.0006,2026-08-24,709.625,709.65,702.83,706.38,552704.0,706.932044
2026-08-24T20:35:06.234,2,4,QQQ260828C00745000,QQQ,2026-08-28,call,745.0,0.01,1.0,0.02,160.0,0.015,0.04,2.0,0.1882,0.0035,0.0008,-0.0187,0.0078,0.0003,2026-08-24,709.625,709.65,702.83,706.38,552704.0,706.932044
2026-08-24T20:35:06.234,2,4,QQQ260828C00746000,QQQ,2026-08-28,call,746.0,0.0,0.0,0.01,101.0,0.005,0.03,1.0,,,,,,,2026-08-24,709.625,709.65,702.83,706.38,552704.0,706.932044
2026-08-24T20:35:06.234,2,4,QQQ260828C00747000,QQQ,2026-08-28,call,747.0,0.0,0.0,0.04,97.0,0.02,0.01,3.0,,,,,,,2026-08-24,709.625,709.65,702.83,706.38,552704.0,706.932044
2026-08-24T20:35:06.234,2,4,QQQ260828C00748000,QQQ,2026-08-28,call,748.0,0.0,0.0,0.04,116.0,0.02,0.01,1.0,,,,,,,2026-08-24,709.625,709.65,702.83,706.38,552704.0,706.932044
2026-08-24T20:35:06.234,2,4,QQQ260828C00749000,QQQ,2026-08-28,call,749.0,0.01,7.0,0.02,160.0,0.015,0.03,20.0,0.205,0.0033,0.0007,-0.019,0.0073,0.0003,2026-08-24,709.625,709.65,702.83,706.38,552704.0,706.932044
2026-08-24T20:35:06.234,2,4,QQQ260828C00750000,QQQ,2026-08-28,call,750.0,0.01,50.0,0.04,89.0,0.025,0.01,8.0,0.2206,0.0049,0.0009,-0.0293,0.0105,0.0004,2026-08-24,709.625,709.65,702.83,706.38,552704.0,706.932044
2026-08-24T20:35:06.234,2,4,QQQ260828C00751000,QQQ,2026-08-28,call,751.0,0.0,0.0,0.04,133.0,0.02,0.01,1.0,,,,,,,2026-08-24,709.625,709.65,702.83,706.38,552704.0,706.932044
2026-08-24T20:35:06.234,2,4,QQQ260828C00752000,QQQ,2026-08-28,call,752.0,0.0,0.0,0.04,170.0,0.02,0.01,1.0,,,,,,,2026-08-24,709.625,709.65,702.83,706.38,552704.0,706.932044
2026-08-24T20:35:06.234,2,4,QQQ260828C00753000,QQQ,2026-08-28,call,753.0,0.0,0.0,0.01,141.0,0.005,0.01,1.0,,,,,,,2026-08-24,709.625,709.65,702.83,706.38,552704.0,706.932044
2026-08-24T20:35:06.234,2,4,QQQ260828C00754000,QQQ,2026-08-28,call,754.0,0.01,7.0,0.04,66.0,0.025,0.03,4.0,0.238,0.0046,0.0008,-0.0296,0.0099,0.0004,2026-08-24,709.625,709.65,702.83,706.38,552704.0,706.932044
2026-08-24T20:35:06.234,2,4,QQQ260828C00755000,QQQ,2026-08-28,call,755.0,0.0,0.0,0.04,136.0,0.02,0.01,2.0,,,,,,,2026-08-24,709.625,709.65,702.83,706.38,552704.0,706.932044
2026-08-24T20:35:06.234,2,4,QQQ260828C00756000,QQQ,2026-08-28,call,756.0,0.03,25.0,0.04,156.0,0.035,0.03,1.0,0.2557,0.0058,0.0009,-0.0395,0.0122,0.0004,2026-08-24,709.625,709.65,702.83,706.38,552704.0,706.932044
2026-08-24T20:35:06.234,2,4,QQQ260828C00757000,QQQ,2026-08-28,call,757.0,0.01,1.0,0.04,152.0,0.025,0.03,10.0,0.2508,0.0044,0.0007,-0.0299,0.0094,0.0003,2026-08-24,709.625,709.65,702.83,706.38,552704.0,706.932044
2026-08-24T20:35:06.234,2,4,QQQ260828C00758000,QQQ,2026-08-28,call,758.0,0.0,0.0,0.01,202.0,0.005,0.01,1.0,,,,,,,2026-08-24,709.625,709.65,702.83,706.38,552704.0,706.932044
2026-08-24T20:35:06.234,2,4,QQQ260828C00759000,QQQ,2026-08-28,call,759.0,0.01,12.0,0.02,152.0,0.015,0.03,1.0,0.2463,0.0028,0.0005,-0.0196,0.0063,0.0002,2026-08-24,709.625,709.65,702.83,706.38,552704.0,706.932044
2026-08-24T20:35:06.234,2,4,QQQ260828C00760000,QQQ,2026-08-28,call,760.0,0.0,0.0,0.04,187.0,0.02,0.01,1.0,,,,,,,2026-08-24,709.625,709.65,702.83,706.38,552704.0,706.932044
2026-08-24T20:35:06.234,2,4,QQQ260828C00765000,QQQ,2026-08-28,call,765.0,0.0,0.0,0.01,52.0,0.005,0.01,1.0,,,,,,,2026-08-24,709.625,709.65,702.83,706.38,552704.0,706.932044
2026-08-24T20:35:06.234,2,4,QQQ260828C00770000,QQQ,2026-08-28,call,770.0,0.0,0.0,0.01,73.0,0.005,0.01,2.0,,,,,,,2026-08-24,709.625,709.65,702.83,706.38,552704.0,706.932044
2026-08-24T20:35:06.234,2,4,QQQ260828C00775000,QQQ,2026-08-28,call,775.0,0.0,0.0,0.01,322.0,0.005,0.01,1.0,,,,,,,2026-08-24,709.625,709.65,702.83,706.38,552704.0,706.932044
2026-08-24T20:35:06.234,2,4,QQQ260828C00780000,QQQ,2026-08-28,call,780.0,0.0,0.0,0.01,150.0,0.005,0.01,6.0,,,,,,,2026-08-24,709.625,709.65,702.83,706.38,552704.0,706.932044
2026-08-24T20:35:06.234,2,4,QQQ260828C00785000,QQQ,2026-08-28,call,785.0,0.0,0.0,0.04,220.0,0.02,0.01,1.0,,,,,,,2026-08-24,709.625,709.65,702.83,706.38,552704.0,706.932044
2026-08-24T20:35:06.234,2,4,QQQ260828C00790000,QQQ,2026-08-28,call,790.0,0.0,0.0,0.01,55.0,0.005,0.01,2.0,,,,,,,2026-08-24,709.625,709.65,702.83,706.38,552704.0,706.932044
2026-08-24T20:35:06.234,2,4,QQQ260828C00795000,QQQ,2026-08-28,call,795.0,0.0,0.0,0.03,129.0,0.015,0.01,1.0,,,,,,,2026-08-24,709.625,709.65,702.83,706.38,552704.0,706.932044
2026-08-24T20:35:06.234,2,4,QQQ260828C00800000,QQQ,2026-08-28,call,800.0,0.0,0.0,0.01,66.0,0.005,0.01,1.0,,,,,,,2026-08-24,709.625,709.65,702.83,706.38,552704.0,706.932044
2026-08-24T20:35:06.234,2,4,QQQ260828C00805000,QQQ,2026-08-28,call,805.0,0.0,0.0,0.01,124.0,0.005,0.01,7.0,,,,,,,2026-08-24,709.625,709.65,702.83,706.38,552704.0,706.932044
2026-08-24T20:35:06.234,2,4,QQQ260828C00810000,QQQ,2026-08-28,call,810.0,0.0,0.0,0.03,129.0,0.015,0.01,2.0,,,,,,,2026-08-24,709.625,709.65,702.83,706.38,552704.0,706.932044
2026-08-24T20:35:06.234,2,4,QQQ260828C00815000,QQQ,2026-08-28,call,815.0,0.0,0.0,0.04,137.0,0.02,0.08,10.0,,,,,,,2026-08-24,709.625,709.65,702.83,706.38,552704.0,706.932044
2026-08-24T20:35:06.234,2,4,QQQ260828C00820000,QQQ,2026-08-28,call,820.0,0.0,0.0,0.01,91.0,0.005,0.03,1.0,,,,,,,2026-08-24,709.625,709.65,702.83,706.38,552704.0,706.932044
2026-08-24T20:35:06.234,2,4,QQQ260828C00825000,QQQ,2026-08-28,call,825.0,0.0,0.0,0.01,70.0,0.005,0.04,1.0,,,,,,,2026-08-24,709.625,709.65,702.83,706.38,552704.0,706.932044
2026-08-24T20:35:06.234,2,4,QQQ260828C00830000,QQQ,2026-08-28,call,830.0,0.0,0.0,0.01,70.0,0.005,0.01,1.0,,,,,,,2026-08-24,709.625,709.65,702.83,706.38,552704.0,706.932044
2026-08-24T20:35:06.234,2,4,QQQ260828C00835000,QQQ,2026-08-28,call,835.0,0.0,0.0,0.01,76.0,0.005,0.13,5.0,,,,,,,2026-08-24,709.625,709.65,702.83,706.38,552704.0,706.932044
2026-08-24T20:35:06.234,2,4,QQQ260828C00840000,QQQ,2026-08-28,call,840.0,0.0,0.0,0.03,73.0,0.015,0.02,1.0,,,,,,,2026-08-24,709.625,709.65,702.83,706.38,552704.0,706.932044
2026-08-24T20:35:06.234,2,4,QQQ260828C00845000,QQQ,2026-08-28,call,845.0,0.0,0.0,0.01,60.0,0.005,0.31,5.0,,,,,,,2026-08-24,709.625,709.65,702.83,706.38,552704.0,706.932044
2026-08-24T20:35:06.234,2,4,QQQ260828C00850000,QQQ,2026-08-28,call,850.0,0.0,0.0,0.03,96.0,0.015,0.01,6.0,,,,,,,2026-08-24,709.625,709.65,702.83,706.38,552704.0,706.932044
2026-08-24T20:35:06.234,2,4,QQQ260828C00860000,QQQ,2026-08-28,call,860.0,0.0,0.0,0.03,71.0,0.015,0.02,1.0,,,,,,,2026-08-24,709.625,709.65,702.83,706.38,552704.0,706.932044
2026-08-24T20:35:06.234,2,4,QQQ260828C00870000,QQQ,2026-08-28,call,870.0,0.0,0.0,0.03,81.0,0.015,0.01,1.0,,,,,,,2026-08-24,709.625,709.65,702.83,706.38,552704.0,706.932044
2026-08-24T20:35:06.234,2,4,QQQ260828C00880000,QQQ,2026-08-28,call,880.0,0.0,0.0,0.01,67.0,0.005,0.03,5.0,,,,,,,2026-08-24,709.625,709.65,702.83,706.38,552704.0,706.932044
2026-08-24T20:35:06.234,2,4,QQQ260828C00885000,QQQ,2026-08-28,call,885.0,0.0,0.0,0.01,83.0,0.005,,,,,,,,,2026-08-24,709.625,709.65,702.83,706.38,552704.0,706.932044
2026-08-24T20:35:06.234,2,4,QQQ260828C00890000,QQQ,2026-08-28,call,890.0,0.0,0.0,0.01,66.0,0.005,0.02,1.0,,,,,,,2026-08-24,709.625,709.65,702.83,706.38,552704.0,706.932044
2026-08-24T20:35:06.234,2,4,QQQ260828C00895000,QQQ,2026-08-28,call,895.0,0.0,0.0,0.03,111.0,0.015,0.04,20.0,,,,,,,2026-08-24,709.625,709.65,702.83,706.38,552704.0,706.932044
2026-08-24T20:35:06.234,2,4,QQQ260828C00900000,QQQ,2026-08-28,call,900.0,0.0,0.0,0.01,66.0,0.005,0.03,10.0,,,,,,,2026-08-24,709.625,709.65,702.83,706.38,552704.0,706.932044
2026-08-24T20:35:06.234,2,4,QQQ260828C00905000,QQQ,2026-08-28,call,905.0,0.0,0.0,0.01,85.0,0.005,,,,,,,,,2026-08-24,709.625,709.65,702.83,706.38,552704.0,706.932044
2026-08-24T20:35:06.234,2,4,QQQ260828C00910000,QQQ,2026-08-28,call,910.0,0.0,0.0,0.03,72.0,0.015,,,,,,,,,2026-08-24,709.625,709.65,702.83,706.38,552704.0,706.932044
2026-08-24T20:35:06.234,2,4,QQQ260828C00915000,QQQ,2026-08-28,call,915.0,0.0,0.0,0.03,86.0,0.015,,,,,,,,,2026-08-24,709.625,709.65,702.83,706.38,552704.0,706.932044
2026-08-24T20:35:06.234,2,4,QQQ260828C00920000,QQQ,2026-08-28,call,920.0,0.0,0.0,0.01,72.0,0.005,0.05,1.0,,,,,,,2026-08-24,709.625,709.65,702.83,706.38,552704.0,706.932044
2026-08-24T20:35:06.234,2,4,QQQ260828C00925000,QQQ,2026-08-28,call,925.0,0.0,0.0,0.01,67.0,0.005,0.05,1.0,,,,,,,2026-08-24,709.625,709.65,702.83,706.38,552704.0,706.932044
2026-08-24T20:35:06.234,2,4,QQQ260828C00930000,QQQ,2026-08-28,call,930.0,0.0,0.0,0.01,87.0,0.005,,,,,,,,,2026-08-24,709.625,709.65,702.83,706.38,552704.0,706.932044
2026-08-24T20:35:06.234,2,4,QQQ260828C00935000,QQQ,2026-08-28,call,935.0,0.0,0.0,0.03,74.0,0.015,,,,,,,,,2026-08-24,709.625,709.65,702.83,706.38,552704.0,706.932044
2026-08-24T20:35:06.234,2,4,QQQ260828C00940000,QQQ,2026-08-28,call,940.0,0.0,0.0,0.03,91.0,0.015,0.03,1.0,,,,,,,2026-08-24,709.625,709.65,702.83,706.38,552704.0,706.932044
2026-08-24T20:35:06.234,2,4,QQQ260828C00945000,QQQ,2026-08-28,call,945.0,0.0,0.0,0.03,68.0,0.015,0.14,1.0,,,,,,,2026-08-24,709.625,709.65,702.83,706.38,552704.0,706.932044
2026-08-24T20:35:06.234,2,4,QQQ260828C00950000,QQQ,2026-08-28,call,950.0,0.0,0.0,0.03,215.0,0.015,0.06,20.0,,,,,,,2026-08-24,709.625,709.65,702.83,706.38,552704.0,706.932044
2026-08-24T20:35:06.234,2,4,QQQ260828P00360000,QQQ,2026-08-28,put,360.0,0.0,0.0,0.01,10.0,0.005,0.01,5.0,,,,,,,2026-08-24,709.625,709.65,702.83,706.38,552704.0,706.932044
2026-08-24T20:35:06.234,2,4,QQQ260828P00365000,QQQ,2026-08-28,put,365.0,0.0,0.0,0.03,5.0,0.015,0.01,2.0,,,,,,,2026-08-24,709.625,709.65,702.83,706.38,552704.0,706.932044
2026-08-24T20:35:06.234,2,4,QQQ260828P00370000,QQQ,2026-08-28,put,370.0,0.0,0.0,0.01,134.0,0.005,0.02,2.0,,,,,,,2026-08-24,709.625,709.65,702.83,706.38,552704.0,706.932044
2026-08-24T20:35:06.234,2,4,QQQ260828P00375000,QQQ,2026-08-28,put,375.0,0.0,0.0,0.04,86.0,0.02,0.02,1.0,,,,,,,2026-08-24,709.625,709.65,702.83,706.38,552704.0,706.932044
2026-08-24T20:35:06.234,2,4,QQQ260828P00380000,QQQ,2026-08-28,put,380.0,0.0,0.0,0.01,127.0,0.005,0.03,1.0,,,,,,,2026-08-24,709.625,709.65,702.83,706.38,552704.0,706.932044
2026-08-24T20:35:06.234,2,4,QQQ260828P00385000,QQQ,2026-08-28,put,385.0,0.0,0.0,0.01,1112.0,0.005,0.03,1.0,,,,,,,2026-08-24,709.625,709.65,702.83,706.38,552704.0,706.932044
2026-08-24T20:35:06.234,2,4,QQQ260828P00390000,QQQ,2026-08-28,put,390.0,0.0,0.0,0.01,95.0,0.005,0.03,1.0,,,,,,,2026-08-24,709.625,709.65,702.83,706.38,552704.0,706.932044
2026-08-24T20:35:06.234,2,4,QQQ260828P00395000,QQQ,2026-08-28,put,395.0,0.0,0.0,0.03,40.0,0.015,0.04,1.0,,,,,,,2026-08-24,709.625,709.65,702.83,706.38,552704.0,706.932044
2026-08-24T20:35:06.234,2,4,QQQ260828P00400000,QQQ,2026-08-28,put,400.0,0.0,0.0,0.03,9500.0,0.015,0.02,2.0,,,,,,,2026-08-24,709.625,709.65,702.83,706.38,552704.0,706.932044
2026-08-24T20:35:06.234,2,4,QQQ260828P00405000,QQQ,2026-08-28,put,405.0,0.0,0.0,0.04,92.0,0.02,0.03,1.0,,,,,,,2026-08-24,709.625,709.65,702.83,706.38,552704.0,706.932044
2026-08-24T20:35:06.234,2,4,QQQ260828P00410000,QQQ,2026-08-28,put,410.0,0.0,0.0,0.04,75.0,0.02,0.01,1.0,,,,,,,2026-08-24,709.625,709.65,702.83,706.38,552704.0,706.932044
2026-08-24T20:35:06.234,2,4,QQQ260828P00415000,QQQ,2026-08-28,put,415.0,0.0,0.0,0.01,58.0,0.005,0.01,20.0,,,,,,,2026-08-24,709.625,709.65,702.83,706.38,552704.0,706.932044
2026-08-24T20:35:06.234,2,4,QQQ260828P00420000,QQQ,2026-08-28,put,420.0,0.0,0.0,0.04,64.0,0.02,0.03,1.0,,,,,,,2026-08-24,709.625,709.65,702.83,706.38,552704.0,706.932044
2026-08-24T20:35:06.234,2,4,QQQ260828P00425000,QQQ,2026-08-28,put,425.0,0.0,0.0,0.01,845.0,0.005,0.02,4.0,,,,,,,2026-08-24,709.625,709.65,702.83,706.38,552704.0,706.932044
2026-08-24T20:35:06.234,2,4,QQQ260828P00430000,QQQ,2026-08-28,put,430.0,0.0,0.0,0.04,85.0,0.02,0.04,1.0,,,,,,,2026-08-24,709.625,709.65,702.83,706.38,552704.0,706.932044
2026-08-24T20:35:06.234,2,4,QQQ260828P00435000,QQQ,2026-08-28,put,435.0,0.01,48.0,0.04,770.0,0.025,0.03,10.0,,,,,,,2026-08-24,709.625,709.65,702.83,706.38,552704.0,706.932044
2026-08-24T20:35:06.234,2,4,QQQ260828P00440000,QQQ,2026-08-28,put,440.0,0.0,0.0,0.01,41.0,0.005,0.01,10.0,,,,,,,2026-08-24,709.625,709.65,702.83,706.38,552704.0,706.932044
2026-08-24T20:35:06.234,2,4,QQQ260828P00445000,QQQ,2026-08-28,put,445.0,0.0,0.0,0.04,40.0,0.02,0.09,1.0,,,,,,,2026-08-24,709.625,709.65,702.83,706.38,552704.0,706.932044
2026-08-24T20:35:06.234,2,4,QQQ260828P00450000,QQQ,2026-08-28,put,450.0,0.0,0.0,0.01,16.0,0.005,0.02,10.0,,,,,,,2026-08-24,709.625,709.65,702.83,706.38,552704.0,706.932044
2026-08-24T20:35:06.234,2,4,QQQ260828P00455000,QQQ,2026-08-28,put,455.0,0.0,0.0,0.01,73.0,0.005,0.01,10.0,,,,,,,2026-08-24,709.625,709.65,702.83,706.38,552704.0,706.932044
2026-08-24T20:35:06.234,2,4,QQQ260828P00460000,QQQ,2026-08-28,put,460.0,0.0,0.0,0.05,146.0,0.025,0.03,10.0,,,,,,,2026-08-24,709.625,709.65,702.83,706.38,552704.0,706.932044
2026-08-24T20:35:06.234,2,4,QQQ260828P00465000,QQQ,2026-08-28,put,465.0,0.01,48.0,0.03,147.0,0.02,0.05,1.0,,,,,,,2026-08-24,709.625,709.65,702.83,706.38,552704.0,706.932044
2026-08-24T20:35:06.234,2,4,QQQ260828P00470000,QQQ,2026-08-28,put,470.0,0.01,48.0,0.03,267.0,0.02,0.03,1.0,,,,,,,2026-08-24,709.625,709.65,702.83,706.38,552704.0,706.932044
2026-08-24T20:35:06.234,2,4,QQQ260828P00475000,QQQ,2026-08-28,put,475.0,0.01,51.0,0.05,150.0,0.030000000000000002,0.24,1.0,,,,,,,2026-08-24,709.625,709.65,702.83,706.38,552704.0,706.932044
2026-08-24T20:35:06.234,2,4,QQQ260828P00480000,QQQ,2026-08-28,put,480.0,0.03,61.0,0.04,1.0,0.035,0.02,1.0,,,,,,,2026-08-24,709.625,709.65,702.83,706.38,552704.0,706.932044
2026-08-24T20:35:06.234,2,4,QQQ260828P00485000,QQQ,2026-08-28,put,485.0,0.03,48.0,0.05,127.0,0.04,0.02,20.0,,,,,,,2026-08-24,709.625,709.65,702.83,706.38,552704.0,706.932044
2026-08-24T20:35:06.234,2,4,QQQ260828P00490000,QQQ,2026-08-28,put,490.0,0.03,75.0,0.05,132.0,0.04,0.09,8.0,,,,,,,2026-08-24,709.625,709.65,702.83,706.38,552704.0,706.932044
2026-08-24T20:35:06.234,2,4,QQQ260828P00495000,QQQ,2026-08-28,put,495.0,0.01,73.0,0.05,127.0,0.030000000000000002,0.03,1.0,,,,,,,2026-08-24,709.625,709.65,702.83,706.38,552704.0,706.932044
2026-08-24T20:35:06.234,2,4,QQQ260828P00500000,QQQ,2026-08-28,put,500.0,0.01,73.0,0.03,119.0,0.02,0.02,17.0,,,,,,,2026-08-24,709.625,709.65,702.83,706.38,552704.0,706.932044
2026-08-24T20:35:06.234,2,4,QQQ260828P00505000,QQQ,2026-08-28,put,505.0,0.01,76.0,0.03,124.0,0.02,0.03,15.0,,,,,,,2026-08-24,709.625,709.65,702.83,706.38,552704.0,706.932044
2026-08-24T20:35:06.234,2,4,QQQ260828P00510000,QQQ,2026-08-28,put,510.0,0.03,133.0,0.05,127.0,0.04,0.05,59.0,,,,,,,2026-08-24,709.625,709.65,702.83,706.38,552704.0,706.932044
2026-08-24T20:35:06.234,2,4,QQQ260828P00515000,QQQ,2026-08-28,put,515.0,0.01,137.0,0.03,133.0,0.02,0.03,1.0,,,,,,,2026-08-24,709.625,709.65,702.83,706.38,552704.0,706.932044
2026-08-24T20:35:06.234,2,4,QQQ260828P00520000,QQQ,2026-08-28,put,520.0,0.01,139.0,0.03,119.0,0.02,0.04,1.0,,,,,,,2026-08-24,709.625,709.65,702.83,706.38,552704.0,706.932044
2026-08-24T20:35:06.234,2,4,QQQ260828P00525000,QQQ,2026-08-28,put,525.0,0.01,131.0,0.03,74.0,0.02,0.04,1.0,,,,,,,2026-08-24,709.625,709.65,702.83,706.38,552704.0,706.932044
2026-08-24T20:35:06.234,2,4,QQQ260828P00530000,QQQ,2026-08-28,put,530.0,0.03,162.0,0.06,302.0,0.045,0.03,4.0,,,,,,,2026-08-24,709.625,709.65,702.83,706.38,552704.0,706.932044
2026-08-24T20:35:06.234,2,4,QQQ260828P00535000,QQQ,2026-08-28,put,535.0,0.03,173.0,0.06,294.0,0.045,0.03,3.0,,,,,,,2026-08-24,709.625,709.65,702.83,706.38,552704.0,706.932044
2026-08-24T20:35:06.234,2,4,QQQ260828P00540000,QQQ,2026-08-28,put,540.0,0.01,368.0,0.02,760.0,0.015,0.04,8.0,,,,,,,2026-08-24,709.625,709.65,702.83,706.38,552704.0,706.932044
2026-08-24T20:35:06.234,2,4,QQQ260828P00545000,QQQ,2026-08-28,put,545.0,0.01,21.0,0.05,4.0,0.030000000000000002,0.04,1.0,,,,,,,2026-08-24,709.625,709.65,702.83,706.38,552704.0,706.932044
2026-08-24T20:35:06.234,2,4,QQQ260828P00550000,QQQ,2026-08-28,put,550.0,0.04,40.0,0.05,3.0,0.045,0.04,4.0,,,,,,,2026-08-24,709.625,709.65,702.83,706.38,552704.0,706.932044
2026-08-24T20:35:06.234,2,4,QQQ260828P00555000,QQQ,2026-08-28,put,555.0,0.04,71.0,0.06,238.0,0.05,0.03,10.0,,,,,,,2026-08-24,709.625,709.65,702.83,706.38,552704.0,706.932044
2026-08-24T20:35:06.234,2,4,QQQ260828P00560000,QQQ,2026-08-28,put,560.0,0.01,51.0,0.06,137.0,0.034999999999999996,0.02,10.0,0.7828,-0.002,0.0001,-0.0462,0.0047,-0.0002,2026-08-24,709.625,709.65,702.83,706.38,552704.0,706.932044
2026-08-24T20:35:06.234,2,4,QQQ260828P00565000,QQQ,2026-08-28,put,565.0,0.04,79.0,0.06,110.0,0.05,0.05,1.0,0.7821,-0.0028,0.0001,-0.0622,0.0064,-0.0002,2026-08-24,709.625,709.65,702.83,706.38,552704.0,706.932044
2026-08-24T20:35:06.234,2,4,QQQ260828P00570000,QQQ,2026-08-28,put,570.0,0.04,177.0,0.07,382.0,0.05500000000000001,0.02,2.0,0.7612,-0.0032,0.0002,-0.067,0.0071,-0.0002,2026-08-24,709.625,709.65,702.83,706.38,552704.0,706.932044
2026-08-24T20:35:06.234,2,4,QQQ260828P00575000,QQQ,2026-08-28,put,575.0,0.01,87.0,0.02,103.0,0.015,0.06,2.0,0.6493,-0.0011,0.0001,-0.022,0.0027,-0.0001,2026-08-24,709.625,709.65,702.83,706.38,552704.0,706.932044
2026-08-24T20:35:06.234,2,4,QQQ260828P00580000,QQQ,2026-08-28,put,580.0,0.01,20.0,0.07,342.0,0.04,0.04,5.0,0.6827,-0.0026,0.0002,-0.0506,0.006,-0.0002,2026-08-24,709.625,709.65,702.83,706.38,552704.0,706.932044
2026-08-24T20:35:06.234,2,4,QQQ260828P00585000,QQQ,2026-08-28,put,585.0,0.01,48.0,0.07,197.0,0.04,0.05,1.0,0.6556,-0.0027,0.0002,-0.0503,0.0062,-0.0002,2026-08-24,709.625,709.65,702.83,706.38,552704.0,706.932044
2026-08-24T20:35:06.234,2,4,QQQ260828P00590000,QQQ,2026-08-28,put,590.0,0.01,80.0,0.03,316.0,0.02,0.05,1.0,0.5886,-0.0016,0.0001,-0.0277,0.0038,-0.0001,2026-08-24,709.625,709.65,702.83,706.38,552704.0,706.932044
2026-08-24T20:35:06.234,2,4,QQQ260828P00595000,QQQ,2026-08-28,put,595.0,0.05,100.0,0.07,195.0,0.060000000000000005,0.05,8.0,0.6276,-0.0041,0.0003,-0.0698,0.0089,-0.0003,2026-08-24,709.625,709.65,702.83,706.38,552704.0,706.932044
2026-08-24T20:35:06.234,2,4,QQQ260828P00600000,QQQ,2026-08-28,put,600.0,0.01,120.0,0.03,49.0,0.02,0.05,8.0,0.538,-0.0017,0.0001,-0.0273,0.0041,-0.0001,2026-08-24,709.625,709.65,702.83,706.38,552704.0,706.932044
2026-08-24T20:35:06.234,2,4,QQQ260828P00605000,QQQ,2026-08-28,put,605.0,0.06,12.0,0.08,203.0,0.07,0.06,2.0,0.5822,-0.005,0.0003,-0.0781,0.0108,-0.0004,2026-08-24,709.625,709.65,702.83,706.38,552704.0,706.932044
2026-08-24T20:35:06.234,2,4,QQQ260828P00610000,QQQ,2026-08-28,put,610.0,0.02,71.0,0.08,334.0,0.05,0.03,1.0,0.5343,-0.004,0.0003,-0.0585,0.0088,-0.0003,2026-08-24,709.625,709.65,702.83,706.38,552704.0,706.932044
2026-08-24T20:35:06.234,2,4,QQQ260828P00615000,QQQ,2026-08-28,put,615.0,0.02,133.0,0.08,94.0,0.05,0.06,5.0,0.5075,-0.0042,0.0003,-0.0579,0.0092,-0.0003,2026-08-24,709.625,709.65,702.83,706.38,552704.0,706.932044
2026-08-24T20:35:06.234,2,4,QQQ260828P00620000,QQQ,2026-08-28,put,620.0,0.06,696.0,0.09,454.0,0.075,0.07,4.0,0.503,-0.0062,0.0005,-0.0804,0.0129,-0.0005,2026-08-24,709.625,709.65,702.83,706.38,552704.0,706.932044
2026-08-24T20:35:06.234,2,4,QQQ260828P00625000,QQQ,2026-08-28,put,625.0,0.07,530.0,0.09,215.0,0.08,0.05,1.0,0.479,-0.0068,0.0005,-0.0839,0.0141,-0.0005,2026-08-24,709.625,709.65,702.83,706.38,552704.0,706.932044
2026-08-24T20:35:06.234,2,4,QQQ260828P00630000,QQQ,2026-08-28,put,630.0,0.04,41.0,0.06,178.0,0.05,0.08,5.0,0.4274,-0.0049,0.0005,-0.0562,0.0106,-0.0004,2026-08-24,709.625,709.65,702.83,706.38,552704.0,706.932044
2026-08-24T20:35:06.234,2,4,QQQ260828P00635000,QQQ,2026-08-28,put,635.0,0.04,141.0,0.06,50.0,0.05,0.07,6.0,0.4009,-0.0052,0.0005,-0.0555,0.0112,-0.0004,2026-08-24,709.625,709.65,702.83,706.38,552704.0,706.932044
2026-08-24T20:35:06.234,2,4,QQQ260828P00640000,QQQ,2026-08-28,put,640.0,0.05,141.0,0.07,182.0,0.060000000000000005,0.06,1.0,0.3823,-0.0065,0.0006,-0.0638,0.0134,-0.0005,2026-08-24,709.625,709.65,702.83,706.38,552704.0,706.932044
2026-08-24T20:35:06.234,2,4,QQQ260828P00645000,QQQ,2026-08-28,put,645.0,0.06,393.0,0.08,114.0,0.07,0.1,1.0,0.3621,-0.0078,0.0008,-0.0714,0.0159,-0.0006,2026-08-24,709.625,709.65,702.83,706.38,552704.0,706.932044
2026-08-24T20:35:06.234,2,4,QQQ260828P00650000,QQQ,2026-08-28,put,650.0,0.08,150.0,0.14,67.0,0.11000000000000001,0.12,2.0,0.3549,-0.012,0.0012,-0.1015,0.0231,-0.0009,2026-08-24,709.625,709.65,702.83,706.38,552704.0,706.932044
2026-08-24T20:35:06.234,2,4,QQQ260828P00651000,QQQ,2026-08-28,put,651.0,0.12,210.0,0.14,36.0,0.13,0.11,4.0,0.3572,-0.0138,0.0013,-0.1157,0.0261,-0.0011,2026-08-24,709.625,709.65,702.83,706.38,552704.0,706.932044
2026-08-24T20:35:06.234,2,4,QQQ260828P00652000,QQQ,2026-08-28,put,652.0,0.09,127.0,0.15,214.0,0.12,0.11,1.0,0.3475,-0.0132,0.0013,-0.1081,0.0251,-0.001,2026-08-24,709.625,709.65,702.83,706.38,552704.0,706.932044
2026-08-24T20:35:06.234,2,4,QQQ260828P00653000,QQQ,2026-08-28,put,653.0,0.13,188.0,0.15,5.0,0.14,0.11,10.0,0.3492,-0.0151,0.0015,-0.1218,0.0282,-0.0012,2026-08-24,709.625,709.65,702.83,706.38,552704.0,706.932044
2026-08-24T20:35:06.234,2,4,QQQ260828P00654000,QQQ,2026-08-28,put,654.0,0.1,47.0,0.16,54.0,0.13,0.12,1.0,0.3397,-0.0145,0.0015,-0.1143,0.0272,-0.0011,2026-08-24,709.625,709.65,702.83,706.38,552704.0,706.932044
2026-08-24T20:35:06.234,2,4,QQQ260828P00655000,QQQ,2026-08-28,put,655.0,0.14,343.0,0.16,18.0,0.15000000000000002,0.15,5.0,0.3408,-0.0164,0.0016,-0.1277,0.0302,-0.0013,2026-08-24,709.625,709.65,702.83,706.38,552704.0,706.932044
2026-08-24T20:35:06.234,2,4,QQQ260828P00656000,QQQ,2026-08-28,put,656.0,0.11,207.0,0.17,109.0,0.14,0.14,2.0,0.3316,-0.0158,0.0016,-0.1204,0.0293,-0.0012,2026-08-24,709.625,709.65,702.83,706.38,552704.0,706.932044
2026-08-24T20:35:06.234,2,4,QQQ260828P00657000,QQQ,2026-08-28,put,657.0,0.16,116.0,0.18,133.0,0.16999999999999998,0.15,1.0,0.3351,-0.0186,0.0018,-0.1399,0.0337,-0.0015,2026-08-24,709.625,709.65,702.83,706.38,552704.0,706.932044
2026-08-24T20:35:06.234,2,4,QQQ260828P00658000,QQQ,2026-08-28,put,658.0,0.16,171.0,0.18,43.0,0.16999999999999998,0.15,14.0,0.3291,-0.0189,0.0019,-0.1392,0.0342,-0.0015,2026-08-24,709.625,709.65,702.83,706.38,552704.0,706.932044
2026-08-24T20:35:06.234,2,4,QQQ260828P00659000,QQQ,2026-08-28,put,659.0,0.13,181.0,0.15,7.0,0.14,0.12,1.0,0.3139,-0.0166,0.0018,-0.1188,0.0306,-0.0013,2026-08-24,709.625,709.65,702.83,706.38,552704.0,706.932044
2026-08-24T20:35:06.234,2,4,QQQ260828P00660000,QQQ,2026-08-28,put,660.0,0.14,206.0,0.2,34.0,0.17,0.15,1.0,0.3171,-0.0196,0.002,-0.138,0.0352,-0.0015,2026-08-24,709.625,709.65,702.83,706.38,552704.0,706.932044
2026-08-24T20:35:06.234,2,4,QQQ260828P00661000,QQQ,2026-08-28,put,661.0,0.15,235.0,0.21,35.0,0.18,0.15,3.0,0.3138,-0.0208,0.0022,-0.1436,0.037,-0.0016,2026-08-24,709.625,709.65,702.83,706.38,552704.0,706.932044
2026-08-24T20:35:06.234,2,4,QQQ260828P00662000,QQQ,2026-08-28,put,662.0,0.16,141.0,0.22,15.0,0.19,0.2,10.0,0.3103,-0.022,0.0023,-0.1491,0.0389,-0.0017,2026-08-24,709.625,709.65,702.83,706.38,552704.0,706.932044
2026-08-24T20:35:06.234,2,4,QQQ260828P00663000,QQQ,2026-08-28,put,663.0,0.17,275.0,0.23,7.0,0.2,0.2,1.0,0.3067,-0.0233,0.0024,-0.1545,0.0407,-0.0018,2026-08-24,709.625,709.65,702.83,706.38,552704.0,706.932044
2026-08-24T20:35:06.234,2,4,QQQ260828P00664000,QQQ,2026-08-28,put,664.0,0.23,67.0,0.24,1.0,0.235,0.2,1.0,0.3086,-0.0267,0.0027,-0.1743,0.0457,-0.0021,2026-08-24,709.625,709.65,702.83,706.38,552704.0,706.932044
2026-08-24T20:35:06.234,2,4,QQQ260828P00665000,QQQ,2026-08-28,put,665.0,0.24,141.0,0.26,35.0,0.25,0.22,1.0,0.3054,-0.0285,0.0029,-0.1819,0.0482,-0.0022,2026-08-24,709.625,709.65,702.83,706.38,552704.0,706.932044
2026-08-24T20:35:06.234,2,4,QQQ260828P00666000,QQQ,2026-08-28,put,666.0,0.21,438.0,0.27,11.0,0.24,0.22,1.0,0.297,-0.0282,0.0029,-0.1752,0.0477,-0.0022,2026-08-24,709.625,709.65,702.83,706.38,552704.0,706.932044
2026-08-24T20:35:06.234,2,4,QQQ260828P00667000,QQQ,2026-08-28,put,667.0,0.27,188.0,0.29,14.0,0.28,0.23,1.0,0.2985,-0.0321,0.0033,-0.1962,0.0532,-0.0025,2026-08-24,709.625,709.65,702.83,706.38,552704.0,706.932044
2026-08-24T20:35:06.234,2,4,QQQ260828P00668000,QQQ,2026-08-28,put,668.0,0.25,165.0,0.27,7.0,0.26,0.25,1.0,0.2883,-0.031,0.0033,-0.1841,0.0517,-0.0024,2026-08-24,709.625,709.65,702.83,706.38,552704.0,706.932044
2026-08-24T20:35:06.234,2,4,QQQ260828P00669000,QQQ,2026-08-28,put,669.0,0.31,176.0,0.33,44.0,0.32,0.25,1.0,0.2926,-0.0367,0.0037,-0.2146,0.0594,-0.0029,2026-08-24,709.625,709.65,702.83,706.38,552704.0,706.932044
2026-08-24T20:35:06.234,2,4,QQQ260828P00670000,QQQ,2026-08-28,put,670.0,0.3,69.0,0.35,33.0,0.32499999999999996,0.31,3.0,0.2868,-0.0379,0.0039,-0.2157,0.0609,-0.003,2026-08-24,709.625,709.65,702.83,706.38,552704.0,706.932044
2026-08-24T20:35:06.234,2,4,QQQ260828P00671000,QQQ,2026-08-28,put,671.0,0.32,90.0,0.34,120.0,0.33,0.32,1.0,0.281,-0.0391,0.0041,-0.2167,0.0625,-0.0031,2026-08-24,709.625,709.65,702.83,706.38,552704.0,706.932044
2026-08-24T20:35:06.234,2,4,QQQ260828P00672000,QQQ,2026-08-28,put,672.0,0.39,56.0,0.4,33.0,0.395,0.3,5.0,0.284,-0.0452,0.0045,-0.2466,0.0704,-0.0035,2026-08-24,709.625,709.65,702.83,706.38,552704.0,706.932044
2026-08-24T20:35:06.234,2,4,QQQ260828P00673000,QQQ,2026-08-28,put,673.0,0.38,33.0,0.4,54.0,0.39,0.4,3.0,0.2764,-0.0458,0.0047,-0.2424,0.0711,-0.0036,2026-08-24,709.625,709.65,702.83,706.38,552704.0,706.932044
2026-08-24T20:35:06.234,2,4,QQQ260828P00674000,QQQ,2026-08-28,put,674.0,0.45,87.0,0.47,54.0,0.45999999999999996,0.42,39.0,0.2788,-0.0524,0.0052,-0.2722,0.0792,-0.0041,2026-08-24,709.625,709.65,702.83,706.38,552704.0,706.932044
2026-08-24T20:35:06.234,2,4,QQQ260828P00675000,QQQ,2026-08-28,put,675.0,0.48,113.0,0.49,2.0,0.485,0.42,3.0,0.2749,-0.0555,0.0055,-0.2807,0.0829,-0.0044,2026-08-24,709.625,709.65,702.83,706.38,552704.0,706.932044
2026-08-24T20:35:06.234,2,4,QQQ260828P00676000,QQQ,2026-08-28,put,676.0,0.48,114.0,0.54,46.0,0.51,0.48,1.0,0.2707,-0.0588,0.0059,-0.2889,0.0866,-0.0046,2026-08-24,709.625,709.65,702.83,706.38,552704.0,706.932044
2026-08-24T20:35:06.234,2,4,QQQ260828P00677000,QQQ,2026-08-28,put,677.0,0.57,191.0,0.58,26.0,0.575,0.51,10.0,0.2706,-0.0651,0.0063,-0.3128,0.0938,-0.0051,2026-08-24,709.625,709.65,702.83,706.38,552704.0,706.932044
2026-08-24T20:35:06.234,2,4,QQQ260828P00678000,QQQ,2026-08-28,put,678.0,0.61,56.0,0.63,30.0,0.62,0.58,1.0,0.2679,-0.07,0.0068,-0.3274,0.0993,-0.0055,2026-08-24,709.625,709.65,702.83,706.38,552704.0,706.932044
2026-08-24T20:35:06.234,2,4,QQQ260828P00679000,QQQ,2026-08-28,put,679.0,0.66,94.0,0.68,36.0,0.67,0.63,24.0,0.2653,-0.0754,0.0072,-0.3429,0.105,-0.0059,2026-08-24,709.625,709.65,702.83,706.38,552704.0,706.932044
2026-08-24T20:35:06.234,2,4,QQQ260828P00680000,QQQ,2026-08-28,put,680.0,0.67,112.0,0.72,80.0,0.6950000000000001,0.63,1.0,0.26,-0.0791,0.0077,-0.3484,0.1089,-0.0062,2026-08-24,709.625,709.65,702.83,706.38,552704.0,706.932044
2026-08-24T20:35:06.234,2,4,QQQ260828P00681000,QQQ,2026-08-28,put,681.0,0.77,60.0,0.79,34.0,0.78,0.7,23.0,0.2598,-0.0872,0.0083,-0.3745,0.1172,-0.0068,2026-08-24,709.625,709.65,702.83,706.38,552704.0,706.932044
2026-08-24T20:35:06.234,2,4,QQQ260828P00682000,QQQ,2026-08-28,put,682.0,0.84,45.0,0.86,36.0,0.85,0.76,10.0,0.2578,-0.0943,0.0088,-0.3936,0.1242,-0.0074,2026-08-24,709.625,709.65,702.83,706.38,552704.0,706.932044
2026-08-24T20:35:06.234,2,4,QQQ260828P00683000,QQQ,2026-08-28,put,683.0,0.91,41.0,0.93,32.0,0.92,0.83,7.0,0.2552,-0.1015,0.0094,-0.4112,0.1312,-0.008,2026-08-24,709.625,709.65,702.83,706.38,552704.0,706.932044
2026-08-24T20:35:06.234,2,4,QQQ260828P00684000,QQQ,2026-08-28,put,684.0,0.94,128.0,0.97,53.0,0.955,0.94,3.0,0.2497,-0.1067,0.01,-0.4167,0.1359,-0.0084,2026-08-24,709.625,709.65,702.83,706.38,552704.0,706.932044
2026-08-24T20:35:06.234,2,4,QQQ260828P00685000,QQQ,2026-08-28,put,685.0,1.02,174.0,1.04,10.0,1.03,1.0,1.0,0.2468,-0.1146,0.0106,-0.4334,0.1432,-0.009,2026-08-24,709.625,709.65,702.83,706.38,552704.0,706.932044
2026-08-24T20:35:06.234,2,4,QQQ260828P00686000,QQQ,2026-08-28,put,686.0,1.11,112.0,1.19,45.0,1.15,1.13,1.0,0.2464,-0.1256,0.0113,-0.4613,0.1527,-0.0098,2026-08-24,709.625,709.65,702.83,706.38,552704.0,706.932044
2026-08-24T20:35:06.234,2,4,QQQ260828P00687000,QQQ,2026-08-28,put,687.0,1.21,129.0,1.29,20.0,1.25,1.2,20.0,0.2441,-0.1355,0.0121,-0.4812,0.1609,-0.0106,2026-08-24,709.625,709.65,702.83,706.38,552704.0,706.932044
2026-08-24T20:35:06.234,2,4,QQQ260828P00688000,QQQ,2026-08-28,put,688.0,1.33,36.0,1.4,14.0,1.365,1.28,5.0,0.2422,-0.1464,0.0128,-0.5029,0.1696,-0.0115,2026-08-24,709.625,709.65,702.83,706.38,552704.0,706.932044
2026-08-24T20:35:06.234,2,4,QQQ260828P00689000,QQQ,2026-08-28,put,689.0,1.45,22.0,1.54,27.0,1.495,1.42,1.0,0.2406,-0.1583,0.0136,-0.5259,0.1786,-0.0124,2026-08-24,709.625,709.65,702.83,706.38,552704.0,706.932044
2026-08-24T20:35:06.234,2,4,QQQ260828P00690000,QQQ,2026-08-28,put,690.0,1.61,190.0,1.64,5.0,1.625,1.56,3.0,0.2384,-0.1705,0.0144,-0.5462,0.1874,-0.0134,2026-08-24,709.625,709.65,702.83,706.38,552704.0,706.932044
2026-08-24T20:35:06.234,2,4,QQQ260828P00691000,QQQ,2026-08-28,put,691.0,1.76,30.0,1.8,13.0,1.78,1.69,3.0,0.2369,-0.1841,0.0152,-0.5693,0.1967,-0.0144,2026-08-24,709.625,709.65,702.83,706.38,552704.0,706.932044
2026-08-24T20:35:06.234,2,4,QQQ260828P00692000,QQQ,2026-08-28,put,692.0,1.91,52.0,1.96,26.0,1.935,1.85,1.0,0.2348,-0.198,0.016,-0.5894,0.2057,-0.0155,2026-08-24,709.625,709.65,702.83,706.38,552704.0,706.932044
2026-08-24T20:35:06.234,2,4,QQQ260828P00693000,QQQ,2026-08-28,put,693.0,2.08,49.0,2.13,60.0,2.105,2.009,1.0,0.2327,-0.2128,0.0169,-0.6094,0.2147,-0.0167,2026-08-24,709.625,709.65,702.83,706.38,552704.0,706.932044
2026-08-24T20:35:06.234,2,4,QQQ260828P00694000,QQQ,2026-08-28,put,694.0,2.26,39.0,2.34,21.0,2.3,2.18,1.0,0.2312,-0.229,0.0177,-0.6308,0.2239,-0.018,2026-08-24,709.625,709.65,702.83,706.38,552704.0,706.932044
2026-08-24T20:35:06.234,2,4,QQQ260828P00695000,QQQ,2026-08-28,put,695.0,2.48,24.0,2.52,24.0,2.5,2.39,1.0,0.2293,-0.2457,0.0186,-0.6493,0.2327,-0.0193,2026-08-24,709.625,709.65,702.83,706.38,552704.0,706.932044
2026-08-24T20:35:06.234,2,4,QQQ260828P00696000,QQQ,2026-08-28,put,696.0,2.67,9.0,2.72,23.0,2.6950000000000003,2.57,1.0,0.2265,-0.2624,0.0195,-0.6632,0.2409,-0.0206,2026-08-24,709.625,709.65,702.83,706.38,552704.0,706.932044
2026-08-24T20:35:06.234,2,4,QQQ260828P00697000,QQQ,2026-08-28,put,697.0,2.9,21.0,2.96,7.0,2.9299999999999997,2.83,3.0,0.2247,-0.281,0.0203,-0.6799,0.2493,-0.0221,2026-08-24,709.625,709.65,702.83,706.38,552704.0,706.932044
2026-08-24T20:35:06.234,2,4,QQQ260828P00698000,QQQ,2026-08-28,put,698.0,3.1,25.0,3.22,37.0,3.16,3.04,1.0,0.222,-0.2999,0.0212,-0.6914,0.257,-0.0235,2026-08-24,709.625,709.65,702.83,706.38,552704.0,706.932044
2026-08-24T20:35:06.234,2,4,QQQ260828P00699000,QQQ,2026-08-28,put,699.0,3.41,16.0,3.47,25.0,3.4400000000000004,3.33,11.0,0.2205,-0.3206,0.022,-0.7061,0.2645,-0.0252,2026-08-24,709.625,709.65,702.83,706.38,552704.0,706.932044
2026-08-24T20:35:06.234,2,4,QQQ260828P00700000,QQQ,2026-08-28,put,700.0,3.73,24.0,3.78,16.0,3.755,3.61,2.0,0.2196,-0.3425,0.0226,-0.7208,0.2716,-0.0269,2026-08-24,709.625,709.65,702.83,706.38,552704.0,706.932044
2026-08-24T20:35:06.234,2,4,QQQ260828P00701000,QQQ,2026-08-28,put,701.0,4.05,25.0,4.11,25.0,4.08,3.95,1.0,0.2182,-0.3648,0.0233,-0.7316,0.2778,-0.0287,2026-08-24,709.625,709.65,702.83,706.38,552704.0,706.932044
2026-08-24T20:35:06.234,2,4,QQQ260828P00702000,QQQ,2026-08-28,put,702.0,4.31,50.0,4.43,15.0,4.369999999999999,4.15,5.0,0.2149,-0.3869,0.0241,-0.7322,0.283,-0.0304,2026-08-24,709.625,709.65,702.83,706.38,552704.0,706.932044
2026-08-24T20:35:06.234,2,4,QQQ260828P00703000,QQQ,2026-08-28,put,703.0,4.62,18.0,4.68,7.0,4.65,4.59,3.0,0.2104,-0.4097,0.025,-0.7263,0.2873,-0.0322,2026-08-24,709.625,709.65,702.83,706.38,552704.0,706.932044
2026-08-24T20:35:06.234,2,4,QQQ260828P00704000,QQQ,2026-08-28,put,704.0,5.05,35.0,5.11,3.0,5.08,4.93,1.0,0.2104,-0.435,0.0253,-0.734,0.291,-0.0342,2026-08-24,709.625,709.65,702.83,706.38,552704.0,706.932044
2026-08-24T20:35:06.234,2,4,QQQ260828P00705000,QQQ,2026-08-28,put,705.0,5.4,3.0,5.43,11.0,5.415,5.31,2.0,0.2063,-0.4598,0.026,-0.7234,0.2934,-0.0362,2026-08-24,709.625,709.65,702.83,706.38,552704.0,706.932044
2026-08-24T20:35:06.234,2,4,QQQ260828P00706000,QQQ,2026-08-28,put,706.0,5.74,12.0,5.87,11.0,5.805,5.75,4.0,0.2032,-0.4859,0.0265,-0.7135,0.2947,-0.0382,2026-08-24,709.625,709.65,702.83,706.38,552704.0,706.932044
2026-08-24T20:35:06.234,2,4,QQQ260828P00707000,QQQ,2026-08-28,put,707.0,6.16,6.0,6.29,17.0,6.225,6.25,1.0,0.2002,-0.5127,0.0269,-0.7007,0.2947,-0.0404,2026-08-24,709.625,709.65,702.83,706.38,552704.0,706.932044
2026-08-24T20:35:06.234,2,4,QQQ260828P00708000,QQQ,2026-08-28,put,708.0,6.9,11.0,6.98,36.0,6.94,6.65,1.0,0.2064,-0.5381,0.026,-0.7185,0.2935,-0.0424,2026-08-24,709.625,709.65,702.83,706.38,552704.0,706.932044
2026-08-24T20:35:06.234,2,4,QQQ260828P00709000,QQQ,2026-08-28,put,709.0,7.17,2.0,7.34,15.0,7.255,7.17,1.0,0.198,-0.567,0.0269,-0.6786,0.2907,-0.0447,2026-08-24,709.625,709.65,702.83,706.38,552704.0,706.932044
2026-08-24T20:35:06.234,2,4,QQQ260828P00710000,QQQ,2026-08-28,put,710.0,7.72,19.0,7.73,22.0,7.725,7.65,1.0,0.1938,-0.5957,0.027,-0.651,0.2864,-0.0469,2026-08-24,709.625,709.65,702.83,706.38,552704.0,706.932044
2026-08-24T20:35:06.234,2,4,QQQ260828P00711000,QQQ,2026-08-28,put,711.0,8.22,2.0,8.4,12.0,8.31,8.38,1.0,0.1927,-0.6231,0.0267,-0.6314,0.2807,-0.0491,2026-08-24,709.625,709.65,702.83,706.38,552704.0,706.932044
2026-08-24T20:35:06.234,2,4,QQQ260828P00712000,QQQ,2026-08-28,put,712.0,8.83,4.0,8.96,2.0,8.895,8.86,1.0,0.1906,-0.6509,0.0263,-0.6047,0.2735,-0.0513,2026-08-24,709.625,709.65,702.83,706.38,552704.0,706.932044
2026-08-24T20:35:06.234,2,4,QQQ260828P00712500,QQQ,2026-08-28,put,712.5,9.24,10.0,9.42,10.0,9.33,9.0,2.0,0.1944,-0.6607,0.0255,-0.61,0.2706,-0.0521,2026-08-24,709.625,709.65,702.83,706.38,552704.0,706.932044
2026-08-24T20:35:06.234,2,4,QQQ260828P00713000,QQQ,2026-08-28,put,713.0,9.67,7.0,9.78,2.0,9.725,9.34,4.0,0.1966,-0.6713,0.0249,-0.6082,0.2673,-0.053,2026-08-24,709.625,709.65,702.83,706.38,552704.0,706.932044
2026-08-24T20:35:06.234,2,4,QQQ260828P00714000,QQQ,2026-08-28,put,714.0,10.32,30.0,10.52,2.0,10.42,10.07,1.0,0.1967,-0.6954,0.0241,-0.5861,0.2588,-0.055,2026-08-24,709.625,709.65,702.83,706.38,552704.0,706.932044
2026-08-24T20:35:06.234,2,4,QQQ260828P00715000,QQQ,2026-08-28,put,715.0,10.63,47.0,11.18,56.0,10.905000000000001,10.51,1.0,0.1875,-0.7287,0.0239,-0.5215,0.245,-0.0576,2026-08-24,709.625,709.65,702.83,706.38,552704.0,706.932044
2026-08-24T20:35:06.234,2,4,QQQ260828P00716000,QQQ,2026-08-28,put,716.0,11.66,30.0,11.73,30.0,11.695,11.48,5.0,0.1893,-0.7496,0.0227,-0.5023,0.2351,-0.0593,2026-08-24,709.625,709.65,702.83,706.38,552704.0,706.932044
2026-08-24T20:35:06.234,2,4,QQQ260828P00717000,QQQ,2026-08-28,put,717.0,12.0,13.0,12.61,24.0,12.305,12.2,1.0,0.1823,-0.7803,0.022,-0.4419,0.2187,-0.0617,2026-08-24,709.625,709.65,702.83,706.38,552704.0,706.932044
2026-08-24T20:35:06.234,2,4,QQQ260828P00717500,QQQ,2026-08-28,put,717.5,12.55,21.0,13.03,23.0,12.79,12.64,4.0,0.1864,-0.7855,0.0212,-0.4458,0.2157,-0.0622,2026-08-24,709.625,709.65,702.83,706.38,552704.0,706.932044
2026-08-24T20:35:06.234,2,4,QQQ260828P00718000,QQQ,2026-08-28,put,718.0,13.04,20.0,13.38,16.0,13.21,12.9,5.0,0.1875,-0.7945,0.0205,-0.4355,0.2103,-0.0629,2026-08-24,709.625,709.65,702.83,706.38,552704.0,706.932044
2026-08-24T20:35:06.234,2,4,QQQ260828P00719000,QQQ,2026-08-28,put,719.0,13.65,11.0,13.98,1.0,13.815000000000001,13.42,1.0,0.1769,-0.8283,0.0195,-0.3564,0.1882,-0.0656,2026-08-24,709.625,709.65,702.83,706.38,552704.0,706.932044
2026-08-24T20:35:06.234,2,4,QQQ260828P00720000,QQQ,2026-08-28,put,720.0,14.6,75.0,14.72,72.0,14.66,14.38,1.0,0.1771,-0.8465,0.0181,-0.3262,0.175,-0.0671,2026-08-24,709.625,709.65,702.83,706.38,552704.0,706.932044
2026-08-24T20:35:06.234,2,4,QQQ260828P00721000,QQQ,2026-08-28,put,721.0,15.58,16.0,16.059,16.0,15.819500000000001,15.2,1.0,0.1947,-0.8403,0.0169,-0.3762,0.1797,-0.0668,2026-08-24,709.625,709.65,702.83,706.38,552704.0,706.932044
2026-08-24T20:35:06.234,2,4,QQQ260828P00722000,QQQ,2026-08-28,put,722.0,16.1,1.0,16.52,1.0,16.310000000000002,16.079,1.0,0.1713,-0.8871,0.0151,-0.2389,0.1416,-0.0704,2026-08-24,709.625,709.65,702.83,706.38,552704.0,706.932044
2026-08-24T20:35:06.234,2,4,QQQ260828P00722500,QQQ,2026-08-28,put,722.5,16.94,3.0,17.41,2.0,17.175,15.25,2.0,0.199,-0.8584,0.0152,-0.35,0.1658,-0.0683,2026-08-24,709.625,709.65,702.83,706.38,552704.0,706.932044
2026-08-24T20:35:06.234,2,4,QQQ260828P00723000,QQQ,2026-08-28,put,723.0,17.23,3.0,17.5,4.0,17.365000000000002,17.07,5.0,0.1829,-0.886,0.0143,-0.2618,0.1426,-0.0705,2026-08-24,709.625,709.65,702.83,706.38,552704.0,706.932044
2026-08-24T20:35:06.234,2,4,QQQ260828P00724000,QQQ,2026-08-28,put,724.0,17.61,1.0,18.66,1.0,18.134999999999998,18.05,5.0,0.1728,-0.912,0.0125,-0.1886,0.118,-0.0726,2026-08-24,709.625,709.65,702.83,706.38,552704.0,706.932044
2026-08-24T20:35:06.234,2,4,QQQ260828P00725000,QQQ,2026-08-28,put,725.0,18.9,3.0,19.24,3.0,19.07,18.92,1.0,0.1742,-0.9219,0.0113,-0.1678,0.1079,-0.0734,2026-08-24,709.625,709.65,702.83,706.38,552704.0,706.932044
2026-08-24T20:35:06.234,2,4,QQQ260828P00726000,QQQ,2026-08-28,put,726.0,19.75,10.0,19.94,1.0,19.845,19.74,2.0,0.156,-0.9525,0.0086,-0.0734,0.0732,-0.0759,2026-08-24,709.625,709.65,702.83,706.38,552704.0,706.932044
2026-08-24T20:35:06.234,2,4,QQQ260828P00727000,QQQ,2026-08-28,put,727.0,20.47,12.0,21.1,12.0,20.785,21.16,1.0,0.1532,-0.963,0.0071,-0.0442,0.0597,-0.0768,2026-08-24,709.625,709.65,702.83,706.38,552704.0,706.932044
2026-08-24T20:35:06.234,2,4,QQQ260828P00727500,QQQ,2026-08-28,put,727.5,20.7,12.0,21.45,12.0,21.075,20.41,5.0,,,,,,,2026-08-24,709.625,709.65,702.83,706.38,552704.0,706.932044
2026-08-24T20:35:06.234,2,4,QQQ260828P00728000,QQQ,2026-08-28,put,728.0,21.67,12.0,21.96,12.0,21.815,21.81,1.0,0.1641,-0.9597,0.0072,-0.0615,0.0641,-0.0767,2026-08-24,709.625,709.65,702.83,706.38,552704.0,706.932044
2026-08-24T20:35:06.234,2,4,QQQ260828P00729000,QQQ,2026-08-28,put,729.0,22.91,3.0,23.08,5.0,22.994999999999997,22.57,5.0,0.1938,-0.9387,0.0085,-0.1484,0.0896,-0.0752,2026-08-24,709.625,709.65,702.83,706.38,552704.0,706.932044
2026-08-24T20:35:06.234,2,4,QQQ260828P00730000,QQQ,2026-08-28,put,730.0,23.18,8.0,23.81,8.0,23.494999999999997,23.55,18.0,,,,,,,2026-08-24,709.625,709.65,702.83,706.38,552704.0,706.932044
2026-08-24T20:35:06.234,2,4,QQQ260828P00731000,QQQ,2026-08-28,put,731.0,24.93,3.0,25.25,1.0,25.09,24.39,1.0,0.2174,-0.9325,0.0081,-0.1939,0.0965,-0.0749,2026-08-24,709.625,709.65,702.83,706.38,552704.0,706.932044
2026-08-24T20:35:06.234,2,4,QQQ260828P00732000,QQQ,2026-08-28,put,732.0,25.17,3.0,26.5,1.0,25.835,24.8,8.0,0.1916,-0.9614,0.0059,-0.0777,0.0619,-0.0772,2026-08-24,709.625,709.65,702.83,706.38,552704.0,706.932044
2026-08-24T20:35:06.234,2,4,QQQ260828P00732500,QQQ,2026-08-28,put,732.5,25.7,2.0,26.84,2.0,26.27,24.42,1.0,0.1829,-0.9705,0.005,-0.0422,0.0496,-0.078,2026-08-24,709.625,709.65,702.83,706.38,552704.0,706.932044
2026-08-24T20:35:06.234,2,4,QQQ260828P00733000,QQQ,2026-08-28,put,733.0,26.42,1.0,27.44,1.0,26.93,26.1,6.0,0.2117,-0.9514,0.0064,-0.1271,0.0745,-0.0766,2026-08-24,709.625,709.65,702.83,706.38,552704.0,706.932044
2026-08-24T20:35:06.234,2,4,QQQ260828P00734000,QQQ,2026-08-28,put,734.0,27.66,3.0,28.28,1.0,27.97,28.4,1.0,0.2232,-0.9485,0.0064,-0.148,0.0781,-0.0765,2026-08-24,709.625,709.65,702.83,706.38,552704.0,706.932044
2026-08-24T20:35:06.234,2,4,QQQ260828P00735000,QQQ,2026-08-28,put,735.0,28.26,1.0,29.08,1.0,28.67,27.58,1.0,0.1688,-0.9874,0.0026,0.0219,0.024,-0.0795,2026-08-24,709.625,709.65,702.83,706.38,552704.0,706.932044
2026-08-24T20:35:06.234,2,4,QQQ260828P00736000,QQQ,2026-08-28,put,736.0,29.11,3.0,29.8,1.0,29.455,25.81,1.0,,,,,,,2026-08-24,709.625,709.65,702.83,706.38,552704.0,706.932044
2026-08-24T20:35:06.234,2,4,QQQ260828P00737000,QQQ,2026-08-28,put,737.0,30.85,1.0,31.12,1.0,30.985,28.47,1.0,0.244,-0.9504,0.0057,-0.1609,0.0758,-0.0769,2026-08-24,709.625,709.65,702.83,706.38,552704.0,706.932044
2026-08-24T20:35:06.234,2,4,QQQ260828P00737500,QQQ,2026-08-28,put,737.5,30.77,3.0,31.63,1.0,31.2,21.16,1.0,0.1928,-0.9833,0.0029,-0.0016,0.0308,-0.0795,2026-08-24,709.625,709.65,702.83,706.38,552704.0,706.932044
2026-08-24T20:35:06.234,2,4,QQQ260828P00738000,QQQ,2026-08-28,put,738.0,31.51,1.0,32.1,1.0,31.805,34.32,1.0,0.2215,-0.9698,0.0042,-0.0685,0.0506,-0.0785,2026-08-24,709.625,709.65,702.83,706.38,552704.0,706.932044
2026-08-24T20:35:06.234,2,4,QQQ260828P00739000,QQQ,2026-08-28,put,739.0,31.95,2.0,32.57,2.0,32.26,35.41,1.0,,,,,,,2026-08-24,709.625,709.65,702.83,706.38,552704.0,706.932044
2026-08-24T20:35:06.234,2,4,QQQ260828P00740000,QQQ,2026-08-28,put,740.0,34.13,3.0,34.68,1.0,34.405,34.23,1.0,0.3093,-0.9222,0.0064,-0.3471,0.1075,-0.0751,2026-08-24,709.625,709.65,702.83,706.38,552704.0,706.932044
2026-08-24T20:35:06.234,2,4,QQQ260828P00741000,QQQ,2026-08-28,put,741.0,34.68,3.0,35.43,1.0,35.055,22.95,4.0,0.2782,-0.9483,0.0051,-0.2016,0.0783,-0.0772,2026-08-24,709.625,709.65,702.83,706.38,552704.0,706.932044
2026-08-24T20:35:06.234,2,4,QQQ260828P00742000,QQQ,2026-08-28,put,742.0,35.19,1.0,35.79,1.0,35.489999999999995,32.43,2.0,,,,,,,2026-08-24,709.625,709.65,702.83,706.38,552704.0,706.932044
2026-08-24T20:35:06.234,2,4,QQQ260828P00742500,QQQ,2026-08-28,put,742.5,35.55,2.0,36.44,2.0,35.995,31.91,1.0,,,,,,,2026-08-24,709.625,709.65,702.83,706.38,552704.0,706.932044
2026-08-24T20:35:06.234,2,4,QQQ260828P00743000,QQQ,2026-08-28,put,743.0,36.66,2.0,37.36,2.0,37.01,33.42,1.0,0.2846,-0.9537,0.0046,-0.1838,0.0717,-0.0779,2026-08-24,709.625,709.65,702.83,706.38,552704.0,706.932044
2026-08-24T20:35:06.234,2,4,QQQ260828P00744000,QQQ,2026-08-28,put,744.0,37.79,2.0,38.74,2.0,38.265,27.41,1.0,0.3219,-0.9361,0.0053,-0.302,0.0924,-0.0766,2026-08-24,709.625,709.65,702.83,706.38,552704.0,706.932044
2026-08-24T20:35:06.234,2,4,QQQ260828P00745000,QQQ,2026-08-28,put,745.0,38.84,1.0,39.4,1.0,39.120000000000005,39.1,3.0,0.3115,-0.947,0.0047,-0.2399,0.0798,-0.0776,2026-08-24,709.625,709.65,702.83,706.38,552704.0,706.932044
2026-08-24T20:35:06.234,2,4,QQQ260828P00746000,QQQ,2026-08-28,put,746.0,39.61,2.0,40.42,2.0,40.015,37.64,1.0,0.3035,-0.9556,0.0042,-0.1913,0.0693,-0.0783,2026-08-24,709.625,709.65,702.83,706.38,552704.0,706.932044
2026-08-24T20:35:06.234,2,4,QQQ260828P00747000,QQQ,2026-08-28,put,747.0,40.52,2.0,41.76,2.0,41.14,30.26,1.0,0.3265,-0.9473,0.0045,-0.2533,0.0795,-0.0778,2026-08-24,709.625,709.65,702.83,706.38,552704.0,706.932044
2026-08-24T20:35:06.234,2,4,QQQ260828P00748000,QQQ,2026-08-28,put,748.0,41.22,2.0,41.58,2.0,41.4,31.42,1.0,,,,,,,2026-08-24,709.625,709.65,702.83,706.38,552704.0,706.932044
2026-08-24T20:35:06.234,2,4,QQQ260828P00749000,QQQ,2026-08-28,put,749.0,41.66,2.0,42.46,2.0,42.06,32.64,1.0,,,,,,,2026-08-24,709.625,709.65,702.83,706.38,552704.0,706.932044
2026-08-24T20:35:06.234,2,4,QQQ260828P00750000,QQQ,2026-08-28,put,750.0,42.6,1.0,43.66,2.0,43.129999999999995,41.32,1.0,,,,,,,2026-08-24,709.625,709.65,702.83,706.38,552704.0,706.932044
2026-08-24T20:35:06.234,2,4,QQQ260828P00751000,QQQ,2026-08-28,put,751.0,43.87,2.0,45.43,2.0,44.65,34.32,1.0,0.2375,-0.9929,0.0011,0.0312,0.0146,-0.0817,2026-08-24,709.625,709.65,702.83,706.38,552704.0,706.932044
2026-08-24T20:35:06.234,2,4,QQQ260828P00752000,QQQ,2026-08-28,put,752.0,44.93,1.0,46.94,1.0,45.935,40.02,3.0,0.3261,-0.9654,0.0032,-0.158,0.0566,-0.0797,2026-08-24,709.625,709.65,702.83,706.38,552704.0,706.932044
2026-08-24T20:35:06.234,2,4,QQQ260828P00753000,QQQ,2026-08-28,put,753.0,45.87,2.0,47.85,2.0,46.86,,,0.3174,-0.9718,0.0028,-0.1163,0.0478,-0.0803,2026-08-24,709.625,709.65,702.83,706.38,552704.0,706.932044
2026-08-24T20:35:06.234,2,4,QQQ260828P00754000,QQQ,2026-08-28,put,754.0,47.32,2.0,49.0,2.0,48.16,35.18,1.0,0.3721,-0.9511,0.0037,-0.2762,0.0749,-0.0789,2026-08-24,709.625,709.65,702.83,706.38,552704.0,706.932044
2026-08-24T20:35:06.234,2,4,QQQ260828P00755000,QQQ,2026-08-28,put,755.0,48.05,2.0,49.17,2.0,48.61,48.1,1.0,0.195,-0.9994,0.0001,0.0718,0.0015,-0.0827,2026-08-24,709.625,709.65,702.83,706.38,552704.0,706.932044
2026-08-24T20:35:06.234,2,4,QQQ260828P00756000,QQQ,2026-08-28,put,756.0,50.13,2.0,50.63,2.0,50.38,52.03,8.0,0.4114,-0.94,0.0039,-0.3812,0.088,-0.0783,2026-08-24,709.625,709.65,702.83,706.38,552704.0,706.932044
2026-08-24T20:35:06.234,2,4,QQQ260828P00757000,QQQ,2026-08-28,put,757.0,50.03,2.0,50.3,2.0,50.165,67.57,4.0,,,,,,,2026-08-24,709.625,709.65,702.83,706.38,552704.0,706.932044
2026-08-24T20:35:06.234,2,4,QQQ260828P00758000,QQQ,2026-08-28,put,758.0,52.14,2.0,52.84,2.0,52.49,,,0.4362,-0.936,0.0039,-0.4337,0.0926,-0.0782,2026-08-24,709.625,709.65,702.83,706.38,552704.0,706.932044
2026-08-24T20:35:06.234,2,4,QQQ260828P00759000,QQQ,2026-08-28,put,759.0,52.23,2.0,52.93,2.0,52.58,,,,,,,,,2026-08-24,709.625,709.65,702.83,706.38,552704.0,706.932044
2026-08-24T20:35:06.234,2,4,QQQ260828P00760000,QQQ,2026-08-28,put,760.0,53.75,1.0,54.15,1.0,53.95,53.0,8.0,0.3742,-0.9677,0.0026,-0.176,0.0534,-0.0808,2026-08-24,709.625,709.65,702.83,706.38,552704.0,706.932044
2026-08-24T20:35:06.234,2,4,QQQ260828P00765000,QQQ,2026-08-28,put,765.0,58.68,1.0,59.97,1.0,59.325,43.95,1.0,0.4601,-0.9486,0.0031,-0.3755,0.078,-0.0799,2026-08-24,709.625,709.65,702.83,706.38,552704.0,706.932044
2026-08-24T20:35:06.234,2,4,QQQ260828P00770000,QQQ,2026-08-28,put,770.0,64.31,2.0,65.01,2.0,64.66,65.16,2.0,0.5301,-0.9365,0.0032,-0.5369,0.092,-0.0796,2026-08-24,709.625,709.65,702.83,706.38,552704.0,706.932044
2026-08-24T20:35:06.234,2,4,QQQ260828P00775000,QQQ,2026-08-28,put,775.0,67.54,2.0,68.75,2.0,68.14500000000001,103.21,1.0,,,,,,,2026-08-24,709.625,709.65,702.83,706.38,552704.0,706.932044
2026-08-24T20:35:06.234,2,4,QQQ260828P00780000,QQQ,2026-08-28,put,780.0,72.05,2.0,74.03,2.0,73.03999999999999,72.91,3.0,,,,,,,2026-08-24,709.625,709.65,702.83,706.38,552704.0,706.932044
2026-08-24T20:35:06.234,2,4,QQQ260828P00785000,QQQ,2026-08-28,put,785.0,77.18,2.0,77.65,2.0,77.415,77.93,3.0,,,,,,,2026-08-24,709.625,709.65,702.83,706.38,552704.0,706.932044
2026-08-24T20:35:06.234,2,4,QQQ260828P00790000,QQQ,2026-08-28,put,790.0,82.75,2.0,85.06,2.0,83.905,66.41,1.0,0.5237,-0.978,0.0014,-0.1768,0.0388,-0.0849,2026-08-24,709.625,709.65,702.83,706.38,552704.0,706.932044
2026-08-24T20:35:06.234,2,4,QQQ260828P00795000,QQQ,2026-08-28,put,795.0,89.49,2.0,90.69,2.0,90.09,,,0.7292,-0.9345,0.0024,-0.7841,0.0943,-0.0822,2026-08-24,709.625,709.65,702.83,706.38,552704.0,706.932044
2026-08-24T20:35:06.234,2,4,QQQ260828P00800000,QQQ,2026-08-28,put,800.0,92.07,2.0,94.46,2.0,93.26499999999999,92.31,1.0,,,,,,,2026-08-24,709.625,709.65,702.83,706.38,552704.0,706.932044
2026-08-24T20:35:06.234,2,4,QQQ260828P00805000,QQQ,2026-08-28,put,805.0,97.51,1.0,99.59,2.0,98.55000000000001,98.48,10.0,,,,,,,2026-08-24,709.625,709.65,702.83,706.38,552704.0,706.932044
2026-08-24T20:35:06.234,2,4,QQQ260828P00810000,QQQ,2026-08-28,put,810.0,101.89,1.0,103.03,1.0,102.46000000000001,120.0,10.0,,,,,,,2026-08-24,709.625,709.65,702.83,706.38,552704.0,706.932044
2026-08-24T20:35:06.234,2,4,QQQ260828P00815000,QQQ,2026-08-28,put,815.0,107.7,2.0,110.23,2.0,108.965,91.87,1.0,0.6636,-0.9785,0.001,-0.2352,0.038,-0.0877,2026-08-24,709.625,709.65,702.83,706.38,552704.0,706.932044
2026-08-24T20:35:06.234,2,4,QQQ260828P00820000,QQQ,2026-08-28,put,820.0,113.45,2.0,114.15,2.0,113.80000000000001,,,0.6351,-0.9865,0.0007,-0.1225,0.0256,-0.0888,2026-08-24,709.625,709.65,702.83,706.38,552704.0,706.932044
2026-08-24T20:35:06.234,2,4,QQQ260828P00825000,QQQ,2026-08-28,put,825.0,117.12,2.0,120.35,2.0,118.735,105.38,1.0,0.629,-0.99,0.0006,-0.0737,0.0198,-0.0896,2026-08-24,709.625,709.65,702.83,706.38,552704.0,706.932044
2026-08-24T20:35:06.234,2,4,QQQ260828P00830000,QQQ,2026-08-28,put,830.0,123.92,2.0,125.22,2.0,124.57,,,0.8581,-0.96,0.0014,-0.6032,0.0637,-0.0879,2026-08-24,709.625,709.65,702.83,706.38,552704.0,706.932044
2026-08-24T20:35:06.234,2,4,QQQ260828P00835000,QQQ,2026-08-28,put,835.0,128.65,2.0,129.35,2.0,129.0,,,0.769,-0.9792,0.0009,-0.2732,0.037,-0.0899,2026-08-24,709.625,709.65,702.83,706.38,552704.0,706.932044
2026-08-24T20:35:06.234,2,4,QQQ260828P00840000,QQQ,2026-08-28,put,840.0,134.1,1.0,134.81,1.0,134.45499999999998,,,0.8903,-0.965,0.0012,-0.5535,0.0571,-0.0894,2026-08-24,709.625,709.65,702.83,706.38,552704.0,706.932044
2026-08-24T20:35:06.234,2,4,QQQ260828P00845000,QQQ,2026-08-28,put,845.0,139.47,2.0,140.17,2.0,139.82,,,,,,,,,2026-08-24,709.625,709.65,702.83,706.38,552704.0,706.932044
2026-08-24T20:35:06.234,2,4,QQQ260828P00850000,QQQ,2026-08-28,put,850.0,141.32,1.0,142.91,2.0,142.115,,,,,,,,,2026-08-24,709.625,709.65,702.83,706.38,552704.0,706.932044
2026-08-24T20:35:06.234,2,4,QQQ260828P00860000,QQQ,2026-08-28,put,860.0,153.21,2.0,153.89,2.0,153.55,,,,,,,,,2026-08-24,709.625,709.65,702.83,706.38,552704.0,706.932044
2026-08-24T20:35:06.234,2,4,QQQ260828P00870000,QQQ,2026-08-28,put,870.0,164.05,1.0,164.76,2.0,164.405,,,,,,,,,2026-08-24,709.625,709.65,702.83,706.38,552704.0,706.932044
2026-08-24T20:35:06.234,2,4,QQQ260828P00880000,QQQ,2026-08-28,put,880.0,170.71,2.0,172.93,2.0,171.82,,,,,,,,,2026-08-24,709.625,709.65,702.83,706.38,552704.0,706.932044
2026-08-24T20:35:06.234,2,4,QQQ260828P00885000,QQQ,2026-08-28,put,885.0,177.98,2.0,178.67,2.0,178.325,,,,,,,,,2026-08-24,709.625,709.65,702.83,706.38,552704.0,706.932044
2026-08-24T20:35:06.234,2,4,QQQ260828P00890000,QQQ,2026-08-28,put,890.0,180.2,2.0,182.53,2.0,181.365,,,,,,,,,2026-08-24,709.625,709.65,702.83,706.38,552704.0,706.932044
2026-08-24T20:35:06.234,2,4,QQQ260828P00895000,QQQ,2026-08-28,put,895.0,184.85,2.0,185.36,2.0,185.10500000000002,,,,,,,,,2026-08-24,709.625,709.65,702.83,706.38,552704.0,706.932044
2026-08-24T20:35:06.234,2,4,QQQ260828P00900000,QQQ,2026-08-28,put,900.0,195.13,1.0,196.51,2.0,195.82,,,,,,,,,2026-08-24,709.625,709.65,702.83,706.38,552704.0,706.932044
2026-08-24T20:35:06.234,2,4,QQQ260828P00905000,QQQ,2026-08-28,put,905.0,200.58,2.0,201.28,2.0,200.93,,,,,,,,,2026-08-24,709.625,709.65,702.83,706.38,552704.0,706.932044
2026-08-24T20:35:06.234,2,4,QQQ260828P00910000,QQQ,2026-08-28,put,910.0,204.61,1.0,205.29,2.0,204.95,,,,,,,,,2026-08-24,709.625,709.65,702.83,706.38,552704.0,706.932044
2026-08-24T20:35:06.234,2,4,QQQ260828P00915000,QQQ,2026-08-28,put,915.0,205.1,2.0,206.85,2.0,205.975,,,,,,,,,2026-08-24,709.625,709.65,702.83,706.38,552704.0,706.932044
2026-08-24T20:35:06.234,2,4,QQQ260828P00920000,QQQ,2026-08-28,put,920.0,210.69,2.0,217.89,2.0,214.29,,,,,,,,,2026-08-24,709.625,709.65,702.83,706.38,552704.0,706.932044
2026-08-24T20:35:06.234,2,4,QQQ260828P00925000,QQQ,2026-08-28,put,925.0,220.07,2.0,221.57,2.0,220.82,,,,,,,,,2026-08-24,709.625,709.65,702.83,706.38,552704.0,706.932044
2026-08-24T20:35:06.234,2,4,QQQ260828P00930000,QQQ,2026-08-28,put,930.0,226.74,2.0,227.44,2.0,227.09,,,,,,,,,2026-08-24,709.625,709.65,702.83,706.38,552704.0,706.932044
2026-08-24T20:35:06.234,2,4,QQQ260828P00935000,QQQ,2026-08-28,put,935.0,231.59,2.0,232.29,2.0,231.94,,,,,,,,,2026-08-24,709.625,709.65,702.83,706.38,552704.0,706.932044
2026-08-24T20:35:06.234,2,4,QQQ260828P00940000,QQQ,2026-08-28,put,940.0,232.91,2.0,233.61,2.0,233.26,,,,,,,,,2026-08-24,709.625,709.65,702.83,706.38,552704.0,706.932044
2026-08-24T20:35:06.234,2,4,QQQ260828P00945000,QQQ,2026-08-28,put,945.0,239.83,2.0,241.31,2.0,240.57,,,,,,,,,2026-08-24,709.625,709.65,702.83,706.38,552704.0,706.932044
2026-08-24T20:35:06.234,2,4,QQQ260828P00950000,QQQ,2026-08-28,put,950.0,245.57,1.0,246.25,2.0,245.91,,,,,,,,,2026-08-24,709.625,709.65,702.83,706.38,552704.0,706.932044
2026-08-24T20:35:06.234,7,7,QQQ260831C00490000,QQQ,2026-08-31,call,490.0,212.78,1.0,215.13,1.0,213.95499999999998,,,,,,,,,2026-08-24,709.625,709.65,702.83,706.38,552704.0,706.932044
2026-08-24T20:35:06.234,7,7,QQQ260831C00495000,QQQ,2026-08-31,call,495.0,214.04,2.0,215.39,1.0,214.71499999999997,,,,,,,,,2026-08-24,709.625,709.65,702.83,706.38,552704.0,706.932044
2026-08-24T20:35:06.234,7,7,QQQ260831C00500000,QQQ,2026-08-31,call,500.0,206.69,2.0,207.97,2.0,207.32999999999998,233.45,1.0,,,,,,,2026-08-24,709.625,709.65,702.83,706.38,552704.0,706.932044
2026-08-24T20:35:06.234,7,7,QQQ260831C00505000,QQQ,2026-08-31,call,505.0,200.15,2.0,201.02,2.0,200.585,214.55,1.0,,,,,,,2026-08-24,709.625,709.65,702.83,706.38,552704.0,706.932044
2026-08-24T20:35:06.234,7,7,QQQ260831C00510000,QQQ,2026-08-31,call,510.0,196.23,2.0,199.81,2.0,198.01999999999998,212.8,1.0,,,,,,,2026-08-24,709.625,709.65,702.83,706.38,552704.0,706.932044
2026-08-24T20:35:06.234,7,7,QQQ260831C00515000,QQQ,2026-08-31,call,515.0,193.52,2.0,195.95,2.0,194.735,166.0,1.0,,,,,,,2026-08-24,709.625,709.65,702.83,706.38,552704.0,706.932044
2026-08-24T20:35:06.234,7,7,QQQ260831C00520000,QQQ,2026-08-31,call,520.0,184.32,1.0,188.36,1.0,186.34,171.04,3.0,,,,,,,2026-08-24,709.625,709.65,702.83,706.38,552704.0,706.932044
2026-08-24T20:35:06.234,7,7,QQQ260831C00525000,QQQ,2026-08-31,call,525.0,178.5,1.0,182.32,1.0,180.41,194.58,1.0,,,,,,,2026-08-24,709.625,709.65,702.83,706.38,552704.0,706.932044
2026-08-24T20:35:06.234,7,7,QQQ260831C00530000,QQQ,2026-08-31,call,530.0,173.7,1.0,178.78,1.0,176.24,179.22,1.0,,,,,,,2026-08-24,709.625,709.65,702.83,706.38,552704.0,706.932044
2026-08-24T20:35:06.234,7,7,QQQ260831C00535000,QQQ,2026-08-31,call,535.0,173.02,2.0,174.37,1.0,173.695,175.24,25.0,,,,,,,2026-08-24,709.625,709.65,702.83,706.38,552704.0,706.932044
2026-08-24T20:35:06.234,7,7,QQQ260831C00540000,QQQ,2026-08-31,call,540.0,162.69,1.0,164.55,1.0,163.62,,,,,,,,,2026-08-24,709.625,709.65,702.83,706.38,552704.0,706.932044
2026-08-24T20:35:06.234,7,7,QQQ260831C00545000,QQQ,2026-08-31,call,545.0,159.25,2.0,160.6,1.0,159.925,195.32,1.0,,,,,,,2026-08-24,709.625,709.65,702.83,706.38,552704.0,706.932044
2026-08-24T20:35:06.234,7,7,QQQ260831C00550000,QQQ,2026-08-31,call,550.0,158.15,2.0,159.43,2.0,158.79000000000002,171.14,6.0,,,,,,,2026-08-24,709.625,709.65,702.83,706.38,552704.0,706.932044
2026-08-24T20:35:06.234,7,7,QQQ260831C00555000,QQQ,2026-08-31,call,555.0,151.95,2.0,155.15,2.0,153.55,171.16,1.0,,,,,,,2026-08-24,709.625,709.65,702.83,706.38,552704.0,706.932044
2026-08-24T20:35:06.234,7,7,QQQ260831C00560000,QQQ,2026-08-31,call,560.0,148.26,1.0,149.83,1.0,149.04500000000002,158.09,1.0,1.0931,0.9465,0.001,-0.8832,0.1065,0.0996,2026-08-24,709.625,709.65,702.83,706.38,552704.0,706.932044
2026-08-24T20:35:06.234,7,7,QQQ260831C00565000,QQQ,2026-08-31,call,565.0,142.84,2.0,142.99,2.0,142.91500000000002,159.4,1.0,0.9391,0.9628,0.0009,-0.5861,0.0794,0.103,2026-08-24,709.625,709.65,702.83,706.38,552704.0,706.932044
2026-08-24T20:35:06.234,7,7,QQQ260831C00570000,QQQ,2026-08-31,call,570.0,137.19,2.0,138.59,2.0,137.89,115.74,2.0,0.9048,0.9622,0.0009,-0.574,0.0804,0.1039,2026-08-24,709.625,709.65,702.83,706.38,552704.0,706.932044
2026-08-24T20:35:06.234,7,7,QQQ260831C00575000,QQQ,2026-08-31,call,575.0,131.07,2.0,132.35,2.0,131.70999999999998,136.73,3.0,0.6504,0.9902,0.0004,-0.176,0.0257,0.1088,2026-08-24,709.625,709.65,702.83,706.38,552704.0,706.932044
2026-08-24T20:35:06.234,7,7,QQQ260831C00580000,QQQ,2026-08-31,call,580.0,125.1,1.0,128.71,1.0,126.905,129.56,1.0,0.6839,0.9835,0.0006,-0.2533,0.0402,0.1088,2026-08-24,709.625,709.65,702.83,706.38,552704.0,706.932044
2026-08-24T20:35:06.234,7,7,QQQ260831C00585000,QQQ,2026-08-31,call,585.0,119.17,2.0,124.7,1.0,121.935,127.02,1.0,0.6644,0.9821,0.0007,-0.262,0.0432,0.1096,2026-08-24,709.625,709.65,702.83,706.38,552704.0,706.932044
2026-08-24T20:35:06.234,7,7,QQQ260831C00590000,QQQ,2026-08-31,call,590.0,114.92,1.0,115.19,2.0,115.055,114.92,1.0,,,,,,,2026-08-24,709.625,709.65,702.83,706.38,552704.0,706.932044
2026-08-24T20:35:06.234,7,7,QQQ260831C00595000,QQQ,2026-08-31,call,595.0,109.68,1.0,112.41,2.0,111.045,136.4,1.0,,,,,,,2026-08-24,709.625,709.65,702.83,706.38,552704.0,706.932044
2026-08-24T20:35:06.234,7,7,QQQ260831C00600000,QQQ,2026-08-31,call,600.0,108.24,2.0,109.41,2.0,108.82499999999999,107.75,1.0,0.8071,0.9356,0.0016,-0.7648,0.1231,0.1058,2026-08-24,709.625,709.65,702.83,706.38,552704.0,706.932044
2026-08-24T20:35:06.234,7,7,QQQ260831C00605000,QQQ,2026-08-31,call,605.0,102.18,1.0,102.52,1.0,102.35,130.1,1.0,0.6272,0.9664,0.0012,-0.3853,0.0731,0.1112,2026-08-24,709.625,709.65,702.83,706.38,552704.0,706.932044
2026-08-24T20:35:06.234,7,7,QQQ260831C00610000,QQQ,2026-08-31,call,610.0,95.76,1.0,96.58,1.0,96.17,123.55,5.0,,,,,,,2026-08-24,709.625,709.65,702.83,706.38,552704.0,706.932044
2026-08-24T20:35:06.234,7,7,QQQ260831C00615000,QQQ,2026-08-31,call,615.0,89.72,2.0,91.38,1.0,90.55,91.48,1.0,,,,,,,2026-08-24,709.625,709.65,702.83,706.38,552704.0,706.932044
2026-08-24T20:35:06.234,7,7,QQQ260831C00620000,QQQ,2026-08-31,call,620.0,85.93,2.0,88.5,2.0,87.215,93.4,1.0,0.5252,0.9667,0.0014,-0.3319,0.0726,0.1142,2026-08-24,709.625,709.65,702.83,706.38,552704.0,706.932044
2026-08-24T20:35:06.234,7,7,QQQ260831C00625000,QQQ,2026-08-31,call,625.0,81.05,1.0,82.66,2.0,81.85499999999999,81.71,30.0,0.4392,0.9797,0.0011,-0.2115,0.048,0.117,2026-08-24,709.625,709.65,702.83,706.38,552704.0,706.932044
2026-08-24T20:35:06.234,7,7,QQQ260831C00630000,QQQ,2026-08-31,call,630.0,76.78,1.0,78.96,2.0,77.87,77.27,1.0,0.539,0.9423,0.0022,-0.4937,0.113,0.1127,2026-08-24,709.625,709.65,702.83,706.38,552704.0,706.932044
2026-08-24T20:35:06.234,7,7,QQQ260831C00635000,QQQ,2026-08-31,call,635.0,71.28,1.0,73.79,1.0,72.535,84.96,1.0,0.4784,0.9501,0.0022,-0.4041,0.1007,0.1147,2026-08-24,709.625,709.65,702.83,706.38,552704.0,706.932044
2026-08-24T20:35:06.234,7,7,QQQ260831C00640000,QQQ,2026-08-31,call,640.0,67.2,1.0,68.6,2.0,67.9,64.12,30.0,0.4816,0.9354,0.0027,-0.4838,0.1234,0.1136,2026-08-24,709.625,709.65,702.83,706.38,552704.0,706.932044
2026-08-24T20:35:06.234,7,7,QQQ260831C00645000,QQQ,2026-08-31,call,645.0,60.73,1.0,62.49,2.0,61.61,60.96,1.0,0.2737,0.9923,0.0008,-0.1043,0.0206,0.1226,2026-08-24,709.625,709.65,702.83,706.38,552704.0,706.932044
2026-08-24T20:35:06.234,7,7,QQQ260831C00650000,QQQ,2026-08-31,call,650.0,56.41,2.0,57.48,2.0,56.94499999999999,57.74,2.0,0.3281,0.9685,0.0022,-0.2249,0.0692,0.1202,2026-08-24,709.625,709.65,702.83,706.38,552704.0,706.932044
2026-08-24T20:35:06.234,7,7,QQQ260831C00651000,QQQ,2026-08-31,call,651.0,56.47,2.0,57.64,1.0,57.055,32.479,1.0,0.4265,0.9217,0.0035,-0.495,0.143,0.1139,2026-08-24,709.625,709.65,702.83,706.38,552704.0,706.932044
2026-08-24T20:35:06.234,7,7,QQQ260831C00652000,QQQ,2026-08-31,call,652.0,54.21,2.0,56.02,2.0,55.115,62.38,3.0,0.3395,0.9585,0.0027,-0.2726,0.0868,0.1192,2026-08-24,709.625,709.65,702.83,706.38,552704.0,706.932044
2026-08-24T20:35:06.234,7,7,QQQ260831C00653000,QQQ,2026-08-31,call,653.0,53.34,2.0,54.38,2.0,53.86,31.53,1.0,0.3,0.9725,0.0022,-0.1958,0.0618,0.1214,2026-08-24,709.625,709.65,702.83,706.38,552704.0,706.932044
2026-08-24T20:35:06.234,7,7,QQQ260831C00654000,QQQ,2026-08-31,call,654.0,51.67,2.0,54.04,2.0,52.855000000000004,,,0.2942,0.9725,0.0022,-0.1935,0.0619,0.1216,2026-08-24,709.625,709.65,702.83,706.38,552704.0,706.932044
2026-08-24T20:35:06.234,7,7,QQQ260831C00655000,QQQ,2026-08-31,call,655.0,51.48,1.0,53.5,1.0,52.489999999999995,49.66,1.0,0.3595,0.9391,0.0034,-0.3635,0.1178,0.1171,2026-08-24,709.625,709.65,702.83,706.38,552704.0,706.932044
2026-08-24T20:35:06.234,7,7,QQQ260831C00656000,QQQ,2026-08-31,call,656.0,50.19,1.0,51.33,2.0,50.76,38.64,2.0,0.2674,0.9785,0.002,-0.1601,0.0503,0.1228,2026-08-24,709.625,709.65,702.83,706.38,552704.0,706.932044
2026-08-24T20:35:06.234,7,7,QQQ260831C00657000,QQQ,2026-08-31,call,657.0,49.41,1.0,49.97,1.0,49.69,47.38,1.0,0.2471,0.984,0.0017,-0.1337,0.0392,0.1237,2026-08-24,709.625,709.65,702.83,706.38,552704.0,706.932044
2026-08-24T20:35:06.234,7,7,QQQ260831C00658000,QQQ,2026-08-31,call,658.0,48.93,2.0,50.46,2.0,49.695,69.46,1.0,0.3582,0.928,0.0039,-0.404,0.1342,0.1161,2026-08-24,709.625,709.65,702.83,706.38,552704.0,706.932044
2026-08-24T20:35:06.234,7,7,QQQ260831C00659000,QQQ,2026-08-31,call,659.0,47.49,1.0,48.68,2.0,48.085,75.75,1.0,0.2986,0.956,0.0032,-0.2567,0.0909,0.1202,2026-08-24,709.625,709.65,702.83,706.38,552704.0,706.932044
2026-08-24T20:35:06.234,7,7,QQQ260831C00660000,QQQ,2026-08-31,call,660.0,47.33,2.0,48.72,2.0,48.025,48.51,1.0,0.3689,0.9132,0.0044,-0.4672,0.1546,0.1144,2026-08-24,709.625,709.65,702.83,706.38,552704.0,706.932044
2026-08-24T20:35:06.234,7,7,QQQ260831C00661000,QQQ,2026-08-31,call,661.0,46.12,2.0,47.43,2.0,46.775,73.97,1.0,0.3461,0.9215,0.0043,-0.4145,0.1432,0.1158,2026-08-24,709.625,709.65,702.83,706.38,552704.0,706.932044
2026-08-24T20:35:06.234,7,7,QQQ260831C00662000,QQQ,2026-08-31,call,662.0,43.78,1.0,45.16,2.0,44.47,71.85,1.0,,,,,,,2026-08-24,709.625,709.65,702.83,706.38,552704.0,706.932044
2026-08-24T20:35:06.234,7,7,QQQ260831C00663000,QQQ,2026-08-31,call,663.0,44.04,1.0,45.48,2.0,44.76,70.87,1.0,0.3329,0.9198,0.0046,-0.4068,0.1456,0.116,2026-08-24,709.625,709.65,702.83,706.38,552704.0,706.932044
2026-08-24T20:35:06.234,7,7,QQQ260831C00664000,QQQ,2026-08-31,call,664.0,42.98,2.0,44.41,2.0,43.69499999999999,38.22,1.0,0.3224,0.9214,0.0047,-0.3911,0.1435,0.1164,2026-08-24,709.625,709.65,702.83,706.38,552704.0,706.932044
2026-08-24T20:35:06.234,7,7,QQQ260831C00665000,QQQ,2026-08-31,call,665.0,41.67,2.0,43.11,1.0,42.39,43.81,1.0,0.2938,0.9346,0.0044,-0.3232,0.1246,0.1184,2026-08-24,709.625,709.65,702.83,706.38,552704.0,706.932044
2026-08-24T20:35:06.234,7,7,QQQ260831C00666000,QQQ,2026-08-31,call,666.0,40.4,2.0,41.55,2.0,40.974999999999994,48.83,1.0,0.2493,0.9583,0.0037,-0.2189,0.0872,0.1219,2026-08-24,709.625,709.65,702.83,706.38,552704.0,706.932044
2026-08-24T20:35:06.234,7,7,QQQ260831C00667000,QQQ,2026-08-31,call,667.0,39.37,2.0,40.94,2.0,40.155,50.8,1.0,0.2624,0.9457,0.0043,-0.2646,0.1076,0.1204,2026-08-24,709.625,709.65,702.83,706.38,552704.0,706.932044
2026-08-24T20:35:06.234,7,7,QQQ260831C00668000,QQQ,2026-08-31,call,668.0,39.37,1.0,40.18,1.0,39.775,59.7,40.0,0.3036,0.9126,0.0054,-0.3975,0.1554,0.1159,2026-08-24,709.625,709.65,702.83,706.38,552704.0,706.932044
2026-08-24T20:35:06.234,7,7,QQQ260831C00669000,QQQ,2026-08-31,call,669.0,37.51,1.0,38.83,1.0,38.17,52.06,110.0,0.2528,0.9428,0.0046,-0.2652,0.1121,0.1204,2026-08-24,709.625,709.65,702.83,706.38,552704.0,706.932044
2026-08-24T20:35:06.234,7,7,QQQ260831C00670000,QQQ,2026-08-31,call,670.0,36.99,1.0,38.43,1.0,37.71,37.6,2.0,0.2872,0.9125,0.0057,-0.3796,0.1554,0.1163,2026-08-24,709.625,709.65,702.83,706.38,552704.0,706.932044
2026-08-24T20:35:06.234,7,7,QQQ260831C00671000,QQQ,2026-08-31,call,671.0,35.18,1.0,37.16,1.0,36.17,33.91,1.0,0.2417,0.9407,0.005,-0.2621,0.1154,0.1204,2026-08-24,709.625,709.65,702.83,706.38,552704.0,706.932044
2026-08-24T20:35:06.234,7,7,QQQ260831C00672000,QQQ,2026-08-31,call,672.0,34.7,1.0,36.33,1.0,35.515,59.84,2.0,0.2623,0.9192,0.0058,-0.3357,0.1464,0.1177,2026-08-24,709.625,709.65,702.83,706.38,552704.0,706.932044
2026-08-24T20:35:06.234,7,7,QQQ260831C00673000,QQQ,2026-08-31,call,673.0,33.4,1.0,34.47,1.0,33.935,48.3,50.0,0.2083,0.9557,0.0046,-0.2003,0.0915,0.1229,2026-08-24,709.625,709.65,702.83,706.38,552704.0,706.932044
2026-08-24T20:35:06.234,7,7,QQQ260831C00674000,QQQ,2026-08-31,call,674.0,32.85,1.0,33.42,1.0,33.135000000000005,48.18,2.0,0.2221,0.9395,0.0055,-0.249,0.1172,0.1209,2026-08-24,709.625,709.65,702.83,706.38,552704.0,706.932044
2026-08-24T20:35:06.234,7,7,QQQ260831C00675000,QQQ,2026-08-31,call,675.0,32.409,2.0,33.49,3.0,32.9495,34.0,1.0,0.2704,0.8925,0.007,-0.4089,0.1808,0.1145,2026-08-24,709.625,709.65,702.83,706.38,552704.0,706.932044
2026-08-24T20:35:06.234,7,7,QQQ260831C00676000,QQQ,2026-08-31,call,676.0,31.37,1.0,31.88,1.0,31.625,44.1,2.0,0.2453,0.9065,0.007,-0.347,0.1633,0.1167,2026-08-24,709.625,709.65,702.83,706.38,552704.0,706.932044
2026-08-24T20:35:06.234,7,7,QQQ260831C00677000,QQQ,2026-08-31,call,677.0,30.85,1.0,31.79,1.0,31.32,51.19,3.0,0.2765,0.872,0.0077,-0.4626,0.2046,0.1121,2026-08-24,709.625,709.65,702.83,706.38,552704.0,706.932044
2026-08-24T20:35:06.234,7,7,QQQ260831C00678000,QQQ,2026-08-31,call,678.0,29.14,1.0,30.97,1.0,30.055,31.21,1.0,0.2566,0.8809,0.0079,-0.4158,0.1945,0.1135,2026-08-24,709.625,709.65,702.83,706.38,552704.0,706.932044
2026-08-24T20:35:06.234,7,7,QQQ260831C00679000,QQQ,2026-08-31,call,679.0,28.83,1.0,29.8,1.0,29.314999999999998,30.07,1.0,0.2629,0.867,0.0084,-0.4529,0.2102,0.1118,2026-08-24,709.625,709.65,702.83,706.38,552704.0,706.932044
2026-08-24T20:35:06.234,7,7,QQQ260831C00680000,QQQ,2026-08-31,call,680.0,27.81,11.0,28.85,11.0,28.33,28.02,2.0,0.2568,0.8635,0.0087,-0.4506,0.2139,0.1115,2026-08-24,709.625,709.65,702.83,706.38,552704.0,706.932044
2026-08-24T20:35:06.234,7,7,QQQ260831C00681000,QQQ,2026-08-31,call,681.0,26.78,6.0,27.18,11.0,26.98,40.72,1.0,0.2332,0.8766,0.0089,-0.3916,0.1995,0.1135,2026-08-24,709.625,709.65,702.83,706.38,552704.0,706.932044
2026-08-24T20:35:06.234,7,7,QQQ260831C00682000,QQQ,2026-08-31,call,682.0,25.73,6.0,26.35,6.0,26.04,49.91,1.0,0.2296,0.8707,0.0094,-0.3969,0.2061,0.1129,2026-08-24,709.625,709.65,702.83,706.38,552704.0,706.932044
2026-08-24T20:35:06.234,7,7,QQQ260831C00683000,QQQ,2026-08-31,call,683.0,25.45,5.0,26.03,6.0,25.740000000000002,32.67,1.0,0.2539,0.8372,0.0099,-0.4931,0.2407,0.1084,2026-08-24,709.625,709.65,702.83,706.38,552704.0,706.932044
2026-08-24T20:35:06.234,7,7,QQQ260831C00684000,QQQ,2026-08-31,call,684.0,23.87,3.0,24.89,3.0,24.380000000000003,25.75,4.0,0.2316,0.8482,0.0104,-0.4376,0.2298,0.1102,2026-08-24,709.625,709.65,702.83,706.38,552704.0,706.932044
2026-08-24T20:35:06.234,7,7,QQQ260831C00685000,QQQ,2026-08-31,call,685.0,23.22,6.0,23.88,6.0,23.549999999999997,23.82,1.0,0.2318,0.8371,0.0109,-0.4553,0.2407,0.1088,2026-08-24,709.625,709.65,702.83,706.38,552704.0,706.932044
2026-08-24T20:35:06.234,7,7,QQQ260831C00686000,QQQ,2026-08-31,call,686.0,22.59,6.0,23.13,59.0,22.86,23.75,20.0,0.237,0.8205,0.0113,-0.4893,0.2561,0.1067,2026-08-24,709.625,709.65,702.83,706.38,552704.0,706.932044
2026-08-24T20:35:06.234,7,7,QQQ260831C00687000,QQQ,2026-08-31,call,687.0,21.15,18.0,21.82,9.0,21.485,22.5,2.0,0.2148,0.8314,0.012,-0.4342,0.2461,0.1085,2026-08-24,709.625,709.65,702.83,706.38,552704.0,706.932044
2026-08-24T20:35:06.234,7,7,QQQ260831C00688000,QQQ,2026-08-31,call,688.0,20.24,3.0,20.69,3.0,20.465,22.2,4.0,0.2068,0.8277,0.0126,-0.4251,0.2496,0.1082,2026-08-24,709.625,709.65,702.83,706.38,552704.0,706.932044
2026-08-24T20:35:06.234,7,7,QQQ260831C00689000,QQQ,2026-08-31,call,689.0,19.46,13.0,20.52,1.0,19.990000000000002,19.25,1.0,0.2194,0.8008,0.013,-0.4826,0.2731,0.1046,2026-08-24,709.625,709.65,702.83,706.38,552704.0,706.932044
2026-08-24T20:35:06.234,7,7,QQQ260831C00690000,QQQ,2026-08-31,call,690.0,19.02,13.0,19.29,14.0,19.155,20.25,1.0,0.2177,0.789,0.0136,-0.4931,0.2826,0.1032,2026-08-24,709.625,709.65,702.83,706.38,552704.0,706.932044
2026-08-24T20:35:06.234,7,7,QQQ260831C00691000,QQQ,2026-08-31,call,691.0,18.25,2.0,18.67,1.0,18.46,18.74,1.0,0.2203,0.7723,0.014,-0.5173,0.2953,0.101,2026-08-24,709.625,709.65,702.83,706.38,552704.0,706.932044
2026-08-24T20:35:06.234,7,7,QQQ260831C00692000,QQQ,2026-08-31,call,692.0,17.11,18.0,17.92,18.0,17.515,19.08,1.0,0.214,0.7638,0.0147,-0.5129,0.3013,0.1001,2026-08-24,709.625,709.65,702.83,706.38,552704.0,706.932044
2026-08-24T20:35:06.234,7,7,QQQ260831C00693000,QQQ,2026-08-31,call,693.0,16.16,7.0,16.73,7.0,16.445,17.75,3.0,0.2035,0.7589,0.0157,-0.495,0.3047,0.0996,2026-08-24,709.625,709.65,702.83,706.38,552704.0,706.932044
2026-08-24T20:35:06.234,7,7,QQQ260831C00694000,QQQ,2026-08-31,call,694.0,15.94,4.0,16.05,4.0,15.995000000000001,16.0,3.0,0.2127,0.734,0.0158,-0.5378,0.3209,0.0963,2026-08-24,709.625,709.65,702.83,706.38,552704.0,706.932044
2026-08-24T20:35:06.234,7,7,QQQ260831C00695000,QQQ,2026-08-31,call,695.0,14.7,55.0,15.3,64.0,15.0,15.27,1.0,0.2042,0.7254,0.0167,-0.5253,0.3261,0.0953,2026-08-24,709.625,709.65,702.83,706.38,552704.0,706.932044
2026-08-24T20:35:06.234,7,7,QQQ260831C00696000,QQQ,2026-08-31,call,696.0,14.03,16.0,14.85,16.0,14.44,14.93,1.0,0.2085,0.7044,0.0169,-0.5513,0.3377,0.0926,2026-08-24,709.625,709.65,702.83,706.38,552704.0,706.932044
2026-08-24T20:35:06.234,7,7,QQQ260831C00697000,QQQ,2026-08-31,call,697.0,13.5,49.0,13.64,9.0,13.57,13.71,10.0,0.2032,0.6913,0.0177,-0.5472,0.3443,0.091,2026-08-24,709.625,709.65,702.83,706.38,552704.0,706.932044
2026-08-24T20:35:06.234,7,7,QQQ260831C00698000,QQQ,2026-08-31,call,698.0,12.75,11.0,12.84,2.0,12.795,12.93,2.0,0.2002,0.6753,0.0184,-0.5496,0.3518,0.089,2026-08-24,709.625,709.65,702.83,706.38,552704.0,706.932044
2026-08-24T20:35:06.234,7,7,QQQ260831C00699000,QQQ,2026-08-31,call,699.0,12.05,3.0,12.33,5.0,12.190000000000001,12.27,150.0,0.2016,0.6556,0.0187,-0.5636,0.36,0.0864,2026-08-24,709.625,709.65,702.83,706.38,552704.0,706.932044
2026-08-24T20:35:06.234,7,7,QQQ260831C00700000,QQQ,2026-08-31,call,700.0,11.48,19.0,11.57,13.0,11.525,11.65,5.0,0.2008,0.637,0.0191,-0.5701,0.3668,0.0841,2026-08-24,709.625,709.65,702.83,706.38,552704.0,706.932044
2026-08-24T20:35:06.234,7,7,QQQ260831C00701000,QQQ,2026-08-31,call,701.0,10.81,5.0,10.85,6.0,10.83,10.88,10.0,0.1987,0.6187,0.0196,-0.5716,0.3727,0.0817,2026-08-24,709.625,709.65,702.83,706.38,552704.0,706.932044
2026-08-24T20:35:06.234,7,7,QQQ260831C00702000,QQQ,2026-08-31,call,702.0,9.75,25.0,10.03,3.0,9.89,10.27,10.0,0.1896,0.603,0.0208,-0.5523,0.377,0.0798,2026-08-24,709.625,709.65,702.83,706.38,552704.0,706.932044
2026-08-24T20:35:06.234,7,7,QQQ260831C00703000,QQQ,2026-08-31,call,703.0,9.28,3.0,9.39,7.0,9.335,10.32,5.0,0.1904,0.5817,0.021,-0.5594,0.3819,0.077,2026-08-24,709.625,709.65,702.83,706.38,552704.0,706.932044
2026-08-24T20:35:06.234,7,7,QQQ260831C00704000,QQQ,2026-08-31,call,704.0,8.6,17.0,8.7,6.0,8.649999999999999,8.79,1.0,0.1871,0.5613,0.0215,-0.554,0.3855,0.0744,2026-08-24,709.625,709.65,702.83,706.38,552704.0,706.932044
2026-08-24T20:35:06.234,7,7,QQQ260831C00705000,QQQ,2026-08-31,call,705.0,8.25,13.0,8.28,36.0,8.265,8.24,1.0,0.1911,0.5391,0.0212,-0.5672,0.3882,0.0714,2026-08-24,709.625,709.65,702.83,706.38,552704.0,706.932044
2026-08-24T20:35:06.234,7,7,QQQ260831C00706000,QQQ,2026-08-31,call,706.0,7.65,2.0,7.75,5.0,7.7,7.71,1.0,0.1899,0.5178,0.0215,-0.5644,0.3897,0.0686,2026-08-24,709.625,709.65,702.83,706.38,552704.0,706.932044
2026-08-24T20:35:06.234,7,7,QQQ260831C00707000,QQQ,2026-08-31,call,707.0,6.98,61.0,7.12,26.0,7.050000000000001,7.15,8.0,0.1859,0.496,0.0219,-0.5524,0.3901,0.0658,2026-08-24,709.625,709.65,702.83,706.38,552704.0,706.932044
2026-08-24T20:35:06.234,7,7,QQQ260831C00708000,QQQ,2026-08-31,call,708.0,6.4,52.0,6.49,12.0,6.445,6.57,1.0,0.1826,0.4735,0.0223,-0.5405,0.3892,0.0629,2026-08-24,709.625,709.65,702.83,706.38,552704.0,706.932044
2026-08-24T20:35:06.234,7,7,QQQ260831C00709000,QQQ,2026-08-31,call,709.0,6.0,23.0,6.05,10.0,6.025,6.13,1.0,0.1834,0.4516,0.0221,-0.5386,0.3872,0.06,2026-08-24,709.625,709.65,702.83,706.38,552704.0,706.932044
2026-08-24T20:35:06.234,7,7,QQQ260831C00710000,QQQ,2026-08-31,call,710.0,5.48,25.0,5.54,20.0,5.51,5.6,1.0,0.1812,0.4287,0.0222,-0.5266,0.3839,0.057,2026-08-24,709.625,709.65,702.83,706.38,552704.0,706.932044
2026-08-24T20:35:06.234,7,7,QQQ260831C00711000,QQQ,2026-08-31,call,711.0,5.0,54.0,5.08,10.0,5.04,5.11,1.0,0.1796,0.4059,0.0221,-0.5146,0.3792,0.054,2026-08-24,709.625,709.65,702.83,706.38,552704.0,706.932044
2026-08-24T20:35:06.234,7,7,QQQ260831C00712000,QQQ,2026-08-31,call,712.0,4.56,26.0,4.65,3.0,4.605,4.65,1.0,0.1782,0.3832,0.0219,-0.5018,0.3733,0.051,2026-08-24,709.625,709.65,702.83,706.38,552704.0,706.932044
2026-08-24T20:35:06.234,7,7,QQQ260831C00713000,QQQ,2026-08-31,call,713.0,4.17,24.0,4.19,29.0,4.18,4.25,5.0,0.1765,0.3604,0.0217,-0.4865,0.366,0.048,2026-08-24,709.625,709.65,702.83,706.38,552704.0,706.932044
2026-08-24T20:35:06.234,7,7,QQQ260831C00714000,QQQ,2026-08-31,call,714.0,3.69,13.0,3.79,5.0,3.74,3.83,2.0,0.1738,0.3366,0.0215,-0.4664,0.3569,0.0449,2026-08-24,709.625,709.65,702.83,706.38,552704.0,706.932044
2026-08-24T20:35:06.234,7,7,QQQ260831C00715000,QQQ,2026-08-31,call,715.0,3.34,79.0,3.52,31.0,3.4299999999999997,3.51,5.0,0.174,0.3158,0.0209,-0.4541,0.3478,0.0421,2026-08-24,709.625,709.65,702.83,706.38,552704.0,706.932044
2026-08-24T20:35:06.234,7,7,QQQ260831C00716000,QQQ,2026-08-31,call,716.0,3.02,79.0,3.07,29.0,3.045,3.12,1.0,0.1714,0.2925,0.0205,-0.4317,0.3361,0.039,2026-08-24,709.625,709.65,702.83,706.38,552704.0,706.932044
2026-08-24T20:35:06.234,7,7,QQQ260831C00717000,QQQ,2026-08-31,call,717.0,2.71,7.0,2.76,44.0,2.735,2.84,1.0,0.1703,0.2713,0.0199,-0.413,0.3241,0.0362,2026-08-24,709.625,709.65,702.83,706.38,552704.0,706.932044
2026-08-24T20:35:06.234,7,7,QQQ260831C00718000,QQQ,2026-08-31,call,718.0,2.48,11.0,2.54,33.0,2.51,2.57,4.0,0.1712,0.2533,0.0191,-0.4002,0.3129,0.0338,2026-08-24,709.625,709.65,702.83,706.38,552704.0,706.932044
2026-08-24T20:35:06.234,7,7,QQQ260831C00719000,QQQ,2026-08-31,call,719.0,2.15,12.0,2.25,31.0,2.2,2.27,2.0,0.1687,0.2315,0.0185,-0.3753,0.298,0.0309,2026-08-24,709.625,709.65,702.83,706.38,552704.0,706.932044
2026-08-24T20:35:06.234,7,7,QQQ260831C00720000,QQQ,2026-08-31,call,720.0,1.91,32.0,2.0,52.0,1.955,2.0,1.0,0.1677,0.2123,0.0177,-0.3546,0.2837,0.0284,2026-08-24,709.625,709.65,702.83,706.38,552704.0,706.932044
2026-08-24T20:35:06.234,7,7,QQQ260831C00721000,QQQ,2026-08-31,call,721.0,1.68,13.0,1.72,73.0,1.7,1.76,1.0,0.1655,0.1923,0.0169,-0.3295,0.2673,0.0257,2026-08-24,709.625,709.65,702.83,706.38,552704.0,706.932044
2026-08-24T20:35:06.234,7,7,QQQ260831C00722000,QQQ,2026-08-31,call,722.0,1.48,22.0,1.53,120.0,1.505,1.73,2.0,0.1649,0.1752,0.016,-0.3092,0.2522,0.0234,2026-08-24,709.625,709.65,702.83,706.38,552704.0,706.932044
2026-08-24T20:35:06.234,7,7,QQQ260831C00723000,QQQ,2026-08-31,call,723.0,1.29,83.0,1.34,60.0,1.315,1.36,1.0,0.1637,0.1582,0.0151,-0.2871,0.2361,0.0212,2026-08-24,709.625,709.65,702.83,706.38,552704.0,706.932044
2026-08-24T20:35:06.234,7,7,QQQ260831C00724000,QQQ,2026-08-31,call,724.0,1.13,14.0,1.17,60.0,1.15,1.19,1.0,0.1628,0.1426,0.0142,-0.2662,0.2204,0.0191,2026-08-24,709.625,709.65,702.83,706.38,552704.0,706.932044
2026-08-24T20:35:06.234,7,7,QQQ260831C00725000,QQQ,2026-08-31,call,725.0,1.01,114.0,1.05,81.0,1.03,1.03,1.0,0.1633,0.13,0.0132,-0.2504,0.2069,0.0174,2026-08-24,709.625,709.65,702.83,706.38,552704.0,706.932044
2026-08-24T20:35:06.234,7,7,QQQ260831C00726000,QQQ,2026-08-31,call,726.0,0.83,19.0,0.91,68.0,0.87,0.9,2.0,0.1612,0.1144,0.0123,-0.2257,0.1891,0.0153,2026-08-24,709.625,709.65,702.83,706.38,552704.0,706.932044
2026-08-24T20:35:06.234,7,7,QQQ260831C00727000,QQQ,2026-08-31,call,727.0,0.72,22.0,0.74,35.0,0.73,0.78,1.0,0.1591,0.1,0.0113,-0.202,0.1716,0.0134,2026-08-24,709.625,709.65,702.83,706.38,552704.0,706.932044
2026-08-24T20:35:06.234,7,7,QQQ260831C00728000,QQQ,2026-08-31,call,728.0,0.65,6.0,0.67,41.0,0.66,0.68,1.0,0.1604,0.0913,0.0105,-0.1903,0.1605,0.0122,2026-08-24,709.625,709.65,702.83,706.38,552704.0,706.932044
2026-08-24T20:35:06.234,7,7,QQQ260831C00729000,QQQ,2026-08-31,call,729.0,0.55,40.0,0.57,19.0,0.56,0.57,5.0,0.1593,0.08,0.0095,-0.171,0.1454,0.0107,2026-08-24,709.625,709.65,702.83,706.38,552704.0,706.932044
2026-08-24T20:35:06.234,7,7,QQQ260831C00730000,QQQ,2026-08-31,call,730.0,0.47,112.0,0.49,73.0,0.48,0.51,3.0,0.1587,0.0705,0.0087,-0.1545,0.1319,0.0094,2026-08-24,709.625,709.65,702.83,706.38,552704.0,706.932044
2026-08-24T20:35:06.234,7,7,QQQ260831C00731000,QQQ,2026-08-31,call,731.0,0.36,6.0,0.38,80.0,0.37,0.42,2.0,0.1547,0.0576,0.0076,-0.1288,0.1129,0.0077,2026-08-24,709.625,709.65,702.83,706.38,552704.0,706.932044
2026-08-24T20:35:06.234,7,7,QQQ260831C00732000,QQQ,2026-08-31,call,732.0,0.3,11.0,0.36,33.0,0.32999999999999996,0.36,12.0,0.1559,0.0519,0.007,-0.1193,0.1039,0.007,2026-08-24,709.625,709.65,702.83,706.38,552704.0,706.932044
2026-08-24T20:35:06.234,7,7,QQQ260831C00733000,QQQ,2026-08-31,call,733.0,0.24,43.0,0.26,43.0,0.25,0.3,1.0,0.1521,0.0417,0.006,-0.0976,0.0871,0.0056,2026-08-24,709.625,709.65,702.83,706.38,552704.0,706.932044
2026-08-24T20:35:06.234,7,7,QQQ260831C00734000,QQQ,2026-08-31,call,734.0,0.24,29.0,0.26,141.0,0.25,0.25,1.0,0.1567,0.0406,0.0057,-0.0984,0.0854,0.0055,2026-08-24,709.625,709.65,702.83,706.38,552704.0,706.932044
2026-08-24T20:35:06.234,7,7,QQQ260831C00735000,QQQ,2026-08-31,call,735.0,0.16,20.0,0.18,285.0,0.16999999999999998,0.21,20.0,0.1506,0.03,0.0046,-0.0737,0.0666,0.004,2026-08-24,709.625,709.65,702.83,706.38,552704.0,706.932044
2026-08-24T20:35:06.234,7,7,QQQ260831C00736000,QQQ,2026-08-31,call,736.0,0.13,54.0,0.19,378.0,0.16,0.16,1.0,0.1533,0.028,0.0043,-0.0708,0.0629,0.0038,2026-08-24,709.625,709.65,702.83,706.38,552704.0,706.932044
2026-08-24T20:35:06.234,7,7,QQQ260831C00737000,QQQ,2026-08-31,call,737.0,0.1,73.0,0.17,285.0,0.135,0.17,1.0,0.1533,0.0241,0.0038,-0.0624,0.0555,0.0032,2026-08-24,709.625,709.65,702.83,706.38,552704.0,706.932044
2026-08-24T20:35:06.234,7,7,QQQ260831C00738000,QQQ,2026-08-31,call,738.0,0.12,34.0,0.14,82.0,0.13,0.1,2.0,0.1565,0.0229,0.0036,-0.061,0.0531,0.0031,2026-08-24,709.625,709.65,702.83,706.38,552704.0,706.932044
2026-08-24T20:35:06.234,7,7,QQQ260831C00739000,QQQ,2026-08-31,call,739.0,0.1,147.0,0.13,527.0,0.115,0.11,1.0,0.1575,0.0204,0.0032,-0.0557,0.0482,0.0027,2026-08-24,709.625,709.65,702.83,706.38,552704.0,706.932044
2026-08-24T20:35:06.234,7,7,QQQ260831C00740000,QQQ,2026-08-31,call,740.0,0.05,16.0,0.07,189.0,0.060000000000000005,0.09,1.0,0.1474,0.0121,0.0022,-0.0333,0.0308,0.0016,2026-08-24,709.625,709.65,702.83,706.38,552704.0,706.932044
2026-08-24T20:35:06.234,7,7,QQQ260831C00741000,QQQ,2026-08-31,call,741.0,0.07,348.0,0.1,491.0,0.085,0.09,10.0,0.1584,0.0155,0.0025,-0.0442,0.0381,0.0021,2026-08-24,709.625,709.65,702.83,706.38,552704.0,706.932044
2026-08-24T20:35:06.234,7,7,QQQ260831C00742000,QQQ,2026-08-31,call,742.0,0.03,13.0,0.09,188.0,0.06,0.08,1.0,0.1548,0.0116,0.002,-0.0336,0.0296,0.0016,2026-08-24,709.625,709.65,702.83,706.38,552704.0,706.932044
2026-08-24T20:35:06.234,7,7,QQQ260831C00743000,QQQ,2026-08-31,call,743.0,0.02,40.0,0.04,152.0,0.03,0.04,1.0,0.1456,0.0065,0.0013,-0.0191,0.0179,0.0009,2026-08-24,709.625,709.65,702.83,706.38,552704.0,706.932044
2026-08-24T20:35:06.234,7,7,QQQ260831C00744000,QQQ,2026-08-31,call,744.0,0.05,218.0,0.07,162.0,0.060000000000000005,0.07,1.0,0.1622,0.0111,0.0018,-0.0339,0.0286,0.0015,2026-08-24,709.625,709.65,702.83,706.38,552704.0,706.932044
2026-08-24T20:35:06.234,7,7,QQQ260831C00745000,QQQ,2026-08-31,call,745.0,0.02,17.0,0.03,207.0,0.025,0.03,1.0,0.1494,0.0054,0.0011,-0.0166,0.0152,0.0007,2026-08-24,709.625,709.65,702.83,706.38,552704.0,706.932044
2026-08-24T20:35:06.234,7,7,QQQ260831C00746000,QQQ,2026-08-31,call,746.0,0.04,109.0,0.07,308.0,0.05500000000000001,0.07,3.0,0.1676,0.01,0.0016,-0.0318,0.026,0.0013,2026-08-24,709.625,709.65,702.83,706.38,552704.0,706.932044
2026-08-24T20:35:06.234,7,7,QQQ260831C00747000,QQQ,2026-08-31,call,747.0,0.01,72.0,0.06,142.0,0.034999999999999996,0.06,1.0,0.1621,0.0068,0.0012,-0.0221,0.0186,0.0009,2026-08-24,709.625,709.65,702.83,706.38,552704.0,706.932044
2026-08-24T20:35:06.234,7,7,QQQ260831C00748000,QQQ,2026-08-31,call,748.0,0.04,113.0,0.06,497.0,0.05,0.06,2.0,0.1727,0.0089,0.0014,-0.0297,0.0236,0.0012,2026-08-24,709.625,709.65,702.83,706.38,552704.0,706.932044
2026-08-24T20:35:06.234,7,7,QQQ260831C00749000,QQQ,2026-08-31,call,749.0,0.03,704.0,0.06,784.0,0.045,0.06,2.0,0.174,0.008,0.0013,-0.0273,0.0215,0.0011,2026-08-24,709.625,709.65,702.83,706.38,552704.0,706.932044
2026-08-24T20:35:06.234,7,7,QQQ260831C00750000,QQQ,2026-08-31,call,750.0,0.03,517.0,0.06,649.0,0.045,0.02,1.0,0.1775,0.0079,0.0012,-0.0274,0.0212,0.0011,2026-08-24,709.625,709.65,702.83,706.38,552704.0,706.932044
2026-08-24T20:35:06.234,7,7,QQQ260831C00751000,QQQ,2026-08-31,call,751.0,0.03,423.0,0.05,99.0,0.04,0.03,15.0,0.1785,0.0071,0.0011,-0.025,0.0192,0.0009,2026-08-24,709.625,709.65,702.83,706.38,552704.0,706.932044
2026-08-24T20:35:06.234,7,7,QQQ260831C00752000,QQQ,2026-08-31,call,752.0,0.03,484.0,0.05,392.0,0.04,0.04,1.0,0.1819,0.0069,0.0011,-0.0251,0.0189,0.0009,2026-08-24,709.625,709.65,702.83,706.38,552704.0,706.932044
2026-08-24T20:35:06.234,7,7,QQQ260831C00753000,QQQ,2026-08-31,call,753.0,0.03,397.0,0.05,372.0,0.04,0.01,4.0,0.1853,0.0068,0.0011,-0.0252,0.0186,0.0009,2026-08-24,709.625,709.65,702.83,706.38,552704.0,706.932044
2026-08-24T20:35:06.234,7,7,QQQ260831C00754000,QQQ,2026-08-31,call,754.0,0.03,49.0,0.05,235.0,0.04,0.03,1.0,0.1887,0.0067,0.001,-0.0252,0.0184,0.0009,2026-08-24,709.625,709.65,702.83,706.38,552704.0,706.932044
2026-08-24T20:35:06.234,7,7,QQQ260831C00755000,QQQ,2026-08-31,call,755.0,0.01,2.0,0.05,112.0,0.030000000000000002,0.04,1.0,0.186,0.0052,0.0008,-0.0199,0.0147,0.0007,2026-08-24,709.625,709.65,702.83,706.38,552704.0,706.932044
2026-08-24T20:35:06.234,7,7,QQQ260831C00756000,QQQ,2026-08-31,call,756.0,0.03,59.0,0.05,576.0,0.04,0.09,1.0,0.1955,0.0065,0.001,-0.0254,0.0179,0.0009,2026-08-24,709.625,709.65,702.83,706.38,552704.0,706.932044
2026-08-24T20:35:06.234,7,7,QQQ260831C00757000,QQQ,2026-08-31,call,757.0,0.03,48.0,0.05,403.0,0.04,0.03,1.0,0.1989,0.0064,0.0009,-0.0255,0.0176,0.0009,2026-08-24,709.625,709.65,702.83,706.38,552704.0,706.932044
2026-08-24T20:35:06.234,7,7,QQQ260831C00758000,QQQ,2026-08-31,call,758.0,0.03,48.0,0.05,329.0,0.04,0.02,6.0,0.2022,0.0063,0.0009,-0.0256,0.0174,0.0008,2026-08-24,709.625,709.65,702.83,706.38,552704.0,706.932044
2026-08-24T20:35:06.234,7,7,QQQ260831C00759000,QQQ,2026-08-31,call,759.0,0.0,0.0,0.01,260.0,0.005,0.03,2.0,,,,,,,2026-08-24,709.625,709.65,702.83,706.38,552704.0,706.932044
2026-08-24T20:35:06.234,7,7,QQQ260831C00760000,QQQ,2026-08-31,call,760.0,0.03,3.0,0.05,346.0,0.04,0.02,5.0,0.2089,0.0061,0.0008,-0.0257,0.0169,0.0008,2026-08-24,709.625,709.65,702.83,706.38,552704.0,706.932044
2026-08-24T20:35:06.234,7,7,QQQ260831C00761000,QQQ,2026-08-31,call,761.0,0.04,44.0,0.05,175.0,0.045,0.02,1.0,0.2151,0.0066,0.0009,-0.0284,0.0182,0.0009,2026-08-24,709.625,709.65,702.83,706.38,552704.0,706.932044
2026-08-24T20:35:06.234,7,7,QQQ260831C00762000,QQQ,2026-08-31,call,762.0,0.0,0.0,0.05,236.0,0.025,0.01,1.0,,,,,,,2026-08-24,709.625,709.65,702.83,706.38,552704.0,706.932044
2026-08-24T20:35:06.234,7,7,QQQ260831C00763000,QQQ,2026-08-31,call,763.0,0.0,0.0,0.05,105.0,0.025,0.06,1.0,,,,,,,2026-08-24,709.625,709.65,702.83,706.38,552704.0,706.932044
2026-08-24T20:35:06.234,7,7,QQQ260831C00764000,QQQ,2026-08-31,call,764.0,0.0,0.0,0.01,227.0,0.005,0.04,1.0,,,,,,,2026-08-24,709.625,709.65,702.83,706.38,552704.0,706.932044
2026-08-24T20:35:06.234,7,7,QQQ260831C00765000,QQQ,2026-08-31,call,765.0,0.03,1.0,0.05,244.0,0.04,0.02,25.0,0.2254,0.0057,0.0007,-0.0261,0.0159,0.0008,2026-08-24,709.625,709.65,702.83,706.38,552704.0,706.932044
2026-08-24T20:35:06.234,7,7,QQQ260831C00766000,QQQ,2026-08-31,call,766.0,0.0,0.0,0.05,292.0,0.025,0.01,1.0,,,,,,,2026-08-24,709.625,709.65,702.83,706.38,552704.0,706.932044
2026-08-24T20:35:06.234,7,7,QQQ260831C00767000,QQQ,2026-08-31,call,767.0,0.0,0.0,0.01,127.0,0.005,0.03,35.0,,,,,,,2026-08-24,709.625,709.65,702.83,706.38,552704.0,706.932044
2026-08-24T20:35:06.234,7,7,QQQ260831C00768000,QQQ,2026-08-31,call,768.0,0.0,0.0,0.04,75.0,0.02,0.01,1.0,,,,,,,2026-08-24,709.625,709.65,702.83,706.38,552704.0,706.932044
2026-08-24T20:35:06.234,7,7,QQQ260831C00769000,QQQ,2026-08-31,call,769.0,0.0,0.0,0.04,68.0,0.02,0.05,1.0,,,,,,,2026-08-24,709.625,709.65,702.83,706.38,552704.0,706.932044
2026-08-24T20:35:06.234,7,7,QQQ260831C00770000,QQQ,2026-08-31,call,770.0,0.0,0.0,0.01,88.0,0.005,0.05,10.0,,,,,,,2026-08-24,709.625,709.65,702.83,706.38,552704.0,706.932044
2026-08-24T20:35:06.234,7,7,QQQ260831C00771000,QQQ,2026-08-31,call,771.0,0.0,0.0,0.04,84.0,0.02,0.03,1.0,,,,,,,2026-08-24,709.625,709.65,702.83,706.38,552704.0,706.932044
2026-08-24T20:35:06.234,7,7,QQQ260831C00772000,QQQ,2026-08-31,call,772.0,0.0,0.0,0.04,125.0,0.02,0.01,9.0,,,,,,,2026-08-24,709.625,709.65,702.83,706.38,552704.0,706.932044
2026-08-24T20:35:06.234,7,7,QQQ260831C00773000,QQQ,2026-08-31,call,773.0,0.0,0.0,0.04,71.0,0.02,0.03,1.0,,,,,,,2026-08-24,709.625,709.65,702.83,706.38,552704.0,706.932044
2026-08-24T20:35:06.234,7,7,QQQ260831C00774000,QQQ,2026-08-31,call,774.0,0.0,0.0,0.04,121.0,0.02,0.01,3.0,,,,,,,2026-08-24,709.625,709.65,702.83,706.38,552704.0,706.932044
2026-08-24T20:35:06.234,7,7,QQQ260831C00775000,QQQ,2026-08-31,call,775.0,0.0,0.0,0.04,72.0,0.02,0.01,1.0,,,,,,,2026-08-24,709.625,709.65,702.83,706.38,552704.0,706.932044
2026-08-24T20:35:06.234,7,7,QQQ260831C00780000,QQQ,2026-08-31,call,780.0,0.01,46.0,0.02,88.0,0.015,0.03,4.0,0.2482,0.0021,0.0003,-0.0118,0.0066,0.0003,2026-08-24,709.625,709.65,702.83,706.38,552704.0,706.932044
2026-08-24T20:35:06.234,7,7,QQQ260831C00785000,QQQ,2026-08-31,call,785.0,0.0,0.0,0.03,56.0,0.015,0.01,1.0,,,,,,,2026-08-24,709.625,709.65,702.83,706.38,552704.0,706.932044
2026-08-24T20:35:06.234,7,7,QQQ260831C00790000,QQQ,2026-08-31,call,790.0,0.0,0.0,0.01,75.0,0.005,0.01,1.0,,,,,,,2026-08-24,709.625,709.65,702.83,706.38,552704.0,706.932044
2026-08-24T20:35:06.234,7,7,QQQ260831C00795000,QQQ,2026-08-31,call,795.0,0.0,0.0,0.04,129.0,0.02,0.03,100.0,,,,,,,2026-08-24,709.625,709.65,702.83,706.38,552704.0,706.932044
2026-08-24T20:35:06.234,7,7,QQQ260831C00800000,QQQ,2026-08-31,call,800.0,0.01,1.0,0.02,247.0,0.015,0.01,1.0,0.305,0.0018,0.0002,-0.0122,0.0055,0.0002,2026-08-24,709.625,709.65,702.83,706.38,552704.0,706.932044
2026-08-24T20:35:06.234,7,7,QQQ260831C00805000,QQQ,2026-08-31,call,805.0,0.0,0.0,0.04,130.0,0.02,0.01,1.0,,,,,,,2026-08-24,709.625,709.65,702.83,706.38,552704.0,706.932044
2026-08-24T20:35:06.234,7,7,QQQ260831C00810000,QQQ,2026-08-31,call,810.0,0.0,0.0,0.01,153.0,0.005,0.01,100.0,,,,,,,2026-08-24,709.625,709.65,702.83,706.38,552704.0,706.932044
2026-08-24T20:35:06.234,7,7,QQQ260831C00815000,QQQ,2026-08-31,call,815.0,0.0,0.0,0.01,110.0,0.005,0.01,1.0,,,,,,,2026-08-24,709.625,709.65,702.83,706.38,552704.0,706.932044
2026-08-24T20:35:06.234,7,7,QQQ260831C00820000,QQQ,2026-08-31,call,820.0,0.0,0.0,0.01,88.0,0.005,0.01,4.0,,,,,,,2026-08-24,709.625,709.65,702.83,706.38,552704.0,706.932044
2026-08-24T20:35:06.234,7,7,QQQ260831C00825000,QQQ,2026-08-31,call,825.0,0.0,0.0,0.04,259.0,0.02,0.01,7.0,,,,,,,2026-08-24,709.625,709.65,702.83,706.38,552704.0,706.932044
2026-08-24T20:35:06.234,7,7,QQQ260831C00830000,QQQ,2026-08-31,call,830.0,0.0,0.0,0.04,95.0,0.02,0.01,1.0,,,,,,,2026-08-24,709.625,709.65,702.83,706.38,552704.0,706.932044
2026-08-24T20:35:06.234,7,7,QQQ260831C00835000,QQQ,2026-08-31,call,835.0,0.0,0.0,0.04,144.0,0.02,0.01,15.0,,,,,,,2026-08-24,709.625,709.65,702.83,706.38,552704.0,706.932044
2026-08-24T20:35:06.234,7,7,QQQ260831C00840000,QQQ,2026-08-31,call,840.0,0.0,0.0,0.04,144.0,0.02,0.01,3.0,,,,,,,2026-08-24,709.625,709.65,702.83,706.38,552704.0,706.932044
2026-08-24T20:35:06.234,7,7,QQQ260831C00845000,QQQ,2026-08-31,call,845.0,0.0,0.0,0.04,146.0,0.02,0.11,1.0,,,,,,,2026-08-24,709.625,709.65,702.83,706.38,552704.0,706.932044
2026-08-24T20:35:06.234,7,7,QQQ260831C00850000,QQQ,2026-08-31,call,850.0,0.0,0.0,0.01,24.0,0.005,0.01,2.0,,,,,,,2026-08-24,709.625,709.65,702.83,706.38,552704.0,706.932044
2026-08-24T20:35:06.234,7,7,QQQ260831C00855000,QQQ,2026-08-31,call,855.0,0.0,0.0,0.04,139.0,0.02,0.01,1.0,,,,,,,2026-08-24,709.625,709.65,702.83,706.38,552704.0,706.932044
2026-08-24T20:35:06.234,7,7,QQQ260831C00860000,QQQ,2026-08-31,call,860.0,0.0,0.0,0.04,85.0,0.02,0.04,2.0,,,,,,,2026-08-24,709.625,709.65,702.83,706.38,552704.0,706.932044
2026-08-24T20:35:06.234,7,7,QQQ260831C00865000,QQQ,2026-08-31,call,865.0,0.0,0.0,0.01,172.0,0.005,0.16,1.0,,,,,,,2026-08-24,709.625,709.65,702.83,706.38,552704.0,706.932044
2026-08-24T20:35:06.234,7,7,QQQ260831C00870000,QQQ,2026-08-31,call,870.0,0.0,0.0,0.04,165.0,0.02,0.05,1.0,,,,,,,2026-08-24,709.625,709.65,702.83,706.38,552704.0,706.932044
2026-08-24T20:35:06.234,7,7,QQQ260831C00875000,QQQ,2026-08-31,call,875.0,0.0,0.0,0.04,86.0,0.02,0.03,6.0,,,,,,,2026-08-24,709.625,709.65,702.83,706.38,552704.0,706.932044
2026-08-24T20:35:06.234,7,7,QQQ260831C00880000,QQQ,2026-08-31,call,880.0,0.0,0.0,0.04,87.0,0.02,0.24,1.0,,,,,,,2026-08-24,709.625,709.65,702.83,706.38,552704.0,706.932044
2026-08-24T20:35:06.234,7,7,QQQ260831C00885000,QQQ,2026-08-31,call,885.0,0.0,0.0,0.04,87.0,0.02,0.16,10.0,,,,,,,2026-08-24,709.625,709.65,702.83,706.38,552704.0,706.932044
2026-08-24T20:35:06.234,7,7,QQQ260831C00890000,QQQ,2026-08-31,call,890.0,0.0,0.0,0.01,155.0,0.005,0.07,1.0,,,,,,,2026-08-24,709.625,709.65,702.83,706.38,552704.0,706.932044
2026-08-24T20:35:06.234,7,7,QQQ260831C00895000,QQQ,2026-08-31,call,895.0,0.0,0.0,0.01,91.0,0.005,0.02,1.0,,,,,,,2026-08-24,709.625,709.65,702.83,706.38,552704.0,706.932044
2026-08-24T20:35:06.234,7,7,QQQ260831C00900000,QQQ,2026-08-31,call,900.0,0.0,0.0,0.04,148.0,0.02,0.02,8.0,,,,,,,2026-08-24,709.625,709.65,702.83,706.38,552704.0,706.932044
2026-08-24T20:35:06.234,7,7,QQQ260831C00905000,QQQ,2026-08-31,call,905.0,0.0,0.0,0.04,94.0,0.02,0.43,1.0,,,,,,,2026-08-24,709.625,709.65,702.83,706.38,552704.0,706.932044
2026-08-24T20:35:06.234,7,7,QQQ260831C00910000,QQQ,2026-08-31,call,910.0,0.0,0.0,0.01,145.0,0.005,0.04,2.0,,,,,,,2026-08-24,709.625,709.65,702.83,706.38,552704.0,706.932044
2026-08-24T20:35:06.234,7,7,QQQ260831C00915000,QQQ,2026-08-31,call,915.0,0.0,0.0,0.01,87.0,0.005,0.04,1.0,,,,,,,2026-08-24,709.625,709.65,702.83,706.38,552704.0,706.932044
2026-08-24T20:35:06.234,7,7,QQQ260831C00920000,QQQ,2026-08-31,call,920.0,0.0,0.0,0.04,87.0,0.02,0.04,4.0,,,,,,,2026-08-24,709.625,709.65,702.83,706.38,552704.0,706.932044
2026-08-24T20:35:06.234,7,7,QQQ260831C00925000,QQQ,2026-08-31,call,925.0,0.0,0.0,0.01,154.0,0.005,0.03,5.0,,,,,,,2026-08-24,709.625,709.65,702.83,706.38,552704.0,706.932044
2026-08-24T20:35:06.234,7,7,QQQ260831C00930000,QQQ,2026-08-31,call,930.0,0.0,0.0,0.01,87.0,0.005,0.02,1.0,,,,,,,2026-08-24,709.625,709.65,702.83,706.38,552704.0,706.932044
2026-08-24T20:35:06.234,7,7,QQQ260831C00935000,QQQ,2026-08-31,call,935.0,0.0,0.0,0.04,147.0,0.02,0.03,2.0,,,,,,,2026-08-24,709.625,709.65,702.83,706.38,552704.0,706.932044
2026-08-24T20:35:06.234,7,7,QQQ260831C00940000,QQQ,2026-08-31,call,940.0,0.0,0.0,0.04,149.0,0.02,0.07,3.0,,,,,,,2026-08-24,709.625,709.65,702.83,706.38,552704.0,706.932044
2026-08-24T20:35:06.234,7,7,QQQ260831C00945000,QQQ,2026-08-31,call,945.0,0.0,0.0,0.01,147.0,0.005,0.22,1.0,,,,,,,2026-08-24,709.625,709.65,702.83,706.38,552704.0,706.932044
2026-08-24T20:35:06.234,7,7,QQQ260831C00950000,QQQ,2026-08-31,call,950.0,0.0,0.0,0.04,103.0,0.02,0.04,29.0,,,,,,,2026-08-24,709.625,709.65,702.83,706.38,552704.0,706.932044
2026-08-24T20:35:06.234,7,7,QQQ260831P00490000,QQQ,2026-08-31,put,490.0,0.03,134.0,0.06,303.0,0.045,0.03,20.0,,,,,,,2026-08-24,709.625,709.65,702.83,706.38,552704.0,706.932044
2026-08-24T20:35:06.234,7,7,QQQ260831P00495000,QQQ,2026-08-31,put,495.0,0.03,158.0,0.06,259.0,0.045,0.06,2.0,,,,,,,2026-08-24,709.625,709.65,702.83,706.38,552704.0,706.932044
2026-08-24T20:35:06.234,7,7,QQQ260831P00500000,QQQ,2026-08-31,put,500.0,0.01,81.0,0.06,83.0,0.034999999999999996,0.03,4.0,,,,,,,2026-08-24,709.625,709.65,702.83,706.38,552704.0,706.932044
2026-08-24T20:35:06.234,7,7,QQQ260831P00505000,QQQ,2026-08-31,put,505.0,0.01,90.0,0.06,984.0,0.034999999999999996,0.08,1.0,,,,,,,2026-08-24,709.625,709.65,702.83,706.38,552704.0,706.932044
2026-08-24T20:35:06.234,7,7,QQQ260831P00510000,QQQ,2026-08-31,put,510.0,0.01,3.0,0.06,69.0,0.034999999999999996,0.05,1.0,,,,,,,2026-08-24,709.625,709.65,702.83,706.38,552704.0,706.932044
2026-08-24T20:35:06.234,7,7,QQQ260831P00515000,QQQ,2026-08-31,put,515.0,0.01,109.0,0.02,85.0,0.015,0.05,2.0,0.7313,-0.0008,0.0,-0.0132,0.0025,-0.0001,2026-08-24,709.625,709.65,702.83,706.38,552704.0,706.932044
2026-08-24T20:35:06.234,7,7,QQQ260831P00520000,QQQ,2026-08-31,put,520.0,0.01,53.0,0.02,72.0,0.015,0.04,5.0,0.7105,-0.0008,0.0,-0.0131,0.0026,-0.0001,2026-08-24,709.625,709.65,702.83,706.38,552704.0,706.932044
2026-08-24T20:35:06.234,7,7,QQQ260831P00525000,QQQ,2026-08-31,put,525.0,0.01,129.0,0.02,90.0,0.015,0.03,6.0,0.6898,-0.0008,0.0,-0.0131,0.0027,-0.0001,2026-08-24,709.625,709.65,702.83,706.38,552704.0,706.932044
2026-08-24T20:35:06.234,7,7,QQQ260831P00530000,QQQ,2026-08-31,put,530.0,0.04,73.0,0.07,1132.0,0.05500000000000001,0.04,10.0,0.7519,-0.0024,0.0001,-0.0398,0.0074,-0.0003,2026-08-24,709.625,709.65,702.83,706.38,552704.0,706.932044
2026-08-24T20:35:06.234,7,7,QQQ260831P00535000,QQQ,2026-08-31,put,535.0,0.04,151.0,0.07,229.0,0.05500000000000001,0.04,16.0,0.7294,-0.0025,0.0001,-0.0396,0.0076,-0.0004,2026-08-24,709.625,709.65,702.83,706.38,552704.0,706.932044
2026-08-24T20:35:06.234,7,7,QQQ260831P00540000,QQQ,2026-08-31,put,540.0,0.04,148.0,0.07,235.0,0.05500000000000001,0.07,1.0,0.707,-0.0026,0.0001,-0.0394,0.0078,-0.0004,2026-08-24,709.625,709.65,702.83,706.38,552704.0,706.932044
2026-08-24T20:35:06.234,7,7,QQQ260831P00545000,QQQ,2026-08-31,put,545.0,0.04,86.0,0.07,779.0,0.05500000000000001,0.05,1.0,0.6848,-0.0027,0.0001,-0.0393,0.0081,-0.0004,2026-08-24,709.625,709.65,702.83,706.38,552704.0,706.932044
2026-08-24T20:35:06.234,7,7,QQQ260831P00550000,QQQ,2026-08-31,put,550.0,0.05,45.0,0.07,168.0,0.060000000000000005,0.05,10.0,0.6686,-0.003,0.0001,-0.042,0.0088,-0.0004,2026-08-24,709.625,709.65,702.83,706.38,552704.0,706.932044
2026-08-24T20:35:06.234,7,7,QQQ260831P00555000,QQQ,2026-08-31,put,555.0,0.05,73.0,0.08,1150.0,0.065,0.03,1.0,0.6519,-0.0033,0.0002,-0.0447,0.0097,-0.0005,2026-08-24,709.625,709.65,702.83,706.38,552704.0,706.932044
2026-08-24T20:35:06.234,7,7,QQQ260831P00560000,QQQ,2026-08-31,put,560.0,0.05,107.0,0.08,281.0,0.065,0.05,1.0,0.6299,-0.0034,0.0002,-0.0445,0.0099,-0.0005,2026-08-24,709.625,709.65,702.83,706.38,552704.0,706.932044
2026-08-24T20:35:06.234,7,7,QQQ260831P00565000,QQQ,2026-08-31,put,565.0,0.05,190.0,0.08,340.0,0.065,0.05,1.0,0.608,-0.0035,0.0002,-0.0442,0.0102,-0.0005,2026-08-24,709.625,709.65,702.83,706.38,552704.0,706.932044
2026-08-24T20:35:06.234,7,7,QQQ260831P00570000,QQQ,2026-08-31,put,570.0,0.05,231.0,0.08,337.0,0.065,0.04,5.0,0.5862,-0.0036,0.0002,-0.044,0.0106,-0.0005,2026-08-24,709.625,709.65,702.83,706.38,552704.0,706.932044
2026-08-24T20:35:06.234,7,7,QQQ260831P00575000,QQQ,2026-08-31,put,575.0,0.06,45.0,0.08,260.0,0.07,0.05,128.0,0.569,-0.004,0.0002,-0.0465,0.0115,-0.0006,2026-08-24,709.625,709.65,702.83,706.38,552704.0,706.932044
2026-08-24T20:35:06.234,7,7,QQQ260831P00580000,QQQ,2026-08-31,put,580.0,0.06,103.0,0.08,235.0,0.07,0.05,1.0,0.5474,-0.0041,0.0002,-0.0462,0.0119,-0.0006,2026-08-24,709.625,709.65,702.83,706.38,552704.0,706.932044
2026-08-24T20:35:06.234,7,7,QQQ260831P00585000,QQQ,2026-08-31,put,585.0,0.06,119.0,0.09,242.0,0.075,0.04,4.0,0.5298,-0.0045,0.0003,-0.0486,0.0129,-0.0006,2026-08-24,709.625,709.65,702.83,706.38,552704.0,706.932044
2026-08-24T20:35:06.234,7,7,QQQ260831P00590000,QQQ,2026-08-31,put,590.0,0.02,714.0,0.09,439.0,0.055,0.06,6.0,0.4916,-0.0037,0.0002,-0.0372,0.0107,-0.0005,2026-08-24,709.625,709.65,702.83,706.38,552704.0,706.932044
2026-08-24T20:35:06.234,7,7,QQQ260831P00595000,QQQ,2026-08-31,put,595.0,0.07,178.0,0.09,492.0,0.08,0.04,1.0,0.4904,-0.0052,0.0003,-0.0505,0.0145,-0.0007,2026-08-24,709.625,709.65,702.83,706.38,552704.0,706.932044
2026-08-24T20:35:06.234,7,7,QQQ260831P00600000,QQQ,2026-08-31,put,600.0,0.03,382.0,0.05,223.0,0.04,0.06,1.0,0.4354,-0.0031,0.0002,-0.0281,0.0091,-0.0004,2026-08-24,709.625,709.65,702.83,706.38,552704.0,706.932044
2026-08-24T20:35:06.234,7,7,QQQ260831P00605000,QQQ,2026-08-31,put,605.0,0.08,35.0,0.1,704.0,0.09,0.06,1.0,0.4536,-0.0062,0.0004,-0.0548,0.017,-0.0009,2026-08-24,709.625,709.65,702.83,706.38,552704.0,706.932044
2026-08-24T20:35:06.234,7,7,QQQ260831P00610000,QQQ,2026-08-31,put,610.0,0.08,209.0,0.11,783.0,0.095,0.08,10.0,0.4349,-0.0067,0.0004,-0.0568,0.0184,-0.0009,2026-08-24,709.625,709.65,702.83,706.38,552704.0,706.932044
2026-08-24T20:35:06.234,7,7,QQQ260831P00615000,QQQ,2026-08-31,put,615.0,0.05,130.0,0.07,520.0,0.060000000000000005,0.07,10.0,0.3921,-0.0049,0.0004,-0.0384,0.0138,-0.0007,2026-08-24,709.625,709.65,702.83,706.38,552704.0,706.932044
2026-08-24T20:35:06.234,7,7,QQQ260831P00620000,QQQ,2026-08-31,put,620.0,0.06,29.0,0.07,31.0,0.065,0.07,10.0,0.3748,-0.0055,0.0004,-0.0407,0.0153,-0.0008,2026-08-24,709.625,709.65,702.83,706.38,552704.0,706.932044
2026-08-24T20:35:06.234,7,7,QQQ260831P00625000,QQQ,2026-08-31,put,625.0,0.06,677.0,0.13,389.0,0.095,0.09,2.0,0.3704,-0.0078,0.0006,-0.055,0.021,-0.0011,2026-08-24,709.625,709.65,702.83,706.38,552704.0,706.932044
2026-08-24T20:35:06.234,7,7,QQQ260831P00630000,QQQ,2026-08-31,put,630.0,0.13,1.0,0.14,147.0,0.135,0.09,1.0,0.3651,-0.0109,0.0008,-0.0724,0.0281,-0.0015,2026-08-24,709.625,709.65,702.83,706.38,552704.0,706.932044
2026-08-24T20:35:06.234,7,7,QQQ260831P00635000,QQQ,2026-08-31,put,635.0,0.13,49.0,0.15,94.0,0.14,0.1,3.0,0.3446,-0.0119,0.0009,-0.0735,0.0302,-0.0016,2026-08-24,709.625,709.65,702.83,706.38,552704.0,706.932044
2026-08-24T20:35:06.234,7,7,QQQ260831P00640000,QQQ,2026-08-31,put,640.0,0.12,10.0,0.17,49.0,0.14500000000000002,0.15,10.0,0.324,-0.0129,0.0011,-0.0745,0.0326,-0.0018,2026-08-24,709.625,709.65,702.83,706.38,552704.0,706.932044
2026-08-24T20:35:06.234,7,7,QQQ260831P00645000,QQQ,2026-08-31,put,645.0,0.17,67.0,0.19,6.0,0.18,0.16,3.0,0.3112,-0.0163,0.0013,-0.0872,0.0397,-0.0022,2026-08-24,709.625,709.65,702.83,706.38,552704.0,706.932044
2026-08-24T20:35:06.234,7,7,QQQ260831P00650000,QQQ,2026-08-31,put,650.0,0.2,361.0,0.23,69.0,0.21500000000000002,0.2,3.0,0.2963,-0.0199,0.0017,-0.0985,0.0472,-0.0027,2026-08-24,709.625,709.65,702.83,706.38,552704.0,706.932044
2026-08-24T20:35:06.234,7,7,QQQ260831P00651000,QQQ,2026-08-31,put,651.0,0.17,75.0,0.24,59.0,0.20500000000000002,0.18,1.0,0.2895,-0.0195,0.0017,-0.0945,0.0464,-0.0027,2026-08-24,709.625,709.65,702.83,706.38,552704.0,706.932044
2026-08-24T20:35:06.234,7,7,QQQ260831P00652000,QQQ,2026-08-31,put,652.0,0.18,72.0,0.24,6.0,0.21,0.2,2.0,0.2859,-0.0202,0.0017,-0.0959,0.0477,-0.0028,2026-08-24,709.625,709.65,702.83,706.38,552704.0,706.932044
2026-08-24T20:35:06.234,7,7,QQQ260831P00653000,QQQ,2026-08-31,put,653.0,0.23,193.0,0.25,35.0,0.24,0.2,1.0,0.2872,-0.0226,0.0019,-0.1061,0.0525,-0.0031,2026-08-24,709.625,709.65,702.83,706.38,552704.0,706.932044
2026-08-24T20:35:06.234,7,7,QQQ260831P00654000,QQQ,2026-08-31,put,654.0,0.21,40.0,0.26,34.0,0.235,0.24,4.0,0.2815,-0.0226,0.0019,-0.1039,0.0525,-0.0031,2026-08-24,709.625,709.65,702.83,706.38,552704.0,706.932044
2026-08-24T20:35:06.234,7,7,QQQ260831P00655000,QQQ,2026-08-31,put,655.0,0.21,286.0,0.27,13.0,0.24,0.25,2.0,0.2778,-0.0233,0.002,-0.1052,0.0539,-0.0032,2026-08-24,709.625,709.65,702.83,706.38,552704.0,706.932044
2026-08-24T20:35:06.234,7,7,QQQ260831P00656000,QQQ,2026-08-31,put,656.0,0.23,63.0,0.25,148.0,0.24,0.26,4.0,0.273,-0.0237,0.0021,-0.1047,0.0546,-0.0032,2026-08-24,709.625,709.65,702.83,706.38,552704.0,706.932044
2026-08-24T20:35:06.234,7,7,QQQ260831P00657000,QQQ,2026-08-31,put,657.0,0.28,59.0,0.3,10.0,0.29000000000000004,0.28,20.0,0.2768,-0.0276,0.0023,-0.1208,0.0621,-0.0038,2026-08-24,709.625,709.65,702.83,706.38,552704.0,706.932044
2026-08-24T20:35:06.234,7,7,QQQ260831P00658000,QQQ,2026-08-31,put,658.0,0.25,47.0,0.32,57.0,0.28500000000000003,0.24,5.0,0.2712,-0.0277,0.0024,-0.1186,0.0623,-0.0038,2026-08-24,709.625,709.65,702.83,706.38,552704.0,706.932044
2026-08-24T20:35:06.234,7,7,QQQ260831P00659000,QQQ,2026-08-31,put,659.0,0.31,83.0,0.33,67.0,0.32,0.3,3.0,0.2717,-0.0306,0.0026,-0.1291,0.0676,-0.0042,2026-08-24,709.625,709.65,702.83,706.38,552704.0,706.932044
2026-08-24T20:35:06.234,7,7,QQQ260831P00660000,QQQ,2026-08-31,put,660.0,0.33,31.0,0.35,103.0,0.33999999999999997,0.31,10.0,0.2696,-0.0325,0.0028,-0.1346,0.0711,-0.0045,2026-08-24,709.625,709.65,702.83,706.38,552704.0,706.932044
2026-08-24T20:35:06.234,7,7,QQQ260831P00661000,QQQ,2026-08-31,put,661.0,0.3,55.0,0.36,33.0,0.32999999999999996,0.34,1.0,0.2633,-0.0323,0.0028,-0.1308,0.0708,-0.0044,2026-08-24,709.625,709.65,702.83,706.38,552704.0,706.932044
2026-08-24T20:35:06.234,7,7,QQQ260831P00662000,QQQ,2026-08-31,put,662.0,0.36,77.0,0.38,63.0,0.37,0.35,20.0,0.2637,-0.0357,0.003,-0.142,0.0768,-0.0049,2026-08-24,709.625,709.65,702.83,706.38,552704.0,706.932044
2026-08-24T20:35:06.234,7,7,QQQ260831P00663000,QQQ,2026-08-31,put,663.0,0.39,38.0,0.4,17.0,0.395,0.35,13.0,0.2618,-0.038,0.0032,-0.1484,0.0808,-0.0052,2026-08-24,709.625,709.65,702.83,706.38,552704.0,706.932044
2026-08-24T20:35:06.234,7,7,QQQ260831P00664000,QQQ,2026-08-31,put,664.0,0.41,48.0,0.42,67.0,0.415,0.39,4.0,0.2591,-0.04,0.0034,-0.1532,0.0843,-0.0055,2026-08-24,709.625,709.65,702.83,706.38,552704.0,706.932044
2026-08-24T20:35:06.234,7,7,QQQ260831P00665000,QQQ,2026-08-31,put,665.0,0.39,130.0,0.41,66.0,0.4,0.41,30.0,0.2522,-0.0397,0.0035,-0.1481,0.0838,-0.0055,2026-08-24,709.625,709.65,702.83,706.38,552704.0,706.932044
2026-08-24T20:35:06.234,7,7,QQQ260831P00666000,QQQ,2026-08-31,put,666.0,0.42,26.0,0.43,1.0,0.425,0.39,1.0,0.25,-0.0422,0.0037,-0.1541,0.088,-0.0058,2026-08-24,709.625,709.65,702.83,706.38,552704.0,706.932044
2026-08-24T20:35:06.234,7,7,QQQ260831P00667000,QQQ,2026-08-31,put,667.0,0.44,141.0,0.5,47.0,0.47,0.46,30.0,0.2497,-0.0461,0.004,-0.1652,0.0944,-0.0063,2026-08-24,709.625,709.65,702.83,706.38,552704.0,706.932044
2026-08-24T20:35:06.234,7,7,QQQ260831P00668000,QQQ,2026-08-31,put,668.0,0.51,64.0,0.53,152.0,0.52,0.49,2.0,0.2496,-0.0503,0.0042,-0.177,0.1013,-0.0069,2026-08-24,709.625,709.65,702.83,706.38,552704.0,706.932044
2026-08-24T20:35:06.234,7,7,QQQ260831P00669000,QQQ,2026-08-31,put,669.0,0.5,63.0,0.56,110.0,0.53,0.49,97.0,0.2452,-0.0519,0.0044,-0.1783,0.1039,-0.0071,2026-08-24,709.625,709.65,702.83,706.38,552704.0,706.932044
2026-08-24T20:35:06.234,7,7,QQQ260831P00670000,QQQ,2026-08-31,put,670.0,0.54,26.0,0.56,109.0,0.55,0.54,6.0,0.2417,-0.0543,0.0047,-0.1819,0.1076,-0.0075,2026-08-24,709.625,709.65,702.83,706.38,552704.0,706.932044
2026-08-24T20:35:06.234,7,7,QQQ260831P00671000,QQQ,2026-08-31,put,671.0,0.61,67.0,0.63,97.0,0.62,0.59,1.0,0.2425,-0.0599,0.005,-0.1973,0.1164,-0.0082,2026-08-24,709.625,709.65,702.83,706.38,552704.0,706.932044
2026-08-24T20:35:06.234,7,7,QQQ260831P00672000,QQQ,2026-08-31,put,672.0,0.65,86.0,0.67,34.0,0.66,0.61,1.0,0.2404,-0.0637,0.0053,-0.205,0.1221,-0.0088,2026-08-24,709.625,709.65,702.83,706.38,552704.0,706.932044
2026-08-24T20:35:06.234,7,7,QQQ260831P00673000,QQQ,2026-08-31,put,673.0,0.7,26.0,0.72,39.0,0.71,0.61,7.0,0.2387,-0.0682,0.0056,-0.2145,0.1287,-0.0094,2026-08-24,709.625,709.65,702.83,706.38,552704.0,706.932044
2026-08-24T20:35:06.234,7,7,QQQ260831P00674000,QQQ,2026-08-31,put,674.0,0.7,48.0,0.76,25.0,0.73,0.7,2.0,0.2346,-0.0709,0.0059,-0.217,0.1325,-0.0097,2026-08-24,709.625,709.65,702.83,706.38,552704.0,706.932044
2026-08-24T20:35:06.234,7,7,QQQ260831P00675000,QQQ,2026-08-31,put,675.0,0.79,30.0,0.81,61.0,0.8,0.76,8.0,0.234,-0.0767,0.0063,-0.2299,0.1408,-0.0105,2026-08-24,709.625,709.65,702.83,706.38,552704.0,706.932044
2026-08-24T20:35:06.234,7,7,QQQ260831P00676000,QQQ,2026-08-31,put,676.0,0.84,104.0,0.86,12.0,0.85,0.79,1.0,0.2317,-0.0814,0.0067,-0.238,0.1474,-0.0112,2026-08-24,709.625,709.65,702.83,706.38,552704.0,706.932044
2026-08-24T20:35:06.234,7,7,QQQ260831P00677000,QQQ,2026-08-31,put,677.0,0.86,33.0,0.92,3.0,0.89,0.86,3.0,0.2284,-0.0857,0.007,-0.2436,0.1531,-0.0118,2026-08-24,709.625,709.65,702.83,706.38,552704.0,706.932044
2026-08-24T20:35:06.234,7,7,QQQ260831P00678000,QQQ,2026-08-31,put,678.0,0.92,54.0,0.99,37.0,0.9550000000000001,0.89,1.0,0.2266,-0.0915,0.0074,-0.2536,0.1607,-0.0126,2026-08-24,709.625,709.65,702.83,706.38,552704.0,706.932044
2026-08-24T20:35:06.234,7,7,QQQ260831P00679000,QQQ,2026-08-31,put,679.0,1.03,49.0,1.06,67.0,1.045,1.0,2.0,0.226,-0.0988,0.0079,-0.2675,0.1701,-0.0136,2026-08-24,709.625,709.65,702.83,706.38,552704.0,706.932044
2026-08-24T20:35:06.234,7,7,QQQ260831P00680000,QQQ,2026-08-31,put,680.0,1.1,84.0,1.12,10.0,1.11,1.04,1.0,0.2235,-0.1049,0.0083,-0.2761,0.1776,-0.0144,2026-08-24,709.625,709.65,702.83,706.38,552704.0,706.932044
2026-08-24T20:35:06.234,7,7,QQQ260831P00681000,QQQ,2026-08-31,put,681.0,1.17,119.0,1.2,10.0,1.185,1.12,1.0,0.2214,-0.1116,0.0088,-0.2857,0.1857,-0.0153,2026-08-24,709.625,709.65,702.83,706.38,552704.0,706.932044
2026-08-24T20:35:06.234,7,7,QQQ260831P00682000,QQQ,2026-08-31,put,682.0,1.26,51.0,1.3,39.0,1.28,1.2,141.0,0.22,-0.1195,0.0093,-0.2979,0.195,-0.0164,2026-08-24,709.625,709.65,702.83,706.38,552704.0,706.932044
2026-08-24T20:35:06.234,7,7,QQQ260831P00683000,QQQ,2026-08-31,put,683.0,1.35,62.0,1.39,38.0,1.37,1.29,1.0,0.218,-0.1272,0.0098,-0.3082,0.2038,-0.0175,2026-08-24,709.625,709.65,702.83,706.38,552704.0,706.932044
2026-08-24T20:35:06.234,7,7,QQQ260831P00684000,QQQ,2026-08-31,put,684.0,1.45,44.0,1.49,42.0,1.47,1.39,12.0,0.2162,-0.1357,0.0103,-0.3192,0.213,-0.0187,2026-08-24,709.625,709.65,702.83,706.38,552704.0,706.932044
2026-08-24T20:35:06.234,7,7,QQQ260831P00685000,QQQ,2026-08-31,put,685.0,1.52,69.0,1.61,16.0,1.565,1.49,3.0,0.2138,-0.144,0.0109,-0.3285,0.2218,-0.0198,2026-08-24,709.625,709.65,702.83,706.38,552704.0,706.932044
2026-08-24T20:35:06.234,7,7,QQQ260831P00686000,QQQ,2026-08-31,put,686.0,1.66,71.0,1.7,14.0,1.68,1.61,50.0,0.212,-0.1535,0.0114,-0.3396,0.2315,-0.0211,2026-08-24,709.625,709.65,702.83,706.38,552704.0,706.932044
2026-08-24T20:35:06.234,7,7,QQQ260831P00687000,QQQ,2026-08-31,put,687.0,1.79,83.0,1.83,38.0,1.81,1.77,1.0,0.2105,-0.1639,0.012,-0.3516,0.2417,-0.0225,2026-08-24,709.625,709.65,702.83,706.38,552704.0,706.932044
2026-08-24T20:35:06.234,7,7,QQQ260831P00688000,QQQ,2026-08-31,put,688.0,1.92,42.0,1.96,4.0,1.94,1.86,3.0,0.2087,-0.1744,0.0126,-0.3623,0.2515,-0.024,2026-08-24,709.625,709.65,702.83,706.38,552704.0,706.932044
2026-08-24T20:35:06.234,7,7,QQQ260831P00689000,QQQ,2026-08-31,put,689.0,2.07,132.0,2.12,33.0,2.0949999999999998,2.05,7.0,0.2074,-0.1862,0.0132,-0.3748,0.2621,-0.0256,2026-08-24,709.625,709.65,702.83,706.38,552704.0,706.932044
2026-08-24T20:35:06.234,7,7,QQQ260831P00690000,QQQ,2026-08-31,put,690.0,2.22,77.0,2.23,33.0,2.225,2.14,1.0,0.2048,-0.1972,0.0139,-0.3828,0.2714,-0.0271,2026-08-24,709.625,709.65,702.83,706.38,552704.0,706.932044
2026-08-24T20:35:06.234,7,7,QQQ260831P00691000,QQQ,2026-08-31,put,691.0,2.32,104.0,2.37,28.0,2.3449999999999998,2.35,7.0,0.2015,-0.208,0.0145,-0.3884,0.2803,-0.0286,2026-08-24,709.625,709.65,702.83,706.38,552704.0,706.932044
2026-08-24T20:35:06.234,7,7,QQQ260831P00692000,QQQ,2026-08-31,put,692.0,2.58,22.0,2.62,31.0,2.6,2.51,1.0,0.2026,-0.2244,0.0151,-0.4075,0.2928,-0.0309,2026-08-24,709.625,709.65,702.83,706.38,552704.0,706.932044
2026-08-24T20:35:06.234,7,7,QQQ260831P00693000,QQQ,2026-08-31,put,693.0,2.71,27.0,2.74,14.0,2.725,2.74,1.0,0.1987,-0.236,0.0159,-0.4107,0.3012,-0.0325,2026-08-24,709.625,709.65,702.83,706.38,552704.0,706.932044
2026-08-24T20:35:06.234,7,7,QQQ260831P00694000,QQQ,2026-08-31,put,694.0,2.91,38.0,2.96,18.0,2.935,2.9,1.0,0.1974,-0.2511,0.0165,-0.421,0.3114,-0.0346,2026-08-24,709.625,709.65,702.83,706.38,552704.0,706.932044
2026-08-24T20:35:06.234,7,7,QQQ260831P00695000,QQQ,2026-08-31,put,695.0,3.09,80.0,3.14,10.0,3.115,3.11,8.0,0.1946,-0.2654,0.0172,-0.4265,0.3205,-0.0365,2026-08-24,709.625,709.65,702.83,706.38,552704.0,706.932044
2026-08-24T20:35:06.234,7,7,QQQ260831P00696000,QQQ,2026-08-31,put,696.0,3.34,20.0,3.4,7.0,3.37,3.3,2.0,0.1938,-0.2824,0.0178,-0.4372,0.3305,-0.0389,2026-08-24,709.625,709.65,702.83,706.38,552704.0,706.932044
2026-08-24T20:35:06.234,7,7,QQQ260831P00697000,QQQ,2026-08-31,put,697.0,3.67,16.0,3.73,79.0,3.7,3.58,1.0,0.1946,-0.3015,0.0183,-0.4521,0.3407,-0.0415,2026-08-24,709.625,709.65,702.83,706.38,552704.0,706.932044
2026-08-24T20:35:06.234,7,7,QQQ260831P00698000,QQQ,2026-08-31,put,698.0,3.84,16.0,3.91,18.0,3.875,3.79,1.0,0.1905,-0.3168,0.0191,-0.451,0.3482,-0.0436,2026-08-24,709.625,709.65,702.83,706.38,552704.0,706.932044
2026-08-24T20:35:06.234,7,7,QQQ260831P00699000,QQQ,2026-08-31,put,699.0,4.13,17.0,4.23,48.0,4.18,4.14,1.0,0.1896,-0.3357,0.0197,-0.4588,0.3565,-0.0463,2026-08-24,709.625,709.65,702.83,706.38,552704.0,706.932044
2026-08-24T20:35:06.234,7,7,QQQ260831P00700000,QQQ,2026-08-31,put,700.0,4.48,351.0,4.61,7.0,4.545,4.39,2.0,0.1899,-0.356,0.0201,-0.4686,0.3644,-0.0491,2026-08-24,709.625,709.65,702.83,706.38,552704.0,706.932044
2026-08-24T20:35:06.234,7,7,QQQ260831P00701000,QQQ,2026-08-31,put,701.0,4.84,5.0,4.91,5.0,4.875,4.71,4.0,0.1886,-0.3757,0.0206,-0.4729,0.371,-0.0518,2026-08-24,709.625,709.65,702.83,706.38,552704.0,706.932044
2026-08-24T20:35:06.234,7,7,QQQ260831P00702000,QQQ,2026-08-31,put,702.0,5.1,25.0,5.21,57.0,5.154999999999999,5.08,1.0,0.1856,-0.3951,0.0212,-0.4707,0.3765,-0.0545,2026-08-24,709.625,709.65,702.83,706.38,552704.0,706.932044
2026-08-24T20:35:06.234,7,7,QQQ260831P00703000,QQQ,2026-08-31,put,703.0,5.46,24.0,5.47,3.0,5.465,5.42,1.0,0.1828,-0.4154,0.0218,-0.468,0.3813,-0.0573,2026-08-24,709.625,709.65,702.83,706.38,552704.0,706.932044
2026-08-24T20:35:06.234,7,7,QQQ260831P00704000,QQQ,2026-08-31,put,704.0,5.85,8.0,5.91,26.0,5.88,5.85,50.0,0.1823,-0.4373,0.0221,-0.4701,0.3853,-0.0603,2026-08-24,709.625,709.65,702.83,706.38,552704.0,706.932044
2026-08-24T20:35:06.234,7,7,QQQ260831P00705000,QQQ,2026-08-31,put,705.0,6.37,30.0,6.4,90.0,6.385,6.18,1.0,0.1835,-0.4597,0.0221,-0.4755,0.3881,-0.0635,2026-08-24,709.625,709.65,702.83,706.38,552704.0,706.932044
2026-08-24T20:35:06.234,7,7,QQQ260831P00706000,QQQ,2026-08-31,put,706.0,6.58,99.0,6.74,25.0,6.66,6.61,1.0,0.1782,-0.4817,0.0229,-0.4613,0.3897,-0.0665,2026-08-24,709.625,709.65,702.83,706.38,552704.0,706.932044
2026-08-24T20:35:06.234,7,7,QQQ260831P00707000,QQQ,2026-08-31,put,707.0,7.0,3.0,7.32,54.0,7.16,7.14,1.0,0.1781,-0.5046,0.0229,-0.4599,0.3901,-0.0697,2026-08-24,709.625,709.65,702.83,706.38,552704.0,706.932044
2026-08-24T20:35:06.234,7,7,QQQ260831P00708000,QQQ,2026-08-31,put,708.0,7.58,21.0,7.75,25.0,7.665,7.5,5.0,0.1776,-0.5275,0.0229,-0.4557,0.3892,-0.0729,2026-08-24,709.625,709.65,702.83,706.38,552704.0,706.932044
2026-08-24T20:35:06.234,7,7,QQQ260831P00709000,QQQ,2026-08-31,put,709.0,8.039,13.0,8.13,10.0,8.0845,8.04,2.0,0.1743,-0.5515,0.0232,-0.4418,0.3868,-0.0762,2026-08-24,709.625,709.65,702.83,706.38,552704.0,706.932044
2026-08-24T20:35:06.234,7,7,QQQ260831P00710000,QQQ,2026-08-31,put,710.0,8.69,5.0,8.76,11.0,8.725,8.47,4.0,0.1761,-0.5736,0.0228,-0.4408,0.3834,-0.0793,2026-08-24,709.625,709.65,702.83,706.38,552704.0,706.932044
2026-08-24T20:35:06.234,7,7,QQQ260831P00711000,QQQ,2026-08-31,put,711.0,9.0,5.0,9.08,15.0,9.04,9.06,3.0,0.1687,-0.6006,0.0234,-0.4116,0.3776,-0.0831,2026-08-24,709.625,709.65,702.83,706.38,552704.0,706.932044
2026-08-24T20:35:06.234,7,7,QQQ260831P00712000,QQQ,2026-08-31,put,712.0,9.56,2.0,10.01,14.0,9.785,9.6,1.0,0.172,-0.6212,0.0226,-0.4122,0.372,-0.086,2026-08-24,709.625,709.65,702.83,706.38,552704.0,706.932044
2026-08-24T20:35:06.234,7,7,QQQ260831P00713000,QQQ,2026-08-31,put,713.0,10.5,2.0,10.61,15.0,10.555,10.29,3.0,0.1756,-0.6404,0.0218,-0.4123,0.3657,-0.0887,2026-08-24,709.625,709.65,702.83,706.38,552704.0,706.932044
2026-08-24T20:35:06.234,7,7,QQQ260831P00714000,QQQ,2026-08-31,put,714.0,11.02,11.0,11.1,1.0,11.059999999999999,10.74,97.0,0.1712,-0.6658,0.0217,-0.3871,0.3559,-0.0923,2026-08-24,709.625,709.65,702.83,706.38,552704.0,706.932044
2026-08-24T20:35:06.234,7,7,QQQ260831P00715000,QQQ,2026-08-31,put,715.0,11.54,8.0,11.88,11.0,11.71,11.54,30.0,0.1702,-0.6881,0.0213,-0.3708,0.3459,-0.0954,2026-08-24,709.625,709.65,702.83,706.38,552704.0,706.932044
2026-08-24T20:35:06.234,7,7,QQQ260831P00716000,QQQ,2026-08-31,put,716.0,12.23,5.0,12.25,13.0,12.24,12.22,4.0,0.165,-0.715,0.021,-0.3394,0.332,-0.0992,2026-08-24,709.625,709.65,702.83,706.38,552704.0,706.932044
2026-08-24T20:35:06.234,7,7,QQQ260831P00717000,QQQ,2026-08-31,put,717.0,12.58,18.0,13.38,78.0,12.98,12.92,3.0,0.1652,-0.7351,0.0203,-0.3247,0.3202,-0.102,2026-08-24,709.625,709.65,702.83,706.38,552704.0,706.932044
2026-08-24T20:35:06.234,7,7,QQQ260831P00718000,QQQ,2026-08-31,put,718.0,13.26,3.0,13.77,13.0,13.515,13.36,2.0,0.1581,-0.7646,0.0199,-0.2842,0.3008,-0.1061,2026-08-24,709.625,709.65,702.83,706.38,552704.0,706.932044
2026-08-24T20:35:06.234,7,7,QQQ260831P00719000,QQQ,2026-08-31,put,719.0,14.42,16.0,14.57,16.0,14.495000000000001,13.96,1.0,0.165,-0.7737,0.0187,-0.2906,0.2942,-0.1075,2026-08-24,709.625,709.65,702.83,706.38,552704.0,706.932044
2026-08-24T20:35:06.234,7,7,QQQ260831P00720000,QQQ,2026-08-31,put,720.0,14.84,60.0,15.61,60.0,15.225,14.97,2.0,0.1628,-0.7947,0.0179,-0.2658,0.2781,-0.1105,2026-08-24,709.625,709.65,702.83,706.38,552704.0,706.932044
2026-08-24T20:35:06.234,7,7,QQQ260831P00721000,QQQ,2026-08-31,put,721.0,15.67,3.0,15.97,2.0,15.82,14.78,1.0,0.1546,-0.8245,0.0171,-0.2189,0.2525,-0.1147,2026-08-24,709.625,709.65,702.83,706.38,552704.0,706.932044
2026-08-24T20:35:06.234,7,7,QQQ260831P00722000,QQQ,2026-08-31,put,722.0,16.6,1.0,17.51,1.0,17.055,16.68,1.0,0.1705,-0.8165,0.0159,-0.257,0.2597,-0.1138,2026-08-24,709.625,709.65,702.83,706.38,552704.0,706.932044
2026-08-24T20:35:06.234,7,7,QQQ260831P00723000,QQQ,2026-08-31,put,723.0,17.31,3.0,18.27,1.0,17.79,16.64,2.0,0.1667,-0.8373,0.0151,-0.2253,0.2405,-0.1168,2026-08-24,709.625,709.65,702.83,706.38,552704.0,706.932044
2026-08-24T20:35:06.234,7,7,QQQ260831P00724000,QQQ,2026-08-31,put,724.0,18.31,1.0,19.18,1.0,18.744999999999997,17.37,5.0,0.1713,-0.8449,0.0142,-0.2236,0.2331,-0.118,2026-08-24,709.625,709.65,702.83,706.38,552704.0,706.932044
2026-08-24T20:35:06.234,7,7,QQQ260831P00725000,QQQ,2026-08-31,put,725.0,19.2,3.0,19.55,6.0,19.375,19.13,5.0,0.1605,-0.8742,0.0132,-0.1682,0.2022,-0.1221,2026-08-24,709.625,709.65,702.83,706.38,552704.0,706.932044
2026-08-24T20:35:06.234,7,7,QQQ260831P00726000,QQQ,2026-08-31,put,726.0,19.79,1.0,21.01,1.0,20.4,19.76,1.0,0.1678,-0.876,0.0125,-0.176,0.2002,-0.1225,2026-08-24,709.625,709.65,702.83,706.38,552704.0,706.932044
2026-08-24T20:35:06.234,7,7,QQQ260831P00727000,QQQ,2026-08-31,put,727.0,20.87,3.0,21.11,2.0,20.990000000000002,19.33,1.0,0.1505,-0.9125,0.0108,-0.1006,0.1555,-0.1276,2026-08-24,709.625,709.65,702.83,706.38,552704.0,706.932044
2026-08-24T20:35:06.234,7,7,QQQ260831P00728000,QQQ,2026-08-31,put,728.0,21.34,1.0,22.71,1.0,22.025,21.64,50.0,0.1582,-0.9118,0.0103,-0.1102,0.1564,-0.1277,2026-08-24,709.625,709.65,702.83,706.38,552704.0,706.932044
2026-08-24T20:35:06.234,7,7,QQQ260831P00729000,QQQ,2026-08-31,put,729.0,22.99,1.0,23.56,2.0,23.275,22.69,18.0,0.1787,-0.8943,0.0105,-0.1625,0.1787,-0.1256,2026-08-24,709.625,709.65,702.83,706.38,552704.0,706.932044
2026-08-24T20:35:06.234,7,7,QQQ260831P00730000,QQQ,2026-08-31,put,730.0,23.56,3.0,23.91,1.0,23.735,23.53,3.0,0.1468,-0.9445,0.0078,-0.0458,0.1096,-0.1324,2026-08-24,709.625,709.65,702.83,706.38,552704.0,706.932044
2026-08-24T20:35:06.234,7,7,QQQ260831P00731000,QQQ,2026-08-31,put,731.0,24.11,1.0,25.59,1.0,24.85,24.36,5.0,0.1616,-0.9341,0.0081,-0.0762,0.1253,-0.1313,2026-08-24,709.625,709.65,702.83,706.38,552704.0,706.932044
2026-08-24T20:35:06.234,7,7,QQQ260831P00732000,QQQ,2026-08-31,put,732.0,25.78,3.0,26.72,1.0,26.25,24.59,1.0,0.1941,-0.9034,0.009,-0.1655,0.1673,-0.1274,2026-08-24,709.625,709.65,702.83,706.38,552704.0,706.932044
2026-08-24T20:35:06.234,7,7,QQQ260831P00733000,QQQ,2026-08-31,put,733.0,26.3,1.0,27.29,1.0,26.795,25.64,1.0,0.167,-0.9425,0.0071,-0.0652,0.1127,-0.1328,2026-08-24,709.625,709.65,702.83,706.38,552704.0,706.932044
2026-08-24T20:35:06.234,7,7,QQQ260831P00734000,QQQ,2026-08-31,put,734.0,27.82,1.0,28.26,1.0,28.04,26.43,1.0,0.1913,-0.9227,0.0077,-0.1254,0.1416,-0.1303,2026-08-24,709.625,709.65,702.83,706.38,552704.0,706.932044
2026-08-24T20:35:06.234,7,7,QQQ260831P00735000,QQQ,2026-08-31,put,735.0,28.73,3.0,29.34,1.0,29.035,28.5,2.0,0.1961,-0.9248,0.0074,-0.1261,0.1387,-0.1308,2026-08-24,709.625,709.65,702.83,706.38,552704.0,706.932044
2026-08-24T20:35:06.234,7,7,QQQ260831P00736000,QQQ,2026-08-31,put,736.0,29.23,1.0,30.18,1.0,29.705,25.17,5.0,0.1726,-0.9549,0.0056,-0.0441,0.0929,-0.135,2026-08-24,709.625,709.65,702.83,706.38,552704.0,706.932044
2026-08-24T20:35:06.234,7,7,QQQ260831P00737000,QQQ,2026-08-31,put,737.0,30.18,1.0,30.61,1.0,30.395,26.43,1.0,0.0911,-0.9996,0.0002,0.0727,0.0015,-0.1412,2026-08-24,709.625,709.65,702.83,706.38,552704.0,706.932044
2026-08-24T20:35:06.234,7,7,QQQ260831P00738000,QQQ,2026-08-31,put,738.0,31.3,3.0,32.08,1.0,31.689999999999998,27.39,1.0,0.1803,-0.9582,0.0051,-0.0416,0.0873,-0.1358,2026-08-24,709.625,709.65,702.83,706.38,552704.0,706.932044
2026-08-24T20:35:06.234,7,7,QQQ260831P00739000,QQQ,2026-08-31,put,739.0,32.21,1.0,33.67,1.0,32.94,32.58,1.0,0.2091,-0.9376,0.006,-0.1099,0.1202,-0.1333,2026-08-24,709.625,709.65,702.83,706.38,552704.0,706.932044
2026-08-24T20:35:06.234,7,7,QQQ260831P00740000,QQQ,2026-08-31,put,740.0,33.75,4.0,34.22,4.0,33.985,34.8,5.0,0.2178,-0.9354,0.0059,-0.1225,0.1234,-0.1332,2026-08-24,709.625,709.65,702.83,706.38,552704.0,706.932044
2026-08-24T20:35:06.234,7,7,QQQ260831P00741000,QQQ,2026-08-31,put,741.0,34.27,3.0,35.86,1.0,35.065,31.78,3.0,0.2291,-0.931,0.0059,-0.1432,0.1299,-0.1328,2026-08-24,709.625,709.65,702.83,706.38,552704.0,706.932044
2026-08-24T20:35:06.234,7,7,QQQ260831P00742000,QQQ,2026-08-31,put,742.0,35.15,2.0,35.7,2.0,35.425,34.85,1.0,0.1445,-0.9925,0.0015,0.0528,0.0202,-0.1412,2026-08-24,709.625,709.65,702.83,706.38,552704.0,706.932044
2026-08-24T20:35:06.234,7,7,QQQ260831P00743000,QQQ,2026-08-31,put,743.0,35.8,2.0,36.67,2.0,36.235,36.18,1.0,,,,,,,2026-08-24,709.625,709.65,702.83,706.38,552704.0,706.932044
2026-08-24T20:35:06.234,7,7,QQQ260831P00744000,QQQ,2026-08-31,put,744.0,37.29,2.0,38.28,2.0,37.785,32.82,16.0,0.2185,-0.9545,0.0045,-0.0748,0.0935,-0.1365,2026-08-24,709.625,709.65,702.83,706.38,552704.0,706.932044
2026-08-24T20:35:06.234,7,7,QQQ260831P00745000,QQQ,2026-08-31,put,745.0,37.39,2.0,38.8,2.0,38.095,38.65,2.0,,,,,,,2026-08-24,709.625,709.65,702.83,706.38,552704.0,706.932044
2026-08-24T20:35:06.234,7,7,QQQ260831P00746000,QQQ,2026-08-31,put,746.0,38.92,2.0,40.07,2.0,39.495000000000005,17.48,4.0,0.1834,-0.9832,0.0023,0.02,0.0408,-0.1407,2026-08-24,709.625,709.65,702.83,706.38,552704.0,706.932044
2026-08-24T20:35:06.234,7,7,QQQ260831P00747000,QQQ,2026-08-31,put,747.0,40.64,2.0,41.23,2.0,40.935,16.4,1.0,0.2475,-0.9458,0.0045,-0.1191,0.1075,-0.1359,2026-08-24,709.625,709.65,702.83,706.38,552704.0,706.932044
2026-08-24T20:35:06.234,7,7,QQQ260831P00748000,QQQ,2026-08-31,put,748.0,41.65,2.0,42.58,2.0,42.114999999999995,19.65,1.0,0.2679,-0.9353,0.0048,-0.1661,0.1235,-0.1347,2026-08-24,709.625,709.65,702.83,706.38,552704.0,706.932044
2026-08-24T20:35:06.234,7,7,QQQ260831P00749000,QQQ,2026-08-31,put,749.0,42.59,1.0,43.98,1.0,43.285,36.18,1.0,0.286,-0.9268,0.005,-0.2079,0.1359,-0.1338,2026-08-24,709.625,709.65,702.83,706.38,552704.0,706.932044
2026-08-24T20:35:06.234,7,7,QQQ260831P00750000,QQQ,2026-08-31,put,750.0,43.09,2.0,45.21,2.0,44.150000000000006,45.44,1.0,0.2806,-0.9351,0.0046,-0.1776,0.1238,-0.1351,2026-08-24,709.625,709.65,702.83,706.38,552704.0,706.932044
2026-08-24T20:35:06.234,7,7,QQQ260831P00751000,QQQ,2026-08-31,put,751.0,43.73,1.0,45.75,1.0,44.739999999999995,81.03,6.0,0.245,-0.9624,0.0034,-0.0677,0.0801,-0.1389,2026-08-24,709.625,709.65,702.83,706.38,552704.0,706.932044
2026-08-24T20:35:06.234,7,7,QQQ260831P00752000,QQQ,2026-08-31,put,752.0,45.21,2.0,45.48,1.0,45.345,42.06,5.0,,,,,,,2026-08-24,709.625,709.65,702.83,706.38,552704.0,706.932044
2026-08-24T20:35:06.234,7,7,QQQ260831P00753000,QQQ,2026-08-31,put,753.0,45.86,1.0,46.75,1.0,46.305,64.8,1.0,,,,,,,2026-08-24,709.625,709.65,702.83,706.38,552704.0,706.932044
2026-08-24T20:35:06.234,7,7,QQQ260831P00754000,QQQ,2026-08-31,put,754.0,46.56,2.0,47.8,1.0,47.18,39.07,3.0,,,,,,,2026-08-24,709.625,709.65,702.83,706.38,552704.0,706.932044
2026-08-24T20:35:06.234,7,7,QQQ260831P00755000,QQQ,2026-08-31,put,755.0,48.76,2.0,49.0,1.0,48.879999999999995,35.17,3.0,0.2792,-0.9549,0.0035,-0.1127,0.0928,-0.1387,2026-08-24,709.625,709.65,702.83,706.38,552704.0,706.932044
2026-08-24T20:35:06.234,7,7,QQQ260831P00756000,QQQ,2026-08-31,put,756.0,48.37,2.0,50.52,2.0,49.445,38.0,1.0,0.2069,-0.9905,0.0013,0.0381,0.0249,-0.1436,2026-08-24,709.625,709.65,702.83,706.38,552704.0,706.932044
2026-08-24T20:35:06.234,7,7,QQQ260831P00757000,QQQ,2026-08-31,put,757.0,50.54,1.0,50.98,1.0,50.76,71.41,1.0,0.274,-0.9639,0.003,-0.0787,0.0776,-0.1403,2026-08-24,709.625,709.65,702.83,706.38,552704.0,706.932044
2026-08-24T20:35:06.234,7,7,QQQ260831P00758000,QQQ,2026-08-31,put,758.0,50.67,1.0,52.69,1.0,51.68,37.96,9.0,0.2672,-0.9699,0.0026,-0.0536,0.0667,-0.1413,2026-08-24,709.625,709.65,702.83,706.38,552704.0,706.932044
2026-08-24T20:35:06.234,7,7,QQQ260831P00759000,QQQ,2026-08-31,put,759.0,52.47,2.0,53.17,1.0,52.82,28.6,1.0,0.2903,-0.9608,0.003,-0.0987,0.0829,-0.1402,2026-08-24,709.625,709.65,702.83,706.38,552704.0,706.932044
2026-08-24T20:35:06.234,7,7,QQQ260831P00760000,QQQ,2026-08-31,put,760.0,53.91,1.0,54.08,1.0,53.995,45.69,1.0,0.314,-0.951,0.0033,-0.1501,0.0993,-0.1391,2026-08-24,709.625,709.65,702.83,706.38,552704.0,706.932044
2026-08-24T20:35:06.234,7,7,QQQ260831P00761000,QQQ,2026-08-31,put,761.0,54.93,2.0,56.12,2.0,55.525,48.62,1.0,0.3636,-0.9262,0.0039,-0.2839,0.1367,-0.1361,2026-08-24,709.625,709.65,702.83,706.38,552704.0,706.932044
2026-08-24T20:35:06.234,7,7,QQQ260831P00762000,QQQ,2026-08-31,put,762.0,55.17,1.0,56.15,1.0,55.66,53.13,12.0,0.2809,-0.9726,0.0023,-0.0494,0.0616,-0.1424,2026-08-24,709.625,709.65,702.83,706.38,552704.0,706.932044
2026-08-24T20:35:06.234,7,7,QQQ260831P00763000,QQQ,2026-08-31,put,763.0,56.93,2.0,58.0,2.0,57.465,,,0.3689,-0.9303,0.0037,-0.2733,0.1308,-0.137,2026-08-24,709.625,709.65,702.83,706.38,552704.0,706.932044
2026-08-24T20:35:06.234,7,7,QQQ260831P00764000,QQQ,2026-08-31,put,764.0,57.13,2.0,59.27,1.0,58.2,,,0.3519,-0.9428,0.0033,-0.2094,0.1122,-0.1388,2026-08-24,709.625,709.65,702.83,706.38,552704.0,706.932044
2026-08-24T20:35:06.234,7,7,QQQ260831P00765000,QQQ,2026-08-31,put,765.0,57.34,1.0,59.62,1.0,58.480000000000004,32.94,1.0,0.2536,-0.9876,0.0013,0.0187,0.0314,-0.1449,2026-08-24,709.625,709.65,702.83,706.38,552704.0,706.932044
2026-08-24T20:35:06.234,7,7,QQQ260831P00766000,QQQ,2026-08-31,put,766.0,59.99,2.0,61.32,1.0,60.655,48.15,1.0,0.3977,-0.9248,0.0036,-0.3224,0.1386,-0.1369,2026-08-24,709.625,709.65,702.83,706.38,552704.0,706.932044
2026-08-24T20:35:06.234,7,7,QQQ260831P00767000,QQQ,2026-08-31,put,767.0,59.68,2.0,62.11,1.0,60.894999999999996,,,0.3344,-0.9598,0.0026,-0.1281,0.0846,-0.1417,2026-08-24,709.625,709.65,702.83,706.38,552704.0,706.932044
2026-08-24T20:35:06.234,7,7,QQQ260831P00768000,QQQ,2026-08-31,put,768.0,60.59,1.0,62.86,1.0,61.725,,,0.3161,-0.9701,0.0022,-0.0752,0.0664,-0.1432,2026-08-24,709.625,709.65,702.83,706.38,552704.0,706.932044
2026-08-24T20:35:06.234,7,7,QQQ260831P00769000,QQQ,2026-08-31,put,769.0,62.52,1.0,64.29,1.0,63.405,52.36,1.0,0.3929,-0.9368,0.0032,-0.268,0.1213,-0.139,2026-08-24,709.625,709.65,702.83,706.38,552704.0,706.932044
2026-08-24T20:35:06.234,7,7,QQQ260831P00770000,QQQ,2026-08-31,put,770.0,62.64,1.0,63.41,1.0,63.025,100.25,1.0,,,,,,,2026-08-24,709.625,709.65,702.83,706.38,552704.0,706.932044
2026-08-24T20:35:06.234,7,7,QQQ260831P00771000,QQQ,2026-08-31,put,771.0,63.16,1.0,66.28,1.0,64.72,,,0.3278,-0.9712,0.0021,-0.0755,0.0643,-0.1439,2026-08-24,709.625,709.65,702.83,706.38,552704.0,706.932044
2026-08-24T20:35:06.234,7,7,QQQ260831P00772000,QQQ,2026-08-31,put,772.0,64.09,2.0,65.68,2.0,64.885,107.99,1.0,,,,,,,2026-08-24,709.625,709.65,702.83,706.38,552704.0,706.932044
2026-08-24T20:35:06.234,7,7,QQQ260831P00773000,QQQ,2026-08-31,put,773.0,65.08,2.0,67.0,1.0,66.03999999999999,108.97,1.0,,,,,,,2026-08-24,709.625,709.65,702.83,706.38,552704.0,706.932044
2026-08-24T20:35:06.234,7,7,QQQ260831P00774000,QQQ,2026-08-31,put,774.0,65.89,2.0,69.43,1.0,67.66,81.33,20.0,0.3301,-0.9756,0.0018,-0.0563,0.056,-0.1451,2026-08-24,709.625,709.65,702.83,706.38,552704.0,706.932044
2026-08-24T20:35:06.234,7,7,QQQ260831P00775000,QQQ,2026-08-31,put,775.0,67.04,2.0,68.24,2.0,67.64,105.25,1.0,,,,,,,2026-08-24,709.625,709.65,702.83,706.38,552704.0,706.932044
2026-08-24T20:35:06.234,7,7,QQQ260831P00780000,QQQ,2026-08-31,put,780.0,72.79,2.0,74.84,1.0,73.815,60.36,42.0,0.3793,-0.9683,0.0019,-0.1131,0.0697,-0.1453,2026-08-24,709.625,709.65,702.83,706.38,552704.0,706.932044
2026-08-24T20:35:06.234,7,7,QQQ260831P00785000,QQQ,2026-08-31,put,785.0,78.41,2.0,79.82,2.0,79.115,67.1,1.0,0.4377,-0.956,0.0022,-0.2092,0.091,-0.1446,2026-08-24,709.625,709.65,702.83,706.38,552704.0,706.932044
2026-08-24T20:35:06.234,7,7,QQQ260831P00790000,QQQ,2026-08-31,put,790.0,81.61,2.0,84.67,1.0,83.14,67.27,1.0,,,,,,,2026-08-24,709.625,709.65,702.83,706.38,552704.0,706.932044
2026-08-24T20:35:06.234,7,7,QQQ260831P00795000,QQQ,2026-08-31,put,795.0,86.39,2.0,87.86,1.0,87.125,84.72,1.0,,,,,,,2026-08-24,709.625,709.65,702.83,706.38,552704.0,706.932044
2026-08-24T20:35:06.234,7,7,QQQ260831P00800000,QQQ,2026-08-31,put,800.0,94.35,2.0,95.62,2.0,94.985,92.69,1.0,0.5835,-0.9327,0.0023,-0.4555,0.1274,-0.1445,2026-08-24,709.625,709.65,702.83,706.38,552704.0,706.932044
2026-08-24T20:35:06.234,7,7,QQQ260831P00805000,QQQ,2026-08-31,put,805.0,96.73,1.0,98.9,1.0,97.815,,,,,,,,,2026-08-24,709.625,709.65,702.83,706.38,552704.0,706.932044
2026-08-24T20:35:06.234,7,7,QQQ260831P00810000,QQQ,2026-08-31,put,810.0,103.24,2.0,104.82,2.0,104.03,74.53,1.0,0.5312,-0.9656,0.0015,-0.2039,0.0745,-0.1507,2026-08-24,709.625,709.65,702.83,706.38,552704.0,706.932044
2026-08-24T20:35:06.234,7,7,QQQ260831P00815000,QQQ,2026-08-31,put,815.0,109.85,2.0,110.41,2.0,110.13,103.19,1.0,0.6624,-0.9345,0.002,-0.5131,0.1247,-0.1477,2026-08-24,709.625,709.65,702.83,706.38,552704.0,706.932044
2026-08-24T20:35:06.234,7,7,QQQ260831P00820000,QQQ,2026-08-31,put,820.0,111.2,2.0,114.59,1.0,112.89500000000001,84.26,9.0,,,,,,,2026-08-24,709.625,709.65,702.83,706.38,552704.0,706.932044
2026-08-24T20:35:06.234,7,7,QQQ260831P00825000,QQQ,2026-08-31,put,825.0,119.55,2.0,120.09,2.0,119.82,116.23,2.0,0.679,-0.9453,0.0017,-0.4467,0.1083,-0.151,2026-08-24,709.625,709.65,702.83,706.38,552704.0,706.932044
2026-08-24T20:35:06.234,7,7,QQQ260831P00830000,QQQ,2026-08-31,put,830.0,124.57,1.0,125.26,1.0,124.91499999999999,105.0,1.0,0.7088,-0.9442,0.0016,-0.4779,0.11,-0.1518,2026-08-24,709.625,709.65,702.83,706.38,552704.0,706.932044
2026-08-24T20:35:06.234,7,7,QQQ260831P00835000,QQQ,2026-08-31,put,835.0,126.12,1.0,131.15,2.0,128.635,98.5,1.0,0.5546,-0.9837,0.0008,-0.0755,0.0399,-0.1579,2026-08-24,709.625,709.65,702.83,706.38,552704.0,706.932044
2026-08-24T20:35:06.234,7,7,QQQ260831P00840000,QQQ,2026-08-31,put,840.0,135.22,1.0,136.65,1.0,135.935,102.99,1.0,0.8337,-0.9251,0.0017,-0.7443,0.1383,-0.1513,2026-08-24,709.625,709.65,702.83,706.38,552704.0,706.932044
2026-08-24T20:35:06.234,7,7,QQQ260831P00845000,QQQ,2026-08-31,put,845.0,136.9,1.0,138.93,2.0,137.91500000000002,110.35,1.0,,,,,,,2026-08-24,709.625,709.65,702.83,706.38,552704.0,706.932044
2026-08-24T20:35:06.234,7,7,QQQ260831P00850000,QQQ,2026-08-31,put,850.0,142.47,2.0,143.52,2.0,142.995,133.96,1.0,,,,,,,2026-08-24,709.625,709.65,702.83,706.38,552704.0,706.932044
2026-08-24T20:35:06.234,7,7,QQQ260831P00855000,QQQ,2026-08-31,put,855.0,145.11,1.0,152.08,2.0,148.59500000000003,,,0.6134,-0.9862,0.0006,-0.0667,0.0345,-0.162,2026-08-24,709.625,709.65,702.83,706.38,552704.0,706.932044
2026-08-24T20:35:06.234,7,7,QQQ260831P00860000,QQQ,2026-08-31,put,860.0,154.03,1.0,156.67,1.0,155.35,,,0.8715,-0.9415,0.0014,-0.6286,0.1142,-0.1573,2026-08-24,709.625,709.65,702.83,706.38,552704.0,706.932044
2026-08-24T20:35:06.234,7,7,QQQ260831P00865000,QQQ,2026-08-31,put,865.0,159.96,2.0,162.1,1.0,161.03,,,0.9475,-0.93,0.0014,-0.8063,0.1312,-0.1568,2026-08-24,709.625,709.65,702.83,706.38,552704.0,706.932044
2026-08-24T20:35:06.234,7,7,QQQ260831P00870000,QQQ,2026-08-31,put,870.0,162.17,2.0,163.58,1.0,162.875,,,,,,,,,2026-08-24,709.625,709.65,702.83,706.38,552704.0,706.932044
2026-08-24T20:35:06.234,7,7,QQQ260831P00875000,QQQ,2026-08-31,put,875.0,168.01,2.0,171.31,2.0,169.66,161.76,1.0,0.8613,-0.9584,0.0011,-0.4504,0.087,-0.1623,2026-08-24,709.625,709.65,702.83,706.38,552704.0,706.932044
2026-08-24T20:35:06.234,7,7,QQQ260831P00880000,QQQ,2026-08-31,put,880.0,174.95,2.0,176.45,2.0,175.7,,,0.982,-0.9389,0.0013,-0.7445,0.1181,-0.1608,2026-08-24,709.625,709.65,702.83,706.38,552704.0,706.932044
2026-08-24T20:35:06.234,7,7,QQQ260831P00885000,QQQ,2026-08-31,put,885.0,179.56,2.0,180.05,2.0,179.805,,,0.9152,-0.9566,0.001,-0.5024,0.0899,-0.164,2026-08-24,709.625,709.65,702.83,706.38,552704.0,706.932044
2026-08-24T20:35:06.234,7,7,QQQ260831P00890000,QQQ,2026-08-31,put,890.0,181.25,1.0,185.46,1.0,183.35500000000002,,,0.614,-0.9962,0.0002,0.0405,0.011,-0.1701,2026-08-24,709.625,709.65,702.83,706.38,552704.0,706.932044
2026-08-24T20:35:06.234,7,7,QQQ260831P00895000,QQQ,2026-08-31,put,895.0,186.48,2.0,187.18,1.0,186.82999999999998,,,,,,,,,2026-08-24,709.625,709.65,702.83,706.38,552704.0,706.932044
2026-08-24T20:35:06.234,7,7,QQQ260831P00900000,QQQ,2026-08-31,put,900.0,192.91,2.0,194.18,2.0,193.54500000000002,184.82,1.0,0.7457,-0.989,0.0004,-0.0612,0.0282,-0.171,2026-08-24,709.625,709.65,702.83,706.38,552704.0,706.932044
2026-08-24T20:35:06.234,7,7,QQQ260831P00905000,QQQ,2026-08-31,put,905.0,197.08,1.0,197.99,1.0,197.53500000000003,,,,,,,,,2026-08-24,709.625,709.65,702.83,706.38,552704.0,706.932044
2026-08-24T20:35:06.234,7,7,QQQ260831P00910000,QQQ,2026-08-31,put,910.0,205.38,2.0,206.78,2.0,206.07999999999998,,,,,,,,,2026-08-24,709.625,709.65,702.83,706.38,552704.0,706.932044
2026-08-24T20:35:06.234,7,7,QQQ260831P00915000,QQQ,2026-08-31,put,915.0,204.12,2.0,209.87,2.0,206.995,,,,,,,,,2026-08-24,709.625,709.65,702.83,706.38,552704.0,706.932044
2026-08-24T20:35:06.234,7,7,QQQ260831P00920000,QQQ,2026-08-31,put,920.0,214.67,2.0,215.6,2.0,215.135,,,,,,,,,2026-08-24,709.625,709.65,702.83,706.38,552704.0,706.932044
2026-08-24T20:35:06.234,7,7,QQQ260831P00925000,QQQ,2026-08-31,put,925.0,217.99,2.0,219.1,2.0,218.54500000000002,,,,,,,,,2026-08-24,709.625,709.65,702.83,706.38,552704.0,706.932044
2026-08-24T20:35:06.234,7,7,QQQ260831P00930000,QQQ,2026-08-31,put,930.0,226.11,2.0,227.33,2.0,226.72000000000003,,,,,,,,,2026-08-24,709.625,709.65,702.83,706.38,552704.0,706.932044
2026-08-24T20:35:06.234,7,7,QQQ260831P00935000,QQQ,2026-08-31,put,935.0,224.55,2.0,233.31,2.0,228.93,,,,,,,,,2026-08-24,709.625,709.65,702.83,706.38,552704.0,706.932044
2026-08-24T20:35:06.234,7,7,QQQ260831P00940000,QQQ,2026-08-31,put,940.0,228.42,2.0,237.03,2.0,232.725,,,,,,,,,2026-08-24,709.625,709.65,702.83,706.38,552704.0,706.932044
2026-08-24T20:35:06.234,7,7,QQQ260831P00945000,QQQ,2026-08-31,put,945.0,236.64,1.0,240.51,1.0,238.575,,,,,,,,,2026-08-24,709.625,709.65,702.83,706.38,552704.0,706.932044
2026-08-24T20:35:06.234,7,7,QQQ260831P00950000,QQQ,2026-08-31,put,950.0,243.15,2.0,248.79,2.0,245.97,,,,,,,,,2026-08-24,709.625,709.65,702.83,706.38,552704.0,706.932044
2026-08-24T20:35:06.234,7,8,QQQ260901C00490000,QQQ,2026-09-01,call,490.0,218.92,10.0,222.45,1.0,220.685,,,,,,,,,2026-08-24,709.625,709.65,702.83,706.38,552704.0,706.932044
2026-08-24T20:35:06.234,7,8,QQQ260901C00495000,QQQ,2026-09-01,call,495.0,212.69,10.0,216.16,1.0,214.425,,,,,,,,,2026-08-24,709.625,709.65,702.83,706.38,552704.0,706.932044
2026-08-24T20:35:06.234,7,8,QQQ260901C00500000,QQQ,2026-09-01,call,500.0,206.86,12.0,210.34,1.0,208.60000000000002,,,,,,,,,2026-08-24,709.625,709.65,702.83,706.38,552704.0,706.932044
2026-08-24T20:35:06.234,7,8,QQQ260901C00505000,QQQ,2026-09-01,call,505.0,196.94,10.0,201.62,1.0,199.28,,,,,,,,,2026-08-24,709.625,709.65,702.83,706.38,552704.0,706.932044
2026-08-24T20:35:06.234,7,8,QQQ260901C00510000,QQQ,2026-09-01,call,510.0,195.85,10.0,200.96,1.0,198.405,,,,,,,,,2026-08-24,709.625,709.65,702.83,706.38,552704.0,706.932044
2026-08-24T20:35:06.234,7,8,QQQ260901C00515000,QQQ,2026-09-01,call,515.0,188.36,2.0,193.84,10.0,191.10000000000002,,,,,,,,,2026-08-24,709.625,709.65,702.83,706.38,552704.0,706.932044
2026-08-24T20:35:06.234,7,8,QQQ260901C00520000,QQQ,2026-09-01,call,520.0,188.74,2.0,190.27,1.0,189.505,,,,,,,,,2026-08-24,709.625,709.65,702.83,706.38,552704.0,706.932044
2026-08-24T20:35:06.234,7,8,QQQ260901C00525000,QQQ,2026-09-01,call,525.0,179.65,10.0,186.68,1.0,183.16500000000002,,,,,,,,,2026-08-24,709.625,709.65,702.83,706.38,552704.0,706.932044
2026-08-24T20:35:06.234,7,8,QQQ260901C00530000,QQQ,2026-09-01,call,530.0,175.76,3.0,175.81,1.0,175.785,,,,,,,,,2026-08-24,709.625,709.65,702.83,706.38,552704.0,706.932044
2026-08-24T20:35:06.234,7,8,QQQ260901C00535000,QQQ,2026-09-01,call,535.0,167.77,10.0,174.73,10.0,171.25,,,,,,,,,2026-08-24,709.625,709.65,702.83,706.38,552704.0,706.932044
2026-08-24T20:35:06.234,7,8,QQQ260901C00540000,QQQ,2026-09-01,call,540.0,163.62,2.0,170.95,1.0,167.285,,,0.9202,0.9795,0.0005,-0.3503,0.0518,0.1149,2026-08-24,709.625,709.65,702.83,706.38,552704.0,706.932044
2026-08-24T20:35:06.234,7,8,QQQ260901C00545000,QQQ,2026-09-01,call,545.0,160.46,10.0,163.68,1.0,162.07,,,0.8472,0.9836,0.0005,-0.28,0.0428,0.1167,2026-08-24,709.625,709.65,702.83,706.38,552704.0,706.932044
2026-08-24T20:35:06.234,7,8,QQQ260901C00550000,QQQ,2026-09-01,call,550.0,157.04,10.0,160.33,1.0,158.685,,,1.0473,0.9549,0.0009,-0.7018,0.0993,0.113,2026-08-24,709.625,709.65,702.83,706.38,552704.0,706.932044
2026-08-24T20:35:06.234,7,8,QQQ260901C00555000,QQQ,2026-09-01,call,555.0,153.13,10.0,155.38,1.0,154.255,,,1.0686,0.9459,0.001,-0.8182,0.1148,0.1126,2026-08-24,709.625,709.65,702.83,706.38,552704.0,706.932044
2026-08-24T20:35:06.234,7,8,QQQ260901C00560000,QQQ,2026-09-01,call,560.0,144.96,10.0,149.85,2.0,147.405,,,0.8298,0.9747,0.0007,-0.3741,0.0617,0.1185,2026-08-24,709.625,709.65,702.83,706.38,552704.0,706.932044
2026-08-24T20:35:06.234,7,8,QQQ260901C00565000,QQQ,2026-09-01,call,565.0,141.48,10.0,141.96,1.0,141.72,,,0.6379,0.9922,0.0003,-0.1457,0.0225,0.1225,2026-08-24,709.625,709.65,702.83,706.38,552704.0,706.932044
2026-08-24T20:35:06.234,7,8,QQQ260901C00570000,QQQ,2026-09-01,call,570.0,132.85,10.0,140.7,10.0,136.77499999999998,,,0.6357,0.9901,0.0004,-0.1658,0.0276,0.1233,2026-08-24,709.625,709.65,702.83,706.38,552704.0,706.932044
2026-08-24T20:35:06.234,7,8,QQQ260901C00575000,QQQ,2026-09-01,call,575.0,132.33,10.0,133.32,1.0,132.825,,,0.8034,0.9635,0.001,-0.4746,0.0836,0.12,2026-08-24,709.625,709.65,702.83,706.38,552704.0,706.932044
2026-08-24T20:35:06.234,7,8,QQQ260901C00580000,QQQ,2026-09-01,call,580.0,124.7,10.0,128.06,2.0,126.38,,,,,,,,,2026-08-24,709.625,709.65,702.83,706.38,552704.0,706.932044
2026-08-24T20:35:06.234,7,8,QQQ260901C00585000,QQQ,2026-09-01,call,585.0,121.87,10.0,122.92,1.0,122.39500000000001,,,0.6917,0.971,0.0009,-0.355,0.0691,0.1235,2026-08-24,709.625,709.65,702.83,706.38,552704.0,706.932044
2026-08-24T20:35:06.234,7,8,QQQ260901C00590000,QQQ,2026-09-01,call,590.0,114.44,10.0,116.97,10.0,115.705,,,,,,,,,2026-08-24,709.625,709.65,702.83,706.38,552704.0,706.932044
2026-08-24T20:35:06.234,7,8,QQQ260901C00595000,QQQ,2026-09-01,call,595.0,110.28,10.0,113.1,1.0,111.69,,,0.483,0.9927,0.0004,-0.1229,0.0212,0.1291,2026-08-24,709.625,709.65,702.83,706.38,552704.0,706.932044
2026-08-24T20:35:06.234,7,8,QQQ260901C00600000,QQQ,2026-09-01,call,600.0,103.98,1.0,107.2,1.0,105.59,108.34,1.0,,,,,,,2026-08-24,709.625,709.65,702.83,706.38,552704.0,706.932044
2026-08-24T20:35:06.234,7,8,QQQ260901C00605000,QQQ,2026-09-01,call,605.0,99.16,10.0,102.59,1.0,100.875,,,,,,,,,2026-08-24,709.625,709.65,702.83,706.38,552704.0,706.932044
2026-08-24T20:35:06.234,7,8,QQQ260901C00610000,QQQ,2026-09-01,call,610.0,94.95,3.0,98.24,1.0,96.595,,,0.3408,0.9984,0.0001,-0.0726,0.0055,0.1333,2026-08-24,709.625,709.65,702.83,706.38,552704.0,706.932044
2026-08-24T20:35:06.234,7,8,QQQ260901C00615000,QQQ,2026-09-01,call,615.0,89.3,3.0,93.46,2.0,91.38,,,,,,,,,2026-08-24,709.625,709.65,702.83,706.38,552704.0,706.932044
2026-08-24T20:35:06.234,7,8,QQQ260901C00620000,QQQ,2026-09-01,call,620.0,84.82,3.0,89.86,1.0,87.34,,,0.4995,0.9645,0.0015,-0.3142,0.0816,0.1301,2026-08-24,709.625,709.65,702.83,706.38,552704.0,706.932044
2026-08-24T20:35:06.234,7,8,QQQ260901C00625000,QQQ,2026-09-01,call,625.0,80.47,1.0,83.24,2.0,81.85499999999999,,,0.3981,0.9827,0.001,-0.1726,0.0448,0.1341,2026-08-24,709.625,709.65,702.83,706.38,552704.0,706.932044
2026-08-24T20:35:06.234,7,8,QQQ260901C00630000,QQQ,2026-09-01,call,630.0,74.12,2.0,78.58,1.0,76.35,,,,,,,,,2026-08-24,709.625,709.65,702.83,706.38,552704.0,706.932044
2026-08-24T20:35:06.234,7,8,QQQ260901C00635000,QQQ,2026-09-01,call,635.0,70.89,10.0,74.29,2.0,72.59,,,0.447,0.9504,0.0022,-0.3592,0.1071,0.1312,2026-08-24,709.625,709.65,702.83,706.38,552704.0,706.932044
2026-08-24T20:35:06.234,7,8,QQQ260901C00640000,QQQ,2026-09-01,call,640.0,65.57,10.0,68.89,1.0,67.22999999999999,,,0.3839,0.9618,0.0021,-0.2695,0.0868,0.1341,2026-08-24,709.625,709.65,702.83,706.38,552704.0,706.932044
2026-08-24T20:35:06.234,7,8,QQQ260901C00645000,QQQ,2026-09-01,call,645.0,60.68,2.0,64.91,1.0,62.795,,,0.41,0.9375,0.0029,-0.3893,0.1285,0.1313,2026-08-24,709.625,709.65,702.83,706.38,552704.0,706.932044
2026-08-24T20:35:06.234,7,8,QQQ260901C00650000,QQQ,2026-09-01,call,650.0,54.76,10.0,58.93,1.0,56.845,64.84,1.0,0.2813,0.9787,0.0017,-0.1573,0.0534,0.139,2026-08-24,709.625,709.65,702.83,706.38,552704.0,706.932044
2026-08-24T20:35:06.234,7,8,QQQ260901C00655000,QQQ,2026-09-01,call,655.0,50.02,10.0,54.74,10.0,52.38,,,0.3219,0.947,0.0032,-0.2888,0.1129,0.1351,2026-08-24,709.625,709.65,702.83,706.38,552704.0,706.932044
2026-08-24T20:35:06.234,7,8,QQQ260901C00660000,QQQ,2026-09-01,call,660.0,44.85,10.0,50.13,2.0,47.49,,,0.3046,0.9379,0.0038,-0.3051,0.128,0.1347,2026-08-24,709.625,709.65,702.83,706.38,552704.0,706.932044
2026-08-24T20:35:06.234,7,8,QQQ260901C00665000,QQQ,2026-09-01,call,665.0,40.55,10.0,43.69,2.0,42.12,,,0.2465,0.9538,0.0038,-0.2191,0.1012,0.1384,2026-08-24,709.625,709.65,702.83,706.38,552704.0,706.932044
2026-08-24T20:35:06.234,7,8,QQQ260901C00668000,QQQ,2026-09-01,call,668.0,37.58,10.0,41.17,2.0,39.375,,,0.253,0.9358,0.0047,-0.2698,0.1313,0.1362,2026-08-24,709.625,709.65,702.83,706.38,552704.0,706.932044
2026-08-24T20:35:06.234,7,8,QQQ260901C00669000,QQQ,2026-09-01,call,669.0,36.83,10.0,40.57,2.0,38.7,,,0.27,0.9178,0.0054,-0.3287,0.1587,0.1335,2026-08-24,709.625,709.65,702.83,706.38,552704.0,706.932044
2026-08-24T20:35:06.234,7,8,QQQ260901C00670000,QQQ,2026-09-01,call,670.0,36.08,10.0,39.5,2.0,37.79,39.5,8.0,0.2698,0.912,0.0057,-0.3421,0.1669,0.1329,2026-08-24,709.625,709.65,702.83,706.38,552704.0,706.932044
2026-08-24T20:35:06.234,7,8,QQQ260901C00671000,QQQ,2026-09-01,call,671.0,34.55,1.0,38.55,2.0,36.55,,,0.2492,0.9225,0.0056,-0.2978,0.1517,0.1348,2026-08-24,709.625,709.65,702.83,706.38,552704.0,706.932044
2026-08-24T20:35:06.234,7,8,QQQ260901C00672000,QQQ,2026-09-01,call,672.0,33.68,10.0,37.79,1.0,35.735,,,0.2551,0.9115,0.006,-0.3281,0.1676,0.1332,2026-08-24,709.625,709.65,702.83,706.38,552704.0,706.932044
2026-08-24T20:35:06.234,7,8,QQQ260901C00673000,QQQ,2026-09-01,call,673.0,33.85,10.0,37.65,1.0,35.75,,,0.3007,0.8683,0.0068,-0.4772,0.2232,0.1265,2026-08-24,709.625,709.65,702.83,706.38,552704.0,706.932044
2026-08-24T20:35:06.234,7,8,QQQ260901C00674000,QQQ,2026-09-01,call,674.0,32.369,10.0,36.57,2.0,34.4695,,,0.2816,0.8761,0.0069,-0.4348,0.2139,0.128,2026-08-24,709.625,709.65,702.83,706.38,552704.0,706.932044
2026-08-24T20:35:06.234,7,8,QQQ260901C00675000,QQQ,2026-09-01,call,675.0,31.4,10.0,34.93,1.0,33.165,47.31,1.0,0.2608,0.8861,0.0071,-0.3877,0.2015,0.1299,2026-08-24,709.625,709.65,702.83,706.38,552704.0,706.932044
2026-08-24T20:35:06.234,7,8,QQQ260901C00676000,QQQ,2026-09-01,call,676.0,30.14,10.0,34.77,2.0,32.455,,,0.2684,0.872,0.0075,-0.4254,0.2188,0.1278,2026-08-24,709.625,709.65,702.83,706.38,552704.0,706.932044
2026-08-24T20:35:06.234,7,8,QQQ260901C00677000,QQQ,2026-09-01,call,677.0,29.16,10.0,33.27,3.0,31.215000000000003,,,0.251,0.8794,0.0076,-0.3882,0.2098,0.1293,2026-08-24,709.625,709.65,702.83,706.38,552704.0,706.932044
2026-08-24T20:35:06.234,7,8,QQQ260901C00678000,QQQ,2026-09-01,call,678.0,28.56,5.0,30.32,3.0,29.439999999999998,,,0.2034,0.9177,0.0071,-0.2638,0.1588,0.1356,2026-08-24,709.625,709.65,702.83,706.38,552704.0,706.932044
2026-08-24T20:35:06.234,7,8,QQQ260901C00679000,QQQ,2026-09-01,call,679.0,27.47,3.0,31.09,3.0,29.28,39.32,1.0,0.2417,0.8715,0.0083,-0.3899,0.2193,0.1285,2026-08-24,709.625,709.65,702.83,706.38,552704.0,706.932044
2026-08-24T20:35:06.234,7,8,QQQ260901C00680000,QQQ,2026-09-01,call,680.0,26.46,14.0,28.52,5.0,27.490000000000002,30.04,8.0,0.1953,0.9105,0.0079,-0.2679,0.169,0.1349,2026-08-24,709.625,709.65,702.83,706.38,552704.0,706.932044
2026-08-24T20:35:06.234,7,8,QQQ260901C00681000,QQQ,2026-09-01,call,681.0,25.97,3.0,29.11,1.0,27.54,26.54,1.0,0.2403,0.8548,0.0091,-0.4159,0.2385,0.1262,2026-08-24,709.625,709.65,702.83,706.38,552704.0,706.932044
2026-08-24T20:35:06.234,7,8,QQQ260901C00682000,QQQ,2026-09-01,call,682.0,25.3,3.0,28.57,1.0,26.935000000000002,36.55,1.0,0.2496,0.8363,0.0095,-0.4592,0.2582,0.1235,2026-08-24,709.625,709.65,702.83,706.38,552704.0,706.932044
2026-08-24T20:35:06.234,7,8,QQQ260901C00683000,QQQ,2026-09-01,call,683.0,24.19,1.0,28.36,5.0,26.275,35.69,1.0,0.2556,0.8209,0.0098,-0.4922,0.2735,0.1213,2026-08-24,709.625,709.65,702.83,706.38,552704.0,706.932044
2026-08-24T20:35:06.234,7,8,QQQ260901C00684000,QQQ,2026-09-01,call,684.0,23.66,5.0,27.3,5.0,25.48,,,0.2559,0.8103,0.0101,-0.508,0.2834,0.1198,2026-08-24,709.625,709.65,702.83,706.38,552704.0,706.932044
2026-08-24T20:35:06.234,7,8,QQQ260901C00685000,QQQ,2026-09-01,call,685.0,22.46,15.0,25.88,5.0,24.17,22.23,1.0,0.2379,0.8163,0.0107,-0.4682,0.2778,0.121,2026-08-24,709.625,709.65,702.83,706.38,552704.0,706.932044
2026-08-24T20:35:06.234,7,8,QQQ260901C00686000,QQQ,2026-09-01,call,686.0,21.43,2.0,24.71,1.0,23.07,32.32,2.0,0.2273,0.8155,0.0112,-0.451,0.2785,0.1212,2026-08-24,709.625,709.65,702.83,706.38,552704.0,706.932044
2026-08-24T20:35:06.234,7,8,QQQ260901C00687000,QQQ,2026-09-01,call,687.0,20.18,2.0,24.06,10.0,22.119999999999997,21.21,1.0,0.2221,0.8091,0.0117,-0.4498,0.2845,0.1204,2026-08-24,709.625,709.65,702.83,706.38,552704.0,706.932044
2026-08-24T20:35:06.234,7,8,QQQ260901C00688000,QQQ,2026-09-01,call,688.0,19.2,10.0,23.11,1.0,21.155,33.44,3.0,0.2162,0.8029,0.0123,-0.4466,0.2901,0.1196,2026-08-24,709.625,709.65,702.83,706.38,552704.0,706.932044
2026-08-24T20:35:06.234,7,8,QQQ260901C00689000,QQQ,2026-09-01,call,689.0,19.01,8.0,22.97,4.0,20.990000000000002,18.6,2.0,0.2363,0.7706,0.0123,-0.5204,0.317,0.1147,2026-08-24,709.625,709.65,702.83,706.38,552704.0,706.932044
2026-08-24T20:35:06.234,7,8,QQQ260901C00690000,QQQ,2026-09-01,call,690.0,18.04,12.0,22.08,25.0,20.06,20.11,1.0,0.2308,0.7627,0.0128,-0.5178,0.323,0.1136,2026-08-24,709.625,709.65,702.83,706.38,552704.0,706.932044
2026-08-24T20:35:06.234,7,8,QQQ260901C00691000,QQQ,2026-09-01,call,691.0,17.02,171.0,21.25,103.0,19.134999999999998,19.65,3.0,0.2254,0.7543,0.0134,-0.5149,0.3291,0.1125,2026-08-24,709.625,709.65,702.83,706.38,552704.0,706.932044
2026-08-24T20:35:06.234,7,8,QQQ260901C00692000,QQQ,2026-09-01,call,692.0,16.129,10.0,20.05,2.0,18.0895,,,0.2162,0.7489,0.0141,-0.501,0.333,0.1119,2026-08-24,709.625,709.65,702.83,706.38,552704.0,706.932044
2026-08-24T20:35:06.234,7,8,QQQ260901C00693000,QQQ,2026-09-01,call,693.0,15.41,2.0,19.72,1.0,17.564999999999998,23.75,1.0,0.2221,0.729,0.0143,-0.5305,0.3463,0.109,2026-08-24,709.625,709.65,702.83,706.38,552704.0,706.932044
2026-08-24T20:35:06.234,7,8,QQQ260901C00694000,QQQ,2026-09-01,call,694.0,15.15,21.0,18.41,97.0,16.78,14.66,1.0,0.22,0.716,0.0147,-0.5361,0.3543,0.1071,2026-08-24,709.625,709.65,702.83,706.38,552704.0,706.932044
2026-08-24T20:35:06.234,7,8,QQQ260901C00695000,QQQ,2026-09-01,call,695.0,15.71,5.0,16.079,143.0,15.8945,16.49,18.0,0.2148,0.705,0.0154,-0.5324,0.3607,0.1056,2026-08-24,709.625,709.65,702.83,706.38,552704.0,706.932044
2026-08-24T20:35:06.234,7,8,QQQ260901C00696000,QQQ,2026-09-01,call,696.0,13.23,54.0,17.07,42.0,15.15,15.59,1.0,0.2132,0.6905,0.0158,-0.5384,0.3686,0.1035,2026-08-24,709.625,709.65,702.83,706.38,552704.0,706.932044
2026-08-24T20:35:06.234,7,8,QQQ260901C00697000,QQQ,2026-09-01,call,697.0,13.85,2.0,14.33,4.0,14.09,14.53,2.0,0.2028,0.682,0.0168,-0.5194,0.3729,0.1025,2026-08-24,709.625,709.65,702.83,706.38,552704.0,706.932044
2026-08-24T20:35:06.234,7,8,QQQ260901C00698000,QQQ,2026-09-01,call,698.0,13.26,5.0,13.3,8.0,13.280000000000001,13.63,2.0,0.1989,0.6676,0.0175,-0.5179,0.3797,0.1004,2026-08-24,709.625,709.65,702.83,706.38,552704.0,706.932044
2026-08-24T20:35:06.234,7,8,QQQ260901C00699000,QQQ,2026-09-01,call,699.0,12.41,2.0,12.74,4.0,12.575,14.06,2.0,0.1974,0.6507,0.0179,-0.5221,0.3869,0.0979,2026-08-24,709.625,709.65,702.83,706.38,552704.0,706.932044
2026-08-24T20:35:06.234,7,8,QQQ260901C00700000,QQQ,2026-09-01,call,700.0,11.8,31.0,12.0,20.0,11.9,12.25,15.0,0.1963,0.6331,0.0184,-0.5264,0.3936,0.0954,2026-08-24,709.625,709.65,702.83,706.38,552704.0,706.932044
2026-08-24T20:35:06.234,7,8,QQQ260901C00701000,QQQ,2026-09-01,call,701.0,11.41,2.0,11.42,3.0,11.415,13.11,1.0,0.1995,0.6129,0.0184,-0.5411,0.4002,0.0923,2026-08-24,709.625,709.65,702.83,706.38,552704.0,706.932044
2026-08-24T20:35:06.234,7,8,QQQ260901C00702000,QQQ,2026-09-01,call,702.0,10.65,5.0,10.93,5.0,10.79,12.59,47.0,0.1986,0.5946,0.0187,-0.544,0.4052,0.0897,2026-08-24,709.625,709.65,702.83,706.38,552704.0,706.932044
2026-08-24T20:35:06.234,7,8,QQQ260901C00703000,QQQ,2026-09-01,call,703.0,10.13,6.0,10.17,5.0,10.15,11.08,2.0,0.197,0.5763,0.019,-0.5438,0.4094,0.087,2026-08-24,709.625,709.65,702.83,706.38,552704.0,706.932044
2026-08-24T20:35:06.234,7,8,QQQ260901C00704000,QQQ,2026-09-01,call,704.0,9.54,6.0,9.64,10.0,9.59,9.7,2.0,0.1969,0.5571,0.0192,-0.5463,0.4127,0.0841,2026-08-24,709.625,709.65,702.83,706.38,552704.0,706.932044
2026-08-24T20:35:06.234,7,8,QQQ260901C00705000,QQQ,2026-09-01,call,705.0,8.72,22.0,8.93,6.0,8.825,8.92,1.0,0.1914,0.5386,0.0198,-0.5336,0.4151,0.0814,2026-08-24,709.625,709.65,702.83,706.38,552704.0,706.932044
2026-08-24T20:35:06.234,7,8,QQQ260901C00706000,QQQ,2026-09-01,call,706.0,8.039,7.0,8.24,5.0,8.1395,8.46,1.0,0.1873,0.5189,0.0204,-0.5235,0.4166,0.0785,2026-08-24,709.625,709.65,702.83,706.38,552704.0,706.932044
2026-08-24T20:35:06.234,7,8,QQQ260901C00707000,QQQ,2026-09-01,call,707.0,7.79,1.0,7.88,15.0,7.835,7.9,3.0,0.1919,0.4988,0.0199,-0.5347,0.417,0.0755,2026-08-24,709.625,709.65,702.83,706.38,552704.0,706.932044
2026-08-24T20:35:06.234,7,8,QQQ260901C00708000,QQQ,2026-09-01,call,708.0,7.07,12.0,7.28,12.0,7.175000000000001,7.45,3.0,0.1875,0.4782,0.0203,-0.5212,0.4164,0.0724,2026-08-24,709.625,709.65,702.83,706.38,552704.0,706.932044
2026-08-24T20:35:06.234,7,8,QQQ260901C00709000,QQQ,2026-09-01,call,709.0,6.5,19.0,6.74,3.0,6.62,6.82,3.0,0.1852,0.4573,0.0205,-0.5115,0.4146,0.0693,2026-08-24,709.625,709.65,702.83,706.38,552704.0,706.932044
2026-08-24T20:35:06.234,7,8,QQQ260901C00710000,QQQ,2026-09-01,call,710.0,6.23,40.0,6.31,30.0,6.27,6.28,1.0,0.1873,0.4378,0.0201,-0.5125,0.412,0.0664,2026-08-24,709.625,709.65,702.83,706.38,552704.0,706.932044
2026-08-24T20:35:06.234,7,8,QQQ260901C00711000,QQQ,2026-09-01,call,711.0,5.53,4.0,5.74,14.0,5.635,6.33,1.0,0.1819,0.4152,0.0205,-0.4922,0.4076,0.063,2026-08-24,709.625,709.65,702.83,706.38,552704.0,706.932044
2026-08-24T20:35:06.234,7,8,QQQ260901C00712000,QQQ,2026-09-01,call,712.0,5.11,15.0,5.25,15.0,5.18,5.23,1.0,0.1804,0.3941,0.0204,-0.4809,0.4022,0.0598,2026-08-24,709.625,709.65,702.83,706.38,552704.0,706.932044
2026-08-24T20:35:06.234,7,8,QQQ260901C00713000,QQQ,2026-09-01,call,713.0,4.87,5.0,4.95,14.0,4.91,4.95,1.0,0.183,0.3759,0.0198,-0.4798,0.3967,0.0571,2026-08-24,709.625,709.65,702.83,706.38,552704.0,706.932044
2026-08-24T20:35:06.234,7,8,QQQ260901C00714000,QQQ,2026-09-01,call,714.0,4.33,9.0,4.37,17.0,4.35,4.78,3.0,0.1778,0.3521,0.02,-0.4555,0.388,0.0535,2026-08-24,709.625,709.65,702.83,706.38,552704.0,706.932044
2026-08-24T20:35:06.234,7,8,QQQ260901C00715000,QQQ,2026-09-01,call,715.0,3.94,91.0,3.99,30.0,3.965,4.059,1.0,0.1764,0.3312,0.0197,-0.4409,0.3791,0.0504,2026-08-24,709.625,709.65,702.83,706.38,552704.0,706.932044
2026-08-24T20:35:06.234,7,8,QQQ260901C00716000,QQQ,2026-09-01,call,716.0,3.65,8.0,3.67,19.0,3.66,3.76,1.0,0.1766,0.3122,0.0192,-0.4299,0.3699,0.0475,2026-08-24,709.625,709.65,702.83,706.38,552704.0,706.932044
2026-08-24T20:35:06.234,7,8,QQQ260901C00717000,QQQ,2026-09-01,call,717.0,3.32,6.0,3.39,15.0,3.355,3.61,1.0,0.1762,0.2933,0.0187,-0.4166,0.3597,0.0446,2026-08-24,709.625,709.65,702.83,706.38,552704.0,706.932044
2026-08-24T20:35:06.234,7,8,QQQ260901C00718000,QQQ,2026-09-01,call,718.0,2.9,22.0,3.06,22.0,2.98,3.11,1.0,0.1734,0.2717,0.0183,-0.3946,0.3467,0.0414,2026-08-24,709.625,709.65,702.83,706.38,552704.0,706.932044
2026-08-24T20:35:06.234,7,8,QQQ260901C00719000,QQQ,2026-09-01,call,719.0,2.72,10.0,2.77,3.0,2.745,2.79,6.0,0.174,0.2548,0.0176,-0.3825,0.3355,0.0388,2026-08-24,709.625,709.65,702.83,706.38,552704.0,706.932044
2026-08-24T20:35:06.234,7,8,QQQ260901C00720000,QQQ,2026-09-01,call,720.0,2.44,10.0,2.45,33.0,2.4450000000000003,2.47,1.0,0.172,0.2352,0.0171,-0.3619,0.3214,0.0359,2026-08-24,709.625,709.65,702.83,706.38,552704.0,706.932044
2026-08-24T20:35:06.234,7,8,QQQ260901C00721000,QQQ,2026-09-01,call,721.0,2.12,10.0,2.17,19.0,2.145,2.32,1.0,0.1694,0.2151,0.0165,-0.3385,0.3055,0.0328,2026-08-24,709.625,709.65,702.83,706.38,552704.0,706.932044
2026-08-24T20:35:06.234,7,8,QQQ260901C00722000,QQQ,2026-09-01,call,722.0,1.96,25.0,2.0,102.0,1.98,2.04,1.0,0.1706,0.201,0.0157,-0.327,0.2936,0.0307,2026-08-24,709.625,709.65,702.83,706.38,552704.0,706.932044
2026-08-24T20:35:06.234,7,8,QQQ260901C00723000,QQQ,2026-09-01,call,723.0,1.73,53.0,1.79,73.0,1.76,1.79,1.0,0.1694,0.1842,0.015,-0.3075,0.2783,0.0281,2026-08-24,709.625,709.65,702.83,706.38,552704.0,706.932044
2026-08-24T20:35:06.234,7,8,QQQ260901C00724000,QQQ,2026-09-01,call,724.0,1.49,3.0,1.59,28.0,1.54,1.58,1.0,0.1675,0.1672,0.0143,-0.2856,0.2617,0.0255,2026-08-24,709.625,709.65,702.83,706.38,552704.0,706.932044
2026-08-24T20:35:06.234,7,8,QQQ260901C00725000,QQQ,2026-09-01,call,725.0,1.3,23.0,1.36,17.0,1.33,1.41,35.0,0.1652,0.1502,0.0135,-0.2624,0.244,0.023,2026-08-24,709.625,709.65,702.83,706.38,552704.0,706.932044
2026-08-24T20:35:06.234,7,8,QQQ260901C00726000,QQQ,2026-09-01,call,726.0,1.19,22.0,1.24,51.0,1.2149999999999999,1.4,5.0,0.1662,0.139,0.0127,-0.2502,0.2315,0.0212,2026-08-24,709.625,709.65,702.83,706.38,552704.0,706.932044
2026-08-24T20:35:06.234,7,8,QQQ260901C00727000,QQQ,2026-09-01,call,727.0,1.0,6.0,1.08,42.0,1.04,1.08,1.0,0.164,0.1237,0.0119,-0.2277,0.2136,0.0189,2026-08-24,709.625,709.65,702.83,706.38,552704.0,706.932044
2026-08-24T20:35:06.234,7,8,QQQ260901C00728000,QQQ,2026-09-01,call,728.0,0.87,3.0,0.91,45.0,0.89,1.0,1.0,0.1622,0.1098,0.0111,-0.2067,0.1964,0.0168,2026-08-24,709.625,709.65,702.83,706.38,552704.0,706.932044
2026-08-24T20:35:06.234,7,8,QQQ260901C00729000,QQQ,2026-09-01,call,729.0,0.79,3.0,0.82,30.0,0.8049999999999999,0.95,1.0,0.163,0.1007,0.0103,-0.1948,0.1843,0.0154,2026-08-24,709.625,709.65,702.83,706.38,552704.0,706.932044
2026-08-24T20:35:06.234,7,8,QQQ260901C00730000,QQQ,2026-09-01,call,730.0,0.64,8.0,0.67,31.0,0.655,0.73,1.0,0.1595,0.0862,0.0094,-0.17,0.1644,0.0132,2026-08-24,709.625,709.65,702.83,706.38,552704.0,706.932044
2026-08-24T20:35:06.234,7,8,QQQ260901C00731000,QQQ,2026-09-01,call,731.0,0.55,45.0,0.61,28.0,0.5800000000000001,0.78,1.0,0.1598,0.0778,0.0087,-0.1573,0.1521,0.0119,2026-08-24,709.625,709.65,702.83,706.38,552704.0,706.932044
2026-08-24T20:35:06.234,7,8,QQQ260901C00732000,QQQ,2026-09-01,call,732.0,0.51,1.0,0.53,29.0,0.52,0.59,10.0,0.1605,0.0706,0.0081,-0.1467,0.1413,0.0108,2026-08-24,709.625,709.65,702.83,706.38,552704.0,706.932044
2026-08-24T20:35:06.234,7,8,QQQ260901C00733000,QQQ,2026-09-01,call,733.0,0.44,6.0,0.46,58.0,0.45,0.57,1.0,0.16,0.0626,0.0074,-0.1331,0.1287,0.0096,2026-08-24,709.625,709.65,702.83,706.38,552704.0,706.932044
2026-08-24T20:35:06.234,7,8,QQQ260901C00734000,QQQ,2026-09-01,call,734.0,0.37,29.0,0.39,32.0,0.38,0.49,1.0,0.1588,0.0545,0.0067,-0.1184,0.1154,0.0083,2026-08-24,709.625,709.65,702.83,706.38,552704.0,706.932044
2026-08-24T20:35:06.234,7,8,QQQ260901C00735000,QQQ,2026-09-01,call,735.0,0.28,20.0,0.3,103.0,0.29000000000000004,0.34,4.0,0.1548,0.0441,0.0058,-0.0974,0.0975,0.0068,2026-08-24,709.625,709.65,702.83,706.38,552704.0,706.932044
2026-08-24T20:35:06.234,7,8,QQQ260901C00736000,QQQ,2026-09-01,call,736.0,0.27,23.0,0.29,61.0,0.28,0.31,1.0,0.158,0.042,0.0054,-0.0956,0.0938,0.0064,2026-08-24,709.625,709.65,702.83,706.38,552704.0,706.932044
2026-08-24T20:35:06.234,7,8,QQQ260901C00737000,QQQ,2026-09-01,call,737.0,0.19,32.0,0.25,40.0,0.22,0.27,5.0,0.1553,0.0346,0.0047,-0.08,0.08,0.0053,2026-08-24,709.625,709.65,702.83,706.38,552704.0,706.932044
2026-08-24T20:35:06.234,7,8,QQQ260901C00738000,QQQ,2026-09-01,call,738.0,0.16,3.0,0.22,141.0,0.19,0.24,2.0,0.1554,0.0304,0.0042,-0.072,0.0719,0.0047,2026-08-24,709.625,709.65,702.83,706.38,552704.0,706.932044
2026-08-24T20:35:06.234,7,8,QQQ260901C00739000,QQQ,2026-09-01,call,739.0,0.17,47.0,0.19,228.0,0.18,0.17,1.0,0.1579,0.0286,0.004,-0.0694,0.0683,0.0044,2026-08-24,709.625,709.65,702.83,706.38,552704.0,706.932044
2026-08-24T20:35:06.234,7,8,QQQ260901C00740000,QQQ,2026-09-01,call,740.0,0.11,3.0,0.17,361.0,0.14,0.13,1.0,0.1555,0.0232,0.0034,-0.0574,0.0574,0.0036,2026-08-24,709.625,709.65,702.83,706.38,552704.0,706.932044
2026-08-24T20:35:06.234,7,8,QQQ260901C00741000,QQQ,2026-09-01,call,741.0,0.12,111.0,0.15,228.0,0.135,0.15,1.0,0.1584,0.0221,0.0032,-0.0561,0.0551,0.0034,2026-08-24,709.625,709.65,702.83,706.38,552704.0,706.932044
2026-08-24T20:35:06.234,7,8,QQQ260901C00742000,QQQ,2026-09-01,call,742.0,0.11,4.0,0.13,174.0,0.12,0.14,2.0,0.1593,0.0198,0.0029,-0.0514,0.0502,0.003,2026-08-24,709.625,709.65,702.83,706.38,552704.0,706.932044
2026-08-24T20:35:06.234,7,8,QQQ260901C00743000,QQQ,2026-09-01,call,743.0,0.05,196.0,0.08,365.0,0.065,0.1,1.0,0.1496,0.0121,0.002,-0.0316,0.0329,0.0019,2026-08-24,709.625,709.65,702.83,706.38,552704.0,706.932044
2026-08-24T20:35:06.234,7,8,QQQ260901C00744000,QQQ,2026-09-01,call,744.0,0.04,71.0,0.06,73.0,0.05,0.11,3.0,0.148,0.0096,0.0017,-0.0256,0.027,0.0015,2026-08-24,709.625,709.65,702.83,706.38,552704.0,706.932044
2026-08-24T20:35:06.234,7,8,QQQ260901C00745000,QQQ,2026-09-01,call,745.0,0.03,50.0,0.05,50.0,0.04,0.07,1.0,0.1473,0.0079,0.0014,-0.0214,0.0227,0.0012,2026-08-24,709.625,709.65,702.83,706.38,552704.0,706.932044
2026-08-24T20:35:06.234,7,8,QQQ260901C00746000,QQQ,2026-09-01,call,746.0,0.02,124.0,0.09,270.0,0.055,0.09,1.0,0.1565,0.01,0.0016,-0.0279,0.0278,0.0015,2026-08-24,709.625,709.65,702.83,706.38,552704.0,706.932044
2026-08-24T20:35:06.234,7,8,QQQ260901C00747000,QQQ,2026-09-01,call,747.0,0.06,21.0,0.08,251.0,0.07,0.1,5.0,0.1649,0.0119,0.0018,-0.0341,0.0323,0.0018,2026-08-24,709.625,709.65,702.83,706.38,552704.0,706.932044
2026-08-24T20:35:06.234,7,8,QQQ260901C00748000,QQQ,2026-09-01,call,748.0,0.01,182.0,0.03,120.0,0.02,0.1,2.0,0.1454,0.0043,0.0008,-0.0122,0.0131,0.0007,2026-08-24,709.625,709.65,702.83,706.38,552704.0,706.932044
2026-08-24T20:35:06.234,7,8,QQQ260901C00749000,QQQ,2026-09-01,call,749.0,0.05,7.0,0.07,337.0,0.060000000000000005,0.07,2.0,0.1684,0.0101,0.0015,-0.0303,0.0282,0.0016,2026-08-24,709.625,709.65,702.83,706.38,552704.0,706.932044
2026-08-24T20:35:06.234,7,8,QQQ260901C00750000,QQQ,2026-09-01,call,750.0,0.01,214.0,0.02,84.0,0.015,0.05,21.0,0.1471,0.0032,0.0006,-0.0096,0.0102,0.0005,2026-08-24,709.625,709.65,702.83,706.38,552704.0,706.932044
2026-08-24T20:35:06.234,7,8,QQQ260901C00751000,QQQ,2026-09-01,call,751.0,0.04,72.0,0.06,251.0,0.05,0.36,4.0,0.1712,0.0085,0.0013,-0.0263,0.0241,0.0013,2026-08-24,709.625,709.65,702.83,706.38,552704.0,706.932044
2026-08-24T20:35:06.234,7,8,QQQ260901C00752000,QQQ,2026-09-01,call,752.0,0.01,15.0,0.06,356.0,0.034999999999999996,0.29,1.0,0.1673,0.0062,0.001,-0.0197,0.0184,0.001,2026-08-24,709.625,709.65,702.83,706.38,552704.0,706.932044
2026-08-24T20:35:06.234,7,8,QQQ260901C00753000,QQQ,2026-09-01,call,753.0,0.01,3.0,0.02,215.0,0.015,0.04,15.0,0.1559,0.0031,0.0006,-0.0097,0.0097,0.0005,2026-08-24,709.625,709.65,702.83,706.38,552704.0,706.932044
2026-08-24T20:35:06.234,7,8,QQQ260901C00754000,QQQ,2026-09-01,call,754.0,0.03,424.0,0.06,575.0,0.045,0.45,5.0,0.1787,0.0074,0.0011,-0.0244,0.0214,0.0011,2026-08-24,709.625,709.65,702.83,706.38,552704.0,706.932044
2026-08-24T20:35:06.234,7,8,QQQ260901C00755000,QQQ,2026-09-01,call,755.0,0.01,239.0,0.02,594.0,0.015,0.04,9.0,0.1617,0.003,0.0005,-0.0098,0.0095,0.0005,2026-08-24,709.625,709.65,702.83,706.38,552704.0,706.932044
2026-08-24T20:35:06.234,7,8,QQQ260901C00756000,QQQ,2026-09-01,call,756.0,0.01,138.0,0.02,487.0,0.015,0.04,10.0,0.1646,0.0029,0.0005,-0.0098,0.0093,0.0004,2026-08-24,709.625,709.65,702.83,706.38,552704.0,706.932044
2026-08-24T20:35:06.234,7,8,QQQ260901C00757000,QQQ,2026-09-01,call,757.0,0.03,106.0,0.05,247.0,0.04,0.11,1.0,0.1858,0.0064,0.0009,-0.0223,0.0189,0.001,2026-08-24,709.625,709.65,702.83,706.38,552704.0,706.932044
2026-08-24T20:35:06.234,7,8,QQQ260901C00758000,QQQ,2026-09-01,call,758.0,0.03,90.0,0.05,181.0,0.04,0.12,1.0,0.1889,0.0063,0.0009,-0.0224,0.0186,0.001,2026-08-24,709.625,709.65,702.83,706.38,552704.0,706.932044
2026-08-24T20:35:06.234,7,8,QQQ260901C00759000,QQQ,2026-09-01,call,759.0,0.03,70.0,0.05,145.0,0.04,0.11,4.0,0.192,0.0062,0.0009,-0.0225,0.0184,0.001,2026-08-24,709.625,709.65,702.83,706.38,552704.0,706.932044
2026-08-24T20:35:06.234,7,8,QQQ260901C00760000,QQQ,2026-09-01,call,760.0,0.01,67.0,0.03,172.0,0.02,0.03,18.0,0.1812,0.0035,0.0006,-0.0126,0.0109,0.0005,2026-08-24,709.625,709.65,702.83,706.38,552704.0,706.932044
2026-08-24T20:35:06.234,7,8,QQQ260901C00761000,QQQ,2026-09-01,call,761.0,0.01,51.0,0.03,217.0,0.02,,,0.1842,0.0034,0.0005,-0.0127,0.0108,0.0005,2026-08-24,709.625,709.65,702.83,706.38,552704.0,706.932044
2026-08-24T20:35:06.234,7,8,QQQ260901C00762000,QQQ,2026-09-01,call,762.0,0.03,48.0,0.05,73.0,0.04,0.12,5.0,0.2014,0.006,0.0008,-0.0227,0.0177,0.0009,2026-08-24,709.625,709.65,702.83,706.38,552704.0,706.932044
2026-08-24T20:35:06.234,7,8,QQQ260901C00763000,QQQ,2026-09-01,call,763.0,0.03,1.0,0.05,87.0,0.04,0.11,5.0,0.2045,0.0059,0.0008,-0.0227,0.0175,0.0009,2026-08-24,709.625,709.65,702.83,706.38,552704.0,706.932044
2026-08-24T20:35:06.234,7,8,QQQ260901C00764000,QQQ,2026-09-01,call,764.0,0.01,2.0,0.03,89.0,0.02,,,0.1929,0.0033,0.0005,-0.0127,0.0104,0.0005,2026-08-24,709.625,709.65,702.83,706.38,552704.0,706.932044
2026-08-24T20:35:06.234,7,8,QQQ260901C00765000,QQQ,2026-09-01,call,765.0,0.0,0.0,0.01,226.0,0.005,0.03,5.0,,,,,,,2026-08-24,709.625,709.65,702.83,706.38,552704.0,706.932044
2026-08-24T20:35:06.234,7,8,QQQ260901C00766000,QQQ,2026-09-01,call,766.0,0.0,0.0,0.05,90.0,0.025,,,,,,,,,2026-08-24,709.625,709.65,702.83,706.38,552704.0,706.932044
2026-08-24T20:35:06.234,7,8,QQQ260901C00767000,QQQ,2026-09-01,call,767.0,0.0,0.0,0.01,92.0,0.005,,,,,,,,,2026-08-24,709.625,709.65,702.83,706.38,552704.0,706.932044
2026-08-24T20:35:06.234,7,8,QQQ260901C00768000,QQQ,2026-09-01,call,768.0,0.0,0.0,0.05,93.0,0.025,,,,,,,,,2026-08-24,709.625,709.65,702.83,706.38,552704.0,706.932044
2026-08-24T20:35:06.234,7,8,QQQ260901C00769000,QQQ,2026-09-01,call,769.0,0.0,0.0,0.05,222.0,0.025,,,,,,,,,2026-08-24,709.625,709.65,702.83,706.38,552704.0,706.932044
2026-08-24T20:35:06.234,7,8,QQQ260901C00770000,QQQ,2026-09-01,call,770.0,0.0,0.0,0.01,259.0,0.005,0.01,100.0,,,,,,,2026-08-24,709.625,709.65,702.83,706.38,552704.0,706.932044
2026-08-24T20:35:06.234,7,8,QQQ260901C00775000,QQQ,2026-09-01,call,775.0,0.01,7.0,0.03,188.0,0.02,0.03,1.0,0.2243,0.0029,0.0004,-0.0131,0.0092,0.0004,2026-08-24,709.625,709.65,702.83,706.38,552704.0,706.932044
2026-08-24T20:35:06.234,7,8,QQQ260901C00780000,QQQ,2026-09-01,call,780.0,0.0,0.0,0.04,122.0,0.02,0.08,12.0,,,,,,,2026-08-24,709.625,709.65,702.83,706.38,552704.0,706.932044
2026-08-24T20:35:06.234,7,8,QQQ260901C00785000,QQQ,2026-09-01,call,785.0,0.0,0.0,0.04,72.0,0.02,0.04,10.0,,,,,,,2026-08-24,709.625,709.65,702.83,706.38,552704.0,706.932044
2026-08-24T20:35:06.234,7,8,QQQ260901C00790000,QQQ,2026-09-01,call,790.0,0.0,0.0,0.01,76.0,0.005,0.03,1.0,,,,,,,2026-08-24,709.625,709.65,702.83,706.38,552704.0,706.932044
2026-08-24T20:35:06.234,7,8,QQQ260901C00795000,QQQ,2026-09-01,call,795.0,0.0,0.0,0.04,98.0,0.02,,,,,,,,,2026-08-24,709.625,709.65,702.83,706.38,552704.0,706.932044
2026-08-24T20:35:06.234,7,8,QQQ260901C00800000,QQQ,2026-09-01,call,800.0,0.0,0.0,0.04,76.0,0.02,,,,,,,,,2026-08-24,709.625,709.65,702.83,706.38,552704.0,706.932044
2026-08-24T20:35:06.234,7,8,QQQ260901C00805000,QQQ,2026-09-01,call,805.0,0.0,0.0,0.04,129.0,0.02,0.04,50.0,,,,,,,2026-08-24,709.625,709.65,702.83,706.38,552704.0,706.932044
2026-08-24T20:35:06.234,7,8,QQQ260901C00810000,QQQ,2026-09-01,call,810.0,0.0,0.0,0.01,77.0,0.005,,,,,,,,,2026-08-24,709.625,709.65,702.83,706.38,552704.0,706.932044
2026-08-24T20:35:06.234,7,8,QQQ260901C00815000,QQQ,2026-09-01,call,815.0,0.0,0.0,0.01,78.0,0.005,,,,,,,,,2026-08-24,709.625,709.65,702.83,706.38,552704.0,706.932044
2026-08-24T20:35:06.234,7,8,QQQ260901C00820000,QQQ,2026-09-01,call,820.0,0.0,0.0,0.04,79.0,0.02,,,,,,,,,2026-08-24,709.625,709.65,702.83,706.38,552704.0,706.932044
2026-08-24T20:35:06.234,7,8,QQQ260901C00825000,QQQ,2026-09-01,call,825.0,0.0,0.0,0.04,128.0,0.02,,,,,,,,,2026-08-24,709.625,709.65,702.83,706.38,552704.0,706.932044
2026-08-24T20:35:06.234,7,8,QQQ260901C00830000,QQQ,2026-09-01,call,830.0,0.0,0.0,0.04,81.0,0.02,,,,,,,,,2026-08-24,709.625,709.65,702.83,706.38,552704.0,706.932044
2026-08-24T20:35:06.234,7,8,QQQ260901C00835000,QQQ,2026-09-01,call,835.0,0.0,0.0,0.01,82.0,0.005,,,,,,,,,2026-08-24,709.625,709.65,702.83,706.38,552704.0,706.932044
2026-08-24T20:35:06.234,7,8,QQQ260901C00840000,QQQ,2026-09-01,call,840.0,0.0,0.0,0.01,128.0,0.005,,,,,,,,,2026-08-24,709.625,709.65,702.83,706.38,552704.0,706.932044
2026-08-24T20:35:06.234,7,8,QQQ260901C00845000,QQQ,2026-09-01,call,845.0,0.0,0.0,0.04,83.0,0.02,,,,,,,,,2026-08-24,709.625,709.65,702.83,706.38,552704.0,706.932044
2026-08-24T20:35:06.234,7,8,QQQ260901C00850000,QQQ,2026-09-01,call,850.0,0.0,0.0,0.01,82.0,0.005,,,,,,,,,2026-08-24,709.625,709.65,702.83,706.38,552704.0,706.932044
2026-08-24T20:35:06.234,7,8,QQQ260901C00855000,QQQ,2026-09-01,call,855.0,0.0,0.0,0.01,133.0,0.005,,,,,,,,,2026-08-24,709.625,709.65,702.83,706.38,552704.0,706.932044
2026-08-24T20:35:06.234,7,8,QQQ260901C00860000,QQQ,2026-09-01,call,860.0,0.0,0.0,0.04,84.0,0.02,,,,,,,,,2026-08-24,709.625,709.65,702.83,706.38,552704.0,706.932044
2026-08-24T20:35:06.234,7,8,QQQ260901C00865000,QQQ,2026-09-01,call,865.0,0.0,0.0,0.01,139.0,0.005,,,,,,,,,2026-08-24,709.625,709.65,702.83,706.38,552704.0,706.932044
2026-08-24T20:35:06.234,7,8,QQQ260901C00870000,QQQ,2026-09-01,call,870.0,0.0,0.0,0.04,85.0,0.02,,,,,,,,,2026-08-24,709.625,709.65,702.83,706.38,552704.0,706.932044
2026-08-24T20:35:06.234,7,8,QQQ260901C00875000,QQQ,2026-09-01,call,875.0,0.0,0.0,0.04,85.0,0.02,,,,,,,,,2026-08-24,709.625,709.65,702.83,706.38,552704.0,706.932044
2026-08-24T20:35:06.234,7,8,QQQ260901C00880000,QQQ,2026-09-01,call,880.0,0.0,0.0,0.01,150.0,0.005,,,,,,,,,2026-08-24,709.625,709.65,702.83,706.38,552704.0,706.932044
2026-08-24T20:35:06.234,7,8,QQQ260901C00885000,QQQ,2026-09-01,call,885.0,0.0,0.0,0.01,86.0,0.005,,,,,,,,,2026-08-24,709.625,709.65,702.83,706.38,552704.0,706.932044
2026-08-24T20:35:06.234,7,8,QQQ260901C00890000,QQQ,2026-09-01,call,890.0,0.0,0.0,0.01,148.0,0.005,,,,,,,,,2026-08-24,709.625,709.65,702.83,706.38,552704.0,706.932044
2026-08-24T20:35:06.234,7,8,QQQ260901C00895000,QQQ,2026-09-01,call,895.0,0.0,0.0,0.04,107.0,0.02,,,,,,,,,2026-08-24,709.625,709.65,702.83,706.38,552704.0,706.932044
2026-08-24T20:35:06.234,7,8,QQQ260901C00900000,QQQ,2026-09-01,call,900.0,0.0,0.0,0.01,145.0,0.005,,,,,,,,,2026-08-24,709.625,709.65,702.83,706.38,552704.0,706.932044
2026-08-24T20:35:06.234,7,8,QQQ260901C00905000,QQQ,2026-09-01,call,905.0,0.0,0.0,0.01,110.0,0.005,,,,,,,,,2026-08-24,709.625,709.65,702.83,706.38,552704.0,706.932044
2026-08-24T20:35:06.234,7,8,QQQ260901C00910000,QQQ,2026-09-01,call,910.0,0.0,0.0,0.04,94.0,0.02,,,,,,,,,2026-08-24,709.625,709.65,702.83,706.38,552704.0,706.932044
2026-08-24T20:35:06.234,7,8,QQQ260901C00915000,QQQ,2026-09-01,call,915.0,0.0,0.0,0.04,87.0,0.02,,,,,,,,,2026-08-24,709.625,709.65,702.83,706.38,552704.0,706.932044
2026-08-24T20:35:06.234,7,8,QQQ260901C00920000,QQQ,2026-09-01,call,920.0,0.0,0.0,0.04,94.0,0.02,,,,,,,,,2026-08-24,709.625,709.65,702.83,706.38,552704.0,706.932044
2026-08-24T20:35:06.234,7,8,QQQ260901C00925000,QQQ,2026-09-01,call,925.0,0.0,0.0,0.04,157.0,0.02,,,,,,,,,2026-08-24,709.625,709.65,702.83,706.38,552704.0,706.932044
2026-08-24T20:35:06.234,7,8,QQQ260901C00930000,QQQ,2026-09-01,call,930.0,0.0,0.0,0.04,92.0,0.02,,,,,,,,,2026-08-24,709.625,709.65,702.83,706.38,552704.0,706.932044
2026-08-24T20:35:06.234,7,8,QQQ260901C00935000,QQQ,2026-09-01,call,935.0,0.0,0.0,0.01,88.0,0.005,,,,,,,,,2026-08-24,709.625,709.65,702.83,706.38,552704.0,706.932044
2026-08-24T20:35:06.234,7,8,QQQ260901C00940000,QQQ,2026-09-01,call,940.0,0.0,0.0,0.04,88.0,0.02,,,,,,,,,2026-08-24,709.625,709.65,702.83,706.38,552704.0,706.932044
2026-08-24T20:35:06.234,7,8,QQQ260901C00945000,QQQ,2026-09-01,call,945.0,0.0,0.0,0.01,88.0,0.005,,,,,,,,,2026-08-24,709.625,709.65,702.83,706.38,552704.0,706.932044
2026-08-24T20:35:06.234,7,8,QQQ260901C00950000,QQQ,2026-09-01,call,950.0,0.0,0.0,0.04,89.0,0.02,,,,,,,,,2026-08-24,709.625,709.65,702.83,706.38,552704.0,706.932044
2026-08-24T20:35:06.234,7,8,QQQ260901P00490000,QQQ,2026-09-01,put,490.0,0.01,97.0,0.06,1035.0,0.034999999999999996,0.05,5.0,,,,,,,2026-08-24,709.625,709.65,702.83,706.38,552704.0,706.932044
2026-08-24T20:35:06.234,7,8,QQQ260901P00495000,QQQ,2026-09-01,put,495.0,0.03,101.0,0.06,65.0,0.045,,,,,,,,,2026-08-24,709.625,709.65,702.83,706.38,552704.0,706.932044
2026-08-24T20:35:06.234,7,8,QQQ260901P00500000,QQQ,2026-09-01,put,500.0,0.01,151.0,0.02,75.0,0.015,,,,,,,,,2026-08-24,709.625,709.65,702.83,706.38,552704.0,706.932044
2026-08-24T20:35:06.234,7,8,QQQ260901P00505000,QQQ,2026-09-01,put,505.0,0.01,77.0,0.02,73.0,0.015,,,,,,,,,2026-08-24,709.625,709.65,702.83,706.38,552704.0,706.932044
2026-08-24T20:35:06.234,7,8,QQQ260901P00510000,QQQ,2026-09-01,put,510.0,0.04,73.0,0.07,94.0,0.05500000000000001,,,,,,,,,2026-08-24,709.625,709.65,702.83,706.38,552704.0,706.932044
2026-08-24T20:35:06.234,7,8,QQQ260901P00515000,QQQ,2026-09-01,put,515.0,0.01,70.0,0.03,79.0,0.02,,,0.7007,-0.001,0.0,-0.0148,0.0034,-0.0002,2026-08-24,709.625,709.65,702.83,706.38,552704.0,706.932044
2026-08-24T20:35:06.234,7,8,QQQ260901P00520000,QQQ,2026-09-01,put,520.0,0.01,77.0,0.03,76.0,0.02,,,0.6808,-0.001,0.0,-0.0148,0.0035,-0.0002,2026-08-24,709.625,709.65,702.83,706.38,552704.0,706.932044
2026-08-24T20:35:06.234,7,8,QQQ260901P00525000,QQQ,2026-09-01,put,525.0,0.04,81.0,0.07,888.0,0.05500000000000001,,,0.7248,-0.0024,0.0001,-0.035,0.0078,-0.0004,2026-08-24,709.625,709.65,702.83,706.38,552704.0,706.932044
2026-08-24T20:35:06.234,7,8,QQQ260901P00530000,QQQ,2026-09-01,put,530.0,0.01,141.0,0.03,127.0,0.02,,,0.6415,-0.001,0.0001,-0.0146,0.0037,-0.0002,2026-08-24,709.625,709.65,702.83,706.38,552704.0,706.932044
2026-08-24T20:35:06.234,7,8,QQQ260901P00535000,QQQ,2026-09-01,put,535.0,0.01,49.0,0.03,67.0,0.02,,,0.622,-0.0011,0.0001,-0.0146,0.0038,-0.0002,2026-08-24,709.625,709.65,702.83,706.38,552704.0,706.932044
2026-08-24T20:35:06.234,7,8,QQQ260901P00540000,QQQ,2026-09-01,put,540.0,0.05,59.0,0.08,90.0,0.065,,,0.6728,-0.003,0.0001,-0.0397,0.0095,-0.0005,2026-08-24,709.625,709.65,702.83,706.38,552704.0,706.932044
2026-08-24T20:35:06.234,7,8,QQQ260901P00545000,QQQ,2026-09-01,put,545.0,0.05,85.0,0.08,122.0,0.065,,,0.6517,-0.0031,0.0001,-0.0395,0.0098,-0.0005,2026-08-24,709.625,709.65,702.83,706.38,552704.0,706.932044
2026-08-24T20:35:06.234,7,8,QQQ260901P00550000,QQQ,2026-09-01,put,550.0,0.01,79.0,0.04,818.0,0.025,,,0.5758,-0.0014,0.0001,-0.0174,0.0049,-0.0002,2026-08-24,709.625,709.65,702.83,706.38,552704.0,706.932044
2026-08-24T20:35:06.234,7,8,QQQ260901P00555000,QQQ,2026-09-01,put,555.0,0.02,42.0,0.08,186.0,0.05,,,0.5941,-0.0026,0.0001,-0.0313,0.0085,-0.0004,2026-08-24,709.625,709.65,702.83,706.38,552704.0,706.932044
2026-08-24T20:35:06.234,7,8,QQQ260901P00560000,QQQ,2026-09-01,put,560.0,0.02,53.0,0.05,214.0,0.035,0.06,1.0,0.5544,-0.002,0.0001,-0.023,0.0067,-0.0003,2026-08-24,709.625,709.65,702.83,706.38,552704.0,706.932044
2026-08-24T20:35:06.234,7,8,QQQ260901P00565000,QQQ,2026-09-01,put,565.0,0.02,83.0,0.05,151.0,0.035,0.08,1.0,0.535,-0.0021,0.0001,-0.0229,0.0069,-0.0003,2026-08-24,709.625,709.65,702.83,706.38,552704.0,706.932044
2026-08-24T20:35:06.234,7,8,QQQ260901P00570000,QQQ,2026-09-01,put,570.0,0.02,440.0,0.05,664.0,0.035,,,0.5157,-0.0022,0.0001,-0.0228,0.0071,-0.0003,2026-08-24,709.625,709.65,702.83,706.38,552704.0,706.932044
2026-08-24T20:35:06.234,7,8,QQQ260901P00575000,QQQ,2026-09-01,put,575.0,0.07,47.0,0.09,484.0,0.08,0.05,2.0,0.5403,-0.0044,0.0002,-0.0455,0.0136,-0.0007,2026-08-24,709.625,709.65,702.83,706.38,552704.0,706.932044
2026-08-24T20:35:06.234,7,8,QQQ260901P00580000,QQQ,2026-09-01,put,580.0,0.07,58.0,0.1,193.0,0.085,0.09,1.0,0.5233,-0.0048,0.0003,-0.0475,0.0146,-0.0008,2026-08-24,709.625,709.65,702.83,706.38,552704.0,706.932044
2026-08-24T20:35:06.234,7,8,QQQ260901P00585000,QQQ,2026-09-01,put,585.0,0.07,227.0,0.1,257.0,0.085,,,0.5028,-0.005,0.0003,-0.0472,0.0151,-0.0008,2026-08-24,709.625,709.65,702.83,706.38,552704.0,706.932044
2026-08-24T20:35:06.234,7,8,QQQ260901P00590000,QQQ,2026-09-01,put,590.0,0.04,48.0,0.06,156.0,0.05,,,0.4556,-0.0034,0.0002,-0.03,0.0106,-0.0005,2026-08-24,709.625,709.65,702.83,706.38,552704.0,706.932044
2026-08-24T20:35:06.234,7,8,QQQ260901P00595000,QQQ,2026-09-01,put,595.0,0.08,296.0,0.11,195.0,0.095,0.11,1.0,0.468,-0.0059,0.0003,-0.0509,0.0176,-0.0009,2026-08-24,709.625,709.65,702.83,706.38,552704.0,706.932044
2026-08-24T20:35:06.234,7,8,QQQ260901P00600000,QQQ,2026-09-01,put,600.0,0.05,19.0,0.11,188.0,0.08,0.07,1.0,0.4388,-0.0054,0.0003,-0.0438,0.0161,-0.0008,2026-08-24,709.625,709.65,702.83,706.38,552704.0,706.932044
2026-08-24T20:35:06.234,7,8,QQQ260901P00605000,QQQ,2026-09-01,put,605.0,0.09,197.0,0.12,510.0,0.105,0.21,5.0,0.4324,-0.007,0.0004,-0.0544,0.0203,-0.0011,2026-08-24,709.625,709.65,702.83,706.38,552704.0,706.932044
2026-08-24T20:35:06.234,7,8,QQQ260901P00610000,QQQ,2026-09-01,put,610.0,0.06,360.0,0.12,162.0,0.09,0.13,1.0,0.4044,-0.0065,0.0004,-0.0475,0.019,-0.001,2026-08-24,709.625,709.65,702.83,706.38,552704.0,706.932044
2026-08-24T20:35:06.234,7,8,QQQ260901P00615000,QQQ,2026-09-01,put,615.0,0.11,78.0,0.13,137.0,0.12,0.19,37.0,0.3981,-0.0085,0.0006,-0.0595,0.0242,-0.0013,2026-08-24,709.625,709.65,702.83,706.38,552704.0,706.932044
2026-08-24T20:35:06.234,7,8,QQQ260901P00620000,QQQ,2026-09-01,put,620.0,0.08,193.0,0.14,194.0,0.11000000000000001,0.11,10.0,0.3734,-0.0083,0.0006,-0.0548,0.0237,-0.0013,2026-08-24,709.625,709.65,702.83,706.38,552704.0,706.932044
2026-08-24T20:35:06.234,7,8,QQQ260901P00625000,QQQ,2026-09-01,put,625.0,0.13,257.0,0.15,80.0,0.14,0.2,1.0,0.3642,-0.0106,0.0007,-0.066,0.0293,-0.0017,2026-08-24,709.625,709.65,702.83,706.38,552704.0,706.932044
2026-08-24T20:35:06.234,7,8,QQQ260901P00630000,QQQ,2026-09-01,put,630.0,0.11,122.0,0.17,214.0,0.14,0.26,10.0,0.3434,-0.0112,0.0008,-0.0651,0.0307,-0.0018,2026-08-24,709.625,709.65,702.83,706.38,552704.0,706.932044
2026-08-24T20:35:06.234,7,8,QQQ260901P00635000,QQQ,2026-09-01,put,635.0,0.17,77.0,0.19,85.0,0.18,0.16,10.0,0.334,-0.0144,0.001,-0.0786,0.0382,-0.0023,2026-08-24,709.625,709.65,702.83,706.38,552704.0,706.932044
2026-08-24T20:35:06.234,7,8,QQQ260901P00640000,QQQ,2026-09-01,put,640.0,0.19,179.0,0.21,3.0,0.2,0.18,36.0,0.3175,-0.0165,0.0012,-0.0842,0.043,-0.0026,2026-08-24,709.625,709.65,702.83,706.38,552704.0,706.932044
2026-08-24T20:35:06.234,7,8,QQQ260901P00645000,QQQ,2026-09-01,put,645.0,0.19,138.0,0.25,48.0,0.22,0.23,5.0,0.3002,-0.0189,0.0015,-0.0893,0.0483,-0.003,2026-08-24,709.625,709.65,702.83,706.38,552704.0,706.932044
2026-08-24T20:35:06.234,7,8,QQQ260901P00650000,QQQ,2026-09-01,put,650.0,0.23,227.0,0.26,52.0,0.245,0.26,1.0,0.2831,-0.022,0.0018,-0.0954,0.0548,-0.0035,2026-08-24,709.625,709.65,702.83,706.38,552704.0,706.932044
2026-08-24T20:35:06.234,7,8,QQQ260901P00655000,QQQ,2026-09-01,put,655.0,0.34,69.0,0.37,61.0,0.355,0.34,4.0,0.2777,-0.031,0.0024,-0.1246,0.073,-0.0049,2026-08-24,709.625,709.65,702.83,706.38,552704.0,706.932044
2026-08-24T20:35:06.234,7,8,QQQ260901P00660000,QQQ,2026-09-01,put,660.0,0.44,42.0,0.46,28.0,0.45,0.4,4.0,0.2658,-0.0396,0.0031,-0.1456,0.0894,-0.0062,2026-08-24,709.625,709.65,702.83,706.38,552704.0,706.932044
2026-08-24T20:35:06.234,7,8,QQQ260901P00665000,QQQ,2026-09-01,put,665.0,0.57,131.0,0.59,1.0,0.58,0.55,2.0,0.2543,-0.0513,0.004,-0.1711,0.11,-0.0081,2026-08-24,709.625,709.65,702.83,706.38,552704.0,706.932044
2026-08-24T20:35:06.234,7,8,QQQ260901P00668000,QQQ,2026-09-01,put,668.0,0.68,30.0,0.71,39.0,0.6950000000000001,0.65,2.0,0.2487,-0.061,0.0046,-0.1918,0.1262,-0.0096,2026-08-24,709.625,709.65,702.83,706.38,552704.0,706.932044
2026-08-24T20:35:06.234,7,8,QQQ260901P00669000,QQQ,2026-09-01,put,669.0,0.68,27.0,0.71,46.0,0.6950000000000001,0.64,1.0,0.2435,-0.0622,0.0048,-0.1903,0.128,-0.0098,2026-08-24,709.625,709.65,702.83,706.38,552704.0,706.932044
2026-08-24T20:35:06.234,7,8,QQQ260901P00670000,QQQ,2026-09-01,put,670.0,0.72,71.0,0.75,68.0,0.735,0.75,5.0,0.2413,-0.0657,0.0051,-0.1968,0.1336,-0.0103,2026-08-24,709.625,709.65,702.83,706.38,552704.0,706.932044
2026-08-24T20:35:06.234,7,8,QQQ260901P00671000,QQQ,2026-09-01,put,671.0,0.81,28.0,0.84,55.0,0.825,0.74,6.0,0.2425,-0.0721,0.0054,-0.2125,0.1436,-0.0113,2026-08-24,709.625,709.65,702.83,706.38,552704.0,706.932044
2026-08-24T20:35:06.234,7,8,QQQ260901P00672000,QQQ,2026-09-01,put,672.0,0.82,27.0,0.89,40.0,0.855,0.79,1.0,0.2392,-0.0752,0.0057,-0.2163,0.1483,-0.0118,2026-08-24,709.625,709.65,702.83,706.38,552704.0,706.932044
2026-08-24T20:35:06.234,7,8,QQQ260901P00673000,QQQ,2026-09-01,put,673.0,0.92,26.0,0.94,60.0,0.9299999999999999,1.22,2.0,0.2386,-0.0809,0.006,-0.228,0.1568,-0.0127,2026-08-24,709.625,709.65,702.83,706.38,552704.0,706.932044
2026-08-24T20:35:06.234,7,8,QQQ260901P00674000,QQQ,2026-09-01,put,674.0,0.93,28.0,1.0,35.0,0.9650000000000001,1.01,1.0,0.2353,-0.0845,0.0063,-0.232,0.1619,-0.0133,2026-08-24,709.625,709.65,702.83,706.38,552704.0,706.932044
2026-08-24T20:35:06.234,7,8,QQQ260901P00675000,QQQ,2026-09-01,put,675.0,0.99,40.0,1.06,47.0,1.025,1.0,1.0,0.2333,-0.0895,0.0066,-0.2401,0.169,-0.0141,2026-08-24,709.625,709.65,702.83,706.38,552704.0,706.932044
2026-08-24T20:35:06.234,7,8,QQQ260901P00676000,QQQ,2026-09-01,put,676.0,1.1,76.0,1.13,34.0,1.115,1.08,5.0,0.2328,-0.0961,0.007,-0.2525,0.1782,-0.0151,2026-08-24,709.625,709.65,702.83,706.38,552704.0,706.932044
2026-08-24T20:35:06.234,7,8,QQQ260901P00677000,QQQ,2026-09-01,put,677.0,1.17,33.0,1.2,36.0,1.185,1.12,1.0,0.2309,-0.1018,0.0074,-0.261,0.1859,-0.016,2026-08-24,709.625,709.65,702.83,706.38,552704.0,706.932044
2026-08-24T20:35:06.234,7,8,QQQ260901P00678000,QQQ,2026-09-01,put,678.0,1.24,48.0,1.29,85.0,1.2650000000000001,1.19,1.0,0.2293,-0.1081,0.0077,-0.2705,0.1942,-0.017,2026-08-24,709.625,709.65,702.83,706.38,552704.0,706.932044
2026-08-24T20:35:06.234,7,8,QQQ260901P00679000,QQQ,2026-09-01,put,679.0,1.28,49.0,1.35,3.0,1.315,1.48,1.0,0.2259,-0.113,0.0081,-0.2748,0.2004,-0.0178,2026-08-24,709.625,709.65,702.83,706.38,552704.0,706.932044
2026-08-24T20:35:06.234,7,8,QQQ260901P00680000,QQQ,2026-09-01,put,680.0,1.37,73.0,1.42,36.0,1.395,1.35,1.0,0.2238,-0.1196,0.0085,-0.2832,0.2086,-0.0188,2026-08-24,709.625,709.65,702.83,706.38,552704.0,706.932044
2026-08-24T20:35:06.234,7,8,QQQ260901P00681000,QQQ,2026-09-01,put,681.0,1.46,26.0,1.5,13.0,1.48,1.39,2.0,0.2217,-0.1265,0.009,-0.2915,0.217,-0.0199,2026-08-24,709.625,709.65,702.83,706.38,552704.0,706.932044
2026-08-24T20:35:06.234,7,8,QQQ260901P00682000,QQQ,2026-09-01,put,682.0,1.6,28.0,1.61,16.0,1.605,1.33,1.0,0.2211,-0.1354,0.0094,-0.3045,0.2274,-0.0213,2026-08-24,709.625,709.65,702.83,706.38,552704.0,706.932044
2026-08-24T20:35:06.234,7,8,QQQ260901P00683000,QQQ,2026-09-01,put,683.0,1.71,27.0,1.75,7.0,1.73,1.7,1.0,0.2202,-0.1444,0.0099,-0.3165,0.2375,-0.0227,2026-08-24,709.625,709.65,702.83,706.38,552704.0,706.932044
2026-08-24T20:35:06.234,7,8,QQQ260901P00684000,QQQ,2026-09-01,put,684.0,1.82,73.0,1.88,2.0,1.85,1.6,10.0,0.2187,-0.1532,0.0103,-0.3268,0.2472,-0.0241,2026-08-24,709.625,709.65,702.83,706.38,552704.0,706.932044
2026-08-24T20:35:06.234,7,8,QQQ260901P00685000,QQQ,2026-09-01,put,685.0,1.9,85.0,1.95,27.0,1.9249999999999998,1.86,38.0,0.2151,-0.1603,0.0108,-0.3308,0.2546,-0.0252,2026-08-24,709.625,709.65,702.83,706.38,552704.0,706.932044
2026-08-24T20:35:06.234,7,8,QQQ260901P00686000,QQQ,2026-09-01,put,686.0,2.07,29.0,2.12,23.0,2.0949999999999998,1.68,1.0,0.2149,-0.1715,0.0113,-0.3451,0.2661,-0.027,2026-08-24,709.625,709.65,702.83,706.38,552704.0,706.932044
2026-08-24T20:35:06.234,7,8,QQQ260901P00687000,QQQ,2026-09-01,put,687.0,2.17,24.0,2.2,7.0,2.185,2.14,1.0,0.2115,-0.1797,0.0119,-0.3492,0.274,-0.0283,2026-08-24,709.625,709.65,702.83,706.38,552704.0,706.932044
2026-08-24T20:35:06.234,7,8,QQQ260901P00688000,QQQ,2026-09-01,put,688.0,2.3,13.0,2.37,14.0,2.335,1.92,10.0,0.2099,-0.1904,0.0124,-0.359,0.284,-0.03,2026-08-24,709.625,709.65,702.83,706.38,552704.0,706.932044
2026-08-24T20:35:06.234,7,8,QQQ260901P00689000,QQQ,2026-09-01,put,689.0,2.53,24.0,2.59,23.0,2.5599999999999996,2.47,55.0,0.2106,-0.2041,0.0129,-0.3752,0.2962,-0.0321,2026-08-24,709.625,709.65,702.83,706.38,552704.0,706.932044
2026-08-24T20:35:06.234,7,8,QQQ260901P00690000,QQQ,2026-09-01,put,690.0,2.68,27.0,2.74,11.0,2.71,2.62,2.0,0.2083,-0.2151,0.0134,-0.3823,0.3055,-0.0339,2026-08-24,709.625,709.65,702.83,706.38,552704.0,706.932044
2026-08-24T20:35:06.234,7,8,QQQ260901P00691000,QQQ,2026-09-01,put,691.0,2.8,18.0,2.89,13.0,2.8449999999999998,2.8,1.0,0.2053,-0.2259,0.014,-0.3869,0.3142,-0.0356,2026-08-24,709.625,709.65,702.83,706.38,552704.0,706.932044
2026-08-24T20:35:06.234,7,8,QQQ260901P00692000,QQQ,2026-09-01,put,692.0,3.01,18.0,3.12,4.0,3.065,2.99,1.0,0.2046,-0.2398,0.0145,-0.398,0.3248,-0.0378,2026-08-24,709.625,709.65,702.83,706.38,552704.0,706.932044
2026-08-24T20:35:06.234,7,8,QQQ260901P00693000,QQQ,2026-09-01,put,693.0,3.26,30.0,3.34,7.0,3.3,3.13,8.0,0.2039,-0.2542,0.015,-0.4088,0.3351,-0.0401,2026-08-24,709.625,709.65,702.83,706.38,552704.0,706.932044
2026-08-24T20:35:06.234,7,8,QQQ260901P00694000,QQQ,2026-09-01,put,694.0,3.49,21.0,3.51,22.0,3.5,2.93,2.0,0.2019,-0.2677,0.0156,-0.415,0.3442,-0.0422,2026-08-24,709.625,709.65,702.83,706.38,552704.0,706.932044
2026-08-24T20:35:06.234,7,8,QQQ260901P00695000,QQQ,2026-09-01,put,695.0,3.71,14.0,3.78,20.0,3.745,3.62,8.0,0.2007,-0.2828,0.0161,-0.4232,0.3536,-0.0446,2026-08-24,709.625,709.65,702.83,706.38,552704.0,706.932044
2026-08-24T20:35:06.234,7,8,QQQ260901P00696000,QQQ,2026-09-01,put,696.0,3.9,6.0,4.05,6.0,3.9749999999999996,3.9,5.0,0.1987,-0.2977,0.0167,-0.4285,0.3622,-0.0469,2026-08-24,709.625,709.65,702.83,706.38,552704.0,706.932044
2026-08-24T20:35:06.234,7,8,QQQ260901P00697000,QQQ,2026-09-01,put,697.0,4.15,18.0,4.25,20.0,4.2,4.14,8.0,0.1963,-0.3128,0.0173,-0.4317,0.3702,-0.0493,2026-08-24,709.625,709.65,702.83,706.38,552704.0,706.932044
2026-08-24T20:35:06.234,7,8,QQQ260901P00698000,QQQ,2026-09-01,put,698.0,4.53,63.0,4.61,18.0,4.57,4.44,5.0,0.1973,-0.3312,0.0176,-0.4436,0.3791,-0.0523,2026-08-24,709.625,709.65,702.83,706.38,552704.0,706.932044
2026-08-24T20:35:06.234,7,8,QQQ260901P00699000,QQQ,2026-09-01,put,699.0,4.74,17.0,4.82,8.0,4.78,4.55,1.0,0.1937,-0.3467,0.0182,-0.442,0.3858,-0.0547,2026-08-24,709.625,709.65,702.83,706.38,552704.0,706.932044
2026-08-24T20:35:06.234,7,8,QQQ260901P00700000,QQQ,2026-09-01,put,700.0,5.03,24.0,5.14,8.0,5.085,5.0,1.0,0.1921,-0.3643,0.0187,-0.4452,0.3927,-0.0575,2026-08-24,709.625,709.65,702.83,706.38,552704.0,706.932044
2026-08-24T20:35:06.234,7,8,QQQ260901P00701000,QQQ,2026-09-01,put,701.0,5.32,23.0,5.53,4.0,5.425000000000001,5.32,1.0,0.191,-0.3827,0.0191,-0.4485,0.3989,-0.0604,2026-08-24,709.625,709.65,702.83,706.38,552704.0,706.932044
2026-08-24T20:35:06.234,7,8,QQQ260901P00702000,QQQ,2026-09-01,put,702.0,5.67,3.0,5.72,3.0,5.695,5.24,1.0,0.1877,-0.4006,0.0197,-0.4451,0.404,-0.0632,2026-08-24,709.625,709.65,702.83,706.38,552704.0,706.932044
2026-08-24T20:35:06.234,7,8,QQQ260901P00703000,QQQ,2026-09-01,put,703.0,6.2,5.0,6.3,14.0,6.25,6.08,16.0,0.191,-0.4217,0.0196,-0.4577,0.409,-0.0666,2026-08-24,709.625,709.65,702.83,706.38,552704.0,706.932044
2026-08-24T20:35:06.234,7,8,QQQ260901P00704000,QQQ,2026-09-01,put,704.0,6.52,6.0,6.59,3.0,6.555,6.39,1.0,0.1876,-0.4406,0.0201,-0.4519,0.4124,-0.0696,2026-08-24,709.625,709.65,702.83,706.38,552704.0,706.932044
2026-08-24T20:35:06.234,7,8,QQQ260901P00705000,QQQ,2026-09-01,put,705.0,6.95,12.0,7.09,6.0,7.02,6.8,1.0,0.1877,-0.4609,0.0202,-0.4537,0.415,-0.0729,2026-08-24,709.625,709.65,702.83,706.38,552704.0,706.932044
2026-08-24T20:35:06.234,7,8,QQQ260901P00706000,QQQ,2026-09-01,put,706.0,7.18,12.0,7.35,12.0,7.265,7.2,5.0,0.182,-0.4809,0.0209,-0.4392,0.4166,-0.076,2026-08-24,709.625,709.65,702.83,706.38,552704.0,706.932044
2026-08-24T20:35:06.234,7,8,QQQ260901P00707000,QQQ,2026-09-01,put,707.0,7.6,15.0,8.23,1.0,7.915,7.65,10.0,0.1856,-0.5016,0.0206,-0.4475,0.417,-0.0794,2026-08-24,709.625,709.65,702.83,706.38,552704.0,706.932044
2026-08-24T20:35:06.234,7,8,QQQ260901P00708000,QQQ,2026-09-01,put,708.0,8.13,6.0,8.23,5.0,8.18,8.25,1.0,0.1794,-0.5232,0.0212,-0.4291,0.4163,-0.0828,2026-08-24,709.625,709.65,702.83,706.38,552704.0,706.932044
2026-08-24T20:35:06.234,7,8,QQQ260901P00709000,QQQ,2026-09-01,put,709.0,8.72,9.0,8.82,5.0,8.77,8.54,8.0,0.1805,-0.544,0.021,-0.4284,0.4145,-0.0861,2026-08-24,709.625,709.65,702.83,706.38,552704.0,706.932044
2026-08-24T20:35:06.234,7,8,QQQ260901P00710000,QQQ,2026-09-01,put,710.0,9.26,10.0,9.28,3.0,9.27,9.07,1.0,0.179,-0.5655,0.021,-0.4193,0.4114,-0.0896,2026-08-24,709.625,709.65,702.83,706.38,552704.0,706.932044
2026-08-24T20:35:06.234,7,8,QQQ260901P00711000,QQQ,2026-09-01,put,711.0,9.67,6.0,9.75,10.0,9.71,8.58,1.0,0.1754,-0.5883,0.0212,-0.4033,0.4068,-0.0932,2026-08-24,709.625,709.65,702.83,706.38,552704.0,706.932044
2026-08-24T20:35:06.234,7,8,QQQ260901P00712000,QQQ,2026-09-01,put,712.0,10.34,3.0,10.56,3.0,10.45,10.28,1.0,0.1787,-0.6071,0.0206,-0.4049,0.4019,-0.0962,2026-08-24,709.625,709.65,702.83,706.38,552704.0,706.932044
2026-08-24T20:35:06.234,7,8,QQQ260901P00713000,QQQ,2026-09-01,put,713.0,10.7,6.0,11.2,7.0,10.95,10.7,3.0,0.1754,-0.6297,0.0206,-0.3873,0.3948,-0.0999,2026-08-24,709.625,709.65,702.83,706.38,552704.0,706.932044
2026-08-24T20:35:06.234,7,8,QQQ260901P00714000,QQQ,2026-09-01,put,714.0,10.8,1.0,12.33,1.0,11.565000000000001,10.56,5.0,0.1746,-0.6507,0.0203,-0.375,0.3869,-0.1032,2026-08-24,709.625,709.65,702.83,706.38,552704.0,706.932044
2026-08-24T20:35:06.234,7,8,QQQ260901P00715000,QQQ,2026-09-01,put,715.0,11.91,4.0,12.31,5.0,12.11,10.35,6.0,0.1713,-0.6738,0.0201,-0.3546,0.3768,-0.1069,2026-08-24,709.625,709.65,702.83,706.38,552704.0,706.932044
2026-08-24T20:35:06.234,7,8,QQQ260901P00716000,QQQ,2026-09-01,put,716.0,12.57,2.0,12.96,4.0,12.765,12.69,4.0,0.1703,-0.6945,0.0197,-0.3396,0.3664,-0.1103,2026-08-24,709.625,709.65,702.83,706.38,552704.0,706.932044
2026-08-24T20:35:06.234,7,8,QQQ260901P00717000,QQQ,2026-09-01,put,717.0,12.05,62.0,13.68,62.0,12.865,12.94,1.0,0.1527,-0.7361,0.0205,-0.2728,0.3417,-0.1167,2026-08-24,709.625,709.65,702.83,706.38,552704.0,706.932044
2026-08-24T20:35:06.234,7,8,QQQ260901P00718000,QQQ,2026-09-01,put,718.0,12.29,16.0,14.18,3.0,13.235,12.17,3.0,0.1408,-0.7745,0.0204,-0.2203,0.3139,-0.1228,2026-08-24,709.625,709.65,702.83,706.38,552704.0,706.932044
2026-08-24T20:35:06.234,7,8,QQQ260901P00719000,QQQ,2026-09-01,put,719.0,12.84,1.0,16.59,10.0,14.715,14.0,1.0,0.1629,-0.7599,0.0183,-0.2758,0.325,-0.1208,2026-08-24,709.625,709.65,702.83,706.38,552704.0,706.932044
2026-08-24T20:35:06.234,7,8,QQQ260901P00720000,QQQ,2026-09-01,put,720.0,13.87,119.0,16.26,78.0,15.065000000000001,15.29,1.0,0.1489,-0.7989,0.018,-0.2152,0.2936,-0.1269,2026-08-24,709.625,709.65,702.83,706.38,552704.0,706.932044
2026-08-24T20:35:06.234,7,8,QQQ260901P00721000,QQQ,2026-09-01,put,721.0,14.0,2.0,16.46,2.0,15.23,12.09,1.0,0.1235,-0.8621,0.0171,-0.1154,0.2303,-0.1368,2026-08-24,709.625,709.65,702.83,706.38,552704.0,706.932044
2026-08-24T20:35:06.234,7,8,QQQ260901P00722000,QQQ,2026-09-01,put,722.0,14.78,2.0,18.46,10.0,16.62,12.84,1.0,0.1455,-0.8381,0.0161,-0.1723,0.2564,-0.1333,2026-08-24,709.625,709.65,702.83,706.38,552704.0,706.932044
2026-08-24T20:35:06.234,7,8,QQQ260901P00723000,QQQ,2026-09-01,put,723.0,15.7,2.0,18.54,1.0,17.119999999999997,18.73,1.0,0.1299,-0.8809,0.0147,-0.105,0.2081,-0.1401,2026-08-24,709.625,709.65,702.83,706.38,552704.0,706.932044
2026-08-24T20:35:06.234,7,8,QQQ260901P00724000,QQQ,2026-09-01,put,724.0,16.35,1.0,18.99,2.0,17.67,13.61,1.0,0.1092,-0.9321,0.0115,-0.026,0.1372,-0.1481,2026-08-24,709.625,709.65,702.83,706.38,552704.0,706.932044
2026-08-24T20:35:06.234,7,8,QQQ260901P00725000,QQQ,2026-09-01,put,725.0,17.12,2.0,19.66,2.0,18.39,18.97,8.0,0.0832,-0.981,0.0053,0.046,0.0484,-0.1559,2026-08-24,709.625,709.65,702.83,706.38,552704.0,706.932044
2026-08-24T20:35:06.234,7,8,QQQ260901P00726000,QQQ,2026-09-01,put,726.0,18.22,3.0,22.15,1.0,20.185,19.63,10.0,0.1497,-0.8864,0.0123,-0.1235,0.2011,-0.1416,2026-08-24,709.625,709.65,702.83,706.38,552704.0,706.932044
2026-08-24T20:35:06.234,7,8,QQQ260901P00727000,QQQ,2026-09-01,put,727.0,18.83,1.0,22.94,10.0,20.884999999999998,21.64,4.0,0.1385,-0.9154,0.0107,-0.0736,0.1622,-0.1462,2026-08-24,709.625,709.65,702.83,706.38,552704.0,706.932044
2026-08-24T20:35:06.234,7,8,QQQ260901P00728000,QQQ,2026-09-01,put,728.0,19.99,1.0,23.36,10.0,21.674999999999997,19.54,1.0,0.1287,-0.9397,0.0089,-0.0321,0.1251,-0.1502,2026-08-24,709.625,709.65,702.83,706.38,552704.0,706.932044
2026-08-24T20:35:06.234,7,8,QQQ260901P00729000,QQQ,2026-09-01,put,729.0,21.29,1.0,24.04,2.0,22.665,25.21,3.0,0.1326,-0.9425,0.0083,-0.031,0.1204,-0.1508,2026-08-24,709.625,709.65,702.83,706.38,552704.0,706.932044
2026-08-24T20:35:06.234,7,8,QQQ260901P00730000,QQQ,2026-09-01,put,730.0,21.9,1.0,25.74,10.0,23.82,22.3,5.0,0.1491,-0.9281,0.0088,-0.0656,0.1433,-0.1488,2026-08-24,709.625,709.65,702.83,706.38,552704.0,706.932044
2026-08-24T20:35:06.234,7,8,QQQ260901P00731000,QQQ,2026-09-01,put,731.0,22.77,1.0,26.92,1.0,24.845,18.93,1.0,0.1557,-0.9276,0.0085,-0.0722,0.1441,-0.149,2026-08-24,709.625,709.65,702.83,706.38,552704.0,706.932044
2026-08-24T20:35:06.234,7,8,QQQ260901P00732000,QQQ,2026-09-01,put,732.0,23.36,1.0,27.61,10.0,25.485,22.17,2.0,0.1271,-0.9688,0.0053,0.0125,0.0735,-0.1555,2026-08-24,709.625,709.65,702.83,706.38,552704.0,706.932044
2026-08-24T20:35:06.234,7,8,QQQ260901P00733000,QQQ,2026-09-01,put,733.0,24.86,1.0,28.15,10.0,26.505,21.03,1.0,0.134,-0.9668,0.0053,0.0062,0.0774,-0.1554,2026-08-24,709.625,709.65,702.83,706.38,552704.0,706.932044
2026-08-24T20:35:06.234,7,8,QQQ260901P00734000,QQQ,2026-09-01,put,734.0,25.14,1.0,29.35,10.0,27.245,19.81,1.0,,,,,,,2026-08-24,709.625,709.65,702.83,706.38,552704.0,706.932044
2026-08-24T20:35:06.234,7,8,QQQ260901P00735000,QQQ,2026-09-01,put,735.0,26.47,1.0,29.77,10.0,28.119999999999997,26.99,5.0,,,,,,,2026-08-24,709.625,709.65,702.83,706.38,552704.0,706.932044
2026-08-24T20:35:06.234,7,8,QQQ260901P00736000,QQQ,2026-09-01,put,736.0,27.69,10.0,31.09,10.0,29.39,21.13,1.0,0.1259,-0.9851,0.0029,0.0417,0.0392,-0.1589,2026-08-24,709.625,709.65,702.83,706.38,552704.0,706.932044
2026-08-24T20:35:06.234,7,8,QQQ260901P00737000,QQQ,2026-09-01,put,737.0,28.94,10.0,31.48,1.0,30.21,,,,,,,,,2026-08-24,709.625,709.65,702.83,706.38,552704.0,706.932044
2026-08-24T20:35:06.234,7,8,QQQ260901P00738000,QQQ,2026-09-01,put,738.0,29.6,1.0,33.97,1.0,31.785,23.02,1.0,0.1841,-0.9428,0.006,-0.0682,0.1199,-0.1529,2026-08-24,709.625,709.65,702.83,706.38,552704.0,706.932044
2026-08-24T20:35:06.234,7,8,QQQ260901P00739000,QQQ,2026-09-01,put,739.0,30.14,1.0,33.78,1.0,31.96,23.84,1.0,,,,,,,2026-08-24,709.625,709.65,702.83,706.38,552704.0,706.932044
2026-08-24T20:35:06.234,7,8,QQQ260901P00740000,QQQ,2026-09-01,put,740.0,31.32,3.0,34.46,10.0,32.89,26.91,1.0,,,,,,,2026-08-24,709.625,709.65,702.83,706.38,552704.0,706.932044
2026-08-24T20:35:06.234,7,8,QQQ260901P00741000,QQQ,2026-09-01,put,741.0,32.63,1.0,35.86,2.0,34.245000000000005,30.68,1.0,,,,,,,2026-08-24,709.625,709.65,702.83,706.38,552704.0,706.932044
2026-08-24T20:35:06.234,7,8,QQQ260901P00742000,QQQ,2026-09-01,put,742.0,33.05,1.0,36.83,10.0,34.94,30.82,2.0,,,,,,,2026-08-24,709.625,709.65,702.83,706.38,552704.0,706.932044
2026-08-24T20:35:06.234,7,8,QQQ260901P00743000,QQQ,2026-09-01,put,743.0,35.07,1.0,37.57,12.0,36.32,28.48,1.0,0.1124,-0.9987,0.0004,0.071,0.0046,-0.1625,2026-08-24,709.625,709.65,702.83,706.38,552704.0,706.932044
2026-08-24T20:35:06.234,7,8,QQQ260901P00744000,QQQ,2026-09-01,put,744.0,36.1,1.0,39.27,10.0,37.685,,,0.2015,-0.9565,0.0044,-0.05,0.0964,-0.1563,2026-08-24,709.625,709.65,702.83,706.38,552704.0,706.932044
2026-08-24T20:35:06.234,7,8,QQQ260901P00745000,QQQ,2026-09-01,put,745.0,36.15,1.0,40.79,10.0,38.47,26.92,2.0,0.1773,-0.9772,0.0029,0.0103,0.0564,-0.1597,2026-08-24,709.625,709.65,702.83,706.38,552704.0,706.932044
2026-08-24T20:35:06.234,7,8,QQQ260901P00746000,QQQ,2026-09-01,put,746.0,37.27,10.0,41.39,2.0,39.33,,,0.1367,-0.9962,0.0008,0.0641,0.0119,-0.1628,2026-08-24,709.625,709.65,702.83,706.38,552704.0,706.932044
2026-08-24T20:35:06.234,7,8,QQQ260901P00747000,QQQ,2026-09-01,put,747.0,39.13,1.0,41.05,2.0,40.09,,,,,,,,,2026-08-24,709.625,709.65,702.83,706.38,552704.0,706.932044
2026-08-24T20:35:06.234,7,8,QQQ260901P00748000,QQQ,2026-09-01,put,748.0,39.2,1.0,43.71,10.0,41.455,,,0.1862,-0.9798,0.0025,0.0139,0.0511,-0.1607,2026-08-24,709.625,709.65,702.83,706.38,552704.0,706.932044
2026-08-24T20:35:06.234,7,8,QQQ260901P00749000,QQQ,2026-09-01,put,749.0,40.21,1.0,44.19,10.0,42.2,,,,,,,,,2026-08-24,709.625,709.65,702.83,706.38,552704.0,706.932044
2026-08-24T20:35:06.234,7,8,QQQ260901P00750000,QQQ,2026-09-01,put,750.0,42.24,1.0,44.88,10.0,43.56,,,0.2114,-0.9704,0.003,-0.02,0.0703,-0.1597,2026-08-24,709.625,709.65,702.83,706.38,552704.0,706.932044
2026-08-24T20:35:06.234,7,8,QQQ260901P00751000,QQQ,2026-09-01,put,751.0,42.29,1.0,45.93,2.0,44.11,,,,,,,,,2026-08-24,709.625,709.65,702.83,706.38,552704.0,706.932044
2026-08-24T20:35:06.234,7,8,QQQ260901P00752000,QQQ,2026-09-01,put,752.0,44.01,1.0,46.88,10.0,45.445,,,0.1994,-0.9818,0.0021,0.0156,0.0468,-0.1619,2026-08-24,709.625,709.65,702.83,706.38,552704.0,706.932044
2026-08-24T20:35:06.234,7,8,QQQ260901P00753000,QQQ,2026-09-01,put,753.0,45.38,1.0,48.31,10.0,46.845,,,0.2562,-0.9511,0.0038,-0.0977,0.1059,-0.1575,2026-08-24,709.625,709.65,702.83,706.38,552704.0,706.932044
2026-08-24T20:35:06.234,7,8,QQQ260901P00754000,QQQ,2026-09-01,put,754.0,46.46,1.0,49.44,10.0,47.95,,,0.2701,-0.9454,0.0039,-0.1235,0.1156,-0.1568,2026-08-24,709.625,709.65,702.83,706.38,552704.0,706.932044
2026-08-24T20:35:06.234,7,8,QQQ260901P00755000,QQQ,2026-09-01,put,755.0,46.56,1.0,50.33,2.0,48.445,,,0.2108,-0.9824,0.002,0.0143,0.0455,-0.1626,2026-08-24,709.625,709.65,702.83,706.38,552704.0,706.932044
2026-08-24T20:35:06.234,7,8,QQQ260901P00756000,QQQ,2026-09-01,put,756.0,47.06,1.0,50.17,2.0,48.615,,,,,,,,,2026-08-24,709.625,709.65,702.83,706.38,552704.0,706.932044
2026-08-24T20:35:06.234,7,8,QQQ260901P00757000,QQQ,2026-09-01,put,757.0,47.99,1.0,51.48,10.0,49.735,,,,,,,,,2026-08-24,709.625,709.65,702.83,706.38,552704.0,706.932044
2026-08-24T20:35:06.234,7,8,QQQ260901P00758000,QQQ,2026-09-01,put,758.0,50.1,1.0,53.29,10.0,51.695,41.1,1.0,0.2614,-0.9635,0.0029,-0.0633,0.0836,-0.1604,2026-08-24,709.625,709.65,702.83,706.38,552704.0,706.932044
2026-08-24T20:35:06.234,7,8,QQQ260901P00759000,QQQ,2026-09-01,put,759.0,50.64,10.0,53.08,2.0,51.86,,,,,,,,,2026-08-24,709.625,709.65,702.83,706.38,552704.0,706.932044
2026-08-24T20:35:06.234,7,8,QQQ260901P00760000,QQQ,2026-09-01,put,760.0,51.93,10.0,54.35,10.0,53.14,,,,,,,,,2026-08-24,709.625,709.65,702.83,706.38,552704.0,706.932044
2026-08-24T20:35:06.234,7,8,QQQ260901P00761000,QQQ,2026-09-01,put,761.0,52.63,10.0,55.44,10.0,54.035,,,,,,,,,2026-08-24,709.625,709.65,702.83,706.38,552704.0,706.932044
2026-08-24T20:35:06.234,7,8,QQQ260901P00762000,QQQ,2026-09-01,put,762.0,52.81,10.0,56.6,10.0,54.705,,,,,,,,,2026-08-24,709.625,709.65,702.83,706.38,552704.0,706.932044
2026-08-24T20:35:06.234,7,8,QQQ260901P00763000,QQQ,2026-09-01,put,763.0,54.21,1.0,59.1,10.0,56.655,,,0.2766,-0.9681,0.0025,-0.0554,0.0749,-0.1622,2026-08-24,709.625,709.65,702.83,706.38,552704.0,706.932044
2026-08-24T20:35:06.234,7,8,QQQ260901P00764000,QQQ,2026-09-01,put,764.0,54.74,1.0,58.26,10.0,56.5,,,,,,,,,2026-08-24,709.625,709.65,702.83,706.38,552704.0,706.932044
2026-08-24T20:35:06.234,7,8,QQQ260901P00765000,QQQ,2026-09-01,put,765.0,56.63,1.0,60.6,2.0,58.615,,,0.2789,-0.9713,0.0022,-0.0449,0.0685,-0.1632,2026-08-24,709.625,709.65,702.83,706.38,552704.0,706.932044
2026-08-24T20:35:06.234,7,8,QQQ260901P00766000,QQQ,2026-09-01,put,766.0,57.77,1.0,61.63,10.0,59.7,,,0.2944,-0.9662,0.0024,-0.07,0.0784,-0.1626,2026-08-24,709.625,709.65,702.83,706.38,552704.0,706.932044
2026-08-24T20:35:06.234,7,8,QQQ260901P00767000,QQQ,2026-09-01,put,767.0,58.91,1.0,61.07,10.0,59.989999999999995,,,,,,,,,2026-08-24,709.625,709.65,702.83,706.38,552704.0,706.932044
2026-08-24T20:35:06.234,7,8,QQQ260901P00768000,QQQ,2026-09-01,put,768.0,60.68,1.0,63.36,10.0,62.019999999999996,,,0.337,-0.9499,0.0029,-0.1542,0.108,-0.1606,2026-08-24,709.625,709.65,702.83,706.38,552704.0,706.932044
2026-08-24T20:35:06.234,7,8,QQQ260901P00769000,QQQ,2026-09-01,put,769.0,61.61,1.0,65.31,10.0,63.46,,,0.3771,-0.9314,0.0034,-0.2533,0.1381,-0.1581,2026-08-24,709.625,709.65,702.83,706.38,552704.0,706.932044
2026-08-24T20:35:06.234,7,8,QQQ260901P00770000,QQQ,2026-09-01,put,770.0,61.03,10.0,65.129,2.0,63.0795,,,,,,,,,2026-08-24,709.625,709.65,702.83,706.38,552704.0,706.932044
2026-08-24T20:35:06.234,7,8,QQQ260901P00775000,QQQ,2026-09-01,put,775.0,67.77,1.0,70.12,10.0,68.945,,,0.3589,-0.9565,0.0025,-0.1419,0.0965,-0.1631,2026-08-24,709.625,709.65,702.83,706.38,552704.0,706.932044
2026-08-24T20:35:06.234,7,8,QQQ260901P00780000,QQQ,2026-09-01,put,780.0,70.89,2.0,74.36,10.0,72.625,,,,,,,,,2026-08-24,709.625,709.65,702.83,706.38,552704.0,706.932044
2026-08-24T20:35:06.234,7,8,QQQ260901P00785000,QQQ,2026-09-01,put,785.0,76.38,1.0,80.54,10.0,78.46000000000001,,,0.3239,-0.9849,0.0011,-0.0029,0.0397,-0.1696,2026-08-24,709.625,709.65,702.83,706.38,552704.0,706.932044
2026-08-24T20:35:06.234,7,8,QQQ260901P00790000,QQQ,2026-09-01,put,790.0,81.4,1.0,85.16,10.0,83.28,,,0.2205,-0.9997,0.0001,0.0772,0.0013,-0.173,2026-08-24,709.625,709.65,702.83,706.38,552704.0,706.932044
2026-08-24T20:35:06.234,7,8,QQQ260901P00795000,QQQ,2026-09-01,put,795.0,87.97,1.0,90.56,10.0,89.265,,,0.4721,-0.9506,0.0021,-0.239,0.1068,-0.1667,2026-08-24,709.625,709.65,702.83,706.38,552704.0,706.932044
2026-08-24T20:35:06.234,7,8,QQQ260901P00800000,QQQ,2026-09-01,put,800.0,90.75,1.0,94.78,10.0,92.765,,,,,,,,,2026-08-24,709.625,709.65,702.83,706.38,552704.0,706.932044
2026-08-24T20:35:06.234,7,8,QQQ260901P00805000,QQQ,2026-09-01,put,805.0,96.61,1.0,101.7,10.0,99.155,,,0.501,-0.9572,0.0017,-0.2202,0.0951,-0.1699,2026-08-24,709.625,709.65,702.83,706.38,552704.0,706.932044
2026-08-24T20:35:06.234,7,8,QQQ260901P00810000,QQQ,2026-09-01,put,810.0,99.81,1.0,106.86,10.0,103.33500000000001,,,0.3636,-0.9939,0.0005,0.0398,0.0179,-0.1765,2026-08-24,709.625,709.65,702.83,706.38,552704.0,706.932044
2026-08-24T20:35:06.234,7,8,QQQ260901P00815000,QQQ,2026-09-01,put,815.0,107.81,1.0,109.49,10.0,108.65,,,0.4701,-0.978,0.0011,-0.0811,0.0548,-0.1752,2026-08-24,709.625,709.65,702.83,706.38,552704.0,706.932044
2026-08-24T20:35:06.234,7,8,QQQ260901P00820000,QQQ,2026-09-01,put,820.0,112.4,1.0,116.59,10.0,114.495,,,0.5934,-0.9505,0.0017,-0.3182,0.107,-0.1722,2026-08-24,709.625,709.65,702.83,706.38,552704.0,706.932044
2026-08-24T20:35:06.234,7,8,QQQ260901P00825000,QQQ,2026-09-01,put,825.0,116.28,1.0,119.01,10.0,117.64500000000001,,,,,,,,,2026-08-24,709.625,709.65,702.83,706.38,552704.0,706.932044
2026-08-24T20:35:06.234,7,8,QQQ260901P00830000,QQQ,2026-09-01,put,830.0,119.9,1.0,127.26,10.0,123.58000000000001,,,0.5081,-0.9822,0.0008,-0.0639,0.0459,-0.1791,2026-08-24,709.625,709.65,702.83,706.38,552704.0,706.932044
2026-08-24T20:35:06.234,7,8,QQQ260901P00835000,QQQ,2026-09-01,put,835.0,127.95,2.0,129.69,10.0,128.82,,,0.5692,-0.9737,0.001,-0.145,0.0637,-0.1789,2026-08-24,709.625,709.65,702.83,706.38,552704.0,706.932044
2026-08-24T20:35:06.234,7,8,QQQ260901P00840000,QQQ,2026-09-01,put,840.0,129.889,10.0,132.64,2.0,131.2645,,,,,,,,,2026-08-24,709.625,709.65,702.83,706.38,552704.0,706.932044
2026-08-24T20:35:06.234,7,8,QQQ260901P00845000,QQQ,2026-09-01,put,845.0,139.32,10.0,142.2,2.0,140.76,,,0.7936,-0.9283,0.0016,-0.6296,0.143,-0.1745,2026-08-24,709.625,709.65,702.83,706.38,552704.0,706.932044
2026-08-24T20:35:06.234,7,8,QQQ260901P00850000,QQQ,2026-09-01,put,850.0,143.47,3.0,143.96,10.0,143.715,,,0.6027,-0.9786,0.0008,-0.1185,0.0536,-0.1829,2026-08-24,709.625,709.65,702.83,706.38,552704.0,706.932044
2026-08-24T20:35:06.234,7,8,QQQ260901P00855000,QQQ,2026-09-01,put,855.0,148.11,10.0,152.41,2.0,150.26,,,0.7955,-0.9405,0.0014,-0.5333,0.1237,-0.1785,2026-08-24,709.625,709.65,702.83,706.38,552704.0,706.932044
2026-08-24T20:35:06.234,7,8,QQQ260901P00860000,QQQ,2026-09-01,put,860.0,152.4,2.0,154.51,10.0,153.45499999999998,,,0.5735,-0.9884,0.0005,-0.0284,0.0317,-0.1866,2026-08-24,709.625,709.65,702.83,706.38,552704.0,706.932044
2026-08-24T20:35:06.234,7,8,QQQ260901P00865000,QQQ,2026-09-01,put,865.0,154.71,1.0,158.65,2.0,156.68,,,,,,,,,2026-08-24,709.625,709.65,702.83,706.38,552704.0,706.932044
2026-08-24T20:35:06.234,7,8,QQQ260901P00870000,QQQ,2026-09-01,put,870.0,159.96,1.0,165.38,2.0,162.67000000000002,,,,,,,,,2026-08-24,709.625,709.65,702.83,706.38,552704.0,706.932044
2026-08-24T20:35:06.234,7,8,QQQ260901P00875000,QQQ,2026-09-01,put,875.0,166.85,1.0,172.86,10.0,169.85500000000002,,,0.8341,-0.9524,0.0011,-0.4561,0.1037,-0.1846,2026-08-24,709.625,709.65,702.83,706.38,552704.0,706.932044
2026-08-24T20:35:06.234,7,8,QQQ260901P00880000,QQQ,2026-09-01,put,880.0,174.07,10.0,175.72,10.0,174.89499999999998,,,0.8559,-0.9523,0.0011,-0.4704,0.1038,-0.1857,2026-08-24,709.625,709.65,702.83,706.38,552704.0,706.932044
2026-08-24T20:35:06.234,7,8,QQQ260901P00885000,QQQ,2026-09-01,put,885.0,176.32,1.0,176.89,10.0,176.605,,,,,,,,,2026-08-24,709.625,709.65,702.83,706.38,552704.0,706.932044
2026-08-24T20:35:06.234,7,8,QQQ260901P00890000,QQQ,2026-09-01,put,890.0,181.13,10.0,182.21,2.0,181.67000000000002,,,,,,,,,2026-08-24,709.625,709.65,702.83,706.38,552704.0,706.932044
2026-08-24T20:35:06.234,7,8,QQQ260901P00895000,QQQ,2026-09-01,put,895.0,186.26,10.0,192.06,2.0,189.16,,,0.8232,-0.9698,0.0008,-0.2806,0.0715,-0.1915,2026-08-24,709.625,709.65,702.83,706.38,552704.0,706.932044
2026-08-24T20:35:06.234,7,8,QQQ260901P00900000,QQQ,2026-09-01,put,900.0,188.91,1.0,195.39,10.0,192.14999999999998,,,,,,,,,2026-08-24,709.625,709.65,702.83,706.38,552704.0,706.932044
2026-08-24T20:35:06.234,7,8,QQQ260901P00905000,QQQ,2026-09-01,put,905.0,198.09,1.0,201.72,10.0,199.905,,,,,,,,,2026-08-24,709.625,709.65,702.83,706.38,552704.0,706.932044
2026-08-24T20:35:06.234,7,8,QQQ260901P00910000,QQQ,2026-09-01,put,910.0,203.63,1.0,206.39,2.0,205.01,,,0.9721,-0.954,0.0009,-0.5244,0.1008,-0.1926,2026-08-24,709.625,709.65,702.83,706.38,552704.0,706.932044
2026-08-24T20:35:06.234,7,8,QQQ260901P00915000,QQQ,2026-09-01,put,915.0,203.57,1.0,212.76,10.0,208.165,,,,,,,,,2026-08-24,709.625,709.65,702.83,706.38,552704.0,706.932044
2026-08-24T20:35:06.234,7,8,QQQ260901P00920000,QQQ,2026-09-01,put,920.0,213.34,1.0,215.28,10.0,214.31,,,0.925,-0.9684,0.0007,-0.3392,0.0742,-0.1968,2026-08-24,709.625,709.65,702.83,706.38,552704.0,706.932044
2026-08-24T20:35:06.234,7,8,QQQ260901P00925000,QQQ,2026-09-01,put,925.0,214.91,1.0,219.67,10.0,217.29,,,,,,,,,2026-08-24,709.625,709.65,702.83,706.38,552704.0,706.932044
2026-08-24T20:35:06.234,7,8,QQQ260901P00930000,QQQ,2026-09-01,put,930.0,225.03,1.0,228.44,2.0,226.735,,,,,,,,,2026-08-24,709.625,709.65,702.83,706.38,552704.0,706.932044
2026-08-24T20:35:06.234,7,8,QQQ260901P00935000,QQQ,2026-09-01,put,935.0,227.43,1.0,233.91,10.0,230.67000000000002,,,,,,,,,2026-08-24,709.625,709.65,702.83,706.38,552704.0,706.932044
2026-08-24T20:35:06.234,7,8,QQQ260901P00940000,QQQ,2026-09-01,put,940.0,235.94,10.0,239.42,10.0,237.68,,,,,,,,,2026-08-24,709.625,709.65,702.83,706.38,552704.0,706.932044
2026-08-24T20:35:06.234,7,8,QQQ260901P00945000,QQQ,2026-09-01,put,945.0,237.47,1.0,242.93,10.0,240.2,,,,,,,,,2026-08-24,709.625,709.65,702.83,706.38,552704.0,706.932044
2026-08-24T20:35:06.234,7,8,QQQ260901P00950000,QQQ,2026-09-01,put,950.0,246.1,2.0,249.54,10.0,247.82,,,,,,,,,2026-08-24,709.625,709.65,702.83,706.38,552704.0,706.932044
2026-08-24T20:35:06.234,7,9,QQQ260902C00490000,QQQ,2026-09-02,call,490.0,217.82,10.0,221.34,10.0,219.57999999999998,,,,,,,,,2026-08-24,709.625,709.65,702.83,706.38,552704.0,706.932044
2026-08-24T20:35:06.234,7,9,QQQ260902C00495000,QQQ,2026-09-02,call,495.0,214.18,10.0,217.69,10.0,215.935,,,,,,,,,2026-08-24,709.625,709.65,702.83,706.38,552704.0,706.932044
2026-08-24T20:35:06.234,7,9,QQQ260902C00500000,QQQ,2026-09-02,call,500.0,202.43,10.0,209.46,1.0,205.945,,,,,,,,,2026-08-24,709.625,709.65,702.83,706.38,552704.0,706.932044
2026-08-24T20:35:06.234,7,9,QQQ260902C00505000,QQQ,2026-09-02,call,505.0,197.03,10.0,201.41,1.0,199.22,,,,,,,,,2026-08-24,709.625,709.65,702.83,706.38,552704.0,706.932044
2026-08-24T20:35:06.234,7,9,QQQ260902C00510000,QQQ,2026-09-02,call,510.0,198.92,10.0,199.17,1.0,199.045,,,,,,,,,2026-08-24,709.625,709.65,702.83,706.38,552704.0,706.932044
2026-08-24T20:35:06.234,7,9,QQQ260902C00515000,QQQ,2026-09-02,call,515.0,187.45,3.0,195.76,2.0,191.605,,,0.7195,0.9979,0.0001,-0.0811,0.0075,0.1265,2026-08-24,709.625,709.65,702.83,706.38,552704.0,706.932044
2026-08-24T20:35:06.234,7,9,QQQ260902C00520000,QQQ,2026-09-02,call,520.0,185.96,10.0,191.66,1.0,188.81,,,,,,,,,2026-08-24,709.625,709.65,702.83,706.38,552704.0,706.932044
2026-08-24T20:35:06.234,7,9,QQQ260902C00525000,QQQ,2026-09-02,call,525.0,178.02,12.0,180.39,10.0,179.20499999999998,,,,,,,,,2026-08-24,709.625,709.65,702.83,706.38,552704.0,706.932044
2026-08-24T20:35:06.234,7,9,QQQ260902C00530000,QQQ,2026-09-02,call,530.0,173.99,10.0,177.08,1.0,175.53500000000003,,,,,,,,,2026-08-24,709.625,709.65,702.83,706.38,552704.0,706.932044
2026-08-24T20:35:06.234,7,9,QQQ260902C00535000,QQQ,2026-09-02,call,535.0,167.48,10.0,177.01,2.0,172.245,,,,,,,,,2026-08-24,709.625,709.65,702.83,706.38,552704.0,706.932044
2026-08-24T20:35:06.234,7,9,QQQ260902C00540000,QQQ,2026-09-02,call,540.0,163.34,1.0,166.38,1.0,164.86,,,,,,,,,2026-08-24,709.625,709.65,702.83,706.38,552704.0,706.932044
2026-08-24T20:35:06.234,7,9,QQQ260902C00545000,QQQ,2026-09-02,call,545.0,158.27,3.0,161.43,1.0,159.85000000000002,,,,,,,,,2026-08-24,709.625,709.65,702.83,706.38,552704.0,706.932044
2026-08-24T20:35:06.234,7,9,QQQ260902C00550000,QQQ,2026-09-02,call,550.0,153.88,10.0,159.61,10.0,156.745,,,0.6574,0.9934,0.0003,-0.129,0.0204,0.1343,2026-08-24,709.625,709.65,702.83,706.38,552704.0,706.932044
2026-08-24T20:35:06.234,7,9,QQQ260902C00555000,QQQ,2026-09-02,call,555.0,149.89,12.0,154.53,2.0,152.20999999999998,,,0.7656,0.9808,0.0006,-0.2747,0.0519,0.1332,2026-08-24,709.625,709.65,702.83,706.38,552704.0,706.932044
2026-08-24T20:35:06.234,7,9,QQQ260902C00560000,QQQ,2026-09-02,call,560.0,144.48,10.0,152.03,1.0,148.255,,,0.8813,0.96,0.0009,-0.5208,0.0956,0.1306,2026-08-24,709.625,709.65,702.83,706.38,552704.0,706.932044
2026-08-24T20:35:06.234,7,9,QQQ260902C00565000,QQQ,2026-09-02,call,565.0,142.27,10.0,144.37,2.0,143.32,,,0.8596,0.9578,0.0009,-0.5299,0.0998,0.1314,2026-08-24,709.625,709.65,702.83,706.38,552704.0,706.932044
2026-08-24T20:35:06.234,7,9,QQQ260902C00570000,QQQ,2026-09-02,call,570.0,132.83,10.0,138.38,1.0,135.60500000000002,,,,,,,,,2026-08-24,709.625,709.65,702.83,706.38,552704.0,706.932044
2026-08-24T20:35:06.234,7,9,QQQ260902C00575000,QQQ,2026-09-02,call,575.0,130.83,3.0,133.61,2.0,132.22000000000003,,,0.6668,0.9784,0.0007,-0.2679,0.0572,0.1377,2026-08-24,709.625,709.65,702.83,706.38,552704.0,706.932044
2026-08-24T20:35:06.234,7,9,QQQ260902C00580000,QQQ,2026-09-02,call,580.0,127.39,10.0,129.699,1.0,128.5445,,,0.7953,0.95,0.0012,-0.5596,0.1144,0.1337,2026-08-24,709.625,709.65,702.83,706.38,552704.0,706.932044
2026-08-24T20:35:06.234,7,9,QQQ260902C00585000,QQQ,2026-09-02,call,585.0,120.9,3.0,122.37,1.0,121.635,121.94,2.0,0.4078,0.9986,0.0001,-0.07,0.0052,0.1439,2026-08-24,709.625,709.65,702.83,706.38,552704.0,706.932044
2026-08-24T20:35:06.234,7,9,QQQ260902C00590000,QQQ,2026-09-02,call,590.0,114.61,10.0,118.26,2.0,116.435,,,,,,,,,2026-08-24,709.625,709.65,702.83,706.38,552704.0,706.932044
2026-08-24T20:35:06.234,7,9,QQQ260902C00595000,QQQ,2026-09-02,call,595.0,110.85,10.0,113.77,1.0,112.31,,,0.5822,0.9731,0.001,-0.2804,0.0689,0.1417,2026-08-24,709.625,709.65,702.83,706.38,552704.0,706.932044
2026-08-24T20:35:06.234,7,9,QQQ260902C00600000,QQQ,2026-09-02,call,600.0,104.26,10.0,111.22,10.0,107.74000000000001,,,0.6096,0.9606,0.0013,-0.3765,0.0943,0.1407,2026-08-24,709.625,709.65,702.83,706.38,552704.0,706.932044
2026-08-24T20:35:06.234,7,9,QQQ260902C00605000,QQQ,2026-09-02,call,605.0,99.61,3.0,102.98,2.0,101.295,,,,,,,,,2026-08-24,709.625,709.65,702.83,706.38,552704.0,706.932044
2026-08-24T20:35:06.234,7,9,QQQ260902C00610000,QQQ,2026-09-02,call,610.0,95.03,10.0,100.63,1.0,97.83,,,0.5666,0.9553,0.0015,-0.3866,0.1045,0.1422,2026-08-24,709.625,709.65,702.83,706.38,552704.0,706.932044
2026-08-24T20:35:06.234,7,9,QQQ260902C00615000,QQQ,2026-09-02,call,615.0,90.06,2.0,92.89,1.0,91.475,,,,,,,,,2026-08-24,709.625,709.65,702.83,706.38,552704.0,706.932044
2026-08-24T20:35:06.234,7,9,QQQ260902C00620000,QQQ,2026-09-02,call,620.0,85.77,3.0,90.85,10.0,88.31,,,0.5537,0.9393,0.002,-0.4673,0.1332,0.1418,2026-08-24,709.625,709.65,702.83,706.38,552704.0,706.932044
2026-08-24T20:35:06.234,7,9,QQQ260902C00625000,QQQ,2026-09-02,call,625.0,78.97,2.0,84.52,1.0,81.745,,,0.3262,0.9923,0.0006,-0.1043,0.0234,0.1526,2026-08-24,709.625,709.65,702.83,706.38,552704.0,706.932044
2026-08-24T20:35:06.234,7,9,QQQ260902C00630000,QQQ,2026-09-02,call,630.0,76.14,2.0,78.78,1.0,77.46000000000001,,,0.4284,0.9592,0.0018,-0.2908,0.097,0.1479,2026-08-24,709.625,709.65,702.83,706.38,552704.0,706.932044
2026-08-24T20:35:06.234,7,9,QQQ260902C00635000,QQQ,2026-09-02,call,635.0,69.42,1.0,73.7,2.0,71.56,,,,,,,,,2026-08-24,709.625,709.65,702.83,706.38,552704.0,706.932044
2026-08-24T20:35:06.234,7,9,QQQ260902C00640000,QQQ,2026-09-02,call,640.0,66.02,10.0,68.02,2.0,67.02,,,0.3274,0.9747,0.0016,-0.1813,0.0655,0.1532,2026-08-24,709.625,709.65,702.83,706.38,552704.0,706.932044
2026-08-24T20:35:06.234,7,9,QQQ260902C00645000,QQQ,2026-09-02,call,645.0,60.78,3.0,64.42,2.0,62.6,,,0.3667,0.947,0.0027,-0.3047,0.1198,0.1494,2026-08-24,709.625,709.65,702.83,706.38,552704.0,706.932044
2026-08-24T20:35:06.234,7,9,QQQ260902C00650000,QQQ,2026-09-02,call,650.0,56.5,10.0,58.74,1.0,57.620000000000005,,,0.343,0.943,0.003,-0.3026,0.1269,0.15,2026-08-24,709.625,709.65,702.83,706.38,552704.0,706.932044
2026-08-24T20:35:06.234,7,9,QQQ260902C00655000,QQQ,2026-09-02,call,655.0,50.94,10.0,54.51,2.0,52.724999999999994,,,0.3253,0.9349,0.0035,-0.3151,0.1407,0.1498,2026-08-24,709.625,709.65,702.83,706.38,552704.0,706.932044
2026-08-24T20:35:06.234,7,9,QQQ260902C00660000,QQQ,2026-09-02,call,660.0,46.65,10.0,49.85,1.0,48.25,,,0.3313,0.91,0.0044,-0.3909,0.1801,0.1465,2026-08-24,709.625,709.65,702.83,706.38,552704.0,706.932044
2026-08-24T20:35:06.234,7,9,QQQ260902C00665000,QQQ,2026-09-02,call,665.0,40.3,10.0,45.37,2.0,42.834999999999994,,,0.2802,0.92,0.0048,-0.3173,0.1648,0.1496,2026-08-24,709.625,709.65,702.83,706.38,552704.0,706.932044
2026-08-24T20:35:06.234,7,9,QQQ260902C00668000,QQQ,2026-09-02,call,668.0,39.1,1.0,41.5,1.0,40.3,,,0.2893,0.8967,0.0056,-0.3794,0.1992,0.1462,2026-08-24,709.625,709.65,702.83,706.38,552704.0,706.932044
2026-08-24T20:35:06.234,7,9,QQQ260902C00669000,QQQ,2026-09-02,call,669.0,37.43,2.0,40.38,1.0,38.905,,,0.2629,0.9114,0.0055,-0.3203,0.1779,0.1491,2026-08-24,709.625,709.65,702.83,706.38,552704.0,706.932044
2026-08-24T20:35:06.234,7,9,QQQ260902C00670000,QQQ,2026-09-02,call,670.0,36.94,10.0,40.62,1.0,38.78,39.77,8.0,0.3002,0.876,0.0061,-0.4365,0.2269,0.143,2026-08-24,709.625,709.65,702.83,706.38,552704.0,706.932044
2026-08-24T20:35:06.234,7,9,QQQ260902C00671000,QQQ,2026-09-02,call,671.0,36.29,10.0,39.65,1.0,37.97,,,0.3024,0.8678,0.0064,-0.4562,0.2373,0.1417,2026-08-24,709.625,709.65,702.83,706.38,552704.0,706.932044
2026-08-24T20:35:06.234,7,9,QQQ260902C00672000,QQQ,2026-09-02,call,672.0,35.29,10.0,38.56,2.0,36.925,,,0.2945,0.8671,0.0066,-0.4473,0.2382,0.1419,2026-08-24,709.625,709.65,702.83,706.38,552704.0,706.932044
2026-08-24T20:35:06.234,7,9,QQQ260902C00673000,QQQ,2026-09-02,call,673.0,33.57,1.0,37.12,1.0,35.345,,,0.263,0.8858,0.0066,-0.3719,0.2141,0.1455,2026-08-24,709.625,709.65,702.83,706.38,552704.0,706.932044
2026-08-24T20:35:06.234,7,9,QQQ260902C00674000,QQQ,2026-09-02,call,674.0,31.93,10.0,36.09,2.0,34.010000000000005,,,0.2411,0.8982,0.0067,-0.324,0.1971,0.148,2026-08-24,709.625,709.65,702.83,706.38,552704.0,706.932044
2026-08-24T20:35:06.234,7,9,QQQ260902C00675000,QQQ,2026-09-02,call,675.0,33.41,3.0,35.14,3.0,34.275,,,0.2901,0.8487,0.0073,-0.4755,0.26,0.1393,2026-08-24,709.625,709.65,702.83,706.38,552704.0,706.932044
2026-08-24T20:35:06.234,7,9,QQQ260902C00676000,QQQ,2026-09-02,call,676.0,31.3,1.0,33.85,3.0,32.575,,,0.2557,0.8701,0.0075,-0.3912,0.2344,0.1435,2026-08-24,709.625,709.65,702.83,706.38,552704.0,706.932044
2026-08-24T20:35:06.234,7,9,QQQ260902C00677000,QQQ,2026-09-02,call,677.0,29.68,3.0,34.2,3.0,31.94,,,0.2646,0.8543,0.0078,-0.4299,0.2536,0.1409,2026-08-24,709.625,709.65,702.83,706.38,552704.0,706.932044
2026-08-24T20:35:06.234,7,9,QQQ260902C00678000,QQQ,2026-09-02,call,678.0,30.02,8.0,33.24,3.0,31.630000000000003,,,0.2841,0.8296,0.008,-0.4989,0.281,0.1366,2026-08-24,709.625,709.65,702.83,706.38,552704.0,706.932044
2026-08-24T20:35:06.234,7,9,QQQ260902C00679000,QQQ,2026-09-02,call,679.0,27.91,3.0,31.3,1.0,29.605,,,0.239,0.8611,0.0084,-0.3838,0.2455,0.1426,2026-08-24,709.625,709.65,702.83,706.38,552704.0,706.932044
2026-08-24T20:35:06.234,7,9,QQQ260902C00680000,QQQ,2026-09-02,call,680.0,27.95,1.0,31.42,1.0,29.685000000000002,30.28,8.0,0.2729,0.8215,0.0086,-0.4939,0.2894,0.1357,2026-08-24,709.625,709.65,702.83,706.38,552704.0,706.932044
2026-08-24T20:35:06.234,7,9,QQQ260902C00681000,QQQ,2026-09-02,call,681.0,26.12,3.0,29.7,1.0,27.91,,,0.2386,0.8433,0.0091,-0.4095,0.2661,0.1399,2026-08-24,709.625,709.65,702.83,706.38,552704.0,706.932044
2026-08-24T20:35:06.234,7,9,QQQ260902C00682000,QQQ,2026-09-02,call,682.0,26.97,5.0,29.53,5.0,28.25,,,0.2782,0.7987,0.0091,-0.5353,0.3116,0.1321,2026-08-24,709.625,709.65,702.83,706.38,552704.0,706.932044
2026-08-24T20:35:06.234,7,9,QQQ260902C00683000,QQQ,2026-09-02,call,683.0,24.09,2.0,28.28,10.0,26.185000000000002,,,0.2359,0.8265,0.0098,-0.4283,0.2843,0.1374,2026-08-24,709.625,709.65,702.83,706.38,552704.0,706.932044
2026-08-24T20:35:06.234,7,9,QQQ260902C00684000,QQQ,2026-09-02,call,684.0,23.86,1.0,27.21,1.0,25.535,,,0.2413,0.811,0.0101,-0.4568,0.2999,0.1349,2026-08-24,709.625,709.65,702.83,706.38,552704.0,706.932044
2026-08-24T20:35:06.234,7,9,QQQ260902C00685000,QQQ,2026-09-02,call,685.0,23.73,3.0,26.8,5.0,25.265,23.73,1.0,0.2579,0.7856,0.0102,-0.5163,0.3234,0.1306,2026-08-24,709.625,709.65,702.83,706.38,552704.0,706.932044
2026-08-24T20:35:06.234,7,9,QQQ260902C00686000,QQQ,2026-09-02,call,686.0,21.86,81.0,25.28,23.0,23.57,24.02,1.0,0.229,0.8011,0.011,-0.4478,0.3093,0.1337,2026-08-24,709.625,709.65,702.83,706.38,552704.0,706.932044
2026-08-24T20:35:06.234,7,9,QQQ260902C00687000,QQQ,2026-09-02,call,687.0,20.89,10.0,24.34,1.0,22.615000000000002,,,0.2236,0.7949,0.0115,-0.4453,0.3151,0.1328,2026-08-24,709.625,709.65,702.83,706.38,552704.0,706.932044
2026-08-24T20:35:06.234,7,9,QQQ260902C00688000,QQQ,2026-09-02,call,688.0,20.31,10.0,24.29,2.0,22.299999999999997,,,0.2376,0.7699,0.0115,-0.4967,0.3368,0.1285,2026-08-24,709.625,709.65,702.83,706.38,552704.0,706.932044
2026-08-24T20:35:06.234,7,9,QQQ260902C00689000,QQQ,2026-09-02,call,689.0,19.21,10.0,22.76,2.0,20.985,,,0.2211,0.7731,0.0123,-0.4628,0.3341,0.1294,2026-08-24,709.625,709.65,702.83,706.38,552704.0,706.932044
2026-08-24T20:35:06.234,7,9,QQQ260902C00690000,QQQ,2026-09-02,call,690.0,20.24,3.0,22.55,1.0,21.395,20.05,1.0,0.2539,0.7326,0.0117,-0.5641,0.3648,0.1223,2026-08-24,709.625,709.65,702.83,706.38,552704.0,706.932044
2026-08-24T20:35:06.234,7,9,QQQ260902C00691000,QQQ,2026-09-02,call,691.0,17.26,28.0,21.87,2.0,19.565,20.15,3.0,0.2232,0.7452,0.013,-0.492,0.3559,0.1249,2026-08-24,709.625,709.65,702.83,706.38,552704.0,706.932044
2026-08-24T20:35:06.234,7,9,QQQ260902C00692000,QQQ,2026-09-02,call,692.0,18.68,4.0,20.83,4.0,19.755,16.79,1.0,0.2479,0.7124,0.0124,-0.5689,0.378,0.1192,2026-08-24,709.625,709.65,702.83,706.38,552704.0,706.932044
2026-08-24T20:35:06.234,7,9,QQQ260902C00693000,QQQ,2026-09-02,call,693.0,16.47,10.0,20.08,1.0,18.275,15.95,2.0,0.2272,0.7148,0.0135,-0.5239,0.3765,0.12,2026-08-24,709.625,709.65,702.83,706.38,552704.0,706.932044
2026-08-24T20:35:06.234,7,9,QQQ260902C00694000,QQQ,2026-09-02,call,694.0,16.63,8.0,19.24,8.0,17.935,15.28,3.0,0.2364,0.6943,0.0134,-0.5577,0.3888,0.1165,2026-08-24,709.625,709.65,702.83,706.38,552704.0,706.932044
2026-08-24T20:35:06.234,7,9,QQQ260902C00695000,QQQ,2026-09-02,call,695.0,16.2,59.0,16.23,115.0,16.215,16.77,2.0,0.2096,0.7001,0.015,-0.4967,0.3854,0.1179,2026-08-24,709.625,709.65,702.83,706.38,552704.0,706.932044
2026-08-24T20:35:06.234,7,9,QQQ260902C00696000,QQQ,2026-09-02,call,696.0,15.5,7.0,15.51,2.0,15.504999999999999,,,0.2089,0.6853,0.0153,-0.5037,0.3937,0.1155,2026-08-24,709.625,709.65,702.83,706.38,552704.0,706.932044
2026-08-24T20:35:06.234,7,9,QQQ260902C00697000,QQQ,2026-09-02,call,697.0,14.59,2.0,14.72,2.0,14.655000000000001,12.89,1.0,0.2042,0.673,0.0159,-0.5,0.4001,0.1136,2026-08-24,709.625,709.65,702.83,706.38,552704.0,706.932044
2026-08-24T20:35:06.234,7,9,QQQ260902C00698000,QQQ,2026-09-02,call,698.0,13.97,2.0,14.08,7.0,14.025,13.48,2.0,0.2048,0.6563,0.0162,-0.5091,0.4079,0.1108,2026-08-24,709.625,709.65,702.83,706.38,552704.0,706.932044
2026-08-24T20:35:06.234,7,9,QQQ260902C00699000,QQQ,2026-09-02,call,699.0,13.22,4.0,13.33,1.0,13.275,12.32,1.0,0.202,0.6415,0.0167,-0.5089,0.4142,0.1084,2026-08-24,709.625,709.65,702.83,706.38,552704.0,706.932044
2026-08-24T20:35:06.234,7,9,QQQ260902C00700000,QQQ,2026-09-02,call,700.0,12.47,38.0,12.9,3.0,12.685,12.68,34.0,0.2028,0.6241,0.0169,-0.5168,0.4208,0.1055,2026-08-24,709.625,709.65,702.83,706.38,552704.0,706.932044
2026-08-24T20:35:06.234,7,9,QQQ260902C00701000,QQQ,2026-09-02,call,701.0,11.91,2.0,11.95,24.0,11.93,13.28,5.0,0.1992,0.6086,0.0174,-0.513,0.4258,0.103,2026-08-24,709.625,709.65,702.83,706.38,552704.0,706.932044
2026-08-24T20:35:06.234,7,9,QQQ260902C00702000,QQQ,2026-09-02,call,702.0,11.1,5.0,11.3,5.0,11.2,12.8,5.0,0.1959,0.5923,0.0179,-0.5091,0.4304,0.1004,2026-08-24,709.625,709.65,702.83,706.38,552704.0,706.932044
2026-08-24T20:35:06.234,7,9,QQQ260902C00703000,QQQ,2026-09-02,call,703.0,10.82,3.0,10.94,6.0,10.879999999999999,12.44,2.0,0.2016,0.5725,0.0175,-0.5266,0.435,0.097,2026-08-24,709.625,709.65,702.83,706.38,552704.0,706.932044
2026-08-24T20:35:06.234,7,9,QQQ260902C00704000,QQQ,2026-09-02,call,704.0,9.81,2.0,10.27,5.0,10.04,10.23,1.0,0.195,0.5563,0.0183,-0.5128,0.4379,0.0944,2026-08-24,709.625,709.65,702.83,706.38,552704.0,706.932044
2026-08-24T20:35:06.234,7,9,QQQ260902C00705000,QQQ,2026-09-02,call,705.0,9.23,8.0,9.39,5.0,9.31,9.61,2.0,0.1906,0.5385,0.0188,-0.5033,0.4403,0.0915,2026-08-24,709.625,709.65,702.83,706.38,552704.0,706.932044
2026-08-24T20:35:06.234,7,9,QQQ260902C00706000,QQQ,2026-09-02,call,706.0,9.05,11.0,9.13,5.0,9.09,9.11,3.0,0.1973,0.5194,0.0182,-0.5201,0.4418,0.0882,2026-08-24,709.625,709.65,702.83,706.38,552704.0,706.932044
2026-08-24T20:35:06.234,7,9,QQQ260902C00707000,QQQ,2026-09-02,call,707.0,8.22,13.0,8.42,3.0,8.32,8.82,1.0,0.1911,0.5008,0.0188,-0.5043,0.4423,0.0851,2026-08-24,709.625,709.65,702.83,706.38,552704.0,706.932044
2026-08-24T20:35:06.234,7,9,QQQ260902C00708000,QQQ,2026-09-02,call,708.0,7.78,20.0,7.86,3.0,7.82,7.92,10.0,0.1907,0.482,0.0189,-0.5013,0.4419,0.082,2026-08-24,709.625,709.65,702.83,706.38,552704.0,706.932044
2026-08-24T20:35:06.234,7,9,QQQ260902C00709000,QQQ,2026-09-02,call,709.0,7.13,6.0,7.37,13.0,7.25,7.71,1.0,0.1882,0.4626,0.019,-0.4923,0.4404,0.0787,2026-08-24,709.625,709.65,702.83,706.38,552704.0,706.932044
2026-08-24T20:35:06.234,7,9,QQQ260902C00710000,QQQ,2026-09-02,call,710.0,6.71,29.0,6.74,11.0,6.725,6.87,8.0,0.1863,0.443,0.0191,-0.4836,0.4378,0.0755,2026-08-24,709.625,709.65,702.83,706.38,552704.0,706.932044
2026-08-24T20:35:06.234,7,9,QQQ260902C00711000,QQQ,2026-09-02,call,711.0,6.16,6.0,6.4,20.0,6.28,6.47,1.0,0.1857,0.4238,0.019,-0.4773,0.4342,0.0722,2026-08-24,709.625,709.65,702.83,706.38,552704.0,706.932044
2026-08-24T20:35:06.234,7,9,QQQ260902C00712000,QQQ,2026-09-02,call,712.0,5.69,11.0,5.89,12.0,5.79,5.93,1.0,0.1837,0.4039,0.019,-0.4662,0.4294,0.0689,2026-08-24,709.625,709.65,702.83,706.38,552704.0,706.932044
2026-08-24T20:35:06.234,7,9,QQQ260902C00713000,QQQ,2026-09-02,call,713.0,5.45,7.0,5.47,5.0,5.46,5.87,1.0,0.1849,0.386,0.0187,-0.4625,0.4241,0.0659,2026-08-24,709.625,709.65,702.83,706.38,552704.0,706.932044
2026-08-24T20:35:06.234,7,9,QQQ260902C00714000,QQQ,2026-09-02,call,714.0,4.98,10.0,5.05,32.0,5.015000000000001,5.76,1.0,0.183,0.3662,0.0185,-0.4496,0.4172,0.0625,2026-08-24,709.625,709.65,702.83,706.38,552704.0,706.932044
2026-08-24T20:35:06.234,7,9,QQQ260902C00715000,QQQ,2026-09-02,call,715.0,4.61,5.0,4.68,8.0,4.645,4.65,2.0,0.1825,0.3476,0.0183,-0.4393,0.4096,0.0594,2026-08-24,709.625,709.65,702.83,706.38,552704.0,706.932044
2026-08-24T20:35:06.234,7,9,QQQ260902C00716000,QQQ,2026-09-02,call,716.0,4.09,6.0,4.29,18.0,4.1899999999999995,5.01,1.0,0.1793,0.3267,0.0181,-0.421,0.3999,0.0558,2026-08-24,709.625,709.65,702.83,706.38,552704.0,706.932044
2026-08-24T20:35:06.234,7,9,QQQ260902C00717000,QQQ,2026-09-02,call,717.0,3.79,19.0,3.82,17.0,3.8049999999999997,4.24,1.0,0.1773,0.307,0.0179,-0.4049,0.3895,0.0525,2026-08-24,709.625,709.65,702.83,706.38,552704.0,706.932044
2026-08-24T20:35:06.234,7,9,QQQ260902C00718000,QQQ,2026-09-02,call,718.0,3.5,21.0,3.58,20.0,3.54,3.57,2.0,0.1779,0.2903,0.0174,-0.3955,0.3797,0.0497,2026-08-24,709.625,709.65,702.83,706.38,552704.0,706.932044
2026-08-24T20:35:06.234,7,9,QQQ260902C00719000,QQQ,2026-09-02,call,719.0,3.1,9.0,3.29,7.0,3.1950000000000003,3.94,1.0,0.1759,0.2711,0.017,-0.3779,0.3674,0.0464,2026-08-24,709.625,709.65,702.83,706.38,552704.0,706.932044
2026-08-24T20:35:06.234,7,9,QQQ260902C00720000,QQQ,2026-09-02,call,720.0,2.91,19.0,2.92,21.0,2.915,3.24,1.0,0.1752,0.2538,0.0165,-0.3633,0.3551,0.0435,2026-08-24,709.625,709.65,702.83,706.38,552704.0,706.932044
2026-08-24T20:35:06.234,7,9,QQQ260902C00721000,QQQ,2026-09-02,call,721.0,2.63,4.0,2.66,63.0,2.645,2.38,1.0,0.1742,0.2366,0.016,-0.3475,0.342,0.0405,2026-08-24,709.625,709.65,702.83,706.38,552704.0,706.932044
2026-08-24T20:35:06.234,7,9,QQQ260902C00722000,QQQ,2026-09-02,call,722.0,2.38,23.0,2.4,25.0,2.3899999999999997,2.42,2.0,0.1732,0.2199,0.0154,-0.331,0.3282,0.0377,2026-08-24,709.625,709.65,702.83,706.38,552704.0,706.932044
2026-08-24T20:35:06.234,7,9,QQQ260902C00723000,QQQ,2026-09-02,call,723.0,2.08,30.0,2.16,24.0,2.12,2.2,1.0,0.1711,0.2022,0.0149,-0.311,0.3124,0.0347,2026-08-24,709.625,709.65,702.83,706.38,552704.0,706.932044
2026-08-24T20:35:06.234,7,9,QQQ260902C00724000,QQQ,2026-09-02,call,724.0,1.94,5.0,1.99,26.0,1.9649999999999999,1.98,1.0,0.1722,0.1895,0.0142,-0.3006,0.3004,0.0325,2026-08-24,709.625,709.65,702.83,706.38,552704.0,706.932044
2026-08-24T20:35:06.234,7,9,QQQ260902C00725000,QQQ,2026-09-02,call,725.0,1.67,20.0,1.73,23.0,1.7,1.77,2.0,0.169,0.1714,0.0136,-0.2768,0.2821,0.0294,2026-08-24,709.625,709.65,702.83,706.38,552704.0,706.932044
2026-08-24T20:35:06.234,7,9,QQQ260902C00726000,QQQ,2026-09-02,call,726.0,1.48,33.0,1.55,15.0,1.5150000000000001,1.85,3.0,0.168,0.1571,0.0129,-0.2598,0.2665,0.027,2026-08-24,709.625,709.65,702.83,706.38,552704.0,706.932044
2026-08-24T20:35:06.234,7,9,QQQ260902C00727000,QQQ,2026-09-02,call,727.0,1.36,28.0,1.37,40.0,1.3650000000000002,1.57,1.0,0.1678,0.1446,0.0122,-0.2452,0.2522,0.0248,2026-08-24,709.625,709.65,702.83,706.38,552704.0,706.932044
2026-08-24T20:35:06.234,7,9,QQQ260902C00728000,QQQ,2026-09-02,call,728.0,1.21,25.0,1.26,28.0,1.2349999999999999,1.38,5.0,0.1679,0.1332,0.0116,-0.2318,0.2385,0.0229,2026-08-24,709.625,709.65,702.83,706.38,552704.0,706.932044
2026-08-24T20:35:06.234,7,9,QQQ260902C00729000,QQQ,2026-09-02,call,729.0,1.07,7.0,1.08,23.0,1.0750000000000002,1.09,10.0,0.1663,0.1199,0.0108,-0.2131,0.2216,0.0206,2026-08-24,709.625,709.65,702.83,706.38,552704.0,706.932044
2026-08-24T20:35:06.234,7,9,QQQ260902C00730000,QQQ,2026-09-02,call,730.0,0.95,27.0,0.99,40.0,0.97,0.97,1.0,0.1665,0.11,0.0102,-0.2005,0.2085,0.0189,2026-08-24,709.625,709.65,702.83,706.38,552704.0,706.932044
2026-08-24T20:35:06.234,7,9,QQQ260902C00731000,QQQ,2026-09-02,call,731.0,0.83,22.0,0.86,28.0,0.845,0.88,1.0,0.1652,0.0987,0.0095,-0.1838,0.1928,0.017,2026-08-24,709.625,709.65,702.83,706.38,552704.0,706.932044
2026-08-24T20:35:06.234,7,9,QQQ260902C00732000,QQQ,2026-09-02,call,732.0,0.73,26.0,0.76,31.0,0.745,0.75,10.0,0.1646,0.0891,0.0088,-0.1697,0.1788,0.0153,2026-08-24,709.625,709.65,702.83,706.38,552704.0,706.932044
2026-08-24T20:35:06.234,7,9,QQQ260902C00733000,QQQ,2026-09-02,call,733.0,0.6,29.0,0.63,33.0,0.615,0.73,10.0,0.1616,0.077,0.0081,-0.1492,0.1602,0.0133,2026-08-24,709.625,709.65,702.83,706.38,552704.0,706.932044
2026-08-24T20:35:06.234,7,9,QQQ260902C00734000,QQQ,2026-09-02,call,734.0,0.56,57.0,0.58,29.0,0.5700000000000001,0.57,1.0,0.1633,0.0716,0.0075,-0.1424,0.1515,0.0123,2026-08-24,709.625,709.65,702.83,706.38,552704.0,706.932044
2026-08-24T20:35:06.234,7,9,QQQ260902C00735000,QQQ,2026-09-02,call,735.0,0.45,23.0,0.47,76.0,0.45999999999999996,0.52,1.0,0.16,0.0607,0.0068,-0.1227,0.1333,0.0105,2026-08-24,709.625,709.65,702.83,706.38,552704.0,706.932044
2026-08-24T20:35:06.234,7,9,QQQ260902C00736000,QQQ,2026-09-02,call,736.0,0.38,21.0,0.4,30.0,0.39,0.46,1.0,0.1587,0.053,0.0061,-0.1094,0.1198,0.0091,2026-08-24,709.625,709.65,702.83,706.38,552704.0,706.932044
2026-08-24T20:35:06.234,7,9,QQQ260902C00737000,QQQ,2026-09-02,call,737.0,0.33,5.0,0.35,73.0,0.33999999999999997,0.53,6.0,0.1585,0.0472,0.0056,-0.0994,0.1091,0.0081,2026-08-24,709.625,709.65,702.83,706.38,552704.0,706.932044
2026-08-24T20:35:06.234,7,9,QQQ260902C00738000,QQQ,2026-09-02,call,738.0,0.28,5.0,0.34,109.0,0.31000000000000005,0.42,1.0,0.1597,0.0433,0.0052,-0.0933,0.1018,0.0075,2026-08-24,709.625,709.65,702.83,706.38,552704.0,706.932044
2026-08-24T20:35:06.234,7,9,QQQ260902C00739000,QQQ,2026-09-02,call,739.0,0.27,110.0,0.29,32.0,0.28,0.33,2.0,0.1606,0.0394,0.0048,-0.087,0.0944,0.0068,2026-08-24,709.625,709.65,702.83,706.38,552704.0,706.932044
2026-08-24T20:35:06.234,7,9,QQQ260902C00740000,QQQ,2026-09-02,call,740.0,0.2,5.0,0.22,188.0,0.21000000000000002,0.25,1.0,0.1564,0.0314,0.0041,-0.0702,0.0782,0.0054,2026-08-24,709.625,709.65,702.83,706.38,552704.0,706.932044
2026-08-24T20:35:06.234,7,9,QQQ260902C00741000,QQQ,2026-09-02,call,741.0,0.21,23.0,0.23,272.0,0.22,0.23,1.0,0.1614,0.0318,0.004,-0.0732,0.0791,0.0055,2026-08-24,709.625,709.65,702.83,706.38,552704.0,706.932044
2026-08-24T20:35:06.234,7,9,QQQ260902C00742000,QQQ,2026-09-02,call,742.0,0.18,5.0,0.2,94.0,0.19,0.19,1.0,0.1612,0.028,0.0036,-0.0657,0.0712,0.0048,2026-08-24,709.625,709.65,702.83,706.38,552704.0,706.932044
2026-08-24T20:35:06.234,7,9,QQQ260902C00743000,QQQ,2026-09-02,call,743.0,0.11,80.0,0.18,131.0,0.145,0.76,5.0,0.1579,0.0224,0.003,-0.0534,0.0591,0.0039,2026-08-24,709.625,709.65,702.83,706.38,552704.0,706.932044
2026-08-24T20:35:06.234,7,9,QQQ260902C00744000,QQQ,2026-09-02,call,744.0,0.13,158.0,0.16,351.0,0.14500000000000002,0.63,3.0,0.1615,0.022,0.0029,-0.0537,0.0582,0.0038,2026-08-24,709.625,709.65,702.83,706.38,552704.0,706.932044
2026-08-24T20:35:06.234,7,9,QQQ260902C00745000,QQQ,2026-09-02,call,745.0,0.08,6.0,0.14,183.0,0.11000000000000001,0.13,4.0,0.1584,0.0175,0.0025,-0.0434,0.0479,0.003,2026-08-24,709.625,709.65,702.83,706.38,552704.0,706.932044
2026-08-24T20:35:06.234,7,9,QQQ260902C00746000,QQQ,2026-09-02,call,746.0,0.06,102.0,0.09,317.0,0.075,0.12,5.0,0.1534,0.0128,0.0019,-0.032,0.0365,0.0022,2026-08-24,709.625,709.65,702.83,706.38,552704.0,706.932044
2026-08-24T20:35:06.234,7,9,QQQ260902C00747000,QQQ,2026-09-02,call,747.0,0.09,82.0,0.12,148.0,0.105,0.16,1.0,0.1641,0.0163,0.0022,-0.0422,0.045,0.0028,2026-08-24,709.625,709.65,702.83,706.38,552704.0,706.932044
2026-08-24T20:35:06.234,7,9,QQQ260902C00748000,QQQ,2026-09-02,call,748.0,0.04,75.0,0.07,287.0,0.05500000000000001,0.62,1.0,0.1537,0.0096,0.0015,-0.0251,0.0286,0.0017,2026-08-24,709.625,709.65,702.83,706.38,552704.0,706.932044
2026-08-24T20:35:06.234,7,9,QQQ260902C00749000,QQQ,2026-09-02,call,749.0,0.03,155.0,0.06,396.0,0.045,0.08,1.0,0.153,0.0081,0.0013,-0.0214,0.0245,0.0014,2026-08-24,709.625,709.65,702.83,706.38,552704.0,706.932044
2026-08-24T20:35:06.234,7,9,QQQ260902C00750000,QQQ,2026-09-02,call,750.0,0.02,247.0,0.09,194.0,0.055,0.12,6.0,0.1599,0.0093,0.0014,-0.0253,0.0277,0.0016,2026-08-24,709.625,709.65,702.83,706.38,552704.0,706.932044
2026-08-24T20:35:06.234,7,9,QQQ260902C00751000,QQQ,2026-09-02,call,751.0,0.02,83.0,0.08,203.0,0.05,0.09,1.0,0.1612,0.0085,0.0013,-0.0235,0.0255,0.0015,2026-08-24,709.625,709.65,702.83,706.38,552704.0,706.932044
2026-08-24T20:35:06.234,7,9,QQQ260902C00752000,QQQ,2026-09-02,call,752.0,0.05,244.0,0.08,637.0,0.065,0.33,1.0,0.1697,0.0103,0.0014,-0.0292,0.0302,0.0018,2026-08-24,709.625,709.65,702.83,706.38,552704.0,706.932044
2026-08-24T20:35:06.234,7,9,QQQ260902C00753000,QQQ,2026-09-02,call,753.0,0.05,53.0,0.07,195.0,0.060000000000000005,0.07,1.0,0.1711,0.0095,0.0013,-0.0274,0.0282,0.0016,2026-08-24,709.625,709.65,702.83,706.38,552704.0,706.932044
2026-08-24T20:35:06.234,7,9,QQQ260902C00754000,QQQ,2026-09-02,call,754.0,0.01,2.0,0.03,442.0,0.02,0.38,5.0,0.1539,0.0038,0.0007,-0.0111,0.0126,0.0007,2026-08-24,709.625,709.65,702.83,706.38,552704.0,706.932044
2026-08-24T20:35:06.234,7,9,QQQ260902C00755000,QQQ,2026-09-02,call,755.0,0.04,201.0,0.07,410.0,0.05500000000000001,0.05,175.0,0.1755,0.0086,0.0012,-0.0257,0.0258,0.0015,2026-08-24,709.625,709.65,702.83,706.38,552704.0,706.932044
2026-08-24T20:35:06.234,7,9,QQQ260902C00756000,QQQ,2026-09-02,call,756.0,0.01,57.0,0.03,447.0,0.02,0.27,2.0,0.1595,0.0037,0.0006,-0.0111,0.0123,0.0006,2026-08-24,709.625,709.65,702.83,706.38,552704.0,706.932044
2026-08-24T20:35:06.234,7,9,QQQ260902C00757000,QQQ,2026-09-02,call,757.0,0.01,8.0,0.02,179.0,0.015,,,0.1577,0.0029,0.0005,-0.0087,0.0098,0.0005,2026-08-24,709.625,709.65,702.83,706.38,552704.0,706.932044
2026-08-24T20:35:06.234,7,9,QQQ260902C00758000,QQQ,2026-09-02,call,758.0,0.01,2.0,0.06,147.0,0.034999999999999996,,,0.1752,0.0057,0.0008,-0.0179,0.0179,0.001,2026-08-24,709.625,709.65,702.83,706.38,552704.0,706.932044
2026-08-24T20:35:06.234,7,9,QQQ260902C00759000,QQQ,2026-09-02,call,759.0,0.01,391.0,0.06,575.0,0.034999999999999996,,,0.1781,0.0056,0.0008,-0.0179,0.0177,0.001,2026-08-24,709.625,709.65,702.83,706.38,552704.0,706.932044
2026-08-24T20:35:06.234,7,9,QQQ260902C00760000,QQQ,2026-09-02,call,760.0,0.03,326.0,0.06,565.0,0.045,0.05,2.0,0.1863,0.0068,0.0009,-0.0221,0.0209,0.0012,2026-08-24,709.625,709.65,702.83,706.38,552704.0,706.932044
2026-08-24T20:35:06.234,7,9,QQQ260902C00761000,QQQ,2026-09-02,call,761.0,0.03,187.0,0.06,528.0,0.045,,,0.1892,0.0067,0.0009,-0.0222,0.0207,0.0011,2026-08-24,709.625,709.65,702.83,706.38,552704.0,706.932044
2026-08-24T20:35:06.234,7,9,QQQ260902C00762000,QQQ,2026-09-02,call,762.0,0.03,119.0,0.06,237.0,0.045,,,0.1922,0.0066,0.0009,-0.0223,0.0204,0.0011,2026-08-24,709.625,709.65,702.83,706.38,552704.0,706.932044
2026-08-24T20:35:06.234,7,9,QQQ260902C00763000,QQQ,2026-09-02,call,763.0,0.01,69.0,0.06,153.0,0.034999999999999996,,,0.1897,0.0053,0.0007,-0.0181,0.0168,0.0009,2026-08-24,709.625,709.65,702.83,706.38,552704.0,706.932044
2026-08-24T20:35:06.234,7,9,QQQ260902C00764000,QQQ,2026-09-02,call,764.0,0.01,71.0,0.05,121.0,0.030000000000000002,,,0.1894,0.0046,0.0006,-0.016,0.0149,0.0008,2026-08-24,709.625,709.65,702.83,706.38,552704.0,706.932044
2026-08-24T20:35:06.234,7,9,QQQ260902C00765000,QQQ,2026-09-02,call,765.0,0.01,62.0,0.03,138.0,0.02,0.02,1.0,0.1844,0.0032,0.0005,-0.0114,0.0109,0.0006,2026-08-24,709.625,709.65,702.83,706.38,552704.0,706.932044
2026-08-24T20:35:06.234,7,9,QQQ260902C00766000,QQQ,2026-09-02,call,766.0,0.01,51.0,0.05,151.0,0.030000000000000002,,,0.1951,0.0045,0.0006,-0.016,0.0145,0.0008,2026-08-24,709.625,709.65,702.83,706.38,552704.0,706.932044
2026-08-24T20:35:06.234,7,9,QQQ260902C00767000,QQQ,2026-09-02,call,767.0,0.03,48.0,0.05,97.0,0.04,,,0.2041,0.0056,0.0007,-0.0205,0.0177,0.001,2026-08-24,709.625,709.65,702.83,706.38,552704.0,706.932044
2026-08-24T20:35:06.234,7,9,QQQ260902C00768000,QQQ,2026-09-02,call,768.0,0.01,48.0,0.03,99.0,0.02,,,0.1925,0.0031,0.0004,-0.0115,0.0105,0.0005,2026-08-24,709.625,709.65,702.83,706.38,552704.0,706.932044
2026-08-24T20:35:06.234,7,9,QQQ260902C00769000,QQQ,2026-09-02,call,769.0,0.03,2.0,0.05,83.0,0.04,,,0.2099,0.0054,0.0007,-0.0206,0.0173,0.0009,2026-08-24,709.625,709.65,702.83,706.38,552704.0,706.932044
2026-08-24T20:35:06.234,7,9,QQQ260902C00770000,QQQ,2026-09-02,call,770.0,0.01,2.0,0.05,84.0,0.030000000000000002,0.13,4.0,0.2063,0.0043,0.0005,-0.0162,0.0139,0.0007,2026-08-24,709.625,709.65,702.83,706.38,552704.0,706.932044
2026-08-24T20:35:06.234,7,9,QQQ260902C00775000,QQQ,2026-09-02,call,775.0,0.0,0.0,0.01,100.0,0.005,,,,,,,,,2026-08-24,709.625,709.65,702.83,706.38,552704.0,706.932044
2026-08-24T20:35:06.234,7,9,QQQ260902C00780000,QQQ,2026-09-02,call,780.0,0.0,0.0,0.01,93.0,0.005,,,,,,,,,2026-08-24,709.625,709.65,702.83,706.38,552704.0,706.932044
2026-08-24T20:35:06.234,7,9,QQQ260902C00785000,QQQ,2026-09-02,call,785.0,0.0,0.0,0.01,96.0,0.005,,,,,,,,,2026-08-24,709.625,709.65,702.83,706.38,552704.0,706.932044
2026-08-24T20:35:06.234,7,9,QQQ260902C00790000,QQQ,2026-09-02,call,790.0,0.0,0.0,0.05,96.0,0.025,,,,,,,,,2026-08-24,709.625,709.65,702.83,706.38,552704.0,706.932044
2026-08-24T20:35:06.234,7,9,QQQ260902C00795000,QQQ,2026-09-02,call,795.0,0.0,0.0,0.04,94.0,0.02,,,,,,,,,2026-08-24,709.625,709.65,702.83,706.38,552704.0,706.932044
2026-08-24T20:35:06.234,7,9,QQQ260902C00800000,QQQ,2026-09-02,call,800.0,0.0,0.0,0.01,70.0,0.005,,,,,,,,,2026-08-24,709.625,709.65,702.83,706.38,552704.0,706.932044
2026-08-24T20:35:06.234,7,9,QQQ260902C00805000,QQQ,2026-09-02,call,805.0,0.0,0.0,0.04,72.0,0.02,,,,,,,,,2026-08-24,709.625,709.65,702.83,706.38,552704.0,706.932044
2026-08-24T20:35:06.234,7,9,QQQ260902C00810000,QQQ,2026-09-02,call,810.0,0.0,0.0,0.01,96.0,0.005,,,,,,,,,2026-08-24,709.625,709.65,702.83,706.38,552704.0,706.932044
2026-08-24T20:35:06.234,7,9,QQQ260902C00815000,QQQ,2026-09-02,call,815.0,0.0,0.0,0.01,73.0,0.005,,,,,,,,,2026-08-24,709.625,709.65,702.83,706.38,552704.0,706.932044
2026-08-24T20:35:06.234,7,9,QQQ260902C00820000,QQQ,2026-09-02,call,820.0,0.0,0.0,0.04,73.0,0.02,,,,,,,,,2026-08-24,709.625,709.65,702.83,706.38,552704.0,706.932044
2026-08-24T20:35:06.234,7,9,QQQ260902C00825000,QQQ,2026-09-02,call,825.0,0.0,0.0,0.04,98.0,0.02,,,,,,,,,2026-08-24,709.625,709.65,702.83,706.38,552704.0,706.932044
2026-08-24T20:35:06.234,7,9,QQQ260902C00830000,QQQ,2026-09-02,call,830.0,0.0,0.0,0.04,143.0,0.02,0.02,1.0,,,,,,,2026-08-24,709.625,709.65,702.83,706.38,552704.0,706.932044
2026-08-24T20:35:06.234,7,9,QQQ260902C00835000,QQQ,2026-09-02,call,835.0,0.0,0.0,0.01,77.0,0.005,,,,,,,,,2026-08-24,709.625,709.65,702.83,706.38,552704.0,706.932044
2026-08-24T20:35:06.234,7,9,QQQ260902C00840000,QQQ,2026-09-02,call,840.0,0.0,0.0,0.04,101.0,0.02,,,,,,,,,2026-08-24,709.625,709.65,702.83,706.38,552704.0,706.932044
2026-08-24T20:35:06.234,7,9,QQQ260902C00845000,QQQ,2026-09-02,call,845.0,0.0,0.0,0.04,126.0,0.02,,,,,,,,,2026-08-24,709.625,709.65,702.83,706.38,552704.0,706.932044
2026-08-24T20:35:06.234,7,9,QQQ260902C00850000,QQQ,2026-09-02,call,850.0,0.0,0.0,0.04,80.0,0.02,,,,,,,,,2026-08-24,709.625,709.65,702.83,706.38,552704.0,706.932044
2026-08-24T20:35:06.234,7,9,QQQ260902C00855000,QQQ,2026-09-02,call,855.0,0.0,0.0,0.04,144.0,0.02,,,,,,,,,2026-08-24,709.625,709.65,702.83,706.38,552704.0,706.932044
2026-08-24T20:35:06.234,7,9,QQQ260902C00860000,QQQ,2026-09-02,call,860.0,0.0,0.0,0.01,148.0,0.005,,,,,,,,,2026-08-24,709.625,709.65,702.83,706.38,552704.0,706.932044
2026-08-24T20:35:06.234,7,9,QQQ260902C00865000,QQQ,2026-09-02,call,865.0,0.0,0.0,0.01,147.0,0.005,,,,,,,,,2026-08-24,709.625,709.65,702.83,706.38,552704.0,706.932044
2026-08-24T20:35:06.234,7,9,QQQ260902C00870000,QQQ,2026-09-02,call,870.0,0.0,0.0,0.04,82.0,0.02,,,,,,,,,2026-08-24,709.625,709.65,702.83,706.38,552704.0,706.932044
2026-08-24T20:35:06.234,7,9,QQQ260902C00875000,QQQ,2026-09-02,call,875.0,0.0,0.0,0.01,149.0,0.005,,,,,,,,,2026-08-24,709.625,709.65,702.83,706.38,552704.0,706.932044
2026-08-24T20:35:06.234,7,9,QQQ260902C00880000,QQQ,2026-09-02,call,880.0,0.0,0.0,0.04,85.0,0.02,,,,,,,,,2026-08-24,709.625,709.65,702.83,706.38,552704.0,706.932044
2026-08-24T20:35:06.234,7,9,QQQ260902C00885000,QQQ,2026-09-02,call,885.0,0.0,0.0,0.04,135.0,0.02,,,,,,,,,2026-08-24,709.625,709.65,702.83,706.38,552704.0,706.932044
2026-08-24T20:35:06.234,7,9,QQQ260902C00890000,QQQ,2026-09-02,call,890.0,0.0,0.0,0.04,147.0,0.02,,,,,,,,,2026-08-24,709.625,709.65,702.83,706.38,552704.0,706.932044
2026-08-24T20:35:06.234,7,9,QQQ260902C00895000,QQQ,2026-09-02,call,895.0,0.0,0.0,0.04,88.0,0.02,,,,,,,,,2026-08-24,709.625,709.65,702.83,706.38,552704.0,706.932044
2026-08-24T20:35:06.234,7,9,QQQ260902C00900000,QQQ,2026-09-02,call,900.0,0.0,0.0,0.01,98.0,0.005,,,,,,,,,2026-08-24,709.625,709.65,702.83,706.38,552704.0,706.932044
2026-08-24T20:35:06.234,7,9,QQQ260902C00905000,QQQ,2026-09-02,call,905.0,0.0,0.0,0.04,89.0,0.02,,,,,,,,,2026-08-24,709.625,709.65,702.83,706.38,552704.0,706.932044
2026-08-24T20:35:06.234,7,9,QQQ260902C00910000,QQQ,2026-09-02,call,910.0,0.0,0.0,0.01,133.0,0.005,,,,,,,,,2026-08-24,709.625,709.65,702.83,706.38,552704.0,706.932044
2026-08-24T20:35:06.234,7,9,QQQ260902C00915000,QQQ,2026-09-02,call,915.0,0.0,0.0,0.01,94.0,0.005,,,,,,,,,2026-08-24,709.625,709.65,702.83,706.38,552704.0,706.932044
2026-08-24T20:35:06.234,7,9,QQQ260902C00920000,QQQ,2026-09-02,call,920.0,0.0,0.0,0.04,151.0,0.02,,,,,,,,,2026-08-24,709.625,709.65,702.83,706.38,552704.0,706.932044
2026-08-24T20:35:06.234,7,9,QQQ260902C00925000,QQQ,2026-09-02,call,925.0,0.0,0.0,0.01,110.0,0.005,,,,,,,,,2026-08-24,709.625,709.65,702.83,706.38,552704.0,706.932044
2026-08-24T20:35:06.234,7,9,QQQ260902C00930000,QQQ,2026-09-02,call,930.0,0.0,0.0,0.01,156.0,0.005,,,,,,,,,2026-08-24,709.625,709.65,702.83,706.38,552704.0,706.932044
2026-08-24T20:35:06.234,7,9,QQQ260902C00935000,QQQ,2026-09-02,call,935.0,0.0,0.0,0.04,136.0,0.02,,,,,,,,,2026-08-24,709.625,709.65,702.83,706.38,552704.0,706.932044
2026-08-24T20:35:06.234,7,9,QQQ260902C00940000,QQQ,2026-09-02,call,940.0,0.0,0.0,0.01,101.0,0.005,,,,,,,,,2026-08-24,709.625,709.65,702.83,706.38,552704.0,706.932044
2026-08-24T20:35:06.234,7,9,QQQ260902C00945000,QQQ,2026-09-02,call,945.0,0.0,0.0,0.01,158.0,0.005,,,,,,,,,2026-08-24,709.625,709.65,702.83,706.38,552704.0,706.932044
2026-08-24T20:35:06.234,7,9,QQQ260902C00950000,QQQ,2026-09-02,call,950.0,0.0,0.0,0.01,91.0,0.005,,,,,,,,,2026-08-24,709.625,709.65,702.83,706.38,552704.0,706.932044
2026-08-24T20:35:06.234,7,9,QQQ260902P00490000,QQQ,2026-09-02,put,490.0,0.01,112.0,0.03,220.0,0.02,0.05,5.0,,,,,,,2026-08-24,709.625,709.65,702.83,706.38,552704.0,706.932044
2026-08-24T20:35:06.234,7,9,QQQ260902P00495000,QQQ,2026-09-02,put,495.0,0.04,76.0,0.07,122.0,0.05500000000000001,,,,,,,,,2026-08-24,709.625,709.65,702.83,706.38,552704.0,706.932044
2026-08-24T20:35:06.234,7,9,QQQ260902P00500000,QQQ,2026-09-02,put,500.0,0.01,84.0,0.03,72.0,0.02,,,0.7181,-0.0009,0.0,-0.0133,0.0033,-0.0002,2026-08-24,709.625,709.65,702.83,706.38,552704.0,706.932044
2026-08-24T20:35:06.234,7,9,QQQ260902P00505000,QQQ,2026-09-02,put,505.0,0.04,70.0,0.07,62.0,0.05500000000000001,,,0.7651,-0.0021,0.0001,-0.0316,0.0075,-0.0004,2026-08-24,709.625,709.65,702.83,706.38,552704.0,706.932044
2026-08-24T20:35:06.234,7,9,QQQ260902P00510000,QQQ,2026-09-02,put,510.0,0.01,80.0,0.03,63.0,0.02,,,0.6798,-0.0009,0.0,-0.0132,0.0035,-0.0002,2026-08-24,709.625,709.65,702.83,706.38,552704.0,706.932044
2026-08-24T20:35:06.234,7,9,QQQ260902P00515000,QQQ,2026-09-02,put,515.0,0.05,38.0,0.08,127.0,0.065,,,0.736,-0.0026,0.0001,-0.0361,0.0089,-0.0005,2026-08-24,709.625,709.65,702.83,706.38,552704.0,706.932044
2026-08-24T20:35:06.234,7,9,QQQ260902P00520000,QQQ,2026-09-02,put,520.0,0.05,46.0,0.08,87.0,0.065,,,0.7154,-0.0027,0.0001,-0.0359,0.0091,-0.0005,2026-08-24,709.625,709.65,702.83,706.38,552704.0,706.932044
2026-08-24T20:35:06.234,7,9,QQQ260902P00525000,QQQ,2026-09-02,put,525.0,0.05,126.0,0.08,82.0,0.065,,,0.6949,-0.0027,0.0001,-0.0358,0.0093,-0.0005,2026-08-24,709.625,709.65,702.83,706.38,552704.0,706.932044
2026-08-24T20:35:06.234,7,9,QQQ260902P00530000,QQQ,2026-09-02,put,530.0,0.01,72.0,0.08,66.0,0.045,,,0.6508,-0.0021,0.0001,-0.0261,0.0073,-0.0004,2026-08-24,709.625,709.65,702.83,706.38,552704.0,706.932044
2026-08-24T20:35:06.234,7,9,QQQ260902P00535000,QQQ,2026-09-02,put,535.0,0.05,81.0,0.08,62.0,0.065,,,0.6545,-0.0029,0.0001,-0.0355,0.0098,-0.0005,2026-08-24,709.625,709.65,702.83,706.38,552704.0,706.932044
2026-08-24T20:35:06.234,7,9,QQQ260902P00540000,QQQ,2026-09-02,put,540.0,0.06,77.0,0.09,126.0,0.075,,,0.6439,-0.0033,0.0001,-0.0398,0.0112,-0.0006,2026-08-24,709.625,709.65,702.83,706.38,552704.0,706.932044
2026-08-24T20:35:06.234,7,9,QQQ260902P00545000,QQQ,2026-09-02,put,545.0,0.06,52.0,0.09,142.0,0.075,0.09,1.0,0.6238,-0.0034,0.0001,-0.0396,0.0115,-0.0006,2026-08-24,709.625,709.65,702.83,706.38,552704.0,706.932044
2026-08-24T20:35:06.234,7,9,QQQ260902P00550000,QQQ,2026-09-02,put,550.0,0.02,84.0,0.09,148.0,0.055,0.07,1.0,0.585,-0.0028,0.0001,-0.0303,0.0094,-0.0005,2026-08-24,709.625,709.65,702.83,706.38,552704.0,706.932044
2026-08-24T20:35:06.234,7,9,QQQ260902P00555000,QQQ,2026-09-02,put,555.0,0.06,218.0,0.09,301.0,0.075,,,0.584,-0.0037,0.0002,-0.0392,0.0122,-0.0007,2026-08-24,709.625,709.65,702.83,706.38,552704.0,706.932044
2026-08-24T20:35:06.234,7,9,QQQ260902P00560000,QQQ,2026-09-02,put,560.0,0.03,50.0,0.06,189.0,0.045,,,0.5357,-0.0025,0.0001,-0.0253,0.0086,-0.0004,2026-08-24,709.625,709.65,702.83,706.38,552704.0,706.932044
2026-08-24T20:35:06.234,7,9,QQQ260902P00565000,QQQ,2026-09-02,put,565.0,0.03,80.0,0.06,84.0,0.045,,,0.517,-0.0026,0.0001,-0.0252,0.0088,-0.0005,2026-08-24,709.625,709.65,702.83,706.38,552704.0,706.932044
2026-08-24T20:35:06.234,7,9,QQQ260902P00570000,QQQ,2026-09-02,put,570.0,0.07,228.0,0.1,235.0,0.085,,,0.5325,-0.0045,0.0002,-0.0428,0.0146,-0.0008,2026-08-24,709.625,709.65,702.83,706.38,552704.0,706.932044
2026-08-24T20:35:06.234,7,9,QQQ260902P00575000,QQQ,2026-09-02,put,575.0,0.08,48.0,0.11,102.0,0.095,0.14,1.0,0.5194,-0.0051,0.0003,-0.0466,0.0163,-0.0009,2026-08-24,709.625,709.65,702.83,706.38,552704.0,706.932044
2026-08-24T20:35:06.234,7,9,QQQ260902P00580000,QQQ,2026-09-02,put,580.0,0.08,327.0,0.1,54.0,0.09,,,0.4967,-0.005,0.0003,-0.0442,0.0162,-0.0009,2026-08-24,709.625,709.65,702.83,706.38,552704.0,706.932044
2026-08-24T20:35:06.234,7,9,QQQ260902P00585000,QQQ,2026-09-02,put,585.0,0.09,17.0,0.11,233.0,0.1,,,0.483,-0.0057,0.0003,-0.0479,0.018,-0.001,2026-08-24,709.625,709.65,702.83,706.38,552704.0,706.932044
2026-08-24T20:35:06.234,7,9,QQQ260902P00590000,QQQ,2026-09-02,put,590.0,0.05,201.0,0.12,164.0,0.08499999999999999,0.15,1.0,0.455,-0.0052,0.0003,-0.0416,0.0166,-0.0009,2026-08-24,709.625,709.65,702.83,706.38,552704.0,706.932044
2026-08-24T20:35:06.234,7,9,QQQ260902P00595000,QQQ,2026-09-02,put,595.0,0.06,50.0,0.13,192.0,0.095,,,0.4415,-0.0059,0.0003,-0.0452,0.0186,-0.0011,2026-08-24,709.625,709.65,702.83,706.38,552704.0,706.932044
2026-08-24T20:35:06.234,7,9,QQQ260902P00600000,QQQ,2026-09-02,put,600.0,0.07,73.0,0.12,19.0,0.095,0.08,1.0,0.4222,-0.0062,0.0004,-0.0449,0.0193,-0.0011,2026-08-24,709.625,709.65,702.83,706.38,552704.0,706.932044
2026-08-24T20:35:06.234,7,9,QQQ260902P00605000,QQQ,2026-09-02,put,605.0,0.12,50.0,0.14,319.0,0.13,0.1,1.0,0.4186,-0.0083,0.0005,-0.0576,0.025,-0.0015,2026-08-24,709.625,709.65,702.83,706.38,552704.0,706.932044
2026-08-24T20:35:06.234,7,9,QQQ260902P00610000,QQQ,2026-09-02,put,610.0,0.13,56.0,0.15,377.0,0.14,0.19,1.0,0.4027,-0.0092,0.0006,-0.0606,0.0274,-0.0016,2026-08-24,709.625,709.65,702.83,706.38,552704.0,706.932044
2026-08-24T20:35:06.234,7,9,QQQ260902P00615000,QQQ,2026-09-02,put,615.0,0.14,101.0,0.16,90.0,0.15000000000000002,0.18,1.0,0.3864,-0.0101,0.0006,-0.0634,0.0299,-0.0018,2026-08-24,709.625,709.65,702.83,706.38,552704.0,706.932044
2026-08-24T20:35:06.234,7,9,QQQ260902P00620000,QQQ,2026-09-02,put,620.0,0.15,298.0,0.18,287.0,0.16499999999999998,0.31,1.0,0.3712,-0.0114,0.0007,-0.0677,0.0332,-0.002,2026-08-24,709.625,709.65,702.83,706.38,552704.0,706.932044
2026-08-24T20:35:06.234,7,9,QQQ260902P00625000,QQQ,2026-09-02,put,625.0,0.17,76.0,0.19,9.0,0.18,0.25,1.0,0.3554,-0.0129,0.0008,-0.0718,0.0368,-0.0023,2026-08-24,709.625,709.65,702.83,706.38,552704.0,706.932044
2026-08-24T20:35:06.234,7,9,QQQ260902P00630000,QQQ,2026-09-02,put,630.0,0.15,64.0,0.21,20.0,0.18,0.25,1.0,0.3353,-0.0136,0.0009,-0.0708,0.0385,-0.0024,2026-08-24,709.625,709.65,702.83,706.38,552704.0,706.932044
2026-08-24T20:35:06.234,7,9,QQQ260902P00635000,QQQ,2026-09-02,put,635.0,0.18,81.0,0.25,95.0,0.215,0.31,5.0,0.3233,-0.0165,0.0011,-0.0805,0.0455,-0.0029,2026-08-24,709.625,709.65,702.83,706.38,552704.0,706.932044
2026-08-24T20:35:06.234,7,9,QQQ260902P00640000,QQQ,2026-09-02,put,640.0,0.26,167.0,0.28,5.0,0.27,0.23,5.0,0.3135,-0.0207,0.0014,-0.0948,0.0553,-0.0037,2026-08-24,709.625,709.65,702.83,706.38,552704.0,706.932044
2026-08-24T20:35:06.234,7,9,QQQ260902P00645000,QQQ,2026-09-02,put,645.0,0.27,67.0,0.33,3.0,0.30000000000000004,0.27,3.0,0.2974,-0.0238,0.0017,-0.1012,0.0623,-0.0042,2026-08-24,709.625,709.65,702.83,706.38,552704.0,706.932044
2026-08-24T20:35:06.234,7,9,QQQ260902P00650000,QQQ,2026-09-02,put,650.0,0.34,61.0,0.36,15.0,0.35,0.37,1.0,0.2833,-0.0285,0.0021,-0.1118,0.0723,-0.0051,2026-08-24,709.625,709.65,702.83,706.38,552704.0,706.932044
2026-08-24T20:35:06.234,7,9,QQQ260902P00655000,QQQ,2026-09-02,put,655.0,0.43,55.0,0.49,43.0,0.45999999999999996,0.45,4.0,0.2747,-0.0372,0.0027,-0.1349,0.0901,-0.0066,2026-08-24,709.625,709.65,702.83,706.38,552704.0,706.932044
2026-08-24T20:35:06.234,7,9,QQQ260902P00660000,QQQ,2026-09-02,put,660.0,0.55,77.0,0.61,5.0,0.5800000000000001,0.71,5.0,0.2637,-0.0472,0.0034,-0.1565,0.1092,-0.0084,2026-08-24,709.625,709.65,702.83,706.38,552704.0,706.932044
2026-08-24T20:35:06.234,7,9,QQQ260902P00665000,QQQ,2026-09-02,put,665.0,0.76,26.0,0.78,31.0,0.77,0.75,1.0,0.2551,-0.0619,0.0043,-0.1874,0.1353,-0.011,2026-08-24,709.625,709.65,702.83,706.38,552704.0,706.932044
2026-08-24T20:35:06.234,7,9,QQQ260902P00668000,QQQ,2026-09-02,put,668.0,0.85,28.0,0.87,5.0,0.86,0.85,1.0,0.2465,-0.0701,0.0049,-0.1989,0.149,-0.0124,2026-08-24,709.625,709.65,702.83,706.38,552704.0,706.932044
2026-08-24T20:35:06.234,7,9,QQQ260902P00669000,QQQ,2026-09-02,put,669.0,0.9,26.0,0.92,10.0,0.91,1.04,5.0,0.2447,-0.0739,0.0052,-0.2057,0.1553,-0.0131,2026-08-24,709.625,709.65,702.83,706.38,552704.0,706.932044
2026-08-24T20:35:06.234,7,9,QQQ260902P00670000,QQQ,2026-09-02,put,670.0,0.95,30.0,0.97,5.0,0.96,1.14,1.0,0.2427,-0.0779,0.0054,-0.2122,0.1615,-0.0138,2026-08-24,709.625,709.65,702.83,706.38,552704.0,706.932044
2026-08-24T20:35:06.234,7,9,QQQ260902P00671000,QQQ,2026-09-02,put,671.0,1.0,42.0,1.02,13.0,1.01,1.26,4.0,0.2405,-0.0819,0.0057,-0.2184,0.1678,-0.0145,2026-08-24,709.625,709.65,702.83,706.38,552704.0,706.932044
2026-08-24T20:35:06.234,7,9,QQQ260902P00672000,QQQ,2026-09-02,put,672.0,1.06,34.0,1.12,5.0,1.09,1.28,1.0,0.2399,-0.0875,0.006,-0.2287,0.1763,-0.0155,2026-08-24,709.625,709.65,702.83,706.38,552704.0,706.932044
2026-08-24T20:35:06.234,7,9,QQQ260902P00673000,QQQ,2026-09-02,put,673.0,1.17,29.0,1.19,1.0,1.18,1.12,1.0,0.2395,-0.0936,0.0063,-0.24,0.1854,-0.0166,2026-08-24,709.625,709.65,702.83,706.38,552704.0,706.932044
2026-08-24T20:35:06.234,7,9,QQQ260902P00674000,QQQ,2026-09-02,put,674.0,1.23,36.0,1.26,31.0,1.245,1.41,50.0,0.2376,-0.0986,0.0066,-0.2471,0.1926,-0.0175,2026-08-24,709.625,709.65,702.83,706.38,552704.0,706.932044
2026-08-24T20:35:06.234,7,9,QQQ260902P00675000,QQQ,2026-09-02,put,675.0,1.26,28.0,1.3,13.0,1.28,1.25,3.0,0.2339,-0.1022,0.0069,-0.2495,0.1977,-0.0181,2026-08-24,709.625,709.65,702.83,706.38,552704.0,706.932044
2026-08-24T20:35:06.234,7,9,QQQ260902P00676000,QQQ,2026-09-02,put,676.0,1.37,40.0,1.42,18.0,1.395,1.36,5.0,0.234,-0.1097,0.0072,-0.2626,0.2081,-0.0194,2026-08-24,709.625,709.65,702.83,706.38,552704.0,706.932044
2026-08-24T20:35:06.234,7,9,QQQ260902P00677000,QQQ,2026-09-02,put,677.0,1.46,28.0,1.5,5.0,1.48,1.36,1.0,0.2323,-0.1158,0.0076,-0.2709,0.2163,-0.0205,2026-08-24,709.625,709.65,702.83,706.38,552704.0,706.932044
2026-08-24T20:35:06.234,7,9,QQQ260902P00678000,QQQ,2026-09-02,put,678.0,1.49,90.0,1.6,32.0,1.545,1.38,1.0,0.2296,-0.1212,0.0079,-0.2761,0.2233,-0.0215,2026-08-24,709.625,709.65,702.83,706.38,552704.0,706.932044
2026-08-24T20:35:06.234,7,9,QQQ260902P00679000,QQQ,2026-09-02,put,679.0,1.63,39.0,1.68,4.0,1.6549999999999998,1.49,1.0,0.2286,-0.1286,0.0083,-0.2865,0.2328,-0.0228,2026-08-24,709.625,709.65,702.83,706.38,552704.0,706.932044
2026-08-24T20:35:06.234,7,9,QQQ260902P00680000,QQQ,2026-09-02,put,680.0,1.69,36.0,1.78,4.0,1.7349999999999999,1.68,4.0,0.2261,-0.1349,0.0087,-0.2925,0.2406,-0.0239,2026-08-24,709.625,709.65,702.83,706.38,552704.0,706.932044
2026-08-24T20:35:06.234,7,9,QQQ260902P00681000,QQQ,2026-09-02,put,681.0,1.84,13.0,1.85,13.0,1.8450000000000002,1.8,5.0,0.2246,-0.1425,0.009,-0.3015,0.2498,-0.0253,2026-08-24,709.625,709.65,702.83,706.38,552704.0,706.932044
2026-08-24T20:35:06.234,7,9,QQQ260902P00682000,QQQ,2026-09-02,put,682.0,1.91,22.0,1.95,11.0,1.93,1.95,5.0,0.2219,-0.1493,0.0094,-0.3069,0.2577,-0.0265,2026-08-24,709.625,709.65,702.83,706.38,552704.0,706.932044
2026-08-24T20:35:06.234,7,9,QQQ260902P00683000,QQQ,2026-09-02,put,683.0,2.02,11.0,2.13,8.0,2.075,2.01,5.0,0.2212,-0.1586,0.0099,-0.3182,0.2682,-0.0281,2026-08-24,709.625,709.65,702.83,706.38,552704.0,706.932044
2026-08-24T20:35:06.234,7,9,QQQ260902P00684000,QQQ,2026-09-02,put,684.0,2.13,25.0,2.25,3.0,2.19,1.9,1.0,0.2192,-0.1668,0.0103,-0.3255,0.2772,-0.0296,2026-08-24,709.625,709.65,702.83,706.38,552704.0,706.932044
2026-08-24T20:35:06.234,7,9,QQQ260902P00685000,QQQ,2026-09-02,put,685.0,2.26,91.0,2.34,51.0,2.3,2.29,1.0,0.2167,-0.175,0.0107,-0.3315,0.2858,-0.031,2026-08-24,709.625,709.65,702.83,706.38,552704.0,706.932044
2026-08-24T20:35:06.234,7,9,QQQ260902P00686000,QQQ,2026-09-02,put,686.0,2.49,29.0,2.56,28.0,2.5250000000000004,2.49,5.0,0.2179,-0.1875,0.0111,-0.3478,0.2985,-0.0333,2026-08-24,709.625,709.65,702.83,706.38,552704.0,706.932044
2026-08-24T20:35:06.234,7,9,QQQ260902P00687000,QQQ,2026-09-02,put,687.0,2.63,29.0,2.69,7.0,2.66,2.62,5.0,0.2157,-0.1969,0.0116,-0.3543,0.3075,-0.0349,2026-08-24,709.625,709.65,702.83,706.38,552704.0,706.932044
2026-08-24T20:35:06.234,7,9,QQQ260902P00688000,QQQ,2026-09-02,put,688.0,2.71,28.0,2.87,9.0,2.79,2.71,5.0,0.2131,-0.2063,0.0121,-0.3596,0.3162,-0.0366,2026-08-24,709.625,709.65,702.83,706.38,552704.0,706.932044
2026-08-24T20:35:06.234,7,9,QQQ260902P00689000,QQQ,2026-09-02,put,689.0,2.91,19.0,3.02,15.0,2.965,2.68,1.0,0.2117,-0.2174,0.0125,-0.3678,0.3261,-0.0386,2026-08-24,709.625,709.65,702.83,706.38,552704.0,706.932044
2026-08-24T20:35:06.234,7,9,QQQ260902P00690000,QQQ,2026-09-02,put,690.0,3.14,21.0,3.21,7.0,3.175,3.05,1.0,0.211,-0.2298,0.013,-0.3778,0.3365,-0.0408,2026-08-24,709.625,709.65,702.83,706.38,552704.0,706.932044
2026-08-24T20:35:06.234,7,9,QQQ260902P00691000,QQQ,2026-09-02,put,691.0,3.33,8.0,3.43,8.0,3.38,3.13,5.0,0.2098,-0.2421,0.0134,-0.3861,0.3463,-0.043,2026-08-24,709.625,709.65,702.83,706.38,552704.0,706.932044
2026-08-24T20:35:06.234,7,9,QQQ260902P00692000,QQQ,2026-09-02,put,692.0,3.55,23.0,3.57,23.0,3.5599999999999996,3.5,15.0,0.2075,-0.2538,0.0139,-0.3912,0.3552,-0.0451,2026-08-24,709.625,709.65,702.83,706.38,552704.0,706.932044
2026-08-24T20:35:06.234,7,9,QQQ260902P00693000,QQQ,2026-09-02,put,693.0,3.78,10.0,3.86,11.0,3.82,3.68,1.0,0.2072,-0.2679,0.0143,-0.4011,0.3652,-0.0476,2026-08-24,709.625,709.65,702.83,706.38,552704.0,706.932044
2026-08-24T20:35:06.234,7,9,QQQ260902P00694000,QQQ,2026-09-02,put,694.0,4.01,65.0,4.09,21.0,4.05,3.94,1.0,0.2057,-0.2814,0.0148,-0.4073,0.3741,-0.05,2026-08-24,709.625,709.65,702.83,706.38,552704.0,706.932044
2026-08-24T20:35:06.234,7,9,QQQ260902P00695000,QQQ,2026-09-02,put,695.0,4.15,36.0,4.28,10.0,4.215,4.12,1.0,0.2022,-0.2936,0.0154,-0.4076,0.3817,-0.0522,2026-08-24,709.625,709.65,702.83,706.38,552704.0,706.932044
2026-08-24T20:35:06.234,7,9,QQQ260902P00696000,QQQ,2026-09-02,put,696.0,4.36,19.0,4.57,76.0,4.465,4.45,2.0,0.2006,-0.3081,0.0158,-0.4125,0.3901,-0.0547,2026-08-24,709.625,709.65,702.83,706.38,552704.0,706.932044
2026-08-24T20:35:06.234,7,9,QQQ260902P00697000,QQQ,2026-09-02,put,697.0,4.75,18.0,4.86,4.0,4.805,4.68,3.0,0.2009,-0.3246,0.0161,-0.4218,0.3988,-0.0577,2026-08-24,709.625,709.65,702.83,706.38,552704.0,706.932044
2026-08-24T20:35:06.234,7,9,QQQ260902P00698000,QQQ,2026-09-02,put,698.0,4.89,34.0,4.97,34.0,4.93,4.49,1.0,0.1955,-0.3372,0.0168,-0.4156,0.405,-0.0599,2026-08-24,709.625,709.65,702.83,706.38,552704.0,706.932044
2026-08-24T20:35:06.234,7,9,QQQ260902P00699000,QQQ,2026-09-02,put,699.0,5.36,4.0,5.41,5.0,5.385,4.69,8.0,0.1979,-0.356,0.017,-0.4286,0.4132,-0.0633,2026-08-24,709.625,709.65,702.83,706.38,552704.0,706.932044
2026-08-24T20:35:06.234,7,9,QQQ260902P00700000,QQQ,2026-09-02,put,700.0,5.58,57.0,5.63,30.0,5.605,5.52,2.0,0.1942,-0.3711,0.0176,-0.4253,0.419,-0.066,2026-08-24,709.625,709.65,702.83,706.38,552704.0,706.932044
2026-08-24T20:35:06.234,7,9,QQQ260902P00701000,QQQ,2026-09-02,put,701.0,5.89,25.0,6.06,25.0,5.975,5.87,3.0,0.1937,-0.3887,0.0178,-0.4293,0.425,-0.0691,2026-08-24,709.625,709.65,702.83,706.38,552704.0,706.932044
2026-08-24T20:35:06.234,7,9,QQQ260902P00702000,QQQ,2026-09-02,put,702.0,6.2,14.0,6.46,6.0,6.33,5.73,5.0,0.1924,-0.4063,0.0182,-0.4304,0.4301,-0.0723,2026-08-24,709.625,709.65,702.83,706.38,552704.0,706.932044
2026-08-24T20:35:06.234,7,9,QQQ260902P00703000,QQQ,2026-09-02,put,703.0,6.62,9.0,6.86,5.0,6.74,6.29,5.0,0.192,-0.4245,0.0184,-0.4328,0.4344,-0.0756,2026-08-24,709.625,709.65,702.83,706.38,552704.0,706.932044
2026-08-24T20:35:06.234,7,9,QQQ260902P00704000,QQQ,2026-09-02,put,704.0,7.16,4.0,7.27,18.0,7.215,6.98,2.0,0.1927,-0.4432,0.0185,-0.4367,0.4378,-0.0789,2026-08-24,709.625,709.65,702.83,706.38,552704.0,706.932044
2026-08-24T20:35:06.234,7,9,QQQ260902P00705000,QQQ,2026-09-02,put,705.0,7.55,58.0,7.61,20.0,7.58,7.37,1.0,0.1905,-0.4615,0.0188,-0.4325,0.4403,-0.0822,2026-08-24,709.625,709.65,702.83,706.38,552704.0,706.932044
2026-08-24T20:35:06.234,7,9,QQQ260902P00706000,QQQ,2026-09-02,put,706.0,7.71,6.0,7.99,9.0,7.85,7.77,1.0,0.1857,-0.4801,0.0194,-0.421,0.4418,-0.0855,2026-08-24,709.625,709.65,702.83,706.38,552704.0,706.932044
2026-08-24T20:35:06.234,7,9,QQQ260902P00707000,QQQ,2026-09-02,put,707.0,8.41,16.0,8.53,5.0,8.469999999999999,8.1,3.0,0.1883,-0.4993,0.0191,-0.4267,0.4423,-0.089,2026-08-24,709.625,709.65,702.83,706.38,552704.0,706.932044
2026-08-24T20:35:06.234,7,9,QQQ260902P00708000,QQQ,2026-09-02,put,708.0,8.79,3.0,9.03,14.0,8.91,8.71,2.0,0.1865,-0.5187,0.0193,-0.4204,0.4418,-0.0925,2026-08-24,709.625,709.65,702.83,706.38,552704.0,706.932044
2026-08-24T20:35:06.234,7,9,QQQ260902P00709000,QQQ,2026-09-02,put,709.0,9.32,3.0,9.43,13.0,9.375,8.7,8.0,0.1848,-0.5383,0.0194,-0.4132,0.4403,-0.096,2026-08-24,709.625,709.65,702.83,706.38,552704.0,706.932044
2026-08-24T20:35:06.234,7,9,QQQ260902P00710000,QQQ,2026-09-02,put,710.0,9.69,23.0,9.8,24.0,9.745000000000001,9.04,10.0,0.1805,-0.5592,0.0197,-0.3983,0.4375,-0.0998,2026-08-24,709.625,709.65,702.83,706.38,552704.0,706.932044
2026-08-24T20:35:06.234,7,9,QQQ260902P00711000,QQQ,2026-09-02,put,711.0,10.24,3.0,10.44,12.0,10.34,9.05,1.0,0.1809,-0.5785,0.0195,-0.394,0.4337,-0.1033,2026-08-24,709.625,709.65,702.83,706.38,552704.0,706.932044
2026-08-24T20:35:06.234,7,9,QQQ260902P00712000,QQQ,2026-09-02,put,712.0,10.75,4.0,11.1,4.0,10.925,9.64,1.0,0.1806,-0.598,0.0193,-0.3869,0.4289,-0.1068,2026-08-24,709.625,709.65,702.83,706.38,552704.0,706.932044
2026-08-24T20:35:06.234,7,9,QQQ260902P00713000,QQQ,2026-09-02,put,713.0,11.17,4.0,11.44,12.0,11.305,11.32,2.0,0.1749,-0.621,0.0196,-0.365,0.4218,-0.1109,2026-08-24,709.625,709.65,702.83,706.38,552704.0,706.932044
2026-08-24T20:35:06.234,7,9,QQQ260902P00714000,QQQ,2026-09-02,put,714.0,11.86,7.0,12.09,7.0,11.975,11.03,10.0,0.1756,-0.6396,0.0192,-0.3585,0.415,-0.1143,2026-08-24,709.625,709.65,702.83,706.38,552704.0,706.932044
2026-08-24T20:35:06.234,7,9,QQQ260902P00715000,QQQ,2026-09-02,put,715.0,12.34,1.0,12.5,8.0,12.42,12.37,1.0,0.1704,-0.6634,0.0193,-0.335,0.4047,-0.1186,2026-08-24,709.625,709.65,702.83,706.38,552704.0,706.932044
2026-08-24T20:35:06.234,7,9,QQQ260902P00716000,QQQ,2026-09-02,put,716.0,13.22,4.0,13.5,4.0,13.36,12.89,1.0,0.1769,-0.6756,0.0183,-0.3428,0.3987,-0.1209,2026-08-24,709.625,709.65,702.83,706.38,552704.0,706.932044
2026-08-24T20:35:06.234,7,9,QQQ260902P00717000,QQQ,2026-09-02,put,717.0,13.3,20.0,14.99,8.0,14.145,13.35,1.0,0.1792,-0.691,0.0177,-0.3387,0.3906,-0.1238,2026-08-24,709.625,709.65,702.83,706.38,552704.0,706.932044
2026-08-24T20:35:06.234,7,9,QQQ260902P00718000,QQQ,2026-09-02,put,718.0,14.58,11.0,14.74,10.0,14.66,14.36,1.0,0.1741,-0.714,0.0176,-0.3128,0.377,-0.1279,2026-08-24,709.625,709.65,702.83,706.38,552704.0,706.932044
2026-08-24T20:35:06.234,7,9,QQQ260902P00719000,QQQ,2026-09-02,put,719.0,13.37,15.0,16.99,15.0,15.18,13.84,1.0,0.1683,-0.7384,0.0174,-0.2837,0.3608,-0.1323,2026-08-24,709.625,709.65,702.83,706.38,552704.0,706.932044
2026-08-24T20:35:06.234,7,9,QQQ260902P00720000,QQQ,2026-09-02,put,720.0,15.4,80.0,17.15,170.0,16.275,15.83,4.0,0.1779,-0.7428,0.0163,-0.2995,0.3576,-0.1333,2026-08-24,709.625,709.65,702.83,706.38,552704.0,706.932044
2026-08-24T20:35:06.234,7,9,QQQ260902P00721000,QQQ,2026-09-02,put,721.0,14.63,3.0,18.41,2.0,16.52,16.0,1.0,0.1627,-0.7793,0.0164,-0.2407,0.3289,-0.1397,2026-08-24,709.625,709.65,702.83,706.38,552704.0,706.932044
2026-08-24T20:35:06.234,7,9,QQQ260902P00722000,QQQ,2026-09-02,put,722.0,15.06,2.0,18.91,10.0,16.985,17.25,1.0,0.152,-0.8116,0.016,-0.1938,0.2993,-0.1455,2026-08-24,709.625,709.65,702.83,706.38,552704.0,706.932044
2026-08-24T20:35:06.234,7,9,QQQ260902P00723000,QQQ,2026-09-02,put,723.0,16.32,1.0,19.73,10.0,18.025,13.71,1.0,0.1595,-0.8151,0.0151,-0.2027,0.2959,-0.1464,2026-08-24,709.625,709.65,702.83,706.38,552704.0,706.932044
2026-08-24T20:35:06.234,7,9,QQQ260902P00724000,QQQ,2026-09-02,put,724.0,17.35,1.0,20.78,10.0,19.065,18.72,5.0,0.1668,-0.8182,0.0143,-0.2116,0.2927,-0.1472,2026-08-24,709.625,709.65,702.83,706.38,552704.0,706.932044
2026-08-24T20:35:06.234,7,9,QQQ260902P00725000,QQQ,2026-09-02,put,725.0,19.65,3.0,19.83,3.0,19.74,19.65,1.0,0.1611,-0.8404,0.0136,-0.1798,0.2693,-0.1512,2026-08-24,709.625,709.65,702.83,706.38,552704.0,706.932044
2026-08-24T20:35:06.234,7,9,QQQ260902P00726000,QQQ,2026-09-02,put,726.0,18.58,1.0,21.73,2.0,20.155,20.09,1.0,0.1427,-0.8829,0.0124,-0.1085,0.218,-0.1587,2026-08-24,709.625,709.65,702.83,706.38,552704.0,706.932044
2026-08-24T20:35:06.234,7,9,QQQ260902P00727000,QQQ,2026-09-02,put,727.0,19.68,1.0,22.02,1.0,20.85,21.36,1.0,0.1323,-0.9116,0.0109,-0.0641,0.1777,-0.1639,2026-08-24,709.625,709.65,702.83,706.38,552704.0,706.932044
2026-08-24T20:35:06.234,7,9,QQQ260902P00728000,QQQ,2026-09-02,put,728.0,19.88,1.0,24.12,10.0,22.0,23.58,2.0,0.1453,-0.9012,0.0108,-0.0899,0.1929,-0.1623,2026-08-24,709.625,709.65,702.83,706.38,552704.0,706.932044
2026-08-24T20:35:06.234,7,9,QQQ260902P00729000,QQQ,2026-09-02,put,729.0,21.1,2.0,24.21,12.0,22.655,,,0.1294,-0.9354,0.0088,-0.0322,0.1399,-0.1684,2026-08-24,709.625,709.65,702.83,706.38,552704.0,706.932044
2026-08-24T20:35:06.234,7,9,QQQ260902P00730000,QQQ,2026-09-02,put,730.0,22.39,1.0,26.05,11.0,24.22,23.01,25.0,0.1663,-0.8902,0.0102,-0.1271,0.2082,-0.161,2026-08-24,709.625,709.65,702.83,706.38,552704.0,706.932044
2026-08-24T20:35:06.234,7,9,QQQ260902P00731000,QQQ,2026-09-02,put,731.0,22.62,2.0,25.99,10.0,24.305,24.71,1.0,0.0975,-0.986,0.0033,0.0507,0.0395,-0.1777,2026-08-24,709.625,709.65,702.83,706.38,552704.0,706.932044
2026-08-24T20:35:06.234,7,9,QQQ260902P00732000,QQQ,2026-09-02,put,732.0,23.59,10.0,27.64,10.0,25.615000000000002,26.87,1.0,0.1396,-0.9443,0.0073,-0.0274,0.1246,-0.1707,2026-08-24,709.625,709.65,702.83,706.38,552704.0,706.932044
2026-08-24T20:35:06.234,7,9,QQQ260902P00733000,QQQ,2026-09-02,put,733.0,24.79,1.0,28.59,10.0,26.689999999999998,26.31,90.0,0.1498,-0.9383,0.0073,-0.0434,0.135,-0.1699,2026-08-24,709.625,709.65,702.83,706.38,552704.0,706.932044
2026-08-24T20:35:06.234,7,9,QQQ260902P00734000,QQQ,2026-09-02,put,734.0,26.08,10.0,29.35,10.0,27.715,,,0.156,-0.9374,0.0071,-0.0494,0.1366,-0.17,2026-08-24,709.625,709.65,702.83,706.38,552704.0,706.932044
2026-08-24T20:35:06.234,7,9,QQQ260902P00735000,QQQ,2026-09-02,put,735.0,26.16,1.0,30.7,10.0,28.43,22.27,2.0,0.1337,-0.9684,0.0048,0.0127,0.0787,-0.1756,2026-08-24,709.625,709.65,702.83,706.38,552704.0,706.932044
2026-08-24T20:35:06.234,7,9,QQQ260902P00736000,QQQ,2026-09-02,put,736.0,28.12,2.0,30.65,10.0,29.384999999999998,,,0.1313,-0.9749,0.004,0.0243,0.065,-0.177,2026-08-24,709.625,709.65,702.83,706.38,552704.0,706.932044
2026-08-24T20:35:06.234,7,9,QQQ260902P00737000,QQQ,2026-09-02,put,737.0,28.38,2.0,31.71,10.0,30.045,,,,,,,,,2026-08-24,709.625,709.65,702.83,706.38,552704.0,706.932044
2026-08-24T20:35:06.234,7,9,QQQ260902P00738000,QQQ,2026-09-02,put,738.0,29.6,1.0,33.4,10.0,31.5,28.31,1.0,0.1539,-0.9624,0.0048,-0.0065,0.0908,-0.1753,2026-08-24,709.625,709.65,702.83,706.38,552704.0,706.932044
2026-08-24T20:35:06.234,7,9,QQQ260902P00739000,QQQ,2026-09-02,put,739.0,30.63,1.0,33.24,2.0,31.935000000000002,27.4,51.0,,,,,,,2026-08-24,709.625,709.65,702.83,706.38,552704.0,706.932044
2026-08-24T20:35:06.234,7,9,QQQ260902P00740000,QQQ,2026-09-02,put,740.0,31.17,1.0,34.93,1.0,33.05,35.07,1.0,,,,,,,2026-08-24,709.625,709.65,702.83,706.38,552704.0,706.932044
2026-08-24T20:35:06.234,7,9,QQQ260902P00741000,QQQ,2026-09-02,put,741.0,31.96,1.0,36.68,10.0,34.32,,,0.1373,-0.9856,0.0024,0.0421,0.0405,-0.1801,2026-08-24,709.625,709.65,702.83,706.38,552704.0,706.932044
2026-08-24T20:35:06.234,7,9,QQQ260902P00742000,QQQ,2026-09-02,put,742.0,34.14,1.0,37.7,12.0,35.92,,,0.2061,-0.9318,0.0058,-0.0977,0.1459,-0.1711,2026-08-24,709.625,709.65,702.83,706.38,552704.0,706.932044
2026-08-24T20:35:06.234,7,9,QQQ260902P00743000,QQQ,2026-09-02,put,743.0,35.02,1.0,38.22,10.0,36.620000000000005,,,0.1864,-0.955,0.0046,-0.0378,0.1052,-0.1753,2026-08-24,709.625,709.65,702.83,706.38,552704.0,706.932044
2026-08-24T20:35:06.234,7,9,QQQ260902P00744000,QQQ,2026-09-02,put,744.0,35.72,1.0,38.43,10.0,37.075,34.62,3.0,,,,,,,2026-08-24,709.625,709.65,702.83,706.38,552704.0,706.932044
2026-08-24T20:35:06.234,7,9,QQQ260902P00745000,QQQ,2026-09-02,put,745.0,36.47,1.0,40.1,10.0,38.285,,,0.1407,-0.9912,0.0015,0.0533,0.0263,-0.182,2026-08-24,709.625,709.65,702.83,706.38,552704.0,706.932044
2026-08-24T20:35:06.234,7,9,QQQ260902P00746000,QQQ,2026-09-02,put,746.0,37.45,1.0,41.16,10.0,39.305,,,0.1509,-0.9884,0.0018,0.0456,0.0336,-0.1818,2026-08-24,709.625,709.65,702.83,706.38,552704.0,706.932044
2026-08-24T20:35:06.234,7,9,QQQ260902P00747000,QQQ,2026-09-02,put,747.0,38.43,10.0,41.81,10.0,40.120000000000005,,,,,,,,,2026-08-24,709.625,709.65,702.83,706.38,552704.0,706.932044
2026-08-24T20:35:06.234,7,9,QQQ260902P00748000,QQQ,2026-09-02,put,748.0,40.26,1.0,43.73,10.0,41.995,,,0.2377,-0.9334,0.0049,-0.119,0.1432,-0.1729,2026-08-24,709.625,709.65,702.83,706.38,552704.0,706.932044
2026-08-24T20:35:06.234,7,9,QQQ260902P00749000,QQQ,2026-09-02,put,749.0,39.8,1.0,44.75,1.0,42.275,,,0.1504,-0.9928,0.0012,0.0559,0.0221,-0.1833,2026-08-24,709.625,709.65,702.83,706.38,552704.0,706.932044
2026-08-24T20:35:06.234,7,9,QQQ260902P00750000,QQQ,2026-09-02,put,750.0,40.84,1.0,44.23,10.0,42.535,,,,,,,,,2026-08-24,709.625,709.65,702.83,706.38,552704.0,706.932044
2026-08-24T20:35:06.234,7,9,QQQ260902P00751000,QQQ,2026-09-02,put,751.0,41.87,1.0,45.19,10.0,43.53,,,,,,,,,2026-08-24,709.625,709.65,702.83,706.38,552704.0,706.932044
2026-08-24T20:35:06.234,7,9,QQQ260902P00752000,QQQ,2026-09-02,put,752.0,43.03,1.0,46.36,10.0,44.695,,,,,,,,,2026-08-24,709.625,709.65,702.83,706.38,552704.0,706.932044
2026-08-24T20:35:06.234,7,9,QQQ260902P00753000,QQQ,2026-09-02,put,753.0,44.03,10.0,48.92,10.0,46.475,,,0.209,-0.9724,0.0027,-0.0085,0.0705,-0.1808,2026-08-24,709.625,709.65,702.83,706.38,552704.0,706.932044
2026-08-24T20:35:06.234,7,9,QQQ260902P00754000,QQQ,2026-09-02,put,754.0,46.04,10.0,48.93,10.0,47.485,,,0.2141,-0.9719,0.0027,-0.0117,0.0715,-0.1809,2026-08-24,709.625,709.65,702.83,706.38,552704.0,706.932044
2026-08-24T20:35:06.234,7,9,QQQ260902P00755000,QQQ,2026-09-02,put,755.0,46.47,10.0,50.68,10.0,48.575,,,0.2294,-0.9653,0.003,-0.0354,0.085,-0.18,2026-08-24,709.625,709.65,702.83,706.38,552704.0,706.932044
2026-08-24T20:35:06.234,7,9,QQQ260902P00756000,QQQ,2026-09-02,put,756.0,47.92,10.0,51.47,10.0,49.695,,,0.2463,-0.9576,0.0033,-0.0645,0.1002,-0.179,2026-08-24,709.625,709.65,702.83,706.38,552704.0,706.932044
2026-08-24T20:35:06.234,7,9,QQQ260902P00757000,QQQ,2026-09-02,put,757.0,49.16,10.0,52.14,10.0,50.65,,,0.2456,-0.961,0.0031,-0.0548,0.0936,-0.1798,2026-08-24,709.625,709.65,702.83,706.38,552704.0,706.932044
2026-08-24T20:35:06.234,7,9,QQQ260902P00758000,QQQ,2026-09-02,put,758.0,50.03,1.0,54.07,10.0,52.05,,,0.2848,-0.9387,0.0038,-0.1409,0.1343,-0.1763,2026-08-24,709.625,709.65,702.83,706.38,552704.0,706.932044
2026-08-24T20:35:06.234,7,9,QQQ260902P00759000,QQQ,2026-09-02,put,759.0,51.59,1.0,53.56,10.0,52.575,,,0.2448,-0.9669,0.0027,-0.0377,0.0818,-0.1813,2026-08-24,709.625,709.65,702.83,706.38,552704.0,706.932044
2026-08-24T20:35:06.234,7,9,QQQ260902P00760000,QQQ,2026-09-02,put,760.0,50.77,1.0,54.81,2.0,52.790000000000006,,,,,,,,,2026-08-24,709.625,709.65,702.83,706.38,552704.0,706.932044
2026-08-24T20:35:06.234,7,9,QQQ260902P00761000,QQQ,2026-09-02,put,761.0,52.28,1.0,56.56,10.0,54.42,,,0.2296,-0.979,0.002,0.0033,0.0559,-0.1839,2026-08-24,709.625,709.65,702.83,706.38,552704.0,706.932044
2026-08-24T20:35:06.234,7,9,QQQ260902P00762000,QQQ,2026-09-02,put,762.0,52.56,1.0,56.1,10.0,54.33,,,,,,,,,2026-08-24,709.625,709.65,702.83,706.38,552704.0,706.932044
2026-08-24T20:35:06.234,7,9,QQQ260902P00763000,QQQ,2026-09-02,put,763.0,54.62,1.0,59.18,10.0,56.9,,,0.2934,-0.9495,0.0032,-0.1153,0.1153,-0.1793,2026-08-24,709.625,709.65,702.83,706.38,552704.0,706.932044
2026-08-24T20:35:06.234,7,9,QQQ260902P00764000,QQQ,2026-09-02,put,764.0,56.62,2.0,59.13,10.0,57.875,,,0.2953,-0.9513,0.0031,-0.1108,0.112,-0.1799,2026-08-24,709.625,709.65,702.83,706.38,552704.0,706.932044
2026-08-24T20:35:06.234,7,9,QQQ260902P00765000,QQQ,2026-09-02,put,765.0,57.69,1.0,59.87,10.0,58.78,,,0.2904,-0.9568,0.0028,-0.0905,0.1017,-0.1811,2026-08-24,709.625,709.65,702.83,706.38,552704.0,706.932044
2026-08-24T20:35:06.234,7,9,QQQ260902P00766000,QQQ,2026-09-02,put,766.0,56.75,10.0,60.21,10.0,58.480000000000004,,,,,,,,,2026-08-24,709.625,709.65,702.83,706.38,552704.0,706.932044
2026-08-24T20:35:06.234,7,9,QQQ260902P00767000,QQQ,2026-09-02,put,767.0,58.06,10.0,61.09,10.0,59.575,,,,,,,,,2026-08-24,709.625,709.65,702.83,706.38,552704.0,706.932044
2026-08-24T20:35:06.234,7,9,QQQ260902P00768000,QQQ,2026-09-02,put,768.0,59.57,1.0,63.78,10.0,61.675,,,0.2909,-0.9639,0.0025,-0.0679,0.088,-0.183,2026-08-24,709.625,709.65,702.83,706.38,552704.0,706.932044
2026-08-24T20:35:06.234,7,9,QQQ260902P00769000,QQQ,2026-09-02,put,769.0,59.46,1.0,63.09,10.0,61.275000000000006,,,,,,,,,2026-08-24,709.625,709.65,702.83,706.38,552704.0,706.932044
2026-08-24T20:35:06.234,7,9,QQQ260902P00770000,QQQ,2026-09-02,put,770.0,61.52,1.0,65.41,10.0,63.465,,,0.2697,-0.9774,0.0018,-0.0137,0.0594,-0.1858,2026-08-24,709.625,709.65,702.83,706.38,552704.0,706.932044
2026-08-24T20:35:06.234,7,9,QQQ260902P00775000,QQQ,2026-09-02,put,775.0,65.74,1.0,70.73,10.0,68.235,,,0.2136,-0.9969,0.0004,0.0647,0.0106,-0.1904,2026-08-24,709.625,709.65,702.83,706.38,552704.0,706.932044
2026-08-24T20:35:06.234,7,9,QQQ260902P00780000,QQQ,2026-09-02,put,780.0,71.65,1.0,73.92,10.0,72.785,,,,,,,,,2026-08-24,709.625,709.65,702.83,706.38,552704.0,706.932044
2026-08-24T20:35:06.234,7,9,QQQ260902P00785000,QQQ,2026-09-02,put,785.0,76.41,1.0,80.88,10.0,78.645,,,0.3503,-0.9701,0.0017,-0.0701,0.0753,-0.1883,2026-08-24,709.625,709.65,702.83,706.38,552704.0,706.932044
2026-08-24T20:35:06.234,7,9,QQQ260902P00790000,QQQ,2026-09-02,put,790.0,80.44,1.0,84.92,10.0,82.68,,,,,,,,,2026-08-24,709.625,709.65,702.83,706.38,552704.0,706.932044
2026-08-24T20:35:06.234,7,9,QQQ260902P00795000,QQQ,2026-09-02,put,795.0,88.1,1.0,88.5,2.0,88.3,,,0.3143,-0.9909,0.0007,0.0311,0.0273,-0.1943,2026-08-24,709.625,709.65,702.83,706.38,552704.0,706.932044
2026-08-24T20:35:06.234,7,9,QQQ260902P00800000,QQQ,2026-09-02,put,800.0,93.0,10.0,96.71,10.0,94.85499999999999,,,0.516,-0.9318,0.0023,-0.343,0.1459,-0.1856,2026-08-24,709.625,709.65,702.83,706.38,552704.0,706.932044
2026-08-24T20:35:06.234,7,9,QQQ260902P00805000,QQQ,2026-09-02,put,805.0,96.06,1.0,98.85,10.0,97.455,,,,,,,,,2026-08-24,709.625,709.65,702.83,706.38,552704.0,706.932044
2026-08-24T20:35:06.234,7,9,QQQ260902P00810000,QQQ,2026-09-02,put,810.0,103.07,1.0,104.54,10.0,103.805,,,0.4602,-0.9679,0.0014,-0.1251,0.0797,-0.1941,2026-08-24,709.625,709.65,702.83,706.38,552704.0,706.932044
2026-08-24T20:35:06.234,7,9,QQQ260902P00815000,QQQ,2026-09-02,put,815.0,108.71,1.0,110.21,2.0,109.46,,,0.5445,-0.9478,0.0018,-0.2799,0.1183,-0.192,2026-08-24,709.625,709.65,702.83,706.38,552704.0,706.932044
2026-08-24T20:35:06.234,7,9,QQQ260902P00820000,QQQ,2026-09-02,put,820.0,113.54,1.0,116.63,1.0,115.08500000000001,,,0.6114,-0.9333,0.0019,-0.41,0.1435,-0.1909,2026-08-24,709.625,709.65,702.83,706.38,552704.0,706.932044
2026-08-24T20:35:06.234,7,9,QQQ260902P00825000,QQQ,2026-09-02,put,825.0,116.9,10.0,118.48,2.0,117.69,,,,,,,,,2026-08-24,709.625,709.65,702.83,706.38,552704.0,706.932044
2026-08-24T20:35:06.234,7,9,QQQ260902P00830000,QQQ,2026-09-02,put,830.0,121.3,1.0,124.51,2.0,122.905,,,,,,,,,2026-08-24,709.625,709.65,702.83,706.38,552704.0,706.932044
2026-08-24T20:35:06.234,7,9,QQQ260902P00835000,QQQ,2026-09-02,put,835.0,129.07,1.0,132.78,1.0,130.925,,,0.7249,-0.9205,0.0018,-0.5826,0.1641,-0.1925,2026-08-24,709.625,709.65,702.83,706.38,552704.0,706.932044
2026-08-24T20:35:06.234,7,9,QQQ260902P00840000,QQQ,2026-09-02,put,840.0,133.31,1.0,137.76,10.0,135.535,,,0.7194,-0.9296,0.0017,-0.5185,0.1495,-0.1953,2026-08-24,709.625,709.65,702.83,706.38,552704.0,706.932044
2026-08-24T20:35:06.234,7,9,QQQ260902P00845000,QQQ,2026-09-02,put,845.0,137.5,1.0,139.63,2.0,138.565,,,0.5401,-0.9805,0.0008,-0.0745,0.0525,-0.2049,2026-08-24,709.625,709.65,702.83,706.38,552704.0,706.932044
2026-08-24T20:35:06.234,7,9,QQQ260902P00850000,QQQ,2026-09-02,put,850.0,144.05,1.0,145.02,10.0,144.53500000000003,,,0.6783,-0.9535,0.0013,-0.3249,0.1079,-0.2016,2026-08-24,709.625,709.65,702.83,706.38,552704.0,706.932044
2026-08-24T20:35:06.234,7,9,QQQ260902P00855000,QQQ,2026-09-02,put,855.0,147.06,1.0,147.91,2.0,147.485,,,,,,,,,2026-08-24,709.625,709.65,702.83,706.38,552704.0,706.932044
2026-08-24T20:35:06.234,7,9,QQQ260902P00860000,QQQ,2026-09-02,put,860.0,153.52,10.0,157.52,2.0,155.52,,,0.7933,-0.9349,0.0014,-0.5386,0.1407,-0.2011,2026-08-24,709.625,709.65,702.83,706.38,552704.0,706.932044
2026-08-24T20:35:06.234,7,9,QQQ260902P00865000,QQQ,2026-09-02,put,865.0,156.52,1.0,159.3,1.0,157.91000000000003,,,,,,,,,2026-08-24,709.625,709.65,702.83,706.38,552704.0,706.932044
2026-08-24T20:35:06.234,7,9,QQQ260902P00870000,QQQ,2026-09-02,put,870.0,158.83,1.0,164.53,2.0,161.68,,,,,,,,,2026-08-24,709.625,709.65,702.83,706.38,552704.0,706.932044
2026-08-24T20:35:06.234,7,9,QQQ260902P00875000,QQQ,2026-09-02,put,875.0,168.79,10.0,169.13,10.0,168.95999999999998,,,0.698,-0.9709,0.0009,-0.2,0.0736,-0.2107,2026-08-24,709.625,709.65,702.83,706.38,552704.0,706.932044
2026-08-24T20:35:06.234,7,9,QQQ260902P00880000,QQQ,2026-09-02,put,880.0,168.94,1.0,176.82,2.0,172.88,,,,,,,,,2026-08-24,709.625,709.65,702.83,706.38,552704.0,706.932044
2026-08-24T20:35:06.234,7,9,QQQ260902P00885000,QQQ,2026-09-02,put,885.0,174.56,1.0,182.81,2.0,178.685,,,0.6866,-0.979,0.0007,-0.1268,0.0561,-0.2145,2026-08-24,709.625,709.65,702.83,706.38,552704.0,706.932044
2026-08-24T20:35:06.234,7,9,QQQ260902P00890000,QQQ,2026-09-02,put,890.0,183.4,1.0,186.9,10.0,185.15,,,0.8704,-0.9472,0.0011,-0.4917,0.1194,-0.2106,2026-08-24,709.625,709.65,702.83,706.38,552704.0,706.932044
2026-08-24T20:35:06.234,7,9,QQQ260902P00895000,QQQ,2026-09-02,put,895.0,186.9,1.0,192.34,2.0,189.62,,,0.8386,-0.958,0.001,-0.3766,0.0994,-0.2135,2026-08-24,709.625,709.65,702.83,706.38,552704.0,706.932044
2026-08-24T20:35:06.234,7,9,QQQ260902P00900000,QQQ,2026-09-02,put,900.0,191.88,1.0,195.59,10.0,193.735,,,0.7406,-0.9783,0.0006,-0.1479,0.0574,-0.2181,2026-08-24,709.625,709.65,702.83,706.38,552704.0,706.932044
2026-08-24T20:35:06.234,7,9,QQQ260902P00905000,QQQ,2026-09-02,put,905.0,199.37,1.0,202.82,10.0,201.095,,,0.9939,-0.934,0.0012,-0.6992,0.1422,-0.2122,2026-08-24,709.625,709.65,702.83,706.38,552704.0,706.932044
2026-08-24T20:35:06.234,7,9,QQQ260902P00910000,QQQ,2026-09-02,put,910.0,199.95,1.0,201.74,10.0,200.845,,,,,,,,,2026-08-24,709.625,709.65,702.83,706.38,552704.0,706.932044
2026-08-24T20:35:06.234,7,9,QQQ260902P00915000,QQQ,2026-09-02,put,915.0,207.73,1.0,211.47,1.0,209.6,,,0.9005,-0.9604,0.0009,-0.3848,0.0947,-0.2189,2026-08-24,709.625,709.65,702.83,706.38,552704.0,706.932044
2026-08-24T20:35:06.234,7,9,QQQ260902P00920000,QQQ,2026-09-02,put,920.0,210.21,10.0,211.23,2.0,210.72,,,,,,,,,2026-08-24,709.625,709.65,702.83,706.38,552704.0,706.932044
2026-08-24T20:35:06.234,7,9,QQQ260902P00925000,QQQ,2026-09-02,put,925.0,214.68,10.0,217.23,10.0,215.95499999999998,,,,,,,,,2026-08-24,709.625,709.65,702.83,706.38,552704.0,706.932044
2026-08-24T20:35:06.234,7,9,QQQ260902P00930000,QQQ,2026-09-02,put,930.0,224.97,1.0,228.44,2.0,226.70499999999998,,,,,,,,,2026-08-24,709.625,709.65,702.83,706.38,552704.0,706.932044
2026-08-24T20:35:06.234,7,9,QQQ260902P00935000,QQQ,2026-09-02,put,935.0,223.89,10.0,233.93,2.0,228.91,,,,,,,,,2026-08-24,709.625,709.65,702.83,706.38,552704.0,706.932044
2026-08-24T20:35:06.234,7,9,QQQ260902P00940000,QQQ,2026-09-02,put,940.0,229.76,2.0,236.52,10.0,233.14,,,0.6605,-0.9965,0.0001,0.0511,0.0116,-0.231,2026-08-24,709.625,709.65,702.83,706.38,552704.0,706.932044
2026-08-24T20:35:06.234,7,9,QQQ260902P00945000,QQQ,2026-09-02,put,945.0,232.96,10.0,240.86,2.0,236.91000000000003,,,,,,,,,2026-08-24,709.625,709.65,702.83,706.38,552704.0,706.932044
2026-08-24T20:35:06.234,7,9,QQQ260902P00950000,QQQ,2026-09-02,put,950.0,243.28,1.0,248.01,1.0,245.64499999999998,,,,,,,,,2026-08-24,709.625,709.65,702.83,706.38,552704.0,706.932044
2026-08-24T20:35:06.234,7,10,QQQ260903C00490000,QQQ,2026-09-03,call,490.0,217.2,10.0,218.42,10.0,217.81,,,,,,,,,2026-08-24,709.625,709.65,702.83,706.38,552704.0,706.932044
2026-08-24T20:35:06.234,7,10,QQQ260903C00495000,QQQ,2026-09-03,call,495.0,207.49,2.0,211.86,1.0,209.675,,,,,,,,,2026-08-24,709.625,709.65,702.83,706.38,552704.0,706.932044
2026-08-24T20:35:06.234,7,10,QQQ260903C00500000,QQQ,2026-09-03,call,500.0,205.22,15.0,212.06,10.0,208.64,,,,,,,,,2026-08-24,709.625,709.65,702.83,706.38,552704.0,706.932044
2026-08-24T20:35:06.234,7,10,QQQ260903C00505000,QQQ,2026-09-03,call,505.0,202.3,2.0,205.68,10.0,203.99,,,,,,,,,2026-08-24,709.625,709.65,702.83,706.38,552704.0,706.932044
2026-08-24T20:35:06.234,7,10,QQQ260903C00510000,QQQ,2026-09-03,call,510.0,195.64,10.0,199.02,1.0,197.32999999999998,,,,,,,,,2026-08-24,709.625,709.65,702.83,706.38,552704.0,706.932044
2026-08-24T20:35:06.234,7,10,QQQ260903C00515000,QQQ,2026-09-03,call,515.0,193.18,12.0,194.62,1.0,193.9,,,,,,,,,2026-08-24,709.625,709.65,702.83,706.38,552704.0,706.932044
2026-08-24T20:35:06.234,7,10,QQQ260903C00520000,QQQ,2026-09-03,call,520.0,188.28,10.0,189.55,1.0,188.91500000000002,,,,,,,,,2026-08-24,709.625,709.65,702.83,706.38,552704.0,706.932044
2026-08-24T20:35:06.234,7,10,QQQ260903C00525000,QQQ,2026-09-03,call,525.0,183.7,12.0,186.76,2.0,185.23,,,,,,,,,2026-08-24,709.625,709.65,702.83,706.38,552704.0,706.932044
2026-08-24T20:35:06.234,7,10,QQQ260903C00530000,QQQ,2026-09-03,call,530.0,178.29,1.0,181.72,1.0,180.005,,,,,,,,,2026-08-24,709.625,709.65,702.83,706.38,552704.0,706.932044
2026-08-24T20:35:06.234,7,10,QQQ260903C00535000,QQQ,2026-09-03,call,535.0,172.46,12.0,174.47,2.0,173.465,,,0.9901,0.9626,0.0007,-0.5231,0.0954,0.1387,2026-08-24,709.625,709.65,702.83,706.38,552704.0,706.932044
2026-08-24T20:35:06.234,7,10,QQQ260903C00540000,QQQ,2026-09-03,call,540.0,162.6,10.0,168.55,1.0,165.575,,,,,,,,,2026-08-24,709.625,709.65,702.83,706.38,552704.0,706.932044
2026-08-24T20:35:06.234,7,10,QQQ260903C00545000,QQQ,2026-09-03,call,545.0,161.61,15.0,166.92,10.0,164.265,,,,,,,,,2026-08-24,709.625,709.65,702.83,706.38,552704.0,706.932044
2026-08-24T20:35:06.234,7,10,QQQ260903C00550000,QQQ,2026-09-03,call,550.0,153.91,10.0,157.81,1.0,155.86,,,,,,,,,2026-08-24,709.625,709.65,702.83,706.38,552704.0,706.932044
2026-08-24T20:35:06.234,7,10,QQQ260903C00555000,QQQ,2026-09-03,call,555.0,151.01,2.0,152.61,1.0,151.81,,,0.606,0.9931,0.0003,-0.1234,0.0226,0.1505,2026-08-24,709.625,709.65,702.83,706.38,552704.0,706.932044
2026-08-24T20:35:06.234,7,10,QQQ260903C00560000,QQQ,2026-09-03,call,560.0,147.78,10.0,151.53,10.0,149.655,,,0.9489,0.9407,0.0011,-0.7058,0.1379,0.141,2026-08-24,709.625,709.65,702.83,706.38,552704.0,706.932044
2026-08-24T20:35:06.234,7,10,QQQ260903C00565000,QQQ,2026-09-03,call,565.0,138.27,12.0,142.97,1.0,140.62,,,,,,,,,2026-08-24,709.625,709.65,702.83,706.38,552704.0,706.932044
2026-08-24T20:35:06.234,7,10,QQQ260903C00570000,QQQ,2026-09-03,call,570.0,133.32,1.0,138.01,1.0,135.665,,,,,,,,,2026-08-24,709.625,709.65,702.83,706.38,552704.0,706.932044
2026-08-24T20:35:06.234,7,10,QQQ260903C00575000,QQQ,2026-09-03,call,575.0,133.14,10.0,135.06,2.0,134.1,,,0.8217,0.9436,0.0012,-0.5983,0.1327,0.1458,2026-08-24,709.625,709.65,702.83,706.38,552704.0,706.932044
2026-08-24T20:35:06.234,7,10,QQQ260903C00580000,QQQ,2026-09-03,call,580.0,124.42,10.0,130.039,1.0,127.2295,,,0.6013,0.9791,0.0007,-0.2327,0.0586,0.1546,2026-08-24,709.625,709.65,702.83,706.38,552704.0,706.932044
2026-08-24T20:35:06.234,7,10,QQQ260903C00585000,QQQ,2026-09-03,call,585.0,122.28,10.0,123.7,1.0,122.99000000000001,,,0.6731,0.9602,0.0011,-0.393,0.1003,0.1521,2026-08-24,709.625,709.65,702.83,706.38,552704.0,706.932044
2026-08-24T20:35:06.234,7,10,QQQ260903C00590000,QQQ,2026-09-03,call,590.0,117.8,2.0,118.4,10.0,118.1,,,0.6581,0.9566,0.0012,-0.4097,0.1076,0.1527,2026-08-24,709.625,709.65,702.83,706.38,552704.0,706.932044
2026-08-24T20:35:06.234,7,10,QQQ260903C00595000,QQQ,2026-09-03,call,595.0,112.51,1.0,114.22,1.0,113.36500000000001,,,0.6553,0.9497,0.0014,-0.4527,0.1212,0.1527,2026-08-24,709.625,709.65,702.83,706.38,552704.0,706.932044
2026-08-24T20:35:06.234,7,10,QQQ260903C00600000,QQQ,2026-09-03,call,600.0,104.78,2.0,107.41,1.0,106.095,,,,,,,,,2026-08-24,709.625,709.65,702.83,706.38,552704.0,706.932044
2026-08-24T20:35:06.234,7,10,QQQ260903C00605000,QQQ,2026-09-03,call,605.0,99.42,2.0,103.25,1.0,101.33500000000001,,,,,,,,,2026-08-24,709.625,709.65,702.83,706.38,552704.0,706.932044
2026-08-24T20:35:06.234,7,10,QQQ260903C00610000,QQQ,2026-09-03,call,610.0,94.85,2.0,100.55,1.0,97.69999999999999,,,0.5196,0.9604,0.0014,-0.3176,0.0999,0.159,2026-08-24,709.625,709.65,702.83,706.38,552704.0,706.932044
2026-08-24T20:35:06.234,7,10,QQQ260903C00615000,QQQ,2026-09-03,call,615.0,91.93,2.0,95.19,1.0,93.56,,,0.565,0.9375,0.0019,-0.4627,0.1437,0.1557,2026-08-24,709.625,709.65,702.83,706.38,552704.0,706.932044
2026-08-24T20:35:06.234,7,10,QQQ260903C00620000,QQQ,2026-09-03,call,620.0,84.53,2.0,88.84,1.0,86.685,,,,,,,,,2026-08-24,709.625,709.65,702.83,706.38,552704.0,706.932044
2026-08-24T20:35:06.234,7,10,QQQ260903C00625000,QQQ,2026-09-03,call,625.0,81.25,2.0,84.81,1.0,83.03,,,0.4748,0.9457,0.002,-0.364,0.1287,0.1602,2026-08-24,709.625,709.65,702.83,706.38,552704.0,706.932044
2026-08-24T20:35:06.234,7,10,QQQ260903C00630000,QQQ,2026-09-03,call,630.0,74.72,10.0,79.87,1.0,77.295,,,0.3823,0.9678,0.0016,-0.2217,0.0843,0.166,2026-08-24,709.625,709.65,702.83,706.38,552704.0,706.932044
2026-08-24T20:35:06.234,7,10,QQQ260903C00635000,QQQ,2026-09-03,call,635.0,72.04,10.0,75.72,1.0,73.88,,,0.4785,0.918,0.0027,-0.4808,0.1769,0.1574,2026-08-24,709.625,709.65,702.83,706.38,552704.0,706.932044
2026-08-24T20:35:06.234,7,10,QQQ260903C00640000,QQQ,2026-09-03,call,640.0,66.09,10.0,70.57,1.0,68.33,,,0.4194,0.9285,0.0028,-0.3933,0.1595,0.1609,2026-08-24,709.625,709.65,702.83,706.38,552704.0,706.932044
2026-08-24T20:35:06.234,7,10,QQQ260903C00645000,QQQ,2026-09-03,call,645.0,61.48,10.0,65.81,10.0,63.644999999999996,,,0.4118,0.9157,0.0032,-0.4305,0.1808,0.1597,2026-08-24,709.625,709.65,702.83,706.38,552704.0,706.932044
2026-08-24T20:35:06.234,7,10,QQQ260903C00650000,QQQ,2026-09-03,call,650.0,55.06,2.0,58.67,1.0,56.865,,,0.2299,0.9868,0.0013,-0.1095,0.0396,0.1753,2026-08-24,709.625,709.65,702.83,706.38,552704.0,706.932044
2026-08-24T20:35:06.234,7,10,QQQ260903C00655000,QQQ,2026-09-03,call,655.0,50.77,1.0,55.68,10.0,53.225,,,0.3357,0.9188,0.0038,-0.3544,0.1756,0.1632,2026-08-24,709.625,709.65,702.83,706.38,552704.0,706.932044
2026-08-24T20:35:06.234,7,10,QQQ260903C00660000,QQQ,2026-09-03,call,660.0,45.67,10.0,50.16,1.0,47.915,,,0.2921,0.9252,0.0041,-0.3017,0.1651,0.1659,2026-08-24,709.625,709.65,702.83,706.38,552704.0,706.932044
2026-08-24T20:35:06.234,7,10,QQQ260903C00665000,QQQ,2026-09-03,call,665.0,41.64,10.0,46.03,10.0,43.835,,,0.3127,0.8856,0.0053,-0.4114,0.2259,0.1593,2026-08-24,709.625,709.65,702.83,706.38,552704.0,706.932044
2026-08-24T20:35:06.234,7,10,QQQ260903C00668000,QQQ,2026-09-03,call,668.0,39.28,10.0,42.11,1.0,40.695,,,0.2899,0.8851,0.0057,-0.3871,0.2268,0.1601,2026-08-24,709.625,709.65,702.83,706.38,552704.0,706.932044
2026-08-24T20:35:06.234,7,10,QQQ260903C00669000,QQQ,2026-09-03,call,669.0,37.9,10.0,42.02,2.0,39.96,,,0.2956,0.8745,0.006,-0.4144,0.2413,0.1582,2026-08-24,709.625,709.65,702.83,706.38,552704.0,706.932044
2026-08-24T20:35:06.234,7,10,QQQ260903C00670000,QQQ,2026-09-03,call,670.0,36.19,10.0,39.65,1.0,37.92,39.4,2.0,0.2418,0.9124,0.0056,-0.2855,0.186,0.1661,2026-08-24,709.625,709.65,702.83,706.38,552704.0,706.932044
2026-08-24T20:35:06.234,7,10,QQQ260903C00671000,QQQ,2026-09-03,call,671.0,36.5,1.0,39.09,1.0,37.795,,,0.2774,0.8759,0.0063,-0.3901,0.2393,0.1591,2026-08-24,709.625,709.65,702.83,706.38,552704.0,706.932044
2026-08-24T20:35:06.234,7,10,QQQ260903C00672000,QQQ,2026-09-03,call,672.0,35.0,10.0,38.94,1.0,36.97,,,0.2789,0.8679,0.0066,-0.4061,0.2499,0.1578,2026-08-24,709.625,709.65,702.83,706.38,552704.0,706.932044
2026-08-24T20:35:06.234,7,10,QQQ260903C00673000,QQQ,2026-09-03,call,673.0,33.74,4.0,38.2,1.0,35.97,,,0.2732,0.8657,0.0068,-0.4029,0.2529,0.1576,2026-08-24,709.625,709.65,702.83,706.38,552704.0,706.932044
2026-08-24T20:35:06.234,7,10,QQQ260903C00674000,QQQ,2026-09-03,call,674.0,32.74,10.0,36.23,1.0,34.485,,,0.2476,0.881,0.0069,-0.3465,0.2324,0.161,2026-08-24,709.625,709.65,702.83,706.38,552704.0,706.932044
2026-08-24T20:35:06.234,7,10,QQQ260903C00675000,QQQ,2026-09-03,call,675.0,33.06,1.0,35.2,4.0,34.13,,,0.2677,0.8556,0.0073,-0.4126,0.2656,0.1562,2026-08-24,709.625,709.65,702.83,706.38,552704.0,706.932044
2026-08-24T20:35:06.234,7,10,QQQ260903C00676000,QQQ,2026-09-03,call,676.0,32.56,4.0,35.51,4.0,34.035,,,0.2937,0.8266,0.0075,-0.4947,0.2995,0.1506,2026-08-24,709.625,709.65,702.83,706.38,552704.0,706.932044
2026-08-24T20:35:06.234,7,10,QQQ260903C00677000,QQQ,2026-09-03,call,677.0,31.1,9.0,34.54,4.0,32.82,,,0.2802,0.8294,0.0077,-0.4706,0.2964,0.1515,2026-08-24,709.625,709.65,702.83,706.38,552704.0,706.932044
2026-08-24T20:35:06.234,7,10,QQQ260903C00678000,QQQ,2026-09-03,call,678.0,30.38,14.0,32.68,24.0,31.53,,,0.2642,0.8347,0.008,-0.4394,0.2904,0.1528,2026-08-24,709.625,709.65,702.83,706.38,552704.0,706.932044
2026-08-24T20:35:06.234,7,10,QQQ260903C00679000,QQQ,2026-09-03,call,679.0,30.17,14.0,32.11,24.0,31.14,,,0.2782,0.8144,0.0082,-0.4891,0.3126,0.149,2026-08-24,709.625,709.65,702.83,706.38,552704.0,706.932044
2026-08-24T20:35:06.234,7,10,QQQ260903C00680000,QQQ,2026-09-03,call,680.0,28.81,2.0,31.47,2.0,30.14,30.66,2.0,0.2718,0.811,0.0085,-0.4839,0.3161,0.1486,2026-08-24,709.625,709.65,702.83,706.38,552704.0,706.932044
2026-08-24T20:35:06.234,7,10,QQQ260903C00681000,QQQ,2026-09-03,call,681.0,26.81,1.0,30.48,2.0,28.645,,,0.2496,0.8214,0.009,-0.4359,0.3052,0.1511,2026-08-24,709.625,709.65,702.83,706.38,552704.0,706.932044
2026-08-24T20:35:06.234,7,10,QQQ260903C00682000,QQQ,2026-09-03,call,682.0,25.75,1.0,29.93,1.0,27.84,,,0.2495,0.812,0.0092,-0.4477,0.3151,0.1495,2026-08-24,709.625,709.65,702.83,706.38,552704.0,706.932044
2026-08-24T20:35:06.234,7,10,QQQ260903C00683000,QQQ,2026-09-03,call,683.0,24.48,10.0,28.61,9.0,26.545,,,0.2338,0.8171,0.0097,-0.4172,0.3098,0.1508,2026-08-24,709.625,709.65,702.83,706.38,552704.0,706.932044
2026-08-24T20:35:06.234,7,10,QQQ260903C00684000,QQQ,2026-09-03,call,684.0,23.69,10.0,27.38,9.0,25.535,,,0.2272,0.8134,0.0101,-0.4111,0.3136,0.1504,2026-08-24,709.625,709.65,702.83,706.38,552704.0,706.932044
2026-08-24T20:35:06.234,7,10,QQQ260903C00685000,QQQ,2026-09-03,call,685.0,24.44,4.0,26.49,92.0,25.465,26.23,4.0,0.2489,0.7826,0.0101,-0.4805,0.3437,0.1444,2026-08-24,709.625,709.65,702.83,706.38,552704.0,706.932044
2026-08-24T20:35:06.234,7,10,QQQ260903C00686000,QQQ,2026-09-03,call,686.0,22.27,10.0,26.17,1.0,24.22,,,0.2351,0.7843,0.0107,-0.4551,0.3421,0.1451,2026-08-24,709.625,709.65,702.83,706.38,552704.0,706.932044
2026-08-24T20:35:06.234,7,10,QQQ260903C00687000,QQQ,2026-09-03,call,687.0,21.4,10.0,25.48,1.0,23.439999999999998,,,0.2347,0.7736,0.011,-0.4651,0.3518,0.1432,2026-08-24,709.625,709.65,702.83,706.38,552704.0,706.932044
2026-08-24T20:35:06.234,7,10,QQQ260903C00688000,QQQ,2026-09-03,call,688.0,20.83,1.0,24.62,1.0,22.725,,,0.2358,0.7612,0.0112,-0.4787,0.3624,0.141,2026-08-24,709.625,709.65,702.83,706.38,552704.0,706.932044
2026-08-24T20:35:06.234,7,10,QQQ260903C00689000,QQQ,2026-09-03,call,689.0,20.38,2.0,23.88,2.0,22.13,,,0.2398,0.7462,0.0114,-0.4993,0.3744,0.1383,2026-08-24,709.625,709.65,702.83,706.38,552704.0,706.932044
2026-08-24T20:35:06.234,7,10,QQQ260903C00690000,QQQ,2026-09-03,call,690.0,18.58,10.0,22.82,1.0,20.7,26.11,1.0,0.2211,0.7503,0.0123,-0.4613,0.3712,0.1395,2026-08-24,709.625,709.65,702.83,706.38,552704.0,706.932044
2026-08-24T20:35:06.234,7,10,QQQ260903C00691000,QQQ,2026-09-03,call,691.0,17.81,2.0,22.45,5.0,20.13,,,0.2253,0.7339,0.0125,-0.482,0.3836,0.1365,2026-08-24,709.625,709.65,702.83,706.38,552704.0,706.932044
2026-08-24T20:35:06.234,7,10,QQQ260903C00692000,QQQ,2026-09-03,call,692.0,17.46,1.0,21.12,1.0,19.29,,,0.2221,0.7237,0.0129,-0.4833,0.3909,0.1347,2026-08-24,709.625,709.65,702.83,706.38,552704.0,706.932044
2026-08-24T20:35:06.234,7,10,QQQ260903C00693000,QQQ,2026-09-03,call,693.0,17.83,11.0,20.74,10.0,19.284999999999997,,,0.2394,0.6975,0.0125,-0.5356,0.4079,0.1296,2026-08-24,709.625,709.65,702.83,706.38,552704.0,706.932044
2026-08-24T20:35:06.234,7,10,QQQ260903C00694000,QQQ,2026-09-03,call,694.0,17.28,16.0,19.75,47.0,18.515,18.29,5.0,0.2372,0.6862,0.0128,-0.5382,0.4145,0.1277,2026-08-24,709.625,709.65,702.83,706.38,552704.0,706.932044
2026-08-24T20:35:06.234,7,10,QQQ260903C00695000,QQQ,2026-09-03,call,695.0,16.49,4.0,16.72,4.0,16.604999999999997,18.19,4.0,0.2073,0.6942,0.0145,-0.4721,0.4099,0.1297,2026-08-24,709.625,709.65,702.83,706.38,552704.0,706.932044
2026-08-24T20:35:06.234,7,10,QQQ260903C00696000,QQQ,2026-09-03,call,696.0,16.3,2.0,16.42,2.0,16.36,,,0.2175,0.6721,0.0142,-0.5048,0.4222,0.1255,2026-08-24,709.625,709.65,702.83,706.38,552704.0,706.932044
2026-08-24T20:35:06.234,7,10,QQQ260903C00697000,QQQ,2026-09-03,call,697.0,15.26,4.0,15.36,11.0,15.309999999999999,15.81,20.0,0.2081,0.6636,0.015,-0.4891,0.4265,0.1242,2026-08-24,709.625,709.65,702.83,706.38,552704.0,706.932044
2026-08-24T20:35:06.234,7,10,QQQ260903C00698000,QQQ,2026-09-03,call,698.0,14.52,2.0,14.64,9.0,14.58,14.88,5.0,0.2061,0.6496,0.0154,-0.4907,0.4331,0.1217,2026-08-24,709.625,709.65,702.83,706.38,552704.0,706.932044
2026-08-24T20:35:06.234,7,10,QQQ260903C00699000,QQQ,2026-09-03,call,699.0,13.83,3.0,13.85,3.0,13.84,13.33,3.0,0.2036,0.6353,0.0158,-0.4905,0.4392,0.1191,2026-08-24,709.625,709.65,702.83,706.38,552704.0,706.932044
2026-08-24T20:35:06.234,7,10,QQQ260903C00700000,QQQ,2026-09-03,call,700.0,13.0,3.0,13.31,4.0,13.155000000000001,13.35,20.0,0.202,0.6201,0.0161,-0.4918,0.445,0.1164,2026-08-24,709.625,709.65,702.83,706.38,552704.0,706.932044
2026-08-24T20:35:06.234,7,10,QQQ260903C00701000,QQQ,2026-09-03,call,701.0,12.53,3.0,12.54,4.0,12.535,,,0.2015,0.604,0.0164,-0.4951,0.4503,0.1134,2026-08-24,709.625,709.65,702.83,706.38,552704.0,706.932044
2026-08-24T20:35:06.234,7,10,QQQ260903C00702000,QQQ,2026-09-03,call,702.0,11.94,7.0,12.17,14.0,12.055,13.48,5.0,0.2037,0.5866,0.0164,-0.504,0.4552,0.1102,2026-08-24,709.625,709.65,702.83,706.38,552704.0,706.932044
2026-08-24T20:35:06.234,7,10,QQQ260903C00703000,QQQ,2026-09-03,call,703.0,11.48,3.0,11.58,3.0,11.530000000000001,12.76,1.0,0.2046,0.5698,0.0164,-0.5087,0.4591,0.1071,2026-08-24,709.625,709.65,702.83,706.38,552704.0,706.932044
2026-08-24T20:35:06.234,7,10,QQQ260903C00704000,QQQ,2026-09-03,call,704.0,10.48,11.0,10.96,9.0,10.72,10.94,2.0,0.1989,0.5544,0.017,-0.4975,0.4619,0.1043,2026-08-24,709.625,709.65,702.83,706.38,552704.0,706.932044
2026-08-24T20:35:06.234,7,10,QQQ260903C00705000,QQQ,2026-09-03,call,705.0,10.01,95.0,10.11,6.0,10.059999999999999,10.25,2.0,0.1962,0.5377,0.0173,-0.4923,0.4642,0.1013,2026-08-24,709.625,709.65,702.83,706.38,552704.0,706.932044
2026-08-24T20:35:06.234,7,10,QQQ260903C00706000,QQQ,2026-09-03,call,706.0,9.46,11.0,9.57,50.0,9.515,9.66,3.0,0.1955,0.5203,0.0174,-0.4911,0.4656,0.0981,2026-08-24,709.625,709.65,702.83,706.38,552704.0,706.932044
2026-08-24T20:35:06.234,7,10,QQQ260903C00707000,QQQ,2026-09-03,call,707.0,8.81,8.0,8.99,5.0,8.9,9.07,5.0,0.193,0.5028,0.0177,-0.4846,0.4662,0.0948,2026-08-24,709.625,709.65,702.83,706.38,552704.0,706.932044
2026-08-24T20:35:06.234,7,10,QQQ260903C00708000,QQQ,2026-09-03,call,708.0,8.52,4.0,8.62,8.0,8.57,8.41,20.0,0.1963,0.4856,0.0174,-0.4907,0.466,0.0916,2026-08-24,709.625,709.65,702.83,706.38,552704.0,706.932044
2026-08-24T20:35:06.234,7,10,QQQ260903C00709000,QQQ,2026-09-03,call,709.0,7.73,29.0,8.08,5.0,7.905,8.039,5.0,0.1919,0.4673,0.0177,-0.4782,0.4647,0.0882,2026-08-24,709.625,709.65,702.83,706.38,552704.0,706.932044
2026-08-24T20:35:06.234,7,10,QQQ260903C00710000,QQQ,2026-09-03,call,710.0,7.26,4.0,7.32,15.0,7.29,7.53,3.0,0.1883,0.4485,0.018,-0.4662,0.4624,0.0848,2026-08-24,709.625,709.65,702.83,706.38,552704.0,706.932044
2026-08-24T20:35:06.234,7,10,QQQ260903C00711000,QQQ,2026-09-03,call,711.0,6.72,4.0,6.89,14.0,6.805,7.69,2.0,0.187,0.4301,0.018,-0.4589,0.4591,0.0813,2026-08-24,709.625,709.65,702.83,706.38,552704.0,706.932044
2026-08-24T20:35:06.234,7,10,QQQ260903C00712000,QQQ,2026-09-03,call,712.0,6.45,70.0,6.52,16.0,6.484999999999999,7.21,9.0,0.189,0.4134,0.0176,-0.4586,0.4552,0.0782,2026-08-24,709.625,709.65,702.83,706.38,552704.0,706.932044
2026-08-24T20:35:06.234,7,10,QQQ260903C00713000,QQQ,2026-09-03,call,713.0,5.89,23.0,5.91,23.0,5.9,6.04,1.0,0.1847,0.3933,0.0178,-0.4422,0.4495,0.0745,2026-08-24,709.625,709.65,702.83,706.38,552704.0,706.932044
2026-08-24T20:35:06.234,7,10,QQQ260903C00714000,QQQ,2026-09-03,call,714.0,5.55,3.0,5.66,31.0,5.605,4.99,5.0,0.1864,0.3771,0.0174,-0.4399,0.4439,0.0714,2026-08-24,709.625,709.65,702.83,706.38,552704.0,706.932044
2026-08-24T20:35:06.234,7,10,QQQ260903C00715000,QQQ,2026-09-03,call,715.0,5.18,40.0,5.27,45.0,5.225,5.24,1.0,0.1859,0.3595,0.0172,-0.4311,0.437,0.0681,2026-08-24,709.625,709.65,702.83,706.38,552704.0,706.932044
2026-08-24T20:35:06.234,7,10,QQQ260903C00716000,QQQ,2026-09-03,call,716.0,4.73,16.0,4.76,24.0,4.745,4.89,1.0,0.1826,0.3398,0.0172,-0.4144,0.4282,0.0644,2026-08-24,709.625,709.65,702.83,706.38,552704.0,706.932044
2026-08-24T20:35:06.234,7,10,QQQ260903C00717000,QQQ,2026-09-03,call,717.0,4.41,23.0,4.43,39.0,4.42,3.87,2.0,0.1825,0.323,0.0168,-0.4052,0.4196,0.0613,2026-08-24,709.625,709.65,702.83,706.38,552704.0,706.932044
2026-08-24T20:35:06.234,7,10,QQQ260903C00718000,QQQ,2026-09-03,call,718.0,3.97,5.0,4.019,6.0,3.9945000000000004,4.12,25.0,0.1795,0.3035,0.0167,-0.3877,0.4085,0.0576,2026-08-24,709.625,709.65,702.83,706.38,552704.0,706.932044
2026-08-24T20:35:06.234,7,10,QQQ260903C00719000,QQQ,2026-09-03,call,719.0,3.68,5.0,3.75,5.0,3.715,3.92,1.0,0.1796,0.2875,0.0162,-0.3778,0.3984,0.0546,2026-08-24,709.625,709.65,702.83,706.38,552704.0,706.932044
2026-08-24T20:35:06.234,7,10,QQQ260903C00720000,QQQ,2026-09-03,call,720.0,3.3,6.0,3.44,23.0,3.37,3.46,3.0,0.1777,0.2694,0.0159,-0.3617,0.386,0.0512,2026-08-24,709.625,709.65,702.83,706.38,552704.0,706.932044
2026-08-24T20:35:06.234,7,10,QQQ260903C00721000,QQQ,2026-09-03,call,721.0,3.02,4.0,3.07,22.0,3.045,3.34,1.0,0.1757,0.2516,0.0155,-0.3449,0.3727,0.0478,2026-08-24,709.625,709.65,702.83,706.38,552704.0,706.932044
2026-08-24T20:35:06.234,7,10,QQQ260903C00722000,QQQ,2026-09-03,call,722.0,2.81,25.0,2.83,19.0,2.8200000000000003,3.26,1.0,0.176,0.237,0.015,-0.334,0.3608,0.0451,2026-08-24,709.625,709.65,702.83,706.38,552704.0,706.932044
2026-08-24T20:35:06.234,7,10,QQQ260903C00723000,QQQ,2026-09-03,call,723.0,2.5,5.0,2.61,8.0,2.5549999999999997,2.91,1.0,0.1747,0.2209,0.0145,-0.3184,0.3468,0.042,2026-08-24,709.625,709.65,702.83,706.38,552704.0,706.932044
2026-08-24T20:35:06.234,7,10,QQQ260903C00724000,QQQ,2026-09-03,call,724.0,2.27,11.0,2.4,73.0,2.335,2.74,1.0,0.1743,0.2064,0.014,-0.3049,0.3334,0.0393,2026-08-24,709.625,709.65,702.83,706.38,552704.0,706.932044
2026-08-24T20:35:06.234,7,10,QQQ260903C00725000,QQQ,2026-09-03,call,725.0,2.1,5.0,2.11,42.0,2.105,2.14,2.0,0.1731,0.1913,0.0135,-0.2889,0.3185,0.0364,2026-08-24,709.625,709.65,702.83,706.38,552704.0,706.932044
2026-08-24T20:35:06.234,7,10,QQQ260903C00726000,QQQ,2026-09-03,call,726.0,1.84,6.0,1.9,12.0,1.87,2.18,4.0,0.1712,0.1757,0.0129,-0.2707,0.302,0.0335,2026-08-24,709.625,709.65,702.83,706.38,552704.0,706.932044
2026-08-24T20:35:06.234,7,10,QQQ260903C00727000,QQQ,2026-09-03,call,727.0,1.66,4.0,1.75,20.0,1.705,1.87,2.0,0.1711,0.1633,0.0123,-0.2579,0.2882,0.0311,2026-08-24,709.625,709.65,702.83,706.38,552704.0,706.932044
2026-08-24T20:35:06.234,7,10,QQQ260903C00728000,QQQ,2026-09-03,call,728.0,1.53,2.0,1.54,28.0,1.5350000000000001,1.71,1.0,0.1704,0.1506,0.0117,-0.2432,0.2732,0.0287,2026-08-24,709.625,709.65,702.83,706.38,552704.0,706.932044
2026-08-24T20:35:06.234,7,10,QQQ260903C00729000,QQQ,2026-09-03,call,729.0,1.37,15.0,1.38,31.0,1.375,1.76,1.0,0.1696,0.1383,0.0111,-0.2283,0.2579,0.0264,2026-08-24,709.625,709.65,702.83,706.38,552704.0,706.932044
2026-08-24T20:35:06.234,7,10,QQQ260903C00730000,QQQ,2026-09-03,call,730.0,1.23,3.0,1.27,81.0,1.25,1.3,2.0,0.1696,0.1279,0.0106,-0.2162,0.2444,0.0244,2026-08-24,709.625,709.65,702.83,706.38,552704.0,706.932044
2026-08-24T20:35:06.234,7,10,QQQ260903C00731000,QQQ,2026-09-03,call,731.0,1.05,3.0,1.13,26.0,1.0899999999999999,1.3,1.0,0.1678,0.1153,0.0099,-0.1987,0.2273,0.022,2026-08-24,709.625,709.65,702.83,706.38,552704.0,706.932044
2026-08-24T20:35:06.234,7,10,QQQ260903C00732000,QQQ,2026-09-03,call,732.0,0.93,81.0,1.01,99.0,0.97,1.08,5.0,0.1671,0.1051,0.0093,-0.1849,0.2126,0.0201,2026-08-24,709.625,709.65,702.83,706.38,552704.0,706.932044
2026-08-24T20:35:06.234,7,10,QQQ260903C00733000,QQQ,2026-09-03,call,733.0,0.82,36.0,0.85,29.0,0.835,0.88,2.0,0.1651,0.0937,0.0087,-0.1679,0.1955,0.0179,2026-08-24,709.625,709.65,702.83,706.38,552704.0,706.932044
2026-08-24T20:35:06.234,7,10,QQQ260903C00734000,QQQ,2026-09-03,call,734.0,0.76,68.0,0.79,36.0,0.775,0.77,1.0,0.1665,0.0874,0.0082,-0.1606,0.1857,0.0167,2026-08-24,709.625,709.65,702.83,706.38,552704.0,706.932044
2026-08-24T20:35:06.234,7,10,QQQ260903C00735000,QQQ,2026-09-03,call,735.0,0.67,40.0,0.7,34.0,0.685,0.72,1.0,0.1658,0.079,0.0076,-0.1482,0.1721,0.0151,2026-08-24,709.625,709.65,702.83,706.38,552704.0,706.932044
2026-08-24T20:35:06.234,7,10,QQQ260903C00736000,QQQ,2026-09-03,call,736.0,0.59,25.0,0.62,35.0,0.605,0.63,8.0,0.1653,0.0713,0.0071,-0.1366,0.1592,0.0136,2026-08-24,709.625,709.65,702.83,706.38,552704.0,706.932044
2026-08-24T20:35:06.234,7,10,QQQ260903C00737000,QQQ,2026-09-03,call,737.0,0.52,37.0,0.55,32.0,0.535,0.55,1.0,0.1649,0.0644,0.0065,-0.1258,0.1471,0.0123,2026-08-24,709.625,709.65,702.83,706.38,552704.0,706.932044
2026-08-24T20:35:06.234,7,10,QQQ260903C00738000,QQQ,2026-09-03,call,738.0,0.46,26.0,0.48,29.0,0.47,0.53,5.0,0.1644,0.0578,0.006,-0.1151,0.1351,0.011,2026-08-24,709.625,709.65,702.83,706.38,552704.0,706.932044
2026-08-24T20:35:06.234,7,10,QQQ260903C00739000,QQQ,2026-09-03,call,739.0,0.37,23.0,0.39,37.0,0.38,0.52,1.0,0.1613,0.0489,0.0054,-0.0989,0.1184,0.0094,2026-08-24,709.625,709.65,702.83,706.38,552704.0,706.932044
2026-08-24T20:35:06.234,7,10,QQQ260903C00740000,QQQ,2026-09-03,call,740.0,0.36,5.0,0.38,228.0,0.37,0.37,20.0,0.1643,0.047,0.0051,-0.0976,0.1148,0.009,2026-08-24,709.625,709.65,702.83,706.38,552704.0,706.932044
2026-08-24T20:35:06.234,7,10,QQQ260903C00741000,QQQ,2026-09-03,call,741.0,0.27,115.0,0.29,35.0,0.28,0.38,5.0,0.1596,0.0379,0.0044,-0.0795,0.0963,0.0072,2026-08-24,709.625,709.65,702.83,706.38,552704.0,706.932044
2026-08-24T20:35:06.234,7,10,QQQ260903C00742000,QQQ,2026-09-03,call,742.0,0.23,133.0,0.29,32.0,0.26,0.31,5.0,0.1611,0.0352,0.0041,-0.0755,0.0907,0.0067,2026-08-24,709.625,709.65,702.83,706.38,552704.0,706.932044
2026-08-24T20:35:06.234,7,10,QQQ260903C00743000,QQQ,2026-09-03,call,743.0,0.2,39.0,0.23,86.0,0.21500000000000002,0.27,5.0,0.1594,0.0301,0.0037,-0.0656,0.0797,0.0058,2026-08-24,709.625,709.65,702.83,706.38,552704.0,706.932044
2026-08-24T20:35:06.234,7,10,QQQ260903C00744000,QQQ,2026-09-03,call,744.0,0.21,55.0,0.24,345.0,0.22499999999999998,0.3,1.0,0.1642,0.0305,0.0036,-0.0683,0.0806,0.0058,2026-08-24,709.625,709.65,702.83,706.38,552704.0,706.932044
2026-08-24T20:35:06.234,7,10,QQQ260903C00745000,QQQ,2026-09-03,call,745.0,0.19,5.0,0.21,53.0,0.2,0.19,5.0,0.1645,0.0274,0.0033,-0.0627,0.0739,0.0053,2026-08-24,709.625,709.65,702.83,706.38,552704.0,706.932044
2026-08-24T20:35:06.234,7,10,QQQ260903C00746000,QQQ,2026-09-03,call,746.0,0.17,2.0,0.19,333.0,0.18,,,0.1651,0.0249,0.003,-0.058,0.0681,0.0048,2026-08-24,709.625,709.65,702.83,706.38,552704.0,706.932044
2026-08-24T20:35:06.234,7,10,QQQ260903C00747000,QQQ,2026-09-03,call,747.0,0.11,1.0,0.13,235.0,0.12,0.16,1.0,0.1585,0.018,0.0024,-0.0423,0.0518,0.0035,2026-08-24,709.625,709.65,702.83,706.38,552704.0,706.932044
2026-08-24T20:35:06.234,7,10,QQQ260903C00748000,QQQ,2026-09-03,call,748.0,0.09,51.0,0.15,102.0,0.12,,,0.1617,0.0177,0.0023,-0.0425,0.051,0.0034,2026-08-24,709.625,709.65,702.83,706.38,552704.0,706.932044
2026-08-24T20:35:06.234,7,10,QQQ260903C00749000,QQQ,2026-09-03,call,749.0,0.12,23.0,0.13,121.0,0.125,0.11,16.0,0.1659,0.018,0.0023,-0.0441,0.0516,0.0034,2026-08-24,709.625,709.65,702.83,706.38,552704.0,706.932044
2026-08-24T20:35:06.234,7,10,QQQ260903C00750000,QQQ,2026-09-03,call,750.0,0.1,88.0,0.12,150.0,0.11,0.16,35.0,0.1661,0.016,0.0021,-0.04,0.0468,0.0031,2026-08-24,709.625,709.65,702.83,706.38,552704.0,706.932044
2026-08-24T20:35:06.234,7,10,QQQ260903C00751000,QQQ,2026-09-03,call,751.0,0.05,94.0,0.11,49.0,0.08,0.09,10.0,0.1621,0.0123,0.0017,-0.0311,0.0373,0.0024,2026-08-24,709.625,709.65,702.83,706.38,552704.0,706.932044
2026-08-24T20:35:06.234,7,10,QQQ260903C00752000,QQQ,2026-09-03,call,752.0,0.08,51.0,0.11,157.0,0.095,0.09,5.0,0.169,0.0138,0.0018,-0.0358,0.0412,0.0026,2026-08-24,709.625,709.65,702.83,706.38,552704.0,706.932044
2026-08-24T20:35:06.234,7,10,QQQ260903C00753000,QQQ,2026-09-03,call,753.0,0.04,1.0,0.06,188.0,0.05,0.07,5.0,0.1585,0.0082,0.0012,-0.0213,0.0262,0.0016,2026-08-24,709.625,709.65,702.83,706.38,552704.0,706.932044
2026-08-24T20:35:06.234,7,10,QQQ260903C00754000,QQQ,2026-09-03,call,754.0,0.07,17.0,0.09,184.0,0.08,0.25,3.0,0.1712,0.0117,0.0015,-0.0314,0.0357,0.0022,2026-08-24,709.625,709.65,702.83,706.38,552704.0,706.932044
2026-08-24T20:35:06.234,7,10,QQQ260903C00755000,QQQ,2026-09-03,call,755.0,0.02,47.0,0.09,269.0,0.055,0.25,2.0,0.1662,0.0086,0.0012,-0.0232,0.0272,0.0016,2026-08-24,709.625,709.65,702.83,706.38,552704.0,706.932044
2026-08-24T20:35:06.234,7,10,QQQ260903C00756000,QQQ,2026-09-03,call,756.0,0.02,6.0,0.08,198.0,0.05,,,0.1672,0.0078,0.0011,-0.0215,0.0251,0.0015,2026-08-24,709.625,709.65,702.83,706.38,552704.0,706.932044
2026-08-24T20:35:06.234,7,10,QQQ260903C00757000,QQQ,2026-09-03,call,757.0,0.01,118.0,0.04,381.0,0.025,0.05,4.0,0.1574,0.0044,0.0007,-0.0121,0.015,0.0008,2026-08-24,709.625,709.65,702.83,706.38,552704.0,706.932044
2026-08-24T20:35:06.234,7,10,QQQ260903C00758000,QQQ,2026-09-03,call,758.0,0.05,47.0,0.08,643.0,0.065,0.05,4.0,0.1786,0.0093,0.0012,-0.0269,0.0294,0.0018,2026-08-24,709.625,709.65,702.83,706.38,552704.0,706.932044
2026-08-24T20:35:06.234,7,10,QQQ260903C00759000,QQQ,2026-09-03,call,759.0,0.05,3.0,0.07,440.0,0.060000000000000005,0.25,10.0,0.1797,0.0086,0.0011,-0.0252,0.0274,0.0017,2026-08-24,709.625,709.65,702.83,706.38,552704.0,706.932044
2026-08-24T20:35:06.234,7,10,QQQ260903C00760000,QQQ,2026-09-03,call,760.0,0.04,115.0,0.07,303.0,0.05500000000000001,0.03,20.0,0.1807,0.0079,0.001,-0.0236,0.0255,0.0015,2026-08-24,709.625,709.65,702.83,706.38,552704.0,706.932044
2026-08-24T20:35:06.234,7,10,QQQ260903C00761000,QQQ,2026-09-03,call,761.0,0.01,66.0,0.07,313.0,0.04,0.06,4.0,0.1769,0.0061,0.0008,-0.0182,0.02,0.0012,2026-08-24,709.625,709.65,702.83,706.38,552704.0,706.932044
2026-08-24T20:35:06.234,7,10,QQQ260903C00762000,QQQ,2026-09-03,call,762.0,0.01,36.0,0.03,485.0,0.02,0.03,3.0,0.1669,0.0034,0.0005,-0.0102,0.0119,0.0006,2026-08-24,709.625,709.65,702.83,706.38,552704.0,706.932044
2026-08-24T20:35:06.234,7,10,QQQ260903C00763000,QQQ,2026-09-03,call,763.0,0.01,6.0,0.02,440.0,0.015,0.05,1.0,0.1648,0.0026,0.0004,-0.008,0.0095,0.0005,2026-08-24,709.625,709.65,702.83,706.38,552704.0,706.932044
2026-08-24T20:35:06.234,7,10,QQQ260903C00764000,QQQ,2026-09-03,call,764.0,0.04,5.0,0.06,430.0,0.05,0.12,1.0,0.19,0.007,0.0009,-0.022,0.0227,0.0013,2026-08-24,709.625,709.65,702.83,706.38,552704.0,706.932044
2026-08-24T20:35:06.234,7,10,QQQ260903C00765000,QQQ,2026-09-03,call,765.0,0.01,5.0,0.02,264.0,0.015,0.02,5.0,0.1699,0.0026,0.0004,-0.008,0.0093,0.0005,2026-08-24,709.625,709.65,702.83,706.38,552704.0,706.932044
2026-08-24T20:35:06.234,7,10,QQQ260903C00766000,QQQ,2026-09-03,call,766.0,0.03,158.0,0.06,654.0,0.045,0.03,4.0,0.1932,0.0062,0.0008,-0.0203,0.0205,0.0012,2026-08-24,709.625,709.65,702.83,706.38,552704.0,706.932044
2026-08-24T20:35:06.234,7,10,QQQ260903C00767000,QQQ,2026-09-03,call,767.0,0.03,129.0,0.06,543.0,0.045,0.07,5.0,0.196,0.0062,0.0008,-0.0203,0.0203,0.0012,2026-08-24,709.625,709.65,702.83,706.38,552704.0,706.932044
2026-08-24T20:35:06.234,7,10,QQQ260903C00768000,QQQ,2026-09-03,call,768.0,0.01,74.0,0.02,232.0,0.015,0.09,1.0,0.1775,0.0025,0.0004,-0.0081,0.0089,0.0005,2026-08-24,709.625,709.65,702.83,706.38,552704.0,706.932044
2026-08-24T20:35:06.234,7,10,QQQ260903C00769000,QQQ,2026-09-03,call,769.0,0.01,75.0,0.02,186.0,0.015,0.07,1.0,0.18,0.0024,0.0004,-0.0081,0.0088,0.0005,2026-08-24,709.625,709.65,702.83,706.38,552704.0,706.932044
2026-08-24T20:35:06.234,7,10,QQQ260903C00770000,QQQ,2026-09-03,call,770.0,0.03,70.0,0.06,110.0,0.045,0.09,1.0,0.2042,0.0059,0.0007,-0.0205,0.0197,0.0011,2026-08-24,709.625,709.65,702.83,706.38,552704.0,706.932044
2026-08-24T20:35:06.234,7,10,QQQ260903C00775000,QQQ,2026-09-03,call,775.0,0.03,3.0,0.05,95.0,0.04,,,0.215,0.0051,0.0006,-0.0188,0.0171,0.001,2026-08-24,709.625,709.65,702.83,706.38,552704.0,706.932044
2026-08-24T20:35:06.234,7,10,QQQ260903C00780000,QQQ,2026-09-03,call,780.0,0.0,0.0,0.01,86.0,0.005,,,,,,,,,2026-08-24,709.625,709.65,702.83,706.38,552704.0,706.932044
2026-08-24T20:35:06.234,7,10,QQQ260903C00785000,QQQ,2026-09-03,call,785.0,0.0,0.0,0.05,163.0,0.025,0.04,2.0,,,,,,,2026-08-24,709.625,709.65,702.83,706.38,552704.0,706.932044
2026-08-24T20:35:06.234,7,10,QQQ260903C00790000,QQQ,2026-09-03,call,790.0,0.0,0.0,0.05,93.0,0.025,,,,,,,,,2026-08-24,709.625,709.65,702.83,706.38,552704.0,706.932044
2026-08-24T20:35:06.234,7,10,QQQ260903C00795000,QQQ,2026-09-03,call,795.0,0.0,0.0,0.01,177.0,0.005,,,,,,,,,2026-08-24,709.625,709.65,702.83,706.38,552704.0,706.932044
2026-08-24T20:35:06.234,7,10,QQQ260903C00800000,QQQ,2026-09-03,call,800.0,0.0,0.0,0.05,96.0,0.025,,,,,,,,,2026-08-24,709.625,709.65,702.83,706.38,552704.0,706.932044
2026-08-24T20:35:06.234,7,10,QQQ260903C00805000,QQQ,2026-09-03,call,805.0,0.0,0.0,0.05,86.0,0.025,,,,,,,,,2026-08-24,709.625,709.65,702.83,706.38,552704.0,706.932044
2026-08-24T20:35:06.234,7,10,QQQ260903C00810000,QQQ,2026-09-03,call,810.0,0.0,0.0,0.04,69.0,0.02,,,,,,,,,2026-08-24,709.625,709.65,702.83,706.38,552704.0,706.932044
2026-08-24T20:35:06.234,7,10,QQQ260903C00815000,QQQ,2026-09-03,call,815.0,0.0,0.0,0.01,84.0,0.005,,,,,,,,,2026-08-24,709.625,709.65,702.83,706.38,552704.0,706.932044
2026-08-24T20:35:06.234,7,10,QQQ260903C00820000,QQQ,2026-09-03,call,820.0,0.0,0.0,0.01,84.0,0.005,,,,,,,,,2026-08-24,709.625,709.65,702.83,706.38,552704.0,706.932044
2026-08-24T20:35:06.234,7,10,QQQ260903C00825000,QQQ,2026-09-03,call,825.0,0.0,0.0,0.01,86.0,0.005,,,,,,,,,2026-08-24,709.625,709.65,702.83,706.38,552704.0,706.932044
2026-08-24T20:35:06.234,7,10,QQQ260903C00830000,QQQ,2026-09-03,call,830.0,0.0,0.0,0.04,85.0,0.02,,,,,,,,,2026-08-24,709.625,709.65,702.83,706.38,552704.0,706.932044
2026-08-24T20:35:06.234,7,10,QQQ260903C00835000,QQQ,2026-09-03,call,835.0,0.0,0.0,0.01,75.0,0.005,,,,,,,,,2026-08-24,709.625,709.65,702.83,706.38,552704.0,706.932044
2026-08-24T20:35:06.234,7,10,QQQ260903C00840000,QQQ,2026-09-03,call,840.0,0.0,0.0,0.04,85.0,0.02,,,,,,,,,2026-08-24,709.625,709.65,702.83,706.38,552704.0,706.932044
2026-08-24T20:35:06.234,7,10,QQQ260903C00845000,QQQ,2026-09-03,call,845.0,0.0,0.0,0.04,86.0,0.02,,,,,,,,,2026-08-24,709.625,709.65,702.83,706.38,552704.0,706.932044
2026-08-24T20:35:06.234,7,10,QQQ260903C00850000,QQQ,2026-09-03,call,850.0,0.0,0.0,0.04,86.0,0.02,,,,,,,,,2026-08-24,709.625,709.65,702.83,706.38,552704.0,706.932044
2026-08-24T20:35:06.234,7,10,QQQ260903C00855000,QQQ,2026-09-03,call,855.0,0.0,0.0,0.01,86.0,0.005,,,,,,,,,2026-08-24,709.625,709.65,702.83,706.38,552704.0,706.932044
2026-08-24T20:35:06.234,7,10,QQQ260903C00860000,QQQ,2026-09-03,call,860.0,0.0,0.0,0.01,102.0,0.005,,,,,,,,,2026-08-24,709.625,709.65,702.83,706.38,552704.0,706.932044
2026-08-24T20:35:06.234,7,10,QQQ260903C00865000,QQQ,2026-09-03,call,865.0,0.0,0.0,0.04,146.0,0.02,,,,,,,,,2026-08-24,709.625,709.65,702.83,706.38,552704.0,706.932044
2026-08-24T20:35:06.234,7,10,QQQ260903C00870000,QQQ,2026-09-03,call,870.0,0.0,0.0,0.01,141.0,0.005,,,,,,,,,2026-08-24,709.625,709.65,702.83,706.38,552704.0,706.932044
2026-08-24T20:35:06.234,7,10,QQQ260903C00875000,QQQ,2026-09-03,call,875.0,0.0,0.0,0.04,87.0,0.02,,,,,,,,,2026-08-24,709.625,709.65,702.83,706.38,552704.0,706.932044
2026-08-24T20:35:06.234,7,10,QQQ260903C00880000,QQQ,2026-09-03,call,880.0,0.0,0.0,0.04,62.0,0.02,,,,,,,,,2026-08-24,709.625,709.65,702.83,706.38,552704.0,706.932044
2026-08-24T20:35:06.234,7,10,QQQ260903C00885000,QQQ,2026-09-03,call,885.0,0.0,0.0,0.01,88.0,0.005,,,,,,,,,2026-08-24,709.625,709.65,702.83,706.38,552704.0,706.932044
2026-08-24T20:35:06.234,7,10,QQQ260903C00890000,QQQ,2026-09-03,call,890.0,0.0,0.0,0.01,88.0,0.005,,,,,,,,,2026-08-24,709.625,709.65,702.83,706.38,552704.0,706.932044
2026-08-24T20:35:06.234,7,10,QQQ260903C00895000,QQQ,2026-09-03,call,895.0,0.0,0.0,0.04,64.0,0.02,,,,,,,,,2026-08-24,709.625,709.65,702.83,706.38,552704.0,706.932044
2026-08-24T20:35:06.234,7,10,QQQ260903C00900000,QQQ,2026-09-03,call,900.0,0.0,0.0,0.04,89.0,0.02,,,,,,,,,2026-08-24,709.625,709.65,702.83,706.38,552704.0,706.932044
2026-08-24T20:35:06.234,7,10,QQQ260903C00905000,QQQ,2026-09-03,call,905.0,0.0,0.0,0.01,116.0,0.005,,,,,,,,,2026-08-24,709.625,709.65,702.83,706.38,552704.0,706.932044
2026-08-24T20:35:06.234,7,10,QQQ260903C00910000,QQQ,2026-09-03,call,910.0,0.0,0.0,0.04,139.0,0.02,,,,,,,,,2026-08-24,709.625,709.65,702.83,706.38,552704.0,706.932044
2026-08-24T20:35:06.234,7,10,QQQ260903C00915000,QQQ,2026-09-03,call,915.0,0.0,0.0,0.04,109.0,0.02,,,,,,,,,2026-08-24,709.625,709.65,702.83,706.38,552704.0,706.932044
2026-08-24T20:35:06.234,7,10,QQQ260903C00920000,QQQ,2026-09-03,call,920.0,0.0,0.0,0.04,140.0,0.02,,,,,,,,,2026-08-24,709.625,709.65,702.83,706.38,552704.0,706.932044
2026-08-24T20:35:06.234,7,10,QQQ260903C00925000,QQQ,2026-09-03,call,925.0,0.0,0.0,0.04,92.0,0.02,,,,,,,,,2026-08-24,709.625,709.65,702.83,706.38,552704.0,706.932044
2026-08-24T20:35:06.234,7,10,QQQ260903C00930000,QQQ,2026-09-03,call,930.0,0.0,0.0,0.01,93.0,0.005,,,,,,,,,2026-08-24,709.625,709.65,702.83,706.38,552704.0,706.932044
2026-08-24T20:35:06.234,7,10,QQQ260903C00935000,QQQ,2026-09-03,call,935.0,0.0,0.0,0.04,94.0,0.02,,,,,,,,,2026-08-24,709.625,709.65,702.83,706.38,552704.0,706.932044
2026-08-24T20:35:06.234,7,10,QQQ260903C00940000,QQQ,2026-09-03,call,940.0,0.0,0.0,0.04,73.0,0.02,,,,,,,,,2026-08-24,709.625,709.65,702.83,706.38,552704.0,706.932044
2026-08-24T20:35:06.234,7,10,QQQ260903C00945000,QQQ,2026-09-03,call,945.0,0.0,0.0,0.04,142.0,0.02,,,,,,,,,2026-08-24,709.625,709.65,702.83,706.38,552704.0,706.932044
2026-08-24T20:35:06.234,7,10,QQQ260903C00950000,QQQ,2026-09-03,call,950.0,0.0,0.0,0.01,109.0,0.005,,,,,,,,,2026-08-24,709.625,709.65,702.83,706.38,552704.0,706.932044
2026-08-24T20:35:06.234,7,10,QQQ260903P00490000,QQQ,2026-09-03,put,490.0,0.01,145.0,0.03,111.0,0.02,0.03,5.0,0.7184,-0.0008,0.0,-0.012,0.0034,-0.0002,2026-08-24,709.625,709.65,702.83,706.38,552704.0,706.932044
2026-08-24T20:35:06.234,7,10,QQQ260903P00495000,QQQ,2026-09-03,put,495.0,0.04,166.0,0.07,118.0,0.05500000000000001,0.05,10.0,0.7658,-0.002,0.0001,-0.0286,0.0075,-0.0004,2026-08-24,709.625,709.65,702.83,706.38,552704.0,706.932044
2026-08-24T20:35:06.234,7,10,QQQ260903P00500000,QQQ,2026-09-03,put,500.0,0.05,83.0,0.08,204.0,0.065,0.04,50.0,,,,,,,2026-08-24,709.625,709.65,702.83,706.38,552704.0,706.932044
2026-08-24T20:35:06.234,7,10,QQQ260903P00505000,QQQ,2026-09-03,put,505.0,0.05,52.0,0.08,206.0,0.065,,,0.738,-0.0025,0.0001,-0.0327,0.0089,-0.0005,2026-08-24,709.625,709.65,702.83,706.38,552704.0,706.932044
2026-08-24T20:35:06.234,7,10,QQQ260903P00510000,QQQ,2026-09-03,put,510.0,0.05,122.0,0.08,861.0,0.065,0.03,1.0,0.7181,-0.0025,0.0001,-0.0326,0.0091,-0.0005,2026-08-24,709.625,709.65,702.83,706.38,552704.0,706.932044
2026-08-24T20:35:06.234,7,10,QQQ260903P00515000,QQQ,2026-09-03,put,515.0,0.05,186.0,0.08,715.0,0.065,0.04,19.0,0.6984,-0.0026,0.0001,-0.0325,0.0093,-0.0005,2026-08-24,709.625,709.65,702.83,706.38,552704.0,706.932044
2026-08-24T20:35:06.234,7,10,QQQ260903P00520000,QQQ,2026-09-03,put,520.0,0.02,20.0,0.05,220.0,0.035,,,0.6399,-0.0016,0.0001,-0.0191,0.006,-0.0003,2026-08-24,709.625,709.65,702.83,706.38,552704.0,706.932044
2026-08-24T20:35:06.234,7,10,QQQ260903P00525000,QQQ,2026-09-03,put,525.0,0.02,49.0,0.09,122.0,0.055,,,0.6486,-0.0024,0.0001,-0.0279,0.0087,-0.0005,2026-08-24,709.625,709.65,702.83,706.38,552704.0,706.932044
2026-08-24T20:35:06.234,7,10,QQQ260903P00530000,QQQ,2026-09-03,put,530.0,0.06,68.0,0.09,82.0,0.075,,,0.6496,-0.0032,0.0001,-0.0361,0.0112,-0.0006,2026-08-24,709.625,709.65,702.83,706.38,552704.0,706.932044
2026-08-24T20:35:06.234,7,10,QQQ260903P00535000,QQQ,2026-09-03,put,535.0,0.02,69.0,0.05,53.0,0.035,,,0.5851,-0.0017,0.0001,-0.0188,0.0065,-0.0003,2026-08-24,709.625,709.65,702.83,706.38,552704.0,706.932044
2026-08-24T20:35:06.234,7,10,QQQ260903P00540000,QQQ,2026-09-03,put,540.0,0.03,16.0,0.1,130.0,0.065,,,0.6022,-0.003,0.0001,-0.0317,0.0106,-0.0006,2026-08-24,709.625,709.65,702.83,706.38,552704.0,706.932044
2026-08-24T20:35:06.234,7,10,QQQ260903P00545000,QQQ,2026-09-03,put,545.0,0.07,50.0,0.1,73.0,0.085,,,0.5999,-0.0038,0.0002,-0.0396,0.0133,-0.0008,2026-08-24,709.625,709.65,702.83,706.38,552704.0,706.932044
2026-08-24T20:35:06.234,7,10,QQQ260903P00550000,QQQ,2026-09-03,put,550.0,0.07,68.0,0.1,80.0,0.085,,,0.5808,-0.0039,0.0002,-0.0394,0.0137,-0.0008,2026-08-24,709.625,709.65,702.83,706.38,552704.0,706.932044
2026-08-24T20:35:06.234,7,10,QQQ260903P00555000,QQQ,2026-09-03,put,555.0,0.03,370.0,0.1,123.0,0.065,0.1,1.0,0.5461,-0.0033,0.0002,-0.0313,0.0115,-0.0006,2026-08-24,709.625,709.65,702.83,706.38,552704.0,706.932044
2026-08-24T20:35:06.234,7,10,QQQ260903P00560000,QQQ,2026-09-03,put,560.0,0.04,72.0,0.11,139.0,0.075,,,0.5356,-0.0038,0.0002,-0.035,0.0132,-0.0008,2026-08-24,709.625,709.65,702.83,706.38,552704.0,706.932044
2026-08-24T20:35:06.234,7,10,QQQ260903P00565000,QQQ,2026-09-03,put,565.0,0.08,163.0,0.1,1.0,0.09,,,0.5274,-0.0045,0.0002,-0.0406,0.0155,-0.0009,2026-08-24,709.625,709.65,702.83,706.38,552704.0,706.932044
2026-08-24T20:35:06.234,7,10,QQQ260903P00570000,QQQ,2026-09-03,put,570.0,0.09,44.0,0.12,145.0,0.105,,,0.5175,-0.0053,0.0003,-0.0458,0.0179,-0.0011,2026-08-24,709.625,709.65,702.83,706.38,552704.0,706.932044
2026-08-24T20:35:06.234,7,10,QQQ260903P00575000,QQQ,2026-09-03,put,575.0,0.09,194.0,0.12,182.0,0.105,,,0.4986,-0.0055,0.0003,-0.0455,0.0184,-0.0011,2026-08-24,709.625,709.65,702.83,706.38,552704.0,706.932044
2026-08-24T20:35:06.234,7,10,QQQ260903P00580000,QQQ,2026-09-03,put,580.0,0.06,57.0,0.09,140.0,0.075,,,0.462,-0.0044,0.0002,-0.0342,0.0149,-0.0009,2026-08-24,709.625,709.65,702.83,706.38,552704.0,706.932044
2026-08-24T20:35:06.234,7,10,QQQ260903P00585000,QQQ,2026-09-03,put,585.0,0.06,217.0,0.09,209.0,0.075,,,0.4439,-0.0045,0.0003,-0.0339,0.0154,-0.0009,2026-08-24,709.625,709.65,702.83,706.38,552704.0,706.932044
2026-08-24T20:35:06.234,7,10,QQQ260903P00590000,QQQ,2026-09-03,put,590.0,0.07,226.0,0.1,223.0,0.085,,,0.4319,-0.0052,0.0003,-0.0374,0.0175,-0.001,2026-08-24,709.625,709.65,702.83,706.38,552704.0,706.932044
2026-08-24T20:35:06.234,7,10,QQQ260903P00595000,QQQ,2026-09-03,put,595.0,0.08,401.0,0.15,411.0,0.11499999999999999,0.13,220.0,0.4285,-0.0069,0.0004,-0.0476,0.0225,-0.0014,2026-08-24,709.625,709.65,702.83,706.38,552704.0,706.932044
2026-08-24T20:35:06.234,7,10,QQQ260903P00600000,QQQ,2026-09-03,put,600.0,0.09,352.0,0.12,248.0,0.105,0.19,1.0,0.4055,-0.0067,0.0004,-0.0438,0.0218,-0.0013,2026-08-24,709.625,709.65,702.83,706.38,552704.0,706.932044
2026-08-24T20:35:06.234,7,10,QQQ260903P00605000,QQQ,2026-09-03,put,605.0,0.14,232.0,0.17,237.0,0.15500000000000003,,,0.4063,-0.0095,0.0005,-0.0597,0.0297,-0.0019,2026-08-24,709.625,709.65,702.83,706.38,552704.0,706.932044
2026-08-24T20:35:06.234,7,10,QQQ260903P00610000,QQQ,2026-09-03,put,610.0,0.16,71.0,0.18,17.0,0.16999999999999998,,,0.392,-0.0107,0.0006,-0.0638,0.0329,-0.0021,2026-08-24,709.625,709.65,702.83,706.38,552704.0,706.932044
2026-08-24T20:35:06.234,7,10,QQQ260903P00615000,QQQ,2026-09-03,put,615.0,0.14,56.0,0.2,79.0,0.17,,,0.3729,-0.0112,0.0007,-0.0631,0.0343,-0.0022,2026-08-24,709.625,709.65,702.83,706.38,552704.0,706.932044
2026-08-24T20:35:06.234,7,10,QQQ260903P00620000,QQQ,2026-09-03,put,620.0,0.2,92.0,0.22,49.0,0.21000000000000002,0.21,5.0,0.3642,-0.0138,0.0008,-0.0739,0.0411,-0.0027,2026-08-24,709.625,709.65,702.83,706.38,552704.0,706.932044
2026-08-24T20:35:06.234,7,10,QQQ260903P00625000,QQQ,2026-09-03,put,625.0,0.22,227.0,0.25,154.0,0.235,0.22,1.0,0.3504,-0.0158,0.001,-0.0799,0.0462,-0.0031,2026-08-24,709.625,709.65,702.83,706.38,552704.0,706.932044
2026-08-24T20:35:06.234,7,10,QQQ260903P00630000,QQQ,2026-09-03,put,630.0,0.21,105.0,0.28,52.0,0.245,0.25,1.0,0.3327,-0.0172,0.0011,-0.0814,0.0497,-0.0034,2026-08-24,709.625,709.65,702.83,706.38,552704.0,706.932044
2026-08-24T20:35:06.234,7,10,QQQ260903P00635000,QQQ,2026-09-03,put,635.0,0.25,76.0,0.32,66.0,0.28500000000000003,0.34,1.0,0.3203,-0.0203,0.0013,-0.0904,0.0574,-0.004,2026-08-24,709.625,709.65,702.83,706.38,552704.0,706.932044
2026-08-24T20:35:06.234,7,10,QQQ260903P00640000,QQQ,2026-09-03,put,640.0,0.3,468.0,0.32,6.0,0.31,0.32,20.0,0.3042,-0.0229,0.0015,-0.095,0.0635,-0.0045,2026-08-24,709.625,709.65,702.83,706.38,552704.0,706.932044
2026-08-24T20:35:06.234,7,10,QQQ260903P00645000,QQQ,2026-09-03,put,645.0,0.41,53.0,0.43,5.0,0.42,0.41,3.0,0.2989,-0.0304,0.002,-0.1181,0.0805,-0.006,2026-08-24,709.625,709.65,702.83,706.38,552704.0,706.932044
2026-08-24T20:35:06.234,7,10,QQQ260903P00650000,QQQ,2026-09-03,put,650.0,0.46,113.0,0.47,1.0,0.46499999999999997,0.46,5.0,0.2829,-0.0349,0.0023,-0.1251,0.0902,-0.0069,2026-08-24,709.625,709.65,702.83,706.38,552704.0,706.932044
2026-08-24T20:35:06.234,7,10,QQQ260903P00655000,QQQ,2026-09-03,put,655.0,0.61,40.0,0.63,2.0,0.62,0.6,7.0,0.2763,-0.0458,0.003,-0.1519,0.1124,-0.009,2026-08-24,709.625,709.65,702.83,706.38,552704.0,706.932044
2026-08-24T20:35:06.234,7,10,QQQ260903P00660000,QQQ,2026-09-03,put,660.0,0.76,83.0,0.79,122.0,0.775,0.74,20.0,0.2661,-0.0573,0.0037,-0.1746,0.1344,-0.0113,2026-08-24,709.625,709.65,702.83,706.38,552704.0,706.932044
2026-08-24T20:35:06.234,7,10,QQQ260903P00665000,QQQ,2026-09-03,put,665.0,0.97,27.0,0.99,33.0,0.98,1.33,1.0,0.2562,-0.0723,0.0046,-0.2009,0.1609,-0.0143,2026-08-24,709.625,709.65,702.83,706.38,552704.0,706.932044
2026-08-24T20:35:06.234,7,10,QQQ260903P00668000,QQQ,2026-09-03,put,668.0,1.12,30.0,1.15,17.0,1.135,1.1,1.0,0.2505,-0.0834,0.0052,-0.2186,0.1794,-0.0165,2026-08-24,709.625,709.65,702.83,706.38,552704.0,706.932044
2026-08-24T20:35:06.234,7,10,QQQ260903P00669000,QQQ,2026-09-03,put,669.0,1.18,32.0,1.21,80.0,1.1949999999999998,1.04,1.0,0.2487,-0.0876,0.0055,-0.2251,0.1861,-0.0173,2026-08-24,709.625,709.65,702.83,706.38,552704.0,706.932044
2026-08-24T20:35:06.234,7,10,QQQ260903P00670000,QQQ,2026-09-03,put,670.0,1.2,33.0,1.23,26.0,1.2149999999999999,1.22,15.0,0.2447,-0.0901,0.0057,-0.2259,0.1899,-0.0178,2026-08-24,709.625,709.65,702.83,706.38,552704.0,706.932044
2026-08-24T20:35:06.234,7,10,QQQ260903P00671000,QQQ,2026-09-03,put,671.0,1.27,31.0,1.34,80.0,1.3050000000000002,1.12,1.0,0.2442,-0.0958,0.006,-0.2358,0.1987,-0.0189,2026-08-24,709.625,709.65,702.83,706.38,552704.0,706.932044
2026-08-24T20:35:06.234,7,10,QQQ260903P00672000,QQQ,2026-09-03,put,672.0,1.34,16.0,1.37,27.0,1.355,1.3,5.0,0.2415,-0.0998,0.0062,-0.2401,0.2048,-0.0197,2026-08-24,709.625,709.65,702.83,706.38,552704.0,706.932044
2026-08-24T20:35:06.234,7,10,QQQ260903P00673000,QQQ,2026-09-03,put,673.0,1.44,18.0,1.5,18.0,1.47,1.68,1.0,0.2417,-0.1066,0.0065,-0.2521,0.2149,-0.021,2026-08-24,709.625,709.65,702.83,706.38,552704.0,706.932044
2026-08-24T20:35:06.234,7,10,QQQ260903P00674000,QQQ,2026-09-03,put,674.0,1.52,30.0,1.55,14.0,1.5350000000000001,1.4,1.0,0.2394,-0.1114,0.0068,-0.2574,0.2218,-0.022,2026-08-24,709.625,709.65,702.83,706.38,552704.0,706.932044
2026-08-24T20:35:06.234,7,10,QQQ260903P00675000,QQQ,2026-09-03,put,675.0,1.6,31.0,1.63,10.0,1.615,1.54,1.0,0.2375,-0.1169,0.0071,-0.2642,0.2295,-0.0231,2026-08-24,709.625,709.65,702.83,706.38,552704.0,706.932044
2026-08-24T20:35:06.234,7,10,QQQ260903P00676000,QQQ,2026-09-03,put,676.0,1.69,13.0,1.73,2.0,1.71,1.65,10.0,0.2361,-0.1231,0.0074,-0.2722,0.2381,-0.0243,2026-08-24,709.625,709.65,702.83,706.38,552704.0,706.932044
2026-08-24T20:35:06.234,7,10,QQQ260903P00677000,QQQ,2026-09-03,put,677.0,1.79,15.0,1.86,15.0,1.8250000000000002,1.57,2.0,0.2353,-0.1302,0.0077,-0.2818,0.2475,-0.0257,2026-08-24,709.625,709.65,702.83,706.38,552704.0,706.932044
2026-08-24T20:35:06.234,7,10,QQQ260903P00678000,QQQ,2026-09-03,put,678.0,1.83,44.0,1.94,22.0,1.885,1.78,1.0,0.2321,-0.1352,0.008,-0.285,0.254,-0.0267,2026-08-24,709.625,709.65,702.83,706.38,552704.0,706.932044
2026-08-24T20:35:06.234,7,10,QQQ260903P00679000,QQQ,2026-09-03,put,679.0,1.93,40.0,1.99,8.0,1.96,1.73,1.0,0.2293,-0.1409,0.0083,-0.2894,0.2613,-0.0278,2026-08-24,709.625,709.65,702.83,706.38,552704.0,706.932044
2026-08-24T20:35:06.234,7,10,QQQ260903P00680000,QQQ,2026-09-03,put,680.0,2.09,39.0,2.14,8.0,2.115,2.029,1.0,0.2293,-0.1498,0.0087,-0.3014,0.2723,-0.0296,2026-08-24,709.625,709.65,702.83,706.38,552704.0,706.932044
2026-08-24T20:35:06.234,7,10,QQQ260903P00681000,QQQ,2026-09-03,put,681.0,2.15,73.0,2.26,4.0,2.205,2.12,10.0,0.2267,-0.1564,0.009,-0.3063,0.2801,-0.0309,2026-08-24,709.625,709.65,702.83,706.38,552704.0,706.932044
2026-08-24T20:35:06.234,7,10,QQQ260903P00682000,QQQ,2026-09-03,put,682.0,2.33,36.0,2.4,3.0,2.365,2.29,1.0,0.2264,-0.1656,0.0094,-0.3171,0.2907,-0.0327,2026-08-24,709.625,709.65,702.83,706.38,552704.0,706.932044
2026-08-24T20:35:06.234,7,10,QQQ260903P00683000,QQQ,2026-09-03,put,683.0,2.4,34.0,2.48,10.0,2.44,2.38,1.0,0.2229,-0.1719,0.0098,-0.3195,0.2978,-0.0339,2026-08-24,709.625,709.65,702.83,706.38,552704.0,706.932044
2026-08-24T20:35:06.234,7,10,QQQ260903P00684000,QQQ,2026-09-03,put,684.0,2.56,31.0,2.62,53.0,2.59,2.3,4.0,0.2217,-0.1809,0.0102,-0.328,0.3077,-0.0357,2026-08-24,709.625,709.65,702.83,706.38,552704.0,706.932044
2026-08-24T20:35:06.234,7,10,QQQ260903P00685000,QQQ,2026-09-03,put,685.0,2.76,10.0,2.82,5.0,2.79,2.66,1.0,0.2218,-0.1917,0.0105,-0.3399,0.3189,-0.0379,2026-08-24,709.625,709.65,702.83,706.38,552704.0,706.932044
2026-08-24T20:35:06.234,7,10,QQQ260903P00686000,QQQ,2026-09-03,put,686.0,2.92,25.0,2.98,2.0,2.95,2.46,2.0,0.2204,-0.2013,0.0109,-0.3474,0.3285,-0.0397,2026-08-24,709.625,709.65,702.83,706.38,552704.0,706.932044
2026-08-24T20:35:06.234,7,10,QQQ260903P00687000,QQQ,2026-09-03,put,687.0,3.06,28.0,3.07,2.0,3.065,2.7,1.0,0.2173,-0.2096,0.0113,-0.3505,0.3365,-0.0414,2026-08-24,709.625,709.65,702.83,706.38,552704.0,706.932044
2026-08-24T20:35:06.234,7,10,QQQ260903P00688000,QQQ,2026-09-03,put,688.0,3.17,10.0,3.22,3.0,3.1950000000000003,2.89,1.0,0.2146,-0.2187,0.0118,-0.3542,0.3448,-0.0432,2026-08-24,709.625,709.65,702.83,706.38,552704.0,706.932044
2026-08-24T20:35:06.234,7,10,QQQ260903P00689000,QQQ,2026-09-03,put,689.0,3.35,73.0,3.5,19.0,3.425,3.09,5.0,0.2144,-0.2308,0.0121,-0.3645,0.3555,-0.0456,2026-08-24,709.625,709.65,702.83,706.38,552704.0,706.932044
2026-08-24T20:35:06.234,7,10,QQQ260903P00690000,QQQ,2026-09-03,put,690.0,3.58,26.0,3.68,9.0,3.63,3.6,1.0,0.2132,-0.2423,0.0125,-0.3719,0.3652,-0.0479,2026-08-24,709.625,709.65,702.83,706.38,552704.0,706.932044
2026-08-24T20:35:06.234,7,10,QQQ260903P00691000,QQQ,2026-09-03,put,691.0,3.76,28.0,3.85,10.0,3.8049999999999997,4.26,1.0,0.211,-0.2531,0.013,-0.3761,0.3738,-0.05,2026-08-24,709.625,709.65,702.83,706.38,552704.0,706.932044
2026-08-24T20:35:06.234,7,10,QQQ260903P00692000,QQQ,2026-09-03,put,692.0,3.95,18.0,4.18,22.0,4.0649999999999995,3.49,1.0,0.2107,-0.2663,0.0133,-0.385,0.3837,-0.0526,2026-08-24,709.625,709.65,702.83,706.38,552704.0,706.932044
2026-08-24T20:35:06.234,7,10,QQQ260903P00693000,QQQ,2026-09-03,put,693.0,4.26,7.0,4.37,3.0,4.3149999999999995,4.14,20.0,0.2098,-0.2793,0.0137,-0.3921,0.3929,-0.0552,2026-08-24,709.625,709.65,702.83,706.38,552704.0,706.932044
2026-08-24T20:35:06.234,7,10,QQQ260903P00694000,QQQ,2026-09-03,put,694.0,4.51,20.0,4.57,2.0,4.54,3.8,12.0,0.208,-0.2919,0.0141,-0.3962,0.4013,-0.0577,2026-08-24,709.625,709.65,702.83,706.38,552704.0,706.932044
2026-08-24T20:35:06.234,7,10,QQQ260903P00695000,QQQ,2026-09-03,put,695.0,4.74,73.0,4.8,6.0,4.77,4.66,2.0,0.206,-0.3048,0.0145,-0.3996,0.4093,-0.0603,2026-08-24,709.625,709.65,702.83,706.38,552704.0,706.932044
2026-08-24T20:35:06.234,7,10,QQQ260903P00696000,QQQ,2026-09-03,put,696.0,5.08,18.0,5.15,2.0,5.115,4.85,20.0,0.2065,-0.3201,0.0148,-0.4085,0.418,-0.0633,2026-08-24,709.625,709.65,702.83,706.38,552704.0,706.932044
2026-08-24T20:35:06.234,7,10,QQQ260903P00697000,QQQ,2026-09-03,put,697.0,5.31,17.0,5.38,2.0,5.345,5.0,1.0,0.2039,-0.3335,0.0153,-0.4093,0.425,-0.066,2026-08-24,709.625,709.65,702.83,706.38,552704.0,706.932044
2026-08-24T20:35:06.234,7,10,QQQ260903P00698000,QQQ,2026-09-03,put,698.0,5.5,38.0,5.64,28.0,5.57,5.34,1.0,0.201,-0.3471,0.0157,-0.4086,0.4316,-0.0687,2026-08-24,709.625,709.65,702.83,706.38,552704.0,706.932044
2026-08-24T20:35:06.234,7,10,QQQ260903P00699000,QQQ,2026-09-03,put,699.0,5.84,6.0,6.07,12.0,5.955,5.36,8.0,0.2014,-0.3634,0.0159,-0.4154,0.4386,-0.0719,2026-08-24,709.625,709.65,702.83,706.38,552704.0,706.932044
2026-08-24T20:35:06.234,7,10,QQQ260903P00700000,QQQ,2026-09-03,put,700.0,6.24,33.0,6.32,71.0,6.28,6.15,1.0,0.2001,-0.3789,0.0163,-0.4173,0.4446,-0.075,2026-08-24,709.625,709.65,702.83,706.38,552704.0,706.932044
2026-08-24T20:35:06.234,7,10,QQQ260903P00701000,QQQ,2026-09-03,put,701.0,6.57,21.0,6.72,21.0,6.645,6.34,15.0,0.1993,-0.3951,0.0165,-0.4199,0.45,-0.0782,2026-08-24,709.625,709.65,702.83,706.38,552704.0,706.932044
2026-08-24T20:35:06.234,7,10,QQQ260903P00702000,QQQ,2026-09-03,put,702.0,6.73,14.0,7.0,16.0,6.865,6.84,7.0,0.195,-0.4102,0.0171,-0.4133,0.4544,-0.0812,2026-08-24,709.625,709.65,702.83,706.38,552704.0,706.932044
2026-08-24T20:35:06.234,7,10,QQQ260903P00703000,QQQ,2026-09-03,put,703.0,7.15,24.0,7.35,24.0,7.25,6.67,3.0,0.194,-0.4271,0.0173,-0.4138,0.4584,-0.0846,2026-08-24,709.625,709.65,702.83,706.38,552704.0,706.932044
2026-08-24T20:35:06.234,7,10,QQQ260903P00704000,QQQ,2026-09-03,put,704.0,7.5,22.0,7.76,1.0,7.63,7.51,1.0,0.1925,-0.4442,0.0176,-0.4123,0.4617,-0.088,2026-08-24,709.625,709.65,702.83,706.38,552704.0,706.932044
2026-08-24T20:35:06.234,7,10,QQQ260903P00705000,QQQ,2026-09-03,put,705.0,8.14,10.0,8.22,16.0,8.18,7.91,1.0,0.1943,-0.4621,0.0175,-0.4176,0.4641,-0.0916,2026-08-24,709.625,709.65,702.83,706.38,552704.0,706.932044
2026-08-24T20:35:06.234,7,10,QQQ260903P00706000,QQQ,2026-09-03,put,706.0,8.35,12.0,8.54,7.0,8.445,8.34,1.0,0.1896,-0.4794,0.018,-0.4068,0.4656,-0.0951,2026-08-24,709.625,709.65,702.83,706.38,552704.0,706.932044
2026-08-24T20:35:06.234,7,10,QQQ260903P00707000,QQQ,2026-09-03,put,707.0,9.01,5.0,9.11,11.0,9.059999999999999,7.69,4.0,0.1921,-0.4973,0.0178,-0.4118,0.4662,-0.0987,2026-08-24,709.625,709.65,702.83,706.38,552704.0,706.932044
2026-08-24T20:35:06.234,7,10,QQQ260903P00708000,QQQ,2026-09-03,put,708.0,9.21,23.0,9.32,4.0,9.265,9.2,3.0,0.1854,-0.516,0.0184,-0.3945,0.4659,-0.1024,2026-08-24,709.625,709.65,702.83,706.38,552704.0,706.932044
2026-08-24T20:35:06.234,7,10,QQQ260903P00709000,QQQ,2026-09-03,put,709.0,9.6,5.0,9.76,5.0,9.68,9.04,1.0,0.1828,-0.535,0.0186,-0.3857,0.4645,-0.1061,2026-08-24,709.625,709.65,702.83,706.38,552704.0,706.932044
2026-08-24T20:35:06.234,7,10,QQQ260903P00710000,QQQ,2026-09-03,put,710.0,10.48,9.0,10.6,34.0,10.54,10.17,2.0,0.1893,-0.5512,0.0179,-0.3978,0.4624,-0.1095,2026-08-24,709.625,709.65,702.83,706.38,552704.0,706.932044
2026-08-24T20:35:06.234,7,10,QQQ260903P00711000,QQQ,2026-09-03,put,711.0,10.65,4.0,10.76,3.0,10.705,10.41,1.0,0.1805,-0.5728,0.0186,-0.3722,0.4585,-0.1137,2026-08-24,709.625,709.65,702.83,706.38,552704.0,706.932044
2026-08-24T20:35:06.234,7,10,QQQ260903P00712000,QQQ,2026-09-03,put,712.0,11.54,6.0,11.65,16.0,11.594999999999999,10.64,3.0,0.187,-0.5876,0.0178,-0.3828,0.455,-0.1169,2026-08-24,709.625,709.65,702.83,706.38,552704.0,706.932044
2026-08-24T20:35:06.234,7,10,QQQ260903P00713000,QQQ,2026-09-03,put,713.0,11.72,4.0,11.83,15.0,11.775,11.26,6.0,0.1775,-0.6113,0.0185,-0.3532,0.448,-0.1215,2026-08-24,709.625,709.65,702.83,706.38,552704.0,706.932044
2026-08-24T20:35:06.234,7,10,QQQ260903P00714000,QQQ,2026-09-03,put,714.0,12.34,3.0,12.75,3.0,12.545,12.45,2.0,0.1806,-0.6271,0.0179,-0.354,0.4424,-0.1248,2026-08-24,709.625,709.65,702.83,706.38,552704.0,706.932044
2026-08-24T20:35:06.234,7,10,QQQ260903P00715000,QQQ,2026-09-03,put,715.0,12.86,3.0,13.3,4.0,13.08,12.9,2.0,0.1781,-0.6468,0.0179,-0.3397,0.4343,-0.1287,2026-08-24,709.625,709.65,702.83,706.38,552704.0,706.932044
2026-08-24T20:35:06.234,7,10,QQQ260903P00716000,QQQ,2026-09-03,put,716.0,13.71,4.0,13.74,16.0,13.725000000000001,13.65,2.0,0.1776,-0.6647,0.0176,-0.3299,0.4259,-0.1324,2026-08-24,709.625,709.65,702.83,706.38,552704.0,706.932044
2026-08-24T20:35:06.234,7,10,QQQ260903P00717000,QQQ,2026-09-03,put,717.0,14.46,4.0,14.66,2.0,14.56,11.97,5.0,0.1812,-0.6783,0.0169,-0.3302,0.4189,-0.1352,2026-08-24,709.625,709.65,702.83,706.38,552704.0,706.932044
2026-08-24T20:35:06.234,7,10,QQQ260903P00718000,QQQ,2026-09-03,put,718.0,14.86,71.0,15.27,21.0,15.065,15.0,2.0,0.1765,-0.6997,0.0169,-0.3079,0.4065,-0.1395,2026-08-24,709.625,709.65,702.83,706.38,552704.0,706.932044
2026-08-24T20:35:06.234,7,10,QQQ260903P00719000,QQQ,2026-09-03,put,719.0,13.86,7.0,17.55,7.0,15.705,14.89,1.0,0.1746,-0.7184,0.0165,-0.2921,0.3945,-0.1433,2026-08-24,709.625,709.65,702.83,706.38,552704.0,706.932044
2026-08-24T20:35:06.234,7,10,QQQ260903P00720000,QQQ,2026-09-03,put,720.0,15.91,94.0,16.54,95.0,16.225,18.49,1.0,0.1689,-0.7415,0.0164,-0.2652,0.378,-0.1479,2026-08-24,709.625,709.65,702.83,706.38,552704.0,706.932044
2026-08-24T20:35:06.234,7,10,QQQ260903P00721000,QQQ,2026-09-03,put,721.0,15.77,1.0,19.01,10.0,17.39,13.24,1.0,0.1799,-0.7432,0.0153,-0.2846,0.3767,-0.1485,2026-08-24,709.625,709.65,702.83,706.38,552704.0,706.932044
2026-08-24T20:35:06.234,7,10,QQQ260903P00722000,QQQ,2026-09-03,put,722.0,15.64,1.0,19.05,15.0,17.345,15.6,3.0,0.157,-0.7898,0.0157,-0.2071,0.337,-0.1575,2026-08-24,709.625,709.65,702.83,706.38,552704.0,706.932044
2026-08-24T20:35:06.234,7,10,QQQ260903P00723000,QQQ,2026-09-03,put,723.0,16.379,1.0,19.95,15.0,18.1645,,,0.1575,-0.8041,0.015,-0.1959,0.3231,-0.1605,2026-08-24,709.625,709.65,702.83,706.38,552704.0,706.932044
2026-08-24T20:35:06.234,7,10,QQQ260903P00724000,QQQ,2026-09-03,put,724.0,16.97,74.0,21.01,84.0,18.990000000000002,18.72,7.0,0.1578,-0.818,0.0143,-0.1839,0.3088,-0.1634,2026-08-24,709.625,709.65,702.83,706.38,552704.0,706.932044
2026-08-24T20:35:06.234,7,10,QQQ260903P00725000,QQQ,2026-09-03,put,725.0,18.44,5.0,21.05,5.0,19.745,18.97,5.0,0.1552,-0.8358,0.0136,-0.1634,0.2893,-0.1671,2026-08-24,709.625,709.65,702.83,706.38,552704.0,706.932044
2026-08-24T20:35:06.234,7,10,QQQ260903P00726000,QQQ,2026-09-03,put,726.0,18.97,2.0,22.45,10.0,20.71,,,0.1594,-0.842,0.013,-0.1632,0.282,-0.1686,2026-08-24,709.625,709.65,702.83,706.38,552704.0,706.932044
2026-08-24T20:35:06.234,7,10,QQQ260903P00727000,QQQ,2026-09-03,put,727.0,19.35,1.0,23.14,10.0,21.245,20.99,6.0,0.1469,-0.8743,0.012,-0.1135,0.2415,-0.175,2026-08-24,709.625,709.65,702.83,706.38,552704.0,706.932044
2026-08-24T20:35:06.234,7,10,QQQ260903P00728000,QQQ,2026-09-03,put,728.0,20.23,10.0,23.58,1.0,21.905,,,0.1364,-0.9028,0.0108,-0.0711,0.2009,-0.1806,2026-08-24,709.625,709.65,702.83,706.38,552704.0,706.932044
2026-08-24T20:35:06.234,7,10,QQQ260903P00729000,QQQ,2026-09-03,put,729.0,21.34,3.0,24.67,10.0,23.005000000000003,,,0.146,-0.8975,0.0105,-0.0868,0.2088,-0.1799,2026-08-24,709.625,709.65,702.83,706.38,552704.0,706.932044
2026-08-24T20:35:06.234,7,10,QQQ260903P00730000,QQQ,2026-09-03,put,730.0,21.89,8.0,26.21,10.0,24.05,18.99,1.0,0.1529,-0.8968,0.01,-0.0947,0.2099,-0.1801,2026-08-24,709.625,709.65,702.83,706.38,552704.0,706.932044
2026-08-24T20:35:06.234,7,10,QQQ260903P00731000,QQQ,2026-09-03,put,731.0,23.38,2.0,26.8,10.0,25.09,23.7,1.0,0.1596,-0.8965,0.0097,-0.102,0.2104,-0.1803,2026-08-24,709.625,709.65,702.83,706.38,552704.0,706.932044
2026-08-24T20:35:06.234,7,10,QQQ260903P00732000,QQQ,2026-09-03,put,732.0,23.78,2.0,27.61,10.0,25.695,23.2,1.0,0.1427,-0.9294,0.0081,-0.0445,0.1579,-0.1868,2026-08-24,709.625,709.65,702.83,706.38,552704.0,706.932044
2026-08-24T20:35:06.234,7,10,QQQ260903P00733000,QQQ,2026-09-03,put,733.0,24.54,1.0,28.81,12.0,26.674999999999997,26.43,1.0,0.1457,-0.9328,0.0076,-0.0422,0.152,-0.1878,2026-08-24,709.625,709.65,702.83,706.38,552704.0,706.932044
2026-08-24T20:35:06.234,7,10,QQQ260903P00734000,QQQ,2026-09-03,put,734.0,26.24,1.0,29.68,12.0,27.96,,,0.1669,-0.912,0.0082,-0.0886,0.1867,-0.1841,2026-08-24,709.625,709.65,702.83,706.38,552704.0,706.932044
2026-08-24T20:35:06.234,7,10,QQQ260903P00735000,QQQ,2026-09-03,put,735.0,26.85,2.0,30.67,10.0,28.76,26.65,5.0,0.1598,-0.9287,0.0073,-0.0587,0.1591,-0.1875,2026-08-24,709.625,709.65,702.83,706.38,552704.0,706.932044
2026-08-24T20:35:06.234,7,10,QQQ260903P00736000,QQQ,2026-09-03,put,736.0,27.27,1.0,31.54,10.0,29.405,,,0.1358,-0.9632,0.0051,0.0071,0.094,-0.1944,2026-08-24,709.625,709.65,702.83,706.38,552704.0,706.932044
2026-08-24T20:35:06.234,7,10,QQQ260903P00737000,QQQ,2026-09-03,put,737.0,28.12,10.0,32.54,15.0,30.33,,,0.1306,-0.9729,0.0041,0.024,0.073,-0.1965,2026-08-24,709.625,709.65,702.83,706.38,552704.0,706.932044
2026-08-24T20:35:06.234,7,10,QQQ260903P00738000,QQQ,2026-09-03,put,738.0,29.22,9.0,32.61,1.0,30.915,,,,,,,,,2026-08-24,709.625,709.65,702.83,706.38,552704.0,706.932044
2026-08-24T20:35:06.234,7,10,QQQ260903P00739000,QQQ,2026-09-03,put,739.0,31.02,2.0,34.7,10.0,32.86,,,0.1833,-0.927,0.0065,-0.0798,0.1621,-0.1883,2026-08-24,709.625,709.65,702.83,706.38,552704.0,706.932044
2026-08-24T20:35:06.234,7,10,QQQ260903P00740000,QQQ,2026-09-03,put,740.0,31.31,2.0,35.0,10.0,33.155,31.36,5.0,,,,,,,2026-08-24,709.625,709.65,702.83,706.38,552704.0,706.932044
2026-08-24T20:35:06.234,7,10,QQQ260903P00741000,QQQ,2026-09-03,put,741.0,31.95,10.0,35.56,10.0,33.755,,,,,,,,,2026-08-24,709.625,709.65,702.83,706.38,552704.0,706.932044
2026-08-24T20:35:06.234,7,10,QQQ260903P00742000,QQQ,2026-09-03,put,742.0,33.83,1.0,36.67,10.0,35.25,,,0.1343,-0.9852,0.0024,0.0437,0.0438,-0.2002,2026-08-24,709.625,709.65,702.83,706.38,552704.0,706.932044
2026-08-24T20:35:06.234,7,10,QQQ260903P00743000,QQQ,2026-09-03,put,743.0,34.35,2.0,38.55,10.0,36.45,,,0.1672,-0.9633,0.0041,-0.0068,0.0938,-0.1963,2026-08-24,709.625,709.65,702.83,706.38,552704.0,706.932044
2026-08-24T20:35:06.234,7,10,QQQ260903P00744000,QQQ,2026-09-03,put,744.0,35.79,1.0,39.72,10.0,37.754999999999995,,,0.1973,-0.94,0.0052,-0.0672,0.1393,-0.1922,2026-08-24,709.625,709.65,702.83,706.38,552704.0,706.932044
2026-08-24T20:35:06.234,7,10,QQQ260903P00745000,QQQ,2026-09-03,put,745.0,36.14,1.0,39.87,15.0,38.004999999999995,,,,,,,,,2026-08-24,709.625,709.65,702.83,706.38,552704.0,706.932044
2026-08-24T20:35:06.234,7,10,QQQ260903P00746000,QQQ,2026-09-03,put,746.0,36.99,1.0,40.51,10.0,38.75,,,,,,,,,2026-08-24,709.625,709.65,702.83,706.38,552704.0,706.932044
2026-08-24T20:35:06.234,7,10,QQQ260903P00747000,QQQ,2026-09-03,put,747.0,38.97,1.0,41.74,10.0,40.355000000000004,,,0.1703,-0.9743,0.003,0.0134,0.0698,-0.1995,2026-08-24,709.625,709.65,702.83,706.38,552704.0,706.932044
2026-08-24T20:35:06.234,7,10,QQQ260903P00748000,QQQ,2026-09-03,put,748.0,40.27,1.0,42.15,2.0,41.21,,,0.143,-0.9914,0.0014,0.0546,0.0273,-0.2031,2026-08-24,709.625,709.65,702.83,706.38,552704.0,706.932044
2026-08-24T20:35:06.234,7,10,QQQ260903P00749000,QQQ,2026-09-03,put,749.0,39.79,1.0,43.41,10.0,41.599999999999994,,,,,,,,,2026-08-24,709.625,709.65,702.83,706.38,552704.0,706.932044
2026-08-24T20:35:06.234,7,10,QQQ260903P00750000,QQQ,2026-09-03,put,750.0,40.95,1.0,44.13,10.0,42.540000000000006,,,,,,,,,2026-08-24,709.625,709.65,702.83,706.38,552704.0,706.932044
2026-08-24T20:35:06.234,7,10,QQQ260903P00751000,QQQ,2026-09-03,put,751.0,42.32,1.0,46.71,10.0,44.515,,,0.2042,-0.9623,0.0034,-0.0256,0.096,-0.1984,2026-08-24,709.625,709.65,702.83,706.38,552704.0,706.932044
2026-08-24T20:35:06.234,7,10,QQQ260903P00752000,QQQ,2026-09-03,put,752.0,44.14,10.0,47.82,10.0,45.980000000000004,,,0.2458,-0.9337,0.0045,-0.1144,0.1505,-0.1932,2026-08-24,709.625,709.65,702.83,706.38,552704.0,706.932044
2026-08-24T20:35:06.234,7,10,QQQ260903P00753000,QQQ,2026-09-03,put,753.0,44.03,1.0,48.58,10.0,46.305,,,0.1832,-0.9809,0.0022,0.0241,0.0544,-0.2024,2026-08-24,709.625,709.65,702.83,706.38,552704.0,706.932044
2026-08-24T20:35:06.234,7,10,QQQ260903P00754000,QQQ,2026-09-03,put,754.0,44.83,1.0,49.53,10.0,47.18,,,0.1484,-0.9956,0.0007,0.0638,0.0151,-0.2055,2026-08-24,709.625,709.65,702.83,706.38,552704.0,706.932044
2026-08-24T20:35:06.234,7,10,QQQ260903P00755000,QQQ,2026-09-03,put,755.0,46.4,1.0,50.21,10.0,48.305,,,0.1901,-0.9813,0.0021,0.0233,0.0534,-0.2031,2026-08-24,709.625,709.65,702.83,706.38,552704.0,706.932044
2026-08-24T20:35:06.234,7,10,QQQ260903P00756000,QQQ,2026-09-03,put,756.0,48.1,1.0,50.35,10.0,49.225,,,0.1745,-0.9897,0.0013,0.0469,0.0319,-0.2049,2026-08-24,709.625,709.65,702.83,706.38,552704.0,706.932044
2026-08-24T20:35:06.234,7,10,QQQ260903P00757000,QQQ,2026-09-03,put,757.0,49.1,1.0,51.05,12.0,50.075,,,,,,,,,2026-08-24,709.625,709.65,702.83,706.38,552704.0,706.932044
2026-08-24T20:35:06.234,7,10,QQQ260903P00758000,QQQ,2026-09-03,put,758.0,50.54,1.0,53.2,15.0,51.870000000000005,,,0.2622,-0.9441,0.0037,-0.1009,0.1318,-0.1968,2026-08-24,709.625,709.65,702.83,706.38,552704.0,706.932044
2026-08-24T20:35:06.234,7,10,QQQ260903P00759000,QQQ,2026-09-03,put,759.0,49.93,1.0,55.38,1.0,52.655,,,0.2481,-0.9568,0.0032,-0.0601,0.1072,-0.1995,2026-08-24,709.625,709.65,702.83,706.38,552704.0,706.932044
2026-08-24T20:35:06.234,7,10,QQQ260903P00760000,QQQ,2026-09-03,put,760.0,52.41,10.0,54.32,1.0,53.364999999999995,,,0.2175,-0.9771,0.0021,0.0054,0.0634,-0.2036,2026-08-24,709.625,709.65,702.83,706.38,552704.0,706.932044
2026-08-24T20:35:06.234,7,10,QQQ260903P00761000,QQQ,2026-09-03,put,761.0,52.5,10.0,56.09,12.0,54.295,,,0.2085,-0.9832,0.0017,0.024,0.0488,-0.2051,2026-08-24,709.625,709.65,702.83,706.38,552704.0,706.932044
2026-08-24T20:35:06.234,7,10,QQQ260903P00762000,QQQ,2026-09-03,put,762.0,53.34,10.0,56.57,10.0,54.955,,,,,,,,,2026-08-24,709.625,709.65,702.83,706.38,552704.0,706.932044
2026-08-24T20:35:06.234,7,10,QQQ260903P00763000,QQQ,2026-09-03,put,763.0,53.66,1.0,58.91,10.0,56.285,,,0.213,-0.9843,0.0016,0.0261,0.046,-0.2058,2026-08-24,709.625,709.65,702.83,706.38,552704.0,706.932044
2026-08-24T20:35:06.234,7,10,QQQ260903P00764000,QQQ,2026-09-03,put,764.0,56.57,1.0,57.84,12.0,57.205,,,0.1936,-0.9921,0.001,0.0512,0.0254,-0.2076,2026-08-24,709.625,709.65,702.83,706.38,552704.0,706.932044
2026-08-24T20:35:06.234,7,10,QQQ260903P00765000,QQQ,2026-09-03,put,765.0,56.2,10.0,59.77,10.0,57.985,,,,,,,,,2026-08-24,709.625,709.65,702.83,706.38,552704.0,706.932044
2026-08-24T20:35:06.234,7,10,QQQ260903P00766000,QQQ,2026-09-03,put,766.0,58.05,1.0,61.32,12.0,59.685,,,0.2772,-0.9582,0.0028,-0.0709,0.1043,-0.2017,2026-08-24,709.625,709.65,702.83,706.38,552704.0,706.932044
2026-08-24T20:35:06.234,7,10,QQQ260903P00767000,QQQ,2026-09-03,put,767.0,59.3,10.0,62.9,1.0,61.099999999999994,,,0.3147,-0.9386,0.0033,-0.1506,0.1417,-0.1983,2026-08-24,709.625,709.65,702.83,706.38,552704.0,706.932044
2026-08-24T20:35:06.234,7,10,QQQ260903P00768000,QQQ,2026-09-03,put,768.0,58.73,1.0,63.51,10.0,61.12,,,,,,,,,2026-08-24,709.625,709.65,702.83,706.38,552704.0,706.932044
2026-08-24T20:35:06.234,7,10,QQQ260903P00769000,QQQ,2026-09-03,put,769.0,61.18,1.0,64.8,2.0,62.989999999999995,,,0.3145,-0.9446,0.003,-0.1327,0.1308,-0.2,2026-08-24,709.625,709.65,702.83,706.38,552704.0,706.932044
2026-08-24T20:35:06.234,7,10,QQQ260903P00770000,QQQ,2026-09-03,put,770.0,62.26,1.0,63.73,2.0,62.995,,,,,,,,,2026-08-24,709.625,709.65,702.83,706.38,552704.0,706.932044
2026-08-24T20:35:06.234,7,10,QQQ260903P00775000,QQQ,2026-09-03,put,775.0,67.69,1.0,69.01,2.0,68.35,,,0.2659,-0.9808,0.0015,0.0035,0.0546,-0.2085,2026-08-24,709.625,709.65,702.83,706.38,552704.0,706.932044
2026-08-24T20:35:06.234,7,10,QQQ260903P00780000,QQQ,2026-09-03,put,780.0,72.08,1.0,76.31,10.0,74.195,,,0.3724,-0.9416,0.0027,-0.1799,0.1363,-0.2025,2026-08-24,709.625,709.65,702.83,706.38,552704.0,706.932044
2026-08-24T20:35:06.234,7,10,QQQ260903P00785000,QQQ,2026-09-03,put,785.0,77.88,10.0,80.93,1.0,79.405,,,0.4066,-0.9365,0.0026,-0.2219,0.1456,-0.2029,2026-08-24,709.625,709.65,702.83,706.38,552704.0,706.932044
2026-08-24T20:35:06.234,7,10,QQQ260903P00790000,QQQ,2026-09-03,put,790.0,81.34,1.0,84.27,10.0,82.805,,,,,,,,,2026-08-24,709.625,709.65,702.83,706.38,552704.0,706.932044
2026-08-24T20:35:06.234,7,10,QQQ260903P00795000,QQQ,2026-09-03,put,795.0,84.98,1.0,90.34,2.0,87.66,,,,,,,,,2026-08-24,709.625,709.65,702.83,706.38,552704.0,706.932044
2026-08-24T20:35:06.234,7,10,QQQ260903P00800000,QQQ,2026-09-03,put,800.0,92.52,1.0,94.48,10.0,93.5,,,0.3734,-0.9758,0.0013,-0.046,0.0665,-0.2144,2026-08-24,709.625,709.65,702.83,706.38,552704.0,706.932044
2026-08-24T20:35:06.234,7,10,QQQ260903P00805000,QQQ,2026-09-03,put,805.0,96.97,1.0,100.45,12.0,98.71000000000001,,,0.4178,-0.9676,0.0015,-0.0989,0.0848,-0.2142,2026-08-24,709.625,709.65,702.83,706.38,552704.0,706.932044
2026-08-24T20:35:06.234,7,10,QQQ260903P00810000,QQQ,2026-09-03,put,810.0,102.93,1.0,106.62,10.0,104.775,,,0.5272,-0.9355,0.002,-0.3116,0.1472,-0.2097,2026-08-24,709.625,709.65,702.83,706.38,552704.0,706.932044
2026-08-24T20:35:06.234,7,10,QQQ260903P00815000,QQQ,2026-09-03,put,815.0,105.65,1.0,108.34,10.0,106.995,,,,,,,,,2026-08-24,709.625,709.65,702.83,706.38,552704.0,706.932044
2026-08-24T20:35:06.234,7,10,QQQ260903P00820000,QQQ,2026-09-03,put,820.0,112.25,1.0,114.26,2.0,113.255,,,0.3859,-0.9891,0.0006,0.0164,0.0336,-0.2224,2026-08-24,709.625,709.65,702.83,706.38,552704.0,706.932044
2026-08-24T20:35:06.234,7,10,QQQ260903P00825000,QQQ,2026-09-03,put,825.0,116.06,1.0,121.69,2.0,118.875,,,0.5037,-0.9651,0.0013,-0.1469,0.0901,-0.2193,2026-08-24,709.625,709.65,702.83,706.38,552704.0,706.932044
2026-08-24T20:35:06.234,7,10,QQQ260903P00830000,QQQ,2026-09-03,put,830.0,123.95,1.0,127.43,10.0,125.69,,,0.6597,-0.9217,0.0019,-0.486,0.1709,-0.2127,2026-08-24,709.625,709.65,702.83,706.38,552704.0,706.932044
2026-08-24T20:35:06.234,7,10,QQQ260903P00835000,QQQ,2026-09-03,put,835.0,124.91,1.0,130.19,2.0,127.55,,,,,,,,,2026-08-24,709.625,709.65,702.83,706.38,552704.0,706.932044
2026-08-24T20:35:06.234,7,10,QQQ260903P00840000,QQQ,2026-09-03,put,840.0,133.99,1.0,136.61,10.0,135.3,,,0.6725,-0.9326,0.0017,-0.433,0.1524,-0.2175,2026-08-24,709.625,709.65,702.83,706.38,552704.0,706.932044
2026-08-24T20:35:06.234,7,10,QQQ260903P00845000,QQQ,2026-09-03,put,845.0,135.08,1.0,142.24,1.0,138.66000000000003,,,0.5409,-0.9744,0.0009,-0.1057,0.0696,-0.2265,2026-08-24,709.625,709.65,702.83,706.38,552704.0,706.932044
2026-08-24T20:35:06.234,7,10,QQQ260903P00850000,QQQ,2026-09-03,put,850.0,139.89,2.0,144.75,10.0,142.32,,,,,,,,,2026-08-24,709.625,709.65,702.83,706.38,552704.0,706.932044
2026-08-24T20:35:06.234,7,10,QQQ260903P00855000,QQQ,2026-09-03,put,855.0,146.02,1.0,148.17,10.0,147.095,,,,,,,,,2026-08-24,709.625,709.65,702.83,706.38,552704.0,706.932044
2026-08-24T20:35:06.234,7,10,QQQ260903P00860000,QQQ,2026-09-03,put,860.0,152.19,1.0,154.1,10.0,153.14499999999998,,,0.4607,-0.9944,0.0003,0.0423,0.0188,-0.2343,2026-08-24,709.625,709.65,702.83,706.38,552704.0,706.932044
2026-08-24T20:35:06.234,7,10,QQQ260903P00865000,QQQ,2026-09-03,put,865.0,158.51,1.0,162.58,2.0,160.54500000000002,,,0.7771,-0.934,0.0014,-0.5008,0.15,-0.2247,2026-08-24,709.625,709.65,702.83,706.38,552704.0,706.932044
2026-08-24T20:35:06.234,7,10,QQQ260903P00870000,QQQ,2026-09-03,put,870.0,162.99,10.0,167.84,2.0,165.41500000000002,,,0.7854,-0.9374,0.0013,-0.4827,0.144,-0.2267,2026-08-24,709.625,709.65,702.83,706.38,552704.0,706.932044
2026-08-24T20:35:06.234,7,10,QQQ260903P00875000,QQQ,2026-09-03,put,875.0,165.19,1.0,166.7,2.0,165.945,,,,,,,,,2026-08-24,709.625,709.65,702.83,706.38,552704.0,706.932044
2026-08-24T20:35:06.234,7,10,QQQ260903P00880000,QQQ,2026-09-03,put,880.0,174.87,10.0,178.3,2.0,176.585,,,0.8937,-0.9204,0.0014,-0.691,0.1731,-0.2264,2026-08-24,709.625,709.65,702.83,706.38,552704.0,706.932044
2026-08-24T20:35:06.234,7,10,QQQ260903P00885000,QQQ,2026-09-03,put,885.0,173.62,10.0,182.08,2.0,177.85000000000002,,,,,,,,,2026-08-24,709.625,709.65,702.83,706.38,552704.0,706.932044
2026-08-24T20:35:06.234,7,10,QQQ260903P00890000,QQQ,2026-09-03,put,890.0,183.38,1.0,186.77,10.0,185.075,,,0.8266,-0.947,0.0011,-0.4366,0.1263,-0.2339,2026-08-24,709.625,709.65,702.83,706.38,552704.0,706.932044
2026-08-24T20:35:06.234,7,10,QQQ260903P00895000,QQQ,2026-09-03,put,895.0,183.72,10.0,191.16,12.0,187.44,,,,,,,,,2026-08-24,709.625,709.65,702.83,706.38,552704.0,706.932044
2026-08-24T20:35:06.234,7,10,QQQ260903P00900000,QQQ,2026-09-03,put,900.0,189.12,1.0,192.65,10.0,190.885,,,,,,,,,2026-08-24,709.625,709.65,702.83,706.38,552704.0,706.932044
2026-08-24T20:35:06.234,7,10,QQQ260903P00905000,QQQ,2026-09-03,put,905.0,193.5,10.0,198.49,10.0,195.995,,,,,,,,,2026-08-24,709.625,709.65,702.83,706.38,552704.0,706.932044
2026-08-24T20:35:06.234,7,10,QQQ260903P00910000,QQQ,2026-09-03,put,910.0,199.15,1.0,204.69,1.0,201.92000000000002,,,,,,,,,2026-08-24,709.625,709.65,702.83,706.38,552704.0,706.932044
2026-08-24T20:35:06.234,7,10,QQQ260903P00915000,QQQ,2026-09-03,put,915.0,203.84,10.0,205.8,10.0,204.82,,,,,,,,,2026-08-24,709.625,709.65,702.83,706.38,552704.0,706.932044
2026-08-24T20:35:06.234,7,10,QQQ260903P00920000,QQQ,2026-09-03,put,920.0,210.56,1.0,215.85,2.0,213.20499999999998,,,0.6546,-0.9913,0.0003,0.0012,0.0275,-0.2502,2026-08-24,709.625,709.65,702.83,706.38,552704.0,706.932044
2026-08-24T20:35:06.234,7,10,QQQ260903P00925000,QQQ,2026-09-03,put,925.0,220.11,1.0,223.81,1.0,221.96,,,1.0684,-0.9241,0.0011,-0.8046,0.167,-0.2396,2026-08-24,709.625,709.65,702.83,706.38,552704.0,706.932044
2026-08-24T20:35:06.234,7,10,QQQ260903P00930000,QQQ,2026-09-03,put,930.0,218.85,10.0,220.77,10.0,219.81,,,,,,,,,2026-08-24,709.625,709.65,702.83,706.38,552704.0,706.932044
2026-08-24T20:35:06.234,7,10,QQQ260903P00935000,QQQ,2026-09-03,put,935.0,229.48,1.0,231.63,10.0,230.555,,,1.0054,-0.945,0.0009,-0.5639,0.13,-0.246,2026-08-24,709.625,709.65,702.83,706.38,552704.0,706.932044
2026-08-24T20:35:06.234,7,10,QQQ260903P00940000,QQQ,2026-09-03,put,940.0,235.31,10.0,238.12,2.0,236.715,,,,,,,,,2026-08-24,709.625,709.65,702.83,706.38,552704.0,706.932044
2026-08-24T20:35:06.234,7,10,QQQ260903P00945000,QQQ,2026-09-03,put,945.0,241.0,10.0,244.38,2.0,242.69,,,,,,,,,2026-08-24,709.625,709.65,702.83,706.38,552704.0,706.932044
2026-08-24T20:35:06.234,7,10,QQQ260903P00950000,QQQ,2026-09-03,put,950.0,238.9,1.0,246.84,2.0,242.87,,,,,,,,,2026-08-24,709.625,709.65,702.83,706.38,552704.0,706.932044
2026-08-24T20:35:06.234,14,11,QQQ260904C00400000,QQQ,2026-09-04,call,400.0,303.55,1.0,309.85,1.0,306.70000000000005,305.95,1.0,,,,,,,2026-08-24,709.625,709.65,702.83,706.38,552704.0,706.932044
2026-08-24T20:35:06.234,14,11,QQQ260904C00405000,QQQ,2026-09-04,call,405.0,299.58,2.0,307.34,1.0,303.46,312.22,1.0,,,,,,,2026-08-24,709.625,709.65,702.83,706.38,552704.0,706.932044
2026-08-24T20:35:06.234,14,11,QQQ260904C00410000,QQQ,2026-09-04,call,410.0,293.8,2.0,303.48,2.0,298.64,,,,,,,,,2026-08-24,709.625,709.65,702.83,706.38,552704.0,706.932044
2026-08-24T20:35:06.234,14,11,QQQ260904C00415000,QQQ,2026-09-04,call,415.0,294.65,2.0,296.24,2.0,295.445,,,,,,,,,2026-08-24,709.625,709.65,702.83,706.38,552704.0,706.932044
2026-08-24T20:35:06.234,14,11,QQQ260904C00420000,QQQ,2026-09-04,call,420.0,286.99,2.0,288.58,2.0,287.78499999999997,298.25,1.0,,,,,,,2026-08-24,709.625,709.65,702.83,706.38,552704.0,706.932044
2026-08-24T20:35:06.234,14,11,QQQ260904C00425000,QQQ,2026-09-04,call,425.0,282.51,2.0,283.84,2.0,283.17499999999995,,,,,,,,,2026-08-24,709.625,709.65,702.83,706.38,552704.0,706.932044
2026-08-24T20:35:06.234,14,11,QQQ260904C00430000,QQQ,2026-09-04,call,430.0,276.09,2.0,278.49,2.0,277.28999999999996,,,,,,,,,2026-08-24,709.625,709.65,702.83,706.38,552704.0,706.932044
2026-08-24T20:35:06.234,14,11,QQQ260904C00435000,QQQ,2026-09-04,call,435.0,271.67,2.0,272.62,2.0,272.145,,,,,,,,,2026-08-24,709.625,709.65,702.83,706.38,552704.0,706.932044
2026-08-24T20:35:06.234,14,11,QQQ260904C00440000,QQQ,2026-09-04,call,440.0,267.77,2.0,270.31,1.0,269.03999999999996,,,,,,,,,2026-08-24,709.625,709.65,702.83,706.38,552704.0,706.932044
2026-08-24T20:35:06.234,14,11,QQQ260904C00445000,QQQ,2026-09-04,call,445.0,264.6,2.0,265.66,2.0,265.13,,,,,,,,,2026-08-24,709.625,709.65,702.83,706.38,552704.0,706.932044
2026-08-24T20:35:06.234,14,11,QQQ260904C00450000,QQQ,2026-09-04,call,450.0,251.37,2.0,257.19,2.0,254.28,,,,,,,,,2026-08-24,709.625,709.65,702.83,706.38,552704.0,706.932044
2026-08-24T20:35:06.234,14,11,QQQ260904C00455000,QQQ,2026-09-04,call,455.0,252.98,2.0,254.37,2.0,253.675,,,,,,,,,2026-08-24,709.625,709.65,702.83,706.38,552704.0,706.932044
2026-08-24T20:35:06.234,14,11,QQQ260904C00460000,QQQ,2026-09-04,call,460.0,249.05,2.0,250.89,1.0,249.97,,,,,,,,,2026-08-24,709.625,709.65,702.83,706.38,552704.0,706.932044
2026-08-24T20:35:06.234,14,11,QQQ260904C00465000,QQQ,2026-09-04,call,465.0,239.2,2.0,245.68,1.0,242.44,,,,,,,,,2026-08-24,709.625,709.65,702.83,706.38,552704.0,706.932044
2026-08-24T20:35:06.234,14,11,QQQ260904C00470000,QQQ,2026-09-04,call,470.0,236.08,1.0,240.44,1.0,238.26,,,,,,,,,2026-08-24,709.625,709.65,702.83,706.38,552704.0,706.932044
2026-08-24T20:35:06.234,14,11,QQQ260904C00475000,QQQ,2026-09-04,call,475.0,232.48,2.0,235.18,2.0,233.82999999999998,,,,,,,,,2026-08-24,709.625,709.65,702.83,706.38,552704.0,706.932044
2026-08-24T20:35:06.234,14,11,QQQ260904C00480000,QQQ,2026-09-04,call,480.0,229.27,2.0,231.08,1.0,230.175,253.43,1.0,,,,,,,2026-08-24,709.625,709.65,702.83,706.38,552704.0,706.932044
2026-08-24T20:35:06.234,14,11,QQQ260904C00485000,QQQ,2026-09-04,call,485.0,223.34,1.0,224.96,1.0,224.15,,,,,,,,,2026-08-24,709.625,709.65,702.83,706.38,552704.0,706.932044
2026-08-24T20:35:06.234,14,11,QQQ260904C00490000,QQQ,2026-09-04,call,490.0,213.98,2.0,214.96,1.0,214.47,226.71,1.0,,,,,,,2026-08-24,709.625,709.65,702.83,706.38,552704.0,706.932044
2026-08-24T20:35:06.234,14,11,QQQ260904C00495000,QQQ,2026-09-04,call,495.0,213.85,2.0,215.45,2.0,214.64999999999998,218.67,1.0,,,,,,,2026-08-24,709.625,709.65,702.83,706.38,552704.0,706.932044
2026-08-24T20:35:06.234,14,11,QQQ260904C00500000,QQQ,2026-09-04,call,500.0,205.88,2.0,209.34,1.0,207.61,232.71,1.0,,,,,,,2026-08-24,709.625,709.65,702.83,706.38,552704.0,706.932044
2026-08-24T20:35:06.234,14,11,QQQ260904C00505000,QQQ,2026-09-04,call,505.0,199.45,2.0,201.15,1.0,200.3,,,,,,,,,2026-08-24,709.625,709.65,702.83,706.38,552704.0,706.932044
2026-08-24T20:35:06.234,14,11,QQQ260904C00510000,QQQ,2026-09-04,call,510.0,196.2,2.0,201.28,2.0,198.74,207.88,20.0,,,,,,,2026-08-24,709.625,709.65,702.83,706.38,552704.0,706.932044
2026-08-24T20:35:06.234,14,11,QQQ260904C00515000,QQQ,2026-09-04,call,515.0,189.73,2.0,194.06,1.0,191.89499999999998,197.37,1.0,0.7695,0.9926,0.0002,-0.1386,0.0251,0.1534,2026-08-24,709.625,709.65,702.83,706.38,552704.0,706.932044
2026-08-24T20:35:06.234,14,11,QQQ260904C00520000,QQQ,2026-09-04,call,520.0,184.76,2.0,190.4,1.0,187.57999999999998,159.76,1.0,0.9063,0.9788,0.0005,-0.3069,0.0623,0.1518,2026-08-24,709.625,709.65,702.83,706.38,552704.0,706.932044
2026-08-24T20:35:06.234,14,11,QQQ260904C00525000,QQQ,2026-09-04,call,525.0,184.63,1.0,186.11,2.0,185.37,197.28,10.0,,,,,,,2026-08-24,709.625,709.65,702.83,706.38,552704.0,706.932044
2026-08-24T20:35:06.234,14,11,QQQ260904C00530000,QQQ,2026-09-04,call,530.0,177.28,1.0,178.9,1.0,178.09,194.51,2.0,0.9245,0.9696,0.0006,-0.4052,0.0844,0.1526,2026-08-24,709.625,709.65,702.83,706.38,552704.0,706.932044
2026-08-24T20:35:06.234,14,11,QQQ260904C00535000,QQQ,2026-09-04,call,535.0,171.71,2.0,173.29,2.0,172.5,165.65,1.0,0.8185,0.9789,0.0005,-0.283,0.0621,0.1563,2026-08-24,709.625,709.65,702.83,706.38,552704.0,706.932044
2026-08-24T20:35:06.234,14,11,QQQ260904C00540000,QQQ,2026-09-04,call,540.0,167.15,2.0,169.42,2.0,168.285,182.78,5.0,0.8937,0.9651,0.0007,-0.4352,0.0945,0.1547,2026-08-24,709.625,709.65,702.83,706.38,552704.0,706.932044
2026-08-24T20:35:06.234,14,11,QQQ260904C00545000,QQQ,2026-09-04,call,545.0,164.09,2.0,166.11,2.0,165.10000000000002,169.0,1.0,1.0177,0.9407,0.0009,-0.7195,0.1448,0.1504,2026-08-24,709.625,709.65,702.83,706.38,552704.0,706.932044
2026-08-24T20:35:06.234,14,11,QQQ260904C00550000,QQQ,2026-09-04,call,550.0,154.35,2.0,160.93,1.0,157.64,,,0.766,0.9746,0.0006,-0.3057,0.0726,0.1599,2026-08-24,709.625,709.65,702.83,706.38,552704.0,706.932044
2026-08-24T20:35:06.234,14,11,QQQ260904C00555000,QQQ,2026-09-04,call,555.0,153.29,2.0,154.85,1.0,154.07,168.22,10.0,0.8852,0.9506,0.0009,-0.5554,0.1252,0.1559,2026-08-24,709.625,709.65,702.83,706.38,552704.0,706.932044
2026-08-24T20:35:06.234,14,11,QQQ260904C00560000,QQQ,2026-09-04,call,560.0,147.84,2.0,149.17,1.0,148.505,,,0.8106,0.9578,0.0009,-0.4594,0.1104,0.1591,2026-08-24,709.625,709.65,702.83,706.38,552704.0,706.932044
2026-08-24T20:35:06.234,14,11,QQQ260904C00565000,QQQ,2026-09-04,call,565.0,143.5,2.0,145.67,1.0,144.58499999999998,168.67,5.0,0.8684,0.9408,0.0011,-0.6225,0.1445,0.1566,2026-08-24,709.625,709.65,702.83,706.38,552704.0,706.932044
2026-08-24T20:35:06.234,14,11,QQQ260904C00570000,QQQ,2026-09-04,call,570.0,134.03,2.0,139.0,2.0,136.515,164.1,1.0,,,,,,,2026-08-24,709.625,709.65,702.83,706.38,552704.0,706.932044
2026-08-24T20:35:06.234,14,11,QQQ260904C00575000,QQQ,2026-09-04,call,575.0,132.96,1.0,135.28,2.0,134.12,135.6,1.0,0.781,0.9441,0.0012,-0.5432,0.138,0.1605,2026-08-24,709.625,709.65,702.83,706.38,552704.0,706.932044
2026-08-24T20:35:06.234,14,11,QQQ260904C00576000,QQQ,2026-09-04,call,576.0,130.43,2.0,133.11,2.0,131.77,139.73,1.0,0.6567,0.9681,0.0009,-0.3174,0.0879,0.1663,2026-08-24,709.625,709.65,702.83,706.38,552704.0,706.932044
2026-08-24T20:35:06.234,14,11,QQQ260904C00577000,QQQ,2026-09-04,call,577.0,128.13,2.0,132.89,2.0,130.51,,,0.6199,0.9738,0.0008,-0.2656,0.0745,0.1679,2026-08-24,709.625,709.65,702.83,706.38,552704.0,706.932044
2026-08-24T20:35:06.234,14,11,QQQ260904C00578000,QQQ,2026-09-04,call,578.0,126.05,2.0,132.52,2.0,129.285,,,0.5821,0.9794,0.0007,-0.217,0.0608,0.1695,2026-08-24,709.625,709.65,702.83,706.38,552704.0,706.932044
2026-08-24T20:35:06.234,14,11,QQQ260904C00579000,QQQ,2026-09-04,call,579.0,127.63,2.0,127.77,2.0,127.69999999999999,,,,,,,,,2026-08-24,709.625,709.65,702.83,706.38,552704.0,706.932044
2026-08-24T20:35:06.234,14,11,QQQ260904C00580000,QQQ,2026-09-04,call,580.0,125.17,2.0,126.41,2.0,125.78999999999999,143.57,10.0,,,,,,,2026-08-24,709.625,709.65,702.83,706.38,552704.0,706.932044
2026-08-24T20:35:06.234,14,11,QQQ260904C00581000,QQQ,2026-09-04,call,581.0,124.89,1.0,127.18,1.0,126.035,144.05,1.0,0.5202,0.9867,0.0005,-0.1562,0.0419,0.172,2026-08-24,709.625,709.65,702.83,706.38,552704.0,706.932044
2026-08-24T20:35:06.234,14,11,QQQ260904C00582000,QQQ,2026-09-04,call,582.0,122.66,2.0,126.13,2.0,124.395,,,,,,,,,2026-08-24,709.625,709.65,702.83,706.38,552704.0,706.932044
2026-08-24T20:35:06.234,14,11,QQQ260904C00583000,QQQ,2026-09-04,call,583.0,125.76,2.0,127.33,1.0,126.545,,,0.7668,0.935,0.0013,-0.5954,0.1555,0.1608,2026-08-24,709.625,709.65,702.83,706.38,552704.0,706.932044
2026-08-24T20:35:06.234,14,11,QQQ260904C00584000,QQQ,2026-09-04,call,584.0,124.19,2.0,125.84,1.0,125.015,,,0.7257,0.9428,0.0013,-0.518,0.1407,0.1629,2026-08-24,709.625,709.65,702.83,706.38,552704.0,706.932044
2026-08-24T20:35:06.234,14,11,QQQ260904C00585000,QQQ,2026-09-04,call,585.0,121.86,2.0,124.34,2.0,123.1,129.73,4.0,0.6469,0.9592,0.0011,-0.3713,0.1074,0.167,2026-08-24,709.625,709.65,702.83,706.38,552704.0,706.932044
2026-08-24T20:35:06.234,14,11,QQQ260904C00586000,QQQ,2026-09-04,call,586.0,118.88,2.0,121.86,2.0,120.37,,,,,,,,,2026-08-24,709.625,709.65,702.83,706.38,552704.0,706.932044
2026-08-24T20:35:06.234,14,11,QQQ260904C00587000,QQQ,2026-09-04,call,587.0,119.59,2.0,121.04,2.0,120.315,,,0.5467,0.9775,0.0008,-0.2197,0.0655,0.1718,2026-08-24,709.625,709.65,702.83,706.38,552704.0,706.932044
2026-08-24T20:35:06.234,14,11,QQQ260904C00588000,QQQ,2026-09-04,call,588.0,117.03,2.0,119.51,1.0,118.27000000000001,,,,,,,,,2026-08-24,709.625,709.65,702.83,706.38,552704.0,706.932044
2026-08-24T20:35:06.234,14,11,QQQ260904C00589000,QQQ,2026-09-04,call,589.0,115.51,1.0,120.43,1.0,117.97,,,0.4702,0.9886,0.0005,-0.1364,0.0367,0.1748,2026-08-24,709.625,709.65,702.83,706.38,552704.0,706.932044
2026-08-24T20:35:06.234,14,11,QQQ260904C00590000,QQQ,2026-09-04,call,590.0,116.21,2.0,117.04,2.0,116.625,124.81,4.0,,,,,,,2026-08-24,709.625,709.65,702.83,706.38,552704.0,706.932044
2026-08-24T20:35:06.234,14,11,QQQ260904C00591000,QQQ,2026-09-04,call,591.0,113.8,2.0,118.17,1.0,115.985,,,0.4659,0.9879,0.0006,-0.1398,0.0386,0.1753,2026-08-24,709.625,709.65,702.83,706.38,552704.0,706.932044
2026-08-24T20:35:06.234,14,11,QQQ260904C00592000,QQQ,2026-09-04,call,592.0,116.72,2.0,118.32,2.0,117.52,,,0.7164,0.9316,0.0015,-0.5803,0.1616,0.1628,2026-08-24,709.625,709.65,702.83,706.38,552704.0,706.932044
2026-08-24T20:35:06.234,14,11,QQQ260904C00593000,QQQ,2026-09-04,call,593.0,114.37,2.0,114.43,2.0,114.4,,,0.5322,0.9743,0.0009,-0.235,0.0734,0.1728,2026-08-24,709.625,709.65,702.83,706.38,552704.0,706.932044
2026-08-24T20:35:06.234,14,11,QQQ260904C00594000,QQQ,2026-09-04,call,594.0,113.71,1.0,115.33,1.0,114.52,,,0.6375,0.9481,0.0014,-0.4326,0.1301,0.1672,2026-08-24,709.625,709.65,702.83,706.38,552704.0,706.932044
2026-08-24T20:35:06.234,14,11,QQQ260904C00595000,QQQ,2026-09-04,call,595.0,109.59,2.0,114.9,2.0,112.245,112.97,1.0,0.5006,0.9786,0.0008,-0.2009,0.0628,0.1744,2026-08-24,709.625,709.65,702.83,706.38,552704.0,706.932044
2026-08-24T20:35:06.234,14,11,QQQ260904C00596000,QQQ,2026-09-04,call,596.0,112.72,2.0,114.34,2.0,113.53,129.23,1.0,0.6954,0.9297,0.0016,-0.5763,0.1651,0.1636,2026-08-24,709.625,709.65,702.83,706.38,552704.0,706.932044
2026-08-24T20:35:06.234,14,11,QQQ260904C00597000,QQQ,2026-09-04,call,597.0,109.43,2.0,112.45,2.0,110.94,121.34,1.0,0.5739,0.9595,0.0012,-0.3347,0.1066,0.1708,2026-08-24,709.625,709.65,702.83,706.38,552704.0,706.932044
2026-08-24T20:35:06.234,14,11,QQQ260904C00598000,QQQ,2026-09-04,call,598.0,107.54,1.0,109.04,1.0,108.29,,,,,,,,,2026-08-24,709.625,709.65,702.83,706.38,552704.0,706.932044
2026-08-24T20:35:06.234,14,11,QQQ260904C00599000,QQQ,2026-09-04,call,599.0,108.15,2.0,109.7,1.0,108.92500000000001,,,0.5629,0.9594,0.0013,-0.3306,0.107,0.1713,2026-08-24,709.625,709.65,702.83,706.38,552704.0,706.932044
2026-08-24T20:35:06.234,14,11,QQQ260904C00600000,QQQ,2026-09-04,call,600.0,108.2,2.0,109.65,2.0,108.92500000000001,120.82,1.0,0.6359,0.9382,0.0016,-0.4871,0.1494,0.1668,2026-08-24,709.625,709.65,702.83,706.38,552704.0,706.932044
2026-08-24T20:35:06.234,14,11,QQQ260904C00601000,QQQ,2026-09-04,call,601.0,104.88,2.0,105.96,2.0,105.41999999999999,87.59,1.0,,,,,,,2026-08-24,709.625,709.65,702.83,706.38,552704.0,706.932044
2026-08-24T20:35:06.234,14,11,QQQ260904C00602000,QQQ,2026-09-04,call,602.0,104.67,2.0,105.59,2.0,105.13,,,0.4512,0.9817,0.0008,-0.1719,0.0551,0.1772,2026-08-24,709.625,709.65,702.83,706.38,552704.0,706.932044
2026-08-24T20:35:06.234,14,11,QQQ260904C00603000,QQQ,2026-09-04,call,603.0,103.35,2.0,103.71,1.0,103.53,,,,,,,,,2026-08-24,709.625,709.65,702.83,706.38,552704.0,706.932044
2026-08-24T20:35:06.234,14,11,QQQ260904C00604000,QQQ,2026-09-04,call,604.0,103.36,1.0,104.98,1.0,104.17,,,0.5602,0.9521,0.0015,-0.3679,0.1221,0.1712,2026-08-24,709.625,709.65,702.83,706.38,552704.0,706.932044
2026-08-24T20:35:06.234,14,11,QQQ260904C00605000,QQQ,2026-09-04,call,605.0,100.54,2.0,104.0,1.0,102.27000000000001,115.1,1.0,0.4611,0.9764,0.001,-0.2019,0.0683,0.1769,2026-08-24,709.625,709.65,702.83,706.38,552704.0,706.932044
2026-08-24T20:35:06.234,14,11,QQQ260904C00606000,QQQ,2026-09-04,call,606.0,101.36,2.0,101.85,2.0,101.60499999999999,,,0.4983,0.9658,0.0012,-0.2683,0.0928,0.1749,2026-08-24,709.625,709.65,702.83,706.38,552704.0,706.932044
2026-08-24T20:35:06.234,14,11,QQQ260904C00607000,QQQ,2026-09-04,call,607.0,98.28,2.0,99.46,1.0,98.87,,,,,,,,,2026-08-24,709.625,709.65,702.83,706.38,552704.0,706.932044
2026-08-24T20:35:06.234,14,11,QQQ260904C00608000,QQQ,2026-09-04,call,608.0,98.64,2.0,101.39,2.0,100.015,73.08,1.0,0.528,0.9544,0.0015,-0.339,0.1173,0.173,2026-08-24,709.625,709.65,702.83,706.38,552704.0,706.932044
2026-08-24T20:35:06.234,14,11,QQQ260904C00609000,QQQ,2026-09-04,call,609.0,96.3,2.0,100.71,2.0,98.505,89.17,1.0,0.4737,0.9681,0.0012,-0.2475,0.0878,0.1763,2026-08-24,709.625,709.65,702.83,706.38,552704.0,706.932044
2026-08-24T20:35:06.234,14,11,QQQ260904C00610000,QQQ,2026-09-04,call,610.0,96.33,2.0,97.92,2.0,97.125,105.05,1.0,0.4168,0.9809,0.0009,-0.1675,0.057,0.1795,2026-08-24,709.625,709.65,702.83,706.38,552704.0,706.932044
2026-08-24T20:35:06.234,14,11,QQQ260904C00611000,QQQ,2026-09-04,call,611.0,97.53,2.0,99.13,2.0,98.33,103.9,1.0,0.6035,0.9256,0.0019,-0.5287,0.1725,0.1673,2026-08-24,709.625,709.65,702.83,706.38,552704.0,706.932044
2026-08-24T20:35:06.234,14,11,QQQ260904C00612000,QQQ,2026-09-04,call,612.0,96.43,2.0,98.03,2.0,97.23,119.08,1.0,0.5923,0.9269,0.0019,-0.514,0.1702,0.1679,2026-08-24,709.625,709.65,702.83,706.38,552704.0,706.932044
2026-08-24T20:35:06.234,14,11,QQQ260904C00613000,QQQ,2026-09-04,call,613.0,93.54,1.0,94.99,1.0,94.265,,,0.426,0.9752,0.0011,-0.1971,0.0711,0.1791,2026-08-24,709.625,709.65,702.83,706.38,552704.0,706.932044
2026-08-24T20:35:06.234,14,11,QQQ260904C00614000,QQQ,2026-09-04,call,614.0,91.71,2.0,93.89,2.0,92.8,83.27,1.0,0.2993,0.9969,0.0003,-0.0768,0.0116,0.1842,2026-08-24,709.625,709.65,702.83,706.38,552704.0,706.932044
2026-08-24T20:35:06.234,14,11,QQQ260904C00615000,QQQ,2026-09-04,call,615.0,90.88,1.0,93.83,1.0,92.35499999999999,97.49,1.0,0.4293,0.9716,0.0012,-0.2147,0.0796,0.1789,2026-08-24,709.625,709.65,702.83,706.38,552704.0,706.932044
2026-08-24T20:35:06.234,14,11,QQQ260904C00616000,QQQ,2026-09-04,call,616.0,90.01,2.0,91.81,1.0,90.91,103.63,6.0,0.3441,0.9902,0.0006,-0.1111,0.0322,0.1833,2026-08-24,709.625,709.65,702.83,706.38,552704.0,706.932044
2026-08-24T20:35:06.234,14,11,QQQ260904C00617000,QQQ,2026-09-04,call,617.0,88.61,2.0,91.44,1.0,90.025,117.54,1.0,0.369,0.9844,0.0009,-0.141,0.048,0.1823,2026-08-24,709.625,709.65,702.83,706.38,552704.0,706.932044
2026-08-24T20:35:06.234,14,11,QQQ260904C00618000,QQQ,2026-09-04,call,618.0,90.1,2.0,90.51,2.0,90.305,116.59,1.0,0.5023,0.9434,0.0018,-0.3759,0.1394,0.1735,2026-08-24,709.625,709.65,702.83,706.38,552704.0,706.932044
2026-08-24T20:35:06.234,14,11,QQQ260904C00619000,QQQ,2026-09-04,call,619.0,87.15,2.0,90.79,2.0,88.97,67.43,10.0,0.472,0.9516,0.0017,-0.3224,0.1231,0.1757,2026-08-24,709.625,709.65,702.83,706.38,552704.0,706.932044
2026-08-24T20:35:06.234,14,11,QQQ260904C00620000,QQQ,2026-09-04,call,620.0,85.94,2.0,89.38,2.0,87.66,89.54,1.0,0.4402,0.9603,0.0016,-0.2691,0.105,0.1779,2026-08-24,709.625,709.65,702.83,706.38,552704.0,706.932044
2026-08-24T20:35:06.234,14,11,QQQ260904C00621000,QQQ,2026-09-04,call,621.0,86.81,2.0,87.19,2.0,87.0,75.77,1.0,0.4649,0.95,0.0018,-0.3255,0.1264,0.1759,2026-08-24,709.625,709.65,702.83,706.38,552704.0,706.932044
2026-08-24T20:35:06.234,14,11,QQQ260904C00622000,QQQ,2026-09-04,call,622.0,83.35,2.0,85.95,2.0,84.65,89.07,16.0,,,,,,,2026-08-24,709.625,709.65,702.83,706.38,552704.0,706.932044
2026-08-24T20:35:06.234,14,11,QQQ260904C00623000,QQQ,2026-09-04,call,623.0,83.81,2.0,84.46,2.0,84.13499999999999,,,0.3645,0.9787,0.0011,-0.1645,0.0626,0.1829,2026-08-24,709.625,709.65,702.83,706.38,552704.0,706.932044
2026-08-24T20:35:06.234,14,11,QQQ260904C00624000,QQQ,2026-09-04,call,624.0,84.06,1.0,84.94,1.0,84.5,96.75,3.0,0.486,0.9357,0.0021,-0.3979,0.154,0.1737,2026-08-24,709.625,709.65,702.83,706.38,552704.0,706.932044
2026-08-24T20:35:06.234,14,11,QQQ260904C00625000,QQQ,2026-09-04,call,625.0,80.2,1.0,83.3,2.0,81.75,89.01,9.0,,,,,,,2026-08-24,709.625,709.65,702.83,706.38,552704.0,706.932044
2026-08-24T20:35:06.234,14,11,QQQ260904C00626000,QQQ,2026-09-04,call,626.0,81.55,2.0,83.07,1.0,82.31,87.34,1.0,0.4636,0.9394,0.0021,-0.3681,0.1471,0.1751,2026-08-24,709.625,709.65,702.83,706.38,552704.0,706.932044
2026-08-24T20:35:06.234,14,11,QQQ260904C00627000,QQQ,2026-09-04,call,627.0,79.56,2.0,82.86,2.0,81.21000000000001,87.26,10.0,0.4518,0.9415,0.0021,-0.3522,0.1431,0.1759,2026-08-24,709.625,709.65,702.83,706.38,552704.0,706.932044
2026-08-24T20:35:06.234,14,11,QQQ260904C00628000,QQQ,2026-09-04,call,628.0,79.85,2.0,81.45,2.0,80.65,,,0.4754,0.9298,0.0023,-0.4139,0.1649,0.1736,2026-08-24,709.625,709.65,702.83,706.38,552704.0,706.932044
2026-08-24T20:35:06.234,14,11,QQQ260904C00629000,QQQ,2026-09-04,call,629.0,77.37,2.0,79.88,2.0,78.625,,,0.3962,0.9583,0.0018,-0.2565,0.1092,0.1802,2026-08-24,709.625,709.65,702.83,706.38,552704.0,706.932044
2026-08-24T20:35:06.234,14,11,QQQ260904C00630000,QQQ,2026-09-04,call,630.0,78.01,2.0,79.25,2.0,78.63,84.8,20.0,0.4642,0.9291,0.0024,-0.4085,0.1662,0.174,2026-08-24,709.625,709.65,702.83,706.38,552704.0,706.932044
2026-08-24T20:35:06.234,14,11,QQQ260904C00631000,QQQ,2026-09-04,call,631.0,76.38,2.0,77.79,1.0,77.08500000000001,57.88,2.0,0.4238,0.943,0.0022,-0.3292,0.1403,0.1774,2026-08-24,709.625,709.65,702.83,706.38,552704.0,706.932044
2026-08-24T20:35:06.234,14,11,QQQ260904C00632000,QQQ,2026-09-04,call,632.0,73.98,2.0,77.28,2.0,75.63,82.33,10.0,0.3831,0.957,0.0019,-0.2551,0.1121,0.1808,2026-08-24,709.625,709.65,702.83,706.38,552704.0,706.932044
2026-08-24T20:35:06.234,14,11,QQQ260904C00633000,QQQ,2026-09-04,call,633.0,74.75,2.0,76.07,2.0,75.41,46.46,1.0,0.4357,0.9328,0.0024,-0.3742,0.1595,0.1758,2026-08-24,709.625,709.65,702.83,706.38,552704.0,706.932044
2026-08-24T20:35:06.234,14,11,QQQ260904C00634000,QQQ,2026-09-04,call,634.0,71.92,2.0,75.81,2.0,73.86500000000001,42.19,1.0,0.3934,0.9482,0.0022,-0.2922,0.1301,0.1795,2026-08-24,709.625,709.65,702.83,706.38,552704.0,706.932044
2026-08-24T20:35:06.234,14,11,QQQ260904C00635000,QQQ,2026-09-04,call,635.0,73.24,2.0,73.35,2.0,73.29499999999999,74.32,2.0,0.4186,0.9347,0.0025,-0.3555,0.156,0.1768,2026-08-24,709.625,709.65,702.83,706.38,552704.0,706.932044
2026-08-24T20:35:06.234,14,11,QQQ260904C00636000,QQQ,2026-09-04,call,636.0,70.49,2.0,73.34,2.0,71.91499999999999,88.34,1.0,0.3878,0.9455,0.0023,-0.2981,0.1353,0.1795,2026-08-24,709.625,709.65,702.83,706.38,552704.0,706.932044
2026-08-24T20:35:06.234,14,11,QQQ260904C00637000,QQQ,2026-09-04,call,637.0,70.32,1.0,72.34,1.0,71.33,60.57,10.0,0.4111,0.9324,0.0026,-0.358,0.1602,0.1769,2026-08-24,709.625,709.65,702.83,706.38,552704.0,706.932044
2026-08-24T20:35:06.234,14,11,QQQ260904C00638000,QQQ,2026-09-04,call,638.0,70.11,2.0,71.71,2.0,70.91,,,0.4393,0.9165,0.0029,-0.4334,0.1882,0.1737,2026-08-24,709.625,709.65,702.83,706.38,552704.0,706.932044
2026-08-24T20:35:06.234,14,11,QQQ260904C00639000,QQQ,2026-09-04,call,639.0,67.04,2.0,70.46,2.0,68.75,84.3,2.0,0.3613,0.9495,0.0023,-0.2693,0.1273,0.1813,2026-08-24,709.625,709.65,702.83,706.38,552704.0,706.932044
2026-08-24T20:35:06.234,14,11,QQQ260904C00640000,QQQ,2026-09-04,call,640.0,67.59,2.0,69.17,2.0,68.38,70.17,2.0,0.3994,0.9289,0.0028,-0.3611,0.1665,0.1771,2026-08-24,709.625,709.65,702.83,706.38,552704.0,706.932044
2026-08-24T20:35:06.234,14,11,QQQ260904C00641000,QQQ,2026-09-04,call,641.0,66.83,2.0,67.92,2.0,67.375,38.99,5.0,0.3942,0.9283,0.0028,-0.359,0.1676,0.1772,2026-08-24,709.625,709.65,702.83,706.38,552704.0,706.932044
2026-08-24T20:35:06.234,14,11,QQQ260904C00642000,QQQ,2026-09-04,call,642.0,65.66,1.0,65.73,1.0,65.695,,,0.3433,0.95,0.0025,-0.2578,0.1264,0.1824,2026-08-24,709.625,709.65,702.83,706.38,552704.0,706.932044
2026-08-24T20:35:06.234,14,11,QQQ260904C00643000,QQQ,2026-09-04,call,643.0,63.42,2.0,66.47,2.0,64.945,,,0.3571,0.9405,0.0027,-0.2955,0.1452,0.1806,2026-08-24,709.625,709.65,702.83,706.38,552704.0,706.932044
2026-08-24T20:35:06.234,14,11,QQQ260904C00644000,QQQ,2026-09-04,call,644.0,63.35,2.0,63.53,2.0,63.44,,,0.3126,0.9594,0.0023,-0.2133,0.1069,0.185,2026-08-24,709.625,709.65,702.83,706.38,552704.0,706.932044
2026-08-24T20:35:06.234,14,11,QQQ260904C00645000,QQQ,2026-09-04,call,645.0,61.47,2.0,64.8,2.0,63.135,62.08,1.0,0.3601,0.9328,0.0029,-0.3207,0.1596,0.1795,2026-08-24,709.625,709.65,702.83,706.38,552704.0,706.932044
2026-08-24T20:35:06.234,14,11,QQQ260904C00646000,QQQ,2026-09-04,call,646.0,60.15,2.0,63.86,2.0,62.004999999999995,,,0.347,0.9364,0.0029,-0.301,0.1528,0.1806,2026-08-24,709.625,709.65,702.83,706.38,552704.0,706.932044
2026-08-24T20:35:06.234,14,11,QQQ260904C00647000,QQQ,2026-09-04,call,647.0,59.9,2.0,62.39,2.0,61.144999999999996,79.04,2.0,0.351,0.9309,0.0031,-0.3196,0.1629,0.1797,2026-08-24,709.625,709.65,702.83,706.38,552704.0,706.932044
2026-08-24T20:35:06.234,14,11,QQQ260904C00648000,QQQ,2026-09-04,call,648.0,60.27,1.0,61.88,1.0,61.075,77.27,1.0,0.3957,0.9032,0.0035,-0.4355,0.21,0.1738,2026-08-24,709.625,709.65,702.83,706.38,552704.0,706.932044
2026-08-24T20:35:06.234,14,11,QQQ260904C00649000,QQQ,2026-09-04,call,649.0,57.58,1.0,60.49,1.0,59.035,57.99,2.0,0.3346,0.9331,0.0032,-0.3017,0.1589,0.1808,2026-08-24,709.625,709.65,702.83,706.38,552704.0,706.932044
2026-08-24T20:35:06.234,14,11,QQQ260904C00650000,QQQ,2026-09-04,call,650.0,57.83,1.0,58.74,1.0,58.285,60.23,4.0,0.3447,0.9238,0.0034,-0.3345,0.1755,0.179,2026-08-24,709.625,709.65,702.83,706.38,552704.0,706.932044
2026-08-24T20:35:06.234,14,11,QQQ260904C00651000,QQQ,2026-09-04,call,651.0,56.92,2.0,57.31,1.0,57.115,67.32,1.0,0.3299,0.9287,0.0034,-0.3102,0.1669,0.1804,2026-08-24,709.625,709.65,702.83,706.38,552704.0,706.932044
2026-08-24T20:35:06.234,14,11,QQQ260904C00652000,QQQ,2026-09-04,call,652.0,55.01,2.0,56.64,2.0,55.825,77.3,10.0,0.3068,0.9386,0.0032,-0.2679,0.1486,0.1829,2026-08-24,709.625,709.65,702.83,706.38,552704.0,706.932044
2026-08-24T20:35:06.234,14,11,QQQ260904C00653000,QQQ,2026-09-04,call,653.0,54.54,2.0,56.76,1.0,55.65,81.45,1.0,0.3492,0.9095,0.0038,-0.3758,0.1998,0.1768,2026-08-24,709.625,709.65,702.83,706.38,552704.0,706.932044
2026-08-24T20:35:06.234,14,11,QQQ260904C00654000,QQQ,2026-09-04,call,654.0,54.04,1.0,55.36,6.0,54.7,71.0,1.0,0.3465,0.9069,0.0039,-0.38,0.204,0.1765,2026-08-24,709.625,709.65,702.83,706.38,552704.0,706.932044
2026-08-24T20:35:06.234,14,11,QQQ260904C00655000,QQQ,2026-09-04,call,655.0,53.14,2.0,53.75,2.0,53.445,54.63,10.0,0.3286,0.9138,0.0039,-0.3472,0.1928,0.1783,2026-08-24,709.625,709.65,702.83,706.38,552704.0,706.932044
2026-08-24T20:35:06.234,14,11,QQQ260904C00656000,QQQ,2026-09-04,call,656.0,52.25,8.0,53.41,8.0,52.83,43.29,2.0,0.3425,0.9008,0.0042,-0.3913,0.2139,0.1758,2026-08-24,709.625,709.65,702.83,706.38,552704.0,706.932044
2026-08-24T20:35:06.234,14,11,QQQ260904C00657000,QQQ,2026-09-04,call,657.0,51.19,2.0,51.26,2.0,51.224999999999994,51.87,10.0,0.307,0.9191,0.004,-0.3162,0.1837,0.1801,2026-08-24,709.625,709.65,702.83,706.38,552704.0,706.932044
2026-08-24T20:35:06.234,14,11,QQQ260904C00658000,QQQ,2026-09-04,call,658.0,49.51,8.0,49.76,8.0,49.635,62.85,1.0,0.2662,0.9422,0.0035,-0.2332,0.1418,0.1855,2026-08-24,709.625,709.65,702.83,706.38,552704.0,706.932044
2026-08-24T20:35:06.234,14,11,QQQ260904C00659000,QQQ,2026-09-04,call,659.0,48.5,8.0,50.62,8.0,49.56,42.36,1.0,0.3142,0.9054,0.0044,-0.354,0.2066,0.1777,2026-08-24,709.625,709.65,702.83,706.38,552704.0,706.932044
2026-08-24T20:35:06.234,14,11,QQQ260904C00660000,QQQ,2026-09-04,call,660.0,48.07,6.0,48.51,1.0,48.29,47.11,12.0,0.2957,0.9134,0.0044,-0.3196,0.1934,0.1798,2026-08-24,709.625,709.65,702.83,706.38,552704.0,706.932044
2026-08-24T20:35:06.234,14,11,QQQ260904C00661000,QQQ,2026-09-04,call,661.0,47.78,2.0,48.54,1.0,48.16,59.89,1.0,0.3307,0.8844,0.0048,-0.4165,0.2388,0.1737,2026-08-24,709.625,709.65,702.83,706.38,552704.0,706.932044
2026-08-24T20:35:06.234,14,11,QQQ260904C00662000,QQQ,2026-09-04,call,662.0,46.84,8.0,47.69,8.0,47.265,59.43,15.0,0.3296,0.8799,0.005,-0.4249,0.2453,0.173,2026-08-24,709.625,709.65,702.83,706.38,552704.0,706.932044
2026-08-24T20:35:06.234,14,11,QQQ260904C00663000,QQQ,2026-09-04,call,663.0,44.23,1.0,46.17,1.0,45.2,73.53,1.0,0.2762,0.9131,0.0047,-0.3034,0.1939,0.1807,2026-08-24,709.625,709.65,702.83,706.38,552704.0,706.932044
2026-08-24T20:35:06.234,14,11,QQQ260904C00664000,QQQ,2026-09-04,call,664.0,43.92,8.0,45.54,1.0,44.730000000000004,59.33,1.0,0.2963,0.8929,0.0051,-0.3632,0.2262,0.1765,2026-08-24,709.625,709.65,702.83,706.38,552704.0,706.932044
2026-08-24T20:35:06.234,14,11,QQQ260904C00665000,QQQ,2026-09-04,call,665.0,42.68,2.0,44.03,2.0,43.355000000000004,45.49,1.0,0.2739,0.9045,0.0051,-0.3185,0.208,0.1794,2026-08-24,709.625,709.65,702.83,706.38,552704.0,706.932044
2026-08-24T20:35:06.234,14,11,QQQ260904C00666000,QQQ,2026-09-04,call,666.0,42.45,8.0,42.83,1.0,42.64,57.4,1.0,0.2819,0.8927,0.0053,-0.3488,0.2263,0.1771,2026-08-24,709.625,709.65,702.83,706.38,552704.0,706.932044
2026-08-24T20:35:06.234,14,11,QQQ260904C00667000,QQQ,2026-09-04,call,667.0,41.64,2.0,42.35,2.0,41.995000000000005,61.18,1.0,0.2917,0.8794,0.0056,-0.3842,0.2461,0.1745,2026-08-24,709.625,709.65,702.83,706.38,552704.0,706.932044
2026-08-24T20:35:06.234,14,11,QQQ260904C00668000,QQQ,2026-09-04,call,668.0,41.05,2.0,41.6,8.0,41.325,41.14,1.0,0.2992,0.8675,0.0058,-0.4144,0.2627,0.1722,2026-08-24,709.625,709.65,702.83,706.38,552704.0,706.932044
2026-08-24T20:35:06.234,14,11,QQQ260904C00669000,QQQ,2026-09-04,call,669.0,39.16,10.0,39.59,10.0,39.375,53.21,1.0,0.2546,0.8976,0.0057,-0.3128,0.2189,0.1791,2026-08-24,709.625,709.65,702.83,706.38,552704.0,706.932044
2026-08-24T20:35:06.234,14,11,QQQ260904C00670000,QQQ,2026-09-04,call,670.0,37.98,26.0,39.36,26.0,38.67,36.38,2.0,0.2623,0.8847,0.006,-0.3428,0.2383,0.1766,2026-08-24,709.625,709.65,702.83,706.38,552704.0,706.932044
2026-08-24T20:35:06.234,14,11,QQQ260904C00671000,QQQ,2026-09-04,call,671.0,37.51,4.0,39.11,4.0,38.31,45.2,2.0,0.282,0.8617,0.0064,-0.4039,0.2706,0.1718,2026-08-24,709.625,709.65,702.83,706.38,552704.0,706.932044
2026-08-24T20:35:06.234,14,11,QQQ260904C00672000,QQQ,2026-09-04,call,672.0,37.3,6.0,38.2,6.0,37.75,48.86,1.0,0.2921,0.8468,0.0066,-0.4408,0.2898,0.1688,2026-08-24,709.625,709.65,702.83,706.38,552704.0,706.932044
2026-08-24T20:35:06.234,14,11,QQQ260904C00673000,QQQ,2026-09-04,call,673.0,36.46,6.0,37.01,9.0,36.735,31.5,4.0,0.2858,0.8448,0.0068,-0.4358,0.2924,0.1687,2026-08-24,709.625,709.65,702.83,706.38,552704.0,706.932044
2026-08-24T20:35:06.234,14,11,QQQ260904C00674000,QQQ,2026-09-04,call,674.0,35.23,24.0,36.0,27.0,35.614999999999995,45.08,1.0,0.276,0.8456,0.007,-0.4216,0.2913,0.1692,2026-08-24,709.625,709.65,702.83,706.38,552704.0,706.932044
2026-08-24T20:35:06.234,14,11,QQQ260904C00675000,QQQ,2026-09-04,call,675.0,34.28,4.0,35.28,4.0,34.78,36.15,2.0,0.2758,0.8383,0.0072,-0.4322,0.3003,0.1679,2026-08-24,709.625,709.65,702.83,706.38,552704.0,706.932044
2026-08-24T20:35:06.234,14,11,QQQ260904C00676000,QQQ,2026-09-04,call,676.0,33.04,9.0,33.58,29.0,33.31,35.29,1.0,0.254,0.8496,0.0075,-0.3873,0.2864,0.1707,2026-08-24,709.625,709.65,702.83,706.38,552704.0,706.932044
2026-08-24T20:35:06.234,14,11,QQQ260904C00677000,QQQ,2026-09-04,call,677.0,31.82,9.0,33.08,12.0,32.45,38.05,2.0,0.2531,0.8424,0.0078,-0.396,0.2953,0.1695,2026-08-24,709.625,709.65,702.83,706.38,552704.0,706.932044
2026-08-24T20:35:06.234,14,11,QQQ260904C00678000,QQQ,2026-09-04,call,678.0,31.85,4.0,32.09,4.0,31.970000000000002,30.74,1.0,0.2643,0.8243,0.008,-0.4356,0.3168,0.1658,2026-08-24,709.625,709.65,702.83,706.38,552704.0,706.932044
2026-08-24T20:35:06.234,14,11,QQQ260904C00679000,QQQ,2026-09-04,call,679.0,30.58,68.0,31.59,123.0,31.085,29.0,5.0,0.2619,0.8179,0.0082,-0.4403,0.324,0.1647,2026-08-24,709.625,709.65,702.83,706.38,552704.0,706.932044
2026-08-24T20:35:06.234,14,11,QQQ260904C00680000,QQQ,2026-09-04,call,680.0,29.33,24.0,30.18,10.0,29.755,27.6,4.0,0.2456,0.8239,0.0086,-0.4094,0.3173,0.1663,2026-08-24,709.625,709.65,702.83,706.38,552704.0,706.932044
2026-08-24T20:35:06.234,14,11,QQQ260904C00681000,QQQ,2026-09-04,call,681.0,28.39,6.0,29.8,130.0,29.095,26.53,5.0,0.2501,0.8107,0.0088,-0.4316,0.3319,0.1637,2026-08-24,709.625,709.65,702.83,706.38,552704.0,706.932044
2026-08-24T20:35:06.234,14,11,QQQ260904C00682000,QQQ,2026-09-04,call,682.0,27.69,2.0,28.46,98.0,28.075000000000003,25.92,5.0,0.2434,0.8075,0.0092,-0.4251,0.3353,0.1634,2026-08-24,709.625,709.65,702.83,706.38,552704.0,706.932044
2026-08-24T20:35:06.234,14,11,QQQ260904C00683000,QQQ,2026-09-04,call,683.0,26.63,9.0,27.45,9.0,27.04,28.53,1.0,0.2362,0.8046,0.0095,-0.4174,0.3384,0.1631,2026-08-24,709.625,709.65,702.83,706.38,552704.0,706.932044
2026-08-24T20:35:06.234,14,11,QQQ260904C00684000,QQQ,2026-09-04,call,684.0,25.85,2.0,26.56,10.0,26.205,49.51,1.0,0.2348,0.7959,0.0098,-0.4243,0.3474,0.1615,2026-08-24,709.625,709.65,702.83,706.38,552704.0,706.932044
2026-08-24T20:35:06.234,14,11,QQQ260904C00685000,QQQ,2026-09-04,call,685.0,25.31,23.0,25.48,66.0,25.395,27.41,2.0,0.2339,0.7864,0.0102,-0.4323,0.3568,0.1597,2026-08-24,709.625,709.65,702.83,706.38,552704.0,706.932044
2026-08-24T20:35:06.234,14,11,QQQ260904C00686000,QQQ,2026-09-04,call,686.0,24.72,1.0,25.24,1.0,24.979999999999997,23.47,1.0,0.2434,0.7674,0.0102,-0.4662,0.3746,0.1558,2026-08-24,709.625,709.65,702.83,706.38,552704.0,706.932044
2026-08-24T20:35:06.234,14,11,QQQ260904C00687000,QQQ,2026-09-04,call,687.0,23.46,5.0,24.1,5.0,23.78,30.78,1.0,0.2315,0.7671,0.0108,-0.4462,0.3748,0.1561,2026-08-24,709.625,709.65,702.83,706.38,552704.0,706.932044
2026-08-24T20:35:06.234,14,11,QQQ260904C00688000,QQQ,2026-09-04,call,688.0,23.02,1.0,23.79,1.0,23.405,30.04,1.0,0.2411,0.7477,0.0108,-0.4795,0.3914,0.152,2026-08-24,709.625,709.65,702.83,706.38,552704.0,706.932044
2026-08-24T20:35:06.234,14,11,QQQ260904C00689000,QQQ,2026-09-04,call,689.0,21.94,1.0,22.69,23.0,22.315,23.89,2.0,0.232,0.744,0.0113,-0.4663,0.3944,0.1516,2026-08-24,709.625,709.65,702.83,706.38,552704.0,706.932044
2026-08-24T20:35:06.234,14,11,QQQ260904C00690000,QQQ,2026-09-04,call,690.0,21.16,20.0,22.26,74.0,21.71,21.68,1.0,0.235,0.7299,0.0115,-0.4823,0.4054,0.1488,2026-08-24,709.625,709.65,702.83,706.38,552704.0,706.932044
2026-08-24T20:35:06.234,14,11,QQQ260904C00691000,QQQ,2026-09-04,call,691.0,19.91,1.0,21.08,1.0,20.494999999999997,43.16,1.0,0.2227,0.728,0.0122,-0.4611,0.4068,0.1487,2026-08-24,709.625,709.65,702.83,706.38,552704.0,706.932044
2026-08-24T20:35:06.234,14,11,QQQ260904C00692000,QQQ,2026-09-04,call,692.0,19.48,12.0,21.07,148.0,20.275,20.1,3.0,0.2343,0.7064,0.012,-0.4973,0.422,0.1442,2026-08-24,709.625,709.65,702.83,706.38,552704.0,706.932044
2026-08-24T20:35:06.234,14,11,QQQ260904C00693000,QQQ,2026-09-04,call,693.0,19.18,42.0,19.75,42.0,19.465,18.63,1.0,0.2314,0.6961,0.0123,-0.498,0.4287,0.1423,2026-08-24,709.625,709.65,702.83,706.38,552704.0,706.932044
2026-08-24T20:35:06.234,14,11,QQQ260904C00694000,QQQ,2026-09-04,call,694.0,18.4,3.0,18.81,11.0,18.604999999999997,17.19,1.0,0.2271,0.6864,0.0127,-0.4953,0.4346,0.1405,2026-08-24,709.625,709.65,702.83,706.38,552704.0,706.932044
2026-08-24T20:35:06.234,14,11,QQQ260904C00695000,QQQ,2026-09-04,call,695.0,17.86,4.0,18.01,6.0,17.935000000000002,17.91,4.0,0.227,0.6734,0.013,-0.5019,0.4421,0.1379,2026-08-24,709.625,709.65,702.83,706.38,552704.0,706.932044
2026-08-24T20:35:06.234,14,11,QQQ260904C00696000,QQQ,2026-09-04,call,696.0,17.14,18.0,17.27,9.0,17.205,17.64,2.0,0.2253,0.6612,0.0133,-0.5042,0.4485,0.1355,2026-08-24,709.625,709.65,702.83,706.38,552704.0,706.932044
2026-08-24T20:35:06.234,14,11,QQQ260904C00697000,QQQ,2026-09-04,call,697.0,16.12,1.0,16.47,4.0,16.295,16.45,4.0,0.2193,0.6511,0.0138,-0.4964,0.4535,0.1336,2026-08-24,709.625,709.65,702.83,706.38,552704.0,706.932044
2026-08-24T20:35:06.234,14,11,QQQ260904C00698000,QQQ,2026-09-04,call,698.0,15.69,3.0,15.83,4.0,15.76,16.43,2.0,0.2214,0.636,0.0138,-0.5065,0.4603,0.1306,2026-08-24,709.625,709.65,702.83,706.38,552704.0,706.932044
2026-08-24T20:35:06.234,14,11,QQQ260904C00699000,QQQ,2026-09-04,call,699.0,14.78,20.0,14.94,12.0,14.86,15.37,1.0,0.2152,0.6249,0.0144,-0.4974,0.4649,0.1285,2026-08-24,709.625,709.65,702.83,706.38,552704.0,706.932044
2026-08-24T20:35:06.234,14,11,QQQ260904C00700000,QQQ,2026-09-04,call,700.0,14.39,53.0,14.49,37.0,14.440000000000001,14.41,6.0,0.2191,0.6086,0.0143,-0.5104,0.4708,0.1252,2026-08-24,709.625,709.65,702.83,706.38,552704.0,706.932044
2026-08-24T20:35:06.234,14,11,QQQ260904C00701000,QQQ,2026-09-04,call,701.0,13.67,49.0,13.79,4.0,13.73,13.61,1.0,0.2165,0.5951,0.0146,-0.5081,0.4751,0.1225,2026-08-24,709.625,709.65,702.83,706.38,552704.0,706.932044
2026-08-24T20:35:06.234,14,11,QQQ260904C00702000,QQQ,2026-09-04,call,702.0,12.51,9.0,13.05,15.0,12.780000000000001,13.26,1.0,0.2086,0.5827,0.0153,-0.4935,0.4785,0.1202,2026-08-24,709.625,709.65,702.83,706.38,552704.0,706.932044
2026-08-24T20:35:06.234,14,11,QQQ260904C00703000,QQQ,2026-09-04,call,703.0,11.96,5.0,12.22,5.0,12.09,12.29,1.0,0.2059,0.568,0.0156,-0.4899,0.4819,0.1172,2026-08-24,709.625,709.65,702.83,706.38,552704.0,706.932044
2026-08-24T20:35:06.234,14,11,QQQ260904C00704000,QQQ,2026-09-04,call,704.0,11.47,23.0,11.77,16.0,11.620000000000001,11.9,3.0,0.2075,0.5521,0.0156,-0.495,0.4848,0.114,2026-08-24,709.625,709.65,702.83,706.38,552704.0,706.932044
2026-08-24T20:35:06.234,14,11,QQQ260904C00705000,QQQ,2026-09-04,call,705.0,11.06,45.0,11.19,8.0,11.125,11.14,5.0,0.2082,0.5364,0.0156,-0.4975,0.487,0.1108,2026-08-24,709.625,709.65,702.83,706.38,552704.0,706.932044
2026-08-24T20:35:06.234,14,11,QQQ260904C00706000,QQQ,2026-09-04,call,706.0,10.3,1.0,10.63,23.0,10.465,10.53,1.0,0.2052,0.5208,0.0158,-0.4911,0.4883,0.1077,2026-08-24,709.625,709.65,702.83,706.38,552704.0,706.932044
2026-08-24T20:35:06.234,14,11,QQQ260904C00707000,QQQ,2026-09-04,call,707.0,9.75,13.0,9.95,40.0,9.85,10.05,2.0,0.2028,0.5049,0.016,-0.4853,0.489,0.1045,2026-08-24,709.625,709.65,702.83,706.38,552704.0,706.932044
2026-08-24T20:35:06.234,14,11,QQQ260904C00708000,QQQ,2026-09-04,call,708.0,9.25,46.0,9.35,42.0,9.3,9.6,1.0,0.2014,0.4887,0.0162,-0.481,0.4888,0.1012,2026-08-24,709.625,709.65,702.83,706.38,552704.0,706.932044
2026-08-24T20:35:06.234,14,11,QQQ260904C00709000,QQQ,2026-09-04,call,709.0,8.67,105.0,8.91,23.0,8.79,8.93,1.0,0.2005,0.4724,0.0162,-0.4771,0.4878,0.0979,2026-08-24,709.625,709.65,702.83,706.38,552704.0,706.932044
2026-08-24T20:35:06.234,14,11,QQQ260904C00710000,QQQ,2026-09-04,call,710.0,8.31,47.0,8.4,18.0,8.355,8.35,1.0,0.2008,0.4564,0.0161,-0.4751,0.4861,0.0946,2026-08-24,709.625,709.65,702.83,706.38,552704.0,706.932044
2026-08-24T20:35:06.234,14,11,QQQ260904C00711000,QQQ,2026-09-04,call,711.0,7.83,26.0,7.93,28.0,7.88,7.82,5.0,0.2,0.4402,0.0161,-0.4697,0.4835,0.0913,2026-08-24,709.625,709.65,702.83,706.38,552704.0,706.932044
2026-08-24T20:35:06.234,14,11,QQQ260904C00712000,QQQ,2026-09-04,call,712.0,7.3,7.0,7.32,3.0,7.3100000000000005,7.53,5.0,0.1968,0.4228,0.0162,-0.4583,0.4798,0.0878,2026-08-24,709.625,709.65,702.83,706.38,552704.0,706.932044
2026-08-24T20:35:06.234,14,11,QQQ260904C00712500,QQQ,2026-09-04,call,712.5,6.99,23.0,7.13,8.0,7.0600000000000005,7.28,3.0,0.1958,0.4143,0.0162,-0.4537,0.4777,0.086,2026-08-24,709.625,709.65,702.83,706.38,552704.0,706.932044
2026-08-24T20:35:06.234,14,11,QQQ260904C00713000,QQQ,2026-09-04,call,713.0,6.77,11.0,6.86,26.0,6.8149999999999995,6.86,1.0,0.1948,0.4057,0.0162,-0.4489,0.4753,0.0843,2026-08-24,709.625,709.65,702.83,706.38,552704.0,706.932044
2026-08-24T20:35:06.234,14,11,QQQ260904C00714000,QQQ,2026-09-04,call,714.0,6.33,23.0,6.45,26.0,6.390000000000001,6.43,1.0,0.194,0.3892,0.0161,-0.4412,0.47,0.0809,2026-08-24,709.625,709.65,702.83,706.38,552704.0,706.932044
2026-08-24T20:35:06.234,14,11,QQQ260904C00715000,QQQ,2026-09-04,call,715.0,5.79,96.0,5.99,84.0,5.890000000000001,5.98,9.0,0.1911,0.3714,0.0161,-0.4281,0.4634,0.0772,2026-08-24,709.625,709.65,702.83,706.38,552704.0,706.932044
2026-08-24T20:35:06.234,14,11,QQQ260904C00716000,QQQ,2026-09-04,call,716.0,5.38,37.0,5.63,47.0,5.505,5.54,1.0,0.1904,0.355,0.016,-0.4194,0.4563,0.0739,2026-08-24,709.625,709.65,702.83,706.38,552704.0,706.932044
2026-08-24T20:35:06.234,14,11,QQQ260904C00717000,QQQ,2026-09-04,call,717.0,5.15,27.0,5.21,22.0,5.18,5.23,1.0,0.1906,0.3396,0.0157,-0.4123,0.4489,0.0707,2026-08-24,709.625,709.65,702.83,706.38,552704.0,706.932044
2026-08-24T20:35:06.234,14,11,QQQ260904C00717500,QQQ,2026-09-04,call,717.5,4.96,9.0,5.03,14.0,4.995,5.09,1.0,0.19,0.3314,0.0156,-0.407,0.4447,0.069,2026-08-24,709.625,709.65,702.83,706.38,552704.0,706.932044
2026-08-24T20:35:06.234,14,11,QQQ260904C00718000,QQQ,2026-09-04,call,718.0,4.78,11.0,4.82,73.0,4.800000000000001,4.81,1.0,0.1892,0.323,0.0155,-0.4008,0.44,0.0673,2026-08-24,709.625,709.65,702.83,706.38,552704.0,706.932044
2026-08-24T20:35:06.234,14,11,QQQ260904C00719000,QQQ,2026-09-04,call,719.0,4.39,3.0,4.45,17.0,4.42,4.53,2.0,0.1874,0.3062,0.0153,-0.3876,0.4301,0.0638,2026-08-24,709.625,709.65,702.83,706.38,552704.0,706.932044
2026-08-24T20:35:06.234,14,11,QQQ260904C00720000,QQQ,2026-09-04,call,720.0,4.05,13.0,4.12,79.0,4.085,4.11,2.0,0.1863,0.2901,0.015,-0.3754,0.4197,0.0605,2026-08-24,709.625,709.65,702.83,706.38,552704.0,706.932044
2026-08-24T20:35:06.234,14,11,QQQ260904C00721000,QQQ,2026-09-04,call,721.0,3.78,7.0,3.8,30.0,3.79,4.16,2.0,0.1857,0.275,0.0147,-0.3643,0.409,0.0574,2026-08-24,709.625,709.65,702.83,706.38,552704.0,706.932044
2026-08-24T20:35:06.234,14,11,QQQ260904C00722000,QQQ,2026-09-04,call,722.0,3.37,11.0,3.44,22.0,3.4050000000000002,3.58,2.0,0.1825,0.2569,0.0144,-0.3456,0.3952,0.0537,2026-08-24,709.625,709.65,702.83,706.38,552704.0,706.932044
2026-08-24T20:35:06.234,14,11,QQQ260904C00722500,QQQ,2026-09-04,call,722.5,3.3,45.0,3.36,27.0,3.33,3.3,3.0,0.1837,0.2514,0.0142,-0.3436,0.3907,0.0525,2026-08-24,709.625,709.65,702.83,706.38,552704.0,706.932044
2026-08-24T20:35:06.234,14,11,QQQ260904C00723000,QQQ,2026-09-04,call,723.0,3.19,1.0,3.25,104.0,3.2199999999999998,3.61,1.0,0.1839,0.2448,0.0139,-0.339,0.3852,0.0511,2026-08-24,709.625,709.65,702.83,706.38,552704.0,706.932044
2026-08-24T20:35:06.234,14,11,QQQ260904C00724000,QQQ,2026-09-04,call,724.0,2.85,10.0,2.91,25.0,2.88,2.95,1.0,0.1809,0.2276,0.0136,-0.32,0.37,0.0476,2026-08-24,709.625,709.65,702.83,706.38,552704.0,706.932044
2026-08-24T20:35:06.234,14,11,QQQ260904C00725000,QQQ,2026-09-04,call,725.0,2.58,54.0,2.74,104.0,2.66,2.73,1.0,0.1807,0.2142,0.0132,-0.3084,0.3574,0.0448,2026-08-24,709.625,709.65,702.83,706.38,552704.0,706.932044
2026-08-24T20:35:06.234,14,11,QQQ260904C00726000,QQQ,2026-09-04,call,726.0,2.43,19.0,2.48,57.0,2.455,2.68,1.0,0.1805,0.2014,0.0127,-0.2967,0.3446,0.0421,2026-08-24,709.625,709.65,702.83,706.38,552704.0,706.932044
2026-08-24T20:35:06.234,14,11,QQQ260904C00727000,QQQ,2026-09-04,call,727.0,2.14,21.0,2.26,122.0,2.2,2.24,1.0,0.1784,0.1864,0.0123,-0.2795,0.3287,0.039,2026-08-24,709.625,709.65,702.83,706.38,552704.0,706.932044
2026-08-24T20:35:06.234,14,11,QQQ260904C00727500,QQQ,2026-09-04,call,727.5,2.1,15.0,2.18,47.0,2.14,2.13,1.0,0.1793,0.1817,0.012,-0.2763,0.3235,0.038,2026-08-24,709.625,709.65,702.83,706.38,552704.0,706.932044
2026-08-24T20:35:06.234,14,11,QQQ260904C00728000,QQQ,2026-09-04,call,728.0,2.02,4.0,2.08,109.0,2.05,2.03,1.0,0.1791,0.1757,0.0118,-0.2701,0.3168,0.0368,2026-08-24,709.625,709.65,702.83,706.38,552704.0,706.932044
2026-08-24T20:35:06.234,14,11,QQQ260904C00729000,QQQ,2026-09-04,call,729.0,1.84,11.0,1.89,48.0,1.865,1.85,1.0,0.1784,0.1635,0.0113,-0.2566,0.3025,0.0342,2026-08-24,709.625,709.65,702.83,706.38,552704.0,706.932044
2026-08-24T20:35:06.234,14,11,QQQ260904C00730000,QQQ,2026-09-04,call,730.0,1.59,57.0,1.65,134.0,1.62,1.68,17.0,0.1751,0.1482,0.0108,-0.2359,0.2835,0.031,2026-08-24,709.625,709.65,702.83,706.38,552704.0,706.932044
2026-08-24T20:35:06.234,14,11,QQQ260904C00731000,QQQ,2026-09-04,call,731.0,1.48,27.0,1.49,31.0,1.4849999999999999,1.5,48.0,0.1751,0.1381,0.0103,-0.2247,0.2702,0.0289,2026-08-24,709.625,709.65,702.83,706.38,552704.0,706.932044
2026-08-24T20:35:06.234,14,11,QQQ260904C00732000,QQQ,2026-09-04,call,732.0,1.3,80.0,1.35,213.0,1.3250000000000002,1.37,1.0,0.1738,0.1266,0.0097,-0.2099,0.2545,0.0265,2026-08-24,709.625,709.65,702.83,706.38,552704.0,706.932044
2026-08-24T20:35:06.234,14,11,QQQ260904C00732500,QQQ,2026-09-04,call,732.5,1.27,4.0,1.32,39.0,1.295,1.3,1.0,0.175,0.1235,0.0095,-0.2076,0.2503,0.0259,2026-08-24,709.625,709.65,702.83,706.38,552704.0,706.932044
2026-08-24T20:35:06.234,14,11,QQQ260904C00733000,QQQ,2026-09-04,call,733.0,1.21,43.0,1.25,128.0,1.23,1.2,1.0,0.1747,0.1186,0.0093,-0.2013,0.2432,0.0249,2026-08-24,709.625,709.65,702.83,706.38,552704.0,706.932044
2026-08-24T20:35:06.234,14,11,QQQ260904C00734000,QQQ,2026-09-04,call,734.0,1.04,39.0,1.13,104.0,1.085,1.12,1.0,0.1731,0.1077,0.0087,-0.1861,0.2271,0.0226,2026-08-24,709.625,709.65,702.83,706.38,552704.0,706.932044
2026-08-24T20:35:06.234,14,11,QQQ260904C00735000,QQQ,2026-09-04,call,735.0,0.98,73.0,1.0,19.0,0.99,0.98,10.0,0.1732,0.0998,0.0083,-0.176,0.2148,0.0209,2026-08-24,709.625,709.65,702.83,706.38,552704.0,706.932044
2026-08-24T20:35:06.234,14,11,QQQ260904C00736000,QQQ,2026-09-04,call,736.0,0.87,40.0,0.9,28.0,0.885,0.9,1.0,0.1725,0.0912,0.0078,-0.1639,0.201,0.0191,2026-08-24,709.625,709.65,702.83,706.38,552704.0,706.932044
2026-08-24T20:35:06.234,14,11,QQQ260904C00737000,QQQ,2026-09-04,call,737.0,0.74,1.0,0.76,2.0,0.75,0.83,2.0,0.1697,0.0804,0.0072,-0.1467,0.1829,0.0169,2026-08-24,709.625,709.65,702.83,706.38,552704.0,706.932044
2026-08-24T20:35:06.234,14,11,QQQ260904C00737500,QQQ,2026-09-04,call,737.5,0.74,1.0,0.76,28.0,0.75,0.74,1.0,0.1718,0.0796,0.007,-0.1473,0.1815,0.0167,2026-08-24,709.625,709.65,702.83,706.38,552704.0,706.932044
2026-08-24T20:35:06.234,14,11,QQQ260904C00738000,QQQ,2026-09-04,call,738.0,0.69,38.0,0.72,27.0,0.705,0.77,2.0,0.1713,0.0757,0.0068,-0.1414,0.1748,0.0159,2026-08-24,709.625,709.65,702.83,706.38,552704.0,706.932044
2026-08-24T20:35:06.234,14,11,QQQ260904C00739000,QQQ,2026-09-04,call,739.0,0.58,219.0,0.64,47.0,0.61,0.7,1.0,0.1697,0.0675,0.0063,-0.1281,0.16,0.0142,2026-08-24,709.625,709.65,702.83,706.38,552704.0,706.932044
2026-08-24T20:35:06.234,14,11,QQQ260904C00740000,QQQ,2026-09-04,call,740.0,0.55,35.0,0.57,29.0,0.56,0.57,5.0,0.1704,0.0625,0.0059,-0.1212,0.1508,0.0131,2026-08-24,709.625,709.65,702.83,706.38,552704.0,706.932044
2026-08-24T20:35:06.234,14,11,QQQ260904C00741000,QQQ,2026-09-04,call,741.0,0.49,47.0,0.51,29.0,0.5,0.51,1.0,0.1701,0.0568,0.0055,-0.1122,0.1399,0.0119,2026-08-24,709.625,709.65,702.83,706.38,552704.0,706.932044
2026-08-24T20:35:06.234,14,11,QQQ260904C00742000,QQQ,2026-09-04,call,742.0,0.44,5.0,0.46,48.0,0.45,0.47,5.0,0.1702,0.0519,0.0051,-0.1043,0.1302,0.0109,2026-08-24,709.625,709.65,702.83,706.38,552704.0,706.932044
2026-08-24T20:35:06.234,14,11,QQQ260904C00742500,QQQ,2026-09-04,call,742.5,0.42,1.0,0.43,30.0,0.425,0.47,1.0,0.1701,0.0494,0.0049,-0.1003,0.1252,0.0104,2026-08-24,709.625,709.65,702.83,706.38,552704.0,706.932044
2026-08-24T20:35:06.234,14,11,QQQ260904C00743000,QQQ,2026-09-04,call,743.0,0.39,5.0,0.41,49.0,0.4,0.4,1.0,0.1699,0.0469,0.0047,-0.0961,0.1202,0.0099,2026-08-24,709.625,709.65,702.83,706.38,552704.0,706.932044
2026-08-24T20:35:06.234,14,11,QQQ260904C00744000,QQQ,2026-09-04,call,744.0,0.34,50.0,0.36,32.0,0.35,0.34,1.0,0.1692,0.042,0.0043,-0.0874,0.1098,0.0088,2026-08-24,709.625,709.65,702.83,706.38,552704.0,706.932044
2026-08-24T20:35:06.234,14,11,QQQ260904C00745000,QQQ,2026-09-04,call,745.0,0.27,30.0,0.32,31.0,0.29500000000000004,0.31,4.0,0.1674,0.0365,0.0039,-0.0771,0.098,0.0077,2026-08-24,709.625,709.65,702.83,706.38,552704.0,706.932044
2026-08-24T20:35:06.234,14,11,QQQ260904C00746000,QQQ,2026-09-04,call,746.0,0.23,85.0,0.3,182.0,0.265,0.33,1.0,0.1677,0.0332,0.0036,-0.0714,0.0906,0.007,2026-08-24,709.625,709.65,702.83,706.38,552704.0,706.932044
2026-08-24T20:35:06.234,14,11,QQQ260904C00747000,QQQ,2026-09-04,call,747.0,0.24,13.0,0.26,10.0,0.25,0.22,2.0,0.1694,0.0312,0.0034,-0.0686,0.0862,0.0066,2026-08-24,709.625,709.65,702.83,706.38,552704.0,706.932044
2026-08-24T20:35:06.234,14,11,QQQ260904C00748000,QQQ,2026-09-04,call,748.0,0.22,5.0,0.24,188.0,0.22999999999999998,0.24,1.0,0.1704,0.0289,0.0032,-0.0646,0.0808,0.0061,2026-08-24,709.625,709.65,702.83,706.38,552704.0,706.932044
2026-08-24T20:35:06.234,14,11,QQQ260904C00749000,QQQ,2026-09-04,call,749.0,0.15,20.0,0.18,227.0,0.16499999999999998,0.19,4.0,0.1647,0.0222,0.0026,-0.0501,0.0648,0.0047,2026-08-24,709.625,709.65,702.83,706.38,552704.0,706.932044
2026-08-24T20:35:06.234,14,11,QQQ260904C00750000,QQQ,2026-09-04,call,750.0,0.17,142.0,0.2,275.0,0.185,0.16,8.0,0.1709,0.0238,0.0027,-0.055,0.0687,0.005,2026-08-24,709.625,709.65,702.83,706.38,552704.0,706.932044
2026-08-24T20:35:06.234,14,11,QQQ260904C00751000,QQQ,2026-09-04,call,751.0,0.15,43.0,0.17,294.0,0.16,0.14,34.0,0.1703,0.021,0.0024,-0.0493,0.0618,0.0044,2026-08-24,709.625,709.65,702.83,706.38,552704.0,706.932044
2026-08-24T20:35:06.234,14,11,QQQ260904C00752000,QQQ,2026-09-04,call,752.0,0.14,2.0,0.16,104.0,0.15000000000000002,0.14,75.0,0.1717,0.0196,0.0023,-0.047,0.0585,0.0041,2026-08-24,709.625,709.65,702.83,706.38,552704.0,706.932044
2026-08-24T20:35:06.234,14,11,QQQ260904C00753000,QQQ,2026-09-04,call,753.0,0.08,53.0,0.11,207.0,0.095,0.14,33.0,0.1639,0.0136,0.0017,-0.0328,0.0427,0.0029,2026-08-24,709.625,709.65,702.83,706.38,552704.0,706.932044
2026-08-24T20:35:06.234,14,11,QQQ260904C00754000,QQQ,2026-09-04,call,754.0,0.07,35.0,0.14,403.0,0.10500000000000001,0.12,2.0,0.1691,0.0145,0.0018,-0.0356,0.045,0.003,2026-08-24,709.625,709.65,702.83,706.38,552704.0,706.932044
2026-08-24T20:35:06.234,14,11,QQQ260904C00755000,QQQ,2026-09-04,call,755.0,0.1,6.0,0.12,155.0,0.11,0.1,1.0,0.1732,0.0148,0.0018,-0.0371,0.0458,0.0031,2026-08-24,709.625,709.65,702.83,706.38,552704.0,706.932044
2026-08-24T20:35:06.234,14,11,QQQ260904C00756000,QQQ,2026-09-04,call,756.0,0.09,6.0,0.11,91.0,0.1,0.09,5.0,0.1739,0.0135,0.0016,-0.0345,0.0424,0.0028,2026-08-24,709.625,709.65,702.83,706.38,552704.0,706.932044
2026-08-24T20:35:06.234,14,11,QQQ260904C00757000,QQQ,2026-09-04,call,757.0,0.08,58.0,0.1,53.0,0.09,0.07,6.0,0.1744,0.0123,0.0015,-0.0318,0.039,0.0026,2026-08-24,709.625,709.65,702.83,706.38,552704.0,706.932044
2026-08-24T20:35:06.234,14,11,QQQ260904C00758000,QQQ,2026-09-04,call,758.0,0.07,52.0,0.1,458.0,0.085,0.07,1.0,0.1759,0.0116,0.0014,-0.0304,0.0371,0.0024,2026-08-24,709.625,709.65,702.83,706.38,552704.0,706.932044
2026-08-24T20:35:06.234,14,11,QQQ260904C00759000,QQQ,2026-09-04,call,759.0,0.03,28.0,0.05,141.0,0.04,0.11,1.0,0.1632,0.0062,0.0009,-0.0165,0.0216,0.0013,2026-08-24,709.625,709.65,702.83,706.38,552704.0,706.932044
2026-08-24T20:35:06.234,14,11,QQQ260904C00760000,QQQ,2026-09-04,call,760.0,0.02,73.0,0.05,202.0,0.035,0.06,2.0,0.1634,0.0055,0.0008,-0.0148,0.0194,0.0012,2026-08-24,709.625,709.65,702.83,706.38,552704.0,706.932044
2026-08-24T20:35:06.234,14,11,QQQ260904C00761000,QQQ,2026-09-04,call,761.0,0.06,28.0,0.08,416.0,0.07,0.06,1.0,0.18,0.0095,0.0012,-0.0262,0.0312,0.002,2026-08-24,709.625,709.65,702.83,706.38,552704.0,706.932044
2026-08-24T20:35:06.234,14,11,QQQ260904C00762000,QQQ,2026-09-04,call,762.0,0.01,76.0,0.04,453.0,0.025,0.06,5.0,0.1626,0.0041,0.0006,-0.0112,0.0148,0.0009,2026-08-24,709.625,709.65,702.83,706.38,552704.0,706.932044
2026-08-24T20:35:06.234,14,11,QQQ260904C00763000,QQQ,2026-09-04,call,763.0,0.01,28.0,0.04,480.0,0.025,0.05,10.0,0.1652,0.004,0.0006,-0.0112,0.0146,0.0008,2026-08-24,709.625,709.65,702.83,706.38,552704.0,706.932044
2026-08-24T20:35:06.234,14,11,QQQ260904C00764000,QQQ,2026-09-04,call,764.0,0.01,2.0,0.03,248.0,0.02,0.05,2.0,0.1639,0.0033,0.0005,-0.0093,0.0122,0.0007,2026-08-24,709.625,709.65,702.83,706.38,552704.0,706.932044
2026-08-24T20:35:06.234,14,11,QQQ260904C00765000,QQQ,2026-09-04,call,765.0,0.04,66.0,0.07,215.0,0.05500000000000001,0.04,10.0,0.1857,0.0074,0.0009,-0.0218,0.0252,0.0016,2026-08-24,709.625,709.65,702.83,706.38,552704.0,706.932044
2026-08-24T20:35:06.234,14,11,QQQ260904C00766000,QQQ,2026-09-04,call,766.0,0.01,39.0,0.03,349.0,0.02,0.04,1.0,0.1689,0.0032,0.0005,-0.0094,0.0119,0.0007,2026-08-24,709.625,709.65,702.83,706.38,552704.0,706.932044
2026-08-24T20:35:06.234,14,11,QQQ260904C00767000,QQQ,2026-09-04,call,767.0,0.01,57.0,0.03,577.0,0.02,0.04,2.0,0.1713,0.0032,0.0005,-0.0094,0.0118,0.0007,2026-08-24,709.625,709.65,702.83,706.38,552704.0,706.932044
2026-08-24T20:35:06.234,14,11,QQQ260904C00768000,QQQ,2026-09-04,call,768.0,0.01,41.0,0.02,396.0,0.015,0.05,5.0,0.169,0.0025,0.0004,-0.0074,0.0094,0.0005,2026-08-24,709.625,709.65,702.83,706.38,552704.0,706.932044
2026-08-24T20:35:06.234,14,11,QQQ260904C00769000,QQQ,2026-09-04,call,769.0,0.03,195.0,0.06,195.0,0.045,0.13,1.0,0.1919,0.006,0.0007,-0.0186,0.0209,0.0013,2026-08-24,709.625,709.65,702.83,706.38,552704.0,706.932044
2026-08-24T20:35:06.234,14,11,QQQ260904C00770000,QQQ,2026-09-04,call,770.0,0.03,95.0,0.06,291.0,0.045,0.02,50.0,0.1945,0.0059,0.0007,-0.0187,0.0206,0.0012,2026-08-24,709.625,709.65,702.83,706.38,552704.0,706.932044
2026-08-24T20:35:06.234,14,11,QQQ260904C00771000,QQQ,2026-09-04,call,771.0,0.01,441.0,0.06,675.0,0.034999999999999996,0.05,3.0,0.1918,0.0048,0.0006,-0.0152,0.017,0.001,2026-08-24,709.625,709.65,702.83,706.38,552704.0,706.932044
2026-08-24T20:35:06.234,14,11,QQQ260904C00772000,QQQ,2026-09-04,call,772.0,0.01,303.0,0.02,509.0,0.015,0.09,4.0,0.1785,0.0023,0.0003,-0.0074,0.009,0.0005,2026-08-24,709.625,709.65,702.83,706.38,552704.0,706.932044
2026-08-24T20:35:06.234,14,11,QQQ260904C00773000,QQQ,2026-09-04,call,773.0,0.03,71.0,0.06,136.0,0.045,0.1,3.0,0.2023,0.0057,0.0007,-0.0188,0.02,0.0012,2026-08-24,709.625,709.65,702.83,706.38,552704.0,706.932044
2026-08-24T20:35:06.234,14,11,QQQ260904C00774000,QQQ,2026-09-04,call,774.0,0.03,121.0,0.06,261.0,0.045,0.05,1.0,0.2049,0.0057,0.0006,-0.0188,0.0198,0.0012,2026-08-24,709.625,709.65,702.83,706.38,552704.0,706.932044
2026-08-24T20:35:06.234,14,11,QQQ260904C00775000,QQQ,2026-09-04,call,775.0,0.03,64.0,0.06,284.0,0.045,0.05,2.0,0.2075,0.0056,0.0006,-0.0189,0.0196,0.0012,2026-08-24,709.625,709.65,702.83,706.38,552704.0,706.932044
2026-08-24T20:35:06.234,14,11,QQQ260904C00776000,QQQ,2026-09-04,call,776.0,0.01,53.0,0.02,192.0,0.015,0.03,2.0,0.1879,0.0022,0.0003,-0.0075,0.0086,0.0005,2026-08-24,709.625,709.65,702.83,706.38,552704.0,706.932044
2026-08-24T20:35:06.234,14,11,QQQ260904C00777000,QQQ,2026-09-04,call,777.0,0.03,48.0,0.05,159.0,0.04,0.03,19.0,0.2099,0.005,0.0006,-0.0172,0.0176,0.001,2026-08-24,709.625,709.65,702.83,706.38,552704.0,706.932044
2026-08-24T20:35:06.234,14,11,QQQ260904C00778000,QQQ,2026-09-04,call,778.0,0.03,48.0,0.05,62.0,0.04,0.16,1.0,0.2124,0.0049,0.0005,-0.0172,0.0175,0.001,2026-08-24,709.625,709.65,702.83,706.38,552704.0,706.932044
2026-08-24T20:35:06.234,14,11,QQQ260904C00779000,QQQ,2026-09-04,call,779.0,0.03,13.0,0.05,108.0,0.04,0.02,1.0,0.215,0.0049,0.0005,-0.0172,0.0173,0.001,2026-08-24,709.625,709.65,702.83,706.38,552704.0,706.932044
2026-08-24T20:35:06.234,14,11,QQQ260904C00780000,QQQ,2026-09-04,call,780.0,0.01,2.0,0.05,112.0,0.030000000000000002,0.02,3.0,0.211,0.0038,0.0004,-0.0136,0.0139,0.0008,2026-08-24,709.625,709.65,702.83,706.38,552704.0,706.932044
2026-08-24T20:35:06.234,14,11,QQQ260904C00781000,QQQ,2026-09-04,call,781.0,0.01,2.0,0.05,89.0,0.030000000000000002,0.04,2.0,0.2135,0.0038,0.0004,-0.0136,0.0137,0.0008,2026-08-24,709.625,709.65,702.83,706.38,552704.0,706.932044
2026-08-24T20:35:06.234,14,11,QQQ260904C00782000,QQQ,2026-09-04,call,782.0,0.0,0.0,0.05,80.0,0.025,0.1,3.0,,,,,,,2026-08-24,709.625,709.65,702.83,706.38,552704.0,706.932044
2026-08-24T20:35:06.234,14,11,QQQ260904C00783000,QQQ,2026-09-04,call,783.0,0.0,0.0,0.01,80.0,0.005,0.17,1.0,,,,,,,2026-08-24,709.625,709.65,702.83,706.38,552704.0,706.932044
2026-08-24T20:35:06.234,14,11,QQQ260904C00784000,QQQ,2026-09-04,call,784.0,0.0,0.0,0.01,132.0,0.005,0.07,1.0,,,,,,,2026-08-24,709.625,709.65,702.83,706.38,552704.0,706.932044
2026-08-24T20:35:06.234,14,11,QQQ260904C00785000,QQQ,2026-09-04,call,785.0,0.0,0.0,0.05,388.0,0.025,0.04,1.0,,,,,,,2026-08-24,709.625,709.65,702.83,706.38,552704.0,706.932044
2026-08-24T20:35:06.234,14,11,QQQ260904C00786000,QQQ,2026-09-04,call,786.0,0.0,0.0,0.01,215.0,0.005,0.08,3.0,,,,,,,2026-08-24,709.625,709.65,702.83,706.38,552704.0,706.932044
2026-08-24T20:35:06.234,14,11,QQQ260904C00787000,QQQ,2026-09-04,call,787.0,0.0,0.0,0.01,87.0,0.005,0.45,1.0,,,,,,,2026-08-24,709.625,709.65,702.83,706.38,552704.0,706.932044
2026-08-24T20:35:06.234,14,11,QQQ260904C00788000,QQQ,2026-09-04,call,788.0,0.0,0.0,0.01,88.0,0.005,0.05,1.0,,,,,,,2026-08-24,709.625,709.65,702.83,706.38,552704.0,706.932044
2026-08-24T20:35:06.234,14,11,QQQ260904C00789000,QQQ,2026-09-04,call,789.0,0.0,0.0,0.01,147.0,0.005,0.09,3.0,,,,,,,2026-08-24,709.625,709.65,702.83,706.38,552704.0,706.932044
2026-08-24T20:35:06.234,14,11,QQQ260904C00790000,QQQ,2026-09-04,call,790.0,0.0,0.0,0.05,155.0,0.025,0.03,1.0,,,,,,,2026-08-24,709.625,709.65,702.83,706.38,552704.0,706.932044
2026-08-24T20:35:06.234,14,11,QQQ260904C00791000,QQQ,2026-09-04,call,791.0,0.0,0.0,0.05,238.0,0.025,0.07,3.0,,,,,,,2026-08-24,709.625,709.65,702.83,706.38,552704.0,706.932044
2026-08-24T20:35:06.234,14,11,QQQ260904C00792000,QQQ,2026-09-04,call,792.0,0.0,0.0,0.01,93.0,0.005,0.06,3.0,,,,,,,2026-08-24,709.625,709.65,702.83,706.38,552704.0,706.932044
2026-08-24T20:35:06.234,14,11,QQQ260904C00793000,QQQ,2026-09-04,call,793.0,0.0,0.0,0.01,91.0,0.005,0.62,1.0,,,,,,,2026-08-24,709.625,709.65,702.83,706.38,552704.0,706.932044
2026-08-24T20:35:06.234,14,11,QQQ260904C00794000,QQQ,2026-09-04,call,794.0,0.0,0.0,0.05,159.0,0.025,0.56,6.0,,,,,,,2026-08-24,709.625,709.65,702.83,706.38,552704.0,706.932044
2026-08-24T20:35:06.234,14,11,QQQ260904C00795000,QQQ,2026-09-04,call,795.0,0.0,0.0,0.05,165.0,0.025,0.02,1.0,,,,,,,2026-08-24,709.625,709.65,702.83,706.38,552704.0,706.932044
2026-08-24T20:35:06.234,14,11,QQQ260904C00796000,QQQ,2026-09-04,call,796.0,0.0,0.0,0.01,267.0,0.005,0.47,1.0,,,,,,,2026-08-24,709.625,709.65,702.83,706.38,552704.0,706.932044
2026-08-24T20:35:06.234,14,11,QQQ260904C00797000,QQQ,2026-09-04,call,797.0,0.0,0.0,0.01,148.0,0.005,0.21,1.0,,,,,,,2026-08-24,709.625,709.65,702.83,706.38,552704.0,706.932044
2026-08-24T20:35:06.234,14,11,QQQ260904C00798000,QQQ,2026-09-04,call,798.0,0.0,0.0,0.05,145.0,0.025,0.79,1.0,,,,,,,2026-08-24,709.625,709.65,702.83,706.38,552704.0,706.932044
2026-08-24T20:35:06.234,14,11,QQQ260904C00799000,QQQ,2026-09-04,call,799.0,0.0,0.0,0.05,267.0,0.025,0.36,1.0,,,,,,,2026-08-24,709.625,709.65,702.83,706.38,552704.0,706.932044
2026-08-24T20:35:06.234,14,11,QQQ260904C00800000,QQQ,2026-09-04,call,800.0,0.0,0.0,0.05,262.0,0.025,0.01,5.0,,,,,,,2026-08-24,709.625,709.65,702.83,706.38,552704.0,706.932044
2026-08-24T20:35:06.234,14,11,QQQ260904C00801000,QQQ,2026-09-04,call,801.0,0.0,0.0,0.01,271.0,0.005,0.03,3.0,,,,,,,2026-08-24,709.625,709.65,702.83,706.38,552704.0,706.932044
2026-08-24T20:35:06.234,14,11,QQQ260904C00802000,QQQ,2026-09-04,call,802.0,0.0,0.0,0.05,252.0,0.025,0.03,1.0,,,,,,,2026-08-24,709.625,709.65,702.83,706.38,552704.0,706.932044
2026-08-24T20:35:06.234,14,11,QQQ260904C00803000,QQQ,2026-09-04,call,803.0,0.0,0.0,0.01,458.0,0.005,0.01,1.0,,,,,,,2026-08-24,709.625,709.65,702.83,706.38,552704.0,706.932044
2026-08-24T20:35:06.234,14,11,QQQ260904C00804000,QQQ,2026-09-04,call,804.0,0.0,0.0,0.01,186.0,0.005,0.01,2.0,,,,,,,2026-08-24,709.625,709.65,702.83,706.38,552704.0,706.932044
2026-08-24T20:35:06.234,14,11,QQQ260904C00805000,QQQ,2026-09-04,call,805.0,0.0,0.0,0.05,243.0,0.025,0.02,1.0,,,,,,,2026-08-24,709.625,709.65,702.83,706.38,552704.0,706.932044
2026-08-24T20:35:06.234,14,11,QQQ260904C00806000,QQQ,2026-09-04,call,806.0,0.0,0.0,0.01,310.0,0.005,0.02,3.0,,,,,,,2026-08-24,709.625,709.65,702.83,706.38,552704.0,706.932044
2026-08-24T20:35:06.234,14,11,QQQ260904C00807000,QQQ,2026-09-04,call,807.0,0.0,0.0,0.01,324.0,0.005,0.33,10.0,,,,,,,2026-08-24,709.625,709.65,702.83,706.38,552704.0,706.932044
2026-08-24T20:35:06.234,14,11,QQQ260904C00808000,QQQ,2026-09-04,call,808.0,0.0,0.0,0.05,149.0,0.025,0.05,10.0,,,,,,,2026-08-24,709.625,709.65,702.83,706.38,552704.0,706.932044
2026-08-24T20:35:06.234,14,11,QQQ260904C00809000,QQQ,2026-09-04,call,809.0,0.0,0.0,0.01,167.0,0.005,0.27,4.0,,,,,,,2026-08-24,709.625,709.65,702.83,706.38,552704.0,706.932044
2026-08-24T20:35:06.234,14,11,QQQ260904C00810000,QQQ,2026-09-04,call,810.0,0.0,0.0,0.05,87.0,0.025,0.02,1.0,,,,,,,2026-08-24,709.625,709.65,702.83,706.38,552704.0,706.932044
2026-08-24T20:35:06.234,14,11,QQQ260904C00811000,QQQ,2026-09-04,call,811.0,0.0,0.0,0.01,148.0,0.005,0.08,1.0,,,,,,,2026-08-24,709.625,709.65,702.83,706.38,552704.0,706.932044
2026-08-24T20:35:06.234,14,11,QQQ260904C00812000,QQQ,2026-09-04,call,812.0,0.0,0.0,0.05,169.0,0.025,0.24,1.0,,,,,,,2026-08-24,709.625,709.65,702.83,706.38,552704.0,706.932044
2026-08-24T20:35:06.234,14,11,QQQ260904C00813000,QQQ,2026-09-04,call,813.0,0.0,0.0,0.05,148.0,0.025,0.09,1.0,,,,,,,2026-08-24,709.625,709.65,702.83,706.38,552704.0,706.932044
2026-08-24T20:35:06.234,14,11,QQQ260904C00814000,QQQ,2026-09-04,call,814.0,0.0,0.0,0.01,145.0,0.005,0.77,1.0,,,,,,,2026-08-24,709.625,709.65,702.83,706.38,552704.0,706.932044
2026-08-24T20:35:06.234,14,11,QQQ260904C00815000,QQQ,2026-09-04,call,815.0,0.0,0.0,0.01,281.0,0.005,0.03,1.0,,,,,,,2026-08-24,709.625,709.65,702.83,706.38,552704.0,706.932044
2026-08-24T20:35:06.234,14,11,QQQ260904C00816000,QQQ,2026-09-04,call,816.0,0.0,0.0,0.01,106.0,0.005,0.18,1.0,,,,,,,2026-08-24,709.625,709.65,702.83,706.38,552704.0,706.932044
2026-08-24T20:35:06.234,14,11,QQQ260904C00817000,QQQ,2026-09-04,call,817.0,0.0,0.0,0.01,115.0,0.005,0.01,6.0,,,,,,,2026-08-24,709.625,709.65,702.83,706.38,552704.0,706.932044
2026-08-24T20:35:06.234,14,11,QQQ260904C00818000,QQQ,2026-09-04,call,818.0,0.0,0.0,0.01,107.0,0.005,0.03,1.0,,,,,,,2026-08-24,709.625,709.65,702.83,706.38,552704.0,706.932044
2026-08-24T20:35:06.234,14,11,QQQ260904C00819000,QQQ,2026-09-04,call,819.0,0.0,0.0,0.04,69.0,0.02,0.64,1.0,,,,,,,2026-08-24,709.625,709.65,702.83,706.38,552704.0,706.932044
2026-08-24T20:35:06.234,14,11,QQQ260904C00820000,QQQ,2026-09-04,call,820.0,0.0,0.0,0.01,87.0,0.005,0.03,1.0,,,,,,,2026-08-24,709.625,709.65,702.83,706.38,552704.0,706.932044
2026-08-24T20:35:06.234,14,11,QQQ260904C00825000,QQQ,2026-09-04,call,825.0,0.0,0.0,0.01,71.0,0.005,0.14,1.0,,,,,,,2026-08-24,709.625,709.65,702.83,706.38,552704.0,706.932044
2026-08-24T20:35:06.234,14,11,QQQ260904C00830000,QQQ,2026-09-04,call,830.0,0.0,0.0,0.04,53.0,0.02,0.01,1.0,,,,,,,2026-08-24,709.625,709.65,702.83,706.38,552704.0,706.932044
2026-08-24T20:35:06.234,14,11,QQQ260904C00835000,QQQ,2026-09-04,call,835.0,0.0,0.0,0.01,86.0,0.005,0.01,1.0,,,,,,,2026-08-24,709.625,709.65,702.83,706.38,552704.0,706.932044
2026-08-24T20:35:06.234,14,11,QQQ260904C00840000,QQQ,2026-09-04,call,840.0,0.0,0.0,0.01,121.0,0.005,0.11,1.0,,,,,,,2026-08-24,709.625,709.65,702.83,706.38,552704.0,706.932044
2026-08-24T20:35:06.234,14,11,QQQ260904C00845000,QQQ,2026-09-04,call,845.0,0.0,0.0,0.01,236.0,0.005,0.44,1.0,,,,,,,2026-08-24,709.625,709.65,702.83,706.38,552704.0,706.932044
2026-08-24T20:35:06.234,14,11,QQQ260904C00850000,QQQ,2026-09-04,call,850.0,0.0,0.0,0.01,253.0,0.005,0.03,6.0,,,,,,,2026-08-24,709.625,709.65,702.83,706.38,552704.0,706.932044
2026-08-24T20:35:06.234,14,11,QQQ260904C00860000,QQQ,2026-09-04,call,860.0,0.0,0.0,0.01,136.0,0.005,0.05,1.0,,,,,,,2026-08-24,709.625,709.65,702.83,706.38,552704.0,706.932044
2026-08-24T20:35:06.234,14,11,QQQ260904C00870000,QQQ,2026-09-04,call,870.0,0.0,0.0,0.04,114.0,0.02,0.05,2.0,,,,,,,2026-08-24,709.625,709.65,702.83,706.38,552704.0,706.932044
2026-08-24T20:35:06.234,14,11,QQQ260904C00880000,QQQ,2026-09-04,call,880.0,0.0,0.0,0.03,3.0,0.015,0.05,2.0,,,,,,,2026-08-24,709.625,709.65,702.83,706.38,552704.0,706.932044
2026-08-24T20:35:06.234,14,11,QQQ260904C00885000,QQQ,2026-09-04,call,885.0,0.0,0.0,0.01,80.0,0.005,0.02,35.0,,,,,,,2026-08-24,709.625,709.65,702.83,706.38,552704.0,706.932044
2026-08-24T20:35:06.234,14,11,QQQ260904C00890000,QQQ,2026-09-04,call,890.0,0.0,0.0,0.01,121.0,0.005,0.17,1.0,,,,,,,2026-08-24,709.625,709.65,702.83,706.38,552704.0,706.932044
2026-08-24T20:35:06.234,14,11,QQQ260904C00895000,QQQ,2026-09-04,call,895.0,0.0,0.0,0.01,137.0,0.005,0.03,1.0,,,,,,,2026-08-24,709.625,709.65,702.83,706.38,552704.0,706.932044
2026-08-24T20:35:06.234,14,11,QQQ260904C00900000,QQQ,2026-09-04,call,900.0,0.0,0.0,0.04,124.0,0.02,0.06,1.0,,,,,,,2026-08-24,709.625,709.65,702.83,706.38,552704.0,706.932044
2026-08-24T20:35:06.234,14,11,QQQ260904C00905000,QQQ,2026-09-04,call,905.0,0.0,0.0,0.04,82.0,0.02,,,,,,,,,2026-08-24,709.625,709.65,702.83,706.38,552704.0,706.932044
2026-08-24T20:35:06.234,14,11,QQQ260904C00910000,QQQ,2026-09-04,call,910.0,0.0,0.0,0.04,144.0,0.02,,,,,,,,,2026-08-24,709.625,709.65,702.83,706.38,552704.0,706.932044
2026-08-24T20:35:06.234,14,11,QQQ260904C00915000,QQQ,2026-09-04,call,915.0,0.0,0.0,0.04,70.0,0.02,,,,,,,,,2026-08-24,709.625,709.65,702.83,706.38,552704.0,706.932044
2026-08-24T20:35:06.234,14,11,QQQ260904C00920000,QQQ,2026-09-04,call,920.0,0.0,0.0,0.01,85.0,0.005,0.03,1.0,,,,,,,2026-08-24,709.625,709.65,702.83,706.38,552704.0,706.932044
2026-08-24T20:35:06.234,14,11,QQQ260904C00925000,QQQ,2026-09-04,call,925.0,0.0,0.0,0.04,148.0,0.02,,,,,,,,,2026-08-24,709.625,709.65,702.83,706.38,552704.0,706.932044
2026-08-24T20:35:06.234,14,11,QQQ260904C00930000,QQQ,2026-09-04,call,930.0,0.0,0.0,0.04,87.0,0.02,0.08,3.0,,,,,,,2026-08-24,709.625,709.65,702.83,706.38,552704.0,706.932044
2026-08-24T20:35:06.234,14,11,QQQ260904C00935000,QQQ,2026-09-04,call,935.0,0.0,0.0,0.01,100.0,0.005,,,,,,,,,2026-08-24,709.625,709.65,702.83,706.38,552704.0,706.932044
2026-08-24T20:35:06.234,14,11,QQQ260904C00940000,QQQ,2026-09-04,call,940.0,0.0,0.0,0.01,91.0,0.005,0.04,1.0,,,,,,,2026-08-24,709.625,709.65,702.83,706.38,552704.0,706.932044
2026-08-24T20:35:06.234,14,11,QQQ260904C00945000,QQQ,2026-09-04,call,945.0,0.0,0.0,0.04,91.0,0.02,0.02,1.0,,,,,,,2026-08-24,709.625,709.65,702.83,706.38,552704.0,706.932044
2026-08-24T20:35:06.234,14,11,QQQ260904C00950000,QQQ,2026-09-04,call,950.0,0.0,0.0,0.01,161.0,0.005,0.03,5.0,,,,,,,2026-08-24,709.625,709.65,702.83,706.38,552704.0,706.932044
2026-08-24T20:35:06.234,14,11,QQQ260904P00400000,QQQ,2026-09-04,put,400.0,0.03,14.0,0.04,10.0,0.035,0.03,1.0,,,,,,,2026-08-24,709.625,709.65,702.83,706.38,552704.0,706.932044
2026-08-24T20:35:06.234,14,11,QQQ260904P00405000,QQQ,2026-09-04,put,405.0,0.01,52.0,0.04,100.0,0.025,0.03,1.0,,,,,,,2026-08-24,709.625,709.65,702.83,706.38,552704.0,706.932044
2026-08-24T20:35:06.234,14,11,QQQ260904P00410000,QQQ,2026-09-04,put,410.0,0.01,57.0,0.02,100.0,0.015,0.03,100.0,,,,,,,2026-08-24,709.625,709.65,702.83,706.38,552704.0,706.932044
2026-08-24T20:35:06.234,14,11,QQQ260904P00415000,QQQ,2026-09-04,put,415.0,0.03,137.0,0.06,141.0,0.045,0.03,100.0,,,,,,,2026-08-24,709.625,709.65,702.83,706.38,552704.0,706.932044
2026-08-24T20:35:06.234,14,11,QQQ260904P00420000,QQQ,2026-09-04,put,420.0,0.01,73.0,0.02,1111.0,0.015,0.02,1.0,,,,,,,2026-08-24,709.625,709.65,702.83,706.38,552704.0,706.932044
2026-08-24T20:35:06.234,14,11,QQQ260904P00425000,QQQ,2026-09-04,put,425.0,0.03,77.0,0.06,141.0,0.045,0.04,2.0,,,,,,,2026-08-24,709.625,709.65,702.83,706.38,552704.0,706.932044
2026-08-24T20:35:06.234,14,11,QQQ260904P00430000,QQQ,2026-09-04,put,430.0,0.01,136.0,0.06,141.0,0.034999999999999996,0.04,2.0,,,,,,,2026-08-24,709.625,709.65,702.83,706.38,552704.0,706.932044
2026-08-24T20:35:06.234,14,11,QQQ260904P00435000,QQQ,2026-09-04,put,435.0,0.03,221.0,0.06,890.0,0.045,0.32,1.0,,,,,,,2026-08-24,709.625,709.65,702.83,706.38,552704.0,706.932044
2026-08-24T20:35:06.234,14,11,QQQ260904P00440000,QQQ,2026-09-04,put,440.0,0.01,270.0,0.02,131.0,0.015,0.03,2.0,,,,,,,2026-08-24,709.625,709.65,702.83,706.38,552704.0,706.932044
2026-08-24T20:35:06.234,14,11,QQQ260904P00445000,QQQ,2026-09-04,put,445.0,0.03,243.0,0.06,68.0,0.045,,,,,,,,,2026-08-24,709.625,709.65,702.83,706.38,552704.0,706.932044
2026-08-24T20:35:06.234,14,11,QQQ260904P00450000,QQQ,2026-09-04,put,450.0,0.01,17.0,0.07,122.0,0.04,0.05,5.0,,,,,,,2026-08-24,709.625,709.65,702.83,706.38,552704.0,706.932044
2026-08-24T20:35:06.234,14,11,QQQ260904P00455000,QQQ,2026-09-04,put,455.0,0.04,43.0,0.07,70.0,0.05500000000000001,0.03,10.0,,,,,,,2026-08-24,709.625,709.65,702.83,706.38,552704.0,706.932044
2026-08-24T20:35:06.234,14,11,QQQ260904P00460000,QQQ,2026-09-04,put,460.0,0.01,53.0,0.07,112.0,0.04,0.05,1.0,,,,,,,2026-08-24,709.625,709.65,702.83,706.38,552704.0,706.932044
2026-08-24T20:35:06.234,14,11,QQQ260904P00465000,QQQ,2026-09-04,put,465.0,0.01,73.0,0.07,105.0,0.04,0.05,1.0,,,,,,,2026-08-24,709.625,709.65,702.83,706.38,552704.0,706.932044
2026-08-24T20:35:06.234,14,11,QQQ260904P00470000,QQQ,2026-09-04,put,470.0,0.04,157.0,0.07,888.0,0.05500000000000001,0.05,5.0,,,,,,,2026-08-24,709.625,709.65,702.83,706.38,552704.0,706.932044
2026-08-24T20:35:06.234,14,11,QQQ260904P00475000,QQQ,2026-09-04,put,475.0,0.01,89.0,0.07,81.0,0.04,0.04,100.0,,,,,,,2026-08-24,709.625,709.65,702.83,706.38,552704.0,706.932044
2026-08-24T20:35:06.234,14,11,QQQ260904P00480000,QQQ,2026-09-04,put,480.0,0.01,189.0,0.08,270.0,0.045,0.05,1.0,,,,,,,2026-08-24,709.625,709.65,702.83,706.38,552704.0,706.932044
2026-08-24T20:35:06.234,14,11,QQQ260904P00485000,QQQ,2026-09-04,put,485.0,0.05,43.0,0.08,224.0,0.065,0.05,2.0,,,,,,,2026-08-24,709.625,709.65,702.83,706.38,552704.0,706.932044
2026-08-24T20:35:06.234,14,11,QQQ260904P00490000,QQQ,2026-09-04,put,490.0,0.01,73.0,0.08,172.0,0.045,0.03,1.0,0.7355,-0.0017,0.0001,-0.022,0.0066,-0.0004,2026-08-24,709.625,709.65,702.83,706.38,552704.0,706.932044
2026-08-24T20:35:06.234,14,11,QQQ260904P00495000,QQQ,2026-09-04,put,495.0,0.01,86.0,0.08,165.0,0.045,0.03,1.0,0.7166,-0.0017,0.0001,-0.0219,0.0068,-0.0004,2026-08-24,709.625,709.65,702.83,706.38,552704.0,706.932044
2026-08-24T20:35:06.234,14,11,QQQ260904P00500000,QQQ,2026-09-04,put,500.0,0.01,156.0,0.08,167.0,0.045,0.05,21.0,0.6979,-0.0018,0.0001,-0.0218,0.0069,-0.0004,2026-08-24,709.625,709.65,702.83,706.38,552704.0,706.932044
2026-08-24T20:35:06.234,14,11,QQQ260904P00505000,QQQ,2026-09-04,put,505.0,0.06,18.0,0.09,219.0,0.075,0.19,1.0,0.714,-0.0028,0.0001,-0.0336,0.0104,-0.0006,2026-08-24,709.625,709.65,702.83,706.38,552704.0,706.932044
2026-08-24T20:35:06.234,14,11,QQQ260904P00510000,QQQ,2026-09-04,put,510.0,0.06,80.0,0.09,1113.0,0.075,0.08,1.0,0.6948,-0.0028,0.0001,-0.0334,0.0106,-0.0006,2026-08-24,709.625,709.65,702.83,706.38,552704.0,706.932044
2026-08-24T20:35:06.234,14,11,QQQ260904P00515000,QQQ,2026-09-04,put,515.0,0.06,68.0,0.09,81.0,0.075,0.24,10.0,0.6758,-0.0029,0.0001,-0.0333,0.0109,-0.0006,2026-08-24,709.625,709.65,702.83,706.38,552704.0,706.932044
2026-08-24T20:35:06.234,14,11,QQQ260904P00520000,QQQ,2026-09-04,put,520.0,0.06,135.0,0.09,131.0,0.075,0.07,14.0,0.6569,-0.003,0.0001,-0.0331,0.0112,-0.0007,2026-08-24,709.625,709.65,702.83,706.38,552704.0,706.932044
2026-08-24T20:35:06.234,14,11,QQQ260904P00525000,QQQ,2026-09-04,put,525.0,0.07,14.0,0.1,122.0,0.085,0.14,5.0,0.6465,-0.0034,0.0001,-0.0367,0.0126,-0.0007,2026-08-24,709.625,709.65,702.83,706.38,552704.0,706.932044
2026-08-24T20:35:06.234,14,11,QQQ260904P00530000,QQQ,2026-09-04,put,530.0,0.03,67.0,0.06,84.0,0.045,0.09,1.0,0.589,-0.0021,0.0001,-0.0213,0.008,-0.0005,2026-08-24,709.625,709.65,702.83,706.38,552704.0,706.932044
2026-08-24T20:35:06.234,14,11,QQQ260904P00535000,QQQ,2026-09-04,put,535.0,0.03,66.0,0.1,143.0,0.065,0.12,2.0,0.5924,-0.0029,0.0001,-0.029,0.0108,-0.0006,2026-08-24,709.625,709.65,702.83,706.38,552704.0,706.932044
2026-08-24T20:35:06.234,14,11,QQQ260904P00540000,QQQ,2026-09-04,put,540.0,0.04,53.0,0.11,446.0,0.075,0.06,12.0,0.5828,-0.0033,0.0001,-0.0325,0.0124,-0.0007,2026-08-24,709.625,709.65,702.83,706.38,552704.0,706.932044
2026-08-24T20:35:06.234,14,11,QQQ260904P00545000,QQQ,2026-09-04,put,545.0,0.08,196.0,0.1,41.0,0.09,0.08,1.0,0.5757,-0.004,0.0002,-0.0377,0.0145,-0.0009,2026-08-24,709.625,709.65,702.83,706.38,552704.0,706.932044
2026-08-24T20:35:06.234,14,11,QQQ260904P00550000,QQQ,2026-09-04,put,550.0,0.04,589.0,0.07,140.0,0.05500000000000001,0.09,5.0,0.5295,-0.0028,0.0001,-0.0248,0.0104,-0.0006,2026-08-24,709.625,709.65,702.83,706.38,552704.0,706.932044
2026-08-24T20:35:06.234,14,11,QQQ260904P00555000,QQQ,2026-09-04,put,555.0,0.09,134.0,0.12,580.0,0.105,0.06,1.0,0.5484,-0.0048,0.0002,-0.0424,0.0172,-0.0011,2026-08-24,709.625,709.65,702.83,706.38,552704.0,706.932044
2026-08-24T20:35:06.234,14,11,QQQ260904P00560000,QQQ,2026-09-04,put,560.0,0.05,460.0,0.07,1.0,0.060000000000000005,0.1,1.0,0.4991,-0.0032,0.0002,-0.0264,0.0117,-0.0007,2026-08-24,709.625,709.65,702.83,706.38,552704.0,706.932044
2026-08-24T20:35:06.234,14,11,QQQ260904P00565000,QQQ,2026-09-04,put,565.0,0.06,357.0,0.13,334.0,0.095,0.12,1.0,0.506,-0.0047,0.0002,-0.0386,0.0169,-0.001,2026-08-24,709.625,709.65,702.83,706.38,552704.0,706.932044
2026-08-24T20:35:06.234,14,11,QQQ260904P00570000,QQQ,2026-09-04,put,570.0,0.07,65.0,0.09,16.0,0.08,0.12,1.0,0.4789,-0.0043,0.0002,-0.0332,0.0154,-0.0009,2026-08-24,709.625,709.65,702.83,706.38,552704.0,706.932044
2026-08-24T20:35:06.234,14,11,QQQ260904P00575000,QQQ,2026-09-04,put,575.0,0.07,434.0,0.14,58.0,0.10500000000000001,0.12,1.0,0.4756,-0.0055,0.0003,-0.0414,0.0193,-0.0012,2026-08-24,709.625,709.65,702.83,706.38,552704.0,706.932044
2026-08-24T20:35:06.234,14,11,QQQ260904P00576000,QQQ,2026-09-04,put,576.0,0.12,56.0,0.14,38.0,0.13,0.11,5.0,0.4839,-0.0066,0.0003,-0.0493,0.0226,-0.0014,2026-08-24,709.625,709.65,702.83,706.38,552704.0,706.932044
2026-08-24T20:35:06.234,14,11,QQQ260904P00577000,QQQ,2026-09-04,put,577.0,0.12,244.0,0.15,550.0,0.135,0.17,15.0,0.4824,-0.0068,0.0003,-0.0508,0.0234,-0.0015,2026-08-24,709.625,709.65,702.83,706.38,552704.0,706.932044
2026-08-24T20:35:06.234,14,11,QQQ260904P00578000,QQQ,2026-09-04,put,578.0,0.12,204.0,0.15,183.0,0.135,0.18,1.0,0.4787,-0.0069,0.0003,-0.0507,0.0235,-0.0015,2026-08-24,709.625,709.65,702.83,706.38,552704.0,706.932044
2026-08-24T20:35:06.234,14,11,QQQ260904P00579000,QQQ,2026-09-04,put,579.0,0.08,134.0,0.11,128.0,0.095,0.69,1.0,0.456,-0.0052,0.0003,-0.0379,0.0184,-0.0011,2026-08-24,709.625,709.65,702.83,706.38,552704.0,706.932044
2026-08-24T20:35:06.234,14,11,QQQ260904P00580000,QQQ,2026-09-04,put,580.0,0.12,246.0,0.15,56.0,0.135,0.12,1.0,0.4714,-0.007,0.0003,-0.0505,0.0238,-0.0015,2026-08-24,709.625,709.65,702.83,706.38,552704.0,706.932044
2026-08-24T20:35:06.234,14,11,QQQ260904P00581000,QQQ,2026-09-04,put,581.0,0.13,56.0,0.15,54.0,0.14,0.25,1.0,0.4698,-0.0072,0.0003,-0.052,0.0246,-0.0016,2026-08-24,709.625,709.65,702.83,706.38,552704.0,706.932044
2026-08-24T20:35:06.234,14,11,QQQ260904P00582000,QQQ,2026-09-04,put,582.0,0.09,95.0,0.15,23.0,0.12,0.24,1.0,0.4576,-0.0064,0.0003,-0.0457,0.0222,-0.0014,2026-08-24,709.625,709.65,702.83,706.38,552704.0,706.932044
2026-08-24T20:35:06.234,14,11,QQQ260904P00583000,QQQ,2026-09-04,put,583.0,0.13,203.0,0.16,183.0,0.14500000000000002,0.74,5.0,0.4644,-0.0076,0.0004,-0.0534,0.0255,-0.0017,2026-08-24,709.625,709.65,702.83,706.38,552704.0,706.932044
2026-08-24T20:35:06.234,14,11,QQQ260904P00584000,QQQ,2026-09-04,put,584.0,0.09,146.0,0.16,215.0,0.125,0.2,10.0,0.4525,-0.0068,0.0003,-0.0472,0.0232,-0.0015,2026-08-24,709.625,709.65,702.83,706.38,552704.0,706.932044
2026-08-24T20:35:06.234,14,11,QQQ260904P00585000,QQQ,2026-09-04,put,585.0,0.13,82.0,0.16,55.0,0.14500000000000002,0.14,5.0,0.4571,-0.0077,0.0004,-0.0532,0.0259,-0.0017,2026-08-24,709.625,709.65,702.83,706.38,552704.0,706.932044
2026-08-24T20:35:06.234,14,11,QQQ260904P00586000,QQQ,2026-09-04,put,586.0,0.1,51.0,0.16,54.0,0.13,0.12,5.0,0.4474,-0.0071,0.0004,-0.0486,0.0241,-0.0015,2026-08-24,709.625,709.65,702.83,706.38,552704.0,706.932044
2026-08-24T20:35:06.234,14,11,QQQ260904P00587000,QQQ,2026-09-04,put,587.0,0.14,221.0,0.17,300.0,0.15500000000000003,0.15,2.0,0.4535,-0.0082,0.0004,-0.056,0.0275,-0.0018,2026-08-24,709.625,709.65,702.83,706.38,552704.0,706.932044
2026-08-24T20:35:06.234,14,11,QQQ260904P00588000,QQQ,2026-09-04,put,588.0,0.1,202.0,0.13,146.0,0.115,0.21,57.0,0.4338,-0.0065,0.0003,-0.0438,0.0224,-0.0014,2026-08-24,709.625,709.65,702.83,706.38,552704.0,706.932044
2026-08-24T20:35:06.234,14,11,QQQ260904P00589000,QQQ,2026-09-04,put,589.0,0.14,73.0,0.17,58.0,0.15500000000000003,0.13,8.0,0.4461,-0.0083,0.0004,-0.0558,0.0278,-0.0018,2026-08-24,709.625,709.65,702.83,706.38,552704.0,706.932044
2026-08-24T20:35:06.234,14,11,QQQ260904P00590000,QQQ,2026-09-04,put,590.0,0.11,56.0,0.13,49.0,0.12,0.15,8.0,0.4288,-0.0068,0.0004,-0.0452,0.0234,-0.0015,2026-08-24,709.625,709.65,702.83,706.38,552704.0,706.932044
2026-08-24T20:35:06.234,14,11,QQQ260904P00591000,QQQ,2026-09-04,put,591.0,0.15,90.0,0.17,4.0,0.16,0.15,5.0,0.4405,-0.0087,0.0004,-0.0571,0.0288,-0.0019,2026-08-24,709.625,709.65,702.83,706.38,552704.0,706.932044
2026-08-24T20:35:06.234,14,11,QQQ260904P00592000,QQQ,2026-09-04,put,592.0,0.15,218.0,0.18,201.0,0.16499999999999998,0.28,1.0,0.4385,-0.009,0.0005,-0.0585,0.0297,-0.002,2026-08-24,709.625,709.65,702.83,706.38,552704.0,706.932044
2026-08-24T20:35:06.234,14,11,QQQ260904P00593000,QQQ,2026-09-04,put,593.0,0.11,156.0,0.18,77.0,0.145,0.18,1.0,0.4278,-0.0081,0.0004,-0.0525,0.0273,-0.0018,2026-08-24,709.625,709.65,702.83,706.38,552704.0,706.932044
2026-08-24T20:35:06.234,14,11,QQQ260904P00594000,QQQ,2026-09-04,put,594.0,0.12,53.0,0.18,44.0,0.15,0.16,5.0,0.426,-0.0084,0.0004,-0.0539,0.0281,-0.0018,2026-08-24,709.625,709.65,702.83,706.38,552704.0,706.932044
2026-08-24T20:35:06.234,14,11,QQQ260904P00595000,QQQ,2026-09-04,put,595.0,0.12,97.0,0.15,102.0,0.135,0.16,8.0,0.4168,-0.0078,0.0004,-0.0494,0.0263,-0.0017,2026-08-24,709.625,709.65,702.83,706.38,552704.0,706.932044
2026-08-24T20:35:06.234,14,11,QQQ260904P00596000,QQQ,2026-09-04,put,596.0,0.16,90.0,0.19,84.0,0.175,0.22,2.0,0.427,-0.0097,0.0005,-0.0609,0.0317,-0.0021,2026-08-24,709.625,709.65,702.83,706.38,552704.0,706.932044
2026-08-24T20:35:06.234,14,11,QQQ260904P00597000,QQQ,2026-09-04,put,597.0,0.12,108.0,0.15,54.0,0.135,0.23,2.0,0.4096,-0.008,0.0004,-0.0492,0.0267,-0.0017,2026-08-24,709.625,709.65,702.83,706.38,552704.0,706.932044
2026-08-24T20:35:06.234,14,11,QQQ260904P00598000,QQQ,2026-09-04,put,598.0,0.17,95.0,0.19,9.0,0.18,0.31,2.0,0.4211,-0.0101,0.0005,-0.0621,0.0328,-0.0022,2026-08-24,709.625,709.65,702.83,706.38,552704.0,706.932044
2026-08-24T20:35:06.234,14,11,QQQ260904P00599000,QQQ,2026-09-04,put,599.0,0.13,77.0,0.2,86.0,0.165,0.83,2.0,0.4127,-0.0095,0.0005,-0.0577,0.0311,-0.0021,2026-08-24,709.625,709.65,702.83,706.38,552704.0,706.932044
2026-08-24T20:35:06.234,14,11,QQQ260904P00600000,QQQ,2026-09-04,put,600.0,0.17,268.0,0.2,77.0,0.185,0.16,1.0,0.4152,-0.0104,0.0005,-0.0632,0.0339,-0.0023,2026-08-24,709.625,709.65,702.83,706.38,552704.0,706.932044
2026-08-24T20:35:06.234,14,11,QQQ260904P00601000,QQQ,2026-09-04,put,601.0,0.18,68.0,0.2,10.0,0.19,0.15,10.0,0.4129,-0.0107,0.0006,-0.0645,0.0348,-0.0023,2026-08-24,709.625,709.65,702.83,706.38,552704.0,706.932044
2026-08-24T20:35:06.234,14,11,QQQ260904P00602000,QQQ,2026-09-04,put,602.0,0.18,62.0,0.21,62.0,0.195,0.19,2.0,0.4106,-0.0111,0.0006,-0.0657,0.0357,-0.0024,2026-08-24,709.625,709.65,702.83,706.38,552704.0,706.932044
2026-08-24T20:35:06.234,14,11,QQQ260904P00603000,QQQ,2026-09-04,put,603.0,0.19,56.0,0.21,54.0,0.2,0.23,1.0,0.4083,-0.0114,0.0006,-0.067,0.0365,-0.0025,2026-08-24,709.625,709.65,702.83,706.38,552704.0,706.932044
2026-08-24T20:35:06.234,14,11,QQQ260904P00604000,QQQ,2026-09-04,put,604.0,0.15,223.0,0.18,240.0,0.16499999999999998,0.17,44.0,0.3944,-0.0099,0.0005,-0.0572,0.0323,-0.0022,2026-08-24,709.625,709.65,702.83,706.38,552704.0,706.932044
2026-08-24T20:35:06.234,14,11,QQQ260904P00605000,QQQ,2026-09-04,put,605.0,0.15,106.0,0.22,88.0,0.185,0.2,1.0,0.3966,-0.0109,0.0006,-0.0626,0.0352,-0.0024,2026-08-24,709.625,709.65,702.83,706.38,552704.0,706.932044
2026-08-24T20:35:06.234,14,11,QQQ260904P00606000,QQQ,2026-09-04,put,606.0,0.16,52.0,0.18,10.0,0.16999999999999998,0.19,1.0,0.3886,-0.0103,0.0006,-0.0584,0.0335,-0.0022,2026-08-24,709.625,709.65,702.83,706.38,552704.0,706.932044
2026-08-24T20:35:06.234,14,11,QQQ260904P00607000,QQQ,2026-09-04,put,607.0,0.16,90.0,0.23,84.0,0.195,0.24,1.0,0.392,-0.0115,0.0006,-0.0651,0.037,-0.0025,2026-08-24,709.625,709.65,702.83,706.38,552704.0,706.932044
2026-08-24T20:35:06.234,14,11,QQQ260904P00608000,QQQ,2026-09-04,put,608.0,0.17,53.0,0.23,25.0,0.2,0.21,10.0,0.3896,-0.0119,0.0006,-0.0663,0.0379,-0.0026,2026-08-24,709.625,709.65,702.83,706.38,552704.0,706.932044
2026-08-24T20:35:06.234,14,11,QQQ260904P00609000,QQQ,2026-09-04,put,609.0,0.21,247.0,0.24,225.0,0.22499999999999998,0.2,1.0,0.3922,-0.0131,0.0007,-0.0727,0.0413,-0.0029,2026-08-24,709.625,709.65,702.83,706.38,552704.0,706.932044
2026-08-24T20:35:06.234,14,11,QQQ260904P00610000,QQQ,2026-09-04,put,610.0,0.22,53.0,0.24,70.0,0.22999999999999998,0.25,1.0,0.3896,-0.0135,0.0007,-0.0739,0.0423,-0.0029,2026-08-24,709.625,709.65,702.83,706.38,552704.0,706.932044
2026-08-24T20:35:06.234,14,11,QQQ260904P00611000,QQQ,2026-09-04,put,611.0,0.18,88.0,0.25,94.0,0.215,0.21,10.0,0.3822,-0.0129,0.0007,-0.0698,0.0407,-0.0028,2026-08-24,709.625,709.65,702.83,706.38,552704.0,706.932044
2026-08-24T20:35:06.234,14,11,QQQ260904P00612000,QQQ,2026-09-04,put,612.0,0.18,142.0,0.25,86.0,0.215,0.21,10.0,0.3785,-0.013,0.0007,-0.0697,0.041,-0.0028,2026-08-24,709.625,709.65,702.83,706.38,552704.0,706.932044
2026-08-24T20:35:06.234,14,11,QQQ260904P00613000,QQQ,2026-09-04,put,613.0,0.23,62.0,0.26,69.0,0.245,0.48,1.0,0.3817,-0.0145,0.0008,-0.0772,0.0451,-0.0032,2026-08-24,709.625,709.65,702.83,706.38,552704.0,706.932044
2026-08-24T20:35:06.234,14,11,QQQ260904P00614000,QQQ,2026-09-04,put,614.0,0.19,126.0,0.26,35.0,0.225,0.26,4.0,0.3734,-0.0137,0.0008,-0.072,0.043,-0.003,2026-08-24,709.625,709.65,702.83,706.38,552704.0,706.932044
2026-08-24T20:35:06.234,14,11,QQQ260904P00615000,QQQ,2026-09-04,put,615.0,0.24,221.0,0.27,210.0,0.255,0.22,10.0,0.3763,-0.0152,0.0008,-0.0794,0.047,-0.0033,2026-08-24,709.625,709.65,702.83,706.38,552704.0,706.932044
2026-08-24T20:35:06.234,14,11,QQQ260904P00616000,QQQ,2026-09-04,put,616.0,0.21,53.0,0.23,21.0,0.22,0.26,1.0,0.3647,-0.0137,0.0008,-0.0703,0.043,-0.003,2026-08-24,709.625,709.65,702.83,706.38,552704.0,706.932044
2026-08-24T20:35:06.234,14,11,QQQ260904P00617000,QQQ,2026-09-04,put,617.0,0.25,221.0,0.28,243.0,0.265,0.32,1.0,0.3707,-0.016,0.0009,-0.0814,0.049,-0.0035,2026-08-24,709.625,709.65,702.83,706.38,552704.0,706.932044
2026-08-24T20:35:06.234,14,11,QQQ260904P00618000,QQQ,2026-09-04,put,618.0,0.26,58.0,0.28,10.0,0.27,0.29,2.0,0.3679,-0.0164,0.0009,-0.0825,0.05,-0.0036,2026-08-24,709.625,709.65,702.83,706.38,552704.0,706.932044
2026-08-24T20:35:06.234,14,11,QQQ260904P00619000,QQQ,2026-09-04,put,619.0,0.26,117.0,0.29,81.0,0.275,0.25,1.0,0.3651,-0.0167,0.0009,-0.0835,0.051,-0.0036,2026-08-24,709.625,709.65,702.83,706.38,552704.0,706.932044
2026-08-24T20:35:06.234,14,11,QQQ260904P00620000,QQQ,2026-09-04,put,620.0,0.23,239.0,0.3,216.0,0.265,0.23,20.0,0.3593,-0.0164,0.0009,-0.0808,0.0502,-0.0036,2026-08-24,709.625,709.65,702.83,706.38,552704.0,706.932044
2026-08-24T20:35:06.234,14,11,QQQ260904P00621000,QQQ,2026-09-04,put,621.0,0.24,53.0,0.3,13.0,0.27,0.32,2.0,0.3565,-0.0168,0.001,-0.0818,0.0513,-0.0037,2026-08-24,709.625,709.65,702.83,706.38,552704.0,706.932044
2026-08-24T20:35:06.234,14,11,QQQ260904P00622000,QQQ,2026-09-04,put,622.0,0.24,76.0,0.27,81.0,0.255,0.28,1.0,0.3497,-0.0163,0.0009,-0.078,0.0498,-0.0035,2026-08-24,709.625,709.65,702.83,706.38,552704.0,706.932044
2026-08-24T20:35:06.234,14,11,QQQ260904P00623000,QQQ,2026-09-04,put,623.0,0.25,77.0,0.32,85.0,0.28500000000000003,0.34,3.0,0.3516,-0.0179,0.001,-0.085,0.054,-0.0039,2026-08-24,709.625,709.65,702.83,706.38,552704.0,706.932044
2026-08-24T20:35:06.234,14,11,QQQ260904P00624000,QQQ,2026-09-04,put,624.0,0.26,94.0,0.32,18.0,0.29000000000000004,0.37,1.0,0.3487,-0.0183,0.0011,-0.0859,0.0551,-0.004,2026-08-24,709.625,709.65,702.83,706.38,552704.0,706.932044
2026-08-24T20:35:06.234,14,11,QQQ260904P00625000,QQQ,2026-09-04,put,625.0,0.31,59.0,0.32,40.0,0.315,0.3,40.0,0.3493,-0.0197,0.0011,-0.0915,0.0585,-0.0043,2026-08-24,709.625,709.65,702.83,706.38,552704.0,706.932044
2026-08-24T20:35:06.234,14,11,QQQ260904P00626000,QQQ,2026-09-04,put,626.0,0.31,231.0,0.34,92.0,0.325,0.26,2.0,0.347,-0.0203,0.0012,-0.0935,0.0602,-0.0044,2026-08-24,709.625,709.65,702.83,706.38,552704.0,706.932044
2026-08-24T20:35:06.234,14,11,QQQ260904P00627000,QQQ,2026-09-04,put,627.0,0.28,179.0,0.31,101.0,0.29500000000000004,0.31,21.0,0.3381,-0.0191,0.0011,-0.0864,0.0571,-0.0042,2026-08-24,709.625,709.65,702.83,706.38,552704.0,706.932044
2026-08-24T20:35:06.234,14,11,QQQ260904P00628000,QQQ,2026-09-04,put,628.0,0.29,181.0,0.32,145.0,0.305,0.3,204.0,0.3359,-0.0198,0.0012,-0.0884,0.0589,-0.0043,2026-08-24,709.625,709.65,702.83,706.38,552704.0,706.932044
2026-08-24T20:35:06.234,14,11,QQQ260904P00629000,QQQ,2026-09-04,put,629.0,0.34,207.0,0.37,151.0,0.355,0.35,1.0,0.3401,-0.0224,0.0013,-0.0994,0.0653,-0.0049,2026-08-24,709.625,709.65,702.83,706.38,552704.0,706.932044
2026-08-24T20:35:06.234,14,11,QQQ260904P00630000,QQQ,2026-09-04,put,630.0,0.35,53.0,0.37,5.0,0.36,0.34,1.0,0.3369,-0.0229,0.0013,-0.1002,0.0665,-0.005,2026-08-24,709.625,709.65,702.83,706.38,552704.0,706.932044
2026-08-24T20:35:06.234,14,11,QQQ260904P00631000,QQQ,2026-09-04,put,631.0,0.36,112.0,0.38,6.0,0.37,0.44,1.0,0.3344,-0.0236,0.0014,-0.102,0.0682,-0.0051,2026-08-24,709.625,709.65,702.83,706.38,552704.0,706.932044
2026-08-24T20:35:06.234,14,11,QQQ260904P00632000,QQQ,2026-09-04,put,632.0,0.37,179.0,0.4,405.0,0.385,0.44,4.0,0.3326,-0.0246,0.0014,-0.1049,0.0706,-0.0053,2026-08-24,709.625,709.65,702.83,706.38,552704.0,706.932044
2026-08-24T20:35:06.234,14,11,QQQ260904P00633000,QQQ,2026-09-04,put,633.0,0.34,170.0,0.37,88.0,0.355,0.35,13.0,0.3243,-0.0234,0.0014,-0.0982,0.0677,-0.0051,2026-08-24,709.625,709.65,702.83,706.38,552704.0,706.932044
2026-08-24T20:35:06.234,14,11,QQQ260904P00634000,QQQ,2026-09-04,put,634.0,0.39,118.0,0.42,46.0,0.405,0.37,5.0,0.3274,-0.026,0.0015,-0.1085,0.0741,-0.0057,2026-08-24,709.625,709.65,702.83,706.38,552704.0,706.932044
2026-08-24T20:35:06.234,14,11,QQQ260904P00635000,QQQ,2026-09-04,put,635.0,0.41,19.0,0.43,15.0,0.42,0.34,1.0,0.3254,-0.027,0.0016,-0.1112,0.0765,-0.0059,2026-08-24,709.625,709.65,702.83,706.38,552704.0,706.932044
2026-08-24T20:35:06.234,14,11,QQQ260904P00636000,QQQ,2026-09-04,put,636.0,0.42,41.0,0.44,5.0,0.43,0.48,10.0,0.3227,-0.0278,0.0016,-0.1129,0.0783,-0.006,2026-08-24,709.625,709.65,702.83,706.38,552704.0,706.932044
2026-08-24T20:35:06.234,14,11,QQQ260904P00637000,QQQ,2026-09-04,put,637.0,0.43,52.0,0.45,5.0,0.44,0.41,2.0,0.3199,-0.0286,0.0017,-0.1145,0.0802,-0.0062,2026-08-24,709.625,709.65,702.83,706.38,552704.0,706.932044
2026-08-24T20:35:06.234,14,11,QQQ260904P00638000,QQQ,2026-09-04,put,638.0,0.44,228.0,0.47,54.0,0.45499999999999996,0.39,2.0,0.3177,-0.0296,0.0017,-0.1171,0.0826,-0.0064,2026-08-24,709.625,709.65,702.83,706.38,552704.0,706.932044
2026-08-24T20:35:06.234,14,11,QQQ260904P00639000,QQQ,2026-09-04,put,639.0,0.42,87.0,0.48,42.0,0.44999999999999996,0.4,1.0,0.313,-0.0297,0.0018,-0.1157,0.0828,-0.0065,2026-08-24,709.625,709.65,702.83,706.38,552704.0,706.932044
2026-08-24T20:35:06.234,14,11,QQQ260904P00640000,QQQ,2026-09-04,put,640.0,0.43,105.0,0.46,12.0,0.445,0.46,1.0,0.3084,-0.0298,0.0018,-0.1143,0.0831,-0.0065,2026-08-24,709.625,709.65,702.83,706.38,552704.0,706.932044
2026-08-24T20:35:06.234,14,11,QQQ260904P00641000,QQQ,2026-09-04,put,641.0,0.45,88.0,0.47,5.0,0.45999999999999996,0.48,2.0,0.3061,-0.0309,0.0019,-0.1168,0.0855,-0.0067,2026-08-24,709.625,709.65,702.83,706.38,552704.0,706.932044
2026-08-24T20:35:06.234,14,11,QQQ260904P00642000,QQQ,2026-09-04,put,642.0,0.5,251.0,0.53,68.0,0.515,0.55,7.0,0.3082,-0.0339,0.002,-0.1269,0.0923,-0.0074,2026-08-24,709.625,709.65,702.83,706.38,552704.0,706.932044
2026-08-24T20:35:06.234,14,11,QQQ260904P00643000,QQQ,2026-09-04,put,643.0,0.48,64.0,0.55,69.0,0.515,0.69,36.0,0.3041,-0.0343,0.002,-0.1264,0.0933,-0.0075,2026-08-24,709.625,709.65,702.83,706.38,552704.0,706.932044
2026-08-24T20:35:06.234,14,11,QQQ260904P00644000,QQQ,2026-09-04,put,644.0,0.54,53.0,0.57,59.0,0.5549999999999999,0.49,1.0,0.3041,-0.0367,0.0022,-0.1333,0.0984,-0.008,2026-08-24,709.625,709.65,702.83,706.38,552704.0,706.932044
2026-08-24T20:35:06.234,14,11,QQQ260904P00645000,QQQ,2026-09-04,put,645.0,0.52,37.0,0.54,14.0,0.53,0.54,1.0,0.2974,-0.0359,0.0022,-0.1282,0.0968,-0.0078,2026-08-24,709.625,709.65,702.83,706.38,552704.0,706.932044
2026-08-24T20:35:06.234,14,11,QQQ260904P00646000,QQQ,2026-09-04,put,646.0,0.58,29.0,0.6,31.0,0.59,0.57,2.0,0.2992,-0.0392,0.0023,-0.1385,0.104,-0.0085,2026-08-24,709.625,709.65,702.83,706.38,552704.0,706.932044
2026-08-24T20:35:06.234,14,11,QQQ260904P00647000,QQQ,2026-09-04,put,647.0,0.6,65.0,0.62,7.0,0.61,0.79,3.0,0.2968,-0.0407,0.0024,-0.1415,0.107,-0.0088,2026-08-24,709.625,709.65,702.83,706.38,552704.0,706.932044
2026-08-24T20:35:06.234,14,11,QQQ260904P00648000,QQQ,2026-09-04,put,648.0,0.58,35.0,0.6,14.0,0.59,0.56,1.0,0.2907,-0.0402,0.0024,-0.1373,0.1061,-0.0087,2026-08-24,709.625,709.65,702.83,706.38,552704.0,706.932044
2026-08-24T20:35:06.234,14,11,QQQ260904P00649000,QQQ,2026-09-04,put,649.0,0.65,27.0,0.67,42.0,0.66,0.58,4.0,0.2928,-0.044,0.0026,-0.1488,0.1142,-0.0096,2026-08-24,709.625,709.65,702.83,706.38,552704.0,706.932044
2026-08-24T20:35:06.234,14,11,QQQ260904P00650000,QQQ,2026-09-04,put,650.0,0.63,74.0,0.69,29.0,0.6599999999999999,0.65,1.0,0.2885,-0.0446,0.0027,-0.1482,0.1154,-0.0097,2026-08-24,709.625,709.65,702.83,706.38,552704.0,706.932044
2026-08-24T20:35:06.234,14,11,QQQ260904P00651000,QQQ,2026-09-04,put,651.0,0.69,68.0,0.71,6.0,0.7,0.67,10.0,0.2876,-0.0471,0.0028,-0.1541,0.1205,-0.0102,2026-08-24,709.625,709.65,702.83,706.38,552704.0,706.932044
2026-08-24T20:35:06.234,14,11,QQQ260904P00652000,QQQ,2026-09-04,put,652.0,0.72,48.0,0.74,5.0,0.73,0.71,1.0,0.2857,-0.0491,0.0029,-0.1583,0.1246,-0.0107,2026-08-24,709.625,709.65,702.83,706.38,552704.0,706.932044
2026-08-24T20:35:06.234,14,11,QQQ260904P00653000,QQQ,2026-09-04,put,653.0,0.75,61.0,0.77,46.0,0.76,1.01,1.0,0.2837,-0.0511,0.003,-0.1623,0.1287,-0.0111,2026-08-24,709.625,709.65,702.83,706.38,552704.0,706.932044
2026-08-24T20:35:06.234,14,11,QQQ260904P00654000,QQQ,2026-09-04,put,654.0,0.78,28.0,0.8,80.0,0.79,0.74,1.0,0.2816,-0.0532,0.0031,-0.1662,0.1328,-0.0116,2026-08-24,709.625,709.65,702.83,706.38,552704.0,706.932044
2026-08-24T20:35:06.234,14,11,QQQ260904P00655000,QQQ,2026-09-04,put,655.0,0.81,27.0,0.83,29.0,0.8200000000000001,0.72,1.0,0.2794,-0.0553,0.0033,-0.17,0.137,-0.012,2026-08-24,709.625,709.65,702.83,706.38,552704.0,706.932044
2026-08-24T20:35:06.234,14,11,QQQ260904P00656000,QQQ,2026-09-04,put,656.0,0.8,35.0,0.82,5.0,0.81,0.81,3.0,0.2743,-0.0556,0.0033,-0.1675,0.1376,-0.0121,2026-08-24,709.625,709.65,702.83,706.38,552704.0,706.932044
2026-08-24T20:35:06.234,14,11,QQQ260904P00657000,QQQ,2026-09-04,put,657.0,0.84,26.0,0.86,41.0,0.85,0.97,2.0,0.2726,-0.0583,0.0035,-0.1727,0.1427,-0.0127,2026-08-24,709.625,709.65,702.83,706.38,552704.0,706.932044
2026-08-24T20:35:06.234,14,11,QQQ260904P00658000,QQQ,2026-09-04,put,658.0,0.91,51.0,0.94,35.0,0.925,0.85,1.0,0.2732,-0.0625,0.0037,-0.1828,0.1508,-0.0136,2026-08-24,709.625,709.65,702.83,706.38,552704.0,706.932044
2026-08-24T20:35:06.234,14,11,QQQ260904P00659000,QQQ,2026-09-04,put,659.0,0.91,31.0,0.93,5.0,0.92,0.86,2.0,0.2684,-0.0632,0.0038,-0.181,0.1521,-0.0137,2026-08-24,709.625,709.65,702.83,706.38,552704.0,706.932044
2026-08-24T20:35:06.234,14,11,QQQ260904P00660000,QQQ,2026-09-04,put,660.0,0.99,43.0,1.01,5.0,1.0,0.94,10.0,0.2689,-0.0677,0.004,-0.1912,0.1605,-0.0147,2026-08-24,709.625,709.65,702.83,706.38,552704.0,706.932044
2026-08-24T20:35:06.234,14,11,QQQ260904P00661000,QQQ,2026-09-04,put,661.0,1.03,79.0,1.06,22.0,1.045,0.97,1.0,0.267,-0.0707,0.0041,-0.1963,0.1659,-0.0154,2026-08-24,709.625,709.65,702.83,706.38,552704.0,706.932044
2026-08-24T20:35:06.234,14,11,QQQ260904P00662000,QQQ,2026-09-04,put,662.0,1.07,134.0,1.1,30.0,1.085,0.94,4.0,0.2647,-0.0736,0.0043,-0.2004,0.171,-0.016,2026-08-24,709.625,709.65,702.83,706.38,552704.0,706.932044
2026-08-24T20:35:06.234,14,11,QQQ260904P00663000,QQQ,2026-09-04,put,663.0,1.08,41.0,1.15,28.0,1.115,1.09,1.0,0.2618,-0.076,0.0045,-0.2031,0.1753,-0.0165,2026-08-24,709.625,709.65,702.83,706.38,552704.0,706.932044
2026-08-24T20:35:06.234,14,11,QQQ260904P00664000,QQQ,2026-09-04,put,664.0,1.13,105.0,1.16,80.0,1.145,1.13,1.0,0.2587,-0.0785,0.0046,-0.2056,0.1796,-0.017,2026-08-24,709.625,709.65,702.83,706.38,552704.0,706.932044
2026-08-24T20:35:06.234,14,11,QQQ260904P00665000,QQQ,2026-09-04,put,665.0,1.22,160.0,1.25,14.0,1.2349999999999999,1.18,1.0,0.2589,-0.0836,0.0048,-0.2157,0.1884,-0.0182,2026-08-24,709.625,709.65,702.83,706.38,552704.0,706.932044
2026-08-24T20:35:06.234,14,11,QQQ260904P00666000,QQQ,2026-09-04,put,666.0,1.28,56.0,1.31,29.0,1.295,1.24,1.0,0.2572,-0.0875,0.005,-0.2215,0.1949,-0.019,2026-08-24,709.625,709.65,702.83,706.38,552704.0,706.932044
2026-08-24T20:35:06.234,14,11,QQQ260904P00667000,QQQ,2026-09-04,put,667.0,1.34,85.0,1.37,35.0,1.355,1.3,1.0,0.2553,-0.0914,0.0053,-0.2271,0.2014,-0.0199,2026-08-24,709.625,709.65,702.83,706.38,552704.0,706.932044
2026-08-24T20:35:06.234,14,11,QQQ260904P00668000,QQQ,2026-09-04,put,668.0,1.36,68.0,1.39,35.0,1.375,1.26,21.0,0.2514,-0.0938,0.0054,-0.2277,0.2052,-0.0204,2026-08-24,709.625,709.65,702.83,706.38,552704.0,706.932044
2026-08-24T20:35:06.234,14,11,QQQ260904P00669000,QQQ,2026-09-04,put,669.0,1.42,33.0,1.46,27.0,1.44,1.35,1.0,0.2495,-0.0981,0.0057,-0.2334,0.2121,-0.0213,2026-08-24,709.625,709.65,702.83,706.38,552704.0,706.932044
2026-08-24T20:35:06.234,14,11,QQQ260904P00670000,QQQ,2026-09-04,put,670.0,1.48,81.0,1.57,13.0,1.525,1.48,14.0,0.2484,-0.1032,0.0059,-0.2411,0.2201,-0.0224,2026-08-24,709.625,709.65,702.83,706.38,552704.0,706.932044
2026-08-24T20:35:06.234,14,11,QQQ260904P00671000,QQQ,2026-09-04,put,671.0,1.61,357.0,1.64,23.0,1.625,1.45,21.0,0.2478,-0.109,0.0061,-0.2501,0.229,-0.0237,2026-08-24,709.625,709.65,702.83,706.38,552704.0,706.932044
2026-08-24T20:35:06.234,14,11,QQQ260904P00672000,QQQ,2026-09-04,put,672.0,1.64,278.0,1.73,57.0,1.685,1.57,3.0,0.2453,-0.1133,0.0064,-0.2542,0.2354,-0.0246,2026-08-24,709.625,709.65,702.83,706.38,552704.0,706.932044
2026-08-24T20:35:06.234,14,11,QQQ260904P00673000,QQQ,2026-09-04,put,673.0,1.72,126.0,1.75,10.0,1.7349999999999999,1.52,1.0,0.2422,-0.1173,0.0066,-0.2571,0.2412,-0.0255,2026-08-24,709.625,709.65,702.83,706.38,552704.0,706.932044
2026-08-24T20:35:06.234,14,11,QQQ260904P00674000,QQQ,2026-09-04,put,674.0,1.81,208.0,1.9,114.0,1.855,1.59,4.0,0.2418,-0.124,0.0069,-0.2668,0.2509,-0.0269,2026-08-24,709.625,709.65,702.83,706.38,552704.0,706.932044
2026-08-24T20:35:06.234,14,11,QQQ260904P00675000,QQQ,2026-09-04,put,675.0,1.96,201.0,1.99,24.0,1.975,1.91,1.0,0.2412,-0.1308,0.0072,-0.276,0.2604,-0.0284,2026-08-24,709.625,709.65,702.83,706.38,552704.0,706.932044
2026-08-24T20:35:06.234,14,11,QQQ260904P00676000,QQQ,2026-09-04,put,676.0,2.05,48.0,2.1,17.0,2.075,1.97,2.0,0.2396,-0.1369,0.0075,-0.2827,0.2687,-0.0298,2026-08-24,709.625,709.65,702.83,706.38,552704.0,706.932044
2026-08-24T20:35:06.234,14,11,QQQ260904P00677000,QQQ,2026-09-04,put,677.0,2.09,171.0,2.13,1.0,2.11,2.11,1.0,0.2354,-0.1408,0.0077,-0.2828,0.2738,-0.0306,2026-08-24,709.625,709.65,702.83,706.38,552704.0,706.932044
2026-08-24T20:35:06.234,14,11,QQQ260904P00678000,QQQ,2026-09-04,put,678.0,2.21,55.0,2.25,18.0,2.23,1.95,1.0,0.2342,-0.1478,0.008,-0.2906,0.283,-0.0321,2026-08-24,709.625,709.65,702.83,706.38,552704.0,706.932044
2026-08-24T20:35:06.234,14,11,QQQ260904P00679000,QQQ,2026-09-04,put,679.0,2.31,121.0,2.43,12.0,2.37,2.34,2.0,0.2334,-0.1556,0.0083,-0.2995,0.2928,-0.0338,2026-08-24,709.625,709.65,702.83,706.38,552704.0,706.932044
2026-08-24T20:35:06.234,14,11,QQQ260904P00680000,QQQ,2026-09-04,put,680.0,2.43,48.0,2.5,23.0,2.465,2.43,3.0,0.231,-0.162,0.0087,-0.3039,0.3006,-0.0352,2026-08-24,709.625,709.65,702.83,706.38,552704.0,706.932044
2026-08-24T20:35:06.234,14,11,QQQ260904P00681000,QQQ,2026-09-04,put,681.0,2.62,35.0,2.69,14.0,2.6550000000000002,2.29,1.0,0.2314,-0.1715,0.009,-0.3158,0.312,-0.0373,2026-08-24,709.625,709.65,702.83,706.38,552704.0,706.932044
2026-08-24T20:35:06.234,14,11,QQQ260904P00682000,QQQ,2026-09-04,put,682.0,2.78,29.0,2.84,23.0,2.8099999999999996,2.26,1.0,0.2304,-0.18,0.0093,-0.3239,0.3217,-0.0392,2026-08-24,709.625,709.65,702.83,706.38,552704.0,706.932044
2026-08-24T20:35:06.234,14,11,QQQ260904P00683000,QQQ,2026-09-04,put,683.0,2.83,54.0,2.9,20.0,2.865,2.81,5.0,0.2262,-0.1855,0.0096,-0.3236,0.3278,-0.0403,2026-08-24,709.625,709.65,702.83,706.38,552704.0,706.932044
2026-08-24T20:35:06.234,14,11,QQQ260904P00684000,QQQ,2026-09-04,put,684.0,3.05,36.0,3.06,14.0,3.0549999999999997,2.94,1.0,0.2258,-0.1953,0.01,-0.3332,0.3383,-0.0425,2026-08-24,709.625,709.65,702.83,706.38,552704.0,706.932044
2026-08-24T20:35:06.234,14,11,QQQ260904P00685000,QQQ,2026-09-04,put,685.0,3.2,45.0,3.26,22.0,3.23,3.17,1.0,0.2248,-0.2047,0.0103,-0.3408,0.348,-0.0445,2026-08-24,709.625,709.65,702.83,706.38,552704.0,706.932044
2026-08-24T20:35:06.234,14,11,QQQ260904P00686000,QQQ,2026-09-04,put,686.0,3.29,86.0,3.41,1.0,3.35,3.23,1.0,0.222,-0.2127,0.0107,-0.3438,0.356,-0.0463,2026-08-24,709.625,709.65,702.83,706.38,552704.0,706.932044
2026-08-24T20:35:06.234,14,11,QQQ260904P00687000,QQQ,2026-09-04,put,687.0,3.54,57.0,3.63,23.0,3.585,3.38,1.0,0.2221,-0.224,0.011,-0.354,0.3667,-0.0488,2026-08-24,709.625,709.65,702.83,706.38,552704.0,706.932044
2026-08-24T20:35:06.234,14,11,QQQ260904P00688000,QQQ,2026-09-04,put,688.0,3.74,25.0,3.83,17.0,3.785,3.73,10.0,0.221,-0.2344,0.0113,-0.361,0.3762,-0.051,2026-08-24,709.625,709.65,702.83,706.38,552704.0,706.932044
2026-08-24T20:35:06.234,14,11,QQQ260904P00689000,QQQ,2026-09-04,put,689.0,3.85,31.0,3.9,11.0,3.875,3.53,1.0,0.2168,-0.2423,0.0118,-0.3599,0.383,-0.0527,2026-08-24,709.625,709.65,702.83,706.38,552704.0,706.932044
2026-08-24T20:35:06.234,14,11,QQQ260904P00690000,QQQ,2026-09-04,put,690.0,4.12,37.0,4.2,73.0,4.16,4.07,2.0,0.2174,-0.255,0.012,-0.3706,0.3936,-0.0555,2026-08-24,709.625,709.65,702.83,706.38,552704.0,706.932044
2026-08-24T20:35:06.234,14,11,QQQ260904P00691000,QQQ,2026-09-04,put,691.0,4.27,87.0,4.35,14.0,4.31,4.27,1.0,0.2144,-0.2648,0.0125,-0.3719,0.4013,-0.0576,2026-08-24,709.625,709.65,702.83,706.38,552704.0,706.932044
2026-08-24T20:35:06.234,14,11,QQQ260904P00692000,QQQ,2026-09-04,put,692.0,4.52,17.0,4.53,11.0,4.525,4.46,5.0,0.2127,-0.2762,0.0128,-0.3763,0.4099,-0.0601,2026-08-24,709.625,709.65,702.83,706.38,552704.0,706.932044
2026-08-24T20:35:06.234,14,11,QQQ260904P00693000,QQQ,2026-09-04,put,693.0,4.84,86.0,4.91,17.0,4.875,4.83,1.0,0.214,-0.2905,0.0131,-0.3875,0.4199,-0.0633,2026-08-24,709.625,709.65,702.83,706.38,552704.0,706.932044
2026-08-24T20:35:06.234,14,11,QQQ260904P00694000,QQQ,2026-09-04,put,694.0,4.93,79.0,5.04,6.0,4.984999999999999,4.91,2.0,0.2093,-0.3002,0.0136,-0.384,0.4263,-0.0654,2026-08-24,709.625,709.65,702.83,706.38,552704.0,706.932044
2026-08-24T20:35:06.234,14,11,QQQ260904P00695000,QQQ,2026-09-04,put,695.0,5.34,18.0,5.4,26.0,5.37,5.2,7.0,0.2108,-0.3153,0.0138,-0.3946,0.4356,-0.0687,2026-08-24,709.625,709.65,702.83,706.38,552704.0,706.932044
2026-08-24T20:35:06.234,14,11,QQQ260904P00696000,QQQ,2026-09-04,put,696.0,5.57,15.0,5.59,8.0,5.58,5.46,1.0,0.208,-0.3274,0.0142,-0.3947,0.4425,-0.0713,2026-08-24,709.625,709.65,702.83,706.38,552704.0,706.932044
2026-08-24T20:35:06.234,14,11,QQQ260904P00697000,QQQ,2026-09-04,put,697.0,5.88,32.0,5.95,16.0,5.915,5.66,5.0,0.2077,-0.3417,0.0144,-0.4002,0.45,-0.0745,2026-08-24,709.625,709.65,702.83,706.38,552704.0,706.932044
2026-08-24T20:35:06.234,14,11,QQQ260904P00698000,QQQ,2026-09-04,put,698.0,6.21,16.0,6.31,77.0,6.26,6.04,1.0,0.2073,-0.3562,0.0147,-0.4048,0.4569,-0.0777,2026-08-24,709.625,709.65,702.83,706.38,552704.0,706.932044
2026-08-24T20:35:06.234,14,11,QQQ260904P00699000,QQQ,2026-09-04,put,699.0,6.47,11.0,6.55,77.0,6.51,6.35,20.0,0.2046,-0.3696,0.015,-0.4035,0.4627,-0.0806,2026-08-24,709.625,709.65,702.83,706.38,552704.0,706.932044
2026-08-24T20:35:06.234,14,11,QQQ260904P00700000,QQQ,2026-09-04,put,700.0,6.66,33.0,6.85,130.0,6.755,6.69,1.0,0.2015,-0.3834,0.0155,-0.4009,0.468,-0.0836,2026-08-24,709.625,709.65,702.83,706.38,552704.0,706.932044
2026-08-24T20:35:06.234,14,11,QQQ260904P00701000,QQQ,2026-09-04,put,701.0,7.12,7.0,7.21,11.0,7.165,7.02,2.0,0.2016,-0.3991,0.0156,-0.4049,0.4733,-0.0871,2026-08-24,709.625,709.65,702.83,706.38,552704.0,706.932044
2026-08-24T20:35:06.234,14,11,QQQ260904P00702000,QQQ,2026-09-04,put,702.0,7.58,14.0,7.65,27.0,7.615,7.48,3.0,0.2022,-0.4151,0.0157,-0.4093,0.4779,-0.0906,2026-08-24,709.625,709.65,702.83,706.38,552704.0,706.932044
2026-08-24T20:35:06.234,14,11,QQQ260904P00703000,QQQ,2026-09-04,put,703.0,7.89,23.0,8.0,21.0,7.945,7.78,1.0,0.2,-0.4304,0.016,-0.4067,0.4816,-0.094,2026-08-24,709.625,709.65,702.83,706.38,552704.0,706.932044
2026-08-24T20:35:06.234,14,11,QQQ260904P00704000,QQQ,2026-09-04,put,704.0,8.09,6.0,8.24,28.0,8.165,8.17,6.0,0.1953,-0.4456,0.0165,-0.3977,0.4845,-0.0973,2026-08-24,709.625,709.65,702.83,706.38,552704.0,706.932044
2026-08-24T20:35:06.234,14,11,QQQ260904P00705000,QQQ,2026-09-04,put,705.0,8.58,31.0,8.76,46.0,8.67,8.46,1.0,0.196,-0.4623,0.0165,-0.4003,0.4868,-0.101,2026-08-24,709.625,709.65,702.83,706.38,552704.0,706.932044
2026-08-24T20:35:06.234,14,11,QQQ260904P00706000,QQQ,2026-09-04,put,706.0,9.18,6.0,9.28,101.0,9.23,8.91,1.0,0.1976,-0.4789,0.0164,-0.4039,0.4883,-0.1047,2026-08-24,709.625,709.65,702.83,706.38,552704.0,706.932044
2026-08-24T20:35:06.234,14,11,QQQ260904P00707000,QQQ,2026-09-04,put,707.0,9.44,12.0,9.62,31.0,9.53,9.42,1.0,0.1935,-0.4955,0.0168,-0.3942,0.489,-0.1083,2026-08-24,709.625,709.65,702.83,706.38,552704.0,706.932044
2026-08-24T20:35:06.234,14,11,QQQ260904P00708000,QQQ,2026-09-04,put,708.0,9.72,30.0,9.86,51.0,9.79,9.87,1.0,0.1883,-0.513,0.0173,-0.381,0.4888,-0.1121,2026-08-24,709.625,709.65,702.83,706.38,552704.0,706.932044
2026-08-24T20:35:06.234,14,11,QQQ260904P00709000,QQQ,2026-09-04,put,709.0,10.41,3.0,10.44,22.0,10.425,10.08,1.0,0.1903,-0.5298,0.0171,-0.3834,0.4877,-0.1159,2026-08-24,709.625,709.65,702.83,706.38,552704.0,706.932044
2026-08-24T20:35:06.234,14,11,QQQ260904P00710000,QQQ,2026-09-04,put,710.0,10.83,5.0,11.07,62.0,10.95,10.87,1.0,0.1898,-0.5469,0.017,-0.3793,0.4856,-0.1197,2026-08-24,709.625,709.65,702.83,706.38,552704.0,706.932044
2026-08-24T20:35:06.234,14,11,QQQ260904P00711000,QQQ,2026-09-04,put,711.0,11.32,5.0,11.63,4.0,11.475000000000001,10.99,6.0,0.1889,-0.5641,0.017,-0.3735,0.4827,-0.1235,2026-08-24,709.625,709.65,702.83,706.38,552704.0,706.932044
2026-08-24T20:35:06.234,14,11,QQQ260904P00712000,QQQ,2026-09-04,put,712.0,12.03,5.0,12.09,10.0,12.059999999999999,11.23,2.0,0.1889,-0.5809,0.0169,-0.369,0.4789,-0.1272,2026-08-24,709.625,709.65,702.83,706.38,552704.0,706.932044
2026-08-24T20:35:06.234,14,11,QQQ260904P00712500,QQQ,2026-09-04,put,712.5,12.05,5.0,12.28,4.0,12.165,11.94,1.0,0.1849,-0.5915,0.0171,-0.3571,0.4761,-0.1295,2026-08-24,709.625,709.65,702.83,706.38,552704.0,706.932044
2026-08-24T20:35:06.234,14,11,QQQ260904P00713000,QQQ,2026-09-04,put,713.0,12.53,4.0,12.67,19.0,12.6,12.46,2.0,0.1876,-0.5983,0.0168,-0.3608,0.4741,-0.1311,2026-08-24,709.625,709.65,702.83,706.38,552704.0,706.932044
2026-08-24T20:35:06.234,14,11,QQQ260904P00714000,QQQ,2026-09-04,put,714.0,13.08,4.0,13.2,11.0,13.14,13.0,1.0,0.186,-0.616,0.0168,-0.351,0.4682,-0.135,2026-08-24,709.625,709.65,702.83,706.38,552704.0,706.932044
2026-08-24T20:35:06.234,14,11,QQQ260904P00715000,QQQ,2026-09-04,put,715.0,13.49,24.0,13.99,9.0,13.74,13.44,6.0,0.1852,-0.633,0.0166,-0.3425,0.4616,-0.1388,2026-08-24,709.625,709.65,702.83,706.38,552704.0,706.932044
2026-08-24T20:35:06.234,14,11,QQQ260904P00716000,QQQ,2026-09-04,put,716.0,14.43,4.0,14.57,3.0,14.5,14.06,4.0,0.1876,-0.6473,0.0162,-0.341,0.4553,-0.1421,2026-08-24,709.625,709.65,702.83,706.38,552704.0,706.932044
2026-08-24T20:35:06.234,14,11,QQQ260904P00717000,QQQ,2026-09-04,put,717.0,14.78,8.0,14.92,27.0,14.85,14.65,1.0,0.1805,-0.6696,0.0164,-0.3156,0.4442,-0.147,2026-08-24,709.625,709.65,702.83,706.38,552704.0,706.932044
2026-08-24T20:35:06.234,14,11,QQQ260904P00717500,QQQ,2026-09-04,put,717.5,15.05,4.0,15.55,3.0,15.3,16.21,1.0,0.1829,-0.6752,0.016,-0.3175,0.4411,-0.1483,2026-08-24,709.625,709.65,702.83,706.38,552704.0,706.932044
2026-08-24T20:35:06.234,14,11,QQQ260904P00718000,QQQ,2026-09-04,put,718.0,15.29,8.0,15.41,25.0,15.35,15.47,5.0,0.1761,-0.69,0.0163,-0.296,0.4325,-0.1515,2026-08-24,709.625,709.65,702.83,706.38,552704.0,706.932044
2026-08-24T20:35:06.234,14,11,QQQ260904P00719000,QQQ,2026-09-04,put,719.0,15.79,11.0,16.66,2.0,16.225,15.93,4.0,0.1801,-0.7015,0.0157,-0.2969,0.4252,-0.1542,2026-08-24,709.625,709.65,702.83,706.38,552704.0,706.932044
2026-08-24T20:35:06.234,14,11,QQQ260904P00720000,QQQ,2026-09-04,put,720.0,16.74,63.0,17.01,51.0,16.875,16.74,1.0,0.1784,-0.7187,0.0154,-0.2829,0.4136,-0.158,2026-08-24,709.625,709.65,702.83,706.38,552704.0,706.932044
2026-08-24T20:35:06.234,14,11,QQQ260904P00721000,QQQ,2026-09-04,put,721.0,16.56,27.0,17.65,27.0,17.104999999999997,17.31,1.0,0.1656,-0.7499,0.0157,-0.2387,0.3896,-0.1647,2026-08-24,709.625,709.65,702.83,706.38,552704.0,706.932044
2026-08-24T20:35:06.234,14,11,QQQ260904P00722000,QQQ,2026-09-04,put,722.0,17.34,1.0,19.27,1.0,18.305,18.07,5.0,0.177,-0.7499,0.0147,-0.2587,0.3896,-0.1651,2026-08-24,709.625,709.65,702.83,706.38,552704.0,706.932044
2026-08-24T20:35:06.234,14,11,QQQ260904P00722500,QQQ,2026-09-04,put,722.5,18.34,22.0,18.62,2.0,18.48,17.69,1.0,0.1716,-0.7641,0.0146,-0.2386,0.3775,-0.1682,2026-08-24,709.625,709.65,702.83,706.38,552704.0,706.932044
2026-08-24T20:35:06.234,14,11,QQQ260904P00723000,QQQ,2026-09-04,put,723.0,18.48,31.0,19.19,23.0,18.835,18.42,2.0,0.1707,-0.7724,0.0144,-0.2306,0.37,-0.17,2026-08-24,709.625,709.65,702.83,706.38,552704.0,706.932044
2026-08-24T20:35:06.234,14,11,QQQ260904P00724000,QQQ,2026-09-04,put,724.0,19.83,6.0,20.42,22.0,20.125,19.67,12.0,0.1844,-0.7679,0.0135,-0.2574,0.3741,-0.1695,2026-08-24,709.625,709.65,702.83,706.38,552704.0,706.932044
2026-08-24T20:35:06.234,14,11,QQQ260904P00725000,QQQ,2026-09-04,put,725.0,20.09,101.0,20.4,96.0,20.244999999999997,20.21,1.0,0.1654,-0.8072,0.0135,-0.1934,0.3357,-0.1779,2026-08-24,709.625,709.65,702.83,706.38,552704.0,706.932044
2026-08-24T20:35:06.234,14,11,QQQ260904P00726000,QQQ,2026-09-04,put,726.0,20.76,9.0,21.28,2.0,21.020000000000003,16.85,34.0,0.164,-0.8222,0.013,-0.1778,0.3192,-0.1813,2026-08-24,709.625,709.65,702.83,706.38,552704.0,706.932044
2026-08-24T20:35:06.234,14,11,QQQ260904P00727000,QQQ,2026-09-04,put,727.0,21.59,5.0,23.11,1.0,22.35,22.11,4.0,0.1796,-0.812,0.0122,-0.2103,0.3305,-0.1795,2026-08-24,709.625,709.65,702.83,706.38,552704.0,706.932044
2026-08-24T20:35:06.234,14,11,QQQ260904P00727500,QQQ,2026-09-04,put,727.5,21.88,22.0,22.94,32.0,22.41,22.1,2.0,0.1685,-0.8338,0.0121,-0.173,0.3057,-0.1842,2026-08-24,709.625,709.65,702.83,706.38,552704.0,706.932044
2026-08-24T20:35:06.234,14,11,QQQ260904P00728000,QQQ,2026-09-04,put,728.0,22.36,2.0,23.12,2.0,22.740000000000002,21.83,50.0,0.1654,-0.8442,0.0118,-0.1585,0.2931,-0.1865,2026-08-24,709.625,709.65,702.83,706.38,552704.0,706.932044
2026-08-24T20:35:06.234,14,11,QQQ260904P00729000,QQQ,2026-09-04,put,729.0,23.77,1.0,24.32,1.0,24.045,22.22,1.0,0.1807,-0.8332,0.0113,-0.1904,0.3064,-0.1846,2026-08-24,709.625,709.65,702.83,706.38,552704.0,706.932044
2026-08-24T20:35:06.234,14,11,QQQ260904P00730000,QQQ,2026-09-04,put,730.0,24.39,1.0,25.23,1.0,24.810000000000002,24.45,100.0,0.178,-0.8478,0.0108,-0.1711,0.2886,-0.1879,2026-08-24,709.625,709.65,702.83,706.38,552704.0,706.932044
2026-08-24T20:35:06.234,14,11,QQQ260904P00731000,QQQ,2026-09-04,put,731.0,24.54,1.0,25.7,2.0,25.119999999999997,25.48,1.0,0.1564,-0.8894,0.0099,-0.0992,0.2314,-0.1968,2026-08-24,709.625,709.65,702.83,706.38,552704.0,706.932044
2026-08-24T20:35:06.234,14,11,QQQ260904P00732000,QQQ,2026-09-04,put,732.0,25.59,4.0,27.25,4.0,26.42,25.39,5.0,0.1734,-0.874,0.0097,-0.1356,0.2537,-0.1939,2026-08-24,709.625,709.65,702.83,706.38,552704.0,706.932044
2026-08-24T20:35:06.234,14,11,QQQ260904P00732500,QQQ,2026-09-04,put,732.5,26.87,8.0,27.26,2.0,27.065,29.0,1.0,0.1814,-0.8676,0.0096,-0.1525,0.2626,-0.1928,2026-08-24,709.625,709.65,702.83,706.38,552704.0,706.932044
2026-08-24T20:35:06.234,14,11,QQQ260904P00733000,QQQ,2026-09-04,put,733.0,27.09,8.0,27.98,8.0,27.535,26.16,20.0,0.1827,-0.8705,0.0094,-0.1505,0.2586,-0.1935,2026-08-24,709.625,709.65,702.83,706.38,552704.0,706.932044
2026-08-24T20:35:06.234,14,11,QQQ260904P00734000,QQQ,2026-09-04,put,734.0,28.15,2.0,28.71,2.0,28.43,24.85,1.0,0.1833,-0.8786,0.009,-0.141,0.2472,-0.1955,2026-08-24,709.625,709.65,702.83,706.38,552704.0,706.932044
2026-08-24T20:35:06.234,14,11,QQQ260904P00735000,QQQ,2026-09-04,put,735.0,28.66,8.0,29.02,1.0,28.84,28.72,1.0,0.1607,-0.917,0.0078,-0.0692,0.1874,-0.2038,2026-08-24,709.625,709.65,702.83,706.38,552704.0,706.932044
2026-08-24T20:35:06.234,14,11,QQQ260904P00736000,QQQ,2026-09-04,put,736.0,29.85,8.0,30.43,6.0,30.14,24.88,4.0,0.1799,-0.8993,0.008,-0.1103,0.2162,-0.2005,2026-08-24,709.625,709.65,702.83,706.38,552704.0,706.932044
2026-08-24T20:35:06.234,14,11,QQQ260904P00737000,QQQ,2026-09-04,put,737.0,30.35,8.0,31.77,1.0,31.060000000000002,26.72,1.0,0.1805,-0.906,0.0076,-0.1016,0.2056,-0.2022,2026-08-24,709.625,709.65,702.83,706.38,552704.0,706.932044
2026-08-24T20:35:06.234,14,11,QQQ260904P00737500,QQQ,2026-09-04,put,737.5,31.47,1.0,32.52,1.0,31.995,34.03,20.0,0.2022,-0.8832,0.0079,-0.1556,0.2406,-0.1976,2026-08-24,709.625,709.65,702.83,706.38,552704.0,706.932044
2026-08-24T20:35:06.234,14,11,QQQ260904P00738000,QQQ,2026-09-04,put,738.0,31.75,9.0,32.27,9.0,32.010000000000005,30.68,3.0,0.1824,-0.9108,0.0072,-0.0964,0.1978,-0.2035,2026-08-24,709.625,709.65,702.83,706.38,552704.0,706.932044
2026-08-24T20:35:06.234,14,11,QQQ260904P00739000,QQQ,2026-09-04,put,739.0,32.049,1.0,33.97,1.0,33.0095,24.15,1.0,0.1866,-0.9124,0.007,-0.0978,0.195,-0.2041,2026-08-24,709.625,709.65,702.83,706.38,552704.0,706.932044
2026-08-24T20:35:06.234,14,11,QQQ260904P00740000,QQQ,2026-09-04,put,740.0,33.92,8.0,34.22,2.0,34.07,32.77,13.0,0.194,-0.9104,0.0068,-0.1073,0.1984,-0.204,2026-08-24,709.625,709.65,702.83,706.38,552704.0,706.932044
2026-08-24T20:35:06.234,14,11,QQQ260904P00741000,QQQ,2026-09-04,put,741.0,34.31,4.0,35.88,4.0,35.095,15.55,5.0,0.1996,-0.9105,0.0066,-0.112,0.1982,-0.2043,2026-08-24,709.625,709.65,702.83,706.38,552704.0,706.932044
2026-08-24T20:35:06.234,14,11,QQQ260904P00742000,QQQ,2026-09-04,put,742.0,35.15,1.0,36.55,2.0,35.849999999999994,30.42,1.0,0.1905,-0.9265,0.006,-0.0789,0.1708,-0.208,2026-08-24,709.625,709.65,702.83,706.38,552704.0,706.932044
2026-08-24T20:35:06.234,14,11,QQQ260904P00742500,QQQ,2026-09-04,put,742.5,36.05,2.0,37.28,2.0,36.665,17.88,1.0,0.2095,-0.9089,0.0064,-0.1234,0.2009,-0.2045,2026-08-24,709.625,709.65,702.83,706.38,552704.0,706.932044
2026-08-24T20:35:06.234,14,11,QQQ260904P00743000,QQQ,2026-09-04,put,743.0,35.45,1.0,37.47,1.0,36.46,36.65,2.0,0.1671,-0.9558,0.0046,-0.0158,0.1145,-0.2144,2026-08-24,709.625,709.65,702.83,706.38,552704.0,706.932044
2026-08-24T20:35:06.234,14,11,QQQ260904P00744000,QQQ,2026-09-04,put,744.0,36.18,2.0,39.14,2.0,37.66,18.71,2.0,0.1864,-0.9413,0.0051,-0.0513,0.1435,-0.2117,2026-08-24,709.625,709.65,702.83,706.38,552704.0,706.932044
2026-08-24T20:35:06.234,14,11,QQQ260904P00745000,QQQ,2026-09-04,put,745.0,37.53,1.0,38.77,2.0,38.150000000000006,37.36,1.0,0.1311,-0.9892,0.0018,0.0528,0.035,-0.222,2026-08-24,709.625,709.65,702.83,706.38,552704.0,706.932044
2026-08-24T20:35:06.234,14,11,QQQ260904P00746000,QQQ,2026-09-04,put,746.0,39.05,2.0,40.1,2.0,39.575,35.65,19.0,0.1878,-0.9491,0.0045,-0.0385,0.1282,-0.2139,2026-08-24,709.625,709.65,702.83,706.38,552704.0,706.932044
2026-08-24T20:35:06.234,14,11,QQQ260904P00747000,QQQ,2026-09-04,put,747.0,40.05,2.0,41.15,2.0,40.599999999999994,20.38,1.0,0.1936,-0.9481,0.0045,-0.0436,0.1302,-0.214,2026-08-24,709.625,709.65,702.83,706.38,552704.0,706.932044
2026-08-24T20:35:06.234,14,11,QQQ260904P00748000,QQQ,2026-09-04,put,748.0,41.53,1.0,42.1,2.0,41.815,34.23,1.0,0.2125,-0.9351,0.0049,-0.0797,0.1552,-0.2116,2026-08-24,709.625,709.65,702.83,706.38,552704.0,706.932044
2026-08-24T20:35:06.234,14,11,QQQ260904P00749000,QQQ,2026-09-04,put,749.0,41.12,2.0,43.36,2.0,42.239999999999995,31.95,1.0,0.1629,-0.979,0.0025,0.0276,0.0618,-0.2211,2026-08-24,709.625,709.65,702.83,706.38,552704.0,706.932044
2026-08-24T20:35:06.234,14,11,QQQ260904P00750000,QQQ,2026-09-04,put,750.0,43.31,1.0,45.13,1.0,44.22,46.2,20.0,0.244,-0.9157,0.0052,-0.1412,0.1895,-0.2082,2026-08-24,709.625,709.65,702.83,706.38,552704.0,706.932044
2026-08-24T20:35:06.234,14,11,QQQ260904P00751000,QQQ,2026-09-04,put,751.0,44.77,1.0,46.08,2.0,45.425,23.21,4.0,0.2587,-0.9076,0.0052,-0.17,0.203,-0.2068,2026-08-24,709.625,709.65,702.83,706.38,552704.0,706.932044
2026-08-24T20:35:06.234,14,11,QQQ260904P00752000,QQQ,2026-09-04,put,752.0,45.37,2.0,46.41,1.0,45.89,22.32,1.0,0.2331,-0.9344,0.0045,-0.0953,0.1565,-0.2127,2026-08-24,709.625,709.65,702.83,706.38,552704.0,706.932044
2026-08-24T20:35:06.234,14,11,QQQ260904P00753000,QQQ,2026-09-04,put,753.0,45.14,1.0,47.93,2.0,46.535,33.7,1.0,0.2105,-0.9565,0.0036,-0.036,0.113,-0.2176,2026-08-24,709.625,709.65,702.83,706.38,552704.0,706.932044
2026-08-24T20:35:06.234,14,11,QQQ260904P00754000,QQQ,2026-09-04,put,754.0,47.33,2.0,48.69,2.0,48.01,43.25,1.0,0.2485,-0.9299,0.0044,-0.1156,0.1648,-0.2123,2026-08-24,709.625,709.65,702.83,706.38,552704.0,706.932044
2026-08-24T20:35:06.234,14,11,QQQ260904P00755000,QQQ,2026-09-04,put,755.0,46.98,2.0,50.37,2.0,48.675,25.25,1.0,0.2295,-0.9488,0.0037,-0.0625,0.1288,-0.2166,2026-08-24,709.625,709.65,702.83,706.38,552704.0,706.932044
2026-08-24T20:35:06.234,14,11,QQQ260904P00756000,QQQ,2026-09-04,put,756.0,47.95,2.0,50.07,2.0,49.010000000000005,35.82,1.0,,,,,,,2026-08-24,709.625,709.65,702.83,706.38,552704.0,706.932044
2026-08-24T20:35:06.234,14,11,QQQ260904P00757000,QQQ,2026-09-04,put,757.0,50.59,2.0,51.65,2.0,51.120000000000005,36.25,3.0,0.267,-0.9272,0.0042,-0.1353,0.1696,-0.2127,2026-08-24,709.625,709.65,702.83,706.38,552704.0,706.932044
2026-08-24T20:35:06.234,14,11,QQQ260904P00758000,QQQ,2026-09-04,put,758.0,51.8,2.0,52.6,2.0,52.2,39.15,2.0,0.2756,-0.9245,0.0042,-0.1481,0.1745,-0.2124,2026-08-24,709.625,709.65,702.83,706.38,552704.0,706.932044
2026-08-24T20:35:06.234,14,11,QQQ260904P00759000,QQQ,2026-09-04,put,759.0,51.49,2.0,52.92,2.0,52.205,38.07,5.0,0.1893,-0.9842,0.0017,0.033,0.0485,-0.2252,2026-08-24,709.625,709.65,702.83,706.38,552704.0,706.932044
2026-08-24T20:35:06.234,14,11,QQQ260904P00760000,QQQ,2026-09-04,put,760.0,53.69,1.0,55.22,2.0,54.455,41.3,1.0,0.2977,-0.9156,0.0042,-0.1866,0.1896,-0.2113,2026-08-24,709.625,709.65,702.83,706.38,552704.0,706.932044
2026-08-24T20:35:06.234,14,11,QQQ260904P00761000,QQQ,2026-09-04,put,761.0,53.37,2.0,54.94,2.0,54.155,41.67,1.0,0.1835,-0.9893,0.0013,0.0463,0.0347,-0.2268,2026-08-24,709.625,709.65,702.83,706.38,552704.0,706.932044
2026-08-24T20:35:06.234,14,11,QQQ260904P00762000,QQQ,2026-09-04,put,762.0,54.29,2.0,56.8,2.0,55.545,40.36,1.0,0.2439,-0.9602,0.0029,-0.0433,0.1052,-0.2211,2026-08-24,709.625,709.65,702.83,706.38,552704.0,706.932044
2026-08-24T20:35:06.234,14,11,QQQ260904P00763000,QQQ,2026-09-04,put,763.0,56.76,2.0,58.23,2.0,57.495,41.16,1.0,0.3121,-0.9167,0.004,-0.196,0.1878,-0.2124,2026-08-24,709.625,709.65,702.83,706.38,552704.0,706.932044
2026-08-24T20:35:06.234,14,11,QQQ260904P00764000,QQQ,2026-09-04,put,764.0,57.51,2.0,58.73,2.0,58.12,41.93,1.0,0.2945,-0.9325,0.0036,-0.1426,0.16,-0.2159,2026-08-24,709.625,709.65,702.83,706.38,552704.0,706.932044
2026-08-24T20:35:06.234,14,11,QQQ260904P00765000,QQQ,2026-09-04,put,765.0,58.5,1.0,59.39,2.0,58.945,,,0.2868,-0.9409,0.0033,-0.1158,0.1443,-0.218,2026-08-24,709.625,709.65,702.83,706.38,552704.0,706.932044
2026-08-24T20:35:06.234,14,11,QQQ260904P00766000,QQQ,2026-09-04,put,766.0,58.84,1.0,61.2,1.0,60.02,,,0.2957,-0.9381,0.0034,-0.1288,0.1496,-0.2177,2026-08-24,709.625,709.65,702.83,706.38,552704.0,706.932044
2026-08-24T20:35:06.234,14,11,QQQ260904P00767000,QQQ,2026-09-04,put,767.0,60.12,1.0,61.17,2.0,60.644999999999996,53.1,1.0,0.2708,-0.9566,0.0028,-0.0652,0.1128,-0.2218,2026-08-24,709.625,709.65,702.83,706.38,552704.0,706.932044
2026-08-24T20:35:06.234,14,11,QQQ260904P00768000,QQQ,2026-09-04,put,768.0,60.85,2.0,61.22,2.0,61.035,,,,,,,,,2026-08-24,709.625,709.65,702.83,706.38,552704.0,706.932044
2026-08-24T20:35:06.234,14,11,QQQ260904P00769000,QQQ,2026-09-04,put,769.0,61.47,2.0,63.01,2.0,62.239999999999995,49.22,1.0,0.2282,-0.9824,0.0016,0.0204,0.0532,-0.2278,2026-08-24,709.625,709.65,702.83,706.38,552704.0,706.932044
2026-08-24T20:35:06.234,14,11,QQQ260904P00770000,QQQ,2026-09-04,put,770.0,63.69,2.0,64.91,2.0,64.3,,,0.3288,-0.9292,0.0034,-0.176,0.166,-0.2171,2026-08-24,709.625,709.65,702.83,706.38,552704.0,706.932044
2026-08-24T20:35:06.234,14,11,QQQ260904P00771000,QQQ,2026-09-04,put,771.0,63.18,2.0,65.75,2.0,64.465,,,0.2668,-0.968,0.0022,-0.0319,0.088,-0.2254,2026-08-24,709.625,709.65,702.83,706.38,552704.0,706.932044
2026-08-24T20:35:06.234,14,11,QQQ260904P00772000,QQQ,2026-09-04,put,772.0,66.14,1.0,67.83,1.0,66.985,,,0.3738,-0.9075,0.0036,-0.2743,0.2031,-0.2133,2026-08-24,709.625,709.65,702.83,706.38,552704.0,706.932044
2026-08-24T20:35:06.234,14,11,QQQ260904P00773000,QQQ,2026-09-04,put,773.0,66.23,2.0,68.63,2.0,67.43,,,0.3482,-0.9264,0.0033,-0.1986,0.1711,-0.2174,2026-08-24,709.625,709.65,702.83,706.38,552704.0,706.932044
2026-08-24T20:35:06.234,14,11,QQQ260904P00774000,QQQ,2026-09-04,put,774.0,65.84,2.0,69.59,2.0,67.715,,,0.3019,-0.9559,0.0025,-0.0826,0.1143,-0.2238,2026-08-24,709.625,709.65,702.83,706.38,552704.0,706.932044
2026-08-24T20:35:06.234,14,11,QQQ260904P00775000,QQQ,2026-09-04,put,775.0,68.47,2.0,70.74,1.0,69.60499999999999,,,0.366,-0.9217,0.0033,-0.2263,0.1793,-0.2171,2026-08-24,709.625,709.65,702.83,706.38,552704.0,706.932044
2026-08-24T20:35:06.234,14,11,QQQ260904P00776000,QQQ,2026-09-04,put,776.0,67.87,1.0,71.04,2.0,69.45500000000001,,,0.2825,-0.9698,0.002,-0.0322,0.0838,-0.2273,2026-08-24,709.625,709.65,702.83,706.38,552704.0,706.932044
2026-08-24T20:35:06.234,14,11,QQQ260904P00777000,QQQ,2026-09-04,put,777.0,68.8,2.0,71.78,2.0,70.28999999999999,,,0.2627,-0.9799,0.0015,0.0051,0.0596,-0.2297,2026-08-24,709.625,709.65,702.83,706.38,552704.0,706.932044
2026-08-24T20:35:06.234,14,11,QQQ260904P00778000,QQQ,2026-09-04,put,778.0,69.44,2.0,72.24,2.0,70.84,57.14,1.0,,,,,,,2026-08-24,709.625,709.65,702.83,706.38,552704.0,706.932044
2026-08-24T20:35:06.234,14,11,QQQ260904P00779000,QQQ,2026-09-04,put,779.0,70.84,2.0,73.06,2.0,71.95,68.14,1.0,,,,,,,2026-08-24,709.625,709.65,702.83,706.38,552704.0,706.932044
2026-08-24T20:35:06.234,14,11,QQQ260904P00780000,QQQ,2026-09-04,put,780.0,73.82,2.0,74.8,2.0,74.31,69.12,1.0,0.3676,-0.9346,0.0028,-0.1876,0.1562,-0.2213,2026-08-24,709.625,709.65,702.83,706.38,552704.0,706.932044
2026-08-24T20:35:06.234,14,11,QQQ260904P00781000,QQQ,2026-09-04,put,781.0,74.36,2.0,75.96,2.0,75.16,,,0.3614,-0.9404,0.0027,-0.1647,0.1452,-0.2228,2026-08-24,709.625,709.65,702.83,706.38,552704.0,706.932044
2026-08-24T20:35:06.234,14,11,QQQ260904P00782000,QQQ,2026-09-04,put,782.0,75.19,2.0,77.86,2.0,76.525,,,0.3885,-0.9284,0.0029,-0.2225,0.1674,-0.2206,2026-08-24,709.625,709.65,702.83,706.38,552704.0,706.932044
2026-08-24T20:35:06.234,14,11,QQQ260904P00783000,QQQ,2026-09-04,put,783.0,76.32,2.0,77.88,2.0,77.1,,,0.3645,-0.9435,0.0025,-0.1564,0.1393,-0.224,2026-08-24,709.625,709.65,702.83,706.38,552704.0,706.932044
2026-08-24T20:35:06.234,14,11,QQQ260904P00784000,QQQ,2026-09-04,put,784.0,76.74,1.0,77.77,2.0,77.255,,,0.2785,-0.9829,0.0012,0.0114,0.0519,-0.2324,2026-08-24,709.625,709.65,702.83,706.38,552704.0,706.932044
2026-08-24T20:35:06.234,14,11,QQQ260904P00785000,QQQ,2026-09-04,put,785.0,77.43,2.0,79.47,2.0,78.45,65.6,1.0,0.3116,-0.972,0.0017,-0.0351,0.0788,-0.2305,2026-08-24,709.625,709.65,702.83,706.38,552704.0,706.932044
2026-08-24T20:35:06.234,14,11,QQQ260904P00786000,QQQ,2026-09-04,put,786.0,78.25,1.0,81.45,2.0,79.85,,,0.3558,-0.9542,0.0022,-0.1151,0.1178,-0.2271,2026-08-24,709.625,709.65,702.83,706.38,552704.0,706.932044
2026-08-24T20:35:06.234,14,11,QQQ260904P00787000,QQQ,2026-09-04,put,787.0,79.86,2.0,82.12,2.0,80.99000000000001,,,0.3707,-0.9492,0.0023,-0.1408,0.1281,-0.2264,2026-08-24,709.625,709.65,702.83,706.38,552704.0,706.932044
2026-08-24T20:35:06.234,14,11,QQQ260904P00788000,QQQ,2026-09-04,put,788.0,80.28,2.0,83.07,2.0,81.675,,,0.3466,-0.9621,0.0019,-0.0832,0.1011,-0.2293,2026-08-24,709.625,709.65,702.83,706.38,552704.0,706.932044
2026-08-24T20:35:06.234,14,11,QQQ260904P00789000,QQQ,2026-09-04,put,789.0,82.35,2.0,82.55,2.0,82.44999999999999,,,0.3247,-0.9727,0.0016,-0.0369,0.0771,-0.2318,2026-08-24,709.625,709.65,702.83,706.38,552704.0,706.932044
2026-08-24T20:35:06.234,14,11,QQQ260904P00790000,QQQ,2026-09-04,put,790.0,82.02,1.0,86.0,2.0,84.00999999999999,,,0.3829,-0.9495,0.0022,-0.1464,0.1275,-0.2274,2026-08-24,709.625,709.65,702.83,706.38,552704.0,706.932044
2026-08-24T20:35:06.234,14,11,QQQ260904P00791000,QQQ,2026-09-04,put,791.0,83.35,2.0,86.99,2.0,85.16999999999999,,,0.3985,-0.9442,0.0023,-0.1746,0.1379,-0.2266,2026-08-24,709.625,709.65,702.83,706.38,552704.0,706.932044
2026-08-24T20:35:06.234,14,11,QQQ260904P00792000,QQQ,2026-09-04,put,792.0,84.73,1.0,87.65,2.0,86.19,,,0.4035,-0.9439,0.0023,-0.1788,0.1385,-0.2268,2026-08-24,709.625,709.65,702.83,706.38,552704.0,706.932044
2026-08-24T20:35:06.234,14,11,QQQ260904P00793000,QQQ,2026-09-04,put,793.0,86.69,2.0,87.34,2.0,87.015,,,0.3938,-0.9503,0.0021,-0.1495,0.1258,-0.2284,2026-08-24,709.625,709.65,702.83,706.38,552704.0,706.932044
2026-08-24T20:35:06.234,14,11,QQQ260904P00794000,QQQ,2026-09-04,put,794.0,88.2,2.0,88.9,2.0,88.55000000000001,,,0.435,-0.9334,0.0024,-0.2385,0.1584,-0.2253,2026-08-24,709.625,709.65,702.83,706.38,552704.0,706.932044
2026-08-24T20:35:06.234,14,11,QQQ260904P00795000,QQQ,2026-09-04,put,795.0,88.95,1.0,90.48,2.0,89.715,,,0.4489,-0.9291,0.0025,-0.2647,0.1663,-0.2247,2026-08-24,709.625,709.65,702.83,706.38,552704.0,706.932044
2026-08-24T20:35:06.234,14,11,QQQ260904P00796000,QQQ,2026-09-04,put,796.0,90.34,1.0,91.51,2.0,90.92500000000001,,,0.4649,-0.9238,0.0025,-0.2969,0.1756,-0.224,2026-08-24,709.625,709.65,702.83,706.38,552704.0,706.932044
2026-08-24T20:35:06.234,14,11,QQQ260904P00797000,QQQ,2026-09-04,put,797.0,90.35,2.0,92.8,2.0,91.57499999999999,,,0.4476,-0.9339,0.0023,-0.2453,0.1574,-0.2263,2026-08-24,709.625,709.65,702.83,706.38,552704.0,706.932044
2026-08-24T20:35:06.234,14,11,QQQ260904P00798000,QQQ,2026-09-04,put,798.0,92.57,1.0,94.26,2.0,93.41499999999999,,,0.499,-0.9125,0.0026,-0.3682,0.1949,-0.2223,2026-08-24,709.625,709.65,702.83,706.38,552704.0,706.932044
2026-08-24T20:35:06.234,14,11,QQQ260904P00799000,QQQ,2026-09-04,put,799.0,91.8,2.0,92.78,2.0,92.28999999999999,85.06,1.0,0.3316,-0.9821,0.0011,-0.0028,0.054,-0.2368,2026-08-24,709.625,709.65,702.83,706.38,552704.0,706.932044
2026-08-24T20:35:06.234,14,11,QQQ260904P00800000,QQQ,2026-09-04,put,800.0,94.06,1.0,95.16,2.0,94.61,,,0.4608,-0.9341,0.0023,-0.2536,0.1571,-0.2273,2026-08-24,709.625,709.65,702.83,706.38,552704.0,706.932044
2026-08-24T20:35:06.234,14,11,QQQ260904P00801000,QQQ,2026-09-04,put,801.0,94.42,2.0,95.76,2.0,95.09,,,0.4277,-0.9502,0.002,-0.1684,0.126,-0.2309,2026-08-24,709.625,709.65,702.83,706.38,552704.0,706.932044
2026-08-24T20:35:06.234,14,11,QQQ260904P00802000,QQQ,2026-09-04,put,802.0,96.61,2.0,96.64,2.0,96.625,,,0.4691,-0.9345,0.0022,-0.2578,0.1564,-0.228,2026-08-24,709.625,709.65,702.83,706.38,552704.0,706.932044
2026-08-24T20:35:06.234,14,11,QQQ260904P00803000,QQQ,2026-09-04,put,803.0,94.2,2.0,97.61,2.0,95.905,,,,,,,,,2026-08-24,709.625,709.65,702.83,706.38,552704.0,706.932044
2026-08-24T20:35:06.234,14,11,QQQ260904P00804000,QQQ,2026-09-04,put,804.0,96.13,2.0,98.38,2.0,97.255,,,0.34,-0.9843,0.0009,0.0046,0.0483,-0.2388,2026-08-24,709.625,709.65,702.83,706.38,552704.0,706.932044
2026-08-24T20:35:06.234,14,11,QQQ260904P00805000,QQQ,2026-09-04,put,805.0,98.35,2.0,100.22,2.0,99.285,,,0.4565,-0.9453,0.002,-0.2051,0.1358,-0.2311,2026-08-24,709.625,709.65,702.83,706.38,552704.0,706.932044
2026-08-24T20:35:06.234,14,11,QQQ260904P00806000,QQQ,2026-09-04,put,806.0,97.32,1.0,100.13,2.0,98.725,,,,,,,,,2026-08-24,709.625,709.65,702.83,706.38,552704.0,706.932044
2026-08-24T20:35:06.234,14,11,QQQ260904P00807000,QQQ,2026-09-04,put,807.0,101.55,2.0,101.78,2.0,101.66499999999999,,,0.4897,-0.9352,0.0021,-0.2688,0.155,-0.2296,2026-08-24,709.625,709.65,702.83,706.38,552704.0,706.932044
2026-08-24T20:35:06.234,14,11,QQQ260904P00808000,QQQ,2026-09-04,put,808.0,100.02,2.0,100.71,2.0,100.365,,,,,,,,,2026-08-24,709.625,709.65,702.83,706.38,552704.0,706.932044
2026-08-24T20:35:06.234,14,11,QQQ260904P00809000,QQQ,2026-09-04,put,809.0,100.66,2.0,102.8,2.0,101.72999999999999,,,,,,,,,2026-08-24,709.625,709.65,702.83,706.38,552704.0,706.932044
2026-08-24T20:35:06.234,14,11,QQQ260904P00810000,QQQ,2026-09-04,put,810.0,102.78,1.0,103.14,1.0,102.96000000000001,,,,,,,,,2026-08-24,709.625,709.65,702.83,706.38,552704.0,706.932044
2026-08-24T20:35:06.234,14,11,QQQ260904P00811000,QQQ,2026-09-04,put,811.0,103.32,1.0,104.32,1.0,103.82,,,,,,,,,2026-08-24,709.625,709.65,702.83,706.38,552704.0,706.932044
2026-08-24T20:35:06.234,14,11,QQQ260904P00812000,QQQ,2026-09-04,put,812.0,106.18,1.0,107.32,1.0,106.75,,,0.5131,-0.9348,0.002,-0.2869,0.1559,-0.2311,2026-08-24,709.625,709.65,702.83,706.38,552704.0,706.932044
2026-08-24T20:35:06.234,14,11,QQQ260904P00813000,QQQ,2026-09-04,put,813.0,104.03,1.0,108.48,2.0,106.255,,,0.367,-0.9848,0.0009,0.0016,0.0471,-0.2416,2026-08-24,709.625,709.65,702.83,706.38,552704.0,706.932044
2026-08-24T20:35:06.234,14,11,QQQ260904P00814000,QQQ,2026-09-04,put,814.0,106.37,1.0,108.85,1.0,107.61,,,0.4247,-0.9698,0.0013,-0.0828,0.084,-0.2388,2026-08-24,709.625,709.65,702.83,706.38,552704.0,706.932044
2026-08-24T20:35:06.234,14,11,QQQ260904P00815000,QQQ,2026-09-04,put,815.0,108.45,2.0,109.94,2.0,109.195,,,0.484,-0.9507,0.0017,-0.1968,0.1249,-0.2352,2026-08-24,709.625,709.65,702.83,706.38,552704.0,706.932044
2026-08-24T20:35:06.234,14,11,QQQ260904P00816000,QQQ,2026-09-04,put,816.0,106.91,2.0,111.13,2.0,109.02,,,0.2607,-0.9992,0.0001,0.0774,0.0034,-0.2455,2026-08-24,709.625,709.65,702.83,706.38,552704.0,706.932044
2026-08-24T20:35:06.234,14,11,QQQ260904P00817000,QQQ,2026-09-04,put,817.0,110.17,1.0,111.72,2.0,110.945,,,0.4692,-0.9588,0.0015,-0.152,0.1082,-0.2375,2026-08-24,709.625,709.65,702.83,706.38,552704.0,706.932044
2026-08-24T20:35:06.234,14,11,QQQ260904P00818000,QQQ,2026-09-04,put,818.0,112.61,2.0,114.21,2.0,113.41,,,0.5741,-0.9215,0.0021,-0.3924,0.1796,-0.2303,2026-08-24,709.625,709.65,702.83,706.38,552704.0,706.932044
2026-08-24T20:35:06.234,14,11,QQQ260904P00819000,QQQ,2026-09-04,put,819.0,113.39,2.0,114.99,2.0,114.19,,,0.5652,-0.9267,0.002,-0.3612,0.1705,-0.2316,2026-08-24,709.625,709.65,702.83,706.38,552704.0,706.932044
2026-08-24T20:35:06.234,14,11,QQQ260904P00820000,QQQ,2026-09-04,put,820.0,113.85,2.0,114.69,2.0,114.27,,,0.5069,-0.9498,0.0017,-0.2135,0.1268,-0.2366,2026-08-24,709.625,709.65,702.83,706.38,552704.0,706.932044
2026-08-24T20:35:06.234,14,11,QQQ260904P00825000,QQQ,2026-09-04,put,825.0,117.73,2.0,121.26,1.0,119.495,138.63,4.0,0.5409,-0.9451,0.0017,-0.2562,0.1362,-0.2371,2026-08-24,709.625,709.65,702.83,706.38,552704.0,706.932044
2026-08-24T20:35:06.234,14,11,QQQ260904P00830000,QQQ,2026-09-04,put,830.0,123.57,2.0,123.67,2.0,123.62,,,0.4759,-0.9715,0.0011,-0.0922,0.08,-0.244,2026-08-24,709.625,709.65,702.83,706.38,552704.0,706.932044
2026-08-24T20:35:06.234,14,11,QQQ260904P00835000,QQQ,2026-09-04,put,835.0,126.26,2.0,128.15,2.0,127.20500000000001,110.88,2.0,,,,,,,2026-08-24,709.625,709.65,702.83,706.38,552704.0,706.932044
2026-08-24T20:35:06.234,14,11,QQQ260904P00840000,QQQ,2026-09-04,put,840.0,131.98,2.0,137.13,2.0,134.555,,,0.5956,-0.9471,0.0015,-0.2778,0.1323,-0.2421,2026-08-24,709.625,709.65,702.83,706.38,552704.0,706.932044
2026-08-24T20:35:06.234,14,11,QQQ260904P00845000,QQQ,2026-09-04,put,845.0,136.86,2.0,141.75,2.0,139.305,,,0.592,-0.9541,0.0013,-0.2366,0.1181,-0.245,2026-08-24,709.625,709.65,702.83,706.38,552704.0,706.932044
2026-08-24T20:35:06.234,14,11,QQQ260904P00850000,QQQ,2026-09-04,put,850.0,144.9,1.0,145.98,1.0,145.44,,,0.689,-0.9308,0.0016,-0.4307,0.1631,-0.2419,2026-08-24,709.625,709.65,702.83,706.38,552704.0,706.932044
2026-08-24T20:35:06.234,14,11,QQQ260904P00860000,QQQ,2026-09-04,put,860.0,151.3,2.0,155.18,2.0,153.24,,,0.4992,-0.9868,0.0006,-0.0096,0.0417,-0.2562,2026-08-24,709.625,709.65,702.83,706.38,552704.0,706.932044
2026-08-24T20:35:06.234,14,11,QQQ260904P00870000,QQQ,2026-09-04,put,870.0,161.64,2.0,166.63,2.0,164.135,,,0.6543,-0.9618,0.001,-0.2186,0.1019,-0.2541,2026-08-24,709.625,709.65,702.83,706.38,552704.0,706.932044
2026-08-24T20:35:06.234,14,11,QQQ260904P00880000,QQQ,2026-09-04,put,880.0,174.8,2.0,175.41,2.0,175.10500000000002,,,0.7654,-0.9432,0.0012,-0.4023,0.1398,-0.2535,2026-08-24,709.625,709.65,702.83,706.38,552704.0,706.932044
2026-08-24T20:35:06.234,14,11,QQQ260904P00885000,QQQ,2026-09-04,put,885.0,177.39,2.0,181.03,2.0,179.20999999999998,,,0.7065,-0.9617,0.001,-0.2415,0.1019,-0.2587,2026-08-24,709.625,709.65,702.83,706.38,552704.0,706.932044
2026-08-24T20:35:06.234,14,11,QQQ260904P00890000,QQQ,2026-09-04,put,890.0,184.09,2.0,185.67,2.0,184.88,,,0.7797,-0.9489,0.0011,-0.3704,0.1286,-0.2576,2026-08-24,709.625,709.65,702.83,706.38,552704.0,706.932044
2026-08-24T20:35:06.234,14,11,QQQ260904P00895000,QQQ,2026-09-04,put,895.0,190.8,2.0,192.39,2.0,191.595,,,0.907,-0.9222,0.0013,-0.6514,0.1784,-0.254,2026-08-24,709.625,709.65,702.83,706.38,552704.0,706.932044
2026-08-24T20:35:06.234,14,11,QQQ260904P00900000,QQQ,2026-09-04,put,900.0,195.72,1.0,197.2,1.0,196.45999999999998,,,0.9156,-0.9251,0.0013,-0.6364,0.1733,-0.2561,2026-08-24,709.625,709.65,702.83,706.38,552704.0,706.932044
2026-08-24T20:35:06.234,14,11,QQQ260904P00905000,QQQ,2026-09-04,put,905.0,195.17,2.0,199.09,2.0,197.13,,,,,,,,,2026-08-24,709.625,709.65,702.83,706.38,552704.0,706.932044
2026-08-24T20:35:06.234,14,11,QQQ260904P00910000,QQQ,2026-09-04,put,910.0,200.1,2.0,200.76,2.0,200.43,,,,,,,,,2026-08-24,709.625,709.65,702.83,706.38,552704.0,706.932044
2026-08-24T20:35:06.234,14,11,QQQ260904P00915000,QQQ,2026-09-04,put,915.0,208.6,2.0,208.71,2.0,208.655,,,0.7255,-0.9765,0.0006,-0.1345,0.068,-0.2707,2026-08-24,709.625,709.65,702.83,706.38,552704.0,706.932044
2026-08-24T20:35:06.234,14,11,QQQ260904P00920000,QQQ,2026-09-04,put,920.0,210.14,1.0,218.73,2.0,214.435,,,0.83,-0.9605,0.0008,-0.3048,0.1045,-0.269,2026-08-24,709.625,709.65,702.83,706.38,552704.0,706.932044
2026-08-24T20:35:06.234,14,11,QQQ260904P00925000,QQQ,2026-09-04,put,925.0,215.23,2.0,223.47,1.0,219.35,,,0.8358,-0.9626,0.0008,-0.2904,0.1001,-0.2709,2026-08-24,709.625,709.65,702.83,706.38,552704.0,706.932044
2026-08-24T20:35:06.234,14,11,QQQ260904P00930000,QQQ,2026-09-04,put,930.0,221.15,2.0,222.6,2.0,221.875,,,,,,,,,2026-08-24,709.625,709.65,702.83,706.38,552704.0,706.932044
2026-08-24T20:35:06.234,14,11,QQQ260904P00935000,QQQ,2026-09-04,put,935.0,224.29,2.0,230.04,2.0,227.165,,,,,,,,,2026-08-24,709.625,709.65,702.83,706.38,552704.0,706.932044
2026-08-24T20:35:06.234,14,11,QQQ260904P00940000,QQQ,2026-09-04,put,940.0,234.94,1.0,236.47,2.0,235.70499999999998,,,0.9905,-0.942,0.001,-0.5501,0.1422,-0.2715,2026-08-24,709.625,709.65,702.83,706.38,552704.0,706.932044
2026-08-24T20:35:06.234,14,11,QQQ260904P00945000,QQQ,2026-09-04,put,945.0,238.75,2.0,240.3,2.0,239.525,,,0.9086,-0.961,0.0008,-0.3359,0.1036,-0.2767,2026-08-24,709.625,709.65,702.83,706.38,552704.0,706.932044
2026-08-24T20:35:06.234,14,11,QQQ260904P00950000,QQQ,2026-09-04,put,950.0,243.87,2.0,246.36,2.0,245.115,,,0.9746,-0.9518,0.0008,-0.4521,0.1228,-0.2764,2026-08-24,709.625,709.65,702.83,706.38,552704.0,706.932044
2026-08-24T20:35:06.234,30,32,QQQ260925C00450000,QQQ,2026-09-25,call,450.0,252.41,1.0,258.48,1.0,255.445,,,,,,,,,2026-08-24,709.625,709.65,702.83,706.38,552704.0,706.932044
2026-08-24T20:35:06.234,30,32,QQQ260925C00455000,QQQ,2026-09-25,call,455.0,256.0,1.0,258.19,1.0,257.095,,,,,,,,,2026-08-24,709.625,709.65,702.83,706.38,552704.0,706.932044
2026-08-24T20:35:06.234,30,32,QQQ260925C00460000,QQQ,2026-09-25,call,460.0,245.67,1.0,247.88,1.0,246.77499999999998,,,,,,,,,2026-08-24,709.625,709.65,702.83,706.38,552704.0,706.932044
2026-08-24T20:35:06.234,30,32,QQQ260925C00465000,QQQ,2026-09-25,call,465.0,239.38,1.0,243.08,1.0,241.23000000000002,,,,,,,,,2026-08-24,709.625,709.65,702.83,706.38,552704.0,706.932044
2026-08-24T20:35:06.234,30,32,QQQ260925C00470000,QQQ,2026-09-25,call,470.0,234.94,1.0,237.37,1.0,236.155,,,,,,,,,2026-08-24,709.625,709.65,702.83,706.38,552704.0,706.932044
2026-08-24T20:35:06.234,30,32,QQQ260925C00475000,QQQ,2026-09-25,call,475.0,234.15,1.0,234.4,1.0,234.275,,,0.7377,0.9737,0.0004,-0.1922,0.1273,0.3974,2026-08-24,709.625,709.65,702.83,706.38,552704.0,706.932044
2026-08-24T20:35:06.234,30,32,QQQ260925C00480000,QQQ,2026-09-25,call,480.0,230.49,1.0,232.68,1.0,231.585,,,0.8561,0.9517,0.0006,-0.3245,0.2096,0.3861,2026-08-24,709.625,709.65,702.83,706.38,552704.0,706.932044
2026-08-24T20:35:06.234,30,32,QQQ260925C00485000,QQQ,2026-09-25,call,485.0,223.06,1.0,225.34,1.0,224.2,,,0.6963,0.9738,0.0004,-0.1845,0.127,0.4063,2026-08-24,709.625,709.65,702.83,706.38,552704.0,706.932044
2026-08-24T20:35:06.234,30,32,QQQ260925C00490000,QQQ,2026-09-25,call,490.0,213.56,1.0,214.99,1.0,214.275,,,,,,,,,2026-08-24,709.625,709.65,702.83,706.38,552704.0,706.932044
2026-08-24T20:35:06.234,30,32,QQQ260925C00495000,QQQ,2026-09-25,call,495.0,211.19,1.0,213.39,1.0,212.29,,,,,,,,,2026-08-24,709.625,709.65,702.83,706.38,552704.0,706.932044
2026-08-24T20:35:06.234,30,32,QQQ260925C00500000,QQQ,2026-09-25,call,500.0,208.7,1.0,210.92,1.0,209.81,231.73,1.0,0.6863,0.9653,0.0005,-0.2192,0.1604,0.4136,2026-08-24,709.625,709.65,702.83,706.38,552704.0,706.932044
2026-08-24T20:35:06.234,30,32,QQQ260925C00505000,QQQ,2026-09-25,call,505.0,203.31,1.0,203.54,1.0,203.425,,,0.5565,0.9837,0.0004,-0.1232,0.0852,0.4306,2026-08-24,709.625,709.65,702.83,706.38,552704.0,706.932044
2026-08-24T20:35:06.234,30,32,QQQ260925C00510000,QQQ,2026-09-25,call,510.0,196.1,1.0,202.09,1.0,199.095,,,0.6028,0.9732,0.0005,-0.1709,0.1296,0.4279,2026-08-24,709.625,709.65,702.83,706.38,552704.0,706.932044
2026-08-24T20:35:06.234,30,32,QQQ260925C00515000,QQQ,2026-09-25,call,515.0,195.36,1.0,197.54,1.0,196.45,,,0.7168,0.9461,0.0007,-0.3036,0.2289,0.4134,2026-08-24,709.625,709.65,702.83,706.38,552704.0,706.932044
2026-08-24T20:35:06.234,30,32,QQQ260925C00520000,QQQ,2026-09-25,call,520.0,189.83,1.0,192.05,1.0,190.94,,,0.6757,0.95,0.0007,-0.2756,0.2155,0.4207,2026-08-24,709.625,709.65,702.83,706.38,552704.0,706.932044
2026-08-24T20:35:06.234,30,32,QQQ260925C00525000,QQQ,2026-09-25,call,525.0,183.37,1.0,185.43,1.0,184.4,,,0.575,0.9675,0.0006,-0.1867,0.1522,0.4372,2026-08-24,709.625,709.65,702.83,706.38,552704.0,706.932044
2026-08-24T20:35:06.234,30,32,QQQ260925C00530000,QQQ,2026-09-25,call,530.0,179.84,1.0,182.03,1.0,180.935,,,0.6399,0.948,0.0008,-0.2714,0.2225,0.4282,2026-08-24,709.625,709.65,702.83,706.38,552704.0,706.932044
2026-08-24T20:35:06.234,30,32,QQQ260925C00535000,QQQ,2026-09-25,call,535.0,174.28,1.0,175.56,1.0,174.92000000000002,,,0.5729,0.959,0.0007,-0.2147,0.1837,0.4403,2026-08-24,709.625,709.65,702.83,706.38,552704.0,706.932044
2026-08-24T20:35:06.234,30,32,QQQ260925C00540000,QQQ,2026-09-25,call,540.0,167.51,1.0,170.11,1.0,168.81,,,0.4841,0.9753,0.0006,-0.1436,0.121,0.4557,2026-08-24,709.625,709.65,702.83,706.38,552704.0,706.932044
2026-08-24T20:35:06.234,30,32,QQQ260925C00545000,QQQ,2026-09-25,call,545.0,163.31,1.0,165.71,1.0,164.51,,,0.5169,0.9632,0.0007,-0.1875,0.1682,0.452,2026-08-24,709.625,709.65,702.83,706.38,552704.0,706.932044
2026-08-24T20:35:06.234,30,32,QQQ260925C00550000,QQQ,2026-09-25,call,550.0,154.82,1.0,159.87,1.0,157.345,,,,,,,,,2026-08-24,709.625,709.65,702.83,706.38,552704.0,706.932044
2026-08-24T20:35:06.234,30,32,QQQ260925C00555000,QQQ,2026-09-25,call,555.0,150.37,1.0,157.23,1.0,153.8,,,0.4376,0.9743,0.0007,-0.1391,0.1252,0.4683,2026-08-24,709.625,709.65,702.83,706.38,552704.0,706.932044
2026-08-24T20:35:06.234,30,32,QQQ260925C00560000,QQQ,2026-09-25,call,560.0,145.82,1.0,152.41,1.0,149.115,,,0.4453,0.9677,0.0008,-0.1587,0.1512,0.4683,2026-08-24,709.625,709.65,702.83,706.38,552704.0,706.932044
2026-08-24T20:35:06.234,30,32,QQQ260925C00565000,QQQ,2026-09-25,call,565.0,142.21,1.0,142.29,1.0,142.25,144.97,1.0,,,,,,,2026-08-24,709.625,709.65,702.83,706.38,552704.0,706.932044
2026-08-24T20:35:06.234,30,32,QQQ260925C00570000,QQQ,2026-09-25,call,570.0,135.54,1.0,141.5,1.0,138.51999999999998,,,0.3692,0.9795,0.0006,-0.1151,0.1036,0.4849,2026-08-24,709.625,709.65,702.83,706.38,552704.0,706.932044
2026-08-24T20:35:06.234,30,32,QQQ260925C00575000,QQQ,2026-09-25,call,575.0,135.21,1.0,137.39,1.0,136.3,145.59,1.0,0.4997,0.9311,0.0013,-0.2688,0.2774,0.4569,2026-08-24,709.625,709.65,702.83,706.38,552704.0,706.932044
2026-08-24T20:35:06.234,30,32,QQQ260925C00580000,QQQ,2026-09-25,call,580.0,128.08,1.0,130.36,1.0,129.22000000000003,154.74,1.0,0.3915,0.9627,0.001,-0.1593,0.1704,0.4826,2026-08-24,709.625,709.65,702.83,706.38,552704.0,706.932044
2026-08-24T20:35:06.234,30,32,QQQ260925C00585000,QQQ,2026-09-25,call,585.0,120.95,1.0,127.26,1.0,124.105,,,0.3699,0.9642,0.001,-0.1508,0.1645,0.4881,2026-08-24,709.625,709.65,702.83,706.38,552704.0,706.932044
2026-08-24T20:35:06.234,30,32,QQQ260925C00590000,QQQ,2026-09-25,call,590.0,117.09,1.0,117.9,1.0,117.495,118.17,1.0,,,,,,,2026-08-24,709.625,709.65,702.83,706.38,552704.0,706.932044
2026-08-24T20:35:06.234,30,32,QQQ260925C00595000,QQQ,2026-09-25,call,595.0,112.39,1.0,113.48,1.0,112.935,,,,,,,,,2026-08-24,709.625,709.65,702.83,706.38,552704.0,706.932044
2026-08-24T20:35:06.234,30,32,QQQ260925C00600000,QQQ,2026-09-25,call,600.0,106.92,1.0,108.92,1.0,107.92,,,,,,,,,2026-08-24,709.625,709.65,702.83,706.38,552704.0,706.932044
2026-08-24T20:35:06.234,30,32,QQQ260925C00605000,QQQ,2026-09-25,call,605.0,103.39,1.0,104.04,1.0,103.715,116.87,1.0,0.2872,0.9711,0.0011,-0.1202,0.138,0.5102,2026-08-24,709.625,709.65,702.83,706.38,552704.0,706.932044
2026-08-24T20:35:06.234,30,32,QQQ260925C00610000,QQQ,2026-09-25,call,610.0,98.12,1.0,101.75,1.0,99.935,112.96,1.0,0.3358,0.9398,0.0017,-0.1875,0.2497,0.4942,2026-08-24,709.625,709.65,702.83,706.38,552704.0,706.932044
2026-08-24T20:35:06.234,30,32,QQQ260925C00615000,QQQ,2026-09-25,call,615.0,93.26,1.0,96.88,1.0,95.07,102.15,1.0,0.3258,0.9349,0.0019,-0.1917,0.2655,0.4954,2026-08-24,709.625,709.65,702.83,706.38,552704.0,706.932044
2026-08-24T20:35:06.234,30,32,QQQ260925C00620000,QQQ,2026-09-25,call,620.0,89.42,1.0,90.01,1.0,89.715,115.54,1.0,0.2969,0.9406,0.0019,-0.1722,0.2472,0.5036,2026-08-24,709.625,709.65,702.83,706.38,552704.0,706.932044
2026-08-24T20:35:06.234,30,32,QQQ260925C00625000,QQQ,2026-09-25,call,625.0,86.4,1.0,87.32,1.0,86.86,90.21,1.0,0.3495,0.8964,0.0025,-0.2602,0.3764,0.4788,2026-08-24,709.625,709.65,702.83,706.38,552704.0,706.932044
2026-08-24T20:35:06.234,30,32,QQQ260925C00630000,QQQ,2026-09-25,call,630.0,81.51,1.0,82.21,1.0,81.86,78.21,1.0,0.3327,0.8924,0.0027,-0.2561,0.3871,0.4806,2026-08-24,709.625,709.65,702.83,706.38,552704.0,706.932044
2026-08-24T20:35:06.234,30,32,QQQ260925C00635000,QQQ,2026-09-25,call,635.0,74.11,8.0,75.54,8.0,74.825,,,0.2564,0.9303,0.0025,-0.1704,0.2799,0.5103,2026-08-24,709.625,709.65,702.83,706.38,552704.0,706.932044
2026-08-24T20:35:06.234,30,32,QQQ260925C00640000,QQQ,2026-09-25,call,640.0,70.77,8.0,71.1,8.0,70.935,77.62,1.0,0.2754,0.9007,0.003,-0.2137,0.3651,0.4954,2026-08-24,709.625,709.65,702.83,706.38,552704.0,706.932044
2026-08-24T20:35:06.234,30,32,QQQ260925C00645000,QQQ,2026-09-25,call,645.0,66.78,1.0,67.64,1.0,67.21000000000001,77.09,1.0,0.2904,0.8713,0.0035,-0.2542,0.4392,0.4804,2026-08-24,709.625,709.65,702.83,706.38,552704.0,706.932044
2026-08-24T20:35:06.234,30,32,QQQ260925C00650000,QQQ,2026-09-25,call,650.0,60.92,1.0,61.14,1.0,61.03,60.05,2.0,0.2456,0.8885,0.0037,-0.2091,0.397,0.4965,2026-08-24,709.625,709.65,702.83,706.38,552704.0,706.932044
2026-08-24T20:35:06.234,30,32,QQQ260925C00655000,QQQ,2026-09-25,call,655.0,57.39,4.0,58.4,4.0,57.894999999999996,57.46,1.0,0.2702,0.8458,0.0042,-0.2636,0.4964,0.4729,2026-08-24,709.625,709.65,702.83,706.38,552704.0,706.932044
2026-08-24T20:35:06.234,30,32,QQQ260925C00660000,QQQ,2026-09-25,call,660.0,52.61,4.0,53.43,4.0,53.019999999999996,54.97,2.0,0.2548,0.8352,0.0047,-0.2602,0.5185,0.4705,2026-08-24,709.625,709.65,702.83,706.38,552704.0,706.932044
2026-08-24T20:35:06.234,30,32,QQQ260925C00665000,QQQ,2026-09-25,call,665.0,48.71,1.0,49.5,1.0,49.105000000000004,70.76,1.0,0.2562,0.808,0.0051,-0.2808,0.5711,0.4571,2026-08-24,709.625,709.65,702.83,706.38,552704.0,706.932044
2026-08-24T20:35:06.234,30,32,QQQ260925C00667000,QQQ,2026-09-25,call,667.0,45.55,4.0,46.78,9.0,46.165,,,0.232,0.8186,0.0054,-0.2531,0.5513,0.4663,2026-08-24,709.625,709.65,702.83,706.38,552704.0,706.932044
2026-08-24T20:35:06.234,30,32,QQQ260925C00668000,QQQ,2026-09-25,call,668.0,45.41,1.0,46.25,1.0,45.83,63.62,1.0,0.2401,0.8053,0.0055,-0.2684,0.5759,0.4583,2026-08-24,709.625,709.65,702.83,706.38,552704.0,706.932044
2026-08-24T20:35:06.234,30,32,QQQ260925C00669000,QQQ,2026-09-25,call,669.0,45.27,4.0,45.45,4.0,45.36,,,0.2453,0.7948,0.0055,-0.2795,0.5944,0.4522,2026-08-24,709.625,709.65,702.83,706.38,552704.0,706.932044
2026-08-24T20:35:06.234,30,32,QQQ260925C00670000,QQQ,2026-09-25,call,670.0,43.52,5.0,45.25,5.0,44.385000000000005,55.99,1.0,0.2419,0.7919,0.0057,-0.2781,0.5993,0.4513,2026-08-24,709.625,709.65,702.83,706.38,552704.0,706.932044
2026-08-24T20:35:06.234,30,32,QQQ260925C00671000,QQQ,2026-09-25,call,671.0,43.4,1.0,43.66,1.0,43.53,40.93,1.0,0.2404,0.7872,0.0058,-0.2794,0.6073,0.4491,2026-08-24,709.625,709.65,702.83,706.38,552704.0,706.932044
2026-08-24T20:35:06.234,30,32,QQQ260925C00672000,QQQ,2026-09-25,call,672.0,42.1,6.0,42.6,1.0,42.35,,,0.2336,0.7871,0.0059,-0.2731,0.6074,0.4501,2026-08-24,709.625,709.65,702.83,706.38,552704.0,706.932044
2026-08-24T20:35:06.234,30,32,QQQ260925C00673000,QQQ,2026-09-25,call,673.0,41.04,1.0,41.28,5.0,41.16,40.16,2.0,0.2266,0.7872,0.0061,-0.2665,0.6072,0.4512,2026-08-24,709.625,709.65,702.83,706.38,552704.0,706.932044
2026-08-24T20:35:06.234,30,32,QQQ260925C00674000,QQQ,2026-09-25,call,674.0,40.12,1.0,41.33,1.0,40.724999999999994,45.97,1.0,0.2318,0.776,0.0062,-0.2773,0.6255,0.4446,2026-08-24,709.625,709.65,702.83,706.38,552704.0,706.932044
2026-08-24T20:35:06.234,30,32,QQQ260925C00675000,QQQ,2026-09-25,call,675.0,39.26,11.0,41.39,13.0,40.325,41.84,1.0,0.2373,0.7648,0.0062,-0.2884,0.6428,0.4381,2026-08-24,709.625,709.65,702.83,706.38,552704.0,706.932044
2026-08-24T20:35:06.234,30,32,QQQ260925C00676000,QQQ,2026-09-25,call,676.0,38.74,11.0,39.31,18.0,39.025000000000006,40.56,1.0,0.2286,0.7657,0.0064,-0.2793,0.6415,0.4398,2026-08-24,709.625,709.65,702.83,706.38,552704.0,706.932044
2026-08-24T20:35:06.234,30,32,QQQ260925C00677000,QQQ,2026-09-25,call,677.0,37.88,10.0,38.93,10.0,38.405,,,0.2304,0.7574,0.0065,-0.2851,0.6538,0.4352,2026-08-24,709.625,709.65,702.83,706.38,552704.0,706.932044
2026-08-24T20:35:06.234,30,32,QQQ260925C00678000,QQQ,2026-09-25,call,678.0,36.55,5.0,38.63,5.0,37.59,,,0.2291,0.7516,0.0066,-0.2864,0.6621,0.4323,2026-08-24,709.625,709.65,702.83,706.38,552704.0,706.932044
2026-08-24T20:35:06.234,30,32,QQQ260925C00679000,QQQ,2026-09-25,call,679.0,36.33,10.0,37.63,10.0,36.980000000000004,,,0.2308,0.7433,0.0067,-0.2918,0.6737,0.4277,2026-08-24,709.625,709.65,702.83,706.38,552704.0,706.932044
2026-08-24T20:35:06.234,30,32,QQQ260925C00680000,QQQ,2026-09-25,call,680.0,34.86,1.0,37.23,25.0,36.045,37.07,10.0,0.2276,0.7389,0.0068,-0.2903,0.6796,0.4258,2026-08-24,709.625,709.65,702.83,706.38,552704.0,706.932044
2026-08-24T20:35:06.234,30,32,QQQ260925C00681000,QQQ,2026-09-25,call,681.0,35.26,10.0,35.77,10.0,35.515,,,0.2302,0.7297,0.0069,-0.2968,0.6916,0.4206,2026-08-24,709.625,709.65,702.83,706.38,552704.0,706.932044
2026-08-24T20:35:06.234,30,32,QQQ260925C00682000,QQQ,2026-09-25,call,682.0,34.01,10.0,34.73,10.0,34.37,58.55,2.0,0.2238,0.7275,0.0071,-0.2908,0.6944,0.4202,2026-08-24,709.625,709.65,702.83,706.38,552704.0,706.932044
2026-08-24T20:35:06.234,30,32,QQQ260925C00683000,QQQ,2026-09-25,call,683.0,33.46,11.0,33.52,11.0,33.49,40.4,1.0,0.2212,0.7221,0.0073,-0.2901,0.7011,0.4177,2026-08-24,709.625,709.65,702.83,706.38,552704.0,706.932044
2026-08-24T20:35:06.234,30,32,QQQ260925C00684000,QQQ,2026-09-25,call,684.0,31.87,11.0,32.85,11.0,32.36,37.89,1.0,0.2151,0.7195,0.0075,-0.2843,0.7044,0.417,2026-08-24,709.625,709.65,702.83,706.38,552704.0,706.932044
2026-08-24T20:35:06.234,30,32,QQQ260925C00685000,QQQ,2026-09-25,call,685.0,31.38,7.0,32.08,11.0,31.729999999999997,30.36,2.0,0.2159,0.711,0.0076,-0.2881,0.7145,0.4123,2026-08-24,709.625,709.65,702.83,706.38,552704.0,706.932044
2026-08-24T20:35:06.234,30,32,QQQ260925C00686000,QQQ,2026-09-25,call,686.0,31.22,3.0,31.4,4.0,31.31,32.33,1.0,0.2195,0.7005,0.0076,-0.2956,0.7264,0.4062,2026-08-24,709.625,709.65,702.83,706.38,552704.0,706.932044
2026-08-24T20:35:06.234,30,32,QQQ260925C00687000,QQQ,2026-09-25,call,687.0,30.39,2.0,30.72,4.0,30.555,31.42,1.0,0.2184,0.6935,0.0077,-0.2964,0.7339,0.4025,2026-08-24,709.625,709.65,702.83,706.38,552704.0,706.932044
2026-08-24T20:35:06.234,30,32,QQQ260925C00688000,QQQ,2026-09-25,call,688.0,29.75,11.0,30.24,11.0,29.994999999999997,,,0.2198,0.6846,0.0077,-0.3006,0.7431,0.3975,2026-08-24,709.625,709.65,702.83,706.38,552704.0,706.932044
2026-08-24T20:35:06.234,30,32,QQQ260925C00689000,QQQ,2026-09-25,call,689.0,28.86,11.0,29.33,11.0,29.095,30.17,1.0,0.2165,0.6787,0.0079,-0.2985,0.7489,0.3947,2026-08-24,709.625,709.65,702.83,706.38,552704.0,706.932044
2026-08-24T20:35:06.234,30,32,QQQ260925C00690000,QQQ,2026-09-25,call,690.0,28.43,10.0,28.57,5.0,28.5,29.78,1.0,0.2173,0.6701,0.008,-0.3015,0.757,0.3899,2026-08-24,709.625,709.65,702.83,706.38,552704.0,706.932044
2026-08-24T20:35:06.234,30,32,QQQ260925C00691000,QQQ,2026-09-25,call,691.0,27.52,3.0,27.53,11.0,27.525,28.41,1.0,0.2129,0.6646,0.0082,-0.2977,0.762,0.3873,2026-08-24,709.625,709.65,702.83,706.38,552704.0,706.932044
2026-08-24T20:35:06.234,30,32,QQQ260925C00692000,QQQ,2026-09-25,call,692.0,27.03,4.0,27.23,4.0,27.130000000000003,31.82,1.0,0.216,0.6544,0.0082,-0.3037,0.7708,0.3813,2026-08-24,709.625,709.65,702.83,706.38,552704.0,706.932044
2026-08-24T20:35:06.234,30,32,QQQ260925C00693000,QQQ,2026-09-25,call,693.0,26.34,6.0,26.53,4.0,26.435000000000002,41.81,1.0,0.2151,0.6465,0.0083,-0.3042,0.7771,0.3771,2026-08-24,709.625,709.65,702.83,706.38,552704.0,706.932044
2026-08-24T20:35:06.234,30,32,QQQ260925C00694000,QQQ,2026-09-25,call,694.0,24.91,20.0,25.46,9.0,25.185000000000002,26.81,1.0,0.207,0.6423,0.0086,-0.2953,0.7804,0.3756,2026-08-24,709.625,709.65,702.83,706.38,552704.0,706.932044
2026-08-24T20:35:06.234,30,32,QQQ260925C00695000,QQQ,2026-09-25,call,695.0,24.72,6.0,24.89,3.0,24.805,24.75,1.0,0.2099,0.6321,0.0086,-0.3007,0.7879,0.3695,2026-08-24,709.625,709.65,702.83,706.38,552704.0,706.932044
2026-08-24T20:35:06.234,30,32,QQQ260925C00696000,QQQ,2026-09-25,call,696.0,24.35,10.0,25.16,1.0,24.755000000000003,25.1,1.0,0.2169,0.6203,0.0084,-0.3111,0.7959,0.3623,2026-08-24,709.625,709.65,702.83,706.38,552704.0,706.932044
2026-08-24T20:35:06.234,30,32,QQQ260925C00697000,QQQ,2026-09-25,call,697.0,23.07,4.0,23.72,5.0,23.395,24.04,1.0,0.2072,0.6156,0.0088,-0.2998,0.7988,0.3606,2026-08-24,709.625,709.65,702.83,706.38,552704.0,706.932044
2026-08-24T20:35:06.234,30,32,QQQ260925C00698000,QQQ,2026-09-25,call,698.0,22.34,5.0,22.56,4.0,22.45,24.13,1.0,0.2028,0.6085,0.0091,-0.2952,0.803,0.357,2026-08-24,709.625,709.65,702.83,706.38,552704.0,706.932044
2026-08-24T20:35:06.234,30,32,QQQ260925C00699000,QQQ,2026-09-25,call,699.0,21.98,5.0,22.15,5.0,22.064999999999998,,,0.2052,0.5984,0.009,-0.2993,0.8086,0.3511,2026-08-24,709.625,709.65,702.83,706.38,552704.0,706.932044
2026-08-24T20:35:06.234,30,32,QQQ260925C00700000,QQQ,2026-09-25,call,700.0,21.57,5.0,21.59,23.0,21.58,21.32,1.0,0.2062,0.589,0.009,-0.3015,0.8132,0.3457,2026-08-24,709.625,709.65,702.83,706.38,552704.0,706.932044
2026-08-24T20:35:06.234,30,32,QQQ260925C00701000,QQQ,2026-09-25,call,701.0,20.46,13.0,21.07,5.0,20.765,19.25,2.0,0.2031,0.5807,0.0092,-0.2982,0.8169,0.3413,2026-08-24,709.625,709.65,702.83,706.38,552704.0,706.932044
2026-08-24T20:35:06.234,30,32,QQQ260925C00702000,QQQ,2026-09-25,call,702.0,20.1,10.0,20.53,2.0,20.315,20.38,2.0,0.2043,0.5711,0.0092,-0.3003,0.8208,0.3357,2026-08-24,709.625,709.65,702.83,706.38,552704.0,706.932044
2026-08-24T20:35:06.234,30,32,QQQ260925C00703000,QQQ,2026-09-25,call,703.0,19.48,8.0,19.66,11.0,19.57,20.31,1.0,0.2018,0.5623,0.0093,-0.2976,0.8239,0.331,2026-08-24,709.625,709.65,702.83,706.38,552704.0,706.932044
2026-08-24T20:35:06.234,30,32,QQQ260925C00704000,QQQ,2026-09-25,call,704.0,18.74,5.0,18.91,5.0,18.825,19.24,9.0,0.1992,0.5533,0.0095,-0.2946,0.8266,0.326,2026-08-24,709.625,709.65,702.83,706.38,552704.0,706.932044
2026-08-24T20:35:06.234,30,32,QQQ260925C00705000,QQQ,2026-09-25,call,705.0,17.89,13.0,18.55,5.0,18.22,18.35,10.0,0.1982,0.5439,0.0096,-0.2934,0.829,0.3207,2026-08-24,709.625,709.65,702.83,706.38,552704.0,706.932044
2026-08-24T20:35:06.234,30,32,QQQ260925C00706000,QQQ,2026-09-25,call,706.0,17.23,14.0,18.0,11.0,17.615000000000002,17.62,2.0,0.1972,0.5344,0.0096,-0.292,0.831,0.3154,2026-08-24,709.625,709.65,702.83,706.38,552704.0,706.932044
2026-08-24T20:35:06.234,30,32,QQQ260925C00707000,QQQ,2026-09-25,call,707.0,16.88,23.0,17.32,26.0,17.1,17.43,9.0,0.197,0.5247,0.0097,-0.2917,0.8325,0.3098,2026-08-24,709.625,709.65,702.83,706.38,552704.0,706.932044
2026-08-24T20:35:06.234,30,32,QQQ260925C00708000,QQQ,2026-09-25,call,708.0,16.42,1.0,16.88,10.0,16.65,16.329,5.0,0.1976,0.5151,0.0097,-0.292,0.8335,0.3043,2026-08-24,709.625,709.65,702.83,706.38,552704.0,706.932044
2026-08-24T20:35:06.234,30,32,QQQ260925C00709000,QQQ,2026-09-25,call,709.0,16.149,1.0,16.25,5.0,16.1995,16.23,2.0,0.198,0.5055,0.0096,-0.2921,0.834,0.2987,2026-08-24,709.625,709.65,702.83,706.38,552704.0,706.932044
2026-08-24T20:35:06.234,30,32,QQQ260925C00710000,QQQ,2026-09-25,call,710.0,15.05,40.0,15.68,37.0,15.365,15.5,1.0,0.1937,0.4953,0.0099,-0.2859,0.834,0.2931,2026-08-24,709.625,709.65,702.83,706.38,552704.0,706.932044
2026-08-24T20:35:06.234,30,32,QQQ260925C00711000,QQQ,2026-09-25,call,711.0,14.99,92.0,15.13,81.0,15.06,15.01,5.0,0.1956,0.4859,0.0097,-0.2876,0.8335,0.2876,2026-08-24,709.625,709.65,702.83,706.38,552704.0,706.932044
2026-08-24T20:35:06.234,30,32,QQQ260925C00712000,QQQ,2026-09-25,call,712.0,14.4,3.0,14.63,23.0,14.515,14.64,10.0,0.1946,0.476,0.0098,-0.2853,0.8325,0.2819,2026-08-24,709.625,709.65,702.83,706.38,552704.0,706.932044
2026-08-24T20:35:06.234,30,32,QQQ260925C00713000,QQQ,2026-09-25,call,713.0,13.49,11.0,14.11,8.0,13.8,14.05,1.0,0.1913,0.4653,0.0099,-0.2799,0.8309,0.276,2026-08-24,709.625,709.65,702.83,706.38,552704.0,706.932044
2026-08-24T20:35:06.234,30,32,QQQ260925C00714000,QQQ,2026-09-25,call,714.0,13.13,3.0,13.57,23.0,13.350000000000001,13.69,1.0,0.1912,0.4555,0.0099,-0.2784,0.8289,0.2702,2026-08-24,709.625,709.65,702.83,706.38,552704.0,706.932044
2026-08-24T20:35:06.234,30,32,QQQ260925C00715000,QQQ,2026-09-25,call,715.0,12.49,46.0,12.81,34.0,12.65,13.19,2.0,0.1879,0.4443,0.0101,-0.2726,0.8259,0.264,2026-08-24,709.625,709.65,702.83,706.38,552704.0,706.932044
2026-08-24T20:35:06.234,30,32,QQQ260925C00716000,QQQ,2026-09-25,call,716.0,12.01,23.0,12.63,26.0,12.32,12.71,1.0,0.1889,0.4349,0.01,-0.2724,0.8229,0.2584,2026-08-24,709.625,709.65,702.83,706.38,552704.0,706.932044
2026-08-24T20:35:06.234,30,32,QQQ260925C00717000,QQQ,2026-09-25,call,717.0,11.93,3.0,12.06,18.0,11.995000000000001,11.77,1.0,0.1899,0.4256,0.0099,-0.2721,0.8195,0.2529,2026-08-24,709.625,709.65,702.83,706.38,552704.0,706.932044
2026-08-24T20:35:06.234,30,32,QQQ260925C00718000,QQQ,2026-09-25,call,718.0,11.5,23.0,11.59,14.0,11.545,12.15,1.0,0.1893,0.4156,0.0099,-0.2693,0.8153,0.2471,2026-08-24,709.625,709.65,702.83,706.38,552704.0,706.932044
2026-08-24T20:35:06.234,30,32,QQQ260925C00719000,QQQ,2026-09-25,call,719.0,11.03,99.0,11.18,31.0,11.105,12.02,1.0,0.1886,0.4055,0.0098,-0.2664,0.8106,0.2413,2026-08-24,709.625,709.65,702.83,706.38,552704.0,706.932044
2026-08-24T20:35:06.234,30,32,QQQ260925C00720000,QQQ,2026-09-25,call,720.0,10.52,2.0,10.77,9.0,10.645,10.73,25.0,0.1876,0.3952,0.0098,-0.2629,0.8051,0.2353,2026-08-24,709.625,709.65,702.83,706.38,552704.0,706.932044
2026-08-24T20:35:06.234,30,32,QQQ260925C00721000,QQQ,2026-09-25,call,721.0,10.16,1.0,10.31,25.0,10.235,10.9,2.0,0.1871,0.3853,0.0098,-0.2599,0.7993,0.2295,2026-08-24,709.625,709.65,702.83,706.38,552704.0,706.932044
2026-08-24T20:35:06.234,30,32,QQQ260925C00722000,QQQ,2026-09-25,call,722.0,9.52,1.0,9.64,47.0,9.58,10.09,5.0,0.1833,0.3729,0.0099,-0.2521,0.7913,0.2224,2026-08-24,709.625,709.65,702.83,706.38,552704.0,706.932044
2026-08-24T20:35:06.234,30,32,QQQ260925C00723000,QQQ,2026-09-25,call,723.0,9.36,2.0,9.47,8.0,9.415,9.66,5.0,0.1856,0.3651,0.0097,-0.2529,0.7859,0.2178,2026-08-24,709.625,709.65,702.83,706.38,552704.0,706.932044
2026-08-24T20:35:06.234,30,32,QQQ260925C00724000,QQQ,2026-09-25,call,724.0,8.86,23.0,8.94,8.0,8.899999999999999,8.98,1.0,0.1834,0.3538,0.0097,-0.2469,0.7774,0.2112,2026-08-24,709.625,709.65,702.83,706.38,552704.0,706.932044
2026-08-24T20:35:06.234,30,32,QQQ260925C00725000,QQQ,2026-09-25,call,725.0,8.59,5.0,8.69,28.0,8.64,8.83,1.0,0.1843,0.3452,0.0096,-0.2454,0.7704,0.2061,2026-08-24,709.625,709.65,702.83,706.38,552704.0,706.932044
2026-08-24T20:35:06.234,30,32,QQQ260925C00726000,QQQ,2026-09-25,call,726.0,8.119,8.0,8.28,18.0,8.1995,8.21,6.0,0.1827,0.3344,0.0095,-0.2401,0.7611,0.1998,2026-08-24,709.625,709.65,702.83,706.38,552704.0,706.932044
2026-08-24T20:35:06.234,30,32,QQQ260925C00727000,QQQ,2026-09-25,call,727.0,7.76,23.0,7.83,14.0,7.795,7.89,1.0,0.1814,0.3239,0.0095,-0.2351,0.7514,0.1937,2026-08-24,709.625,709.65,702.83,706.38,552704.0,706.932044
2026-08-24T20:35:06.234,30,32,QQQ260925C00728000,QQQ,2026-09-25,call,728.0,7.33,2.0,7.58,11.0,7.455,7.61,1.0,0.1809,0.3142,0.0094,-0.2311,0.7419,0.188,2026-08-24,709.625,709.65,702.83,706.38,552704.0,706.932044
2026-08-24T20:35:06.234,30,32,QQQ260925C00729000,QQQ,2026-09-25,call,729.0,6.92,1.0,7.15,42.0,7.035,7.17,6.0,0.1791,0.3032,0.0093,-0.2251,0.7304,0.1815,2026-08-24,709.625,709.65,702.83,706.38,552704.0,706.932044
2026-08-24T20:35:06.234,30,32,QQQ260925C00730000,QQQ,2026-09-25,call,730.0,6.66,24.0,6.69,37.0,6.675000000000001,6.77,1.0,0.178,0.293,0.0092,-0.22,0.719,0.1755,2026-08-24,709.625,709.65,702.83,706.38,552704.0,706.932044
2026-08-24T20:35:06.234,30,32,QQQ260925C00731000,QQQ,2026-09-25,call,731.0,6.41,23.0,6.47,23.0,6.4399999999999995,6.61,4.0,0.1785,0.2847,0.0091,-0.2173,0.7094,0.1706,2026-08-24,709.625,709.65,702.83,706.38,552704.0,706.932044
2026-08-24T20:35:06.234,30,32,QQQ260925C00732000,QQQ,2026-09-25,call,732.0,6.02,38.0,6.26,39.0,6.14,6.33,2.0,0.1779,0.2753,0.009,-0.2129,0.698,0.165,2026-08-24,709.625,709.65,702.83,706.38,552704.0,706.932044
2026-08-24T20:35:06.234,30,32,QQQ260925C00733000,QQQ,2026-09-25,call,733.0,5.77,10.0,5.82,23.0,5.795,6.02,3.0,0.1766,0.265,0.0089,-0.2071,0.6848,0.159,2026-08-24,709.625,709.65,702.83,706.38,552704.0,706.932044
2026-08-24T20:35:06.234,30,32,QQQ260925C00734000,QQQ,2026-09-25,call,734.0,5.5,3.0,5.53,11.0,5.515000000000001,5.75,1.0,0.176,0.2559,0.0087,-0.2025,0.6725,0.1536,2026-08-24,709.625,709.65,702.83,706.38,552704.0,706.932044
2026-08-24T20:35:06.234,30,32,QQQ260925C00735000,QQQ,2026-09-25,call,735.0,5.35,2.0,5.4,9.0,5.375,5.4,1.0,0.1775,0.2494,0.0086,-0.2011,0.6635,0.1497,2026-08-24,709.625,709.65,702.83,706.38,552704.0,706.932044
2026-08-24T20:35:06.234,30,32,QQQ260925C00736000,QQQ,2026-09-25,call,736.0,4.9,3.0,5.16,23.0,5.03,5.48,2.0,0.1757,0.2389,0.0084,-0.1943,0.6483,0.1435,2026-08-24,709.625,709.65,702.83,706.38,552704.0,706.932044
2026-08-24T20:35:06.234,30,32,QQQ260925C00737000,QQQ,2026-09-25,call,737.0,4.82,11.0,4.89,136.0,4.855,5.04,1.0,0.1764,0.2318,0.0083,-0.1916,0.6376,0.1392,2026-08-24,709.625,709.65,702.83,706.38,552704.0,706.932044
2026-08-24T20:35:06.234,30,32,QQQ260925C00738000,QQQ,2026-09-25,call,738.0,4.49,1.0,4.63,37.0,4.5600000000000005,4.72,1.0,0.175,0.2221,0.0081,-0.1855,0.6224,0.1335,2026-08-24,709.625,709.65,702.83,706.38,552704.0,706.932044
2026-08-24T20:35:06.234,30,32,QQQ260925C00739000,QQQ,2026-09-25,call,739.0,4.36,1.0,4.42,11.0,4.390000000000001,4.18,10.0,0.1756,0.2151,0.008,-0.1824,0.6111,0.1293,2026-08-24,709.625,709.65,702.83,706.38,552704.0,706.932044
2026-08-24T20:35:06.234,30,32,QQQ260925C00740000,QQQ,2026-09-25,call,740.0,4.08,21.0,4.17,14.0,4.125,4.14,1.0,0.1744,0.206,0.0078,-0.1765,0.5957,0.1239,2026-08-24,709.625,709.65,702.83,706.38,552704.0,706.932044
2026-08-24T20:35:06.234,30,32,QQQ260925C00741000,QQQ,2026-09-25,call,741.0,3.76,1.0,3.88,94.0,3.82,4.12,1.0,0.1724,0.1957,0.0077,-0.169,0.5776,0.1178,2026-08-24,709.625,709.65,702.83,706.38,552704.0,706.932044
2026-08-24T20:35:06.234,30,32,QQQ260925C00742000,QQQ,2026-09-25,call,742.0,3.68,76.0,3.77,73.0,3.725,3.68,1.0,0.1738,0.1906,0.0075,-0.1675,0.5684,0.1147,2026-08-24,709.625,709.65,702.83,706.38,552704.0,706.932044
2026-08-24T20:35:06.234,30,32,QQQ260925C00743000,QQQ,2026-09-25,call,743.0,3.43,1.0,3.49,33.0,3.46,3.53,1.0,0.1722,0.1811,0.0073,-0.1606,0.5507,0.1091,2026-08-24,709.625,709.65,702.83,706.38,552704.0,706.932044
2026-08-24T20:35:06.234,30,32,QQQ260925C00744000,QQQ,2026-09-25,call,744.0,3.23,1.0,3.4,23.0,3.315,3.23,1.0,0.1725,0.1748,0.0071,-0.1572,0.5385,0.1053,2026-08-24,709.625,709.65,702.83,706.38,552704.0,706.932044
2026-08-24T20:35:06.234,30,32,QQQ260925C00745000,QQQ,2026-09-25,call,745.0,3.13,5.0,3.14,82.0,3.135,3.17,1.0,0.1721,0.1675,0.007,-0.1524,0.524,0.1009,2026-08-24,709.625,709.65,702.83,706.38,552704.0,706.932044
2026-08-24T20:35:06.234,30,32,QQQ260925C00746000,QQQ,2026-09-25,call,746.0,2.88,10.0,3.01,36.0,2.945,3.01,2.0,0.1714,0.1598,0.0068,-0.1471,0.5084,0.0964,2026-08-24,709.625,709.65,702.83,706.38,552704.0,706.932044
2026-08-24T20:35:06.234,30,32,QQQ260925C00747000,QQQ,2026-09-25,call,747.0,2.78,18.0,2.81,114.0,2.795,2.85,1.0,0.1712,0.1533,0.0066,-0.1429,0.4946,0.0925,2026-08-24,709.625,709.65,702.83,706.38,552704.0,706.932044
2026-08-24T20:35:06.234,30,32,QQQ260925C00748000,QQQ,2026-09-25,call,748.0,2.59,10.0,2.65,108.0,2.62,2.76,5.0,0.1705,0.146,0.0064,-0.1376,0.4788,0.0881,2026-08-24,709.625,709.65,702.83,706.38,552704.0,706.932044
2026-08-24T20:35:06.234,30,32,QQQ260925C00749000,QQQ,2026-09-25,call,749.0,2.48,1.0,2.54,61.0,2.51,2.63,1.0,0.1709,0.1407,0.0063,-0.1344,0.467,0.0849,2026-08-24,709.625,709.65,702.83,706.38,552704.0,706.932044
2026-08-24T20:35:06.234,30,32,QQQ260925C00750000,QQQ,2026-09-25,call,750.0,2.37,11.0,2.42,32.0,2.395,2.43,2.0,0.1712,0.1353,0.0061,-0.1309,0.4547,0.0817,2026-08-24,709.625,709.65,702.83,706.38,552704.0,706.932044
2026-08-24T20:35:06.234,30,32,QQQ260925C00751000,QQQ,2026-09-25,call,751.0,2.17,5.0,2.23,48.0,2.2,2.47,1.0,0.1695,0.1272,0.0059,-0.1242,0.4357,0.0768,2026-08-24,709.625,709.65,702.83,706.38,552704.0,706.932044
2026-08-24T20:35:06.234,30,32,QQQ260925C00752000,QQQ,2026-09-25,call,752.0,2.09,1.0,2.14,62.0,2.115,2.18,5.0,0.1702,0.1228,0.0057,-0.1215,0.4251,0.0742,2026-08-24,709.625,709.65,702.83,706.38,552704.0,706.932044
2026-08-24T20:35:06.234,30,32,QQQ260925C00753000,QQQ,2026-09-25,call,753.0,1.93,10.0,1.98,109.0,1.955,2.13,1.0,0.169,0.1158,0.0055,-0.1157,0.4077,0.0699,2026-08-24,709.625,709.65,702.83,706.38,552704.0,706.932044
2026-08-24T20:35:06.234,30,32,QQQ260925C00754000,QQQ,2026-09-25,call,754.0,1.82,76.0,1.91,44.0,1.865,1.92,5.0,0.1693,0.1112,0.0054,-0.1125,0.3961,0.0672,2026-08-24,709.625,709.65,702.83,706.38,552704.0,706.932044
2026-08-24T20:35:06.234,30,32,QQQ260925C00755000,QQQ,2026-09-25,call,755.0,1.76,81.0,1.8,96.0,1.78,1.81,1.0,0.1697,0.1068,0.0052,-0.1094,0.3848,0.0645,2026-08-24,709.625,709.65,702.83,706.38,552704.0,706.932044
2026-08-24T20:35:06.234,30,32,QQQ260925C00756000,QQQ,2026-09-25,call,756.0,1.62,109.0,1.64,60.0,1.63,1.7,7.0,0.1682,0.0999,0.005,-0.1033,0.3667,0.0604,2026-08-24,709.625,709.65,702.83,706.38,552704.0,706.932044
2026-08-24T20:35:06.234,30,32,QQQ260925C00757000,QQQ,2026-09-25,call,757.0,1.56,15.0,1.59,57.0,1.5750000000000002,1.59,5.0,0.1692,0.0967,0.0048,-0.1013,0.3579,0.0585,2026-08-24,709.625,709.65,702.83,706.38,552704.0,706.932044
2026-08-24T20:35:06.234,30,32,QQQ260925C00758000,QQQ,2026-09-25,call,758.0,1.47,2.0,1.5,58.0,1.4849999999999999,1.56,2.0,0.1691,0.0921,0.0047,-0.0976,0.3453,0.0557,2026-08-24,709.625,709.65,702.83,706.38,552704.0,706.932044
2026-08-24T20:35:06.234,30,32,QQQ260925C00759000,QQQ,2026-09-25,call,759.0,1.38,30.0,1.42,109.0,1.4,1.41,1.0,0.169,0.0877,0.0045,-0.094,0.333,0.053,2026-08-24,709.625,709.65,702.83,706.38,552704.0,706.932044
2026-08-24T20:35:06.234,30,32,QQQ260925C00760000,QQQ,2026-09-25,call,760.0,1.31,12.0,1.33,170.0,1.32,1.33,5.0,0.1689,0.0835,0.0043,-0.0905,0.3209,0.0505,2026-08-24,709.625,709.65,702.83,706.38,552704.0,706.932044
2026-08-24T20:35:06.234,30,32,QQQ260925C00765000,QQQ,2026-09-25,call,765.0,0.97,54.0,1.0,73.0,0.985,1.04,1.0,0.1689,0.0651,0.0036,-0.0746,0.2654,0.0394,2026-08-24,709.625,709.65,702.83,706.38,552704.0,706.932044
2026-08-24T20:35:06.234,30,32,QQQ260925C00770000,QQQ,2026-09-25,call,770.0,0.68,52.0,0.71,64.0,0.6950000000000001,0.74,1.0,0.1674,0.0486,0.0029,-0.0585,0.2108,0.0295,2026-08-24,709.625,709.65,702.83,706.38,552704.0,706.932044
2026-08-24T20:35:06.234,30,32,QQQ260925C00775000,QQQ,2026-09-25,call,775.0,0.51,29.0,0.58,261.0,0.5449999999999999,0.56,1.0,0.1698,0.0389,0.0024,-0.0494,0.1761,0.0236,2026-08-24,709.625,709.65,702.83,706.38,552704.0,706.932044
2026-08-24T20:35:06.234,30,32,QQQ260925C00780000,QQQ,2026-09-25,call,780.0,0.38,20.0,0.45,85.0,0.41500000000000004,0.44,1.0,0.1712,0.0304,0.0019,-0.0406,0.1439,0.0185,2026-08-24,709.625,709.65,702.83,706.38,552704.0,706.932044
2026-08-24T20:35:06.234,30,32,QQQ260925C00785000,QQQ,2026-09-25,call,785.0,0.29,5.0,0.32,14.0,0.305,0.41,5.0,0.1718,0.0231,0.0015,-0.0323,0.1143,0.014,2026-08-24,709.625,709.65,702.83,706.38,552704.0,706.932044
2026-08-24T20:35:06.234,30,32,QQQ260925C00790000,QQQ,2026-09-25,call,790.0,0.26,11.0,0.29,82.0,0.275,0.28,1.0,0.1779,0.0204,0.0013,-0.0301,0.1031,0.0124,2026-08-24,709.625,709.65,702.83,706.38,552704.0,706.932044
2026-08-24T20:35:06.234,30,32,QQQ260925C00795000,QQQ,2026-09-25,call,795.0,0.17,9.0,0.24,5.0,0.20500000000000002,0.23,1.0,0.1788,0.0157,0.0011,-0.024,0.0821,0.0095,2026-08-24,709.625,709.65,702.83,706.38,552704.0,706.932044
2026-08-24T20:35:06.234,30,32,QQQ260925C00800000,QQQ,2026-09-25,call,800.0,0.15,3.0,0.21,70.0,0.18,0.17,20.0,0.1838,0.0136,0.0009,-0.0218,0.0728,0.0083,2026-08-24,709.625,709.65,702.83,706.38,552704.0,706.932044
2026-08-24T20:35:06.234,30,32,QQQ260925C00805000,QQQ,2026-09-25,call,805.0,0.1,72.0,0.18,73.0,0.14,0.17,1.0,0.1856,0.0107,0.0007,-0.018,0.0593,0.0065,2026-08-24,709.625,709.65,702.83,706.38,552704.0,706.932044
2026-08-24T20:35:06.234,30,32,QQQ260925C00810000,QQQ,2026-09-25,call,810.0,0.11,153.0,0.12,158.0,0.11499999999999999,0.14,12.0,0.1887,0.0089,0.0006,-0.0154,0.0501,0.0054,2026-08-24,709.625,709.65,702.83,706.38,552704.0,706.932044
2026-08-24T20:35:06.234,30,32,QQQ260925C00815000,QQQ,2026-09-25,call,815.0,0.09,779.0,0.14,93.0,0.115,0.18,3.0,0.1963,0.0086,0.0006,-0.0155,0.0486,0.0052,2026-08-24,709.625,709.65,702.83,706.38,552704.0,706.932044
2026-08-24T20:35:06.234,30,32,QQQ260925C00820000,QQQ,2026-09-25,call,820.0,0.04,69.0,0.13,91.0,0.085,0.09,2.0,0.1967,0.0065,0.0004,-0.0122,0.0381,0.0039,2026-08-24,709.625,709.65,702.83,706.38,552704.0,706.932044
2026-08-24T20:35:06.234,30,32,QQQ260925C00825000,QQQ,2026-09-25,call,825.0,0.07,692.0,0.08,91.0,0.07500000000000001,0.13,5.0,0.201,0.0057,0.0004,-0.011,0.0338,0.0034,2026-08-24,709.625,709.65,702.83,706.38,552704.0,706.932044
2026-08-24T20:35:06.234,30,32,QQQ260925C00830000,QQQ,2026-09-25,call,830.0,0.02,135.0,0.11,201.0,0.065,0.05,2.0,0.2048,0.0049,0.0003,-0.0098,0.0297,0.003,2026-08-24,709.625,709.65,702.83,706.38,552704.0,706.932044
2026-08-24T20:35:06.234,30,32,QQQ260925C00835000,QQQ,2026-09-25,call,835.0,0.01,834.0,0.06,95.0,0.034999999999999996,0.1,1.0,0.1988,0.0028,0.0002,-0.0059,0.0183,0.0017,2026-08-24,709.625,709.65,702.83,706.38,552704.0,706.932044
2026-08-24T20:35:06.234,30,32,QQQ260925C00840000,QQQ,2026-09-25,call,840.0,0.05,630.0,0.09,57.0,0.07,0.1,1.0,0.2202,0.0049,0.0003,-0.0106,0.0298,0.003,2026-08-24,709.625,709.65,702.83,706.38,552704.0,706.932044
2026-08-24T20:35:06.234,30,32,QQQ260925C00845000,QQQ,2026-09-25,call,845.0,0.01,795.0,0.05,164.0,0.030000000000000002,0.06,1.0,0.2086,0.0024,0.0002,-0.0052,0.0154,0.0014,2026-08-24,709.625,709.65,702.83,706.38,552704.0,706.932044
2026-08-24T20:35:06.234,30,32,QQQ260925C00850000,QQQ,2026-09-25,call,850.0,0.01,645.0,0.09,116.0,0.049999999999999996,0.05,1.0,0.2257,0.0035,0.0002,-0.008,0.0221,0.0021,2026-08-24,709.625,709.65,702.83,706.38,552704.0,706.932044
2026-08-24T20:35:06.234,30,32,QQQ260925C00860000,QQQ,2026-09-25,call,860.0,0.03,715.0,0.08,160.0,0.055,0.04,1.0,0.2408,0.0036,0.0002,-0.0088,0.0227,0.0022,2026-08-24,709.625,709.65,702.83,706.38,552704.0,706.932044
2026-08-24T20:35:06.234,30,32,QQQ260925C00870000,QQQ,2026-09-25,call,870.0,0.01,30.0,0.07,74.0,0.04,0.05,1.0,0.2458,0.0027,0.0002,-0.0068,0.0171,0.0016,2026-08-24,709.625,709.65,702.83,706.38,552704.0,706.932044
2026-08-24T20:35:06.234,30,32,QQQ260925C00880000,QQQ,2026-09-25,call,880.0,0.0,0.0,0.07,110.0,0.035,0.05,1.0,,,,,,,2026-08-24,709.625,709.65,702.83,706.38,552704.0,706.932044
2026-08-24T20:35:06.234,30,32,QQQ260925C00885000,QQQ,2026-09-25,call,885.0,0.0,0.0,0.03,104.0,0.015,0.05,1.0,,,,,,,2026-08-24,709.625,709.65,702.83,706.38,552704.0,706.932044
2026-08-24T20:35:06.234,30,32,QQQ260925C00890000,QQQ,2026-09-25,call,890.0,0.0,0.0,0.03,117.0,0.015,0.03,1.0,,,,,,,2026-08-24,709.625,709.65,702.83,706.38,552704.0,706.932044
2026-08-24T20:35:06.234,30,32,QQQ260925C00895000,QQQ,2026-09-25,call,895.0,0.0,0.0,0.07,119.0,0.035,0.12,1.0,,,,,,,2026-08-24,709.625,709.65,702.83,706.38,552704.0,706.932044
2026-08-24T20:35:06.234,30,32,QQQ260925C00900000,QQQ,2026-09-25,call,900.0,0.0,0.0,0.02,46.0,0.01,0.03,1.0,,,,,,,2026-08-24,709.625,709.65,702.83,706.38,552704.0,706.932044
2026-08-24T20:35:06.234,30,32,QQQ260925C00905000,QQQ,2026-09-25,call,905.0,0.0,0.0,0.06,85.0,0.03,0.11,1.0,,,,,,,2026-08-24,709.625,709.65,702.83,706.38,552704.0,706.932044
2026-08-24T20:35:06.234,30,32,QQQ260925C00910000,QQQ,2026-09-25,call,910.0,0.0,0.0,0.06,88.0,0.03,0.02,2.0,,,,,,,2026-08-24,709.625,709.65,702.83,706.38,552704.0,706.932044
2026-08-24T20:35:06.234,30,32,QQQ260925C00915000,QQQ,2026-09-25,call,915.0,0.0,0.0,0.06,92.0,0.03,,,,,,,,,2026-08-24,709.625,709.65,702.83,706.38,552704.0,706.932044
2026-08-24T20:35:06.234,30,32,QQQ260925C00920000,QQQ,2026-09-25,call,920.0,0.0,0.0,0.06,192.0,0.03,,,,,,,,,2026-08-24,709.625,709.65,702.83,706.38,552704.0,706.932044
2026-08-24T20:35:06.234,30,32,QQQ260925C00925000,QQQ,2026-09-25,call,925.0,0.0,0.0,0.06,99.0,0.03,,,,,,,,,2026-08-24,709.625,709.65,702.83,706.38,552704.0,706.932044
2026-08-24T20:35:06.234,30,32,QQQ260925C00930000,QQQ,2026-09-25,call,930.0,0.0,0.0,0.06,102.0,0.03,0.05,1.0,,,,,,,2026-08-24,709.625,709.65,702.83,706.38,552704.0,706.932044
2026-08-24T20:35:06.234,30,32,QQQ260925C00935000,QQQ,2026-09-25,call,935.0,0.0,0.0,0.02,106.0,0.01,,,,,,,,,2026-08-24,709.625,709.65,702.83,706.38,552704.0,706.932044
2026-08-24T20:35:06.234,30,32,QQQ260925C00940000,QQQ,2026-09-25,call,940.0,0.0,0.0,0.06,109.0,0.03,,,,,,,,,2026-08-24,709.625,709.65,702.83,706.38,552704.0,706.932044
2026-08-24T20:35:06.234,30,32,QQQ260925C00945000,QQQ,2026-09-25,call,945.0,0.0,0.0,0.06,110.0,0.03,,,,,,,,,2026-08-24,709.625,709.65,702.83,706.38,552704.0,706.932044
2026-08-24T20:35:06.234,30,32,QQQ260925C00950000,QQQ,2026-09-25,call,950.0,0.0,0.0,0.06,113.0,0.03,,,,,,,,,2026-08-24,709.625,709.65,702.83,706.38,552704.0,706.932044
2026-08-24T20:35:06.234,30,32,QQQ260925P00450000,QQQ,2026-09-25,put,450.0,0.11,90.0,0.14,39.0,0.125,0.15,1.0,0.5808,-0.0032,0.0001,-0.0183,0.0204,-0.0021,2026-08-24,709.625,709.65,702.83,706.38,552704.0,706.932044
2026-08-24T20:35:06.234,30,32,QQQ260925P00455000,QQQ,2026-09-25,put,455.0,0.12,62.0,0.21,155.0,0.16499999999999998,0.19,6.0,0.5851,-0.0041,0.0001,-0.023,0.0255,-0.0027,2026-08-24,709.625,709.65,702.83,706.38,552704.0,706.932044
2026-08-24T20:35:06.234,30,32,QQQ260925P00460000,QQQ,2026-09-25,put,460.0,0.13,28.0,0.17,82.0,0.15000000000000002,0.2,1.0,0.5659,-0.0039,0.0001,-0.0211,0.0242,-0.0025,2026-08-24,709.625,709.65,702.83,706.38,552704.0,706.932044
2026-08-24T20:35:06.234,30,32,QQQ260925P00465000,QQQ,2026-09-25,put,465.0,0.18,47.0,0.22,138.0,0.2,0.2,1.0,0.5711,-0.005,0.0001,-0.0268,0.0304,-0.0033,2026-08-24,709.625,709.65,702.83,706.38,552704.0,706.932044
2026-08-24T20:35:06.234,30,32,QQQ260925P00470000,QQQ,2026-09-25,put,470.0,0.19,39.0,0.23,138.0,0.21000000000000002,0.22,1.0,0.5611,-0.0054,0.0001,-0.0278,0.0321,-0.0035,2026-08-24,709.625,709.65,702.83,706.38,552704.0,706.932044
2026-08-24T20:35:06.234,30,32,QQQ260925P00475000,QQQ,2026-09-25,put,475.0,0.16,32.0,0.24,139.0,0.2,0.18,3.0,0.5448,-0.0053,0.0001,-0.0266,0.0317,-0.0034,2026-08-24,709.625,709.65,702.83,706.38,552704.0,706.932044
2026-08-24T20:35:06.234,30,32,QQQ260925P00480000,QQQ,2026-09-25,put,480.0,0.21,33.0,0.23,54.0,0.22,0.21,27.0,0.5378,-0.0058,0.0001,-0.0286,0.0346,-0.0038,2026-08-24,709.625,709.65,702.83,706.38,552704.0,706.932044
2026-08-24T20:35:06.234,30,32,QQQ260925P00485000,QQQ,2026-09-25,put,485.0,0.18,47.0,0.26,9.0,0.22,0.21,24.0,0.5249,-0.0059,0.0002,-0.0285,0.0353,-0.0039,2026-08-24,709.625,709.65,702.83,706.38,552704.0,706.932044
2026-08-24T20:35:06.234,30,32,QQQ260925P00490000,QQQ,2026-09-25,put,490.0,0.19,93.0,0.28,146.0,0.23500000000000001,0.29,1.0,0.5161,-0.0064,0.0002,-0.03,0.0377,-0.0042,2026-08-24,709.625,709.65,702.83,706.38,552704.0,706.932044
2026-08-24T20:35:06.234,30,32,QQQ260925P00495000,QQQ,2026-09-25,put,495.0,0.21,107.0,0.25,139.0,0.22999999999999998,0.33,1.0,0.5019,-0.0065,0.0002,-0.0293,0.038,-0.0042,2026-08-24,709.625,709.65,702.83,706.38,552704.0,706.932044
2026-08-24T20:35:06.234,30,32,QQQ260925P00500000,QQQ,2026-09-25,put,500.0,0.22,101.0,0.27,157.0,0.245,0.26,1.0,0.493,-0.007,0.0002,-0.0307,0.0405,-0.0045,2026-08-24,709.625,709.65,702.83,706.38,552704.0,706.932044
2026-08-24T20:35:06.234,30,32,QQQ260925P00505000,QQQ,2026-09-25,put,505.0,0.28,26.0,0.32,82.0,0.30000000000000004,0.35,1.0,0.4927,-0.0084,0.0002,-0.0361,0.0477,-0.0054,2026-08-24,709.625,709.65,702.83,706.38,552704.0,706.932044
2026-08-24T20:35:06.234,30,32,QQQ260925P00510000,QQQ,2026-09-25,put,510.0,0.26,147.0,0.34,141.0,0.30000000000000004,0.29,1.0,0.4799,-0.0086,0.0002,-0.0359,0.0487,-0.0056,2026-08-24,709.625,709.65,702.83,706.38,552704.0,706.932044
2026-08-24T20:35:06.234,30,32,QQQ260925P00515000,QQQ,2026-09-25,put,515.0,0.32,18.0,0.36,141.0,0.33999999999999997,0.39,1.0,0.4748,-0.0097,0.0003,-0.0395,0.0542,-0.0063,2026-08-24,709.625,709.65,702.83,706.38,552704.0,706.932044
2026-08-24T20:35:06.234,30,32,QQQ260925P00520000,QQQ,2026-09-25,put,520.0,0.3,23.0,0.38,188.0,0.33999999999999997,0.34,14.0,0.462,-0.01,0.0003,-0.0393,0.0555,-0.0065,2026-08-24,709.625,709.65,702.83,706.38,552704.0,706.932044
2026-08-24T20:35:06.234,30,32,QQQ260925P00525000,QQQ,2026-09-25,put,525.0,0.32,63.0,0.36,25.0,0.33999999999999997,0.35,1.0,0.4493,-0.0102,0.0003,-0.0391,0.0568,-0.0066,2026-08-24,709.625,709.65,702.83,706.38,552704.0,706.932044
2026-08-24T20:35:06.234,30,32,QQQ260925P00530000,QQQ,2026-09-25,put,530.0,0.39,81.0,0.43,133.0,0.41000000000000003,0.38,1.0,0.4479,-0.0121,0.0003,-0.0452,0.0659,-0.0079,2026-08-24,709.625,709.65,702.83,706.38,552704.0,706.932044
2026-08-24T20:35:06.234,30,32,QQQ260925P00535000,QQQ,2026-09-25,put,535.0,0.41,85.0,0.44,1.0,0.425,0.48,1.0,0.4373,-0.0128,0.0004,-0.0462,0.069,-0.0083,2026-08-24,709.625,709.65,702.83,706.38,552704.0,706.932044
2026-08-24T20:35:06.234,30,32,QQQ260925P00540000,QQQ,2026-09-25,put,540.0,0.44,125.0,0.48,4.0,0.45999999999999996,0.51,1.0,0.4294,-0.014,0.0004,-0.0489,0.0745,-0.0091,2026-08-24,709.625,709.65,702.83,706.38,552704.0,706.932044
2026-08-24T20:35:06.234,30,32,QQQ260925P00545000,QQQ,2026-09-25,put,545.0,0.44,52.0,0.52,113.0,0.48,0.5,18.0,0.4192,-0.0148,0.0004,-0.0503,0.0785,-0.0096,2026-08-24,709.625,709.65,702.83,706.38,552704.0,706.932044
2026-08-24T20:35:06.234,30,32,QQQ260925P00550000,QQQ,2026-09-25,put,550.0,0.47,81.0,0.55,2.0,0.51,0.52,1.0,0.4101,-0.016,0.0005,-0.0524,0.0836,-0.0103,2026-08-24,709.625,709.65,702.83,706.38,552704.0,706.932044
2026-08-24T20:35:06.234,30,32,QQQ260925P00555000,QQQ,2026-09-25,put,555.0,0.55,79.0,0.59,4.0,0.5700000000000001,0.64,2.0,0.404,-0.0179,0.0005,-0.0568,0.0921,-0.0116,2026-08-24,709.625,709.65,702.83,706.38,552704.0,706.932044
2026-08-24T20:35:06.234,30,32,QQQ260925P00560000,QQQ,2026-09-25,put,560.0,0.58,10.0,0.64,30.0,0.61,0.57,2.0,0.3953,-0.0194,0.0006,-0.0595,0.0986,-0.0125,2026-08-24,709.625,709.65,702.83,706.38,552704.0,706.932044
2026-08-24T20:35:06.234,30,32,QQQ260925P00565000,QQQ,2026-09-25,put,565.0,0.65,81.0,0.68,2.0,0.665,0.58,1.0,0.3877,-0.0213,0.0006,-0.0631,0.1068,-0.0138,2026-08-24,709.625,709.65,702.83,706.38,552704.0,706.932044
2026-08-24T20:35:06.234,30,32,QQQ260925P00570000,QQQ,2026-09-25,put,570.0,0.66,284.0,0.7,20.0,0.6799999999999999,0.7,1.0,0.376,-0.0224,0.0007,-0.0637,0.1112,-0.0144,2026-08-24,709.625,709.65,702.83,706.38,552704.0,706.932044
2026-08-24T20:35:06.234,30,32,QQQ260925P00575000,QQQ,2026-09-25,put,575.0,0.76,160.0,0.8,4.0,0.78,0.7,4.0,0.3715,-0.0255,0.0008,-0.0703,0.1243,-0.0165,2026-08-24,709.625,709.65,702.83,706.38,552704.0,706.932044
2026-08-24T20:35:06.234,30,32,QQQ260925P00580000,QQQ,2026-09-25,put,580.0,0.83,69.0,0.87,10.0,0.85,0.79,3.0,0.3637,-0.028,0.0008,-0.0744,0.1345,-0.0181,2026-08-24,709.625,709.65,702.83,706.38,552704.0,706.932044
2026-08-24T20:35:06.234,30,32,QQQ260925P00585000,QQQ,2026-09-25,put,585.0,0.87,94.0,0.9,4.0,0.885,0.86,1.0,0.353,-0.0299,0.0009,-0.0759,0.1417,-0.0193,2026-08-24,709.625,709.65,702.83,706.38,552704.0,706.932044
2026-08-24T20:35:06.234,30,32,QQQ260925P00590000,QQQ,2026-09-25,put,590.0,0.95,81.0,1.02,5.0,0.985,1.0,1.0,0.3464,-0.0333,0.001,-0.0816,0.1552,-0.0215,2026-08-24,709.625,709.65,702.83,706.38,552704.0,706.932044
2026-08-24T20:35:06.234,30,32,QQQ260925P00595000,QQQ,2026-09-25,put,595.0,1.09,35.0,1.12,46.0,1.105,1.1,2.0,0.3403,-0.0374,0.0011,-0.088,0.1707,-0.0242,2026-08-24,709.625,709.65,702.83,706.38,552704.0,706.932044
2026-08-24T20:35:06.234,30,32,QQQ260925P00600000,QQQ,2026-09-25,put,600.0,1.19,29.0,1.22,1.0,1.205,1.19,6.0,0.3323,-0.0412,0.0013,-0.0929,0.1847,-0.0266,2026-08-24,709.625,709.65,702.83,706.38,552704.0,706.932044
2026-08-24T20:35:06.234,30,32,QQQ260925P00605000,QQQ,2026-09-25,put,605.0,1.27,106.0,1.35,106.0,1.31,1.27,1.0,0.324,-0.0453,0.0014,-0.0976,0.1994,-0.0292,2026-08-24,709.625,709.65,702.83,706.38,552704.0,706.932044
2026-08-24T20:35:06.234,30,32,QQQ260925P00610000,QQQ,2026-09-25,put,610.0,1.45,28.0,1.48,39.0,1.4649999999999999,1.45,1.0,0.3175,-0.0508,0.0016,-0.1046,0.2184,-0.0327,2026-08-24,709.625,709.65,702.83,706.38,552704.0,706.932044
2026-08-24T20:35:06.234,30,32,QQQ260925P00615000,QQQ,2026-09-25,put,615.0,1.6,32.0,1.64,2.0,1.62,1.56,1.0,0.3102,-0.0565,0.0018,-0.1111,0.2377,-0.0364,2026-08-24,709.625,709.65,702.83,706.38,552704.0,706.932044
2026-08-24T20:35:06.234,30,32,QQQ260925P00620000,QQQ,2026-09-25,put,620.0,1.72,32.0,1.81,37.0,1.7650000000000001,1.74,5.0,0.3018,-0.0623,0.0019,-0.1164,0.2566,-0.0401,2026-08-24,709.625,709.65,702.83,706.38,552704.0,706.932044
2026-08-24T20:35:06.234,30,32,QQQ260925P00625000,QQQ,2026-09-25,put,625.0,1.93,33.0,2.009,37.0,1.9695,1.77,1.0,0.2949,-0.0698,0.0022,-0.1239,0.2801,-0.0449,2026-08-24,709.625,709.65,702.83,706.38,552704.0,706.932044
2026-08-24T20:35:06.234,30,32,QQQ260925P00630000,QQQ,2026-09-25,put,630.0,2.14,34.0,2.19,1.0,2.165,2.17,5.0,0.2869,-0.0774,0.0024,-0.1302,0.3032,-0.0498,2026-08-24,709.625,709.65,702.83,706.38,552704.0,706.932044
2026-08-24T20:35:06.234,30,32,QQQ260925P00635000,QQQ,2026-09-25,put,635.0,2.42,36.0,2.46,96.0,2.44,2.44,1.0,0.2805,-0.0873,0.0027,-0.139,0.3318,-0.0562,2026-08-24,709.625,709.65,702.83,706.38,552704.0,706.932044
2026-08-24T20:35:06.234,30,32,QQQ260925P00640000,QQQ,2026-09-25,put,640.0,2.75,91.0,2.79,91.0,2.77,2.72,1.0,0.2746,-0.0987,0.003,-0.1487,0.3635,-0.0636,2026-08-24,709.625,709.65,702.83,706.38,552704.0,706.932044
2026-08-24T20:35:06.234,30,32,QQQ260925P00645000,QQQ,2026-09-25,put,645.0,3.01,162.0,3.1,32.0,3.0549999999999997,3.0,1.0,0.2664,-0.1099,0.0034,-0.1554,0.3927,-0.0707,2026-08-24,709.625,709.65,702.83,706.38,552704.0,706.932044
2026-08-24T20:35:06.234,30,32,QQQ260925P00650000,QQQ,2026-09-25,put,650.0,3.49,177.0,3.52,97.0,3.505,3.46,1.0,0.2612,-0.125,0.0038,-0.1664,0.4303,-0.0804,2026-08-24,709.625,709.65,702.83,706.38,552704.0,706.932044
2026-08-24T20:35:06.234,30,32,QQQ260925P00655000,QQQ,2026-09-25,put,655.0,3.95,60.0,3.98,22.0,3.965,3.94,20.0,0.2548,-0.141,0.0042,-0.1758,0.4676,-0.0908,2026-08-24,709.625,709.65,702.83,706.38,552704.0,706.932044
2026-08-24T20:35:06.234,30,32,QQQ260925P00660000,QQQ,2026-09-25,put,660.0,4.52,106.0,4.6,20.0,4.56,4.45,1.0,0.2498,-0.1603,0.0047,-0.187,0.5094,-0.1032,2026-08-24,709.625,709.65,702.83,706.38,552704.0,706.932044
2026-08-24T20:35:06.234,30,32,QQQ260925P00665000,QQQ,2026-09-25,put,665.0,5.02,79.0,5.26,3.0,5.14,5.1,1.0,0.2429,-0.1803,0.0052,-0.1952,0.5492,-0.1161,2026-08-24,709.625,709.65,702.83,706.38,552704.0,706.932044
2026-08-24T20:35:06.234,30,32,QQQ260925P00667000,QQQ,2026-09-25,put,667.0,5.27,57.0,5.39,5.0,5.33,5.04,2.0,0.239,-0.188,0.0054,-0.1966,0.5636,-0.121,2026-08-24,709.625,709.65,702.83,706.38,552704.0,706.932044
2026-08-24T20:35:06.234,30,32,QQQ260925P00668000,QQQ,2026-09-25,put,668.0,5.62,40.0,5.7,7.0,5.66,5.29,1.0,0.2411,-0.1956,0.0055,-0.2032,0.5775,-0.1261,2026-08-24,709.625,709.65,702.83,706.38,552704.0,706.932044
2026-08-24T20:35:06.234,30,32,QQQ260925P00669000,QQQ,2026-09-25,put,669.0,5.58,29.0,5.85,3.0,5.715,5.44,52.0,0.2383,-0.1989,0.0056,-0.2026,0.5834,-0.1282,2026-08-24,709.625,709.65,702.83,706.38,552704.0,706.932044
2026-08-24T20:35:06.234,30,32,QQQ260925P00670000,QQQ,2026-09-25,put,670.0,5.78,86.0,5.94,3.0,5.86,5.76,1.0,0.237,-0.2037,0.0057,-0.2042,0.5918,-0.1313,2026-08-24,709.625,709.65,702.83,706.38,552704.0,706.932044
2026-08-24T20:35:06.234,30,32,QQQ260925P00671000,QQQ,2026-09-25,put,671.0,5.9,23.0,6.18,6.0,6.04,5.96,1.0,0.2362,-0.2091,0.0058,-0.2065,0.601,-0.1347,2026-08-24,709.625,709.65,702.83,706.38,552704.0,706.932044
2026-08-24T20:35:06.234,30,32,QQQ260925P00672000,QQQ,2026-09-25,put,672.0,6.17,13.0,6.34,4.0,6.255,6.15,1.0,0.236,-0.215,0.0059,-0.2094,0.6109,-0.1386,2026-08-24,709.625,709.65,702.83,706.38,552704.0,706.932044
2026-08-24T20:35:06.234,30,32,QQQ260925P00673000,QQQ,2026-09-25,put,673.0,6.29,23.0,6.38,4.0,6.335,5.79,1.0,0.2334,-0.219,0.0061,-0.2091,0.6175,-0.1411,2026-08-24,709.625,709.65,702.83,706.38,552704.0,706.932044
2026-08-24T20:35:06.234,30,32,QQQ260925P00674000,QQQ,2026-09-25,put,674.0,6.46,8.0,6.56,23.0,6.51,6.22,9.0,0.2323,-0.2245,0.0062,-0.2108,0.6262,-0.1447,2026-08-24,709.625,709.65,702.83,706.38,552704.0,706.932044
2026-08-24T20:35:06.234,30,32,QQQ260925P00675000,QQQ,2026-09-25,put,675.0,6.72,131.0,6.89,153.0,6.805,6.72,3.0,0.2331,-0.2316,0.0063,-0.215,0.6373,-0.1494,2026-08-24,709.625,709.65,702.83,706.38,552704.0,706.932044
2026-08-24T20:35:06.234,30,32,QQQ260925P00676000,QQQ,2026-09-25,put,676.0,6.95,7.0,7.05,4.0,7.0,6.51,1.0,0.2321,-0.2374,0.0064,-0.2168,0.6461,-0.1531,2026-08-24,709.625,709.65,702.83,706.38,552704.0,706.932044
2026-08-24T20:35:06.234,30,32,QQQ260925P00677000,QQQ,2026-09-25,put,677.0,7.14,12.0,7.24,5.0,7.1899999999999995,7.04,3.0,0.231,-0.2432,0.0065,-0.2184,0.6546,-0.1568,2026-08-24,709.625,709.65,702.83,706.38,552704.0,706.932044
2026-08-24T20:35:06.234,30,32,QQQ260925P00678000,QQQ,2026-09-25,put,678.0,7.25,7.0,7.39,23.0,7.32,7.16,1.0,0.2289,-0.2482,0.0066,-0.2185,0.6619,-0.1601,2026-08-24,709.625,709.65,702.83,706.38,552704.0,706.932044
2026-08-24T20:35:06.234,30,32,QQQ260925P00679000,QQQ,2026-09-25,put,679.0,7.31,22.0,7.54,21.0,7.425,6.7,1.0,0.2264,-0.2531,0.0068,-0.2179,0.6687,-0.1632,2026-08-24,709.625,709.65,702.83,706.38,552704.0,706.932044
2026-08-24T20:35:06.234,30,32,QQQ260925P00680000,QQQ,2026-09-25,put,680.0,7.65,68.0,7.76,6.0,7.705,7.67,2.0,0.2265,-0.2602,0.0069,-0.2209,0.6784,-0.1678,2026-08-24,709.625,709.65,702.83,706.38,552704.0,706.932044
2026-08-24T20:35:06.234,30,32,QQQ260925P00681000,QQQ,2026-09-25,put,681.0,7.79,23.0,7.84,10.0,7.8149999999999995,7.52,1.0,0.2239,-0.2653,0.007,-0.2202,0.6851,-0.1711,2026-08-24,709.625,709.65,702.83,706.38,552704.0,706.932044
2026-08-24T20:35:06.234,30,32,QQQ260925P00682000,QQQ,2026-09-25,put,682.0,8.1,11.0,8.3,6.0,8.2,8.0,60.0,0.2253,-0.2737,0.0071,-0.2248,0.6959,-0.1766,2026-08-24,709.625,709.65,702.83,706.38,552704.0,706.932044
2026-08-24T20:35:06.234,30,32,QQQ260925P00683000,QQQ,2026-09-25,put,683.0,8.32,30.0,8.53,9.0,8.425,7.41,1.0,0.2242,-0.2802,0.0072,-0.226,0.704,-0.1808,2026-08-24,709.625,709.65,702.83,706.38,552704.0,706.932044
2026-08-24T20:35:06.234,30,32,QQQ260925P00684000,QQQ,2026-09-25,put,684.0,8.63,21.0,8.66,9.0,8.645,7.89,8.0,0.223,-0.2868,0.0073,-0.2269,0.7119,-0.1851,2026-08-24,709.625,709.65,702.83,706.38,552704.0,706.932044
2026-08-24T20:35:06.234,30,32,QQQ260925P00685000,QQQ,2026-09-25,put,685.0,8.77,38.0,8.83,23.0,8.8,8.56,1.0,0.2208,-0.2927,0.0074,-0.2264,0.7188,-0.1889,2026-08-24,709.625,709.65,702.83,706.38,552704.0,706.932044
2026-08-24T20:35:06.234,30,32,QQQ260925P00686000,QQQ,2026-09-25,put,686.0,8.92,16.0,9.02,23.0,8.969999999999999,8.49,1.0,0.2188,-0.2989,0.0076,-0.2261,0.7258,-0.1929,2026-08-24,709.625,709.65,702.83,706.38,552704.0,706.932044
2026-08-24T20:35:06.234,30,32,QQQ260925P00687000,QQQ,2026-09-25,put,687.0,9.42,6.0,9.52,4.0,9.469999999999999,8.39,1.0,0.2212,-0.3085,0.0076,-0.2316,0.736,-0.1993,2026-08-24,709.625,709.65,702.83,706.38,552704.0,706.932044
2026-08-24T20:35:06.234,30,32,QQQ260925P00688000,QQQ,2026-09-25,put,688.0,9.36,23.0,9.46,6.0,9.41,8.59,1.0,0.2158,-0.3127,0.0078,-0.2266,0.7404,-0.2018,2026-08-24,709.625,709.65,702.83,706.38,552704.0,706.932044
2026-08-24T20:35:06.234,30,32,QQQ260925P00689000,QQQ,2026-09-25,put,689.0,9.81,15.0,9.94,9.0,9.875,9.18,1.0,0.2175,-0.3219,0.0079,-0.231,0.7495,-0.2079,2026-08-24,709.625,709.65,702.83,706.38,552704.0,706.932044
2026-08-24T20:35:06.234,30,32,QQQ260925P00690000,QQQ,2026-09-25,put,690.0,9.92,62.0,10.29,11.0,10.105,9.97,1.0,0.216,-0.329,0.008,-0.2309,0.7563,-0.2125,2026-08-24,709.625,709.65,702.83,706.38,552704.0,706.932044
2026-08-24T20:35:06.234,30,32,QQQ260925P00691000,QQQ,2026-09-25,put,691.0,10.36,23.0,10.48,14.0,10.42,9.75,1.0,0.2154,-0.337,0.0081,-0.2321,0.7634,-0.2177,2026-08-24,709.625,709.65,702.83,706.38,552704.0,706.932044
2026-08-24T20:35:06.234,30,32,QQQ260925P00692000,QQQ,2026-09-25,put,692.0,10.56,28.0,10.74,30.0,10.65,9.89,1.0,0.2137,-0.3443,0.0082,-0.2316,0.7697,-0.2225,2026-08-24,709.625,709.65,702.83,706.38,552704.0,706.932044
2026-08-24T20:35:06.234,30,32,QQQ260925P00693000,QQQ,2026-09-25,put,693.0,10.68,11.0,11.17,18.0,10.925,10.09,1.0,0.2125,-0.352,0.0084,-0.2316,0.776,-0.2275,2026-08-24,709.625,709.65,702.83,706.38,552704.0,706.932044
2026-08-24T20:35:06.234,30,32,QQQ260925P00694000,QQQ,2026-09-25,put,694.0,11.05,23.0,11.34,73.0,11.195,11.12,5.0,0.2111,-0.3598,0.0085,-0.2314,0.782,-0.2326,2026-08-24,709.625,709.65,702.83,706.38,552704.0,706.932044
2026-08-24T20:35:06.234,30,32,QQQ260925P00695000,QQQ,2026-09-25,put,695.0,11.34,47.0,11.37,73.0,11.355,11.49,1.0,0.2082,-0.3671,0.0087,-0.229,0.7873,-0.2372,2026-08-24,709.625,709.65,702.83,706.38,552704.0,706.932044
2026-08-24T20:35:06.234,30,32,QQQ260925P00696000,QQQ,2026-09-25,put,696.0,11.96,31.0,12.1,14.0,12.030000000000001,11.62,5.0,0.2117,-0.3775,0.0086,-0.2349,0.7944,-0.2442,2026-08-24,709.625,709.65,702.83,706.38,552704.0,706.932044
2026-08-24T20:35:06.234,30,32,QQQ260925P00697000,QQQ,2026-09-25,put,697.0,11.88,6.0,12.11,7.0,11.995000000000001,12.03,1.0,0.2062,-0.3839,0.0089,-0.229,0.7985,-0.2482,2026-08-24,709.625,709.65,702.83,706.38,552704.0,706.932044
2026-08-24T20:35:06.234,30,32,QQQ260925P00698000,QQQ,2026-09-25,put,698.0,12.41,7.0,12.55,7.0,12.48,11.55,1.0,0.2072,-0.3933,0.0089,-0.2312,0.804,-0.2544,2026-08-24,709.625,709.65,702.83,706.38,552704.0,706.932044
2026-08-24T20:35:06.234,30,32,QQQ260925P00699000,QQQ,2026-09-25,put,699.0,12.6,16.0,12.75,52.0,12.675,12.18,1.0,0.2044,-0.4013,0.009,-0.2285,0.8084,-0.2595,2026-08-24,709.625,709.65,702.83,706.38,552704.0,706.932044
2026-08-24T20:35:06.234,30,32,QQQ260925P00700000,QQQ,2026-09-25,put,700.0,13.34,39.0,13.35,1.0,13.344999999999999,13.21,1.0,0.2074,-0.4114,0.009,-0.2331,0.8134,-0.2664,2026-08-24,709.625,709.65,702.83,706.38,552704.0,706.932044
2026-08-24T20:35:06.234,30,32,QQQ260925P00701000,QQQ,2026-09-25,put,701.0,13.54,7.0,13.6,9.0,13.57,12.23,4.0,0.2047,-0.4198,0.0091,-0.2304,0.8171,-0.2717,2026-08-24,709.625,709.65,702.83,706.38,552704.0,706.932044
2026-08-24T20:35:06.234,30,32,QQQ260925P00702000,QQQ,2026-09-25,put,702.0,14.07,76.0,14.18,11.0,14.125,13.89,4.0,0.2061,-0.4293,0.0091,-0.2325,0.8209,-0.2781,2026-08-24,709.625,709.65,702.83,706.38,552704.0,706.932044
2026-08-24T20:35:06.234,30,32,QQQ260925P00703000,QQQ,2026-09-25,put,703.0,14.11,33.0,14.46,6.0,14.285,13.26,1.0,0.2025,-0.4378,0.0093,-0.2283,0.8239,-0.2835,2026-08-24,709.625,709.65,702.83,706.38,552704.0,706.932044
2026-08-24T20:35:06.234,30,32,QQQ260925P00704000,QQQ,2026-09-25,put,704.0,14.6,13.0,14.86,67.0,14.73,14.05,4.0,0.2022,-0.4471,0.0094,-0.2281,0.8267,-0.2897,2026-08-24,709.625,709.65,702.83,706.38,552704.0,706.932044
2026-08-24T20:35:06.234,30,32,QQQ260925P00705000,QQQ,2026-09-25,put,705.0,15.3,46.0,15.44,6.0,15.370000000000001,15.1,1.0,0.2042,-0.4567,0.0093,-0.2307,0.8291,-0.2962,2026-08-24,709.625,709.65,702.83,706.38,552704.0,706.932044
2026-08-24T20:35:06.234,30,32,QQQ260925P00706000,QQQ,2026-09-25,put,706.0,15.47,91.0,15.61,82.0,15.54,15.4,1.0,0.2004,-0.4658,0.0095,-0.2258,0.831,-0.302,2026-08-24,709.625,709.65,702.83,706.38,552704.0,706.932044
2026-08-24T20:35:06.234,30,32,QQQ260925P00707000,QQQ,2026-09-25,put,707.0,15.8,73.0,15.92,4.0,15.86,15.74,1.0,0.1984,-0.4753,0.0096,-0.2228,0.8325,-0.3081,2026-08-24,709.625,709.65,702.83,706.38,552704.0,706.932044
2026-08-24T20:35:06.234,30,32,QQQ260925P00708000,QQQ,2026-09-25,put,708.0,16.309,25.0,16.44,5.0,16.3745,16.22,53.0,0.1985,-0.4849,0.0096,-0.2226,0.8335,-0.3145,2026-08-24,709.625,709.65,702.83,706.38,552704.0,706.932044
2026-08-24T20:35:06.234,30,32,QQQ260925P00709000,QQQ,2026-09-25,put,709.0,16.85,25.0,17.01,11.0,16.93,15.57,1.0,0.199,-0.4944,0.0096,-0.2227,0.834,-0.3209,2026-08-24,709.625,709.65,702.83,706.38,552704.0,706.932044
2026-08-24T20:35:06.234,30,32,QQQ260925P00710000,QQQ,2026-09-25,put,710.0,17.27,23.0,17.4,7.0,17.335,17.06,1.0,0.1977,-0.5041,0.0097,-0.2202,0.834,-0.3273,2026-08-24,709.625,709.65,702.83,706.38,552704.0,706.932044
2026-08-24T20:35:06.234,30,32,QQQ260925P00711000,QQQ,2026-09-25,put,711.0,17.58,23.0,17.74,3.0,17.659999999999997,17.69,1.0,0.1952,-0.5142,0.0098,-0.2161,0.8335,-0.3338,2026-08-24,709.625,709.65,702.83,706.38,552704.0,706.932044
2026-08-24T20:35:06.234,30,32,QQQ260925P00712000,QQQ,2026-09-25,put,712.0,17.83,18.0,18.22,2.0,18.025,17.15,1.0,0.1931,-0.5244,0.0099,-0.2123,0.8325,-0.3404,2026-08-24,709.625,709.65,702.83,706.38,552704.0,706.932044
2026-08-24T20:35:06.234,30,32,QQQ260925P00713000,QQQ,2026-09-25,put,713.0,18.24,23.0,18.58,5.0,18.409999999999997,17.29,1.0,0.1911,-0.5347,0.0099,-0.2084,0.8309,-0.3472,2026-08-24,709.625,709.65,702.83,706.38,552704.0,706.932044
2026-08-24T20:35:06.234,30,32,QQQ260925P00714000,QQQ,2026-09-25,put,714.0,18.71,14.0,19.57,10.0,19.14,17.79,1.0,0.1931,-0.5439,0.0098,-0.2098,0.829,-0.3535,2026-08-24,709.625,709.65,702.83,706.38,552704.0,706.932044
2026-08-24T20:35:06.234,30,32,QQQ260925P00715000,QQQ,2026-09-25,put,715.0,19.85,23.0,19.93,5.0,19.89,18.68,1.0,0.1953,-0.5527,0.0097,-0.2113,0.8268,-0.3596,2026-08-24,709.625,709.65,702.83,706.38,552704.0,706.932044
2026-08-24T20:35:06.234,30,32,QQQ260925P00716000,QQQ,2026-09-25,put,716.0,20.03,5.0,20.69,13.0,20.36,19.3,1.0,0.194,-0.5628,0.0097,-0.2079,0.8237,-0.3663,2026-08-24,709.625,709.65,702.83,706.38,552704.0,706.932044
2026-08-24T20:35:06.234,30,32,QQQ260925P00717000,QQQ,2026-09-25,put,717.0,20.86,5.0,20.88,5.0,20.869999999999997,19.19,1.0,0.1931,-0.5728,0.0097,-0.2048,0.8201,-0.3729,2026-08-24,709.625,709.65,702.83,706.38,552704.0,706.932044
2026-08-24T20:35:06.234,30,32,QQQ260925P00718000,QQQ,2026-09-25,put,718.0,20.99,5.0,21.14,21.0,21.064999999999998,20.62,5.0,0.1881,-0.5851,0.0099,-0.1961,0.815,-0.3807,2026-08-24,709.625,709.65,702.83,706.38,552704.0,706.932044
2026-08-24T20:35:06.234,30,32,QQQ260925P00719000,QQQ,2026-09-25,put,719.0,21.7,4.0,21.72,4.0,21.71,21.53,2.0,0.1886,-0.5945,0.0098,-0.1946,0.8105,-0.3871,2026-08-24,709.625,709.65,702.83,706.38,552704.0,706.932044
2026-08-24T20:35:06.234,30,32,QQQ260925P00720000,QQQ,2026-09-25,put,720.0,22.46,24.0,22.61,1.0,22.535,22.36,1.0,0.1911,-0.6025,0.0097,-0.196,0.8064,-0.3927,2026-08-24,709.625,709.65,702.83,706.38,552704.0,706.932044
2026-08-24T20:35:06.234,30,32,QQQ260925P00721000,QQQ,2026-09-25,put,721.0,22.51,4.0,23.17,6.0,22.840000000000003,21.37,2.0,0.1871,-0.6147,0.0098,-0.1879,0.7993,-0.4006,2026-08-24,709.625,709.65,702.83,706.38,552704.0,706.932044
2026-08-24T20:35:06.234,30,32,QQQ260925P00722000,QQQ,2026-09-25,put,722.0,23.36,4.0,23.8,11.0,23.58,23.37,10.0,0.1884,-0.6233,0.0096,-0.1873,0.7939,-0.4065,2026-08-24,709.625,709.65,702.83,706.38,552704.0,706.932044
2026-08-24T20:35:06.234,30,32,QQQ260925P00723000,QQQ,2026-09-25,put,723.0,23.9,4.0,24.01,24.0,23.955,22.9,1.0,0.1849,-0.6355,0.0097,-0.1796,0.7855,-0.4144,2026-08-24,709.625,709.65,702.83,706.38,552704.0,706.932044
2026-08-24T20:35:06.234,30,32,QQQ260925P00724000,QQQ,2026-09-25,put,724.0,25.15,4.0,25.34,2.0,25.244999999999997,24.77,10.0,0.193,-0.6382,0.0093,-0.1886,0.7835,-0.4172,2026-08-24,709.625,709.65,702.83,706.38,552704.0,706.932044
2026-08-24T20:35:06.234,30,32,QQQ260925P00725000,QQQ,2026-09-25,put,725.0,25.29,5.0,25.64,4.0,25.465,24.59,8.0,0.1873,-0.6521,0.0094,-0.1775,0.7727,-0.426,2026-08-24,709.625,709.65,702.83,706.38,552704.0,706.932044
2026-08-24T20:35:06.234,30,32,QQQ260925P00726000,QQQ,2026-09-25,put,726.0,26.06,8.0,26.14,9.0,26.1,24.41,1.0,0.1868,-0.6617,0.0094,-0.1737,0.7645,-0.4325,2026-08-24,709.625,709.65,702.83,706.38,552704.0,706.932044
2026-08-24T20:35:06.234,30,32,QQQ260925P00727000,QQQ,2026-09-25,put,727.0,26.37,6.0,26.8,4.0,26.585,27.36,2.0,0.1842,-0.6734,0.0094,-0.1667,0.754,-0.4401,2026-08-24,709.625,709.65,702.83,706.38,552704.0,706.932044
2026-08-24T20:35:06.234,30,32,QQQ260925P00728000,QQQ,2026-09-25,put,728.0,27.02,11.0,27.08,11.0,27.049999999999997,23.08,1.0,0.1811,-0.6856,0.0094,-0.1588,0.7421,-0.4481,2026-08-24,709.625,709.65,702.83,706.38,552704.0,706.932044
2026-08-24T20:35:06.234,30,32,QQQ260925P00729000,QQQ,2026-09-25,put,729.0,27.79,11.0,27.9,11.0,27.845,25.7,10.0,0.1823,-0.6933,0.0092,-0.1573,0.7341,-0.4536,2026-08-24,709.625,709.65,702.83,706.38,552704.0,706.932044
2026-08-24T20:35:06.234,30,32,QQQ260925P00730000,QQQ,2026-09-25,put,730.0,28.78,1.0,29.45,1.0,29.115000000000002,28.56,1.0,0.1899,-0.694,0.0088,-0.1656,0.7334,-0.4551,2026-08-24,709.625,709.65,702.83,706.38,552704.0,706.932044
2026-08-24T20:35:06.234,30,32,QQQ260925P00731000,QQQ,2026-09-25,put,731.0,28.77,5.0,30.05,5.0,29.41,24.41,1.0,0.1841,-0.7089,0.0089,-0.1531,0.7169,-0.4646,2026-08-24,709.625,709.65,702.83,706.38,552704.0,706.932044
2026-08-24T20:35:06.234,30,32,QQQ260925P00732000,QQQ,2026-09-25,put,732.0,30.2,10.0,30.69,2.0,30.445,25.86,1.0,0.1884,-0.7125,0.0087,-0.1564,0.7127,-0.4678,2026-08-24,709.625,709.65,702.83,706.38,552704.0,706.932044
2026-08-24T20:35:06.234,30,32,QQQ260925P00733000,QQQ,2026-09-25,put,733.0,30.84,5.0,30.87,5.0,30.855,26.78,1.0,0.1838,-0.7262,0.0087,-0.1454,0.6961,-0.4766,2026-08-24,709.625,709.65,702.83,706.38,552704.0,706.932044
2026-08-24T20:35:06.234,30,32,QQQ260925P00734000,QQQ,2026-09-25,put,734.0,30.86,2.0,32.229,10.0,31.5445,28.3,2.0,0.1829,-0.7355,0.0086,-0.1404,0.6842,-0.4829,2026-08-24,709.625,709.65,702.83,706.38,552704.0,706.932044
2026-08-24T20:35:06.234,30,32,QQQ260925P00735000,QQQ,2026-09-25,put,735.0,31.87,10.0,32.87,2.0,32.37,30.73,1.0,0.184,-0.7423,0.0084,-0.1383,0.675,-0.4879,2026-08-24,709.625,709.65,702.83,706.38,552704.0,706.932044
2026-08-24T20:35:06.234,30,32,QQQ260925P00736000,QQQ,2026-09-25,put,736.0,32.87,1.0,34.15,1.0,33.51,32.91,1.0,0.1897,-0.7433,0.0081,-0.1437,0.6736,-0.4895,2026-08-24,709.625,709.65,702.83,706.38,552704.0,706.932044
2026-08-24T20:35:06.234,30,32,QQQ260925P00737000,QQQ,2026-09-25,put,737.0,33.01,10.0,34.67,10.0,33.84,27.78,5.0,0.1831,-0.7593,0.0081,-0.1291,0.6509,-0.4997,2026-08-24,709.625,709.65,702.83,706.38,552704.0,706.932044
2026-08-24T20:35:06.234,30,32,QQQ260925P00738000,QQQ,2026-09-25,put,738.0,34.86,2.0,35.41,2.0,35.135,30.76,1.0,0.1911,-0.7569,0.0078,-0.1384,0.6545,-0.4993,2026-08-24,709.625,709.65,702.83,706.38,552704.0,706.932044
2026-08-24T20:35:06.234,30,32,QQQ260925P00739000,QQQ,2026-09-25,put,739.0,35.41,1.0,35.95,1.0,35.68,20.29,1.0,0.1875,-0.7689,0.0078,-0.1285,0.6366,-0.5072,2026-08-24,709.625,709.65,702.83,706.38,552704.0,706.932044
2026-08-24T20:35:06.234,30,32,QQQ260925P00740000,QQQ,2026-09-25,put,740.0,35.73,9.0,36.04,9.0,35.885,31.6,10.0,0.178,-0.7889,0.0078,-0.1087,0.6043,-0.5198,2026-08-24,709.625,709.65,702.83,706.38,552704.0,706.932044
2026-08-24T20:35:06.234,30,32,QQQ260925P00741000,QQQ,2026-09-25,put,741.0,37.09,1.0,37.19,1.0,37.14,37.03,1.0,0.1855,-0.786,0.0075,-0.1173,0.6092,-0.5191,2026-08-24,709.625,709.65,702.83,706.38,552704.0,706.932044
2026-08-24T20:35:06.234,30,32,QQQ260925P00742000,QQQ,2026-09-25,put,742.0,37.44,4.0,38.09,4.0,37.765,,,0.1825,-0.7972,0.0074,-0.1082,0.5903,-0.5266,2026-08-24,709.625,709.65,702.83,706.38,552704.0,706.932044
2026-08-24T20:35:06.234,30,32,QQQ260925P00743000,QQQ,2026-09-25,put,743.0,39.14,9.0,39.6,9.0,39.370000000000005,41.03,1.0,0.1959,-0.7865,0.0071,-0.1267,0.6084,-0.5214,2026-08-24,709.625,709.65,702.83,706.38,552704.0,706.932044
2026-08-24T20:35:06.234,30,32,QQQ260925P00744000,QQQ,2026-09-25,put,744.0,39.63,1.0,39.75,1.0,39.69,,,0.1877,-0.8039,0.0071,-0.1088,0.5783,-0.5325,2026-08-24,709.625,709.65,702.83,706.38,552704.0,706.932044
2026-08-24T20:35:06.234,30,32,QQQ260925P00745000,QQQ,2026-09-25,put,745.0,39.39,2.0,41.37,2.0,40.379999999999995,31.33,1.0,0.1854,-0.8137,0.0069,-0.1008,0.5605,-0.5391,2026-08-24,709.625,709.65,702.83,706.38,552704.0,706.932044
2026-08-24T20:35:06.234,30,32,QQQ260925P00746000,QQQ,2026-09-25,put,746.0,40.22,2.0,41.46,2.0,40.84,33.38,2.0,0.1785,-0.8297,0.0068,-0.085,0.5296,-0.5494,2026-08-24,709.625,709.65,702.83,706.38,552704.0,706.932044
2026-08-24T20:35:06.234,30,32,QQQ260925P00747000,QQQ,2026-09-25,put,747.0,42.07,9.0,43.19,9.0,42.629999999999995,,,0.196,-0.8122,0.0066,-0.1108,0.5632,-0.5402,2026-08-24,709.625,709.65,702.83,706.38,552704.0,706.932044
2026-08-24T20:35:06.234,30,32,QQQ260925P00748000,QQQ,2026-09-25,put,748.0,43.5,2.0,44.11,2.0,43.805,40.93,1.0,0.2022,-0.8104,0.0064,-0.1174,0.5666,-0.5401,2026-08-24,709.625,709.65,702.83,706.38,552704.0,706.932044
2026-08-24T20:35:06.234,30,32,QQQ260925P00749000,QQQ,2026-09-25,put,749.0,43.02,2.0,44.09,8.0,43.55500000000001,34.99,1.0,0.1819,-0.8435,0.0063,-0.0785,0.5014,-0.5603,2026-08-24,709.625,709.65,702.83,706.38,552704.0,706.932044
2026-08-24T20:35:06.234,30,32,QQQ260925P00750000,QQQ,2026-09-25,put,750.0,43.51,4.0,44.42,4.0,43.965,43.68,1.0,0.1725,-0.8628,0.0061,-0.0583,0.459,-0.5726,2026-08-24,709.625,709.65,702.83,706.38,552704.0,706.932044
2026-08-24T20:35:06.234,30,32,QQQ260925P00751000,QQQ,2026-09-25,put,751.0,45.01,1.0,46.32,1.0,45.665,,,0.1899,-0.8441,0.006,-0.0842,0.5002,-0.5625,2026-08-24,709.625,709.65,702.83,706.38,552704.0,706.932044
2026-08-24T20:35:06.234,30,32,QQQ260925P00752000,QQQ,2026-09-25,put,752.0,45.41,1.0,47.89,6.0,46.65,26.83,1.0,0.1925,-0.8462,0.0059,-0.0846,0.4956,-0.5647,2026-08-24,709.625,709.65,702.83,706.38,552704.0,706.932044
2026-08-24T20:35:06.234,30,32,QQQ260925P00753000,QQQ,2026-09-25,put,753.0,45.37,1.0,47.77,6.0,46.57,,,0.1718,-0.8803,0.0056,-0.0452,0.4175,-0.5858,2026-08-24,709.625,709.65,702.83,706.38,552704.0,706.932044
2026-08-24T20:35:06.234,30,32,QQQ260925P00754000,QQQ,2026-09-25,put,754.0,47.5,6.0,49.04,1.0,48.269999999999996,,,0.1903,-0.8599,0.0056,-0.0728,0.4656,-0.5746,2026-08-24,709.625,709.65,702.83,706.38,552704.0,706.932044
2026-08-24T20:35:06.234,30,32,QQQ260925P00755000,QQQ,2026-09-25,put,755.0,47.98,1.0,50.89,2.0,49.435,48.83,1.0,0.1967,-0.8568,0.0055,-0.0797,0.4725,-0.5737,2026-08-24,709.625,709.65,702.83,706.38,552704.0,706.932044
2026-08-24T20:35:06.234,30,32,QQQ260925P00756000,QQQ,2026-09-25,put,756.0,50.2,2.0,50.88,2.0,50.540000000000006,,,0.2017,-0.8554,0.0054,-0.0843,0.4755,-0.5739,2026-08-24,709.625,709.65,702.83,706.38,552704.0,706.932044
2026-08-24T20:35:06.234,30,32,QQQ260925P00757000,QQQ,2026-09-25,put,757.0,51.69,8.0,51.85,8.0,51.769999999999996,42.3,1.0,0.2093,-0.851,0.0053,-0.0934,0.4854,-0.5722,2026-08-24,709.625,709.65,702.83,706.38,552704.0,706.932044
2026-08-24T20:35:06.234,30,32,QQQ260925P00758000,QQQ,2026-09-25,put,758.0,50.61,1.0,52.92,2.0,51.765,,,0.1899,-0.8804,0.005,-0.0564,0.4173,-0.5904,2026-08-24,709.625,709.65,702.83,706.38,552704.0,706.932044
2026-08-24T20:35:06.234,30,32,QQQ260925P00759000,QQQ,2026-09-25,put,759.0,50.7,2.0,53.15,2.0,51.925,50.66,2.0,0.1703,-0.9106,0.0045,-0.0203,0.3378,-0.6092,2026-08-24,709.625,709.65,702.83,706.38,552704.0,706.932044
2026-08-24T20:35:06.234,30,32,QQQ260925P00760000,QQQ,2026-09-25,put,760.0,53.34,2.0,55.65,2.0,54.495000000000005,55.36,4.0,0.2119,-0.8622,0.005,-0.086,0.4604,-0.5815,2026-08-24,709.625,709.65,702.83,706.38,552704.0,706.932044
2026-08-24T20:35:06.234,30,32,QQQ260925P00765000,QQQ,2026-09-25,put,765.0,56.7,1.0,60.02,1.0,58.36,,,0.1977,-0.9006,0.0042,-0.0434,0.3654,-0.6087,2026-08-24,709.625,709.65,702.83,706.38,552704.0,706.932044
2026-08-24T20:35:06.234,30,32,QQQ260925P00770000,QQQ,2026-09-25,put,770.0,62.91,1.0,64.42,1.0,63.665,52.51,3.0,0.2186,-0.8956,0.004,-0.0596,0.3786,-0.6102,2026-08-24,709.625,709.65,702.83,706.38,552704.0,706.932044
2026-08-24T20:35:06.234,30,32,QQQ260925P00775000,QQQ,2026-09-25,put,775.0,66.32,1.0,68.29,2.0,67.305,,,0.186,-0.9458,0.0028,0.0068,0.2299,-0.6445,2026-08-24,709.625,709.65,702.83,706.38,552704.0,706.932044
2026-08-24T20:35:06.234,30,32,QQQ260925P00780000,QQQ,2026-09-25,put,780.0,73.06,1.0,74.84,1.0,73.95,69.24,2.0,0.2513,-0.8958,0.0034,-0.0777,0.3781,-0.6193,2026-08-24,709.625,709.65,702.83,706.38,552704.0,706.932044
2026-08-24T20:35:06.234,30,32,QQQ260925P00785000,QQQ,2026-09-25,put,785.0,79.02,1.0,80.33,1.0,79.675,,,0.2822,-0.8825,0.0033,-0.1113,0.4119,-0.6162,2026-08-24,709.625,709.65,702.83,706.38,552704.0,706.932044
2026-08-24T20:35:06.234,30,32,QQQ260925P00790000,QQQ,2026-09-25,put,790.0,81.47,1.0,84.05,1.0,82.75999999999999,74.9,1.0,0.238,-0.9349,0.0026,-0.0243,0.2655,-0.6513,2026-08-24,709.625,709.65,702.83,706.38,552704.0,706.932044
2026-08-24T20:35:06.234,30,32,QQQ260925P00795000,QQQ,2026-09-25,put,795.0,89.01,1.0,90.38,1.0,89.695,63.38,1.0,0.3077,-0.8889,0.0029,-0.1185,0.3958,-0.6289,2026-08-24,709.625,709.65,702.83,706.38,552704.0,706.932044
2026-08-24T20:35:06.234,30,32,QQQ260925P00800000,QQQ,2026-09-25,put,800.0,91.31,2.0,94.86,2.0,93.08500000000001,93.1,1.0,0.2722,-0.9291,0.0024,-0.0456,0.2835,-0.6567,2026-08-24,709.625,709.65,702.83,706.38,552704.0,706.932044
2026-08-24T20:35:06.234,30,32,QQQ260925P00805000,QQQ,2026-09-25,put,805.0,98.73,1.0,99.9,2.0,99.315,97.95,1.0,0.3218,-0.9023,0.0026,-0.1077,0.3608,-0.6456,2026-08-24,709.625,709.65,702.83,706.38,552704.0,706.932044
2026-08-24T20:35:06.234,30,32,QQQ260925P00810000,QQQ,2026-09-25,put,810.0,102.08,1.0,106.52,1.0,104.3,,,0.3331,-0.9049,0.0024,-0.1096,0.3536,-0.6516,2026-08-24,709.625,709.65,702.83,706.38,552704.0,706.932044
2026-08-24T20:35:06.234,30,32,QQQ260925P00815000,QQQ,2026-09-25,put,815.0,106.14,1.0,108.54,1.0,107.34,,,0.2735,-0.9546,0.0017,-0.0071,0.1996,-0.685,2026-08-24,709.625,709.65,702.83,706.38,552704.0,706.932044
2026-08-24T20:35:06.234,30,32,QQQ260925P00820000,QQQ,2026-09-25,put,820.0,111.67,1.0,114.95,1.0,113.31,,,0.3244,-0.93,0.002,-0.0652,0.2807,-0.675,2026-08-24,709.625,709.65,702.83,706.38,552704.0,706.932044
2026-08-24T20:35:06.234,30,32,QQQ260925P00825000,QQQ,2026-09-25,put,825.0,115.95,2.0,117.49,2.0,116.72,,,0.2537,-0.9768,0.001,0.0352,0.1148,-0.707,2026-08-24,709.625,709.65,702.83,706.38,552704.0,706.932044
2026-08-24T20:35:06.234,30,32,QQQ260925P00830000,QQQ,2026-09-25,put,830.0,123.46,1.0,126.89,1.0,125.175,,,0.4034,-0.8974,0.0021,-0.1596,0.3737,-0.6653,2026-08-24,709.625,709.65,702.83,706.38,552704.0,706.932044
2026-08-24T20:35:06.234,30,32,QQQ260925P00835000,QQQ,2026-09-25,put,835.0,126.59,1.0,129.5,2.0,128.04500000000002,,,0.3463,-0.9398,0.0016,-0.0558,0.2497,-0.694,2026-08-24,709.625,709.65,702.83,706.38,552704.0,706.932044
2026-08-24T20:35:06.234,30,32,QQQ260925P00840000,QQQ,2026-09-25,put,840.0,131.09,1.0,136.59,1.0,133.84,,,0.3858,-0.9244,0.0018,-0.1008,0.2979,-0.6896,2026-08-24,709.625,709.65,702.83,706.38,552704.0,706.932044
2026-08-24T20:35:06.234,30,32,QQQ260925P00845000,QQQ,2026-09-25,put,845.0,139.01,1.0,142.14,2.0,140.575,,,0.4481,-0.8967,0.0019,-0.1855,0.3756,-0.6783,2026-08-24,709.625,709.65,702.83,706.38,552704.0,706.932044
2026-08-24T20:35:06.234,30,32,QQQ260925P00850000,QQQ,2026-09-25,put,850.0,145.17,2.0,147.26,2.0,146.21499999999997,,,0.476,-0.8893,0.0019,-0.2161,0.3948,-0.6787,2026-08-24,709.625,709.65,702.83,706.38,552704.0,706.932044
2026-08-24T20:35:06.234,30,32,QQQ260925P00860000,QQQ,2026-09-25,put,860.0,150.12,1.0,156.08,1.0,153.10000000000002,,,0.3994,-0.9431,0.0014,-0.0671,0.239,-0.718,2026-08-24,709.625,709.65,702.83,706.38,552704.0,706.932044
2026-08-24T20:35:06.234,30,32,QQQ260925P00870000,QQQ,2026-09-25,put,870.0,162.76,1.0,167.29,1.0,165.02499999999998,,,0.4868,-0.9121,0.0016,-0.1727,0.3336,-0.7093,2026-08-24,709.625,709.65,702.83,706.38,552704.0,706.932044
2026-08-24T20:35:06.234,30,32,QQQ260925P00880000,QQQ,2026-09-25,put,880.0,175.09,1.0,177.41,1.0,176.25,,,0.5426,-0.898,0.0016,-0.2345,0.3723,-0.7104,2026-08-24,709.625,709.65,702.83,706.38,552704.0,706.932044
2026-08-24T20:35:06.234,30,32,QQQ260925P00885000,QQQ,2026-09-25,put,885.0,180.77,1.0,183.07,1.0,181.92000000000002,,,0.5709,-0.8911,0.0016,-0.2668,0.3902,-0.7111,2026-08-24,709.625,709.65,702.83,706.38,552704.0,706.932044
2026-08-24T20:35:06.234,30,32,QQQ260925P00890000,QQQ,2026-09-25,put,890.0,184.33,1.0,184.59,1.0,184.46,,,0.5098,-0.9246,0.0013,-0.1528,0.2971,-0.7341,2026-08-24,709.625,709.65,702.83,706.38,552704.0,706.932044
2026-08-24T20:35:06.234,30,32,QQQ260925P00895000,QQQ,2026-09-25,put,895.0,184.81,1.0,189.44,1.0,187.125,,,0.4157,-0.967,0.0008,-0.0129,0.1539,-0.7627,2026-08-24,709.625,709.65,702.83,706.38,552704.0,706.932044
2026-08-24T20:35:06.234,30,32,QQQ260925P00900000,QQQ,2026-09-25,put,900.0,195.23,2.0,197.32,2.0,196.27499999999998,,,0.5851,-0.9024,0.0014,-0.246,0.3604,-0.7307,2026-08-24,709.625,709.65,702.83,706.38,552704.0,706.932044
2026-08-24T20:35:06.234,30,32,QQQ260925P00905000,QQQ,2026-09-25,put,905.0,200.34,1.0,203.62,1.0,201.98000000000002,,,0.6144,-0.8954,0.0014,-0.2805,0.3792,-0.7313,2026-08-24,709.625,709.65,702.83,706.38,552704.0,706.932044
2026-08-24T20:35:06.234,30,32,QQQ260925P00910000,QQQ,2026-09-25,put,910.0,198.76,1.0,208.29,2.0,203.52499999999998,,,0.5137,-0.9419,0.0011,-0.108,0.2429,-0.7615,2026-08-24,709.625,709.65,702.83,706.38,552704.0,706.932044
2026-08-24T20:35:06.234,30,32,QQQ260925P00915000,QQQ,2026-09-25,put,915.0,204.59,1.0,212.38,1.0,208.485,,,0.5214,-0.943,0.001,-0.1072,0.2391,-0.7666,2026-08-24,709.625,709.65,702.83,706.38,552704.0,706.932044
2026-08-24T20:35:06.234,30,32,QQQ260925P00920000,QQQ,2026-09-25,put,920.0,213.93,1.0,218.57,1.0,216.25,,,0.6247,-0.9067,0.0013,-0.2545,0.3486,-0.7509,2026-08-24,709.625,709.65,702.83,706.38,552704.0,706.932044
2026-08-24T20:35:06.234,30,32,QQQ260925P00925000,QQQ,2026-09-25,put,925.0,217.36,2.0,219.7,2.0,218.53,,,0.5417,-0.9433,0.001,-0.113,0.2381,-0.7755,2026-08-24,709.625,709.65,702.83,706.38,552704.0,706.932044
2026-08-24T20:35:06.234,30,32,QQQ260925P00930000,QQQ,2026-09-25,put,930.0,218.85,1.0,226.49,1.0,222.67000000000002,198.13,1.0,0.5104,-0.9578,0.0008,-0.06,0.1881,-0.7881,2026-08-24,709.625,709.65,702.83,706.38,552704.0,706.932044
2026-08-24T20:35:06.234,30,32,QQQ260925P00935000,QQQ,2026-09-25,put,935.0,224.27,1.0,226.32,2.0,225.29500000000002,,,,,,,,,2026-08-24,709.625,709.65,702.83,706.38,552704.0,706.932044
2026-08-24T20:35:06.234,30,32,QQQ260925P00940000,QQQ,2026-09-25,put,940.0,234.49,1.0,236.83,1.0,235.66000000000003,,,0.6458,-0.9168,0.0011,-0.2345,0.32,-0.7742,2026-08-24,709.625,709.65,702.83,706.38,552704.0,706.932044
2026-08-24T20:35:06.234,30,32,QQQ260925P00945000,QQQ,2026-09-25,put,945.0,240.31,1.0,242.64,1.0,241.475,,,0.6798,-0.9085,0.0012,-0.2768,0.3438,-0.7741,2026-08-24,709.625,709.65,702.83,706.38,552704.0,706.932044
2026-08-24T20:35:06.234,30,32,QQQ260925P00950000,QQQ,2026-09-25,put,950.0,238.41,1.0,247.78,1.0,243.095,,,0.567,-0.952,0.0008,-0.0933,0.2088,-0.8024,2026-08-24,709.625,709.65,702.83,706.38,552704.0,706.932044
2026-08-24T20:35:06.234,90,88,QQQ261120C00350000,QQQ,2026-11-20,call,350.0,364.93,2.0,368.19,34.0,366.56,,,,,,,,,2026-08-24,709.625,709.65,702.83,706.38,552704.0,706.932044
2026-08-24T20:35:06.234,90,88,QQQ261120C00355000,QQQ,2026-11-20,call,355.0,348.49,10.0,352.74,1.0,350.615,,,,,,,,,2026-08-24,709.625,709.65,702.83,706.38,552704.0,706.932044
2026-08-24T20:35:06.234,90,88,QQQ261120C00360000,QQQ,2026-11-20,call,360.0,344.84,2.0,358.3,10.0,351.57,316.78,1.0,0.7494,0.9793,0.0002,-0.1083,0.173,0.8195,2026-08-24,709.625,709.65,702.83,706.38,552704.0,706.932044
2026-08-24T20:35:06.234,90,88,QQQ261120C00365000,QQQ,2026-11-20,call,365.0,337.64,10.0,347.15,10.0,342.395,,,,,,,,,2026-08-24,709.625,709.65,702.83,706.38,552704.0,706.932044
2026-08-24T20:35:06.234,90,88,QQQ261120C00370000,QQQ,2026-11-20,call,370.0,338.19,10.0,338.99,10.0,338.59000000000003,334.01,1.0,,,,,,,2026-08-24,709.625,709.65,702.83,706.38,552704.0,706.932044
2026-08-24T20:35:06.234,90,88,QQQ261120C00375000,QQQ,2026-11-20,call,375.0,334.7,57.0,335.45,1.0,335.075,,,0.5835,0.9914,0.0001,-0.064,0.0808,0.8799,2026-08-24,709.625,709.65,702.83,706.38,552704.0,706.932044
2026-08-24T20:35:06.234,90,88,QQQ261120C00380000,QQQ,2026-11-20,call,380.0,328.94,2.0,331.12,10.0,330.03,323.26,5.0,0.561,0.9922,0.0001,-0.0614,0.0741,0.8934,2026-08-24,709.625,709.65,702.83,706.38,552704.0,706.932044
2026-08-24T20:35:06.234,90,88,QQQ261120C00385000,QQQ,2026-11-20,call,385.0,323.66,10.0,332.91,10.0,328.285,,,0.7522,0.9679,0.0003,-0.1428,0.2493,0.8563,2026-08-24,709.625,709.65,702.83,706.38,552704.0,706.932044
2026-08-24T20:35:06.234,90,88,QQQ261120C00390000,QQQ,2026-11-20,call,390.0,325.19,10.0,328.49,1.0,326.84000000000003,329.69,25.0,0.8534,0.9503,0.0003,-0.2077,0.356,0.8297,2026-08-24,709.625,709.65,702.83,706.38,552704.0,706.932044
2026-08-24T20:35:06.234,90,88,QQQ261120C00395000,QQQ,2026-11-20,call,395.0,307.32,57.0,318.92,91.0,313.12,,,,,,,,,2026-08-24,709.625,709.65,702.83,706.38,552704.0,706.932044
2026-08-24T20:35:06.234,90,88,QQQ261120C00400000,QQQ,2026-11-20,call,400.0,302.74,1.0,318.18,1.0,310.46000000000004,321.25,1.0,0.547,0.9888,0.0002,-0.0712,0.102,0.9348,2026-08-24,709.625,709.65,702.83,706.38,552704.0,706.932044
2026-08-24T20:35:06.234,90,88,QQQ261120C00405000,QQQ,2026-11-20,call,405.0,306.82,2.0,312.53,10.0,309.67499999999995,,,0.7408,0.9586,0.0003,-0.1668,0.3072,0.8853,2026-08-24,709.625,709.65,702.83,706.38,552704.0,706.932044
2026-08-24T20:35:06.234,90,88,QQQ261120C00410000,QQQ,2026-11-20,call,410.0,296.14,10.0,298.41,1.0,297.275,278.43,1.0,,,,,,,2026-08-24,709.625,709.65,702.83,706.38,552704.0,706.932044
2026-08-24T20:35:06.234,90,88,QQQ261120C00415000,QQQ,2026-11-20,call,415.0,296.0,2.0,296.35,34.0,296.175,,,0.5605,0.9822,0.0002,-0.089,0.1521,0.958,2026-08-24,709.625,709.65,702.83,706.38,552704.0,706.932044
2026-08-24T20:35:06.234,90,88,QQQ261120C00420000,QQQ,2026-11-20,call,420.0,293.89,10.0,294.03,1.0,293.96,295.49,2.0,0.6726,0.9612,0.0004,-0.1505,0.2912,0.9277,2026-08-24,709.625,709.65,702.83,706.38,552704.0,706.932044
2026-08-24T20:35:06.234,90,88,QQQ261120C00425000,QQQ,2026-11-20,call,425.0,279.57,10.0,293.43,1.0,286.5,,,0.5529,0.9793,0.0003,-0.0957,0.1731,0.9763,2026-08-24,709.625,709.65,702.83,706.38,552704.0,706.932044
2026-08-24T20:35:06.234,90,88,QQQ261120C00430000,QQQ,2026-11-20,call,430.0,276.39,57.0,277.58,34.0,276.985,235.53,2.0,,,,,,,2026-08-24,709.625,709.65,702.83,706.38,552704.0,706.932044
2026-08-24T20:35:06.234,90,88,QQQ261120C00435000,QQQ,2026-11-20,call,435.0,277.83,57.0,281.55,34.0,279.69,296.35,1.0,0.6534,0.9553,0.0004,-0.1617,0.3271,0.9519,2026-08-24,709.625,709.65,702.83,706.38,552704.0,706.932044
2026-08-24T20:35:06.234,90,88,QQQ261120C00440000,QQQ,2026-11-20,call,440.0,273.96,2.0,277.25,10.0,275.605,,,0.6658,0.9493,0.0005,-0.1771,0.3618,0.9515,2026-08-24,709.625,709.65,702.83,706.38,552704.0,706.932044
2026-08-24T20:35:06.234,90,88,QQQ261120C00445000,QQQ,2026-11-20,call,445.0,266.34,57.0,270.06,1.0,268.2,,,0.5763,0.9644,0.0004,-0.131,0.2714,0.9952,2026-08-24,709.625,709.65,702.83,706.38,552704.0,706.932044
2026-08-24T20:35:06.234,90,88,QQQ261120C00450000,QQQ,2026-11-20,call,450.0,259.7,57.0,265.35,34.0,262.525,266.33,1.0,0.5367,0.9696,0.0004,-0.1157,0.2383,1.0177,2026-08-24,709.625,709.65,702.83,706.38,552704.0,706.932044
2026-08-24T20:35:06.234,90,88,QQQ261120C00455000,QQQ,2026-11-20,call,455.0,253.41,57.0,259.12,34.0,256.265,268.27,3.0,0.4593,0.9822,0.0003,-0.0843,0.1521,1.0542,2026-08-24,709.625,709.65,702.83,706.38,552704.0,706.932044
2026-08-24T20:35:06.234,90,88,QQQ261120C00460000,QQQ,2026-11-20,call,460.0,245.48,57.0,257.12,1.0,251.3,,,0.4488,0.9819,0.0003,-0.0844,0.154,1.0657,2026-08-24,709.625,709.65,702.83,706.38,552704.0,706.932044
2026-08-24T20:35:06.234,90,88,QQQ261120C00465000,QQQ,2026-11-20,call,465.0,246.65,57.0,249.94,1.0,248.29500000000002,259.16,1.0,0.5275,0.9622,0.0004,-0.1295,0.2853,1.0394,2026-08-24,709.625,709.65,702.83,706.38,552704.0,706.932044
2026-08-24T20:35:06.234,90,88,QQQ261120C00470000,QQQ,2026-11-20,call,470.0,237.36,1.0,240.53,1.0,238.945,,,,,,,,,2026-08-24,709.625,709.65,702.83,706.38,552704.0,706.932044
2026-08-24T20:35:06.234,90,88,QQQ261120C00475000,QQQ,2026-11-20,call,475.0,236.61,1.0,240.61,34.0,238.61,,,0.5128,0.9587,0.0005,-0.134,0.3065,1.0568,2026-08-24,709.625,709.65,702.83,706.38,552704.0,706.932044
2026-08-24T20:35:06.234,90,88,QQQ261120C00480000,QQQ,2026-11-20,call,480.0,226.5,1.0,233.17,34.0,229.83499999999998,249.93,1.0,,,,,,,2026-08-24,709.625,709.65,702.83,706.38,552704.0,706.932044
2026-08-24T20:35:06.234,90,88,QQQ261120C00485000,QQQ,2026-11-20,call,485.0,225.75,1.0,230.47,1.0,228.11,233.58,2.0,0.4711,0.9623,0.0005,-0.1222,0.2847,1.0882,2026-08-24,709.625,709.65,702.83,706.38,552704.0,706.932044
2026-08-24T20:35:06.234,90,88,QQQ261120C00490000,QQQ,2026-11-20,call,490.0,218.61,1.0,222.1,1.0,220.35500000000002,228.8,5.0,,,,,,,2026-08-24,709.625,709.65,702.83,706.38,552704.0,706.932044
2026-08-24T20:35:06.234,90,88,QQQ261120C00495000,QQQ,2026-11-20,call,495.0,217.09,1.0,220.98,1.0,219.035,223.32,2.0,0.4764,0.9529,0.0006,-0.1385,0.3408,1.0941,2026-08-24,709.625,709.65,702.83,706.38,552704.0,706.932044
2026-08-24T20:35:06.234,90,88,QQQ261120C00500000,QQQ,2026-11-20,call,500.0,208.26,2.0,210.2,1.0,209.23,211.38,2.0,,,,,,,2026-08-24,709.625,709.65,702.83,706.38,552704.0,706.932044
2026-08-24T20:35:06.234,90,88,QQQ261120C00505000,QQQ,2026-11-20,call,505.0,203.14,1.0,211.12,34.0,207.13,,,0.3854,0.9721,0.0005,-0.0975,0.2219,1.1555,2026-08-24,709.625,709.65,702.83,706.38,552704.0,706.932044
2026-08-24T20:35:06.234,90,88,QQQ261120C00510000,QQQ,2026-11-20,call,510.0,197.41,2.0,205.27,1.0,201.34,224.2,1.0,0.3301,0.984,0.0004,-0.0764,0.1391,1.1896,2026-08-24,709.625,709.65,702.83,706.38,552704.0,706.932044
2026-08-24T20:35:06.234,90,88,QQQ261120C00515000,QQQ,2026-11-20,call,515.0,196.32,1.0,201.91,34.0,199.115,191.0,1.0,0.4307,0.9495,0.0007,-0.1362,0.3602,1.1364,2026-08-24,709.625,709.65,702.83,706.38,552704.0,706.932044
2026-08-24T20:35:06.234,90,88,QQQ261120C00520000,QQQ,2026-11-20,call,520.0,193.48,1.0,195.02,1.0,194.25,207.87,2.0,0.4227,0.9475,0.0007,-0.1377,0.3718,1.1446,2026-08-24,709.625,709.65,702.83,706.38,552704.0,706.932044
2026-08-24T20:35:06.234,90,88,QQQ261120C00525000,QQQ,2026-11-20,call,525.0,182.97,1.0,186.65,68.0,184.81,201.96,1.0,,,,,,,2026-08-24,709.625,709.65,702.83,706.38,552704.0,706.932044
2026-08-24T20:35:06.234,90,88,QQQ261120C00530000,QQQ,2026-11-20,call,530.0,178.95,2.0,188.0,91.0,183.475,171.8,2.0,0.3778,0.9543,0.0007,-0.1215,0.333,1.1821,2026-08-24,709.625,709.65,702.83,706.38,552704.0,706.932044
2026-08-24T20:35:06.234,90,88,QQQ261120C00535000,QQQ,2026-11-20,call,535.0,175.38,10.0,180.0,34.0,177.69,143.29,1.0,0.341,0.9636,0.0007,-0.1048,0.2764,1.2121,2026-08-24,709.625,709.65,702.83,706.38,552704.0,706.932044
2026-08-24T20:35:06.234,90,88,QQQ261120C00540000,QQQ,2026-11-20,call,540.0,170.18,1.0,178.79,34.0,174.485,177.3,1.0,0.3826,0.9417,0.0009,-0.1378,0.4039,1.1824,2026-08-24,709.625,709.65,702.83,706.38,552704.0,706.932044
2026-08-24T20:35:06.234,90,88,QQQ261120C00545000,QQQ,2026-11-20,call,545.0,164.57,10.0,168.33,34.0,166.45,141.0,1.0,0.2584,0.9852,0.0004,-0.073,0.1299,1.2758,2026-08-24,709.625,709.65,702.83,706.38,552704.0,706.932044
2026-08-24T20:35:06.234,90,88,QQQ261120C00550000,QQQ,2026-11-20,call,550.0,162.5,10.0,165.62,1.0,164.06,176.43,10.0,0.3495,0.9445,0.0009,-0.1284,0.3884,1.2124,2026-08-24,709.625,709.65,702.83,706.38,552704.0,706.932044
2026-08-24T20:35:06.234,90,88,QQQ261120C00555000,QQQ,2026-11-20,call,555.0,158.54,1.0,163.46,1.0,161.0,167.61,4.0,0.3818,0.9231,0.0011,-0.1586,0.5005,1.1832,2026-08-24,709.625,709.65,702.83,706.38,552704.0,706.932044
2026-08-24T20:35:06.234,90,88,QQQ261120C00560000,QQQ,2026-11-20,call,560.0,155.84,1.0,156.64,34.0,156.24,140.12,1.0,0.375,0.9192,0.0012,-0.1609,0.5192,1.1881,2026-08-24,709.625,709.65,702.83,706.38,552704.0,706.932044
2026-08-24T20:35:06.234,90,88,QQQ261120C00565000,QQQ,2026-11-20,call,565.0,148.51,10.0,151.59,91.0,150.05,129.42,2.0,0.3395,0.9298,0.0011,-0.1417,0.4665,1.2211,2026-08-24,709.625,709.65,702.83,706.38,552704.0,706.932044
2026-08-24T20:35:06.234,90,88,QQQ261120C00570000,QQQ,2026-11-20,call,570.0,144.89,10.0,147.44,91.0,146.165,146.04,1.0,0.3506,0.9165,0.0013,-0.1571,0.5324,1.2078,2026-08-24,709.625,709.65,702.83,706.38,552704.0,706.932044
2026-08-24T20:35:06.234,90,88,QQQ261120C00575000,QQQ,2026-11-20,call,575.0,141.51,6.0,145.07,91.0,143.29,167.69,2.0,0.3755,0.8952,0.0014,-0.1842,0.6295,1.1785,2026-08-24,709.625,709.65,702.83,706.38,552704.0,706.932044
2026-08-24T20:35:06.234,90,88,QQQ261120C00580000,QQQ,2026-11-20,call,580.0,134.47,6.0,135.23,91.0,134.85,162.17,1.0,0.3024,0.9278,0.0013,-0.135,0.4769,1.2543,2026-08-24,709.625,709.65,702.83,706.38,552704.0,706.932044
2026-08-24T20:35:06.234,90,88,QQQ261120C00585000,QQQ,2026-11-20,call,585.0,131.68,6.0,135.19,91.0,133.435,137.38,1.0,0.354,0.8889,0.0015,-0.1825,0.6565,1.1915,2026-08-24,709.625,709.65,702.83,706.38,552704.0,706.932044
2026-08-24T20:35:06.234,90,88,QQQ261120C00590000,QQQ,2026-11-20,call,590.0,126.82,1.0,127.91,91.0,127.365,131.97,5.0,0.3257,0.896,0.0016,-0.1674,0.626,1.2183,2026-08-24,709.625,709.65,702.83,706.38,552704.0,706.932044
2026-08-24T20:35:06.234,90,88,QQQ261120C00595000,QQQ,2026-11-20,call,595.0,118.38,6.0,124.18,91.0,121.28,130.0,1.0,0.2966,0.9049,0.0016,-0.1516,0.5864,1.2481,2026-08-24,709.625,709.65,702.83,706.38,552704.0,706.932044
2026-08-24T20:35:06.234,90,88,QQQ261120C00600000,QQQ,2026-11-20,call,600.0,114.31,8.0,120.47,91.0,117.39,114.82,1.0,0.3033,0.8903,0.0018,-0.1643,0.6507,1.2326,2026-08-24,709.625,709.65,702.83,706.38,552704.0,706.932044
2026-08-24T20:35:06.234,90,88,QQQ261120C00605000,QQQ,2026-11-20,call,605.0,110.33,1.0,113.6,91.0,111.965,125.52,3.0,0.2854,0.8919,0.0019,-0.1572,0.6439,1.2483,2026-08-24,709.625,709.65,702.83,706.38,552704.0,706.932044
2026-08-24T20:35:06.234,90,88,QQQ261120C00610000,QQQ,2026-11-20,call,610.0,106.45,2.0,109.69,109.0,108.07,114.43,1.0,0.2905,0.877,0.002,-0.1686,0.7059,1.2323,2026-08-24,709.625,709.65,702.83,706.38,552704.0,706.932044
2026-08-24T20:35:06.234,90,88,QQQ261120C00615000,QQQ,2026-11-20,call,615.0,103.14,9.0,106.58,107.0,104.86,126.87,1.0,0.3028,0.8563,0.0022,-0.1861,0.7854,1.2049,2026-08-24,709.625,709.65,702.83,706.38,552704.0,706.932044
2026-08-24T20:35:06.234,90,88,QQQ261120C00620000,QQQ,2026-11-20,call,620.0,98.04,2.0,100.51,93.0,99.275,101.09,1.0,0.2835,0.8573,0.0023,-0.1775,0.7817,1.2201,2026-08-24,709.625,709.65,702.83,706.38,552704.0,706.932044
2026-08-24T20:35:06.234,90,88,QQQ261120C00625000,QQQ,2026-11-20,call,625.0,91.99,10.0,95.81,91.0,93.9,117.19,2.0,0.267,0.8565,0.0024,-0.1711,0.7848,1.2316,2026-08-24,709.625,709.65,702.83,706.38,552704.0,706.932044
2026-08-24T20:35:06.234,90,88,QQQ261120C00630000,QQQ,2026-11-20,call,630.0,91.21,2.0,91.27,34.0,91.24,96.96,1.0,0.2832,0.83,0.0026,-0.1916,0.8773,1.193,2026-08-24,709.625,709.65,702.83,706.38,552704.0,706.932044
2026-08-24T20:35:06.234,90,88,QQQ261120C00635000,QQQ,2026-11-20,call,635.0,83.26,11.0,89.27,7.0,86.265,87.01,20.0,0.2712,0.824,0.0028,-0.1887,0.8968,1.1948,2026-08-24,709.625,709.65,702.83,706.38,552704.0,706.932044
2026-08-24T20:35:06.234,90,88,QQQ261120C00640000,QQQ,2026-11-20,call,640.0,82.11,4.0,83.22,34.0,82.66499999999999,81.47,2.0,0.2739,0.8064,0.0029,-0.1978,0.9518,1.1734,2026-08-24,709.625,709.65,702.83,706.38,552704.0,706.932044
2026-08-24T20:35:06.234,90,88,QQQ261120C00645000,QQQ,2026-11-20,call,645.0,76.68,10.0,80.87,93.0,78.775,77.65,1.0,0.2726,0.791,0.003,-0.2033,0.9963,1.1567,2026-08-24,709.625,709.65,702.83,706.38,552704.0,706.932044
2026-08-24T20:35:06.234,90,88,QQQ261120C00650000,QQQ,2026-11-20,call,650.0,72.39,32.0,74.59,91.0,73.49000000000001,74.17,1.0,0.2569,0.7853,0.0033,-0.1968,1.0121,1.1597,2026-08-24,709.625,709.65,702.83,706.38,552704.0,706.932044
2026-08-24T20:35:06.234,90,88,QQQ261120C00655000,QQQ,2026-11-20,call,655.0,68.83,2.0,69.77,10.0,69.3,71.75,1.0,0.2518,0.7709,0.0035,-0.1987,1.0504,1.1453,2026-08-24,709.625,709.65,702.83,706.38,552704.0,706.932044
2026-08-24T20:35:06.234,90,88,QQQ261120C00660000,QQQ,2026-11-20,call,660.0,64.25,10.0,64.68,1.0,64.465,65.79,1.0,0.2402,0.7603,0.0037,-0.1952,1.077,1.1389,2026-08-24,709.625,709.65,702.83,706.38,552704.0,706.932044
2026-08-24T20:35:06.234,90,88,QQQ261120C00665000,QQQ,2026-11-20,call,665.0,60.41,2.0,61.36,5.0,60.885,62.8,2.0,0.2397,0.7404,0.0039,-0.2002,1.1238,1.1135,2026-08-24,709.625,709.65,702.83,706.38,552704.0,706.932044
2026-08-24T20:35:06.234,90,88,QQQ261120C00670000,QQQ,2026-11-20,call,670.0,57.38,2.0,58.34,10.0,57.86,58.54,1.0,0.2431,0.7172,0.004,-0.2077,1.1728,1.0814,2026-08-24,709.625,709.65,702.83,706.38,552704.0,706.932044
2026-08-24T20:35:06.234,90,88,QQQ261120C00675000,QQQ,2026-11-20,call,675.0,54.5,11.0,54.92,11.0,54.71,54.64,1.0,0.2443,0.6951,0.0041,-0.213,1.2143,1.0513,2026-08-24,709.625,709.65,702.83,706.38,552704.0,706.932044
2026-08-24T20:35:06.234,90,88,QQQ261120C00680000,QQQ,2026-11-20,call,680.0,49.62,20.0,50.55,50.0,50.084999999999994,48.5,1.0,0.2326,0.6792,0.0044,-0.2078,1.2412,1.0354,2026-08-24,709.625,709.65,702.83,706.38,552704.0,706.932044
2026-08-24T20:35:06.234,90,88,QQQ261120C00685000,QQQ,2026-11-20,call,685.0,46.3,2.0,47.27,5.0,46.785,46.0,1.0,0.231,0.6566,0.0046,-0.2099,1.2752,1.0049,2026-08-24,709.625,709.65,702.83,706.38,552704.0,706.932044
2026-08-24T20:35:06.234,90,88,QQQ261120C00690000,QQQ,2026-11-20,call,690.0,43.52,12.0,44.34,22.0,43.93000000000001,43.0,1.0,0.232,0.6324,0.0047,-0.2132,1.3063,0.9706,2026-08-24,709.625,709.65,702.83,706.38,552704.0,706.932044
2026-08-24T20:35:06.234,90,88,QQQ261120C00695000,QQQ,2026-11-20,call,695.0,39.67,25.0,40.31,40.0,39.99,41.03,1.0,0.2238,0.6105,0.0049,-0.209,1.3297,0.9429,2026-08-24,709.625,709.65,702.83,706.38,552704.0,706.932044
2026-08-24T20:35:06.234,90,88,QQQ261120C00700000,QQQ,2026-11-20,call,700.0,36.78,11.0,37.2,2.0,36.99,36.8,1.0,0.222,0.5856,0.0051,-0.2088,1.3512,0.9078,2026-08-24,709.625,709.65,702.83,706.38,552704.0,706.932044
2026-08-24T20:35:06.234,90,88,QQQ261120C00705000,QQQ,2026-11-20,call,705.0,33.26,36.0,33.71,23.0,33.485,33.67,1.0,0.2156,0.5605,0.0053,-0.2044,1.3672,0.8735,2026-08-24,709.625,709.65,702.83,706.38,552704.0,706.932044
2026-08-24T20:35:06.234,90,88,QQQ261120C00710000,QQQ,2026-11-20,call,710.0,30.09,11.0,30.23,23.0,30.16,30.59,2.0,0.2096,0.5339,0.0055,-0.1995,1.3781,0.8361,2026-08-24,709.625,709.65,702.83,706.38,552704.0,706.932044
2026-08-24T20:35:06.234,90,88,QQQ261120C00715000,QQQ,2026-11-20,call,715.0,27.68,10.0,27.91,23.0,27.795,27.83,7.0,0.2097,0.5067,0.0055,-0.1984,1.3829,0.7956,2026-08-24,709.625,709.65,702.83,706.38,552704.0,706.932044
2026-08-24T20:35:06.234,90,88,QQQ261120C00720000,QQQ,2026-11-20,call,720.0,24.71,28.0,25.15,10.0,24.93,25.34,2.0,0.2051,0.4784,0.0056,-0.1929,1.3811,0.7543,2026-08-24,709.625,709.65,702.83,706.38,552704.0,706.932044
2026-08-24T20:35:06.234,90,88,QQQ261120C00725000,QQQ,2026-11-20,call,725.0,22.94,102.0,23.06,108.0,23.0,23.09,8.0,0.2064,0.4516,0.0055,-0.1912,1.373,0.7134,2026-08-24,709.625,709.65,702.83,706.38,552704.0,706.932044
2026-08-24T20:35:06.234,90,88,QQQ261120C00730000,QQQ,2026-11-20,call,730.0,20.15,6.0,20.35,22.0,20.25,20.48,1.0,0.2007,0.4217,0.0056,-0.183,1.3564,0.6691,2026-08-24,709.625,709.65,702.83,706.38,552704.0,706.932044
2026-08-24T20:35:06.234,90,88,QQQ261120C00735000,QQQ,2026-11-20,call,735.0,18.03,23.0,18.52,69.0,18.275,18.4,1.0,0.1997,0.3941,0.0056,-0.1779,1.3341,0.6268,2026-08-24,709.625,709.65,702.83,706.38,552704.0,706.932044
2026-08-24T20:35:06.234,90,88,QQQ261120C00740000,QQQ,2026-11-20,call,740.0,16.42,5.0,16.57,74.0,16.495,16.33,1.0,0.1991,0.3673,0.0055,-0.1725,1.3058,0.5854,2026-08-24,709.625,709.65,702.83,706.38,552704.0,706.932044
2026-08-24T20:35:06.234,90,88,QQQ261120C00745000,QQQ,2026-11-20,call,745.0,14.46,6.0,14.61,28.0,14.535,14.53,1.0,0.1961,0.3388,0.0054,-0.1643,1.2686,0.5417,2026-08-24,709.625,709.65,702.83,706.38,552704.0,706.932044
2026-08-24T20:35:06.234,90,88,QQQ261120C00750000,QQQ,2026-11-20,call,750.0,12.67,12.0,12.7,60.0,12.684999999999999,12.84,11.0,0.1928,0.3103,0.0053,-0.1551,1.2236,0.4976,2026-08-24,709.625,709.65,702.83,706.38,552704.0,706.932044
2026-08-24T20:35:06.234,90,88,QQQ261120C00755000,QQQ,2026-11-20,call,755.0,11.13,5.0,11.57,20.0,11.350000000000001,11.8,1.0,0.1927,0.2858,0.0051,-0.1485,1.1786,0.4592,2026-08-24,709.625,709.65,702.83,706.38,552704.0,706.932044
2026-08-24T20:35:06.234,90,88,QQQ261120C00760000,QQQ,2026-11-20,call,760.0,10.02,73.0,10.14,80.0,10.08,10.04,1.0,0.1921,0.2619,0.0049,-0.1411,1.1287,0.4215,2026-08-24,709.625,709.65,702.83,706.38,552704.0,706.932044
2026-08-24T20:35:06.234,90,88,QQQ261120C00765000,QQQ,2026-11-20,call,765.0,8.51,4.0,8.69,13.0,8.6,9.05,1.0,0.1886,0.2351,0.0047,-0.1302,1.0656,0.3795,2026-08-24,709.625,709.65,702.83,706.38,552704.0,706.932044
2026-08-24T20:35:06.234,90,88,QQQ261120C00770000,QQQ,2026-11-20,call,770.0,7.45,75.0,7.73,82.0,7.59,7.65,1.0,0.1883,0.2136,0.0045,-0.1226,1.0092,0.3453,2026-08-24,709.625,709.65,702.83,706.38,552704.0,706.932044
2026-08-24T20:35:06.234,90,88,QQQ261120C00775000,QQQ,2026-11-20,call,775.0,6.53,115.0,6.55,63.0,6.54,6.82,1.0,0.1865,0.1913,0.0042,-0.1133,0.9449,0.31,2026-08-24,709.625,709.65,702.83,706.38,552704.0,706.932044
2026-08-24T20:35:06.234,90,88,QQQ261120C00780000,QQQ,2026-11-20,call,780.0,5.74,38.0,5.83,34.0,5.785,5.88,5.0,0.1869,0.1733,0.004,-0.1062,0.8882,0.2811,2026-08-24,709.625,709.65,702.83,706.38,552704.0,706.932044
2026-08-24T20:35:06.234,90,88,QQQ261120C00785000,QQQ,2026-11-20,call,785.0,5.0,80.0,5.12,38.0,5.0600000000000005,5.17,1.0,0.1867,0.1558,0.0037,-0.0986,0.8288,0.253,2026-08-24,709.625,709.65,702.83,706.38,552704.0,706.932044
2026-08-24T20:35:06.234,90,88,QQQ261120C00790000,QQQ,2026-11-20,call,790.0,4.33,47.0,4.36,71.0,4.345000000000001,4.48,10.0,0.1856,0.1383,0.0034,-0.0902,0.7652,0.2249,2026-08-24,709.625,709.65,702.83,706.38,552704.0,706.932044
2026-08-24T20:35:06.234,90,88,QQQ261120C00795000,QQQ,2026-11-20,call,795.0,3.78,6.0,3.83,48.0,3.8049999999999997,3.9,1.0,0.1858,0.1239,0.0032,-0.0834,0.7093,0.2017,2026-08-24,709.625,709.65,702.83,706.38,552704.0,706.932044
2026-08-24T20:35:06.234,90,88,QQQ261120C00800000,QQQ,2026-11-20,call,800.0,3.27,46.0,3.34,54.0,3.3049999999999997,3.41,3.0,0.1858,0.1103,0.0029,-0.0766,0.6532,0.1798,2026-08-24,709.625,709.65,702.83,706.38,552704.0,706.932044
2026-08-24T20:35:06.234,90,88,QQQ261120C00805000,QQQ,2026-11-20,call,805.0,2.85,103.0,2.9,73.0,2.875,2.94,2.0,0.1859,0.0982,0.0027,-0.0702,0.6002,0.1602,2026-08-24,709.625,709.65,702.83,706.38,552704.0,706.932044
2026-08-24T20:35:06.234,90,88,QQQ261120C00810000,QQQ,2026-11-20,call,810.0,2.39,16.0,2.43,157.0,2.41,2.53,2.0,0.1845,0.0852,0.0024,-0.0625,0.5403,0.1392,2026-08-24,709.625,709.65,702.83,706.38,552704.0,706.932044
2026-08-24T20:35:06.234,90,88,QQQ261120C00815000,QQQ,2026-11-20,call,815.0,2.12,3.0,2.16,63.0,2.14,2.14,1.0,0.1858,0.0766,0.0022,-0.0579,0.4987,0.1252,2026-08-24,709.625,709.65,702.83,706.38,552704.0,706.932044
2026-08-24T20:35:06.234,90,88,QQQ261120C00820000,QQQ,2026-11-20,call,820.0,1.83,81.0,1.87,67.0,1.85,1.86,1.0,0.186,0.0676,0.002,-0.0526,0.4532,0.1106,2026-08-24,709.625,709.65,702.83,706.38,552704.0,706.932044
2026-08-24T20:35:06.234,90,88,QQQ261120C00825000,QQQ,2026-11-20,call,825.0,1.54,21.0,1.57,65.0,1.5550000000000002,1.71,1.0,0.1852,0.0585,0.0018,-0.0466,0.4047,0.0958,2026-08-24,709.625,709.65,702.83,706.38,552704.0,706.932044
2026-08-24T20:35:06.234,90,88,QQQ261120C00830000,QQQ,2026-11-20,call,830.0,1.33,77.0,1.41,76.0,1.37,1.44,10.0,0.1862,0.0522,0.0017,-0.0428,0.3699,0.0855,2026-08-24,709.625,709.65,702.83,706.38,552704.0,706.932044
2026-08-24T20:35:06.234,90,88,QQQ261120C00835000,QQQ,2026-11-20,call,835.0,1.19,15.0,1.22,61.0,1.205,1.21,2.0,0.1873,0.0465,0.0015,-0.0391,0.3372,0.0762,2026-08-24,709.625,709.65,702.83,706.38,552704.0,706.932044
2026-08-24T20:35:06.234,90,88,QQQ261120C00840000,QQQ,2026-11-20,call,840.0,0.99,10.0,1.07,101.0,1.03,1.08,18.0,0.1873,0.0405,0.0013,-0.035,0.302,0.0665,2026-08-24,709.625,709.65,702.83,706.38,552704.0,706.932044
2026-08-24T20:35:06.234,90,88,QQQ261120C00845000,QQQ,2026-11-20,call,845.0,0.86,81.0,0.93,182.0,0.895,0.91,12.0,0.188,0.0357,0.0012,-0.0316,0.2725,0.0587,2026-08-24,709.625,709.65,702.83,706.38,552704.0,706.932044
2026-08-24T20:35:06.234,90,88,QQQ261120C00850000,QQQ,2026-11-20,call,850.0,0.74,94.0,0.78,153.0,0.76,0.8,10.0,0.1879,0.031,0.0011,-0.028,0.2422,0.0509,2026-08-24,709.625,709.65,702.83,706.38,552704.0,706.932044
2026-08-24T20:35:06.234,90,88,QQQ261120C00855000,QQQ,2026-11-20,call,855.0,0.68,2.0,0.73,148.0,0.7050000000000001,0.72,100.0,0.1907,0.0286,0.001,-0.0266,0.2269,0.047,2026-08-24,709.625,709.65,702.83,706.38,552704.0,706.932044
2026-08-24T20:35:06.234,90,88,QQQ261120C00860000,QQQ,2026-11-20,call,860.0,0.55,40.0,0.6,133.0,0.575,0.66,7.0,0.1894,0.024,0.0009,-0.0228,0.196,0.0395,2026-08-24,709.625,709.65,702.83,706.38,552704.0,706.932044
2026-08-24T20:35:06.234,90,88,QQQ261120C00865000,QQQ,2026-11-20,call,865.0,0.52,3.0,0.57,139.0,0.5449999999999999,0.55,100.0,0.1927,0.0226,0.0008,-0.0219,0.186,0.0371,2026-08-24,709.625,709.65,702.83,706.38,552704.0,706.932044
2026-08-24T20:35:06.234,90,88,QQQ261120C00870000,QQQ,2026-11-20,call,870.0,0.45,93.0,0.5,116.0,0.475,0.46,5.0,0.1935,0.0199,0.0007,-0.0198,0.1673,0.0328,2026-08-24,709.625,709.65,702.83,706.38,552704.0,706.932044
2026-08-24T20:35:06.234,90,88,QQQ261120C00875000,QQQ,2026-11-20,call,875.0,0.39,13.0,0.45,69.0,0.42000000000000004,0.59,1.0,0.1946,0.0177,0.0006,-0.018,0.1516,0.0292,2026-08-24,709.625,709.65,702.83,706.38,552704.0,706.932044
2026-08-24T20:35:06.234,90,88,QQQ261120C00880000,QQQ,2026-11-20,call,880.0,0.3,93.0,0.4,282.0,0.35,0.35,10.0,0.1942,0.0151,0.0006,-0.0156,0.1321,0.0249,2026-08-24,709.625,709.65,702.83,706.38,552704.0,706.932044
2026-08-24T20:35:06.234,90,88,QQQ261120C00885000,QQQ,2026-11-20,call,885.0,0.28,160.0,0.36,88.0,0.32,0.58,1.0,0.1962,0.0138,0.0005,-0.0146,0.1223,0.0227,2026-08-24,709.625,709.65,702.83,706.38,552704.0,706.932044
2026-08-24T20:35:06.234,90,88,QQQ261120C00890000,QQQ,2026-11-20,call,890.0,0.27,2.0,0.28,78.0,0.275,0.26,10.0,0.1966,0.012,0.0005,-0.013,0.1085,0.0198,2026-08-24,709.625,709.65,702.83,706.38,552704.0,706.932044
2026-08-24T20:35:06.234,90,88,QQQ261120C00895000,QQQ,2026-11-20,call,895.0,0.19,96.0,0.25,87.0,0.22,0.34,2.0,0.1953,0.0099,0.0004,-0.0108,0.0915,0.0163,2026-08-24,709.625,709.65,702.83,706.38,552704.0,706.932044
2026-08-24T20:35:06.234,90,88,QQQ261120C00900000,QQQ,2026-11-20,call,900.0,0.16,166.0,0.22,114.0,0.19,0.21,8.0,0.1959,0.0086,0.0003,-0.0096,0.0812,0.0142,2026-08-24,709.625,709.65,702.83,706.38,552704.0,706.932044
2026-08-24T20:35:06.234,90,88,QQQ261120C00905000,QQQ,2026-11-20,call,905.0,0.2,144.0,0.24,85.0,0.22,0.34,1.0,0.2035,0.0095,0.0004,-0.0109,0.0887,0.0157,2026-08-24,709.625,709.65,702.83,706.38,552704.0,706.932044
2026-08-24T20:35:06.234,90,88,QQQ261120C00910000,QQQ,2026-11-20,call,910.0,0.12,85.0,0.18,110.0,0.15,0.2,1.0,0.1984,0.0069,0.0003,-0.008,0.0666,0.0114,2026-08-24,709.625,709.65,702.83,706.38,552704.0,706.932044
2026-08-24T20:35:06.234,90,88,QQQ261120C00915000,QQQ,2026-11-20,call,915.0,0.14,85.0,0.16,71.0,0.15000000000000002,0.24,1.0,0.2023,0.0068,0.0003,-0.008,0.0656,0.0112,2026-08-24,709.625,709.65,702.83,706.38,552704.0,706.932044
2026-08-24T20:35:06.234,90,88,QQQ261120C00920000,QQQ,2026-11-20,call,920.0,0.09,153.0,0.18,108.0,0.135,0.13,4.0,0.2037,0.0061,0.0002,-0.0074,0.0599,0.0101,2026-08-24,709.625,709.65,702.83,706.38,552704.0,706.932044
2026-08-24T20:35:06.234,90,88,QQQ261120C00925000,QQQ,2026-11-20,call,925.0,0.11,100.0,0.13,75.0,0.12,0.14,1.0,0.2048,0.0055,0.0002,-0.0067,0.0542,0.009,2026-08-24,709.625,709.65,702.83,706.38,552704.0,706.932044
2026-08-24T20:35:06.234,90,88,QQQ261120C00930000,QQQ,2026-11-20,call,930.0,0.06,69.0,0.12,83.0,0.09,0.13,1.0,0.2023,0.0042,0.0002,-0.0053,0.0433,0.007,2026-08-24,709.625,709.65,702.83,706.38,552704.0,706.932044
2026-08-24T20:35:06.234,90,88,QQQ261120C00935000,QQQ,2026-11-20,call,935.0,0.09,80.0,0.11,88.0,0.1,0.11,1.0,0.2082,0.0046,0.0002,-0.0058,0.0461,0.0075,2026-08-24,709.625,709.65,702.83,706.38,552704.0,706.932044
2026-08-24T20:35:06.234,90,88,QQQ261120C00940000,QQQ,2026-11-20,call,940.0,0.04,120.0,0.1,85.0,0.07,0.12,2.0,0.2043,0.0033,0.0001,-0.0043,0.0349,0.0055,2026-08-24,709.625,709.65,702.83,706.38,552704.0,706.932044
2026-08-24T20:35:06.234,90,88,QQQ261120C00945000,QQQ,2026-11-20,call,945.0,0.07,402.0,0.09,126.0,0.08,0.07,1.0,0.2105,0.0037,0.0002,-0.0048,0.038,0.0061,2026-08-24,709.625,709.65,702.83,706.38,552704.0,706.932044
2026-08-24T20:35:06.234,90,88,QQQ261120C00950000,QQQ,2026-11-20,call,950.0,0.03,22.0,0.08,28.0,0.055,0.11,2.0,0.2064,0.0026,0.0001,-0.0035,0.0283,0.0044,2026-08-24,709.625,709.65,702.83,706.38,552704.0,706.932044
2026-08-24T20:35:06.234,90,88,QQQ261120C00955000,QQQ,2026-11-20,call,955.0,0.06,142.0,0.12,132.0,0.09,0.07,1.0,0.22,0.0039,0.0002,-0.0053,0.0405,0.0065,2026-08-24,709.625,709.65,702.83,706.38,552704.0,706.932044
2026-08-24T20:35:06.234,90,88,QQQ261120C00960000,QQQ,2026-11-20,call,960.0,0.05,86.0,0.11,51.0,0.08,0.06,1.0,0.2209,0.0035,0.0001,-0.0048,0.0366,0.0058,2026-08-24,709.625,709.65,702.83,706.38,552704.0,706.932044
2026-08-24T20:35:06.234,90,88,QQQ261120C00965000,QQQ,2026-11-20,call,965.0,0.05,82.0,0.07,98.0,0.060000000000000005,0.05,1.0,0.2182,0.0027,0.0001,-0.0038,0.0291,0.0045,2026-08-24,709.625,709.65,702.83,706.38,552704.0,706.932044
2026-08-24T20:35:06.234,90,88,QQQ261120C00970000,QQQ,2026-11-20,call,970.0,0.01,12.0,0.1,28.0,0.055,0.07,1.0,0.2197,0.0025,0.0001,-0.0035,0.0269,0.0041,2026-08-24,709.625,709.65,702.83,706.38,552704.0,706.932044
2026-08-24T20:35:06.234,90,88,QQQ261120C00975000,QQQ,2026-11-20,call,975.0,0.01,249.0,0.06,140.0,0.034999999999999996,0.05,1.0,0.2141,0.0017,0.0001,-0.0024,0.0188,0.0028,2026-08-24,709.625,709.65,702.83,706.38,552704.0,706.932044
2026-08-24T20:35:06.234,90,88,QQQ261120C00980000,QQQ,2026-11-20,call,980.0,0.04,98.0,0.1,97.0,0.07,0.17,4.0,0.2314,0.003,0.0001,-0.0044,0.0316,0.0049,2026-08-24,709.625,709.65,702.83,706.38,552704.0,706.932044
2026-08-24T20:35:06.234,90,88,QQQ261120C00985000,QQQ,2026-11-20,call,985.0,0.01,18.0,0.05,34.0,0.030000000000000002,0.15,1.0,0.2174,0.0014,0.0001,-0.0021,0.0163,0.0024,2026-08-24,709.625,709.65,702.83,706.38,552704.0,706.932044
2026-08-24T20:35:06.234,90,88,QQQ261120C00990000,QQQ,2026-11-20,call,990.0,0.01,78.0,0.09,62.0,0.049999999999999996,0.16,1.0,0.2306,0.0022,0.0001,-0.0033,0.0239,0.0036,2026-08-24,709.625,709.65,702.83,706.38,552704.0,706.932044
2026-08-24T20:35:06.234,90,88,QQQ261120C00995000,QQQ,2026-11-20,call,995.0,0.04,2.0,0.09,88.0,0.065,0.07,1.0,0.2395,0.0027,0.0001,-0.0041,0.0289,0.0044,2026-08-24,709.625,709.65,702.83,706.38,552704.0,706.932044
2026-08-24T20:35:06.234,90,88,QQQ261120C01000000,QQQ,2026-11-20,call,1000.0,0.04,115.0,0.08,50.0,0.06,0.05,2.0,0.2409,0.0025,0.0001,-0.0039,0.0269,0.0041,2026-08-24,709.625,709.65,702.83,706.38,552704.0,706.932044
2026-08-24T20:35:06.234,90,88,QQQ261120C01005000,QQQ,2026-11-20,call,1005.0,0.03,10.0,0.04,30.0,0.035,0.07,1.0,0.2326,0.0016,0.0001,-0.0024,0.0176,0.0026,2026-08-24,709.625,709.65,702.83,706.38,552704.0,706.932044
2026-08-24T20:35:06.234,90,88,QQQ261120C01010000,QQQ,2026-11-20,call,1010.0,0.01,34.0,0.08,36.0,0.045,0.28,1.0,0.2408,0.0019,0.0001,-0.003,0.0211,0.0031,2026-08-24,709.625,709.65,702.83,706.38,552704.0,706.932044
2026-08-24T20:35:06.234,90,88,QQQ261120C01015000,QQQ,2026-11-20,call,1015.0,0.0,0.0,0.08,59.0,0.04,,,,,,,,,2026-08-24,709.625,709.65,702.83,706.38,552704.0,706.932044
2026-08-24T20:35:06.234,90,88,QQQ261120C01020000,QQQ,2026-11-20,call,1020.0,0.0,0.0,0.04,50.0,0.02,0.04,6.0,,,,,,,2026-08-24,709.625,709.65,702.83,706.38,552704.0,706.932044
2026-08-24T20:35:06.234,90,88,QQQ261120C01025000,QQQ,2026-11-20,call,1025.0,0.0,0.0,0.04,90.0,0.02,0.16,1.0,,,,,,,2026-08-24,709.625,709.65,702.83,706.38,552704.0,706.932044
2026-08-24T20:35:06.234,90,88,QQQ261120C01030000,QQQ,2026-11-20,call,1030.0,0.0,0.0,0.08,95.0,0.04,0.51,1.0,,,,,,,2026-08-24,709.625,709.65,702.83,706.38,552704.0,706.932044
2026-08-24T20:35:06.234,90,88,QQQ261120C01035000,QQQ,2026-11-20,call,1035.0,0.0,0.0,0.08,100.0,0.04,,,,,,,,,2026-08-24,709.625,709.65,702.83,706.38,552704.0,706.932044
2026-08-24T20:35:06.234,90,88,QQQ261120C01040000,QQQ,2026-11-20,call,1040.0,0.0,0.0,0.07,16.0,0.035,0.08,1.0,,,,,,,2026-08-24,709.625,709.65,702.83,706.38,552704.0,706.932044
2026-08-24T20:35:06.234,90,88,QQQ261120C01045000,QQQ,2026-11-20,call,1045.0,0.0,0.0,0.03,35.0,0.015,0.12,5.0,,,,,,,2026-08-24,709.625,709.65,702.83,706.38,552704.0,706.932044
2026-08-24T20:35:06.234,90,88,QQQ261120C01050000,QQQ,2026-11-20,call,1050.0,0.0,0.0,0.03,56.0,0.015,0.04,2.0,,,,,,,2026-08-24,709.625,709.65,702.83,706.38,552704.0,706.932044
2026-08-24T20:35:06.234,90,88,QQQ261120C01055000,QQQ,2026-11-20,call,1055.0,0.0,0.0,0.03,45.0,0.015,0.11,5.0,,,,,,,2026-08-24,709.625,709.65,702.83,706.38,552704.0,706.932044
2026-08-24T20:35:06.234,90,88,QQQ261120C01060000,QQQ,2026-11-20,call,1060.0,0.0,0.0,0.07,50.0,0.035,0.05,2.0,,,,,,,2026-08-24,709.625,709.65,702.83,706.38,552704.0,706.932044
2026-08-24T20:35:06.234,90,88,QQQ261120C01065000,QQQ,2026-11-20,call,1065.0,0.0,0.0,0.07,88.0,0.035,0.14,2.0,,,,,,,2026-08-24,709.625,709.65,702.83,706.38,552704.0,706.932044
2026-08-24T20:35:06.234,90,88,QQQ261120C01070000,QQQ,2026-11-20,call,1070.0,0.0,0.0,0.07,92.0,0.035,0.05,22.0,,,,,,,2026-08-24,709.625,709.65,702.83,706.38,552704.0,706.932044
2026-08-24T20:35:06.234,90,88,QQQ261120C01075000,QQQ,2026-11-20,call,1075.0,0.0,0.0,0.07,95.0,0.035,0.06,1.0,,,,,,,2026-08-24,709.625,709.65,702.83,706.38,552704.0,706.932044
2026-08-24T20:35:06.234,90,88,QQQ261120C01080000,QQQ,2026-11-20,call,1080.0,0.0,0.0,0.07,98.0,0.035,0.04,1.0,,,,,,,2026-08-24,709.625,709.65,702.83,706.38,552704.0,706.932044
2026-08-24T20:35:06.234,90,88,QQQ261120C01085000,QQQ,2026-11-20,call,1085.0,0.0,0.0,0.07,96.0,0.035,0.02,19.0,,,,,,,2026-08-24,709.625,709.65,702.83,706.38,552704.0,706.932044
2026-08-24T20:35:06.234,90,88,QQQ261120P00350000,QQQ,2026-11-20,put,350.0,0.27,37.0,0.37,39.0,0.32,0.3,5.0,0.5882,-0.0046,0.0001,-0.0151,0.0464,-0.0086,2026-08-24,709.625,709.65,702.83,706.38,552704.0,706.932044
2026-08-24T20:35:06.234,90,88,QQQ261120P00355000,QQQ,2026-11-20,put,355.0,0.33,22.0,0.35,925.0,0.33999999999999997,0.34,2.0,0.5814,-0.0049,0.0001,-0.0159,0.0492,-0.0092,2026-08-24,709.625,709.65,702.83,706.38,552704.0,706.932044
2026-08-24T20:35:06.234,90,88,QQQ261120P00360000,QQQ,2026-11-20,put,360.0,0.31,18.0,0.37,71.0,0.33999999999999997,0.4,1.0,0.5706,-0.005,0.0001,-0.0158,0.0501,-0.0093,2026-08-24,709.625,709.65,702.83,706.38,552704.0,706.932044
2026-08-24T20:35:06.234,90,88,QQQ261120P00365000,QQQ,2026-11-20,put,365.0,0.33,18.0,0.39,73.0,0.36,0.42,1.0,0.5638,-0.0053,0.0001,-0.0166,0.053,-0.0099,2026-08-24,709.625,709.65,702.83,706.38,552704.0,706.932044
2026-08-24T20:35:06.234,90,88,QQQ261120P00370000,QQQ,2026-11-20,put,370.0,0.39,34.0,0.44,11.0,0.41500000000000004,0.4,2.0,0.563,-0.0061,0.0001,-0.0185,0.0595,-0.0113,2026-08-24,709.625,709.65,702.83,706.38,552704.0,706.932044
2026-08-24T20:35:06.234,90,88,QQQ261120P00375000,QQQ,2026-11-20,put,375.0,0.37,23.0,0.43,73.0,0.4,0.41,2.0,0.5499,-0.006,0.0001,-0.0179,0.059,-0.0112,2026-08-24,709.625,709.65,702.83,706.38,552704.0,706.932044
2026-08-24T20:35:06.234,90,88,QQQ261120P00380000,QQQ,2026-11-20,put,380.0,0.39,32.0,0.45,53.0,0.42000000000000004,0.44,1.0,0.5427,-0.0064,0.0001,-0.0186,0.062,-0.0118,2026-08-24,709.625,709.65,702.83,706.38,552704.0,706.932044
2026-08-24T20:35:06.234,90,88,QQQ261120P00385000,QQQ,2026-11-20,put,385.0,0.42,16.0,0.47,28.0,0.44499999999999995,0.51,5.0,0.5363,-0.0068,0.0001,-0.0195,0.0656,-0.0126,2026-08-24,709.625,709.65,702.83,706.38,552704.0,706.932044
2026-08-24T20:35:06.234,90,88,QQQ261120P00390000,QQQ,2026-11-20,put,390.0,0.44,22.0,0.54,103.0,0.49,0.52,1.0,0.5325,-0.0074,0.0001,-0.021,0.0713,-0.0138,2026-08-24,709.625,709.65,702.83,706.38,552704.0,706.932044
2026-08-24T20:35:06.234,90,88,QQQ261120P00395000,QQQ,2026-11-20,put,395.0,0.47,17.0,0.57,74.0,0.52,0.58,1.0,0.5263,-0.0079,0.0001,-0.0219,0.0755,-0.0148,2026-08-24,709.625,709.65,702.83,706.38,552704.0,706.932044
2026-08-24T20:35:06.234,90,88,QQQ261120P00400000,QQQ,2026-11-20,put,400.0,0.54,6.0,0.59,24.0,0.565,0.57,20.0,0.5218,-0.0086,0.0001,-0.0234,0.0812,-0.016,2026-08-24,709.625,709.65,702.83,706.38,552704.0,706.932044
2026-08-24T20:35:06.234,90,88,QQQ261120P00405000,QQQ,2026-11-20,put,405.0,0.53,18.0,0.58,42.0,0.5549999999999999,0.57,2.0,0.5104,-0.0087,0.0001,-0.023,0.0816,-0.0161,2026-08-24,709.625,709.65,702.83,706.38,552704.0,706.932044
2026-08-24T20:35:06.234,90,88,QQQ261120P00410000,QQQ,2026-11-20,put,410.0,0.6,13.0,0.65,11.0,0.625,0.6,1.0,0.5084,-0.0097,0.0001,-0.0252,0.0899,-0.018,2026-08-24,709.625,709.65,702.83,706.38,552704.0,706.932044
2026-08-24T20:35:06.234,90,88,QQQ261120P00415000,QQQ,2026-11-20,put,415.0,0.63,17.0,0.69,96.0,0.6599999999999999,0.68,1.0,0.5021,-0.0103,0.0002,-0.0262,0.0948,-0.0191,2026-08-24,709.625,709.65,702.83,706.38,552704.0,706.932044
2026-08-24T20:35:06.234,90,88,QQQ261120P00420000,QQQ,2026-11-20,put,420.0,0.66,42.0,0.72,73.0,0.69,0.73,2.0,0.4951,-0.0109,0.0002,-0.0271,0.0993,-0.0202,2026-08-24,709.625,709.65,702.83,706.38,552704.0,706.932044
2026-08-24T20:35:06.234,90,88,QQQ261120P00425000,QQQ,2026-11-20,put,425.0,0.69,45.0,0.71,23.0,0.7,0.78,1.0,0.4862,-0.0112,0.0002,-0.0273,0.102,-0.0208,2026-08-24,709.625,709.65,702.83,706.38,552704.0,706.932044
2026-08-24T20:35:06.234,90,88,QQQ261120P00430000,QQQ,2026-11-20,put,430.0,0.73,40.0,0.75,74.0,0.74,0.73,2.0,0.4801,-0.0119,0.0002,-0.0284,0.1076,-0.0221,2026-08-24,709.625,709.65,702.83,706.38,552704.0,706.932044
2026-08-24T20:35:06.234,90,88,QQQ261120P00435000,QQQ,2026-11-20,put,435.0,0.73,44.0,0.83,75.0,0.78,0.75,70.0,0.4738,-0.0126,0.0002,-0.0295,0.1133,-0.0234,2026-08-24,709.625,709.65,702.83,706.38,552704.0,706.932044
2026-08-24T20:35:06.234,90,88,QQQ261120P00440000,QQQ,2026-11-20,put,440.0,0.81,44.0,0.83,24.0,0.8200000000000001,0.83,1.0,0.4674,-0.0134,0.0002,-0.0306,0.1191,-0.0248,2026-08-24,709.625,709.65,702.83,706.38,552704.0,706.932044
2026-08-24T20:35:06.234,90,88,QQQ261120P00445000,QQQ,2026-11-20,put,445.0,0.86,22.0,0.92,146.0,0.89,0.93,1.0,0.4633,-0.0145,0.0002,-0.0325,0.1278,-0.0269,2026-08-24,709.625,709.65,702.83,706.38,552704.0,706.932044
2026-08-24T20:35:06.234,90,88,QQQ261120P00450000,QQQ,2026-11-20,put,450.0,0.91,8.0,0.92,6.0,0.915,0.91,20.0,0.4555,-0.0151,0.0002,-0.0331,0.1324,-0.028,2026-08-24,709.625,709.65,702.83,706.38,552704.0,706.932044
2026-08-24T20:35:06.234,90,88,QQQ261120P00455000,QQQ,2026-11-20,put,455.0,0.95,244.0,0.97,104.0,0.96,1.05,1.0,0.4491,-0.016,0.0003,-0.0342,0.1389,-0.0296,2026-08-24,709.625,709.65,702.83,706.38,552704.0,706.932044
2026-08-24T20:35:06.234,90,88,QQQ261120P00460000,QQQ,2026-11-20,put,460.0,1.01,81.0,1.03,1.0,1.02,1.09,1.0,0.4436,-0.0171,0.0003,-0.0357,0.1469,-0.0316,2026-08-24,709.625,709.65,702.83,706.38,552704.0,706.932044
2026-08-24T20:35:06.234,90,88,QQQ261120P00465000,QQQ,2026-11-20,put,465.0,1.06,35.0,1.12,36.0,1.09,1.06,24.0,0.4385,-0.0183,0.0003,-0.0374,0.1559,-0.0338,2026-08-24,709.625,709.65,702.83,706.38,552704.0,706.932044
2026-08-24T20:35:06.234,90,88,QQQ261120P00470000,QQQ,2026-11-20,put,470.0,1.08,75.0,1.14,143.0,1.1099999999999999,1.12,2.0,0.4301,-0.019,0.0003,-0.0378,0.1606,-0.035,2026-08-24,709.625,709.65,702.83,706.38,552704.0,706.932044
2026-08-24T20:35:06.234,90,88,QQQ261120P00475000,QQQ,2026-11-20,put,475.0,1.18,85.0,1.24,189.0,1.21,1.17,15.0,0.4265,-0.0206,0.0003,-0.0402,0.1724,-0.0381,2026-08-24,709.625,709.65,702.83,706.38,552704.0,706.932044
2026-08-24T20:35:06.234,90,88,QQQ261120P00480000,QQQ,2026-11-20,put,480.0,1.21,102.0,1.26,94.0,1.2349999999999999,1.25,1.0,0.4183,-0.0214,0.0004,-0.0406,0.1778,-0.0394,2026-08-24,709.625,709.65,702.83,706.38,552704.0,706.932044
2026-08-24T20:35:06.234,90,88,QQQ261120P00485000,QQQ,2026-11-20,put,485.0,1.28,10.0,1.37,7.0,1.3250000000000002,1.38,1.0,0.4136,-0.023,0.0004,-0.0426,0.1891,-0.0424,2026-08-24,709.625,709.65,702.83,706.38,552704.0,706.932044
2026-08-24T20:35:06.234,90,88,QQQ261120P00490000,QQQ,2026-11-20,put,490.0,1.39,36.0,1.44,11.0,1.415,1.4,15.0,0.4087,-0.0247,0.0004,-0.0446,0.2004,-0.0454,2026-08-24,709.625,709.65,702.83,706.38,552704.0,706.932044
2026-08-24T20:35:06.234,90,88,QQQ261120P00495000,QQQ,2026-11-20,put,495.0,1.47,36.0,1.48,6.0,1.475,1.53,1.0,0.402,-0.026,0.0004,-0.0458,0.2093,-0.0478,2026-08-24,709.625,709.65,702.83,706.38,552704.0,706.932044
2026-08-24T20:35:06.234,90,88,QQQ261120P00500000,QQQ,2026-11-20,put,500.0,1.55,100.0,1.6,5.0,1.5750000000000002,1.54,3.0,0.3971,-0.0278,0.0005,-0.0478,0.2217,-0.0512,2026-08-24,709.625,709.65,702.83,706.38,552704.0,706.932044
2026-08-24T20:35:06.234,90,88,QQQ261120P00505000,QQQ,2026-11-20,put,505.0,1.6,108.0,1.69,5.0,1.645,1.8,1.0,0.3906,-0.0294,0.0005,-0.0491,0.2317,-0.0539,2026-08-24,709.625,709.65,702.83,706.38,552704.0,706.932044
2026-08-24T20:35:06.234,90,88,QQQ261120P00510000,QQQ,2026-11-20,put,510.0,1.75,96.0,1.8,55.0,1.775,1.9,6.0,0.3865,-0.0317,0.0005,-0.0517,0.2468,-0.0582,2026-08-24,709.625,709.65,702.83,706.38,552704.0,706.932044
2026-08-24T20:35:06.234,90,88,QQQ261120P00515000,QQQ,2026-11-20,put,515.0,1.81,25.0,1.88,3.0,1.845,1.82,1.0,0.3797,-0.0333,0.0006,-0.0529,0.2572,-0.0612,2026-08-24,709.625,709.65,702.83,706.38,552704.0,706.932044
2026-08-24T20:35:06.234,90,88,QQQ261120P00520000,QQQ,2026-11-20,put,520.0,1.92,24.0,1.95,2.0,1.935,1.91,1.0,0.3735,-0.0353,0.0006,-0.0545,0.2695,-0.0647,2026-08-24,709.625,709.65,702.83,706.38,552704.0,706.932044
2026-08-24T20:35:06.234,90,88,QQQ261120P00525000,QQQ,2026-11-20,put,525.0,2.02,24.0,2.12,5.0,2.0700000000000003,2.05,1.0,0.3688,-0.0378,0.0006,-0.0569,0.2854,-0.0694,2026-08-24,709.625,709.65,702.83,706.38,552704.0,706.932044
2026-08-24T20:35:06.234,90,88,QQQ261120P00530000,QQQ,2026-11-20,put,530.0,2.16,92.0,2.24,54.0,2.2,2.15,5.0,0.3636,-0.0404,0.0007,-0.0591,0.3011,-0.074,2026-08-24,709.625,709.65,702.83,706.38,552704.0,706.932044
2026-08-24T20:35:06.234,90,88,QQQ261120P00535000,QQQ,2026-11-20,put,535.0,2.33,109.0,2.37,4.0,2.35,2.3,6.0,0.3588,-0.0433,0.0007,-0.0616,0.3184,-0.0793,2026-08-24,709.625,709.65,702.83,706.38,552704.0,706.932044
2026-08-24T20:35:06.234,90,88,QQQ261120P00540000,QQQ,2026-11-20,put,540.0,2.49,24.0,2.53,2.0,2.51,2.68,7.0,0.354,-0.0464,0.0008,-0.0641,0.3366,-0.085,2026-08-24,709.625,709.65,702.83,706.38,552704.0,706.932044
2026-08-24T20:35:06.234,90,88,QQQ261120P00545000,QQQ,2026-11-20,put,545.0,2.62,158.0,2.66,2.0,2.64,2.55,1.0,0.3481,-0.0492,0.0008,-0.066,0.3528,-0.0901,2026-08-24,709.625,709.65,702.83,706.38,552704.0,706.932044
2026-08-24T20:35:06.234,90,88,QQQ261120P00550000,QQQ,2026-11-20,put,550.0,2.79,73.0,2.85,78.0,2.8200000000000003,2.77,1.0,0.3433,-0.0527,0.0009,-0.0686,0.3727,-0.0965,2026-08-24,709.625,709.65,702.83,706.38,552704.0,706.932044
2026-08-24T20:35:06.234,90,88,QQQ261120P00555000,QQQ,2026-11-20,put,555.0,2.9,26.0,3.02,39.0,2.96,2.9,1.0,0.3372,-0.0558,0.001,-0.0704,0.3901,-0.1021,2026-08-24,709.625,709.65,702.83,706.38,552704.0,706.932044
2026-08-24T20:35:06.234,90,88,QQQ261120P00560000,QQQ,2026-11-20,put,560.0,3.17,93.0,3.2,35.0,3.185,3.1,1.0,0.333,-0.0601,0.001,-0.0736,0.4133,-0.1099,2026-08-24,709.625,709.65,702.83,706.38,552704.0,706.932044
2026-08-24T20:35:06.234,90,88,QQQ261120P00565000,QQQ,2026-11-20,put,565.0,3.31,182.0,3.41,39.0,3.3600000000000003,3.62,1.0,0.3273,-0.0638,0.0011,-0.0757,0.4334,-0.1168,2026-08-24,709.625,709.65,702.83,706.38,552704.0,706.932044
2026-08-24T20:35:06.234,90,88,QQQ261120P00570000,QQQ,2026-11-20,put,570.0,3.53,27.0,3.59,55.0,3.5599999999999996,3.47,1.0,0.3219,-0.068,0.0012,-0.078,0.4554,-0.1244,2026-08-24,709.625,709.65,702.83,706.38,552704.0,706.932044
2026-08-24T20:35:06.234,90,88,QQQ261120P00575000,QQQ,2026-11-20,put,575.0,3.77,26.0,3.79,2.0,3.7800000000000002,3.99,1.0,0.3166,-0.0726,0.0013,-0.0805,0.4788,-0.1327,2026-08-24,709.625,709.65,702.83,706.38,552704.0,706.932044
2026-08-24T20:35:06.234,90,88,QQQ261120P00580000,QQQ,2026-11-20,put,580.0,4.11,26.0,4.16,52.0,4.135,4.01,4.0,0.3137,-0.0789,0.0014,-0.0848,0.5102,-0.1443,2026-08-24,709.625,709.65,702.83,706.38,552704.0,706.932044
2026-08-24T20:35:06.234,90,88,QQQ261120P00585000,QQQ,2026-11-20,put,585.0,4.38,81.0,4.44,2.0,4.41,4.17,5.0,0.3088,-0.0845,0.0014,-0.0877,0.5369,-0.1544,2026-08-24,709.625,709.65,702.83,706.38,552704.0,706.932044
2026-08-24T20:35:06.234,90,88,QQQ261120P00590000,QQQ,2026-11-20,put,590.0,4.66,73.0,4.71,5.0,4.6850000000000005,4.67,1.0,0.3036,-0.0902,0.0015,-0.0903,0.5638,-0.1648,2026-08-24,709.625,709.65,702.83,706.38,552704.0,706.932044
2026-08-24T20:35:06.234,90,88,QQQ261120P00595000,QQQ,2026-11-20,put,595.0,5.04,27.0,5.08,32.0,5.0600000000000005,4.91,1.0,0.2997,-0.0972,0.0017,-0.094,0.5959,-0.1777,2026-08-24,709.625,709.65,702.83,706.38,552704.0,706.932044
2026-08-24T20:35:06.234,90,88,QQQ261120P00600000,QQQ,2026-11-20,put,600.0,5.26,36.0,5.41,10.0,5.335,5.37,1.0,0.2938,-0.1033,0.0018,-0.096,0.6231,-0.1887,2026-08-24,709.625,709.65,702.83,706.38,552704.0,706.932044
2026-08-24T20:35:06.234,90,88,QQQ261120P00605000,QQQ,2026-11-20,put,605.0,5.58,116.0,5.8,15.0,5.6899999999999995,5.55,21.0,0.2888,-0.1105,0.0019,-0.0988,0.6542,-0.2019,2026-08-24,709.625,709.65,702.83,706.38,552704.0,706.932044
2026-08-24T20:35:06.234,90,88,QQQ261120P00610000,QQQ,2026-11-20,put,610.0,6.01,42.0,6.16,12.0,6.085,6.03,3.0,0.2841,-0.1185,0.002,-0.1018,0.6872,-0.2163,2026-08-24,709.625,709.65,702.83,706.38,552704.0,706.932044
2026-08-24T20:35:06.234,90,88,QQQ261120P00615000,QQQ,2026-11-20,put,615.0,6.58,94.0,6.67,21.0,6.625,6.45,2.0,0.281,-0.1281,0.0022,-0.106,0.7261,-0.2341,2026-08-24,709.625,709.65,702.83,706.38,552704.0,706.932044
2026-08-24T20:35:06.234,90,88,QQQ261120P00620000,QQQ,2026-11-20,put,620.0,7.16,47.0,7.25,26.0,7.205,6.92,1.0,0.2778,-0.1384,0.0023,-0.1102,0.7658,-0.253,2026-08-24,709.625,709.65,702.83,706.38,552704.0,706.932044
2026-08-24T20:35:06.234,90,88,QQQ261120P00625000,QQQ,2026-11-20,put,625.0,7.53,80.0,7.59,31.0,7.5600000000000005,7.27,1.0,0.2712,-0.1468,0.0024,-0.1115,0.7969,-0.2682,2026-08-24,709.625,709.65,702.83,706.38,552704.0,706.932044
2026-08-24T20:35:06.234,90,88,QQQ261120P00630000,QQQ,2026-11-20,put,630.0,8.119,156.0,8.21,10.0,8.1645,8.25,2.0,0.2673,-0.158,0.0026,-0.1149,0.8367,-0.2887,2026-08-24,709.625,709.65,702.83,706.38,552704.0,706.932044
2026-08-24T20:35:06.234,90,88,QQQ261120P00635000,QQQ,2026-11-20,put,635.0,8.74,114.0,8.85,33.0,8.795,8.66,1.0,0.2632,-0.1698,0.0028,-0.118,0.8766,-0.3102,2026-08-24,709.625,709.65,702.83,706.38,552704.0,706.932044
2026-08-24T20:35:06.234,90,88,QQQ261120P00640000,QQQ,2026-11-20,put,640.0,9.48,53.0,9.58,2.0,9.530000000000001,9.58,10.0,0.2598,-0.1828,0.0029,-0.1214,0.9187,-0.3342,2026-08-24,709.625,709.65,702.83,706.38,552704.0,706.932044
2026-08-24T20:35:06.234,90,88,QQQ261120P00645000,QQQ,2026-11-20,put,645.0,10.14,127.0,10.15,9.0,10.145,10.21,5.0,0.2544,-0.1953,0.0031,-0.1232,0.9567,-0.3569,2026-08-24,709.625,709.65,702.83,706.38,552704.0,706.932044
2026-08-24T20:35:06.234,90,88,QQQ261120P00650000,QQQ,2026-11-20,put,650.0,11.05,39.0,11.17,21.0,11.11,11.07,2.0,0.2521,-0.211,0.0033,-0.1272,1.002,-0.386,2026-08-24,709.625,709.65,702.83,706.38,552704.0,706.932044
2026-08-24T20:35:06.234,90,88,QQQ261120P00655000,QQQ,2026-11-20,put,655.0,11.9,29.0,12.02,10.0,11.96,11.51,13.0,0.248,-0.2262,0.0035,-0.1295,1.043,-0.414,2026-08-24,709.625,709.65,702.83,706.38,552704.0,706.932044
2026-08-24T20:35:06.234,90,88,QQQ261120P00660000,QQQ,2026-11-20,put,660.0,13.0,138.0,13.12,14.0,13.059999999999999,12.84,1.0,0.2456,-0.2437,0.0037,-0.1328,1.0868,-0.4464,2026-08-24,709.625,709.65,702.83,706.38,552704.0,706.932044
2026-08-24T20:35:06.234,90,88,QQQ261120P00665000,QQQ,2026-11-20,put,665.0,13.96,22.0,14.18,9.0,14.07,13.98,1.0,0.2417,-0.261,0.0039,-0.1345,1.1268,-0.4783,2026-08-24,709.625,709.65,702.83,706.38,552704.0,706.932044
2026-08-24T20:35:06.234,90,88,QQQ261120P00670000,QQQ,2026-11-20,put,670.0,15.0,23.0,15.39,19.0,15.195,15.26,5.0,0.2381,-0.2796,0.0041,-0.1361,1.1662,-0.5126,2026-08-24,709.625,709.65,702.83,706.38,552704.0,706.932044
2026-08-24T20:35:06.234,90,88,QQQ261120P00675000,QQQ,2026-11-20,put,675.0,16.6,19.0,16.75,14.0,16.675,16.35,2.0,0.2367,-0.3006,0.0042,-0.1389,1.2065,-0.5519,2026-08-24,709.625,709.65,702.83,706.38,552704.0,706.932044
2026-08-24T20:35:06.234,90,88,QQQ261120P00680000,QQQ,2026-11-20,put,680.0,17.82,18.0,18.15,38.0,17.985,17.6,5.0,0.2331,-0.3211,0.0044,-0.1395,1.2417,-0.59,2026-08-24,709.625,709.65,702.83,706.38,552704.0,706.932044
2026-08-24T20:35:06.234,90,88,QQQ261120P00685000,QQQ,2026-11-20,put,685.0,18.93,73.0,19.55,13.0,19.240000000000002,18.96,2.0,0.2284,-0.3422,0.0046,-0.1387,1.2735,-0.6289,2026-08-24,709.625,709.65,702.83,706.38,552704.0,706.932044
2026-08-24T20:35:06.234,90,88,QQQ261120P00690000,QQQ,2026-11-20,put,690.0,20.65,111.0,20.79,7.0,20.72,20.37,1.0,0.2247,-0.3649,0.0048,-0.1379,1.303,-0.6711,2026-08-24,709.625,709.65,702.83,706.38,552704.0,706.932044
2026-08-24T20:35:06.234,90,88,QQQ261120P00695000,QQQ,2026-11-20,put,695.0,22.51,73.0,22.66,14.0,22.585,21.76,1.0,0.2231,-0.3893,0.005,-0.1382,1.3295,-0.7171,2026-08-24,709.625,709.65,702.83,706.38,552704.0,706.932044
2026-08-24T20:35:06.234,90,88,QQQ261120P00700000,QQQ,2026-11-20,put,700.0,23.94,56.0,24.28,7.0,24.11,24.3,10.0,0.218,-0.4136,0.0052,-0.1351,1.3506,-0.7622,2026-08-24,709.625,709.65,702.83,706.38,552704.0,706.932044
2026-08-24T20:35:06.234,90,88,QQQ261120P00705000,QQQ,2026-11-20,put,705.0,26.32,91.0,26.47,5.0,26.395,26.02,4.0,0.2177,-0.4396,0.0052,-0.1348,1.3673,-0.8121,2026-08-24,709.625,709.65,702.83,706.38,552704.0,706.932044
2026-08-24T20:35:06.234,90,88,QQQ261120P00710000,QQQ,2026-11-20,put,710.0,28.45,6.0,28.62,23.0,28.535,28.35,1.0,0.2155,-0.4659,0.0053,-0.1322,1.3781,-0.8619,2026-08-24,709.625,709.65,702.83,706.38,552704.0,706.932044
2026-08-24T20:35:06.234,90,88,QQQ261120P00715000,QQQ,2026-11-20,put,715.0,30.31,7.0,30.42,3.0,30.365000000000002,30.12,500.0,0.21,-0.4932,0.0055,-0.1264,1.3829,-0.9128,2026-08-24,709.625,709.65,702.83,706.38,552704.0,706.932044
2026-08-24T20:35:06.234,90,88,QQQ261120P00720000,QQQ,2026-11-20,put,720.0,33.09,11.0,33.66,12.0,33.375,31.63,1.0,0.2122,-0.5195,0.0054,-0.1257,1.3815,-0.9649,2026-08-24,709.625,709.65,702.83,706.38,552704.0,706.932044
2026-08-24T20:35:06.234,90,88,QQQ261120P00725000,QQQ,2026-11-20,put,725.0,35.81,13.0,36.06,12.0,35.935,35.21,1.0,0.2101,-0.5468,0.0054,-0.1209,1.3736,-1.0175,2026-08-24,709.625,709.65,702.83,706.38,552704.0,706.932044
2026-08-24T20:35:06.234,90,88,QQQ261120P00730000,QQQ,2026-11-20,put,730.0,37.98,36.0,38.45,11.0,38.215,38.32,1.0,0.205,-0.5759,0.0055,-0.1128,1.358,-1.0725,2026-08-24,709.625,709.65,702.83,706.38,552704.0,706.932044
2026-08-24T20:35:06.234,90,88,QQQ261120P00735000,QQQ,2026-11-20,put,735.0,39.56,118.0,41.63,6.0,40.595,40.21,10.0,0.1995,-0.606,0.0056,-0.1034,1.334,-1.1296,2026-08-24,709.625,709.65,702.83,706.38,552704.0,706.932044
2026-08-24T20:35:06.234,90,88,QQQ261120P00740000,QQQ,2026-11-20,put,740.0,42.02,111.0,43.89,22.0,42.955,42.78,1.0,0.1927,-0.6382,0.0056,-0.0919,1.2993,-1.19,2026-08-24,709.625,709.65,702.83,706.38,552704.0,706.932044
2026-08-24T20:35:06.234,90,88,QQQ261120P00745000,QQQ,2026-11-20,put,745.0,45.48,91.0,48.45,1.0,46.965,47.17,2.0,0.1975,-0.6599,0.0054,-0.0903,1.2705,-1.2366,2026-08-24,709.625,709.65,702.83,706.38,552704.0,706.932044
2026-08-24T20:35:06.234,90,88,QQQ261120P00750000,QQQ,2026-11-20,put,750.0,48.06,118.0,52.31,3.0,50.185,50.45,3.0,0.1952,-0.6872,0.0052,-0.0816,1.228,-1.2908,2026-08-24,709.625,709.65,702.83,706.38,552704.0,706.932044
2026-08-24T20:35:06.234,90,88,QQQ261120P00755000,QQQ,2026-11-20,put,755.0,52.6,93.0,55.37,57.0,53.985,50.34,1.0,0.1967,-0.7096,0.005,-0.0761,1.1875,-1.3382,2026-08-24,709.625,709.65,702.83,706.38,552704.0,706.932044
2026-08-24T20:35:06.234,90,88,QQQ261120P00760000,QQQ,2026-11-20,put,760.0,55.94,93.0,60.13,57.0,58.035,54.41,2.0,0.1995,-0.7293,0.0048,-0.0717,1.1479,-1.3814,2026-08-24,709.625,709.65,702.83,706.38,552704.0,706.932044
2026-08-24T20:35:06.234,90,88,QQQ261120P00765000,QQQ,2026-11-20,put,765.0,59.09,91.0,63.24,10.0,61.165000000000006,60.88,2.0,0.1931,-0.7589,0.0047,-0.0577,1.0804,-1.4394,2026-08-24,709.625,709.65,702.83,706.38,552704.0,706.932044
2026-08-24T20:35:06.234,90,88,QQQ261120P00770000,QQQ,2026-11-20,put,770.0,63.69,116.0,69.5,14.0,66.595,65.44,1.0,0.2072,-0.7619,0.0043,-0.0647,1.0731,-1.4576,2026-08-24,709.625,709.65,702.83,706.38,552704.0,706.932044
2026-08-24T20:35:06.234,90,88,QQQ261120P00775000,QQQ,2026-11-20,put,775.0,68.95,93.0,73.14,1.0,71.045,72.3,1.0,0.2119,-0.7754,0.0041,-0.062,1.0387,-1.4913,2026-08-24,709.625,709.65,702.83,706.38,552704.0,706.932044
2026-08-24T20:35:06.234,90,88,QQQ261120P00780000,QQQ,2026-11-20,put,780.0,74.01,106.0,75.51,11.0,74.76,73.72,1.0,0.2087,-0.7975,0.0039,-0.0509,0.9778,-1.5379,2026-08-24,709.625,709.65,702.83,706.38,552704.0,706.932044
2026-08-24T20:35:06.234,90,88,QQQ261120P00785000,QQQ,2026-11-20,put,785.0,77.22,34.0,80.43,10.0,78.825,59.49,5.0,0.208,-0.8155,0.0037,-0.0424,0.9238,-1.5784,2026-08-24,709.625,709.65,702.83,706.38,552704.0,706.932044
2026-08-24T20:35:06.234,90,88,QQQ261120P00790000,QQQ,2026-11-20,put,790.0,83.23,91.0,84.47,10.0,83.85,73.52,1.0,0.2172,-0.8201,0.0035,-0.0446,0.9095,-1.5982,2026-08-24,709.625,709.65,702.83,706.38,552704.0,706.932044
2026-08-24T20:35:06.234,90,88,QQQ261120P00795000,QQQ,2026-11-20,put,795.0,86.68,91.0,90.75,12.0,88.715,77.26,6.0,0.2244,-0.8263,0.0033,-0.0449,0.8894,-1.6206,2026-08-24,709.625,709.65,702.83,706.38,552704.0,706.932044
2026-08-24T20:35:06.234,90,88,QQQ261120P00800000,QQQ,2026-11-20,put,800.0,91.11,34.0,95.49,2.0,93.3,93.56,6.0,0.2283,-0.836,0.0031,-0.0415,0.8574,-1.6481,2026-08-24,709.625,709.65,702.83,706.38,552704.0,706.932044
2026-08-24T20:35:06.234,90,88,QQQ261120P00805000,QQQ,2026-11-20,put,805.0,96.24,34.0,99.37,10.0,97.805,87.45,1.0,0.2307,-0.8464,0.003,-0.0367,0.8211,-1.6767,2026-08-24,709.625,709.65,702.83,706.38,552704.0,706.932044
2026-08-24T20:35:06.234,90,88,QQQ261120P00810000,QQQ,2026-11-20,put,810.0,102.75,91.0,106.93,2.0,104.84,84.53,1.0,0.2628,-0.8238,0.0028,-0.064,0.8976,-1.6552,2026-08-24,709.625,709.65,702.83,706.38,552704.0,706.932044
2026-08-24T20:35:06.234,90,88,QQQ261120P00815000,QQQ,2026-11-20,put,815.0,105.58,34.0,111.68,57.0,108.63,102.0,20.0,0.2572,-0.8418,0.0027,-0.0507,0.8375,-1.6949,2026-08-24,709.625,709.65,702.83,706.38,552704.0,706.932044
2026-08-24T20:35:06.234,90,88,QQQ261120P00820000,QQQ,2026-11-20,put,820.0,113.72,91.0,114.51,2.0,114.11500000000001,111.52,1210.0,0.2711,-0.8388,0.0026,-0.0585,0.8477,-1.703,2026-08-24,709.625,709.65,702.83,706.38,552704.0,706.932044
2026-08-24T20:35:06.234,90,88,QQQ261120P00825000,QQQ,2026-11-20,put,825.0,115.28,91.0,119.54,10.0,117.41,95.05,2.0,0.2579,-0.8632,0.0025,-0.0372,0.7597,-1.7525,2026-08-24,709.625,709.65,702.83,706.38,552704.0,706.932044
2026-08-24T20:35:06.234,90,88,QQQ261120P00830000,QQQ,2026-11-20,put,830.0,123.69,34.0,127.06,2.0,125.375,117.55,1.0,0.302,-0.8303,0.0024,-0.0778,0.8762,-1.7158,2026-08-24,709.625,709.65,702.83,706.38,552704.0,706.932044
2026-08-24T20:35:06.234,90,88,QQQ261120P00835000,QQQ,2026-11-20,put,835.0,127.1,34.0,127.8,1.0,127.44999999999999,104.36,1.0,0.2739,-0.8671,0.0023,-0.0405,0.7448,-1.7833,2026-08-24,709.625,709.65,702.83,706.38,552704.0,706.932044
2026-08-24T20:35:06.234,90,88,QQQ261120P00840000,QQQ,2026-11-20,put,840.0,130.889,34.0,133.91,10.0,132.3995,120.17,1.0,0.2809,-0.8697,0.0022,-0.0411,0.7345,-1.7998,2026-08-24,709.625,709.65,702.83,706.38,552704.0,706.932044
2026-08-24T20:35:06.234,90,88,QQQ261120P00845000,QQQ,2026-11-20,put,845.0,134.36,91.0,137.5,10.0,135.93,121.09,1.0,0.267,-0.8917,0.002,-0.0197,0.6446,-1.8458,2026-08-24,709.625,709.65,702.83,706.38,552704.0,706.932044
2026-08-24T20:35:06.234,90,88,QQQ261120P00850000,QQQ,2026-11-20,put,850.0,140.48,34.0,144.64,1.0,142.56,116.41,1.0,0.2981,-0.8713,0.002,-0.046,0.7282,-1.827,2026-08-24,709.625,709.65,702.83,706.38,552704.0,706.932044
2026-08-24T20:35:06.234,90,88,QQQ261120P00855000,QQQ,2026-11-20,put,855.0,148.68,91.0,151.2,2.0,149.94,126.52,1.0,0.3363,-0.8466,0.002,-0.0806,0.8206,-1.8027,2026-08-24,709.625,709.65,702.83,706.38,552704.0,706.932044
2026-08-24T20:35:06.234,90,88,QQQ261120P00860000,QQQ,2026-11-20,put,860.0,153.93,91.0,155.84,10.0,154.885,135.45,1.0,0.3433,-0.8491,0.002,-0.0814,0.8117,-1.8188,2026-08-24,709.625,709.65,702.83,706.38,552704.0,706.932044
2026-08-24T20:35:06.234,90,88,QQQ261120P00865000,QQQ,2026-11-20,put,865.0,158.51,91.0,162.05,12.0,160.28,139.52,1.0,0.3556,-0.847,0.0019,-0.0882,0.8191,-1.8283,2026-08-24,709.625,709.65,702.83,706.38,552704.0,706.932044
2026-08-24T20:35:06.234,90,88,QQQ261120P00870000,QQQ,2026-11-20,put,870.0,159.57,91.0,165.46,10.0,162.515,143.38,1.0,0.3267,-0.878,0.0018,-0.0504,0.7016,-1.8865,2026-08-24,709.625,709.65,702.83,706.38,552704.0,706.932044
2026-08-24T20:35:06.234,90,88,QQQ261120P00875000,QQQ,2026-11-20,put,875.0,165.11,91.0,168.66,2.0,166.885,149.51,1.0,0.3246,-0.8868,0.0017,-0.0418,0.6654,-1.912,2026-08-24,709.625,709.65,702.83,706.38,552704.0,706.932044
2026-08-24T20:35:06.234,90,88,QQQ261120P00880000,QQQ,2026-11-20,put,880.0,175.0,91.0,178.39,10.0,176.695,158.69,1.0,0.3951,-0.8393,0.0018,-0.1114,0.8459,-1.8548,2026-08-24,709.625,709.65,702.83,706.38,552704.0,706.932044
2026-08-24T20:35:06.234,90,88,QQQ261120P00885000,QQQ,2026-11-20,put,885.0,173.67,91.0,177.42,2.0,175.545,153.47,1.0,0.3169,-0.9059,0.0015,-0.0216,0.5819,-1.9654,2026-08-24,709.625,709.65,702.83,706.38,552704.0,706.932044
2026-08-24T20:35:06.234,90,88,QQQ261120P00890000,QQQ,2026-11-20,put,890.0,180.99,34.0,186.72,2.0,183.85500000000002,177.6,1.0,0.3738,-0.8688,0.0016,-0.0754,0.7382,-1.9222,2026-08-24,709.625,709.65,702.83,706.38,552704.0,706.932044
2026-08-24T20:35:06.234,90,88,QQQ261120P00895000,QQQ,2026-11-20,put,895.0,187.6,91.0,190.96,10.0,189.28,162.77,1.0,0.3865,-0.8659,0.0016,-0.0829,0.7495,-1.9303,2026-08-24,709.625,709.65,702.83,706.38,552704.0,706.932044
2026-08-24T20:35:06.234,90,88,QQQ261120P00900000,QQQ,2026-11-20,put,900.0,189.46,34.0,197.1,2.0,193.28,205.7,1.0,0.3797,-0.877,0.0015,-0.0694,0.7057,-1.9589,2026-08-24,709.625,709.65,702.83,706.38,552704.0,706.932044
2026-08-24T20:35:06.234,90,88,QQQ261120P00905000,QQQ,2026-11-20,put,905.0,195.88,91.0,203.1,2.0,199.49,191.2,1.0,0.4033,-0.8663,0.0015,-0.0886,0.7478,-1.9557,2026-08-24,709.625,709.65,702.83,706.38,552704.0,706.932044
2026-08-24T20:35:06.234,90,88,QQQ261120P00910000,QQQ,2026-11-20,put,910.0,204.65,91.0,208.01,10.0,206.32999999999998,,,0.434,-0.8513,0.0015,-0.1158,0.8037,-1.9467,2026-08-24,709.625,709.65,702.83,706.38,552704.0,706.932044
2026-08-24T20:35:06.234,90,88,QQQ261120P00915000,QQQ,2026-11-20,put,915.0,209.95,91.0,213.31,2.0,211.63,,,0.4447,-0.8501,0.0015,-0.1214,0.8081,-1.9574,2026-08-24,709.625,709.65,702.83,706.38,552704.0,706.932044
2026-08-24T20:35:06.234,90,88,QQQ261120P00920000,QQQ,2026-11-20,put,920.0,211.74,91.0,219.22,10.0,215.48000000000002,,,0.437,-0.8609,0.0015,-0.1068,0.7684,-1.985,2026-08-24,709.625,709.65,702.83,706.38,552704.0,706.932044
2026-08-24T20:35:06.234,90,88,QQQ261120P00925000,QQQ,2026-11-20,put,925.0,216.0,34.0,220.18,2.0,218.09,,,0.4107,-0.8837,0.0014,-0.0724,0.6783,-2.0302,2026-08-24,709.625,709.65,702.83,706.38,552704.0,706.932044
2026-08-24T20:35:06.234,90,88,QQQ261120P00930000,QQQ,2026-11-20,put,930.0,217.31,34.0,225.45,1.0,221.38,,,0.3905,-0.9022,0.0013,-0.0453,0.5988,-2.0695,2026-08-24,709.625,709.65,702.83,706.38,552704.0,706.932044
2026-08-24T20:35:06.234,90,88,QQQ261120P00935000,QQQ,2026-11-20,put,935.0,230.63,34.0,231.05,2.0,230.84,246.65,10.0,0.462,-0.861,0.0014,-0.116,0.7679,-2.0223,2026-08-24,709.625,709.65,702.83,706.38,552704.0,706.932044
2026-08-24T20:35:06.234,90,88,QQQ261120P00940000,QQQ,2026-11-20,put,940.0,235.54,34.0,238.89,10.0,237.21499999999997,233.16,3.0,0.4862,-0.8512,0.0014,-0.1366,0.804,-2.021,2026-08-24,709.625,709.65,702.83,706.38,552704.0,706.932044
2026-08-24T20:35:06.234,90,88,QQQ261120P00945000,QQQ,2026-11-20,put,945.0,233.73,34.0,241.09,2.0,237.41,256.16,10.0,0.4263,-0.8934,0.0012,-0.0658,0.6374,-2.0932,2026-08-24,709.625,709.65,702.83,706.38,552704.0,706.932044
2026-08-24T20:35:06.234,90,88,QQQ261120P00950000,QQQ,2026-11-20,put,950.0,238.99,91.0,242.03,2.0,240.51,261.65,10.0,0.4005,-0.9139,0.0011,-0.0336,0.5449,-2.1356,2026-08-24,709.625,709.65,702.83,706.38,552704.0,706.932044
2026-08-24T20:35:06.234,90,88,QQQ261120P00955000,QQQ,2026-11-20,put,955.0,248.13,34.0,250.8,2.0,249.465,270.34,10.0,0.4696,-0.876,0.0013,-0.1008,0.7095,-2.0928,2026-08-24,709.625,709.65,702.83,706.38,552704.0,706.932044
2026-08-24T20:35:06.234,90,88,QQQ261120P00960000,QQQ,2026-11-20,put,960.0,252.91,34.0,256.269,2.0,254.5895,,,0.4777,-0.8758,0.0012,-0.1039,0.7107,-2.1046,2026-08-24,709.625,709.65,702.83,706.38,552704.0,706.932044
2026-08-24T20:35:06.234,90,88,QQQ261120P00965000,QQQ,2026-11-20,put,965.0,255.76,34.0,263.13,10.0,259.445,278.66,10.0,0.482,-0.8777,0.0012,-0.1028,0.7029,-2.1197,2026-08-24,709.625,709.65,702.83,706.38,552704.0,706.932044
2026-08-24T20:35:06.234,90,88,QQQ261120P00970000,QQQ,2026-11-20,put,970.0,262.73,68.0,266.01,10.0,264.37,281.48,10.0,0.4873,-0.879,0.0012,-0.1029,0.6975,-2.1338,2026-08-24,709.625,709.65,702.83,706.38,552704.0,706.932044
2026-08-24T20:35:06.234,90,88,QQQ261120P00975000,QQQ,2026-11-20,put,975.0,268.3,34.0,272.54,2.0,270.42,,,0.5083,-0.8712,0.0012,-0.1201,0.7286,-2.1351,2026-08-24,709.625,709.65,702.83,706.38,552704.0,706.932044
2026-08-24T20:35:06.234,90,88,QQQ261120P00980000,QQQ,2026-11-20,put,980.0,274.8,34.0,278.13,2.0,276.46500000000003,291.54,1.0,0.5287,-0.864,0.0012,-0.1368,0.7565,-2.1374,2026-08-24,709.625,709.65,702.83,706.38,552704.0,706.932044
2026-08-24T20:35:06.234,90,88,QQQ261120P00985000,QQQ,2026-11-20,put,985.0,273.81,34.0,285.18,10.0,279.495,,,0.5077,-0.8799,0.0011,-0.1083,0.6938,-2.1718,2026-08-24,709.625,709.65,702.83,706.38,552704.0,706.932044
2026-08-24T20:35:06.234,90,88,QQQ261120P00990000,QQQ,2026-11-20,put,990.0,278.73,91.0,282.91,2.0,280.82000000000005,301.47,10.0,0.4547,-0.9134,0.001,-0.0469,0.5471,-2.232,2026-08-24,709.625,709.65,702.83,706.38,552704.0,706.932044
2026-08-24T20:35:06.234,90,88,QQQ261120P00995000,QQQ,2026-11-20,put,995.0,283.6,91.0,284.73,2.0,284.165,,,0.4277,-0.9313,0.0009,-0.0154,0.4587,-2.2705,2026-08-24,709.625,709.65,702.83,706.38,552704.0,706.932044
2026-08-24T20:35:06.234,90,88,QQQ261120P01000000,QQQ,2026-11-20,put,1000.0,288.81,34.0,297.5,1.0,293.155,,,0.5058,-0.8927,0.0011,-0.0899,0.6405,-2.2264,2026-08-24,709.625,709.65,702.83,706.38,552704.0,706.932044
2026-08-24T20:35:06.234,90,88,QQQ261120P01005000,QQQ,2026-11-20,put,1005.0,294.51,34.0,304.16,1.0,299.33500000000004,320.94,10.0,0.5297,-0.8835,0.0011,-0.1103,0.6792,-2.2257,2026-08-24,709.625,709.65,702.83,706.38,552704.0,706.932044
2026-08-24T20:35:06.234,90,88,QQQ261120P01010000,QQQ,2026-11-20,put,1010.0,301.89,91.0,302.23,1.0,302.06,322.09,10.0,0.4999,-0.903,0.001,-0.0732,0.595,-2.2655,2026-08-24,709.625,709.65,702.83,706.38,552704.0,706.932044
2026-08-24T20:35:06.234,90,88,QQQ261120P01015000,QQQ,2026-11-20,put,1015.0,310.82,34.0,312.63,5.0,311.725,,,0.5752,-0.8669,0.0011,-0.1494,0.7455,-2.2273,2026-08-24,709.625,709.65,702.83,706.38,552704.0,706.932044
2026-08-24T20:35:06.234,90,88,QQQ261120P01020000,QQQ,2026-11-20,put,1020.0,305.63,34.0,309.44,5.0,307.53499999999997,,,0.4162,-0.9509,0.0007,0.0166,0.3523,-2.3603,2026-08-24,709.625,709.65,702.83,706.38,552704.0,706.932044
2026-08-24T20:35:06.234,90,88,QQQ261120P01025000,QQQ,2026-11-20,put,1025.0,316.36,34.0,326.28,57.0,321.32,337.22,10.0,0.5817,-0.8709,0.001,-0.1458,0.7299,-2.2573,2026-08-24,709.625,709.65,702.83,706.38,552704.0,706.932044
2026-08-24T20:35:06.234,90,88,QQQ261120P01030000,QQQ,2026-11-20,put,1030.0,326.12,34.0,329.11,5.0,327.615,,,0.605,-0.8626,0.001,-0.1663,0.7617,-2.2584,2026-08-24,709.625,709.65,702.83,706.38,552704.0,706.932044
2026-08-24T20:35:06.234,90,88,QQQ261120P01035000,QQQ,2026-11-20,put,1035.0,325.3,34.0,329.0,57.0,327.15,345.8,10.0,0.5303,-0.9039,0.0009,-0.0796,0.5911,-2.3275,2026-08-24,709.625,709.65,702.83,706.38,552704.0,706.932044
2026-08-24T20:35:06.234,90,88,QQQ261120P01040000,QQQ,2026-11-20,put,1040.0,330.94,34.0,334.71,5.0,332.825,,,0.5472,-0.8986,0.0009,-0.0925,0.6148,-2.3321,2026-08-24,709.625,709.65,702.83,706.38,552704.0,706.932044
2026-08-24T20:35:06.234,90,88,QQQ261120P01045000,QQQ,2026-11-20,put,1045.0,342.57,34.0,346.34,5.0,344.455,355.82,10.0,0.6464,-0.8527,0.001,-0.1967,0.7984,-2.2821,2026-08-24,709.625,709.65,702.83,706.38,552704.0,706.932044
2026-08-24T20:35:06.234,90,88,QQQ261120P01050000,QQQ,2026-11-20,put,1050.0,335.31,34.0,345.26,5.0,340.28499999999997,,,0.5133,-0.9212,0.0008,-0.0476,0.5098,-2.3885,2026-08-24,709.625,709.65,702.83,706.38,552704.0,706.932044
2026-08-24T20:35:06.234,90,88,QQQ261120P01055000,QQQ,2026-11-20,put,1055.0,347.06,34.0,348.37,5.0,347.71500000000003,,,0.5623,-0.9004,0.0009,-0.0935,0.6067,-2.3711,2026-08-24,709.625,709.65,702.83,706.38,552704.0,706.932044
2026-08-24T20:35:06.234,90,88,QQQ261120P01060000,QQQ,2026-11-20,put,1060.0,349.78,91.0,355.61,57.0,352.695,,,0.5675,-0.9008,0.0009,-0.0941,0.6047,-2.3839,2026-08-24,709.625,709.65,702.83,706.38,552704.0,706.932044
2026-08-24T20:35:06.234,90,88,QQQ261120P01065000,QQQ,2026-11-20,put,1065.0,356.07,91.0,358.69,2.0,357.38,383.66,1.0,0.5678,-0.9036,0.0009,-0.0895,0.5922,-2.3999,2026-08-24,709.625,709.65,702.83,706.38,552704.0,706.932044
2026-08-24T20:35:06.234,90,88,QQQ261120P01070000,QQQ,2026-11-20,put,1070.0,362.64,91.0,367.33,57.0,364.985,380.87,10.0,0.6144,-0.8844,0.0009,-0.1349,0.6755,-2.3855,2026-08-24,709.625,709.65,702.83,706.38,552704.0,706.932044
2026-08-24T20:35:06.234,90,88,QQQ261120P01075000,QQQ,2026-11-20,put,1075.0,363.66,91.0,372.25,57.0,367.95500000000004,388.66,10.0,0.5884,-0.8996,0.0009,-0.1016,0.6101,-2.4186,2026-08-24,709.625,709.65,702.83,706.38,552704.0,706.932044
2026-08-24T20:35:06.234,90,88,QQQ261120P01080000,QQQ,2026-11-20,put,1080.0,375.56,91.0,379.09,57.0,377.325,,,0.6587,-0.8696,0.0009,-0.174,0.7351,-2.3901,2026-08-24,709.625,709.65,702.83,706.38,552704.0,706.932044
2026-08-24T20:35:06.234,90,88,QQQ261120P01085000,QQQ,2026-11-20,put,1085.0,383.83,91.0,387.63,57.0,385.73,,,0.7084,-0.8497,0.001,-0.2252,0.8093,-2.3765,2026-08-24,709.625,709.65,702.83,706.38,552704.0,706.932044
