capture_ts,target_dte,actual_dte,symbol,underlying,expiration,type,strike,bid,bid_size,ask,ask_size,mid,last_price,last_size,implied_vol,delta,gamma,theta,vega,rho,und_session_date,und_open,und_high,und_low,und_close,und_volume,und_vwap
2026-08-07T20:31:36.908,2,0,MU260807C00005000,MU,2026-08-07,call,5.0,876.56,1.0,888.91,2.0,882.7349999999999,882.84,1.0,,,,,,,2026-08-07,902.77,902.77,847.4,878.41,887387.0,871.3118
2026-08-07T20:31:36.908,2,0,MU260807C00010000,MU,2026-08-07,call,10.0,854.11,1.0,876.94,1.0,865.5250000000001,,,,,,,,,2026-08-07,902.77,902.77,847.4,878.41,887387.0,871.3118
2026-08-07T20:31:36.908,2,0,MU260807C00015000,MU,2026-08-07,call,15.0,855.2,11.0,864.92,2.0,860.06,844.72,1.0,,,,,,,2026-08-07,902.77,902.77,847.4,878.41,887387.0,871.3118
2026-08-07T20:31:36.908,2,0,MU260807C00020000,MU,2026-08-07,call,20.0,858.11,19.0,870.01,2.0,864.06,842.17,1.0,,,,,,,2026-08-07,902.77,902.77,847.4,878.41,887387.0,871.3118
2026-08-07T20:31:36.908,2,0,MU260807C00025000,MU,2026-08-07,call,25.0,831.98,10.0,858.89,2.0,845.435,,,,,,,,,2026-08-07,902.77,902.77,847.4,878.41,887387.0,871.3118
2026-08-07T20:31:36.908,2,0,MU260807C00030000,MU,2026-08-07,call,30.0,841.79,12.0,857.16,2.0,849.4749999999999,,,,,,,,,2026-08-07,902.77,902.77,847.4,878.41,887387.0,871.3118
2026-08-07T20:31:36.908,2,0,MU260807C00035000,MU,2026-08-07,call,35.0,835.4,29.0,847.06,2.0,841.23,,,,,,,,,2026-08-07,902.77,902.77,847.4,878.41,887387.0,871.3118
2026-08-07T20:31:36.908,2,0,MU260807C00040000,MU,2026-08-07,call,40.0,842.05,14.0,855.05,2.0,848.55,,,,,,,,,2026-08-07,902.77,902.77,847.4,878.41,887387.0,871.3118
2026-08-07T20:31:36.908,2,0,MU260807C00045000,MU,2026-08-07,call,45.0,815.55,33.0,825.11,19.0,820.3299999999999,799.22,1.0,,,,,,,2026-08-07,902.77,902.77,847.4,878.41,887387.0,871.3118
2026-08-07T20:31:36.908,2,0,MU260807C00050000,MU,2026-08-07,call,50.0,828.18,12.0,845.28,9.0,836.73,835.43,2.0,,,,,,,2026-08-07,902.77,902.77,847.4,878.41,887387.0,871.3118
2026-08-07T20:31:36.908,2,0,MU260807C00055000,MU,2026-08-07,call,55.0,825.52,27.0,831.31,8.0,828.415,812.16,1.0,,,,,,,2026-08-07,902.77,902.77,847.4,878.41,887387.0,871.3118
2026-08-07T20:31:36.908,2,0,MU260807C00060000,MU,2026-08-07,call,60.0,811.65,27.0,812.33,14.0,811.99,799.92,1.0,,,,,,,2026-08-07,902.77,902.77,847.4,878.41,887387.0,871.3118
2026-08-07T20:31:36.908,2,0,MU260807C00065000,MU,2026-08-07,call,65.0,817.54,29.0,829.84,18.0,823.69,823.39,1.0,,,,,,,2026-08-07,902.77,902.77,847.4,878.41,887387.0,871.3118
2026-08-07T20:31:36.908,2,0,MU260807C00070000,MU,2026-08-07,call,70.0,809.3,36.0,823.35,14.0,816.325,759.66,1.0,,,,,,,2026-08-07,902.77,902.77,847.4,878.41,887387.0,871.3118
2026-08-07T20:31:36.908,2,0,MU260807C00075000,MU,2026-08-07,call,75.0,804.71,27.0,819.36,2.0,812.0350000000001,,,,,,,,,2026-08-07,902.77,902.77,847.4,878.41,887387.0,871.3118
2026-08-07T20:31:36.908,2,0,MU260807C00080000,MU,2026-08-07,call,80.0,777.06,27.0,812.76,16.0,794.91,732.46,1.0,,,,,,,2026-08-07,902.77,902.77,847.4,878.41,887387.0,871.3118
2026-08-07T20:31:36.908,2,0,MU260807C00085000,MU,2026-08-07,call,85.0,779.61,15.0,812.18,18.0,795.895,811.79,1.0,,,,,,,2026-08-07,902.77,902.77,847.4,878.41,887387.0,871.3118
2026-08-07T20:31:36.908,2,0,MU260807C00090000,MU,2026-08-07,call,90.0,783.94,14.0,796.24,18.0,790.09,805.43,2.0,,,,,,,2026-08-07,902.77,902.77,847.4,878.41,887387.0,871.3118
2026-08-07T20:31:36.908,2,0,MU260807C00095000,MU,2026-08-07,call,95.0,786.82,27.0,803.37,16.0,795.095,775.15,1.0,,,,,,,2026-08-07,902.77,902.77,847.4,878.41,887387.0,871.3118
2026-08-07T20:31:36.908,2,0,MU260807C00100000,MU,2026-08-07,call,100.0,769.53,28.0,773.93,15.0,771.73,812.95,1.0,,,,,,,2026-08-07,902.77,902.77,847.4,878.41,887387.0,871.3118
2026-08-07T20:31:36.908,2,0,MU260807C00105000,MU,2026-08-07,call,105.0,759.87,15.0,781.18,16.0,770.525,805.04,1.0,,,,,,,2026-08-07,902.77,902.77,847.4,878.41,887387.0,871.3118
2026-08-07T20:31:36.908,2,0,MU260807C00110000,MU,2026-08-07,call,110.0,767.79,12.0,781.95,9.0,774.87,720.44,1.0,,,,,,,2026-08-07,902.77,902.77,847.4,878.41,887387.0,871.3118
2026-08-07T20:31:36.908,2,0,MU260807C00115000,MU,2026-08-07,call,115.0,764.55,29.0,768.66,2.0,766.605,777.84,10.0,,,,,,,2026-08-07,902.77,902.77,847.4,878.41,887387.0,871.3118
2026-08-07T20:31:36.908,2,0,MU260807C00120000,MU,2026-08-07,call,120.0,740.7,28.0,753.97,12.0,747.335,685.54,1.0,,,,,,,2026-08-07,902.77,902.77,847.4,878.41,887387.0,871.3118
2026-08-07T20:31:36.908,2,0,MU260807C00125000,MU,2026-08-07,call,125.0,744.94,19.0,746.73,6.0,745.835,710.29,1.0,,,,,,,2026-08-07,902.77,902.77,847.4,878.41,887387.0,871.3118
2026-08-07T20:31:36.908,2,0,MU260807C00130000,MU,2026-08-07,call,130.0,729.84,18.0,760.23,6.0,745.0350000000001,,,,,,,,,2026-08-07,902.77,902.77,847.4,878.41,887387.0,871.3118
2026-08-07T20:31:36.908,2,0,MU260807C00135000,MU,2026-08-07,call,135.0,719.87,26.0,740.57,3.0,730.22,,,,,,,,,2026-08-07,902.77,902.77,847.4,878.41,887387.0,871.3118
2026-08-07T20:31:36.908,2,0,MU260807C00140000,MU,2026-08-07,call,140.0,745.77,12.0,758.07,9.0,751.9200000000001,721.56,1.0,,,,,,,2026-08-07,902.77,902.77,847.4,878.41,887387.0,871.3118
2026-08-07T20:31:36.908,2,0,MU260807C00145000,MU,2026-08-07,call,145.0,723.49,17.0,723.75,6.0,723.62,,,,,,,,,2026-08-07,902.77,902.77,847.4,878.41,887387.0,871.3118
2026-08-07T20:31:36.908,2,0,MU260807C00150000,MU,2026-08-07,call,150.0,735.14,31.0,747.49,2.0,741.315,,,,,,,,,2026-08-07,902.77,902.77,847.4,878.41,887387.0,871.3118
2026-08-07T20:31:36.908,2,0,MU260807C00155000,MU,2026-08-07,call,155.0,711.38,29.0,741.73,19.0,726.5550000000001,722.23,1.0,,,,,,,2026-08-07,902.77,902.77,847.4,878.41,887387.0,871.3118
2026-08-07T20:31:36.908,2,0,MU260807C00160000,MU,2026-08-07,call,160.0,714.32,28.0,723.58,10.0,718.95,697.97,1.0,,,,,,,2026-08-07,902.77,902.77,847.4,878.41,887387.0,871.3118
2026-08-07T20:31:36.908,2,0,MU260807C00165000,MU,2026-08-07,call,165.0,697.77,16.0,705.87,8.0,701.8199999999999,,,,,,,,,2026-08-07,902.77,902.77,847.4,878.41,887387.0,871.3118
2026-08-07T20:31:36.908,2,0,MU260807C00170000,MU,2026-08-07,call,170.0,705.46,1.0,726.83,3.0,716.145,,,,,,,,,2026-08-07,902.77,902.77,847.4,878.41,887387.0,871.3118
2026-08-07T20:31:36.908,2,0,MU260807C00175000,MU,2026-08-07,call,175.0,698.22,17.0,710.47,7.0,704.345,796.52,1.0,,,,,,,2026-08-07,902.77,902.77,847.4,878.41,887387.0,871.3118
2026-08-07T20:31:36.908,2,0,MU260807C00180000,MU,2026-08-07,call,180.0,698.34,28.0,710.64,17.0,704.49,,,,,,,,,2026-08-07,902.77,902.77,847.4,878.41,887387.0,871.3118
2026-08-07T20:31:36.908,2,0,MU260807C00185000,MU,2026-08-07,call,185.0,681.84,31.0,709.94,10.0,695.8900000000001,,,,,,,,,2026-08-07,902.77,902.77,847.4,878.41,887387.0,871.3118
2026-08-07T20:31:36.908,2,0,MU260807C00190000,MU,2026-08-07,call,190.0,687.96,19.0,706.55,18.0,697.255,704.85,1.0,,,,,,,2026-08-07,902.77,902.77,847.4,878.41,887387.0,871.3118
2026-08-07T20:31:36.908,2,0,MU260807C00195000,MU,2026-08-07,call,195.0,684.3,29.0,691.08,13.0,687.69,633.15,1.0,,,,,,,2026-08-07,902.77,902.77,847.4,878.41,887387.0,871.3118
2026-08-07T20:31:36.908,2,0,MU260807C00200000,MU,2026-08-07,call,200.0,658.68,15.0,681.94,12.0,670.31,,,,,,,,,2026-08-07,902.77,902.77,847.4,878.41,887387.0,871.3118
2026-08-07T20:31:36.908,2,0,MU260807C00205000,MU,2026-08-07,call,205.0,653.34,1.0,689.61,6.0,671.475,,,,,,,,,2026-08-07,902.77,902.77,847.4,878.41,887387.0,871.3118
2026-08-07T20:31:36.908,2,0,MU260807C00210000,MU,2026-08-07,call,210.0,657.99,15.0,676.39,16.0,667.19,764.02,1.0,,,,,,,2026-08-07,902.77,902.77,847.4,878.41,887387.0,871.3118
2026-08-07T20:31:36.908,2,0,MU260807C00215000,MU,2026-08-07,call,215.0,662.65,24.0,673.46,10.0,668.0550000000001,,,,,,,,,2026-08-07,902.77,902.77,847.4,878.41,887387.0,871.3118
2026-08-07T20:31:36.908,2,0,MU260807C00220000,MU,2026-08-07,call,220.0,651.48,31.0,670.32,8.0,660.9000000000001,778.33,1.0,,,,,,,2026-08-07,902.77,902.77,847.4,878.41,887387.0,871.3118
2026-08-07T20:31:36.908,2,0,MU260807C00225000,MU,2026-08-07,call,225.0,649.78,12.0,661.53,9.0,655.655,791.36,1.0,,,,,,,2026-08-07,902.77,902.77,847.4,878.41,887387.0,871.3118
2026-08-07T20:31:36.908,2,0,MU260807C00230000,MU,2026-08-07,call,230.0,651.02,11.0,655.64,5.0,653.3299999999999,,,,,,,,,2026-08-07,902.77,902.77,847.4,878.41,887387.0,871.3118
2026-08-07T20:31:36.908,2,0,MU260807C00235000,MU,2026-08-07,call,235.0,648.66,13.0,660.91,6.0,654.785,643.8,5.0,,,,,,,2026-08-07,902.77,902.77,847.4,878.41,887387.0,871.3118
2026-08-07T20:31:36.908,2,0,MU260807C00240000,MU,2026-08-07,call,240.0,631.77,16.0,634.27,4.0,633.02,,,,,,,,,2026-08-07,902.77,902.77,847.4,878.41,887387.0,871.3118
2026-08-07T20:31:36.908,2,0,MU260807C00245000,MU,2026-08-07,call,245.0,632.63,15.0,640.5,8.0,636.565,,,,,,,,,2026-08-07,902.77,902.77,847.4,878.41,887387.0,871.3118
2026-08-07T20:31:36.908,2,0,MU260807C00250000,MU,2026-08-07,call,250.0,622.15,25.0,625.12,13.0,623.635,,,,,,,,,2026-08-07,902.77,902.77,847.4,878.41,887387.0,871.3118
2026-08-07T20:31:36.908,2,0,MU260807C00255000,MU,2026-08-07,call,255.0,627.61,29.0,632.78,6.0,630.1949999999999,,,,,,,,,2026-08-07,902.77,902.77,847.4,878.41,887387.0,871.3118
2026-08-07T20:31:36.908,2,0,MU260807C00260000,MU,2026-08-07,call,260.0,611.98,28.0,631.82,6.0,621.9000000000001,,,,,,,,,2026-08-07,902.77,902.77,847.4,878.41,887387.0,871.3118
2026-08-07T20:31:36.908,2,0,MU260807C00265000,MU,2026-08-07,call,265.0,600.72,12.0,623.77,6.0,612.245,,,,,,,,,2026-08-07,902.77,902.77,847.4,878.41,887387.0,871.3118
2026-08-07T20:31:36.908,2,0,MU260807C00270000,MU,2026-08-07,call,270.0,606.15,13.0,624.51,10.0,615.3299999999999,,,,,,,,,2026-08-07,902.77,902.77,847.4,878.41,887387.0,871.3118
2026-08-07T20:31:36.908,2,0,MU260807C00275000,MU,2026-08-07,call,275.0,594.92,13.0,609.03,6.0,601.9749999999999,576.29,3.0,,,,,,,2026-08-07,902.77,902.77,847.4,878.41,887387.0,871.3118
2026-08-07T20:31:36.908,2,0,MU260807C00280000,MU,2026-08-07,call,280.0,594.6,13.0,606.9,11.0,600.75,,,,,,,,,2026-08-07,902.77,902.77,847.4,878.41,887387.0,871.3118
2026-08-07T20:31:36.908,2,0,MU260807C00285000,MU,2026-08-07,call,285.0,594.42,28.0,607.35,6.0,600.885,648.93,1.0,,,,,,,2026-08-07,902.77,902.77,847.4,878.41,887387.0,871.3118
2026-08-07T20:31:36.908,2,0,MU260807C00290000,MU,2026-08-07,call,290.0,577.06,29.0,603.52,16.0,590.29,525.7,1.0,,,,,,,2026-08-07,902.77,902.77,847.4,878.41,887387.0,871.3118
2026-08-07T20:31:36.908,2,0,MU260807C00295000,MU,2026-08-07,call,295.0,565.67,37.0,580.76,6.0,573.2149999999999,,,,,,,,,2026-08-07,902.77,902.77,847.4,878.41,887387.0,871.3118
2026-08-07T20:31:36.908,2,0,MU260807C00300000,MU,2026-08-07,call,300.0,562.73,26.0,591.03,14.0,576.88,570.07,1.0,,,,,,,2026-08-07,902.77,902.77,847.4,878.41,887387.0,871.3118
2026-08-07T20:31:36.908,2,0,MU260807C00305000,MU,2026-08-07,call,305.0,572.58,27.0,577.57,17.0,575.075,499.76,1.0,,,,,,,2026-08-07,902.77,902.77,847.4,878.41,887387.0,871.3118
2026-08-07T20:31:36.908,2,0,MU260807C00310000,MU,2026-08-07,call,310.0,569.92,27.0,583.46,13.0,576.69,,,,,,,,,2026-08-07,902.77,902.77,847.4,878.41,887387.0,871.3118
2026-08-07T20:31:36.908,2,0,MU260807C00315000,MU,2026-08-07,call,315.0,550.45,12.0,578.92,6.0,564.685,,,,,,,,,2026-08-07,902.77,902.77,847.4,878.41,887387.0,871.3118
2026-08-07T20:31:36.908,2,0,MU260807C00320000,MU,2026-08-07,call,320.0,554.73,31.0,569.95,5.0,562.34,559.01,1.0,,,,,,,2026-08-07,902.77,902.77,847.4,878.41,887387.0,871.3118
2026-08-07T20:31:36.908,2,0,MU260807C00325000,MU,2026-08-07,call,325.0,545.61,34.0,556.97,11.0,551.29,,,,,,,,,2026-08-07,902.77,902.77,847.4,878.41,887387.0,871.3118
2026-08-07T20:31:36.908,2,0,MU260807C00330000,MU,2026-08-07,call,330.0,531.02,16.0,546.3,6.0,538.66,496.4,1.0,,,,,,,2026-08-07,902.77,902.77,847.4,878.41,887387.0,871.3118
2026-08-07T20:31:36.908,2,0,MU260807C00335000,MU,2026-08-07,call,335.0,532.05,27.0,537.62,16.0,534.835,,,,,,,,,2026-08-07,902.77,902.77,847.4,878.41,887387.0,871.3118
2026-08-07T20:31:36.908,2,0,MU260807C00340000,MU,2026-08-07,call,340.0,524.82,17.0,544.73,13.0,534.7750000000001,,,,,,,,,2026-08-07,902.77,902.77,847.4,878.41,887387.0,871.3118
2026-08-07T20:31:36.908,2,0,MU260807C00345000,MU,2026-08-07,call,345.0,532.59,30.0,542.22,19.0,537.405,502.88,1.0,,,,,,,2026-08-07,902.77,902.77,847.4,878.41,887387.0,871.3118
2026-08-07T20:31:36.908,2,0,MU260807C00350000,MU,2026-08-07,call,350.0,523.94,28.0,527.37,13.0,525.655,523.38,1.0,,,,,,,2026-08-07,902.77,902.77,847.4,878.41,887387.0,871.3118
2026-08-07T20:31:36.908,2,0,MU260807C00355000,MU,2026-08-07,call,355.0,525.03,19.0,535.22,1.0,530.125,503.61,1.0,,,,,,,2026-08-07,902.77,902.77,847.4,878.41,887387.0,871.3118
2026-08-07T20:31:36.908,2,0,MU260807C00360000,MU,2026-08-07,call,360.0,501.76,32.0,516.679,20.0,509.2195,,,,,,,,,2026-08-07,902.77,902.77,847.4,878.41,887387.0,871.3118
2026-08-07T20:31:36.908,2,0,MU260807C00365000,MU,2026-08-07,call,365.0,515.4,27.0,523.5,16.0,519.45,,,,,,,,,2026-08-07,902.77,902.77,847.4,878.41,887387.0,871.3118
2026-08-07T20:31:36.908,2,0,MU260807C00370000,MU,2026-08-07,call,370.0,504.11,30.0,514.85,14.0,509.48,500.04,2.0,,,,,,,2026-08-07,902.77,902.77,847.4,878.41,887387.0,871.3118
2026-08-07T20:31:36.908,2,0,MU260807C00375000,MU,2026-08-07,call,375.0,495.35,28.0,510.26,16.0,502.805,,,,,,,,,2026-08-07,902.77,902.77,847.4,878.41,887387.0,871.3118
2026-08-07T20:31:36.908,2,0,MU260807C00380000,MU,2026-08-07,call,380.0,497.37,19.0,503.35,16.0,500.36,492.23,1.0,,,,,,,2026-08-07,902.77,902.77,847.4,878.41,887387.0,871.3118
2026-08-07T20:31:36.908,2,0,MU260807C00385000,MU,2026-08-07,call,385.0,492.42,29.0,498.87,16.0,495.645,,,,,,,,,2026-08-07,902.77,902.77,847.4,878.41,887387.0,871.3118
2026-08-07T20:31:36.908,2,0,MU260807C00390000,MU,2026-08-07,call,390.0,489.49,34.0,501.84,22.0,495.66499999999996,475.03,2.0,,,,,,,2026-08-07,902.77,902.77,847.4,878.41,887387.0,871.3118
2026-08-07T20:31:36.908,2,0,MU260807C00395000,MU,2026-08-07,call,395.0,481.01,27.0,485.71,15.0,483.36,,,,,,,,,2026-08-07,902.77,902.77,847.4,878.41,887387.0,871.3118
2026-08-07T20:31:36.908,2,0,MU260807C00400000,MU,2026-08-07,call,400.0,464.42,28.0,489.2,6.0,476.81,519.95,1.0,,,,,,,2026-08-07,902.77,902.77,847.4,878.41,887387.0,871.3118
2026-08-07T20:31:36.908,2,0,MU260807C00405000,MU,2026-08-07,call,405.0,459.44,27.0,468.89,11.0,464.16499999999996,,,,,,,,,2026-08-07,902.77,902.77,847.4,878.41,887387.0,871.3118
2026-08-07T20:31:36.908,2,0,MU260807C00410000,MU,2026-08-07,call,410.0,453.01,29.0,465.8,14.0,459.405,,,,,,,,,2026-08-07,902.77,902.77,847.4,878.41,887387.0,871.3118
2026-08-07T20:31:36.908,2,0,MU260807C00415000,MU,2026-08-07,call,415.0,447.82,28.0,477.42,18.0,462.62,,,,,,,,,2026-08-07,902.77,902.77,847.4,878.41,887387.0,871.3118
2026-08-07T20:31:36.908,2,0,MU260807C00420000,MU,2026-08-07,call,420.0,459.31,18.0,471.31,17.0,465.31,450.9,6.0,,,,,,,2026-08-07,902.77,902.77,847.4,878.41,887387.0,871.3118
2026-08-07T20:31:36.908,2,0,MU260807C00425000,MU,2026-08-07,call,425.0,443.96,33.0,449.4,15.0,446.67999999999995,,,,,,,,,2026-08-07,902.77,902.77,847.4,878.41,887387.0,871.3118
2026-08-07T20:31:36.908,2,0,MU260807C00430000,MU,2026-08-07,call,430.0,438.55,32.0,448.18,8.0,443.365,,,,,,,,,2026-08-07,902.77,902.77,847.4,878.41,887387.0,871.3118
2026-08-07T20:31:36.908,2,0,MU260807C00435000,MU,2026-08-07,call,435.0,440.53,11.0,450.76,8.0,445.645,,,,,,,,,2026-08-07,902.77,902.77,847.4,878.41,887387.0,871.3118
2026-08-07T20:31:36.908,2,0,MU260807C00440000,MU,2026-08-07,call,440.0,430.58,36.0,436.98,10.0,433.78,433.04,1.0,,,,,,,2026-08-07,902.77,902.77,847.4,878.41,887387.0,871.3118
2026-08-07T20:31:36.908,2,0,MU260807C00445000,MU,2026-08-07,call,445.0,418.0,18.0,438.08,12.0,428.03999999999996,,,,,,,,,2026-08-07,902.77,902.77,847.4,878.41,887387.0,871.3118
2026-08-07T20:31:36.908,2,0,MU260807C00450000,MU,2026-08-07,call,450.0,425.94,35.0,439.74,25.0,432.84000000000003,425.94,1.0,,,,,,,2026-08-07,902.77,902.77,847.4,878.41,887387.0,871.3118
2026-08-07T20:31:36.908,2,0,MU260807C00455000,MU,2026-08-07,call,455.0,413.44,34.0,435.78,6.0,424.61,455.9,1.0,,,,,,,2026-08-07,902.77,902.77,847.4,878.41,887387.0,871.3118
2026-08-07T20:31:36.908,2,0,MU260807C00460000,MU,2026-08-07,call,460.0,418.54,16.0,430.54,6.0,424.54,411.93,1.0,,,,,,,2026-08-07,902.77,902.77,847.4,878.41,887387.0,871.3118
2026-08-07T20:31:36.908,2,0,MU260807C00465000,MU,2026-08-07,call,465.0,413.46,18.0,423.05,16.0,418.255,,,,,,,,,2026-08-07,902.77,902.77,847.4,878.41,887387.0,871.3118
2026-08-07T20:31:36.908,2,0,MU260807C00470000,MU,2026-08-07,call,470.0,400.69,28.0,416.89,17.0,408.78999999999996,405.1,1.0,,,,,,,2026-08-07,902.77,902.77,847.4,878.41,887387.0,871.3118
2026-08-07T20:31:36.908,2,0,MU260807C00475000,MU,2026-08-07,call,475.0,400.98,28.0,401.06,14.0,401.02,347.39,1.0,,,,,,,2026-08-07,902.77,902.77,847.4,878.41,887387.0,871.3118
2026-08-07T20:31:36.908,2,0,MU260807C00480000,MU,2026-08-07,call,480.0,396.56,28.0,409.36,17.0,402.96000000000004,329.71,10.0,,,,,,,2026-08-07,902.77,902.77,847.4,878.41,887387.0,871.3118
2026-08-07T20:31:36.908,2,0,MU260807C00485000,MU,2026-08-07,call,485.0,387.46,28.0,399.0,6.0,393.23,,,,,,,,,2026-08-07,902.77,902.77,847.4,878.41,887387.0,871.3118
2026-08-07T20:31:36.908,2,0,MU260807C00490000,MU,2026-08-07,call,490.0,379.06,29.0,387.25,17.0,383.155,380.65,6.0,,,,,,,2026-08-07,902.77,902.77,847.4,878.41,887387.0,871.3118
2026-08-07T20:31:36.908,2,0,MU260807C00495000,MU,2026-08-07,call,495.0,378.64,30.0,384.1,11.0,381.37,382.78,1.0,,,,,,,2026-08-07,902.77,902.77,847.4,878.41,887387.0,871.3118
2026-08-07T20:31:36.908,2,0,MU260807C00500000,MU,2026-08-07,call,500.0,378.8,16.0,390.6,17.0,384.70000000000005,372.6,35.0,,,,,,,2026-08-07,902.77,902.77,847.4,878.41,887387.0,871.3118
2026-08-07T20:31:36.908,2,0,MU260807C00505000,MU,2026-08-07,call,505.0,370.94,27.0,375.36,15.0,373.15,386.2,15.0,,,,,,,2026-08-07,902.77,902.77,847.4,878.41,887387.0,871.3118
2026-08-07T20:31:36.908,2,0,MU260807C00510000,MU,2026-08-07,call,510.0,364.61,33.0,379.3,8.0,371.95500000000004,296.87,2.0,,,,,,,2026-08-07,902.77,902.77,847.4,878.41,887387.0,871.3118
2026-08-07T20:31:36.908,2,0,MU260807C00515000,MU,2026-08-07,call,515.0,353.66,27.0,371.4,17.0,362.53,,,,,,,,,2026-08-07,902.77,902.77,847.4,878.41,887387.0,871.3118
2026-08-07T20:31:36.908,2,0,MU260807C00520000,MU,2026-08-07,call,520.0,356.63,28.0,359.82,18.0,358.225,385.22,1.0,,,,,,,2026-08-07,902.77,902.77,847.4,878.41,887387.0,871.3118
2026-08-07T20:31:36.908,2,0,MU260807C00522500,MU,2026-08-07,call,522.5,354.5,27.0,354.93,2.0,354.71500000000003,,,,,,,,,2026-08-07,902.77,902.77,847.4,878.41,887387.0,871.3118
2026-08-07T20:31:36.908,2,0,MU260807C00525000,MU,2026-08-07,call,525.0,342.43,29.0,363.75,14.0,353.09000000000003,492.14,1.0,,,,,,,2026-08-07,902.77,902.77,847.4,878.41,887387.0,871.3118
2026-08-07T20:31:36.908,2,0,MU260807C00527500,MU,2026-08-07,call,527.5,343.0,27.0,352.49,14.0,347.745,,,,,,,,,2026-08-07,902.77,902.77,847.4,878.41,887387.0,871.3118
2026-08-07T20:31:36.908,2,0,MU260807C00530000,MU,2026-08-07,call,530.0,344.76,30.0,352.63,14.0,348.695,260.05,6.0,,,,,,,2026-08-07,902.77,902.77,847.4,878.41,887387.0,871.3118
2026-08-07T20:31:36.908,2,0,MU260807C00532500,MU,2026-08-07,call,532.5,340.8,27.0,355.14,12.0,347.97,,,,,,,,,2026-08-07,902.77,902.77,847.4,878.41,887387.0,871.3118
2026-08-07T20:31:36.908,2,0,MU260807C00535000,MU,2026-08-07,call,535.0,334.34,28.0,349.8,14.0,342.07,310.67,1.0,,,,,,,2026-08-07,902.77,902.77,847.4,878.41,887387.0,871.3118
2026-08-07T20:31:36.908,2,0,MU260807C00537500,MU,2026-08-07,call,537.5,332.67,29.0,346.8,14.0,339.735,,,,,,,,,2026-08-07,902.77,902.77,847.4,878.41,887387.0,871.3118
2026-08-07T20:31:36.908,2,0,MU260807C00540000,MU,2026-08-07,call,540.0,330.83,13.0,340.03,9.0,335.42999999999995,326.28,1.0,,,,,,,2026-08-07,902.77,902.77,847.4,878.41,887387.0,871.3118
2026-08-07T20:31:36.908,2,0,MU260807C00542500,MU,2026-08-07,call,542.5,328.95,13.0,337.73,6.0,333.34000000000003,,,,,,,,,2026-08-07,902.77,902.77,847.4,878.41,887387.0,871.3118
2026-08-07T20:31:36.908,2,0,MU260807C00545000,MU,2026-08-07,call,545.0,327.8,12.0,339.3,6.0,333.55,387.99,1.0,,,,,,,2026-08-07,902.77,902.77,847.4,878.41,887387.0,871.3118
2026-08-07T20:31:36.908,2,0,MU260807C00547500,MU,2026-08-07,call,547.5,327.82,11.0,331.39,6.0,329.605,,,,,,,,,2026-08-07,902.77,902.77,847.4,878.41,887387.0,871.3118
2026-08-07T20:31:36.908,2,0,MU260807C00550000,MU,2026-08-07,call,550.0,314.85,28.0,332.96,15.0,323.905,345.2,1.0,,,,,,,2026-08-07,902.77,902.77,847.4,878.41,887387.0,871.3118
2026-08-07T20:31:36.908,2,0,MU260807C00552500,MU,2026-08-07,call,552.5,324.25,28.0,335.12,16.0,329.685,,,,,,,,,2026-08-07,902.77,902.77,847.4,878.41,887387.0,871.3118
2026-08-07T20:31:36.908,2,0,MU260807C00555000,MU,2026-08-07,call,555.0,313.97,28.0,329.03,13.0,321.5,327.7,1.0,,,,,,,2026-08-07,902.77,902.77,847.4,878.41,887387.0,871.3118
2026-08-07T20:31:36.908,2,0,MU260807C00557500,MU,2026-08-07,call,557.5,319.83,19.0,331.1,12.0,325.46500000000003,,,,,,,,,2026-08-07,902.77,902.77,847.4,878.41,887387.0,871.3118
2026-08-07T20:31:36.908,2,0,MU260807C00560000,MU,2026-08-07,call,560.0,307.92,32.0,319.09,14.0,313.505,349.47,1.0,,,,,,,2026-08-07,902.77,902.77,847.4,878.41,887387.0,871.3118
2026-08-07T20:31:36.908,2,0,MU260807C00562500,MU,2026-08-07,call,562.5,313.29,13.0,318.29,6.0,315.79,,,,,,,,,2026-08-07,902.77,902.77,847.4,878.41,887387.0,871.3118
2026-08-07T20:31:36.908,2,0,MU260807C00565000,MU,2026-08-07,call,565.0,309.03,27.0,314.17,24.0,311.6,250.0,1.0,,,,,,,2026-08-07,902.77,902.77,847.4,878.41,887387.0,871.3118
2026-08-07T20:31:36.908,2,0,MU260807C00567500,MU,2026-08-07,call,567.5,306.65,28.0,311.03,16.0,308.84,,,,,,,,,2026-08-07,902.77,902.77,847.4,878.41,887387.0,871.3118
2026-08-07T20:31:36.908,2,0,MU260807C00570000,MU,2026-08-07,call,570.0,305.68,28.0,317.33,14.0,311.505,346.75,1.0,,,,,,,2026-08-07,902.77,902.77,847.4,878.41,887387.0,871.3118
2026-08-07T20:31:36.908,2,0,MU260807C00572500,MU,2026-08-07,call,572.5,299.64,29.0,316.92,18.0,308.28,,,,,,,,,2026-08-07,902.77,902.77,847.4,878.41,887387.0,871.3118
2026-08-07T20:31:36.908,2,0,MU260807C00575000,MU,2026-08-07,call,575.0,292.09,19.0,312.04,20.0,302.065,318.23,1.0,,,,,,,2026-08-07,902.77,902.77,847.4,878.41,887387.0,871.3118
2026-08-07T20:31:36.908,2,0,MU260807C00577500,MU,2026-08-07,call,577.5,296.82,33.0,301.41,15.0,299.115,,,,,,,,,2026-08-07,902.77,902.77,847.4,878.41,887387.0,871.3118
2026-08-07T20:31:36.908,2,0,MU260807C00580000,MU,2026-08-07,call,580.0,291.91,12.0,297.44,6.0,294.675,312.24,1.0,,,,,,,2026-08-07,902.77,902.77,847.4,878.41,887387.0,871.3118
2026-08-07T20:31:36.908,2,0,MU260807C00582500,MU,2026-08-07,call,582.5,289.61,16.0,298.96,21.0,294.28499999999997,,,,,,,,,2026-08-07,902.77,902.77,847.4,878.41,887387.0,871.3118
2026-08-07T20:31:36.908,2,0,MU260807C00585000,MU,2026-08-07,call,585.0,287.72,27.0,299.74,15.0,293.73,305.35,1.0,,,,,,,2026-08-07,902.77,902.77,847.4,878.41,887387.0,871.3118
2026-08-07T20:31:36.908,2,0,MU260807C00587500,MU,2026-08-07,call,587.5,285.07,27.0,291.67,16.0,288.37,,,,,,,,,2026-08-07,902.77,902.77,847.4,878.41,887387.0,871.3118
2026-08-07T20:31:36.908,2,0,MU260807C00590000,MU,2026-08-07,call,590.0,281.43,27.0,296.08,15.0,288.755,305.35,1.0,,,,,,,2026-08-07,902.77,902.77,847.4,878.41,887387.0,871.3118
2026-08-07T20:31:36.908,2,0,MU260807C00592500,MU,2026-08-07,call,592.5,277.42,28.0,286.48,16.0,281.95000000000005,298.14,5.0,,,,,,,2026-08-07,902.77,902.77,847.4,878.41,887387.0,871.3118
2026-08-07T20:31:36.908,2,0,MU260807C00595000,MU,2026-08-07,call,595.0,272.5,29.0,293.55,15.0,283.025,315.89,1.0,,,,,,,2026-08-07,902.77,902.77,847.4,878.41,887387.0,871.3118
2026-08-07T20:31:36.908,2,0,MU260807C00597500,MU,2026-08-07,call,597.5,268.66,14.0,286.26,9.0,277.46000000000004,313.4,1.0,,,,,,,2026-08-07,902.77,902.77,847.4,878.41,887387.0,871.3118
2026-08-07T20:31:36.908,2,0,MU260807C00600000,MU,2026-08-07,call,600.0,276.45,28.0,289.11,18.0,282.78,276.47,1.0,,,,,,,2026-08-07,902.77,902.77,847.4,878.41,887387.0,871.3118
2026-08-07T20:31:36.908,2,0,MU260807C00602500,MU,2026-08-07,call,602.5,266.7,29.0,279.9,12.0,273.29999999999995,306.94,2.0,,,,,,,2026-08-07,902.77,902.77,847.4,878.41,887387.0,871.3118
2026-08-07T20:31:36.908,2,0,MU260807C00605000,MU,2026-08-07,call,605.0,266.61,28.0,274.95,17.0,270.78,300.86,1.0,,,,,,,2026-08-07,902.77,902.77,847.4,878.41,887387.0,871.3118
2026-08-07T20:31:36.908,2,0,MU260807C00607500,MU,2026-08-07,call,607.5,265.16,17.0,274.25,18.0,269.70500000000004,252.94,4.0,,,,,,,2026-08-07,902.77,902.77,847.4,878.41,887387.0,871.3118
2026-08-07T20:31:36.908,2,0,MU260807C00610000,MU,2026-08-07,call,610.0,263.6,30.0,271.17,19.0,267.385,290.57,1.0,,,,,,,2026-08-07,902.77,902.77,847.4,878.41,887387.0,871.3118
2026-08-07T20:31:36.908,2,0,MU260807C00612500,MU,2026-08-07,call,612.5,253.28,37.0,270.25,11.0,261.765,,,,,,,,,2026-08-07,902.77,902.77,847.4,878.41,887387.0,871.3118
2026-08-07T20:31:36.908,2,0,MU260807C00615000,MU,2026-08-07,call,615.0,256.07,27.0,268.99,15.0,262.53,282.21,1.0,,,,,,,2026-08-07,902.77,902.77,847.4,878.41,887387.0,871.3118
2026-08-07T20:31:36.908,2,0,MU260807C00617500,MU,2026-08-07,call,617.5,249.79,28.0,268.3,11.0,259.045,265.58,6.0,,,,,,,2026-08-07,902.77,902.77,847.4,878.41,887387.0,871.3118
2026-08-07T20:31:36.908,2,0,MU260807C00620000,MU,2026-08-07,call,620.0,248.59,18.0,266.83,7.0,257.71,254.39,2.0,,,,,,,2026-08-07,902.77,902.77,847.4,878.41,887387.0,871.3118
2026-08-07T20:31:36.908,2,0,MU260807C00622500,MU,2026-08-07,call,622.5,244.83,28.0,257.48,15.0,251.15500000000003,,,,,,,,,2026-08-07,902.77,902.77,847.4,878.41,887387.0,871.3118
2026-08-07T20:31:36.908,2,0,MU260807C00625000,MU,2026-08-07,call,625.0,246.9,27.0,256.68,16.0,251.79000000000002,,,,,,,,,2026-08-07,902.77,902.77,847.4,878.41,887387.0,871.3118
2026-08-07T20:31:36.908,2,0,MU260807C00627500,MU,2026-08-07,call,627.5,245.01,28.0,255.23,7.0,250.12,,,,,,,,,2026-08-07,902.77,902.77,847.4,878.41,887387.0,871.3118
2026-08-07T20:31:36.908,2,0,MU260807C00630000,MU,2026-08-07,call,630.0,236.55,26.0,255.69,16.0,246.12,257.23,2.0,,,,,,,2026-08-07,902.77,902.77,847.4,878.41,887387.0,871.3118
2026-08-07T20:31:36.908,2,0,MU260807C00632500,MU,2026-08-07,call,632.5,239.29,31.0,249.57,18.0,244.43,230.0,1.0,,,,,,,2026-08-07,902.77,902.77,847.4,878.41,887387.0,871.3118
2026-08-07T20:31:36.908,2,0,MU260807C00635000,MU,2026-08-07,call,635.0,238.5,2.0,247.83,42.0,243.16500000000002,240.54,1.0,,,,,,,2026-08-07,902.77,902.77,847.4,878.41,887387.0,871.3118
2026-08-07T20:31:36.908,2,0,MU260807C00637500,MU,2026-08-07,call,637.5,233.09,31.0,242.39,18.0,237.74,,,,,,,,,2026-08-07,902.77,902.77,847.4,878.41,887387.0,871.3118
2026-08-07T20:31:36.908,2,0,MU260807C00640000,MU,2026-08-07,call,640.0,228.24,27.0,238.82,8.0,233.53,242.31,1.0,,,,,,,2026-08-07,902.77,902.77,847.4,878.41,887387.0,871.3118
2026-08-07T20:31:36.908,2,0,MU260807C00642500,MU,2026-08-07,call,642.5,230.19,35.0,236.98,5.0,233.58499999999998,249.29,5.0,,,,,,,2026-08-07,902.77,902.77,847.4,878.41,887387.0,871.3118
2026-08-07T20:31:36.908,2,0,MU260807C00645000,MU,2026-08-07,call,645.0,226.78,30.0,239.16,3.0,232.97,243.21,1.0,,,,,,,2026-08-07,902.77,902.77,847.4,878.41,887387.0,871.3118
2026-08-07T20:31:36.908,2,0,MU260807C00647500,MU,2026-08-07,call,647.5,220.54,27.0,235.98,11.0,228.26,219.57,1.0,,,,,,,2026-08-07,902.77,902.77,847.4,878.41,887387.0,871.3118
2026-08-07T20:31:36.908,2,0,MU260807C00650000,MU,2026-08-07,call,650.0,219.13,18.0,228.96,17.0,224.04500000000002,247.04,1.0,,,,,,,2026-08-07,902.77,902.77,847.4,878.41,887387.0,871.3118
2026-08-07T20:31:36.908,2,0,MU260807C00652500,MU,2026-08-07,call,652.5,220.72,28.0,228.53,15.0,224.625,227.14,12.0,,,,,,,2026-08-07,902.77,902.77,847.4,878.41,887387.0,871.3118
2026-08-07T20:31:36.908,2,0,MU260807C00655000,MU,2026-08-07,call,655.0,213.35,31.0,223.95,10.0,218.64999999999998,214.77,2.0,,,,,,,2026-08-07,902.77,902.77,847.4,878.41,887387.0,871.3118
2026-08-07T20:31:36.908,2,0,MU260807C00657500,MU,2026-08-07,call,657.5,212.51,28.0,222.32,17.0,217.415,,,,,,,,,2026-08-07,902.77,902.77,847.4,878.41,887387.0,871.3118
2026-08-07T20:31:36.908,2,0,MU260807C00660000,MU,2026-08-07,call,660.0,212.66,28.0,222.93,18.0,217.79500000000002,259.78,1.0,,,,,,,2026-08-07,902.77,902.77,847.4,878.41,887387.0,871.3118
2026-08-07T20:31:36.908,2,0,MU260807C00662500,MU,2026-08-07,call,662.5,204.92,29.0,221.7,15.0,213.31,192.14,2.0,,,,,,,2026-08-07,902.77,902.77,847.4,878.41,887387.0,871.3118
2026-08-07T20:31:36.908,2,0,MU260807C00665000,MU,2026-08-07,call,665.0,207.69,23.0,222.27,15.0,214.98000000000002,153.08,1.0,,,,,,,2026-08-07,902.77,902.77,847.4,878.41,887387.0,871.3118
2026-08-07T20:31:36.908,2,0,MU260807C00667500,MU,2026-08-07,call,667.5,199.81,29.0,219.93,14.0,209.87,186.51,2.0,,,,,,,2026-08-07,902.77,902.77,847.4,878.41,887387.0,871.3118
2026-08-07T20:31:36.908,2,0,MU260807C00670000,MU,2026-08-07,call,670.0,201.0,15.0,214.73,3.0,207.865,202.79,1.0,,,,,,,2026-08-07,902.77,902.77,847.4,878.41,887387.0,871.3118
2026-08-07T20:31:36.908,2,0,MU260807C00672500,MU,2026-08-07,call,672.5,200.97,19.0,208.21,18.0,204.59,118.95,1.0,,,,,,,2026-08-07,902.77,902.77,847.4,878.41,887387.0,871.3118
2026-08-07T20:31:36.908,2,0,MU260807C00675000,MU,2026-08-07,call,675.0,193.93,55.0,202.47,28.0,198.2,192.02,1.0,,,,,,,2026-08-07,902.77,902.77,847.4,878.41,887387.0,871.3118
2026-08-07T20:31:36.908,2,0,MU260807C00677500,MU,2026-08-07,call,677.5,193.39,30.0,201.25,19.0,197.32,193.73,1.0,,,,,,,2026-08-07,902.77,902.77,847.4,878.41,887387.0,871.3118
2026-08-07T20:31:36.908,2,0,MU260807C00680000,MU,2026-08-07,call,680.0,190.56,30.0,200.53,17.0,195.54500000000002,196.97,5.0,,,,,,,2026-08-07,902.77,902.77,847.4,878.41,887387.0,871.3118
2026-08-07T20:31:36.908,2,0,MU260807C00682500,MU,2026-08-07,call,682.5,186.53,29.0,197.89,16.0,192.20999999999998,190.78,1.0,,,,,,,2026-08-07,902.77,902.77,847.4,878.41,887387.0,871.3118
2026-08-07T20:31:36.908,2,0,MU260807C00685000,MU,2026-08-07,call,685.0,186.95,27.0,199.79,15.0,193.37,186.9,20.0,,,,,,,2026-08-07,902.77,902.77,847.4,878.41,887387.0,871.3118
2026-08-07T20:31:36.908,2,0,MU260807C00687500,MU,2026-08-07,call,687.5,187.23,27.0,196.65,13.0,191.94,233.75,1.0,,,,,,,2026-08-07,902.77,902.77,847.4,878.41,887387.0,871.3118
2026-08-07T20:31:36.908,2,0,MU260807C00690000,MU,2026-08-07,call,690.0,183.45,29.0,192.9,12.0,188.175,199.0,1.0,,,,,,,2026-08-07,902.77,902.77,847.4,878.41,887387.0,871.3118
2026-08-07T20:31:36.908,2,0,MU260807C00692500,MU,2026-08-07,call,692.5,181.24,29.0,193.53,14.0,187.385,206.52,1.0,,,,,,,2026-08-07,902.77,902.77,847.4,878.41,887387.0,871.3118
2026-08-07T20:31:36.908,2,0,MU260807C00695000,MU,2026-08-07,call,695.0,173.62,29.0,186.3,11.0,179.96,174.49,1.0,,,,,,,2026-08-07,902.77,902.77,847.4,878.41,887387.0,871.3118
2026-08-07T20:31:36.908,2,0,MU260807C00697500,MU,2026-08-07,call,697.5,175.79,28.0,189.51,15.0,182.64999999999998,133.97,3.0,,,,,,,2026-08-07,902.77,902.77,847.4,878.41,887387.0,871.3118
2026-08-07T20:31:36.908,2,0,MU260807C00700000,MU,2026-08-07,call,700.0,171.66,163.0,184.45,45.0,178.055,174.59,2.0,,,,,,,2026-08-07,902.77,902.77,847.4,878.41,887387.0,871.3118
2026-08-07T20:31:36.908,2,0,MU260807C00702500,MU,2026-08-07,call,702.5,170.76,26.0,178.7,16.0,174.73,,,,,,,,,2026-08-07,902.77,902.77,847.4,878.41,887387.0,871.3118
2026-08-07T20:31:36.908,2,0,MU260807C00705000,MU,2026-08-07,call,705.0,169.85,38.0,180.18,42.0,175.015,164.64,4.0,,,,,,,2026-08-07,902.77,902.77,847.4,878.41,887387.0,871.3118
2026-08-07T20:31:36.908,2,0,MU260807C00707500,MU,2026-08-07,call,707.5,166.62,27.0,172.26,13.0,169.44,120.54,1.0,,,,,,,2026-08-07,902.77,902.77,847.4,878.41,887387.0,871.3118
2026-08-07T20:31:36.908,2,0,MU260807C00710000,MU,2026-08-07,call,710.0,159.97,28.0,172.89,8.0,166.43,160.99,4.0,,,,,,,2026-08-07,902.77,902.77,847.4,878.41,887387.0,871.3118
2026-08-07T20:31:36.908,2,0,MU260807C00712500,MU,2026-08-07,call,712.5,156.82,27.0,173.64,5.0,165.23,,,,,,,,,2026-08-07,902.77,902.77,847.4,878.41,887387.0,871.3118
2026-08-07T20:31:36.908,2,0,MU260807C00715000,MU,2026-08-07,call,715.0,159.21,29.0,166.79,30.0,163.0,155.68,2.0,,,,,,,2026-08-07,902.77,902.77,847.4,878.41,887387.0,871.3118
2026-08-07T20:31:36.908,2,0,MU260807C00717500,MU,2026-08-07,call,717.5,151.86,29.0,166.36,9.0,159.11,151.84,2.0,,,,,,,2026-08-07,902.77,902.77,847.4,878.41,887387.0,871.3118
2026-08-07T20:31:36.908,2,0,MU260807C00720000,MU,2026-08-07,call,720.0,149.68,73.0,161.1,73.0,155.39,149.38,1.0,,,,,,,2026-08-07,902.77,902.77,847.4,878.41,887387.0,871.3118
2026-08-07T20:31:36.908,2,0,MU260807C00722500,MU,2026-08-07,call,722.5,148.86,27.0,163.4,14.0,156.13,198.0,1.0,,,,,,,2026-08-07,902.77,902.77,847.4,878.41,887387.0,871.3118
2026-08-07T20:31:36.908,2,0,MU260807C00725000,MU,2026-08-07,call,725.0,151.58,32.0,158.81,27.0,155.195,154.6,1.0,,,,,,,2026-08-07,902.77,902.77,847.4,878.41,887387.0,871.3118
2026-08-07T20:31:36.908,2,0,MU260807C00727500,MU,2026-08-07,call,727.5,141.44,28.0,154.13,17.0,147.785,140.91,2.0,,,,,,,2026-08-07,902.77,902.77,847.4,878.41,887387.0,871.3118
2026-08-07T20:31:36.908,2,0,MU260807C00730000,MU,2026-08-07,call,730.0,143.66,121.0,152.18,68.0,147.92000000000002,144.57,1.0,,,,,,,2026-08-07,902.77,902.77,847.4,878.41,887387.0,871.3118
2026-08-07T20:31:36.908,2,0,MU260807C00732500,MU,2026-08-07,call,732.5,140.61,27.0,148.32,6.0,144.465,99.55,1.0,,,,,,,2026-08-07,902.77,902.77,847.4,878.41,887387.0,871.3118
2026-08-07T20:31:36.908,2,0,MU260807C00735000,MU,2026-08-07,call,735.0,137.48,30.0,144.61,2.0,141.04500000000002,136.61,4.0,,,,,,,2026-08-07,902.77,902.77,847.4,878.41,887387.0,871.3118
2026-08-07T20:31:36.908,2,0,MU260807C00737500,MU,2026-08-07,call,737.5,131.02,34.0,147.2,2.0,139.11,160.28,2.0,,,,,,,2026-08-07,902.77,902.77,847.4,878.41,887387.0,871.3118
2026-08-07T20:31:36.908,2,0,MU260807C00740000,MU,2026-08-07,call,740.0,130.19,57.0,145.01,41.0,137.6,133.21,2.0,,,,,,,2026-08-07,902.77,902.77,847.4,878.41,887387.0,871.3118
2026-08-07T20:31:36.908,2,0,MU260807C00742500,MU,2026-08-07,call,742.5,128.06,18.0,138.49,16.0,133.275,132.01,2.0,,,,,,,2026-08-07,902.77,902.77,847.4,878.41,887387.0,871.3118
2026-08-07T20:31:36.908,2,0,MU260807C00745000,MU,2026-08-07,call,745.0,128.99,1.0,135.56,5.0,132.275,124.18,1.0,,,,,,,2026-08-07,902.77,902.77,847.4,878.41,887387.0,871.3118
2026-08-07T20:31:36.908,2,0,MU260807C00747500,MU,2026-08-07,call,747.5,126.58,27.0,133.24,13.0,129.91,123.14,2.0,,,,,,,2026-08-07,902.77,902.77,847.4,878.41,887387.0,871.3118
2026-08-07T20:31:36.908,2,0,MU260807C00750000,MU,2026-08-07,call,750.0,120.83,115.0,130.28,30.0,125.555,127.79,1.0,,,,,,,2026-08-07,902.77,902.77,847.4,878.41,887387.0,871.3118
2026-08-07T20:31:36.908,2,0,MU260807C00755000,MU,2026-08-07,call,755.0,113.53,54.0,129.85,13.0,121.69,120.45,1.0,,,,,,,2026-08-07,902.77,902.77,847.4,878.41,887387.0,871.3118
2026-08-07T20:31:36.908,2,0,MU260807C00760000,MU,2026-08-07,call,760.0,112.54,58.0,122.63,29.0,117.58500000000001,116.02,4.0,,,,,,,2026-08-07,902.77,902.77,847.4,878.41,887387.0,871.3118
2026-08-07T20:31:36.908,2,0,MU260807C00765000,MU,2026-08-07,call,765.0,108.62,19.0,119.2,19.0,113.91,104.72,4.0,,,,,,,2026-08-07,902.77,902.77,847.4,878.41,887387.0,871.3118
2026-08-07T20:31:36.908,2,0,MU260807C00767500,MU,2026-08-07,call,767.5,101.85,34.0,113.53,9.0,107.69,149.75,1.0,,,,,,,2026-08-07,902.77,902.77,847.4,878.41,887387.0,871.3118
2026-08-07T20:31:36.908,2,0,MU260807C00770000,MU,2026-08-07,call,770.0,102.93,101.0,110.46,91.0,106.695,104.77,8.0,,,,,,,2026-08-07,902.77,902.77,847.4,878.41,887387.0,871.3118
2026-08-07T20:31:36.908,2,0,MU260807C00772500,MU,2026-08-07,call,772.5,98.76,26.0,108.63,3.0,103.695,136.79,8.0,,,,,,,2026-08-07,902.77,902.77,847.4,878.41,887387.0,871.3118
2026-08-07T20:31:36.908,2,0,MU260807C00775000,MU,2026-08-07,call,775.0,101.44,110.0,103.83,29.0,102.63499999999999,101.27,1.0,,,,,,,2026-08-07,902.77,902.77,847.4,878.41,887387.0,871.3118
2026-08-07T20:31:36.908,2,0,MU260807C00777500,MU,2026-08-07,call,777.5,96.91,16.0,102.74,16.0,99.82499999999999,116.34,1.0,,,,,,,2026-08-07,902.77,902.77,847.4,878.41,887387.0,871.3118
2026-08-07T20:31:36.908,2,0,MU260807C00780000,MU,2026-08-07,call,780.0,95.92,50.0,99.74,35.0,97.83,95.92,1.0,,,,,,,2026-08-07,902.77,902.77,847.4,878.41,887387.0,871.3118
2026-08-07T20:31:36.908,2,0,MU260807C00782500,MU,2026-08-07,call,782.5,91.37,24.0,102.73,10.0,97.05000000000001,121.8,1.0,,,,,,,2026-08-07,902.77,902.77,847.4,878.41,887387.0,871.3118
2026-08-07T20:31:36.908,2,0,MU260807C00785000,MU,2026-08-07,call,785.0,91.01,57.0,98.56,32.0,94.785,91.01,1.0,,,,,,,2026-08-07,902.77,902.77,847.4,878.41,887387.0,871.3118
2026-08-07T20:31:36.908,2,0,MU260807C00787500,MU,2026-08-07,call,787.5,87.19,15.0,96.17,9.0,91.68,98.97,1.0,,,,,,,2026-08-07,902.77,902.77,847.4,878.41,887387.0,871.3118
2026-08-07T20:31:36.908,2,0,MU260807C00790000,MU,2026-08-07,call,790.0,84.97,127.0,92.16,51.0,88.565,85.8,1.0,,,,,,,2026-08-07,902.77,902.77,847.4,878.41,887387.0,871.3118
2026-08-07T20:31:36.908,2,0,MU260807C00792500,MU,2026-08-07,call,792.5,81.31,35.0,89.36,26.0,85.33500000000001,101.3,5.0,,,,,,,2026-08-07,902.77,902.77,847.4,878.41,887387.0,871.3118
2026-08-07T20:31:36.908,2,0,MU260807C00795000,MU,2026-08-07,call,795.0,80.49,114.0,86.5,14.0,83.495,80.24,1.0,,,,,,,2026-08-07,902.77,902.77,847.4,878.41,887387.0,871.3118
2026-08-07T20:31:36.908,2,0,MU260807C00800000,MU,2026-08-07,call,800.0,76.4,2.0,81.02,74.0,78.71000000000001,77.98,3.0,,,,,,,2026-08-07,902.77,902.77,847.4,878.41,887387.0,871.3118
2026-08-07T20:31:36.908,2,0,MU260807C00805000,MU,2026-08-07,call,805.0,70.74,114.0,74.65,58.0,72.695,70.74,1.0,,,,,,,2026-08-07,902.77,902.77,847.4,878.41,887387.0,871.3118
2026-08-07T20:31:36.908,2,0,MU260807C00810000,MU,2026-08-07,call,810.0,64.459,143.0,69.98,58.0,67.21950000000001,64.459,15.0,,,,,,,2026-08-07,902.77,902.77,847.4,878.41,887387.0,871.3118
2026-08-07T20:31:36.908,2,0,MU260807C00815000,MU,2026-08-07,call,815.0,59.29,109.0,66.17,70.0,62.730000000000004,59.61,1.0,,,,,,,2026-08-07,902.77,902.77,847.4,878.41,887387.0,871.3118
2026-08-07T20:31:36.908,2,0,MU260807C00820000,MU,2026-08-07,call,820.0,55.21,88.0,61.63,55.0,58.42,55.21,1.0,,,,,,,2026-08-07,902.77,902.77,847.4,878.41,887387.0,871.3118
2026-08-07T20:31:36.908,2,0,MU260807C00825000,MU,2026-08-07,call,825.0,48.69,71.0,56.4,90.0,52.545,50.03,1.0,,,,,,,2026-08-07,902.77,902.77,847.4,878.41,887387.0,871.3118
2026-08-07T20:31:36.908,2,0,MU260807C00830000,MU,2026-08-07,call,830.0,45.33,150.0,49.85,50.0,47.59,45.33,1.0,,,,,,,2026-08-07,902.77,902.77,847.4,878.41,887387.0,871.3118
2026-08-07T20:31:36.908,2,0,MU260807C00835000,MU,2026-08-07,call,835.0,41.13,77.0,46.53,63.0,43.83,38.42,2.0,,,,,,,2026-08-07,902.77,902.77,847.4,878.41,887387.0,871.3118
2026-08-07T20:31:36.908,2,0,MU260807C00840000,MU,2026-08-07,call,840.0,36.16,70.0,42.05,128.0,39.105,36.16,1.0,,,,,,,2026-08-07,902.77,902.77,847.4,878.41,887387.0,871.3118
2026-08-07T20:31:36.908,2,0,MU260807C00845000,MU,2026-08-07,call,845.0,29.26,144.0,35.88,58.0,32.57,29.97,1.0,,,,,,,2026-08-07,902.77,902.77,847.4,878.41,887387.0,871.3118
2026-08-07T20:31:36.908,2,0,MU260807C00850000,MU,2026-08-07,call,850.0,28.08,29.0,30.19,1.0,29.134999999999998,28.08,1.0,,,,,,,2026-08-07,902.77,902.77,847.4,878.41,887387.0,871.3118
2026-08-07T20:31:36.908,2,0,MU260807C00855000,MU,2026-08-07,call,855.0,20.62,13.0,25.63,77.0,23.125,20.62,1.0,,,,,,,2026-08-07,902.77,902.77,847.4,878.41,887387.0,871.3118
2026-08-07T20:31:36.908,2,0,MU260807C00860000,MU,2026-08-07,call,860.0,18.48,18.0,21.43,97.0,19.955,18.95,1.0,,,,,,,2026-08-07,902.77,902.77,847.4,878.41,887387.0,871.3118
2026-08-07T20:31:36.908,2,0,MU260807C00865000,MU,2026-08-07,call,865.0,12.95,40.0,14.77,30.0,13.86,13.6,2.0,,,,,,,2026-08-07,902.77,902.77,847.4,878.41,887387.0,871.3118
2026-08-07T20:31:36.908,2,0,MU260807C00870000,MU,2026-08-07,call,870.0,7.8,26.0,10.73,35.0,9.265,9.2,2.0,,,,,,,2026-08-07,902.77,902.77,847.4,878.41,887387.0,871.3118
2026-08-07T20:31:36.908,2,0,MU260807C00875000,MU,2026-08-07,call,875.0,3.69,25.0,4.58,3.0,4.135,3.7,1.0,,,,,,,2026-08-07,902.77,902.77,847.4,878.41,887387.0,871.3118
2026-08-07T20:31:36.908,2,0,MU260807C00880000,MU,2026-08-07,call,880.0,0.75,19.0,0.78,2.0,0.765,0.78,1.0,,,,,,,2026-08-07,902.77,902.77,847.4,878.41,887387.0,871.3118
2026-08-07T20:31:36.908,2,0,MU260807C00885000,MU,2026-08-07,call,885.0,0.02,63.0,0.1,15.0,0.060000000000000005,0.06,1.0,,,,,,,2026-08-07,902.77,902.77,847.4,878.41,887387.0,871.3118
2026-08-07T20:31:36.908,2,0,MU260807C00890000,MU,2026-08-07,call,890.0,0.0,0.0,0.03,62.0,0.015,0.03,1.0,,,,,,,2026-08-07,902.77,902.77,847.4,878.41,887387.0,871.3118
2026-08-07T20:31:36.908,2,0,MU260807C00895000,MU,2026-08-07,call,895.0,0.0,0.0,0.01,60.0,0.005,0.01,1.0,,,,,,,2026-08-07,902.77,902.77,847.4,878.41,887387.0,871.3118
2026-08-07T20:31:36.908,2,0,MU260807C00900000,MU,2026-08-07,call,900.0,0.0,0.0,0.01,349.0,0.005,0.01,2.0,,,,,,,2026-08-07,902.77,902.77,847.4,878.41,887387.0,871.3118
2026-08-07T20:31:36.908,2,0,MU260807C00905000,MU,2026-08-07,call,905.0,0.0,0.0,0.01,1.0,0.005,0.01,3.0,,,,,,,2026-08-07,902.77,902.77,847.4,878.41,887387.0,871.3118
2026-08-07T20:31:36.908,2,0,MU260807C00910000,MU,2026-08-07,call,910.0,0.0,0.0,0.03,89.0,0.015,0.01,1.0,,,,,,,2026-08-07,902.77,902.77,847.4,878.41,887387.0,871.3118
2026-08-07T20:31:36.908,2,0,MU260807C00915000,MU,2026-08-07,call,915.0,0.0,0.0,0.03,50.0,0.015,0.01,1.0,,,,,,,2026-08-07,902.77,902.77,847.4,878.41,887387.0,871.3118
2026-08-07T20:31:36.908,2,0,MU260807C00920000,MU,2026-08-07,call,920.0,0.0,0.0,0.03,455.0,0.015,0.01,1.0,,,,,,,2026-08-07,902.77,902.77,847.4,878.41,887387.0,871.3118
2026-08-07T20:31:36.908,2,0,MU260807C00925000,MU,2026-08-07,call,925.0,0.0,0.0,0.03,4.0,0.015,0.01,1.0,,,,,,,2026-08-07,902.77,902.77,847.4,878.41,887387.0,871.3118
2026-08-07T20:31:36.908,2,0,MU260807C00930000,MU,2026-08-07,call,930.0,0.0,0.0,0.03,356.0,0.015,0.01,1.0,,,,,,,2026-08-07,902.77,902.77,847.4,878.41,887387.0,871.3118
2026-08-07T20:31:36.908,2,0,MU260807C00935000,MU,2026-08-07,call,935.0,0.0,0.0,0.01,50.0,0.005,0.01,1.0,,,,,,,2026-08-07,902.77,902.77,847.4,878.41,887387.0,871.3118
2026-08-07T20:31:36.908,2,0,MU260807C00940000,MU,2026-08-07,call,940.0,0.0,0.0,0.01,9.0,0.005,0.01,1.0,,,,,,,2026-08-07,902.77,902.77,847.4,878.41,887387.0,871.3118
2026-08-07T20:31:36.908,2,0,MU260807C00945000,MU,2026-08-07,call,945.0,0.0,0.0,0.01,9.0,0.005,0.01,1.0,,,,,,,2026-08-07,902.77,902.77,847.4,878.41,887387.0,871.3118
2026-08-07T20:31:36.908,2,0,MU260807C00950000,MU,2026-08-07,call,950.0,0.0,0.0,0.01,131.0,0.005,0.01,1.0,,,,,,,2026-08-07,902.77,902.77,847.4,878.41,887387.0,871.3118
2026-08-07T20:31:36.908,2,0,MU260807C00955000,MU,2026-08-07,call,955.0,0.0,0.0,0.03,40.0,0.015,0.02,1.0,,,,,,,2026-08-07,902.77,902.77,847.4,878.41,887387.0,871.3118
2026-08-07T20:31:36.908,2,0,MU260807C00957500,MU,2026-08-07,call,957.5,0.0,0.0,0.03,132.0,0.015,0.01,1.0,,,,,,,2026-08-07,902.77,902.77,847.4,878.41,887387.0,871.3118
2026-08-07T20:31:36.908,2,0,MU260807C00960000,MU,2026-08-07,call,960.0,0.0,0.0,0.01,96.0,0.005,0.01,1.0,,,,,,,2026-08-07,902.77,902.77,847.4,878.41,887387.0,871.3118
2026-08-07T20:31:36.908,2,0,MU260807C00962500,MU,2026-08-07,call,962.5,0.0,0.0,0.01,116.0,0.005,0.01,12.0,,,,,,,2026-08-07,902.77,902.77,847.4,878.41,887387.0,871.3118
2026-08-07T20:31:36.908,2,0,MU260807C00965000,MU,2026-08-07,call,965.0,0.0,0.0,0.01,192.0,0.005,0.01,1.0,,,,,,,2026-08-07,902.77,902.77,847.4,878.41,887387.0,871.3118
2026-08-07T20:31:36.908,2,0,MU260807C00967500,MU,2026-08-07,call,967.5,0.0,0.0,0.01,130.0,0.005,0.01,1.0,,,,,,,2026-08-07,902.77,902.77,847.4,878.41,887387.0,871.3118
2026-08-07T20:31:36.908,2,0,MU260807C00970000,MU,2026-08-07,call,970.0,0.0,0.0,0.03,222.0,0.015,0.01,1.0,,,,,,,2026-08-07,902.77,902.77,847.4,878.41,887387.0,871.3118
2026-08-07T20:31:36.908,2,0,MU260807C00972500,MU,2026-08-07,call,972.5,0.0,0.0,0.01,150.0,0.005,0.01,1.0,,,,,,,2026-08-07,902.77,902.77,847.4,878.41,887387.0,871.3118
2026-08-07T20:31:36.908,2,0,MU260807C00975000,MU,2026-08-07,call,975.0,0.0,0.0,0.01,200.0,0.005,0.01,1.0,,,,,,,2026-08-07,902.77,902.77,847.4,878.41,887387.0,871.3118
2026-08-07T20:31:36.908,2,0,MU260807C00977500,MU,2026-08-07,call,977.5,0.0,0.0,0.03,271.0,0.015,0.01,1.0,,,,,,,2026-08-07,902.77,902.77,847.4,878.41,887387.0,871.3118
2026-08-07T20:31:36.908,2,0,MU260807C00980000,MU,2026-08-07,call,980.0,0.0,0.0,0.01,198.0,0.005,0.01,1.0,,,,,,,2026-08-07,902.77,902.77,847.4,878.41,887387.0,871.3118
2026-08-07T20:31:36.908,2,0,MU260807C00982500,MU,2026-08-07,call,982.5,0.0,0.0,0.01,94.0,0.005,0.01,9.0,,,,,,,2026-08-07,902.77,902.77,847.4,878.41,887387.0,871.3118
2026-08-07T20:31:36.908,2,0,MU260807C00985000,MU,2026-08-07,call,985.0,0.0,0.0,0.01,49.0,0.005,0.01,1.0,,,,,,,2026-08-07,902.77,902.77,847.4,878.41,887387.0,871.3118
2026-08-07T20:31:36.908,2,0,MU260807C00990000,MU,2026-08-07,call,990.0,0.0,0.0,0.03,122.0,0.015,0.03,3.0,,,,,,,2026-08-07,902.77,902.77,847.4,878.41,887387.0,871.3118
2026-08-07T20:31:36.908,2,0,MU260807C00995000,MU,2026-08-07,call,995.0,0.0,0.0,0.03,68.0,0.015,0.01,1.0,,,,,,,2026-08-07,902.77,902.77,847.4,878.41,887387.0,871.3118
2026-08-07T20:31:36.908,2,0,MU260807C01000000,MU,2026-08-07,call,1000.0,0.0,0.0,0.03,150.0,0.015,0.01,1.0,,,,,,,2026-08-07,902.77,902.77,847.4,878.41,887387.0,871.3118
2026-08-07T20:31:36.908,2,0,MU260807C01005000,MU,2026-08-07,call,1005.0,0.0,0.0,0.03,222.0,0.015,0.01,3.0,,,,,,,2026-08-07,902.77,902.77,847.4,878.41,887387.0,871.3118
2026-08-07T20:31:36.908,2,0,MU260807C01010000,MU,2026-08-07,call,1010.0,0.0,0.0,0.03,222.0,0.015,0.01,1.0,,,,,,,2026-08-07,902.77,902.77,847.4,878.41,887387.0,871.3118
2026-08-07T20:31:36.908,2,0,MU260807C01015000,MU,2026-08-07,call,1015.0,0.0,0.0,0.01,222.0,0.005,0.01,2.0,,,,,,,2026-08-07,902.77,902.77,847.4,878.41,887387.0,871.3118
2026-08-07T20:31:36.908,2,0,MU260807C01020000,MU,2026-08-07,call,1020.0,0.0,0.0,0.03,166.0,0.015,0.01,1.0,,,,,,,2026-08-07,902.77,902.77,847.4,878.41,887387.0,871.3118
2026-08-07T20:31:36.908,2,0,MU260807C01025000,MU,2026-08-07,call,1025.0,0.0,0.0,0.03,150.0,0.015,0.01,1.0,,,,,,,2026-08-07,902.77,902.77,847.4,878.41,887387.0,871.3118
2026-08-07T20:31:36.908,2,0,MU260807C01030000,MU,2026-08-07,call,1030.0,0.0,0.0,0.01,222.0,0.005,0.01,1.0,,,,,,,2026-08-07,902.77,902.77,847.4,878.41,887387.0,871.3118
2026-08-07T20:31:36.908,2,0,MU260807C01035000,MU,2026-08-07,call,1035.0,0.0,0.0,0.01,222.0,0.005,0.01,3.0,,,,,,,2026-08-07,902.77,902.77,847.4,878.41,887387.0,871.3118
2026-08-07T20:31:36.908,2,0,MU260807C01040000,MU,2026-08-07,call,1040.0,0.0,0.0,0.01,150.0,0.005,0.01,1.0,,,,,,,2026-08-07,902.77,902.77,847.4,878.41,887387.0,871.3118
2026-08-07T20:31:36.908,2,0,MU260807C01045000,MU,2026-08-07,call,1045.0,0.0,0.0,0.01,150.0,0.005,0.01,2.0,,,,,,,2026-08-07,902.77,902.77,847.4,878.41,887387.0,871.3118
2026-08-07T20:31:36.908,2,0,MU260807C01050000,MU,2026-08-07,call,1050.0,0.0,0.0,0.01,150.0,0.005,0.01,1.0,,,,,,,2026-08-07,902.77,902.77,847.4,878.41,887387.0,871.3118
2026-08-07T20:31:36.908,2,0,MU260807C01055000,MU,2026-08-07,call,1055.0,0.0,0.0,0.03,166.0,0.015,0.01,1.0,,,,,,,2026-08-07,902.77,902.77,847.4,878.41,887387.0,871.3118
2026-08-07T20:31:36.908,2,0,MU260807C01060000,MU,2026-08-07,call,1060.0,0.0,0.0,0.03,399.0,0.015,0.01,2.0,,,,,,,2026-08-07,902.77,902.77,847.4,878.41,887387.0,871.3118
2026-08-07T20:31:36.908,2,0,MU260807C01065000,MU,2026-08-07,call,1065.0,0.0,0.0,0.01,472.0,0.005,0.01,4.0,,,,,,,2026-08-07,902.77,902.77,847.4,878.41,887387.0,871.3118
2026-08-07T20:31:36.908,2,0,MU260807C01070000,MU,2026-08-07,call,1070.0,0.0,0.0,0.01,150.0,0.005,0.01,1.0,,,,,,,2026-08-07,902.77,902.77,847.4,878.41,887387.0,871.3118
2026-08-07T20:31:36.908,2,0,MU260807C01075000,MU,2026-08-07,call,1075.0,0.0,0.0,0.01,156.0,0.005,0.01,2.0,,,,,,,2026-08-07,902.77,902.77,847.4,878.41,887387.0,871.3118
2026-08-07T20:31:36.908,2,0,MU260807C01080000,MU,2026-08-07,call,1080.0,0.0,0.0,0.03,118.0,0.015,0.01,1.0,,,,,,,2026-08-07,902.77,902.77,847.4,878.41,887387.0,871.3118
2026-08-07T20:31:36.908,2,0,MU260807C01085000,MU,2026-08-07,call,1085.0,0.0,0.0,0.01,108.0,0.005,0.01,4.0,,,,,,,2026-08-07,902.77,902.77,847.4,878.41,887387.0,871.3118
2026-08-07T20:31:36.908,2,0,MU260807C01090000,MU,2026-08-07,call,1090.0,0.0,0.0,0.01,116.0,0.005,0.01,4.0,,,,,,,2026-08-07,902.77,902.77,847.4,878.41,887387.0,871.3118
2026-08-07T20:31:36.908,2,0,MU260807C01095000,MU,2026-08-07,call,1095.0,0.0,0.0,0.01,50.0,0.005,0.01,1.0,,,,,,,2026-08-07,902.77,902.77,847.4,878.41,887387.0,871.3118
2026-08-07T20:31:36.908,2,0,MU260807C01100000,MU,2026-08-07,call,1100.0,0.0,0.0,0.01,108.0,0.005,0.01,5.0,,,,,,,2026-08-07,902.77,902.77,847.4,878.41,887387.0,871.3118
2026-08-07T20:31:36.908,2,0,MU260807C01105000,MU,2026-08-07,call,1105.0,0.0,0.0,0.03,50.0,0.015,0.01,2.0,,,,,,,2026-08-07,902.77,902.77,847.4,878.41,887387.0,871.3118
2026-08-07T20:31:36.908,2,0,MU260807C01110000,MU,2026-08-07,call,1110.0,0.0,0.0,0.01,50.0,0.005,0.01,10.0,,,,,,,2026-08-07,902.77,902.77,847.4,878.41,887387.0,871.3118
2026-08-07T20:31:36.908,2,0,MU260807C01115000,MU,2026-08-07,call,1115.0,0.0,0.0,0.03,50.0,0.015,0.03,1.0,,,,,,,2026-08-07,902.77,902.77,847.4,878.41,887387.0,871.3118
2026-08-07T20:31:36.908,2,0,MU260807C01120000,MU,2026-08-07,call,1120.0,0.0,0.0,0.01,50.0,0.005,0.01,1.0,,,,,,,2026-08-07,902.77,902.77,847.4,878.41,887387.0,871.3118
2026-08-07T20:31:36.908,2,0,MU260807C01125000,MU,2026-08-07,call,1125.0,0.0,0.0,0.03,122.0,0.015,0.03,1.0,,,,,,,2026-08-07,902.77,902.77,847.4,878.41,887387.0,871.3118
2026-08-07T20:31:36.908,2,0,MU260807C01130000,MU,2026-08-07,call,1130.0,0.0,0.0,0.01,50.0,0.005,0.01,1.0,,,,,,,2026-08-07,902.77,902.77,847.4,878.41,887387.0,871.3118
2026-08-07T20:31:36.908,2,0,MU260807C01135000,MU,2026-08-07,call,1135.0,0.0,0.0,0.01,50.0,0.005,0.01,1.0,,,,,,,2026-08-07,902.77,902.77,847.4,878.41,887387.0,871.3118
2026-08-07T20:31:36.908,2,0,MU260807C01140000,MU,2026-08-07,call,1140.0,0.0,0.0,0.03,50.0,0.015,0.01,1.0,,,,,,,2026-08-07,902.77,902.77,847.4,878.41,887387.0,871.3118
2026-08-07T20:31:36.908,2,0,MU260807C01145000,MU,2026-08-07,call,1145.0,0.0,0.0,0.01,122.0,0.005,0.01,300.0,,,,,,,2026-08-07,902.77,902.77,847.4,878.41,887387.0,871.3118
2026-08-07T20:31:36.908,2,0,MU260807C01150000,MU,2026-08-07,call,1150.0,0.0,0.0,0.01,50.0,0.005,0.01,1.0,,,,,,,2026-08-07,902.77,902.77,847.4,878.41,887387.0,871.3118
2026-08-07T20:31:36.908,2,0,MU260807C01155000,MU,2026-08-07,call,1155.0,0.0,0.0,0.01,113.0,0.005,0.02,1.0,,,,,,,2026-08-07,902.77,902.77,847.4,878.41,887387.0,871.3118
2026-08-07T20:31:36.908,2,0,MU260807C01160000,MU,2026-08-07,call,1160.0,0.0,0.0,0.03,50.0,0.015,0.01,2.0,,,,,,,2026-08-07,902.77,902.77,847.4,878.41,887387.0,871.3118
2026-08-07T20:31:36.908,2,0,MU260807C01165000,MU,2026-08-07,call,1165.0,0.0,0.0,0.57,6.0,0.285,0.02,1.0,,,,,,,2026-08-07,902.77,902.77,847.4,878.41,887387.0,871.3118
2026-08-07T20:31:36.908,2,0,MU260807C01170000,MU,2026-08-07,call,1170.0,0.0,0.0,0.03,121.0,0.015,0.01,1.0,,,,,,,2026-08-07,902.77,902.77,847.4,878.41,887387.0,871.3118
2026-08-07T20:31:36.908,2,0,MU260807C01175000,MU,2026-08-07,call,1175.0,0.0,0.0,0.53,6.0,0.265,0.16,1.0,,,,,,,2026-08-07,902.77,902.77,847.4,878.41,887387.0,871.3118
2026-08-07T20:31:36.908,2,0,MU260807C01180000,MU,2026-08-07,call,1180.0,0.0,0.0,0.03,50.0,0.015,0.01,2.0,,,,,,,2026-08-07,902.77,902.77,847.4,878.41,887387.0,871.3118
2026-08-07T20:31:36.908,2,0,MU260807C01185000,MU,2026-08-07,call,1185.0,0.0,0.0,0.03,50.0,0.015,0.01,5.0,,,,,,,2026-08-07,902.77,902.77,847.4,878.41,887387.0,871.3118
2026-08-07T20:31:36.908,2,0,MU260807C01190000,MU,2026-08-07,call,1190.0,0.0,0.0,0.75,37.0,0.375,0.01,80.0,,,,,,,2026-08-07,902.77,902.77,847.4,878.41,887387.0,871.3118
2026-08-07T20:31:36.908,2,0,MU260807C01195000,MU,2026-08-07,call,1195.0,0.0,0.0,0.01,188.0,0.005,0.01,1.0,,,,,,,2026-08-07,902.77,902.77,847.4,878.41,887387.0,871.3118
2026-08-07T20:31:36.908,2,0,MU260807C01200000,MU,2026-08-07,call,1200.0,0.0,0.0,0.03,134.0,0.015,0.01,1.0,,,,,,,2026-08-07,902.77,902.77,847.4,878.41,887387.0,871.3118
2026-08-07T20:31:36.908,2,0,MU260807C01205000,MU,2026-08-07,call,1205.0,0.0,0.0,0.03,50.0,0.015,0.01,10.0,,,,,,,2026-08-07,902.77,902.77,847.4,878.41,887387.0,871.3118
2026-08-07T20:31:36.908,2,0,MU260807C01210000,MU,2026-08-07,call,1210.0,0.0,0.0,0.01,122.0,0.005,0.01,1.0,,,,,,,2026-08-07,902.77,902.77,847.4,878.41,887387.0,871.3118
2026-08-07T20:31:36.908,2,0,MU260807C01220000,MU,2026-08-07,call,1220.0,0.0,0.0,0.03,122.0,0.015,0.01,90.0,,,,,,,2026-08-07,902.77,902.77,847.4,878.41,887387.0,871.3118
2026-08-07T20:31:36.908,2,0,MU260807C01230000,MU,2026-08-07,call,1230.0,0.0,0.0,0.01,50.0,0.005,0.01,2.0,,,,,,,2026-08-07,902.77,902.77,847.4,878.41,887387.0,871.3118
2026-08-07T20:31:36.908,2,0,MU260807C01240000,MU,2026-08-07,call,1240.0,0.0,0.0,0.53,7.0,0.265,0.03,20.0,,,,,,,2026-08-07,902.77,902.77,847.4,878.41,887387.0,871.3118
2026-08-07T20:31:36.908,2,0,MU260807C01250000,MU,2026-08-07,call,1250.0,0.0,0.0,0.03,81.0,0.015,0.01,1.0,,,,,,,2026-08-07,902.77,902.77,847.4,878.41,887387.0,871.3118
2026-08-07T20:31:36.908,2,0,MU260807C01260000,MU,2026-08-07,call,1260.0,0.0,0.0,0.01,50.0,0.005,0.11,1.0,,,,,,,2026-08-07,902.77,902.77,847.4,878.41,887387.0,871.3118
2026-08-07T20:31:36.908,2,0,MU260807C01270000,MU,2026-08-07,call,1270.0,0.0,0.0,0.03,50.0,0.015,0.03,1.0,,,,,,,2026-08-07,902.77,902.77,847.4,878.41,887387.0,871.3118
2026-08-07T20:31:36.908,2,0,MU260807C01280000,MU,2026-08-07,call,1280.0,0.0,0.0,0.01,50.0,0.005,0.01,10.0,,,,,,,2026-08-07,902.77,902.77,847.4,878.41,887387.0,871.3118
2026-08-07T20:31:36.908,2,0,MU260807C01290000,MU,2026-08-07,call,1290.0,0.0,0.0,0.01,50.0,0.005,0.01,1.0,,,,,,,2026-08-07,902.77,902.77,847.4,878.41,887387.0,871.3118
2026-08-07T20:31:36.908,2,0,MU260807C01300000,MU,2026-08-07,call,1300.0,0.0,0.0,0.01,50.0,0.005,0.01,1.0,,,,,,,2026-08-07,902.77,902.77,847.4,878.41,887387.0,871.3118
2026-08-07T20:31:36.908,2,0,MU260807C01310000,MU,2026-08-07,call,1310.0,0.0,0.0,0.01,2.0,0.005,0.01,50.0,,,,,,,2026-08-07,902.77,902.77,847.4,878.41,887387.0,871.3118
2026-08-07T20:31:36.908,2,0,MU260807C01320000,MU,2026-08-07,call,1320.0,0.0,0.0,0.03,4.0,0.015,0.01,2.0,,,,,,,2026-08-07,902.77,902.77,847.4,878.41,887387.0,871.3118
2026-08-07T20:31:36.908,2,0,MU260807C01330000,MU,2026-08-07,call,1330.0,0.0,0.0,0.08,5.0,0.04,0.05,1.0,,,,,,,2026-08-07,902.77,902.77,847.4,878.41,887387.0,871.3118
2026-08-07T20:31:36.908,2,0,MU260807C01340000,MU,2026-08-07,call,1340.0,0.0,0.0,0.1,4.0,0.05,0.01,5.0,,,,,,,2026-08-07,902.77,902.77,847.4,878.41,887387.0,871.3118
2026-08-07T20:31:36.908,2,0,MU260807C01350000,MU,2026-08-07,call,1350.0,0.0,0.0,0.01,38.0,0.005,0.01,1.0,,,,,,,2026-08-07,902.77,902.77,847.4,878.41,887387.0,871.3118
2026-08-07T20:31:36.908,2,0,MU260807C01360000,MU,2026-08-07,call,1360.0,0.0,0.0,0.01,10.0,0.005,0.02,1.0,,,,,,,2026-08-07,902.77,902.77,847.4,878.41,887387.0,871.3118
2026-08-07T20:31:36.908,2,0,MU260807C01370000,MU,2026-08-07,call,1370.0,0.0,0.0,0.06,2.0,0.03,0.06,1.0,,,,,,,2026-08-07,902.77,902.77,847.4,878.41,887387.0,871.3118
2026-08-07T20:31:36.908,2,0,MU260807C01380000,MU,2026-08-07,call,1380.0,0.0,0.0,0.07,2.0,0.035,0.01,90.0,,,,,,,2026-08-07,902.77,902.77,847.4,878.41,887387.0,871.3118
2026-08-07T20:31:36.908,2,0,MU260807C01390000,MU,2026-08-07,call,1390.0,0.0,0.0,0.01,9.0,0.005,0.01,1.0,,,,,,,2026-08-07,902.77,902.77,847.4,878.41,887387.0,871.3118
2026-08-07T20:31:36.908,2,0,MU260807C01400000,MU,2026-08-07,call,1400.0,0.0,0.0,0.03,610.0,0.015,0.01,2.0,,,,,,,2026-08-07,902.77,902.77,847.4,878.41,887387.0,871.3118
2026-08-07T20:31:36.908,2,0,MU260807C01410000,MU,2026-08-07,call,1410.0,0.0,0.0,0.01,9.0,0.005,0.01,1.0,,,,,,,2026-08-07,902.77,902.77,847.4,878.41,887387.0,871.3118
2026-08-07T20:31:36.908,2,0,MU260807C01420000,MU,2026-08-07,call,1420.0,0.0,0.0,0.01,1.0,0.005,0.01,1.0,,,,,,,2026-08-07,902.77,902.77,847.4,878.41,887387.0,871.3118
2026-08-07T20:31:36.908,2,0,MU260807C01430000,MU,2026-08-07,call,1430.0,0.0,0.0,0.08,7.0,0.04,0.02,1.0,,,,,,,2026-08-07,902.77,902.77,847.4,878.41,887387.0,871.3118
2026-08-07T20:31:36.908,2,0,MU260807C01440000,MU,2026-08-07,call,1440.0,0.0,0.0,0.12,19.0,0.06,0.02,1.0,,,,,,,2026-08-07,902.77,902.77,847.4,878.41,887387.0,871.3118
2026-08-07T20:31:36.908,2,0,MU260807C01450000,MU,2026-08-07,call,1450.0,0.0,0.0,0.03,4.0,0.015,0.01,1.0,,,,,,,2026-08-07,902.77,902.77,847.4,878.41,887387.0,871.3118
2026-08-07T20:31:36.908,2,0,MU260807C01460000,MU,2026-08-07,call,1460.0,0.0,0.0,0.01,4.0,0.005,0.13,1.0,,,,,,,2026-08-07,902.77,902.77,847.4,878.41,887387.0,871.3118
2026-08-07T20:31:36.908,2,0,MU260807C01470000,MU,2026-08-07,call,1470.0,0.0,0.0,0.12,4.0,0.06,0.12,1.0,,,,,,,2026-08-07,902.77,902.77,847.4,878.41,887387.0,871.3118
2026-08-07T20:31:36.908,2,0,MU260807C01480000,MU,2026-08-07,call,1480.0,0.0,0.0,0.49,23.0,0.245,0.02,1.0,,,,,,,2026-08-07,902.77,902.77,847.4,878.41,887387.0,871.3118
2026-08-07T20:31:36.908,2,0,MU260807C01490000,MU,2026-08-07,call,1490.0,0.0,0.0,0.07,2.0,0.035,0.04,2.0,,,,,,,2026-08-07,902.77,902.77,847.4,878.41,887387.0,871.3118
2026-08-07T20:31:36.908,2,0,MU260807C01500000,MU,2026-08-07,call,1500.0,0.0,0.0,0.01,20.0,0.005,0.01,5.0,,,,,,,2026-08-07,902.77,902.77,847.4,878.41,887387.0,871.3118
2026-08-07T20:31:36.908,2,0,MU260807C01510000,MU,2026-08-07,call,1510.0,0.0,0.0,0.07,2.0,0.035,0.01,1.0,,,,,,,2026-08-07,902.77,902.77,847.4,878.41,887387.0,871.3118
2026-08-07T20:31:36.908,2,0,MU260807C01520000,MU,2026-08-07,call,1520.0,0.0,0.0,0.02,2.0,0.01,0.02,1.0,,,,,,,2026-08-07,902.77,902.77,847.4,878.41,887387.0,871.3118
2026-08-07T20:31:36.908,2,0,MU260807C01530000,MU,2026-08-07,call,1530.0,0.0,0.0,0.03,9.0,0.015,0.02,1.0,,,,,,,2026-08-07,902.77,902.77,847.4,878.41,887387.0,871.3118
2026-08-07T20:31:36.908,2,0,MU260807C01540000,MU,2026-08-07,call,1540.0,0.0,0.0,0.03,45.0,0.015,0.07,1.0,,,,,,,2026-08-07,902.77,902.77,847.4,878.41,887387.0,871.3118
2026-08-07T20:31:36.908,2,0,MU260807C01550000,MU,2026-08-07,call,1550.0,0.0,0.0,0.45,20.0,0.225,0.15,1.0,,,,,,,2026-08-07,902.77,902.77,847.4,878.41,887387.0,871.3118
2026-08-07T20:31:36.908,2,0,MU260807C01560000,MU,2026-08-07,call,1560.0,0.0,0.0,0.23,2.0,0.115,0.01,10.0,,,,,,,2026-08-07,902.77,902.77,847.4,878.41,887387.0,871.3118
2026-08-07T20:31:36.908,2,0,MU260807C01570000,MU,2026-08-07,call,1570.0,0.0,0.0,0.45,17.0,0.225,0.13,1.0,,,,,,,2026-08-07,902.77,902.77,847.4,878.41,887387.0,871.3118
2026-08-07T20:31:36.908,2,0,MU260807C01580000,MU,2026-08-07,call,1580.0,0.0,0.0,0.07,2.0,0.035,0.05,5.0,,,,,,,2026-08-07,902.77,902.77,847.4,878.41,887387.0,871.3118
2026-08-07T20:31:36.908,2,0,MU260807C01590000,MU,2026-08-07,call,1590.0,0.0,0.0,0.03,6.0,0.015,0.03,6.0,,,,,,,2026-08-07,902.77,902.77,847.4,878.41,887387.0,871.3118
2026-08-07T20:31:36.908,2,0,MU260807C01600000,MU,2026-08-07,call,1600.0,0.0,0.0,0.11,25.0,0.055,0.01,1.0,,,,,,,2026-08-07,902.77,902.77,847.4,878.41,887387.0,871.3118
2026-08-07T20:31:36.908,2,0,MU260807C01610000,MU,2026-08-07,call,1610.0,0.0,0.0,0.01,1.0,0.005,0.01,1.0,,,,,,,2026-08-07,902.77,902.77,847.4,878.41,887387.0,871.3118
2026-08-07T20:31:36.908,2,0,MU260807C01620000,MU,2026-08-07,call,1620.0,0.0,0.0,0.03,5.0,0.015,0.02,1.0,,,,,,,2026-08-07,902.77,902.77,847.4,878.41,887387.0,871.3118
2026-08-07T20:31:36.908,2,0,MU260807C01630000,MU,2026-08-07,call,1630.0,0.0,0.0,0.03,4.0,0.015,0.02,2.0,,,,,,,2026-08-07,902.77,902.77,847.4,878.41,887387.0,871.3118
2026-08-07T20:31:36.908,2,0,MU260807C01640000,MU,2026-08-07,call,1640.0,0.0,0.0,0.03,3.0,0.015,0.05,3.0,,,,,,,2026-08-07,902.77,902.77,847.4,878.41,887387.0,871.3118
2026-08-07T20:31:36.908,2,0,MU260807C01650000,MU,2026-08-07,call,1650.0,0.0,0.0,0.07,4.0,0.035,0.01,1.0,,,,,,,2026-08-07,902.77,902.77,847.4,878.41,887387.0,871.3118
2026-08-07T20:31:36.908,2,0,MU260807C01660000,MU,2026-08-07,call,1660.0,0.0,0.0,0.03,5.0,0.015,0.04,1.0,,,,,,,2026-08-07,902.77,902.77,847.4,878.41,887387.0,871.3118
2026-08-07T20:31:36.908,2,0,MU260807C01670000,MU,2026-08-07,call,1670.0,0.0,0.0,0.07,5.0,0.035,0.04,1.0,,,,,,,2026-08-07,902.77,902.77,847.4,878.41,887387.0,871.3118
2026-08-07T20:31:36.908,2,0,MU260807C01680000,MU,2026-08-07,call,1680.0,0.0,0.0,0.07,2.0,0.035,0.06,1.0,,,,,,,2026-08-07,902.77,902.77,847.4,878.41,887387.0,871.3118
2026-08-07T20:31:36.908,2,0,MU260807C01690000,MU,2026-08-07,call,1690.0,0.0,0.0,0.03,2.0,0.015,0.08,1.0,,,,,,,2026-08-07,902.77,902.77,847.4,878.41,887387.0,871.3118
2026-08-07T20:31:36.908,2,0,MU260807C01700000,MU,2026-08-07,call,1700.0,0.0,0.0,0.03,7.0,0.015,0.01,1.0,,,,,,,2026-08-07,902.77,902.77,847.4,878.41,887387.0,871.3118
2026-08-07T20:31:36.908,2,0,MU260807C01710000,MU,2026-08-07,call,1710.0,0.0,0.0,0.01,10.0,0.005,0.06,1.0,,,,,,,2026-08-07,902.77,902.77,847.4,878.41,887387.0,871.3118
2026-08-07T20:31:36.908,2,0,MU260807C01720000,MU,2026-08-07,call,1720.0,0.0,0.0,0.03,10.0,0.015,0.01,5.0,,,,,,,2026-08-07,902.77,902.77,847.4,878.41,887387.0,871.3118
2026-08-07T20:31:36.908,2,0,MU260807C01730000,MU,2026-08-07,call,1730.0,0.0,0.0,0.03,7.0,0.015,0.01,1.0,,,,,,,2026-08-07,902.77,902.77,847.4,878.41,887387.0,871.3118
2026-08-07T20:31:36.908,2,0,MU260807C01740000,MU,2026-08-07,call,1740.0,0.0,0.0,0.03,10.0,0.015,0.01,3.0,,,,,,,2026-08-07,902.77,902.77,847.4,878.41,887387.0,871.3118
2026-08-07T20:31:36.908,2,0,MU260807C01750000,MU,2026-08-07,call,1750.0,0.0,0.0,0.01,10.0,0.005,0.08,2.0,,,,,,,2026-08-07,902.77,902.77,847.4,878.41,887387.0,871.3118
2026-08-07T20:31:36.908,2,0,MU260807C01760000,MU,2026-08-07,call,1760.0,0.0,0.0,0.03,10.0,0.015,0.03,1.0,,,,,,,2026-08-07,902.77,902.77,847.4,878.41,887387.0,871.3118
2026-08-07T20:31:36.908,2,0,MU260807C01770000,MU,2026-08-07,call,1770.0,0.0,0.0,0.03,10.0,0.015,0.01,1.0,,,,,,,2026-08-07,902.77,902.77,847.4,878.41,887387.0,871.3118
2026-08-07T20:31:36.908,2,0,MU260807C01780000,MU,2026-08-07,call,1780.0,0.0,0.0,0.03,10.0,0.015,0.03,1.0,,,,,,,2026-08-07,902.77,902.77,847.4,878.41,887387.0,871.3118
2026-08-07T20:31:36.908,2,0,MU260807C01790000,MU,2026-08-07,call,1790.0,0.0,0.0,0.03,9.0,0.015,0.01,2.0,,,,,,,2026-08-07,902.77,902.77,847.4,878.41,887387.0,871.3118
2026-08-07T20:31:36.908,2,0,MU260807C01800000,MU,2026-08-07,call,1800.0,0.0,0.0,0.01,3.0,0.005,0.01,1.0,,,,,,,2026-08-07,902.77,902.77,847.4,878.41,887387.0,871.3118
2026-08-07T20:31:36.908,2,0,MU260807C01810000,MU,2026-08-07,call,1810.0,0.0,0.0,0.01,2.0,0.005,0.01,1.0,,,,,,,2026-08-07,902.77,902.77,847.4,878.41,887387.0,871.3118
2026-08-07T20:31:36.908,2,0,MU260807C01820000,MU,2026-08-07,call,1820.0,0.0,0.0,0.01,1.0,0.005,0.01,3.0,,,,,,,2026-08-07,902.77,902.77,847.4,878.41,887387.0,871.3118
2026-08-07T20:31:36.908,2,0,MU260807C01830000,MU,2026-08-07,call,1830.0,0.0,0.0,0.01,10.0,0.005,0.15,1.0,,,,,,,2026-08-07,902.77,902.77,847.4,878.41,887387.0,871.3118
2026-08-07T20:31:36.908,2,0,MU260807C01840000,MU,2026-08-07,call,1840.0,0.0,0.0,0.01,20.0,0.005,0.01,1.0,,,,,,,2026-08-07,902.77,902.77,847.4,878.41,887387.0,871.3118
2026-08-07T20:31:36.908,2,0,MU260807C01850000,MU,2026-08-07,call,1850.0,0.0,0.0,0.01,10.0,0.005,0.01,1.0,,,,,,,2026-08-07,902.77,902.77,847.4,878.41,887387.0,871.3118
2026-08-07T20:31:36.908,2,0,MU260807C01860000,MU,2026-08-07,call,1860.0,0.0,0.0,0.03,3.0,0.015,0.02,2.0,,,,,,,2026-08-07,902.77,902.77,847.4,878.41,887387.0,871.3118
2026-08-07T20:31:36.908,2,0,MU260807C01870000,MU,2026-08-07,call,1870.0,0.0,0.0,0.03,3.0,0.015,0.02,1.0,,,,,,,2026-08-07,902.77,902.77,847.4,878.41,887387.0,871.3118
2026-08-07T20:31:36.908,2,0,MU260807C01880000,MU,2026-08-07,call,1880.0,0.0,0.0,0.84,1.0,0.42,0.01,1.0,,,,,,,2026-08-07,902.77,902.77,847.4,878.41,887387.0,871.3118
2026-08-07T20:31:36.908,2,0,MU260807C01890000,MU,2026-08-07,call,1890.0,0.0,0.0,0.03,3.0,0.015,0.17,1.0,,,,,,,2026-08-07,902.77,902.77,847.4,878.41,887387.0,871.3118
2026-08-07T20:31:36.908,2,0,MU260807C01900000,MU,2026-08-07,call,1900.0,0.0,0.0,0.01,4.0,0.005,0.01,1.0,,,,,,,2026-08-07,902.77,902.77,847.4,878.41,887387.0,871.3118
2026-08-07T20:31:36.908,2,0,MU260807C01910000,MU,2026-08-07,call,1910.0,0.0,0.0,0.01,3.0,0.005,0.01,1.0,,,,,,,2026-08-07,902.77,902.77,847.4,878.41,887387.0,871.3118
2026-08-07T20:31:36.908,2,0,MU260807C01920000,MU,2026-08-07,call,1920.0,0.0,0.0,0.01,3.0,0.005,0.01,1.0,,,,,,,2026-08-07,902.77,902.77,847.4,878.41,887387.0,871.3118
2026-08-07T20:31:36.908,2,0,MU260807C01930000,MU,2026-08-07,call,1930.0,0.0,0.0,0.84,1.0,0.42,0.01,1.0,,,,,,,2026-08-07,902.77,902.77,847.4,878.41,887387.0,871.3118
2026-08-07T20:31:36.908,2,0,MU260807C01940000,MU,2026-08-07,call,1940.0,0.0,0.0,0.03,10.0,0.015,0.01,1.0,,,,,,,2026-08-07,902.77,902.77,847.4,878.41,887387.0,871.3118
2026-08-07T20:31:36.908,2,0,MU260807C01950000,MU,2026-08-07,call,1950.0,0.0,0.0,0.84,1.0,0.42,0.01,1.0,,,,,,,2026-08-07,902.77,902.77,847.4,878.41,887387.0,871.3118
2026-08-07T20:31:36.908,2,0,MU260807C01960000,MU,2026-08-07,call,1960.0,0.0,0.0,0.88,1.0,0.44,0.01,5.0,,,,,,,2026-08-07,902.77,902.77,847.4,878.41,887387.0,871.3118
2026-08-07T20:31:36.908,2,0,MU260807C01970000,MU,2026-08-07,call,1970.0,0.0,0.0,0.03,6.0,0.015,0.01,1.0,,,,,,,2026-08-07,902.77,902.77,847.4,878.41,887387.0,871.3118
2026-08-07T20:31:36.908,2,0,MU260807C01980000,MU,2026-08-07,call,1980.0,0.0,0.0,0.01,10.0,0.005,0.01,1.0,,,,,,,2026-08-07,902.77,902.77,847.4,878.41,887387.0,871.3118
2026-08-07T20:31:36.908,2,0,MU260807C01990000,MU,2026-08-07,call,1990.0,0.0,0.0,0.22,2.0,0.11,0.01,2.0,,,,,,,2026-08-07,902.77,902.77,847.4,878.41,887387.0,871.3118
2026-08-07T20:31:36.908,2,0,MU260807C02000000,MU,2026-08-07,call,2000.0,0.0,0.0,0.03,1072.0,0.015,0.01,2.0,,,,,,,2026-08-07,902.77,902.77,847.4,878.41,887387.0,871.3118
2026-08-07T20:31:36.908,2,0,MU260807C02010000,MU,2026-08-07,call,2010.0,0.0,0.0,0.03,5.0,0.015,0.01,2.0,,,,,,,2026-08-07,902.77,902.77,847.4,878.41,887387.0,871.3118
2026-08-07T20:31:36.908,2,0,MU260807C02020000,MU,2026-08-07,call,2020.0,0.0,0.0,0.01,10.0,0.005,0.15,1.0,,,,,,,2026-08-07,902.77,902.77,847.4,878.41,887387.0,871.3118
2026-08-07T20:31:36.908,2,0,MU260807C02030000,MU,2026-08-07,call,2030.0,0.0,0.0,0.45,28.0,0.225,0.09,1.0,,,,,,,2026-08-07,902.77,902.77,847.4,878.41,887387.0,871.3118
2026-08-07T20:31:36.908,2,0,MU260807C02040000,MU,2026-08-07,call,2040.0,0.0,0.0,0.01,245.0,0.005,0.01,1.0,,,,,,,2026-08-07,902.77,902.77,847.4,878.41,887387.0,871.3118
2026-08-07T20:31:36.908,2,0,MU260807C02050000,MU,2026-08-07,call,2050.0,0.0,0.0,0.45,31.0,0.225,0.16,1.0,,,,,,,2026-08-07,902.77,902.77,847.4,878.41,887387.0,871.3118
2026-08-07T20:31:36.908,2,0,MU260807C02060000,MU,2026-08-07,call,2060.0,0.0,0.0,0.01,1.0,0.005,0.01,1.0,,,,,,,2026-08-07,902.77,902.77,847.4,878.41,887387.0,871.3118
2026-08-07T20:31:36.908,2,0,MU260807C02070000,MU,2026-08-07,call,2070.0,0.0,0.0,0.37,32.0,0.185,0.01,1.0,,,,,,,2026-08-07,902.77,902.77,847.4,878.41,887387.0,871.3118
2026-08-07T20:31:36.908,2,0,MU260807C02080000,MU,2026-08-07,call,2080.0,0.0,0.0,0.45,25.0,0.225,0.15,1.0,,,,,,,2026-08-07,902.77,902.77,847.4,878.41,887387.0,871.3118
2026-08-07T20:31:36.908,2,0,MU260807C02090000,MU,2026-08-07,call,2090.0,0.0,0.0,0.49,29.0,0.245,0.15,1.0,,,,,,,2026-08-07,902.77,902.77,847.4,878.41,887387.0,871.3118
2026-08-07T20:31:36.908,2,0,MU260807C02100000,MU,2026-08-07,call,2100.0,0.0,0.0,0.45,26.0,0.225,0.16,1.0,,,,,,,2026-08-07,902.77,902.77,847.4,878.41,887387.0,871.3118
2026-08-07T20:31:36.908,2,0,MU260807C02110000,MU,2026-08-07,call,2110.0,0.0,0.0,0.11,2.0,0.055,0.13,1.0,,,,,,,2026-08-07,902.77,902.77,847.4,878.41,887387.0,871.3118
2026-08-07T20:31:36.908,2,0,MU260807C02120000,MU,2026-08-07,call,2120.0,0.0,0.0,0.45,20.0,0.225,0.01,1.0,,,,,,,2026-08-07,902.77,902.77,847.4,878.41,887387.0,871.3118
2026-08-07T20:31:36.908,2,0,MU260807C02130000,MU,2026-08-07,call,2130.0,0.0,0.0,0.49,28.0,0.245,0.13,1.0,,,,,,,2026-08-07,902.77,902.77,847.4,878.41,887387.0,871.3118
2026-08-07T20:31:36.908,2,0,MU260807C02140000,MU,2026-08-07,call,2140.0,0.0,0.0,0.45,15.0,0.225,0.02,1.0,,,,,,,2026-08-07,902.77,902.77,847.4,878.41,887387.0,871.3118
2026-08-07T20:31:36.908,2,0,MU260807C02150000,MU,2026-08-07,call,2150.0,0.0,0.0,0.05,2.0,0.025,0.16,1.0,,,,,,,2026-08-07,902.77,902.77,847.4,878.41,887387.0,871.3118
2026-08-07T20:31:36.908,2,0,MU260807C02160000,MU,2026-08-07,call,2160.0,0.0,0.0,0.08,2.0,0.04,0.12,1.0,,,,,,,2026-08-07,902.77,902.77,847.4,878.41,887387.0,871.3118
2026-08-07T20:31:36.908,2,0,MU260807C02170000,MU,2026-08-07,call,2170.0,0.0,0.0,0.45,20.0,0.225,0.13,1.0,,,,,,,2026-08-07,902.77,902.77,847.4,878.41,887387.0,871.3118
2026-08-07T20:31:36.908,2,0,MU260807C02180000,MU,2026-08-07,call,2180.0,0.0,0.0,0.45,17.0,0.225,0.16,1.0,,,,,,,2026-08-07,902.77,902.77,847.4,878.41,887387.0,871.3118
2026-08-07T20:31:36.908,2,0,MU260807C02190000,MU,2026-08-07,call,2190.0,0.0,0.0,0.45,19.0,0.225,0.16,1.0,,,,,,,2026-08-07,902.77,902.77,847.4,878.41,887387.0,871.3118
2026-08-07T20:31:36.908,2,0,MU260807C02200000,MU,2026-08-07,call,2200.0,0.0,0.0,0.08,2.0,0.04,0.01,2.0,,,,,,,2026-08-07,902.77,902.77,847.4,878.41,887387.0,871.3118
2026-08-07T20:31:36.908,2,0,MU260807C02210000,MU,2026-08-07,call,2210.0,0.0,0.0,0.49,31.0,0.245,0.16,1.0,,,,,,,2026-08-07,902.77,902.77,847.4,878.41,887387.0,871.3118
2026-08-07T20:31:36.908,2,0,MU260807C02220000,MU,2026-08-07,call,2220.0,0.0,0.0,0.49,17.0,0.245,0.16,1.0,,,,,,,2026-08-07,902.77,902.77,847.4,878.41,887387.0,871.3118
2026-08-07T20:31:36.908,2,0,MU260807C02230000,MU,2026-08-07,call,2230.0,0.0,0.0,0.49,23.0,0.245,0.08,1.0,,,,,,,2026-08-07,902.77,902.77,847.4,878.41,887387.0,871.3118
2026-08-07T20:31:36.908,2,0,MU260807C02240000,MU,2026-08-07,call,2240.0,0.0,0.0,0.45,16.0,0.225,0.15,1.0,,,,,,,2026-08-07,902.77,902.77,847.4,878.41,887387.0,871.3118
2026-08-07T20:31:36.908,2,0,MU260807C02250000,MU,2026-08-07,call,2250.0,0.0,0.0,0.49,23.0,0.245,0.1,1.0,,,,,,,2026-08-07,902.77,902.77,847.4,878.41,887387.0,871.3118
2026-08-07T20:31:36.908,2,0,MU260807C02260000,MU,2026-08-07,call,2260.0,0.0,0.0,0.45,26.0,0.225,0.1,1.0,,,,,,,2026-08-07,902.77,902.77,847.4,878.41,887387.0,871.3118
2026-08-07T20:31:36.908,2,0,MU260807C02270000,MU,2026-08-07,call,2270.0,0.0,0.0,0.45,16.0,0.225,0.02,1.0,,,,,,,2026-08-07,902.77,902.77,847.4,878.41,887387.0,871.3118
2026-08-07T20:31:36.908,2,0,MU260807C02280000,MU,2026-08-07,call,2280.0,0.0,0.0,0.03,46.0,0.015,0.01,5.0,,,,,,,2026-08-07,902.77,902.77,847.4,878.41,887387.0,871.3118
2026-08-07T20:31:36.908,2,0,MU260807C02290000,MU,2026-08-07,call,2290.0,0.0,0.0,20.1,1.0,10.05,0.01,1.0,,,,,,,2026-08-07,902.77,902.77,847.4,878.41,887387.0,871.3118
2026-08-07T20:31:36.908,2,0,MU260807C02300000,MU,2026-08-07,call,2300.0,0.0,0.0,0.01,993.0,0.005,0.01,1.0,,,,,,,2026-08-07,902.77,902.77,847.4,878.41,887387.0,871.3118
2026-08-07T20:31:36.908,2,0,MU260807C02310000,MU,2026-08-07,call,2310.0,0.0,0.0,0.84,1.0,0.42,0.01,20.0,,,,,,,2026-08-07,902.77,902.77,847.4,878.41,887387.0,871.3118
2026-08-07T20:31:36.908,2,0,MU260807C02320000,MU,2026-08-07,call,2320.0,0.0,0.0,0.88,1.0,0.44,0.01,1.0,,,,,,,2026-08-07,902.77,902.77,847.4,878.41,887387.0,871.3118
2026-08-07T20:31:36.908,2,0,MU260807C02330000,MU,2026-08-07,call,2330.0,0.0,0.0,0.84,1.0,0.42,0.01,1.0,,,,,,,2026-08-07,902.77,902.77,847.4,878.41,887387.0,871.3118
2026-08-07T20:31:36.908,2,0,MU260807C02340000,MU,2026-08-07,call,2340.0,0.0,0.0,0.84,2.0,0.42,0.01,6.0,,,,,,,2026-08-07,902.77,902.77,847.4,878.41,887387.0,871.3118
2026-08-07T20:31:36.908,2,0,MU260807C02350000,MU,2026-08-07,call,2350.0,0.0,0.0,0.49,27.0,0.245,0.01,2.0,,,,,,,2026-08-07,902.77,902.77,847.4,878.41,887387.0,871.3118
2026-08-07T20:31:36.908,2,0,MU260807C02360000,MU,2026-08-07,call,2360.0,0.0,0.0,0.49,23.0,0.245,0.07,1.0,,,,,,,2026-08-07,902.77,902.77,847.4,878.41,887387.0,871.3118
2026-08-07T20:31:36.908,2,0,MU260807C02370000,MU,2026-08-07,call,2370.0,0.0,0.0,0.49,25.0,0.245,0.02,1.0,,,,,,,2026-08-07,902.77,902.77,847.4,878.41,887387.0,871.3118
2026-08-07T20:31:36.908,2,0,MU260807C02380000,MU,2026-08-07,call,2380.0,0.0,0.0,0.12,2.0,0.06,0.05,1.0,,,,,,,2026-08-07,902.77,902.77,847.4,878.41,887387.0,871.3118
2026-08-07T20:31:36.908,2,0,MU260807C02390000,MU,2026-08-07,call,2390.0,0.0,0.0,0.45,22.0,0.225,0.03,1.0,,,,,,,2026-08-07,902.77,902.77,847.4,878.41,887387.0,871.3118
2026-08-07T20:31:36.908,2,0,MU260807C02400000,MU,2026-08-07,call,2400.0,0.0,0.0,0.63,2.0,0.315,0.01,1.0,,,,,,,2026-08-07,902.77,902.77,847.4,878.41,887387.0,871.3118
2026-08-07T20:31:36.908,2,0,MU260807C02410000,MU,2026-08-07,call,2410.0,0.0,0.0,0.88,1.0,0.44,0.17,1.0,,,,,,,2026-08-07,902.77,902.77,847.4,878.41,887387.0,871.3118
2026-08-07T20:31:36.908,2,0,MU260807C02420000,MU,2026-08-07,call,2420.0,0.0,0.0,0.84,1.0,0.42,0.13,1.0,,,,,,,2026-08-07,902.77,902.77,847.4,878.41,887387.0,871.3118
2026-08-07T20:31:36.908,2,0,MU260807C02430000,MU,2026-08-07,call,2430.0,0.0,0.0,0.88,1.0,0.44,0.01,1.0,,,,,,,2026-08-07,902.77,902.77,847.4,878.41,887387.0,871.3118
2026-08-07T20:31:36.908,2,0,MU260807C02440000,MU,2026-08-07,call,2440.0,0.0,0.0,0.88,63.0,0.44,0.17,1.0,,,,,,,2026-08-07,902.77,902.77,847.4,878.41,887387.0,871.3118
2026-08-07T20:31:36.908,2,0,MU260807C02450000,MU,2026-08-07,call,2450.0,0.0,0.0,0.84,1.0,0.42,0.2,1.0,,,,,,,2026-08-07,902.77,902.77,847.4,878.41,887387.0,871.3118
2026-08-07T20:31:36.908,2,0,MU260807C02460000,MU,2026-08-07,call,2460.0,0.0,0.0,0.84,271.0,0.42,0.03,1.0,,,,,,,2026-08-07,902.77,902.77,847.4,878.41,887387.0,871.3118
2026-08-07T20:31:36.908,2,0,MU260807C02470000,MU,2026-08-07,call,2470.0,0.0,0.0,0.84,271.0,0.42,0.01,1.0,,,,,,,2026-08-07,902.77,902.77,847.4,878.41,887387.0,871.3118
2026-08-07T20:31:36.908,2,0,MU260807C02480000,MU,2026-08-07,call,2480.0,0.0,0.0,0.88,1.0,0.44,1.7,3.0,,,,,,,2026-08-07,902.77,902.77,847.4,878.41,887387.0,871.3118
2026-08-07T20:31:36.908,2,0,MU260807C02490000,MU,2026-08-07,call,2490.0,0.0,0.0,0.88,1.0,0.44,0.03,1.0,,,,,,,2026-08-07,902.77,902.77,847.4,878.41,887387.0,871.3118
2026-08-07T20:31:36.908,2,0,MU260807C02500000,MU,2026-08-07,call,2500.0,0.0,0.0,0.01,1659.0,0.005,0.01,2.0,,,,,,,2026-08-07,902.77,902.77,847.4,878.41,887387.0,871.3118
2026-08-07T20:31:36.908,2,0,MU260807P00005000,MU,2026-08-07,put,5.0,0.0,0.0,0.01,115.0,0.005,0.01,4.0,,,,,,,2026-08-07,902.77,902.77,847.4,878.41,887387.0,871.3118
2026-08-07T20:31:36.908,2,0,MU260807P00010000,MU,2026-08-07,put,10.0,0.0,0.0,0.03,5.0,0.015,0.01,10.0,,,,,,,2026-08-07,902.77,902.77,847.4,878.41,887387.0,871.3118
2026-08-07T20:31:36.908,2,0,MU260807P00015000,MU,2026-08-07,put,15.0,0.0,0.0,0.03,1000.0,0.015,0.01,4.0,,,,,,,2026-08-07,902.77,902.77,847.4,878.41,887387.0,871.3118
2026-08-07T20:31:36.908,2,0,MU260807P00020000,MU,2026-08-07,put,20.0,0.0,0.0,0.03,5.0,0.015,0.01,10.0,,,,,,,2026-08-07,902.77,902.77,847.4,878.41,887387.0,871.3118
2026-08-07T20:31:36.908,2,0,MU260807P00025000,MU,2026-08-07,put,25.0,0.0,0.0,0.84,1.0,0.42,0.01,4.0,,,,,,,2026-08-07,902.77,902.77,847.4,878.41,887387.0,871.3118
2026-08-07T20:31:36.908,2,0,MU260807P00030000,MU,2026-08-07,put,30.0,0.0,0.0,0.01,5.0,0.005,0.01,1.0,,,,,,,2026-08-07,902.77,902.77,847.4,878.41,887387.0,871.3118
2026-08-07T20:31:36.908,2,0,MU260807P00035000,MU,2026-08-07,put,35.0,0.0,0.0,0.03,5.0,0.015,0.03,2.0,,,,,,,2026-08-07,902.77,902.77,847.4,878.41,887387.0,871.3118
2026-08-07T20:31:36.908,2,0,MU260807P00040000,MU,2026-08-07,put,40.0,0.0,0.0,20.04,1.0,10.02,0.01,2.0,,,,,,,2026-08-07,902.77,902.77,847.4,878.41,887387.0,871.3118
2026-08-07T20:31:36.908,2,0,MU260807P00045000,MU,2026-08-07,put,45.0,0.0,0.0,0.03,5.0,0.015,0.01,1.0,,,,,,,2026-08-07,902.77,902.77,847.4,878.41,887387.0,871.3118
2026-08-07T20:31:36.908,2,0,MU260807P00050000,MU,2026-08-07,put,50.0,0.0,0.0,0.88,1.0,0.44,0.01,2.0,,,,,,,2026-08-07,902.77,902.77,847.4,878.41,887387.0,871.3118
2026-08-07T20:31:36.908,2,0,MU260807P00055000,MU,2026-08-07,put,55.0,0.0,0.0,0.03,1750.0,0.015,0.01,8.0,,,,,,,2026-08-07,902.77,902.77,847.4,878.41,887387.0,871.3118
2026-08-07T20:31:36.908,2,0,MU260807P00060000,MU,2026-08-07,put,60.0,0.0,0.0,0.01,5.0,0.005,0.01,2.0,,,,,,,2026-08-07,902.77,902.77,847.4,878.41,887387.0,871.3118
2026-08-07T20:31:36.908,2,0,MU260807P00065000,MU,2026-08-07,put,65.0,0.0,0.0,0.84,1.0,0.42,0.01,1.0,,,,,,,2026-08-07,902.77,902.77,847.4,878.41,887387.0,871.3118
2026-08-07T20:31:36.908,2,0,MU260807P00070000,MU,2026-08-07,put,70.0,0.0,0.0,0.01,1.0,0.005,0.01,2.0,,,,,,,2026-08-07,902.77,902.77,847.4,878.41,887387.0,871.3118
2026-08-07T20:31:36.908,2,0,MU260807P00075000,MU,2026-08-07,put,75.0,0.0,0.0,0.88,1.0,0.44,0.01,7.0,,,,,,,2026-08-07,902.77,902.77,847.4,878.41,887387.0,871.3118
2026-08-07T20:31:36.908,2,0,MU260807P00080000,MU,2026-08-07,put,80.0,0.0,0.0,0.03,250.0,0.015,0.01,10.0,,,,,,,2026-08-07,902.77,902.77,847.4,878.41,887387.0,871.3118
2026-08-07T20:31:36.908,2,0,MU260807P00085000,MU,2026-08-07,put,85.0,0.0,0.0,0.16,2.0,0.08,0.02,1.0,,,,,,,2026-08-07,902.77,902.77,847.4,878.41,887387.0,871.3118
2026-08-07T20:31:36.908,2,0,MU260807P00090000,MU,2026-08-07,put,90.0,0.0,0.0,0.01,5.0,0.005,0.05,1.0,,,,,,,2026-08-07,902.77,902.77,847.4,878.41,887387.0,871.3118
2026-08-07T20:31:36.908,2,0,MU260807P00095000,MU,2026-08-07,put,95.0,0.0,0.0,0.03,1000.0,0.015,0.03,1.0,,,,,,,2026-08-07,902.77,902.77,847.4,878.41,887387.0,871.3118
2026-08-07T20:31:36.908,2,0,MU260807P00100000,MU,2026-08-07,put,100.0,0.0,0.0,0.03,2000.0,0.015,0.01,1.0,,,,,,,2026-08-07,902.77,902.77,847.4,878.41,887387.0,871.3118
2026-08-07T20:31:36.908,2,0,MU260807P00105000,MU,2026-08-07,put,105.0,0.0,0.0,0.04,5.0,0.02,0.03,1.0,,,,,,,2026-08-07,902.77,902.77,847.4,878.41,887387.0,871.3118
2026-08-07T20:31:36.908,2,0,MU260807P00110000,MU,2026-08-07,put,110.0,0.0,0.0,0.01,5.0,0.005,0.01,1.0,,,,,,,2026-08-07,902.77,902.77,847.4,878.41,887387.0,871.3118
2026-08-07T20:31:36.908,2,0,MU260807P00115000,MU,2026-08-07,put,115.0,0.0,0.0,0.07,2.0,0.035,0.04,1.0,,,,,,,2026-08-07,902.77,902.77,847.4,878.41,887387.0,871.3118
2026-08-07T20:31:36.908,2,0,MU260807P00120000,MU,2026-08-07,put,120.0,0.0,0.0,0.01,7.0,0.005,0.01,3.0,,,,,,,2026-08-07,902.77,902.77,847.4,878.41,887387.0,871.3118
2026-08-07T20:31:36.908,2,0,MU260807P00125000,MU,2026-08-07,put,125.0,0.0,0.0,0.03,23.0,0.015,0.01,1.0,,,,,,,2026-08-07,902.77,902.77,847.4,878.41,887387.0,871.3118
2026-08-07T20:31:36.908,2,0,MU260807P00130000,MU,2026-08-07,put,130.0,0.0,0.0,0.04,2.0,0.02,0.1,1.0,,,,,,,2026-08-07,902.77,902.77,847.4,878.41,887387.0,871.3118
2026-08-07T20:31:36.908,2,0,MU260807P00135000,MU,2026-08-07,put,135.0,0.0,0.0,0.03,2.0,0.015,0.01,1.0,,,,,,,2026-08-07,902.77,902.77,847.4,878.41,887387.0,871.3118
2026-08-07T20:31:36.908,2,0,MU260807P00140000,MU,2026-08-07,put,140.0,0.0,0.0,0.01,2.0,0.005,0.03,1.0,,,,,,,2026-08-07,902.77,902.77,847.4,878.41,887387.0,871.3118
2026-08-07T20:31:36.908,2,0,MU260807P00145000,MU,2026-08-07,put,145.0,0.0,0.0,0.08,28.0,0.04,0.08,1.0,,,,,,,2026-08-07,902.77,902.77,847.4,878.41,887387.0,871.3118
2026-08-07T20:31:36.908,2,0,MU260807P00150000,MU,2026-08-07,put,150.0,0.0,0.0,0.03,5.0,0.015,0.01,1.0,,,,,,,2026-08-07,902.77,902.77,847.4,878.41,887387.0,871.3118
2026-08-07T20:31:36.908,2,0,MU260807P00155000,MU,2026-08-07,put,155.0,0.0,0.0,0.02,1.0,0.01,0.02,1.0,,,,,,,2026-08-07,902.77,902.77,847.4,878.41,887387.0,871.3118
2026-08-07T20:31:36.908,2,0,MU260807P00160000,MU,2026-08-07,put,160.0,0.0,0.0,0.03,15.0,0.015,0.01,8.0,,,,,,,2026-08-07,902.77,902.77,847.4,878.41,887387.0,871.3118
2026-08-07T20:31:36.908,2,0,MU260807P00165000,MU,2026-08-07,put,165.0,0.0,0.0,0.03,5.0,0.015,0.01,1.0,,,,,,,2026-08-07,902.77,902.77,847.4,878.41,887387.0,871.3118
2026-08-07T20:31:36.908,2,0,MU260807P00170000,MU,2026-08-07,put,170.0,0.0,0.0,0.03,2.0,0.015,0.01,5.0,,,,,,,2026-08-07,902.77,902.77,847.4,878.41,887387.0,871.3118
2026-08-07T20:31:36.908,2,0,MU260807P00175000,MU,2026-08-07,put,175.0,0.0,0.0,0.03,1.0,0.015,0.02,1.0,,,,,,,2026-08-07,902.77,902.77,847.4,878.41,887387.0,871.3118
2026-08-07T20:31:36.908,2,0,MU260807P00180000,MU,2026-08-07,put,180.0,0.0,0.0,0.13,2.0,0.065,0.05,1.0,,,,,,,2026-08-07,902.77,902.77,847.4,878.41,887387.0,871.3118
2026-08-07T20:31:36.908,2,0,MU260807P00185000,MU,2026-08-07,put,185.0,0.0,0.0,0.52,1.0,0.26,0.01,2.0,,,,,,,2026-08-07,902.77,902.77,847.4,878.41,887387.0,871.3118
2026-08-07T20:31:36.908,2,0,MU260807P00190000,MU,2026-08-07,put,190.0,0.0,0.0,19.71,1.0,9.855,0.01,2.0,,,,,,,2026-08-07,902.77,902.77,847.4,878.41,887387.0,871.3118
2026-08-07T20:31:36.908,2,0,MU260807P00195000,MU,2026-08-07,put,195.0,0.0,0.0,0.88,1.0,0.44,0.01,151.0,,,,,,,2026-08-07,902.77,902.77,847.4,878.41,887387.0,871.3118
2026-08-07T20:31:36.908,2,0,MU260807P00200000,MU,2026-08-07,put,200.0,0.0,0.0,0.01,1.0,0.005,0.01,100.0,,,,,,,2026-08-07,902.77,902.77,847.4,878.41,887387.0,871.3118
2026-08-07T20:31:36.908,2,0,MU260807P00205000,MU,2026-08-07,put,205.0,0.0,0.0,0.84,1.0,0.42,0.01,1.0,,,,,,,2026-08-07,902.77,902.77,847.4,878.41,887387.0,871.3118
2026-08-07T20:31:36.908,2,0,MU260807P00210000,MU,2026-08-07,put,210.0,0.0,0.0,0.84,1.0,0.42,0.01,100.0,,,,,,,2026-08-07,902.77,902.77,847.4,878.41,887387.0,871.3118
2026-08-07T20:31:36.908,2,0,MU260807P00215000,MU,2026-08-07,put,215.0,0.0,0.0,0.18,8.0,0.09,0.03,1.0,,,,,,,2026-08-07,902.77,902.77,847.4,878.41,887387.0,871.3118
2026-08-07T20:31:36.908,2,0,MU260807P00220000,MU,2026-08-07,put,220.0,0.0,0.0,0.71,3.0,0.355,0.01,10.0,,,,,,,2026-08-07,902.77,902.77,847.4,878.41,887387.0,871.3118
2026-08-07T20:31:36.908,2,0,MU260807P00225000,MU,2026-08-07,put,225.0,0.0,0.0,0.56,1.0,0.28,0.02,1.0,,,,,,,2026-08-07,902.77,902.77,847.4,878.41,887387.0,871.3118
2026-08-07T20:31:36.908,2,0,MU260807P00230000,MU,2026-08-07,put,230.0,0.0,0.0,0.57,2.0,0.285,0.03,2.0,,,,,,,2026-08-07,902.77,902.77,847.4,878.41,887387.0,871.3118
2026-08-07T20:31:36.908,2,0,MU260807P00235000,MU,2026-08-07,put,235.0,0.0,0.0,0.01,3.0,0.005,0.01,150.0,,,,,,,2026-08-07,902.77,902.77,847.4,878.41,887387.0,871.3118
2026-08-07T20:31:36.908,2,0,MU260807P00240000,MU,2026-08-07,put,240.0,0.0,0.0,0.01,1.0,0.005,0.01,146.0,,,,,,,2026-08-07,902.77,902.77,847.4,878.41,887387.0,871.3118
2026-08-07T20:31:36.908,2,0,MU260807P00245000,MU,2026-08-07,put,245.0,0.0,0.0,0.12,2.0,0.06,0.01,1.0,,,,,,,2026-08-07,902.77,902.77,847.4,878.41,887387.0,871.3118
2026-08-07T20:31:36.908,2,0,MU260807P00250000,MU,2026-08-07,put,250.0,0.0,0.0,0.84,1.0,0.42,0.01,150.0,,,,,,,2026-08-07,902.77,902.77,847.4,878.41,887387.0,871.3118
2026-08-07T20:31:36.908,2,0,MU260807P00255000,MU,2026-08-07,put,255.0,0.0,0.0,0.54,28.0,0.27,0.02,1.0,,,,,,,2026-08-07,902.77,902.77,847.4,878.41,887387.0,871.3118
2026-08-07T20:31:36.908,2,0,MU260807P00260000,MU,2026-08-07,put,260.0,0.0,0.0,0.03,3.0,0.015,0.01,1.0,,,,,,,2026-08-07,902.77,902.77,847.4,878.41,887387.0,871.3118
2026-08-07T20:31:36.908,2,0,MU260807P00265000,MU,2026-08-07,put,265.0,0.0,0.0,0.12,11.0,0.06,0.01,5.0,,,,,,,2026-08-07,902.77,902.77,847.4,878.41,887387.0,871.3118
2026-08-07T20:31:36.908,2,0,MU260807P00270000,MU,2026-08-07,put,270.0,0.0,0.0,0.52,3.0,0.26,0.01,2.0,,,,,,,2026-08-07,902.77,902.77,847.4,878.41,887387.0,871.3118
2026-08-07T20:31:36.908,2,0,MU260807P00275000,MU,2026-08-07,put,275.0,0.0,0.0,0.13,10.0,0.065,0.06,2.0,,,,,,,2026-08-07,902.77,902.77,847.4,878.41,887387.0,871.3118
2026-08-07T20:31:36.908,2,0,MU260807P00280000,MU,2026-08-07,put,280.0,0.0,0.0,0.29,10.0,0.145,0.08,1.0,,,,,,,2026-08-07,902.77,902.77,847.4,878.41,887387.0,871.3118
2026-08-07T20:31:36.908,2,0,MU260807P00285000,MU,2026-08-07,put,285.0,0.0,0.0,0.02,2.0,0.01,0.02,1.0,,,,,,,2026-08-07,902.77,902.77,847.4,878.41,887387.0,871.3118
2026-08-07T20:31:36.908,2,0,MU260807P00290000,MU,2026-08-07,put,290.0,0.0,0.0,0.13,1.0,0.065,0.08,1.0,,,,,,,2026-08-07,902.77,902.77,847.4,878.41,887387.0,871.3118
2026-08-07T20:31:36.908,2,0,MU260807P00295000,MU,2026-08-07,put,295.0,0.0,0.0,0.52,13.0,0.26,0.02,1.0,,,,,,,2026-08-07,902.77,902.77,847.4,878.41,887387.0,871.3118
2026-08-07T20:31:36.908,2,0,MU260807P00300000,MU,2026-08-07,put,300.0,0.0,0.0,0.03,1.0,0.015,0.01,2.0,,,,,,,2026-08-07,902.77,902.77,847.4,878.41,887387.0,871.3118
2026-08-07T20:31:36.908,2,0,MU260807P00305000,MU,2026-08-07,put,305.0,0.0,0.0,0.03,1.0,0.015,0.01,3.0,,,,,,,2026-08-07,902.77,902.77,847.4,878.41,887387.0,871.3118
2026-08-07T20:31:36.908,2,0,MU260807P00310000,MU,2026-08-07,put,310.0,0.0,0.0,0.18,8.0,0.09,0.1,1.0,,,,,,,2026-08-07,902.77,902.77,847.4,878.41,887387.0,871.3118
2026-08-07T20:31:36.908,2,0,MU260807P00315000,MU,2026-08-07,put,315.0,0.0,0.0,0.17,9.0,0.085,0.01,1.0,,,,,,,2026-08-07,902.77,902.77,847.4,878.41,887387.0,871.3118
2026-08-07T20:31:36.908,2,0,MU260807P00320000,MU,2026-08-07,put,320.0,0.0,0.0,0.03,7.0,0.015,0.01,1.0,,,,,,,2026-08-07,902.77,902.77,847.4,878.41,887387.0,871.3118
2026-08-07T20:31:36.908,2,0,MU260807P00325000,MU,2026-08-07,put,325.0,0.0,0.0,0.06,25.0,0.03,0.01,50.0,,,,,,,2026-08-07,902.77,902.77,847.4,878.41,887387.0,871.3118
2026-08-07T20:31:36.908,2,0,MU260807P00330000,MU,2026-08-07,put,330.0,0.0,0.0,0.06,1.0,0.03,0.01,1.0,,,,,,,2026-08-07,902.77,902.77,847.4,878.41,887387.0,871.3118
2026-08-07T20:31:36.908,2,0,MU260807P00335000,MU,2026-08-07,put,335.0,0.0,0.0,0.07,4.0,0.035,0.03,1.0,,,,,,,2026-08-07,902.77,902.77,847.4,878.41,887387.0,871.3118
2026-08-07T20:31:36.908,2,0,MU260807P00340000,MU,2026-08-07,put,340.0,0.0,0.0,0.02,2.0,0.01,0.02,5.0,,,,,,,2026-08-07,902.77,902.77,847.4,878.41,887387.0,871.3118
2026-08-07T20:31:36.908,2,0,MU260807P00345000,MU,2026-08-07,put,345.0,0.0,0.0,0.07,5.0,0.035,0.01,8.0,,,,,,,2026-08-07,902.77,902.77,847.4,878.41,887387.0,871.3118
2026-08-07T20:31:36.908,2,0,MU260807P00350000,MU,2026-08-07,put,350.0,0.0,0.0,0.13,29.0,0.065,0.04,2.0,,,,,,,2026-08-07,902.77,902.77,847.4,878.41,887387.0,871.3118
2026-08-07T20:31:36.908,2,0,MU260807P00355000,MU,2026-08-07,put,355.0,0.0,0.0,0.01,8.0,0.005,0.01,1.0,,,,,,,2026-08-07,902.77,902.77,847.4,878.41,887387.0,871.3118
2026-08-07T20:31:36.908,2,0,MU260807P00360000,MU,2026-08-07,put,360.0,0.0,0.0,0.45,8.0,0.225,0.03,1.0,,,,,,,2026-08-07,902.77,902.77,847.4,878.41,887387.0,871.3118
2026-08-07T20:31:36.908,2,0,MU260807P00365000,MU,2026-08-07,put,365.0,0.0,0.0,0.12,17.0,0.06,0.03,1.0,,,,,,,2026-08-07,902.77,902.77,847.4,878.41,887387.0,871.3118
2026-08-07T20:31:36.908,2,0,MU260807P00370000,MU,2026-08-07,put,370.0,0.0,0.0,0.03,30.0,0.015,0.07,1.0,,,,,,,2026-08-07,902.77,902.77,847.4,878.41,887387.0,871.3118
2026-08-07T20:31:36.908,2,0,MU260807P00375000,MU,2026-08-07,put,375.0,0.0,0.0,0.07,1.0,0.035,0.01,25.0,,,,,,,2026-08-07,902.77,902.77,847.4,878.41,887387.0,871.3118
2026-08-07T20:31:36.908,2,0,MU260807P00380000,MU,2026-08-07,put,380.0,0.0,0.0,0.04,10.0,0.02,0.03,10.0,,,,,,,2026-08-07,902.77,902.77,847.4,878.41,887387.0,871.3118
2026-08-07T20:31:36.908,2,0,MU260807P00385000,MU,2026-08-07,put,385.0,0.0,0.0,0.03,2.0,0.015,0.01,5.0,,,,,,,2026-08-07,902.77,902.77,847.4,878.41,887387.0,871.3118
2026-08-07T20:31:36.908,2,0,MU260807P00390000,MU,2026-08-07,put,390.0,0.0,0.0,0.04,1.0,0.02,0.01,2.0,,,,,,,2026-08-07,902.77,902.77,847.4,878.41,887387.0,871.3118
2026-08-07T20:31:36.908,2,0,MU260807P00395000,MU,2026-08-07,put,395.0,0.0,0.0,0.01,1.0,0.005,0.04,1.0,,,,,,,2026-08-07,902.77,902.77,847.4,878.41,887387.0,871.3118
2026-08-07T20:31:36.908,2,0,MU260807P00400000,MU,2026-08-07,put,400.0,0.0,0.0,0.01,50.0,0.005,0.01,15.0,,,,,,,2026-08-07,902.77,902.77,847.4,878.41,887387.0,871.3118
2026-08-07T20:31:36.908,2,0,MU260807P00405000,MU,2026-08-07,put,405.0,0.0,0.0,0.84,1.0,0.42,0.01,25.0,,,,,,,2026-08-07,902.77,902.77,847.4,878.41,887387.0,871.3118
2026-08-07T20:31:36.908,2,0,MU260807P00410000,MU,2026-08-07,put,410.0,0.0,0.0,0.03,2.0,0.015,0.01,2.0,,,,,,,2026-08-07,902.77,902.77,847.4,878.41,887387.0,871.3118
2026-08-07T20:31:36.908,2,0,MU260807P00415000,MU,2026-08-07,put,415.0,0.0,0.0,0.17,1.0,0.085,0.01,15.0,,,,,,,2026-08-07,902.77,902.77,847.4,878.41,887387.0,871.3118
2026-08-07T20:31:36.908,2,0,MU260807P00420000,MU,2026-08-07,put,420.0,0.0,0.0,0.84,1.0,0.42,0.01,20.0,,,,,,,2026-08-07,902.77,902.77,847.4,878.41,887387.0,871.3118
2026-08-07T20:31:36.908,2,0,MU260807P00425000,MU,2026-08-07,put,425.0,0.0,0.0,0.05,2.0,0.025,0.01,2.0,,,,,,,2026-08-07,902.77,902.77,847.4,878.41,887387.0,871.3118
2026-08-07T20:31:36.908,2,0,MU260807P00430000,MU,2026-08-07,put,430.0,0.0,0.0,0.03,10.0,0.015,0.01,10.0,,,,,,,2026-08-07,902.77,902.77,847.4,878.41,887387.0,871.3118
2026-08-07T20:31:36.908,2,0,MU260807P00435000,MU,2026-08-07,put,435.0,0.0,0.0,0.07,2.0,0.035,0.03,1.0,,,,,,,2026-08-07,902.77,902.77,847.4,878.41,887387.0,871.3118
2026-08-07T20:31:36.908,2,0,MU260807P00440000,MU,2026-08-07,put,440.0,0.0,0.0,0.03,1.0,0.015,0.02,1.0,,,,,,,2026-08-07,902.77,902.77,847.4,878.41,887387.0,871.3118
2026-08-07T20:31:36.908,2,0,MU260807P00445000,MU,2026-08-07,put,445.0,0.0,0.0,0.03,1.0,0.015,0.02,1.0,,,,,,,2026-08-07,902.77,902.77,847.4,878.41,887387.0,871.3118
2026-08-07T20:31:36.908,2,0,MU260807P00450000,MU,2026-08-07,put,450.0,0.0,0.0,0.01,1.0,0.005,0.01,1.0,,,,,,,2026-08-07,902.77,902.77,847.4,878.41,887387.0,871.3118
2026-08-07T20:31:36.908,2,0,MU260807P00455000,MU,2026-08-07,put,455.0,0.0,0.0,0.03,1.0,0.015,0.03,1.0,,,,,,,2026-08-07,902.77,902.77,847.4,878.41,887387.0,871.3118
2026-08-07T20:31:36.908,2,0,MU260807P00460000,MU,2026-08-07,put,460.0,0.0,0.0,0.03,9.0,0.015,0.01,4.0,,,,,,,2026-08-07,902.77,902.77,847.4,878.41,887387.0,871.3118
2026-08-07T20:31:36.908,2,0,MU260807P00465000,MU,2026-08-07,put,465.0,0.0,0.0,0.03,2.0,0.015,0.01,2.0,,,,,,,2026-08-07,902.77,902.77,847.4,878.41,887387.0,871.3118
2026-08-07T20:31:36.908,2,0,MU260807P00470000,MU,2026-08-07,put,470.0,0.0,0.0,0.01,1.0,0.005,0.01,1.0,,,,,,,2026-08-07,902.77,902.77,847.4,878.41,887387.0,871.3118
2026-08-07T20:31:36.908,2,0,MU260807P00475000,MU,2026-08-07,put,475.0,0.0,0.0,0.01,1.0,0.005,0.01,1.0,,,,,,,2026-08-07,902.77,902.77,847.4,878.41,887387.0,871.3118
2026-08-07T20:31:36.908,2,0,MU260807P00480000,MU,2026-08-07,put,480.0,0.0,0.0,0.01,2.0,0.005,0.01,1.0,,,,,,,2026-08-07,902.77,902.77,847.4,878.41,887387.0,871.3118
2026-08-07T20:31:36.908,2,0,MU260807P00485000,MU,2026-08-07,put,485.0,0.0,0.0,0.08,3.0,0.04,0.02,1.0,,,,,,,2026-08-07,902.77,902.77,847.4,878.41,887387.0,871.3118
2026-08-07T20:31:36.908,2,0,MU260807P00490000,MU,2026-08-07,put,490.0,0.0,0.0,0.01,5.0,0.005,0.05,1.0,,,,,,,2026-08-07,902.77,902.77,847.4,878.41,887387.0,871.3118
2026-08-07T20:31:36.908,2,0,MU260807P00495000,MU,2026-08-07,put,495.0,0.0,0.0,0.07,40.0,0.035,0.01,1.0,,,,,,,2026-08-07,902.77,902.77,847.4,878.41,887387.0,871.3118
2026-08-07T20:31:36.908,2,0,MU260807P00500000,MU,2026-08-07,put,500.0,0.0,0.0,0.01,20.0,0.005,0.01,1.0,,,,,,,2026-08-07,902.77,902.77,847.4,878.41,887387.0,871.3118
2026-08-07T20:31:36.908,2,0,MU260807P00505000,MU,2026-08-07,put,505.0,0.0,0.0,0.03,2.0,0.015,0.02,5.0,,,,,,,2026-08-07,902.77,902.77,847.4,878.41,887387.0,871.3118
2026-08-07T20:31:36.908,2,0,MU260807P00510000,MU,2026-08-07,put,510.0,0.0,0.0,0.03,22.0,0.015,0.03,1.0,,,,,,,2026-08-07,902.77,902.77,847.4,878.41,887387.0,871.3118
2026-08-07T20:31:36.908,2,0,MU260807P00515000,MU,2026-08-07,put,515.0,0.0,0.0,0.07,2.0,0.035,0.01,1.0,,,,,,,2026-08-07,902.77,902.77,847.4,878.41,887387.0,871.3118
2026-08-07T20:31:36.908,2,0,MU260807P00520000,MU,2026-08-07,put,520.0,0.0,0.0,0.08,2.0,0.04,0.02,1.0,,,,,,,2026-08-07,902.77,902.77,847.4,878.41,887387.0,871.3118
2026-08-07T20:31:36.908,2,0,MU260807P00522500,MU,2026-08-07,put,522.5,0.0,0.0,0.03,2.0,0.015,0.03,1.0,,,,,,,2026-08-07,902.77,902.77,847.4,878.41,887387.0,871.3118
2026-08-07T20:31:36.908,2,0,MU260807P00525000,MU,2026-08-07,put,525.0,0.0,0.0,0.02,26.0,0.01,0.06,1.0,,,,,,,2026-08-07,902.77,902.77,847.4,878.41,887387.0,871.3118
2026-08-07T20:31:36.908,2,0,MU260807P00527500,MU,2026-08-07,put,527.5,0.0,0.0,0.45,21.0,0.225,0.02,1.0,,,,,,,2026-08-07,902.77,902.77,847.4,878.41,887387.0,871.3118
2026-08-07T20:31:36.908,2,0,MU260807P00530000,MU,2026-08-07,put,530.0,0.0,0.0,0.03,100.0,0.015,0.01,1.0,,,,,,,2026-08-07,902.77,902.77,847.4,878.41,887387.0,871.3118
2026-08-07T20:31:36.908,2,0,MU260807P00532500,MU,2026-08-07,put,532.5,0.0,0.0,0.03,100.0,0.015,0.07,1.0,,,,,,,2026-08-07,902.77,902.77,847.4,878.41,887387.0,871.3118
2026-08-07T20:31:36.908,2,0,MU260807P00535000,MU,2026-08-07,put,535.0,0.0,0.0,0.01,100.0,0.005,0.07,1.0,,,,,,,2026-08-07,902.77,902.77,847.4,878.41,887387.0,871.3118
2026-08-07T20:31:36.908,2,0,MU260807P00537500,MU,2026-08-07,put,537.5,0.0,0.0,0.03,100.0,0.015,0.01,1.0,,,,,,,2026-08-07,902.77,902.77,847.4,878.41,887387.0,871.3118
2026-08-07T20:31:36.908,2,0,MU260807P00540000,MU,2026-08-07,put,540.0,0.0,0.0,0.03,100.0,0.015,0.01,1.0,,,,,,,2026-08-07,902.77,902.77,847.4,878.41,887387.0,871.3118
2026-08-07T20:31:36.908,2,0,MU260807P00542500,MU,2026-08-07,put,542.5,0.0,0.0,0.01,100.0,0.005,0.01,2.0,,,,,,,2026-08-07,902.77,902.77,847.4,878.41,887387.0,871.3118
2026-08-07T20:31:36.908,2,0,MU260807P00545000,MU,2026-08-07,put,545.0,0.0,0.0,0.03,172.0,0.015,0.01,1.0,,,,,,,2026-08-07,902.77,902.77,847.4,878.41,887387.0,871.3118
2026-08-07T20:31:36.908,2,0,MU260807P00547500,MU,2026-08-07,put,547.5,0.0,0.0,0.03,100.0,0.015,0.01,3.0,,,,,,,2026-08-07,902.77,902.77,847.4,878.41,887387.0,871.3118
2026-08-07T20:31:36.908,2,0,MU260807P00550000,MU,2026-08-07,put,550.0,0.0,0.0,0.01,100.0,0.005,0.01,15.0,,,,,,,2026-08-07,902.77,902.77,847.4,878.41,887387.0,871.3118
2026-08-07T20:31:36.908,2,0,MU260807P00552500,MU,2026-08-07,put,552.5,0.0,0.0,0.03,100.0,0.015,0.01,1.0,,,,,,,2026-08-07,902.77,902.77,847.4,878.41,887387.0,871.3118
2026-08-07T20:31:36.908,2,0,MU260807P00555000,MU,2026-08-07,put,555.0,0.0,0.0,0.03,100.0,0.015,0.01,2.0,,,,,,,2026-08-07,902.77,902.77,847.4,878.41,887387.0,871.3118
2026-08-07T20:31:36.908,2,0,MU260807P00557500,MU,2026-08-07,put,557.5,0.0,0.0,0.01,100.0,0.005,0.03,1.0,,,,,,,2026-08-07,902.77,902.77,847.4,878.41,887387.0,871.3118
2026-08-07T20:31:36.908,2,0,MU260807P00560000,MU,2026-08-07,put,560.0,0.0,0.0,0.01,100.0,0.005,0.01,4.0,,,,,,,2026-08-07,902.77,902.77,847.4,878.41,887387.0,871.3118
2026-08-07T20:31:36.908,2,0,MU260807P00562500,MU,2026-08-07,put,562.5,0.0,0.0,0.04,2.0,0.02,0.05,1.0,,,,,,,2026-08-07,902.77,902.77,847.4,878.41,887387.0,871.3118
2026-08-07T20:31:36.908,2,0,MU260807P00565000,MU,2026-08-07,put,565.0,0.0,0.0,0.01,100.0,0.005,0.01,5.0,,,,,,,2026-08-07,902.77,902.77,847.4,878.41,887387.0,871.3118
2026-08-07T20:31:36.908,2,0,MU260807P00567500,MU,2026-08-07,put,567.5,0.0,0.0,0.09,4.0,0.045,0.08,2.0,,,,,,,2026-08-07,902.77,902.77,847.4,878.41,887387.0,871.3118
2026-08-07T20:31:36.908,2,0,MU260807P00570000,MU,2026-08-07,put,570.0,0.0,0.0,0.03,100.0,0.015,0.01,4.0,,,,,,,2026-08-07,902.77,902.77,847.4,878.41,887387.0,871.3118
2026-08-07T20:31:36.908,2,0,MU260807P00572500,MU,2026-08-07,put,572.5,0.0,0.0,0.54,5.0,0.27,0.03,1.0,,,,,,,2026-08-07,902.77,902.77,847.4,878.41,887387.0,871.3118
2026-08-07T20:31:36.908,2,0,MU260807P00575000,MU,2026-08-07,put,575.0,0.0,0.0,0.03,100.0,0.015,0.02,1.0,,,,,,,2026-08-07,902.77,902.77,847.4,878.41,887387.0,871.3118
2026-08-07T20:31:36.908,2,0,MU260807P00577500,MU,2026-08-07,put,577.5,0.0,0.0,0.1,2.0,0.05,0.03,29.0,,,,,,,2026-08-07,902.77,902.77,847.4,878.41,887387.0,871.3118
2026-08-07T20:31:36.908,2,0,MU260807P00580000,MU,2026-08-07,put,580.0,0.0,0.0,0.03,100.0,0.015,0.01,2.0,,,,,,,2026-08-07,902.77,902.77,847.4,878.41,887387.0,871.3118
2026-08-07T20:31:36.908,2,0,MU260807P00582500,MU,2026-08-07,put,582.5,0.0,0.0,0.06,2.0,0.03,0.01,100.0,,,,,,,2026-08-07,902.77,902.77,847.4,878.41,887387.0,871.3118
2026-08-07T20:31:36.908,2,0,MU260807P00585000,MU,2026-08-07,put,585.0,0.0,0.0,0.03,163.0,0.015,0.01,2.0,,,,,,,2026-08-07,902.77,902.77,847.4,878.41,887387.0,871.3118
2026-08-07T20:31:36.908,2,0,MU260807P00587500,MU,2026-08-07,put,587.5,0.0,0.0,0.03,100.0,0.015,0.01,1.0,,,,,,,2026-08-07,902.77,902.77,847.4,878.41,887387.0,871.3118
2026-08-07T20:31:36.908,2,0,MU260807P00590000,MU,2026-08-07,put,590.0,0.0,0.0,0.03,164.0,0.015,0.01,1.0,,,,,,,2026-08-07,902.77,902.77,847.4,878.41,887387.0,871.3118
2026-08-07T20:31:36.908,2,0,MU260807P00592500,MU,2026-08-07,put,592.5,0.0,0.0,0.57,6.0,0.285,0.03,1.0,,,,,,,2026-08-07,902.77,902.77,847.4,878.41,887387.0,871.3118
2026-08-07T20:31:36.908,2,0,MU260807P00595000,MU,2026-08-07,put,595.0,0.0,0.0,0.01,100.0,0.005,0.01,1.0,,,,,,,2026-08-07,902.77,902.77,847.4,878.41,887387.0,871.3118
2026-08-07T20:31:36.908,2,0,MU260807P00597500,MU,2026-08-07,put,597.5,0.0,0.0,0.01,100.0,0.005,0.01,4.0,,,,,,,2026-08-07,902.77,902.77,847.4,878.41,887387.0,871.3118
2026-08-07T20:31:36.908,2,0,MU260807P00600000,MU,2026-08-07,put,600.0,0.0,0.0,0.03,135.0,0.015,0.01,1.0,,,,,,,2026-08-07,902.77,902.77,847.4,878.41,887387.0,871.3118
2026-08-07T20:31:36.908,2,0,MU260807P00602500,MU,2026-08-07,put,602.5,0.0,0.0,0.51,6.0,0.255,0.02,1.0,,,,,,,2026-08-07,902.77,902.77,847.4,878.41,887387.0,871.3118
2026-08-07T20:31:36.908,2,0,MU260807P00605000,MU,2026-08-07,put,605.0,0.0,0.0,0.01,100.0,0.005,0.01,1.0,,,,,,,2026-08-07,902.77,902.77,847.4,878.41,887387.0,871.3118
2026-08-07T20:31:36.908,2,0,MU260807P00607500,MU,2026-08-07,put,607.5,0.0,0.0,0.01,100.0,0.005,0.03,1.0,,,,,,,2026-08-07,902.77,902.77,847.4,878.41,887387.0,871.3118
2026-08-07T20:31:36.908,2,0,MU260807P00610000,MU,2026-08-07,put,610.0,0.0,0.0,0.03,100.0,0.015,0.01,1.0,,,,,,,2026-08-07,902.77,902.77,847.4,878.41,887387.0,871.3118
2026-08-07T20:31:36.908,2,0,MU260807P00612500,MU,2026-08-07,put,612.5,0.0,0.0,0.39,6.0,0.195,0.07,1.0,,,,,,,2026-08-07,902.77,902.77,847.4,878.41,887387.0,871.3118
2026-08-07T20:31:36.908,2,0,MU260807P00615000,MU,2026-08-07,put,615.0,0.0,0.0,0.03,100.0,0.015,0.01,1.0,,,,,,,2026-08-07,902.77,902.77,847.4,878.41,887387.0,871.3118
2026-08-07T20:31:36.908,2,0,MU260807P00617500,MU,2026-08-07,put,617.5,0.0,0.0,0.06,1.0,0.03,0.02,2.0,,,,,,,2026-08-07,902.77,902.77,847.4,878.41,887387.0,871.3118
2026-08-07T20:31:36.908,2,0,MU260807P00620000,MU,2026-08-07,put,620.0,0.0,0.0,0.03,100.0,0.015,0.01,1.0,,,,,,,2026-08-07,902.77,902.77,847.4,878.41,887387.0,871.3118
2026-08-07T20:31:36.908,2,0,MU260807P00622500,MU,2026-08-07,put,622.5,0.0,0.0,0.03,100.0,0.015,0.01,1.0,,,,,,,2026-08-07,902.77,902.77,847.4,878.41,887387.0,871.3118
2026-08-07T20:31:36.908,2,0,MU260807P00625000,MU,2026-08-07,put,625.0,0.0,0.0,0.03,100.0,0.015,0.01,2.0,,,,,,,2026-08-07,902.77,902.77,847.4,878.41,887387.0,871.3118
2026-08-07T20:31:36.908,2,0,MU260807P00627500,MU,2026-08-07,put,627.5,0.0,0.0,0.03,171.0,0.015,0.01,1.0,,,,,,,2026-08-07,902.77,902.77,847.4,878.41,887387.0,871.3118
2026-08-07T20:31:36.908,2,0,MU260807P00630000,MU,2026-08-07,put,630.0,0.0,0.0,0.03,168.0,0.015,0.01,1.0,,,,,,,2026-08-07,902.77,902.77,847.4,878.41,887387.0,871.3118
2026-08-07T20:31:36.908,2,0,MU260807P00632500,MU,2026-08-07,put,632.5,0.0,0.0,0.03,100.0,0.015,0.12,1.0,,,,,,,2026-08-07,902.77,902.77,847.4,878.41,887387.0,871.3118
2026-08-07T20:31:36.908,2,0,MU260807P00635000,MU,2026-08-07,put,635.0,0.0,0.0,0.01,100.0,0.005,0.01,1.0,,,,,,,2026-08-07,902.77,902.77,847.4,878.41,887387.0,871.3118
2026-08-07T20:31:36.908,2,0,MU260807P00637500,MU,2026-08-07,put,637.5,0.0,0.0,0.01,172.0,0.005,0.01,1.0,,,,,,,2026-08-07,902.77,902.77,847.4,878.41,887387.0,871.3118
2026-08-07T20:31:36.908,2,0,MU260807P00640000,MU,2026-08-07,put,640.0,0.0,0.0,0.03,116.0,0.015,0.01,1.0,,,,,,,2026-08-07,902.77,902.77,847.4,878.41,887387.0,871.3118
2026-08-07T20:31:36.908,2,0,MU260807P00642500,MU,2026-08-07,put,642.5,0.0,0.0,0.01,116.0,0.005,0.01,1.0,,,,,,,2026-08-07,902.77,902.77,847.4,878.41,887387.0,871.3118
2026-08-07T20:31:36.908,2,0,MU260807P00645000,MU,2026-08-07,put,645.0,0.0,0.0,0.01,100.0,0.005,0.01,1.0,,,,,,,2026-08-07,902.77,902.77,847.4,878.41,887387.0,871.3118
2026-08-07T20:31:36.908,2,0,MU260807P00647500,MU,2026-08-07,put,647.5,0.0,0.0,0.01,100.0,0.005,0.01,2.0,,,,,,,2026-08-07,902.77,902.77,847.4,878.41,887387.0,871.3118
2026-08-07T20:31:36.908,2,0,MU260807P00650000,MU,2026-08-07,put,650.0,0.0,0.0,0.03,170.0,0.015,0.03,11.0,,,,,,,2026-08-07,902.77,902.77,847.4,878.41,887387.0,871.3118
2026-08-07T20:31:36.908,2,0,MU260807P00652500,MU,2026-08-07,put,652.5,0.0,0.0,0.01,172.0,0.005,0.01,2.0,,,,,,,2026-08-07,902.77,902.77,847.4,878.41,887387.0,871.3118
2026-08-07T20:31:36.908,2,0,MU260807P00655000,MU,2026-08-07,put,655.0,0.0,0.0,0.01,102.0,0.005,0.03,10.0,,,,,,,2026-08-07,902.77,902.77,847.4,878.41,887387.0,871.3118
2026-08-07T20:31:36.908,2,0,MU260807P00657500,MU,2026-08-07,put,657.5,0.0,0.0,0.03,100.0,0.015,0.03,7.0,,,,,,,2026-08-07,902.77,902.77,847.4,878.41,887387.0,871.3118
2026-08-07T20:31:36.908,2,0,MU260807P00660000,MU,2026-08-07,put,660.0,0.0,0.0,0.01,100.0,0.005,0.01,5.0,,,,,,,2026-08-07,902.77,902.77,847.4,878.41,887387.0,871.3118
2026-08-07T20:31:36.908,2,0,MU260807P00662500,MU,2026-08-07,put,662.5,0.0,0.0,0.43,4.0,0.215,0.04,1.0,,,,,,,2026-08-07,902.77,902.77,847.4,878.41,887387.0,871.3118
2026-08-07T20:31:36.908,2,0,MU260807P00665000,MU,2026-08-07,put,665.0,0.0,0.0,0.01,49.0,0.005,0.01,1.0,,,,,,,2026-08-07,902.77,902.77,847.4,878.41,887387.0,871.3118
2026-08-07T20:31:36.908,2,0,MU260807P00667500,MU,2026-08-07,put,667.5,0.0,0.0,0.43,8.0,0.215,0.02,1.0,,,,,,,2026-08-07,902.77,902.77,847.4,878.41,887387.0,871.3118
2026-08-07T20:31:36.908,2,0,MU260807P00670000,MU,2026-08-07,put,670.0,0.0,0.0,0.01,64.0,0.005,0.01,1.0,,,,,,,2026-08-07,902.77,902.77,847.4,878.41,887387.0,871.3118
2026-08-07T20:31:36.908,2,0,MU260807P00672500,MU,2026-08-07,put,672.5,0.0,0.0,0.03,121.0,0.015,0.01,1.0,,,,,,,2026-08-07,902.77,902.77,847.4,878.41,887387.0,871.3118
2026-08-07T20:31:36.908,2,0,MU260807P00675000,MU,2026-08-07,put,675.0,0.0,0.0,0.03,25.0,0.015,0.01,2.0,,,,,,,2026-08-07,902.77,902.77,847.4,878.41,887387.0,871.3118
2026-08-07T20:31:36.908,2,0,MU260807P00677500,MU,2026-08-07,put,677.5,0.0,0.0,0.01,50.0,0.005,0.01,10.0,,,,,,,2026-08-07,902.77,902.77,847.4,878.41,887387.0,871.3118
2026-08-07T20:31:36.908,2,0,MU260807P00680000,MU,2026-08-07,put,680.0,0.0,0.0,0.01,268.0,0.005,0.01,1.0,,,,,,,2026-08-07,902.77,902.77,847.4,878.41,887387.0,871.3118
2026-08-07T20:31:36.908,2,0,MU260807P00682500,MU,2026-08-07,put,682.5,0.0,0.0,0.03,92.0,0.015,0.01,1.0,,,,,,,2026-08-07,902.77,902.77,847.4,878.41,887387.0,871.3118
2026-08-07T20:31:36.908,2,0,MU260807P00685000,MU,2026-08-07,put,685.0,0.0,0.0,0.03,48.0,0.015,0.01,1.0,,,,,,,2026-08-07,902.77,902.77,847.4,878.41,887387.0,871.3118
2026-08-07T20:31:36.908,2,0,MU260807P00687500,MU,2026-08-07,put,687.5,0.0,0.0,0.03,64.0,0.015,0.01,1.0,,,,,,,2026-08-07,902.77,902.77,847.4,878.41,887387.0,871.3118
2026-08-07T20:31:36.908,2,0,MU260807P00690000,MU,2026-08-07,put,690.0,0.0,0.0,0.01,219.0,0.005,0.01,1.0,,,,,,,2026-08-07,902.77,902.77,847.4,878.41,887387.0,871.3118
2026-08-07T20:31:36.908,2,0,MU260807P00692500,MU,2026-08-07,put,692.5,0.0,0.0,0.01,150.0,0.005,0.01,1.0,,,,,,,2026-08-07,902.77,902.77,847.4,878.41,887387.0,871.3118
2026-08-07T20:31:36.908,2,0,MU260807P00695000,MU,2026-08-07,put,695.0,0.0,0.0,0.03,221.0,0.015,0.01,1.0,,,,,,,2026-08-07,902.77,902.77,847.4,878.41,887387.0,871.3118
2026-08-07T20:31:36.908,2,0,MU260807P00697500,MU,2026-08-07,put,697.5,0.0,0.0,0.01,150.0,0.005,0.03,2.0,,,,,,,2026-08-07,902.77,902.77,847.4,878.41,887387.0,871.3118
2026-08-07T20:31:36.908,2,0,MU260807P00700000,MU,2026-08-07,put,700.0,0.0,0.0,0.01,116.0,0.005,0.01,2.0,,,,,,,2026-08-07,902.77,902.77,847.4,878.41,887387.0,871.3118
2026-08-07T20:31:36.908,2,0,MU260807P00702500,MU,2026-08-07,put,702.5,0.0,0.0,0.01,147.0,0.005,0.01,1.0,,,,,,,2026-08-07,902.77,902.77,847.4,878.41,887387.0,871.3118
2026-08-07T20:31:36.908,2,0,MU260807P00705000,MU,2026-08-07,put,705.0,0.0,0.0,0.03,149.0,0.015,0.01,1.0,,,,,,,2026-08-07,902.77,902.77,847.4,878.41,887387.0,871.3118
2026-08-07T20:31:36.908,2,0,MU260807P00707500,MU,2026-08-07,put,707.5,0.0,0.0,0.03,150.0,0.015,0.01,35.0,,,,,,,2026-08-07,902.77,902.77,847.4,878.41,887387.0,871.3118
2026-08-07T20:31:36.908,2,0,MU260807P00710000,MU,2026-08-07,put,710.0,0.0,0.0,0.01,137.0,0.005,0.01,1.0,,,,,,,2026-08-07,902.77,902.77,847.4,878.41,887387.0,871.3118
2026-08-07T20:31:36.908,2,0,MU260807P00712500,MU,2026-08-07,put,712.5,0.0,0.0,0.01,100.0,0.005,0.01,1.0,,,,,,,2026-08-07,902.77,902.77,847.4,878.41,887387.0,871.3118
2026-08-07T20:31:36.908,2,0,MU260807P00715000,MU,2026-08-07,put,715.0,0.0,0.0,0.03,200.0,0.015,0.01,17.0,,,,,,,2026-08-07,902.77,902.77,847.4,878.41,887387.0,871.3118
2026-08-07T20:31:36.908,2,0,MU260807P00717500,MU,2026-08-07,put,717.5,0.0,0.0,0.01,50.0,0.005,0.01,1.0,,,,,,,2026-08-07,902.77,902.77,847.4,878.41,887387.0,871.3118
2026-08-07T20:31:36.908,2,0,MU260807P00720000,MU,2026-08-07,put,720.0,0.0,0.0,0.03,41.0,0.015,0.01,1.0,,,,,,,2026-08-07,902.77,902.77,847.4,878.41,887387.0,871.3118
2026-08-07T20:31:36.908,2,0,MU260807P00722500,MU,2026-08-07,put,722.5,0.0,0.0,0.01,48.0,0.005,0.01,1.0,,,,,,,2026-08-07,902.77,902.77,847.4,878.41,887387.0,871.3118
2026-08-07T20:31:36.908,2,0,MU260807P00725000,MU,2026-08-07,put,725.0,0.0,0.0,0.01,33.0,0.005,0.01,1.0,,,,,,,2026-08-07,902.77,902.77,847.4,878.41,887387.0,871.3118
2026-08-07T20:31:36.908,2,0,MU260807P00727500,MU,2026-08-07,put,727.5,0.0,0.0,0.03,121.0,0.015,0.01,1.0,,,,,,,2026-08-07,902.77,902.77,847.4,878.41,887387.0,871.3118
2026-08-07T20:31:36.908,2,0,MU260807P00730000,MU,2026-08-07,put,730.0,0.0,0.0,0.03,84.0,0.015,0.01,1.0,,,,,,,2026-08-07,902.77,902.77,847.4,878.41,887387.0,871.3118
2026-08-07T20:31:36.908,2,0,MU260807P00732500,MU,2026-08-07,put,732.5,0.0,0.0,0.03,50.0,0.015,0.01,1.0,,,,,,,2026-08-07,902.77,902.77,847.4,878.41,887387.0,871.3118
2026-08-07T20:31:36.908,2,0,MU260807P00735000,MU,2026-08-07,put,735.0,0.0,0.0,0.03,50.0,0.015,0.01,1.0,,,,,,,2026-08-07,902.77,902.77,847.4,878.41,887387.0,871.3118
2026-08-07T20:31:36.908,2,0,MU260807P00737500,MU,2026-08-07,put,737.5,0.0,0.0,0.01,50.0,0.005,0.01,1.0,,,,,,,2026-08-07,902.77,902.77,847.4,878.41,887387.0,871.3118
2026-08-07T20:31:36.908,2,0,MU260807P00740000,MU,2026-08-07,put,740.0,0.0,0.0,0.03,50.0,0.015,0.01,1.0,,,,,,,2026-08-07,902.77,902.77,847.4,878.41,887387.0,871.3118
2026-08-07T20:31:36.908,2,0,MU260807P00742500,MU,2026-08-07,put,742.5,0.0,0.0,0.03,149.0,0.015,0.01,1.0,,,,,,,2026-08-07,902.77,902.77,847.4,878.41,887387.0,871.3118
2026-08-07T20:31:36.908,2,0,MU260807P00745000,MU,2026-08-07,put,745.0,0.0,0.0,0.01,50.0,0.005,0.01,1.0,,,,,,,2026-08-07,902.77,902.77,847.4,878.41,887387.0,871.3118
2026-08-07T20:31:36.908,2,0,MU260807P00747500,MU,2026-08-07,put,747.5,0.0,0.0,0.03,50.0,0.015,0.01,1.0,,,,,,,2026-08-07,902.77,902.77,847.4,878.41,887387.0,871.3118
2026-08-07T20:31:36.908,2,0,MU260807P00750000,MU,2026-08-07,put,750.0,0.0,0.0,0.03,23.0,0.015,0.01,1.0,,,,,,,2026-08-07,902.77,902.77,847.4,878.41,887387.0,871.3118
2026-08-07T20:31:36.908,2,0,MU260807P00755000,MU,2026-08-07,put,755.0,0.0,0.0,0.01,20.0,0.005,0.01,1.0,,,,,,,2026-08-07,902.77,902.77,847.4,878.41,887387.0,871.3118
2026-08-07T20:31:36.908,2,0,MU260807P00760000,MU,2026-08-07,put,760.0,0.0,0.0,0.03,200.0,0.015,0.01,1.0,,,,,,,2026-08-07,902.77,902.77,847.4,878.41,887387.0,871.3118
2026-08-07T20:31:36.908,2,0,MU260807P00765000,MU,2026-08-07,put,765.0,0.0,0.0,0.03,29.0,0.015,0.01,10.0,,,,,,,2026-08-07,902.77,902.77,847.4,878.41,887387.0,871.3118
2026-08-07T20:31:36.908,2,0,MU260807P00767500,MU,2026-08-07,put,767.5,0.0,0.0,0.01,30.0,0.005,0.01,1.0,,,,,,,2026-08-07,902.77,902.77,847.4,878.41,887387.0,871.3118
2026-08-07T20:31:36.908,2,0,MU260807P00770000,MU,2026-08-07,put,770.0,0.0,0.0,0.01,150.0,0.005,0.01,3.0,,,,,,,2026-08-07,902.77,902.77,847.4,878.41,887387.0,871.3118
2026-08-07T20:31:36.908,2,0,MU260807P00772500,MU,2026-08-07,put,772.5,0.0,0.0,0.03,10.0,0.015,0.01,2.0,,,,,,,2026-08-07,902.77,902.77,847.4,878.41,887387.0,871.3118
2026-08-07T20:31:36.908,2,0,MU260807P00775000,MU,2026-08-07,put,775.0,0.0,0.0,0.04,1.0,0.02,0.02,25.0,,,,,,,2026-08-07,902.77,902.77,847.4,878.41,887387.0,871.3118
2026-08-07T20:31:36.908,2,0,MU260807P00777500,MU,2026-08-07,put,777.5,0.0,0.0,0.03,5.0,0.015,0.02,2.0,,,,,,,2026-08-07,902.77,902.77,847.4,878.41,887387.0,871.3118
2026-08-07T20:31:36.908,2,0,MU260807P00780000,MU,2026-08-07,put,780.0,0.0,0.0,0.01,10.0,0.005,0.01,10.0,,,,,,,2026-08-07,902.77,902.77,847.4,878.41,887387.0,871.3118
2026-08-07T20:31:36.908,2,0,MU260807P00782500,MU,2026-08-07,put,782.5,0.0,0.0,0.07,32.0,0.035,0.01,1.0,,,,,,,2026-08-07,902.77,902.77,847.4,878.41,887387.0,871.3118
2026-08-07T20:31:36.908,2,0,MU260807P00785000,MU,2026-08-07,put,785.0,0.0,0.0,0.01,1.0,0.005,0.01,1.0,,,,,,,2026-08-07,902.77,902.77,847.4,878.41,887387.0,871.3118
2026-08-07T20:31:36.908,2,0,MU260807P00787500,MU,2026-08-07,put,787.5,0.0,0.0,0.03,1.0,0.015,0.01,1.0,,,,,,,2026-08-07,902.77,902.77,847.4,878.41,887387.0,871.3118
2026-08-07T20:31:36.908,2,0,MU260807P00790000,MU,2026-08-07,put,790.0,0.0,0.0,0.03,13.0,0.015,0.03,2.0,,,,,,,2026-08-07,902.77,902.77,847.4,878.41,887387.0,871.3118
2026-08-07T20:31:36.908,2,0,MU260807P00792500,MU,2026-08-07,put,792.5,0.0,0.0,0.03,50.0,0.015,0.02,1.0,,,,,,,2026-08-07,902.77,902.77,847.4,878.41,887387.0,871.3118
2026-08-07T20:31:36.908,2,0,MU260807P00795000,MU,2026-08-07,put,795.0,0.0,0.0,0.01,50.0,0.005,0.01,1.0,,,,,,,2026-08-07,902.77,902.77,847.4,878.41,887387.0,871.3118
2026-08-07T20:31:36.908,2,0,MU260807P00800000,MU,2026-08-07,put,800.0,0.0,0.0,0.03,142.0,0.015,0.03,1.0,,,,,,,2026-08-07,902.77,902.77,847.4,878.41,887387.0,871.3118
2026-08-07T20:31:36.908,2,0,MU260807P00805000,MU,2026-08-07,put,805.0,0.0,0.0,0.03,4.0,0.015,0.01,1.0,,,,,,,2026-08-07,902.77,902.77,847.4,878.41,887387.0,871.3118
2026-08-07T20:31:36.908,2,0,MU260807P00810000,MU,2026-08-07,put,810.0,0.0,0.0,0.01,36.0,0.005,0.01,1.0,,,,,,,2026-08-07,902.77,902.77,847.4,878.41,887387.0,871.3118
2026-08-07T20:31:36.908,2,0,MU260807P00815000,MU,2026-08-07,put,815.0,0.01,2.0,0.02,1.0,0.015,0.02,1.0,,,,,,,2026-08-07,902.77,902.77,847.4,878.41,887387.0,871.3118
2026-08-07T20:31:36.908,2,0,MU260807P00820000,MU,2026-08-07,put,820.0,0.0,0.0,0.01,56.0,0.005,0.01,1.0,,,,,,,2026-08-07,902.77,902.77,847.4,878.41,887387.0,871.3118
2026-08-07T20:31:36.908,2,0,MU260807P00825000,MU,2026-08-07,put,825.0,0.0,0.0,0.01,14.0,0.005,0.01,2.0,,,,,,,2026-08-07,902.77,902.77,847.4,878.41,887387.0,871.3118
2026-08-07T20:31:36.908,2,0,MU260807P00830000,MU,2026-08-07,put,830.0,0.0,0.0,0.01,25.0,0.005,0.01,1.0,,,,,,,2026-08-07,902.77,902.77,847.4,878.41,887387.0,871.3118
2026-08-07T20:31:36.908,2,0,MU260807P00835000,MU,2026-08-07,put,835.0,0.0,0.0,0.01,26.0,0.005,0.01,1.0,,,,,,,2026-08-07,902.77,902.77,847.4,878.41,887387.0,871.3118
2026-08-07T20:31:36.908,2,0,MU260807P00840000,MU,2026-08-07,put,840.0,0.0,0.0,0.01,74.0,0.005,0.01,1.0,,,,,,,2026-08-07,902.77,902.77,847.4,878.41,887387.0,871.3118
2026-08-07T20:31:36.908,2,0,MU260807P00845000,MU,2026-08-07,put,845.0,0.0,0.0,0.01,8.0,0.005,0.01,20.0,,,,,,,2026-08-07,902.77,902.77,847.4,878.41,887387.0,871.3118
2026-08-07T20:31:36.908,2,0,MU260807P00850000,MU,2026-08-07,put,850.0,0.0,0.0,0.01,132.0,0.005,0.01,1.0,,,,,,,2026-08-07,902.77,902.77,847.4,878.41,887387.0,871.3118
2026-08-07T20:31:36.908,2,0,MU260807P00855000,MU,2026-08-07,put,855.0,0.0,0.0,0.03,34.0,0.015,0.01,1.0,,,,,,,2026-08-07,902.77,902.77,847.4,878.41,887387.0,871.3118
2026-08-07T20:31:36.908,2,0,MU260807P00860000,MU,2026-08-07,put,860.0,0.0,0.0,0.03,305.0,0.015,0.01,1.0,,,,,,,2026-08-07,902.77,902.77,847.4,878.41,887387.0,871.3118
2026-08-07T20:31:36.908,2,0,MU260807P00865000,MU,2026-08-07,put,865.0,0.0,0.0,0.01,217.0,0.005,0.01,25.0,,,,,,,2026-08-07,902.77,902.77,847.4,878.41,887387.0,871.3118
2026-08-07T20:31:36.908,2,0,MU260807P00870000,MU,2026-08-07,put,870.0,0.0,0.0,0.03,121.0,0.015,0.01,2.0,,,,,,,2026-08-07,902.77,902.77,847.4,878.41,887387.0,871.3118
2026-08-07T20:31:36.908,2,0,MU260807P00875000,MU,2026-08-07,put,875.0,0.12,8.0,0.17,12.0,0.14500000000000002,0.15,2.0,,,,,,,2026-08-07,902.77,902.77,847.4,878.41,887387.0,871.3118
2026-08-07T20:31:36.908,2,0,MU260807P00880000,MU,2026-08-07,put,880.0,1.03,2.0,1.96,26.0,1.495,1.96,1.0,,,,,,,2026-08-07,902.77,902.77,847.4,878.41,887387.0,871.3118
2026-08-07T20:31:36.908,2,0,MU260807P00885000,MU,2026-08-07,put,885.0,3.84,39.0,9.48,39.0,6.66,9.48,1.0,,,,,,,2026-08-07,902.77,902.77,847.4,878.41,887387.0,871.3118
2026-08-07T20:31:36.908,2,0,MU260807P00890000,MU,2026-08-07,put,890.0,7.07,1.0,14.64,10.0,10.855,14.36,1.0,,,,,,,2026-08-07,902.77,902.77,847.4,878.41,887387.0,871.3118
2026-08-07T20:31:36.908,2,0,MU260807P00895000,MU,2026-08-07,put,895.0,14.16,44.0,18.37,47.0,16.265,18.37,1.0,,,,,,,2026-08-07,902.77,902.77,847.4,878.41,887387.0,871.3118
2026-08-07T20:31:36.908,2,0,MU260807P00900000,MU,2026-08-07,put,900.0,19.02,29.0,25.28,42.0,22.15,21.18,3.0,,,,,,,2026-08-07,902.77,902.77,847.4,878.41,887387.0,871.3118
2026-08-07T20:31:36.908,2,0,MU260807P00905000,MU,2026-08-07,put,905.0,22.13,2.0,30.53,56.0,26.33,30.53,1.0,,,,,,,2026-08-07,902.77,902.77,847.4,878.41,887387.0,871.3118
2026-08-07T20:31:36.908,2,0,MU260807P00910000,MU,2026-08-07,put,910.0,27.8,16.0,36.32,5.0,32.06,35.85,5.0,,,,,,,2026-08-07,902.77,902.77,847.4,878.41,887387.0,871.3118
2026-08-07T20:31:36.908,2,0,MU260807P00915000,MU,2026-08-07,put,915.0,34.77,9.0,39.76,5.0,37.265,39.97,5.0,,,,,,,2026-08-07,902.77,902.77,847.4,878.41,887387.0,871.3118
2026-08-07T20:31:36.908,2,0,MU260807P00920000,MU,2026-08-07,put,920.0,39.51,4.0,42.71,205.0,41.11,42.71,1.0,,,,,,,2026-08-07,902.77,902.77,847.4,878.41,887387.0,871.3118
2026-08-07T20:31:36.908,2,0,MU260807P00925000,MU,2026-08-07,put,925.0,42.85,4.0,50.45,3.0,46.650000000000006,46.43,2.0,,,,,,,2026-08-07,902.77,902.77,847.4,878.41,887387.0,871.3118
2026-08-07T20:31:36.908,2,0,MU260807P00930000,MU,2026-08-07,put,930.0,47.22,18.0,55.51,47.0,51.364999999999995,54.15,1.0,,,,,,,2026-08-07,902.77,902.77,847.4,878.41,887387.0,871.3118
2026-08-07T20:31:36.908,2,0,MU260807P00935000,MU,2026-08-07,put,935.0,52.11,6.0,58.99,30.0,55.55,60.96,1.0,,,,,,,2026-08-07,902.77,902.77,847.4,878.41,887387.0,871.3118
2026-08-07T20:31:36.908,2,0,MU260807P00940000,MU,2026-08-07,put,940.0,58.67,23.0,64.51,65.0,61.59,64.51,1.0,,,,,,,2026-08-07,902.77,902.77,847.4,878.41,887387.0,871.3118
2026-08-07T20:31:36.908,2,0,MU260807P00945000,MU,2026-08-07,put,945.0,63.6,34.0,71.72,1.0,67.66,73.21,3.0,,,,,,,2026-08-07,902.77,902.77,847.4,878.41,887387.0,871.3118
2026-08-07T20:31:36.908,2,0,MU260807P00950000,MU,2026-08-07,put,950.0,69.62,1.0,75.51,94.0,72.565,75.51,1.0,,,,,,,2026-08-07,902.77,902.77,847.4,878.41,887387.0,871.3118
2026-08-07T20:31:36.908,2,0,MU260807P00955000,MU,2026-08-07,put,955.0,72.48,5.0,80.1,21.0,76.28999999999999,81.34,1.0,,,,,,,2026-08-07,902.77,902.77,847.4,878.41,887387.0,871.3118
2026-08-07T20:31:36.908,2,0,MU260807P00957500,MU,2026-08-07,put,957.5,74.83,6.0,81.92,21.0,78.375,83.82,1.0,,,,,,,2026-08-07,902.77,902.77,847.4,878.41,887387.0,871.3118
2026-08-07T20:31:36.908,2,0,MU260807P00960000,MU,2026-08-07,put,960.0,77.51,36.0,84.03,1.0,80.77000000000001,84.03,1.0,,,,,,,2026-08-07,902.77,902.77,847.4,878.41,887387.0,871.3118
2026-08-07T20:31:36.908,2,0,MU260807P00962500,MU,2026-08-07,put,962.5,79.86,8.0,88.09,6.0,83.975,66.97,17.0,,,,,,,2026-08-07,902.77,902.77,847.4,878.41,887387.0,871.3118
2026-08-07T20:31:36.908,2,0,MU260807P00965000,MU,2026-08-07,put,965.0,82.52,27.0,90.26,10.0,86.39,90.56,1.0,,,,,,,2026-08-07,902.77,902.77,847.4,878.41,887387.0,871.3118
2026-08-07T20:31:36.908,2,0,MU260807P00967500,MU,2026-08-07,put,967.5,83.95,7.0,96.2,6.0,90.075,91.99,1.0,,,,,,,2026-08-07,902.77,902.77,847.4,878.41,887387.0,871.3118
2026-08-07T20:31:36.908,2,0,MU260807P00970000,MU,2026-08-07,put,970.0,86.18,10.0,96.88,4.0,91.53,99.31,1.0,,,,,,,2026-08-07,902.77,902.77,847.4,878.41,887387.0,871.3118
2026-08-07T20:31:36.908,2,0,MU260807P00972500,MU,2026-08-07,put,972.5,91.73,23.0,96.96,21.0,94.345,97.52,1.0,,,,,,,2026-08-07,902.77,902.77,847.4,878.41,887387.0,871.3118
2026-08-07T20:31:36.908,2,0,MU260807P00975000,MU,2026-08-07,put,975.0,90.03,4.0,98.59,2.0,94.31,98.59,1.0,,,,,,,2026-08-07,902.77,902.77,847.4,878.41,887387.0,871.3118
2026-08-07T20:31:36.908,2,0,MU260807P00977500,MU,2026-08-07,put,977.5,94.0,2.0,105.06,7.0,99.53,200.39,1.0,,,,,,,2026-08-07,902.77,902.77,847.4,878.41,887387.0,871.3118
2026-08-07T20:31:36.908,2,0,MU260807P00980000,MU,2026-08-07,put,980.0,98.36,49.0,107.46,65.0,102.91,104.93,1.0,,,,,,,2026-08-07,902.77,902.77,847.4,878.41,887387.0,871.3118
2026-08-07T20:31:36.908,2,0,MU260807P00982500,MU,2026-08-07,put,982.5,97.8,1.0,109.05,5.0,103.425,90.06,1.0,,,,,,,2026-08-07,902.77,902.77,847.4,878.41,887387.0,871.3118
2026-08-07T20:31:36.908,2,0,MU260807P00985000,MU,2026-08-07,put,985.0,98.61,1.0,113.19,1.0,105.9,81.87,1.0,,,,,,,2026-08-07,902.77,902.77,847.4,878.41,887387.0,871.3118
2026-08-07T20:31:36.908,2,0,MU260807P00990000,MU,2026-08-07,put,990.0,104.33,23.0,117.02,3.0,110.675,107.46,2.0,,,,,,,2026-08-07,902.77,902.77,847.4,878.41,887387.0,871.3118
2026-08-07T20:31:36.908,2,0,MU260807P00995000,MU,2026-08-07,put,995.0,109.59,59.0,122.47,71.0,116.03,105.52,1.0,,,,,,,2026-08-07,902.77,902.77,847.4,878.41,887387.0,871.3118
2026-08-07T20:31:36.908,2,0,MU260807P01000000,MU,2026-08-07,put,1000.0,117.42,19.0,125.09,1.0,121.255,124.14,1.0,,,,,,,2026-08-07,902.77,902.77,847.4,878.41,887387.0,871.3118
2026-08-07T20:31:36.908,2,0,MU260807P01005000,MU,2026-08-07,put,1005.0,120.26,21.0,135.8,21.0,128.03,129.32,1.0,,,,,,,2026-08-07,902.77,902.77,847.4,878.41,887387.0,871.3118
2026-08-07T20:31:36.908,2,0,MU260807P01010000,MU,2026-08-07,put,1010.0,126.65,1.0,141.57,1.0,134.11,110.0,1.0,,,,,,,2026-08-07,902.77,902.77,847.4,878.41,887387.0,871.3118
2026-08-07T20:31:36.908,2,0,MU260807P01015000,MU,2026-08-07,put,1015.0,132.56,6.0,144.91,15.0,138.735,140.45,1.0,,,,,,,2026-08-07,902.77,902.77,847.4,878.41,887387.0,871.3118
2026-08-07T20:31:36.908,2,0,MU260807P01020000,MU,2026-08-07,put,1020.0,137.59,6.0,141.54,17.0,139.565,141.54,1.0,,,,,,,2026-08-07,902.77,902.77,847.4,878.41,887387.0,871.3118
2026-08-07T20:31:36.908,2,0,MU260807P01025000,MU,2026-08-07,put,1025.0,142.14,1.0,151.74,1.0,146.94,132.69,1.0,,,,,,,2026-08-07,902.77,902.77,847.4,878.41,887387.0,871.3118
2026-08-07T20:31:36.908,2,0,MU260807P01030000,MU,2026-08-07,put,1030.0,143.12,19.0,161.56,20.0,152.34,159.71,1.0,,,,,,,2026-08-07,902.77,902.77,847.4,878.41,887387.0,871.3118
2026-08-07T20:31:36.908,2,0,MU260807P01035000,MU,2026-08-07,put,1035.0,148.72,16.0,166.67,6.0,157.695,146.14,1.0,,,,,,,2026-08-07,902.77,902.77,847.4,878.41,887387.0,871.3118
2026-08-07T20:31:36.908,2,0,MU260807P01040000,MU,2026-08-07,put,1040.0,160.83,12.0,169.27,27.0,165.05,164.02,1.0,,,,,,,2026-08-07,902.77,902.77,847.4,878.41,887387.0,871.3118
2026-08-07T20:31:36.908,2,0,MU260807P01045000,MU,2026-08-07,put,1045.0,163.65,23.0,170.22,24.0,166.935,153.04,1.0,,,,,,,2026-08-07,902.77,902.77,847.4,878.41,887387.0,871.3118
2026-08-07T20:31:36.908,2,0,MU260807P01050000,MU,2026-08-07,put,1050.0,170.02,13.0,175.58,21.0,172.8,156.28,5.0,,,,,,,2026-08-07,902.77,902.77,847.4,878.41,887387.0,871.3118
2026-08-07T20:31:36.908,2,0,MU260807P01055000,MU,2026-08-07,put,1055.0,171.49,1.0,183.27,1.0,177.38,160.19,1.0,,,,,,,2026-08-07,902.77,902.77,847.4,878.41,887387.0,871.3118
2026-08-07T20:31:36.908,2,0,MU260807P01060000,MU,2026-08-07,put,1060.0,171.51,8.0,188.09,24.0,179.8,188.99,1.0,,,,,,,2026-08-07,902.77,902.77,847.4,878.41,887387.0,871.3118
2026-08-07T20:31:36.908,2,0,MU260807P01065000,MU,2026-08-07,put,1065.0,180.15,5.0,195.15,1.0,187.65,173.22,1.0,,,,,,,2026-08-07,902.77,902.77,847.4,878.41,887387.0,871.3118
2026-08-07T20:31:36.908,2,0,MU260807P01070000,MU,2026-08-07,put,1070.0,180.76,5.0,200.55,1.0,190.655,195.93,2.0,,,,,,,2026-08-07,902.77,902.77,847.4,878.41,887387.0,871.3118
2026-08-07T20:31:36.908,2,0,MU260807P01075000,MU,2026-08-07,put,1075.0,192.61,1.0,207.66,1.0,200.135,175.15,160.0,,,,,,,2026-08-07,902.77,902.77,847.4,878.41,887387.0,871.3118
2026-08-07T20:31:36.908,2,0,MU260807P01080000,MU,2026-08-07,put,1080.0,197.09,21.0,209.47,6.0,203.28,181.48,70.0,,,,,,,2026-08-07,902.77,902.77,847.4,878.41,887387.0,871.3118
2026-08-07T20:31:36.908,2,0,MU260807P01085000,MU,2026-08-07,put,1085.0,201.88,7.0,213.25,23.0,207.565,213.09,2.0,,,,,,,2026-08-07,902.77,902.77,847.4,878.41,887387.0,871.3118
2026-08-07T20:31:36.908,2,0,MU260807P01090000,MU,2026-08-07,put,1090.0,206.66,1.0,215.54,2.0,211.1,190.05,830.0,,,,,,,2026-08-07,902.77,902.77,847.4,878.41,887387.0,871.3118
2026-08-07T20:31:36.908,2,0,MU260807P01095000,MU,2026-08-07,put,1095.0,210.97,25.0,222.06,4.0,216.515,207.32,140.0,,,,,,,2026-08-07,902.77,902.77,847.4,878.41,887387.0,871.3118
2026-08-07T20:31:36.908,2,0,MU260807P01100000,MU,2026-08-07,put,1100.0,211.1,10.0,224.95,5.0,218.02499999999998,243.06,1.0,,,,,,,2026-08-07,902.77,902.77,847.4,878.41,887387.0,871.3118
2026-08-07T20:31:36.908,2,0,MU260807P01105000,MU,2026-08-07,put,1105.0,217.94,9.0,237.63,23.0,227.785,217.71,160.0,,,,,,,2026-08-07,902.77,902.77,847.4,878.41,887387.0,871.3118
2026-08-07T20:31:36.908,2,0,MU260807P01110000,MU,2026-08-07,put,1110.0,222.23,1.0,237.9,1.0,230.065,209.25,190.0,,,,,,,2026-08-07,902.77,902.77,847.4,878.41,887387.0,871.3118
2026-08-07T20:31:36.908,2,0,MU260807P01115000,MU,2026-08-07,put,1115.0,229.55,18.0,244.73,6.0,237.14,214.25,2.0,,,,,,,2026-08-07,902.77,902.77,847.4,878.41,887387.0,871.3118
2026-08-07T20:31:36.908,2,0,MU260807P01120000,MU,2026-08-07,put,1120.0,231.68,1.0,250.62,1.0,241.15,222.93,370.0,,,,,,,2026-08-07,902.77,902.77,847.4,878.41,887387.0,871.3118
2026-08-07T20:31:36.908,2,0,MU260807P01125000,MU,2026-08-07,put,1125.0,239.84,1.0,257.329,1.0,248.5845,224.43,230.0,,,,,,,2026-08-07,902.77,902.77,847.4,878.41,887387.0,871.3118
2026-08-07T20:31:36.908,2,0,MU260807P01130000,MU,2026-08-07,put,1130.0,241.46,1.0,263.07,1.0,252.265,233.24,22.0,,,,,,,2026-08-07,902.77,902.77,847.4,878.41,887387.0,871.3118
2026-08-07T20:31:36.908,2,0,MU260807P01135000,MU,2026-08-07,put,1135.0,250.39,30.0,267.99,1.0,259.19,263.58,1.0,,,,,,,2026-08-07,902.77,902.77,847.4,878.41,887387.0,871.3118
2026-08-07T20:31:36.908,2,0,MU260807P01140000,MU,2026-08-07,put,1140.0,261.22,8.0,269.8,1.0,265.51,240.15,66.0,,,,,,,2026-08-07,902.77,902.77,847.4,878.41,887387.0,871.3118
2026-08-07T20:31:36.908,2,0,MU260807P01145000,MU,2026-08-07,put,1145.0,263.27,1.0,274.91,1.0,269.09000000000003,,,,,,,,,2026-08-07,902.77,902.77,847.4,878.41,887387.0,871.3118
2026-08-07T20:31:36.908,2,0,MU260807P01150000,MU,2026-08-07,put,1150.0,263.99,1.0,280.38,1.0,272.185,250.53,58.0,,,,,,,2026-08-07,902.77,902.77,847.4,878.41,887387.0,871.3118
2026-08-07T20:31:36.908,2,0,MU260807P01155000,MU,2026-08-07,put,1155.0,267.44,1.0,280.93,1.0,274.185,,,,,,,,,2026-08-07,902.77,902.77,847.4,878.41,887387.0,871.3118
2026-08-07T20:31:36.908,2,0,MU260807P01160000,MU,2026-08-07,put,1160.0,273.7,1.0,294.61,1.0,284.155,267.87,66.0,,,,,,,2026-08-07,902.77,902.77,847.4,878.41,887387.0,871.3118
2026-08-07T20:31:36.908,2,0,MU260807P01165000,MU,2026-08-07,put,1165.0,280.95,1.0,294.16,1.0,287.555,,,,,,,,,2026-08-07,902.77,902.77,847.4,878.41,887387.0,871.3118
2026-08-07T20:31:36.908,2,0,MU260807P01170000,MU,2026-08-07,put,1170.0,283.22,1.0,300.78,1.0,292.0,269.25,2.0,,,,,,,2026-08-07,902.77,902.77,847.4,878.41,887387.0,871.3118
2026-08-07T20:31:36.908,2,0,MU260807P01175000,MU,2026-08-07,put,1175.0,292.36,17.0,300.22,4.0,296.29,,,,,,,,,2026-08-07,902.77,902.77,847.4,878.41,887387.0,871.3118
2026-08-07T20:31:36.908,2,0,MU260807P01180000,MU,2026-08-07,put,1180.0,294.94,1.0,309.9,1.0,302.41999999999996,262.37,1.0,,,,,,,2026-08-07,902.77,902.77,847.4,878.41,887387.0,871.3118
2026-08-07T20:31:36.908,2,0,MU260807P01185000,MU,2026-08-07,put,1185.0,303.94,1.0,310.07,1.0,307.005,272.04,1.0,,,,,,,2026-08-07,902.77,902.77,847.4,878.41,887387.0,871.3118
2026-08-07T20:31:36.908,2,0,MU260807P01190000,MU,2026-08-07,put,1190.0,307.77,8.0,322.42,1.0,315.095,325.6,1.0,,,,,,,2026-08-07,902.77,902.77,847.4,878.41,887387.0,871.3118
2026-08-07T20:31:36.908,2,0,MU260807P01195000,MU,2026-08-07,put,1195.0,303.82,1.0,329.74,1.0,316.78,,,,,,,,,2026-08-07,902.77,902.77,847.4,878.41,887387.0,871.3118
2026-08-07T20:31:36.908,2,0,MU260807P01200000,MU,2026-08-07,put,1200.0,311.54,5.0,325.8,5.0,318.67,330.41,1.0,,,,,,,2026-08-07,902.77,902.77,847.4,878.41,887387.0,871.3118
2026-08-07T20:31:36.908,2,0,MU260807P01205000,MU,2026-08-07,put,1205.0,317.58,6.0,337.38,4.0,327.48,416.13,6.0,,,,,,,2026-08-07,902.77,902.77,847.4,878.41,887387.0,871.3118
2026-08-07T20:31:36.908,2,0,MU260807P01210000,MU,2026-08-07,put,1210.0,318.54,1.0,339.88,1.0,329.21000000000004,413.18,1.0,,,,,,,2026-08-07,902.77,902.77,847.4,878.41,887387.0,871.3118
2026-08-07T20:31:36.908,2,0,MU260807P01220000,MU,2026-08-07,put,1220.0,329.52,1.0,343.39,1.0,336.455,430.75,6.0,,,,,,,2026-08-07,902.77,902.77,847.4,878.41,887387.0,871.3118
2026-08-07T20:31:36.908,2,0,MU260807P01230000,MU,2026-08-07,put,1230.0,347.2,1.0,361.84,1.0,354.52,332.81,1.0,,,,,,,2026-08-07,902.77,902.77,847.4,878.41,887387.0,871.3118
2026-08-07T20:31:36.908,2,0,MU260807P01240000,MU,2026-08-07,put,1240.0,351.35,22.0,374.59,6.0,362.97,402.54,1.0,,,,,,,2026-08-07,902.77,902.77,847.4,878.41,887387.0,871.3118
2026-08-07T20:31:36.908,2,0,MU260807P01250000,MU,2026-08-07,put,1250.0,370.4,1.0,371.9,1.0,371.15,416.63,1.0,,,,,,,2026-08-07,902.77,902.77,847.4,878.41,887387.0,871.3118
2026-08-07T20:31:36.908,2,0,MU260807P01260000,MU,2026-08-07,put,1260.0,373.17,16.0,393.5,3.0,383.33500000000004,240.0,1.0,,,,,,,2026-08-07,902.77,902.77,847.4,878.41,887387.0,871.3118
2026-08-07T20:31:36.908,2,0,MU260807P01270000,MU,2026-08-07,put,1270.0,386.68,6.0,402.4,4.0,394.53999999999996,367.5,1.0,,,,,,,2026-08-07,902.77,902.77,847.4,878.41,887387.0,871.3118
2026-08-07T20:31:36.908,2,0,MU260807P01280000,MU,2026-08-07,put,1280.0,400.77,17.0,416.87,4.0,408.82,387.46,2.0,,,,,,,2026-08-07,902.77,902.77,847.4,878.41,887387.0,871.3118
2026-08-07T20:31:36.908,2,0,MU260807P01290000,MU,2026-08-07,put,1290.0,404.96,17.0,411.36,3.0,408.15999999999997,218.55,1.0,,,,,,,2026-08-07,902.77,902.77,847.4,878.41,887387.0,871.3118
2026-08-07T20:31:36.908,2,0,MU260807P01300000,MU,2026-08-07,put,1300.0,417.29,15.0,431.95,3.0,424.62,470.94,1.0,,,,,,,2026-08-07,902.77,902.77,847.4,878.41,887387.0,871.3118
2026-08-07T20:31:36.908,2,0,MU260807P01310000,MU,2026-08-07,put,1310.0,419.62,8.0,433.99,2.0,426.805,412.24,1.0,,,,,,,2026-08-07,902.77,902.77,847.4,878.41,887387.0,871.3118
2026-08-07T20:31:36.908,2,0,MU260807P01320000,MU,2026-08-07,put,1320.0,439.59,1.0,442.14,1.0,440.865,318.46,1.0,,,,,,,2026-08-07,902.77,902.77,847.4,878.41,887387.0,871.3118
2026-08-07T20:31:36.908,2,0,MU260807P01330000,MU,2026-08-07,put,1330.0,445.09,18.0,463.14,5.0,454.115,365.31,1.0,,,,,,,2026-08-07,902.77,902.77,847.4,878.41,887387.0,871.3118
2026-08-07T20:31:36.908,2,0,MU260807P01340000,MU,2026-08-07,put,1340.0,455.37,1.0,472.25,1.0,463.81,452.14,1.0,,,,,,,2026-08-07,902.77,902.77,847.4,878.41,887387.0,871.3118
2026-08-07T20:31:36.908,2,0,MU260807P01350000,MU,2026-08-07,put,1350.0,470.17,1.0,486.32,1.0,478.245,502.11,6.0,,,,,,,2026-08-07,902.77,902.77,847.4,878.41,887387.0,871.3118
2026-08-07T20:31:36.908,2,0,MU260807P01360000,MU,2026-08-07,put,1360.0,473.16,1.0,494.15,1.0,483.655,341.0,1.0,,,,,,,2026-08-07,902.77,902.77,847.4,878.41,887387.0,871.3118
2026-08-07T20:31:36.908,2,0,MU260807P01370000,MU,2026-08-07,put,1370.0,493.3,1.0,503.73,1.0,498.515,352.93,1.0,,,,,,,2026-08-07,902.77,902.77,847.4,878.41,887387.0,871.3118
2026-08-07T20:31:36.908,2,0,MU260807P01380000,MU,2026-08-07,put,1380.0,494.44,1.0,513.179,1.0,503.80949999999996,,,,,,,,,2026-08-07,902.77,902.77,847.4,878.41,887387.0,871.3118
2026-08-07T20:31:36.908,2,0,MU260807P01390000,MU,2026-08-07,put,1390.0,504.89,17.0,524.75,5.0,514.8199999999999,295.45,1.0,,,,,,,2026-08-07,902.77,902.77,847.4,878.41,887387.0,871.3118
2026-08-07T20:31:36.908,2,0,MU260807P01400000,MU,2026-08-07,put,1400.0,511.72,1.0,529.87,1.0,520.7950000000001,575.2,1.0,,,,,,,2026-08-07,902.77,902.77,847.4,878.41,887387.0,871.3118
2026-08-07T20:31:36.908,2,0,MU260807P01410000,MU,2026-08-07,put,1410.0,514.95,1.0,545.16,1.0,530.0550000000001,,,,,,,,,2026-08-07,902.77,902.77,847.4,878.41,887387.0,871.3118
2026-08-07T20:31:36.908,2,0,MU260807P01420000,MU,2026-08-07,put,1420.0,532.69,2.0,538.29,4.0,535.49,,,,,,,,,2026-08-07,902.77,902.77,847.4,878.41,887387.0,871.3118
2026-08-07T20:31:36.908,2,0,MU260807P01430000,MU,2026-08-07,put,1430.0,557.32,18.0,562.27,3.0,559.7950000000001,,,,,,,,,2026-08-07,902.77,902.77,847.4,878.41,887387.0,871.3118
2026-08-07T20:31:36.908,2,0,MU260807P01440000,MU,2026-08-07,put,1440.0,547.35,3.0,562.52,1.0,554.935,,,,,,,,,2026-08-07,902.77,902.77,847.4,878.41,887387.0,871.3118
2026-08-07T20:31:36.908,2,0,MU260807P01450000,MU,2026-08-07,put,1450.0,568.52,1.0,585.34,1.0,576.9300000000001,407.15,1.0,,,,,,,2026-08-07,902.77,902.77,847.4,878.41,887387.0,871.3118
2026-08-07T20:31:36.908,2,0,MU260807P01460000,MU,2026-08-07,put,1460.0,571.79,1.0,581.17,1.0,576.48,,,,,,,,,2026-08-07,902.77,902.77,847.4,878.41,887387.0,871.3118
2026-08-07T20:31:36.908,2,0,MU260807P01470000,MU,2026-08-07,put,1470.0,580.85,24.0,610.01,5.0,595.4300000000001,439.05,1.0,,,,,,,2026-08-07,902.77,902.77,847.4,878.41,887387.0,871.3118
2026-08-07T20:31:36.908,2,0,MU260807P01480000,MU,2026-08-07,put,1480.0,603.29,16.0,613.95,4.0,608.62,447.9,1.0,,,,,,,2026-08-07,902.77,902.77,847.4,878.41,887387.0,871.3118
2026-08-07T20:31:36.908,2,0,MU260807P01490000,MU,2026-08-07,put,1490.0,597.96,18.0,623.31,6.0,610.635,,,,,,,,,2026-08-07,902.77,902.77,847.4,878.41,887387.0,871.3118
2026-08-07T20:31:36.908,2,0,MU260807P01500000,MU,2026-08-07,put,1500.0,625.47,1.0,634.25,1.0,629.86,482.94,3.0,,,,,,,2026-08-07,902.77,902.77,847.4,878.41,887387.0,871.3118
2026-08-07T20:31:36.908,2,0,MU260807P01510000,MU,2026-08-07,put,1510.0,627.3,1.0,648.25,1.0,637.775,483.1,1.0,,,,,,,2026-08-07,902.77,902.77,847.4,878.41,887387.0,871.3118
2026-08-07T20:31:36.908,2,0,MU260807P01520000,MU,2026-08-07,put,1520.0,622.48,1.0,643.33,1.0,632.905,,,,,,,,,2026-08-07,902.77,902.77,847.4,878.41,887387.0,871.3118
2026-08-07T20:31:36.908,2,0,MU260807P01530000,MU,2026-08-07,put,1530.0,631.28,1.0,648.12,1.0,639.7,,,,,,,,,2026-08-07,902.77,902.77,847.4,878.41,887387.0,871.3118
2026-08-07T20:31:36.908,2,0,MU260807P01540000,MU,2026-08-07,put,1540.0,643.01,1.0,658.79,1.0,650.9,,,,,,,,,2026-08-07,902.77,902.77,847.4,878.41,887387.0,871.3118
2026-08-07T20:31:36.908,2,0,MU260807P01550000,MU,2026-08-07,put,1550.0,663.58,1.0,678.58,1.0,671.08,,,,,,,,,2026-08-07,902.77,902.77,847.4,878.41,887387.0,871.3118
2026-08-07T20:31:36.908,2,0,MU260807P01560000,MU,2026-08-07,put,1560.0,670.12,1.0,688.16,1.0,679.14,,,,,,,,,2026-08-07,902.77,902.77,847.4,878.41,887387.0,871.3118
2026-08-07T20:31:36.908,2,0,MU260807P01570000,MU,2026-08-07,put,1570.0,672.91,22.0,702.66,3.0,687.785,,,,,,,,,2026-08-07,902.77,902.77,847.4,878.41,887387.0,871.3118
2026-08-07T20:31:36.908,2,0,MU260807P01580000,MU,2026-08-07,put,1580.0,691.12,18.0,696.39,1.0,693.755,,,,,,,,,2026-08-07,902.77,902.77,847.4,878.41,887387.0,871.3118
2026-08-07T20:31:36.908,2,0,MU260807P01590000,MU,2026-08-07,put,1590.0,706.52,17.0,727.46,3.0,716.99,,,,,,,,,2026-08-07,902.77,902.77,847.4,878.41,887387.0,871.3118
2026-08-07T20:31:36.908,2,0,MU260807P01600000,MU,2026-08-07,put,1600.0,714.05,1.0,734.39,1.0,724.22,723.12,1.0,,,,,,,2026-08-07,902.77,902.77,847.4,878.41,887387.0,871.3118
2026-08-07T20:31:36.908,2,0,MU260807P01610000,MU,2026-08-07,put,1610.0,721.63,1.0,742.64,1.0,732.135,458.6,3.0,,,,,,,2026-08-07,902.77,902.77,847.4,878.41,887387.0,871.3118
2026-08-07T20:31:36.908,2,0,MU260807P01620000,MU,2026-08-07,put,1620.0,725.94,1.0,741.1,1.0,733.52,,,,,,,,,2026-08-07,902.77,902.77,847.4,878.41,887387.0,871.3118
2026-08-07T20:31:36.908,2,0,MU260807P01630000,MU,2026-08-07,put,1630.0,738.71,1.0,747.56,1.0,743.135,,,,,,,,,2026-08-07,902.77,902.77,847.4,878.41,887387.0,871.3118
2026-08-07T20:31:36.908,2,0,MU260807P01640000,MU,2026-08-07,put,1640.0,741.49,1.0,773.95,1.0,757.72,,,,,,,,,2026-08-07,902.77,902.77,847.4,878.41,887387.0,871.3118
2026-08-07T20:31:36.908,2,0,MU260807P01650000,MU,2026-08-07,put,1650.0,778.43,1.0,790.54,1.0,784.4849999999999,,,,,,,,,2026-08-07,902.77,902.77,847.4,878.41,887387.0,871.3118
2026-08-07T20:31:36.908,2,0,MU260807P01660000,MU,2026-08-07,put,1660.0,772.45,1.0,794.3,1.0,783.375,,,,,,,,,2026-08-07,902.77,902.77,847.4,878.41,887387.0,871.3118
2026-08-07T20:31:36.908,2,0,MU260807P01670000,MU,2026-08-07,put,1670.0,794.53,21.0,813.11,6.0,803.8199999999999,,,,,,,,,2026-08-07,902.77,902.77,847.4,878.41,887387.0,871.3118
2026-08-07T20:31:36.908,2,0,MU260807P01680000,MU,2026-08-07,put,1680.0,780.99,25.0,823.41,1.0,802.2,630.25,1.0,,,,,,,2026-08-07,902.77,902.77,847.4,878.41,887387.0,871.3118
2026-08-07T20:31:36.908,2,0,MU260807P01690000,MU,2026-08-07,put,1690.0,796.74,1.0,832.36,1.0,814.55,,,,,,,,,2026-08-07,902.77,902.77,847.4,878.41,887387.0,871.3118
2026-08-07T20:31:36.908,2,0,MU260807P01700000,MU,2026-08-07,put,1700.0,821.77,19.0,823.15,6.0,822.46,,,,,,,,,2026-08-07,902.77,902.77,847.4,878.41,887387.0,871.3118
2026-08-07T20:31:36.908,2,0,MU260807P01710000,MU,2026-08-07,put,1710.0,815.75,18.0,846.1,2.0,830.925,,,,,,,,,2026-08-07,902.77,902.77,847.4,878.41,887387.0,871.3118
2026-08-07T20:31:36.908,2,0,MU260807P01720000,MU,2026-08-07,put,1720.0,826.22,1.0,856.81,1.0,841.515,,,,,,,,,2026-08-07,902.77,902.77,847.4,878.41,887387.0,871.3118
2026-08-07T20:31:36.908,2,0,MU260807P01730000,MU,2026-08-07,put,1730.0,859.66,8.0,869.59,1.0,864.625,,,,,,,,,2026-08-07,902.77,902.77,847.4,878.41,887387.0,871.3118
2026-08-07T20:31:36.908,2,0,MU260807P01740000,MU,2026-08-07,put,1740.0,842.75,15.0,866.74,2.0,854.745,,,,,,,,,2026-08-07,902.77,902.77,847.4,878.41,887387.0,871.3118
2026-08-07T20:31:36.908,2,0,MU260807P01750000,MU,2026-08-07,put,1750.0,877.89,1.0,895.39,1.0,886.64,,,,,,,,,2026-08-07,902.77,902.77,847.4,878.41,887387.0,871.3118
2026-08-07T20:31:36.908,2,0,MU260807P01760000,MU,2026-08-07,put,1760.0,867.03,9.0,889.69,7.0,878.36,,,,,,,,,2026-08-07,902.77,902.77,847.4,878.41,887387.0,871.3118
2026-08-07T20:31:36.908,2,0,MU260807P01770000,MU,2026-08-07,put,1770.0,893.17,1.0,908.92,1.0,901.045,,,,,,,,,2026-08-07,902.77,902.77,847.4,878.41,887387.0,871.3118
2026-08-07T20:31:36.908,2,0,MU260807P01780000,MU,2026-08-07,put,1780.0,889.97,18.0,913.33,3.0,901.6500000000001,,,,,,,,,2026-08-07,902.77,902.77,847.4,878.41,887387.0,871.3118
2026-08-07T20:31:36.908,2,0,MU260807P01790000,MU,2026-08-07,put,1790.0,913.25,1.0,928.2,1.0,920.725,,,,,,,,,2026-08-07,902.77,902.77,847.4,878.41,887387.0,871.3118
2026-08-07T20:31:36.908,2,0,MU260807P01800000,MU,2026-08-07,put,1800.0,914.11,1.0,923.41,1.0,918.76,924.46,1.0,,,,,,,2026-08-07,902.77,902.77,847.4,878.41,887387.0,871.3118
2026-08-07T20:31:36.908,2,0,MU260807P01810000,MU,2026-08-07,put,1810.0,925.49,8.0,945.47,1.0,935.48,689.7,1.0,,,,,,,2026-08-07,902.77,902.77,847.4,878.41,887387.0,871.3118
2026-08-07T20:31:36.908,2,0,MU260807P01820000,MU,2026-08-07,put,1820.0,937.27,1.0,961.98,1.0,949.625,897.95,1.0,,,,,,,2026-08-07,902.77,902.77,847.4,878.41,887387.0,871.3118
2026-08-07T20:31:36.908,2,0,MU260807P01830000,MU,2026-08-07,put,1830.0,929.25,18.0,968.87,3.0,949.06,,,,,,,,,2026-08-07,902.77,902.77,847.4,878.41,887387.0,871.3118
2026-08-07T20:31:36.908,2,0,MU260807P01840000,MU,2026-08-07,put,1840.0,962.95,1.0,977.9,2.0,970.425,,,,,,,,,2026-08-07,902.77,902.77,847.4,878.41,887387.0,871.3118
2026-08-07T20:31:36.908,2,0,MU260807P01850000,MU,2026-08-07,put,1850.0,959.66,19.0,980.7,6.0,970.1800000000001,802.47,1.0,,,,,,,2026-08-07,902.77,902.77,847.4,878.41,887387.0,871.3118
2026-08-07T20:31:36.908,2,0,MU260807P01860000,MU,2026-08-07,put,1860.0,978.92,1.0,993.25,1.0,986.085,,,,,,,,,2026-08-07,902.77,902.77,847.4,878.41,887387.0,871.3118
2026-08-07T20:31:36.908,2,0,MU260807P01870000,MU,2026-08-07,put,1870.0,968.52,1.0,1004.27,1.0,986.395,,,,,,,,,2026-08-07,902.77,902.77,847.4,878.41,887387.0,871.3118
2026-08-07T20:31:36.908,2,0,MU260807P01880000,MU,2026-08-07,put,1880.0,987.48,24.0,1028.4,6.0,1007.94,,,,,,,,,2026-08-07,902.77,902.77,847.4,878.41,887387.0,871.3118
2026-08-07T20:31:36.908,2,0,MU260807P01890000,MU,2026-08-07,put,1890.0,1012.47,14.0,1035.91,1.0,1024.19,,,,,,,,,2026-08-07,902.77,902.77,847.4,878.41,887387.0,871.3118
2026-08-07T20:31:36.908,2,0,MU260807P01900000,MU,2026-08-07,put,1900.0,998.89,1.0,1010.37,1.0,1004.63,,,,,,,,,2026-08-07,902.77,902.77,847.4,878.41,887387.0,871.3118
2026-08-07T20:31:36.908,2,0,MU260807P01910000,MU,2026-08-07,put,1910.0,1034.19,13.0,1039.5,1.0,1036.845,,,,,,,,,2026-08-07,902.77,902.77,847.4,878.41,887387.0,871.3118
2026-08-07T20:31:36.908,2,0,MU260807P01920000,MU,2026-08-07,put,1920.0,1047.2,15.0,1064.84,4.0,1056.02,,,,,,,,,2026-08-07,902.77,902.77,847.4,878.41,887387.0,871.3118
2026-08-07T20:31:36.908,2,0,MU260807P01930000,MU,2026-08-07,put,1930.0,1026.19,16.0,1073.28,3.0,1049.7350000000001,,,,,,,,,2026-08-07,902.77,902.77,847.4,878.41,887387.0,871.3118
2026-08-07T20:31:36.908,2,0,MU260807P01940000,MU,2026-08-07,put,1940.0,1075.14,16.0,1087.89,6.0,1081.515,,,,,,,,,2026-08-07,902.77,902.77,847.4,878.41,887387.0,871.3118
2026-08-07T20:31:36.908,2,0,MU260807P01950000,MU,2026-08-07,put,1950.0,1046.579,8.0,1063.28,1.0,1054.9295,,,,,,,,,2026-08-07,902.77,902.77,847.4,878.41,887387.0,871.3118
2026-08-07T20:31:36.908,2,0,MU260807P01960000,MU,2026-08-07,put,1960.0,1060.27,1.0,1069.58,1.0,1064.925,791.75,1.0,,,,,,,2026-08-07,902.77,902.77,847.4,878.41,887387.0,871.3118
2026-08-07T20:31:36.908,2,0,MU260807P01970000,MU,2026-08-07,put,1970.0,1100.86,8.0,1113.21,5.0,1107.0349999999999,,,,,,,,,2026-08-07,902.77,902.77,847.4,878.41,887387.0,871.3118
2026-08-07T20:31:36.908,2,0,MU260807P01980000,MU,2026-08-07,put,1980.0,1114.34,1.0,1129.29,1.0,1121.815,801.31,3.0,,,,,,,2026-08-07,902.77,902.77,847.4,878.41,887387.0,871.3118
2026-08-07T20:31:36.908,2,0,MU260807P01990000,MU,2026-08-07,put,1990.0,1090.21,1.0,1131.05,1.0,1110.63,,,,,,,,,2026-08-07,902.77,902.77,847.4,878.41,887387.0,871.3118
2026-08-07T20:31:36.908,2,0,MU260807P02000000,MU,2026-08-07,put,2000.0,1119.73,19.0,1151.03,4.0,1135.38,,,,,,,,,2026-08-07,902.77,902.77,847.4,878.41,887387.0,871.3118
2026-08-07T20:31:36.908,2,0,MU260807P02010000,MU,2026-08-07,put,2010.0,1110.26,8.0,1131.89,2.0,1121.075,,,,,,,,,2026-08-07,902.77,902.77,847.4,878.41,887387.0,871.3118
2026-08-07T20:31:36.908,2,0,MU260807P02020000,MU,2026-08-07,put,2020.0,1126.49,1.0,1153.14,1.0,1139.815,,,,,,,,,2026-08-07,902.77,902.77,847.4,878.41,887387.0,871.3118
2026-08-07T20:31:36.908,2,0,MU260807P02030000,MU,2026-08-07,put,2030.0,1143.42,16.0,1157.45,3.0,1150.435,,,,,,,,,2026-08-07,902.77,902.77,847.4,878.41,887387.0,871.3118
2026-08-07T20:31:36.908,2,0,MU260807P02040000,MU,2026-08-07,put,2040.0,1138.89,1.0,1177.69,1.0,1158.29,,,,,,,,,2026-08-07,902.77,902.77,847.4,878.41,887387.0,871.3118
2026-08-07T20:31:36.908,2,0,MU260807P02050000,MU,2026-08-07,put,2050.0,1150.65,1.0,1197.13,1.0,1173.89,,,,,,,,,2026-08-07,902.77,902.77,847.4,878.41,887387.0,871.3118
2026-08-07T20:31:36.908,2,0,MU260807P02060000,MU,2026-08-07,put,2060.0,1195.7,21.0,1208.05,1.0,1201.875,,,,,,,,,2026-08-07,902.77,902.77,847.4,878.41,887387.0,871.3118
2026-08-07T20:31:36.908,2,0,MU260807P02070000,MU,2026-08-07,put,2070.0,1195.74,1.0,1210.69,1.0,1203.2150000000001,,,,,,,,,2026-08-07,902.77,902.77,847.4,878.41,887387.0,871.3118
2026-08-07T20:31:36.908,2,0,MU260807P02080000,MU,2026-08-07,put,2080.0,1217.81,14.0,1230.16,1.0,1223.9850000000001,,,,,,,,,2026-08-07,902.77,902.77,847.4,878.41,887387.0,871.3118
2026-08-07T20:31:36.908,2,0,MU260807P02090000,MU,2026-08-07,put,2090.0,1216.1,1.0,1224.85,3.0,1220.475,,,,,,,,,2026-08-07,902.77,902.77,847.4,878.41,887387.0,871.3118
2026-08-07T20:31:36.908,2,0,MU260807P02100000,MU,2026-08-07,put,2100.0,1208.67,18.0,1232.2,4.0,1220.435,,,,,,,,,2026-08-07,902.77,902.77,847.4,878.41,887387.0,871.3118
2026-08-07T20:31:36.908,2,0,MU260807P02110000,MU,2026-08-07,put,2110.0,1244.28,1.0,1259.23,1.0,1251.755,,,,,,,,,2026-08-07,902.77,902.77,847.4,878.41,887387.0,871.3118
2026-08-07T20:31:36.908,2,0,MU260807P02120000,MU,2026-08-07,put,2120.0,1233.7,1.0,1272.88,1.0,1253.29,,,,,,,,,2026-08-07,902.77,902.77,847.4,878.41,887387.0,871.3118
2026-08-07T20:31:36.908,2,0,MU260807P02130000,MU,2026-08-07,put,2130.0,1236.7,1.0,1274.43,1.0,1255.565,,,,,,,,,2026-08-07,902.77,902.77,847.4,878.41,887387.0,871.3118
2026-08-07T20:31:36.908,2,0,MU260807P02140000,MU,2026-08-07,put,2140.0,1264.04,16.0,1276.39,1.0,1270.2150000000001,,,,,,,,,2026-08-07,902.77,902.77,847.4,878.41,887387.0,871.3118
2026-08-07T20:31:36.908,2,0,MU260807P02150000,MU,2026-08-07,put,2150.0,1262.5,13.0,1300.1,3.0,1281.3,,,,,,,,,2026-08-07,902.77,902.77,847.4,878.41,887387.0,871.3118
2026-08-07T20:31:36.908,2,0,MU260807P02160000,MU,2026-08-07,put,2160.0,1273.49,1.0,1288.09,1.0,1280.79,,,,,,,,,2026-08-07,902.77,902.77,847.4,878.41,887387.0,871.3118
2026-08-07T20:31:36.908,2,0,MU260807P02170000,MU,2026-08-07,put,2170.0,1271.8,6.0,1287.37,6.0,1279.585,,,,,,,,,2026-08-07,902.77,902.77,847.4,878.41,887387.0,871.3118
2026-08-07T20:31:36.908,2,0,MU260807P02180000,MU,2026-08-07,put,2180.0,1271.58,5.0,1316.53,8.0,1294.0549999999998,1001.65,1.0,,,,,,,2026-08-07,902.77,902.77,847.4,878.41,887387.0,871.3118
2026-08-07T20:31:36.908,2,0,MU260807P02190000,MU,2026-08-07,put,2190.0,1279.13,1.0,1338.48,1.0,1308.805,,,,,,,,,2026-08-07,902.77,902.77,847.4,878.41,887387.0,871.3118
2026-08-07T20:31:36.908,2,0,MU260807P02200000,MU,2026-08-07,put,2200.0,1337.53,1.0,1352.48,1.0,1345.005,,,,,,,,,2026-08-07,902.77,902.77,847.4,878.41,887387.0,871.3118
2026-08-07T20:31:36.908,2,0,MU260807P02210000,MU,2026-08-07,put,2210.0,1311.57,1.0,1320.58,1.0,1316.0749999999998,,,,,,,,,2026-08-07,902.77,902.77,847.4,878.41,887387.0,871.3118
2026-08-07T20:31:36.908,2,0,MU260807P02220000,MU,2026-08-07,put,2220.0,1359.61,1.0,1374.56,1.0,1367.085,,,,,,,,,2026-08-07,902.77,902.77,847.4,878.41,887387.0,871.3118
2026-08-07T20:31:36.908,2,0,MU260807P02230000,MU,2026-08-07,put,2230.0,1355.55,1.0,1370.5,1.0,1363.025,,,,,,,,,2026-08-07,902.77,902.77,847.4,878.41,887387.0,871.3118
2026-08-07T20:31:36.908,2,0,MU260807P02240000,MU,2026-08-07,put,2240.0,1337.42,1.0,1381.01,1.0,1359.2150000000001,,,,,,,,,2026-08-07,902.77,902.77,847.4,878.41,887387.0,871.3118
2026-08-07T20:31:36.908,2,0,MU260807P02250000,MU,2026-08-07,put,2250.0,1363.36,1.0,1389.69,1.0,1376.525,,,,,,,,,2026-08-07,902.77,902.77,847.4,878.41,887387.0,871.3118
2026-08-07T20:31:36.908,2,0,MU260807P02260000,MU,2026-08-07,put,2260.0,1400.48,24.0,1412.83,1.0,1406.655,,,,,,,,,2026-08-07,902.77,902.77,847.4,878.41,887387.0,871.3118
2026-08-07T20:31:36.908,2,0,MU260807P02270000,MU,2026-08-07,put,2270.0,1357.71,1.0,1384.4,1.0,1371.055,,,,,,,,,2026-08-07,902.77,902.77,847.4,878.41,887387.0,871.3118
2026-08-07T20:31:36.908,2,0,MU260807P02280000,MU,2026-08-07,put,2280.0,1396.8,21.0,1434.88,2.0,1415.8400000000001,,,,,,,,,2026-08-07,902.77,902.77,847.4,878.41,887387.0,871.3118
2026-08-07T20:31:36.908,2,0,MU260807P02290000,MU,2026-08-07,put,2290.0,1431.16,8.0,1443.46,1.0,1437.31,,,,,,,,,2026-08-07,902.77,902.77,847.4,878.41,887387.0,871.3118
2026-08-07T20:31:36.908,2,0,MU260807P02300000,MU,2026-08-07,put,2300.0,1422.58,5.0,1446.88,6.0,1434.73,,,,,,,,,2026-08-07,902.77,902.77,847.4,878.41,887387.0,871.3118
2026-08-07T20:31:36.908,2,0,MU260807P02310000,MU,2026-08-07,put,2310.0,1409.88,6.0,1446.7,5.0,1428.29,,,,,,,,,2026-08-07,902.77,902.77,847.4,878.41,887387.0,871.3118
2026-08-07T20:31:36.908,2,0,MU260807P02320000,MU,2026-08-07,put,2320.0,1445.83,13.0,1458.08,6.0,1451.955,,,,,,,,,2026-08-07,902.77,902.77,847.4,878.41,887387.0,871.3118
2026-08-07T20:31:36.908,2,0,MU260807P02330000,MU,2026-08-07,put,2330.0,1421.18,13.0,1435.44,1.0,1428.31,,,,,,,,,2026-08-07,902.77,902.77,847.4,878.41,887387.0,871.3118
2026-08-07T20:31:36.908,2,0,MU260807P02340000,MU,2026-08-07,put,2340.0,1458.33,1.0,1458.87,1.0,1458.6,,,,,,,,,2026-08-07,902.77,902.77,847.4,878.41,887387.0,871.3118
2026-08-07T20:31:36.908,2,0,MU260807P02350000,MU,2026-08-07,put,2350.0,1457.37,1.0,1470.41,1.0,1463.8899999999999,,,,,,,,,2026-08-07,902.77,902.77,847.4,878.41,887387.0,871.3118
2026-08-07T20:31:36.908,2,0,MU260807P02360000,MU,2026-08-07,put,2360.0,1459.27,8.0,1482.02,1.0,1470.645,,,,,,,,,2026-08-07,902.77,902.77,847.4,878.41,887387.0,871.3118
2026-08-07T20:31:36.908,2,0,MU260807P02370000,MU,2026-08-07,put,2370.0,1501.18,1.0,1502.76,1.0,1501.97,,,,,,,,,2026-08-07,902.77,902.77,847.4,878.41,887387.0,871.3118
2026-08-07T20:31:36.908,2,0,MU260807P02380000,MU,2026-08-07,put,2380.0,1489.33,21.0,1512.79,3.0,1501.06,,,,,,,,,2026-08-07,902.77,902.77,847.4,878.41,887387.0,871.3118
2026-08-07T20:31:36.908,2,0,MU260807P02390000,MU,2026-08-07,put,2390.0,1487.86,1.0,1498.75,1.0,1493.3049999999998,,,,,,,,,2026-08-07,902.77,902.77,847.4,878.41,887387.0,871.3118
2026-08-07T20:31:36.908,2,0,MU260807P02400000,MU,2026-08-07,put,2400.0,1492.8,1.0,1510.02,1.0,1501.4099999999999,,,,,,,,,2026-08-07,902.77,902.77,847.4,878.41,887387.0,871.3118
2026-08-07T20:31:36.908,2,0,MU260807P02410000,MU,2026-08-07,put,2410.0,1518.38,16.0,1526.95,1.0,1522.665,,,,,,,,,2026-08-07,902.77,902.77,847.4,878.41,887387.0,871.3118
2026-08-07T20:31:36.908,2,0,MU260807P02420000,MU,2026-08-07,put,2420.0,1506.56,20.0,1541.82,1.0,1524.19,,,,,,,,,2026-08-07,902.77,902.77,847.4,878.41,887387.0,871.3118
2026-08-07T20:31:36.908,2,0,MU260807P02430000,MU,2026-08-07,put,2430.0,1522.27,1.0,1563.29,1.0,1542.78,,,,,,,,,2026-08-07,902.77,902.77,847.4,878.41,887387.0,871.3118
2026-08-07T20:31:36.908,2,0,MU260807P02440000,MU,2026-08-07,put,2440.0,1554.77,1.0,1576.23,1.0,1565.5,,,,,,,,,2026-08-07,902.77,902.77,847.4,878.41,887387.0,871.3118
2026-08-07T20:31:36.908,2,0,MU260807P02450000,MU,2026-08-07,put,2450.0,1545.18,1.0,1590.8,1.0,1567.99,,,,,,,,,2026-08-07,902.77,902.77,847.4,878.41,887387.0,871.3118
2026-08-07T20:31:36.908,2,0,MU260807P02460000,MU,2026-08-07,put,2460.0,1578.83,1.0,1584.44,1.0,1581.635,,,,,,,,,2026-08-07,902.77,902.77,847.4,878.41,887387.0,871.3118
2026-08-07T20:31:36.908,2,0,MU260807P02470000,MU,2026-08-07,put,2470.0,1603.67,1.0,1618.87,1.0,1611.27,,,,,,,,,2026-08-07,902.77,902.77,847.4,878.41,887387.0,871.3118
2026-08-07T20:31:36.908,2,0,MU260807P02480000,MU,2026-08-07,put,2480.0,1583.09,1.0,1598.04,2.0,1590.565,,,,,,,,,2026-08-07,902.77,902.77,847.4,878.41,887387.0,871.3118
2026-08-07T20:31:36.908,2,0,MU260807P02490000,MU,2026-08-07,put,2490.0,1581.64,1.0,1639.59,1.0,1610.615,,,,,,,,,2026-08-07,902.77,902.77,847.4,878.41,887387.0,871.3118
2026-08-07T20:31:36.908,2,0,MU260807P02500000,MU,2026-08-07,put,2500.0,1608.75,1.0,1616.04,1.0,1612.395,1585.99,1.0,,,,,,,2026-08-07,902.77,902.77,847.4,878.41,887387.0,871.3118
2026-08-07T20:31:36.908,2,3,MU260810C00450000,MU,2026-08-10,call,450.0,423.67,3.0,439.38,1.0,431.525,466.2,11.0,,,,,,,2026-08-07,902.77,902.77,847.4,878.41,887387.0,871.3118
2026-08-07T20:31:36.908,2,3,MU260810C00455000,MU,2026-08-10,call,455.0,409.67,16.0,423.71,1.0,416.69,,,,,,,,,2026-08-07,902.77,902.77,847.4,878.41,887387.0,871.3118
2026-08-07T20:31:36.908,2,3,MU260810C00460000,MU,2026-08-10,call,460.0,408.76,19.0,424.21,1.0,416.485,418.51,1.0,,,,,,,2026-08-07,902.77,902.77,847.4,878.41,887387.0,871.3118
2026-08-07T20:31:36.908,2,3,MU260810C00465000,MU,2026-08-10,call,465.0,410.12,13.0,410.61,1.0,410.365,393.28,1.0,,,,,,,2026-08-07,902.77,902.77,847.4,878.41,887387.0,871.3118
2026-08-07T20:31:36.908,2,3,MU260810C00470000,MU,2026-08-10,call,470.0,394.1,19.0,415.38,1.0,404.74,443.84,1.0,,,,,,,2026-08-07,902.77,902.77,847.4,878.41,887387.0,871.3118
2026-08-07T20:31:36.908,2,3,MU260810C00475000,MU,2026-08-10,call,475.0,399.26,13.0,403.02,1.0,401.14,,,,,,,,,2026-08-07,902.77,902.77,847.4,878.41,887387.0,871.3118
2026-08-07T20:31:36.908,2,3,MU260810C00480000,MU,2026-08-10,call,480.0,394.83,18.0,398.69,1.0,396.76,,,,,,,,,2026-08-07,902.77,902.77,847.4,878.41,887387.0,871.3118
2026-08-07T20:31:36.908,2,3,MU260810C00485000,MU,2026-08-10,call,485.0,385.53,20.0,397.17,1.0,391.35,369.89,3.0,,,,,,,2026-08-07,902.77,902.77,847.4,878.41,887387.0,871.3118
2026-08-07T20:31:36.908,2,3,MU260810C00490000,MU,2026-08-10,call,490.0,384.42,13.0,392.92,1.0,388.67,,,,,,,,,2026-08-07,902.77,902.77,847.4,878.41,887387.0,871.3118
2026-08-07T20:31:36.908,2,3,MU260810C00495000,MU,2026-08-10,call,495.0,371.57,16.0,381.93,1.0,376.75,,,,,,,,,2026-08-07,902.77,902.77,847.4,878.41,887387.0,871.3118
2026-08-07T20:31:36.908,2,3,MU260810C00500000,MU,2026-08-10,call,500.0,374.35,19.0,385.0,1.0,379.675,399.88,1.0,,,,,,,2026-08-07,902.77,902.77,847.4,878.41,887387.0,871.3118
2026-08-07T20:31:36.908,2,3,MU260810C00505000,MU,2026-08-10,call,505.0,373.31,19.0,382.65,1.0,377.98,,,,,,,,,2026-08-07,902.77,902.77,847.4,878.41,887387.0,871.3118
2026-08-07T20:31:36.908,2,3,MU260810C00510000,MU,2026-08-10,call,510.0,352.04,13.0,372.22,1.0,362.13,,,,,,,,,2026-08-07,902.77,902.77,847.4,878.41,887387.0,871.3118
2026-08-07T20:31:36.908,2,3,MU260810C00515000,MU,2026-08-10,call,515.0,352.21,19.0,361.84,1.0,357.025,,,,,,,,,2026-08-07,902.77,902.77,847.4,878.41,887387.0,871.3118
2026-08-07T20:31:36.908,2,3,MU260810C00520000,MU,2026-08-10,call,520.0,341.69,17.0,369.74,1.0,355.71500000000003,388.8,1.0,,,,,,,2026-08-07,902.77,902.77,847.4,878.41,887387.0,871.3118
2026-08-07T20:31:36.908,2,3,MU260810C00525000,MU,2026-08-10,call,525.0,351.81,19.0,361.34,1.0,356.575,,,,,,,,,2026-08-07,902.77,902.77,847.4,878.41,887387.0,871.3118
2026-08-07T20:31:36.908,2,3,MU260810C00527500,MU,2026-08-10,call,527.5,343.06,18.0,354.43,1.0,348.745,,,,,,,,,2026-08-07,902.77,902.77,847.4,878.41,887387.0,871.3118
2026-08-07T20:31:36.908,2,3,MU260810C00530000,MU,2026-08-10,call,530.0,346.02,19.0,357.63,1.0,351.825,,,,,,,,,2026-08-07,902.77,902.77,847.4,878.41,887387.0,871.3118
2026-08-07T20:31:36.908,2,3,MU260810C00532500,MU,2026-08-10,call,532.5,342.77,14.0,355.48,1.0,349.125,,,,,,,,,2026-08-07,902.77,902.77,847.4,878.41,887387.0,871.3118
2026-08-07T20:31:36.908,2,3,MU260810C00535000,MU,2026-08-10,call,535.0,341.18,19.0,350.95,1.0,346.065,,,,,,,,,2026-08-07,902.77,902.77,847.4,878.41,887387.0,871.3118
2026-08-07T20:31:36.908,2,3,MU260810C00537500,MU,2026-08-10,call,537.5,339.95,19.0,347.01,1.0,343.48,,,,,,,,,2026-08-07,902.77,902.77,847.4,878.41,887387.0,871.3118
2026-08-07T20:31:36.908,2,3,MU260810C00540000,MU,2026-08-10,call,540.0,326.45,17.0,337.24,2.0,331.845,,,,,,,,,2026-08-07,902.77,902.77,847.4,878.41,887387.0,871.3118
2026-08-07T20:31:36.908,2,3,MU260810C00542500,MU,2026-08-10,call,542.5,322.41,14.0,344.0,1.0,333.20500000000004,,,,,,,,,2026-08-07,902.77,902.77,847.4,878.41,887387.0,871.3118
2026-08-07T20:31:36.908,2,3,MU260810C00545000,MU,2026-08-10,call,545.0,330.36,19.0,342.09,1.0,336.225,,,,,,,,,2026-08-07,902.77,902.77,847.4,878.41,887387.0,871.3118
2026-08-07T20:31:36.908,2,3,MU260810C00547500,MU,2026-08-10,call,547.5,329.01,21.0,338.55,1.0,333.78,,,,,,,,,2026-08-07,902.77,902.77,847.4,878.41,887387.0,871.3118
2026-08-07T20:31:36.908,2,3,MU260810C00550000,MU,2026-08-10,call,550.0,318.85,18.0,334.45,1.0,326.65,,,,,,,,,2026-08-07,902.77,902.77,847.4,878.41,887387.0,871.3118
2026-08-07T20:31:36.908,2,3,MU260810C00552500,MU,2026-08-10,call,552.5,312.35,21.0,337.51,1.0,324.93,,,,,,,,,2026-08-07,902.77,902.77,847.4,878.41,887387.0,871.3118
2026-08-07T20:31:36.908,2,3,MU260810C00555000,MU,2026-08-10,call,555.0,321.5,19.0,325.54,1.0,323.52,,,,,,,,,2026-08-07,902.77,902.77,847.4,878.41,887387.0,871.3118
2026-08-07T20:31:36.908,2,3,MU260810C00557500,MU,2026-08-10,call,557.5,315.57,21.0,330.78,1.0,323.17499999999995,,,,,,,,,2026-08-07,902.77,902.77,847.4,878.41,887387.0,871.3118
2026-08-07T20:31:36.908,2,3,MU260810C00560000,MU,2026-08-10,call,560.0,306.91,21.0,325.97,1.0,316.44000000000005,,,,,,,,,2026-08-07,902.77,902.77,847.4,878.41,887387.0,871.3118
2026-08-07T20:31:36.908,2,3,MU260810C00562500,MU,2026-08-10,call,562.5,310.92,20.0,321.81,1.0,316.365,,,,,,,,,2026-08-07,902.77,902.77,847.4,878.41,887387.0,871.3118
2026-08-07T20:31:36.908,2,3,MU260810C00565000,MU,2026-08-10,call,565.0,307.66,13.0,313.1,1.0,310.38,,,,,,,,,2026-08-07,902.77,902.77,847.4,878.41,887387.0,871.3118
2026-08-07T20:31:36.908,2,3,MU260810C00567500,MU,2026-08-10,call,567.5,303.47,19.0,311.55,1.0,307.51,,,,,,,,,2026-08-07,902.77,902.77,847.4,878.41,887387.0,871.3118
2026-08-07T20:31:36.908,2,3,MU260810C00570000,MU,2026-08-10,call,570.0,303.26,16.0,308.23,1.0,305.745,,,,,,,,,2026-08-07,902.77,902.77,847.4,878.41,887387.0,871.3118
2026-08-07T20:31:36.908,2,3,MU260810C00572500,MU,2026-08-10,call,572.5,301.04,19.0,308.81,1.0,304.925,,,,,,,,,2026-08-07,902.77,902.77,847.4,878.41,887387.0,871.3118
2026-08-07T20:31:36.908,2,3,MU260810C00575000,MU,2026-08-10,call,575.0,295.94,21.0,305.67,1.0,300.805,,,,,,,,,2026-08-07,902.77,902.77,847.4,878.41,887387.0,871.3118
2026-08-07T20:31:36.908,2,3,MU260810C00577500,MU,2026-08-10,call,577.5,296.82,10.0,309.43,1.0,303.125,,,,,,,,,2026-08-07,902.77,902.77,847.4,878.41,887387.0,871.3118
2026-08-07T20:31:36.908,2,3,MU260810C00580000,MU,2026-08-10,call,580.0,293.44,19.0,303.91,1.0,298.675,,,,,,,,,2026-08-07,902.77,902.77,847.4,878.41,887387.0,871.3118
2026-08-07T20:31:36.908,2,3,MU260810C00582500,MU,2026-08-10,call,582.5,290.52,19.0,299.04,1.0,294.78,,,,,,,,,2026-08-07,902.77,902.77,847.4,878.41,887387.0,871.3118
2026-08-07T20:31:36.908,2,3,MU260810C00585000,MU,2026-08-10,call,585.0,280.72,21.0,299.56,1.0,290.14,310.0,10.0,,,,,,,2026-08-07,902.77,902.77,847.4,878.41,887387.0,871.3118
2026-08-07T20:31:36.908,2,3,MU260810C00587500,MU,2026-08-10,call,587.5,282.63,13.0,295.48,1.0,289.055,,,,,,,,,2026-08-07,902.77,902.77,847.4,878.41,887387.0,871.3118
2026-08-07T20:31:36.908,2,3,MU260810C00590000,MU,2026-08-10,call,590.0,273.43,16.0,295.39,1.0,284.40999999999997,,,,,,,,,2026-08-07,902.77,902.77,847.4,878.41,887387.0,871.3118
2026-08-07T20:31:36.908,2,3,MU260810C00592500,MU,2026-08-10,call,592.5,278.71,19.0,295.99,1.0,287.35,,,,,,,,,2026-08-07,902.77,902.77,847.4,878.41,887387.0,871.3118
2026-08-07T20:31:36.908,2,3,MU260810C00595000,MU,2026-08-10,call,595.0,270.57,13.0,290.64,1.0,280.605,,,,,,,,,2026-08-07,902.77,902.77,847.4,878.41,887387.0,871.3118
2026-08-07T20:31:36.908,2,3,MU260810C00597500,MU,2026-08-10,call,597.5,277.03,13.0,285.31,1.0,281.16999999999996,,,,,,,,,2026-08-07,902.77,902.77,847.4,878.41,887387.0,871.3118
2026-08-07T20:31:36.908,2,3,MU260810C00600000,MU,2026-08-10,call,600.0,267.34,16.0,287.14,1.0,277.24,190.0,1.0,,,,,,,2026-08-07,902.77,902.77,847.4,878.41,887387.0,871.3118
2026-08-07T20:31:36.908,2,3,MU260810C00602500,MU,2026-08-10,call,602.5,266.3,21.0,280.46,1.0,273.38,,,,,,,,,2026-08-07,902.77,902.77,847.4,878.41,887387.0,871.3118
2026-08-07T20:31:36.908,2,3,MU260810C00605000,MU,2026-08-10,call,605.0,263.44,21.0,281.95,1.0,272.695,,,,,,,,,2026-08-07,902.77,902.77,847.4,878.41,887387.0,871.3118
2026-08-07T20:31:36.908,2,3,MU260810C00607500,MU,2026-08-10,call,607.5,260.329,21.0,281.21,1.0,270.7695,,,,,,,,,2026-08-07,902.77,902.77,847.4,878.41,887387.0,871.3118
2026-08-07T20:31:36.908,2,3,MU260810C00610000,MU,2026-08-10,call,610.0,266.34,13.0,276.28,1.0,271.30999999999995,,,,,,,,,2026-08-07,902.77,902.77,847.4,878.41,887387.0,871.3118
2026-08-07T20:31:36.908,2,3,MU260810C00612500,MU,2026-08-10,call,612.5,262.54,17.0,273.54,1.0,268.04,,,,,,,,,2026-08-07,902.77,902.77,847.4,878.41,887387.0,871.3118
2026-08-07T20:31:36.908,2,3,MU260810C00615000,MU,2026-08-10,call,615.0,256.92,13.0,266.08,1.0,261.5,,,,,,,,,2026-08-07,902.77,902.77,847.4,878.41,887387.0,871.3118
2026-08-07T20:31:36.908,2,3,MU260810C00617500,MU,2026-08-10,call,617.5,258.329,19.0,269.84,1.0,264.0845,,,,,,,,,2026-08-07,902.77,902.77,847.4,878.41,887387.0,871.3118
2026-08-07T20:31:36.908,2,3,MU260810C00620000,MU,2026-08-10,call,620.0,251.96,12.0,259.31,1.0,255.635,,,,,,,,,2026-08-07,902.77,902.77,847.4,878.41,887387.0,871.3118
2026-08-07T20:31:36.908,2,3,MU260810C00622500,MU,2026-08-10,call,622.5,252.32,16.0,263.07,1.0,257.695,,,,,,,,,2026-08-07,902.77,902.77,847.4,878.41,887387.0,871.3118
2026-08-07T20:31:36.908,2,3,MU260810C00625000,MU,2026-08-10,call,625.0,241.85,13.0,255.39,1.0,248.62,,,,,,,,,2026-08-07,902.77,902.77,847.4,878.41,887387.0,871.3118
2026-08-07T20:31:36.908,2,3,MU260810C00627500,MU,2026-08-10,call,627.5,242.53,16.0,254.39,1.0,248.45999999999998,,,,,,,,,2026-08-07,902.77,902.77,847.4,878.41,887387.0,871.3118
2026-08-07T20:31:36.908,2,3,MU260810C00630000,MU,2026-08-10,call,630.0,238.77,21.0,255.08,1.0,246.925,,,,,,,,,2026-08-07,902.77,902.77,847.4,878.41,887387.0,871.3118
2026-08-07T20:31:36.908,2,3,MU260810C00632500,MU,2026-08-10,call,632.5,234.2,26.0,249.37,1.0,241.785,,,,,,,,,2026-08-07,902.77,902.77,847.4,878.41,887387.0,871.3118
2026-08-07T20:31:36.908,2,3,MU260810C00635000,MU,2026-08-10,call,635.0,238.82,13.0,246.24,1.0,242.53,,,,,,,,,2026-08-07,902.77,902.77,847.4,878.41,887387.0,871.3118
2026-08-07T20:31:36.908,2,3,MU260810C00637500,MU,2026-08-10,call,637.5,234.9,20.0,244.49,1.0,239.695,,,,,,,,,2026-08-07,902.77,902.77,847.4,878.41,887387.0,871.3118
2026-08-07T20:31:36.908,2,3,MU260810C00640000,MU,2026-08-10,call,640.0,232.74,18.0,244.98,1.0,238.86,,,,,,,,,2026-08-07,902.77,902.77,847.4,878.41,887387.0,871.3118
2026-08-07T20:31:36.908,2,3,MU260810C00642500,MU,2026-08-10,call,642.5,229.98,16.0,237.92,1.0,233.95,,,,,,,,,2026-08-07,902.77,902.77,847.4,878.41,887387.0,871.3118
2026-08-07T20:31:36.908,2,3,MU260810C00645000,MU,2026-08-10,call,645.0,228.43,11.0,242.05,1.0,235.24,,,,,,,,,2026-08-07,902.77,902.77,847.4,878.41,887387.0,871.3118
2026-08-07T20:31:36.908,2,3,MU260810C00647500,MU,2026-08-10,call,647.5,224.65,16.0,237.68,1.0,231.16500000000002,,,,,,,,,2026-08-07,902.77,902.77,847.4,878.41,887387.0,871.3118
2026-08-07T20:31:36.908,2,3,MU260810C00650000,MU,2026-08-10,call,650.0,224.06,3.0,235.2,1.0,229.63,243.26,1.0,,,,,,,2026-08-07,902.77,902.77,847.4,878.41,887387.0,871.3118
2026-08-07T20:31:36.908,2,3,MU260810C00652500,MU,2026-08-10,call,652.5,218.98,17.0,232.24,1.0,225.61,,,,,,,,,2026-08-07,902.77,902.77,847.4,878.41,887387.0,871.3118
2026-08-07T20:31:36.908,2,3,MU260810C00655000,MU,2026-08-10,call,655.0,214.63,11.0,232.53,1.0,223.57999999999998,238.3,1.0,,,,,,,2026-08-07,902.77,902.77,847.4,878.41,887387.0,871.3118
2026-08-07T20:31:36.908,2,3,MU260810C00657500,MU,2026-08-10,call,657.5,211.13,18.0,226.08,1.0,218.60500000000002,,,,,,,,,2026-08-07,902.77,902.77,847.4,878.41,887387.0,871.3118
2026-08-07T20:31:36.908,2,3,MU260810C00660000,MU,2026-08-10,call,660.0,208.39,18.0,219.03,1.0,213.70999999999998,,,,,,,,,2026-08-07,902.77,902.77,847.4,878.41,887387.0,871.3118
2026-08-07T20:31:36.908,2,3,MU260810C00662500,MU,2026-08-10,call,662.5,206.69,22.0,225.12,1.0,215.905,,,,,,,,,2026-08-07,902.77,902.77,847.4,878.41,887387.0,871.3118
2026-08-07T20:31:36.908,2,3,MU260810C00665000,MU,2026-08-10,call,665.0,209.41,20.0,216.37,3.0,212.89,221.51,1.0,,,,,,,2026-08-07,902.77,902.77,847.4,878.41,887387.0,871.3118
2026-08-07T20:31:36.908,2,3,MU260810C00667500,MU,2026-08-10,call,667.5,199.85,3.0,211.91,1.0,205.88,,,,,,,,,2026-08-07,902.77,902.77,847.4,878.41,887387.0,871.3118
2026-08-07T20:31:36.908,2,3,MU260810C00670000,MU,2026-08-10,call,670.0,201.84,24.0,210.23,1.0,206.035,202.94,1.0,,,,,,,2026-08-07,902.77,902.77,847.4,878.41,887387.0,871.3118
2026-08-07T20:31:36.908,2,3,MU260810C00672500,MU,2026-08-10,call,672.5,198.6,22.0,214.15,9.0,206.375,,,,,,,,,2026-08-07,902.77,902.77,847.4,878.41,887387.0,871.3118
2026-08-07T20:31:36.908,2,3,MU260810C00675000,MU,2026-08-10,call,675.0,193.34,21.0,211.28,2.0,202.31,165.35,1.0,,,,,,,2026-08-07,902.77,902.77,847.4,878.41,887387.0,871.3118
2026-08-07T20:31:36.908,2,3,MU260810C00677500,MU,2026-08-10,call,677.5,197.94,22.0,204.13,2.0,201.035,,,,,,,,,2026-08-07,902.77,902.77,847.4,878.41,887387.0,871.3118
2026-08-07T20:31:36.908,2,3,MU260810C00680000,MU,2026-08-10,call,680.0,194.46,14.0,202.16,8.0,198.31,,,,,,,,,2026-08-07,902.77,902.77,847.4,878.41,887387.0,871.3118
2026-08-07T20:31:36.908,2,3,MU260810C00682500,MU,2026-08-10,call,682.5,189.35,16.0,200.98,2.0,195.165,,,,,,,,,2026-08-07,902.77,902.77,847.4,878.41,887387.0,871.3118
2026-08-07T20:31:36.908,2,3,MU260810C00685000,MU,2026-08-10,call,685.0,184.46,16.0,196.67,3.0,190.565,156.95,1.0,,,,,,,2026-08-07,902.77,902.77,847.4,878.41,887387.0,871.3118
2026-08-07T20:31:36.908,2,3,MU260810C00687500,MU,2026-08-10,call,687.5,183.6,14.0,192.29,6.0,187.945,195.45,1.0,,,,,,,2026-08-07,902.77,902.77,847.4,878.41,887387.0,871.3118
2026-08-07T20:31:36.908,2,3,MU260810C00690000,MU,2026-08-10,call,690.0,180.62,21.0,191.56,1.0,186.09,,,,,,,,,2026-08-07,902.77,902.77,847.4,878.41,887387.0,871.3118
2026-08-07T20:31:36.908,2,3,MU260810C00692500,MU,2026-08-10,call,692.5,181.23,16.0,192.59,3.0,186.91,,,,,,,,,2026-08-07,902.77,902.77,847.4,878.41,887387.0,871.3118
2026-08-07T20:31:36.908,2,3,MU260810C00695000,MU,2026-08-10,call,695.0,179.91,17.0,186.09,3.0,183.0,,,,,,,,,2026-08-07,902.77,902.77,847.4,878.41,887387.0,871.3118
2026-08-07T20:31:36.908,2,3,MU260810C00697500,MU,2026-08-10,call,697.5,175.32,14.0,185.59,4.0,180.45499999999998,,,,,,,,,2026-08-07,902.77,902.77,847.4,878.41,887387.0,871.3118
2026-08-07T20:31:36.908,2,3,MU260810C00700000,MU,2026-08-10,call,700.0,169.65,16.0,185.54,9.0,177.595,197.04,1.0,,,,,,,2026-08-07,902.77,902.77,847.4,878.41,887387.0,871.3118
2026-08-07T20:31:36.908,2,3,MU260810C00702500,MU,2026-08-10,call,702.5,166.0,44.0,181.46,22.0,173.73000000000002,158.09,1.0,,,,,,,2026-08-07,902.77,902.77,847.4,878.41,887387.0,871.3118
2026-08-07T20:31:36.908,2,3,MU260810C00705000,MU,2026-08-10,call,705.0,164.74,14.0,175.07,8.0,169.905,198.98,1.0,,,,,,,2026-08-07,902.77,902.77,847.4,878.41,887387.0,871.3118
2026-08-07T20:31:36.908,2,3,MU260810C00707500,MU,2026-08-10,call,707.5,166.65,26.0,179.1,2.0,172.875,,,,,,,,,2026-08-07,902.77,902.77,847.4,878.41,887387.0,871.3118
2026-08-07T20:31:36.908,2,3,MU260810C00710000,MU,2026-08-10,call,710.0,163.68,25.0,173.68,1.0,168.68,162.69,1.0,,,,,,,2026-08-07,902.77,902.77,847.4,878.41,887387.0,871.3118
2026-08-07T20:31:36.908,2,3,MU260810C00712500,MU,2026-08-10,call,712.5,159.33,30.0,169.24,13.0,164.28500000000003,172.02,1.0,,,,,,,2026-08-07,902.77,902.77,847.4,878.41,887387.0,871.3118
2026-08-07T20:31:36.908,2,3,MU260810C00715000,MU,2026-08-10,call,715.0,155.87,29.0,169.29,4.0,162.57999999999998,,,,,,,,,2026-08-07,902.77,902.77,847.4,878.41,887387.0,871.3118
2026-08-07T20:31:36.908,2,3,MU260810C00717500,MU,2026-08-10,call,717.5,156.14,28.0,162.48,12.0,159.31,205.52,1.0,,,,,,,2026-08-07,902.77,902.77,847.4,878.41,887387.0,871.3118
2026-08-07T20:31:36.908,2,3,MU260810C00720000,MU,2026-08-10,call,720.0,154.23,27.0,162.47,14.0,158.35,171.03,1.0,,,,,,,2026-08-07,902.77,902.77,847.4,878.41,887387.0,871.3118
2026-08-07T20:31:36.908,2,3,MU260810C00722500,MU,2026-08-10,call,722.5,151.58,29.0,157.91,10.0,154.745,,,,,,,,,2026-08-07,902.77,902.77,847.4,878.41,887387.0,871.3118
2026-08-07T20:31:36.908,2,3,MU260810C00725000,MU,2026-08-10,call,725.0,146.11,29.0,157.9,17.0,152.005,127.99,1.0,,,,,,,2026-08-07,902.77,902.77,847.4,878.41,887387.0,871.3118
2026-08-07T20:31:36.908,2,3,MU260810C00727500,MU,2026-08-10,call,727.5,142.59,27.0,152.37,15.0,147.48000000000002,113.92,1.0,,,,,,,2026-08-07,902.77,902.77,847.4,878.41,887387.0,871.3118
2026-08-07T20:31:36.908,2,3,MU260810C00730000,MU,2026-08-10,call,730.0,143.17,40.0,151.65,6.0,147.41,145.22,1.0,,,,,,,2026-08-07,902.77,902.77,847.4,878.41,887387.0,871.3118
2026-08-07T20:31:36.908,2,3,MU260810C00732500,MU,2026-08-10,call,732.5,141.08,30.0,152.46,13.0,146.77,,,,,,,,,2026-08-07,902.77,902.77,847.4,878.41,887387.0,871.3118
2026-08-07T20:31:36.908,2,3,MU260810C00735000,MU,2026-08-10,call,735.0,134.81,28.0,147.7,18.0,141.255,,,,,,,,,2026-08-07,902.77,902.77,847.4,878.41,887387.0,871.3118
2026-08-07T20:31:36.908,2,3,MU260810C00737500,MU,2026-08-10,call,737.5,134.22,28.0,148.87,14.0,141.54500000000002,181.23,1.0,,,,,,,2026-08-07,902.77,902.77,847.4,878.41,887387.0,871.3118
2026-08-07T20:31:36.908,2,3,MU260810C00740000,MU,2026-08-10,call,740.0,130.289,54.0,141.68,38.0,135.9845,127.0,1.0,,,,,,,2026-08-07,902.77,902.77,847.4,878.41,887387.0,871.3118
2026-08-07T20:31:36.908,2,3,MU260810C00742500,MU,2026-08-10,call,742.5,129.91,4.0,143.49,3.0,136.7,132.58,2.0,,,,,,,2026-08-07,902.77,902.77,847.4,878.41,887387.0,871.3118
2026-08-07T20:31:36.908,2,3,MU260810C00745000,MU,2026-08-10,call,745.0,125.77,15.0,137.21,7.0,131.49,177.9,2.0,,,,,,,2026-08-07,902.77,902.77,847.4,878.41,887387.0,871.3118
2026-08-07T20:31:36.908,2,3,MU260810C00747500,MU,2026-08-10,call,747.5,122.45,27.0,136.91,17.0,129.68,84.14,1.0,,,,,,,2026-08-07,902.77,902.77,847.4,878.41,887387.0,871.3118
2026-08-07T20:31:36.908,2,3,MU260810C00750000,MU,2026-08-10,call,750.0,122.84,62.0,133.8,36.0,128.32,127.99,1.0,,,,,,,2026-08-07,902.77,902.77,847.4,878.41,887387.0,871.3118
2026-08-07T20:31:36.908,2,3,MU260810C00755000,MU,2026-08-10,call,755.0,114.58,27.0,129.37,11.0,121.975,120.0,1.0,,,,,,,2026-08-07,902.77,902.77,847.4,878.41,887387.0,871.3118
2026-08-07T20:31:36.908,2,3,MU260810C00760000,MU,2026-08-10,call,760.0,108.34,45.0,121.43,33.0,114.885,114.91,1.0,0.6815,0.9894,0.0005,-0.3264,0.0221,0.0617,2026-08-07,902.77,902.77,847.4,878.41,887387.0,871.3118
2026-08-07T20:31:36.908,2,3,MU260810C00765000,MU,2026-08-10,call,765.0,107.84,53.0,117.58,18.0,112.71000000000001,100.03,1.0,1.0696,0.9237,0.0017,-2.0958,0.1137,0.0571,2026-08-07,902.77,902.77,847.4,878.41,887387.0,871.3118
2026-08-07T20:31:36.908,2,3,MU260810C00770000,MU,2026-08-10,call,770.0,100.83,31.0,114.5,19.0,107.66499999999999,101.77,2.0,1.0255,0.9219,0.0018,-2.0479,0.1157,0.0574,2026-08-07,902.77,902.77,847.4,878.41,887387.0,871.3118
2026-08-07T20:31:36.908,2,3,MU260810C00775000,MU,2026-08-10,call,775.0,96.72,20.0,104.7,2.0,100.71000000000001,124.83,12.0,0.7778,0.9601,0.0014,-0.9575,0.0682,0.0607,2026-08-07,902.77,902.77,847.4,878.41,887387.0,871.3118
2026-08-07T20:31:36.908,2,3,MU260810C00780000,MU,2026-08-10,call,780.0,96.41,24.0,102.95,6.0,99.68,95.1,1.0,1.0915,0.8864,0.0022,-2.8422,0.1525,0.0555,2026-08-07,902.77,902.77,847.4,878.41,887387.0,871.3118
2026-08-07T20:31:36.908,2,3,MU260810C00785000,MU,2026-08-10,call,785.0,91.36,14.0,97.77,1.0,94.565,85.65,1.0,1.0401,0.8839,0.0024,-2.7532,0.1549,0.0558,2026-08-07,902.77,902.77,847.4,878.41,887387.0,871.3118
2026-08-07T20:31:36.908,2,3,MU260810C00790000,MU,2026-08-10,call,790.0,83.93,68.0,93.74,3.0,88.83500000000001,85.6,1.0,0.9488,0.8901,0.0025,-2.4241,0.1489,0.0567,2026-08-07,902.77,902.77,847.4,878.41,887387.0,871.3118
2026-08-07T20:31:36.908,2,3,MU260810C00795000,MU,2026-08-10,call,795.0,79.43,26.0,87.58,14.0,83.505,74.38,1.0,0.8842,0.8911,0.0027,-2.2508,0.148,0.0572,2026-08-07,902.77,902.77,847.4,878.41,887387.0,871.3118
2026-08-07T20:31:36.908,2,3,MU260810C00800000,MU,2026-08-10,call,800.0,79.77,53.0,82.86,40.0,81.315,79.77,1.0,1.0064,0.8471,0.003,-3.2057,0.1872,0.0542,2026-08-07,902.77,902.77,847.4,878.41,887387.0,871.3118
2026-08-07T20:31:36.908,2,3,MU260810C00805000,MU,2026-08-10,call,805.0,71.76,42.0,76.28,32.0,74.02000000000001,72.13,1.0,0.8314,0.8728,0.0032,-2.358,0.1652,0.0566,2026-08-07,902.77,902.77,847.4,878.41,887387.0,871.3118
2026-08-07T20:31:36.908,2,3,MU260810C00810000,MU,2026-08-10,call,810.0,66.71,50.0,73.19,17.0,69.94999999999999,64.65,9.0,0.8404,0.8525,0.0035,-2.6278,0.1828,0.0555,2026-08-07,902.77,902.77,847.4,878.41,887387.0,871.3118
2026-08-07T20:31:36.908,2,3,MU260810C00815000,MU,2026-08-10,call,815.0,60.27,30.0,68.25,25.0,64.26,61.49,1.0,0.7573,0.8564,0.0038,-2.334,0.1795,0.0563,2026-08-07,902.77,902.77,847.4,878.41,887387.0,871.3118
2026-08-07T20:31:36.908,2,3,MU260810C00820000,MU,2026-08-10,call,820.0,57.49,76.0,62.68,26.0,60.085,55.85,9.0,0.7557,0.8357,0.0041,-2.5384,0.1962,0.0551,2026-08-07,902.77,902.77,847.4,878.41,887387.0,871.3118
2026-08-07T20:31:36.908,2,3,MU260810C00825000,MU,2026-08-10,call,825.0,52.83,89.0,57.64,33.0,55.235,51.62,1.0,0.7165,0.8247,0.0045,-2.5095,0.2046,0.0547,2026-08-07,902.77,902.77,847.4,878.41,887387.0,871.3118
2026-08-07T20:31:36.908,2,3,MU260810C00830000,MU,2026-08-10,call,830.0,48.8,111.0,53.46,31.0,51.129999999999995,49.0,1.0,0.7104,0.8015,0.0049,-2.6808,0.2209,0.0534,2026-08-07,902.77,902.77,847.4,878.41,887387.0,871.3118
2026-08-07T20:31:36.908,2,3,MU260810C00835000,MU,2026-08-10,call,835.0,47.63,30.0,48.72,28.0,48.175,47.63,2.0,0.7473,0.7642,0.0052,-3.1019,0.2441,0.051,2026-08-07,902.77,902.77,847.4,878.41,887387.0,871.3118
2026-08-07T20:31:36.908,2,3,MU260810C00840000,MU,2026-08-10,call,840.0,43.6,15.0,44.79,10.0,44.195,43.6,1.0,0.7341,0.7395,0.0056,-3.2096,0.2574,0.0495,2026-08-07,902.77,902.77,847.4,878.41,887387.0,871.3118
2026-08-07T20:31:36.908,2,3,MU260810C00845000,MU,2026-08-10,call,845.0,39.52,21.0,40.33,17.0,39.925,34.29,1.0,0.706,0.7164,0.0061,-3.2181,0.2685,0.0482,2026-08-07,902.77,902.77,847.4,878.41,887387.0,871.3118
2026-08-07T20:31:36.908,2,3,MU260810C00850000,MU,2026-08-10,call,850.0,34.97,23.0,35.66,18.0,35.315,35.05,1.0,0.6623,0.6941,0.0067,-3.1267,0.2781,0.047,2026-08-07,902.77,902.77,847.4,878.41,887387.0,871.3118
2026-08-07T20:31:36.908,2,3,MU260810C00855000,MU,2026-08-10,call,855.0,31.28,18.0,32.36,27.0,31.82,32.0,1.0,0.6547,0.6605,0.0071,-3.2224,0.2903,0.0449,2026-08-07,902.77,902.77,847.4,878.41,887387.0,871.3118
2026-08-07T20:31:36.908,2,3,MU260810C00860000,MU,2026-08-10,call,860.0,27.71,26.0,29.19,10.0,28.450000000000003,27.71,1.0,0.6457,0.6252,0.0074,-3.2863,0.3006,0.0426,2026-08-07,902.77,902.77,847.4,878.41,887387.0,871.3118
2026-08-07T20:31:36.908,2,3,MU260810C00865000,MU,2026-08-10,call,865.0,25.11,23.0,26.0,20.0,25.555,25.11,1.0,0.6464,0.5871,0.0076,-3.3746,0.3087,0.0401,2026-08-07,902.77,902.77,847.4,878.41,887387.0,871.3118
2026-08-07T20:31:36.908,2,3,MU260810C00870000,MU,2026-08-10,call,870.0,22.19,100.0,22.87,8.0,22.53,22.25,1.0,0.6368,0.5488,0.0078,-3.3771,0.3139,0.0376,2026-08-07,902.77,902.77,847.4,878.41,887387.0,871.3118
2026-08-07T20:31:36.908,2,3,MU260810C00875000,MU,2026-08-10,call,875.0,19.34,61.0,19.89,5.0,19.615000000000002,19.34,2.0,0.6246,0.509,0.0081,-3.3339,0.3162,0.035,2026-08-07,902.77,902.77,847.4,878.41,887387.0,871.3118
2026-08-07T20:31:36.908,2,3,MU260810C00880000,MU,2026-08-10,call,880.0,14.76,39.0,15.59,6.0,15.175,15.3,5.0,0.5577,0.4627,0.009,-2.9655,0.3149,0.032,2026-08-07,902.77,902.77,847.4,878.41,887387.0,871.3118
2026-08-07T20:31:36.908,2,3,MU260810C00885000,MU,2026-08-10,call,885.0,14.32,37.0,15.01,33.0,14.665,14.41,1.0,0.609,0.427,0.0081,-3.192,0.311,0.0295,2026-08-07,902.77,902.77,847.4,878.41,887387.0,871.3118
2026-08-07T20:31:36.908,2,3,MU260810C00890000,MU,2026-08-10,call,890.0,11.93,95.0,12.7,39.0,12.315,12.45,1.0,0.5951,0.3844,0.0081,-3.0365,0.3029,0.0266,2026-08-07,902.77,902.77,847.4,878.41,887387.0,871.3118
2026-08-07T20:31:36.908,2,3,MU260810C00895000,MU,2026-08-10,call,895.0,9.16,33.0,9.81,56.0,9.485,9.16,1.0,0.557,0.3341,0.0082,-2.7064,0.2885,0.0232,2026-08-07,902.77,902.77,847.4,878.41,887387.0,871.3118
2026-08-07T20:31:36.908,2,3,MU260810C00900000,MU,2026-08-10,call,900.0,7.89,90.0,8.22,68.0,8.055,7.89,1.0,0.5589,0.2957,0.0078,-2.5755,0.2738,0.0206,2026-08-07,902.77,902.77,847.4,878.41,887387.0,871.3118
2026-08-07T20:31:36.908,2,3,MU260810C00905000,MU,2026-08-10,call,905.0,7.25,41.0,7.65,25.0,7.45,7.6,1.0,0.5858,0.2695,0.0071,-2.5796,0.2619,0.0188,2026-08-07,902.77,902.77,847.4,878.41,887387.0,871.3118
2026-08-07T20:31:36.908,2,3,MU260810C00910000,MU,2026-08-10,call,910.0,6.13,51.0,6.64,26.0,6.385,6.4,2.0,0.5904,0.2383,0.0066,-2.4359,0.2455,0.0166,2026-08-07,902.77,902.77,847.4,878.41,887387.0,871.3118
2026-08-07T20:31:36.908,2,3,MU260810C00915000,MU,2026-08-10,call,915.0,5.24,40.0,5.39,11.0,5.3149999999999995,5.3,1.0,0.5889,0.2071,0.0061,-2.242,0.2266,0.0144,2026-08-07,902.77,902.77,847.4,878.41,887387.0,871.3118
2026-08-07T20:31:36.908,2,3,MU260810C00920000,MU,2026-08-10,call,920.0,4.26,63.0,4.56,2.0,4.41,4.4,3.0,0.5883,0.1789,0.0056,-2.0473,0.2072,0.0125,2026-08-07,902.77,902.77,847.4,878.41,887387.0,871.3118
2026-08-07T20:31:36.908,2,3,MU260810C00925000,MU,2026-08-10,call,925.0,3.52,41.0,3.72,17.0,3.62,3.65,59.0,0.587,0.153,0.0051,-1.8457,0.1873,0.0107,2026-08-07,902.77,902.77,847.4,878.41,887387.0,871.3118
2026-08-07T20:31:36.908,2,3,MU260810C00930000,MU,2026-08-10,call,930.0,2.95,36.0,3.06,1.0,3.005,3.04,2.0,0.5891,0.1312,0.0046,-1.6681,0.1688,0.0092,2026-08-07,902.77,902.77,847.4,878.41,887387.0,871.3118
2026-08-07T20:31:36.908,2,3,MU260810C00935000,MU,2026-08-10,call,935.0,2.39,31.0,2.57,16.0,2.48,2.54,2.0,0.5909,0.1118,0.0041,-1.4943,0.1508,0.0078,2026-08-07,902.77,902.77,847.4,878.41,887387.0,871.3118
2026-08-07T20:31:36.908,2,3,MU260810C00940000,MU,2026-08-10,call,940.0,1.97,28.0,2.12,12.0,2.045,2.1,1.0,0.5933,0.0949,0.0036,-1.3317,0.1339,0.0067,2026-08-07,902.77,902.77,847.4,878.41,887387.0,871.3118
2026-08-07T20:31:36.908,2,3,MU260810C00945000,MU,2026-08-10,call,945.0,1.67,1.0,1.79,20.0,1.73,1.67,1.0,0.5999,0.0817,0.0032,-1.2041,0.1197,0.0057,2026-08-07,902.77,902.77,847.4,878.41,887387.0,871.3118
2026-08-07T20:31:36.908,2,3,MU260810C00950000,MU,2026-08-10,call,950.0,1.36,34.0,1.44,11.0,1.4,1.41,50.0,0.6005,0.0682,0.0028,-1.0502,0.1043,0.0048,2026-08-07,902.77,902.77,847.4,878.41,887387.0,871.3118
2026-08-07T20:31:36.908,2,3,MU260810C00955000,MU,2026-08-10,call,955.0,1.1,44.0,1.14,2.0,1.12,1.14,1.0,0.6004,0.0564,0.0024,-0.9045,0.0899,0.004,2026-08-07,902.77,902.77,847.4,878.41,887387.0,871.3118
2026-08-07T20:31:36.908,2,3,MU260810C00960000,MU,2026-08-10,call,960.0,0.87,32.0,1.02,19.0,0.9450000000000001,0.95,50.0,0.6072,0.0482,0.0021,-0.808,0.0794,0.0034,2026-08-07,902.77,902.77,847.4,878.41,887387.0,871.3118
2026-08-07T20:31:36.908,2,3,MU260810C00965000,MU,2026-08-10,call,965.0,0.73,41.0,0.81,22.0,0.77,0.73,1.0,0.61,0.0402,0.0018,-0.7009,0.0686,0.0028,2026-08-07,902.77,902.77,847.4,878.41,887387.0,871.3118
2026-08-07T20:31:36.908,2,3,MU260810C00970000,MU,2026-08-10,call,970.0,0.5,24.0,0.62,9.0,0.56,0.53,10.0,0.6014,0.0308,0.0015,-0.5552,0.0551,0.0022,2026-08-07,902.77,902.77,847.4,878.41,887387.0,871.3118
2026-08-07T20:31:36.908,2,3,MU260810C00975000,MU,2026-08-10,call,975.0,0.38,53.0,0.52,61.0,0.45,0.43,1.0,0.6039,0.0253,0.0012,-0.4733,0.0468,0.0018,2026-08-07,902.77,902.77,847.4,878.41,887387.0,871.3118
2026-08-07T20:31:36.908,2,3,MU260810C00980000,MU,2026-08-10,call,980.0,0.39,51.0,0.51,19.0,0.45,0.43,50.0,0.6276,0.0245,0.0012,-0.4782,0.0455,0.0017,2026-08-07,902.77,902.77,847.4,878.41,887387.0,871.3118
2026-08-07T20:31:36.908,2,3,MU260810C00985000,MU,2026-08-10,call,985.0,0.34,52.0,0.38,15.0,0.36,0.36,10.0,0.6292,0.02,0.001,-0.4047,0.0384,0.0014,2026-08-07,902.77,902.77,847.4,878.41,887387.0,871.3118
2026-08-07T20:31:36.908,2,3,MU260810C00990000,MU,2026-08-10,call,990.0,0.3,6.0,0.36,17.0,0.32999999999999996,0.3,5.0,0.6435,0.0182,0.0009,-0.381,0.0354,0.0013,2026-08-07,902.77,902.77,847.4,878.41,887387.0,871.3118
2026-08-07T20:31:36.908,2,3,MU260810C00995000,MU,2026-08-10,call,995.0,0.17,62.0,0.31,17.0,0.24,0.22,5.0,0.6367,0.0138,0.0007,-0.2975,0.0279,0.001,2026-08-07,902.77,902.77,847.4,878.41,887387.0,871.3118
2026-08-07T20:31:36.908,2,3,MU260810C01000000,MU,2026-08-10,call,1000.0,0.24,5.0,0.26,9.0,0.25,0.24,1.0,0.6615,0.0138,0.0007,-0.3099,0.028,0.001,2026-08-07,902.77,902.77,847.4,878.41,887387.0,871.3118
2026-08-07T20:31:36.908,2,3,MU260810C01005000,MU,2026-08-10,call,1005.0,0.11,57.0,0.24,14.0,0.175,0.17,10.0,0.6517,0.0102,0.0005,-0.2336,0.0214,0.0007,2026-08-07,902.77,902.77,847.4,878.41,887387.0,871.3118
2026-08-07T20:31:36.908,2,3,MU260810C01010000,MU,2026-08-10,call,1010.0,0.11,37.0,0.18,1.0,0.145,0.15,22.0,0.6566,0.0085,0.0004,-0.2016,0.0184,0.0006,2026-08-07,902.77,902.77,847.4,878.41,887387.0,871.3118
2026-08-07T20:31:36.908,2,3,MU260810C01015000,MU,2026-08-10,call,1015.0,0.08,35.0,0.15,12.0,0.11499999999999999,0.11,13.0,0.6581,0.0069,0.0004,-0.1675,0.0152,0.0005,2026-08-07,902.77,902.77,847.4,878.41,887387.0,871.3118
2026-08-07T20:31:36.908,2,3,MU260810C01020000,MU,2026-08-10,call,1020.0,0.14,1.0,0.17,13.0,0.15500000000000003,0.12,1.0,0.7012,0.0085,0.0004,-0.2156,0.0184,0.0006,2026-08-07,902.77,902.77,847.4,878.41,887387.0,871.3118
2026-08-07T20:31:36.908,2,3,MU260810C01025000,MU,2026-08-10,call,1025.0,0.03,63.0,0.14,1.0,0.085,0.08,1.0,0.6731,0.0051,0.0003,-0.1317,0.0117,0.0004,2026-08-07,902.77,902.77,847.4,878.41,887387.0,871.3118
2026-08-07T20:31:36.908,2,3,MU260810C01030000,MU,2026-08-10,call,1030.0,0.06,66.0,0.1,3.0,0.08,0.08,1.0,0.6868,0.0048,0.0003,-0.1259,0.011,0.0003,2026-08-07,902.77,902.77,847.4,878.41,887387.0,871.3118
2026-08-07T20:31:36.908,2,3,MU260810C01035000,MU,2026-08-10,call,1035.0,0.08,1.0,0.14,24.0,0.11000000000000001,0.09,1.0,0.7296,0.006,0.0003,-0.1651,0.0135,0.0004,2026-08-07,902.77,902.77,847.4,878.41,887387.0,871.3118
2026-08-07T20:31:36.908,2,3,MU260810C01040000,MU,2026-08-10,call,1040.0,0.03,26.0,0.09,44.0,0.06,0.06,1.0,0.7016,0.0036,0.0002,-0.0998,0.0085,0.0003,2026-08-07,902.77,902.77,847.4,878.41,887387.0,871.3118
2026-08-07T20:31:36.908,2,3,MU260810C01045000,MU,2026-08-10,call,1045.0,0.01,48.0,0.18,50.0,0.095,0.21,1.0,0.754,0.0051,0.0002,-0.1475,0.0117,0.0004,2026-08-07,902.77,902.77,847.4,878.41,887387.0,871.3118
2026-08-07T20:31:36.908,2,3,MU260810C01050000,MU,2026-08-10,call,1050.0,0.04,40.0,0.19,55.0,0.115,0.06,1.0,0.7881,0.0059,0.0003,-0.1738,0.0132,0.0004,2026-08-07,902.77,902.77,847.4,878.41,887387.0,871.3118
2026-08-07T20:31:36.908,2,3,MU260810C01055000,MU,2026-08-10,call,1055.0,0.03,33.0,0.39,77.0,0.21000000000000002,0.07,1.0,0.8644,0.0093,0.0004,-0.2873,0.0199,0.0007,2026-08-07,902.77,902.77,847.4,878.41,887387.0,871.3118
2026-08-07T20:31:36.908,2,3,MU260810C01060000,MU,2026-08-10,call,1060.0,0.03,49.0,0.07,43.0,0.05,0.04,1.0,0.7565,0.0028,0.0001,-0.087,0.0069,0.0002,2026-08-07,902.77,902.77,847.4,878.41,887387.0,871.3118
2026-08-07T20:31:36.908,2,3,MU260810C01065000,MU,2026-08-10,call,1065.0,0.03,24.0,0.25,45.0,0.14,0.14,1.0,,,,,,,2026-08-07,902.77,902.77,847.4,878.41,887387.0,871.3118
2026-08-07T20:31:36.908,2,3,MU260810C01070000,MU,2026-08-10,call,1070.0,0.03,26.0,0.11,58.0,0.07,0.04,4.0,,,,,,,2026-08-07,902.77,902.77,847.4,878.41,887387.0,871.3118
2026-08-07T20:31:36.908,2,3,MU260810C01075000,MU,2026-08-10,call,1075.0,0.01,48.0,0.05,60.0,0.030000000000000002,0.02,10.0,0.769,0.0017,0.0001,-0.0568,0.0044,0.0001,2026-08-07,902.77,902.77,847.4,878.41,887387.0,871.3118
2026-08-07T20:31:36.908,2,3,MU260810C01080000,MU,2026-08-10,call,1080.0,0.0,0.0,0.28,67.0,0.14,0.06,1.0,,,,,,,2026-08-07,902.77,902.77,847.4,878.41,887387.0,871.3118
2026-08-07T20:31:36.908,2,3,MU260810C01085000,MU,2026-08-10,call,1085.0,0.0,0.0,0.32,67.0,0.16,0.05,1.0,,,,,,,2026-08-07,902.77,902.77,847.4,878.41,887387.0,871.3118
2026-08-07T20:31:36.908,2,3,MU260810C01090000,MU,2026-08-10,call,1090.0,0.0,0.0,0.07,32.0,0.035,0.04,1.0,,,,,,,2026-08-07,902.77,902.77,847.4,878.41,887387.0,871.3118
2026-08-07T20:31:36.908,2,3,MU260810C01095000,MU,2026-08-10,call,1095.0,0.01,1.0,0.1,62.0,0.055,0.01,1.0,,,,,,,2026-08-07,902.77,902.77,847.4,878.41,887387.0,871.3118
2026-08-07T20:31:36.908,2,3,MU260810C01100000,MU,2026-08-10,call,1100.0,0.01,1.0,0.02,369.0,0.015,0.02,4.0,,,,,,,2026-08-07,902.77,902.77,847.4,878.41,887387.0,871.3118
2026-08-07T20:31:36.908,2,3,MU260810C01105000,MU,2026-08-10,call,1105.0,0.0,0.0,0.49,67.0,0.245,0.18,2.0,,,,,,,2026-08-07,902.77,902.77,847.4,878.41,887387.0,871.3118
2026-08-07T20:31:36.908,2,3,MU260810C01110000,MU,2026-08-10,call,1110.0,0.0,0.0,0.49,25.0,0.245,0.01,1.0,,,,,,,2026-08-07,902.77,902.77,847.4,878.41,887387.0,871.3118
2026-08-07T20:31:36.908,2,3,MU260810C01115000,MU,2026-08-10,call,1115.0,0.0,0.0,0.49,29.0,0.245,0.01,9.0,,,,,,,2026-08-07,902.77,902.77,847.4,878.41,887387.0,871.3118
2026-08-07T20:31:36.908,2,3,MU260810C01120000,MU,2026-08-10,call,1120.0,0.0,0.0,0.1,12.0,0.05,0.02,1.0,,,,,,,2026-08-07,902.77,902.77,847.4,878.41,887387.0,871.3118
2026-08-07T20:31:36.908,2,3,MU260810C01125000,MU,2026-08-10,call,1125.0,0.0,0.0,0.45,15.0,0.225,0.05,2.0,,,,,,,2026-08-07,902.77,902.77,847.4,878.41,887387.0,871.3118
2026-08-07T20:31:36.908,2,3,MU260810C01130000,MU,2026-08-10,call,1130.0,0.0,0.0,0.45,19.0,0.225,0.15,1.0,,,,,,,2026-08-07,902.77,902.77,847.4,878.41,887387.0,871.3118
2026-08-07T20:31:36.908,2,3,MU260810C01135000,MU,2026-08-10,call,1135.0,0.0,0.0,0.45,22.0,0.225,0.01,1.0,,,,,,,2026-08-07,902.77,902.77,847.4,878.41,887387.0,871.3118
2026-08-07T20:31:36.908,2,3,MU260810C01140000,MU,2026-08-10,call,1140.0,0.0,0.0,0.19,1.0,0.095,0.08,10.0,,,,,,,2026-08-07,902.77,902.77,847.4,878.41,887387.0,871.3118
2026-08-07T20:31:36.908,2,3,MU260810C01145000,MU,2026-08-10,call,1145.0,0.0,0.0,0.49,5.0,0.245,0.33,1.0,,,,,,,2026-08-07,902.77,902.77,847.4,878.41,887387.0,871.3118
2026-08-07T20:31:36.908,2,3,MU260810C01150000,MU,2026-08-10,call,1150.0,0.0,0.0,0.45,2.0,0.225,0.15,2.0,,,,,,,2026-08-07,902.77,902.77,847.4,878.41,887387.0,871.3118
2026-08-07T20:31:36.908,2,3,MU260810C01155000,MU,2026-08-10,call,1155.0,0.0,0.0,0.45,2.0,0.225,0.26,1.0,,,,,,,2026-08-07,902.77,902.77,847.4,878.41,887387.0,871.3118
2026-08-07T20:31:36.908,2,3,MU260810C01160000,MU,2026-08-10,call,1160.0,0.0,0.0,0.45,16.0,0.225,0.05,1.0,,,,,,,2026-08-07,902.77,902.77,847.4,878.41,887387.0,871.3118
2026-08-07T20:31:36.908,2,3,MU260810C01165000,MU,2026-08-10,call,1165.0,0.0,0.0,0.49,2.0,0.245,0.1,1.0,,,,,,,2026-08-07,902.77,902.77,847.4,878.41,887387.0,871.3118
2026-08-07T20:31:36.908,2,3,MU260810C01170000,MU,2026-08-10,call,1170.0,0.0,0.0,0.49,2.0,0.245,0.21,1.0,,,,,,,2026-08-07,902.77,902.77,847.4,878.41,887387.0,871.3118
2026-08-07T20:31:36.908,2,3,MU260810C01175000,MU,2026-08-10,call,1175.0,0.0,0.0,0.44,32.0,0.22,0.01,1.0,,,,,,,2026-08-07,902.77,902.77,847.4,878.41,887387.0,871.3118
2026-08-07T20:31:36.908,2,3,MU260810C01180000,MU,2026-08-10,call,1180.0,0.0,0.0,0.44,3.0,0.22,0.1,1.0,,,,,,,2026-08-07,902.77,902.77,847.4,878.41,887387.0,871.3118
2026-08-07T20:31:36.908,2,3,MU260810C01185000,MU,2026-08-10,call,1185.0,0.0,0.0,0.07,1.0,0.035,0.05,1.0,,,,,,,2026-08-07,902.77,902.77,847.4,878.41,887387.0,871.3118
2026-08-07T20:31:36.908,2,3,MU260810C01190000,MU,2026-08-10,call,1190.0,0.0,0.0,0.48,3.0,0.24,0.1,1.0,,,,,,,2026-08-07,902.77,902.77,847.4,878.41,887387.0,871.3118
2026-08-07T20:31:36.908,2,3,MU260810C01195000,MU,2026-08-10,call,1195.0,0.0,0.0,0.48,17.0,0.24,0.17,1.0,,,,,,,2026-08-07,902.77,902.77,847.4,878.41,887387.0,871.3118
2026-08-07T20:31:36.908,2,3,MU260810C01200000,MU,2026-08-10,call,1200.0,0.0,0.0,0.03,9.0,0.015,0.02,1.0,,,,,,,2026-08-07,902.77,902.77,847.4,878.41,887387.0,871.3118
2026-08-07T20:31:36.908,2,3,MU260810C01205000,MU,2026-08-10,call,1205.0,0.0,0.0,0.48,3.0,0.24,0.1,1.0,,,,,,,2026-08-07,902.77,902.77,847.4,878.41,887387.0,871.3118
2026-08-07T20:31:36.908,2,3,MU260810C01210000,MU,2026-08-10,call,1210.0,0.0,0.0,0.44,3.0,0.22,0.13,1.0,,,,,,,2026-08-07,902.77,902.77,847.4,878.41,887387.0,871.3118
2026-08-07T20:31:36.908,2,3,MU260810C01215000,MU,2026-08-10,call,1215.0,0.0,0.0,0.44,3.0,0.22,0.07,1.0,,,,,,,2026-08-07,902.77,902.77,847.4,878.41,887387.0,871.3118
2026-08-07T20:31:36.908,2,3,MU260810C01220000,MU,2026-08-10,call,1220.0,0.0,0.0,0.48,4.0,0.24,0.11,2.0,,,,,,,2026-08-07,902.77,902.77,847.4,878.41,887387.0,871.3118
2026-08-07T20:31:36.908,2,3,MU260810C01225000,MU,2026-08-10,call,1225.0,0.0,0.0,0.44,37.0,0.22,0.03,1.0,,,,,,,2026-08-07,902.77,902.77,847.4,878.41,887387.0,871.3118
2026-08-07T20:31:36.908,2,3,MU260810C01230000,MU,2026-08-10,call,1230.0,0.0,0.0,0.44,18.0,0.22,0.07,1.0,,,,,,,2026-08-07,902.77,902.77,847.4,878.41,887387.0,871.3118
2026-08-07T20:31:36.908,2,3,MU260810C01235000,MU,2026-08-10,call,1235.0,0.0,0.0,0.48,60.0,0.24,0.06,1.0,,,,,,,2026-08-07,902.77,902.77,847.4,878.41,887387.0,871.3118
2026-08-07T20:31:36.908,2,3,MU260810C01240000,MU,2026-08-10,call,1240.0,0.0,0.0,0.03,20.0,0.015,0.14,1.0,,,,,,,2026-08-07,902.77,902.77,847.4,878.41,887387.0,871.3118
2026-08-07T20:31:36.908,2,3,MU260810C01250000,MU,2026-08-10,call,1250.0,0.0,0.0,0.04,1.0,0.02,0.03,1.0,,,,,,,2026-08-07,902.77,902.77,847.4,878.41,887387.0,871.3118
2026-08-07T20:31:36.908,2,3,MU260810C01260000,MU,2026-08-10,call,1260.0,0.0,0.0,0.44,4.0,0.22,0.13,1.0,,,,,,,2026-08-07,902.77,902.77,847.4,878.41,887387.0,871.3118
2026-08-07T20:31:36.908,2,3,MU260810C01270000,MU,2026-08-10,call,1270.0,0.0,0.0,0.44,16.0,0.22,0.14,1.0,,,,,,,2026-08-07,902.77,902.77,847.4,878.41,887387.0,871.3118
2026-08-07T20:31:36.908,2,3,MU260810C01280000,MU,2026-08-10,call,1280.0,0.0,0.0,0.44,2.0,0.22,0.27,1.0,,,,,,,2026-08-07,902.77,902.77,847.4,878.41,887387.0,871.3118
2026-08-07T20:31:36.908,2,3,MU260810C01290000,MU,2026-08-10,call,1290.0,0.0,0.0,0.44,2.0,0.22,0.46,1.0,,,,,,,2026-08-07,902.77,902.77,847.4,878.41,887387.0,871.3118
2026-08-07T20:31:36.908,2,3,MU260810C01300000,MU,2026-08-10,call,1300.0,0.0,0.0,0.44,10.0,0.22,0.29,1.0,,,,,,,2026-08-07,902.77,902.77,847.4,878.41,887387.0,871.3118
2026-08-07T20:31:36.908,2,3,MU260810C01310000,MU,2026-08-10,call,1310.0,0.0,0.0,0.44,11.0,0.22,0.15,1.0,,,,,,,2026-08-07,902.77,902.77,847.4,878.41,887387.0,871.3118
2026-08-07T20:31:36.908,2,3,MU260810C01320000,MU,2026-08-10,call,1320.0,0.0,0.0,0.48,3.0,0.24,,,,,,,,,2026-08-07,902.77,902.77,847.4,878.41,887387.0,871.3118
2026-08-07T20:31:36.908,2,3,MU260810C01330000,MU,2026-08-10,call,1330.0,0.0,0.0,0.44,2.0,0.22,0.1,1.0,,,,,,,2026-08-07,902.77,902.77,847.4,878.41,887387.0,871.3118
2026-08-07T20:31:36.908,2,3,MU260810C01340000,MU,2026-08-10,call,1340.0,0.0,0.0,0.48,16.0,0.24,0.05,1.0,,,,,,,2026-08-07,902.77,902.77,847.4,878.41,887387.0,871.3118
2026-08-07T20:31:36.908,2,3,MU260810C01350000,MU,2026-08-10,call,1350.0,0.0,0.0,0.03,1.0,0.015,0.19,1.0,,,,,,,2026-08-07,902.77,902.77,847.4,878.41,887387.0,871.3118
2026-08-07T20:31:36.908,2,3,MU260810C01360000,MU,2026-08-10,call,1360.0,0.0,0.0,0.03,21.0,0.015,0.18,1.0,,,,,,,2026-08-07,902.77,902.77,847.4,878.41,887387.0,871.3118
2026-08-07T20:31:36.908,2,3,MU260810C01370000,MU,2026-08-10,call,1370.0,0.0,0.0,0.07,10.0,0.035,0.06,4.0,,,,,,,2026-08-07,902.77,902.77,847.4,878.41,887387.0,871.3118
2026-08-07T20:31:36.908,2,3,MU260810P00450000,MU,2026-08-10,put,450.0,0.0,0.0,0.05,1.0,0.025,0.03,3.0,,,,,,,2026-08-07,902.77,902.77,847.4,878.41,887387.0,871.3118
2026-08-07T20:31:36.908,2,3,MU260810P00455000,MU,2026-08-10,put,455.0,0.0,0.0,0.03,3.0,0.015,0.08,1.0,,,,,,,2026-08-07,902.77,902.77,847.4,878.41,887387.0,871.3118
2026-08-07T20:31:36.908,2,3,MU260810P00460000,MU,2026-08-10,put,460.0,0.0,0.0,0.03,2.0,0.015,0.03,1.0,,,,,,,2026-08-07,902.77,902.77,847.4,878.41,887387.0,871.3118
2026-08-07T20:31:36.908,2,3,MU260810P00465000,MU,2026-08-10,put,465.0,0.0,0.0,0.07,2.0,0.035,0.04,1.0,,,,,,,2026-08-07,902.77,902.77,847.4,878.41,887387.0,871.3118
2026-08-07T20:31:36.908,2,3,MU260810P00470000,MU,2026-08-10,put,470.0,0.0,0.0,0.07,2.0,0.035,0.06,1.0,,,,,,,2026-08-07,902.77,902.77,847.4,878.41,887387.0,871.3118
2026-08-07T20:31:36.908,2,3,MU260810P00475000,MU,2026-08-10,put,475.0,0.0,0.0,0.07,3.0,0.035,0.06,1.0,,,,,,,2026-08-07,902.77,902.77,847.4,878.41,887387.0,871.3118
2026-08-07T20:31:36.908,2,3,MU260810P00480000,MU,2026-08-10,put,480.0,0.0,0.0,0.03,22.0,0.015,0.1,1.0,,,,,,,2026-08-07,902.77,902.77,847.4,878.41,887387.0,871.3118
2026-08-07T20:31:36.908,2,3,MU260810P00485000,MU,2026-08-10,put,485.0,0.0,0.0,0.03,20.0,0.015,0.1,1.0,,,,,,,2026-08-07,902.77,902.77,847.4,878.41,887387.0,871.3118
2026-08-07T20:31:36.908,2,3,MU260810P00490000,MU,2026-08-10,put,490.0,0.0,0.0,0.07,20.0,0.035,0.05,1.0,,,,,,,2026-08-07,902.77,902.77,847.4,878.41,887387.0,871.3118
2026-08-07T20:31:36.908,2,3,MU260810P00495000,MU,2026-08-10,put,495.0,0.0,0.0,0.03,31.0,0.015,0.02,1.0,,,,,,,2026-08-07,902.77,902.77,847.4,878.41,887387.0,871.3118
2026-08-07T20:31:36.908,2,3,MU260810P00500000,MU,2026-08-10,put,500.0,0.0,0.0,0.07,11.0,0.035,0.05,1.0,,,,,,,2026-08-07,902.77,902.77,847.4,878.41,887387.0,871.3118
2026-08-07T20:31:36.908,2,3,MU260810P00505000,MU,2026-08-10,put,505.0,0.0,0.0,0.07,2.0,0.035,0.05,1.0,,,,,,,2026-08-07,902.77,902.77,847.4,878.41,887387.0,871.3118
2026-08-07T20:31:36.908,2,3,MU260810P00510000,MU,2026-08-10,put,510.0,0.0,0.0,0.07,22.0,0.035,0.08,1.0,,,,,,,2026-08-07,902.77,902.77,847.4,878.41,887387.0,871.3118
2026-08-07T20:31:36.908,2,3,MU260810P00515000,MU,2026-08-10,put,515.0,0.0,0.0,1.04,3.0,0.52,0.02,8.0,,,,,,,2026-08-07,902.77,902.77,847.4,878.41,887387.0,871.3118
2026-08-07T20:31:36.908,2,3,MU260810P00520000,MU,2026-08-10,put,520.0,0.0,0.0,1.08,3.0,0.54,0.07,10.0,,,,,,,2026-08-07,902.77,902.77,847.4,878.41,887387.0,871.3118
2026-08-07T20:31:36.908,2,3,MU260810P00525000,MU,2026-08-10,put,525.0,0.0,0.0,0.44,2.0,0.22,0.24,1.0,,,,,,,2026-08-07,902.77,902.77,847.4,878.41,887387.0,871.3118
2026-08-07T20:31:36.908,2,3,MU260810P00527500,MU,2026-08-10,put,527.5,0.0,0.0,0.22,2.0,0.11,0.12,50.0,,,,,,,2026-08-07,902.77,902.77,847.4,878.41,887387.0,871.3118
2026-08-07T20:31:36.908,2,3,MU260810P00530000,MU,2026-08-10,put,530.0,0.0,0.0,0.83,2.0,0.415,0.14,1.0,,,,,,,2026-08-07,902.77,902.77,847.4,878.41,887387.0,871.3118
2026-08-07T20:31:36.908,2,3,MU260810P00532500,MU,2026-08-10,put,532.5,0.0,0.0,1.04,1.0,0.52,0.02,1.0,,,,,,,2026-08-07,902.77,902.77,847.4,878.41,887387.0,871.3118
2026-08-07T20:31:36.908,2,3,MU260810P00535000,MU,2026-08-10,put,535.0,0.0,0.0,0.44,2.0,0.22,0.14,1.0,,,,,,,2026-08-07,902.77,902.77,847.4,878.41,887387.0,871.3118
2026-08-07T20:31:36.908,2,3,MU260810P00537500,MU,2026-08-10,put,537.5,0.0,0.0,1.04,3.0,0.52,0.15,1.0,,,,,,,2026-08-07,902.77,902.77,847.4,878.41,887387.0,871.3118
2026-08-07T20:31:36.908,2,3,MU260810P00540000,MU,2026-08-10,put,540.0,0.0,0.0,0.48,17.0,0.24,0.18,1.0,,,,,,,2026-08-07,902.77,902.77,847.4,878.41,887387.0,871.3118
2026-08-07T20:31:36.908,2,3,MU260810P00542500,MU,2026-08-10,put,542.5,0.0,0.0,0.44,2.0,0.22,0.18,1.0,,,,,,,2026-08-07,902.77,902.77,847.4,878.41,887387.0,871.3118
2026-08-07T20:31:36.908,2,3,MU260810P00545000,MU,2026-08-10,put,545.0,0.0,0.0,1.08,12.0,0.54,0.18,1.0,,,,,,,2026-08-07,902.77,902.77,847.4,878.41,887387.0,871.3118
2026-08-07T20:31:36.908,2,3,MU260810P00547500,MU,2026-08-10,put,547.5,0.0,0.0,1.08,3.0,0.54,0.13,1.0,,,,,,,2026-08-07,902.77,902.77,847.4,878.41,887387.0,871.3118
2026-08-07T20:31:36.908,2,3,MU260810P00550000,MU,2026-08-10,put,550.0,0.0,0.0,0.48,153.0,0.24,0.01,1.0,,,,,,,2026-08-07,902.77,902.77,847.4,878.41,887387.0,871.3118
2026-08-07T20:31:36.908,2,3,MU260810P00552500,MU,2026-08-10,put,552.5,0.0,0.0,1.08,4.0,0.54,0.1,1.0,,,,,,,2026-08-07,902.77,902.77,847.4,878.41,887387.0,871.3118
2026-08-07T20:31:36.908,2,3,MU260810P00555000,MU,2026-08-10,put,555.0,0.0,0.0,1.04,8.0,0.52,0.2,1.0,,,,,,,2026-08-07,902.77,902.77,847.4,878.41,887387.0,871.3118
2026-08-07T20:31:36.908,2,3,MU260810P00557500,MU,2026-08-10,put,557.5,0.0,0.0,0.17,1.0,0.085,0.1,1.0,,,,,,,2026-08-07,902.77,902.77,847.4,878.41,887387.0,871.3118
2026-08-07T20:31:36.908,2,3,MU260810P00560000,MU,2026-08-10,put,560.0,0.0,0.0,0.12,2.0,0.06,0.07,1.0,,,,,,,2026-08-07,902.77,902.77,847.4,878.41,887387.0,871.3118
2026-08-07T20:31:36.908,2,3,MU260810P00562500,MU,2026-08-10,put,562.5,0.0,0.0,0.16,1.0,0.08,0.09,1.0,,,,,,,2026-08-07,902.77,902.77,847.4,878.41,887387.0,871.3118
2026-08-07T20:31:36.908,2,3,MU260810P00565000,MU,2026-08-10,put,565.0,0.0,0.0,0.15,2.0,0.075,0.06,1.0,,,,,,,2026-08-07,902.77,902.77,847.4,878.41,887387.0,871.3118
2026-08-07T20:31:36.908,2,3,MU260810P00567500,MU,2026-08-10,put,567.5,0.0,0.0,0.18,2.0,0.09,0.1,1.0,,,,,,,2026-08-07,902.77,902.77,847.4,878.41,887387.0,871.3118
2026-08-07T20:31:36.908,2,3,MU260810P00570000,MU,2026-08-10,put,570.0,0.0,0.0,1.04,14.0,0.52,0.18,1.0,,,,,,,2026-08-07,902.77,902.77,847.4,878.41,887387.0,871.3118
2026-08-07T20:31:36.908,2,3,MU260810P00572500,MU,2026-08-10,put,572.5,0.0,0.0,0.22,1.0,0.11,0.42,1.0,,,,,,,2026-08-07,902.77,902.77,847.4,878.41,887387.0,871.3118
2026-08-07T20:31:36.908,2,3,MU260810P00575000,MU,2026-08-10,put,575.0,0.0,0.0,0.22,2.0,0.11,0.11,1.0,,,,,,,2026-08-07,902.77,902.77,847.4,878.41,887387.0,871.3118
2026-08-07T20:31:36.908,2,3,MU260810P00577500,MU,2026-08-10,put,577.5,0.0,0.0,0.22,1.0,0.11,0.12,1.0,,,,,,,2026-08-07,902.77,902.77,847.4,878.41,887387.0,871.3118
2026-08-07T20:31:36.908,2,3,MU260810P00580000,MU,2026-08-10,put,580.0,0.0,0.0,0.23,2.0,0.115,0.1,2.0,,,,,,,2026-08-07,902.77,902.77,847.4,878.41,887387.0,871.3118
2026-08-07T20:31:36.908,2,3,MU260810P00582500,MU,2026-08-10,put,582.5,0.0,0.0,0.22,2.0,0.11,0.1,1.0,,,,,,,2026-08-07,902.77,902.77,847.4,878.41,887387.0,871.3118
2026-08-07T20:31:36.908,2,3,MU260810P00585000,MU,2026-08-10,put,585.0,0.0,0.0,0.22,8.0,0.11,0.01,2.0,,,,,,,2026-08-07,902.77,902.77,847.4,878.41,887387.0,871.3118
2026-08-07T20:31:36.908,2,3,MU260810P00587500,MU,2026-08-10,put,587.5,0.0,0.0,0.27,2.0,0.135,0.04,2.0,,,,,,,2026-08-07,902.77,902.77,847.4,878.41,887387.0,871.3118
2026-08-07T20:31:36.908,2,3,MU260810P00590000,MU,2026-08-10,put,590.0,0.0,0.0,0.44,2.0,0.22,0.18,1.0,,,,,,,2026-08-07,902.77,902.77,847.4,878.41,887387.0,871.3118
2026-08-07T20:31:36.908,2,3,MU260810P00592500,MU,2026-08-10,put,592.5,0.0,0.0,0.44,3.0,0.22,0.07,1.0,,,,,,,2026-08-07,902.77,902.77,847.4,878.41,887387.0,871.3118
2026-08-07T20:31:36.908,2,3,MU260810P00595000,MU,2026-08-10,put,595.0,0.0,0.0,0.48,3.0,0.24,0.05,4.0,,,,,,,2026-08-07,902.77,902.77,847.4,878.41,887387.0,871.3118
2026-08-07T20:31:36.908,2,3,MU260810P00597500,MU,2026-08-10,put,597.5,0.0,0.0,1.08,1.0,0.54,0.05,1.0,,,,,,,2026-08-07,902.77,902.77,847.4,878.41,887387.0,871.3118
2026-08-07T20:31:36.908,2,3,MU260810P00600000,MU,2026-08-10,put,600.0,0.0,0.0,0.2,66.0,0.1,0.02,1.0,,,,,,,2026-08-07,902.77,902.77,847.4,878.41,887387.0,871.3118
2026-08-07T20:31:36.908,2,3,MU260810P00602500,MU,2026-08-10,put,602.5,0.0,0.0,0.44,1.0,0.22,0.05,4.0,,,,,,,2026-08-07,902.77,902.77,847.4,878.41,887387.0,871.3118
2026-08-07T20:31:36.908,2,3,MU260810P00605000,MU,2026-08-10,put,605.0,0.0,0.0,0.48,13.0,0.24,0.07,1.0,,,,,,,2026-08-07,902.77,902.77,847.4,878.41,887387.0,871.3118
2026-08-07T20:31:36.908,2,3,MU260810P00607500,MU,2026-08-10,put,607.5,0.0,0.0,0.44,2.0,0.22,0.19,1.0,,,,,,,2026-08-07,902.77,902.77,847.4,878.41,887387.0,871.3118
2026-08-07T20:31:36.908,2,3,MU260810P00610000,MU,2026-08-10,put,610.0,0.0,0.0,0.49,30.0,0.245,0.02,1.0,,,,,,,2026-08-07,902.77,902.77,847.4,878.41,887387.0,871.3118
2026-08-07T20:31:36.908,2,3,MU260810P00612500,MU,2026-08-10,put,612.5,0.0,0.0,1.04,3.0,0.52,0.05,2.0,,,,,,,2026-08-07,902.77,902.77,847.4,878.41,887387.0,871.3118
2026-08-07T20:31:36.908,2,3,MU260810P00615000,MU,2026-08-10,put,615.0,0.0,0.0,1.08,1.0,0.54,0.08,1.0,,,,,,,2026-08-07,902.77,902.77,847.4,878.41,887387.0,871.3118
2026-08-07T20:31:36.908,2,3,MU260810P00617500,MU,2026-08-10,put,617.5,0.0,0.0,1.04,1.0,0.52,0.07,1.0,,,,,,,2026-08-07,902.77,902.77,847.4,878.41,887387.0,871.3118
2026-08-07T20:31:36.908,2,3,MU260810P00620000,MU,2026-08-10,put,620.0,0.0,0.0,0.45,54.0,0.225,0.03,1.0,,,,,,,2026-08-07,902.77,902.77,847.4,878.41,887387.0,871.3118
2026-08-07T20:31:36.908,2,3,MU260810P00622500,MU,2026-08-10,put,622.5,0.0,0.0,1.04,1.0,0.52,0.06,1.0,,,,,,,2026-08-07,902.77,902.77,847.4,878.41,887387.0,871.3118
2026-08-07T20:31:36.908,2,3,MU260810P00625000,MU,2026-08-10,put,625.0,0.0,0.0,0.49,55.0,0.245,0.03,1.0,,,,,,,2026-08-07,902.77,902.77,847.4,878.41,887387.0,871.3118
2026-08-07T20:31:36.908,2,3,MU260810P00627500,MU,2026-08-10,put,627.5,0.0,0.0,0.67,9.0,0.335,0.05,1.0,,,,,,,2026-08-07,902.77,902.77,847.4,878.41,887387.0,871.3118
2026-08-07T20:31:36.908,2,3,MU260810P00630000,MU,2026-08-10,put,630.0,0.0,0.0,0.49,29.0,0.245,0.02,1.0,,,,,,,2026-08-07,902.77,902.77,847.4,878.41,887387.0,871.3118
2026-08-07T20:31:36.908,2,3,MU260810P00632500,MU,2026-08-10,put,632.5,0.0,0.0,0.65,21.0,0.325,0.19,1.0,,,,,,,2026-08-07,902.77,902.77,847.4,878.41,887387.0,871.3118
2026-08-07T20:31:36.908,2,3,MU260810P00635000,MU,2026-08-10,put,635.0,0.0,0.0,0.49,26.0,0.245,0.12,1.0,,,,,,,2026-08-07,902.77,902.77,847.4,878.41,887387.0,871.3118
2026-08-07T20:31:36.908,2,3,MU260810P00637500,MU,2026-08-10,put,637.5,0.0,0.0,1.05,13.0,0.525,0.06,2.0,,,,,,,2026-08-07,902.77,902.77,847.4,878.41,887387.0,871.3118
2026-08-07T20:31:36.908,2,3,MU260810P00640000,MU,2026-08-10,put,640.0,0.0,0.0,1.09,23.0,0.545,0.03,1.0,,,,,,,2026-08-07,902.77,902.77,847.4,878.41,887387.0,871.3118
2026-08-07T20:31:36.908,2,3,MU260810P00642500,MU,2026-08-10,put,642.5,0.0,0.0,0.85,10.0,0.425,0.03,1.0,,,,,,,2026-08-07,902.77,902.77,847.4,878.41,887387.0,871.3118
2026-08-07T20:31:36.908,2,3,MU260810P00645000,MU,2026-08-10,put,645.0,0.0,0.0,1.09,13.0,0.545,0.03,1.0,,,,,,,2026-08-07,902.77,902.77,847.4,878.41,887387.0,871.3118
2026-08-07T20:31:36.908,2,3,MU260810P00647500,MU,2026-08-10,put,647.5,0.0,0.0,0.49,10.0,0.245,0.02,1.0,,,,,,,2026-08-07,902.77,902.77,847.4,878.41,887387.0,871.3118
2026-08-07T20:31:36.908,2,3,MU260810P00650000,MU,2026-08-10,put,650.0,0.0,0.0,0.06,3.0,0.03,0.03,1.0,,,,,,,2026-08-07,902.77,902.77,847.4,878.41,887387.0,871.3118
2026-08-07T20:31:36.908,2,3,MU260810P00652500,MU,2026-08-10,put,652.5,0.0,0.0,1.09,4.0,0.545,0.03,1.0,,,,,,,2026-08-07,902.77,902.77,847.4,878.41,887387.0,871.3118
2026-08-07T20:31:36.908,2,3,MU260810P00655000,MU,2026-08-10,put,655.0,0.0,0.0,1.05,5.0,0.525,0.03,1.0,,,,,,,2026-08-07,902.77,902.77,847.4,878.41,887387.0,871.3118
2026-08-07T20:31:36.908,2,3,MU260810P00657500,MU,2026-08-10,put,657.5,0.0,0.0,0.5,6.0,0.25,0.02,1.0,,,,,,,2026-08-07,902.77,902.77,847.4,878.41,887387.0,871.3118
2026-08-07T20:31:36.908,2,3,MU260810P00660000,MU,2026-08-10,put,660.0,0.0,0.0,1.06,4.0,0.53,0.08,1.0,,,,,,,2026-08-07,902.77,902.77,847.4,878.41,887387.0,871.3118
2026-08-07T20:31:36.908,2,3,MU260810P00662500,MU,2026-08-10,put,662.5,0.0,0.0,0.5,8.0,0.25,0.03,1.0,,,,,,,2026-08-07,902.77,902.77,847.4,878.41,887387.0,871.3118
2026-08-07T20:31:36.908,2,3,MU260810P00665000,MU,2026-08-10,put,665.0,0.0,0.0,0.08,3.0,0.04,0.03,1.0,,,,,,,2026-08-07,902.77,902.77,847.4,878.41,887387.0,871.3118
2026-08-07T20:31:36.908,2,3,MU260810P00667500,MU,2026-08-10,put,667.5,0.0,0.0,1.1,12.0,0.55,0.03,1.0,,,,,,,2026-08-07,902.77,902.77,847.4,878.41,887387.0,871.3118
2026-08-07T20:31:36.908,2,3,MU260810P00670000,MU,2026-08-10,put,670.0,0.0,0.0,0.03,21.0,0.015,0.03,1.0,,,,,,,2026-08-07,902.77,902.77,847.4,878.41,887387.0,871.3118
2026-08-07T20:31:36.908,2,3,MU260810P00672500,MU,2026-08-10,put,672.5,0.0,0.0,0.07,11.0,0.035,0.03,1.0,,,,,,,2026-08-07,902.77,902.77,847.4,878.41,887387.0,871.3118
2026-08-07T20:31:36.908,2,3,MU260810P00675000,MU,2026-08-10,put,675.0,0.0,0.0,0.15,5.0,0.075,0.02,1.0,,,,,,,2026-08-07,902.77,902.77,847.4,878.41,887387.0,871.3118
2026-08-07T20:31:36.908,2,3,MU260810P00677500,MU,2026-08-10,put,677.5,0.0,0.0,0.51,31.0,0.255,0.02,10.0,,,,,,,2026-08-07,902.77,902.77,847.4,878.41,887387.0,871.3118
2026-08-07T20:31:36.908,2,3,MU260810P00680000,MU,2026-08-10,put,680.0,0.01,1.0,0.07,26.0,0.04,0.03,10.0,,,,,,,2026-08-07,902.77,902.77,847.4,878.41,887387.0,871.3118
2026-08-07T20:31:36.908,2,3,MU260810P00682500,MU,2026-08-10,put,682.5,0.01,20.0,0.06,53.0,0.034999999999999996,0.06,1.0,,,,,,,2026-08-07,902.77,902.77,847.4,878.41,887387.0,871.3118
2026-08-07T20:31:36.908,2,3,MU260810P00685000,MU,2026-08-10,put,685.0,0.01,28.0,0.17,46.0,0.09000000000000001,0.07,1.0,,,,,,,2026-08-07,902.77,902.77,847.4,878.41,887387.0,871.3118
2026-08-07T20:31:36.908,2,3,MU260810P00687500,MU,2026-08-10,put,687.5,0.01,27.0,0.11,53.0,0.06,0.11,1.0,,,,,,,2026-08-07,902.77,902.77,847.4,878.41,887387.0,871.3118
2026-08-07T20:31:36.908,2,3,MU260810P00690000,MU,2026-08-10,put,690.0,0.01,27.0,0.16,60.0,0.085,0.14,1.0,,,,,,,2026-08-07,902.77,902.77,847.4,878.41,887387.0,871.3118
2026-08-07T20:31:36.908,2,3,MU260810P00692500,MU,2026-08-10,put,692.5,0.01,26.0,0.12,50.0,0.065,0.12,1.0,,,,,,,2026-08-07,902.77,902.77,847.4,878.41,887387.0,871.3118
2026-08-07T20:31:36.908,2,3,MU260810P00695000,MU,2026-08-10,put,695.0,0.03,4.0,0.08,2.0,0.055,0.04,1.0,,,,,,,2026-08-07,902.77,902.77,847.4,878.41,887387.0,871.3118
2026-08-07T20:31:36.908,2,3,MU260810P00697500,MU,2026-08-10,put,697.5,0.01,33.0,0.16,63.0,0.085,0.14,1.0,,,,,,,2026-08-07,902.77,902.77,847.4,878.41,887387.0,871.3118
2026-08-07T20:31:36.908,2,3,MU260810P00700000,MU,2026-08-10,put,700.0,0.01,26.0,0.03,20.0,0.02,0.03,1.0,,,,,,,2026-08-07,902.77,902.77,847.4,878.41,887387.0,871.3118
2026-08-07T20:31:36.908,2,3,MU260810P00702500,MU,2026-08-10,put,702.5,0.01,11.0,0.13,59.0,0.07,0.13,1.0,,,,,,,2026-08-07,902.77,902.77,847.4,878.41,887387.0,871.3118
2026-08-07T20:31:36.908,2,3,MU260810P00705000,MU,2026-08-10,put,705.0,0.04,22.0,0.27,61.0,0.155,0.13,1.0,,,,,,,2026-08-07,902.77,902.77,847.4,878.41,887387.0,871.3118
2026-08-07T20:31:36.908,2,3,MU260810P00707500,MU,2026-08-10,put,707.5,0.01,5.0,0.22,18.0,0.115,0.15,1.0,,,,,,,2026-08-07,902.77,902.77,847.4,878.41,887387.0,871.3118
2026-08-07T20:31:36.908,2,3,MU260810P00710000,MU,2026-08-10,put,710.0,0.02,8.0,0.04,28.0,0.03,0.04,1.0,,,,,,,2026-08-07,902.77,902.77,847.4,878.41,887387.0,871.3118
2026-08-07T20:31:36.908,2,3,MU260810P00712500,MU,2026-08-10,put,712.5,0.01,22.0,0.15,49.0,0.08,0.08,1.0,,,,,,,2026-08-07,902.77,902.77,847.4,878.41,887387.0,871.3118
2026-08-07T20:31:36.908,2,3,MU260810P00715000,MU,2026-08-10,put,715.0,0.05,10.0,0.09,16.0,0.07,0.13,1.0,,,,,,,2026-08-07,902.77,902.77,847.4,878.41,887387.0,871.3118
2026-08-07T20:31:36.908,2,3,MU260810P00717500,MU,2026-08-10,put,717.5,0.01,22.0,0.15,66.0,0.08,0.79,1.0,,,,,,,2026-08-07,902.77,902.77,847.4,878.41,887387.0,871.3118
2026-08-07T20:31:36.908,2,3,MU260810P00720000,MU,2026-08-10,put,720.0,0.01,9.0,0.39,35.0,0.2,0.17,1.0,,,,,,,2026-08-07,902.77,902.77,847.4,878.41,887387.0,871.3118
2026-08-07T20:31:36.908,2,3,MU260810P00722500,MU,2026-08-10,put,722.5,0.01,24.0,0.15,55.0,0.08,0.08,16.0,0.8053,-0.004,0.0002,-0.1247,0.0093,-0.0003,2026-08-07,902.77,902.77,847.4,878.41,887387.0,871.3118
2026-08-07T20:31:36.908,2,3,MU260810P00725000,MU,2026-08-10,put,725.0,0.08,1.0,0.24,31.0,0.16,0.09,1.0,0.8569,-0.007,0.0003,-0.2211,0.0155,-0.0005,2026-08-07,902.77,902.77,847.4,878.41,887387.0,871.3118
2026-08-07T20:31:36.908,2,3,MU260810P00727500,MU,2026-08-10,put,727.5,0.06,26.0,0.07,22.0,0.065,0.07,1.0,0.7622,-0.0035,0.0002,-0.1042,0.0082,-0.0003,2026-08-07,902.77,902.77,847.4,878.41,887387.0,871.3118
2026-08-07T20:31:36.908,2,3,MU260810P00730000,MU,2026-08-10,put,730.0,0.06,56.0,0.12,51.0,0.09,0.08,1.0,0.7758,-0.0046,0.0002,-0.1364,0.0106,-0.0003,2026-08-07,902.77,902.77,847.4,878.41,887387.0,871.3118
2026-08-07T20:31:36.908,2,3,MU260810P00732500,MU,2026-08-10,put,732.5,0.02,54.0,0.17,10.0,0.095,0.09,1.0,0.7672,-0.0049,0.0002,-0.1423,0.0112,-0.0004,2026-08-07,902.77,902.77,847.4,878.41,887387.0,871.3118
2026-08-07T20:31:36.908,2,3,MU260810P00735000,MU,2026-08-10,put,735.0,0.07,23.0,0.17,64.0,0.12000000000000001,0.14,1.0,0.7742,-0.006,0.0003,-0.1723,0.0134,-0.0004,2026-08-07,902.77,902.77,847.4,878.41,887387.0,871.3118
2026-08-07T20:31:36.908,2,3,MU260810P00737500,MU,2026-08-10,put,737.5,0.08,8.0,0.13,4.0,0.10500000000000001,0.18,1.0,0.7491,-0.0054,0.0003,-0.1537,0.0124,-0.0004,2026-08-07,902.77,902.77,847.4,878.41,887387.0,871.3118
2026-08-07T20:31:36.908,2,3,MU260810P00740000,MU,2026-08-10,put,740.0,0.05,10.0,0.18,9.0,0.11499999999999999,0.12,3.0,0.7435,-0.0059,0.0003,-0.1652,0.0134,-0.0004,2026-08-07,902.77,902.77,847.4,878.41,887387.0,871.3118
2026-08-07T20:31:36.908,2,3,MU260810P00742500,MU,2026-08-10,put,742.5,0.05,49.0,0.15,35.0,0.1,0.13,3.0,0.7184,-0.0054,0.0003,-0.1467,0.0123,-0.0004,2026-08-07,902.77,902.77,847.4,878.41,887387.0,871.3118
2026-08-07T20:31:36.908,2,3,MU260810P00745000,MU,2026-08-10,put,745.0,0.09,16.0,0.2,49.0,0.14500000000000002,0.13,4.0,0.7367,-0.0074,0.0004,-0.1987,0.0162,-0.0005,2026-08-07,902.77,902.77,847.4,878.41,887387.0,871.3118
2026-08-07T20:31:36.908,2,3,MU260810P00747500,MU,2026-08-10,put,747.5,0.13,14.0,0.22,2.0,0.175,0.16,1.0,0.74,-0.0087,0.0004,-0.2309,0.0188,-0.0006,2026-08-07,902.77,902.77,847.4,878.41,887387.0,871.3118
2026-08-07T20:31:36.908,2,3,MU260810P00750000,MU,2026-08-10,put,750.0,0.13,21.0,0.18,3.0,0.155,0.16,1.0,0.7152,-0.0081,0.0004,-0.2084,0.0175,-0.0006,2026-08-07,902.77,902.77,847.4,878.41,887387.0,871.3118
2026-08-07T20:31:36.908,2,3,MU260810P00755000,MU,2026-08-10,put,755.0,0.12,21.0,0.17,1.0,0.14500000000000002,0.18,10.0,0.6821,-0.008,0.0004,-0.1958,0.0173,-0.0006,2026-08-07,902.77,902.77,847.4,878.41,887387.0,871.3118
2026-08-07T20:31:36.908,2,3,MU260810P00760000,MU,2026-08-10,put,760.0,0.2,35.0,0.23,39.0,0.21500000000000002,0.2,2.0,0.689,-0.0112,0.0005,-0.2677,0.0234,-0.0008,2026-08-07,902.77,902.77,847.4,878.41,887387.0,871.3118
2026-08-07T20:31:36.908,2,3,MU260810P00765000,MU,2026-08-10,put,765.0,0.19,43.0,0.29,28.0,0.24,0.27,1.0,0.6707,-0.0127,0.0006,-0.29,0.026,-0.0009,2026-08-07,902.77,902.77,847.4,878.41,887387.0,871.3118
2026-08-07T20:31:36.908,2,3,MU260810P00770000,MU,2026-08-10,put,770.0,0.28,8.0,0.3,1.0,0.29000000000000004,0.28,1.0,0.6596,-0.0153,0.0007,-0.3343,0.0305,-0.0011,2026-08-07,902.77,902.77,847.4,878.41,887387.0,871.3118
2026-08-07T20:31:36.908,2,3,MU260810P00775000,MU,2026-08-10,put,775.0,0.28,71.0,0.36,1.0,0.32,0.34,10.0,0.6398,-0.0172,0.0008,-0.358,0.0337,-0.0013,2026-08-07,902.77,902.77,847.4,878.41,887387.0,871.3118
2026-08-07T20:31:36.908,2,3,MU260810P00780000,MU,2026-08-10,put,780.0,0.4,1.0,0.48,51.0,0.44,0.4,2.0,0.6413,-0.0227,0.0011,-0.4552,0.0428,-0.0017,2026-08-07,902.77,902.77,847.4,878.41,887387.0,871.3118
2026-08-07T20:31:36.908,2,3,MU260810P00785000,MU,2026-08-10,put,785.0,0.46,40.0,0.55,14.0,0.505,0.51,2.0,0.6249,-0.0263,0.0012,-0.5008,0.0483,-0.0019,2026-08-07,902.77,902.77,847.4,878.41,887387.0,871.3118
2026-08-07T20:31:36.908,2,3,MU260810P00790000,MU,2026-08-10,put,790.0,0.52,10.0,0.67,14.0,0.595,0.62,50.0,0.611,-0.031,0.0014,-0.5611,0.0554,-0.0023,2026-08-07,902.77,902.77,847.4,878.41,887387.0,871.3118
2026-08-07T20:31:36.908,2,3,MU260810P00795000,MU,2026-08-10,put,795.0,0.72,1.0,0.8,3.0,0.76,0.74,1.0,0.606,-0.0386,0.0017,-0.667,0.0664,-0.0028,2026-08-07,902.77,902.77,847.4,878.41,887387.0,871.3118
2026-08-07T20:31:36.908,2,3,MU260810P00800000,MU,2026-08-10,put,800.0,0.8,2.0,0.88,15.0,0.8400000000000001,0.86,1.0,0.5845,-0.0435,0.002,-0.7082,0.0731,-0.0032,2026-08-07,902.77,902.77,847.4,878.41,887387.0,871.3118
2026-08-07T20:31:36.908,2,3,MU260810P00805000,MU,2026-08-10,put,805.0,0.98,24.0,1.08,35.0,1.03,1.05,1.0,0.5748,-0.0526,0.0024,-0.8108,0.0851,-0.0039,2026-08-07,902.77,902.77,847.4,878.41,887387.0,871.3118
2026-08-07T20:31:36.908,2,3,MU260810P00810000,MU,2026-08-10,put,810.0,1.22,22.0,1.4,3.0,1.31,1.4,1.0,0.5699,-0.0651,0.0028,-0.9498,0.1006,-0.0048,2026-08-07,902.77,902.77,847.4,878.41,887387.0,871.3118
2026-08-07T20:31:36.908,2,3,MU260810P00815000,MU,2026-08-10,put,815.0,1.5,29.0,1.66,9.0,1.58,1.6,1.0,0.5586,-0.0776,0.0033,-1.065,0.1151,-0.0057,2026-08-07,902.77,902.77,847.4,878.41,887387.0,871.3118
2026-08-07T20:31:36.908,2,3,MU260810P00820000,MU,2026-08-10,put,820.0,1.87,12.0,1.93,29.0,1.9,1.9,1.0,0.547,-0.0922,0.0038,-1.1863,0.131,-0.0068,2026-08-07,902.77,902.77,847.4,878.41,887387.0,871.3118
2026-08-07T20:31:36.908,2,3,MU260810P00825000,MU,2026-08-10,put,825.0,2.22,5.0,2.38,30.0,2.3,2.38,1.0,0.5364,-0.1098,0.0044,-1.3208,0.1488,-0.0081,2026-08-07,902.77,902.77,847.4,878.41,887387.0,871.3118
2026-08-07T20:31:36.908,2,3,MU260810P00830000,MU,2026-08-10,put,830.0,2.8,24.0,2.95,13.0,2.875,2.85,1.0,0.5314,-0.1328,0.0051,-1.4951,0.1702,-0.0098,2026-08-07,902.77,902.77,847.4,878.41,887387.0,871.3118
2026-08-07T20:31:36.908,2,3,MU260810P00835000,MU,2026-08-10,put,835.0,3.33,19.0,3.63,34.0,3.48,3.5,1.0,0.5217,-0.1572,0.0058,-1.6437,0.1906,-0.0116,2026-08-07,902.77,902.77,847.4,878.41,887387.0,871.3118
2026-08-07T20:31:36.908,2,3,MU260810P00840000,MU,2026-08-10,put,840.0,4.38,8.0,4.59,1.0,4.484999999999999,4.45,1.0,0.5254,-0.191,0.0065,-1.8728,0.2158,-0.0141,2026-08-07,902.77,902.77,847.4,878.41,887387.0,871.3118
2026-08-07T20:31:36.908,2,3,MU260810P00845000,MU,2026-08-10,put,845.0,5.38,1.0,5.65,1.0,5.515000000000001,5.38,1.0,0.5219,-0.2254,0.0073,-2.0499,0.238,-0.0167,2026-08-07,902.77,902.77,847.4,878.41,887387.0,871.3118
2026-08-07T20:31:36.908,2,3,MU260810P00850000,MU,2026-08-10,put,850.0,6.24,32.0,6.77,82.0,6.505,6.5,1.0,0.51,-0.2601,0.008,-2.1626,0.2572,-0.0192,2026-08-07,902.77,902.77,847.4,878.41,887387.0,871.3118
2026-08-07T20:31:36.908,2,3,MU260810P00855000,MU,2026-08-10,put,855.0,7.37,83.0,8.56,4.0,7.965,7.86,1.0,0.5091,-0.3025,0.0086,-2.3205,0.2767,-0.0224,2026-08-07,902.77,902.77,847.4,878.41,887387.0,871.3118
2026-08-07T20:31:36.908,2,3,MU260810P00860000,MU,2026-08-10,put,860.0,9.12,86.0,10.27,19.0,9.695,9.48,1.0,0.5098,-0.3482,0.0091,-2.459,0.2931,-0.0258,2026-08-07,902.77,902.77,847.4,878.41,887387.0,871.3118
2026-08-07T20:31:36.908,2,3,MU260810P00865000,MU,2026-08-10,put,865.0,10.59,35.0,11.09,27.0,10.84,10.95,1.0,0.4836,-0.391,0.01,-2.4179,0.3044,-0.029,2026-08-07,902.77,902.77,847.4,878.41,887387.0,871.3118
2026-08-07T20:31:36.908,2,3,MU260810P00870000,MU,2026-08-10,put,870.0,12.2,62.0,13.2,40.0,12.7,13.0,1.0,0.4737,-0.4414,0.0105,-2.4303,0.3129,-0.0328,2026-08-07,902.77,902.77,847.4,878.41,887387.0,871.3118
2026-08-07T20:31:36.908,2,3,MU260810P00875000,MU,2026-08-10,put,875.0,15.33,12.0,16.61,19.0,15.969999999999999,15.33,1.0,0.5005,-0.4938,0.0101,-2.5931,0.3162,-0.0368,2026-08-07,902.77,902.77,847.4,878.41,887387.0,871.3118
2026-08-07T20:31:36.908,2,3,MU260810P00880000,MU,2026-08-10,put,880.0,17.27,19.0,18.02,35.0,17.645,18.02,1.0,0.4684,-0.5479,0.0107,-2.4015,0.314,-0.0408,2026-08-07,902.77,902.77,847.4,878.41,887387.0,871.3118
2026-08-07T20:31:36.908,2,3,MU260810P00885000,MU,2026-08-10,put,885.0,19.55,33.0,20.94,44.0,20.245,20.94,1.0,0.4569,-0.6031,0.0106,-2.2726,0.3057,-0.045,2026-08-07,902.77,902.77,847.4,878.41,887387.0,871.3118
2026-08-07T20:31:36.908,2,3,MU260810P00890000,MU,2026-08-10,put,890.0,22.51,32.0,23.75,26.0,23.130000000000003,23.75,1.0,0.4453,-0.6586,0.0104,-2.0994,0.2909,-0.0492,2026-08-07,902.77,902.77,847.4,878.41,887387.0,871.3118
2026-08-07T20:31:36.908,2,3,MU260810P00895000,MU,2026-08-10,put,895.0,25.19,54.0,28.65,24.0,26.92,28.65,57.0,0.4564,-0.7031,0.0096,-2.0227,0.2744,-0.0527,2026-08-07,902.77,902.77,847.4,878.41,887387.0,871.3118
2026-08-07T20:31:36.908,2,3,MU260810P00900000,MU,2026-08-10,put,900.0,29.19,24.0,30.99,26.0,30.09,30.35,1.0,0.4353,-0.7587,0.009,-1.7242,0.2472,-0.057,2026-08-07,902.77,902.77,847.4,878.41,887387.0,871.3118
2026-08-07T20:31:36.908,2,3,MU260810P00905000,MU,2026-08-10,put,905.0,32.03,7.0,38.6,28.0,35.315,37.24,3.0,0.4902,-0.7714,0.0078,-1.8892,0.2399,-0.0583,2026-08-07,902.77,902.77,847.4,878.41,887387.0,871.3118
2026-08-07T20:31:36.908,2,3,MU260810P00910000,MU,2026-08-10,put,910.0,36.42,13.0,38.01,10.0,37.215,40.21,1.0,0.3818,-0.8697,0.007,-0.9891,0.168,-0.0656,2026-08-07,902.77,902.77,847.4,878.41,887387.0,871.3118
2026-08-07T20:31:36.908,2,3,MU260810P00915000,MU,2026-08-10,put,915.0,40.22,16.0,42.62,16.0,41.42,44.36,1.0,0.3627,-0.9119,0.0056,-0.6819,0.1267,-0.0689,2026-08-07,902.77,902.77,847.4,878.41,887387.0,871.3118
2026-08-07T20:31:36.908,2,3,MU260810P00920000,MU,2026-08-10,put,920.0,43.18,7.0,48.55,11.0,45.864999999999995,48.86,2.0,0.3414,-0.9469,0.004,-0.401,0.0858,-0.0718,2026-08-07,902.77,902.77,847.4,878.41,887387.0,871.3118
2026-08-07T20:31:36.908,2,3,MU260810P00925000,MU,2026-08-10,put,925.0,47.68,39.0,51.16,26.0,49.42,52.22,1.0,,,,,,,2026-08-07,902.77,902.77,847.4,878.41,887387.0,871.3118
2026-08-07T20:31:36.908,2,3,MU260810P00930000,MU,2026-08-10,put,930.0,50.48,61.0,56.69,7.0,53.584999999999994,61.0,10.0,,,,,,,2026-08-07,902.77,902.77,847.4,878.41,887387.0,871.3118
2026-08-07T20:31:36.908,2,3,MU260810P00935000,MU,2026-08-10,put,935.0,56.19,30.0,62.57,16.0,59.379999999999995,63.95,1.0,,,,,,,2026-08-07,902.77,902.77,847.4,878.41,887387.0,871.3118
2026-08-07T20:31:36.908,2,3,MU260810P00940000,MU,2026-08-10,put,940.0,59.59,1.0,68.01,1.0,63.800000000000004,66.45,1.0,,,,,,,2026-08-07,902.77,902.77,847.4,878.41,887387.0,871.3118
2026-08-07T20:31:36.908,2,3,MU260810P00945000,MU,2026-08-10,put,945.0,65.67,17.0,71.41,17.0,68.53999999999999,60.31,1.0,,,,,,,2026-08-07,902.77,902.77,847.4,878.41,887387.0,871.3118
2026-08-07T20:31:36.908,2,3,MU260810P00950000,MU,2026-08-10,put,950.0,68.6,8.0,79.61,1.0,74.10499999999999,76.96,1.0,,,,,,,2026-08-07,902.77,902.77,847.4,878.41,887387.0,871.3118
2026-08-07T20:31:36.908,2,3,MU260810P00955000,MU,2026-08-10,put,955.0,75.27,20.0,80.9,30.0,78.08500000000001,100.67,1.0,,,,,,,2026-08-07,902.77,902.77,847.4,878.41,887387.0,871.3118
2026-08-07T20:31:36.908,2,3,MU260810P00960000,MU,2026-08-10,put,960.0,80.68,8.0,85.51,51.0,83.095,85.51,1.0,,,,,,,2026-08-07,902.77,902.77,847.4,878.41,887387.0,871.3118
2026-08-07T20:31:36.908,2,3,MU260810P00965000,MU,2026-08-10,put,965.0,84.45,1.0,92.4,1.0,88.42500000000001,73.62,2.0,,,,,,,2026-08-07,902.77,902.77,847.4,878.41,887387.0,871.3118
2026-08-07T20:31:36.908,2,3,MU260810P00970000,MU,2026-08-10,put,970.0,89.74,11.0,95.54,4.0,92.64,97.38,1.0,,,,,,,2026-08-07,902.77,902.77,847.4,878.41,887387.0,871.3118
2026-08-07T20:31:36.908,2,3,MU260810P00975000,MU,2026-08-10,put,975.0,94.57,5.0,102.4,20.0,98.485,104.94,1.0,,,,,,,2026-08-07,902.77,902.77,847.4,878.41,887387.0,871.3118
2026-08-07T20:31:36.908,2,3,MU260810P00980000,MU,2026-08-10,put,980.0,98.05,7.0,105.62,1.0,101.83500000000001,93.36,1.0,,,,,,,2026-08-07,902.77,902.77,847.4,878.41,887387.0,871.3118
2026-08-07T20:31:36.908,2,3,MU260810P00985000,MU,2026-08-10,put,985.0,101.03,2.0,111.39,1.0,106.21000000000001,91.06,1.0,,,,,,,2026-08-07,902.77,902.77,847.4,878.41,887387.0,871.3118
2026-08-07T20:31:36.908,2,3,MU260810P00990000,MU,2026-08-10,put,990.0,106.2,16.0,118.76,1.0,112.48,98.8,1.0,,,,,,,2026-08-07,902.77,902.77,847.4,878.41,887387.0,871.3118
2026-08-07T20:31:36.908,2,3,MU260810P00995000,MU,2026-08-10,put,995.0,108.56,1.0,121.1,1.0,114.83,103.45,10.0,,,,,,,2026-08-07,902.77,902.77,847.4,878.41,887387.0,871.3118
2026-08-07T20:31:36.908,2,3,MU260810P01000000,MU,2026-08-10,put,1000.0,114.34,21.0,127.91,16.0,121.125,136.0,1.0,,,,,,,2026-08-07,902.77,902.77,847.4,878.41,887387.0,871.3118
2026-08-07T20:31:36.908,2,3,MU260810P01005000,MU,2026-08-10,put,1005.0,119.96,1.0,134.92,1.0,127.44,136.17,1.0,,,,,,,2026-08-07,902.77,902.77,847.4,878.41,887387.0,871.3118
2026-08-07T20:31:36.908,2,3,MU260810P01010000,MU,2026-08-10,put,1010.0,124.49,20.0,140.03,17.0,132.26,139.75,1.0,,,,,,,2026-08-07,902.77,902.77,847.4,878.41,887387.0,871.3118
2026-08-07T20:31:36.908,2,3,MU260810P01015000,MU,2026-08-10,put,1015.0,130.0,1.0,145.85,1.0,137.925,179.47,1.0,,,,,,,2026-08-07,902.77,902.77,847.4,878.41,887387.0,871.3118
2026-08-07T20:31:36.908,2,3,MU260810P01020000,MU,2026-08-10,put,1020.0,134.04,20.0,145.87,10.0,139.95499999999998,146.93,5.0,,,,,,,2026-08-07,902.77,902.77,847.4,878.41,887387.0,871.3118
2026-08-07T20:31:36.908,2,3,MU260810P01025000,MU,2026-08-10,put,1025.0,139.71,17.0,152.99,6.0,146.35000000000002,,,,,,,,,2026-08-07,902.77,902.77,847.4,878.41,887387.0,871.3118
2026-08-07T20:31:36.908,2,3,MU260810P01030000,MU,2026-08-10,put,1030.0,148.55,14.0,156.75,7.0,152.65,201.75,1.0,,,,,,,2026-08-07,902.77,902.77,847.4,878.41,887387.0,871.3118
2026-08-07T20:31:36.908,2,3,MU260810P01035000,MU,2026-08-10,put,1035.0,149.98,20.0,161.87,12.0,155.925,,,,,,,,,2026-08-07,902.77,902.77,847.4,878.41,887387.0,871.3118
2026-08-07T20:31:36.908,2,3,MU260810P01040000,MU,2026-08-10,put,1040.0,157.67,30.0,166.3,8.0,161.985,136.45,10.0,,,,,,,2026-08-07,902.77,902.77,847.4,878.41,887387.0,871.3118
2026-08-07T20:31:36.908,2,3,MU260810P01045000,MU,2026-08-10,put,1045.0,162.05,23.0,175.66,19.0,168.85500000000002,,,,,,,,,2026-08-07,902.77,902.77,847.4,878.41,887387.0,871.3118
2026-08-07T20:31:36.908,2,3,MU260810P01050000,MU,2026-08-10,put,1050.0,163.76,23.0,180.38,17.0,172.07,182.6,1.0,,,,,,,2026-08-07,902.77,902.77,847.4,878.41,887387.0,871.3118
2026-08-07T20:31:36.908,2,3,MU260810P01055000,MU,2026-08-10,put,1055.0,170.69,15.0,187.04,9.0,178.865,,,,,,,,,2026-08-07,902.77,902.77,847.4,878.41,887387.0,871.3118
2026-08-07T20:31:36.908,2,3,MU260810P01060000,MU,2026-08-10,put,1060.0,180.45,18.0,191.94,3.0,186.195,155.78,2.0,,,,,,,2026-08-07,902.77,902.77,847.4,878.41,887387.0,871.3118
2026-08-07T20:31:36.908,2,3,MU260810P01065000,MU,2026-08-10,put,1065.0,183.65,15.0,196.55,6.0,190.10000000000002,,,,,,,,,2026-08-07,902.77,902.77,847.4,878.41,887387.0,871.3118
2026-08-07T20:31:36.908,2,3,MU260810P01070000,MU,2026-08-10,put,1070.0,185.38,18.0,201.33,1.0,193.35500000000002,287.01,1.0,,,,,,,2026-08-07,902.77,902.77,847.4,878.41,887387.0,871.3118
2026-08-07T20:31:36.908,2,3,MU260810P01075000,MU,2026-08-10,put,1075.0,195.21,1.0,204.18,2.0,199.695,157.73,2.0,,,,,,,2026-08-07,902.77,902.77,847.4,878.41,887387.0,871.3118
2026-08-07T20:31:36.908,2,3,MU260810P01080000,MU,2026-08-10,put,1080.0,197.07,1.0,209.04,1.0,203.055,208.09,2.0,,,,,,,2026-08-07,902.77,902.77,847.4,878.41,887387.0,871.3118
2026-08-07T20:31:36.908,2,3,MU260810P01085000,MU,2026-08-10,put,1085.0,204.2,33.0,212.43,35.0,208.315,223.0,1.0,,,,,,,2026-08-07,902.77,902.77,847.4,878.41,887387.0,871.3118
2026-08-07T20:31:36.908,2,3,MU260810P01090000,MU,2026-08-10,put,1090.0,200.55,3.0,215.84,1.0,208.195,185.95,2.0,,,,,,,2026-08-07,902.77,902.77,847.4,878.41,887387.0,871.3118
2026-08-07T20:31:36.908,2,3,MU260810P01095000,MU,2026-08-10,put,1095.0,214.72,29.0,227.54,14.0,221.13,,,,,,,,,2026-08-07,902.77,902.77,847.4,878.41,887387.0,871.3118
2026-08-07T20:31:36.908,2,3,MU260810P01100000,MU,2026-08-10,put,1100.0,214.45,28.0,228.23,14.0,221.33999999999997,183.62,1.0,,,,,,,2026-08-07,902.77,902.77,847.4,878.41,887387.0,871.3118
2026-08-07T20:31:36.908,2,3,MU260810P01105000,MU,2026-08-10,put,1105.0,219.05,3.0,231.07,8.0,225.06,,,,,,,,,2026-08-07,902.77,902.77,847.4,878.41,887387.0,871.3118
2026-08-07T20:31:36.908,2,3,MU260810P01110000,MU,2026-08-10,put,1110.0,224.46,14.0,236.25,2.0,230.35500000000002,238.63,1.0,,,,,,,2026-08-07,902.77,902.77,847.4,878.41,887387.0,871.3118
2026-08-07T20:31:36.908,2,3,MU260810P01115000,MU,2026-08-10,put,1115.0,227.83,3.0,240.6,1.0,234.215,250.06,2.0,,,,,,,2026-08-07,902.77,902.77,847.4,878.41,887387.0,871.3118
2026-08-07T20:31:36.908,2,3,MU260810P01120000,MU,2026-08-10,put,1120.0,239.21,19.0,250.89,17.0,245.05,,,,,,,,,2026-08-07,902.77,902.77,847.4,878.41,887387.0,871.3118
2026-08-07T20:31:36.908,2,3,MU260810P01125000,MU,2026-08-10,put,1125.0,241.68,28.0,259.209,16.0,250.4445,,,,,,,,,2026-08-07,902.77,902.77,847.4,878.41,887387.0,871.3118
2026-08-07T20:31:36.908,2,3,MU260810P01130000,MU,2026-08-10,put,1130.0,243.93,9.0,263.01,6.0,253.47,,,,,,,,,2026-08-07,902.77,902.77,847.4,878.41,887387.0,871.3118
2026-08-07T20:31:36.908,2,3,MU260810P01135000,MU,2026-08-10,put,1135.0,254.15,3.0,259.54,1.0,256.845,,,,,,,,,2026-08-07,902.77,902.77,847.4,878.41,887387.0,871.3118
2026-08-07T20:31:36.908,2,3,MU260810P01140000,MU,2026-08-10,put,1140.0,253.39,27.0,263.76,5.0,258.575,,,,,,,,,2026-08-07,902.77,902.77,847.4,878.41,887387.0,871.3118
2026-08-07T20:31:36.908,2,3,MU260810P01145000,MU,2026-08-10,put,1145.0,257.62,18.0,272.23,17.0,264.925,,,,,,,,,2026-08-07,902.77,902.77,847.4,878.41,887387.0,871.3118
2026-08-07T20:31:36.908,2,3,MU260810P01150000,MU,2026-08-10,put,1150.0,266.16,32.0,277.4,4.0,271.78,245.71,1.0,,,,,,,2026-08-07,902.77,902.77,847.4,878.41,887387.0,871.3118
2026-08-07T20:31:36.908,2,3,MU260810P01155000,MU,2026-08-10,put,1155.0,272.29,3.0,284.83,2.0,278.56,,,,,,,,,2026-08-07,902.77,902.77,847.4,878.41,887387.0,871.3118
2026-08-07T20:31:36.908,2,3,MU260810P01160000,MU,2026-08-10,put,1160.0,275.96,3.0,294.03,1.0,284.995,255.82,1.0,,,,,,,2026-08-07,902.77,902.77,847.4,878.41,887387.0,871.3118
2026-08-07T20:31:36.908,2,3,MU260810P01165000,MU,2026-08-10,put,1165.0,277.25,3.0,296.3,1.0,286.775,,,,,,,,,2026-08-07,902.77,902.77,847.4,878.41,887387.0,871.3118
2026-08-07T20:31:36.908,2,3,MU260810P01170000,MU,2026-08-10,put,1170.0,290.16,18.0,298.93,8.0,294.545,,,,,,,,,2026-08-07,902.77,902.77,847.4,878.41,887387.0,871.3118
2026-08-07T20:31:36.908,2,3,MU260810P01175000,MU,2026-08-10,put,1175.0,295.92,32.0,300.61,17.0,298.265,,,,,,,,,2026-08-07,902.77,902.77,847.4,878.41,887387.0,871.3118
2026-08-07T20:31:36.908,2,3,MU260810P01180000,MU,2026-08-10,put,1180.0,296.52,3.0,308.07,1.0,302.29499999999996,,,,,,,,,2026-08-07,902.77,902.77,847.4,878.41,887387.0,871.3118
2026-08-07T20:31:36.908,2,3,MU260810P01185000,MU,2026-08-10,put,1185.0,302.11,19.0,315.86,3.0,308.985,,,,,,,,,2026-08-07,902.77,902.77,847.4,878.41,887387.0,871.3118
2026-08-07T20:31:36.908,2,3,MU260810P01190000,MU,2026-08-10,put,1190.0,298.88,1.0,314.75,1.0,306.815,320.41,1.0,,,,,,,2026-08-07,902.77,902.77,847.4,878.41,887387.0,871.3118
2026-08-07T20:31:36.908,2,3,MU260810P01195000,MU,2026-08-10,put,1195.0,306.02,1.0,327.07,1.0,316.54499999999996,,,,,,,,,2026-08-07,902.77,902.77,847.4,878.41,887387.0,871.3118
2026-08-07T20:31:36.908,2,3,MU260810P01200000,MU,2026-08-10,put,1200.0,318.35,3.0,329.07,1.0,323.71000000000004,365.62,1.0,,,,,,,2026-08-07,902.77,902.77,847.4,878.41,887387.0,871.3118
2026-08-07T20:31:36.908,2,3,MU260810P01205000,MU,2026-08-10,put,1205.0,322.33,19.0,329.46,3.0,325.895,,,,,,,,,2026-08-07,902.77,902.77,847.4,878.41,887387.0,871.3118
2026-08-07T20:31:36.908,2,3,MU260810P01210000,MU,2026-08-10,put,1210.0,322.29,3.0,338.21,4.0,330.25,,,,,,,,,2026-08-07,902.77,902.77,847.4,878.41,887387.0,871.3118
2026-08-07T20:31:36.908,2,3,MU260810P01215000,MU,2026-08-10,put,1215.0,322.7,1.0,340.6,1.0,331.65,,,,,,,,,2026-08-07,902.77,902.77,847.4,878.41,887387.0,871.3118
2026-08-07T20:31:36.908,2,3,MU260810P01220000,MU,2026-08-10,put,1220.0,338.96,3.0,345.31,1.0,342.135,,,,,,,,,2026-08-07,902.77,902.77,847.4,878.41,887387.0,871.3118
2026-08-07T20:31:36.908,2,3,MU260810P01225000,MU,2026-08-10,put,1225.0,340.07,20.0,349.15,4.0,344.61,,,,,,,,,2026-08-07,902.77,902.77,847.4,878.41,887387.0,871.3118
2026-08-07T20:31:36.908,2,3,MU260810P01230000,MU,2026-08-10,put,1230.0,348.76,30.0,361.37,8.0,355.065,,,,,,,,,2026-08-07,902.77,902.77,847.4,878.41,887387.0,871.3118
2026-08-07T20:31:36.908,2,3,MU260810P01235000,MU,2026-08-10,put,1235.0,357.39,14.0,368.76,4.0,363.075,,,,,,,,,2026-08-07,902.77,902.77,847.4,878.41,887387.0,871.3118
2026-08-07T20:31:36.908,2,3,MU260810P01240000,MU,2026-08-10,put,1240.0,359.19,33.0,373.24,10.0,366.21500000000003,,,,,,,,,2026-08-07,902.77,902.77,847.4,878.41,887387.0,871.3118
2026-08-07T20:31:36.908,2,3,MU260810P01250000,MU,2026-08-10,put,1250.0,360.32,19.0,377.16,5.0,368.74,,,,,,,,,2026-08-07,902.77,902.77,847.4,878.41,887387.0,871.3118
2026-08-07T20:31:36.908,2,3,MU260810P01260000,MU,2026-08-10,put,1260.0,368.44,1.0,392.46,1.0,380.45,,,,,,,,,2026-08-07,902.77,902.77,847.4,878.41,887387.0,871.3118
2026-08-07T20:31:36.908,2,3,MU260810P01270000,MU,2026-08-10,put,1270.0,386.83,3.0,403.21,1.0,395.02,,,,,,,,,2026-08-07,902.77,902.77,847.4,878.41,887387.0,871.3118
2026-08-07T20:31:36.908,2,3,MU260810P01280000,MU,2026-08-10,put,1280.0,394.5,3.0,412.18,1.0,403.34000000000003,,,,,,,,,2026-08-07,902.77,902.77,847.4,878.41,887387.0,871.3118
2026-08-07T20:31:36.908,2,3,MU260810P01290000,MU,2026-08-10,put,1290.0,402.58,3.0,412.99,1.0,407.78499999999997,,,,,,,,,2026-08-07,902.77,902.77,847.4,878.41,887387.0,871.3118
2026-08-07T20:31:36.908,2,3,MU260810P01300000,MU,2026-08-10,put,1300.0,420.05,19.0,432.78,6.0,426.41499999999996,,,,,,,,,2026-08-07,902.77,902.77,847.4,878.41,887387.0,871.3118
2026-08-07T20:31:36.908,2,3,MU260810P01310000,MU,2026-08-10,put,1310.0,431.05,3.0,444.49,2.0,437.77,,,,,,,,,2026-08-07,902.77,902.77,847.4,878.41,887387.0,871.3118
2026-08-07T20:31:36.908,2,3,MU260810P01320000,MU,2026-08-10,put,1320.0,439.08,3.0,442.72,1.0,440.9,,,,,,,,,2026-08-07,902.77,902.77,847.4,878.41,887387.0,871.3118
2026-08-07T20:31:36.908,2,3,MU260810P01330000,MU,2026-08-10,put,1330.0,446.1,8.0,465.2,9.0,455.65,,,,,,,,,2026-08-07,902.77,902.77,847.4,878.41,887387.0,871.3118
2026-08-07T20:31:36.908,2,3,MU260810P01340000,MU,2026-08-10,put,1340.0,457.59,31.0,463.96,14.0,460.775,,,,,,,,,2026-08-07,902.77,902.77,847.4,878.41,887387.0,871.3118
2026-08-07T20:31:36.908,2,3,MU260810P01350000,MU,2026-08-10,put,1350.0,458.13,3.0,487.78,1.0,472.955,,,,,,,,,2026-08-07,902.77,902.77,847.4,878.41,887387.0,871.3118
2026-08-07T20:31:36.908,2,3,MU260810P01360000,MU,2026-08-10,put,1360.0,470.33,1.0,487.24,1.0,478.78499999999997,,,,,,,,,2026-08-07,902.77,902.77,847.4,878.41,887387.0,871.3118
2026-08-07T20:31:36.908,2,3,MU260810P01370000,MU,2026-08-10,put,1370.0,478.17,33.0,504.46,7.0,491.315,,,,,,,,,2026-08-07,902.77,902.77,847.4,878.41,887387.0,871.3118
2026-08-07T20:31:36.908,7,5,MU260812C00400000,MU,2026-08-12,call,400.0,479.5,21.0,481.63,2.0,480.565,,,,,,,,,2026-08-07,902.77,902.77,847.4,878.41,887387.0,871.3118
2026-08-07T20:31:36.908,7,5,MU260812C00405000,MU,2026-08-12,call,405.0,474.78,19.0,483.86,2.0,479.32,,,,,,,,,2026-08-07,902.77,902.77,847.4,878.41,887387.0,871.3118
2026-08-07T20:31:36.908,7,5,MU260812C00410000,MU,2026-08-12,call,410.0,463.48,16.0,481.42,2.0,472.45000000000005,,,,,,,,,2026-08-07,902.77,902.77,847.4,878.41,887387.0,871.3118
2026-08-07T20:31:36.908,7,5,MU260812C00415000,MU,2026-08-12,call,415.0,456.77,15.0,464.93,1.0,460.85,,,,,,,,,2026-08-07,902.77,902.77,847.4,878.41,887387.0,871.3118
2026-08-07T20:31:36.908,7,5,MU260812C00420000,MU,2026-08-12,call,420.0,450.09,16.0,456.77,2.0,453.42999999999995,,,,,,,,,2026-08-07,902.77,902.77,847.4,878.41,887387.0,871.3118
2026-08-07T20:31:36.908,7,5,MU260812C00425000,MU,2026-08-12,call,425.0,452.69,20.0,459.64,2.0,456.16499999999996,,,,,,,,,2026-08-07,902.77,902.77,847.4,878.41,887387.0,871.3118
2026-08-07T20:31:36.908,7,5,MU260812C00430000,MU,2026-08-12,call,430.0,443.62,16.0,445.3,2.0,444.46000000000004,,,,,,,,,2026-08-07,902.77,902.77,847.4,878.41,887387.0,871.3118
2026-08-07T20:31:36.908,7,5,MU260812C00435000,MU,2026-08-12,call,435.0,428.59,18.0,452.99,2.0,440.78999999999996,,,,,,,,,2026-08-07,902.77,902.77,847.4,878.41,887387.0,871.3118
2026-08-07T20:31:36.908,7,5,MU260812C00440000,MU,2026-08-12,call,440.0,426.88,11.0,447.39,1.0,437.135,,,,,,,,,2026-08-07,902.77,902.77,847.4,878.41,887387.0,871.3118
2026-08-07T20:31:36.908,7,5,MU260812C00445000,MU,2026-08-12,call,445.0,425.01,17.0,437.15,2.0,431.08,,,,,,,,,2026-08-07,902.77,902.77,847.4,878.41,887387.0,871.3118
2026-08-07T20:31:36.908,7,5,MU260812C00450000,MU,2026-08-12,call,450.0,418.54,18.0,429.11,2.0,423.82500000000005,,,,,,,,,2026-08-07,902.77,902.77,847.4,878.41,887387.0,871.3118
2026-08-07T20:31:36.908,7,5,MU260812C00455000,MU,2026-08-12,call,455.0,419.76,13.0,424.29,2.0,422.025,,,,,,,,,2026-08-07,902.77,902.77,847.4,878.41,887387.0,871.3118
2026-08-07T20:31:36.908,7,5,MU260812C00460000,MU,2026-08-12,call,460.0,407.71,19.0,426.63,2.0,417.16999999999996,,,,,,,,,2026-08-07,902.77,902.77,847.4,878.41,887387.0,871.3118
2026-08-07T20:31:36.908,7,5,MU260812C00465000,MU,2026-08-12,call,465.0,409.95,14.0,413.84,2.0,411.895,,,,,,,,,2026-08-07,902.77,902.77,847.4,878.41,887387.0,871.3118
2026-08-07T20:31:36.908,7,5,MU260812C00470000,MU,2026-08-12,call,470.0,406.0,21.0,407.05,2.0,406.525,,,,,,,,,2026-08-07,902.77,902.77,847.4,878.41,887387.0,871.3118
2026-08-07T20:31:36.908,7,5,MU260812C00475000,MU,2026-08-12,call,475.0,393.22,20.0,401.3,2.0,397.26,,,,,,,,,2026-08-07,902.77,902.77,847.4,878.41,887387.0,871.3118
2026-08-07T20:31:36.908,7,5,MU260812C00480000,MU,2026-08-12,call,480.0,387.25,19.0,397.48,2.0,392.365,376.57,3.0,,,,,,,2026-08-07,902.77,902.77,847.4,878.41,887387.0,871.3118
2026-08-07T20:31:36.908,7,5,MU260812C00485000,MU,2026-08-12,call,485.0,388.42,19.0,401.06,2.0,394.74,,,,,,,,,2026-08-07,902.77,902.77,847.4,878.41,887387.0,871.3118
2026-08-07T20:31:36.908,7,5,MU260812C00490000,MU,2026-08-12,call,490.0,385.3,19.0,399.55,2.0,392.425,,,,,,,,,2026-08-07,902.77,902.77,847.4,878.41,887387.0,871.3118
2026-08-07T20:31:36.908,7,5,MU260812C00495000,MU,2026-08-12,call,495.0,368.85,16.0,381.36,2.0,375.105,,,,,,,,,2026-08-07,902.77,902.77,847.4,878.41,887387.0,871.3118
2026-08-07T20:31:36.908,7,5,MU260812C00500000,MU,2026-08-12,call,500.0,365.21,20.0,389.36,2.0,377.28499999999997,,,,,,,,,2026-08-07,902.77,902.77,847.4,878.41,887387.0,871.3118
2026-08-07T20:31:36.908,7,5,MU260812C00505000,MU,2026-08-12,call,505.0,360.65,14.0,385.7,2.0,373.17499999999995,,,,,,,,,2026-08-07,902.77,902.77,847.4,878.41,887387.0,871.3118
2026-08-07T20:31:36.908,7,5,MU260812C00510000,MU,2026-08-12,call,510.0,358.72,19.0,370.29,2.0,364.505,,,,,,,,,2026-08-07,902.77,902.77,847.4,878.41,887387.0,871.3118
2026-08-07T20:31:36.908,7,5,MU260812C00515000,MU,2026-08-12,call,515.0,362.93,21.0,365.0,2.0,363.96500000000003,,,,,,,,,2026-08-07,902.77,902.77,847.4,878.41,887387.0,871.3118
2026-08-07T20:31:36.908,7,5,MU260812C00520000,MU,2026-08-12,call,520.0,352.08,18.0,366.16,2.0,359.12,,,,,,,,,2026-08-07,902.77,902.77,847.4,878.41,887387.0,871.3118
2026-08-07T20:31:36.908,7,5,MU260812C00525000,MU,2026-08-12,call,525.0,351.34,19.0,362.92,2.0,357.13,,,,,,,,,2026-08-07,902.77,902.77,847.4,878.41,887387.0,871.3118
2026-08-07T20:31:36.908,7,5,MU260812C00527500,MU,2026-08-12,call,527.5,339.67,25.0,353.24,1.0,346.45500000000004,,,,,,,,,2026-08-07,902.77,902.77,847.4,878.41,887387.0,871.3118
2026-08-07T20:31:36.908,7,5,MU260812C00530000,MU,2026-08-12,call,530.0,334.9,18.0,349.84,1.0,342.37,,,,,,,,,2026-08-07,902.77,902.77,847.4,878.41,887387.0,871.3118
2026-08-07T20:31:36.908,7,5,MU260812C00532500,MU,2026-08-12,call,532.5,339.43,19.0,347.04,2.0,343.235,,,,,,,,,2026-08-07,902.77,902.77,847.4,878.41,887387.0,871.3118
2026-08-07T20:31:36.908,7,5,MU260812C00535000,MU,2026-08-12,call,535.0,338.09,21.0,348.72,2.0,343.405,,,,,,,,,2026-08-07,902.77,902.77,847.4,878.41,887387.0,871.3118
2026-08-07T20:31:36.908,7,5,MU260812C00537500,MU,2026-08-12,call,537.5,331.1,19.0,340.18,2.0,335.64,,,,,,,,,2026-08-07,902.77,902.77,847.4,878.41,887387.0,871.3118
2026-08-07T20:31:36.908,7,5,MU260812C00540000,MU,2026-08-12,call,540.0,333.74,16.0,350.38,2.0,342.06,,,,,,,,,2026-08-07,902.77,902.77,847.4,878.41,887387.0,871.3118
2026-08-07T20:31:36.908,7,5,MU260812C00542500,MU,2026-08-12,call,542.5,324.79,13.0,345.13,2.0,334.96000000000004,,,,,,,,,2026-08-07,902.77,902.77,847.4,878.41,887387.0,871.3118
2026-08-07T20:31:36.908,7,5,MU260812C00545000,MU,2026-08-12,call,545.0,323.51,13.0,343.58,4.0,333.54499999999996,,,,,,,,,2026-08-07,902.77,902.77,847.4,878.41,887387.0,871.3118
2026-08-07T20:31:36.908,7,5,MU260812C00547500,MU,2026-08-12,call,547.5,324.77,17.0,338.24,1.0,331.505,,,,,,,,,2026-08-07,902.77,902.77,847.4,878.41,887387.0,871.3118
2026-08-07T20:31:36.908,7,5,MU260812C00550000,MU,2026-08-12,call,550.0,315.47,20.0,330.91,1.0,323.19000000000005,,,,,,,,,2026-08-07,902.77,902.77,847.4,878.41,887387.0,871.3118
2026-08-07T20:31:36.908,7,5,MU260812C00552500,MU,2026-08-12,call,552.5,313.05,23.0,329.42,2.0,321.235,,,,,,,,,2026-08-07,902.77,902.77,847.4,878.41,887387.0,871.3118
2026-08-07T20:31:36.908,7,5,MU260812C00555000,MU,2026-08-12,call,555.0,312.05,21.0,326.07,2.0,319.06,,,,,,,,,2026-08-07,902.77,902.77,847.4,878.41,887387.0,871.3118
2026-08-07T20:31:36.908,7,5,MU260812C00557500,MU,2026-08-12,call,557.5,318.29,18.0,330.22,2.0,324.255,,,,,,,,,2026-08-07,902.77,902.77,847.4,878.41,887387.0,871.3118
2026-08-07T20:31:36.908,7,5,MU260812C00560000,MU,2026-08-12,call,560.0,310.08,21.0,321.31,2.0,315.695,,,,,,,,,2026-08-07,902.77,902.77,847.4,878.41,887387.0,871.3118
2026-08-07T20:31:36.908,7,5,MU260812C00562500,MU,2026-08-12,call,562.5,305.33,18.0,319.4,2.0,312.365,,,,,,,,,2026-08-07,902.77,902.77,847.4,878.41,887387.0,871.3118
2026-08-07T20:31:36.908,7,5,MU260812C00565000,MU,2026-08-12,call,565.0,303.34,22.0,322.73,2.0,313.03499999999997,,,,,,,,,2026-08-07,902.77,902.77,847.4,878.41,887387.0,871.3118
2026-08-07T20:31:36.908,7,5,MU260812C00567500,MU,2026-08-12,call,567.5,303.53,19.0,318.31,2.0,310.91999999999996,,,,,,,,,2026-08-07,902.77,902.77,847.4,878.41,887387.0,871.3118
2026-08-07T20:31:36.908,7,5,MU260812C00570000,MU,2026-08-12,call,570.0,295.65,21.0,314.09,2.0,304.87,,,,,,,,,2026-08-07,902.77,902.77,847.4,878.41,887387.0,871.3118
2026-08-07T20:31:36.908,7,5,MU260812C00572500,MU,2026-08-12,call,572.5,295.15,13.0,314.47,2.0,304.81,,,,,,,,,2026-08-07,902.77,902.77,847.4,878.41,887387.0,871.3118
2026-08-07T20:31:36.908,7,5,MU260812C00575000,MU,2026-08-12,call,575.0,300.29,18.0,309.18,2.0,304.735,,,,,,,,,2026-08-07,902.77,902.77,847.4,878.41,887387.0,871.3118
2026-08-07T20:31:36.908,7,5,MU260812C00577500,MU,2026-08-12,call,577.5,285.35,21.0,302.96,1.0,294.155,,,,,,,,,2026-08-07,902.77,902.77,847.4,878.41,887387.0,871.3118
2026-08-07T20:31:36.908,7,5,MU260812C00580000,MU,2026-08-12,call,580.0,286.06,13.0,298.82,7.0,292.44,,,,,,,,,2026-08-07,902.77,902.77,847.4,878.41,887387.0,871.3118
2026-08-07T20:31:36.908,7,5,MU260812C00582500,MU,2026-08-12,call,582.5,286.49,22.0,296.08,1.0,291.28499999999997,,,,,,,,,2026-08-07,902.77,902.77,847.4,878.41,887387.0,871.3118
2026-08-07T20:31:36.908,7,5,MU260812C00585000,MU,2026-08-12,call,585.0,282.17,26.0,296.39,2.0,289.28,,,,,,,,,2026-08-07,902.77,902.77,847.4,878.41,887387.0,871.3118
2026-08-07T20:31:36.908,7,5,MU260812C00587500,MU,2026-08-12,call,587.5,286.82,15.0,299.82,4.0,293.32,,,,,,,,,2026-08-07,902.77,902.77,847.4,878.41,887387.0,871.3118
2026-08-07T20:31:36.908,7,5,MU260812C00590000,MU,2026-08-12,call,590.0,282.83,16.0,288.53,2.0,285.67999999999995,266.97,3.0,,,,,,,2026-08-07,902.77,902.77,847.4,878.41,887387.0,871.3118
2026-08-07T20:31:36.908,7,5,MU260812C00592500,MU,2026-08-12,call,592.5,281.66,23.0,293.99,2.0,287.82500000000005,,,,,,,,,2026-08-07,902.77,902.77,847.4,878.41,887387.0,871.3118
2026-08-07T20:31:36.908,7,5,MU260812C00595000,MU,2026-08-12,call,595.0,271.35,19.0,289.84,2.0,280.595,,,,,,,,,2026-08-07,902.77,902.77,847.4,878.41,887387.0,871.3118
2026-08-07T20:31:36.908,7,5,MU260812C00597500,MU,2026-08-12,call,597.5,274.8,18.0,291.84,4.0,283.32,,,,,,,,,2026-08-07,902.77,902.77,847.4,878.41,887387.0,871.3118
2026-08-07T20:31:36.908,7,5,MU260812C00600000,MU,2026-08-12,call,600.0,272.86,19.0,288.36,1.0,280.61,275.32,2.0,,,,,,,2026-08-07,902.77,902.77,847.4,878.41,887387.0,871.3118
2026-08-07T20:31:36.908,7,5,MU260812C00602500,MU,2026-08-12,call,602.5,273.54,18.0,280.82,2.0,277.18,,,,,,,,,2026-08-07,902.77,902.77,847.4,878.41,887387.0,871.3118
2026-08-07T20:31:36.908,7,5,MU260812C00605000,MU,2026-08-12,call,605.0,264.94,22.0,277.33,2.0,271.135,271.67,1.0,,,,,,,2026-08-07,902.77,902.77,847.4,878.41,887387.0,871.3118
2026-08-07T20:31:36.908,7,5,MU260812C00607500,MU,2026-08-12,call,607.5,259.61,20.0,280.91,3.0,270.26,,,,,,,,,2026-08-07,902.77,902.77,847.4,878.41,887387.0,871.3118
2026-08-07T20:31:36.908,7,5,MU260812C00610000,MU,2026-08-12,call,610.0,262.11,22.0,270.09,3.0,266.1,182.9,6.0,,,,,,,2026-08-07,902.77,902.77,847.4,878.41,887387.0,871.3118
2026-08-07T20:31:36.908,7,5,MU260812C00612500,MU,2026-08-12,call,612.5,263.84,14.0,275.52,2.0,269.67999999999995,,,,,,,,,2026-08-07,902.77,902.77,847.4,878.41,887387.0,871.3118
2026-08-07T20:31:36.908,7,5,MU260812C00615000,MU,2026-08-12,call,615.0,255.07,18.0,265.44,3.0,260.255,,,,,,,,,2026-08-07,902.77,902.77,847.4,878.41,887387.0,871.3118
2026-08-07T20:31:36.908,7,5,MU260812C00617500,MU,2026-08-12,call,617.5,257.519,19.0,266.36,1.0,261.9395,,,,,,,,,2026-08-07,902.77,902.77,847.4,878.41,887387.0,871.3118
2026-08-07T20:31:36.908,7,5,MU260812C00620000,MU,2026-08-12,call,620.0,252.05,20.0,266.26,3.0,259.155,,,,,,,,,2026-08-07,902.77,902.77,847.4,878.41,887387.0,871.3118
2026-08-07T20:31:36.908,7,5,MU260812C00622500,MU,2026-08-12,call,622.5,252.11,22.0,256.14,2.0,254.125,,,,,,,,,2026-08-07,902.77,902.77,847.4,878.41,887387.0,871.3118
2026-08-07T20:31:36.908,7,5,MU260812C00625000,MU,2026-08-12,call,625.0,245.8,22.0,258.66,1.0,252.23000000000002,,,,,,,,,2026-08-07,902.77,902.77,847.4,878.41,887387.0,871.3118
2026-08-07T20:31:36.908,7,5,MU260812C00627500,MU,2026-08-12,call,627.5,240.82,25.0,251.9,3.0,246.36,,,,,,,,,2026-08-07,902.77,902.77,847.4,878.41,887387.0,871.3118
2026-08-07T20:31:36.908,7,5,MU260812C00630000,MU,2026-08-12,call,630.0,244.11,12.0,253.43,3.0,248.77,,,,,,,,,2026-08-07,902.77,902.77,847.4,878.41,887387.0,871.3118
2026-08-07T20:31:36.908,7,5,MU260812C00632500,MU,2026-08-12,call,632.5,237.74,18.0,250.74,2.0,244.24,,,,,,,,,2026-08-07,902.77,902.77,847.4,878.41,887387.0,871.3118
2026-08-07T20:31:36.908,7,5,MU260812C00635000,MU,2026-08-12,call,635.0,239.3,18.0,253.18,2.0,246.24,,,,,,,,,2026-08-07,902.77,902.77,847.4,878.41,887387.0,871.3118
2026-08-07T20:31:36.908,7,5,MU260812C00637500,MU,2026-08-12,call,637.5,236.3,1.0,247.1,2.0,241.7,,,,,,,,,2026-08-07,902.77,902.77,847.4,878.41,887387.0,871.3118
2026-08-07T20:31:36.908,7,5,MU260812C00640000,MU,2026-08-12,call,640.0,231.97,22.0,242.93,1.0,237.45,,,,,,,,,2026-08-07,902.77,902.77,847.4,878.41,887387.0,871.3118
2026-08-07T20:31:36.908,7,5,MU260812C00642500,MU,2026-08-12,call,642.5,224.8,31.0,238.31,2.0,231.555,,,,,,,,,2026-08-07,902.77,902.77,847.4,878.41,887387.0,871.3118
2026-08-07T20:31:36.908,7,5,MU260812C00645000,MU,2026-08-12,call,645.0,225.31,28.0,238.98,8.0,232.14499999999998,,,,,,,,,2026-08-07,902.77,902.77,847.4,878.41,887387.0,871.3118
2026-08-07T20:31:36.908,7,5,MU260812C00647500,MU,2026-08-12,call,647.5,220.69,15.0,237.76,6.0,229.225,,,,,,,,,2026-08-07,902.77,902.77,847.4,878.41,887387.0,871.3118
2026-08-07T20:31:36.908,7,5,MU260812C00650000,MU,2026-08-12,call,650.0,217.42,33.0,236.87,2.0,227.14499999999998,207.1,1.0,,,,,,,2026-08-07,902.77,902.77,847.4,878.41,887387.0,871.3118
2026-08-07T20:31:36.908,7,5,MU260812C00652500,MU,2026-08-12,call,652.5,219.87,27.0,234.22,8.0,227.04500000000002,,,,,,,,,2026-08-07,902.77,902.77,847.4,878.41,887387.0,871.3118
2026-08-07T20:31:36.908,7,5,MU260812C00655000,MU,2026-08-12,call,655.0,213.32,17.0,225.17,16.0,219.245,145.49,6.0,,,,,,,2026-08-07,902.77,902.77,847.4,878.41,887387.0,871.3118
2026-08-07T20:31:36.908,7,5,MU260812C00657500,MU,2026-08-12,call,657.5,210.11,27.0,226.7,17.0,218.405,,,,,,,,,2026-08-07,902.77,902.77,847.4,878.41,887387.0,871.3118
2026-08-07T20:31:36.908,7,5,MU260812C00660000,MU,2026-08-12,call,660.0,212.39,31.0,223.18,14.0,217.785,,,,,,,,,2026-08-07,902.77,902.77,847.4,878.41,887387.0,871.3118
2026-08-07T20:31:36.908,7,5,MU260812C00662500,MU,2026-08-12,call,662.5,211.57,30.0,221.69,19.0,216.63,,,,,,,,,2026-08-07,902.77,902.77,847.4,878.41,887387.0,871.3118
2026-08-07T20:31:36.908,7,5,MU260812C00665000,MU,2026-08-12,call,665.0,208.88,28.0,219.74,8.0,214.31,,,,,,,,,2026-08-07,902.77,902.77,847.4,878.41,887387.0,871.3118
2026-08-07T20:31:36.908,7,5,MU260812C00667500,MU,2026-08-12,call,667.5,203.04,26.0,218.5,17.0,210.76999999999998,,,,,,,,,2026-08-07,902.77,902.77,847.4,878.41,887387.0,871.3118
2026-08-07T20:31:36.908,7,5,MU260812C00670000,MU,2026-08-12,call,670.0,199.41,13.0,212.39,6.0,205.89999999999998,224.29,1.0,,,,,,,2026-08-07,902.77,902.77,847.4,878.41,887387.0,871.3118
2026-08-07T20:31:36.908,7,5,MU260812C00672500,MU,2026-08-12,call,672.5,194.31,32.0,209.89,8.0,202.1,,,,,,,,,2026-08-07,902.77,902.77,847.4,878.41,887387.0,871.3118
2026-08-07T20:31:36.908,7,5,MU260812C00675000,MU,2026-08-12,call,675.0,192.45,31.0,207.14,7.0,199.795,,,,,,,,,2026-08-07,902.77,902.77,847.4,878.41,887387.0,871.3118
2026-08-07T20:31:36.908,7,5,MU260812C00677500,MU,2026-08-12,call,677.5,194.43,28.0,205.72,11.0,200.075,,,,,,,,,2026-08-07,902.77,902.77,847.4,878.41,887387.0,871.3118
2026-08-07T20:31:36.908,7,5,MU260812C00680000,MU,2026-08-12,call,680.0,194.34,31.0,200.44,15.0,197.39,199.45,3.0,,,,,,,2026-08-07,902.77,902.77,847.4,878.41,887387.0,871.3118
2026-08-07T20:31:36.908,7,5,MU260812C00682500,MU,2026-08-12,call,682.5,187.53,28.0,198.81,13.0,193.17000000000002,,,,,,,,,2026-08-07,902.77,902.77,847.4,878.41,887387.0,871.3118
2026-08-07T20:31:36.908,7,5,MU260812C00685000,MU,2026-08-12,call,685.0,183.86,27.0,197.55,14.0,190.705,,,,,,,,,2026-08-07,902.77,902.77,847.4,878.41,887387.0,871.3118
2026-08-07T20:31:36.908,7,5,MU260812C00687500,MU,2026-08-12,call,687.5,186.21,29.0,194.07,19.0,190.14,,,,,,,,,2026-08-07,902.77,902.77,847.4,878.41,887387.0,871.3118
2026-08-07T20:31:36.908,7,5,MU260812C00690000,MU,2026-08-12,call,690.0,183.29,29.0,194.48,9.0,188.885,138.89,1.0,,,,,,,2026-08-07,902.77,902.77,847.4,878.41,887387.0,871.3118
2026-08-07T20:31:36.908,7,5,MU260812C00692500,MU,2026-08-12,call,692.5,182.47,30.0,193.72,15.0,188.095,,,,,,,,,2026-08-07,902.77,902.77,847.4,878.41,887387.0,871.3118
2026-08-07T20:31:36.908,7,5,MU260812C00695000,MU,2026-08-12,call,695.0,174.79,28.0,191.28,14.0,183.035,,,,,,,,,2026-08-07,902.77,902.77,847.4,878.41,887387.0,871.3118
2026-08-07T20:31:36.908,7,5,MU260812C00697500,MU,2026-08-12,call,697.5,177.79,27.0,189.37,16.0,183.57999999999998,,,,,,,,,2026-08-07,902.77,902.77,847.4,878.41,887387.0,871.3118
2026-08-07T20:31:36.908,7,5,MU260812C00700000,MU,2026-08-12,call,700.0,171.92,29.0,187.13,16.0,179.52499999999998,164.3,1.0,,,,,,,2026-08-07,902.77,902.77,847.4,878.41,887387.0,871.3118
2026-08-07T20:31:36.908,7,5,MU260812C00702500,MU,2026-08-12,call,702.5,167.97,26.0,184.03,10.0,176.0,,,,,,,,,2026-08-07,902.77,902.77,847.4,878.41,887387.0,871.3118
2026-08-07T20:31:36.908,7,5,MU260812C00705000,MU,2026-08-12,call,705.0,164.35,27.0,180.24,16.0,172.29500000000002,128.039,1.0,,,,,,,2026-08-07,902.77,902.77,847.4,878.41,887387.0,871.3118
2026-08-07T20:31:36.908,7,5,MU260812C00707500,MU,2026-08-12,call,707.5,163.74,19.0,178.23,18.0,170.985,,,,,,,,,2026-08-07,902.77,902.77,847.4,878.41,887387.0,871.3118
2026-08-07T20:31:36.908,7,5,MU260812C00710000,MU,2026-08-12,call,710.0,160.2,29.0,174.53,17.0,167.365,207.14,1.0,,,,,,,2026-08-07,902.77,902.77,847.4,878.41,887387.0,871.3118
2026-08-07T20:31:36.908,7,5,MU260812C00712500,MU,2026-08-12,call,712.5,158.4,17.0,167.96,3.0,163.18,,,0.9103,0.9762,0.0006,-0.5921,0.0575,0.0946,2026-08-07,902.77,902.77,847.4,878.41,887387.0,871.3118
2026-08-07T20:31:36.908,7,5,MU260812C00715000,MU,2026-08-12,call,715.0,156.07,13.0,166.94,3.0,161.505,179.02,3.0,1.0114,0.9611,0.0008,-0.9391,0.0861,0.093,2026-08-07,902.77,902.77,847.4,878.41,887387.0,871.3118
2026-08-07T20:31:36.908,7,5,MU260812C00717500,MU,2026-08-12,call,717.5,148.81,32.0,164.07,12.0,156.44,205.5,1.0,,,,,,,2026-08-07,902.77,902.77,847.4,878.41,887387.0,871.3118
2026-08-07T20:31:36.908,7,5,MU260812C00720000,MU,2026-08-12,call,720.0,154.43,27.0,166.07,12.0,160.25,171.46,1.0,,,,,,,2026-08-07,902.77,902.77,847.4,878.41,887387.0,871.3118
2026-08-07T20:31:36.908,7,5,MU260812C00722500,MU,2026-08-12,call,722.5,148.07,18.0,164.01,15.0,156.04,,,1.1492,0.9319,0.0011,-1.6119,0.1345,0.0903,2026-08-07,902.77,902.77,847.4,878.41,887387.0,871.3118
2026-08-07T20:31:36.908,7,5,MU260812C00725000,MU,2026-08-12,call,725.0,147.31,13.0,157.16,6.0,152.235,157.93,1.0,,,,,,,2026-08-07,902.77,902.77,847.4,878.41,887387.0,871.3118
2026-08-07T20:31:36.908,7,5,MU260812C00727500,MU,2026-08-12,call,727.5,144.06,16.0,157.94,13.0,151.0,,,1.1136,0.9306,0.0012,-1.5856,0.1364,0.0908,2026-08-07,902.77,902.77,847.4,878.41,887387.0,871.3118
2026-08-07T20:31:36.908,7,5,MU260812C00730000,MU,2026-08-12,call,730.0,138.73,25.0,151.26,12.0,144.995,,,0.6481,0.9923,0.0003,-0.2121,0.0216,0.099,2026-08-07,902.77,902.77,847.4,878.41,887387.0,871.3118
2026-08-07T20:31:36.908,7,5,MU260812C00732500,MU,2026-08-12,call,732.5,141.34,14.0,152.79,6.0,147.065,,,,,,,,,2026-08-07,902.77,902.77,847.4,878.41,887387.0,871.3118
2026-08-07T20:31:36.908,7,5,MU260812C00735000,MU,2026-08-12,call,735.0,137.09,1.0,151.86,4.0,144.47500000000002,106.83,1.0,1.1304,0.9167,0.0013,-1.839,0.1569,0.09,2026-08-07,902.77,902.77,847.4,878.41,887387.0,871.3118
2026-08-07T20:31:36.908,7,5,MU260812C00737500,MU,2026-08-12,call,737.5,138.1,1.0,145.13,13.0,141.615,,,1.0903,0.9196,0.0013,-1.7312,0.1527,0.0908,2026-08-07,902.77,902.77,847.4,878.41,887387.0,871.3118
2026-08-07T20:31:36.908,7,5,MU260812C00740000,MU,2026-08-12,call,740.0,132.89,17.0,141.9,8.0,137.39499999999998,104.0,1.0,0.9487,0.941,0.0012,-1.2093,0.1203,0.0939,2026-08-07,902.77,902.77,847.4,878.41,887387.0,871.3118
2026-08-07T20:31:36.908,7,5,MU260812C00742500,MU,2026-08-12,call,742.5,130.33,24.0,142.85,13.0,136.59,119.62,1.0,1.0555,0.9177,0.0014,-1.7067,0.1554,0.0912,2026-08-07,902.77,902.77,847.4,878.41,887387.0,871.3118
2026-08-07T20:31:36.908,7,5,MU260812C00745000,MU,2026-08-12,call,745.0,125.54,17.0,136.66,14.0,131.1,,,0.7933,0.9623,0.001,-0.7383,0.0841,0.0973,2026-08-07,902.77,902.77,847.4,878.41,887387.0,871.3118
2026-08-07T20:31:36.908,7,5,MU260812C00747500,MU,2026-08-12,call,747.5,124.8,26.0,138.74,2.0,131.77,,,1.0336,0.9133,0.0015,-1.7372,0.1616,0.0914,2026-08-07,902.77,902.77,847.4,878.41,887387.0,871.3118
2026-08-07T20:31:36.908,7,5,MU260812C00750000,MU,2026-08-12,call,750.0,121.89,25.0,133.78,14.0,127.83500000000001,146.0,1.0,0.9212,0.9309,0.0014,-1.3219,0.1361,0.094,2026-08-07,902.77,902.77,847.4,878.41,887387.0,871.3118
2026-08-07T20:31:36.908,7,5,MU260812C00755000,MU,2026-08-12,call,755.0,118.93,23.0,131.78,8.0,125.355,92.98,2.0,1.0455,0.8972,0.0017,-1.9822,0.1833,0.0903,2026-08-07,902.77,902.77,847.4,878.41,887387.0,871.3118
2026-08-07T20:31:36.908,7,5,MU260812C00760000,MU,2026-08-12,call,760.0,115.66,22.0,119.91,16.0,117.785,112.81,1.0,0.8552,0.9274,0.0016,-1.2782,0.1414,0.095,2026-08-07,902.77,902.77,847.4,878.41,887387.0,871.3118
2026-08-07T20:31:36.908,7,5,MU260812C00765000,MU,2026-08-12,call,765.0,107.25,25.0,118.36,18.0,112.805,130.69,3.0,0.8255,0.9247,0.0017,-1.2689,0.1453,0.0953,2026-08-07,902.77,902.77,847.4,878.41,887387.0,871.3118
2026-08-07T20:31:36.908,7,5,MU260812C00770000,MU,2026-08-12,call,770.0,104.01,38.0,113.44,25.0,108.725,106.8,10.0,0.8523,0.9083,0.0019,-1.5052,0.1686,0.0939,2026-08-07,902.77,902.77,847.4,878.41,887387.0,871.3118
2026-08-07T20:31:36.908,7,5,MU260812C00775000,MU,2026-08-12,call,775.0,102.36,145.0,108.14,77.0,105.25,118.43,1.0,0.9018,0.8852,0.0021,-1.8559,0.1984,0.0916,2026-08-07,902.77,902.77,847.4,878.41,887387.0,871.3118
2026-08-07T20:31:36.908,7,5,MU260812C00780000,MU,2026-08-12,call,780.0,93.82,61.0,101.31,38.0,97.565,99.26,3.0,0.7166,0.9209,0.002,-1.1522,0.1509,0.0969,2026-08-07,902.77,902.77,847.4,878.41,887387.0,871.3118
2026-08-07T20:31:36.908,7,5,MU260812C00785000,MU,2026-08-12,call,785.0,93.64,22.0,99.53,22.0,96.58500000000001,108.9,40.0,0.8941,0.8618,0.0024,-2.0848,0.2258,0.09,2026-08-07,902.77,902.77,847.4,878.41,887387.0,871.3118
2026-08-07T20:31:36.908,7,5,MU260812C00790000,MU,2026-08-12,call,790.0,86.83,23.0,93.31,12.0,90.07,89.43,1.0,0.7895,0.8751,0.0025,-1.7297,0.2106,0.0925,2026-08-07,902.77,902.77,847.4,878.41,887387.0,871.3118
2026-08-07T20:31:36.908,7,5,MU260812C00795000,MU,2026-08-12,call,795.0,84.15,107.0,89.2,61.0,86.67500000000001,104.0,1.0,0.8255,0.8507,0.0028,-2.0294,0.2379,0.09,2026-08-07,902.77,902.77,847.4,878.41,887387.0,871.3118
2026-08-07T20:31:36.908,7,5,MU260812C00800000,MU,2026-08-12,call,800.0,80.84,92.0,85.99,79.0,83.41499999999999,76.77,3.0,0.8577,0.8268,0.0029,-2.3118,0.2621,0.0876,2026-08-07,902.77,902.77,847.4,878.41,887387.0,871.3118
2026-08-07T20:31:36.908,7,5,MU260812C00805000,MU,2026-08-12,call,805.0,76.17,90.0,80.47,83.0,78.32,72.96,1.0,0.8158,0.8211,0.0031,-2.246,0.2675,0.0876,2026-08-07,902.77,902.77,847.4,878.41,887387.0,871.3118
2026-08-07T20:31:36.908,7,5,MU260812C00810000,MU,2026-08-12,call,810.0,75.01,20.0,75.68,27.0,75.345,71.35,1.0,0.849,0.7954,0.0033,-2.5279,0.2905,0.085,2026-08-07,902.77,902.77,847.4,878.41,887387.0,871.3118
2026-08-07T20:31:36.908,7,5,MU260812C00815000,MU,2026-08-12,call,815.0,69.93,25.0,71.45,8.0,70.69,101.53,1.0,0.8201,0.7843,0.0035,-2.5183,0.2996,0.0843,2026-08-07,902.77,902.77,847.4,878.41,887387.0,871.3118
2026-08-07T20:31:36.908,7,5,MU260812C00820000,MU,2026-08-12,call,820.0,63.29,18.0,64.25,18.0,63.769999999999996,60.12,1.0,0.7149,0.7928,0.0039,-2.1549,0.2926,0.0862,2026-08-07,902.77,902.77,847.4,878.41,887387.0,871.3118
2026-08-07T20:31:36.908,7,5,MU260812C00825000,MU,2026-08-12,call,825.0,62.28,20.0,63.47,2.0,62.875,59.67,2.0,0.8056,0.7485,0.0039,-2.6873,0.3262,0.0811,2026-08-07,902.77,902.77,847.4,878.41,887387.0,871.3118
2026-08-07T20:31:36.908,7,5,MU260812C00830000,MU,2026-08-12,call,830.0,56.57,22.0,57.47,23.0,57.019999999999996,56.57,1.0,0.7362,0.7436,0.0043,-2.4859,0.3296,0.0813,2026-08-07,902.77,902.77,847.4,878.41,887387.0,871.3118
2026-08-07T20:31:36.908,7,5,MU260812C00835000,MU,2026-08-12,call,835.0,54.93,41.0,58.9,84.0,56.915,51.96,1.0,0.8336,0.701,0.0041,-3.0176,0.3553,0.0762,2026-08-07,902.77,902.77,847.4,878.41,887387.0,871.3118
2026-08-07T20:31:36.908,7,5,MU260812C00840000,MU,2026-08-12,call,840.0,47.74,14.0,50.49,12.0,49.115,48.47,5.0,0.7081,0.7028,0.0048,-2.5656,0.3543,0.0775,2026-08-07,902.77,902.77,847.4,878.41,887387.0,871.3118
2026-08-07T20:31:36.908,7,5,MU260812C00845000,MU,2026-08-12,call,845.0,46.79,40.0,48.99,15.0,47.89,40.75,1.0,0.7643,0.6676,0.0046,-2.8945,0.3717,0.0734,2026-08-07,902.77,902.77,847.4,878.41,887387.0,871.3118
2026-08-07T20:31:36.908,7,5,MU260812C00850000,MU,2026-08-12,call,850.0,45.11,41.0,45.22,28.0,45.165,45.11,10.0,0.7744,0.642,0.0047,-3.0108,0.3822,0.0707,2026-08-07,902.77,902.77,847.4,878.41,887387.0,871.3118
2026-08-07T20:31:36.908,7,5,MU260812C00855000,MU,2026-08-12,call,855.0,40.67,34.0,42.02,22.0,41.345,42.0,1.0,0.7527,0.6199,0.0049,-2.9834,0.3897,0.0686,2026-08-07,902.77,902.77,847.4,878.41,887387.0,871.3118
2026-08-07T20:31:36.908,7,5,MU260812C00860000,MU,2026-08-12,call,860.0,38.96,40.0,39.91,6.0,39.435,39.0,1.0,0.7767,0.5926,0.0049,-3.1332,0.3972,0.0656,2026-08-07,902.77,902.77,847.4,878.41,887387.0,871.3118
2026-08-07T20:31:36.908,7,5,MU260812C00865000,MU,2026-08-12,call,865.0,35.76,40.0,35.88,22.0,35.82,33.05,10.0,0.7545,0.5687,0.0051,-3.0809,0.4022,0.0632,2026-08-07,902.77,902.77,847.4,878.41,887387.0,871.3118
2026-08-07T20:31:36.908,7,5,MU260812C00870000,MU,2026-08-12,call,870.0,30.43,51.0,31.07,19.0,30.75,30.43,1.0,0.6937,0.5437,0.0056,-2.8597,0.4059,0.0609,2026-08-07,902.77,902.77,847.4,878.41,887387.0,871.3118
2026-08-07T20:31:36.908,7,5,MU260812C00875000,MU,2026-08-12,call,875.0,30.46,58.0,30.68,8.0,30.57,30.65,1.0,0.7502,0.517,0.0052,-3.1023,0.4079,0.0577,2026-08-07,902.77,902.77,847.4,878.41,887387.0,871.3118
2026-08-07T20:31:36.908,7,5,MU260812C00880000,MU,2026-08-12,call,880.0,27.47,68.0,27.93,1.0,27.7,27.93,1.0,0.7373,0.4903,0.0053,-3.0495,0.4082,0.0549,2026-08-07,902.77,902.77,847.4,878.41,887387.0,871.3118
2026-08-07T20:31:36.908,7,5,MU260812C00885000,MU,2026-08-12,call,885.0,25.16,46.0,25.95,2.0,25.555,25.75,1.0,0.739,0.4643,0.0053,-3.0432,0.4067,0.0521,2026-08-07,902.77,902.77,847.4,878.41,887387.0,871.3118
2026-08-07T20:31:36.908,7,5,MU260812C00890000,MU,2026-08-12,call,890.0,21.12,24.0,22.77,31.0,21.945,21.25,2.0,0.7012,0.4335,0.0055,-2.8587,0.4026,0.0489,2026-08-07,902.77,902.77,847.4,878.41,887387.0,871.3118
2026-08-07T20:31:36.908,7,5,MU260812C00895000,MU,2026-08-12,call,895.0,20.73,80.0,21.95,51.0,21.34,21.25,1.0,0.7347,0.4125,0.0052,-2.9614,0.3984,0.0465,2026-08-07,902.77,902.77,847.4,878.41,887387.0,871.3118
2026-08-07T20:31:36.908,7,5,MU260812C00900000,MU,2026-08-12,call,900.0,17.48,45.0,18.71,40.0,18.095,18.0,1.0,0.6987,0.3802,0.0053,-2.7543,0.3897,0.0431,2026-08-07,902.77,902.77,847.4,878.41,887387.0,871.3118
2026-08-07T20:31:36.908,7,5,MU260812C00905000,MU,2026-08-12,call,905.0,17.27,31.0,18.11,43.0,17.689999999999998,17.65,1.0,0.7321,0.3624,0.005,-2.8396,0.3838,0.041,2026-08-07,902.77,902.77,847.4,878.41,887387.0,871.3118
2026-08-07T20:31:36.908,7,5,MU260812C00910000,MU,2026-08-12,call,910.0,15.47,30.0,16.56,47.0,16.015,14.62,1.0,0.73,0.3381,0.0049,-2.7595,0.3742,0.0383,2026-08-07,902.77,902.77,847.4,878.41,887387.0,871.3118
2026-08-07T20:31:36.908,7,5,MU260812C00915000,MU,2026-08-12,call,915.0,14.18,29.0,14.5,56.0,14.34,14.18,1.0,0.7246,0.3135,0.0048,-2.655,0.3628,0.0356,2026-08-07,902.77,902.77,847.4,878.41,887387.0,871.3118
2026-08-07T20:31:36.908,7,5,MU260812C00920000,MU,2026-08-12,call,920.0,12.3,106.0,13.06,42.0,12.68,12.3,1.0,0.7162,0.2885,0.0047,-2.5271,0.3495,0.0328,2026-08-07,902.77,902.77,847.4,878.41,887387.0,871.3118
2026-08-07T20:31:36.908,7,5,MU260812C00925000,MU,2026-08-12,call,925.0,11.55,41.0,12.11,41.0,11.83,11.55,1.0,0.7281,0.2706,0.0044,-2.4893,0.3388,0.0308,2026-08-07,902.77,902.77,847.4,878.41,887387.0,871.3118
2026-08-07T20:31:36.908,7,5,MU260812C00930000,MU,2026-08-12,call,930.0,10.35,62.0,10.84,16.0,10.594999999999999,10.35,1.0,0.726,0.2494,0.0043,-2.3789,0.3248,0.0284,2026-08-07,902.77,902.77,847.4,878.41,887387.0,871.3118
2026-08-07T20:31:36.908,7,5,MU260812C00935000,MU,2026-08-12,call,935.0,9.07,39.0,9.67,40.0,9.370000000000001,9.07,1.0,0.721,0.2281,0.0041,-2.249,0.3093,0.026,2026-08-07,902.77,902.77,847.4,878.41,887387.0,871.3118
2026-08-07T20:31:36.908,7,5,MU260812C00940000,MU,2026-08-12,call,940.0,7.68,32.0,8.08,34.0,7.88,7.75,5.0,0.7032,0.203,0.0039,-2.0501,0.2891,0.0232,2026-08-07,902.77,902.77,847.4,878.41,887387.0,871.3118
2026-08-07T20:31:36.908,7,5,MU260812C00945000,MU,2026-08-12,call,945.0,7.35,26.0,7.69,51.0,7.52,7.35,2.0,0.7213,0.1919,0.0037,-2.0319,0.2795,0.022,2026-08-07,902.77,902.77,847.4,878.41,887387.0,871.3118
2026-08-07T20:31:36.908,7,5,MU260812C00950000,MU,2026-08-12,call,950.0,6.53,46.0,6.88,28.0,6.705,6.82,1.0,0.7211,0.1753,0.0035,-1.919,0.2641,0.0201,2026-08-07,902.77,902.77,847.4,878.41,887387.0,871.3118
2026-08-07T20:31:36.908,7,5,MU260812C00955000,MU,2026-08-12,call,955.0,5.38,42.0,5.82,7.0,5.6,5.55,1.0,0.7061,0.1542,0.0033,-1.7287,0.243,0.0177,2026-08-07,902.77,902.77,847.4,878.41,887387.0,871.3118
2026-08-07T20:31:36.908,7,5,MU260812C00960000,MU,2026-08-12,call,960.0,5.35,37.0,5.4,8.0,5.375,5.35,1.0,0.7242,0.1462,0.0031,-1.711,0.2346,0.0168,2026-08-07,902.77,902.77,847.4,878.41,887387.0,871.3118
2026-08-07T20:31:36.908,7,5,MU260812C00965000,MU,2026-08-12,call,965.0,4.75,28.0,5.03,29.0,4.890000000000001,4.85,2.0,0.7297,0.1346,0.0029,-1.6292,0.2217,0.0154,2026-08-07,902.77,902.77,847.4,878.41,887387.0,871.3118
2026-08-07T20:31:36.908,7,5,MU260812C00970000,MU,2026-08-12,call,970.0,4.18,43.0,4.43,54.0,4.305,4.3,1.0,0.7283,0.1214,0.0027,-1.5134,0.2064,0.014,2026-08-07,902.77,902.77,847.4,878.41,887387.0,871.3118
2026-08-07T20:31:36.908,7,5,MU260812C00975000,MU,2026-08-12,call,975.0,3.67,42.0,3.92,32.0,3.795,3.67,1.0,0.7276,0.1094,0.0025,-1.4045,0.1918,0.0126,2026-08-07,902.77,902.77,847.4,878.41,887387.0,871.3118
2026-08-07T20:31:36.908,7,5,MU260812C00980000,MU,2026-08-12,call,980.0,3.37,21.0,3.53,53.0,3.45,3.4,1.0,0.7333,0.1005,0.0023,-1.3302,0.1802,0.0116,2026-08-07,902.77,902.77,847.4,878.41,887387.0,871.3118
2026-08-07T20:31:36.908,7,5,MU260812C00985000,MU,2026-08-12,call,985.0,2.93,40.0,3.13,42.0,3.0300000000000002,2.93,1.0,0.7326,0.0902,0.0022,-1.2271,0.1665,0.0104,2026-08-07,902.77,902.77,847.4,878.41,887387.0,871.3118
2026-08-07T20:31:36.908,7,5,MU260812C00990000,MU,2026-08-12,call,990.0,2.67,40.0,2.83,28.0,2.75,2.67,1.0,0.738,0.0826,0.002,-1.1576,0.1559,0.0095,2026-08-07,902.77,902.77,847.4,878.41,887387.0,871.3118
2026-08-07T20:31:36.908,7,5,MU260812C00995000,MU,2026-08-12,call,995.0,2.33,25.0,2.5,50.0,2.415,2.33,4.0,0.7378,0.074,0.0019,-1.0646,0.1434,0.0085,2026-08-07,902.77,902.77,847.4,878.41,887387.0,871.3118
2026-08-07T20:31:36.908,7,5,MU260812C01000000,MU,2026-08-12,call,1000.0,2.13,21.0,2.17,1.0,2.15,2.17,1.0,0.7402,0.0669,0.0017,-0.9876,0.1327,0.0077,2026-08-07,902.77,902.77,847.4,878.41,887387.0,871.3118
2026-08-07T20:31:36.908,7,5,MU260812C01005000,MU,2026-08-12,call,1005.0,1.82,48.0,2.029,51.0,1.9245,1.96,1.0,0.7435,0.0606,0.0016,-0.9186,0.1229,0.007,2026-08-07,902.77,902.77,847.4,878.41,887387.0,871.3118
2026-08-07T20:31:36.908,7,5,MU260812C01010000,MU,2026-08-12,call,1010.0,1.65,24.0,1.85,53.0,1.75,1.75,1.0,0.7492,0.0555,0.0015,-0.8637,0.1147,0.0064,2026-08-07,902.77,902.77,847.4,878.41,887387.0,871.3118
2026-08-07T20:31:36.908,7,5,MU260812C01015000,MU,2026-08-12,call,1015.0,1.5,45.0,1.6,49.0,1.55,1.5,1.0,0.7509,0.0499,0.0013,-0.7953,0.1053,0.0058,2026-08-07,902.77,902.77,847.4,878.41,887387.0,871.3118
2026-08-07T20:31:36.908,7,5,MU260812C01020000,MU,2026-08-12,call,1020.0,1.25,26.0,1.4,2.0,1.325,1.33,1.0,0.7478,0.0437,0.0012,-0.712,0.0947,0.0051,2026-08-07,902.77,902.77,847.4,878.41,887387.0,871.3118
2026-08-07T20:31:36.908,7,5,MU260812C01025000,MU,2026-08-12,call,1025.0,1.15,48.0,1.33,29.0,1.24,1.21,1.0,0.7575,0.0408,0.0011,-0.6822,0.0896,0.0047,2026-08-07,902.77,902.77,847.4,878.41,887387.0,871.3118
2026-08-07T20:31:36.908,7,5,MU260812C01030000,MU,2026-08-12,call,1030.0,1.03,37.0,1.17,35.0,1.1,1.15,1.0,0.7597,0.0366,0.001,-0.6269,0.0821,0.0042,2026-08-07,902.77,902.77,847.4,878.41,887387.0,871.3118
2026-08-07T20:31:36.908,7,5,MU260812C01035000,MU,2026-08-12,call,1035.0,0.92,53.0,1.13,55.0,1.025,1.03,1.0,0.7684,0.0341,0.001,-0.5979,0.0774,0.0039,2026-08-07,902.77,902.77,847.4,878.41,887387.0,871.3118
2026-08-07T20:31:36.908,7,5,MU260812C01040000,MU,2026-08-12,call,1040.0,0.86,34.0,1.01,22.0,0.935,0.95,1.0,0.7742,0.0313,0.0009,-0.5605,0.0721,0.0036,2026-08-07,902.77,902.77,847.4,878.41,887387.0,871.3118
2026-08-07T20:31:36.908,7,5,MU260812C01045000,MU,2026-08-12,call,1045.0,0.73,50.0,0.91,36.0,0.8200000000000001,0.78,1.0,0.7749,0.0278,0.0008,-0.5093,0.0654,0.0032,2026-08-07,902.77,902.77,847.4,878.41,887387.0,871.3118
2026-08-07T20:31:36.908,7,5,MU260812C01050000,MU,2026-08-12,call,1050.0,0.69,36.0,0.79,29.0,0.74,0.69,1.0,0.7792,0.0253,0.0007,-0.4728,0.0604,0.0029,2026-08-07,902.77,902.77,847.4,878.41,887387.0,871.3118
2026-08-07T20:31:36.908,7,5,MU260812C01055000,MU,2026-08-12,call,1055.0,0.57,59.0,0.72,50.0,0.645,0.59,1.0,0.7793,0.0224,0.0007,-0.4267,0.0545,0.0026,2026-08-07,902.77,902.77,847.4,878.41,887387.0,871.3118
2026-08-07T20:31:36.908,7,5,MU260812C01060000,MU,2026-08-12,call,1060.0,0.55,48.0,0.69,30.0,0.62,0.57,1.0,0.7909,0.0213,0.0006,-0.4159,0.0523,0.0025,2026-08-07,902.77,902.77,847.4,878.41,887387.0,871.3118
2026-08-07T20:31:36.908,7,5,MU260812C01065000,MU,2026-08-12,call,1065.0,0.45,50.0,0.59,28.0,0.52,0.55,1.0,0.7866,0.0183,0.0006,-0.3635,0.046,0.0021,2026-08-07,902.77,902.77,847.4,878.41,887387.0,871.3118
2026-08-07T20:31:36.908,7,5,MU260812C01070000,MU,2026-08-12,call,1070.0,0.39,32.0,0.52,25.0,0.455,0.4,2.0,0.7874,0.0162,0.0005,-0.3283,0.0415,0.0019,2026-08-07,902.77,902.77,847.4,878.41,887387.0,871.3118
2026-08-07T20:31:36.908,7,5,MU260812C01075000,MU,2026-08-12,call,1075.0,0.38,49.0,0.5,33.0,0.44,0.46,1.0,0.7991,0.0156,0.0005,-0.3211,0.04,0.0018,2026-08-07,902.77,902.77,847.4,878.41,887387.0,871.3118
2026-08-07T20:31:36.908,7,5,MU260812C01080000,MU,2026-08-12,call,1080.0,0.35,27.0,0.44,20.0,0.395,0.36,1.0,0.8026,0.0141,0.0004,-0.2957,0.0367,0.0016,2026-08-07,902.77,902.77,847.4,878.41,887387.0,871.3118
2026-08-07T20:31:36.908,7,5,MU260812C01085000,MU,2026-08-12,call,1085.0,0.33,39.0,0.41,32.0,0.37,0.27,1.0,0.8105,0.0132,0.0004,-0.2817,0.0346,0.0015,2026-08-07,902.77,902.77,847.4,878.41,887387.0,871.3118
2026-08-07T20:31:36.908,7,5,MU260812C01090000,MU,2026-08-12,call,1090.0,0.25,80.0,0.38,43.0,0.315,0.35,1.0,0.8083,0.0114,0.0004,-0.2483,0.0306,0.0013,2026-08-07,902.77,902.77,847.4,878.41,887387.0,871.3118
2026-08-07T20:31:36.908,7,5,MU260812C01095000,MU,2026-08-12,call,1095.0,0.27,56.0,0.39,40.0,0.33,0.33,1.0,0.8276,0.0117,0.0004,-0.2589,0.0312,0.0014,2026-08-07,902.77,902.77,847.4,878.41,887387.0,871.3118
2026-08-07T20:31:36.908,7,5,MU260812C01100000,MU,2026-08-12,call,1100.0,0.24,1.0,0.35,32.0,0.295,0.29,1.0,,,,,,,2026-08-07,902.77,902.77,847.4,878.41,887387.0,871.3118
2026-08-07T20:31:36.908,7,5,MU260812C01105000,MU,2026-08-12,call,1105.0,0.22,43.0,0.3,32.0,0.26,0.27,2.0,0.8313,0.0094,0.0003,-0.2148,0.0257,0.0011,2026-08-07,902.77,902.77,847.4,878.41,887387.0,871.3118
2026-08-07T20:31:36.908,7,5,MU260812C01110000,MU,2026-08-12,call,1110.0,0.15,65.0,0.32,49.0,0.235,0.22,1.0,0.835,0.0085,0.0003,-0.1984,0.0237,0.001,2026-08-07,902.77,902.77,847.4,878.41,887387.0,871.3118
2026-08-07T20:31:36.908,7,5,MU260812C01115000,MU,2026-08-12,call,1115.0,0.13,49.0,0.3,31.0,0.215,0.17,1.0,,,,,,,2026-08-07,902.77,902.77,847.4,878.41,887387.0,871.3118
2026-08-07T20:31:36.908,7,5,MU260812C01120000,MU,2026-08-12,call,1120.0,0.16,51.0,0.25,40.0,0.20500000000000002,0.18,1.0,,,,,,,2026-08-07,902.77,902.77,847.4,878.41,887387.0,871.3118
2026-08-07T20:31:36.908,7,5,MU260812C01125000,MU,2026-08-12,call,1125.0,0.1,48.0,0.27,30.0,0.185,0.19,1.0,,,,,,,2026-08-07,902.77,902.77,847.4,878.41,887387.0,871.3118
2026-08-07T20:31:36.908,7,5,MU260812C01130000,MU,2026-08-12,call,1130.0,0.09,46.0,0.22,23.0,0.155,0.85,1.0,,,,,,,2026-08-07,902.77,902.77,847.4,878.41,887387.0,871.3118
2026-08-07T20:31:36.908,7,5,MU260812C01135000,MU,2026-08-12,call,1135.0,0.08,44.0,0.24,26.0,0.16,0.7,10.0,,,,,,,2026-08-07,902.77,902.77,847.4,878.41,887387.0,871.3118
2026-08-07T20:31:36.908,7,5,MU260812C01140000,MU,2026-08-12,call,1140.0,0.06,84.0,0.23,38.0,0.14500000000000002,0.15,10.0,,,,,,,2026-08-07,902.77,902.77,847.4,878.41,887387.0,871.3118
2026-08-07T20:31:36.908,7,5,MU260812C01145000,MU,2026-08-12,call,1145.0,0.09,50.0,0.18,34.0,0.135,0.13,1.0,,,,,,,2026-08-07,902.77,902.77,847.4,878.41,887387.0,871.3118
2026-08-07T20:31:36.908,7,5,MU260812C01150000,MU,2026-08-12,call,1150.0,0.08,74.0,0.18,30.0,0.13,0.13,1.0,,,,,,,2026-08-07,902.77,902.77,847.4,878.41,887387.0,871.3118
2026-08-07T20:31:36.908,7,5,MU260812C01155000,MU,2026-08-12,call,1155.0,0.05,51.0,0.17,27.0,0.11000000000000001,0.59,1.0,,,,,,,2026-08-07,902.77,902.77,847.4,878.41,887387.0,871.3118
2026-08-07T20:31:36.908,7,5,MU260812C01160000,MU,2026-08-12,call,1160.0,0.03,53.0,0.16,27.0,0.095,0.15,1.0,,,,,,,2026-08-07,902.77,902.77,847.4,878.41,887387.0,871.3118
2026-08-07T20:31:36.908,7,5,MU260812C01165000,MU,2026-08-12,call,1165.0,0.02,71.0,0.15,23.0,0.08499999999999999,0.1,1.0,,,,,,,2026-08-07,902.77,902.77,847.4,878.41,887387.0,871.3118
2026-08-07T20:31:36.908,7,5,MU260812C01170000,MU,2026-08-12,call,1170.0,0.01,71.0,0.78,85.0,0.395,0.13,1.0,,,,,,,2026-08-07,902.77,902.77,847.4,878.41,887387.0,871.3118
2026-08-07T20:31:36.908,7,5,MU260812C01175000,MU,2026-08-12,call,1175.0,0.05,49.0,0.34,90.0,0.195,0.08,1.0,,,,,,,2026-08-07,902.77,902.77,847.4,878.41,887387.0,871.3118
2026-08-07T20:31:36.908,7,5,MU260812C01180000,MU,2026-08-12,call,1180.0,0.05,54.0,0.55,103.0,0.30000000000000004,0.16,1.0,,,,,,,2026-08-07,902.77,902.77,847.4,878.41,887387.0,871.3118
2026-08-07T20:31:36.908,7,5,MU260812C01185000,MU,2026-08-12,call,1185.0,0.04,71.0,0.36,71.0,0.19999999999999998,0.4,1.0,,,,,,,2026-08-07,902.77,902.77,847.4,878.41,887387.0,871.3118
2026-08-07T20:31:36.908,7,5,MU260812C01190000,MU,2026-08-12,call,1190.0,0.03,29.0,0.48,75.0,0.255,0.13,1.0,,,,,,,2026-08-07,902.77,902.77,847.4,878.41,887387.0,871.3118
2026-08-07T20:31:36.908,7,5,MU260812C01195000,MU,2026-08-12,call,1195.0,0.01,71.0,0.65,76.0,0.33,0.41,1.0,,,,,,,2026-08-07,902.77,902.77,847.4,878.41,887387.0,871.3118
2026-08-07T20:31:36.908,7,5,MU260812C01200000,MU,2026-08-12,call,1200.0,0.05,22.0,0.14,54.0,0.095,0.05,36.0,,,,,,,2026-08-07,902.77,902.77,847.4,878.41,887387.0,871.3118
2026-08-07T20:31:36.908,7,5,MU260812C01205000,MU,2026-08-12,call,1205.0,0.01,53.0,0.44,91.0,0.225,0.13,1.0,,,,,,,2026-08-07,902.77,902.77,847.4,878.41,887387.0,871.3118
2026-08-07T20:31:36.908,7,5,MU260812C01210000,MU,2026-08-12,call,1210.0,0.03,36.0,0.08,10.0,0.055,0.08,1.0,,,,,,,2026-08-07,902.77,902.77,847.4,878.41,887387.0,871.3118
2026-08-07T20:31:36.908,7,5,MU260812C01215000,MU,2026-08-12,call,1215.0,0.01,45.0,0.58,90.0,0.295,1.3,1.0,,,,,,,2026-08-07,902.77,902.77,847.4,878.41,887387.0,871.3118
2026-08-07T20:31:36.908,7,5,MU260812C01220000,MU,2026-08-12,call,1220.0,0.0,0.0,0.58,51.0,0.29,0.21,1.0,,,,,,,2026-08-07,902.77,902.77,847.4,878.41,887387.0,871.3118
2026-08-07T20:31:36.908,7,5,MU260812C01225000,MU,2026-08-12,call,1225.0,0.03,2.0,0.37,84.0,0.2,0.08,1.0,,,,,,,2026-08-07,902.77,902.77,847.4,878.41,887387.0,871.3118
2026-08-07T20:31:36.908,7,5,MU260812C01230000,MU,2026-08-12,call,1230.0,0.0,0.0,0.15,46.0,0.075,0.12,1.0,,,,,,,2026-08-07,902.77,902.77,847.4,878.41,887387.0,871.3118
2026-08-07T20:31:36.908,7,5,MU260812C01235000,MU,2026-08-12,call,1235.0,0.0,0.0,0.35,75.0,0.175,0.07,1.0,,,,,,,2026-08-07,902.77,902.77,847.4,878.41,887387.0,871.3118
2026-08-07T20:31:36.908,7,5,MU260812C01240000,MU,2026-08-12,call,1240.0,0.0,0.0,0.54,94.0,0.27,1.42,1.0,,,,,,,2026-08-07,902.77,902.77,847.4,878.41,887387.0,871.3118
2026-08-07T20:31:36.908,7,5,MU260812C01250000,MU,2026-08-12,call,1250.0,0.0,0.0,1.2,180.0,0.6,0.03,6.0,,,,,,,2026-08-07,902.77,902.77,847.4,878.41,887387.0,871.3118
2026-08-07T20:31:36.908,7,5,MU260812C01260000,MU,2026-08-12,call,1260.0,0.0,0.0,1.16,38.0,0.58,0.07,1.0,,,,,,,2026-08-07,902.77,902.77,847.4,878.41,887387.0,871.3118
2026-08-07T20:31:36.908,7,5,MU260812C01270000,MU,2026-08-12,call,1270.0,0.0,0.0,1.19,12.0,0.595,0.15,1.0,,,,,,,2026-08-07,902.77,902.77,847.4,878.41,887387.0,871.3118
2026-08-07T20:31:36.908,7,5,MU260812C01280000,MU,2026-08-12,call,1280.0,0.0,0.0,1.15,218.0,0.575,0.1,1.0,,,,,,,2026-08-07,902.77,902.77,847.4,878.41,887387.0,871.3118
2026-08-07T20:31:36.908,7,5,MU260812C01290000,MU,2026-08-12,call,1290.0,0.0,0.0,0.2,51.0,0.1,0.07,1.0,,,,,,,2026-08-07,902.77,902.77,847.4,878.41,887387.0,871.3118
2026-08-07T20:31:36.908,7,5,MU260812C01300000,MU,2026-08-12,call,1300.0,0.0,0.0,1.15,6.0,0.575,0.07,1.0,,,,,,,2026-08-07,902.77,902.77,847.4,878.41,887387.0,871.3118
2026-08-07T20:31:36.908,7,5,MU260812C01310000,MU,2026-08-12,call,1310.0,0.0,0.0,1.18,158.0,0.59,0.13,1.0,,,,,,,2026-08-07,902.77,902.77,847.4,878.41,887387.0,871.3118
2026-08-07T20:31:36.908,7,5,MU260812C01320000,MU,2026-08-12,call,1320.0,0.0,0.0,1.14,7.0,0.57,0.14,1.0,,,,,,,2026-08-07,902.77,902.77,847.4,878.41,887387.0,871.3118
2026-08-07T20:31:36.908,7,5,MU260812C01330000,MU,2026-08-12,call,1330.0,0.0,0.0,1.14,7.0,0.57,0.06,1.0,,,,,,,2026-08-07,902.77,902.77,847.4,878.41,887387.0,871.3118
2026-08-07T20:31:36.908,7,5,MU260812C01340000,MU,2026-08-12,call,1340.0,0.0,0.0,1.14,8.0,0.57,0.16,1.0,,,,,,,2026-08-07,902.77,902.77,847.4,878.41,887387.0,871.3118
2026-08-07T20:31:36.908,7,5,MU260812C01350000,MU,2026-08-12,call,1350.0,0.0,0.0,1.18,12.0,0.59,0.12,1.0,,,,,,,2026-08-07,902.77,902.77,847.4,878.41,887387.0,871.3118
2026-08-07T20:31:36.908,7,5,MU260812C01360000,MU,2026-08-12,call,1360.0,0.0,0.0,1.18,7.0,0.59,0.07,1.0,,,,,,,2026-08-07,902.77,902.77,847.4,878.41,887387.0,871.3118
2026-08-07T20:31:36.908,7,5,MU260812C01370000,MU,2026-08-12,call,1370.0,0.0,0.0,0.16,15.0,0.08,0.14,2.0,,,,,,,2026-08-07,902.77,902.77,847.4,878.41,887387.0,871.3118
2026-08-07T20:31:36.908,7,5,MU260812P00400000,MU,2026-08-12,put,400.0,0.0,0.0,0.53,1.0,0.265,0.29,1.0,,,,,,,2026-08-07,902.77,902.77,847.4,878.41,887387.0,871.3118
2026-08-07T20:31:36.908,7,5,MU260812P00405000,MU,2026-08-12,put,405.0,0.0,0.0,1.4,1.0,0.7,0.38,1.0,,,,,,,2026-08-07,902.77,902.77,847.4,878.41,887387.0,871.3118
2026-08-07T20:31:36.908,7,5,MU260812P00410000,MU,2026-08-12,put,410.0,0.0,0.0,0.59,2.0,0.295,0.19,1.0,,,,,,,2026-08-07,902.77,902.77,847.4,878.41,887387.0,871.3118
2026-08-07T20:31:36.908,7,5,MU260812P00415000,MU,2026-08-12,put,415.0,0.0,0.0,1.37,3.0,0.685,0.19,1.0,,,,,,,2026-08-07,902.77,902.77,847.4,878.41,887387.0,871.3118
2026-08-07T20:31:36.908,7,5,MU260812P00420000,MU,2026-08-12,put,420.0,0.0,0.0,1.36,1.0,0.68,0.05,1.0,,,,,,,2026-08-07,902.77,902.77,847.4,878.41,887387.0,871.3118
2026-08-07T20:31:36.908,7,5,MU260812P00425000,MU,2026-08-12,put,425.0,0.0,0.0,1.36,1.0,0.68,0.06,1.0,,,,,,,2026-08-07,902.77,902.77,847.4,878.41,887387.0,871.3118
2026-08-07T20:31:36.908,7,5,MU260812P00430000,MU,2026-08-12,put,430.0,0.0,0.0,1.41,3.0,0.705,0.01,1.0,,,,,,,2026-08-07,902.77,902.77,847.4,878.41,887387.0,871.3118
2026-08-07T20:31:36.908,7,5,MU260812P00435000,MU,2026-08-12,put,435.0,0.0,0.0,1.16,5.0,0.58,0.06,5.0,,,,,,,2026-08-07,902.77,902.77,847.4,878.41,887387.0,871.3118
2026-08-07T20:31:36.908,7,5,MU260812P00440000,MU,2026-08-12,put,440.0,0.0,0.0,1.16,4.0,0.58,,,,,,,,,2026-08-07,902.77,902.77,847.4,878.41,887387.0,871.3118
2026-08-07T20:31:36.908,7,5,MU260812P00445000,MU,2026-08-12,put,445.0,0.0,0.0,1.41,4.0,0.705,0.19,1.0,,,,,,,2026-08-07,902.77,902.77,847.4,878.41,887387.0,871.3118
2026-08-07T20:31:36.908,7,5,MU260812P00450000,MU,2026-08-12,put,450.0,0.0,0.0,1.12,5.0,0.56,0.09,1.0,,,,,,,2026-08-07,902.77,902.77,847.4,878.41,887387.0,871.3118
2026-08-07T20:31:36.908,7,5,MU260812P00455000,MU,2026-08-12,put,455.0,0.0,0.0,1.41,3.0,0.705,0.07,1.0,,,,,,,2026-08-07,902.77,902.77,847.4,878.41,887387.0,871.3118
2026-08-07T20:31:36.908,7,5,MU260812P00460000,MU,2026-08-12,put,460.0,0.0,0.0,1.41,4.0,0.705,0.09,1.0,,,,,,,2026-08-07,902.77,902.77,847.4,878.41,887387.0,871.3118
2026-08-07T20:31:36.908,7,5,MU260812P00465000,MU,2026-08-12,put,465.0,0.0,0.0,1.12,6.0,0.56,0.05,1.0,,,,,,,2026-08-07,902.77,902.77,847.4,878.41,887387.0,871.3118
2026-08-07T20:31:36.908,7,5,MU260812P00470000,MU,2026-08-12,put,470.0,0.0,0.0,1.16,6.0,0.58,0.2,1.0,,,,,,,2026-08-07,902.77,902.77,847.4,878.41,887387.0,871.3118
2026-08-07T20:31:36.908,7,5,MU260812P00475000,MU,2026-08-12,put,475.0,0.0,0.0,1.37,6.0,0.685,,,,,,,,,2026-08-07,902.77,902.77,847.4,878.41,887387.0,871.3118
2026-08-07T20:31:36.908,7,5,MU260812P00480000,MU,2026-08-12,put,480.0,0.0,0.0,1.16,5.0,0.58,0.13,1.0,,,,,,,2026-08-07,902.77,902.77,847.4,878.41,887387.0,871.3118
2026-08-07T20:31:36.908,7,5,MU260812P00485000,MU,2026-08-12,put,485.0,0.0,0.0,1.16,4.0,0.58,0.17,1.0,,,,,,,2026-08-07,902.77,902.77,847.4,878.41,887387.0,871.3118
2026-08-07T20:31:36.908,7,5,MU260812P00490000,MU,2026-08-12,put,490.0,0.0,0.0,1.17,8.0,0.585,0.17,1.0,,,,,,,2026-08-07,902.77,902.77,847.4,878.41,887387.0,871.3118
2026-08-07T20:31:36.908,7,5,MU260812P00495000,MU,2026-08-12,put,495.0,0.0,0.0,1.17,40.0,0.585,0.08,1.0,,,,,,,2026-08-07,902.77,902.77,847.4,878.41,887387.0,871.3118
2026-08-07T20:31:36.908,7,5,MU260812P00500000,MU,2026-08-12,put,500.0,0.0,0.0,1.13,44.0,0.565,0.17,1.0,,,,,,,2026-08-07,902.77,902.77,847.4,878.41,887387.0,871.3118
2026-08-07T20:31:36.908,7,5,MU260812P00505000,MU,2026-08-12,put,505.0,0.0,0.0,1.41,3.0,0.705,0.08,1.0,,,,,,,2026-08-07,902.77,902.77,847.4,878.41,887387.0,871.3118
2026-08-07T20:31:36.908,7,5,MU260812P00510000,MU,2026-08-12,put,510.0,0.0,0.0,1.41,3.0,0.705,0.19,1.0,,,,,,,2026-08-07,902.77,902.77,847.4,878.41,887387.0,871.3118
2026-08-07T20:31:36.908,7,5,MU260812P00515000,MU,2026-08-12,put,515.0,0.0,0.0,1.41,3.0,0.705,0.18,1.0,,,,,,,2026-08-07,902.77,902.77,847.4,878.41,887387.0,871.3118
2026-08-07T20:31:36.908,7,5,MU260812P00520000,MU,2026-08-12,put,520.0,0.0,0.0,1.37,1.0,0.685,0.09,1.0,,,,,,,2026-08-07,902.77,902.77,847.4,878.41,887387.0,871.3118
2026-08-07T20:31:36.908,7,5,MU260812P00525000,MU,2026-08-12,put,525.0,0.0,0.0,1.13,6.0,0.565,0.06,1.0,,,,,,,2026-08-07,902.77,902.77,847.4,878.41,887387.0,871.3118
2026-08-07T20:31:36.908,7,5,MU260812P00527500,MU,2026-08-12,put,527.5,0.0,0.0,1.38,3.0,0.69,0.11,2.0,,,,,,,2026-08-07,902.77,902.77,847.4,878.41,887387.0,871.3118
2026-08-07T20:31:36.908,7,5,MU260812P00530000,MU,2026-08-12,put,530.0,0.0,0.0,1.17,102.0,0.585,0.1,2.0,,,,,,,2026-08-07,902.77,902.77,847.4,878.41,887387.0,871.3118
2026-08-07T20:31:36.908,7,5,MU260812P00532500,MU,2026-08-12,put,532.5,0.0,0.0,1.38,4.0,0.69,0.25,1.0,,,,,,,2026-08-07,902.77,902.77,847.4,878.41,887387.0,871.3118
2026-08-07T20:31:36.908,7,5,MU260812P00535000,MU,2026-08-12,put,535.0,0.0,0.0,0.5,2.0,0.25,0.1,1.0,,,,,,,2026-08-07,902.77,902.77,847.4,878.41,887387.0,871.3118
2026-08-07T20:31:36.908,7,5,MU260812P00537500,MU,2026-08-12,put,537.5,0.0,0.0,1.37,3.0,0.685,0.23,1.0,,,,,,,2026-08-07,902.77,902.77,847.4,878.41,887387.0,871.3118
2026-08-07T20:31:36.908,7,5,MU260812P00540000,MU,2026-08-12,put,540.0,0.0,0.0,1.14,5.0,0.57,0.11,2.0,,,,,,,2026-08-07,902.77,902.77,847.4,878.41,887387.0,871.3118
2026-08-07T20:31:36.908,7,5,MU260812P00542500,MU,2026-08-12,put,542.5,0.0,0.0,1.38,3.0,0.69,0.2,1.0,,,,,,,2026-08-07,902.77,902.77,847.4,878.41,887387.0,871.3118
2026-08-07T20:31:36.908,7,5,MU260812P00545000,MU,2026-08-12,put,545.0,0.0,0.0,1.18,127.0,0.59,0.24,1.0,,,,,,,2026-08-07,902.77,902.77,847.4,878.41,887387.0,871.3118
2026-08-07T20:31:36.908,7,5,MU260812P00547500,MU,2026-08-12,put,547.5,0.0,0.0,1.14,5.0,0.57,0.1,1.0,,,,,,,2026-08-07,902.77,902.77,847.4,878.41,887387.0,871.3118
2026-08-07T20:31:36.908,7,5,MU260812P00550000,MU,2026-08-12,put,550.0,0.0,0.0,1.18,7.0,0.59,0.03,10.0,,,,,,,2026-08-07,902.77,902.77,847.4,878.41,887387.0,871.3118
2026-08-07T20:31:36.908,7,5,MU260812P00552500,MU,2026-08-12,put,552.5,0.0,0.0,1.14,5.0,0.57,0.2,1.0,,,,,,,2026-08-07,902.77,902.77,847.4,878.41,887387.0,871.3118
2026-08-07T20:31:36.908,7,5,MU260812P00555000,MU,2026-08-12,put,555.0,0.0,0.0,1.39,5.0,0.695,0.19,1.0,,,,,,,2026-08-07,902.77,902.77,847.4,878.41,887387.0,871.3118
2026-08-07T20:31:36.908,7,5,MU260812P00557500,MU,2026-08-12,put,557.5,0.0,0.0,1.43,4.0,0.715,0.08,1.0,,,,,,,2026-08-07,902.77,902.77,847.4,878.41,887387.0,871.3118
2026-08-07T20:31:36.908,7,5,MU260812P00560000,MU,2026-08-12,put,560.0,0.0,0.0,1.43,3.0,0.715,0.19,1.0,,,,,,,2026-08-07,902.77,902.77,847.4,878.41,887387.0,871.3118
2026-08-07T20:31:36.908,7,5,MU260812P00562500,MU,2026-08-12,put,562.5,0.0,0.0,1.19,5.0,0.595,0.17,1.0,,,,,,,2026-08-07,902.77,902.77,847.4,878.41,887387.0,871.3118
2026-08-07T20:31:36.908,7,5,MU260812P00565000,MU,2026-08-12,put,565.0,0.0,0.0,0.13,5.0,0.065,0.2,1.0,,,,,,,2026-08-07,902.77,902.77,847.4,878.41,887387.0,871.3118
2026-08-07T20:31:36.908,7,5,MU260812P00567500,MU,2026-08-12,put,567.5,0.0,0.0,1.15,5.0,0.575,0.09,1.0,,,,,,,2026-08-07,902.77,902.77,847.4,878.41,887387.0,871.3118
2026-08-07T20:31:36.908,7,5,MU260812P00570000,MU,2026-08-12,put,570.0,0.0,0.0,1.39,4.0,0.695,0.1,10.0,,,,,,,2026-08-07,902.77,902.77,847.4,878.41,887387.0,871.3118
2026-08-07T20:31:36.908,7,5,MU260812P00572500,MU,2026-08-12,put,572.5,0.0,0.0,1.39,1.0,0.695,0.15,1.0,,,,,,,2026-08-07,902.77,902.77,847.4,878.41,887387.0,871.3118
2026-08-07T20:31:36.908,7,5,MU260812P00575000,MU,2026-08-12,put,575.0,0.0,0.0,1.4,3.0,0.7,0.14,1.0,,,,,,,2026-08-07,902.77,902.77,847.4,878.41,887387.0,871.3118
2026-08-07T20:31:36.908,7,5,MU260812P00577500,MU,2026-08-12,put,577.5,0.0,0.0,1.4,5.0,0.7,0.16,1.0,,,,,,,2026-08-07,902.77,902.77,847.4,878.41,887387.0,871.3118
2026-08-07T20:31:36.908,7,5,MU260812P00580000,MU,2026-08-12,put,580.0,0.0,0.0,1.16,7.0,0.58,0.08,3.0,,,,,,,2026-08-07,902.77,902.77,847.4,878.41,887387.0,871.3118
2026-08-07T20:31:36.908,7,5,MU260812P00582500,MU,2026-08-12,put,582.5,0.0,0.0,1.2,9.0,0.6,0.07,1.0,,,,,,,2026-08-07,902.77,902.77,847.4,878.41,887387.0,871.3118
2026-08-07T20:31:36.908,7,5,MU260812P00585000,MU,2026-08-12,put,585.0,0.0,0.0,1.14,156.0,0.57,0.03,1.0,,,,,,,2026-08-07,902.77,902.77,847.4,878.41,887387.0,871.3118
2026-08-07T20:31:36.908,7,5,MU260812P00587500,MU,2026-08-12,put,587.5,0.0,0.0,1.16,134.0,0.58,0.12,2.0,,,,,,,2026-08-07,902.77,902.77,847.4,878.41,887387.0,871.3118
2026-08-07T20:31:36.908,7,5,MU260812P00590000,MU,2026-08-12,put,590.0,0.0,0.0,1.16,135.0,0.58,0.18,1.0,,,,,,,2026-08-07,902.77,902.77,847.4,878.41,887387.0,871.3118
2026-08-07T20:31:36.908,7,5,MU260812P00592500,MU,2026-08-12,put,592.5,0.0,0.0,1.17,245.0,0.585,0.03,1.0,,,,,,,2026-08-07,902.77,902.77,847.4,878.41,887387.0,871.3118
2026-08-07T20:31:36.908,7,5,MU260812P00595000,MU,2026-08-12,put,595.0,0.0,0.0,0.35,102.0,0.175,0.07,1.0,,,,,,,2026-08-07,902.77,902.77,847.4,878.41,887387.0,871.3118
2026-08-07T20:31:36.908,7,5,MU260812P00597500,MU,2026-08-12,put,597.5,0.0,0.0,0.31,87.0,0.155,0.07,1.0,,,,,,,2026-08-07,902.77,902.77,847.4,878.41,887387.0,871.3118
2026-08-07T20:31:36.908,7,5,MU260812P00600000,MU,2026-08-12,put,600.0,0.03,74.0,0.04,22.0,0.035,0.04,23.0,,,,,,,2026-08-07,902.77,902.77,847.4,878.41,887387.0,871.3118
2026-08-07T20:31:36.908,7,5,MU260812P00602500,MU,2026-08-12,put,602.5,0.0,0.0,0.54,143.0,0.27,0.07,1.0,,,,,,,2026-08-07,902.77,902.77,847.4,878.41,887387.0,871.3118
2026-08-07T20:31:36.908,7,5,MU260812P00605000,MU,2026-08-12,put,605.0,0.03,5.0,0.34,103.0,0.185,0.36,3.0,,,,,,,2026-08-07,902.77,902.77,847.4,878.41,887387.0,871.3118
2026-08-07T20:31:36.908,7,5,MU260812P00607500,MU,2026-08-12,put,607.5,0.0,0.0,0.15,27.0,0.075,0.13,2.0,,,,,,,2026-08-07,902.77,902.77,847.4,878.41,887387.0,871.3118
2026-08-07T20:31:36.908,7,5,MU260812P00610000,MU,2026-08-12,put,610.0,0.01,6.0,0.27,75.0,0.14,0.08,1.0,,,,,,,2026-08-07,902.77,902.77,847.4,878.41,887387.0,871.3118
2026-08-07T20:31:36.908,7,5,MU260812P00612500,MU,2026-08-12,put,612.5,0.03,26.0,0.32,84.0,0.175,0.08,1.0,,,,,,,2026-08-07,902.77,902.77,847.4,878.41,887387.0,871.3118
2026-08-07T20:31:36.908,7,5,MU260812P00615000,MU,2026-08-12,put,615.0,0.03,100.0,0.09,22.0,0.06,0.09,1.0,,,,,,,2026-08-07,902.77,902.77,847.4,878.41,887387.0,871.3118
2026-08-07T20:31:36.908,7,5,MU260812P00617500,MU,2026-08-12,put,617.5,0.03,52.0,0.15,24.0,0.09,0.1,1.0,,,,,,,2026-08-07,902.77,902.77,847.4,878.41,887387.0,871.3118
2026-08-07T20:31:36.908,7,5,MU260812P00620000,MU,2026-08-12,put,620.0,0.01,36.0,0.36,103.0,0.185,0.07,1.0,,,,,,,2026-08-07,902.77,902.77,847.4,878.41,887387.0,871.3118
2026-08-07T20:31:36.908,7,5,MU260812P00622500,MU,2026-08-12,put,622.5,0.01,8.0,0.58,74.0,0.295,0.08,1.0,,,,,,,2026-08-07,902.77,902.77,847.4,878.41,887387.0,871.3118
2026-08-07T20:31:36.908,7,5,MU260812P00625000,MU,2026-08-12,put,625.0,0.03,26.0,0.57,111.0,0.3,0.09,1.0,,,,,,,2026-08-07,902.77,902.77,847.4,878.41,887387.0,871.3118
2026-08-07T20:31:36.908,7,5,MU260812P00627500,MU,2026-08-12,put,627.5,0.01,68.0,1.24,173.0,0.625,0.09,1.0,,,,,,,2026-08-07,902.77,902.77,847.4,878.41,887387.0,871.3118
2026-08-07T20:31:36.908,7,5,MU260812P00630000,MU,2026-08-12,put,630.0,0.01,32.0,0.59,95.0,0.3,0.09,3.0,,,,,,,2026-08-07,902.77,902.77,847.4,878.41,887387.0,871.3118
2026-08-07T20:31:36.908,7,5,MU260812P00632500,MU,2026-08-12,put,632.5,0.01,25.0,0.64,88.0,0.325,0.08,1.0,,,,,,,2026-08-07,902.77,902.77,847.4,878.41,887387.0,871.3118
2026-08-07T20:31:36.908,7,5,MU260812P00635000,MU,2026-08-12,put,635.0,0.01,34.0,0.83,28.0,0.42,0.4,1.0,,,,,,,2026-08-07,902.77,902.77,847.4,878.41,887387.0,871.3118
2026-08-07T20:31:36.908,7,5,MU260812P00637500,MU,2026-08-12,put,637.5,0.01,13.0,0.38,81.0,0.195,0.13,1.0,,,,,,,2026-08-07,902.77,902.77,847.4,878.41,887387.0,871.3118
2026-08-07T20:31:36.908,7,5,MU260812P00640000,MU,2026-08-12,put,640.0,0.05,14.0,0.45,25.0,0.25,0.12,1.0,,,,,,,2026-08-07,902.77,902.77,847.4,878.41,887387.0,871.3118
2026-08-07T20:31:36.908,7,5,MU260812P00642500,MU,2026-08-12,put,642.5,0.01,27.0,0.54,98.0,0.275,0.1,1.0,,,,,,,2026-08-07,902.77,902.77,847.4,878.41,887387.0,871.3118
2026-08-07T20:31:36.908,7,5,MU260812P00645000,MU,2026-08-12,put,645.0,0.07,37.0,0.61,28.0,0.33999999999999997,0.4,1.0,,,,,,,2026-08-07,902.77,902.77,847.4,878.41,887387.0,871.3118
2026-08-07T20:31:36.908,7,5,MU260812P00647500,MU,2026-08-12,put,647.5,0.03,15.0,0.61,69.0,0.32,0.13,1.0,,,,,,,2026-08-07,902.77,902.77,847.4,878.41,887387.0,871.3118
2026-08-07T20:31:36.908,7,5,MU260812P00650000,MU,2026-08-12,put,650.0,0.04,23.0,0.61,105.0,0.325,0.1,2.0,,,,,,,2026-08-07,902.77,902.77,847.4,878.41,887387.0,871.3118
2026-08-07T20:31:36.908,7,5,MU260812P00652500,MU,2026-08-12,put,652.5,0.04,40.0,0.6,100.0,0.32,0.14,1.0,,,,,,,2026-08-07,902.77,902.77,847.4,878.41,887387.0,871.3118
2026-08-07T20:31:36.908,7,5,MU260812P00655000,MU,2026-08-12,put,655.0,0.08,53.0,0.66,68.0,0.37,0.15,1.0,,,,,,,2026-08-07,902.77,902.77,847.4,878.41,887387.0,871.3118
2026-08-07T20:31:36.908,7,5,MU260812P00657500,MU,2026-08-12,put,657.5,0.01,25.0,0.59,33.0,0.3,0.15,8.0,,,,,,,2026-08-07,902.77,902.77,847.4,878.41,887387.0,871.3118
2026-08-07T20:31:36.908,7,5,MU260812P00660000,MU,2026-08-12,put,660.0,0.1,5.0,0.2,12.0,0.15000000000000002,0.15,1.0,,,,,,,2026-08-07,902.77,902.77,847.4,878.41,887387.0,871.3118
2026-08-07T20:31:36.908,7,5,MU260812P00662500,MU,2026-08-12,put,662.5,0.07,30.0,0.21,40.0,0.14,0.46,1.0,,,,,,,2026-08-07,902.77,902.77,847.4,878.41,887387.0,871.3118
2026-08-07T20:31:36.908,7,5,MU260812P00665000,MU,2026-08-12,put,665.0,0.12,27.0,0.25,47.0,0.185,0.24,1.0,,,,,,,2026-08-07,902.77,902.77,847.4,878.41,887387.0,871.3118
2026-08-07T20:31:36.908,7,5,MU260812P00667500,MU,2026-08-12,put,667.5,0.08,20.0,0.22,15.0,0.15,0.46,1.0,,,,,,,2026-08-07,902.77,902.77,847.4,878.41,887387.0,871.3118
2026-08-07T20:31:36.908,7,5,MU260812P00670000,MU,2026-08-12,put,670.0,0.13,33.0,0.27,29.0,0.2,0.23,2.0,,,,,,,2026-08-07,902.77,902.77,847.4,878.41,887387.0,871.3118
2026-08-07T20:31:36.908,7,5,MU260812P00672500,MU,2026-08-12,put,672.5,0.1,54.0,0.24,66.0,0.16999999999999998,0.25,2.0,,,,,,,2026-08-07,902.77,902.77,847.4,878.41,887387.0,871.3118
2026-08-07T20:31:36.908,7,5,MU260812P00675000,MU,2026-08-12,put,675.0,0.11,20.0,0.28,26.0,0.195,0.3,1.0,,,,,,,2026-08-07,902.77,902.77,847.4,878.41,887387.0,871.3118
2026-08-07T20:31:36.908,7,5,MU260812P00677500,MU,2026-08-12,put,677.5,0.16,18.0,0.26,37.0,0.21000000000000002,0.36,1.0,,,,,,,2026-08-07,902.77,902.77,847.4,878.41,887387.0,871.3118
2026-08-07T20:31:36.908,7,5,MU260812P00680000,MU,2026-08-12,put,680.0,0.17,25.0,0.27,31.0,0.22000000000000003,0.23,3.0,,,,,,,2026-08-07,902.77,902.77,847.4,878.41,887387.0,871.3118
2026-08-07T20:31:36.908,7,5,MU260812P00682500,MU,2026-08-12,put,682.5,0.14,15.0,0.28,26.0,0.21000000000000002,0.47,1.0,,,,,,,2026-08-07,902.77,902.77,847.4,878.41,887387.0,871.3118
2026-08-07T20:31:36.908,7,5,MU260812P00685000,MU,2026-08-12,put,685.0,0.2,24.0,0.29,39.0,0.245,0.26,1.0,,,,,,,2026-08-07,902.77,902.77,847.4,878.41,887387.0,871.3118
2026-08-07T20:31:36.908,7,5,MU260812P00687500,MU,2026-08-12,put,687.5,0.17,27.0,0.31,45.0,0.24,0.28,1.0,,,,,,,2026-08-07,902.77,902.77,847.4,878.41,887387.0,871.3118
2026-08-07T20:31:36.908,7,5,MU260812P00690000,MU,2026-08-12,put,690.0,0.19,14.0,0.32,59.0,0.255,0.31,1.0,,,,,,,2026-08-07,902.77,902.77,847.4,878.41,887387.0,871.3118
2026-08-07T20:31:36.908,7,5,MU260812P00692500,MU,2026-08-12,put,692.5,0.2,10.0,0.33,15.0,0.265,0.31,1.0,0.8588,-0.0087,0.0003,-0.2075,0.0243,-0.0011,2026-08-07,902.77,902.77,847.4,878.41,887387.0,871.3118
2026-08-07T20:31:36.908,7,5,MU260812P00695000,MU,2026-08-12,put,695.0,0.22,18.0,0.39,44.0,0.305,0.39,1.0,0.8626,-0.0099,0.0003,-0.2321,0.027,-0.0012,2026-08-07,902.77,902.77,847.4,878.41,887387.0,871.3118
2026-08-07T20:31:36.908,7,5,MU260812P00697500,MU,2026-08-12,put,697.5,0.27,24.0,0.37,22.0,0.32,0.37,1.0,0.8561,-0.0104,0.0003,-0.2406,0.0282,-0.0013,2026-08-07,902.77,902.77,847.4,878.41,887387.0,871.3118
2026-08-07T20:31:36.908,7,5,MU260812P00700000,MU,2026-08-12,put,700.0,0.28,1.0,0.43,47.0,0.355,0.36,1.0,,,,,,,2026-08-07,902.77,902.77,847.4,878.41,887387.0,871.3118
2026-08-07T20:31:36.908,7,5,MU260812P00702500,MU,2026-08-12,put,702.5,0.27,30.0,0.4,30.0,0.335,0.71,1.0,0.8373,-0.0111,0.0003,-0.2483,0.0298,-0.0014,2026-08-07,902.77,902.77,847.4,878.41,887387.0,871.3118
2026-08-07T20:31:36.908,7,5,MU260812P00705000,MU,2026-08-12,put,705.0,0.29,22.0,0.43,42.0,0.36,0.41,1.0,0.8335,-0.0118,0.0004,-0.2624,0.0316,-0.0015,2026-08-07,902.77,902.77,847.4,878.41,887387.0,871.3118
2026-08-07T20:31:36.908,7,5,MU260812P00707500,MU,2026-08-12,put,707.5,0.32,12.0,0.5,54.0,0.41000000000000003,0.47,1.0,0.8364,-0.0133,0.0004,-0.2905,0.0349,-0.0016,2026-08-07,902.77,902.77,847.4,878.41,887387.0,871.3118
2026-08-07T20:31:36.908,7,5,MU260812P00710000,MU,2026-08-12,put,710.0,0.37,23.0,0.47,2.0,0.42,0.48,1.0,0.8271,-0.0137,0.0004,-0.2953,0.0358,-0.0017,2026-08-07,902.77,902.77,847.4,878.41,887387.0,871.3118
2026-08-07T20:31:36.908,7,5,MU260812P00712500,MU,2026-08-12,put,712.5,0.37,7.0,0.51,63.0,0.44,0.48,1.0,0.8203,-0.0144,0.0004,-0.3055,0.0374,-0.0018,2026-08-07,902.77,902.77,847.4,878.41,887387.0,871.3118
2026-08-07T20:31:36.908,7,5,MU260812P00715000,MU,2026-08-12,put,715.0,0.43,16.0,0.53,20.0,0.48,0.5,3.0,0.8184,-0.0156,0.0005,-0.3264,0.0401,-0.0019,2026-08-07,902.77,902.77,847.4,878.41,887387.0,871.3118
2026-08-07T20:31:36.908,7,5,MU260812P00717500,MU,2026-08-12,put,717.5,0.42,20.0,0.56,34.0,0.49,0.6,1.0,0.8086,-0.0161,0.0005,-0.3307,0.0411,-0.002,2026-08-07,902.77,902.77,847.4,878.41,887387.0,871.3118
2026-08-07T20:31:36.908,7,5,MU260812P00720000,MU,2026-08-12,put,720.0,0.46,3.0,0.64,52.0,0.55,0.54,1.0,0.8101,-0.0178,0.0005,-0.3613,0.0448,-0.0022,2026-08-07,902.77,902.77,847.4,878.41,887387.0,871.3118
2026-08-07T20:31:36.908,7,5,MU260812P00722500,MU,2026-08-12,put,722.5,0.51,20.0,0.62,2.0,0.565,0.63,1.0,0.801,-0.0184,0.0005,-0.3678,0.0461,-0.0023,2026-08-07,902.77,902.77,847.4,878.41,887387.0,871.3118
2026-08-07T20:31:36.908,7,5,MU260812P00725000,MU,2026-08-12,put,725.0,0.51,25.0,0.7,4.0,0.605,0.64,1.0,0.7969,-0.0196,0.0006,-0.3868,0.0488,-0.0024,2026-08-07,902.77,902.77,847.4,878.41,887387.0,871.3118
2026-08-07T20:31:36.908,7,5,MU260812P00727500,MU,2026-08-12,put,727.5,0.54,10.0,0.73,1.0,0.635,0.64,1.0,0.7903,-0.0206,0.0006,-0.4003,0.0509,-0.0026,2026-08-07,902.77,902.77,847.4,878.41,887387.0,871.3118
2026-08-07T20:31:36.908,7,5,MU260812P00730000,MU,2026-08-12,put,730.0,0.58,14.0,0.78,10.0,0.6799999999999999,0.74,2.0,0.7863,-0.022,0.0007,-0.4208,0.0538,-0.0027,2026-08-07,902.77,902.77,847.4,878.41,887387.0,871.3118
2026-08-07T20:31:36.908,7,5,MU260812P00732500,MU,2026-08-12,put,732.5,0.64,8.0,0.83,59.0,0.735,0.73,1.0,0.7834,-0.0237,0.0007,-0.4455,0.0571,-0.0029,2026-08-07,902.77,902.77,847.4,878.41,887387.0,871.3118
2026-08-07T20:31:36.908,7,5,MU260812P00735000,MU,2026-08-12,put,735.0,0.73,5.0,0.84,72.0,0.7849999999999999,0.78,1.0,0.7791,-0.0252,0.0007,-0.4671,0.0602,-0.0031,2026-08-07,902.77,902.77,847.4,878.41,887387.0,871.3118
2026-08-07T20:31:36.908,7,5,MU260812P00737500,MU,2026-08-12,put,737.5,0.72,3.0,0.9,11.0,0.81,0.82,1.0,0.7703,-0.0262,0.0008,-0.4766,0.0622,-0.0032,2026-08-07,902.77,902.77,847.4,878.41,887387.0,871.3118
2026-08-07T20:31:36.908,7,5,MU260812P00740000,MU,2026-08-12,put,740.0,0.77,5.0,0.93,1.0,0.8500000000000001,0.93,2.0,0.7636,-0.0275,0.0008,-0.4927,0.0648,-0.0034,2026-08-07,902.77,902.77,847.4,878.41,887387.0,871.3118
2026-08-07T20:31:36.908,7,5,MU260812P00742500,MU,2026-08-12,put,742.5,0.83,9.0,0.99,2.0,0.9099999999999999,0.99,1.0,0.7596,-0.0294,0.0009,-0.5171,0.0684,-0.0036,2026-08-07,902.77,902.77,847.4,878.41,887387.0,871.3118
2026-08-07T20:31:36.908,7,5,MU260812P00745000,MU,2026-08-12,put,745.0,0.9,10.0,1.11,2.0,1.0050000000000001,1.04,1.0,0.7598,-0.032,0.0009,-0.5557,0.0735,-0.004,2026-08-07,902.77,902.77,847.4,878.41,887387.0,871.3118
2026-08-07T20:31:36.908,7,5,MU260812P00747500,MU,2026-08-12,put,747.5,1.01,1.0,1.19,5.0,1.1,1.15,3.0,0.759,-0.0347,0.001,-0.5927,0.0785,-0.0043,2026-08-07,902.77,902.77,847.4,878.41,887387.0,871.3118
2026-08-07T20:31:36.908,7,5,MU260812P00750000,MU,2026-08-12,put,750.0,1.06,14.0,1.26,21.0,1.1600000000000001,1.1,1.0,0.753,-0.0366,0.001,-0.6143,0.082,-0.0045,2026-08-07,902.77,902.77,847.4,878.41,887387.0,871.3118
2026-08-07T20:31:36.908,7,5,MU260812P00755000,MU,2026-08-12,put,755.0,1.22,9.0,1.41,50.0,1.315,1.38,1.0,0.7439,-0.0412,0.0012,-0.6688,0.0904,-0.0051,2026-08-07,902.77,902.77,847.4,878.41,887387.0,871.3118
2026-08-07T20:31:36.908,7,5,MU260812P00760000,MU,2026-08-12,put,760.0,1.39,21.0,1.63,19.0,1.5099999999999998,1.6,1.0,0.7367,-0.0469,0.0013,-0.7343,0.1002,-0.0058,2026-08-07,902.77,902.77,847.4,878.41,887387.0,871.3118
2026-08-07T20:31:36.908,7,5,MU260812P00765000,MU,2026-08-12,put,765.0,1.63,15.0,1.83,39.0,1.73,1.78,1.0,0.7294,-0.0532,0.0015,-0.8034,0.1108,-0.0066,2026-08-07,902.77,902.77,847.4,878.41,887387.0,871.3118
2026-08-07T20:31:36.908,7,5,MU260812P00770000,MU,2026-08-12,put,770.0,1.86,29.0,2.08,51.0,1.9700000000000002,2.05,2.0,0.7213,-0.06,0.0016,-0.8737,0.1219,-0.0075,2026-08-07,902.77,902.77,847.4,878.41,887387.0,871.3118
2026-08-07T20:31:36.908,7,5,MU260812P00775000,MU,2026-08-12,put,775.0,2.14,21.0,2.28,13.0,2.21,2.28,2.0,0.7109,-0.067,0.0018,-0.9381,0.1328,-0.0083,2026-08-07,902.77,902.77,847.4,878.41,887387.0,871.3118
2026-08-07T20:31:36.908,7,5,MU260812P00780000,MU,2026-08-12,put,780.0,2.46,19.0,2.73,36.0,2.5949999999999998,2.73,1.0,0.7085,-0.0769,0.002,-1.0394,0.1477,-0.0096,2026-08-07,902.77,902.77,847.4,878.41,887387.0,871.3118
2026-08-07T20:31:36.908,7,5,MU260812P00785000,MU,2026-08-12,put,785.0,2.86,19.0,3.21,2.0,3.035,3.07,1.0,0.706,-0.088,0.0022,-1.1456,0.1634,-0.011,2026-08-07,902.77,902.77,847.4,878.41,887387.0,871.3118
2026-08-07T20:31:36.908,7,5,MU260812P00790000,MU,2026-08-12,put,790.0,3.28,31.0,3.64,2.0,3.46,3.64,1.0,0.6993,-0.0989,0.0024,-1.2369,0.1781,-0.0123,2026-08-07,902.77,902.77,847.4,878.41,887387.0,871.3118
2026-08-07T20:31:36.908,7,5,MU260812P00795000,MU,2026-08-12,put,795.0,3.73,25.0,4.21,1.0,3.9699999999999998,3.99,3.0,0.6943,-0.1114,0.0027,-1.3385,0.1942,-0.0139,2026-08-07,902.77,902.77,847.4,878.41,887387.0,871.3118
2026-08-07T20:31:36.908,7,5,MU260812P00800000,MU,2026-08-12,put,800.0,4.28,24.0,4.73,53.0,4.505000000000001,4.73,2.0,0.6875,-0.1246,0.0029,-1.4338,0.2102,-0.0155,2026-08-07,902.77,902.77,847.4,878.41,887387.0,871.3118
2026-08-07T20:31:36.908,7,5,MU260812P00805000,MU,2026-08-12,put,805.0,5.03,17.0,5.47,2.0,5.25,5.19,1.0,0.6871,-0.1411,0.0032,-1.5606,0.229,-0.0176,2026-08-07,902.77,902.77,847.4,878.41,887387.0,871.3118
2026-08-07T20:31:36.908,7,5,MU260812P00810000,MU,2026-08-12,put,810.0,5.8,12.0,5.93,56.0,5.865,5.93,1.0,0.6777,-0.1559,0.0034,-1.6453,0.2449,-0.0195,2026-08-07,902.77,902.77,847.4,878.41,887387.0,871.3118
2026-08-07T20:31:36.908,7,5,MU260812P00815000,MU,2026-08-12,put,815.0,6.41,1.0,6.69,39.0,6.550000000000001,6.69,3.0,0.6684,-0.1722,0.0037,-1.7297,0.2611,-0.0215,2026-08-07,902.77,902.77,847.4,878.41,887387.0,871.3118
2026-08-07T20:31:36.908,7,5,MU260812P00820000,MU,2026-08-12,put,820.0,7.41,30.0,7.86,1.0,7.635,7.86,1.0,0.6708,-0.1936,0.004,-1.867,0.281,-0.0242,2026-08-07,902.77,902.77,847.4,878.41,887387.0,871.3118
2026-08-07T20:31:36.908,7,5,MU260812P00825000,MU,2026-08-12,put,825.0,8.43,26.0,8.65,45.0,8.54,8.65,8.0,0.663,-0.2132,0.0043,-1.9534,0.2976,-0.0267,2026-08-07,902.77,902.77,847.4,878.41,887387.0,871.3118
2026-08-07T20:31:36.908,7,5,MU260812P00830000,MU,2026-08-12,put,830.0,9.75,7.0,10.49,13.0,10.120000000000001,9.95,1.0,0.6737,-0.2396,0.0045,-2.1197,0.3179,-0.0301,2026-08-07,902.77,902.77,847.4,878.41,887387.0,871.3118
2026-08-07T20:31:36.908,7,5,MU260812P00835000,MU,2026-08-12,put,835.0,10.71,2.0,12.79,31.0,11.75,12.0,1.0,0.6809,-0.2658,0.0047,-2.262,0.3358,-0.0335,2026-08-07,902.77,902.77,847.4,878.41,887387.0,871.3118
2026-08-07T20:31:36.908,7,5,MU260812P00840000,MU,2026-08-12,put,840.0,11.78,13.0,14.05,76.0,12.915,13.45,1.0,0.6706,-0.2885,0.005,-2.3171,0.3495,-0.0363,2026-08-07,902.77,902.77,847.4,878.41,887387.0,871.3118
2026-08-07T20:31:36.908,7,5,MU260812P00845000,MU,2026-08-12,put,845.0,13.49,24.0,14.62,136.0,14.055,14.25,1.0,0.6566,-0.3118,0.0053,-2.3482,0.362,-0.0393,2026-08-07,902.77,902.77,847.4,878.41,887387.0,871.3118
2026-08-07T20:31:36.908,7,5,MU260812P00850000,MU,2026-08-12,put,850.0,15.47,18.0,16.12,69.0,15.795000000000002,16.12,1.0,0.6559,-0.3393,0.0055,-2.4265,0.3747,-0.0428,2026-08-07,902.77,902.77,847.4,878.41,887387.0,871.3118
2026-08-07T20:31:36.908,7,5,MU260812P00855000,MU,2026-08-12,put,855.0,17.21,88.0,19.66,85.0,18.435000000000002,18.63,1.0,0.6748,-0.3704,0.0055,-2.5744,0.3866,-0.0469,2026-08-07,902.77,902.77,847.4,878.41,887387.0,871.3118
2026-08-07T20:31:36.908,7,5,MU260812P00860000,MU,2026-08-12,put,860.0,18.87,58.0,21.87,91.0,20.37,20.74,1.0,0.6713,-0.3983,0.0056,-2.6144,0.395,-0.0505,2026-08-07,902.77,902.77,847.4,878.41,887387.0,871.3118
2026-08-07T20:31:36.908,7,5,MU260812P00865000,MU,2026-08-12,put,865.0,20.64,53.0,23.75,23.0,22.195,23.67,1.0,0.6615,-0.4264,0.0058,-2.6155,0.4013,-0.0541,2026-08-07,902.77,902.77,847.4,878.41,887387.0,871.3118
2026-08-07T20:31:36.908,7,5,MU260812P00870000,MU,2026-08-12,put,870.0,22.91,17.0,24.68,71.0,23.795,23.47,1.0,0.6429,-0.4553,0.006,-2.5663,0.4057,-0.0578,2026-08-07,902.77,902.77,847.4,878.41,887387.0,871.3118
2026-08-07T20:31:36.908,7,5,MU260812P00875000,MU,2026-08-12,put,875.0,25.3,90.0,29.24,92.0,27.27,28.15,1.0,0.6667,-0.485,0.0058,-2.6753,0.408,-0.0618,2026-08-07,902.77,902.77,847.4,878.41,887387.0,871.3118
2026-08-07T20:31:36.908,7,5,MU260812P00880000,MU,2026-08-12,put,880.0,27.75,97.0,30.19,12.0,28.97,30.19,1.0,0.6434,-0.5158,0.0061,-2.577,0.408,-0.0658,2026-08-07,902.77,902.77,847.4,878.41,887387.0,871.3118
2026-08-07T20:31:36.908,7,5,MU260812P00885000,MU,2026-08-12,put,885.0,29.79,23.0,31.73,38.0,30.759999999999998,32.45,1.0,0.6184,-0.5487,0.0063,-2.4553,0.4053,-0.0699,2026-08-07,902.77,902.77,847.4,878.41,887387.0,871.3118
2026-08-07T20:31:36.908,7,5,MU260812P00890000,MU,2026-08-12,put,890.0,34.37,6.0,34.56,40.0,34.465,34.56,24.0,0.637,-0.5762,0.006,-2.4996,0.4008,-0.0737,2026-08-07,902.77,902.77,847.4,878.41,887387.0,871.3118
2026-08-07T20:31:36.908,7,5,MU260812P00895000,MU,2026-08-12,put,895.0,36.01,12.0,40.3,6.0,38.155,38.77,2.0,0.6521,-0.6024,0.0058,-2.5179,0.3948,-0.0774,2026-08-07,902.77,902.77,847.4,878.41,887387.0,871.3118
2026-08-07T20:31:36.908,7,5,MU260812P00900000,MU,2026-08-12,put,900.0,38.02,79.0,42.97,31.0,40.495000000000005,40.9,1.0,0.6291,-0.6358,0.0058,-2.3589,0.3844,-0.0817,2026-08-07,902.77,902.77,847.4,878.41,887387.0,871.3118
2026-08-07T20:31:36.908,7,5,MU260812P00905000,MU,2026-08-12,put,905.0,41.28,20.0,44.36,37.0,42.82,44.36,1.0,0.6007,-0.6722,0.0059,-2.1575,0.3696,-0.0864,2026-08-07,902.77,902.77,847.4,878.41,887387.0,871.3118
2026-08-07T20:31:36.908,7,5,MU260812P00910000,MU,2026-08-12,put,910.0,45.21,16.0,51.6,1.0,48.405,50.32,1.0,0.6571,-0.6819,0.0053,-2.3345,0.3651,-0.0883,2026-08-07,902.77,902.77,847.4,878.41,887387.0,871.3118
2026-08-07T20:31:36.908,7,5,MU260812P00915000,MU,2026-08-12,put,915.0,48.84,6.0,49.97,36.0,49.405,52.03,1.0,0.5815,-0.7338,0.0055,-1.8847,0.336,-0.0947,2026-08-07,902.77,902.77,847.4,878.41,887387.0,871.3118
2026-08-07T20:31:36.908,7,5,MU260812P00920000,MU,2026-08-12,put,920.0,52.44,10.0,54.45,23.0,53.445,59.2,1.0,0.5878,-0.7569,0.0052,-1.8121,0.3204,-0.098,2026-08-07,902.77,902.77,847.4,878.41,887387.0,871.3118
2026-08-07T20:31:36.908,7,5,MU260812P00925000,MU,2026-08-12,put,925.0,55.28,15.0,57.83,33.0,56.555,59.68,5.0,0.5598,-0.7931,0.005,-1.5617,0.2924,-0.1028,2026-08-07,902.77,902.77,847.4,878.41,887387.0,871.3118
2026-08-07T20:31:36.908,7,5,MU260812P00930000,MU,2026-08-12,put,930.0,58.48,46.0,64.269,20.0,61.3745,65.68,1.0,0.5854,-0.8044,0.0046,-1.5787,0.2827,-0.1048,2026-08-07,902.77,902.77,847.4,878.41,887387.0,871.3118
2026-08-07T20:31:36.908,7,5,MU260812P00935000,MU,2026-08-12,put,935.0,64.64,17.0,64.9,29.0,64.77000000000001,68.66,14.0,0.5556,-0.8387,0.0043,-1.3109,0.2503,-0.1093,2026-08-07,902.77,902.77,847.4,878.41,887387.0,871.3118
2026-08-07T20:31:36.908,7,5,MU260812P00940000,MU,2026-08-12,put,940.0,67.62,9.0,71.61,5.0,69.61500000000001,71.59,2.0,0.5781,-0.8478,0.004,-1.3121,0.241,-0.1111,2026-08-07,902.77,902.77,847.4,878.41,887387.0,871.3118
2026-08-07T20:31:36.908,7,5,MU260812P00945000,MU,2026-08-12,put,945.0,70.74,5.0,77.36,1.0,74.05,70.48,3.0,0.5817,-0.8639,0.0037,-1.2168,0.2234,-0.1136,2026-08-07,902.77,902.77,847.4,878.41,887387.0,871.3118
2026-08-07T20:31:36.908,7,5,MU260812P00950000,MU,2026-08-12,put,950.0,76.81,17.0,77.35,4.0,77.08,81.87,1.0,0.5056,-0.9134,0.003,-0.7291,0.1615,-0.12,2026-08-07,902.77,902.77,847.4,878.41,887387.0,871.3118
2026-08-07T20:31:36.908,7,5,MU260812P00955000,MU,2026-08-12,put,955.0,82.21,13.0,83.3,26.0,82.755,66.42,1.0,0.5697,-0.8998,0.003,-0.9376,0.1798,-0.1191,2026-08-07,902.77,902.77,847.4,878.41,887387.0,871.3118
2026-08-07T20:31:36.908,7,5,MU260812P00960000,MU,2026-08-12,put,960.0,84.88,48.0,92.17,55.0,88.525,92.13,1.0,0.6357,-0.8869,0.0029,-1.1614,0.1963,-0.1184,2026-08-07,902.77,902.77,847.4,878.41,887387.0,871.3118
2026-08-07T20:31:36.908,7,5,MU260812P00965000,MU,2026-08-12,put,965.0,90.17,22.0,93.14,29.0,91.655,85.14,1.0,0.5464,-0.9333,0.0023,-0.6327,0.1324,-0.1244,2026-08-07,902.77,902.77,847.4,878.41,887387.0,871.3118
2026-08-07T20:31:36.908,7,5,MU260812P00970000,MU,2026-08-12,put,970.0,93.65,14.0,98.7,48.0,96.17500000000001,97.99,1.0,0.5279,-0.9494,0.0019,-0.47,0.1065,-0.1269,2026-08-07,902.77,902.77,847.4,878.41,887387.0,871.3118
2026-08-07T20:31:36.908,7,5,MU260812P00975000,MU,2026-08-12,put,975.0,95.66,1.0,105.14,6.0,100.4,92.25,1.0,0.4485,-0.9792,0.0011,-0.1341,0.0512,-0.1311,2026-08-07,902.77,902.77,847.4,878.41,887387.0,871.3118
2026-08-07T20:31:36.908,7,5,MU260812P00980000,MU,2026-08-12,put,980.0,101.75,6.0,108.12,2.0,104.935,96.38,1.0,,,,,,,2026-08-07,902.77,902.77,847.4,878.41,887387.0,871.3118
2026-08-07T20:31:36.908,7,5,MU260812P00985000,MU,2026-08-12,put,985.0,106.27,28.0,116.96,32.0,111.615,116.25,10.0,0.6304,-0.9418,0.0018,-0.6575,0.1191,-0.1281,2026-08-07,902.77,902.77,847.4,878.41,887387.0,871.3118
2026-08-07T20:31:36.908,7,5,MU260812P00990000,MU,2026-08-12,put,990.0,110.85,22.0,119.81,22.0,115.33,121.0,1.0,0.487,-0.9838,0.0008,-0.1041,0.0414,-0.1336,2026-08-07,902.77,902.77,847.4,878.41,887387.0,871.3118
2026-08-07T20:31:36.908,7,5,MU260812P00995000,MU,2026-08-12,put,995.0,113.54,65.0,123.08,38.0,118.31,121.75,10.0,,,,,,,2026-08-07,902.77,902.77,847.4,878.41,887387.0,871.3118
2026-08-07T20:31:36.908,7,5,MU260812P01000000,MU,2026-08-12,put,1000.0,118.87,19.0,127.32,12.0,123.095,104.04,1.0,,,,,,,2026-08-07,902.77,902.77,847.4,878.41,887387.0,871.3118
2026-08-07T20:31:36.908,7,5,MU260812P01005000,MU,2026-08-12,put,1005.0,128.389,20.0,134.2,1.0,131.2945,116.69,3.0,0.6826,-0.955,0.0014,-0.5659,0.097,-0.1324,2026-08-07,902.77,902.77,847.4,878.41,887387.0,871.3118
2026-08-07T20:31:36.908,7,5,MU260812P01010000,MU,2026-08-12,put,1010.0,125.6,1.0,137.96,1.0,131.78,,,,,,,,,2026-08-07,902.77,902.77,847.4,878.41,887387.0,871.3118
2026-08-07T20:31:36.908,7,5,MU260812P01015000,MU,2026-08-12,put,1015.0,135.0,31.0,144.76,1.0,139.88,113.9,3.0,,,,,,,2026-08-07,902.77,902.77,847.4,878.41,887387.0,871.3118
2026-08-07T20:31:36.908,7,5,MU260812P01020000,MU,2026-08-12,put,1020.0,137.16,16.0,149.8,5.0,143.48000000000002,117.58,1.0,,,,,,,2026-08-07,902.77,902.77,847.4,878.41,887387.0,871.3118
2026-08-07T20:31:36.908,7,5,MU260812P01025000,MU,2026-08-12,put,1025.0,140.05,8.0,152.66,7.0,146.35500000000002,,,,,,,,,2026-08-07,902.77,902.77,847.4,878.41,887387.0,871.3118
2026-08-07T20:31:36.908,7,5,MU260812P01030000,MU,2026-08-12,put,1030.0,147.03,1.0,160.05,1.0,153.54000000000002,127.35,2.0,,,,,,,2026-08-07,902.77,902.77,847.4,878.41,887387.0,871.3118
2026-08-07T20:31:36.908,7,5,MU260812P01035000,MU,2026-08-12,put,1035.0,150.9,5.0,161.23,1.0,156.065,,,,,,,,,2026-08-07,902.77,902.77,847.4,878.41,887387.0,871.3118
2026-08-07T20:31:36.908,7,5,MU260812P01040000,MU,2026-08-12,put,1040.0,158.42,14.0,170.83,6.0,164.625,176.57,2.0,,,,,,,2026-08-07,902.77,902.77,847.4,878.41,887387.0,871.3118
2026-08-07T20:31:36.908,7,5,MU260812P01045000,MU,2026-08-12,put,1045.0,164.49,17.0,176.18,1.0,170.335,143.0,2.0,0.6737,-0.9866,0.0005,-0.1341,0.0352,-0.1415,2026-08-07,902.77,902.77,847.4,878.41,887387.0,871.3118
2026-08-07T20:31:36.908,7,5,MU260812P01050000,MU,2026-08-12,put,1050.0,165.59,1.0,177.3,4.0,171.445,186.48,2.0,,,,,,,2026-08-07,902.77,902.77,847.4,878.41,887387.0,871.3118
2026-08-07T20:31:36.908,7,5,MU260812P01055000,MU,2026-08-12,put,1055.0,172.13,15.0,184.88,14.0,178.505,,,,,,,,,2026-08-07,902.77,902.77,847.4,878.41,887387.0,871.3118
2026-08-07T20:31:36.908,7,5,MU260812P01060000,MU,2026-08-12,put,1060.0,173.24,2.0,188.04,1.0,180.64,,,,,,,,,2026-08-07,902.77,902.77,847.4,878.41,887387.0,871.3118
2026-08-07T20:31:36.908,7,5,MU260812P01065000,MU,2026-08-12,put,1065.0,179.31,24.0,193.02,16.0,186.16500000000002,,,,,,,,,2026-08-07,902.77,902.77,847.4,878.41,887387.0,871.3118
2026-08-07T20:31:36.908,7,5,MU260812P01070000,MU,2026-08-12,put,1070.0,186.52,18.0,196.09,1.0,191.305,,,,,,,,,2026-08-07,902.77,902.77,847.4,878.41,887387.0,871.3118
2026-08-07T20:31:36.908,7,5,MU260812P01075000,MU,2026-08-12,put,1075.0,191.23,1.0,206.43,1.0,198.82999999999998,,,,,,,,,2026-08-07,902.77,902.77,847.4,878.41,887387.0,871.3118
2026-08-07T20:31:36.908,7,5,MU260812P01080000,MU,2026-08-12,put,1080.0,195.65,1.0,204.62,1.0,200.135,,,,,,,,,2026-08-07,902.77,902.77,847.4,878.41,887387.0,871.3118
2026-08-07T20:31:36.908,7,5,MU260812P01085000,MU,2026-08-12,put,1085.0,202.61,1.0,212.12,1.0,207.365,,,,,,,,,2026-08-07,902.77,902.77,847.4,878.41,887387.0,871.3118
2026-08-07T20:31:36.908,7,5,MU260812P01090000,MU,2026-08-12,put,1090.0,204.53,8.0,217.63,5.0,211.07999999999998,,,,,,,,,2026-08-07,902.77,902.77,847.4,878.41,887387.0,871.3118
2026-08-07T20:31:36.908,7,5,MU260812P01095000,MU,2026-08-12,put,1095.0,208.07,29.0,226.24,12.0,217.155,,,,,,,,,2026-08-07,902.77,902.77,847.4,878.41,887387.0,871.3118
2026-08-07T20:31:36.908,7,5,MU260812P01100000,MU,2026-08-12,put,1100.0,211.84,5.0,227.1,1.0,219.47,204.43,1.0,,,,,,,2026-08-07,902.77,902.77,847.4,878.41,887387.0,871.3118
2026-08-07T20:31:36.908,7,5,MU260812P01105000,MU,2026-08-12,put,1105.0,223.58,19.0,232.57,11.0,228.075,,,,,,,,,2026-08-07,902.77,902.77,847.4,878.41,887387.0,871.3118
2026-08-07T20:31:36.908,7,5,MU260812P01110000,MU,2026-08-12,put,1110.0,226.04,19.0,243.66,4.0,234.85,199.47,2.0,,,,,,,2026-08-07,902.77,902.77,847.4,878.41,887387.0,871.3118
2026-08-07T20:31:36.908,7,5,MU260812P01115000,MU,2026-08-12,put,1115.0,235.36,19.0,240.74,6.0,238.05,,,,,,,,,2026-08-07,902.77,902.77,847.4,878.41,887387.0,871.3118
2026-08-07T20:31:36.908,7,5,MU260812P01120000,MU,2026-08-12,put,1120.0,229.86,6.0,247.23,1.0,238.54500000000002,225.0,2.0,,,,,,,2026-08-07,902.77,902.77,847.4,878.41,887387.0,871.3118
2026-08-07T20:31:36.908,7,5,MU260812P01125000,MU,2026-08-12,put,1125.0,234.66,2.0,253.07,1.0,243.865,,,,,,,,,2026-08-07,902.77,902.77,847.4,878.41,887387.0,871.3118
2026-08-07T20:31:36.908,7,5,MU260812P01130000,MU,2026-08-12,put,1130.0,243.5,2.0,257.22,1.0,250.36,,,,,,,,,2026-08-07,902.77,902.77,847.4,878.41,887387.0,871.3118
2026-08-07T20:31:36.908,7,5,MU260812P01135000,MU,2026-08-12,put,1135.0,253.21,6.0,267.33,1.0,260.27,296.0,1.0,,,,,,,2026-08-07,902.77,902.77,847.4,878.41,887387.0,871.3118
2026-08-07T20:31:36.908,7,5,MU260812P01140000,MU,2026-08-12,put,1140.0,250.5,6.0,269.65,3.0,260.075,,,,,,,,,2026-08-07,902.77,902.77,847.4,878.41,887387.0,871.3118
2026-08-07T20:31:36.908,7,5,MU260812P01145000,MU,2026-08-12,put,1145.0,258.8,30.0,271.27,6.0,265.03499999999997,,,,,,,,,2026-08-07,902.77,902.77,847.4,878.41,887387.0,871.3118
2026-08-07T20:31:36.908,7,5,MU260812P01150000,MU,2026-08-12,put,1150.0,265.65,2.0,278.2,1.0,271.92499999999995,,,,,,,,,2026-08-07,902.77,902.77,847.4,878.41,887387.0,871.3118
2026-08-07T20:31:36.908,7,5,MU260812P01155000,MU,2026-08-12,put,1155.0,269.96,14.0,282.41,6.0,276.185,,,,,,,,,2026-08-07,902.77,902.77,847.4,878.41,887387.0,871.3118
2026-08-07T20:31:36.908,7,5,MU260812P01160000,MU,2026-08-12,put,1160.0,276.5,34.0,293.33,19.0,284.91499999999996,247.78,2.0,,,,,,,2026-08-07,902.77,902.77,847.4,878.41,887387.0,871.3118
2026-08-07T20:31:36.908,7,5,MU260812P01165000,MU,2026-08-12,put,1165.0,281.55,6.0,290.41,1.0,285.98,,,,,,,,,2026-08-07,902.77,902.77,847.4,878.41,887387.0,871.3118
2026-08-07T20:31:36.908,7,5,MU260812P01170000,MU,2026-08-12,put,1170.0,279.89,2.0,294.95,1.0,287.41999999999996,,,,,,,,,2026-08-07,902.77,902.77,847.4,878.41,887387.0,871.3118
2026-08-07T20:31:36.908,7,5,MU260812P01175000,MU,2026-08-12,put,1175.0,287.37,5.0,299.17,1.0,293.27,,,,,,,,,2026-08-07,902.77,902.77,847.4,878.41,887387.0,871.3118
2026-08-07T20:31:36.908,7,5,MU260812P01180000,MU,2026-08-12,put,1180.0,298.72,5.0,309.27,1.0,303.995,266.36,1.0,,,,,,,2026-08-07,902.77,902.77,847.4,878.41,887387.0,871.3118
2026-08-07T20:31:36.908,7,5,MU260812P01185000,MU,2026-08-12,put,1185.0,295.64,5.0,312.26,1.0,303.95,,,,,,,,,2026-08-07,902.77,902.77,847.4,878.41,887387.0,871.3118
2026-08-07T20:31:36.908,7,5,MU260812P01190000,MU,2026-08-12,put,1190.0,303.33,29.0,317.27,15.0,310.29999999999995,,,,,,,,,2026-08-07,902.77,902.77,847.4,878.41,887387.0,871.3118
2026-08-07T20:31:36.908,7,5,MU260812P01195000,MU,2026-08-12,put,1195.0,308.83,34.0,322.51,17.0,315.66999999999996,,,,,,,,,2026-08-07,902.77,902.77,847.4,878.41,887387.0,871.3118
2026-08-07T20:31:36.908,7,5,MU260812P01200000,MU,2026-08-12,put,1200.0,317.23,29.0,334.99,29.0,326.11,326.0,1.0,,,,,,,2026-08-07,902.77,902.77,847.4,878.41,887387.0,871.3118
2026-08-07T20:31:36.908,7,5,MU260812P01205000,MU,2026-08-12,put,1205.0,322.58,5.0,339.46,1.0,331.02,,,,,,,,,2026-08-07,902.77,902.77,847.4,878.41,887387.0,871.3118
2026-08-07T20:31:36.908,7,5,MU260812P01210000,MU,2026-08-12,put,1210.0,326.4,5.0,339.92,1.0,333.15999999999997,,,,,,,,,2026-08-07,902.77,902.77,847.4,878.41,887387.0,871.3118
2026-08-07T20:31:36.908,7,5,MU260812P01215000,MU,2026-08-12,put,1215.0,328.36,15.0,348.22,18.0,338.29,,,,,,,,,2026-08-07,902.77,902.77,847.4,878.41,887387.0,871.3118
2026-08-07T20:31:36.908,7,5,MU260812P01220000,MU,2026-08-12,put,1220.0,331.74,16.0,348.61,6.0,340.175,,,,,,,,,2026-08-07,902.77,902.77,847.4,878.41,887387.0,871.3118
2026-08-07T20:31:36.908,7,5,MU260812P01225000,MU,2026-08-12,put,1225.0,337.52,19.0,349.28,6.0,343.4,,,,,,,,,2026-08-07,902.77,902.77,847.4,878.41,887387.0,871.3118
2026-08-07T20:31:36.908,7,5,MU260812P01230000,MU,2026-08-12,put,1230.0,342.27,33.0,362.82,6.0,352.54499999999996,315.53,1.0,,,,,,,2026-08-07,902.77,902.77,847.4,878.41,887387.0,871.3118
2026-08-07T20:31:36.908,7,5,MU260812P01235000,MU,2026-08-12,put,1235.0,356.03,27.0,366.61,12.0,361.32,,,,,,,,,2026-08-07,902.77,902.77,847.4,878.41,887387.0,871.3118
2026-08-07T20:31:36.908,7,5,MU260812P01240000,MU,2026-08-12,put,1240.0,353.89,23.0,363.02,3.0,358.455,,,,,,,,,2026-08-07,902.77,902.77,847.4,878.41,887387.0,871.3118
2026-08-07T20:31:36.908,7,5,MU260812P01250000,MU,2026-08-12,put,1250.0,365.97,14.0,371.42,6.0,368.69500000000005,,,,,,,,,2026-08-07,902.77,902.77,847.4,878.41,887387.0,871.3118
2026-08-07T20:31:36.908,7,5,MU260812P01260000,MU,2026-08-12,put,1260.0,374.08,22.0,381.22,5.0,377.65,,,,,,,,,2026-08-07,902.77,902.77,847.4,878.41,887387.0,871.3118
2026-08-07T20:31:36.908,7,5,MU260812P01270000,MU,2026-08-12,put,1270.0,388.41,4.0,397.35,1.0,392.88,,,,,,,,,2026-08-07,902.77,902.77,847.4,878.41,887387.0,871.3118
2026-08-07T20:31:36.908,7,5,MU260812P01280000,MU,2026-08-12,put,1280.0,403.14,29.0,415.49,11.0,409.315,,,,,,,,,2026-08-07,902.77,902.77,847.4,878.41,887387.0,871.3118
2026-08-07T20:31:36.908,7,5,MU260812P01290000,MU,2026-08-12,put,1290.0,409.48,16.0,413.67,1.0,411.57500000000005,,,,,,,,,2026-08-07,902.77,902.77,847.4,878.41,887387.0,871.3118
2026-08-07T20:31:36.908,7,5,MU260812P01300000,MU,2026-08-12,put,1300.0,424.58,30.0,425.93,13.0,425.255,,,,,,,,,2026-08-07,902.77,902.77,847.4,878.41,887387.0,871.3118
2026-08-07T20:31:36.908,7,5,MU260812P01310000,MU,2026-08-12,put,1310.0,428.71,4.0,444.84,1.0,436.775,,,,,,,,,2026-08-07,902.77,902.77,847.4,878.41,887387.0,871.3118
2026-08-07T20:31:36.908,7,5,MU260812P01320000,MU,2026-08-12,put,1320.0,436.81,4.0,454.86,1.0,445.83500000000004,,,,,,,,,2026-08-07,902.77,902.77,847.4,878.41,887387.0,871.3118
2026-08-07T20:31:36.908,7,5,MU260812P01330000,MU,2026-08-12,put,1330.0,442.96,19.0,452.61,5.0,447.78499999999997,,,,,,,,,2026-08-07,902.77,902.77,847.4,878.41,887387.0,871.3118
2026-08-07T20:31:36.908,7,5,MU260812P01340000,MU,2026-08-12,put,1340.0,457.71,5.0,463.45,1.0,460.58,,,,,,,,,2026-08-07,902.77,902.77,847.4,878.41,887387.0,871.3118
2026-08-07T20:31:36.908,7,5,MU260812P01350000,MU,2026-08-12,put,1350.0,466.42,2.0,486.61,1.0,476.515,,,,,,,,,2026-08-07,902.77,902.77,847.4,878.41,887387.0,871.3118
2026-08-07T20:31:36.908,7,5,MU260812P01360000,MU,2026-08-12,put,1360.0,480.05,2.0,494.45,1.0,487.25,,,,,,,,,2026-08-07,902.77,902.77,847.4,878.41,887387.0,871.3118
2026-08-07T20:31:36.908,7,5,MU260812P01370000,MU,2026-08-12,put,1370.0,489.52,30.0,508.59,10.0,499.05499999999995,,,,,,,,,2026-08-07,902.77,902.77,847.4,878.41,887387.0,871.3118
2026-08-07T20:31:36.908,7,7,MU260814C00100000,MU,2026-08-14,call,100.0,782.54,1.0,795.04,1.0,788.79,793.99,2.0,,,,,,,2026-08-07,902.77,902.77,847.4,878.41,887387.0,871.3118
2026-08-07T20:31:36.908,7,7,MU260814C00105000,MU,2026-08-14,call,105.0,773.88,13.0,789.03,1.0,781.4549999999999,,,,,,,,,2026-08-07,902.77,902.77,847.4,878.41,887387.0,871.3118
2026-08-07T20:31:36.908,7,7,MU260814C00110000,MU,2026-08-14,call,110.0,765.73,1.0,770.89,1.0,768.31,692.21,1.0,,,,,,,2026-08-07,902.77,902.77,847.4,878.41,887387.0,871.3118
2026-08-07T20:31:36.908,7,7,MU260814C00115000,MU,2026-08-14,call,115.0,753.38,1.0,779.62,1.0,766.5,,,,,,,,,2026-08-07,902.77,902.77,847.4,878.41,887387.0,871.3118
2026-08-07T20:31:36.908,7,7,MU260814C00120000,MU,2026-08-14,call,120.0,742.65,1.0,762.48,1.0,752.565,,,,,,,,,2026-08-07,902.77,902.77,847.4,878.41,887387.0,871.3118
2026-08-07T20:31:36.908,7,7,MU260814C00125000,MU,2026-08-14,call,125.0,751.4,1.0,761.9,1.0,756.65,,,,,,,,,2026-08-07,902.77,902.77,847.4,878.41,887387.0,871.3118
2026-08-07T20:31:36.908,7,7,MU260814C00130000,MU,2026-08-14,call,130.0,756.13,11.0,768.13,1.0,762.13,745.05,1.0,,,,,,,2026-08-07,902.77,902.77,847.4,878.41,887387.0,871.3118
2026-08-07T20:31:36.908,7,7,MU260814C00135000,MU,2026-08-14,call,135.0,722.57,11.0,736.68,1.0,729.625,746.0,1.0,,,,,,,2026-08-07,902.77,902.77,847.4,878.41,887387.0,871.3118
2026-08-07T20:31:36.908,7,7,MU260814C00140000,MU,2026-08-14,call,140.0,735.96,1.0,752.06,1.0,744.01,631.88,1.0,,,,,,,2026-08-07,902.77,902.77,847.4,878.41,887387.0,871.3118
2026-08-07T20:31:36.908,7,7,MU260814C00145000,MU,2026-08-14,call,145.0,735.1,1.0,752.24,1.0,743.6700000000001,,,,,,,,,2026-08-07,902.77,902.77,847.4,878.41,887387.0,871.3118
2026-08-07T20:31:36.908,7,7,MU260814C00150000,MU,2026-08-14,call,150.0,730.61,12.0,745.91,1.0,738.26,,,,,,,,,2026-08-07,902.77,902.77,847.4,878.41,887387.0,871.3118
2026-08-07T20:31:36.908,7,7,MU260814C00155000,MU,2026-08-14,call,155.0,706.15,1.0,729.46,1.0,717.8050000000001,719.9,1.0,,,,,,,2026-08-07,902.77,902.77,847.4,878.41,887387.0,871.3118
2026-08-07T20:31:36.908,7,7,MU260814C00160000,MU,2026-08-14,call,160.0,711.77,1.0,724.5,1.0,718.135,,,,,,,,,2026-08-07,902.77,902.77,847.4,878.41,887387.0,871.3118
2026-08-07T20:31:36.908,7,7,MU260814C00165000,MU,2026-08-14,call,165.0,705.78,1.0,707.41,1.0,706.595,,,,,,,,,2026-08-07,902.77,902.77,847.4,878.41,887387.0,871.3118
2026-08-07T20:31:36.908,7,7,MU260814C00170000,MU,2026-08-14,call,170.0,694.63,3.0,720.0,1.0,707.315,,,,,,,,,2026-08-07,902.77,902.77,847.4,878.41,887387.0,871.3118
2026-08-07T20:31:36.908,7,7,MU260814C00175000,MU,2026-08-14,call,175.0,685.88,1.0,715.34,1.0,700.61,,,,,,,,,2026-08-07,902.77,902.77,847.4,878.41,887387.0,871.3118
2026-08-07T20:31:36.908,7,7,MU260814C00180000,MU,2026-08-14,call,180.0,683.71,1.0,713.26,1.0,698.485,805.17,1.0,,,,,,,2026-08-07,902.77,902.77,847.4,878.41,887387.0,871.3118
2026-08-07T20:31:36.908,7,7,MU260814C00185000,MU,2026-08-14,call,185.0,674.52,18.0,707.31,1.0,690.915,,,,,,,,,2026-08-07,902.77,902.77,847.4,878.41,887387.0,871.3118
2026-08-07T20:31:36.908,7,7,MU260814C00190000,MU,2026-08-14,call,190.0,670.18,13.0,690.73,1.0,680.4549999999999,701.15,1.0,,,,,,,2026-08-07,902.77,902.77,847.4,878.41,887387.0,871.3118
2026-08-07T20:31:36.908,7,7,MU260814C00195000,MU,2026-08-14,call,195.0,672.1,13.0,676.68,1.0,674.39,,,,,,,,,2026-08-07,902.77,902.77,847.4,878.41,887387.0,871.3118
2026-08-07T20:31:36.908,7,7,MU260814C00200000,MU,2026-08-14,call,200.0,678.28,18.0,693.37,1.0,685.825,,,,,,,,,2026-08-07,902.77,902.77,847.4,878.41,887387.0,871.3118
2026-08-07T20:31:36.908,7,7,MU260814C00205000,MU,2026-08-14,call,205.0,659.97,11.0,684.15,1.0,672.06,,,,,,,,,2026-08-07,902.77,902.77,847.4,878.41,887387.0,871.3118
2026-08-07T20:31:36.908,7,7,MU260814C00210000,MU,2026-08-14,call,210.0,648.08,13.0,680.43,1.0,664.255,,,,,,,,,2026-08-07,902.77,902.77,847.4,878.41,887387.0,871.3118
2026-08-07T20:31:36.908,7,7,MU260814C00215000,MU,2026-08-14,call,215.0,649.94,18.0,674.58,1.0,662.26,,,,,,,,,2026-08-07,902.77,902.77,847.4,878.41,887387.0,871.3118
2026-08-07T20:31:36.908,7,7,MU260814C00220000,MU,2026-08-14,call,220.0,645.84,13.0,670.72,1.0,658.28,,,,,,,,,2026-08-07,902.77,902.77,847.4,878.41,887387.0,871.3118
2026-08-07T20:31:36.908,7,7,MU260814C00225000,MU,2026-08-14,call,225.0,655.9,11.0,668.25,1.0,662.075,,,,,,,,,2026-08-07,902.77,902.77,847.4,878.41,887387.0,871.3118
2026-08-07T20:31:36.908,7,7,MU260814C00230000,MU,2026-08-14,call,230.0,634.22,15.0,658.2,1.0,646.21,,,,,,,,,2026-08-07,902.77,902.77,847.4,878.41,887387.0,871.3118
2026-08-07T20:31:36.908,7,7,MU260814C00235000,MU,2026-08-14,call,235.0,648.05,13.0,660.5,1.0,654.275,,,,,,,,,2026-08-07,902.77,902.77,847.4,878.41,887387.0,871.3118
2026-08-07T20:31:36.908,7,7,MU260814C00240000,MU,2026-08-14,call,240.0,634.46,3.0,650.28,1.0,642.37,620.12,1.0,,,,,,,2026-08-07,902.77,902.77,847.4,878.41,887387.0,871.3118
2026-08-07T20:31:36.908,7,7,MU260814C00245000,MU,2026-08-14,call,245.0,621.27,13.0,636.7,1.0,628.985,,,,,,,,,2026-08-07,902.77,902.77,847.4,878.41,887387.0,871.3118
2026-08-07T20:31:36.908,7,7,MU260814C00250000,MU,2026-08-14,call,250.0,623.43,13.0,642.96,1.0,633.1949999999999,682.28,5.0,,,,,,,2026-08-07,902.77,902.77,847.4,878.41,887387.0,871.3118
2026-08-07T20:31:36.908,7,7,MU260814C00255000,MU,2026-08-14,call,255.0,609.72,11.0,621.41,1.0,615.565,,,,,,,,,2026-08-07,902.77,902.77,847.4,878.41,887387.0,871.3118
2026-08-07T20:31:36.908,7,7,MU260814C00260000,MU,2026-08-14,call,260.0,622.8,13.0,635.25,1.0,629.025,567.15,1.0,,,,,,,2026-08-07,902.77,902.77,847.4,878.41,887387.0,871.3118
2026-08-07T20:31:36.908,7,7,MU260814C00265000,MU,2026-08-14,call,265.0,606.41,19.0,615.59,1.0,611.0,,,,,,,,,2026-08-07,902.77,902.77,847.4,878.41,887387.0,871.3118
2026-08-07T20:31:36.908,7,7,MU260814C00270000,MU,2026-08-14,call,270.0,601.96,16.0,616.5,1.0,609.23,,,,,,,,,2026-08-07,902.77,902.77,847.4,878.41,887387.0,871.3118
2026-08-07T20:31:36.908,7,7,MU260814C00275000,MU,2026-08-14,call,275.0,587.39,13.0,613.58,1.0,600.485,,,,,,,,,2026-08-07,902.77,902.77,847.4,878.41,887387.0,871.3118
2026-08-07T20:31:36.908,7,7,MU260814C00280000,MU,2026-08-14,call,280.0,597.19,13.0,609.54,1.0,603.365,,,,,,,,,2026-08-07,902.77,902.77,847.4,878.41,887387.0,871.3118
2026-08-07T20:31:36.908,7,7,MU260814C00285000,MU,2026-08-14,call,285.0,588.38,13.0,592.1,1.0,590.24,,,,,,,,,2026-08-07,902.77,902.77,847.4,878.41,887387.0,871.3118
2026-08-07T20:31:36.908,7,7,MU260814C00290000,MU,2026-08-14,call,290.0,576.91,1.0,585.58,1.0,581.245,526.12,1.0,,,,,,,2026-08-07,902.77,902.77,847.4,878.41,887387.0,871.3118
2026-08-07T20:31:36.908,7,7,MU260814C00295000,MU,2026-08-14,call,295.0,579.91,13.0,583.66,1.0,581.785,,,,,,,,,2026-08-07,902.77,902.77,847.4,878.41,887387.0,871.3118
2026-08-07T20:31:36.908,7,7,MU260814C00300000,MU,2026-08-14,call,300.0,570.5,13.0,574.75,1.0,572.625,,,,,,,,,2026-08-07,902.77,902.77,847.4,878.41,887387.0,871.3118
2026-08-07T20:31:36.908,7,7,MU260814C00305000,MU,2026-08-14,call,305.0,559.26,19.0,570.65,1.0,564.9549999999999,,,,,,,,,2026-08-07,902.77,902.77,847.4,878.41,887387.0,871.3118
2026-08-07T20:31:36.908,7,7,MU260814C00310000,MU,2026-08-14,call,310.0,550.63,13.0,579.98,1.0,565.3050000000001,,,,,,,,,2026-08-07,902.77,902.77,847.4,878.41,887387.0,871.3118
2026-08-07T20:31:36.908,7,7,MU260814C00315000,MU,2026-08-14,call,315.0,560.97,18.0,570.59,1.0,565.78,,,,,,,,,2026-08-07,902.77,902.77,847.4,878.41,887387.0,871.3118
2026-08-07T20:31:36.908,7,7,MU260814C00320000,MU,2026-08-14,call,320.0,554.27,19.0,572.13,1.0,563.2,689.05,1.0,,,,,,,2026-08-07,902.77,902.77,847.4,878.41,887387.0,871.3118
2026-08-07T20:31:36.908,7,7,MU260814C00325000,MU,2026-08-14,call,325.0,542.99,20.0,553.87,1.0,548.4300000000001,687.72,1.0,,,,,,,2026-08-07,902.77,902.77,847.4,878.41,887387.0,871.3118
2026-08-07T20:31:36.908,7,7,MU260814C00330000,MU,2026-08-14,call,330.0,546.76,13.0,558.76,1.0,552.76,544.76,1.0,,,,,,,2026-08-07,902.77,902.77,847.4,878.41,887387.0,871.3118
2026-08-07T20:31:36.908,7,7,MU260814C00335000,MU,2026-08-14,call,335.0,527.85,13.0,549.04,1.0,538.4449999999999,,,,,,,,,2026-08-07,902.77,902.77,847.4,878.41,887387.0,871.3118
2026-08-07T20:31:36.908,7,7,MU260814C00340000,MU,2026-08-14,call,340.0,521.95,13.0,541.41,1.0,531.6800000000001,,,,,,,,,2026-08-07,902.77,902.77,847.4,878.41,887387.0,871.3118
2026-08-07T20:31:36.908,7,7,MU260814C00345000,MU,2026-08-14,call,345.0,528.51,7.0,540.3,1.0,534.405,537.01,1.0,,,,,,,2026-08-07,902.77,902.77,847.4,878.41,887387.0,871.3118
2026-08-07T20:31:36.908,7,7,MU260814C00350000,MU,2026-08-14,call,350.0,522.03,5.0,534.78,1.0,528.405,487.92,1.0,,,,,,,2026-08-07,902.77,902.77,847.4,878.41,887387.0,871.3118
2026-08-07T20:31:36.908,7,7,MU260814C00355000,MU,2026-08-14,call,355.0,517.89,19.0,536.78,1.0,527.335,517.65,1.0,,,,,,,2026-08-07,902.77,902.77,847.4,878.41,887387.0,871.3118
2026-08-07T20:31:36.908,7,7,MU260814C00360000,MU,2026-08-14,call,360.0,521.409,16.0,531.86,1.0,526.6345,,,,,,,,,2026-08-07,902.77,902.77,847.4,878.41,887387.0,871.3118
2026-08-07T20:31:36.908,7,7,MU260814C00365000,MU,2026-08-14,call,365.0,498.21,20.0,508.65,1.0,503.42999999999995,,,,,,,,,2026-08-07,902.77,902.77,847.4,878.41,887387.0,871.3118
2026-08-07T20:31:36.908,7,7,MU260814C00370000,MU,2026-08-14,call,370.0,497.03,13.0,505.08,1.0,501.05499999999995,502.04,2.0,,,,,,,2026-08-07,902.77,902.77,847.4,878.41,887387.0,871.3118
2026-08-07T20:31:36.908,7,7,MU260814C00375000,MU,2026-08-14,call,375.0,504.25,19.0,505.26,1.0,504.755,525.66,4.0,,,,,,,2026-08-07,902.77,902.77,847.4,878.41,887387.0,871.3118
2026-08-07T20:31:36.908,7,7,MU260814C00380000,MU,2026-08-14,call,380.0,493.48,13.0,508.37,1.0,500.925,492.59,1.0,,,,,,,2026-08-07,902.77,902.77,847.4,878.41,887387.0,871.3118
2026-08-07T20:31:36.908,7,7,MU260814C00385000,MU,2026-08-14,call,385.0,490.04,13.0,502.39,1.0,496.21500000000003,521.95,4.0,,,,,,,2026-08-07,902.77,902.77,847.4,878.41,887387.0,871.3118
2026-08-07T20:31:36.908,7,7,MU260814C00390000,MU,2026-08-14,call,390.0,481.58,13.0,490.08,1.0,485.83,,,,,,,,,2026-08-07,902.77,902.77,847.4,878.41,887387.0,871.3118
2026-08-07T20:31:36.908,7,7,MU260814C00395000,MU,2026-08-14,call,395.0,467.83,19.0,491.02,1.0,479.42499999999995,,,,,,,,,2026-08-07,902.77,902.77,847.4,878.41,887387.0,871.3118
2026-08-07T20:31:36.908,7,7,MU260814C00400000,MU,2026-08-14,call,400.0,478.6,13.0,480.48,1.0,479.54,440.37,1.0,,,,,,,2026-08-07,902.77,902.77,847.4,878.41,887387.0,871.3118
2026-08-07T20:31:36.908,7,7,MU260814C00405000,MU,2026-08-14,call,405.0,472.7,18.0,487.59,1.0,480.145,,,,,,,,,2026-08-07,902.77,902.77,847.4,878.41,887387.0,871.3118
2026-08-07T20:31:36.908,7,7,MU260814C00410000,MU,2026-08-14,call,410.0,460.14,14.0,479.59,1.0,469.865,,,,,,,,,2026-08-07,902.77,902.77,847.4,878.41,887387.0,871.3118
2026-08-07T20:31:36.908,7,7,MU260814C00415000,MU,2026-08-14,call,415.0,459.01,13.0,470.6,1.0,464.805,,,,,,,,,2026-08-07,902.77,902.77,847.4,878.41,887387.0,871.3118
2026-08-07T20:31:36.908,7,7,MU260814C00420000,MU,2026-08-14,call,420.0,451.95,19.0,463.96,1.0,457.955,451.2,6.0,,,,,,,2026-08-07,902.77,902.77,847.4,878.41,887387.0,871.3118
2026-08-07T20:31:36.908,7,7,MU260814C00425000,MU,2026-08-14,call,425.0,444.63,6.0,450.18,1.0,447.405,387.05,1.0,,,,,,,2026-08-07,902.77,902.77,847.4,878.41,887387.0,871.3118
2026-08-07T20:31:36.908,7,7,MU260814C00430000,MU,2026-08-14,call,430.0,449.49,18.0,461.84,1.0,455.66499999999996,442.6,1.0,,,,,,,2026-08-07,902.77,902.77,847.4,878.41,887387.0,871.3118
2026-08-07T20:31:36.908,7,7,MU260814C00435000,MU,2026-08-14,call,435.0,440.64,23.0,455.44,1.0,448.03999999999996,,,,,,,,,2026-08-07,902.77,902.77,847.4,878.41,887387.0,871.3118
2026-08-07T20:31:36.908,7,7,MU260814C00440000,MU,2026-08-14,call,440.0,426.06,6.0,445.86,1.0,435.96000000000004,430.54,1.0,,,,,,,2026-08-07,902.77,902.77,847.4,878.41,887387.0,871.3118
2026-08-07T20:31:36.908,7,7,MU260814C00445000,MU,2026-08-14,call,445.0,425.78,13.0,439.86,1.0,432.82,,,,,,,,,2026-08-07,902.77,902.77,847.4,878.41,887387.0,871.3118
2026-08-07T20:31:36.908,7,7,MU260814C00450000,MU,2026-08-14,call,450.0,423.44,13.0,441.18,1.0,432.31,468.11,1.0,,,,,,,2026-08-07,902.77,902.77,847.4,878.41,887387.0,871.3118
2026-08-07T20:31:36.908,7,7,MU260814C00455000,MU,2026-08-14,call,455.0,419.59,13.0,422.57,1.0,421.08,461.84,1.0,,,,,,,2026-08-07,902.77,902.77,847.4,878.41,887387.0,871.3118
2026-08-07T20:31:36.908,7,7,MU260814C00460000,MU,2026-08-14,call,460.0,402.11,3.0,417.1,1.0,409.605,411.34,1.0,,,,,,,2026-08-07,902.77,902.77,847.4,878.41,887387.0,871.3118
2026-08-07T20:31:36.908,7,7,MU260814C00465000,MU,2026-08-14,call,465.0,404.78,13.0,421.42,1.0,413.1,,,,,,,,,2026-08-07,902.77,902.77,847.4,878.41,887387.0,871.3118
2026-08-07T20:31:36.908,7,7,MU260814C00470000,MU,2026-08-14,call,470.0,394.21,16.0,407.9,1.0,401.05499999999995,405.17,1.0,,,,,,,2026-08-07,902.77,902.77,847.4,878.41,887387.0,871.3118
2026-08-07T20:31:36.908,7,7,MU260814C00475000,MU,2026-08-14,call,475.0,402.9,18.0,415.25,1.0,409.075,401.54,1.0,,,,,,,2026-08-07,902.77,902.77,847.4,878.41,887387.0,871.3118
2026-08-07T20:31:36.908,7,7,MU260814C00480000,MU,2026-08-14,call,480.0,393.16,17.0,400.35,1.0,396.755,440.76,1.0,,,,,,,2026-08-07,902.77,902.77,847.4,878.41,887387.0,871.3118
2026-08-07T20:31:36.908,7,7,MU260814C00485000,MU,2026-08-14,call,485.0,380.99,19.0,403.21,1.0,392.1,,,,,,,,,2026-08-07,902.77,902.77,847.4,878.41,887387.0,871.3118
2026-08-07T20:31:36.908,7,7,MU260814C00490000,MU,2026-08-14,call,490.0,384.6,13.0,386.2,1.0,385.4,,,,,,,,,2026-08-07,902.77,902.77,847.4,878.41,887387.0,871.3118
2026-08-07T20:31:36.908,7,7,MU260814C00495000,MU,2026-08-14,call,495.0,375.15,13.0,384.99,1.0,380.07,,,,,,,,,2026-08-07,902.77,902.77,847.4,878.41,887387.0,871.3118
2026-08-07T20:31:36.908,7,7,MU260814C00500000,MU,2026-08-14,call,500.0,367.68,14.0,390.32,1.0,379.0,375.62,35.0,,,,,,,2026-08-07,902.77,902.77,847.4,878.41,887387.0,871.3118
2026-08-07T20:31:36.908,7,7,MU260814C00502500,MU,2026-08-14,call,502.5,372.5,13.0,385.52,1.0,379.01,,,,,,,,,2026-08-07,902.77,902.77,847.4,878.41,887387.0,871.3118
2026-08-07T20:31:36.908,7,7,MU260814C00505000,MU,2026-08-14,call,505.0,364.58,13.0,381.65,1.0,373.115,327.45,24.0,,,,,,,2026-08-07,902.77,902.77,847.4,878.41,887387.0,871.3118
2026-08-07T20:31:36.908,7,7,MU260814C00507500,MU,2026-08-14,call,507.5,367.7,18.0,370.06,1.0,368.88,,,,,,,,,2026-08-07,902.77,902.77,847.4,878.41,887387.0,871.3118
2026-08-07T20:31:36.908,7,7,MU260814C00510000,MU,2026-08-14,call,510.0,367.58,1.0,374.96,1.0,371.27,367.58,1.0,,,,,,,2026-08-07,902.77,902.77,847.4,878.41,887387.0,871.3118
2026-08-07T20:31:36.908,7,7,MU260814C00512500,MU,2026-08-14,call,512.5,353.92,14.0,372.58,1.0,363.25,,,,,,,,,2026-08-07,902.77,902.77,847.4,878.41,887387.0,871.3118
2026-08-07T20:31:36.908,7,7,MU260814C00515000,MU,2026-08-14,call,515.0,362.14,15.0,374.68,1.0,368.40999999999997,,,,,,,,,2026-08-07,902.77,902.77,847.4,878.41,887387.0,871.3118
2026-08-07T20:31:36.908,7,7,MU260814C00517500,MU,2026-08-14,call,517.5,348.94,16.0,366.25,1.0,357.595,,,,,,,,,2026-08-07,902.77,902.77,847.4,878.41,887387.0,871.3118
2026-08-07T20:31:36.908,7,7,MU260814C00520000,MU,2026-08-14,call,520.0,348.84,11.0,367.76,1.0,358.29999999999995,,,,,,,,,2026-08-07,902.77,902.77,847.4,878.41,887387.0,871.3118
2026-08-07T20:31:36.908,7,7,MU260814C00522500,MU,2026-08-14,call,522.5,342.12,17.0,354.43,1.0,348.275,,,,,,,,,2026-08-07,902.77,902.77,847.4,878.41,887387.0,871.3118
2026-08-07T20:31:36.908,7,7,MU260814C00525000,MU,2026-08-14,call,525.0,343.17,19.0,365.51,1.0,354.34000000000003,370.44,5.0,,,,,,,2026-08-07,902.77,902.77,847.4,878.41,887387.0,871.3118
2026-08-07T20:31:36.908,7,7,MU260814C00527500,MU,2026-08-14,call,527.5,339.89,13.0,356.28,1.0,348.085,,,,,,,,,2026-08-07,902.77,902.77,847.4,878.41,887387.0,871.3118
2026-08-07T20:31:36.908,7,7,MU260814C00530000,MU,2026-08-14,call,530.0,343.01,13.0,350.37,1.0,346.69,287.55,1.0,,,,,,,2026-08-07,902.77,902.77,847.4,878.41,887387.0,871.3118
2026-08-07T20:31:36.908,7,7,MU260814C00532500,MU,2026-08-14,call,532.5,342.32,2.0,348.56,1.0,345.44,,,,,,,,,2026-08-07,902.77,902.77,847.4,878.41,887387.0,871.3118
2026-08-07T20:31:36.908,7,7,MU260814C00535000,MU,2026-08-14,call,535.0,335.86,13.0,343.92,4.0,339.89,288.18,1.0,,,,,,,2026-08-07,902.77,902.77,847.4,878.41,887387.0,871.3118
2026-08-07T20:31:36.908,7,7,MU260814C00537500,MU,2026-08-14,call,537.5,340.12,16.0,352.42,3.0,346.27,,,,,,,,,2026-08-07,902.77,902.77,847.4,878.41,887387.0,871.3118
2026-08-07T20:31:36.908,7,7,MU260814C00540000,MU,2026-08-14,call,540.0,324.23,21.0,347.39,1.0,335.81,326.78,1.0,,,,,,,2026-08-07,902.77,902.77,847.4,878.41,887387.0,871.3118
2026-08-07T20:31:36.908,7,7,MU260814C00542500,MU,2026-08-14,call,542.5,331.9,18.0,339.96,2.0,335.92999999999995,,,,,,,,,2026-08-07,902.77,902.77,847.4,878.41,887387.0,871.3118
2026-08-07T20:31:36.908,7,7,MU260814C00545000,MU,2026-08-14,call,545.0,319.01,20.0,334.25,1.0,326.63,325.54,25.0,,,,,,,2026-08-07,902.77,902.77,847.4,878.41,887387.0,871.3118
2026-08-07T20:31:36.908,7,7,MU260814C00547500,MU,2026-08-14,call,547.5,329.86,16.0,336.29,1.0,333.07500000000005,,,,,,,,,2026-08-07,902.77,902.77,847.4,878.41,887387.0,871.3118
2026-08-07T20:31:36.908,7,7,MU260814C00550000,MU,2026-08-14,call,550.0,316.92,16.0,332.71,1.0,324.815,349.95,1.0,,,,,,,2026-08-07,902.77,902.77,847.4,878.41,887387.0,871.3118
2026-08-07T20:31:36.908,7,7,MU260814C00552500,MU,2026-08-14,call,552.5,316.03,15.0,334.48,2.0,325.255,,,,,,,,,2026-08-07,902.77,902.77,847.4,878.41,887387.0,871.3118
2026-08-07T20:31:36.908,7,7,MU260814C00555000,MU,2026-08-14,call,555.0,318.11,12.0,327.62,1.0,322.865,322.1,1.0,,,,,,,2026-08-07,902.77,902.77,847.4,878.41,887387.0,871.3118
2026-08-07T20:31:36.908,7,7,MU260814C00557500,MU,2026-08-14,call,557.5,318.12,12.0,332.4,1.0,325.26,,,,,,,,,2026-08-07,902.77,902.77,847.4,878.41,887387.0,871.3118
2026-08-07T20:31:36.908,7,7,MU260814C00560000,MU,2026-08-14,call,560.0,308.69,23.0,324.1,2.0,316.395,429.18,1.0,,,,,,,2026-08-07,902.77,902.77,847.4,878.41,887387.0,871.3118
2026-08-07T20:31:36.908,7,7,MU260814C00562500,MU,2026-08-14,call,562.5,305.16,18.0,316.11,1.0,310.635,,,,,,,,,2026-08-07,902.77,902.77,847.4,878.41,887387.0,871.3118
2026-08-07T20:31:36.908,7,7,MU260814C00565000,MU,2026-08-14,call,565.0,309.6,14.0,315.97,1.0,312.785,307.99,5.0,,,,,,,2026-08-07,902.77,902.77,847.4,878.41,887387.0,871.3118
2026-08-07T20:31:36.908,7,7,MU260814C00567500,MU,2026-08-14,call,567.5,301.49,11.0,321.1,2.0,311.295,,,,,,,,,2026-08-07,902.77,902.77,847.4,878.41,887387.0,871.3118
2026-08-07T20:31:36.908,7,7,MU260814C00570000,MU,2026-08-14,call,570.0,303.92,18.0,317.94,2.0,310.93,341.94,1.0,,,,,,,2026-08-07,902.77,902.77,847.4,878.41,887387.0,871.3118
2026-08-07T20:31:36.908,7,7,MU260814C00572500,MU,2026-08-14,call,572.5,301.07,18.0,316.03,1.0,308.54999999999995,,,,,,,,,2026-08-07,902.77,902.77,847.4,878.41,887387.0,871.3118
2026-08-07T20:31:36.908,7,7,MU260814C00575000,MU,2026-08-14,call,575.0,292.71,13.0,308.68,1.0,300.695,298.19,1.0,,,,,,,2026-08-07,902.77,902.77,847.4,878.41,887387.0,871.3118
2026-08-07T20:31:36.908,7,7,MU260814C00577500,MU,2026-08-14,call,577.5,299.44,19.0,305.49,2.0,302.46500000000003,,,,,,,,,2026-08-07,902.77,902.77,847.4,878.41,887387.0,871.3118
2026-08-07T20:31:36.908,7,7,MU260814C00580000,MU,2026-08-14,call,580.0,288.72,9.0,306.76,1.0,297.74,274.48,1.0,,,,,,,2026-08-07,902.77,902.77,847.4,878.41,887387.0,871.3118
2026-08-07T20:31:36.908,7,7,MU260814C00582500,MU,2026-08-14,call,582.5,284.71,23.0,300.36,10.0,292.53499999999997,,,,,,,,,2026-08-07,902.77,902.77,847.4,878.41,887387.0,871.3118
2026-08-07T20:31:36.908,7,7,MU260814C00585000,MU,2026-08-14,call,585.0,287.52,14.0,298.67,3.0,293.095,243.77,1.0,,,,,,,2026-08-07,902.77,902.77,847.4,878.41,887387.0,871.3118
2026-08-07T20:31:36.908,7,7,MU260814C00587500,MU,2026-08-14,call,587.5,281.66,16.0,294.27,1.0,287.96500000000003,,,,,,,,,2026-08-07,902.77,902.77,847.4,878.41,887387.0,871.3118
2026-08-07T20:31:36.908,7,7,MU260814C00590000,MU,2026-08-14,call,590.0,281.23,18.0,291.32,1.0,286.275,306.1,1.0,,,,,,,2026-08-07,902.77,902.77,847.4,878.41,887387.0,871.3118
2026-08-07T20:31:36.908,7,7,MU260814C00592500,MU,2026-08-14,call,592.5,277.04,16.0,296.13,2.0,286.58500000000004,,,,,,,,,2026-08-07,902.77,902.77,847.4,878.41,887387.0,871.3118
2026-08-07T20:31:36.908,7,7,MU260814C00595000,MU,2026-08-14,call,595.0,272.43,16.0,283.23,2.0,277.83000000000004,282.02,4.0,,,,,,,2026-08-07,902.77,902.77,847.4,878.41,887387.0,871.3118
2026-08-07T20:31:36.908,7,7,MU260814C00597500,MU,2026-08-14,call,597.5,278.96,3.0,283.92,1.0,281.44,,,,,,,,,2026-08-07,902.77,902.77,847.4,878.41,887387.0,871.3118
2026-08-07T20:31:36.908,7,7,MU260814C00600000,MU,2026-08-14,call,600.0,274.96,4.0,284.5,2.0,279.73,257.36,1.0,,,,,,,2026-08-07,902.77,902.77,847.4,878.41,887387.0,871.3118
2026-08-07T20:31:36.908,7,7,MU260814C00602500,MU,2026-08-14,call,602.5,269.06,11.0,285.34,1.0,277.2,,,,,,,,,2026-08-07,902.77,902.77,847.4,878.41,887387.0,871.3118
2026-08-07T20:31:36.908,7,7,MU260814C00605000,MU,2026-08-14,call,605.0,266.21,18.0,282.36,1.0,274.28499999999997,302.64,2.0,,,,,,,2026-08-07,902.77,902.77,847.4,878.41,887387.0,871.3118
2026-08-07T20:31:36.908,7,7,MU260814C00607500,MU,2026-08-14,call,607.5,268.57,18.0,280.93,1.0,274.75,,,,,,,,,2026-08-07,902.77,902.77,847.4,878.41,887387.0,871.3118
2026-08-07T20:31:36.908,7,7,MU260814C00610000,MU,2026-08-14,call,610.0,258.63,13.0,270.59,1.0,264.61,308.95,1.0,,,,,,,2026-08-07,902.77,902.77,847.4,878.41,887387.0,871.3118
2026-08-07T20:31:36.908,7,7,MU260814C00612500,MU,2026-08-14,call,612.5,257.839,16.0,274.44,2.0,266.1395,,,,,,,,,2026-08-07,902.77,902.77,847.4,878.41,887387.0,871.3118
2026-08-07T20:31:36.908,7,7,MU260814C00615000,MU,2026-08-14,call,615.0,253.59,14.0,265.14,10.0,259.365,204.77,2.0,,,,,,,2026-08-07,902.77,902.77,847.4,878.41,887387.0,871.3118
2026-08-07T20:31:36.908,7,7,MU260814C00617500,MU,2026-08-14,call,617.5,251.41,12.0,264.82,12.0,258.115,224.14,10.0,,,,,,,2026-08-07,902.77,902.77,847.4,878.41,887387.0,871.3118
2026-08-07T20:31:36.908,7,7,MU260814C00620000,MU,2026-08-14,call,620.0,254.99,15.0,259.72,6.0,257.355,265.28,1.0,,,,,,,2026-08-07,902.77,902.77,847.4,878.41,887387.0,871.3118
2026-08-07T20:31:36.908,7,7,MU260814C00622500,MU,2026-08-14,call,622.5,249.9,17.0,265.07,12.0,257.485,211.9,10.0,,,,,,,2026-08-07,902.77,902.77,847.4,878.41,887387.0,871.3118
2026-08-07T20:31:36.908,7,7,MU260814C00625000,MU,2026-08-14,call,625.0,248.61,12.0,264.07,13.0,256.34000000000003,248.37,1.0,,,,,,,2026-08-07,902.77,902.77,847.4,878.41,887387.0,871.3118
2026-08-07T20:31:36.908,7,7,MU260814C00627500,MU,2026-08-14,call,627.5,248.0,13.0,260.899,10.0,254.4495,,,,,,,,,2026-08-07,902.77,902.77,847.4,878.41,887387.0,871.3118
2026-08-07T20:31:36.908,7,7,MU260814C00630000,MU,2026-08-14,call,630.0,243.12,14.0,249.95,6.0,246.535,246.93,1.0,,,,,,,2026-08-07,902.77,902.77,847.4,878.41,887387.0,871.3118
2026-08-07T20:31:36.908,7,7,MU260814C00632500,MU,2026-08-14,call,632.5,239.38,26.0,251.27,7.0,245.325,,,,,,,,,2026-08-07,902.77,902.77,847.4,878.41,887387.0,871.3118
2026-08-07T20:31:36.908,7,7,MU260814C00635000,MU,2026-08-14,call,635.0,233.84,26.0,248.18,9.0,241.01,256.39,2.0,,,,,,,2026-08-07,902.77,902.77,847.4,878.41,887387.0,871.3118
2026-08-07T20:31:36.908,7,7,MU260814C00637500,MU,2026-08-14,call,637.5,231.08,25.0,249.15,5.0,240.115,,,,,,,,,2026-08-07,902.77,902.77,847.4,878.41,887387.0,871.3118
2026-08-07T20:31:36.908,7,7,MU260814C00640000,MU,2026-08-14,call,640.0,226.92,25.0,240.0,8.0,233.45999999999998,235.04,2.0,,,,,,,2026-08-07,902.77,902.77,847.4,878.41,887387.0,871.3118
2026-08-07T20:31:36.908,7,7,MU260814C00642500,MU,2026-08-14,call,642.5,222.11,26.0,243.16,2.0,232.635,,,,,,,,,2026-08-07,902.77,902.77,847.4,878.41,887387.0,871.3118
2026-08-07T20:31:36.908,7,7,MU260814C00645000,MU,2026-08-14,call,645.0,228.39,39.0,240.0,26.0,234.195,229.1,1.0,,,,,,,2026-08-07,902.77,902.77,847.4,878.41,887387.0,871.3118
2026-08-07T20:31:36.908,7,7,MU260814C00647500,MU,2026-08-14,call,647.5,224.56,27.0,231.72,17.0,228.14,,,,,,,,,2026-08-07,902.77,902.77,847.4,878.41,887387.0,871.3118
2026-08-07T20:31:36.908,7,7,MU260814C00650000,MU,2026-08-14,call,650.0,224.23,38.0,233.09,23.0,228.66,227.0,10.0,,,,,,,2026-08-07,902.77,902.77,847.4,878.41,887387.0,871.3118
2026-08-07T20:31:36.908,7,7,MU260814C00652500,MU,2026-08-14,call,652.5,221.86,26.0,233.58,15.0,227.72000000000003,,,,,,,,,2026-08-07,902.77,902.77,847.4,878.41,887387.0,871.3118
2026-08-07T20:31:36.908,7,7,MU260814C00655000,MU,2026-08-14,call,655.0,215.18,11.0,233.3,6.0,224.24,215.62,2.0,,,,,,,2026-08-07,902.77,902.77,847.4,878.41,887387.0,871.3118
2026-08-07T20:31:36.908,7,7,MU260814C00657500,MU,2026-08-14,call,657.5,214.61,23.0,228.98,4.0,221.79500000000002,,,,,,,,,2026-08-07,902.77,902.77,847.4,878.41,887387.0,871.3118
2026-08-07T20:31:36.908,7,7,MU260814C00660000,MU,2026-08-14,call,660.0,215.66,30.0,226.32,17.0,220.99,213.17,10.0,,,,,,,2026-08-07,902.77,902.77,847.4,878.41,887387.0,871.3118
2026-08-07T20:31:36.908,7,7,MU260814C00662500,MU,2026-08-14,call,662.5,209.02,24.0,220.1,11.0,214.56,,,,,,,,,2026-08-07,902.77,902.77,847.4,878.41,887387.0,871.3118
2026-08-07T20:31:36.908,7,7,MU260814C00665000,MU,2026-08-14,call,665.0,206.19,25.0,222.69,4.0,214.44,265.41,5.0,,,,,,,2026-08-07,902.77,902.77,847.4,878.41,887387.0,871.3118
2026-08-07T20:31:36.908,7,7,MU260814C00667500,MU,2026-08-14,call,667.5,201.63,23.0,213.6,4.0,207.615,,,0.7943,0.9941,0.0002,-0.1816,0.0204,0.1269,2026-08-07,902.77,902.77,847.4,878.41,887387.0,871.3118
2026-08-07T20:31:36.908,7,7,MU260814C00670000,MU,2026-08-14,call,670.0,203.66,23.0,213.61,6.0,208.635,215.95,1.0,,,,,,,2026-08-07,902.77,902.77,847.4,878.41,887387.0,871.3118
2026-08-07T20:31:36.908,7,7,MU260814C00672500,MU,2026-08-14,call,672.5,200.95,25.0,212.87,14.0,206.91,,,,,,,,,2026-08-07,902.77,902.77,847.4,878.41,887387.0,871.3118
2026-08-07T20:31:36.908,7,7,MU260814C00675000,MU,2026-08-14,call,675.0,194.23,25.0,211.97,6.0,203.1,224.63,10.0,,,,,,,2026-08-07,902.77,902.77,847.4,878.41,887387.0,871.3118
2026-08-07T20:31:36.908,7,7,MU260814C00677500,MU,2026-08-14,call,677.5,193.08,23.0,208.13,6.0,200.60500000000002,,,,,,,,,2026-08-07,902.77,902.77,847.4,878.41,887387.0,871.3118
2026-08-07T20:31:36.908,7,7,MU260814C00680000,MU,2026-08-14,call,680.0,195.59,15.0,207.06,14.0,201.325,222.63,1.0,,,,,,,2026-08-07,902.77,902.77,847.4,878.41,887387.0,871.3118
2026-08-07T20:31:36.908,7,7,MU260814C00682500,MU,2026-08-14,call,682.5,193.48,24.0,198.3,11.0,195.89,187.87,1.0,,,,,,,2026-08-07,902.77,902.77,847.4,878.41,887387.0,871.3118
2026-08-07T20:31:36.908,7,7,MU260814C00685000,MU,2026-08-14,call,685.0,188.59,26.0,200.24,14.0,194.41500000000002,166.1,3.0,,,,,,,2026-08-07,902.77,902.77,847.4,878.41,887387.0,871.3118
2026-08-07T20:31:36.908,7,7,MU260814C00687500,MU,2026-08-14,call,687.5,184.62,24.0,200.65,4.0,192.635,164.0,2.0,,,,,,,2026-08-07,902.77,902.77,847.4,878.41,887387.0,871.3118
2026-08-07T20:31:36.908,7,7,MU260814C00690000,MU,2026-08-14,call,690.0,186.1,13.0,193.37,3.0,189.735,184.13,1.0,,,,,,,2026-08-07,902.77,902.77,847.4,878.41,887387.0,871.3118
2026-08-07T20:31:36.908,7,7,MU260814C00692500,MU,2026-08-14,call,692.5,180.93,12.0,193.19,6.0,187.06,,,,,,,,,2026-08-07,902.77,902.77,847.4,878.41,887387.0,871.3118
2026-08-07T20:31:36.908,7,7,MU260814C00695000,MU,2026-08-14,call,695.0,181.11,24.0,190.77,6.0,185.94,152.0,1.0,,,,,,,2026-08-07,902.77,902.77,847.4,878.41,887387.0,871.3118
2026-08-07T20:31:36.908,7,7,MU260814C00697500,MU,2026-08-14,call,697.5,174.19,25.0,188.51,12.0,181.35,,,1.1231,0.9377,0.0009,-1.2552,0.1485,0.1225,2026-08-07,902.77,902.77,847.4,878.41,887387.0,871.3118
2026-08-07T20:31:36.908,7,7,MU260814C00700000,MU,2026-08-14,call,700.0,173.45,24.0,187.29,28.0,180.37,175.5,15.0,,,,,,,2026-08-07,902.77,902.77,847.4,878.41,887387.0,871.3118
2026-08-07T20:31:36.908,7,7,MU260814C00702500,MU,2026-08-14,call,702.5,169.7,22.0,177.12,5.0,173.41,159.18,1.0,0.8291,0.9756,0.0006,-0.4784,0.0693,0.1304,2026-08-07,902.77,902.77,847.4,878.41,887387.0,871.3118
2026-08-07T20:31:36.908,7,7,MU260814C00705000,MU,2026-08-14,call,705.0,166.35,52.0,174.39,22.0,170.37,174.39,1.0,0.7198,0.9867,0.0004,-0.2815,0.0413,0.1328,2026-08-07,902.77,902.77,847.4,878.41,887387.0,871.3118
2026-08-07T20:31:36.908,7,7,MU260814C00707500,MU,2026-08-14,call,707.5,163.1,23.0,180.72,8.0,171.91,,,,,,,,,2026-08-07,902.77,902.77,847.4,878.41,887387.0,871.3118
2026-08-07T20:31:36.908,7,7,MU260814C00710000,MU,2026-08-14,call,710.0,158.18,27.0,170.01,2.0,164.095,162.49,4.0,,,,,,,2026-08-07,902.77,902.77,847.4,878.41,887387.0,871.3118
2026-08-07T20:31:36.908,7,7,MU260814C00712500,MU,2026-08-14,call,712.5,160.44,11.0,169.62,6.0,165.03,190.77,1.0,0.9454,0.949,0.0009,-0.9231,0.1269,0.1275,2026-08-07,902.77,902.77,847.4,878.41,887387.0,871.3118
2026-08-07T20:31:36.908,7,7,MU260814C00715000,MU,2026-08-14,call,715.0,156.76,14.0,170.54,8.0,163.64999999999998,157.48,2.0,1.0115,0.9348,0.001,-1.1779,0.154,0.1254,2026-08-07,902.77,902.77,847.4,878.41,887387.0,871.3118
2026-08-07T20:31:36.908,7,7,MU260814C00717500,MU,2026-08-14,call,717.5,157.24,25.0,167.72,14.0,162.48000000000002,190.14,1.0,1.0769,0.9201,0.0011,-1.4476,0.1799,0.1231,2026-08-07,902.77,902.77,847.4,878.41,887387.0,871.3118
2026-08-07T20:31:36.908,7,7,MU260814C00720000,MU,2026-08-14,call,720.0,151.74,53.0,165.34,16.0,158.54000000000002,150.98,1.0,0.9767,0.9344,0.0011,-1.1441,0.1546,0.1263,2026-08-07,902.77,902.77,847.4,878.41,887387.0,871.3118
2026-08-07T20:31:36.908,7,7,MU260814C00722500,MU,2026-08-14,call,722.5,150.48,2.0,161.57,14.0,156.02499999999998,,,0.962,0.9338,0.0011,-1.136,0.1557,0.1267,2026-08-07,902.77,902.77,847.4,878.41,887387.0,871.3118
2026-08-07T20:31:36.908,7,7,MU260814C00725000,MU,2026-08-14,call,725.0,152.81,33.0,156.86,48.0,154.835,145.63,3.0,1.0253,0.9186,0.0012,-1.4001,0.1823,0.1244,2026-08-07,902.77,902.77,847.4,878.41,887387.0,871.3118
2026-08-07T20:31:36.908,7,7,MU260814C00727500,MU,2026-08-14,call,727.5,145.89,26.0,158.35,6.0,152.12,144.75,1.0,0.999,0.9199,0.0012,-1.3515,0.1803,0.1251,2026-08-07,902.77,902.77,847.4,878.41,887387.0,871.3118
2026-08-07T20:31:36.908,7,7,MU260814C00730000,MU,2026-08-14,call,730.0,143.69,51.0,155.79,26.0,149.74,145.48,1.0,0.9912,0.9176,0.0013,-1.3687,0.1841,0.1252,2026-08-07,902.77,902.77,847.4,878.41,887387.0,871.3118
2026-08-07T20:31:36.908,7,7,MU260814C00732500,MU,2026-08-14,call,732.5,142.31,20.0,154.04,2.0,148.175,143.07,1.0,1.0252,0.9072,0.0013,-1.5376,0.2012,0.1237,2026-08-07,902.77,902.77,847.4,878.41,887387.0,871.3118
2026-08-07T20:31:36.908,7,7,MU260814C00735000,MU,2026-08-14,call,735.0,142.9,1.0,149.94,5.0,146.42000000000002,139.01,4.0,1.0461,0.8991,0.0014,-1.6621,0.2139,0.1227,2026-08-07,902.77,902.77,847.4,878.41,887387.0,871.3118
2026-08-07T20:31:36.908,7,7,MU260814C00737500,MU,2026-08-14,call,737.5,140.75,21.0,147.09,15.0,143.92000000000002,171.12,1.0,1.0309,0.8978,0.0014,-1.6535,0.2159,0.123,2026-08-07,902.77,902.77,847.4,878.41,887387.0,871.3118
2026-08-07T20:31:36.908,7,7,MU260814C00740000,MU,2026-08-14,call,740.0,134.62,11.0,142.18,9.0,138.4,134.53,1.0,0.8585,0.9292,0.0013,-1.0735,0.1641,0.1293,2026-08-07,902.77,902.77,847.4,878.41,887387.0,871.3118
2026-08-07T20:31:36.908,7,7,MU260814C00742500,MU,2026-08-14,call,742.5,133.6,21.0,141.18,15.0,137.39,,,0.9272,0.9105,0.0014,-1.3632,0.1959,0.1263,2026-08-07,902.77,902.77,847.4,878.41,887387.0,871.3118
2026-08-07T20:31:36.908,7,7,MU260814C00745000,MU,2026-08-14,call,745.0,130.289,14.0,136.36,10.0,133.3245,127.18,1.0,0.8269,0.9282,0.0014,-1.047,0.1658,0.1301,2026-08-07,902.77,902.77,847.4,878.41,887387.0,871.3118
2026-08-07T20:31:36.908,7,7,MU260814C00747500,MU,2026-08-14,call,747.5,127.62,21.0,135.41,15.0,131.515,,,0.8528,0.9182,0.0015,-1.1819,0.183,0.1288,2026-08-07,902.77,902.77,847.4,878.41,887387.0,871.3118
2026-08-07T20:31:36.908,7,7,MU260814C00750000,MU,2026-08-14,call,750.0,125.94,22.0,136.53,17.0,131.235,125.4,4.0,0.9472,0.8928,0.0016,-1.5777,0.2236,0.1246,2026-08-07,902.77,902.77,847.4,878.41,887387.0,871.3118
2026-08-07T20:31:36.908,7,7,MU260814C00755000,MU,2026-08-14,call,755.0,120.83,26.0,127.52,19.0,124.175,119.08,4.0,0.8195,0.9126,0.0016,-1.1932,0.1923,0.1292,2026-08-07,902.77,902.77,847.4,878.41,887387.0,871.3118
2026-08-07T20:31:36.908,7,7,MU260814C00760000,MU,2026-08-14,call,760.0,117.99,66.0,125.62,35.0,121.805,114.45,1.0,0.9114,0.881,0.0018,-1.6323,0.2408,0.1244,2026-08-07,902.77,902.77,847.4,878.41,887387.0,871.3118
2026-08-07T20:31:36.908,7,7,MU260814C00765000,MU,2026-08-14,call,765.0,114.5,22.0,123.3,21.0,118.9,109.63,4.0,0.962,0.859,0.0019,-1.9244,0.2709,0.1213,2026-08-07,902.77,902.77,847.4,878.41,887387.0,871.3118
2026-08-07T20:31:36.908,7,7,MU260814C00767500,MU,2026-08-14,call,767.5,111.41,22.0,116.48,21.0,113.945,,,0.8511,0.8794,0.0019,-1.5436,0.2432,0.1256,2026-08-07,902.77,902.77,847.4,878.41,887387.0,871.3118
2026-08-07T20:31:36.908,7,7,MU260814C00770000,MU,2026-08-14,call,770.0,110.81,130.0,115.21,116.0,113.00999999999999,105.06,4.0,0.8971,0.8625,0.002,-1.77,0.2662,0.123,2026-08-07,902.77,902.77,847.4,878.41,887387.0,871.3118
2026-08-07T20:31:36.908,7,7,MU260814C00772500,MU,2026-08-14,call,772.5,106.45,19.0,113.09,26.0,109.77000000000001,131.43,1.0,0.8534,0.8674,0.0021,-1.6483,0.2598,0.1244,2026-08-07,902.77,902.77,847.4,878.41,887387.0,871.3118
2026-08-07T20:31:36.908,7,7,MU260814C00775000,MU,2026-08-14,call,775.0,100.59,93.0,110.07,38.0,105.33,104.6,1.0,0.7599,0.8862,0.0021,-1.333,0.2333,0.1284,2026-08-07,902.77,902.77,847.4,878.41,887387.0,871.3118
2026-08-07T20:31:36.908,7,7,MU260814C00777500,MU,2026-08-14,call,777.5,105.1,28.0,110.02,46.0,107.56,122.08,1.0,0.9217,0.8389,0.0022,-2.0111,0.296,0.1201,2026-08-07,902.77,902.77,847.4,878.41,887387.0,871.3118
2026-08-07T20:31:36.908,7,7,MU260814C00780000,MU,2026-08-14,call,780.0,105.36,36.0,107.53,52.0,106.445,98.38,3.0,0.9507,0.8262,0.0022,-2.1719,0.3108,0.1181,2026-08-07,902.77,902.77,847.4,878.41,887387.0,871.3118
2026-08-07T20:31:36.908,7,7,MU260814C00782500,MU,2026-08-14,call,782.5,97.82,30.0,104.86,42.0,101.34,133.45,5.0,0.8476,0.8441,0.0023,-1.8176,0.2897,0.1221,2026-08-07,902.77,902.77,847.4,878.41,887387.0,871.3118
2026-08-07T20:31:36.908,7,7,MU260814C00785000,MU,2026-08-14,call,785.0,95.1,103.0,101.69,51.0,98.395,93.98,4.0,0.8162,0.8456,0.0024,-1.7423,0.2879,0.1229,2026-08-07,902.77,902.77,847.4,878.41,887387.0,871.3118
2026-08-07T20:31:36.908,7,7,MU260814C00787500,MU,2026-08-14,call,787.5,90.12,21.0,96.98,28.0,93.55000000000001,145.09,1.0,0.7152,0.8674,0.0025,-1.3934,0.2597,0.1275,2026-08-07,902.77,902.77,847.4,878.41,887387.0,871.3118
2026-08-07T20:31:36.908,7,7,MU260814C00790000,MU,2026-08-14,call,790.0,93.3,89.0,97.57,53.0,95.435,87.68,4.0,0.8512,0.8229,0.0025,-1.9746,0.3145,0.1197,2026-08-07,902.77,902.77,847.4,878.41,887387.0,871.3118
2026-08-07T20:31:36.908,7,7,MU260814C00792500,MU,2026-08-14,call,792.5,89.16,26.0,96.93,25.0,93.045,115.3,2.0,0.838,0.8191,0.0026,-1.9699,0.3187,0.1195,2026-08-07,902.77,902.77,847.4,878.41,887387.0,871.3118
2026-08-07T20:31:36.908,7,7,MU260814C00795000,MU,2026-08-14,call,795.0,87.06,29.0,94.62,44.0,90.84,86.66,4.0,0.8303,0.8138,0.0027,-1.9868,0.3245,0.1191,2026-08-07,902.77,902.77,847.4,878.41,887387.0,871.3118
2026-08-07T20:31:36.908,7,7,MU260814C00800000,MU,2026-08-14,call,800.0,80.64,106.0,86.0,94.0,83.32,84.0,1.0,0.7177,0.8295,0.0029,-1.638,0.307,0.1231,2026-08-07,902.77,902.77,847.4,878.41,887387.0,871.3118
2026-08-07T20:31:36.908,7,7,MU260814C00805000,MU,2026-08-14,call,805.0,78.18,94.0,84.75,73.0,81.465,78.5,1.0,0.7808,0.7956,0.003,-1.9771,0.3435,0.1178,2026-08-07,902.77,902.77,847.4,878.41,887387.0,871.3118
2026-08-07T20:31:36.908,7,7,MU260814C00810000,MU,2026-08-14,call,810.0,76.53,96.0,81.16,54.0,78.845,75.6,10.0,0.8125,0.7713,0.0031,-2.187,0.3666,0.1142,2026-08-07,902.77,902.77,847.4,878.41,887387.0,871.3118
2026-08-07T20:31:36.908,7,7,MU260814C00815000,MU,2026-08-14,call,815.0,73.61,124.0,78.38,79.0,75.995,73.07,1.0,0.8329,0.7499,0.0032,-2.3477,0.3849,0.1112,2026-08-07,902.77,902.77,847.4,878.41,887387.0,871.3118
2026-08-07T20:31:36.908,7,7,MU260814C00820000,MU,2026-08-14,call,820.0,69.04,56.0,74.17,40.0,71.605,71.88,1.0,0.8107,0.7373,0.0033,-2.344,0.3949,0.1099,2026-08-07,902.77,902.77,847.4,878.41,887387.0,871.3118
2026-08-07T20:31:36.908,7,7,MU260814C00825000,MU,2026-08-14,call,825.0,66.03,145.0,69.45,146.0,67.74000000000001,66.03,1.0,0.8005,0.7214,0.0035,-2.3815,0.4067,0.108,2026-08-07,902.77,902.77,847.4,878.41,887387.0,871.3118
2026-08-07T20:31:36.908,7,7,MU260814C00830000,MU,2026-08-14,call,830.0,63.52,70.0,65.47,96.0,64.495,63.52,1.0,0.8033,0.7023,0.0036,-2.4625,0.4196,0.1054,2026-08-07,902.77,902.77,847.4,878.41,887387.0,871.3118
2026-08-07T20:31:36.908,7,7,MU260814C00835000,MU,2026-08-14,call,835.0,60.13,95.0,63.61,124.0,61.870000000000005,55.08,2.0,0.818,0.681,0.0036,-2.5806,0.4325,0.1023,2026-08-07,902.77,902.77,847.4,878.41,887387.0,871.3118
2026-08-07T20:31:36.908,7,7,MU260814C00840000,MU,2026-08-14,call,840.0,54.24,101.0,55.61,17.0,54.925,54.24,10.0,0.7316,0.6752,0.0041,-2.3304,0.4357,0.1027,2026-08-07,902.77,902.77,847.4,878.41,887387.0,871.3118
2026-08-07T20:31:36.908,7,7,MU260814C00845000,MU,2026-08-14,call,845.0,51.17,131.0,55.15,63.0,53.16,51.17,1.0,0.7621,0.6495,0.004,-2.4944,0.4488,0.0987,2026-08-07,902.77,902.77,847.4,878.41,887387.0,871.3118
2026-08-07T20:31:36.908,7,7,MU260814C00850000,MU,2026-08-14,call,850.0,50.48,134.0,53.24,96.0,51.86,50.48,1.0,0.799,0.6248,0.0039,-2.6707,0.4593,0.0948,2026-08-07,902.77,902.77,847.4,878.41,887387.0,871.3118
2026-08-07T20:31:36.908,7,7,MU260814C00855000,MU,2026-08-14,call,855.0,47.55,85.0,49.55,126.0,48.55,47.55,1.0,0.7893,0.6052,0.004,-2.6765,0.4662,0.0922,2026-08-07,902.77,902.77,847.4,878.41,887387.0,871.3118
2026-08-07T20:31:36.908,7,7,MU260814C00860000,MU,2026-08-14,call,860.0,44.67,91.0,46.6,59.0,45.635000000000005,44.67,1.0,0.786,0.5847,0.0041,-2.6974,0.4722,0.0893,2026-08-07,902.77,902.77,847.4,878.41,887387.0,871.3118
2026-08-07T20:31:36.908,7,7,MU260814C00865000,MU,2026-08-14,call,865.0,42.54,30.0,43.31,146.0,42.925,42.54,1.0,0.7848,0.5639,0.0041,-2.7185,0.4769,0.0863,2026-08-07,902.77,902.77,847.4,878.41,887387.0,871.3118
2026-08-07T20:31:36.908,7,7,MU260814C00870000,MU,2026-08-14,call,870.0,37.84,164.0,39.64,14.0,38.74,37.84,2.0,0.7508,0.543,0.0044,-2.6193,0.4803,0.0836,2026-08-07,902.77,902.77,847.4,878.41,887387.0,871.3118
2026-08-07T20:31:36.908,7,7,MU260814C00875000,MU,2026-08-14,call,875.0,36.0,89.0,37.86,118.0,36.93,37.15,5.0,0.7641,0.5214,0.0043,-2.6747,0.4824,0.0804,2026-08-07,902.77,902.77,847.4,878.41,887387.0,871.3118
2026-08-07T20:31:36.908,7,7,MU260814C00880000,MU,2026-08-14,call,880.0,33.86,26.0,34.95,45.0,34.405,33.86,1.0,0.7603,0.4997,0.0043,-2.6637,0.4831,0.0772,2026-08-07,902.77,902.77,847.4,878.41,887387.0,871.3118
2026-08-07T20:31:36.908,7,7,MU260814C00885000,MU,2026-08-14,call,885.0,32.46,2.0,33.16,35.0,32.81,32.46,1.0,0.7735,0.4794,0.0043,-2.7042,0.4825,0.0741,2026-08-07,902.77,902.77,847.4,878.41,887387.0,871.3118
2026-08-07T20:31:36.908,7,7,MU260814C00890000,MU,2026-08-14,call,890.0,27.08,110.0,28.27,29.0,27.674999999999997,28.0,1.0,0.7109,0.4512,0.0046,-2.4716,0.4795,0.0704,2026-08-07,902.77,902.77,847.4,878.41,887387.0,871.3118
2026-08-07T20:31:36.908,7,7,MU260814C00895000,MU,2026-08-14,call,895.0,27.42,2.0,28.57,4.0,27.995,27.42,3.0,0.7598,0.4359,0.0043,-2.6232,0.4769,0.0677,2026-08-07,902.77,902.77,847.4,878.41,887387.0,871.3118
2026-08-07T20:31:36.908,7,7,MU260814C00900000,MU,2026-08-14,call,900.0,23.44,62.0,24.75,50.0,24.095,24.5,1.0,0.7178,0.4079,0.0045,-2.444,0.4702,0.0638,2026-08-07,902.77,902.77,847.4,878.41,887387.0,871.3118
2026-08-07T20:31:36.908,7,7,MU260814C00905000,MU,2026-08-14,call,905.0,23.84,68.0,24.15,12.0,23.994999999999997,23.84,3.0,0.7543,0.3937,0.0042,-2.5419,0.4659,0.0614,2026-08-07,902.77,902.77,847.4,878.41,887387.0,871.3118
2026-08-07T20:31:36.908,7,7,MU260814C00907500,MU,2026-08-14,call,907.5,21.05,44.0,22.45,47.0,21.75,21.15,1.0,0.7245,0.3773,0.0043,-2.4119,0.4601,0.0591,2026-08-07,902.77,902.77,847.4,878.41,887387.0,871.3118
2026-08-07T20:31:36.908,7,7,MU260814C00910000,MU,2026-08-14,call,910.0,21.83,73.0,22.05,26.0,21.939999999999998,21.83,1.0,0.747,0.372,0.0042,-2.4742,0.458,0.0582,2026-08-07,902.77,902.77,847.4,878.41,887387.0,871.3118
2026-08-07T20:31:36.908,7,7,MU260814C00912500,MU,2026-08-14,call,912.5,19.19,32.0,20.65,38.0,19.92,20.15,2.0,0.7205,0.3557,0.0043,-2.3511,0.4512,0.0558,2026-08-07,902.77,902.77,847.4,878.41,887387.0,871.3118
2026-08-07T20:31:36.908,7,7,MU260814C00915000,MU,2026-08-14,call,915.0,20.03,158.0,20.62,29.0,20.325000000000003,20.03,1.0,0.7471,0.3521,0.0041,-2.4276,0.4495,0.0552,2026-08-07,902.77,902.77,847.4,878.41,887387.0,871.3118
2026-08-07T20:31:36.908,7,7,MU260814C00917500,MU,2026-08-14,call,917.5,18.05,55.0,19.58,38.0,18.814999999999998,18.36,5.0,0.7305,0.3382,0.0041,-2.3382,0.4428,0.0531,2026-08-07,902.77,902.77,847.4,878.41,887387.0,871.3118
2026-08-07T20:31:36.908,7,7,MU260814C00920000,MU,2026-08-14,call,920.0,18.11,105.0,19.0,60.0,18.555,18.73,1.0,0.7415,0.3313,0.004,-2.3537,0.4393,0.052,2026-08-07,902.77,902.77,847.4,878.41,887387.0,871.3118
2026-08-07T20:31:36.908,7,7,MU260814C00922500,MU,2026-08-14,call,922.5,16.65,59.0,17.79,43.0,17.22,17.81,1.0,0.7274,0.3179,0.004,-2.27,0.4319,0.05,2026-08-07,902.77,902.77,847.4,878.41,887387.0,871.3118
2026-08-07T20:31:36.908,7,7,MU260814C00925000,MU,2026-08-14,call,925.0,15.94,105.0,16.62,1.0,16.28,16.6,1.0,0.7217,0.3067,0.004,-2.2172,0.4252,0.0483,2026-08-07,902.77,902.77,847.4,878.41,887387.0,871.3118
2026-08-07T20:31:36.908,7,7,MU260814C00927500,MU,2026-08-14,call,927.5,14.89,28.0,16.54,40.0,15.715,15.53,1.0,0.7242,0.298,0.004,-2.196,0.4198,0.047,2026-08-07,902.77,902.77,847.4,878.41,887387.0,871.3118
2026-08-07T20:31:36.908,7,7,MU260814C00930000,MU,2026-08-14,call,930.0,14.41,101.0,15.18,21.0,14.795,14.9,1.0,0.7176,0.2868,0.0039,-2.1372,0.4123,0.0453,2026-08-07,902.77,902.77,847.4,878.41,887387.0,871.3118
2026-08-07T20:31:36.908,7,7,MU260814C00932500,MU,2026-08-14,call,932.5,13.93,31.0,15.29,31.0,14.61,15.52,1.0,0.7284,0.2811,0.0038,-2.1479,0.4084,0.0443,2026-08-07,902.77,902.77,847.4,878.41,887387.0,871.3118
2026-08-07T20:31:36.908,7,7,MU260814C00935000,MU,2026-08-14,call,935.0,13.85,97.0,14.75,79.0,14.3,14.05,1.0,0.7358,0.2746,0.0037,-2.1447,0.4038,0.0433,2026-08-07,902.77,902.77,847.4,878.41,887387.0,871.3118
2026-08-07T20:31:36.908,7,7,MU260814C00940000,MU,2026-08-14,call,940.0,12.91,144.0,13.56,22.0,13.235,13.56,1.0,0.7384,0.2582,0.0036,-2.0859,0.3914,0.0408,2026-08-07,902.77,902.77,847.4,878.41,887387.0,871.3118
2026-08-07T20:31:36.908,7,7,MU260814C00945000,MU,2026-08-14,call,945.0,12.13,65.0,12.78,50.0,12.455,12.13,9.0,0.7467,0.2445,0.0035,-2.0485,0.3803,0.0386,2026-08-07,902.77,902.77,847.4,878.41,887387.0,871.3118
2026-08-07T20:31:36.908,7,7,MU260814C00950000,MU,2026-08-14,call,950.0,11.33,8.0,11.46,51.0,11.395,11.33,1.0,0.7458,0.2285,0.0033,-1.9706,0.3664,0.0361,2026-08-07,902.77,902.77,847.4,878.41,887387.0,871.3118
2026-08-07T20:31:36.908,7,7,MU260814C00955000,MU,2026-08-14,call,955.0,9.53,92.0,9.95,22.0,9.739999999999998,9.67,20.0,0.7258,0.2063,0.0032,-1.8076,0.3454,0.0327,2026-08-07,902.77,902.77,847.4,878.41,887387.0,871.3118
2026-08-07T20:31:36.908,7,7,MU260814C00957500,MU,2026-08-14,call,957.5,9.27,155.0,10.2,87.0,9.735,9.27,5.0,0.7386,0.2035,0.0032,-1.8243,0.3426,0.0323,2026-08-07,902.77,902.77,847.4,878.41,887387.0,871.3118
2026-08-07T20:31:36.908,7,7,MU260814C00960000,MU,2026-08-14,call,960.0,9.5,25.0,9.67,11.0,9.585,9.5,1.0,0.7469,0.1994,0.0031,-1.8219,0.3384,0.0316,2026-08-07,902.77,902.77,847.4,878.41,887387.0,871.3118
2026-08-07T20:31:36.908,7,7,MU260814C00962500,MU,2026-08-14,call,962.5,9.07,22.0,9.23,9.0,9.15,8.37,5.0,0.7465,0.1923,0.003,-1.781,0.331,0.0305,2026-08-07,902.77,902.77,847.4,878.41,887387.0,871.3118
2026-08-07T20:31:36.908,7,7,MU260814C00965000,MU,2026-08-14,call,965.0,8.5,40.0,8.81,40.0,8.655000000000001,8.5,1.0,0.7437,0.1845,0.003,-1.7296,0.3227,0.0293,2026-08-07,902.77,902.77,847.4,878.41,887387.0,871.3118
2026-08-07T20:31:36.908,7,7,MU260814C00970000,MU,2026-08-14,call,970.0,7.25,36.0,7.63,28.0,7.4399999999999995,7.52,2.0,0.7288,0.166,0.0028,-1.5851,0.3018,0.0264,2026-08-07,902.77,902.77,847.4,878.41,887387.0,871.3118
2026-08-07T20:31:36.908,7,7,MU260814C00975000,MU,2026-08-14,call,975.0,6.6,18.0,7.04,19.0,6.82,6.81,1.0,0.731,0.1544,0.0027,-1.5159,0.2879,0.0246,2026-08-07,902.77,902.77,847.4,878.41,887387.0,871.3118
2026-08-07T20:31:36.908,7,7,MU260814C00980000,MU,2026-08-14,call,980.0,6.21,34.0,6.49,23.0,6.35,6.21,1.0,0.7369,0.1449,0.0026,-1.4638,0.2758,0.0231,2026-08-07,902.77,902.77,847.4,878.41,887387.0,871.3118
2026-08-07T20:31:36.908,7,7,MU260814C00985000,MU,2026-08-14,call,985.0,5.88,27.0,6.1,12.0,5.99,5.88,1.0,0.7456,0.1369,0.0024,-1.4248,0.2654,0.0218,2026-08-07,902.77,902.77,847.4,878.41,887387.0,871.3118
2026-08-07T20:31:36.908,7,7,MU260814C00990000,MU,2026-08-14,call,990.0,5.0,50.0,5.4,25.0,5.2,5.1,25.0,0.7361,0.1231,0.0023,-1.3069,0.2466,0.0196,2026-08-07,902.77,902.77,847.4,878.41,887387.0,871.3118
2026-08-07T20:31:36.908,7,7,MU260814C00995000,MU,2026-08-14,call,995.0,4.99,37.0,5.24,13.0,5.115,4.99,1.0,0.7534,0.1192,0.0022,-1.3076,0.2411,0.019,2026-08-07,902.77,902.77,847.4,878.41,887387.0,871.3118
2026-08-07T20:31:36.908,7,7,MU260814C01000000,MU,2026-08-14,call,1000.0,4.64,13.0,4.78,25.0,4.71,4.64,1.0,0.7566,0.111,0.0021,-1.2477,0.2292,0.0177,2026-08-07,902.77,902.77,847.4,878.41,887387.0,871.3118
2026-08-07T20:31:36.908,7,7,MU260814C01005000,MU,2026-08-14,call,1005.0,4.05,65.0,4.37,42.0,4.21,4.05,2.0,0.7539,0.1014,0.0019,-1.1643,0.2146,0.0162,2026-08-07,902.77,902.77,847.4,878.41,887387.0,871.3118
2026-08-07T20:31:36.908,7,7,MU260814C01010000,MU,2026-08-14,call,1010.0,3.48,45.0,3.71,27.0,3.5949999999999998,3.62,1.0,0.7432,0.0898,0.0018,-1.05,0.1964,0.0144,2026-08-07,902.77,902.77,847.4,878.41,887387.0,871.3118
2026-08-07T20:31:36.908,7,7,MU260814C01015000,MU,2026-08-14,call,1015.0,3.46,19.0,3.57,8.0,3.5149999999999997,3.46,1.0,0.7578,0.0868,0.0017,-1.0431,0.1914,0.0139,2026-08-07,902.77,902.77,847.4,878.41,887387.0,871.3118
2026-08-07T20:31:36.908,7,7,MU260814C01020000,MU,2026-08-14,call,1020.0,3.1,33.0,3.32,6.0,3.21,3.1,1.0,0.7598,0.0802,0.0016,-0.9855,0.1804,0.0128,2026-08-07,902.77,902.77,847.4,878.41,887387.0,871.3118
2026-08-07T20:31:36.908,7,7,MU260814C01025000,MU,2026-08-14,call,1025.0,2.74,38.0,2.93,36.0,2.835,2.82,1.0,0.7562,0.0724,0.0015,-0.9077,0.1669,0.0116,2026-08-07,902.77,902.77,847.4,878.41,887387.0,871.3118
2026-08-07T20:31:36.908,7,7,MU260814C01030000,MU,2026-08-14,call,1030.0,2.65,40.0,2.82,29.0,2.735,2.65,1.0,0.7676,0.0694,0.0014,-0.8915,0.1615,0.0111,2026-08-07,902.77,902.77,847.4,878.41,887387.0,871.3118
2026-08-07T20:31:36.908,7,7,MU260814C01035000,MU,2026-08-14,call,1035.0,2.45,39.0,2.61,12.0,2.5300000000000002,2.45,4.0,0.7718,0.0646,0.0014,-0.8483,0.1529,0.0104,2026-08-07,902.77,902.77,847.4,878.41,887387.0,871.3118
2026-08-07T20:31:36.908,7,7,MU260814C01040000,MU,2026-08-14,call,1040.0,2.16,47.0,2.34,29.0,2.25,2.2,1.0,0.7697,0.0586,0.0013,-0.7833,0.1416,0.0094,2026-08-07,902.77,902.77,847.4,878.41,887387.0,871.3118
2026-08-07T20:31:36.908,7,7,MU260814C01045000,MU,2026-08-14,call,1045.0,2.07,40.0,2.14,22.0,2.105,2.0,1.0,0.7756,0.055,0.0012,-0.7506,0.1347,0.0088,2026-08-07,902.77,902.77,847.4,878.41,887387.0,871.3118
2026-08-07T20:31:36.908,7,7,MU260814C01050000,MU,2026-08-14,call,1050.0,1.92,1.0,1.97,25.0,1.9449999999999998,1.92,1.0,0.7796,0.0511,0.0011,-0.7122,0.1271,0.0082,2026-08-07,902.77,902.77,847.4,878.41,887387.0,871.3118
2026-08-07T20:31:36.908,7,7,MU260814C01055000,MU,2026-08-14,call,1055.0,1.64,39.0,1.81,37.0,1.725,1.71,1.0,0.7774,0.0462,0.001,-0.6547,0.1172,0.0074,2026-08-07,902.77,902.77,847.4,878.41,887387.0,871.3118
2026-08-07T20:31:36.908,7,7,MU260814C01060000,MU,2026-08-14,call,1060.0,1.58,42.0,1.77,43.0,1.675,1.65,1.0,0.7886,0.0445,0.001,-0.6443,0.1137,0.0071,2026-08-07,902.77,902.77,847.4,878.41,887387.0,871.3118
2026-08-07T20:31:36.908,7,7,MU260814C01065000,MU,2026-08-14,call,1065.0,1.48,24.0,1.6,11.0,1.54,1.48,1.0,0.7917,0.0412,0.0009,-0.608,0.1069,0.0066,2026-08-07,902.77,902.77,847.4,878.41,887387.0,871.3118
2026-08-07T20:31:36.908,7,7,MU260814C01070000,MU,2026-08-14,call,1070.0,1.33,17.0,1.44,14.0,1.385,1.42,2.0,0.7916,0.0376,0.0009,-0.5637,0.0991,0.006,2026-08-07,902.77,902.77,847.4,878.41,887387.0,871.3118
2026-08-07T20:31:36.908,7,7,MU260814C01075000,MU,2026-08-14,call,1075.0,1.19,63.0,1.33,12.0,1.26,1.19,2.0,0.7932,0.0345,0.0008,-0.527,0.0925,0.0055,2026-08-07,902.77,902.77,847.4,878.41,887387.0,871.3118
2026-08-07T20:31:36.908,7,7,MU260814C01080000,MU,2026-08-14,call,1080.0,1.17,37.0,1.22,13.0,1.1949999999999998,1.22,2.0,0.8005,0.0327,0.0008,-0.5085,0.0885,0.0053,2026-08-07,902.77,902.77,847.4,878.41,887387.0,871.3118
2026-08-07T20:31:36.908,7,7,MU260814C01085000,MU,2026-08-14,call,1085.0,0.96,37.0,1.17,26.0,1.065,1.03,1.0,0.7994,0.0296,0.0007,-0.4674,0.0814,0.0048,2026-08-07,902.77,902.77,847.4,878.41,887387.0,871.3118
2026-08-07T20:31:36.908,7,7,MU260814C01090000,MU,2026-08-14,call,1090.0,0.97,67.0,1.1,20.0,1.0350000000000001,1.09,1.0,0.8096,0.0285,0.0007,-0.4593,0.079,0.0046,2026-08-07,902.77,902.77,847.4,878.41,887387.0,871.3118
2026-08-07T20:31:36.908,7,7,MU260814C01095000,MU,2026-08-14,call,1095.0,0.89,51.0,1.01,52.0,0.95,0.98,1.0,0.8122,0.0264,0.0006,-0.4316,0.074,0.0042,2026-08-07,902.77,902.77,847.4,878.41,887387.0,871.3118
2026-08-07T20:31:36.908,7,7,MU260814C01100000,MU,2026-08-14,call,1100.0,0.86,57.0,0.96,42.0,0.9099999999999999,0.9,20.0,0.8203,0.0252,0.0006,-0.4192,0.0712,0.004,2026-08-07,902.77,902.77,847.4,878.41,887387.0,871.3118
2026-08-07T20:31:36.908,7,7,MU260814C01105000,MU,2026-08-14,call,1105.0,0.77,66.0,0.87,8.0,0.8200000000000001,0.83,2.0,0.8205,0.0229,0.0005,-0.3879,0.0659,0.0037,2026-08-07,902.77,902.77,847.4,878.41,887387.0,871.3118
2026-08-07T20:31:36.908,7,7,MU260814C01110000,MU,2026-08-14,call,1110.0,0.71,47.0,0.83,22.0,0.77,0.76,1.0,0.8258,0.0216,0.0005,-0.3706,0.0625,0.0035,2026-08-07,902.77,902.77,847.4,878.41,887387.0,871.3118
2026-08-07T20:31:36.908,7,7,MU260814C01115000,MU,2026-08-14,call,1115.0,0.62,71.0,0.82,69.0,0.72,0.72,2.0,0.8305,0.0202,0.0005,-0.3528,0.0592,0.0033,2026-08-07,902.77,902.77,847.4,878.41,887387.0,871.3118
2026-08-07T20:31:36.908,7,7,MU260814C01120000,MU,2026-08-14,call,1120.0,0.61,40.0,0.68,46.0,0.645,0.69,3.0,0.8301,0.0183,0.0004,-0.3245,0.0545,0.003,2026-08-07,902.77,902.77,847.4,878.41,887387.0,871.3118
2026-08-07T20:31:36.908,7,7,MU260814C01125000,MU,2026-08-14,call,1125.0,0.56,70.0,0.69,40.0,0.625,0.66,2.0,0.8389,0.0177,0.0004,-0.3177,0.0528,0.0028,2026-08-07,902.77,902.77,847.4,878.41,887387.0,871.3118
2026-08-07T20:31:36.908,7,7,MU260814C01130000,MU,2026-08-14,call,1130.0,0.48,51.0,0.65,28.0,0.565,0.6,1.0,0.8395,0.0161,0.0004,-0.2941,0.0488,0.0026,2026-08-07,902.77,902.77,847.4,878.41,887387.0,871.3118
2026-08-07T20:31:36.908,7,7,MU260814C01135000,MU,2026-08-14,call,1135.0,0.49,58.0,0.61,60.0,0.55,0.53,5.0,,,,,,,2026-08-07,902.77,902.77,847.4,878.41,887387.0,871.3118
2026-08-07T20:31:36.908,7,7,MU260814C01140000,MU,2026-08-14,call,1140.0,0.45,75.0,0.54,47.0,0.495,0.47,1.0,0.8485,0.0142,0.0004,-0.2662,0.0437,0.0023,2026-08-07,902.77,902.77,847.4,878.41,887387.0,871.3118
2026-08-07T20:31:36.908,7,7,MU260814C01145000,MU,2026-08-14,call,1145.0,0.37,16.0,0.55,24.0,0.46,0.49,1.0,0.8522,0.0132,0.0003,-0.2517,0.0412,0.0021,2026-08-07,902.77,902.77,847.4,878.41,887387.0,871.3118
2026-08-07T20:31:36.908,7,7,MU260814C01150000,MU,2026-08-14,call,1150.0,0.45,8.0,0.53,56.0,0.49,0.45,38.0,,,,,,,2026-08-07,902.77,902.77,847.4,878.41,887387.0,871.3118
2026-08-07T20:31:36.908,7,7,MU260814C01155000,MU,2026-08-14,call,1155.0,0.36,26.0,0.5,59.0,0.43,0.45,1.0,,,,,,,2026-08-07,902.77,902.77,847.4,878.41,887387.0,871.3118
2026-08-07T20:31:36.908,7,7,MU260814C01160000,MU,2026-08-14,call,1160.0,0.35,47.0,0.48,61.0,0.415,0.34,3.0,,,,,,,2026-08-07,902.77,902.77,847.4,878.41,887387.0,871.3118
2026-08-07T20:31:36.908,7,7,MU260814C01165000,MU,2026-08-14,call,1165.0,0.32,23.0,0.45,23.0,0.385,0.41,1.0,,,,,,,2026-08-07,902.77,902.77,847.4,878.41,887387.0,871.3118
2026-08-07T20:31:36.908,7,7,MU260814C01170000,MU,2026-08-14,call,1170.0,0.26,50.0,0.39,49.0,0.325,0.36,1.0,,,,,,,2026-08-07,902.77,902.77,847.4,878.41,887387.0,871.3118
2026-08-07T20:31:36.908,7,7,MU260814C01175000,MU,2026-08-14,call,1175.0,0.28,22.0,0.37,27.0,0.325,0.33,25.0,,,,,,,2026-08-07,902.77,902.77,847.4,878.41,887387.0,871.3118
2026-08-07T20:31:36.908,7,7,MU260814C01180000,MU,2026-08-14,call,1180.0,0.3,36.0,0.36,48.0,0.32999999999999996,0.31,2.0,,,,,,,2026-08-07,902.77,902.77,847.4,878.41,887387.0,871.3118
2026-08-07T20:31:36.908,7,7,MU260814C01185000,MU,2026-08-14,call,1185.0,0.2,22.0,0.34,27.0,0.27,0.28,3.0,,,,,,,2026-08-07,902.77,902.77,847.4,878.41,887387.0,871.3118
2026-08-07T20:31:36.908,7,7,MU260814C01190000,MU,2026-08-14,call,1190.0,0.2,69.0,0.32,38.0,0.26,0.27,1.0,,,,,,,2026-08-07,902.77,902.77,847.4,878.41,887387.0,871.3118
2026-08-07T20:31:36.908,7,7,MU260814C01200000,MU,2026-08-14,call,1200.0,0.27,1.0,0.29,54.0,0.28,0.27,1.0,,,,,,,2026-08-07,902.77,902.77,847.4,878.41,887387.0,871.3118
2026-08-07T20:31:36.908,7,7,MU260814C01210000,MU,2026-08-14,call,1210.0,0.15,89.0,0.28,61.0,0.21500000000000002,0.22,1.0,,,,,,,2026-08-07,902.77,902.77,847.4,878.41,887387.0,871.3118
2026-08-07T20:31:36.908,7,7,MU260814C01220000,MU,2026-08-14,call,1220.0,0.17,58.0,0.26,28.0,0.21500000000000002,0.6,1.0,,,,,,,2026-08-07,902.77,902.77,847.4,878.41,887387.0,871.3118
2026-08-07T20:31:36.908,7,7,MU260814C01230000,MU,2026-08-14,call,1230.0,0.2,2.0,0.21,20.0,0.20500000000000002,0.22,1.0,,,,,,,2026-08-07,902.77,902.77,847.4,878.41,887387.0,871.3118
2026-08-07T20:31:36.908,7,7,MU260814C01240000,MU,2026-08-14,call,1240.0,0.14,32.0,0.22,30.0,0.18,0.22,1.0,,,,,,,2026-08-07,902.77,902.77,847.4,878.41,887387.0,871.3118
2026-08-07T20:31:36.908,7,7,MU260814C01250000,MU,2026-08-14,call,1250.0,0.11,29.0,0.25,44.0,0.18,0.18,1.0,,,,,,,2026-08-07,902.77,902.77,847.4,878.41,887387.0,871.3118
2026-08-07T20:31:36.908,7,7,MU260814C01260000,MU,2026-08-14,call,1260.0,0.06,71.0,0.24,20.0,0.15,0.19,1.0,,,,,,,2026-08-07,902.77,902.77,847.4,878.41,887387.0,871.3118
2026-08-07T20:31:36.908,7,7,MU260814C01270000,MU,2026-08-14,call,1270.0,0.08,40.0,0.41,120.0,0.245,0.17,1.0,,,,,,,2026-08-07,902.77,902.77,847.4,878.41,887387.0,871.3118
2026-08-07T20:31:36.908,7,7,MU260814C01280000,MU,2026-08-14,call,1280.0,0.12,2.0,0.4,138.0,0.26,0.16,1.0,,,,,,,2026-08-07,902.77,902.77,847.4,878.41,887387.0,871.3118
2026-08-07T20:31:36.908,7,7,MU260814C01290000,MU,2026-08-14,call,1290.0,0.06,91.0,0.41,149.0,0.235,0.21,1.0,,,,,,,2026-08-07,902.77,902.77,847.4,878.41,887387.0,871.3118
2026-08-07T20:31:36.908,7,7,MU260814C01300000,MU,2026-08-14,call,1300.0,0.07,72.0,0.12,19.0,0.095,0.12,48.0,,,,,,,2026-08-07,902.77,902.77,847.4,878.41,887387.0,871.3118
2026-08-07T20:31:36.908,7,7,MU260814C01310000,MU,2026-08-14,call,1310.0,0.01,27.0,0.41,137.0,0.21,0.14,5.0,,,,,,,2026-08-07,902.77,902.77,847.4,878.41,887387.0,871.3118
2026-08-07T20:31:36.908,7,7,MU260814C01320000,MU,2026-08-14,call,1320.0,0.03,53.0,0.28,102.0,0.15500000000000003,0.13,1.0,,,,,,,2026-08-07,902.77,902.77,847.4,878.41,887387.0,871.3118
2026-08-07T20:31:36.908,7,7,MU260814C01330000,MU,2026-08-14,call,1330.0,0.01,40.0,0.27,102.0,0.14,0.13,1.0,,,,,,,2026-08-07,902.77,902.77,847.4,878.41,887387.0,871.3118
2026-08-07T20:31:36.908,7,7,MU260814C01340000,MU,2026-08-14,call,1340.0,0.01,67.0,0.15,51.0,0.08,0.12,1.0,,,,,,,2026-08-07,902.77,902.77,847.4,878.41,887387.0,871.3118
2026-08-07T20:31:36.908,7,7,MU260814C01350000,MU,2026-08-14,call,1350.0,0.07,56.0,0.08,39.0,0.07500000000000001,0.07,10.0,,,,,,,2026-08-07,902.77,902.77,847.4,878.41,887387.0,871.3118
2026-08-07T20:31:36.908,7,7,MU260814C01360000,MU,2026-08-14,call,1360.0,0.03,73.0,0.37,95.0,0.2,0.18,1.0,,,,,,,2026-08-07,902.77,902.77,847.4,878.41,887387.0,871.3118
2026-08-07T20:31:36.908,7,7,MU260814C01370000,MU,2026-08-14,call,1370.0,0.01,47.0,0.14,47.0,0.07500000000000001,0.11,1.0,,,,,,,2026-08-07,902.77,902.77,847.4,878.41,887387.0,871.3118
2026-08-07T20:31:36.908,7,7,MU260814C01380000,MU,2026-08-14,call,1380.0,0.01,71.0,0.13,59.0,0.07,0.26,10.0,,,,,,,2026-08-07,902.77,902.77,847.4,878.41,887387.0,871.3118
2026-08-07T20:31:36.908,7,7,MU260814C01390000,MU,2026-08-14,call,1390.0,0.03,46.0,0.48,63.0,0.255,0.72,8.0,,,,,,,2026-08-07,902.77,902.77,847.4,878.41,887387.0,871.3118
2026-08-07T20:31:36.908,7,7,MU260814C01400000,MU,2026-08-14,call,1400.0,0.03,58.0,0.12,53.0,0.075,0.06,2.0,,,,,,,2026-08-07,902.77,902.77,847.4,878.41,887387.0,871.3118
2026-08-07T20:31:36.908,7,7,MU260814C01410000,MU,2026-08-14,call,1410.0,0.01,36.0,0.36,93.0,0.185,0.1,2.0,,,,,,,2026-08-07,902.77,902.77,847.4,878.41,887387.0,871.3118
2026-08-07T20:31:36.908,7,7,MU260814C01420000,MU,2026-08-14,call,1420.0,0.01,12.0,0.12,39.0,0.065,0.48,3.0,,,,,,,2026-08-07,902.77,902.77,847.4,878.41,887387.0,871.3118
2026-08-07T20:31:36.908,7,7,MU260814C01430000,MU,2026-08-14,call,1430.0,0.01,11.0,0.11,24.0,0.06,0.22,1.0,,,,,,,2026-08-07,902.77,902.77,847.4,878.41,887387.0,871.3118
2026-08-07T20:31:36.908,7,7,MU260814C01440000,MU,2026-08-14,call,1440.0,0.01,14.0,0.07,16.0,0.04,0.04,2.0,,,,,,,2026-08-07,902.77,902.77,847.4,878.41,887387.0,871.3118
2026-08-07T20:31:36.908,7,7,MU260814C01450000,MU,2026-08-14,call,1450.0,0.01,43.0,0.05,16.0,0.030000000000000002,0.06,1.0,,,,,,,2026-08-07,902.77,902.77,847.4,878.41,887387.0,871.3118
2026-08-07T20:31:36.908,7,7,MU260814C01460000,MU,2026-08-14,call,1460.0,0.0,0.0,0.04,4.0,0.02,0.02,2.0,,,,,,,2026-08-07,902.77,902.77,847.4,878.41,887387.0,871.3118
2026-08-07T20:31:36.908,7,7,MU260814C01470000,MU,2026-08-14,call,1470.0,0.0,0.0,0.5,44.0,0.25,0.24,1.0,,,,,,,2026-08-07,902.77,902.77,847.4,878.41,887387.0,871.3118
2026-08-07T20:31:36.908,7,7,MU260814C01480000,MU,2026-08-14,call,1480.0,0.0,0.0,0.5,86.0,0.25,0.11,2.0,,,,,,,2026-08-07,902.77,902.77,847.4,878.41,887387.0,871.3118
2026-08-07T20:31:36.908,7,7,MU260814C01490000,MU,2026-08-14,call,1490.0,0.0,0.0,0.46,58.0,0.23,0.1,3.0,,,,,,,2026-08-07,902.77,902.77,847.4,878.41,887387.0,871.3118
2026-08-07T20:31:36.908,7,7,MU260814C01500000,MU,2026-08-14,call,1500.0,0.0,0.0,0.03,7.0,0.015,0.03,1.0,,,,,,,2026-08-07,902.77,902.77,847.4,878.41,887387.0,871.3118
2026-08-07T20:31:36.908,7,7,MU260814C01510000,MU,2026-08-14,call,1510.0,0.0,0.0,0.49,150.0,0.245,0.03,1.0,,,,,,,2026-08-07,902.77,902.77,847.4,878.41,887387.0,871.3118
2026-08-07T20:31:36.908,7,7,MU260814C01520000,MU,2026-08-14,call,1520.0,0.0,0.0,0.45,54.0,0.225,0.21,1.0,,,,,,,2026-08-07,902.77,902.77,847.4,878.41,887387.0,871.3118
2026-08-07T20:31:36.908,7,7,MU260814C01530000,MU,2026-08-14,call,1530.0,0.0,0.0,0.45,91.0,0.225,0.05,9.0,,,,,,,2026-08-07,902.77,902.77,847.4,878.41,887387.0,871.3118
2026-08-07T20:31:36.908,7,7,MU260814C01540000,MU,2026-08-14,call,1540.0,0.0,0.0,0.45,8.0,0.225,0.18,1.0,,,,,,,2026-08-07,902.77,902.77,847.4,878.41,887387.0,871.3118
2026-08-07T20:31:36.908,7,7,MU260814C01550000,MU,2026-08-14,call,1550.0,0.0,0.0,0.49,2.0,0.245,0.15,1.0,,,,,,,2026-08-07,902.77,902.77,847.4,878.41,887387.0,871.3118
2026-08-07T20:31:36.908,7,7,MU260814C01560000,MU,2026-08-14,call,1560.0,0.0,0.0,0.49,44.0,0.245,0.02,3.0,,,,,,,2026-08-07,902.77,902.77,847.4,878.41,887387.0,871.3118
2026-08-07T20:31:36.908,7,7,MU260814C01570000,MU,2026-08-14,call,1570.0,0.0,0.0,0.49,59.0,0.245,0.16,3.0,,,,,,,2026-08-07,902.77,902.77,847.4,878.41,887387.0,871.3118
2026-08-07T20:31:36.908,7,7,MU260814C01580000,MU,2026-08-14,call,1580.0,0.0,0.0,0.45,6.0,0.225,0.15,11.0,,,,,,,2026-08-07,902.77,902.77,847.4,878.41,887387.0,871.3118
2026-08-07T20:31:36.908,7,7,MU260814C01590000,MU,2026-08-14,call,1590.0,0.0,0.0,0.45,7.0,0.225,0.14,1.0,,,,,,,2026-08-07,902.77,902.77,847.4,878.41,887387.0,871.3118
2026-08-07T20:31:36.908,7,7,MU260814C01600000,MU,2026-08-14,call,1600.0,0.0,0.0,0.49,36.0,0.245,0.05,1.0,,,,,,,2026-08-07,902.77,902.77,847.4,878.41,887387.0,871.3118
2026-08-07T20:31:36.908,7,7,MU260814C01610000,MU,2026-08-14,call,1610.0,0.0,0.0,0.48,3.0,0.24,0.2,1.0,,,,,,,2026-08-07,902.77,902.77,847.4,878.41,887387.0,871.3118
2026-08-07T20:31:36.908,7,7,MU260814C01620000,MU,2026-08-14,call,1620.0,0.0,0.0,0.44,29.0,0.22,0.03,2.0,,,,,,,2026-08-07,902.77,902.77,847.4,878.41,887387.0,871.3118
2026-08-07T20:31:36.908,7,7,MU260814C01630000,MU,2026-08-14,call,1630.0,0.0,0.0,0.44,9.0,0.22,0.07,4.0,,,,,,,2026-08-07,902.77,902.77,847.4,878.41,887387.0,871.3118
2026-08-07T20:31:36.908,7,7,MU260814C01640000,MU,2026-08-14,call,1640.0,0.0,0.0,0.44,5.0,0.22,0.09,2.0,,,,,,,2026-08-07,902.77,902.77,847.4,878.41,887387.0,871.3118
2026-08-07T20:31:36.908,7,7,MU260814C01650000,MU,2026-08-14,call,1650.0,0.0,0.0,0.09,32.0,0.045,0.04,2.0,,,,,,,2026-08-07,902.77,902.77,847.4,878.41,887387.0,871.3118
2026-08-07T20:31:36.908,7,7,MU260814C01660000,MU,2026-08-14,call,1660.0,0.0,0.0,0.44,9.0,0.22,0.08,2.0,,,,,,,2026-08-07,902.77,902.77,847.4,878.41,887387.0,871.3118
2026-08-07T20:31:36.908,7,7,MU260814C01670000,MU,2026-08-14,call,1670.0,0.03,1.0,0.44,53.0,0.235,0.14,1.0,,,,,,,2026-08-07,902.77,902.77,847.4,878.41,887387.0,871.3118
2026-08-07T20:31:36.908,7,7,MU260814C01680000,MU,2026-08-14,call,1680.0,0.0,0.0,0.48,9.0,0.24,0.07,3.0,,,,,,,2026-08-07,902.77,902.77,847.4,878.41,887387.0,871.3118
2026-08-07T20:31:36.908,7,7,MU260814C01690000,MU,2026-08-14,call,1690.0,0.0,0.0,0.44,2.0,0.22,0.06,1.0,,,,,,,2026-08-07,902.77,902.77,847.4,878.41,887387.0,871.3118
2026-08-07T20:31:36.908,7,7,MU260814C01700000,MU,2026-08-14,call,1700.0,0.0,0.0,0.03,31.0,0.015,0.03,10.0,,,,,,,2026-08-07,902.77,902.77,847.4,878.41,887387.0,871.3118
2026-08-07T20:31:36.908,7,7,MU260814C01710000,MU,2026-08-14,call,1710.0,0.0,0.0,0.28,5.0,0.14,0.08,1.0,,,,,,,2026-08-07,902.77,902.77,847.4,878.41,887387.0,871.3118
2026-08-07T20:31:36.908,7,7,MU260814C01720000,MU,2026-08-14,call,1720.0,0.0,0.0,0.48,2.0,0.24,0.13,1.0,,,,,,,2026-08-07,902.77,902.77,847.4,878.41,887387.0,871.3118
2026-08-07T20:31:36.908,7,7,MU260814C01730000,MU,2026-08-14,call,1730.0,0.0,0.0,0.48,14.0,0.24,0.03,1.0,,,,,,,2026-08-07,902.77,902.77,847.4,878.41,887387.0,871.3118
2026-08-07T20:31:36.908,7,7,MU260814C01740000,MU,2026-08-14,call,1740.0,0.0,0.0,0.44,10.0,0.22,0.1,1.0,,,,,,,2026-08-07,902.77,902.77,847.4,878.41,887387.0,871.3118
2026-08-07T20:31:36.908,7,7,MU260814C01750000,MU,2026-08-14,call,1750.0,0.0,0.0,0.44,10.0,0.22,0.14,1.0,,,,,,,2026-08-07,902.77,902.77,847.4,878.41,887387.0,871.3118
2026-08-07T20:31:36.908,7,7,MU260814C01760000,MU,2026-08-14,call,1760.0,0.0,0.0,0.44,9.0,0.22,0.17,1.0,,,,,,,2026-08-07,902.77,902.77,847.4,878.41,887387.0,871.3118
2026-08-07T20:31:36.908,7,7,MU260814C01770000,MU,2026-08-14,call,1770.0,0.0,0.0,0.48,2.0,0.24,0.14,1.0,,,,,,,2026-08-07,902.77,902.77,847.4,878.41,887387.0,871.3118
2026-08-07T20:31:36.908,7,7,MU260814C01780000,MU,2026-08-14,call,1780.0,0.0,0.0,0.44,7.0,0.22,0.03,1.0,,,,,,,2026-08-07,902.77,902.77,847.4,878.41,887387.0,871.3118
2026-08-07T20:31:36.908,7,7,MU260814C01790000,MU,2026-08-14,call,1790.0,0.0,0.0,0.44,10.0,0.22,0.08,2.0,,,,,,,2026-08-07,902.77,902.77,847.4,878.41,887387.0,871.3118
2026-08-07T20:31:36.908,7,7,MU260814C01800000,MU,2026-08-14,call,1800.0,0.0,0.0,0.44,20.0,0.22,0.03,3.0,,,,,,,2026-08-07,902.77,902.77,847.4,878.41,887387.0,871.3118
2026-08-07T20:31:36.908,7,7,MU260814C01810000,MU,2026-08-14,call,1810.0,0.0,0.0,0.48,9.0,0.24,0.04,2.0,,,,,,,2026-08-07,902.77,902.77,847.4,878.41,887387.0,871.3118
2026-08-07T20:31:36.908,7,7,MU260814C01820000,MU,2026-08-14,call,1820.0,0.03,15.0,0.07,76.0,0.05,0.03,1.0,,,,,,,2026-08-07,902.77,902.77,847.4,878.41,887387.0,871.3118
2026-08-07T20:31:36.908,7,7,MU260814C01830000,MU,2026-08-14,call,1830.0,0.0,0.0,0.48,68.0,0.24,0.1,1.0,,,,,,,2026-08-07,902.77,902.77,847.4,878.41,887387.0,871.3118
2026-08-07T20:31:36.908,7,7,MU260814C01840000,MU,2026-08-14,call,1840.0,0.0,0.0,0.11,14.0,0.055,0.07,2.0,,,,,,,2026-08-07,902.77,902.77,847.4,878.41,887387.0,871.3118
2026-08-07T20:31:36.908,7,7,MU260814C01850000,MU,2026-08-14,call,1850.0,0.0,0.0,0.48,66.0,0.24,0.04,5.0,,,,,,,2026-08-07,902.77,902.77,847.4,878.41,887387.0,871.3118
2026-08-07T20:31:36.908,7,7,MU260814C01860000,MU,2026-08-14,call,1860.0,0.0,0.0,0.03,8.0,0.015,0.06,2.0,,,,,,,2026-08-07,902.77,902.77,847.4,878.41,887387.0,871.3118
2026-08-07T20:31:36.908,7,7,MU260814C01870000,MU,2026-08-14,call,1870.0,0.0,0.0,0.01,9.0,0.005,0.01,1.0,,,,,,,2026-08-07,902.77,902.77,847.4,878.41,887387.0,871.3118
2026-08-07T20:31:36.908,7,7,MU260814C01880000,MU,2026-08-14,call,1880.0,0.0,0.0,0.01,1000.0,0.005,0.01,5.0,,,,,,,2026-08-07,902.77,902.77,847.4,878.41,887387.0,871.3118
2026-08-07T20:31:36.908,7,7,MU260814C01890000,MU,2026-08-14,call,1890.0,0.0,0.0,0.01,993.0,0.005,0.01,1.0,,,,,,,2026-08-07,902.77,902.77,847.4,878.41,887387.0,871.3118
2026-08-07T20:31:36.908,7,7,MU260814C01900000,MU,2026-08-14,call,1900.0,0.0,0.0,0.01,1000.0,0.005,0.03,1.0,,,,,,,2026-08-07,902.77,902.77,847.4,878.41,887387.0,871.3118
2026-08-07T20:31:36.908,7,7,MU260814C01910000,MU,2026-08-14,call,1910.0,0.0,0.0,0.01,5.0,0.005,0.01,16.0,,,,,,,2026-08-07,902.77,902.77,847.4,878.41,887387.0,871.3118
2026-08-07T20:31:36.908,7,7,MU260814C01920000,MU,2026-08-14,call,1920.0,0.0,0.0,0.04,5.0,0.02,0.01,9.0,,,,,,,2026-08-07,902.77,902.77,847.4,878.41,887387.0,871.3118
2026-08-07T20:31:36.908,7,7,MU260814C01930000,MU,2026-08-14,call,1930.0,0.0,0.0,0.01,984.0,0.005,0.01,3.0,,,,,,,2026-08-07,902.77,902.77,847.4,878.41,887387.0,871.3118
2026-08-07T20:31:36.908,7,7,MU260814C01940000,MU,2026-08-14,call,1940.0,0.0,0.0,0.03,1000.0,0.015,0.01,5.0,,,,,,,2026-08-07,902.77,902.77,847.4,878.41,887387.0,871.3118
2026-08-07T20:31:36.908,7,7,MU260814C01950000,MU,2026-08-14,call,1950.0,0.0,0.0,0.03,1000.0,0.015,0.01,2.0,,,,,,,2026-08-07,902.77,902.77,847.4,878.41,887387.0,871.3118
2026-08-07T20:31:36.908,7,7,MU260814C01960000,MU,2026-08-14,call,1960.0,0.0,0.0,0.03,3.0,0.015,0.01,1.0,,,,,,,2026-08-07,902.77,902.77,847.4,878.41,887387.0,871.3118
2026-08-07T20:31:36.908,7,7,MU260814C01970000,MU,2026-08-14,call,1970.0,0.0,0.0,0.03,10.0,0.015,0.01,2.0,,,,,,,2026-08-07,902.77,902.77,847.4,878.41,887387.0,871.3118
2026-08-07T20:31:36.908,7,7,MU260814C01980000,MU,2026-08-14,call,1980.0,0.0,0.0,0.48,19.0,0.24,0.1,1.0,,,,,,,2026-08-07,902.77,902.77,847.4,878.41,887387.0,871.3118
2026-08-07T20:31:36.908,7,7,MU260814C01990000,MU,2026-08-14,call,1990.0,0.0,0.0,0.04,1000.0,0.02,0.01,6.0,,,,,,,2026-08-07,902.77,902.77,847.4,878.41,887387.0,871.3118
2026-08-07T20:31:36.908,7,7,MU260814C02000000,MU,2026-08-14,call,2000.0,0.0,0.0,0.01,10.0,0.005,0.01,1.0,,,,,,,2026-08-07,902.77,902.77,847.4,878.41,887387.0,871.3118
2026-08-07T20:31:36.908,7,7,MU260814C02010000,MU,2026-08-14,call,2010.0,0.0,0.0,0.99,1.0,0.495,0.01,1.0,,,,,,,2026-08-07,902.77,902.77,847.4,878.41,887387.0,871.3118
2026-08-07T20:31:36.908,7,7,MU260814C02020000,MU,2026-08-14,call,2020.0,0.0,0.0,0.04,5.0,0.02,0.01,9.0,,,,,,,2026-08-07,902.77,902.77,847.4,878.41,887387.0,871.3118
2026-08-07T20:31:36.908,7,7,MU260814C02030000,MU,2026-08-14,call,2030.0,0.0,0.0,0.04,5.0,0.02,0.01,2.0,,,,,,,2026-08-07,902.77,902.77,847.4,878.41,887387.0,871.3118
2026-08-07T20:31:36.908,7,7,MU260814C02040000,MU,2026-08-14,call,2040.0,0.0,0.0,0.47,10.0,0.235,0.01,6.0,,,,,,,2026-08-07,902.77,902.77,847.4,878.41,887387.0,871.3118
2026-08-07T20:31:36.908,7,7,MU260814C02050000,MU,2026-08-14,call,2050.0,0.0,0.0,0.01,1294.0,0.005,0.01,1.0,,,,,,,2026-08-07,902.77,902.77,847.4,878.41,887387.0,871.3118
2026-08-07T20:31:36.908,7,7,MU260814C02060000,MU,2026-08-14,call,2060.0,0.0,0.0,0.43,6.0,0.215,0.05,2.0,,,,,,,2026-08-07,902.77,902.77,847.4,878.41,887387.0,871.3118
2026-08-07T20:31:36.908,7,7,MU260814C02070000,MU,2026-08-14,call,2070.0,0.0,0.0,0.43,5.0,0.215,0.04,7.0,,,,,,,2026-08-07,902.77,902.77,847.4,878.41,887387.0,871.3118
2026-08-07T20:31:36.908,7,7,MU260814C02080000,MU,2026-08-14,call,2080.0,0.0,0.0,0.13,2.0,0.065,0.03,2.0,,,,,,,2026-08-07,902.77,902.77,847.4,878.41,887387.0,871.3118
2026-08-07T20:31:36.908,7,7,MU260814C02090000,MU,2026-08-14,call,2090.0,0.0,0.0,0.38,2.0,0.19,0.01,1.0,,,,,,,2026-08-07,902.77,902.77,847.4,878.41,887387.0,871.3118
2026-08-07T20:31:36.908,7,7,MU260814C02100000,MU,2026-08-14,call,2100.0,0.0,0.0,0.94,1.0,0.47,0.03,1.0,,,,,,,2026-08-07,902.77,902.77,847.4,878.41,887387.0,871.3118
2026-08-07T20:31:36.908,7,7,MU260814C02110000,MU,2026-08-14,call,2110.0,0.0,0.0,0.94,1.0,0.47,0.01,1.0,,,,,,,2026-08-07,902.77,902.77,847.4,878.41,887387.0,871.3118
2026-08-07T20:31:36.908,7,7,MU260814C02120000,MU,2026-08-14,call,2120.0,0.0,0.0,0.01,20.0,0.005,0.02,3.0,,,,,,,2026-08-07,902.77,902.77,847.4,878.41,887387.0,871.3118
2026-08-07T20:31:36.908,7,7,MU260814P00100000,MU,2026-08-14,put,100.0,0.0,0.0,0.01,10000.0,0.005,0.01,2.0,,,,,,,2026-08-07,902.77,902.77,847.4,878.41,887387.0,871.3118
2026-08-07T20:31:36.908,7,7,MU260814P00105000,MU,2026-08-14,put,105.0,0.0,0.0,0.03,10500.0,0.015,0.01,500.0,,,,,,,2026-08-07,902.77,902.77,847.4,878.41,887387.0,871.3118
2026-08-07T20:31:36.908,7,7,MU260814P00110000,MU,2026-08-14,put,110.0,0.0,0.0,0.01,9650.0,0.005,0.01,4000.0,,,,,,,2026-08-07,902.77,902.77,847.4,878.41,887387.0,871.3118
2026-08-07T20:31:36.908,7,7,MU260814P00115000,MU,2026-08-14,put,115.0,0.0,0.0,0.03,11500.0,0.015,0.01,20.0,,,,,,,2026-08-07,902.77,902.77,847.4,878.41,887387.0,871.3118
2026-08-07T20:31:36.908,7,7,MU260814P00120000,MU,2026-08-14,put,120.0,0.0,0.0,0.03,11150.0,0.015,0.01,1000.0,,,,,,,2026-08-07,902.77,902.77,847.4,878.41,887387.0,871.3118
2026-08-07T20:31:36.908,7,7,MU260814P00125000,MU,2026-08-14,put,125.0,0.0,0.0,0.01,9500.0,0.005,0.01,1000.0,,,,,,,2026-08-07,902.77,902.77,847.4,878.41,887387.0,871.3118
2026-08-07T20:31:36.908,7,7,MU260814P00130000,MU,2026-08-14,put,130.0,0.0,0.0,0.03,9500.0,0.015,0.01,1000.0,,,,,,,2026-08-07,902.77,902.77,847.4,878.41,887387.0,871.3118
2026-08-07T20:31:36.908,7,7,MU260814P00135000,MU,2026-08-14,put,135.0,0.0,0.0,0.03,9500.0,0.015,0.01,1000.0,,,,,,,2026-08-07,902.77,902.77,847.4,878.41,887387.0,871.3118
2026-08-07T20:31:36.908,7,7,MU260814P00140000,MU,2026-08-14,put,140.0,0.0,0.0,0.01,9500.0,0.005,0.01,2.0,,,,,,,2026-08-07,902.77,902.77,847.4,878.41,887387.0,871.3118
2026-08-07T20:31:36.908,7,7,MU260814P00145000,MU,2026-08-14,put,145.0,0.0,0.0,0.01,9500.0,0.005,0.01,1000.0,,,,,,,2026-08-07,902.77,902.77,847.4,878.41,887387.0,871.3118
2026-08-07T20:31:36.908,7,7,MU260814P00150000,MU,2026-08-14,put,150.0,0.0,0.0,0.03,9500.0,0.015,0.01,104.0,,,,,,,2026-08-07,902.77,902.77,847.4,878.41,887387.0,871.3118
2026-08-07T20:31:36.908,7,7,MU260814P00155000,MU,2026-08-14,put,155.0,0.0,0.0,0.01,9500.0,0.005,0.01,980.0,,,,,,,2026-08-07,902.77,902.77,847.4,878.41,887387.0,871.3118
2026-08-07T20:31:36.908,7,7,MU260814P00160000,MU,2026-08-14,put,160.0,0.0,0.0,0.03,9500.0,0.015,0.1,1.0,,,,,,,2026-08-07,902.77,902.77,847.4,878.41,887387.0,871.3118
2026-08-07T20:31:36.908,7,7,MU260814P00165000,MU,2026-08-14,put,165.0,0.0,0.0,0.43,16.0,0.215,0.02,1.0,,,,,,,2026-08-07,902.77,902.77,847.4,878.41,887387.0,871.3118
2026-08-07T20:31:36.908,7,7,MU260814P00170000,MU,2026-08-14,put,170.0,0.0,0.0,0.5,4.0,0.25,0.08,1.0,,,,,,,2026-08-07,902.77,902.77,847.4,878.41,887387.0,871.3118
2026-08-07T20:31:36.908,7,7,MU260814P00175000,MU,2026-08-14,put,175.0,0.0,0.0,0.17,2.0,0.085,0.09,1.0,,,,,,,2026-08-07,902.77,902.77,847.4,878.41,887387.0,871.3118
2026-08-07T20:31:36.908,7,7,MU260814P00180000,MU,2026-08-14,put,180.0,0.0,0.0,0.47,12.0,0.235,0.03,1.0,,,,,,,2026-08-07,902.77,902.77,847.4,878.41,887387.0,871.3118
2026-08-07T20:31:36.908,7,7,MU260814P00185000,MU,2026-08-14,put,185.0,0.0,0.0,0.48,18.0,0.24,0.1,1.0,,,,,,,2026-08-07,902.77,902.77,847.4,878.41,887387.0,871.3118
2026-08-07T20:31:36.908,7,7,MU260814P00190000,MU,2026-08-14,put,190.0,0.0,0.0,0.01,1.0,0.005,0.15,1.0,,,,,,,2026-08-07,902.77,902.77,847.4,878.41,887387.0,871.3118
2026-08-07T20:31:36.908,7,7,MU260814P00195000,MU,2026-08-14,put,195.0,0.0,0.0,0.43,12.0,0.215,0.02,1.0,,,,,,,2026-08-07,902.77,902.77,847.4,878.41,887387.0,871.3118
2026-08-07T20:31:36.908,7,7,MU260814P00200000,MU,2026-08-14,put,200.0,0.0,0.0,0.08,2.0,0.04,0.02,1.0,,,,,,,2026-08-07,902.77,902.77,847.4,878.41,887387.0,871.3118
2026-08-07T20:31:36.908,7,7,MU260814P00205000,MU,2026-08-14,put,205.0,0.0,0.0,0.43,2.0,0.215,,,,,,,,,2026-08-07,902.77,902.77,847.4,878.41,887387.0,871.3118
2026-08-07T20:31:36.908,7,7,MU260814P00210000,MU,2026-08-14,put,210.0,0.0,0.0,0.43,1.0,0.215,0.12,2.0,,,,,,,2026-08-07,902.77,902.77,847.4,878.41,887387.0,871.3118
2026-08-07T20:31:36.908,7,7,MU260814P00215000,MU,2026-08-14,put,215.0,0.0,0.0,0.47,4.0,0.235,0.03,2.0,,,,,,,2026-08-07,902.77,902.77,847.4,878.41,887387.0,871.3118
2026-08-07T20:31:36.908,7,7,MU260814P00220000,MU,2026-08-14,put,220.0,0.0,0.0,0.04,1.0,0.02,0.02,1.0,,,,,,,2026-08-07,902.77,902.77,847.4,878.41,887387.0,871.3118
2026-08-07T20:31:36.908,7,7,MU260814P00225000,MU,2026-08-14,put,225.0,0.0,0.0,0.43,5.0,0.215,0.03,1.0,,,,,,,2026-08-07,902.77,902.77,847.4,878.41,887387.0,871.3118
2026-08-07T20:31:36.908,7,7,MU260814P00230000,MU,2026-08-14,put,230.0,0.0,0.0,0.43,2.0,0.215,0.02,1.0,,,,,,,2026-08-07,902.77,902.77,847.4,878.41,887387.0,871.3118
2026-08-07T20:31:36.908,7,7,MU260814P00235000,MU,2026-08-14,put,235.0,0.0,0.0,0.54,3.0,0.27,0.17,1.0,,,,,,,2026-08-07,902.77,902.77,847.4,878.41,887387.0,871.3118
2026-08-07T20:31:36.908,7,7,MU260814P00240000,MU,2026-08-14,put,240.0,0.0,0.0,0.54,15.0,0.27,0.05,3.0,,,,,,,2026-08-07,902.77,902.77,847.4,878.41,887387.0,871.3118
2026-08-07T20:31:36.908,7,7,MU260814P00245000,MU,2026-08-14,put,245.0,0.0,0.0,0.5,3.0,0.25,0.2,1.0,,,,,,,2026-08-07,902.77,902.77,847.4,878.41,887387.0,871.3118
2026-08-07T20:31:36.908,7,7,MU260814P00250000,MU,2026-08-14,put,250.0,0.0,0.0,0.47,12.0,0.235,0.02,3.0,,,,,,,2026-08-07,902.77,902.77,847.4,878.41,887387.0,871.3118
2026-08-07T20:31:36.908,7,7,MU260814P00255000,MU,2026-08-14,put,255.0,0.0,0.0,0.47,20.0,0.235,0.03,1.0,,,,,,,2026-08-07,902.77,902.77,847.4,878.41,887387.0,871.3118
2026-08-07T20:31:36.908,7,7,MU260814P00260000,MU,2026-08-14,put,260.0,0.0,0.0,0.04,1.0,0.02,0.05,1.0,,,,,,,2026-08-07,902.77,902.77,847.4,878.41,887387.0,871.3118
2026-08-07T20:31:36.908,7,7,MU260814P00265000,MU,2026-08-14,put,265.0,0.0,0.0,0.47,1.0,0.235,0.01,1.0,,,,,,,2026-08-07,902.77,902.77,847.4,878.41,887387.0,871.3118
2026-08-07T20:31:36.908,7,7,MU260814P00270000,MU,2026-08-14,put,270.0,0.0,0.0,0.47,6.0,0.235,0.01,1.0,,,,,,,2026-08-07,902.77,902.77,847.4,878.41,887387.0,871.3118
2026-08-07T20:31:36.908,7,7,MU260814P00275000,MU,2026-08-14,put,275.0,0.0,0.0,0.5,3.0,0.25,0.03,1.0,,,,,,,2026-08-07,902.77,902.77,847.4,878.41,887387.0,871.3118
2026-08-07T20:31:36.908,7,7,MU260814P00280000,MU,2026-08-14,put,280.0,0.0,0.0,0.43,12.0,0.215,0.02,4.0,,,,,,,2026-08-07,902.77,902.77,847.4,878.41,887387.0,871.3118
2026-08-07T20:31:36.908,7,7,MU260814P00285000,MU,2026-08-14,put,285.0,0.0,0.0,0.43,5.0,0.215,0.41,1.0,,,,,,,2026-08-07,902.77,902.77,847.4,878.41,887387.0,871.3118
2026-08-07T20:31:36.908,7,7,MU260814P00290000,MU,2026-08-14,put,290.0,0.0,0.0,0.43,2.0,0.215,0.17,10.0,,,,,,,2026-08-07,902.77,902.77,847.4,878.41,887387.0,871.3118
2026-08-07T20:31:36.908,7,7,MU260814P00295000,MU,2026-08-14,put,295.0,0.0,0.0,0.5,4.0,0.25,0.39,1.0,,,,,,,2026-08-07,902.77,902.77,847.4,878.41,887387.0,871.3118
2026-08-07T20:31:36.908,7,7,MU260814P00300000,MU,2026-08-14,put,300.0,0.03,10.0,0.04,41.0,0.035,0.03,10.0,,,,,,,2026-08-07,902.77,902.77,847.4,878.41,887387.0,871.3118
2026-08-07T20:31:36.908,7,7,MU260814P00305000,MU,2026-08-14,put,305.0,0.0,0.0,0.47,8.0,0.235,0.05,2.0,,,,,,,2026-08-07,902.77,902.77,847.4,878.41,887387.0,871.3118
2026-08-07T20:31:36.908,7,7,MU260814P00310000,MU,2026-08-14,put,310.0,0.0,0.0,0.47,4.0,0.235,0.09,1.0,,,,,,,2026-08-07,902.77,902.77,847.4,878.41,887387.0,871.3118
2026-08-07T20:31:36.908,7,7,MU260814P00315000,MU,2026-08-14,put,315.0,0.0,0.0,0.43,7.0,0.215,0.15,1.0,,,,,,,2026-08-07,902.77,902.77,847.4,878.41,887387.0,871.3118
2026-08-07T20:31:36.908,7,7,MU260814P00320000,MU,2026-08-14,put,320.0,0.0,0.0,0.17,7.0,0.085,0.02,2.0,,,,,,,2026-08-07,902.77,902.77,847.4,878.41,887387.0,871.3118
2026-08-07T20:31:36.908,7,7,MU260814P00325000,MU,2026-08-14,put,325.0,0.0,0.0,0.54,3.0,0.27,0.01,1.0,,,,,,,2026-08-07,902.77,902.77,847.4,878.41,887387.0,871.3118
2026-08-07T20:31:36.908,7,7,MU260814P00330000,MU,2026-08-14,put,330.0,0.0,0.0,0.1,3.0,0.05,0.11,1.0,,,,,,,2026-08-07,902.77,902.77,847.4,878.41,887387.0,871.3118
2026-08-07T20:31:36.908,7,7,MU260814P00335000,MU,2026-08-14,put,335.0,0.0,0.0,0.47,24.0,0.235,0.05,1.0,,,,,,,2026-08-07,902.77,902.77,847.4,878.41,887387.0,871.3118
2026-08-07T20:31:36.908,7,7,MU260814P00340000,MU,2026-08-14,put,340.0,0.0,0.0,0.43,5.0,0.215,0.02,1.0,,,,,,,2026-08-07,902.77,902.77,847.4,878.41,887387.0,871.3118
2026-08-07T20:31:36.908,7,7,MU260814P00345000,MU,2026-08-14,put,345.0,0.0,0.0,0.44,3.0,0.22,0.02,1.0,,,,,,,2026-08-07,902.77,902.77,847.4,878.41,887387.0,871.3118
2026-08-07T20:31:36.908,7,7,MU260814P00350000,MU,2026-08-14,put,350.0,0.01,135.0,0.02,1.0,0.015,0.05,1.0,,,,,,,2026-08-07,902.77,902.77,847.4,878.41,887387.0,871.3118
2026-08-07T20:31:36.908,7,7,MU260814P00355000,MU,2026-08-14,put,355.0,0.0,0.0,0.5,5.0,0.25,0.03,1.0,,,,,,,2026-08-07,902.77,902.77,847.4,878.41,887387.0,871.3118
2026-08-07T20:31:36.908,7,7,MU260814P00360000,MU,2026-08-14,put,360.0,0.0,0.0,0.54,14.0,0.27,0.02,1.0,,,,,,,2026-08-07,902.77,902.77,847.4,878.41,887387.0,871.3118
2026-08-07T20:31:36.908,7,7,MU260814P00365000,MU,2026-08-14,put,365.0,0.0,0.0,0.54,16.0,0.27,0.02,1.0,,,,,,,2026-08-07,902.77,902.77,847.4,878.41,887387.0,871.3118
2026-08-07T20:31:36.908,7,7,MU260814P00370000,MU,2026-08-14,put,370.0,0.0,0.0,0.5,8.0,0.25,0.02,1.0,,,,,,,2026-08-07,902.77,902.77,847.4,878.41,887387.0,871.3118
2026-08-07T20:31:36.908,7,7,MU260814P00375000,MU,2026-08-14,put,375.0,0.0,0.0,0.49,6.0,0.245,0.02,1.0,,,,,,,2026-08-07,902.77,902.77,847.4,878.41,887387.0,871.3118
2026-08-07T20:31:36.908,7,7,MU260814P00380000,MU,2026-08-14,put,380.0,0.0,0.0,0.02,2.0,0.01,0.04,2.0,,,,,,,2026-08-07,902.77,902.77,847.4,878.41,887387.0,871.3118
2026-08-07T20:31:36.908,7,7,MU260814P00385000,MU,2026-08-14,put,385.0,0.0,0.0,0.48,3.0,0.24,0.03,1.0,,,,,,,2026-08-07,902.77,902.77,847.4,878.41,887387.0,871.3118
2026-08-07T20:31:36.908,7,7,MU260814P00390000,MU,2026-08-14,put,390.0,0.0,0.0,0.47,11.0,0.235,0.03,1.0,,,,,,,2026-08-07,902.77,902.77,847.4,878.41,887387.0,871.3118
2026-08-07T20:31:36.908,7,7,MU260814P00395000,MU,2026-08-14,put,395.0,0.0,0.0,0.54,6.0,0.27,0.03,1.0,,,,,,,2026-08-07,902.77,902.77,847.4,878.41,887387.0,871.3118
2026-08-07T20:31:36.908,7,7,MU260814P00400000,MU,2026-08-14,put,400.0,0.01,288.0,0.04,1.0,0.025,0.11,1.0,,,,,,,2026-08-07,902.77,902.77,847.4,878.41,887387.0,871.3118
2026-08-07T20:31:36.908,7,7,MU260814P00405000,MU,2026-08-14,put,405.0,0.0,0.0,0.5,18.0,0.25,0.04,1.0,,,,,,,2026-08-07,902.77,902.77,847.4,878.41,887387.0,871.3118
2026-08-07T20:31:36.908,7,7,MU260814P00410000,MU,2026-08-14,put,410.0,0.0,0.0,0.06,11.0,0.03,0.04,2.0,,,,,,,2026-08-07,902.77,902.77,847.4,878.41,887387.0,871.3118
2026-08-07T20:31:36.908,7,7,MU260814P00415000,MU,2026-08-14,put,415.0,0.03,15.0,0.04,1.0,0.035,0.14,1.0,,,,,,,2026-08-07,902.77,902.77,847.4,878.41,887387.0,871.3118
2026-08-07T20:31:36.908,7,7,MU260814P00420000,MU,2026-08-14,put,420.0,0.0,0.0,0.07,10.0,0.035,0.03,1.0,,,,,,,2026-08-07,902.77,902.77,847.4,878.41,887387.0,871.3118
2026-08-07T20:31:36.908,7,7,MU260814P00425000,MU,2026-08-14,put,425.0,0.0,0.0,0.03,1.0,0.015,0.07,2.0,,,,,,,2026-08-07,902.77,902.77,847.4,878.41,887387.0,871.3118
2026-08-07T20:31:36.908,7,7,MU260814P00430000,MU,2026-08-14,put,430.0,0.0,0.0,0.07,2.0,0.035,0.05,1.0,,,,,,,2026-08-07,902.77,902.77,847.4,878.41,887387.0,871.3118
2026-08-07T20:31:36.908,7,7,MU260814P00435000,MU,2026-08-14,put,435.0,0.0,0.0,0.07,6.0,0.035,0.03,1.0,,,,,,,2026-08-07,902.77,902.77,847.4,878.41,887387.0,871.3118
2026-08-07T20:31:36.908,7,7,MU260814P00440000,MU,2026-08-14,put,440.0,0.0,0.0,0.07,6.0,0.035,0.02,1.0,,,,,,,2026-08-07,902.77,902.77,847.4,878.41,887387.0,871.3118
2026-08-07T20:31:36.908,7,7,MU260814P00445000,MU,2026-08-14,put,445.0,0.0,0.0,0.48,60.0,0.24,0.04,1.0,,,,,,,2026-08-07,902.77,902.77,847.4,878.41,887387.0,871.3118
2026-08-07T20:31:36.908,7,7,MU260814P00450000,MU,2026-08-14,put,450.0,0.01,29.0,0.12,29.0,0.065,0.05,200.0,,,,,,,2026-08-07,902.77,902.77,847.4,878.41,887387.0,871.3118
2026-08-07T20:31:36.908,7,7,MU260814P00455000,MU,2026-08-14,put,455.0,0.0,0.0,0.44,2.0,0.22,0.05,1.0,,,,,,,2026-08-07,902.77,902.77,847.4,878.41,887387.0,871.3118
2026-08-07T20:31:36.908,7,7,MU260814P00460000,MU,2026-08-14,put,460.0,0.0,0.0,0.48,39.0,0.24,0.2,1.0,,,,,,,2026-08-07,902.77,902.77,847.4,878.41,887387.0,871.3118
2026-08-07T20:31:36.908,7,7,MU260814P00465000,MU,2026-08-14,put,465.0,0.0,0.0,0.48,14.0,0.24,0.03,1.0,,,,,,,2026-08-07,902.77,902.77,847.4,878.41,887387.0,871.3118
2026-08-07T20:31:36.908,7,7,MU260814P00470000,MU,2026-08-14,put,470.0,0.0,0.0,0.44,15.0,0.22,0.2,1.0,,,,,,,2026-08-07,902.77,902.77,847.4,878.41,887387.0,871.3118
2026-08-07T20:31:36.908,7,7,MU260814P00475000,MU,2026-08-14,put,475.0,0.0,0.0,0.27,3.0,0.135,0.06,5.0,,,,,,,2026-08-07,902.77,902.77,847.4,878.41,887387.0,871.3118
2026-08-07T20:31:36.908,7,7,MU260814P00480000,MU,2026-08-14,put,480.0,0.0,0.0,0.48,31.0,0.24,0.04,2.0,,,,,,,2026-08-07,902.77,902.77,847.4,878.41,887387.0,871.3118
2026-08-07T20:31:36.908,7,7,MU260814P00485000,MU,2026-08-14,put,485.0,0.0,0.0,0.49,62.0,0.245,0.03,3.0,,,,,,,2026-08-07,902.77,902.77,847.4,878.41,887387.0,871.3118
2026-08-07T20:31:36.908,7,7,MU260814P00490000,MU,2026-08-14,put,490.0,0.0,0.0,0.45,177.0,0.225,0.03,1.0,,,,,,,2026-08-07,902.77,902.77,847.4,878.41,887387.0,871.3118
2026-08-07T20:31:36.908,7,7,MU260814P00495000,MU,2026-08-14,put,495.0,0.0,0.0,0.49,27.0,0.245,0.09,1.0,,,,,,,2026-08-07,902.77,902.77,847.4,878.41,887387.0,871.3118
2026-08-07T20:31:36.908,7,7,MU260814P00500000,MU,2026-08-14,put,500.0,0.01,1.0,0.02,5.0,0.015,0.02,4.0,,,,,,,2026-08-07,902.77,902.77,847.4,878.41,887387.0,871.3118
2026-08-07T20:31:36.908,7,7,MU260814P00502500,MU,2026-08-14,put,502.5,0.0,0.0,0.49,6.0,0.245,0.08,1.0,,,,,,,2026-08-07,902.77,902.77,847.4,878.41,887387.0,871.3118
2026-08-07T20:31:36.908,7,7,MU260814P00505000,MU,2026-08-14,put,505.0,0.0,0.0,0.45,69.0,0.225,0.09,1.0,,,,,,,2026-08-07,902.77,902.77,847.4,878.41,887387.0,871.3118
2026-08-07T20:31:36.908,7,7,MU260814P00507500,MU,2026-08-14,put,507.5,0.0,0.0,0.56,12.0,0.28,0.05,1.0,,,,,,,2026-08-07,902.77,902.77,847.4,878.41,887387.0,871.3118
2026-08-07T20:31:36.908,7,7,MU260814P00510000,MU,2026-08-14,put,510.0,0.0,0.0,0.28,75.0,0.14,0.13,1.0,,,,,,,2026-08-07,902.77,902.77,847.4,878.41,887387.0,871.3118
2026-08-07T20:31:36.908,7,7,MU260814P00512500,MU,2026-08-14,put,512.5,0.0,0.0,0.1,39.0,0.05,0.05,2.0,,,,,,,2026-08-07,902.77,902.77,847.4,878.41,887387.0,871.3118
2026-08-07T20:31:36.908,7,7,MU260814P00515000,MU,2026-08-14,put,515.0,0.0,0.0,0.28,170.0,0.14,0.12,1.0,,,,,,,2026-08-07,902.77,902.77,847.4,878.41,887387.0,871.3118
2026-08-07T20:31:36.908,7,7,MU260814P00517500,MU,2026-08-14,put,517.5,0.0,0.0,0.26,49.0,0.13,0.05,1.0,,,,,,,2026-08-07,902.77,902.77,847.4,878.41,887387.0,871.3118
2026-08-07T20:31:36.908,7,7,MU260814P00520000,MU,2026-08-14,put,520.0,0.0,0.0,0.08,41.0,0.04,0.05,1.0,,,,,,,2026-08-07,902.77,902.77,847.4,878.41,887387.0,871.3118
2026-08-07T20:31:36.908,7,7,MU260814P00522500,MU,2026-08-14,put,522.5,0.02,25.0,0.39,49.0,0.20500000000000002,0.15,1.0,,,,,,,2026-08-07,902.77,902.77,847.4,878.41,887387.0,871.3118
2026-08-07T20:31:36.908,7,7,MU260814P00525000,MU,2026-08-14,put,525.0,0.05,1.0,0.08,54.0,0.065,0.06,1.0,,,,,,,2026-08-07,902.77,902.77,847.4,878.41,887387.0,871.3118
2026-08-07T20:31:36.908,7,7,MU260814P00527500,MU,2026-08-14,put,527.5,0.0,0.0,0.37,49.0,0.185,0.2,1.0,,,,,,,2026-08-07,902.77,902.77,847.4,878.41,887387.0,871.3118
2026-08-07T20:31:36.908,7,7,MU260814P00530000,MU,2026-08-14,put,530.0,0.02,1.0,0.11,75.0,0.065,0.06,80.0,,,,,,,2026-08-07,902.77,902.77,847.4,878.41,887387.0,871.3118
2026-08-07T20:31:36.908,7,7,MU260814P00532500,MU,2026-08-14,put,532.5,0.0,0.0,0.11,24.0,0.055,0.13,1.0,,,,,,,2026-08-07,902.77,902.77,847.4,878.41,887387.0,871.3118
2026-08-07T20:31:36.908,7,7,MU260814P00535000,MU,2026-08-14,put,535.0,0.0,0.0,0.13,29.0,0.065,0.08,1.0,,,,,,,2026-08-07,902.77,902.77,847.4,878.41,887387.0,871.3118
2026-08-07T20:31:36.908,7,7,MU260814P00537500,MU,2026-08-14,put,537.5,0.01,1.0,0.21,84.0,0.11,0.08,1.0,,,,,,,2026-08-07,902.77,902.77,847.4,878.41,887387.0,871.3118
2026-08-07T20:31:36.908,7,7,MU260814P00540000,MU,2026-08-14,put,540.0,0.03,1.0,0.3,106.0,0.16499999999999998,0.06,1.0,,,,,,,2026-08-07,902.77,902.77,847.4,878.41,887387.0,871.3118
2026-08-07T20:31:36.908,7,7,MU260814P00542500,MU,2026-08-14,put,542.5,0.07,1.0,0.28,85.0,0.17500000000000002,0.05,1.0,,,,,,,2026-08-07,902.77,902.77,847.4,878.41,887387.0,871.3118
2026-08-07T20:31:36.908,7,7,MU260814P00545000,MU,2026-08-14,put,545.0,0.08,1.0,0.34,72.0,0.21000000000000002,0.14,1.0,,,,,,,2026-08-07,902.77,902.77,847.4,878.41,887387.0,871.3118
2026-08-07T20:31:36.908,7,7,MU260814P00547500,MU,2026-08-14,put,547.5,0.03,37.0,0.38,70.0,0.20500000000000002,0.1,1.0,,,,,,,2026-08-07,902.77,902.77,847.4,878.41,887387.0,871.3118
2026-08-07T20:31:36.908,7,7,MU260814P00550000,MU,2026-08-14,put,550.0,0.08,1.0,0.1,6.0,0.09,0.08,1.0,,,,,,,2026-08-07,902.77,902.77,847.4,878.41,887387.0,871.3118
2026-08-07T20:31:36.908,7,7,MU260814P00552500,MU,2026-08-14,put,552.5,0.04,4.0,0.31,87.0,0.175,0.1,1.0,,,,,,,2026-08-07,902.77,902.77,847.4,878.41,887387.0,871.3118
2026-08-07T20:31:36.908,7,7,MU260814P00555000,MU,2026-08-14,put,555.0,0.04,5.0,0.29,147.0,0.16499999999999998,0.11,4.0,,,,,,,2026-08-07,902.77,902.77,847.4,878.41,887387.0,871.3118
2026-08-07T20:31:36.908,7,7,MU260814P00557500,MU,2026-08-14,put,557.5,0.01,4.0,0.48,61.0,0.245,0.23,1.0,,,,,,,2026-08-07,902.77,902.77,847.4,878.41,887387.0,871.3118
2026-08-07T20:31:36.908,7,7,MU260814P00560000,MU,2026-08-14,put,560.0,0.01,1.0,0.22,29.0,0.115,0.07,2.0,,,,,,,2026-08-07,902.77,902.77,847.4,878.41,887387.0,871.3118
2026-08-07T20:31:36.908,7,7,MU260814P00562500,MU,2026-08-14,put,562.5,0.03,26.0,0.49,29.0,0.26,0.14,1.0,,,,,,,2026-08-07,902.77,902.77,847.4,878.41,887387.0,871.3118
2026-08-07T20:31:36.908,7,7,MU260814P00565000,MU,2026-08-14,put,565.0,0.03,29.0,0.36,117.0,0.195,0.08,4.0,,,,,,,2026-08-07,902.77,902.77,847.4,878.41,887387.0,871.3118
2026-08-07T20:31:36.908,7,7,MU260814P00567500,MU,2026-08-14,put,567.5,0.03,59.0,0.18,60.0,0.105,0.15,10.0,,,,,,,2026-08-07,902.77,902.77,847.4,878.41,887387.0,871.3118
2026-08-07T20:31:36.908,7,7,MU260814P00570000,MU,2026-08-14,put,570.0,0.01,4.0,0.31,91.0,0.16,0.08,3.0,,,,,,,2026-08-07,902.77,902.77,847.4,878.41,887387.0,871.3118
2026-08-07T20:31:36.908,7,7,MU260814P00572500,MU,2026-08-14,put,572.5,0.01,12.0,0.5,10.0,0.255,0.31,1.0,,,,,,,2026-08-07,902.77,902.77,847.4,878.41,887387.0,871.3118
2026-08-07T20:31:36.908,7,7,MU260814P00575000,MU,2026-08-14,put,575.0,0.09,2.0,0.12,100.0,0.105,0.11,1.0,,,,,,,2026-08-07,902.77,902.77,847.4,878.41,887387.0,871.3118
2026-08-07T20:31:36.908,7,7,MU260814P00577500,MU,2026-08-14,put,577.5,0.05,22.0,0.54,34.0,0.29500000000000004,0.92,1.0,,,,,,,2026-08-07,902.77,902.77,847.4,878.41,887387.0,871.3118
2026-08-07T20:31:36.908,7,7,MU260814P00580000,MU,2026-08-14,put,580.0,0.03,12.0,0.41,52.0,0.21999999999999997,0.1,1.0,,,,,,,2026-08-07,902.77,902.77,847.4,878.41,887387.0,871.3118
2026-08-07T20:31:36.908,7,7,MU260814P00582500,MU,2026-08-14,put,582.5,0.01,12.0,0.51,21.0,0.26,4.07,1.0,,,,,,,2026-08-07,902.77,902.77,847.4,878.41,887387.0,871.3118
2026-08-07T20:31:36.908,7,7,MU260814P00585000,MU,2026-08-14,put,585.0,0.12,1.0,0.18,83.0,0.15,0.13,1.0,,,,,,,2026-08-07,902.77,902.77,847.4,878.41,887387.0,871.3118
2026-08-07T20:31:36.908,7,7,MU260814P00587500,MU,2026-08-14,put,587.5,0.05,22.0,0.47,82.0,0.26,0.13,1.0,,,,,,,2026-08-07,902.77,902.77,847.4,878.41,887387.0,871.3118
2026-08-07T20:31:36.908,7,7,MU260814P00590000,MU,2026-08-14,put,590.0,0.12,1.0,0.33,90.0,0.225,0.11,1.0,,,,,,,2026-08-07,902.77,902.77,847.4,878.41,887387.0,871.3118
2026-08-07T20:31:36.908,7,7,MU260814P00592500,MU,2026-08-14,put,592.5,0.03,19.0,0.41,27.0,0.21999999999999997,0.19,1.0,,,,,,,2026-08-07,902.77,902.77,847.4,878.41,887387.0,871.3118
2026-08-07T20:31:36.908,7,7,MU260814P00595000,MU,2026-08-14,put,595.0,0.1,5.0,0.33,83.0,0.21500000000000002,0.14,1.0,,,,,,,2026-08-07,902.77,902.77,847.4,878.41,887387.0,871.3118
2026-08-07T20:31:36.908,7,7,MU260814P00597500,MU,2026-08-14,put,597.5,0.04,53.0,0.22,27.0,0.13,0.12,1.0,,,,,,,2026-08-07,902.77,902.77,847.4,878.41,887387.0,871.3118
2026-08-07T20:31:36.908,7,7,MU260814P00600000,MU,2026-08-14,put,600.0,0.06,1.0,0.2,191.0,0.13,0.13,1.0,,,,,,,2026-08-07,902.77,902.77,847.4,878.41,887387.0,871.3118
2026-08-07T20:31:36.908,7,7,MU260814P00602500,MU,2026-08-14,put,602.5,0.07,47.0,0.3,138.0,0.185,0.7,3.0,,,,,,,2026-08-07,902.77,902.77,847.4,878.41,887387.0,871.3118
2026-08-07T20:31:36.908,7,7,MU260814P00605000,MU,2026-08-14,put,605.0,0.07,3.0,0.37,23.0,0.22,0.11,1.0,,,,,,,2026-08-07,902.77,902.77,847.4,878.41,887387.0,871.3118
2026-08-07T20:31:36.908,7,7,MU260814P00607500,MU,2026-08-14,put,607.5,0.03,47.0,0.54,74.0,0.28500000000000003,0.16,2.0,,,,,,,2026-08-07,902.77,902.77,847.4,878.41,887387.0,871.3118
2026-08-07T20:31:36.908,7,7,MU260814P00610000,MU,2026-08-14,put,610.0,0.02,74.0,0.21,125.0,0.11499999999999999,0.15,1.0,,,,,,,2026-08-07,902.77,902.77,847.4,878.41,887387.0,871.3118
2026-08-07T20:31:36.908,7,7,MU260814P00612500,MU,2026-08-14,put,612.5,0.06,23.0,0.42,70.0,0.24,0.17,2.0,,,,,,,2026-08-07,902.77,902.77,847.4,878.41,887387.0,871.3118
2026-08-07T20:31:36.908,7,7,MU260814P00615000,MU,2026-08-14,put,615.0,0.08,1.0,0.36,156.0,0.22,0.13,5.0,,,,,,,2026-08-07,902.77,902.77,847.4,878.41,887387.0,871.3118
2026-08-07T20:31:36.908,7,7,MU260814P00617500,MU,2026-08-14,put,617.5,0.04,76.0,0.22,125.0,0.13,0.2,2.0,,,,,,,2026-08-07,902.77,902.77,847.4,878.41,887387.0,871.3118
2026-08-07T20:31:36.908,7,7,MU260814P00620000,MU,2026-08-14,put,620.0,0.12,20.0,0.26,97.0,0.19,0.16,1.0,,,,,,,2026-08-07,902.77,902.77,847.4,878.41,887387.0,871.3118
2026-08-07T20:31:36.908,7,7,MU260814P00622500,MU,2026-08-14,put,622.5,0.03,24.0,0.57,45.0,0.3,0.37,3.0,,,,,,,2026-08-07,902.77,902.77,847.4,878.41,887387.0,871.3118
2026-08-07T20:31:36.908,7,7,MU260814P00625000,MU,2026-08-14,put,625.0,0.17,30.0,0.45,91.0,0.31,0.18,1.0,,,,,,,2026-08-07,902.77,902.77,847.4,878.41,887387.0,871.3118
2026-08-07T20:31:36.908,7,7,MU260814P00627500,MU,2026-08-14,put,627.5,0.05,90.0,0.4,105.0,0.225,0.23,2.0,,,,,,,2026-08-07,902.77,902.77,847.4,878.41,887387.0,871.3118
2026-08-07T20:31:36.908,7,7,MU260814P00630000,MU,2026-08-14,put,630.0,0.07,25.0,0.63,277.0,0.35,0.17,5.0,,,,,,,2026-08-07,902.77,902.77,847.4,878.41,887387.0,871.3118
2026-08-07T20:31:36.908,7,7,MU260814P00632500,MU,2026-08-14,put,632.5,0.08,27.0,0.49,70.0,0.285,0.21,2.0,,,,,,,2026-08-07,902.77,902.77,847.4,878.41,887387.0,871.3118
2026-08-07T20:31:36.908,7,7,MU260814P00635000,MU,2026-08-14,put,635.0,0.03,19.0,0.46,28.0,0.245,0.18,1.0,,,,,,,2026-08-07,902.77,902.77,847.4,878.41,887387.0,871.3118
2026-08-07T20:31:36.908,7,7,MU260814P00637500,MU,2026-08-14,put,637.5,0.12,27.0,0.23,59.0,0.175,0.23,1.0,,,,,,,2026-08-07,902.77,902.77,847.4,878.41,887387.0,871.3118
2026-08-07T20:31:36.908,7,7,MU260814P00640000,MU,2026-08-14,put,640.0,0.16,36.0,0.18,15.0,0.16999999999999998,0.18,1.0,,,,,,,2026-08-07,902.77,902.77,847.4,878.41,887387.0,871.3118
2026-08-07T20:31:36.908,7,7,MU260814P00642500,MU,2026-08-14,put,642.5,0.14,58.0,0.28,27.0,0.21000000000000002,0.26,1.0,,,,,,,2026-08-07,902.77,902.77,847.4,878.41,887387.0,871.3118
2026-08-07T20:31:36.908,7,7,MU260814P00645000,MU,2026-08-14,put,645.0,0.12,75.0,0.25,93.0,0.185,0.31,1.0,,,,,,,2026-08-07,902.77,902.77,847.4,878.41,887387.0,871.3118
2026-08-07T20:31:36.908,7,7,MU260814P00647500,MU,2026-08-14,put,647.5,0.16,29.0,0.3,89.0,0.22999999999999998,0.3,10.0,,,,,,,2026-08-07,902.77,902.77,847.4,878.41,887387.0,871.3118
2026-08-07T20:31:36.908,7,7,MU260814P00650000,MU,2026-08-14,put,650.0,0.21,23.0,0.23,74.0,0.22,0.23,1.0,,,,,,,2026-08-07,902.77,902.77,847.4,878.41,887387.0,871.3118
2026-08-07T20:31:36.908,7,7,MU260814P00652500,MU,2026-08-14,put,652.5,0.17,56.0,0.32,26.0,0.245,0.31,1.0,,,,,,,2026-08-07,902.77,902.77,847.4,878.41,887387.0,871.3118
2026-08-07T20:31:36.908,7,7,MU260814P00655000,MU,2026-08-14,put,655.0,0.19,82.0,0.33,98.0,0.26,0.27,5.0,,,,,,,2026-08-07,902.77,902.77,847.4,878.41,887387.0,871.3118
2026-08-07T20:31:36.908,7,7,MU260814P00657500,MU,2026-08-14,put,657.5,0.21,26.0,0.34,31.0,0.275,0.4,1.0,,,,,,,2026-08-07,902.77,902.77,847.4,878.41,887387.0,871.3118
2026-08-07T20:31:36.908,7,7,MU260814P00660000,MU,2026-08-14,put,660.0,0.24,1.0,0.32,14.0,0.28,0.24,1.0,,,,,,,2026-08-07,902.77,902.77,847.4,878.41,887387.0,871.3118
2026-08-07T20:31:36.908,7,7,MU260814P00662500,MU,2026-08-14,put,662.5,0.19,16.0,0.37,27.0,0.28,0.3,2.0,,,,,,,2026-08-07,902.77,902.77,847.4,878.41,887387.0,871.3118
2026-08-07T20:31:36.908,7,7,MU260814P00665000,MU,2026-08-14,put,665.0,0.21,24.0,0.31,36.0,0.26,0.27,1.0,0.8354,-0.0075,0.0002,-0.1496,0.0252,-0.0013,2026-08-07,902.77,902.77,847.4,878.41,887387.0,871.3118
2026-08-07T20:31:36.908,7,7,MU260814P00667500,MU,2026-08-14,put,667.5,0.27,27.0,0.41,55.0,0.33999999999999997,0.34,1.0,0.8538,-0.0094,0.0002,-0.1858,0.0306,-0.0016,2026-08-07,902.77,902.77,847.4,878.41,887387.0,871.3118
2026-08-07T20:31:36.908,7,7,MU260814P00670000,MU,2026-08-14,put,670.0,0.31,25.0,0.33,50.0,0.32,0.37,1.0,0.8367,-0.0091,0.0002,-0.1764,0.0297,-0.0016,2026-08-07,902.77,902.77,847.4,878.41,887387.0,871.3118
2026-08-07T20:31:36.908,7,7,MU260814P00672500,MU,2026-08-14,put,672.5,0.27,21.0,0.44,29.0,0.355,0.34,1.0,,,,,,,2026-08-07,902.77,902.77,847.4,878.41,887387.0,871.3118
2026-08-07T20:31:36.908,7,7,MU260814P00675000,MU,2026-08-14,put,675.0,0.29,23.0,0.43,33.0,0.36,0.43,5.0,0.8287,-0.0102,0.0003,-0.1932,0.0328,-0.0018,2026-08-07,902.77,902.77,847.4,878.41,887387.0,871.3118
2026-08-07T20:31:36.908,7,7,MU260814P00677500,MU,2026-08-14,put,677.5,0.36,41.0,0.46,1.0,0.41000000000000003,0.52,9.0,0.8327,-0.0114,0.0003,-0.2141,0.0362,-0.002,2026-08-07,902.77,902.77,847.4,878.41,887387.0,871.3118
2026-08-07T20:31:36.908,7,7,MU260814P00680000,MU,2026-08-14,put,680.0,0.35,26.0,0.44,41.0,0.395,0.43,1.0,0.8179,-0.0112,0.0003,-0.2073,0.0356,-0.002,2026-08-07,902.77,902.77,847.4,878.41,887387.0,871.3118
2026-08-07T20:31:36.908,7,7,MU260814P00682500,MU,2026-08-14,put,682.5,0.42,8.0,0.52,50.0,0.47,0.6,1.0,0.8271,-0.013,0.0003,-0.2377,0.0404,-0.0023,2026-08-07,902.77,902.77,847.4,878.41,887387.0,871.3118
2026-08-07T20:31:36.908,7,7,MU260814P00685000,MU,2026-08-14,put,685.0,0.42,18.0,0.57,37.0,0.495,0.52,1.0,0.8224,-0.0137,0.0004,-0.2472,0.0423,-0.0024,2026-08-07,902.77,902.77,847.4,878.41,887387.0,871.3118
2026-08-07T20:31:36.908,7,7,MU260814P00687500,MU,2026-08-14,put,687.5,0.42,20.0,0.56,4.0,0.49,0.52,2.0,0.8105,-0.0137,0.0004,-0.2445,0.0425,-0.0024,2026-08-07,902.77,902.77,847.4,878.41,887387.0,871.3118
2026-08-07T20:31:36.908,7,7,MU260814P00690000,MU,2026-08-14,put,690.0,0.53,7.0,0.57,10.0,0.55,0.55,1.0,0.8133,-0.0152,0.0004,-0.2674,0.0463,-0.0026,2026-08-07,902.77,902.77,847.4,878.41,887387.0,871.3118
2026-08-07T20:31:36.908,7,7,MU260814P00692500,MU,2026-08-14,put,692.5,0.51,4.0,0.67,55.0,0.5900000000000001,0.62,1.0,0.8109,-0.0162,0.0004,-0.2819,0.0489,-0.0028,2026-08-07,902.77,902.77,847.4,878.41,887387.0,871.3118
2026-08-07T20:31:36.908,7,7,MU260814P00695000,MU,2026-08-14,put,695.0,0.58,5.0,0.67,42.0,0.625,0.64,1.0,0.8069,-0.0171,0.0004,-0.2943,0.0513,-0.003,2026-08-07,902.77,902.77,847.4,878.41,887387.0,871.3118
2026-08-07T20:31:36.908,7,7,MU260814P00697500,MU,2026-08-14,put,697.5,0.61,9.0,0.71,50.0,0.6599999999999999,0.72,1.0,0.8027,-0.018,0.0005,-0.3063,0.0537,-0.0032,2026-08-07,902.77,902.77,847.4,878.41,887387.0,871.3118
2026-08-07T20:31:36.908,7,7,MU260814P00700000,MU,2026-08-14,put,700.0,0.63,2.0,0.75,4.0,0.69,0.7,1.0,0.7972,-0.0189,0.0005,-0.3163,0.0559,-0.0033,2026-08-07,902.77,902.77,847.4,878.41,887387.0,871.3118
2026-08-07T20:31:36.908,7,7,MU260814P00702500,MU,2026-08-14,put,702.5,0.66,9.0,0.8,43.0,0.73,0.93,3.0,0.7931,-0.0199,0.0005,-0.3296,0.0585,-0.0035,2026-08-07,902.77,902.77,847.4,878.41,887387.0,871.3118
2026-08-07T20:31:36.908,7,7,MU260814P00705000,MU,2026-08-14,put,705.0,0.72,45.0,0.85,57.0,0.7849999999999999,0.85,2.0,0.7912,-0.0213,0.0005,-0.3479,0.0619,-0.0037,2026-08-07,902.77,902.77,847.4,878.41,887387.0,871.3118
2026-08-07T20:31:36.908,7,7,MU260814P00707500,MU,2026-08-14,put,707.5,0.75,49.0,0.91,20.0,0.8300000000000001,0.88,2.0,0.7871,-0.0225,0.0006,-0.3622,0.0648,-0.0039,2026-08-07,902.77,902.77,847.4,878.41,887387.0,871.3118
2026-08-07T20:31:36.908,7,7,MU260814P00710000,MU,2026-08-14,put,710.0,0.83,16.0,0.96,72.0,0.895,0.96,1.0,0.7856,-0.0241,0.0006,-0.3828,0.0686,-0.0042,2026-08-07,902.77,902.77,847.4,878.41,887387.0,871.3118
2026-08-07T20:31:36.908,7,7,MU260814P00712500,MU,2026-08-14,put,712.5,0.86,38.0,0.98,5.0,0.9199999999999999,0.98,1.0,0.7779,-0.0249,0.0006,-0.3898,0.0706,-0.0044,2026-08-07,902.77,902.77,847.4,878.41,887387.0,871.3118
2026-08-07T20:31:36.908,7,7,MU260814P00715000,MU,2026-08-14,put,715.0,0.92,11.0,1.08,4.0,1.0,0.98,1.0,0.7776,-0.0268,0.0007,-0.4144,0.075,-0.0047,2026-08-07,902.77,902.77,847.4,878.41,887387.0,871.3118
2026-08-07T20:31:36.908,7,7,MU260814P00717500,MU,2026-08-14,put,717.5,0.99,20.0,1.1,3.0,1.045,1.26,2.0,0.7721,-0.028,0.0007,-0.4271,0.0779,-0.0049,2026-08-07,902.77,902.77,847.4,878.41,887387.0,871.3118
2026-08-07T20:31:36.908,7,7,MU260814P00720000,MU,2026-08-14,put,720.0,1.04,8.0,1.21,27.0,1.125,1.2,1.0,0.7706,-0.03,0.0007,-0.4505,0.0823,-0.0052,2026-08-07,902.77,902.77,847.4,878.41,887387.0,871.3118
2026-08-07T20:31:36.908,7,7,MU260814P00722500,MU,2026-08-14,put,722.5,1.16,9.0,1.32,45.0,1.24,1.4,1.0,0.7725,-0.0326,0.0008,-0.4835,0.0882,-0.0057,2026-08-07,902.77,902.77,847.4,878.41,887387.0,871.3118
2026-08-07T20:31:36.908,7,7,MU260814P00725000,MU,2026-08-14,put,725.0,1.17,31.0,1.38,25.0,1.275,1.26,10.0,0.7647,-0.0337,0.0008,-0.492,0.0906,-0.0059,2026-08-07,902.77,902.77,847.4,878.41,887387.0,871.3118
2026-08-07T20:31:36.908,7,7,MU260814P00727500,MU,2026-08-14,put,727.5,1.3,8.0,1.48,51.0,1.3900000000000001,1.47,1.0,0.7653,-0.0363,0.0009,-0.5233,0.0963,-0.0063,2026-08-07,902.77,902.77,847.4,878.41,887387.0,871.3118
2026-08-07T20:31:36.908,7,7,MU260814P00730000,MU,2026-08-14,put,730.0,1.42,2.0,1.54,2.0,1.48,1.44,1.0,0.7625,-0.0384,0.0009,-0.5466,0.101,-0.0067,2026-08-07,902.77,902.77,847.4,878.41,887387.0,871.3118
2026-08-07T20:31:36.908,7,7,MU260814P00732500,MU,2026-08-14,put,732.5,1.43,60.0,1.64,9.0,1.535,1.87,2.0,0.756,-0.04,0.0009,-0.5595,0.1043,-0.007,2026-08-07,902.77,902.77,847.4,878.41,887387.0,871.3118
2026-08-07T20:31:36.908,7,7,MU260814P00735000,MU,2026-08-14,put,735.0,1.59,12.0,1.73,46.0,1.6600000000000001,1.73,1.0,0.7556,-0.0428,0.001,-0.5909,0.1102,-0.0075,2026-08-07,902.77,902.77,847.4,878.41,887387.0,871.3118
2026-08-07T20:31:36.908,7,7,MU260814P00737500,MU,2026-08-14,put,737.5,1.68,33.0,1.84,1.0,1.76,1.9,1.0,0.7524,-0.0452,0.001,-0.6147,0.1151,-0.0079,2026-08-07,902.77,902.77,847.4,878.41,887387.0,871.3118
2026-08-07T20:31:36.908,7,7,MU260814P00740000,MU,2026-08-14,put,740.0,1.77,23.0,1.91,2.0,1.8399999999999999,1.85,5.0,0.7471,-0.0472,0.0011,-0.6325,0.1193,-0.0083,2026-08-07,902.77,902.77,847.4,878.41,887387.0,871.3118
2026-08-07T20:31:36.908,7,7,MU260814P00742500,MU,2026-08-14,put,742.5,1.86,21.0,2.11,2.0,1.9849999999999999,2.1,1.0,0.7466,-0.0504,0.0011,-0.6661,0.1258,-0.0088,2026-08-07,902.77,902.77,847.4,878.41,887387.0,871.3118
2026-08-07T20:31:36.908,7,7,MU260814P00745000,MU,2026-08-14,put,745.0,2.04,40.0,2.23,2.0,2.135,2.08,1.0,0.7458,-0.0537,0.0012,-0.6997,0.1323,-0.0094,2026-08-07,902.77,902.77,847.4,878.41,887387.0,871.3118
2026-08-07T20:31:36.908,7,7,MU260814P00747500,MU,2026-08-14,put,747.5,2.16,4.0,2.33,29.0,2.245,2.46,1.0,0.7415,-0.0564,0.0013,-0.7225,0.1374,-0.0099,2026-08-07,902.77,902.77,847.4,878.41,887387.0,871.3118
2026-08-07T20:31:36.908,7,7,MU260814P00750000,MU,2026-08-14,put,750.0,2.29,19.0,2.52,74.0,2.4050000000000002,2.43,1.0,0.7402,-0.0599,0.0013,-0.7561,0.144,-0.0105,2026-08-07,902.77,902.77,847.4,878.41,887387.0,871.3118
2026-08-07T20:31:36.908,7,7,MU260814P00755000,MU,2026-08-14,put,755.0,2.65,40.0,2.85,4.0,2.75,2.85,1.0,0.7375,-0.0673,0.0015,-0.8249,0.1578,-0.0118,2026-08-07,902.77,902.77,847.4,878.41,887387.0,871.3118
2026-08-07T20:31:36.908,7,7,MU260814P00760000,MU,2026-08-14,put,760.0,2.94,16.0,3.17,23.0,3.0549999999999997,3.17,1.0,0.73,-0.0742,0.0016,-0.88,0.1701,-0.013,2026-08-07,902.77,902.77,847.4,878.41,887387.0,871.3118
2026-08-07T20:31:36.908,7,7,MU260814P00765000,MU,2026-08-14,put,765.0,3.37,59.0,3.62,5.0,3.495,3.62,1.0,0.7282,-0.0833,0.0017,-0.9575,0.1855,-0.0146,2026-08-07,902.77,902.77,847.4,878.41,887387.0,871.3118
2026-08-07T20:31:36.908,7,7,MU260814P00767500,MU,2026-08-14,put,767.5,3.57,27.0,3.84,2.0,3.705,3.79,2.0,0.7258,-0.0877,0.0018,-0.9918,0.1929,-0.0154,2026-08-07,902.77,902.77,847.4,878.41,887387.0,871.3118
2026-08-07T20:31:36.908,7,7,MU260814P00770000,MU,2026-08-14,put,770.0,3.82,71.0,4.1,2.0,3.96,3.87,3.0,0.7251,-0.0927,0.0019,-1.0329,0.2011,-0.0163,2026-08-07,902.77,902.77,847.4,878.41,887387.0,871.3118
2026-08-07T20:31:36.908,7,7,MU260814P00772500,MU,2026-08-14,put,772.5,3.99,16.0,4.27,2.0,4.13,4.81,5.0,0.7196,-0.0967,0.002,-1.0567,0.2073,-0.017,2026-08-07,902.77,902.77,847.4,878.41,887387.0,871.3118
2026-08-07T20:31:36.908,7,7,MU260814P00775000,MU,2026-08-14,put,775.0,4.28,77.0,4.62,57.0,4.45,4.62,1.0,0.7208,-0.1027,0.002,-1.106,0.2166,-0.0181,2026-08-07,902.77,902.77,847.4,878.41,887387.0,871.3118
2026-08-07T20:31:36.908,7,7,MU260814P00777500,MU,2026-08-14,put,777.5,4.66,10.0,4.94,66.0,4.800000000000001,4.94,1.0,0.7225,-0.109,0.0021,-1.1578,0.2263,-0.0192,2026-08-07,902.77,902.77,847.4,878.41,887387.0,871.3118
2026-08-07T20:31:36.908,7,7,MU260814P00780000,MU,2026-08-14,put,780.0,4.76,9.0,5.08,1.0,4.92,5.0,1.0,0.7134,-0.1125,0.0022,-1.1688,0.2314,-0.0198,2026-08-07,902.77,902.77,847.4,878.41,887387.0,871.3118
2026-08-07T20:31:36.908,7,7,MU260814P00782500,MU,2026-08-14,put,782.5,5.19,30.0,5.47,34.0,5.33,5.95,1.0,0.7164,-0.1197,0.0023,-1.2261,0.2418,-0.0211,2026-08-07,902.77,902.77,847.4,878.41,887387.0,871.3118
2026-08-07T20:31:36.908,7,7,MU260814P00785000,MU,2026-08-14,put,785.0,5.47,6.0,5.6,2.0,5.535,5.6,1.0,0.7101,-0.1243,0.0024,-1.2482,0.2483,-0.0219,2026-08-07,902.77,902.77,847.4,878.41,887387.0,871.3118
2026-08-07T20:31:36.908,7,7,MU260814P00787500,MU,2026-08-14,put,787.5,5.88,17.0,6.06,28.0,5.97,6.51,1.0,0.7125,-0.1318,0.0025,-1.3042,0.2586,-0.0232,2026-08-07,902.77,902.77,847.4,878.41,887387.0,871.3118
2026-08-07T20:31:36.908,7,7,MU260814P00790000,MU,2026-08-14,put,790.0,6.09,30.0,6.32,1.0,6.205,6.3,1.0,0.7065,-0.1369,0.0026,-1.3274,0.2655,-0.0242,2026-08-07,902.77,902.77,847.4,878.41,887387.0,871.3118
2026-08-07T20:31:36.908,7,7,MU260814P00792500,MU,2026-08-14,put,792.5,6.46,18.0,6.74,36.0,6.6,6.74,1.0,0.7061,-0.144,0.0027,-1.3723,0.2747,-0.0254,2026-08-07,902.77,902.77,847.4,878.41,887387.0,871.3118
2026-08-07T20:31:36.908,7,7,MU260814P00795000,MU,2026-08-14,put,795.0,6.96,18.0,7.09,52.0,7.025,7.05,1.0,0.7059,-0.1514,0.0027,-1.4186,0.2841,-0.0267,2026-08-07,902.77,902.77,847.4,878.41,887387.0,871.3118
2026-08-07T20:31:36.908,7,7,MU260814P00800000,MU,2026-08-14,put,800.0,7.78,7.0,8.08,66.0,7.93,7.9,1.0,0.7055,-0.1668,0.0029,-1.5101,0.3027,-0.0295,2026-08-07,902.77,902.77,847.4,878.41,887387.0,871.3118
2026-08-07T20:31:36.908,7,7,MU260814P00805000,MU,2026-08-14,put,805.0,8.63,33.0,9.12,88.0,8.875,9.12,1.0,0.7036,-0.1827,0.0031,-1.5948,0.3207,-0.0323,2026-08-07,902.77,902.77,847.4,878.41,887387.0,871.3118
2026-08-07T20:31:36.908,7,7,MU260814P00810000,MU,2026-08-14,put,810.0,9.76,1.0,10.07,16.0,9.915,9.8,1.0,0.702,-0.1995,0.0033,-1.679,0.3385,-0.0354,2026-08-07,902.77,902.77,847.4,878.41,887387.0,871.3118
2026-08-07T20:31:36.908,7,7,MU260814P00815000,MU,2026-08-14,put,815.0,10.7,1.0,11.31,1.0,11.004999999999999,11.31,2.0,0.6993,-0.2169,0.0035,-1.7563,0.3556,-0.0385,2026-08-07,902.77,902.77,847.4,878.41,887387.0,871.3118
2026-08-07T20:31:36.908,7,7,MU260814P00820000,MU,2026-08-14,put,820.0,11.43,86.0,12.68,157.0,12.055,12.0,1.0,0.6931,-0.2342,0.0037,-1.817,0.3714,-0.0416,2026-08-07,902.77,902.77,847.4,878.41,887387.0,871.3118
2026-08-07T20:31:36.908,7,7,MU260814P00825000,MU,2026-08-14,put,825.0,13.26,5.0,13.85,236.0,13.555,13.47,1.0,0.6963,-0.2549,0.0038,-1.9099,0.3888,-0.0453,2026-08-07,902.77,902.77,847.4,878.41,887387.0,871.3118
2026-08-07T20:31:36.908,7,7,MU260814P00830000,MU,2026-08-14,put,830.0,14.79,23.0,15.29,62.0,15.04,14.79,2.0,0.6963,-0.2754,0.004,-1.9854,0.4043,-0.0491,2026-08-07,902.77,902.77,847.4,878.41,887387.0,871.3118
2026-08-07T20:31:36.908,7,7,MU260814P00835000,MU,2026-08-14,put,835.0,16.07,14.0,16.62,47.0,16.345,16.25,1.0,0.6893,-0.295,0.0041,-2.0299,0.4178,-0.0526,2026-08-07,902.77,902.77,847.4,878.41,887387.0,871.3118
2026-08-07T20:31:36.908,7,7,MU260814P00840000,MU,2026-08-14,put,840.0,17.67,29.0,18.64,91.0,18.155,17.9,1.0,0.6918,-0.3175,0.0043,-2.1034,0.4316,-0.0567,2026-08-07,902.77,902.77,847.4,878.41,887387.0,871.3118
2026-08-07T20:31:36.908,7,7,MU260814P00845000,MU,2026-08-14,put,845.0,19.24,37.0,21.06,3.0,20.15,19.85,1.0,0.6958,-0.3405,0.0044,-2.1749,0.444,-0.061,2026-08-07,902.77,902.77,847.4,878.41,887387.0,871.3118
2026-08-07T20:31:36.908,7,7,MU260814P00850000,MU,2026-08-14,put,850.0,21.0,53.0,22.24,17.0,21.619999999999997,22.24,1.0,0.6855,-0.3618,0.0045,-2.1883,0.4538,-0.0648,2026-08-07,902.77,902.77,847.4,878.41,887387.0,871.3118
2026-08-07T20:31:36.908,7,7,MU260814P00855000,MU,2026-08-14,put,855.0,22.46,101.0,25.1,41.0,23.78,23.2,1.0,0.6879,-0.3854,0.0046,-2.2392,0.4631,-0.0692,2026-08-07,902.77,902.77,847.4,878.41,887387.0,871.3118
2026-08-07T20:31:36.908,7,7,MU260814P00860000,MU,2026-08-14,put,860.0,25.07,9.0,26.49,142.0,25.78,26.49,1.0,0.6843,-0.4088,0.0047,-2.261,0.4704,-0.0735,2026-08-07,902.77,902.77,847.4,878.41,887387.0,871.3118
2026-08-07T20:31:36.908,7,7,MU260814P00865000,MU,2026-08-14,put,865.0,26.76,23.0,27.4,24.0,27.08,27.4,1.0,0.6635,-0.4318,0.0049,-2.2157,0.476,-0.0776,2026-08-07,902.77,902.77,847.4,878.41,887387.0,871.3118
2026-08-07T20:31:36.908,7,7,MU260814P00870000,MU,2026-08-14,put,870.0,29.13,6.0,30.29,32.0,29.71,30.29,1.0,0.6683,-0.4566,0.0049,-2.2496,0.4803,-0.0823,2026-08-07,902.77,902.77,847.4,878.41,887387.0,871.3118
2026-08-07T20:31:36.908,7,7,MU260814P00875000,MU,2026-08-14,put,875.0,32.159,1.0,34.17,30.0,33.164500000000004,32.159,1.0,0.6875,-0.4807,0.0048,-2.3243,0.4826,-0.087,2026-08-07,902.77,902.77,847.4,878.41,887387.0,871.3118
2026-08-07T20:31:36.908,7,7,MU260814P00880000,MU,2026-08-14,put,880.0,33.7,32.0,35.83,98.0,34.765,35.83,1.0,0.6657,-0.5059,0.0049,-2.2495,0.4831,-0.0915,2026-08-07,902.77,902.77,847.4,878.41,887387.0,871.3118
2026-08-07T20:31:36.908,7,7,MU260814P00885000,MU,2026-08-14,put,885.0,36.31,5.0,39.35,8.0,37.83,40.44,2.0,0.6718,-0.5298,0.0049,-2.2618,0.4818,-0.0961,2026-08-07,902.77,902.77,847.4,878.41,887387.0,871.3118
2026-08-07T20:31:36.908,7,7,MU260814P00890000,MU,2026-08-14,put,890.0,39.51,94.0,40.54,97.0,40.025,40.54,1.0,0.6573,-0.5558,0.005,-2.1934,0.4784,-0.1009,2026-08-07,902.77,902.77,847.4,878.41,887387.0,871.3118
2026-08-07T20:31:36.908,7,7,MU260814P00895000,MU,2026-08-14,put,895.0,41.07,70.0,43.8,90.0,42.435,43.8,3.0,0.6445,-0.5823,0.005,-2.1216,0.4728,-0.1058,2026-08-07,902.77,902.77,847.4,878.41,887387.0,871.3118
2026-08-07T20:31:36.908,7,7,MU260814P00900000,MU,2026-08-14,put,900.0,45.0,73.0,48.38,67.0,46.69,46.26,1.0,0.6684,-0.6015,0.0048,-2.1743,0.4674,-0.1098,2026-08-07,902.77,902.77,847.4,878.41,887387.0,871.3118
2026-08-07T20:31:36.908,7,7,MU260814P00905000,MU,2026-08-14,put,905.0,48.94,16.0,52.17,9.0,50.555,51.59,2.0,0.682,-0.6213,0.0046,-2.1847,0.4606,-0.1139,2026-08-07,902.77,902.77,847.4,878.41,887387.0,871.3118
2026-08-07T20:31:36.908,7,7,MU260814P00907500,MU,2026-08-14,put,907.5,51.44,34.0,56.45,91.0,53.945,56.25,1.0,0.7199,-0.6237,0.0044,-2.3042,0.4597,-0.1149,2026-08-07,902.77,902.77,847.4,878.41,887387.0,871.3118
2026-08-07T20:31:36.908,7,7,MU260814P00910000,MU,2026-08-14,put,910.0,49.08,133.0,56.05,99.0,52.565,55.46,1.0,0.6526,-0.651,0.0047,-2.0267,0.4481,-0.1192,2026-08-07,902.77,902.77,847.4,878.41,887387.0,871.3118
2026-08-07T20:31:36.908,7,7,MU260814P00912500,MU,2026-08-14,put,912.5,55.02,40.0,58.86,90.0,56.94,47.38,1.0,0.712,-0.6463,0.0043,-2.2277,0.4502,-0.1193,2026-08-07,902.77,902.77,847.4,878.41,887387.0,871.3118
2026-08-07T20:31:36.908,7,7,MU260814P00915000,MU,2026-08-14,put,915.0,53.79,52.0,58.98,91.0,56.385,58.26,1.0,0.6606,-0.6708,0.0045,-2.0033,0.4382,-0.1233,2026-08-07,902.77,902.77,847.4,878.41,887387.0,871.3118
2026-08-07T20:31:36.908,7,7,MU260814P00917500,MU,2026-08-14,put,917.5,56.44,22.0,63.28,20.0,59.86,58.8,1.0,0.6998,-0.6701,0.0043,-2.1274,0.4385,-0.1239,2026-08-07,902.77,902.77,847.4,878.41,887387.0,871.3118
2026-08-07T20:31:36.908,7,7,MU260814P00920000,MU,2026-08-14,put,920.0,56.44,111.0,61.23,156.0,58.834999999999994,62.4,5.0,0.6343,-0.7006,0.0045,-1.8389,0.4207,-0.1288,2026-08-07,902.77,902.77,847.4,878.41,887387.0,871.3118
2026-08-07T20:31:36.908,7,7,MU260814P00922500,MU,2026-08-14,put,922.5,60.66,21.0,67.3,26.0,63.98,59.98,3.0,0.7127,-0.6863,0.0041,-2.1196,0.4294,-0.1274,2026-08-07,902.77,902.77,847.4,878.41,887387.0,871.3118
2026-08-07T20:31:36.908,7,7,MU260814P00925000,MU,2026-08-14,put,925.0,62.48,67.0,65.12,1.0,63.8,64.05,5.0,0.6651,-0.711,0.0042,-1.8977,0.4138,-0.1315,2026-08-07,902.77,902.77,847.4,878.41,887387.0,871.3118
2026-08-07T20:31:36.908,7,7,MU260814P00927500,MU,2026-08-14,put,927.5,64.66,42.0,69.88,77.0,67.27,61.9,1.0,0.7041,-0.7081,0.004,-2.0226,0.4158,-0.1317,2026-08-07,902.77,902.77,847.4,878.41,887387.0,871.3118
2026-08-07T20:31:36.908,7,7,MU260814P00930000,MU,2026-08-14,put,930.0,63.58,6.0,69.19,7.0,66.38499999999999,68.72,2.0,0.6356,-0.7414,0.0042,-1.7072,0.3917,-0.1371,2026-08-07,902.77,902.77,847.4,878.41,887387.0,871.3118
2026-08-07T20:31:36.908,7,7,MU260814P00932500,MU,2026-08-14,put,932.5,66.52,41.0,75.85,34.0,71.185,,,0.7084,-0.7254,0.0039,-1.9726,0.4038,-0.1353,2026-08-07,902.77,902.77,847.4,878.41,887387.0,871.3118
2026-08-07T20:31:36.908,7,7,MU260814P00935000,MU,2026-08-14,put,935.0,67.93,33.0,71.34,40.0,69.635,74.02,1.0,0.6185,-0.7675,0.0041,-1.5606,0.37,-0.1421,2026-08-07,902.77,902.77,847.4,878.41,887387.0,871.3118
2026-08-07T20:31:36.908,7,7,MU260814P00940000,MU,2026-08-14,put,940.0,71.86,78.0,77.88,127.0,74.87,77.2,1.0,0.6528,-0.7723,0.0038,-1.6298,0.3656,-0.1439,2026-08-07,902.77,902.77,847.4,878.41,887387.0,871.3118
2026-08-07T20:31:36.908,7,7,MU260814P00945000,MU,2026-08-14,put,945.0,74.8,97.0,80.63,39.0,77.715,85.27,1.0,0.6181,-0.8038,0.0037,-1.4016,0.3351,-0.1497,2026-08-07,902.77,902.77,847.4,878.41,887387.0,871.3118
2026-08-07T20:31:36.908,7,7,MU260814P00950000,MU,2026-08-14,put,950.0,80.23,57.0,84.33,167.0,82.28,84.33,1.0,0.6305,-0.8152,0.0035,-1.3753,0.323,-0.1525,2026-08-07,902.77,902.77,847.4,878.41,887387.0,871.3118
2026-08-07T20:31:36.908,7,7,MU260814P00955000,MU,2026-08-14,put,955.0,80.86,25.0,88.15,1.0,84.505,90.7,1.0,0.561,-0.8613,0.0033,-0.9896,0.2678,-0.1607,2026-08-07,902.77,902.77,847.4,878.41,887387.0,871.3118
2026-08-07T20:31:36.908,7,7,MU260814P00957500,MU,2026-08-14,put,957.5,87.4,55.0,90.92,56.0,89.16,75.28,1.0,0.6478,-0.8311,0.0032,-1.3306,0.3052,-0.1565,2026-08-07,902.77,902.77,847.4,878.41,887387.0,871.3118
2026-08-07T20:31:36.908,7,7,MU260814P00960000,MU,2026-08-14,put,960.0,86.98,11.0,91.67,8.0,89.325,92.8,1.0,0.5768,-0.8686,0.0031,-0.9789,0.2581,-0.1628,2026-08-07,902.77,902.77,847.4,878.41,887387.0,871.3118
2026-08-07T20:31:36.908,7,7,MU260814P00962500,MU,2026-08-14,put,962.5,90.3,65.0,94.3,1.0,92.3,93.9,1.0,0.6062,-0.8627,0.003,-1.0675,0.266,-0.1624,2026-08-07,902.77,902.77,847.4,878.41,887387.0,871.3118
2026-08-07T20:31:36.908,7,7,MU260814P00965000,MU,2026-08-14,put,965.0,91.56,13.0,99.58,5.0,95.57,90.89,1.0,0.6459,-0.8529,0.0029,-1.2017,0.2787,-0.1614,2026-08-07,902.77,902.77,847.4,878.41,887387.0,871.3118
2026-08-07T20:31:36.908,7,7,MU260814P00970000,MU,2026-08-14,put,970.0,94.34,78.0,99.53,12.0,96.935,105.26,1.0,0.5088,-0.9231,0.0023,-0.5444,0.1746,-0.1734,2026-08-07,902.77,902.77,847.4,878.41,887387.0,871.3118
2026-08-07T20:31:36.908,7,7,MU260814P00975000,MU,2026-08-14,put,975.0,98.0,20.0,105.69,3.0,101.845,105.69,1.0,0.5227,-0.9275,0.0022,-0.5324,0.167,-0.1751,2026-08-07,902.77,902.77,847.4,878.41,887387.0,871.3118
2026-08-07T20:31:36.908,7,7,MU260814P00980000,MU,2026-08-14,put,980.0,104.61,1.0,112.78,16.0,108.695,110.52,1.0,0.6368,-0.8925,0.0024,-0.9297,0.2239,-0.1705,2026-08-07,902.77,902.77,847.4,878.41,887387.0,871.3118
2026-08-07T20:31:36.908,7,7,MU260814P00985000,MU,2026-08-14,put,985.0,109.98,27.0,117.05,8.0,113.515,118.7,1.0,0.6491,-0.8982,0.0023,-0.9081,0.2152,-0.1724,2026-08-07,902.77,902.77,847.4,878.41,887387.0,871.3118
2026-08-07T20:31:36.908,7,7,MU260814P00990000,MU,2026-08-14,put,990.0,116.27,4.0,119.88,21.0,118.07499999999999,119.12,1.0,0.6478,-0.9084,0.0021,-0.8312,0.1993,-0.175,2026-08-07,902.77,902.77,847.4,878.41,887387.0,871.3118
2026-08-07T20:31:36.908,7,7,MU260814P00995000,MU,2026-08-14,put,995.0,116.19,2.0,128.759,1.0,122.47449999999999,134.93,1.0,0.6352,-0.9216,0.0019,-0.7114,0.1772,-0.1781,2026-08-07,902.77,902.77,847.4,878.41,887387.0,871.3118
2026-08-07T20:31:36.908,7,7,MU260814P01000000,MU,2026-08-14,put,1000.0,122.72,57.0,132.26,1.0,127.49,130.3,1.0,0.6548,-0.9231,0.0018,-0.7239,0.1747,-0.1793,2026-08-07,902.77,902.77,847.4,878.41,887387.0,871.3118
2026-08-07T20:31:36.908,7,7,MU260814P01005000,MU,2026-08-14,put,1005.0,123.42,2.0,137.15,6.0,130.285,133.07,1.0,0.484,-0.9789,0.0009,-0.1134,0.0613,-0.1892,2026-08-07,902.77,902.77,847.4,878.41,887387.0,871.3118
2026-08-07T20:31:36.908,7,7,MU260814P01010000,MU,2026-08-14,put,1010.0,134.88,7.0,137.4,21.0,136.14,122.35,1.0,0.597,-0.9548,0.0013,-0.3945,0.1153,-0.1862,2026-08-07,902.77,902.77,847.4,878.41,887387.0,871.3118
2026-08-07T20:31:36.908,7,7,MU260814P01015000,MU,2026-08-14,put,1015.0,137.99,25.0,146.81,1.0,142.4,148.29,1.0,0.7046,-0.9294,0.0016,-0.728,0.1636,-0.1832,2026-08-07,902.77,902.77,847.4,878.41,887387.0,871.3118
2026-08-07T20:31:36.908,7,7,MU260814P01020000,MU,2026-08-14,put,1020.0,139.4,7.0,147.2,37.0,143.3,125.94,1.0,,,,,,,2026-08-07,902.77,902.77,847.4,878.41,887387.0,871.3118
2026-08-07T20:31:36.908,7,7,MU260814P01025000,MU,2026-08-14,put,1025.0,143.59,21.0,154.14,1.0,148.865,139.65,10.0,,,,,,,2026-08-07,902.77,902.77,847.4,878.41,887387.0,871.3118
2026-08-07T20:31:36.908,7,7,MU260814P01030000,MU,2026-08-14,put,1030.0,149.24,19.0,161.46,1.0,155.35000000000002,212.9,10.0,0.5694,-0.9787,0.0007,-0.1504,0.0618,-0.1939,2026-08-07,902.77,902.77,847.4,878.41,887387.0,871.3118
2026-08-07T20:31:36.908,7,7,MU260814P01035000,MU,2026-08-14,put,1035.0,155.43,1.0,165.71,3.0,160.57,233.47,1.0,0.6163,-0.9728,0.0008,-0.233,0.0759,-0.1939,2026-08-07,902.77,902.77,847.4,878.41,887387.0,871.3118
2026-08-07T20:31:36.908,7,7,MU260814P01040000,MU,2026-08-14,put,1040.0,162.29,39.0,168.62,48.0,165.45499999999998,176.27,1.0,0.6152,-0.9764,0.0007,-0.1946,0.0675,-0.1955,2026-08-07,902.77,902.77,847.4,878.41,887387.0,871.3118
2026-08-07T20:31:36.908,7,7,MU260814P01045000,MU,2026-08-14,put,1045.0,166.4,1.0,175.01,17.0,170.70499999999998,158.1,1.0,0.6636,-0.9703,0.0008,-0.2856,0.0817,-0.1955,2026-08-07,902.77,902.77,847.4,878.41,887387.0,871.3118
2026-08-07T20:31:36.908,7,7,MU260814P01050000,MU,2026-08-14,put,1050.0,171.38,37.0,178.36,38.0,174.87,182.0,2.0,0.4832,-0.9964,0.0002,0.0597,0.013,-0.2006,2026-08-07,902.77,902.77,847.4,878.41,887387.0,871.3118
2026-08-07T20:31:36.908,7,7,MU260814P01055000,MU,2026-08-14,put,1055.0,172.6,28.0,184.63,36.0,178.615,154.67,1.0,,,,,,,2026-08-07,902.77,902.77,847.4,878.41,887387.0,871.3118
2026-08-07T20:31:36.908,7,7,MU260814P01060000,MU,2026-08-14,put,1060.0,175.63,9.0,191.26,8.0,183.445,189.45,1.0,,,,,,,2026-08-07,902.77,902.77,847.4,878.41,887387.0,871.3118
2026-08-07T20:31:36.908,7,7,MU260814P01065000,MU,2026-08-14,put,1065.0,179.45,15.0,196.05,13.0,187.75,206.85,2.0,,,,,,,2026-08-07,902.77,902.77,847.4,878.41,887387.0,871.3118
2026-08-07T20:31:36.908,7,7,MU260814P01070000,MU,2026-08-14,put,1070.0,187.43,79.0,195.87,103.0,191.65,208.9,4.0,,,,,,,2026-08-07,902.77,902.77,847.4,878.41,887387.0,871.3118
2026-08-07T20:31:36.908,7,7,MU260814P01075000,MU,2026-08-14,put,1075.0,188.97,2.0,204.76,14.0,196.865,218.6,18.0,,,,,,,2026-08-07,902.77,902.77,847.4,878.41,887387.0,871.3118
2026-08-07T20:31:36.908,7,7,MU260814P01080000,MU,2026-08-14,put,1080.0,196.61,19.0,210.52,2.0,203.565,202.8,1.0,,,,,,,2026-08-07,902.77,902.77,847.4,878.41,887387.0,871.3118
2026-08-07T20:31:36.908,7,7,MU260814P01085000,MU,2026-08-14,put,1085.0,203.63,20.0,218.02,1.0,210.825,195.25,10.0,0.7966,-0.9709,0.0007,-0.3513,0.0803,-0.2033,2026-08-07,902.77,902.77,847.4,878.41,887387.0,871.3118
2026-08-07T20:31:36.908,7,7,MU260814P01090000,MU,2026-08-14,put,1090.0,211.16,23.0,222.27,4.0,216.715,281.47,1.0,0.9026,-0.9549,0.0009,-0.636,0.1149,-0.2017,2026-08-07,902.77,902.77,847.4,878.41,887387.0,871.3118
2026-08-07T20:31:36.908,7,7,MU260814P01095000,MU,2026-08-14,put,1095.0,206.43,2.0,219.64,1.0,213.035,208.1,1.0,,,,,,,2026-08-07,902.77,902.77,847.4,878.41,887387.0,871.3118
2026-08-07T20:31:36.908,7,7,MU260814P01100000,MU,2026-08-14,put,1100.0,219.34,26.0,228.94,41.0,224.14,231.8,1.0,,,,,,,2026-08-07,902.77,902.77,847.4,878.41,887387.0,871.3118
2026-08-07T20:31:36.908,7,7,MU260814P01105000,MU,2026-08-14,put,1105.0,221.14,3.0,233.93,1.0,227.535,218.1,1.0,,,,,,,2026-08-07,902.77,902.77,847.4,878.41,887387.0,871.3118
2026-08-07T20:31:36.908,7,7,MU260814P01110000,MU,2026-08-14,put,1110.0,221.81,1.0,236.54,1.0,229.175,313.94,5.0,,,,,,,2026-08-07,902.77,902.77,847.4,878.41,887387.0,871.3118
2026-08-07T20:31:36.908,7,7,MU260814P01115000,MU,2026-08-14,put,1115.0,233.64,23.0,248.84,6.0,241.24,285.07,2.0,0.9306,-0.9653,0.0007,-0.5094,0.0929,-0.2081,2026-08-07,902.77,902.77,847.4,878.41,887387.0,871.3118
2026-08-07T20:31:36.908,7,7,MU260814P01120000,MU,2026-08-14,put,1120.0,238.74,25.0,249.54,8.0,244.14,212.69,1.0,,,,,,,2026-08-07,902.77,902.77,847.4,878.41,887387.0,871.3118
2026-08-07T20:31:36.908,7,7,MU260814P01125000,MU,2026-08-14,put,1125.0,243.54,26.0,259.42,15.0,251.48000000000002,353.49,1.0,,,,,,,2026-08-07,902.77,902.77,847.4,878.41,887387.0,871.3118
2026-08-07T20:31:36.908,7,7,MU260814P01130000,MU,2026-08-14,put,1130.0,244.81,1.0,260.41,1.0,252.61,238.85,1.0,,,,,,,2026-08-07,902.77,902.77,847.4,878.41,887387.0,871.3118
2026-08-07T20:31:36.908,7,7,MU260814P01135000,MU,2026-08-14,put,1135.0,247.02,26.0,262.9,1.0,254.95999999999998,241.69,1.0,,,,,,,2026-08-07,902.77,902.77,847.4,878.41,887387.0,871.3118
2026-08-07T20:31:36.908,7,7,MU260814P01140000,MU,2026-08-14,put,1140.0,258.39,3.0,266.96,1.0,262.67499999999995,250.72,1.0,,,,,,,2026-08-07,902.77,902.77,847.4,878.41,887387.0,871.3118
2026-08-07T20:31:36.908,7,7,MU260814P01145000,MU,2026-08-14,put,1145.0,258.04,27.0,275.72,3.0,266.88,,,,,,,,,2026-08-07,902.77,902.77,847.4,878.41,887387.0,871.3118
2026-08-07T20:31:36.908,7,7,MU260814P01150000,MU,2026-08-14,put,1150.0,260.51,1.0,274.05,1.0,267.28,331.46,1.0,,,,,,,2026-08-07,902.77,902.77,847.4,878.41,887387.0,871.3118
2026-08-07T20:31:36.908,7,7,MU260814P01155000,MU,2026-08-14,put,1155.0,272.75,17.0,287.73,4.0,280.24,,,,,,,,,2026-08-07,902.77,902.77,847.4,878.41,887387.0,871.3118
2026-08-07T20:31:36.908,7,7,MU260814P01160000,MU,2026-08-14,put,1160.0,277.16,15.0,290.43,5.0,283.795,338.07,3.0,,,,,,,2026-08-07,902.77,902.77,847.4,878.41,887387.0,871.3118
2026-08-07T20:31:36.908,7,7,MU260814P01165000,MU,2026-08-14,put,1165.0,280.33,30.0,297.01,3.0,288.66999999999996,,,,,,,,,2026-08-07,902.77,902.77,847.4,878.41,887387.0,871.3118
2026-08-07T20:31:36.908,7,7,MU260814P01170000,MU,2026-08-14,put,1170.0,287.11,26.0,301.91,5.0,294.51,254.92,10.0,,,,,,,2026-08-07,902.77,902.77,847.4,878.41,887387.0,871.3118
2026-08-07T20:31:36.908,7,7,MU260814P01175000,MU,2026-08-14,put,1175.0,298.58,26.0,301.54,1.0,300.06,,,,,,,,,2026-08-07,902.77,902.77,847.4,878.41,887387.0,871.3118
2026-08-07T20:31:36.908,7,7,MU260814P01180000,MU,2026-08-14,put,1180.0,292.27,3.0,309.83,1.0,301.04999999999995,286.03,1.0,,,,,,,2026-08-07,902.77,902.77,847.4,878.41,887387.0,871.3118
2026-08-07T20:31:36.908,7,7,MU260814P01185000,MU,2026-08-14,put,1185.0,297.9,27.0,317.42,7.0,307.65999999999997,300.6,1.0,,,,,,,2026-08-07,902.77,902.77,847.4,878.41,887387.0,871.3118
2026-08-07T20:31:36.908,7,7,MU260814P01190000,MU,2026-08-14,put,1190.0,302.64,1.0,318.35,1.0,310.495,259.14,1.0,,,,,,,2026-08-07,902.77,902.77,847.4,878.41,887387.0,871.3118
2026-08-07T20:31:36.908,7,7,MU260814P01200000,MU,2026-08-14,put,1200.0,316.8,1.0,323.46,1.0,320.13,309.07,2.0,,,,,,,2026-08-07,902.77,902.77,847.4,878.41,887387.0,871.3118
2026-08-07T20:31:36.908,7,7,MU260814P01210000,MU,2026-08-14,put,1210.0,320.14,28.0,335.11,4.0,327.625,339.6,1.0,,,,,,,2026-08-07,902.77,902.77,847.4,878.41,887387.0,871.3118
2026-08-07T20:31:36.908,7,7,MU260814P01220000,MU,2026-08-14,put,1220.0,338.62,3.0,344.13,1.0,341.375,302.8,5.0,,,,,,,2026-08-07,902.77,902.77,847.4,878.41,887387.0,871.3118
2026-08-07T20:31:36.908,7,7,MU260814P01230000,MU,2026-08-14,put,1230.0,341.79,14.0,359.98,1.0,350.885,345.52,1.0,,,,,,,2026-08-07,902.77,902.77,847.4,878.41,887387.0,871.3118
2026-08-07T20:31:36.908,7,7,MU260814P01240000,MU,2026-08-14,put,1240.0,350.26,24.0,365.63,1.0,357.945,291.25,1.0,,,,,,,2026-08-07,902.77,902.77,847.4,878.41,887387.0,871.3118
2026-08-07T20:31:36.908,7,7,MU260814P01250000,MU,2026-08-14,put,1250.0,360.42,4.0,381.64,5.0,371.03,447.47,1.0,,,,,,,2026-08-07,902.77,902.77,847.4,878.41,887387.0,871.3118
2026-08-07T20:31:36.908,7,7,MU260814P01260000,MU,2026-08-14,put,1260.0,380.41,25.0,394.85,4.0,387.63,294.23,1.0,,,,,,,2026-08-07,902.77,902.77,847.4,878.41,887387.0,871.3118
2026-08-07T20:31:36.908,7,7,MU260814P01270000,MU,2026-08-14,put,1270.0,382.5,25.0,396.5,5.0,389.5,402.1,5.0,,,,,,,2026-08-07,902.77,902.77,847.4,878.41,887387.0,871.3118
2026-08-07T20:31:36.908,7,7,MU260814P01280000,MU,2026-08-14,put,1280.0,402.32,25.0,409.41,1.0,405.865,411.4,2.0,,,,,,,2026-08-07,902.77,902.77,847.4,878.41,887387.0,871.3118
2026-08-07T20:31:36.908,7,7,MU260814P01290000,MU,2026-08-14,put,1290.0,398.58,3.0,426.19,3.0,412.385,,,,,,,,,2026-08-07,902.77,902.77,847.4,878.41,887387.0,871.3118
2026-08-07T20:31:36.908,7,7,MU260814P01300000,MU,2026-08-14,put,1300.0,416.22,1.0,426.74,1.0,421.48,487.28,1.0,,,,,,,2026-08-07,902.77,902.77,847.4,878.41,887387.0,871.3118
2026-08-07T20:31:36.908,7,7,MU260814P01310000,MU,2026-08-14,put,1310.0,427.55,25.0,433.54,1.0,430.545,344.3,1.0,,,,,,,2026-08-07,902.77,902.77,847.4,878.41,887387.0,871.3118
2026-08-07T20:31:36.908,7,7,MU260814P01320000,MU,2026-08-14,put,1320.0,428.09,3.0,452.31,1.0,440.2,513.64,1.0,,,,,,,2026-08-07,902.77,902.77,847.4,878.41,887387.0,871.3118
2026-08-07T20:31:36.908,7,7,MU260814P01330000,MU,2026-08-14,put,1330.0,443.33,25.0,458.1,6.0,450.71500000000003,,,,,,,,,2026-08-07,902.77,902.77,847.4,878.41,887387.0,871.3118
2026-08-07T20:31:36.908,7,7,MU260814P01340000,MU,2026-08-14,put,1340.0,454.84,15.0,466.64,1.0,460.74,442.06,3.0,,,,,,,2026-08-07,902.77,902.77,847.4,878.41,887387.0,871.3118
2026-08-07T20:31:36.908,7,7,MU260814P01350000,MU,2026-08-14,put,1350.0,464.6,1.0,485.71,1.0,475.155,,,,,,,,,2026-08-07,902.77,902.77,847.4,878.41,887387.0,871.3118
2026-08-07T20:31:36.908,7,7,MU260814P01360000,MU,2026-08-14,put,1360.0,469.55,1.0,482.04,1.0,475.795,,,,,,,,,2026-08-07,902.77,902.77,847.4,878.41,887387.0,871.3118
2026-08-07T20:31:36.908,7,7,MU260814P01370000,MU,2026-08-14,put,1370.0,492.14,1.0,507.48,1.0,499.81,500.5,10.0,,,,,,,2026-08-07,902.77,902.77,847.4,878.41,887387.0,871.3118
2026-08-07T20:31:36.908,7,7,MU260814P01380000,MU,2026-08-14,put,1380.0,487.46,16.0,505.4,1.0,496.42999999999995,,,,,,,,,2026-08-07,902.77,902.77,847.4,878.41,887387.0,871.3118
2026-08-07T20:31:36.908,7,7,MU260814P01390000,MU,2026-08-14,put,1390.0,502.21,3.0,515.44,1.0,508.82500000000005,470.02,1.0,,,,,,,2026-08-07,902.77,902.77,847.4,878.41,887387.0,871.3118
2026-08-07T20:31:36.908,7,7,MU260814P01400000,MU,2026-08-14,put,1400.0,511.96,16.0,530.79,4.0,521.375,479.52,1.0,,,,,,,2026-08-07,902.77,902.77,847.4,878.41,887387.0,871.3118
2026-08-07T20:31:36.908,7,7,MU260814P01410000,MU,2026-08-14,put,1410.0,516.64,17.0,533.64,14.0,525.14,,,,,,,,,2026-08-07,902.77,902.77,847.4,878.41,887387.0,871.3118
2026-08-07T20:31:36.908,7,7,MU260814P01420000,MU,2026-08-14,put,1420.0,532.78,27.0,559.25,4.0,546.015,,,,,,,,,2026-08-07,902.77,902.77,847.4,878.41,887387.0,871.3118
2026-08-07T20:31:36.908,7,7,MU260814P01430000,MU,2026-08-14,put,1430.0,539.09,1.0,555.45,1.0,547.27,,,,,,,,,2026-08-07,902.77,902.77,847.4,878.41,887387.0,871.3118
2026-08-07T20:31:36.908,7,7,MU260814P01440000,MU,2026-08-14,put,1440.0,561.13,25.0,573.83,4.0,567.48,491.79,1.0,,,,,,,2026-08-07,902.77,902.77,847.4,878.41,887387.0,871.3118
2026-08-07T20:31:36.908,7,7,MU260814P01450000,MU,2026-08-14,put,1450.0,565.92,24.0,574.54,3.0,570.23,,,,,,,,,2026-08-07,902.77,902.77,847.4,878.41,887387.0,871.3118
2026-08-07T20:31:36.908,7,7,MU260814P01460000,MU,2026-08-14,put,1460.0,581.93,1.0,598.96,1.0,590.4449999999999,,,,,,,,,2026-08-07,902.77,902.77,847.4,878.41,887387.0,871.3118
2026-08-07T20:31:36.908,7,7,MU260814P01470000,MU,2026-08-14,put,1470.0,587.91,24.0,598.88,1.0,593.395,,,,,,,,,2026-08-07,902.77,902.77,847.4,878.41,887387.0,871.3118
2026-08-07T20:31:36.908,7,7,MU260814P01480000,MU,2026-08-14,put,1480.0,605.94,15.0,618.29,5.0,612.115,,,,,,,,,2026-08-07,902.77,902.77,847.4,878.41,887387.0,871.3118
2026-08-07T20:31:36.908,7,7,MU260814P01490000,MU,2026-08-14,put,1490.0,611.3,13.0,617.7,4.0,614.5,,,,,,,,,2026-08-07,902.77,902.77,847.4,878.41,887387.0,871.3118
2026-08-07T20:31:36.908,7,7,MU260814P01500000,MU,2026-08-14,put,1500.0,616.05,17.0,625.07,5.0,620.56,,,,,,,,,2026-08-07,902.77,902.77,847.4,878.41,887387.0,871.3118
2026-08-07T20:31:36.908,7,7,MU260814P01510000,MU,2026-08-14,put,1510.0,637.08,26.0,649.43,1.0,643.255,,,,,,,,,2026-08-07,902.77,902.77,847.4,878.41,887387.0,871.3118
2026-08-07T20:31:36.908,7,7,MU260814P01520000,MU,2026-08-14,put,1520.0,637.56,25.0,651.14,10.0,644.3499999999999,,,,,,,,,2026-08-07,902.77,902.77,847.4,878.41,887387.0,871.3118
2026-08-07T20:31:36.908,7,7,MU260814P01530000,MU,2026-08-14,put,1530.0,654.44,1.0,655.23,1.0,654.835,,,,,,,,,2026-08-07,902.77,902.77,847.4,878.41,887387.0,871.3118
2026-08-07T20:31:36.908,7,7,MU260814P01540000,MU,2026-08-14,put,1540.0,664.7,24.0,677.4,3.0,671.05,562.03,1.0,,,,,,,2026-08-07,902.77,902.77,847.4,878.41,887387.0,871.3118
2026-08-07T20:31:36.908,7,7,MU260814P01550000,MU,2026-08-14,put,1550.0,678.08,13.0,690.43,5.0,684.255,,,,,,,,,2026-08-07,902.77,902.77,847.4,878.41,887387.0,871.3118
2026-08-07T20:31:36.908,7,7,MU260814P01560000,MU,2026-08-14,put,1560.0,680.53,26.0,682.19,9.0,681.36,572.93,1.0,,,,,,,2026-08-07,902.77,902.77,847.4,878.41,887387.0,871.3118
2026-08-07T20:31:36.908,7,7,MU260814P01570000,MU,2026-08-14,put,1570.0,698.42,13.0,703.41,3.0,700.915,,,,,,,,,2026-08-07,902.77,902.77,847.4,878.41,887387.0,871.3118
2026-08-07T20:31:36.908,7,7,MU260814P01580000,MU,2026-08-14,put,1580.0,683.3,26.0,707.75,6.0,695.525,,,,,,,,,2026-08-07,902.77,902.77,847.4,878.41,887387.0,871.3118
2026-08-07T20:31:36.908,7,7,MU260814P01590000,MU,2026-08-14,put,1590.0,694.49,9.0,726.24,5.0,710.365,,,,,,,,,2026-08-07,902.77,902.77,847.4,878.41,887387.0,871.3118
2026-08-07T20:31:36.908,7,7,MU260814P01600000,MU,2026-08-14,put,1600.0,729.73,13.0,742.08,5.0,735.905,,,,,,,,,2026-08-07,902.77,902.77,847.4,878.41,887387.0,871.3118
2026-08-07T20:31:36.908,7,7,MU260814P01610000,MU,2026-08-14,put,1610.0,735.02,1.0,749.72,1.0,742.37,,,,,,,,,2026-08-07,902.77,902.77,847.4,878.41,887387.0,871.3118
2026-08-07T20:31:36.908,7,7,MU260814P01620000,MU,2026-08-14,put,1620.0,743.69,1.0,753.4,1.0,748.5450000000001,,,,,,,,,2026-08-07,902.77,902.77,847.4,878.41,887387.0,871.3118
2026-08-07T20:31:36.908,7,7,MU260814P01630000,MU,2026-08-14,put,1630.0,755.04,21.0,755.89,3.0,755.4649999999999,,,,,,,,,2026-08-07,902.77,902.77,847.4,878.41,887387.0,871.3118
2026-08-07T20:31:36.908,7,7,MU260814P01640000,MU,2026-08-14,put,1640.0,752.5,23.0,754.55,1.0,753.525,,,,,,,,,2026-08-07,902.77,902.77,847.4,878.41,887387.0,871.3118
2026-08-07T20:31:36.908,7,7,MU260814P01650000,MU,2026-08-14,put,1650.0,753.21,1.0,770.03,1.0,761.62,,,,,,,,,2026-08-07,902.77,902.77,847.4,878.41,887387.0,871.3118
2026-08-07T20:31:36.908,7,7,MU260814P01660000,MU,2026-08-14,put,1660.0,776.0,13.0,797.12,5.0,786.56,,,,,,,,,2026-08-07,902.77,902.77,847.4,878.41,887387.0,871.3118
2026-08-07T20:31:36.908,7,7,MU260814P01670000,MU,2026-08-14,put,1670.0,782.22,1.0,789.42,1.0,785.8199999999999,,,,,,,,,2026-08-07,902.77,902.77,847.4,878.41,887387.0,871.3118
2026-08-07T20:31:36.908,7,7,MU260814P01680000,MU,2026-08-14,put,1680.0,797.59,1.0,805.85,1.0,801.72,,,,,,,,,2026-08-07,902.77,902.77,847.4,878.41,887387.0,871.3118
2026-08-07T20:31:36.908,7,7,MU260814P01690000,MU,2026-08-14,put,1690.0,801.68,25.0,815.97,3.0,808.825,,,,,,,,,2026-08-07,902.77,902.77,847.4,878.41,887387.0,871.3118
2026-08-07T20:31:36.908,7,7,MU260814P01700000,MU,2026-08-14,put,1700.0,799.13,1.0,824.37,1.0,811.75,,,,,,,,,2026-08-07,902.77,902.77,847.4,878.41,887387.0,871.3118
2026-08-07T20:31:36.908,7,7,MU260814P01710000,MU,2026-08-14,put,1710.0,830.29,1.0,832.08,1.0,831.185,,,,,,,,,2026-08-07,902.77,902.77,847.4,878.41,887387.0,871.3118
2026-08-07T20:31:36.908,7,7,MU260814P01720000,MU,2026-08-14,put,1720.0,824.43,3.0,856.66,1.0,840.545,,,,,,,,,2026-08-07,902.77,902.77,847.4,878.41,887387.0,871.3118
2026-08-07T20:31:36.908,7,7,MU260814P01730000,MU,2026-08-14,put,1730.0,840.84,15.0,863.42,3.0,852.13,,,,,,,,,2026-08-07,902.77,902.77,847.4,878.41,887387.0,871.3118
2026-08-07T20:31:36.908,7,7,MU260814P01740000,MU,2026-08-14,put,1740.0,863.69,25.0,876.44,13.0,870.065,,,,,,,,,2026-08-07,902.77,902.77,847.4,878.41,887387.0,871.3118
2026-08-07T20:31:36.908,7,7,MU260814P01750000,MU,2026-08-14,put,1750.0,874.54,10.0,886.89,5.0,880.7149999999999,,,,,,,,,2026-08-07,902.77,902.77,847.4,878.41,887387.0,871.3118
2026-08-07T20:31:36.908,7,7,MU260814P01760000,MU,2026-08-14,put,1760.0,881.31,3.0,894.56,1.0,887.935,,,,,,,,,2026-08-07,902.77,902.77,847.4,878.41,887387.0,871.3118
2026-08-07T20:31:36.908,7,7,MU260814P01770000,MU,2026-08-14,put,1770.0,884.75,22.0,904.71,3.0,894.73,,,,,,,,,2026-08-07,902.77,902.77,847.4,878.41,887387.0,871.3118
2026-08-07T20:31:36.908,7,7,MU260814P01780000,MU,2026-08-14,put,1780.0,880.69,21.0,910.48,1.0,895.585,,,,,,,,,2026-08-07,902.77,902.77,847.4,878.41,887387.0,871.3118
2026-08-07T20:31:36.908,7,7,MU260814P01790000,MU,2026-08-14,put,1790.0,912.43,13.0,926.53,4.0,919.48,797.45,1.0,,,,,,,2026-08-07,902.77,902.77,847.4,878.41,887387.0,871.3118
2026-08-07T20:31:36.908,7,7,MU260814P01800000,MU,2026-08-14,put,1800.0,923.3,22.0,929.89,6.0,926.595,,,,,,,,,2026-08-07,902.77,902.77,847.4,878.41,887387.0,871.3118
2026-08-07T20:31:36.908,7,7,MU260814P01810000,MU,2026-08-14,put,1810.0,940.39,24.0,948.72,3.0,944.5550000000001,,,,,,,,,2026-08-07,902.77,902.77,847.4,878.41,887387.0,871.3118
2026-08-07T20:31:36.908,7,7,MU260814P01820000,MU,2026-08-14,put,1820.0,926.26,2.0,932.19,1.0,929.225,,,,,,,,,2026-08-07,902.77,902.77,847.4,878.41,887387.0,871.3118
2026-08-07T20:31:36.908,7,7,MU260814P01830000,MU,2026-08-14,put,1830.0,956.66,1.0,971.31,1.0,963.9849999999999,,,,,,,,,2026-08-07,902.77,902.77,847.4,878.41,887387.0,871.3118
2026-08-07T20:31:36.908,7,7,MU260814P01840000,MU,2026-08-14,put,1840.0,962.84,2.0,984.29,4.0,973.565,,,,,,,,,2026-08-07,902.77,902.77,847.4,878.41,887387.0,871.3118
2026-08-07T20:31:36.908,7,7,MU260814P01850000,MU,2026-08-14,put,1850.0,959.21,15.0,985.95,4.0,972.58,,,,,,,,,2026-08-07,902.77,902.77,847.4,878.41,887387.0,871.3118
2026-08-07T20:31:36.908,7,7,MU260814P01860000,MU,2026-08-14,put,1860.0,968.97,3.0,1005.79,3.0,987.38,,,,,,,,,2026-08-07,902.77,902.77,847.4,878.41,887387.0,871.3118
2026-08-07T20:31:36.908,7,7,MU260814P01870000,MU,2026-08-14,put,1870.0,980.75,15.0,1005.89,1.0,993.3199999999999,,,,,,,,,2026-08-07,902.77,902.77,847.4,878.41,887387.0,871.3118
2026-08-07T20:31:36.908,7,7,MU260814P01880000,MU,2026-08-14,put,1880.0,999.79,15.0,1018.48,15.0,1009.135,,,,,,,,,2026-08-07,902.77,902.77,847.4,878.41,887387.0,871.3118
2026-08-07T20:31:36.908,7,7,MU260814P01890000,MU,2026-08-14,put,1890.0,1023.96,1.0,1038.609,1.0,1031.2845,,,,,,,,,2026-08-07,902.77,902.77,847.4,878.41,887387.0,871.3118
2026-08-07T20:31:36.908,7,7,MU260814P01900000,MU,2026-08-14,put,1900.0,1021.22,1.0,1046.369,1.0,1033.7945,,,,,,,,,2026-08-07,902.77,902.77,847.4,878.41,887387.0,871.3118
2026-08-07T20:31:36.908,7,7,MU260814P01910000,MU,2026-08-14,put,1910.0,1012.72,9.0,1052.88,8.0,1032.8000000000002,,,,,,,,,2026-08-07,902.77,902.77,847.4,878.41,887387.0,871.3118
2026-08-07T20:31:36.908,7,7,MU260814P01920000,MU,2026-08-14,put,1920.0,1035.819,22.0,1054.03,3.0,1044.9245,1082.75,1.0,,,,,,,2026-08-07,902.77,902.77,847.4,878.41,887387.0,871.3118
2026-08-07T20:31:36.908,7,7,MU260814P01930000,MU,2026-08-14,put,1930.0,1054.15,3.0,1068.2,1.0,1061.1750000000002,,,,,,,,,2026-08-07,902.77,902.77,847.4,878.41,887387.0,871.3118
2026-08-07T20:31:36.908,7,7,MU260814P01940000,MU,2026-08-14,put,1940.0,1051.78,23.0,1064.73,1.0,1058.255,,,,,,,,,2026-08-07,902.77,902.77,847.4,878.41,887387.0,871.3118
2026-08-07T20:31:36.908,7,7,MU260814P01950000,MU,2026-08-14,put,1950.0,1061.75,1.0,1079.64,1.0,1070.6950000000002,976.3,1.0,,,,,,,2026-08-07,902.77,902.77,847.4,878.41,887387.0,871.3118
2026-08-07T20:31:36.908,7,7,MU260814P01960000,MU,2026-08-14,put,1960.0,1088.96,24.0,1104.04,1.0,1096.5,,,,,,,,,2026-08-07,902.77,902.77,847.4,878.41,887387.0,871.3118
2026-08-07T20:31:36.908,7,7,MU260814P01970000,MU,2026-08-14,put,1970.0,1070.98,23.0,1088.13,3.0,1079.555,,,,,,,,,2026-08-07,902.77,902.77,847.4,878.41,887387.0,871.3118
2026-08-07T20:31:36.908,7,7,MU260814P01980000,MU,2026-08-14,put,1980.0,1104.57,1.0,1127.39,1.0,1115.98,971.03,1.0,,,,,,,2026-08-07,902.77,902.77,847.4,878.41,887387.0,871.3118
2026-08-07T20:31:36.908,7,7,MU260814P01990000,MU,2026-08-14,put,1990.0,1105.15,3.0,1120.1,1.0,1112.625,,,,,,,,,2026-08-07,902.77,902.77,847.4,878.41,887387.0,871.3118
2026-08-07T20:31:36.908,7,7,MU260814P02000000,MU,2026-08-14,put,2000.0,1137.43,13.0,1149.58,1.0,1143.505,,,,,,,,,2026-08-07,902.77,902.77,847.4,878.41,887387.0,871.3118
2026-08-07T20:31:36.908,7,7,MU260814P02010000,MU,2026-08-14,put,2010.0,1109.49,23.0,1156.63,3.0,1133.06,,,,,,,,,2026-08-07,902.77,902.77,847.4,878.41,887387.0,871.3118
2026-08-07T20:31:36.908,7,7,MU260814P02020000,MU,2026-08-14,put,2020.0,1150.66,3.0,1165.06,1.0,1157.8600000000001,,,,,,,,,2026-08-07,902.77,902.77,847.4,878.41,887387.0,871.3118
2026-08-07T20:31:36.908,7,7,MU260814P02030000,MU,2026-08-14,put,2030.0,1156.03,14.0,1168.38,2.0,1162.205,,,,,,,,,2026-08-07,902.77,902.77,847.4,878.41,887387.0,871.3118
2026-08-07T20:31:36.908,7,7,MU260814P02040000,MU,2026-08-14,put,2040.0,1145.68,3.0,1168.6,1.0,1157.1399999999999,,,,,,,,,2026-08-07,902.77,902.77,847.4,878.41,887387.0,871.3118
2026-08-07T20:31:36.908,7,7,MU260814P02050000,MU,2026-08-14,put,2050.0,1181.64,2.0,1195.69,1.0,1188.665,,,,,,,,,2026-08-07,902.77,902.77,847.4,878.41,887387.0,871.3118
2026-08-07T20:31:36.908,7,7,MU260814P02060000,MU,2026-08-14,put,2060.0,1194.78,1.0,1209.03,1.0,1201.905,,,,,,,,,2026-08-07,902.77,902.77,847.4,878.41,887387.0,871.3118
2026-08-07T20:31:36.908,7,7,MU260814P02070000,MU,2026-08-14,put,2070.0,1180.31,19.0,1189.78,3.0,1185.045,,,,,,,,,2026-08-07,902.77,902.77,847.4,878.41,887387.0,871.3118
2026-08-07T20:31:36.908,7,7,MU260814P02080000,MU,2026-08-14,put,2080.0,1210.3,3.0,1224.5,1.0,1217.4,,,,,,,,,2026-08-07,902.77,902.77,847.4,878.41,887387.0,871.3118
2026-08-07T20:31:36.908,7,7,MU260814P02090000,MU,2026-08-14,put,2090.0,1185.54,22.0,1194.65,5.0,1190.095,,,,,,,,,2026-08-07,902.77,902.77,847.4,878.41,887387.0,871.3118
2026-08-07T20:31:36.908,7,7,MU260814P02100000,MU,2026-08-14,put,2100.0,1235.78,1.0,1250.43,1.0,1243.105,,,,,,,,,2026-08-07,902.77,902.77,847.4,878.41,887387.0,871.3118
2026-08-07T20:31:36.908,7,7,MU260814P02110000,MU,2026-08-14,put,2110.0,1205.9,3.0,1236.73,1.0,1221.315,,,,,,,,,2026-08-07,902.77,902.77,847.4,878.41,887387.0,871.3118
2026-08-07T20:31:36.908,7,7,MU260814P02120000,MU,2026-08-14,put,2120.0,1214.67,13.0,1270.86,6.0,1242.7649999999999,,,,,,,,,2026-08-07,902.77,902.77,847.4,878.41,887387.0,871.3118
2026-08-07T20:31:36.908,7,10,MU260817C00450000,MU,2026-08-17,call,450.0,411.35,20.0,433.84,2.0,422.595,,,,,,,,,2026-08-07,902.77,902.77,847.4,878.41,887387.0,871.3118
2026-08-07T20:31:36.908,7,10,MU260817C00455000,MU,2026-08-17,call,455.0,412.49,24.0,431.66,1.0,422.07500000000005,,,,,,,,,2026-08-07,902.77,902.77,847.4,878.41,887387.0,871.3118
2026-08-07T20:31:36.908,7,10,MU260817C00460000,MU,2026-08-17,call,460.0,410.74,1.0,422.8,2.0,416.77,,,,,,,,,2026-08-07,902.77,902.77,847.4,878.41,887387.0,871.3118
2026-08-07T20:31:36.908,7,10,MU260817C00465000,MU,2026-08-17,call,465.0,404.96,11.0,424.82,1.0,414.89,,,,,,,,,2026-08-07,902.77,902.77,847.4,878.41,887387.0,871.3118
2026-08-07T20:31:36.908,7,10,MU260817C00470000,MU,2026-08-17,call,470.0,391.48,19.0,419.97,4.0,405.725,,,,,,,,,2026-08-07,902.77,902.77,847.4,878.41,887387.0,871.3118
2026-08-07T20:31:36.908,7,10,MU260817C00475000,MU,2026-08-17,call,475.0,389.2,11.0,411.53,1.0,400.365,,,,,,,,,2026-08-07,902.77,902.77,847.4,878.41,887387.0,871.3118
2026-08-07T20:31:36.908,7,10,MU260817C00480000,MU,2026-08-17,call,480.0,392.21,11.0,407.23,1.0,399.72,,,,,,,,,2026-08-07,902.77,902.77,847.4,878.41,887387.0,871.3118
2026-08-07T20:31:36.908,7,10,MU260817C00485000,MU,2026-08-17,call,485.0,382.11,15.0,404.51,1.0,393.31,,,,,,,,,2026-08-07,902.77,902.77,847.4,878.41,887387.0,871.3118
2026-08-07T20:31:36.908,7,10,MU260817C00490000,MU,2026-08-17,call,490.0,382.68,11.0,398.75,1.0,390.71500000000003,,,,,,,,,2026-08-07,902.77,902.77,847.4,878.41,887387.0,871.3118
2026-08-07T20:31:36.908,7,10,MU260817C00495000,MU,2026-08-17,call,495.0,367.3,22.0,395.73,1.0,381.515,,,,,,,,,2026-08-07,902.77,902.77,847.4,878.41,887387.0,871.3118
2026-08-07T20:31:36.908,7,10,MU260817C00500000,MU,2026-08-17,call,500.0,367.36,24.0,379.89,1.0,373.625,,,,,,,,,2026-08-07,902.77,902.77,847.4,878.41,887387.0,871.3118
2026-08-07T20:31:36.908,7,10,MU260817C00505000,MU,2026-08-17,call,505.0,370.53,11.0,372.86,1.0,371.695,,,,,,,,,2026-08-07,902.77,902.77,847.4,878.41,887387.0,871.3118
2026-08-07T20:31:36.908,7,10,MU260817C00510000,MU,2026-08-17,call,510.0,363.36,16.0,376.08,1.0,369.72,,,,,,,,,2026-08-07,902.77,902.77,847.4,878.41,887387.0,871.3118
2026-08-07T20:31:36.908,7,10,MU260817C00515000,MU,2026-08-17,call,515.0,357.86,11.0,363.19,2.0,360.525,,,,,,,,,2026-08-07,902.77,902.77,847.4,878.41,887387.0,871.3118
2026-08-07T20:31:36.908,7,10,MU260817C00520000,MU,2026-08-17,call,520.0,353.09,21.0,370.24,1.0,361.66499999999996,,,,,,,,,2026-08-07,902.77,902.77,847.4,878.41,887387.0,871.3118
2026-08-07T20:31:36.908,7,10,MU260817C00525000,MU,2026-08-17,call,525.0,347.01,22.0,358.57,1.0,352.78999999999996,384.17,1.0,,,,,,,2026-08-07,902.77,902.77,847.4,878.41,887387.0,871.3118
2026-08-07T20:31:36.908,7,10,MU260817C00530000,MU,2026-08-17,call,530.0,331.92,21.0,348.45,1.0,340.185,,,,,,,,,2026-08-07,902.77,902.77,847.4,878.41,887387.0,871.3118
2026-08-07T20:31:36.908,7,10,MU260817C00535000,MU,2026-08-17,call,535.0,329.41,11.0,351.62,1.0,340.515,,,,,,,,,2026-08-07,902.77,902.77,847.4,878.41,887387.0,871.3118
2026-08-07T20:31:36.908,7,10,MU260817C00540000,MU,2026-08-17,call,540.0,333.73,11.0,343.22,1.0,338.475,,,,,,,,,2026-08-07,902.77,902.77,847.4,878.41,887387.0,871.3118
2026-08-07T20:31:36.908,7,10,MU260817C00545000,MU,2026-08-17,call,545.0,323.88,11.0,340.46,1.0,332.16999999999996,,,,,,,,,2026-08-07,902.77,902.77,847.4,878.41,887387.0,871.3118
2026-08-07T20:31:36.908,7,10,MU260817C00550000,MU,2026-08-17,call,550.0,317.64,22.0,337.12,1.0,327.38,,,,,,,,,2026-08-07,902.77,902.77,847.4,878.41,887387.0,871.3118
2026-08-07T20:31:36.908,7,10,MU260817C00555000,MU,2026-08-17,call,555.0,317.43,11.0,334.27,1.0,325.85,,,,,,,,,2026-08-07,902.77,902.77,847.4,878.41,887387.0,871.3118
2026-08-07T20:31:36.908,7,10,MU260817C00560000,MU,2026-08-17,call,560.0,311.82,17.0,324.5,1.0,318.15999999999997,,,,,,,,,2026-08-07,902.77,902.77,847.4,878.41,887387.0,871.3118
2026-08-07T20:31:36.908,7,10,MU260817C00565000,MU,2026-08-17,call,565.0,297.6,11.0,321.3,1.0,309.45000000000005,,,,,,,,,2026-08-07,902.77,902.77,847.4,878.41,887387.0,871.3118
2026-08-07T20:31:36.908,7,10,MU260817C00570000,MU,2026-08-17,call,570.0,293.61,11.0,317.14,1.0,305.375,,,,,,,,,2026-08-07,902.77,902.77,847.4,878.41,887387.0,871.3118
2026-08-07T20:31:36.908,7,10,MU260817C00575000,MU,2026-08-17,call,575.0,292.17,22.0,304.08,1.0,298.125,,,,,,,,,2026-08-07,902.77,902.77,847.4,878.41,887387.0,871.3118
2026-08-07T20:31:36.908,7,10,MU260817C00580000,MU,2026-08-17,call,580.0,284.04,23.0,299.16,1.0,291.6,,,,,,,,,2026-08-07,902.77,902.77,847.4,878.41,887387.0,871.3118
2026-08-07T20:31:36.908,7,10,MU260817C00585000,MU,2026-08-17,call,585.0,283.48,11.0,295.28,1.0,289.38,,,,,,,,,2026-08-07,902.77,902.77,847.4,878.41,887387.0,871.3118
2026-08-07T20:31:36.908,7,10,MU260817C00590000,MU,2026-08-17,call,590.0,278.12,26.0,297.21,2.0,287.66499999999996,,,,,,,,,2026-08-07,902.77,902.77,847.4,878.41,887387.0,871.3118
2026-08-07T20:31:36.908,7,10,MU260817C00595000,MU,2026-08-17,call,595.0,275.15,30.0,284.39,5.0,279.77,,,,,,,,,2026-08-07,902.77,902.77,847.4,878.41,887387.0,871.3118
2026-08-07T20:31:36.908,7,10,MU260817C00600000,MU,2026-08-17,call,600.0,272.34,24.0,282.56,5.0,277.45,,,,,,,,,2026-08-07,902.77,902.77,847.4,878.41,887387.0,871.3118
2026-08-07T20:31:36.908,7,10,MU260817C00605000,MU,2026-08-17,call,605.0,263.94,24.0,282.57,6.0,273.255,,,,,,,,,2026-08-07,902.77,902.77,847.4,878.41,887387.0,871.3118
2026-08-07T20:31:36.908,7,10,MU260817C00610000,MU,2026-08-17,call,610.0,262.42,28.0,271.93,2.0,267.175,,,,,,,,,2026-08-07,902.77,902.77,847.4,878.41,887387.0,871.3118
2026-08-07T20:31:36.908,7,10,MU260817C00615000,MU,2026-08-17,call,615.0,251.04,26.0,263.9,3.0,257.46999999999997,,,,,,,,,2026-08-07,902.77,902.77,847.4,878.41,887387.0,871.3118
2026-08-07T20:31:36.908,7,10,MU260817C00617500,MU,2026-08-17,call,617.5,248.96,22.0,271.15,8.0,260.055,,,,,,,,,2026-08-07,902.77,902.77,847.4,878.41,887387.0,871.3118
2026-08-07T20:31:36.908,7,10,MU260817C00620000,MU,2026-08-17,call,620.0,244.86,26.0,257.89,3.0,251.375,,,,,,,,,2026-08-07,902.77,902.77,847.4,878.41,887387.0,871.3118
2026-08-07T20:31:36.908,7,10,MU260817C00622500,MU,2026-08-17,call,622.5,250.28,32.0,262.48,6.0,256.38,,,,,,,,,2026-08-07,902.77,902.77,847.4,878.41,887387.0,871.3118
2026-08-07T20:31:36.908,7,10,MU260817C00625000,MU,2026-08-17,call,625.0,248.38,26.0,262.23,3.0,255.305,,,,,,,,,2026-08-07,902.77,902.77,847.4,878.41,887387.0,871.3118
2026-08-07T20:31:36.908,7,10,MU260817C00627500,MU,2026-08-17,call,627.5,243.5,25.0,254.19,6.0,248.845,,,,,,,,,2026-08-07,902.77,902.77,847.4,878.41,887387.0,871.3118
2026-08-07T20:31:36.908,7,10,MU260817C00630000,MU,2026-08-17,call,630.0,236.01,22.0,255.02,2.0,245.515,,,,,,,,,2026-08-07,902.77,902.77,847.4,878.41,887387.0,871.3118
2026-08-07T20:31:36.908,7,10,MU260817C00632500,MU,2026-08-17,call,632.5,234.84,22.0,254.55,3.0,244.695,,,,,,,,,2026-08-07,902.77,902.77,847.4,878.41,887387.0,871.3118
2026-08-07T20:31:36.908,7,10,MU260817C00635000,MU,2026-08-17,call,635.0,234.54,23.0,249.61,2.0,242.075,,,,,,,,,2026-08-07,902.77,902.77,847.4,878.41,887387.0,871.3118
2026-08-07T20:31:36.908,7,10,MU260817C00637500,MU,2026-08-17,call,637.5,231.51,26.0,247.06,5.0,239.285,,,,,,,,,2026-08-07,902.77,902.77,847.4,878.41,887387.0,871.3118
2026-08-07T20:31:36.908,7,10,MU260817C00640000,MU,2026-08-17,call,640.0,226.37,27.0,245.24,2.0,235.805,,,,,,,,,2026-08-07,902.77,902.77,847.4,878.41,887387.0,871.3118
2026-08-07T20:31:36.908,7,10,MU260817C00642500,MU,2026-08-17,call,642.5,225.74,21.0,243.09,3.0,234.41500000000002,,,,,,,,,2026-08-07,902.77,902.77,847.4,878.41,887387.0,871.3118
2026-08-07T20:31:36.908,7,10,MU260817C00645000,MU,2026-08-17,call,645.0,224.72,25.0,234.67,15.0,229.695,,,,,,,,,2026-08-07,902.77,902.77,847.4,878.41,887387.0,871.3118
2026-08-07T20:31:36.908,7,10,MU260817C00647500,MU,2026-08-17,call,647.5,222.62,30.0,237.69,7.0,230.155,,,,,,,,,2026-08-07,902.77,902.77,847.4,878.41,887387.0,871.3118
2026-08-07T20:31:36.908,7,10,MU260817C00650000,MU,2026-08-17,call,650.0,222.47,22.0,233.42,2.0,227.945,263.48,2.0,,,,,,,2026-08-07,902.77,902.77,847.4,878.41,887387.0,871.3118
2026-08-07T20:31:36.908,7,10,MU260817C00652500,MU,2026-08-17,call,652.5,220.62,23.0,231.97,2.0,226.29500000000002,,,,,,,,,2026-08-07,902.77,902.77,847.4,878.41,887387.0,871.3118
2026-08-07T20:31:36.908,7,10,MU260817C00655000,MU,2026-08-17,call,655.0,211.22,31.0,228.84,5.0,220.03,,,,,,,,,2026-08-07,902.77,902.77,847.4,878.41,887387.0,871.3118
2026-08-07T20:31:36.908,7,10,MU260817C00657500,MU,2026-08-17,call,657.5,211.9,27.0,226.62,3.0,219.26,,,0.9532,0.9708,0.0005,-0.5218,0.0963,0.1725,2026-08-07,902.77,902.77,847.4,878.41,887387.0,871.3118
2026-08-07T20:31:36.908,7,10,MU260817C00660000,MU,2026-08-17,call,660.0,207.69,28.0,228.58,15.0,218.135,,,,,,,,,2026-08-07,902.77,902.77,847.4,878.41,887387.0,871.3118
2026-08-07T20:31:36.908,7,10,MU260817C00662500,MU,2026-08-17,call,662.5,202.86,25.0,220.56,5.0,211.71,,,,,,,,,2026-08-07,902.77,902.77,847.4,878.41,887387.0,871.3118
2026-08-07T20:31:36.908,7,10,MU260817C00665000,MU,2026-08-17,call,665.0,200.71,23.0,221.9,2.0,211.305,,,0.8697,0.9762,0.0004,-0.417,0.0811,0.176,2026-08-07,902.77,902.77,847.4,878.41,887387.0,871.3118
2026-08-07T20:31:36.908,7,10,MU260817C00667500,MU,2026-08-17,call,667.5,201.93,30.0,216.03,2.0,208.98000000000002,,,0.8797,0.9735,0.0005,-0.4552,0.0889,0.176,2026-08-07,902.77,902.77,847.4,878.41,887387.0,871.3118
2026-08-07T20:31:36.908,7,10,MU260817C00670000,MU,2026-08-17,call,670.0,197.72,30.0,211.85,2.0,204.785,,,,,,,,,2026-08-07,902.77,902.77,847.4,878.41,887387.0,871.3118
2026-08-07T20:31:36.908,7,10,MU260817C00672500,MU,2026-08-17,call,672.5,200.09,26.0,210.55,2.0,205.32,,,0.978,0.9563,0.0007,-0.7182,0.134,0.1729,2026-08-07,902.77,902.77,847.4,878.41,887387.0,871.3118
2026-08-07T20:31:36.908,7,10,MU260817C00675000,MU,2026-08-17,call,675.0,193.04,28.0,211.42,17.0,202.23,,,0.9198,0.9627,0.0006,-0.6055,0.1178,0.1752,2026-08-07,902.77,902.77,847.4,878.41,887387.0,871.3118
2026-08-07T20:31:36.908,7,10,MU260817C00677500,MU,2026-08-17,call,677.5,193.39,22.0,203.11,2.0,198.25,,,0.7386,0.9845,0.0004,-0.2745,0.0564,0.1815,2026-08-07,902.77,902.77,847.4,878.41,887387.0,871.3118
2026-08-07T20:31:36.908,7,10,MU260817C00680000,MU,2026-08-17,call,680.0,189.75,21.0,205.62,2.0,197.685,,,0.9336,0.9565,0.0007,-0.687,0.1335,0.175,2026-08-07,902.77,902.77,847.4,878.41,887387.0,871.3118
2026-08-07T20:31:36.908,7,10,MU260817C00682500,MU,2026-08-17,call,682.5,190.18,21.0,200.58,5.0,195.38,,,0.9364,0.9538,0.0007,-0.7197,0.1401,0.175,2026-08-07,902.77,902.77,847.4,878.41,887387.0,871.3118
2026-08-07T20:31:36.908,7,10,MU260817C00685000,MU,2026-08-17,call,685.0,185.86,21.0,201.85,1.0,193.85500000000002,,,0.9885,0.943,0.0008,-0.8816,0.1656,0.1728,2026-08-07,902.77,902.77,847.4,878.41,887387.0,871.3118
2026-08-07T20:31:36.908,7,10,MU260817C00687500,MU,2026-08-17,call,687.5,184.34,29.0,197.86,6.0,191.10000000000002,,,0.961,0.945,0.0008,-0.8372,0.161,0.174,2026-08-07,902.77,902.77,847.4,878.41,887387.0,871.3118
2026-08-07T20:31:36.908,7,10,MU260817C00690000,MU,2026-08-17,call,690.0,183.09,22.0,193.52,5.0,188.305,,,0.9306,0.9476,0.0008,-0.7855,0.1551,0.1754,2026-08-07,902.77,902.77,847.4,878.41,887387.0,871.3118
2026-08-07T20:31:36.908,7,10,MU260817C00692500,MU,2026-08-17,call,692.5,179.59,24.0,189.37,5.0,184.48000000000002,,,0.8219,0.9633,0.0007,-0.5436,0.1163,0.1802,2026-08-07,902.77,902.77,847.4,878.41,887387.0,871.3118
2026-08-07T20:31:36.908,7,10,MU260817C00695000,MU,2026-08-17,call,695.0,178.07,24.0,186.73,5.0,182.39999999999998,,,0.8449,0.9572,0.0007,-0.6216,0.1317,0.1794,2026-08-07,902.77,902.77,847.4,878.41,887387.0,871.3118
2026-08-07T20:31:36.908,7,10,MU260817C00697500,MU,2026-08-17,call,697.5,170.71,25.0,185.36,2.0,178.03500000000003,,,0.6206,0.9882,0.0003,-0.2072,0.0447,0.188,2026-08-07,902.77,902.77,847.4,878.41,887387.0,871.3118
2026-08-07T20:31:36.908,7,10,MU260817C00700000,MU,2026-08-17,call,700.0,171.37,25.0,182.36,6.0,176.865,225.3,1.0,0.78,0.9637,0.0007,-0.5155,0.1151,0.1824,2026-08-07,902.77,902.77,847.4,878.41,887387.0,871.3118
2026-08-07T20:31:36.908,7,10,MU260817C00702500,MU,2026-08-17,call,702.5,170.42,22.0,179.25,2.0,174.83499999999998,,,0.8071,0.9567,0.0008,-0.6032,0.1331,0.1813,2026-08-07,902.77,902.77,847.4,878.41,887387.0,871.3118
2026-08-07T20:31:36.908,7,10,MU260817C00705000,MU,2026-08-17,call,705.0,166.5,22.0,177.89,5.0,172.195,,,0.7856,0.9581,0.0008,-0.5751,0.1295,0.1824,2026-08-07,902.77,902.77,847.4,878.41,887387.0,871.3118
2026-08-07T20:31:36.908,7,10,MU260817C00707500,MU,2026-08-17,call,707.5,164.95,25.0,176.69,11.0,170.82,,,0.8508,0.9432,0.0009,-0.7682,0.1652,0.1792,2026-08-07,902.77,902.77,847.4,878.41,887387.0,871.3118
2026-08-07T20:31:36.908,7,10,MU260817C00710000,MU,2026-08-17,call,710.0,161.85,27.0,177.32,5.0,169.58499999999998,,,0.9089,0.9288,0.001,-0.9591,0.1969,0.1761,2026-08-07,902.77,902.77,847.4,878.41,887387.0,871.3118
2026-08-07T20:31:36.908,7,10,MU260817C00712500,MU,2026-08-17,call,712.5,156.53,25.0,174.38,4.0,165.45499999999998,,,0.8056,0.9463,0.0009,-0.7022,0.1579,0.1814,2026-08-07,902.77,902.77,847.4,878.41,887387.0,871.3118
2026-08-07T20:31:36.908,7,10,MU260817C00715000,MU,2026-08-17,call,715.0,158.94,23.0,170.8,2.0,164.87,,,0.8988,0.9243,0.0011,-0.992,0.2064,0.1763,2026-08-07,902.77,902.77,847.4,878.41,887387.0,871.3118
2026-08-07T20:31:36.908,7,10,MU260817C00717500,MU,2026-08-17,call,717.5,151.56,25.0,167.57,2.0,159.565,,,0.7222,0.9576,0.0009,-0.5403,0.1309,0.1857,2026-08-07,902.77,902.77,847.4,878.41,887387.0,871.3118
2026-08-07T20:31:36.908,7,10,MU260817C00720000,MU,2026-08-17,call,720.0,153.78,20.0,167.82,5.0,160.8,155.21,1.0,0.917,0.9135,0.0012,-1.1096,0.2281,0.1748,2026-08-07,902.77,902.77,847.4,878.41,887387.0,871.3118
2026-08-07T20:31:36.908,7,10,MU260817C00722500,MU,2026-08-17,call,722.5,149.04,25.0,160.54,3.0,154.79,,,0.7175,0.953,0.0009,-0.577,0.142,0.1859,2026-08-07,902.77,902.77,847.4,878.41,887387.0,871.3118
2026-08-07T20:31:36.908,7,10,MU260817C00725000,MU,2026-08-17,call,725.0,146.18,26.0,161.55,5.0,153.865,153.22,1.0,0.8008,0.9316,0.0011,-0.8304,0.1909,0.181,2026-08-07,902.77,902.77,847.4,878.41,887387.0,871.3118
2026-08-07T20:31:36.908,7,10,MU260817C00727500,MU,2026-08-17,call,727.5,144.95,27.0,157.53,6.0,151.24,,,0.7827,0.9322,0.0012,-0.808,0.1895,0.1819,2026-08-07,902.77,902.77,847.4,878.41,887387.0,871.3118
2026-08-07T20:31:36.908,7,10,MU260817C00730000,MU,2026-08-17,call,730.0,144.4,28.0,152.77,6.0,148.585,,,0.763,0.9333,0.0012,-0.781,0.1872,0.1829,2026-08-07,902.77,902.77,847.4,878.41,887387.0,871.3118
2026-08-07T20:31:36.908,7,10,MU260817C00732500,MU,2026-08-17,call,732.5,136.52,21.0,155.45,5.0,145.985,,,0.7462,0.9337,0.0012,-0.7623,0.1864,0.1837,2026-08-07,902.77,902.77,847.4,878.41,887387.0,871.3118
2026-08-07T20:31:36.908,7,10,MU260817C00735000,MU,2026-08-17,call,735.0,134.96,17.0,153.08,2.0,144.02,,,0.7623,0.9262,0.0013,-0.838,0.2024,0.1824,2026-08-07,902.77,902.77,847.4,878.41,887387.0,871.3118
2026-08-07T20:31:36.908,7,10,MU260817C00737500,MU,2026-08-17,call,737.5,133.17,21.0,148.96,11.0,141.065,,,0.7277,0.9309,0.0013,-0.7673,0.1924,0.1844,2026-08-07,902.77,902.77,847.4,878.41,887387.0,871.3118
2026-08-07T20:31:36.908,7,10,MU260817C00740000,MU,2026-08-17,call,740.0,131.92,22.0,144.04,13.0,137.98,,,0.6849,0.938,0.0012,-0.6738,0.1769,0.1869,2026-08-07,902.77,902.77,847.4,878.41,887387.0,871.3118
2026-08-07T20:31:36.908,7,10,MU260817C00742500,MU,2026-08-17,call,742.5,131.85,24.0,142.72,5.0,137.285,,,0.7626,0.9142,0.0014,-0.9312,0.2269,0.1814,2026-08-07,902.77,902.77,847.4,878.41,887387.0,871.3118
2026-08-07T20:31:36.908,7,10,MU260817C00745000,MU,2026-08-17,call,745.0,128.729,22.0,140.03,10.0,134.3795,,,0.7326,0.9178,0.0014,-0.8716,0.2197,0.1831,2026-08-07,902.77,902.77,847.4,878.41,887387.0,871.3118
2026-08-07T20:31:36.908,7,10,MU260817C00747500,MU,2026-08-17,call,747.5,128.13,20.0,137.56,4.0,132.845,,,0.7624,0.9056,0.0015,-0.9939,0.2435,0.1806,2026-08-07,902.77,902.77,847.4,878.41,887387.0,871.3118
2026-08-07T20:31:36.908,7,10,MU260817C00750000,MU,2026-08-17,call,750.0,124.21,22.0,136.7,4.0,130.45499999999998,160.4,1.0,0.7547,0.9031,0.0016,-1.0023,0.2482,0.1806,2026-08-07,902.77,902.77,847.4,878.41,887387.0,871.3118
2026-08-07T20:31:36.908,7,10,MU260817C00755000,MU,2026-08-17,call,755.0,118.64,8.0,129.25,8.0,123.945,141.32,1.0,0.6663,0.9186,0.0016,-0.7939,0.2179,0.1861,2026-08-07,902.77,902.77,847.4,878.41,887387.0,871.3118
2026-08-07T20:31:36.908,7,10,MU260817C00760000,MU,2026-08-17,call,760.0,114.5,16.0,129.36,7.0,121.93,,,0.7601,0.8822,0.0018,-1.1512,0.2858,0.1779,2026-08-07,902.77,902.77,847.4,878.41,887387.0,871.3118
2026-08-07T20:31:36.908,7,10,MU260817C00765000,MU,2026-08-17,call,765.0,107.94,27.0,124.28,36.0,116.11,,,0.7059,0.8872,0.0019,-1.0441,0.2772,0.1807,2026-08-07,902.77,902.77,847.4,878.41,887387.0,871.3118
2026-08-07T20:31:36.908,7,10,MU260817C00770000,MU,2026-08-17,call,770.0,104.23,19.0,119.55,21.0,111.89,,,0.7079,0.8755,0.002,-1.1169,0.2971,0.1791,2026-08-07,902.77,902.77,847.4,878.41,887387.0,871.3118
2026-08-07T20:31:36.908,7,10,MU260817C00775000,MU,2026-08-17,call,775.0,102.94,16.0,114.58,32.0,108.75999999999999,,,0.7413,0.854,0.0021,-1.2924,0.3315,0.1748,2026-08-07,902.77,902.77,847.4,878.41,887387.0,871.3118
2026-08-07T20:31:36.908,7,10,MU260817C00780000,MU,2026-08-17,call,780.0,97.8,14.0,106.67,11.0,102.235,123.99,1.0,0.668,0.8639,0.0023,-1.1206,0.316,0.179,2026-08-07,902.77,902.77,847.4,878.41,887387.0,871.3118
2026-08-07T20:31:36.908,7,10,MU260817C00785000,MU,2026-08-17,call,785.0,95.55,24.0,101.24,2.0,98.395,125.74,1.0,0.6772,0.848,0.0024,-1.2173,0.3405,0.1762,2026-08-07,902.77,902.77,847.4,878.41,887387.0,871.3118
2026-08-07T20:31:36.908,7,10,MU260817C00790000,MU,2026-08-17,call,790.0,91.93,20.0,99.39,18.0,95.66,127.34,1.0,0.7132,0.8233,0.0025,-1.4011,0.3754,0.171,2026-08-07,902.77,902.77,847.4,878.41,887387.0,871.3118
2026-08-07T20:31:36.908,7,10,MU260817C00795000,MU,2026-08-17,call,795.0,85.65,20.0,95.12,14.0,90.385,65.7,2.0,0.678,0.8196,0.0027,-1.3518,0.3803,0.1716,2026-08-07,902.77,902.77,847.4,878.41,887387.0,871.3118
2026-08-07T20:31:36.908,7,10,MU260817C00800000,MU,2026-08-17,call,800.0,81.23,20.0,90.88,17.0,86.055,82.13,1.0,0.6671,0.8079,0.0028,-1.381,0.3954,0.17,2026-08-07,902.77,902.77,847.4,878.41,887387.0,871.3118
2026-08-07T20:31:36.908,7,10,MU260817C00805000,MU,2026-08-17,call,805.0,79.71,31.0,86.06,30.0,82.88499999999999,111.2,2.0,0.6831,0.7874,0.0029,-1.4955,0.4202,0.1659,2026-08-07,902.77,902.77,847.4,878.41,887387.0,871.3118
2026-08-07T20:31:36.908,7,10,MU260817C00810000,MU,2026-08-17,call,810.0,73.43,88.0,82.48,69.0,77.95500000000001,102.74,1.0,0.6551,0.7792,0.0031,-1.467,0.4294,0.1653,2026-08-07,902.77,902.77,847.4,878.41,887387.0,871.3118
2026-08-07T20:31:36.908,7,10,MU260817C00815000,MU,2026-08-17,call,815.0,71.18,25.0,78.32,25.0,74.75,104.77,1.0,0.6657,0.759,0.0032,-1.5597,0.4509,0.1614,2026-08-07,902.77,902.77,847.4,878.41,887387.0,871.3118
2026-08-07T20:31:36.908,7,10,MU260817C00820000,MU,2026-08-17,call,820.0,67.86,88.0,76.13,89.0,71.995,100.3,1.0,0.6829,0.737,0.0033,-1.6697,0.4722,0.1568,2026-08-07,902.77,902.77,847.4,878.41,887387.0,871.3118
2026-08-07T20:31:36.908,7,10,MU260817C00825000,MU,2026-08-17,call,825.0,62.58,90.0,72.06,45.0,67.32,107.26,4.0,0.6576,0.7253,0.0035,-1.6438,0.4827,0.1553,2026-08-07,902.77,902.77,847.4,878.41,887387.0,871.3118
2026-08-07T20:31:36.908,7,10,MU260817C00830000,MU,2026-08-17,call,830.0,59.92,1.0,67.29,13.0,63.605000000000004,88.21,1.0,0.651,0.708,0.0036,-1.6734,0.4971,0.1522,2026-08-07,902.77,902.77,847.4,878.41,887387.0,871.3118
2026-08-07T20:31:36.908,7,10,MU260817C00835000,MU,2026-08-17,call,835.0,56.49,89.0,65.85,47.0,61.17,106.43,1.0,0.6677,0.6851,0.0037,-1.7701,0.5141,0.1474,2026-08-07,902.77,902.77,847.4,878.41,887387.0,871.3118
2026-08-07T20:31:36.908,7,10,MU260817C00840000,MU,2026-08-17,call,840.0,53.58,92.0,63.03,34.0,58.305,77.21,1.0,0.6735,0.6647,0.0037,-1.8286,0.5275,0.1433,2026-08-07,902.77,902.77,847.4,878.41,887387.0,871.3118
2026-08-07T20:31:36.908,7,10,MU260817C00845000,MU,2026-08-17,call,845.0,51.33,93.0,58.45,93.0,54.89,51.61,1.0,0.667,0.646,0.0039,-1.8461,0.5383,0.1397,2026-08-07,902.77,902.77,847.4,878.41,887387.0,871.3118
2026-08-07T20:31:36.908,7,10,MU260817C00850000,MU,2026-08-17,call,850.0,47.57,92.0,54.14,91.0,50.855000000000004,52.66,4.0,0.6475,0.6284,0.004,-1.8215,0.5473,0.1366,2026-08-07,902.77,902.77,847.4,878.41,887387.0,871.3118
2026-08-07T20:31:36.908,7,10,MU260817C00855000,MU,2026-08-17,call,855.0,46.36,91.0,53.86,93.0,50.11,48.27,2.0,0.6858,0.604,0.0039,-1.96,0.5577,0.131,2026-08-07,902.77,902.77,847.4,878.41,887387.0,871.3118
2026-08-07T20:31:36.908,7,10,MU260817C00860000,MU,2026-08-17,call,860.0,44.44,95.0,49.22,93.0,46.83,48.0,2.0,0.6763,0.5847,0.004,-1.9549,0.5644,0.1272,2026-08-07,902.77,902.77,847.4,878.41,887387.0,871.3118
2026-08-07T20:31:36.908,7,10,MU260817C00865000,MU,2026-08-17,call,865.0,40.32,92.0,47.17,53.0,43.745000000000005,43.0,3.0,0.6687,0.5646,0.0041,-1.9501,0.5698,0.1233,2026-08-07,902.77,902.77,847.4,878.41,887387.0,871.3118
2026-08-07T20:31:36.908,7,10,MU260817C00870000,MU,2026-08-17,call,870.0,38.59,94.0,42.23,5.0,40.41,41.0,1.0,0.655,0.544,0.0042,-1.9229,0.5739,0.1193,2026-08-07,902.77,902.77,847.4,878.41,887387.0,871.3118
2026-08-07T20:31:36.908,7,10,MU260817C00875000,MU,2026-08-17,call,875.0,36.55,88.0,41.26,50.0,38.905,39.15,1.0,0.6713,0.5235,0.0041,-1.9767,0.5764,0.1148,2026-08-07,902.77,902.77,847.4,878.41,887387.0,871.3118
2026-08-07T20:31:36.908,7,10,MU260817C00880000,MU,2026-08-17,call,880.0,32.549,97.0,39.62,94.0,36.0845,36.0,1.0,0.6631,0.5026,0.0042,-1.9546,0.5774,0.1105,2026-08-07,902.77,902.77,847.4,878.41,887387.0,871.3118
2026-08-07T20:31:36.908,7,10,MU260817C00885000,MU,2026-08-17,call,885.0,31.84,97.0,35.47,32.0,33.655,33.0,1.0,0.6598,0.4817,0.0042,-1.9416,0.5768,0.1062,2026-08-07,902.77,902.77,847.4,878.41,887387.0,871.3118
2026-08-07T20:31:36.908,7,10,MU260817C00890000,MU,2026-08-17,call,890.0,28.64,131.0,34.44,64.0,31.54,32.48,19.0,0.6602,0.4612,0.0042,-1.9343,0.5747,0.1019,2026-08-07,902.77,902.77,847.4,878.41,887387.0,871.3118
2026-08-07T20:31:36.908,7,10,MU260817C00895000,MU,2026-08-17,call,895.0,26.42,113.0,32.75,118.0,29.585,30.3,1.0,0.6617,0.4411,0.0041,-1.9251,0.5711,0.0976,2026-08-07,902.77,902.77,847.4,878.41,887387.0,871.3118
2026-08-07T20:31:36.908,7,10,MU260817C00900000,MU,2026-08-17,call,900.0,27.17,36.0,29.37,97.0,28.270000000000003,28.0,1.0,0.6727,0.4231,0.004,-1.9402,0.5667,0.0936,2026-08-07,902.77,902.77,847.4,878.41,887387.0,871.3118
2026-08-07T20:31:36.908,7,10,MU260817C00905000,MU,2026-08-17,call,905.0,22.65,118.0,29.69,112.0,26.17,24.83,3.0,0.6683,0.4028,0.004,-1.9045,0.5602,0.0893,2026-08-07,902.77,902.77,847.4,878.41,887387.0,871.3118
2026-08-07T20:31:36.908,7,10,MU260817C00910000,MU,2026-08-17,call,910.0,22.85,15.0,27.61,104.0,25.23,23.75,1.0,0.683,0.387,0.0039,-1.9237,0.5541,0.0858,2026-08-07,902.77,902.77,847.4,878.41,887387.0,871.3118
2026-08-07T20:31:36.908,7,10,MU260817C00915000,MU,2026-08-17,call,915.0,18.93,105.0,25.37,77.0,22.15,22.15,1.0,0.6572,0.362,0.0039,-1.8123,0.5426,0.0807,2026-08-07,902.77,902.77,847.4,878.41,887387.0,871.3118
2026-08-07T20:31:36.908,7,10,MU260817C00920000,MU,2026-08-17,call,920.0,18.64,107.0,22.62,41.0,20.630000000000003,22.15,1.0,0.6581,0.3437,0.0039,-1.7801,0.5325,0.0767,2026-08-07,902.77,902.77,847.4,878.41,887387.0,871.3118
2026-08-07T20:31:36.908,7,10,MU260817C00925000,MU,2026-08-17,call,925.0,18.79,32.0,20.74,44.0,19.765,19.0,10.0,0.6698,0.3291,0.0037,-1.7804,0.5236,0.0734,2026-08-07,902.77,902.77,847.4,878.41,887387.0,871.3118
2026-08-07T20:31:36.908,7,10,MU260817C00930000,MU,2026-08-17,call,930.0,15.1,132.0,21.29,130.0,18.195,18.4,1.0,0.6666,0.3107,0.0037,-1.729,0.5111,0.0695,2026-08-07,902.77,902.77,847.4,878.41,887387.0,871.3118
2026-08-07T20:31:36.908,7,10,MU260817C00935000,MU,2026-08-17,call,935.0,13.54,100.0,18.01,21.0,15.775,17.28,2.0,0.6445,0.2861,0.0036,-1.6098,0.4923,0.0642,2026-08-07,902.77,902.77,847.4,878.41,887387.0,871.3118
2026-08-07T20:31:36.908,7,10,MU260817C00940000,MU,2026-08-17,call,940.0,13.31,126.0,18.38,116.0,15.844999999999999,16.0,20.0,0.6711,0.2789,0.0035,-1.6546,0.4863,0.0625,2026-08-07,902.77,902.77,847.4,878.41,887387.0,871.3118
2026-08-07T20:31:36.908,7,10,MU260817C00945000,MU,2026-08-17,call,945.0,11.25,121.0,17.45,125.0,14.35,14.58,1.0,0.6644,0.2606,0.0034,-1.5828,0.4701,0.0585,2026-08-07,902.77,902.77,847.4,878.41,887387.0,871.3118
2026-08-07T20:31:36.908,7,10,MU260817C00950000,MU,2026-08-17,call,950.0,10.49,120.0,15.97,133.0,13.23,13.52,2.0,0.6638,0.2451,0.0033,-1.5305,0.4551,0.0551,2026-08-07,902.77,902.77,847.4,878.41,887387.0,871.3118
2026-08-07T20:31:36.908,7,10,MU260817C00955000,MU,2026-08-17,call,955.0,9.53,47.0,15.09,44.0,12.309999999999999,11.85,4.0,0.6661,0.2312,0.0032,-1.4871,0.4408,0.052,2026-08-07,902.77,902.77,847.4,878.41,887387.0,871.3118
2026-08-07T20:31:36.908,7,10,MU260817C00960000,MU,2026-08-17,call,960.0,8.74,145.0,14.28,144.0,11.51,12.0,2.0,0.6699,0.2185,0.003,-1.448,0.4269,0.0492,2026-08-07,902.77,902.77,847.4,878.41,887387.0,871.3118
2026-08-07T20:31:36.908,7,10,MU260817C00965000,MU,2026-08-17,call,965.0,9.66,113.0,12.35,128.0,11.004999999999999,11.38,1.0,0.6796,0.2088,0.0029,-1.4297,0.4157,0.047,2026-08-07,902.77,902.77,847.4,878.41,887387.0,871.3118
2026-08-07T20:31:36.908,7,10,MU260817C00970000,MU,2026-08-17,call,970.0,8.72,122.0,10.63,41.0,9.675,8.95,1.0,0.6677,0.1911,0.0028,-1.3317,0.3942,0.0431,2026-08-07,902.77,902.77,847.4,878.41,887387.0,871.3118
2026-08-07T20:31:36.908,7,10,MU260817C00975000,MU,2026-08-17,call,975.0,8.21,109.0,10.06,24.0,9.135000000000002,9.5,1.0,0.6742,0.1813,0.0027,-1.3008,0.3815,0.0409,2026-08-07,902.77,902.77,847.4,878.41,887387.0,871.3118
2026-08-07T20:31:36.908,7,10,MU260817C00980000,MU,2026-08-17,call,980.0,7.4,110.0,8.95,5.0,8.175,9.04,1.0,0.6681,0.167,0.0026,-1.2233,0.3621,0.0378,2026-08-07,902.77,902.77,847.4,878.41,887387.0,871.3118
2026-08-07T20:31:36.908,7,10,MU260817C00985000,MU,2026-08-17,call,985.0,6.75,117.0,8.57,2.0,7.66,7.71,1.0,0.6728,0.1576,0.0025,-1.1861,0.3487,0.0357,2026-08-07,902.77,902.77,847.4,878.41,887387.0,871.3118
2026-08-07T20:31:36.908,7,10,MU260817C00990000,MU,2026-08-17,call,990.0,6.34,111.0,8.0,7.0,7.17,6.48,1.0,0.6772,0.1487,0.0024,-1.1481,0.3355,0.0337,2026-08-07,902.77,902.77,847.4,878.41,887387.0,871.3118
2026-08-07T20:31:36.908,7,10,MU260817C00995000,MU,2026-08-17,call,995.0,5.71,34.0,7.36,5.0,6.535,6.66,1.0,0.676,0.138,0.0023,-1.0898,0.3191,0.0313,2026-08-07,902.77,902.77,847.4,878.41,887387.0,871.3118
2026-08-07T20:31:36.908,7,10,MU260817C01000000,MU,2026-08-17,call,1000.0,5.45,95.0,7.01,120.0,6.23,6.15,1.0,0.6841,0.1315,0.0022,-1.0665,0.3086,0.0298,2026-08-07,902.77,902.77,847.4,878.41,887387.0,871.3118
2026-08-07T20:31:36.908,7,10,MU260817C01005000,MU,2026-08-17,call,1005.0,4.92,109.0,6.16,2.0,5.54,13.95,1.0,0.6784,0.1202,0.002,-0.9931,0.2898,0.0273,2026-08-07,902.77,902.77,847.4,878.41,887387.0,871.3118
2026-08-07T20:31:36.908,7,10,MU260817C01010000,MU,2026-08-17,call,1010.0,4.42,108.0,5.81,2.0,5.115,5.0,3.0,0.6803,0.1123,0.0019,-0.9485,0.2761,0.0255,2026-08-07,902.77,902.77,847.4,878.41,887387.0,871.3118
2026-08-07T20:31:36.908,7,10,MU260817C01015000,MU,2026-08-17,call,1015.0,4.15,108.0,5.32,2.0,4.735,4.4,1.0,0.6826,0.105,0.0018,-0.9069,0.2632,0.0239,2026-08-07,902.77,902.77,847.4,878.41,887387.0,871.3118
2026-08-07T20:31:36.908,7,10,MU260817C01020000,MU,2026-08-17,call,1020.0,3.82,21.0,4.86,98.0,4.34,4.24,1.0,0.6833,0.0975,0.0017,-0.8603,0.2494,0.0222,2026-08-07,902.77,902.77,847.4,878.41,887387.0,871.3118
2026-08-07T20:31:36.908,7,10,MU260817C01025000,MU,2026-08-17,call,1025.0,3.54,107.0,4.57,136.0,4.055,5.0,1.0,0.6874,0.0917,0.0017,-0.8267,0.2383,0.0209,2026-08-07,902.77,902.77,847.4,878.41,887387.0,871.3118
2026-08-07T20:31:36.908,7,10,MU260817C01030000,MU,2026-08-17,call,1030.0,3.26,8.0,4.32,6.0,3.79,3.84,1.0,0.6914,0.0862,0.0016,-0.7941,0.2276,0.0196,2026-08-07,902.77,902.77,847.4,878.41,887387.0,871.3118
2026-08-07T20:31:36.908,7,10,MU260817C01035000,MU,2026-08-17,call,1035.0,2.94,5.0,4.019,5.0,3.4795,16.15,2.0,0.6925,0.0801,0.0015,-0.7524,0.2154,0.0182,2026-08-07,902.77,902.77,847.4,878.41,887387.0,871.3118
2026-08-07T20:31:36.908,7,10,MU260817C01040000,MU,2026-08-17,call,1040.0,2.64,108.0,3.7,32.0,3.17,3.1,1.0,0.6925,0.074,0.0014,-0.7084,0.2028,0.0169,2026-08-07,902.77,902.77,847.4,878.41,887387.0,871.3118
2026-08-07T20:31:36.908,7,10,MU260817C01045000,MU,2026-08-17,call,1045.0,2.41,108.0,3.55,113.0,2.98,3.83,2.0,0.6974,0.0698,0.0013,-0.682,0.1939,0.0159,2026-08-07,902.77,902.77,847.4,878.41,887387.0,871.3118
2026-08-07T20:31:36.908,7,10,MU260817C01050000,MU,2026-08-17,call,1050.0,2.2,29.0,3.31,112.0,2.755,2.69,1.0,0.6996,0.0651,0.0013,-0.6482,0.1838,0.0148,2026-08-07,902.77,902.77,847.4,878.41,887387.0,871.3118
2026-08-07T20:31:36.908,7,10,MU260817C01055000,MU,2026-08-17,call,1055.0,2.04,106.0,3.08,30.0,2.56,2.84,13.0,0.7026,0.0609,0.0012,-0.6181,0.1745,0.0139,2026-08-07,902.77,902.77,847.4,878.41,887387.0,871.3118
2026-08-07T20:31:36.908,7,10,MU260817C01060000,MU,2026-08-17,call,1060.0,1.86,37.0,2.88,34.0,2.37,9.0,1.0,0.7051,0.0568,0.0011,-0.5874,0.1653,0.013,2026-08-07,902.77,902.77,847.4,878.41,887387.0,871.3118
2026-08-07T20:31:36.908,7,10,MU260817C01065000,MU,2026-08-17,call,1065.0,1.65,108.0,2.63,111.0,2.1399999999999997,2.35,1.0,0.7041,0.0521,0.001,-0.5475,0.1543,0.0119,2026-08-07,902.77,902.77,847.4,878.41,887387.0,871.3118
2026-08-07T20:31:36.908,7,10,MU260817C01070000,MU,2026-08-17,call,1070.0,1.54,104.0,2.43,19.0,1.985,2.11,1.0,0.7068,0.0487,0.001,-0.5204,0.1461,0.0111,2026-08-07,902.77,902.77,847.4,878.41,887387.0,871.3118
2026-08-07T20:31:36.908,7,10,MU260817C01075000,MU,2026-08-17,call,1075.0,1.39,4.0,2.37,14.0,1.88,3.32,5.0,0.7124,0.0461,0.0009,-0.5024,0.14,0.0105,2026-08-07,902.77,902.77,847.4,878.41,887387.0,871.3118
2026-08-07T20:31:36.908,7,10,MU260817C01080000,MU,2026-08-17,call,1080.0,1.32,54.0,2.24,22.0,1.7800000000000002,2.1,1.0,0.7178,0.0437,0.0009,-0.4846,0.134,0.01,2026-08-07,902.77,902.77,847.4,878.41,887387.0,871.3118
2026-08-07T20:31:36.908,7,10,MU260817C01085000,MU,2026-08-17,call,1085.0,1.14,24.0,2.04,36.0,1.5899999999999999,1.67,6.0,0.7155,0.0397,0.0008,-0.447,0.124,0.0091,2026-08-07,902.77,902.77,847.4,878.41,887387.0,871.3118
2026-08-07T20:31:36.908,7,10,MU260817C01090000,MU,2026-08-17,call,1090.0,0.99,35.0,1.93,47.0,1.46,3.91,1.0,0.7169,0.0368,0.0008,-0.4208,0.1165,0.0084,2026-08-07,902.77,902.77,847.4,878.41,887387.0,871.3118
2026-08-07T20:31:36.908,7,10,MU260817C01095000,MU,2026-08-17,call,1095.0,0.93,31.0,1.87,33.0,1.4000000000000001,1.81,1.0,0.7237,0.0352,0.0007,-0.4094,0.1123,0.008,2026-08-07,902.77,902.77,847.4,878.41,887387.0,871.3118
2026-08-07T20:31:36.908,7,10,MU260817C01100000,MU,2026-08-17,call,1100.0,0.79,51.0,1.72,61.0,1.255,1.41,1.0,0.7221,0.032,0.0007,-0.378,0.104,0.0073,2026-08-07,902.77,902.77,847.4,878.41,887387.0,871.3118
2026-08-07T20:31:36.908,7,10,MU260817C01105000,MU,2026-08-17,call,1105.0,0.75,106.0,1.67,27.0,1.21,3.55,2.0,0.7293,0.0308,0.0007,-0.3691,0.1005,0.007,2026-08-07,902.77,902.77,847.4,878.41,887387.0,871.3118
2026-08-07T20:31:36.908,7,10,MU260817C01110000,MU,2026-08-17,call,1110.0,0.63,107.0,1.58,22.0,1.105,1.08,1.0,0.7299,0.0284,0.0006,-0.3455,0.094,0.0065,2026-08-07,902.77,902.77,847.4,878.41,887387.0,871.3118
2026-08-07T20:31:36.908,7,10,MU260817C01115000,MU,2026-08-17,call,1115.0,0.59,107.0,1.5,25.0,1.045,0.93,1.0,0.7347,0.0268,0.0006,-0.3321,0.0898,0.0061,2026-08-07,902.77,902.77,847.4,878.41,887387.0,871.3118
2026-08-07T20:31:36.908,7,10,MU260817C01120000,MU,2026-08-17,call,1120.0,0.52,123.0,1.39,5.0,0.955,0.91,2.0,0.7354,0.0248,0.0005,-0.3107,0.0839,0.0057,2026-08-07,902.77,902.77,847.4,878.41,887387.0,871.3118
2026-08-07T20:31:36.908,7,10,MU260817C01125000,MU,2026-08-17,call,1125.0,0.46,40.0,1.36,17.0,0.91,7.35,1.0,0.7409,0.0236,0.0005,-0.3003,0.0805,0.0054,2026-08-07,902.77,902.77,847.4,878.41,887387.0,871.3118
2026-08-07T20:31:36.908,7,10,MU260817C01130000,MU,2026-08-17,call,1130.0,0.36,32.0,1.29,28.0,0.825,9.25,1.0,0.7407,0.0216,0.0005,-0.279,0.0748,0.005,2026-08-07,902.77,902.77,847.4,878.41,887387.0,871.3118
2026-08-07T20:31:36.908,7,10,MU260817C01135000,MU,2026-08-17,call,1135.0,0.31,107.0,1.2,72.0,0.755,3.0,1.0,0.7417,0.02,0.0005,-0.261,0.0699,0.0046,2026-08-07,902.77,902.77,847.4,878.41,887387.0,871.3118
2026-08-07T20:31:36.908,7,10,MU260817C01140000,MU,2026-08-17,call,1140.0,0.3,24.0,1.18,34.0,0.74,2.12,1.0,0.75,0.0194,0.0004,-0.2578,0.0683,0.0044,2026-08-07,902.77,902.77,847.4,878.41,887387.0,871.3118
2026-08-07T20:31:36.908,7,10,MU260817C01145000,MU,2026-08-17,call,1145.0,0.22,31.0,1.13,27.0,0.6749999999999999,,,0.7505,0.0179,0.0004,-0.2404,0.0637,0.0041,2026-08-07,902.77,902.77,847.4,878.41,887387.0,871.3118
2026-08-07T20:31:36.908,7,10,MU260817C01150000,MU,2026-08-17,call,1150.0,0.41,1.0,0.83,6.0,0.62,0.74,1.0,0.7517,0.0165,0.0004,-0.2254,0.0596,0.0038,2026-08-07,902.77,902.77,847.4,878.41,887387.0,871.3118
2026-08-07T20:31:36.908,7,10,MU260817C01155000,MU,2026-08-17,call,1155.0,0.18,107.0,1.05,29.0,0.615,0.58,1.0,0.7609,0.0162,0.0004,-0.2247,0.0587,0.0037,2026-08-07,902.77,902.77,847.4,878.41,887387.0,871.3118
2026-08-07T20:31:36.908,7,10,MU260817C01160000,MU,2026-08-17,call,1160.0,0.1,33.0,0.97,20.0,0.535,1.5,1.0,0.7565,0.0144,0.0003,-0.2015,0.0529,0.0033,2026-08-07,902.77,902.77,847.4,878.41,887387.0,871.3118
2026-08-07T20:31:36.908,7,10,MU260817C01165000,MU,2026-08-17,call,1165.0,0.07,19.0,0.97,15.0,0.52,,,0.7634,0.0139,0.0003,-0.1975,0.0514,0.0032,2026-08-07,902.77,902.77,847.4,878.41,887387.0,871.3118
2026-08-07T20:31:36.908,7,10,MU260817C01170000,MU,2026-08-17,call,1170.0,0.04,42.0,0.94,6.0,0.49,5.9,1.0,0.7671,0.0132,0.0003,-0.1888,0.0489,0.003,2026-08-07,902.77,902.77,847.4,878.41,887387.0,871.3118
2026-08-07T20:31:36.908,7,10,MU260817C01175000,MU,2026-08-17,call,1175.0,0.02,107.0,0.87,6.0,0.445,2.61,1.0,0.7671,0.0121,0.0003,-0.1751,0.0454,0.0028,2026-08-07,902.77,902.77,847.4,878.41,887387.0,871.3118
2026-08-07T20:31:36.908,7,10,MU260817C01180000,MU,2026-08-17,call,1180.0,0.01,107.0,0.88,29.0,0.445,0.47,1.0,0.7765,0.0119,0.0003,-0.1756,0.045,0.0027,2026-08-07,902.77,902.77,847.4,878.41,887387.0,871.3118
2026-08-07T20:31:36.908,7,10,MU260817C01185000,MU,2026-08-17,call,1185.0,0.0,0.0,0.85,25.0,0.425,0.5,2.0,,,,,,,2026-08-07,902.77,902.77,847.4,878.41,887387.0,871.3118
2026-08-07T20:31:36.908,7,10,MU260817C01190000,MU,2026-08-17,call,1190.0,0.0,0.0,0.79,75.0,0.395,0.37,1.0,,,,,,,2026-08-07,902.77,902.77,847.4,878.41,887387.0,871.3118
2026-08-07T20:31:36.908,7,10,MU260817C01195000,MU,2026-08-17,call,1195.0,0.0,0.0,0.81,63.0,0.405,0.38,15.0,,,,,,,2026-08-07,902.77,902.77,847.4,878.41,887387.0,871.3118
2026-08-07T20:31:36.908,7,10,MU260817C01200000,MU,2026-08-17,call,1200.0,0.0,0.0,0.75,35.0,0.375,0.34,1.0,,,,,,,2026-08-07,902.77,902.77,847.4,878.41,887387.0,871.3118
2026-08-07T20:31:36.908,7,10,MU260817C01205000,MU,2026-08-17,call,1205.0,0.28,1.0,0.72,5.0,0.5,0.42,1.0,0.8351,0.0124,0.0003,-0.1959,0.0467,0.0028,2026-08-07,902.77,902.77,847.4,878.41,887387.0,871.3118
2026-08-07T20:31:36.908,7,10,MU260817C01210000,MU,2026-08-17,call,1210.0,0.0,0.0,0.71,14.0,0.355,3.96,11.0,,,,,,,2026-08-07,902.77,902.77,847.4,878.41,887387.0,871.3118
2026-08-07T20:31:36.908,7,10,MU260817C01215000,MU,2026-08-17,call,1215.0,0.0,0.0,0.73,5.0,0.365,3.67,1.0,,,,,,,2026-08-07,902.77,902.77,847.4,878.41,887387.0,871.3118
2026-08-07T20:31:36.908,7,10,MU260817C01220000,MU,2026-08-17,call,1220.0,0.0,0.0,0.68,12.0,0.34,1.16,1.0,,,,,,,2026-08-07,902.77,902.77,847.4,878.41,887387.0,871.3118
2026-08-07T20:31:36.908,7,10,MU260817C01225000,MU,2026-08-17,call,1225.0,0.0,0.0,0.66,18.0,0.33,3.25,5.0,,,,,,,2026-08-07,902.77,902.77,847.4,878.41,887387.0,871.3118
2026-08-07T20:31:36.908,7,10,MU260817C01230000,MU,2026-08-17,call,1230.0,0.0,0.0,0.69,11.0,0.345,0.32,1.0,,,,,,,2026-08-07,902.77,902.77,847.4,878.41,887387.0,871.3118
2026-08-07T20:31:36.908,7,10,MU260817C01235000,MU,2026-08-17,call,1235.0,0.0,0.0,0.64,8.0,0.32,3.2,1.0,,,,,,,2026-08-07,902.77,902.77,847.4,878.41,887387.0,871.3118
2026-08-07T20:31:36.908,7,10,MU260817C01240000,MU,2026-08-17,call,1240.0,0.0,0.0,0.63,11.0,0.315,2.91,5.0,,,,,,,2026-08-07,902.77,902.77,847.4,878.41,887387.0,871.3118
2026-08-07T20:31:36.908,7,10,MU260817C01250000,MU,2026-08-17,call,1250.0,0.0,0.0,0.65,12.0,0.325,2.6,5.0,,,,,,,2026-08-07,902.77,902.77,847.4,878.41,887387.0,871.3118
2026-08-07T20:31:36.908,7,10,MU260817C01260000,MU,2026-08-17,call,1260.0,0.0,0.0,0.59,5.0,0.295,2.33,1.0,,,,,,,2026-08-07,902.77,902.77,847.4,878.41,887387.0,871.3118
2026-08-07T20:31:36.908,7,10,MU260817C01270000,MU,2026-08-17,call,1270.0,0.0,0.0,0.57,7.0,0.285,2.1,1.0,,,,,,,2026-08-07,902.77,902.77,847.4,878.41,887387.0,871.3118
2026-08-07T20:31:36.908,7,10,MU260817C01280000,MU,2026-08-17,call,1280.0,0.0,0.0,0.56,19.0,0.28,1.96,1.0,,,,,,,2026-08-07,902.77,902.77,847.4,878.41,887387.0,871.3118
2026-08-07T20:31:36.908,7,10,MU260817C01290000,MU,2026-08-17,call,1290.0,0.0,0.0,0.55,29.0,0.275,,,,,,,,,2026-08-07,902.77,902.77,847.4,878.41,887387.0,871.3118
2026-08-07T20:31:36.908,7,10,MU260817C01300000,MU,2026-08-17,call,1300.0,0.0,0.0,4.37,37.0,2.185,1.69,1.0,,,,,,,2026-08-07,902.77,902.77,847.4,878.41,887387.0,871.3118
2026-08-07T20:31:36.908,7,10,MU260817C01310000,MU,2026-08-17,call,1310.0,0.0,0.0,4.37,50.0,2.185,1.49,3.0,,,,,,,2026-08-07,902.77,902.77,847.4,878.41,887387.0,871.3118
2026-08-07T20:31:36.908,7,10,MU260817C01320000,MU,2026-08-17,call,1320.0,0.0,0.0,4.26,39.0,2.13,2.6,1.0,,,,,,,2026-08-07,902.77,902.77,847.4,878.41,887387.0,871.3118
2026-08-07T20:31:36.908,7,10,MU260817C01330000,MU,2026-08-17,call,1330.0,0.0,0.0,4.31,36.0,2.155,,,,,,,,,2026-08-07,902.77,902.77,847.4,878.41,887387.0,871.3118
2026-08-07T20:31:36.908,7,10,MU260817C01340000,MU,2026-08-17,call,1340.0,0.0,0.0,4.27,54.0,2.135,1.09,1.0,,,,,,,2026-08-07,902.77,902.77,847.4,878.41,887387.0,871.3118
2026-08-07T20:31:36.908,7,10,MU260817C01350000,MU,2026-08-17,call,1350.0,0.0,0.0,1.98,42.0,0.99,0.37,1.0,,,,,,,2026-08-07,902.77,902.77,847.4,878.41,887387.0,871.3118
2026-08-07T20:31:36.908,7,10,MU260817C01360000,MU,2026-08-17,call,1360.0,0.0,0.0,4.36,138.0,2.18,0.32,1.0,,,,,,,2026-08-07,902.77,902.77,847.4,878.41,887387.0,871.3118
2026-08-07T20:31:36.908,7,10,MU260817C01370000,MU,2026-08-17,call,1370.0,0.0,0.0,4.36,2.0,2.18,0.67,8.0,,,,,,,2026-08-07,902.77,902.77,847.4,878.41,887387.0,871.3118
2026-08-07T20:31:36.908,7,10,MU260817P00450000,MU,2026-08-17,put,450.0,0.0,0.0,4.27,1.0,2.135,,,,,,,,,2026-08-07,902.77,902.77,847.4,878.41,887387.0,871.3118
2026-08-07T20:31:36.908,7,10,MU260817P00455000,MU,2026-08-17,put,455.0,0.0,0.0,4.25,1.0,2.125,0.01,1.0,,,,,,,2026-08-07,902.77,902.77,847.4,878.41,887387.0,871.3118
2026-08-07T20:31:36.908,7,10,MU260817P00460000,MU,2026-08-17,put,460.0,0.0,0.0,4.32,1.0,2.16,0.85,5.0,,,,,,,2026-08-07,902.77,902.77,847.4,878.41,887387.0,871.3118
2026-08-07T20:31:36.908,7,10,MU260817P00465000,MU,2026-08-17,put,465.0,0.0,0.0,4.22,1.0,2.11,,,,,,,,,2026-08-07,902.77,902.77,847.4,878.41,887387.0,871.3118
2026-08-07T20:31:36.908,7,10,MU260817P00470000,MU,2026-08-17,put,470.0,0.0,0.0,4.28,1.0,2.14,,,,,,,,,2026-08-07,902.77,902.77,847.4,878.41,887387.0,871.3118
2026-08-07T20:31:36.908,7,10,MU260817P00475000,MU,2026-08-17,put,475.0,0.0,0.0,4.34,1.0,2.17,,,,,,,,,2026-08-07,902.77,902.77,847.4,878.41,887387.0,871.3118
2026-08-07T20:31:36.908,7,10,MU260817P00480000,MU,2026-08-17,put,480.0,0.0,0.0,4.25,3.0,2.125,,,,,,,,,2026-08-07,902.77,902.77,847.4,878.41,887387.0,871.3118
2026-08-07T20:31:36.908,7,10,MU260817P00485000,MU,2026-08-17,put,485.0,0.0,0.0,4.35,1.0,2.175,0.22,1.0,,,,,,,2026-08-07,902.77,902.77,847.4,878.41,887387.0,871.3118
2026-08-07T20:31:36.908,7,10,MU260817P00490000,MU,2026-08-17,put,490.0,0.0,0.0,4.32,1.0,2.16,,,,,,,,,2026-08-07,902.77,902.77,847.4,878.41,887387.0,871.3118
2026-08-07T20:31:36.908,7,10,MU260817P00495000,MU,2026-08-17,put,495.0,0.0,0.0,4.26,1.0,2.13,,,,,,,,,2026-08-07,902.77,902.77,847.4,878.41,887387.0,871.3118
2026-08-07T20:31:36.908,7,10,MU260817P00500000,MU,2026-08-17,put,500.0,0.0,0.0,4.22,1.0,2.11,,,,,,,,,2026-08-07,902.77,902.77,847.4,878.41,887387.0,871.3118
2026-08-07T20:31:36.908,7,10,MU260817P00505000,MU,2026-08-17,put,505.0,0.0,0.0,4.36,4.0,2.18,,,,,,,,,2026-08-07,902.77,902.77,847.4,878.41,887387.0,871.3118
2026-08-07T20:31:36.908,7,10,MU260817P00510000,MU,2026-08-17,put,510.0,0.0,0.0,4.32,20.0,2.16,,,,,,,,,2026-08-07,902.77,902.77,847.4,878.41,887387.0,871.3118
2026-08-07T20:31:36.908,7,10,MU260817P00515000,MU,2026-08-17,put,515.0,0.0,0.0,4.37,55.0,2.185,,,,,,,,,2026-08-07,902.77,902.77,847.4,878.41,887387.0,871.3118
2026-08-07T20:31:36.908,7,10,MU260817P00520000,MU,2026-08-17,put,520.0,0.0,0.0,4.28,63.0,2.14,,,,,,,,,2026-08-07,902.77,902.77,847.4,878.41,887387.0,871.3118
2026-08-07T20:31:36.908,7,10,MU260817P00525000,MU,2026-08-17,put,525.0,0.0,0.0,4.36,57.0,2.18,,,,,,,,,2026-08-07,902.77,902.77,847.4,878.41,887387.0,871.3118
2026-08-07T20:31:36.908,7,10,MU260817P00530000,MU,2026-08-17,put,530.0,0.0,0.0,4.26,24.0,2.13,,,,,,,,,2026-08-07,902.77,902.77,847.4,878.41,887387.0,871.3118
2026-08-07T20:31:36.908,7,10,MU260817P00535000,MU,2026-08-17,put,535.0,0.0,0.0,4.24,27.0,2.12,,,,,,,,,2026-08-07,902.77,902.77,847.4,878.41,887387.0,871.3118
2026-08-07T20:31:36.908,7,10,MU260817P00540000,MU,2026-08-17,put,540.0,0.0,0.0,4.32,24.0,2.16,,,,,,,,,2026-08-07,902.77,902.77,847.4,878.41,887387.0,871.3118
2026-08-07T20:31:36.908,7,10,MU260817P00545000,MU,2026-08-17,put,545.0,0.0,0.0,4.26,2.0,2.13,,,,,,,,,2026-08-07,902.77,902.77,847.4,878.41,887387.0,871.3118
2026-08-07T20:31:36.908,7,10,MU260817P00550000,MU,2026-08-17,put,550.0,0.03,100.0,4.32,6.0,2.1750000000000003,,,,,,,,,2026-08-07,902.77,902.77,847.4,878.41,887387.0,871.3118
2026-08-07T20:31:36.908,7,10,MU260817P00555000,MU,2026-08-17,put,555.0,0.0,0.0,1.0,12.0,0.5,,,,,,,,,2026-08-07,902.77,902.77,847.4,878.41,887387.0,871.3118
2026-08-07T20:31:36.908,7,10,MU260817P00560000,MU,2026-08-17,put,560.0,0.0,0.0,4.24,44.0,2.12,1.1,1.0,,,,,,,2026-08-07,902.77,902.77,847.4,878.41,887387.0,871.3118
2026-08-07T20:31:36.908,7,10,MU260817P00565000,MU,2026-08-17,put,565.0,0.0,0.0,4.38,44.0,2.19,,,,,,,,,2026-08-07,902.77,902.77,847.4,878.41,887387.0,871.3118
2026-08-07T20:31:36.908,7,10,MU260817P00570000,MU,2026-08-17,put,570.0,0.0,0.0,4.28,80.0,2.14,0.41,1.0,,,,,,,2026-08-07,902.77,902.77,847.4,878.41,887387.0,871.3118
2026-08-07T20:31:36.908,7,10,MU260817P00575000,MU,2026-08-17,put,575.0,0.0,0.0,4.37,103.0,2.185,0.49,1.0,,,,,,,2026-08-07,902.77,902.77,847.4,878.41,887387.0,871.3118
2026-08-07T20:31:36.908,7,10,MU260817P00580000,MU,2026-08-17,put,580.0,0.0,0.0,4.33,19.0,2.165,,,,,,,,,2026-08-07,902.77,902.77,847.4,878.41,887387.0,871.3118
2026-08-07T20:31:36.908,7,10,MU260817P00585000,MU,2026-08-17,put,585.0,0.0,0.0,4.42,63.0,2.21,1.98,1.0,,,,,,,2026-08-07,902.77,902.77,847.4,878.41,887387.0,871.3118
2026-08-07T20:31:36.908,7,10,MU260817P00590000,MU,2026-08-17,put,590.0,0.0,0.0,0.97,8.0,0.485,1.8,1.0,,,,,,,2026-08-07,902.77,902.77,847.4,878.41,887387.0,871.3118
2026-08-07T20:31:36.908,7,10,MU260817P00595000,MU,2026-08-17,put,595.0,0.0,0.0,4.47,136.0,2.235,,,,,,,,,2026-08-07,902.77,902.77,847.4,878.41,887387.0,871.3118
2026-08-07T20:31:36.908,7,10,MU260817P00600000,MU,2026-08-17,put,600.0,0.0,0.0,0.73,19.0,0.365,0.25,1.0,,,,,,,2026-08-07,902.77,902.77,847.4,878.41,887387.0,871.3118
2026-08-07T20:31:36.908,7,10,MU260817P00605000,MU,2026-08-17,put,605.0,0.0,0.0,4.42,143.0,2.21,1.62,1.0,,,,,,,2026-08-07,902.77,902.77,847.4,878.41,887387.0,871.3118
2026-08-07T20:31:36.908,7,10,MU260817P00610000,MU,2026-08-17,put,610.0,0.0,0.0,4.34,5.0,2.17,,,,,,,,,2026-08-07,902.77,902.77,847.4,878.41,887387.0,871.3118
2026-08-07T20:31:36.908,7,10,MU260817P00615000,MU,2026-08-17,put,615.0,0.0,0.0,0.65,14.0,0.325,0.53,1.0,,,,,,,2026-08-07,902.77,902.77,847.4,878.41,887387.0,871.3118
2026-08-07T20:31:36.908,7,10,MU260817P00617500,MU,2026-08-17,put,617.5,0.0,0.0,0.62,11.0,0.31,0.56,1.0,,,,,,,2026-08-07,902.77,902.77,847.4,878.41,887387.0,871.3118
2026-08-07T20:31:36.908,7,10,MU260817P00620000,MU,2026-08-17,put,620.0,0.0,0.0,0.63,11.0,0.315,,,,,,,,,2026-08-07,902.77,902.77,847.4,878.41,887387.0,871.3118
2026-08-07T20:31:36.908,7,10,MU260817P00622500,MU,2026-08-17,put,622.5,0.0,0.0,0.64,66.0,0.32,0.31,1.0,,,,,,,2026-08-07,902.77,902.77,847.4,878.41,887387.0,871.3118
2026-08-07T20:31:36.908,7,10,MU260817P00625000,MU,2026-08-17,put,625.0,0.0,0.0,0.69,66.0,0.345,0.31,1.0,,,,,,,2026-08-07,902.77,902.77,847.4,878.41,887387.0,871.3118
2026-08-07T20:31:36.908,7,10,MU260817P00627500,MU,2026-08-17,put,627.5,0.0,0.0,0.71,11.0,0.355,0.62,5.0,,,,,,,2026-08-07,902.77,902.77,847.4,878.41,887387.0,871.3118
2026-08-07T20:31:36.908,7,10,MU260817P00630000,MU,2026-08-17,put,630.0,0.0,0.0,0.72,7.0,0.36,0.74,1.0,,,,,,,2026-08-07,902.77,902.77,847.4,878.41,887387.0,871.3118
2026-08-07T20:31:36.908,7,10,MU260817P00632500,MU,2026-08-17,put,632.5,0.0,0.0,0.73,4.0,0.365,,,,,,,,,2026-08-07,902.77,902.77,847.4,878.41,887387.0,871.3118
2026-08-07T20:31:36.908,7,10,MU260817P00635000,MU,2026-08-17,put,635.0,0.0,0.0,0.71,6.0,0.355,0.73,1.0,,,,,,,2026-08-07,902.77,902.77,847.4,878.41,887387.0,871.3118
2026-08-07T20:31:36.908,7,10,MU260817P00637500,MU,2026-08-17,put,637.5,0.0,0.0,0.77,5.0,0.385,1.62,1.0,,,,,,,2026-08-07,902.77,902.77,847.4,878.41,887387.0,871.3118
2026-08-07T20:31:36.908,7,10,MU260817P00640000,MU,2026-08-17,put,640.0,0.0,0.0,0.79,7.0,0.395,0.76,1.0,,,,,,,2026-08-07,902.77,902.77,847.4,878.41,887387.0,871.3118
2026-08-07T20:31:36.908,7,10,MU260817P00642500,MU,2026-08-17,put,642.5,0.0,0.0,0.81,6.0,0.405,,,,,,,,,2026-08-07,902.77,902.77,847.4,878.41,887387.0,871.3118
2026-08-07T20:31:36.908,7,10,MU260817P00645000,MU,2026-08-17,put,645.0,0.0,0.0,0.79,6.0,0.395,0.86,1.0,,,,,,,2026-08-07,902.77,902.77,847.4,878.41,887387.0,871.3118
2026-08-07T20:31:36.908,7,10,MU260817P00647500,MU,2026-08-17,put,647.5,0.0,0.0,0.85,5.0,0.425,0.5,1.0,,,,,,,2026-08-07,902.77,902.77,847.4,878.41,887387.0,871.3118
2026-08-07T20:31:36.908,7,10,MU260817P00650000,MU,2026-08-17,put,650.0,0.0,0.0,0.87,64.0,0.435,0.48,2.0,,,,,,,2026-08-07,902.77,902.77,847.4,878.41,887387.0,871.3118
2026-08-07T20:31:36.908,7,10,MU260817P00652500,MU,2026-08-17,put,652.5,0.0,0.0,0.9,30.0,0.45,0.95,5.0,,,,,,,2026-08-07,902.77,902.77,847.4,878.41,887387.0,871.3118
2026-08-07T20:31:36.908,7,10,MU260817P00655000,MU,2026-08-17,put,655.0,0.04,34.0,0.89,72.0,0.465,1.06,1.0,0.7914,-0.0113,0.0003,-0.1692,0.043,-0.0028,2026-08-07,902.77,902.77,847.4,878.41,887387.0,871.3118
2026-08-07T20:31:36.908,7,10,MU260817P00657500,MU,2026-08-17,put,657.5,0.07,8.0,0.95,7.0,0.51,0.67,1.0,0.7923,-0.0123,0.0003,-0.1818,0.0462,-0.0031,2026-08-07,902.77,902.77,847.4,878.41,887387.0,871.3118
2026-08-07T20:31:36.908,7,10,MU260817P00660000,MU,2026-08-17,put,660.0,0.46,1.0,0.94,20.0,0.7,0.67,1.0,0.8196,-0.0158,0.0003,-0.2335,0.0573,-0.004,2026-08-07,902.77,902.77,847.4,878.41,887387.0,871.3118
2026-08-07T20:31:36.908,7,10,MU260817P00662500,MU,2026-08-17,put,662.5,0.08,81.0,0.97,72.0,0.525,0.55,1.0,0.7769,-0.0129,0.0003,-0.1852,0.048,-0.0032,2026-08-07,902.77,902.77,847.4,878.41,887387.0,871.3118
2026-08-07T20:31:36.908,7,10,MU260817P00665000,MU,2026-08-17,put,665.0,0.11,11.0,1.01,6.0,0.56,2.32,1.0,0.7747,-0.0137,0.0003,-0.1945,0.0505,-0.0034,2026-08-07,902.77,902.77,847.4,878.41,887387.0,871.3118
2026-08-07T20:31:36.908,7,10,MU260817P00667500,MU,2026-08-17,put,667.5,0.14,9.0,1.08,5.0,0.6100000000000001,2.19,1.0,0.775,-0.0147,0.0003,-0.2078,0.054,-0.0037,2026-08-07,902.77,902.77,847.4,878.41,887387.0,871.3118
2026-08-07T20:31:36.908,7,10,MU260817P00670000,MU,2026-08-17,put,670.0,0.17,11.0,1.07,2.0,0.62,2.38,1.0,0.7675,-0.0151,0.0003,-0.2099,0.0551,-0.0038,2026-08-07,902.77,902.77,847.4,878.41,887387.0,871.3118
2026-08-07T20:31:36.908,7,10,MU260817P00672500,MU,2026-08-17,put,672.5,0.25,8.0,1.12,6.0,0.685,2.38,1.0,0.7694,-0.0164,0.0004,-0.2267,0.0593,-0.0041,2026-08-07,902.77,902.77,847.4,878.41,887387.0,871.3118
2026-08-07T20:31:36.908,7,10,MU260817P00675000,MU,2026-08-17,put,675.0,0.25,49.0,0.98,19.0,0.615,0.69,1.0,0.7479,-0.0153,0.0004,-0.2075,0.0559,-0.0038,2026-08-07,902.77,902.77,847.4,878.41,887387.0,871.3118
2026-08-07T20:31:36.908,7,10,MU260817P00677500,MU,2026-08-17,put,677.5,0.28,23.0,1.26,6.0,0.77,1.95,1.0,0.7641,-0.0184,0.0004,-0.2473,0.0652,-0.0046,2026-08-07,902.77,902.77,847.4,878.41,887387.0,871.3118
2026-08-07T20:31:36.908,7,10,MU260817P00680000,MU,2026-08-17,put,680.0,0.33,4.0,1.26,4.0,0.795,1.8,3.0,0.7584,-0.019,0.0004,-0.2529,0.0672,-0.0048,2026-08-07,902.77,902.77,847.4,878.41,887387.0,871.3118
2026-08-07T20:31:36.908,7,10,MU260817P00682500,MU,2026-08-17,put,682.5,0.41,32.0,1.31,9.0,0.86,2.04,1.0,0.7582,-0.0204,0.0004,-0.2683,0.0713,-0.0051,2026-08-07,902.77,902.77,847.4,878.41,887387.0,871.3118
2026-08-07T20:31:36.908,7,10,MU260817P00685000,MU,2026-08-17,put,685.0,0.46,9.0,1.41,7.0,0.9349999999999999,1.91,2.0,0.7587,-0.0219,0.0005,-0.2856,0.0758,-0.0055,2026-08-07,902.77,902.77,847.4,878.41,887387.0,871.3118
2026-08-07T20:31:36.908,7,10,MU260817P00687500,MU,2026-08-17,put,687.5,0.47,4.0,1.42,5.0,0.945,2.23,1.0,0.7504,-0.0224,0.0005,-0.2871,0.0771,-0.0056,2026-08-07,902.77,902.77,847.4,878.41,887387.0,871.3118
2026-08-07T20:31:36.908,7,10,MU260817P00690000,MU,2026-08-17,put,690.0,0.52,32.0,1.48,69.0,1.0,1.16,1.0,0.7476,-0.0236,0.0005,-0.2992,0.0806,-0.0059,2026-08-07,902.77,902.77,847.4,878.41,887387.0,871.3118
2026-08-07T20:31:36.908,7,10,MU260817P00692500,MU,2026-08-17,put,692.5,0.62,16.0,1.6,19.0,1.11,1.32,1.0,0.751,-0.0258,0.0006,-0.3235,0.0868,-0.0065,2026-08-07,902.77,902.77,847.4,878.41,887387.0,871.3118
2026-08-07T20:31:36.908,7,10,MU260817P00695000,MU,2026-08-17,put,695.0,0.67,26.0,1.65,5.0,1.16,,,0.7468,-0.0269,0.0006,-0.3336,0.09,-0.0068,2026-08-07,902.77,902.77,847.4,878.41,887387.0,871.3118
2026-08-07T20:31:36.908,7,10,MU260817P00697500,MU,2026-08-17,put,697.5,0.74,107.0,1.44,2.0,1.0899999999999999,1.57,1.0,0.7291,-0.0261,0.0006,-0.3169,0.0876,-0.0065,2026-08-07,902.77,902.77,847.4,878.41,887387.0,871.3118
2026-08-07T20:31:36.908,7,10,MU260817P00700000,MU,2026-08-17,put,700.0,0.77,8.0,1.8,70.0,1.2850000000000001,1.26,1.0,0.7403,-0.0297,0.0006,-0.3586,0.0976,-0.0075,2026-08-07,902.77,902.77,847.4,878.41,887387.0,871.3118
2026-08-07T20:31:36.908,7,10,MU260817P00702500,MU,2026-08-17,put,702.5,0.88,38.0,1.82,19.0,1.35,2.44,1.0,0.7368,-0.0311,0.0007,-0.3712,0.1015,-0.0078,2026-08-07,902.77,902.77,847.4,878.41,887387.0,871.3118
2026-08-07T20:31:36.908,7,10,MU260817P00705000,MU,2026-08-17,put,705.0,0.9,64.0,1.92,21.0,1.41,1.55,1.0,0.7326,-0.0325,0.0007,-0.3825,0.1052,-0.0082,2026-08-07,902.77,902.77,847.4,878.41,887387.0,871.3118
2026-08-07T20:31:36.908,7,10,MU260817P00707500,MU,2026-08-17,put,707.5,0.98,9.0,1.99,18.0,1.4849999999999999,,,0.7295,-0.0341,0.0007,-0.3965,0.1096,-0.0086,2026-08-07,902.77,902.77,847.4,878.41,887387.0,871.3118
2026-08-07T20:31:36.908,7,10,MU260817P00710000,MU,2026-08-17,put,710.0,1.09,37.0,2.11,59.0,1.6,1.5,2.0,0.7296,-0.0364,0.0008,-0.4181,0.1155,-0.0092,2026-08-07,902.77,902.77,847.4,878.41,887387.0,871.3118
2026-08-07T20:31:36.908,7,10,MU260817P00712500,MU,2026-08-17,put,712.5,1.16,26.0,2.24,5.0,1.7000000000000002,,,0.7278,-0.0385,0.0008,-0.4362,0.1208,-0.0097,2026-08-07,902.77,902.77,847.4,878.41,887387.0,871.3118
2026-08-07T20:31:36.908,7,10,MU260817P00715000,MU,2026-08-17,put,715.0,1.3,9.0,2.18,5.0,1.7400000000000002,,,0.7208,-0.0396,0.0008,-0.4422,0.1237,-0.01,2026-08-07,902.77,902.77,847.4,878.41,887387.0,871.3118
2026-08-07T20:31:36.908,7,10,MU260817P00717500,MU,2026-08-17,put,717.5,1.36,9.0,2.46,17.0,1.9100000000000001,3.1,1.0,0.7238,-0.0428,0.0009,-0.4725,0.1317,-0.0108,2026-08-07,902.77,902.77,847.4,878.41,887387.0,871.3118
2026-08-07T20:31:36.908,7,10,MU260817P00720000,MU,2026-08-17,put,720.0,1.45,17.0,2.12,1.0,1.7850000000000001,2.01,1.0,0.7038,-0.0414,0.0009,-0.4472,0.1282,-0.0104,2026-08-07,902.77,902.77,847.4,878.41,887387.0,871.3118
2026-08-07T20:31:36.908,7,10,MU260817P00722500,MU,2026-08-17,put,722.5,1.58,23.0,2.63,2.0,2.105,2.07,1.0,0.7171,-0.0469,0.0009,-0.5041,0.1418,-0.0118,2026-08-07,902.77,902.77,847.4,878.41,887387.0,871.3118
2026-08-07T20:31:36.908,7,10,MU260817P00725000,MU,2026-08-17,put,725.0,1.72,28.0,2.84,72.0,2.28,2.52,1.0,0.7186,-0.0501,0.001,-0.5327,0.1496,-0.0126,2026-08-07,902.77,902.77,847.4,878.41,887387.0,871.3118
2026-08-07T20:31:36.908,7,10,MU260817P00727500,MU,2026-08-17,put,727.5,1.8,46.0,2.92,32.0,2.36,2.3,1.0,0.7132,-0.052,0.001,-0.5442,0.1539,-0.0131,2026-08-07,902.77,902.77,847.4,878.41,887387.0,871.3118
2026-08-07T20:31:36.908,7,10,MU260817P00730000,MU,2026-08-17,put,730.0,1.91,31.0,2.93,107.0,2.42,3.3,1.0,0.7064,-0.0536,0.0011,-0.5519,0.1577,-0.0135,2026-08-07,902.77,902.77,847.4,878.41,887387.0,871.3118
2026-08-07T20:31:36.908,7,10,MU260817P00732500,MU,2026-08-17,put,732.5,2.13,29.0,3.31,125.0,2.7199999999999998,3.4,1.0,0.7139,-0.0586,0.0011,-0.5989,0.1693,-0.0148,2026-08-07,902.77,902.77,847.4,878.41,887387.0,871.3118
2026-08-07T20:31:36.908,7,10,MU260817P00735000,MU,2026-08-17,put,735.0,2.2,20.0,3.37,48.0,2.785,11.1,1.0,0.7068,-0.0603,0.0012,-0.6064,0.1732,-0.0152,2026-08-07,902.77,902.77,847.4,878.41,887387.0,871.3118
2026-08-07T20:31:36.908,7,10,MU260817P00737500,MU,2026-08-17,put,737.5,2.41,27.0,3.53,125.0,2.9699999999999998,3.6,1.0,0.7063,-0.0638,0.0012,-0.6326,0.1808,-0.0161,2026-08-07,902.77,902.77,847.4,878.41,887387.0,871.3118
2026-08-07T20:31:36.908,7,10,MU260817P00740000,MU,2026-08-17,put,740.0,2.58,32.0,3.69,111.0,3.135,3.23,1.0,0.7042,-0.0669,0.0013,-0.6548,0.1877,-0.0169,2026-08-07,902.77,902.77,847.4,878.41,887387.0,871.3118
2026-08-07T20:31:36.908,7,10,MU260817P00742500,MU,2026-08-17,put,742.5,2.78,30.0,3.92,118.0,3.3499999999999996,4.3,1.0,0.7043,-0.0708,0.0013,-0.6836,0.196,-0.0179,2026-08-07,902.77,902.77,847.4,878.41,887387.0,871.3118
2026-08-07T20:31:36.908,7,10,MU260817P00745000,MU,2026-08-17,put,745.0,2.93,30.0,4.04,115.0,3.4850000000000003,3.5,1.0,0.6998,-0.0736,0.0014,-0.6997,0.2019,-0.0186,2026-08-07,902.77,902.77,847.4,878.41,887387.0,871.3118
2026-08-07T20:31:36.908,7,10,MU260817P00747500,MU,2026-08-17,put,747.5,3.02,38.0,4.41,33.0,3.715,3.99,1.0,0.6997,-0.0776,0.0014,-0.7288,0.2104,-0.0196,2026-08-07,902.77,902.77,847.4,878.41,887387.0,871.3118
2026-08-07T20:31:36.908,7,10,MU260817P00750000,MU,2026-08-17,put,750.0,3.44,23.0,4.52,112.0,3.9799999999999995,3.9,10.0,0.7005,-0.0822,0.0015,-0.7615,0.2196,-0.0208,2026-08-07,902.77,902.77,847.4,878.41,887387.0,871.3118
2026-08-07T20:31:36.908,7,10,MU260817P00755000,MU,2026-08-17,put,755.0,3.72,115.0,4.98,110.0,4.3500000000000005,4.41,1.0,0.6937,-0.0892,0.0016,-0.8019,0.2336,-0.0226,2026-08-07,902.77,902.77,847.4,878.41,887387.0,871.3118
2026-08-07T20:31:36.908,7,10,MU260817P00760000,MU,2026-08-17,put,760.0,4.33,74.0,5.35,97.0,4.84,4.85,1.0,0.6904,-0.0979,0.0017,-0.8544,0.2501,-0.0248,2026-08-07,902.77,902.77,847.4,878.41,887387.0,871.3118
2026-08-07T20:31:36.908,7,10,MU260817P00765000,MU,2026-08-17,put,765.0,4.73,13.0,6.22,113.0,5.475,5.42,1.0,0.6908,-0.1083,0.0019,-0.9197,0.2692,-0.0275,2026-08-07,902.77,902.77,847.4,878.41,887387.0,871.3118
2026-08-07T20:31:36.908,7,10,MU260817P00770000,MU,2026-08-17,put,770.0,5.32,3.0,6.79,120.0,6.055,7.8,1.0,0.6871,-0.1182,0.002,-0.973,0.2864,-0.03,2026-08-07,902.77,902.77,847.4,878.41,887387.0,871.3118
2026-08-07T20:31:36.908,7,10,MU260817P00775000,MU,2026-08-17,put,775.0,5.97,28.0,7.44,112.0,6.705,7.35,1.0,0.684,-0.1288,0.0021,-1.0289,0.3043,-0.0327,2026-08-07,902.77,902.77,847.4,878.41,887387.0,871.3118
2026-08-07T20:31:36.908,7,10,MU260817P00780000,MU,2026-08-17,put,780.0,6.49,3.0,8.17,124.0,7.33,6.4,1.0,0.6785,-0.1394,0.0023,-1.0769,0.3212,-0.0354,2026-08-07,902.77,902.77,847.4,878.41,887387.0,871.3118
2026-08-07T20:31:36.908,7,10,MU260817P00785000,MU,2026-08-17,put,785.0,7.36,8.0,8.99,125.0,8.175,8.8,3.0,0.6779,-0.1523,0.0024,-1.1412,0.3408,-0.0387,2026-08-07,902.77,902.77,847.4,878.41,887387.0,871.3118
2026-08-07T20:31:36.908,7,10,MU260817P00790000,MU,2026-08-17,put,790.0,8.13,2.0,10.1,127.0,9.115,9.2,2.0,0.678,-0.166,0.0025,-1.2072,0.3607,-0.0423,2026-08-07,902.77,902.77,847.4,878.41,887387.0,871.3118
2026-08-07T20:31:36.908,7,10,MU260817P00795000,MU,2026-08-17,put,795.0,8.91,6.0,10.85,125.0,9.879999999999999,10.12,1.0,0.6713,-0.1783,0.0027,-1.2508,0.3775,-0.0454,2026-08-07,902.77,902.77,847.4,878.41,887387.0,871.3118
2026-08-07T20:31:36.908,7,10,MU260817P00800000,MU,2026-08-17,put,800.0,9.81,34.0,11.12,2.0,10.465,11.0,10.0,0.6587,-0.1895,0.0028,-1.2737,0.3921,-0.0483,2026-08-07,902.77,902.77,847.4,878.41,887387.0,871.3118
2026-08-07T20:31:36.908,7,10,MU260817P00805000,MU,2026-08-17,put,805.0,10.85,36.0,12.93,125.0,11.89,12.27,1.0,0.6655,-0.2074,0.003,-1.3586,0.4141,-0.0529,2026-08-07,902.77,902.77,847.4,878.41,887387.0,871.3118
2026-08-07T20:31:36.908,7,10,MU260817P00810000,MU,2026-08-17,put,810.0,10.31,124.0,16.309,1.0,13.3095,13.98,1.0,0.6695,-0.225,0.0031,-1.4323,0.4341,-0.0576,2026-08-07,902.77,902.77,847.4,878.41,887387.0,871.3118
2026-08-07T20:31:36.908,7,10,MU260817P00815000,MU,2026-08-17,put,815.0,11.66,120.0,17.43,121.0,14.545,15.74,1.0,0.6672,-0.2414,0.0032,-1.4831,0.4514,-0.0618,2026-08-07,902.77,902.77,847.4,878.41,887387.0,871.3118
2026-08-07T20:31:36.908,7,10,MU260817P00820000,MU,2026-08-17,put,820.0,12.82,126.0,19.21,127.0,16.015,16.1,2.0,0.668,-0.2592,0.0033,-1.5414,0.4687,-0.0665,2026-08-07,902.77,902.77,847.4,878.41,887387.0,871.3118
2026-08-07T20:31:36.908,7,10,MU260817P00825000,MU,2026-08-17,put,825.0,14.62,113.0,20.17,1.0,17.395,18.59,1.0,0.665,-0.2766,0.0035,-1.5844,0.4843,-0.071,2026-08-07,902.77,902.77,847.4,878.41,887387.0,871.3118
2026-08-07T20:31:36.908,7,10,MU260817P00830000,MU,2026-08-17,put,830.0,15.62,110.0,20.02,3.0,17.82,17.78,1.0,0.6409,-0.2897,0.0037,-1.5599,0.4952,-0.0743,2026-08-07,902.77,902.77,847.4,878.41,887387.0,871.3118
2026-08-07T20:31:36.908,7,10,MU260817P00835000,MU,2026-08-17,put,835.0,17.1,30.0,23.69,108.0,20.395000000000003,20.0,1.0,0.6583,-0.313,0.0037,-1.6585,0.5128,-0.0806,2026-08-07,902.77,902.77,847.4,878.41,887387.0,871.3118
2026-08-07T20:31:36.908,7,10,MU260817P00840000,MU,2026-08-17,put,840.0,19.87,42.0,26.15,106.0,23.009999999999998,24.99,1.0,0.6736,-0.3353,0.0037,-1.745,0.5275,-0.0866,2026-08-07,902.77,902.77,847.4,878.41,887387.0,871.3118
2026-08-07T20:31:36.908,7,10,MU260817P00845000,MU,2026-08-17,put,845.0,21.37,32.0,28.1,104.0,24.735,24.2,2.0,0.6697,-0.3544,0.0038,-1.7699,0.5385,-0.0917,2026-08-07,902.77,902.77,847.4,878.41,887387.0,871.3118
2026-08-07T20:31:36.908,7,10,MU260817P00850000,MU,2026-08-17,put,850.0,22.9,34.0,29.55,102.0,26.225,26.4,1.0,0.6598,-0.3732,0.004,-1.7728,0.548,-0.0966,2026-08-07,902.77,902.77,847.4,878.41,887387.0,871.3118
2026-08-07T20:31:36.908,7,10,MU260817P00855000,MU,2026-08-17,put,855.0,25.39,101.0,31.22,55.0,28.305,28.0,2.0,0.659,-0.3936,0.004,-1.7974,0.5568,-0.102,2026-08-07,902.77,902.77,847.4,878.41,887387.0,871.3118
2026-08-07T20:31:36.908,7,10,MU260817P00860000,MU,2026-08-17,put,860.0,27.65,31.0,34.73,74.0,31.189999999999998,36.59,1.0,0.6706,-0.415,0.004,-1.8527,0.5643,-0.108,2026-08-07,902.77,902.77,847.4,878.41,887387.0,871.3118
2026-08-07T20:31:36.908,7,10,MU260817P00865000,MU,2026-08-17,put,865.0,29.08,31.0,35.82,98.0,32.45,36.89,1.0,0.6516,-0.4349,0.0042,-1.8149,0.5697,-0.1131,2026-08-07,902.77,902.77,847.4,878.41,887387.0,871.3118
2026-08-07T20:31:36.908,7,10,MU260817P00870000,MU,2026-08-17,put,870.0,32.97,75.0,39.39,97.0,36.18,34.62,100.0,0.6741,-0.456,0.0041,-1.8909,0.5739,-0.1192,2026-08-07,902.77,902.77,847.4,878.41,887387.0,871.3118
2026-08-07T20:31:36.908,7,10,MU260817P00875000,MU,2026-08-17,put,875.0,35.88,10.0,42.18,46.0,39.03,40.0,1.0,0.6793,-0.4762,0.0041,-1.9122,0.5764,-0.1248,2026-08-07,902.77,902.77,847.4,878.41,887387.0,871.3118
2026-08-07T20:31:36.908,7,10,MU260817P00880000,MU,2026-08-17,put,880.0,36.75,95.0,42.91,105.0,39.83,41.16,1.0,0.6472,-0.4984,0.0043,-1.821,0.5774,-0.1303,2026-08-07,902.77,902.77,847.4,878.41,887387.0,871.3118
2026-08-07T20:31:36.908,7,10,MU260817P00885000,MU,2026-08-17,put,885.0,39.42,38.0,46.9,1.0,43.16,47.18,1.0,0.6572,-0.5186,0.0042,-1.8457,0.5768,-0.1361,2026-08-07,902.77,902.77,847.4,878.41,887387.0,871.3118
2026-08-07T20:31:36.908,7,10,MU260817P00890000,MU,2026-08-17,put,890.0,44.17,36.0,50.23,92.0,47.2,45.02,19.0,0.6777,-0.5367,0.004,-1.8969,0.575,-0.1415,2026-08-07,902.77,902.77,847.4,878.41,887387.0,871.3118
2026-08-07T20:31:36.908,7,10,MU260817P00895000,MU,2026-08-17,put,895.0,44.23,92.0,52.52,72.0,48.375,52.83,6.0,0.6467,-0.5612,0.0042,-1.7911,0.5706,-0.1477,2026-08-07,902.77,902.77,847.4,878.41,887387.0,871.3118
2026-08-07T20:31:36.908,7,10,MU260817P00900000,MU,2026-08-17,put,900.0,48.58,92.0,55.07,52.0,51.825,49.36,2.0,0.6535,-0.5804,0.0041,-1.7926,0.5657,-0.1532,2026-08-07,902.77,902.77,847.4,878.41,887387.0,871.3118
2026-08-07T20:31:36.908,7,10,MU260817P00905000,MU,2026-08-17,put,905.0,50.36,92.0,60.24,95.0,55.3,54.85,2.0,0.6592,-0.5991,0.0041,-1.7865,0.5595,-0.1587,2026-08-07,902.77,902.77,847.4,878.41,887387.0,871.3118
2026-08-07T20:31:36.908,7,10,MU260817P00910000,MU,2026-08-17,put,910.0,55.17,23.0,61.38,91.0,58.275000000000006,58.41,1.0,0.6543,-0.6196,0.004,-1.7436,0.5513,-0.1644,2026-08-07,902.77,902.77,847.4,878.41,887387.0,871.3118
2026-08-07T20:31:36.908,7,10,MU260817P00915000,MU,2026-08-17,put,915.0,57.53,24.0,65.37,25.0,61.45,51.83,1.0,0.6512,-0.6396,0.004,-1.7019,0.5417,-0.1701,2026-08-07,902.77,902.77,847.4,878.41,887387.0,871.3118
2026-08-07T20:31:36.908,7,10,MU260817P00920000,MU,2026-08-17,put,920.0,60.48,2.0,70.29,23.0,65.385,66.85,2.0,0.6606,-0.6556,0.0039,-1.6964,0.5329,-0.175,2026-08-07,902.77,902.77,847.4,878.41,887387.0,871.3118
2026-08-07T20:31:36.908,7,10,MU260817P00925000,MU,2026-08-17,put,925.0,64.8,18.0,71.48,22.0,68.14,67.76,1.0,0.646,-0.6782,0.0038,-1.6097,0.5188,-0.1812,2026-08-07,902.77,902.77,847.4,878.41,887387.0,871.3118
2026-08-07T20:31:36.908,7,10,MU260817P00930000,MU,2026-08-17,put,930.0,67.65,23.0,75.54,22.0,71.595,73.47,10.0,0.6428,-0.6971,0.0038,-1.5563,0.5054,-0.1866,2026-08-07,902.77,902.77,847.4,878.41,887387.0,871.3118
2026-08-07T20:31:36.908,7,10,MU260817P00935000,MU,2026-08-17,put,935.0,72.44,12.0,81.64,52.0,77.03999999999999,73.35,1.0,0.6778,-0.7025,0.0035,-1.6301,0.5013,-0.1894,2026-08-07,902.77,902.77,847.4,878.41,887387.0,871.3118
2026-08-07T20:31:36.908,7,10,MU260817P00940000,MU,2026-08-17,put,940.0,76.59,18.0,82.37,76.0,79.48,80.47,1.0,0.6511,-0.7282,0.0035,-1.4916,0.4801,-0.1962,2026-08-07,902.77,902.77,847.4,878.41,887387.0,871.3118
2026-08-07T20:31:36.908,7,10,MU260817P00945000,MU,2026-08-17,put,945.0,79.56,18.0,86.25,16.0,82.905,75.15,3.0,0.642,-0.7478,0.0034,-1.4097,0.4621,-0.2019,2026-08-07,902.77,902.77,847.4,878.41,887387.0,871.3118
2026-08-07T20:31:36.908,7,10,MU260817P00950000,MU,2026-08-17,put,950.0,83.32,6.0,92.4,1.0,87.86,72.82,3.0,0.6646,-0.7546,0.0033,-1.4386,0.4554,-0.2049,2026-08-07,902.77,902.77,847.4,878.41,887387.0,871.3118
2026-08-07T20:31:36.908,7,10,MU260817P00955000,MU,2026-08-17,put,955.0,88.67,11.0,96.29,1.0,92.48,,,0.6793,-0.7638,0.0031,-1.4391,0.4461,-0.2083,2026-08-07,902.77,902.77,847.4,878.41,887387.0,871.3118
2026-08-07T20:31:36.908,7,10,MU260817P00960000,MU,2026-08-17,put,960.0,91.35,14.0,100.11,1.0,95.72999999999999,114.9,1.0,0.6614,-0.7848,0.0031,-1.3211,0.4231,-0.2143,2026-08-07,902.77,902.77,847.4,878.41,887387.0,871.3118
2026-08-07T20:31:36.908,7,10,MU260817P00965000,MU,2026-08-17,put,965.0,94.91,2.0,102.52,1.0,98.715,105.9,1.0,0.6334,-0.81,0.003,-1.1636,0.3928,-0.2211,2026-08-07,902.77,902.77,847.4,878.41,887387.0,871.3118
2026-08-07T20:31:36.908,7,10,MU260817P00970000,MU,2026-08-17,put,970.0,97.69,30.0,107.98,6.0,102.83500000000001,94.99,1.0,0.631,-0.8241,0.0028,-1.0989,0.3744,-0.2256,2026-08-07,902.77,902.77,847.4,878.41,887387.0,871.3118
2026-08-07T20:31:36.908,7,10,MU260817P00975000,MU,2026-08-17,put,975.0,102.53,5.0,116.81,6.0,109.67,114.12,1.0,0.6991,-0.809,0.0027,-1.296,0.3941,-0.2239,2026-08-07,902.77,902.77,847.4,878.41,887387.0,871.3118
2026-08-07T20:31:36.908,7,10,MU260817P00980000,MU,2026-08-17,put,980.0,108.09,6.0,118.64,1.0,113.36500000000001,95.0,4.0,0.6852,-0.8262,0.0026,-1.1893,0.3715,-0.229,2026-08-07,902.77,902.77,847.4,878.41,887387.0,871.3118
2026-08-07T20:31:36.908,7,10,MU260817P00985000,MU,2026-08-17,put,985.0,111.51,14.0,125.34,6.0,118.42500000000001,,,0.7065,-0.8292,0.0025,-1.2136,0.3674,-0.2311,2026-08-07,902.77,902.77,847.4,878.41,887387.0,871.3118
2026-08-07T20:31:36.908,7,10,MU260817P00990000,MU,2026-08-17,put,990.0,114.61,20.0,127.46,4.0,121.035,,,0.6563,-0.8597,0.0023,-0.9716,0.3226,-0.2391,2026-08-07,902.77,902.77,847.4,878.41,887387.0,871.3118
2026-08-07T20:31:36.908,7,10,MU260817P00995000,MU,2026-08-17,put,995.0,119.98,8.0,133.64,18.0,126.81,,,0.6983,-0.8533,0.0023,-1.0737,0.3325,-0.2392,2026-08-07,902.77,902.77,847.4,878.41,887387.0,871.3118
2026-08-07T20:31:36.908,7,10,MU260817P01000000,MU,2026-08-17,put,1000.0,125.36,5.0,138.33,7.0,131.845,128.03,1.0,0.7177,-0.8558,0.0022,-1.0918,0.3287,-0.2411,2026-08-07,902.77,902.77,847.4,878.41,887387.0,871.3118
2026-08-07T20:31:36.908,7,10,MU260817P01005000,MU,2026-08-17,put,1005.0,128.43,6.0,141.47,6.0,134.95,132.12,3.0,0.674,-0.8815,0.002,-0.8766,0.287,-0.2482,2026-08-07,902.77,902.77,847.4,878.41,887387.0,871.3118
2026-08-07T20:31:36.908,7,10,MU260817P01010000,MU,2026-08-17,put,1010.0,131.65,2.0,144.21,3.0,137.93,139.48,1.0,0.6123,-0.9133,0.0018,-0.6065,0.2286,-0.2566,2026-08-07,902.77,902.77,847.4,878.41,887387.0,871.3118
2026-08-07T20:31:36.908,7,10,MU260817P01015000,MU,2026-08-17,put,1015.0,138.76,2.0,149.02,2.0,143.89,142.07,3.0,0.6682,-0.9003,0.0018,-0.754,0.2535,-0.2551,2026-08-07,902.77,902.77,847.4,878.41,887387.0,871.3118
2026-08-07T20:31:36.908,7,10,MU260817P01020000,MU,2026-08-17,put,1020.0,144.63,2.0,154.24,1.0,149.435,147.01,3.0,0.7056,-0.8946,0.0018,-0.8383,0.264,-0.2553,2026-08-07,902.77,902.77,847.4,878.41,887387.0,871.3118
2026-08-07T20:31:36.908,7,10,MU260817P01025000,MU,2026-08-17,put,1025.0,146.9,8.0,158.73,1.0,152.815,,,0.654,-0.9198,0.0016,-0.6092,0.2155,-0.2622,2026-08-07,902.77,902.77,847.4,878.41,887387.0,871.3118
2026-08-07T20:31:36.908,7,10,MU260817P01030000,MU,2026-08-17,put,1030.0,153.37,14.0,163.1,6.0,158.235,,,0.6884,-0.9148,0.0016,-0.681,0.2256,-0.2625,2026-08-07,902.77,902.77,847.4,878.41,887387.0,871.3118
2026-08-07T20:31:36.908,7,10,MU260817P01035000,MU,2026-08-17,put,1035.0,154.63,12.0,170.42,3.0,162.52499999999998,,,0.6703,-0.9271,0.0014,-0.5745,0.2004,-0.2666,2026-08-07,902.77,902.77,847.4,878.41,887387.0,871.3118
2026-08-07T20:31:36.908,7,10,MU260817P01040000,MU,2026-08-17,put,1040.0,161.11,14.0,173.4,1.0,167.255,178.55,1.0,0.6711,-0.9327,0.0013,-0.5346,0.1885,-0.2693,2026-08-07,902.77,902.77,847.4,878.41,887387.0,871.3118
2026-08-07T20:31:36.908,7,10,MU260817P01045000,MU,2026-08-17,put,1045.0,169.19,9.0,175.59,3.0,172.39,,,0.6928,-0.9316,0.0013,-0.5629,0.191,-0.2704,2026-08-07,902.77,902.77,847.4,878.41,887387.0,871.3118
2026-08-07T20:31:36.908,7,10,MU260817P01050000,MU,2026-08-17,put,1050.0,169.89,12.0,184.87,11.0,177.38,,,0.7067,-0.9328,0.0013,-0.5664,0.1884,-0.2721,2026-08-07,902.77,902.77,847.4,878.41,887387.0,871.3118
2026-08-07T20:31:36.908,7,10,MU260817P01055000,MU,2026-08-17,put,1055.0,178.51,14.0,187.06,13.0,182.785,,,0.7421,-0.9277,0.0013,-0.6403,0.1993,-0.2723,2026-08-07,902.77,902.77,847.4,878.41,887387.0,871.3118
2026-08-07T20:31:36.908,7,10,MU260817P01060000,MU,2026-08-17,put,1060.0,182.33,15.0,191.49,3.0,186.91000000000003,,,0.7085,-0.9422,0.0011,-0.4922,0.1674,-0.2769,2026-08-07,902.77,902.77,847.4,878.41,887387.0,871.3118
2026-08-07T20:31:36.908,7,10,MU260817P01065000,MU,2026-08-17,put,1065.0,185.97,12.0,200.24,4.0,193.10500000000002,,,0.7869,-0.9252,0.0012,-0.7046,0.2045,-0.2746,2026-08-07,902.77,902.77,847.4,878.41,887387.0,871.3118
2026-08-07T20:31:36.908,7,10,MU260817P01070000,MU,2026-08-17,put,1070.0,190.36,21.0,202.41,9.0,196.385,,,0.7018,-0.9526,0.001,-0.3991,0.143,-0.282,2026-08-07,902.77,902.77,847.4,878.41,887387.0,871.3118
2026-08-07T20:31:36.908,7,10,MU260817P01075000,MU,2026-08-17,put,1075.0,191.95,22.0,208.8,3.0,200.375,,,0.6278,-0.9729,0.0007,-0.179,0.0905,-0.288,2026-08-07,902.77,902.77,847.4,878.41,887387.0,871.3118
2026-08-07T20:31:36.908,7,10,MU260817P01080000,MU,2026-08-17,put,1080.0,201.97,25.0,217.03,1.0,209.5,,,0.8941,-0.9108,0.0012,-0.9434,0.2335,-0.2756,2026-08-07,902.77,902.77,847.4,878.41,887387.0,871.3118
2026-08-07T20:31:36.908,7,10,MU260817P01085000,MU,2026-08-17,put,1085.0,204.98,26.0,215.39,2.0,210.185,,,0.6291,-0.9778,0.0006,-0.1346,0.0766,-0.2918,2026-08-07,902.77,902.77,847.4,878.41,887387.0,871.3118
2026-08-07T20:31:36.908,7,10,MU260817P01090000,MU,2026-08-17,put,1090.0,212.34,27.0,225.6,3.0,218.97,,,0.8995,-0.919,0.0012,-0.8745,0.2171,-0.2802,2026-08-07,902.77,902.77,847.4,878.41,887387.0,871.3118
2026-08-07T20:31:36.908,7,10,MU260817P01095000,MU,2026-08-17,put,1095.0,211.45,21.0,229.49,4.0,220.47,,,0.6868,-0.9721,0.0006,-0.2113,0.0927,-0.2933,2026-08-07,902.77,902.77,847.4,878.41,887387.0,871.3118
2026-08-07T20:31:36.908,7,10,MU260817P01100000,MU,2026-08-17,put,1100.0,221.68,23.0,233.18,6.0,227.43,,,0.8478,-0.9404,0.001,-0.6227,0.1716,-0.2876,2026-08-07,902.77,902.77,847.4,878.41,887387.0,871.3118
2026-08-07T20:31:36.908,7,10,MU260817P01105000,MU,2026-08-17,put,1105.0,221.51,24.0,237.85,5.0,229.68,,,0.5817,-0.9912,0.0003,0.0087,0.0347,-0.3004,2026-08-07,902.77,902.77,847.4,878.41,887387.0,871.3118
2026-08-07T20:31:36.908,7,10,MU260817P01110000,MU,2026-08-17,put,1110.0,227.19,27.0,244.97,1.0,236.07999999999998,,,0.7807,-0.9619,0.0007,-0.3602,0.1198,-0.2951,2026-08-07,902.77,902.77,847.4,878.41,887387.0,871.3118
2026-08-07T20:31:36.908,7,10,MU260817P01115000,MU,2026-08-17,put,1115.0,238.13,26.0,244.55,3.0,241.34,,,0.8139,-0.9581,0.0008,-0.4193,0.1295,-0.2957,2026-08-07,902.77,902.77,847.4,878.41,887387.0,871.3118
2026-08-07T20:31:36.908,7,10,MU260817P01120000,MU,2026-08-17,put,1120.0,237.98,22.0,247.86,2.0,242.92000000000002,,,,,,,,,2026-08-07,902.77,902.77,847.4,878.41,887387.0,871.3118
2026-08-07T20:31:36.908,7,10,MU260817P01125000,MU,2026-08-17,put,1125.0,239.82,27.0,256.54,6.0,248.18,,,,,,,,,2026-08-07,902.77,902.77,847.4,878.41,887387.0,871.3118
2026-08-07T20:31:36.908,7,10,MU260817P01130000,MU,2026-08-17,put,1130.0,248.4,24.0,259.11,2.0,253.755,,,,,,,,,2026-08-07,902.77,902.77,847.4,878.41,887387.0,871.3118
2026-08-07T20:31:36.908,7,10,MU260817P01135000,MU,2026-08-17,put,1135.0,251.67,32.0,264.17,1.0,257.92,,,,,,,,,2026-08-07,902.77,902.77,847.4,878.41,887387.0,871.3118
2026-08-07T20:31:36.908,7,10,MU260817P01140000,MU,2026-08-17,put,1140.0,258.06,27.0,271.31,2.0,264.685,,,0.6605,-0.9909,0.0003,-0.0043,0.0355,-0.3099,2026-08-07,902.77,902.77,847.4,878.41,887387.0,871.3118
2026-08-07T20:31:36.908,7,10,MU260817P01145000,MU,2026-08-17,put,1145.0,259.87,25.0,281.36,2.0,270.615,,,0.8199,-0.972,0.0005,-0.2693,0.093,-0.307,2026-08-07,902.77,902.77,847.4,878.41,887387.0,871.3118
2026-08-07T20:31:36.908,7,10,MU260817P01150000,MU,2026-08-17,put,1150.0,270.08,27.0,277.69,3.0,273.885,,,,,,,,,2026-08-07,902.77,902.77,847.4,878.41,887387.0,871.3118
2026-08-07T20:31:36.908,7,10,MU260817P01155000,MU,2026-08-17,put,1155.0,273.97,25.0,290.81,2.0,282.39,,,0.9862,-0.947,0.0008,-0.6595,0.1562,-0.3043,2026-08-07,902.77,902.77,847.4,878.41,887387.0,871.3118
2026-08-07T20:31:36.908,7,10,MU260817P01160000,MU,2026-08-17,put,1160.0,276.71,24.0,297.53,2.0,287.12,,,0.9806,-0.9509,0.0007,-0.6097,0.1471,-0.3065,2026-08-07,902.77,902.77,847.4,878.41,887387.0,871.3118
2026-08-07T20:31:36.908,7,10,MU260817P01165000,MU,2026-08-17,put,1165.0,287.07,23.0,294.95,2.0,291.01,,,,,,,,,2026-08-07,902.77,902.77,847.4,878.41,887387.0,871.3118
2026-08-07T20:31:36.908,7,10,MU260817P01170000,MU,2026-08-17,put,1170.0,289.57,31.0,304.99,1.0,297.28,,,,,,,,,2026-08-07,902.77,902.77,847.4,878.41,887387.0,871.3118
2026-08-07T20:31:36.908,7,10,MU260817P01175000,MU,2026-08-17,put,1175.0,297.85,27.0,305.1,2.0,301.475,,,,,,,,,2026-08-07,902.77,902.77,847.4,878.41,887387.0,871.3118
2026-08-07T20:31:36.908,7,10,MU260817P01180000,MU,2026-08-17,put,1180.0,296.97,30.0,306.73,2.0,301.85,,,,,,,,,2026-08-07,902.77,902.77,847.4,878.41,887387.0,871.3118
2026-08-07T20:31:36.908,7,10,MU260817P01185000,MU,2026-08-17,put,1185.0,302.9,32.0,313.31,3.0,308.105,,,,,,,,,2026-08-07,902.77,902.77,847.4,878.41,887387.0,871.3118
2026-08-07T20:31:36.908,7,10,MU260817P01190000,MU,2026-08-17,put,1190.0,307.28,27.0,325.67,2.0,316.475,,,,,,,,,2026-08-07,902.77,902.77,847.4,878.41,887387.0,871.3118
2026-08-07T20:31:36.908,7,10,MU260817P01195000,MU,2026-08-17,put,1195.0,316.51,26.0,333.45,3.0,324.98,,,,,,,,,2026-08-07,902.77,902.77,847.4,878.41,887387.0,871.3118
2026-08-07T20:31:36.908,7,10,MU260817P01200000,MU,2026-08-17,put,1200.0,321.48,30.0,335.81,5.0,328.645,,,,,,,,,2026-08-07,902.77,902.77,847.4,878.41,887387.0,871.3118
2026-08-07T20:31:36.908,7,10,MU260817P01205000,MU,2026-08-17,put,1205.0,328.02,28.0,337.25,5.0,332.635,,,,,,,,,2026-08-07,902.77,902.77,847.4,878.41,887387.0,871.3118
2026-08-07T20:31:36.908,7,10,MU260817P01210000,MU,2026-08-17,put,1210.0,333.69,30.0,344.57,5.0,339.13,,,,,,,,,2026-08-07,902.77,902.77,847.4,878.41,887387.0,871.3118
2026-08-07T20:31:36.908,7,10,MU260817P01215000,MU,2026-08-17,put,1215.0,332.18,27.0,341.37,2.0,336.775,,,,,,,,,2026-08-07,902.77,902.77,847.4,878.41,887387.0,871.3118
2026-08-07T20:31:36.908,7,10,MU260817P01220000,MU,2026-08-17,put,1220.0,340.22,24.0,347.35,3.0,343.785,,,,,,,,,2026-08-07,902.77,902.77,847.4,878.41,887387.0,871.3118
2026-08-07T20:31:36.908,7,10,MU260817P01225000,MU,2026-08-17,put,1225.0,342.17,23.0,357.37,10.0,349.77,,,,,,,,,2026-08-07,902.77,902.77,847.4,878.41,887387.0,871.3118
2026-08-07T20:31:36.908,7,10,MU260817P01230000,MU,2026-08-17,put,1230.0,347.4,28.0,364.26,2.0,355.83,,,,,,,,,2026-08-07,902.77,902.77,847.4,878.41,887387.0,871.3118
2026-08-07T20:31:36.908,7,10,MU260817P01235000,MU,2026-08-17,put,1235.0,353.27,32.0,367.04,2.0,360.155,,,,,,,,,2026-08-07,902.77,902.77,847.4,878.41,887387.0,871.3118
2026-08-07T20:31:36.908,7,10,MU260817P01240000,MU,2026-08-17,put,1240.0,359.96,22.0,366.09,2.0,363.025,,,,,,,,,2026-08-07,902.77,902.77,847.4,878.41,887387.0,871.3118
2026-08-07T20:31:36.908,7,10,MU260817P01250000,MU,2026-08-17,put,1250.0,374.7,21.0,385.83,2.0,380.265,,,,,,,,,2026-08-07,902.77,902.77,847.4,878.41,887387.0,871.3118
2026-08-07T20:31:36.908,7,10,MU260817P01260000,MU,2026-08-17,put,1260.0,381.88,23.0,387.14,2.0,384.51,,,,,,,,,2026-08-07,902.77,902.77,847.4,878.41,887387.0,871.3118
2026-08-07T20:31:36.908,7,10,MU260817P01270000,MU,2026-08-17,put,1270.0,387.09,23.0,396.2,1.0,391.645,,,,,,,,,2026-08-07,902.77,902.77,847.4,878.41,887387.0,871.3118
2026-08-07T20:31:36.908,7,10,MU260817P01280000,MU,2026-08-17,put,1280.0,393.85,23.0,410.59,1.0,402.22,,,,,,,,,2026-08-07,902.77,902.77,847.4,878.41,887387.0,871.3118
2026-08-07T20:31:36.908,7,10,MU260817P01290000,MU,2026-08-17,put,1290.0,400.34,24.0,417.29,1.0,408.815,,,,,,,,,2026-08-07,902.77,902.77,847.4,878.41,887387.0,871.3118
2026-08-07T20:31:36.908,7,10,MU260817P01300000,MU,2026-08-17,put,1300.0,423.54,22.0,437.35,2.0,430.44500000000005,,,,,,,,,2026-08-07,902.77,902.77,847.4,878.41,887387.0,871.3118
2026-08-07T20:31:36.908,7,10,MU260817P01310000,MU,2026-08-17,put,1310.0,423.26,23.0,444.99,1.0,434.125,,,,,,,,,2026-08-07,902.77,902.77,847.4,878.41,887387.0,871.3118
2026-08-07T20:31:36.908,7,10,MU260817P01320000,MU,2026-08-17,put,1320.0,438.58,21.0,456.36,10.0,447.47,,,,,,,,,2026-08-07,902.77,902.77,847.4,878.41,887387.0,871.3118
2026-08-07T20:31:36.908,7,10,MU260817P01330000,MU,2026-08-17,put,1330.0,448.27,23.0,462.73,4.0,455.5,,,,,,,,,2026-08-07,902.77,902.77,847.4,878.41,887387.0,871.3118
2026-08-07T20:31:36.908,7,10,MU260817P01340000,MU,2026-08-17,put,1340.0,450.43,27.0,471.47,2.0,460.95000000000005,,,,,,,,,2026-08-07,902.77,902.77,847.4,878.41,887387.0,871.3118
2026-08-07T20:31:36.908,7,10,MU260817P01350000,MU,2026-08-17,put,1350.0,465.24,27.0,481.3,3.0,473.27,,,,,,,,,2026-08-07,902.77,902.77,847.4,878.41,887387.0,871.3118
2026-08-07T20:31:36.908,7,10,MU260817P01360000,MU,2026-08-17,put,1360.0,469.38,22.0,491.18,1.0,480.28,,,,,,,,,2026-08-07,902.77,902.77,847.4,878.41,887387.0,871.3118
2026-08-07T20:31:36.908,7,10,MU260817P01370000,MU,2026-08-17,put,1370.0,479.73,26.0,495.22,2.0,487.475,475.09,1.0,,,,,,,2026-08-07,902.77,902.77,847.4,878.41,887387.0,871.3118
2026-08-07T20:31:36.908,14,12,MU260819C00400000,MU,2026-08-19,call,400.0,473.09,22.0,477.21,1.0,475.15,,,,,,,,,2026-08-07,902.77,902.77,847.4,878.41,887387.0,871.3118
2026-08-07T20:31:36.908,14,12,MU260819C00405000,MU,2026-08-19,call,405.0,470.48,16.0,472.38,1.0,471.43,,,,,,,,,2026-08-07,902.77,902.77,847.4,878.41,887387.0,871.3118
2026-08-07T20:31:36.908,14,12,MU260819C00410000,MU,2026-08-19,call,410.0,459.29,22.0,467.51,1.0,463.4,,,,,,,,,2026-08-07,902.77,902.77,847.4,878.41,887387.0,871.3118
2026-08-07T20:31:36.908,14,12,MU260819C00415000,MU,2026-08-19,call,415.0,457.0,12.0,465.67,1.0,461.33500000000004,,,,,,,,,2026-08-07,902.77,902.77,847.4,878.41,887387.0,871.3118
2026-08-07T20:31:36.908,14,12,MU260819C00420000,MU,2026-08-19,call,420.0,441.46,16.0,461.44,1.0,451.45,,,,,,,,,2026-08-07,902.77,902.77,847.4,878.41,887387.0,871.3118
2026-08-07T20:31:36.908,14,12,MU260819C00425000,MU,2026-08-19,call,425.0,437.85,17.0,465.02,1.0,451.435,,,,,,,,,2026-08-07,902.77,902.77,847.4,878.41,887387.0,871.3118
2026-08-07T20:31:36.908,14,12,MU260819C00430000,MU,2026-08-19,call,430.0,433.53,1.0,450.0,5.0,441.765,,,,,,,,,2026-08-07,902.77,902.77,847.4,878.41,887387.0,871.3118
2026-08-07T20:31:36.908,14,12,MU260819C00435000,MU,2026-08-19,call,435.0,426.77,22.0,445.01,1.0,435.89,,,,,,,,,2026-08-07,902.77,902.77,847.4,878.41,887387.0,871.3118
2026-08-07T20:31:36.908,14,12,MU260819C00440000,MU,2026-08-19,call,440.0,423.46,16.0,449.18,1.0,436.32,,,,,,,,,2026-08-07,902.77,902.77,847.4,878.41,887387.0,871.3118
2026-08-07T20:31:36.908,14,12,MU260819C00445000,MU,2026-08-19,call,445.0,428.59,20.0,434.36,1.0,431.475,,,,,,,,,2026-08-07,902.77,902.77,847.4,878.41,887387.0,871.3118
2026-08-07T20:31:36.908,14,12,MU260819C00450000,MU,2026-08-19,call,450.0,419.11,11.0,430.48,1.0,424.795,,,,,,,,,2026-08-07,902.77,902.77,847.4,878.41,887387.0,871.3118
2026-08-07T20:31:36.908,14,12,MU260819C00455000,MU,2026-08-19,call,455.0,415.04,21.0,429.19,1.0,422.115,,,,,,,,,2026-08-07,902.77,902.77,847.4,878.41,887387.0,871.3118
2026-08-07T20:31:36.908,14,12,MU260819C00460000,MU,2026-08-19,call,460.0,410.73,20.0,416.61,2.0,413.67,,,,,,,,,2026-08-07,902.77,902.77,847.4,878.41,887387.0,871.3118
2026-08-07T20:31:36.908,14,12,MU260819C00465000,MU,2026-08-19,call,465.0,409.3,15.0,413.94,1.0,411.62,,,,,,,,,2026-08-07,902.77,902.77,847.4,878.41,887387.0,871.3118
2026-08-07T20:31:36.908,14,12,MU260819C00470000,MU,2026-08-19,call,470.0,392.1,18.0,417.91,1.0,405.005,,,,,,,,,2026-08-07,902.77,902.77,847.4,878.41,887387.0,871.3118
2026-08-07T20:31:36.908,14,12,MU260819C00475000,MU,2026-08-19,call,475.0,394.22,19.0,409.17,1.0,401.69500000000005,,,,,,,,,2026-08-07,902.77,902.77,847.4,878.41,887387.0,871.3118
2026-08-07T20:31:36.908,14,12,MU260819C00480000,MU,2026-08-19,call,480.0,385.05,22.0,398.97,1.0,392.01,,,,,,,,,2026-08-07,902.77,902.77,847.4,878.41,887387.0,871.3118
2026-08-07T20:31:36.908,14,12,MU260819C00485000,MU,2026-08-19,call,485.0,378.08,1.0,405.21,1.0,391.645,,,,,,,,,2026-08-07,902.77,902.77,847.4,878.41,887387.0,871.3118
2026-08-07T20:31:36.908,14,12,MU260819C00490000,MU,2026-08-19,call,490.0,372.54,1.0,390.04,2.0,381.29,,,,,,,,,2026-08-07,902.77,902.77,847.4,878.41,887387.0,871.3118
2026-08-07T20:31:36.908,14,12,MU260819C00495000,MU,2026-08-19,call,495.0,366.34,21.0,387.19,1.0,376.765,,,,,,,,,2026-08-07,902.77,902.77,847.4,878.41,887387.0,871.3118
2026-08-07T20:31:36.908,14,12,MU260819C00500000,MU,2026-08-19,call,500.0,371.03,21.0,384.06,1.0,377.54499999999996,,,,,,,,,2026-08-07,902.77,902.77,847.4,878.41,887387.0,871.3118
2026-08-07T20:31:36.908,14,12,MU260819C00505000,MU,2026-08-19,call,505.0,359.25,15.0,378.18,1.0,368.71500000000003,,,,,,,,,2026-08-07,902.77,902.77,847.4,878.41,887387.0,871.3118
2026-08-07T20:31:36.908,14,12,MU260819C00510000,MU,2026-08-19,call,510.0,355.12,21.0,370.51,1.0,362.815,,,,,,,,,2026-08-07,902.77,902.77,847.4,878.41,887387.0,871.3118
2026-08-07T20:31:36.908,14,12,MU260819C00515000,MU,2026-08-19,call,515.0,357.15,11.0,361.13,1.0,359.14,,,,,,,,,2026-08-07,902.77,902.77,847.4,878.41,887387.0,871.3118
2026-08-07T20:31:36.908,14,12,MU260819C00520000,MU,2026-08-19,call,520.0,344.62,15.0,361.85,1.0,353.235,,,,,,,,,2026-08-07,902.77,902.77,847.4,878.41,887387.0,871.3118
2026-08-07T20:31:36.908,14,12,MU260819C00525000,MU,2026-08-19,call,525.0,348.4,11.0,354.02,1.0,351.21,,,,,,,,,2026-08-07,902.77,902.77,847.4,878.41,887387.0,871.3118
2026-08-07T20:31:36.908,14,12,MU260819C00530000,MU,2026-08-19,call,530.0,338.07,11.0,349.06,1.0,343.565,,,,,,,,,2026-08-07,902.77,902.77,847.4,878.41,887387.0,871.3118
2026-08-07T20:31:36.908,14,12,MU260819C00535000,MU,2026-08-19,call,535.0,335.26,18.0,349.48,1.0,342.37,,,,,,,,,2026-08-07,902.77,902.77,847.4,878.41,887387.0,871.3118
2026-08-07T20:31:36.908,14,12,MU260819C00540000,MU,2026-08-19,call,540.0,334.87,19.0,343.08,1.0,338.975,,,,,,,,,2026-08-07,902.77,902.77,847.4,878.41,887387.0,871.3118
2026-08-07T20:31:36.908,14,12,MU260819C00545000,MU,2026-08-19,call,545.0,322.83,22.0,337.89,1.0,330.36,,,,,,,,,2026-08-07,902.77,902.77,847.4,878.41,887387.0,871.3118
2026-08-07T20:31:36.908,14,12,MU260819C00550000,MU,2026-08-19,call,550.0,324.63,18.0,328.01,1.0,326.32,,,,,,,,,2026-08-07,902.77,902.77,847.4,878.41,887387.0,871.3118
2026-08-07T20:31:36.908,14,12,MU260819C00555000,MU,2026-08-19,call,555.0,317.47,18.0,325.11,6.0,321.29,,,,,,,,,2026-08-07,902.77,902.77,847.4,878.41,887387.0,871.3118
2026-08-07T20:31:36.908,14,12,MU260819C00560000,MU,2026-08-19,call,560.0,315.28,22.0,318.33,3.0,316.80499999999995,,,,,,,,,2026-08-07,902.77,902.77,847.4,878.41,887387.0,871.3118
2026-08-07T20:31:36.908,14,12,MU260819C00565000,MU,2026-08-19,call,565.0,300.99,21.0,316.9,4.0,308.945,,,,,,,,,2026-08-07,902.77,902.77,847.4,878.41,887387.0,871.3118
2026-08-07T20:31:36.908,14,12,MU260819C00570000,MU,2026-08-19,call,570.0,304.29,28.0,314.87,2.0,309.58000000000004,,,,,,,,,2026-08-07,902.77,902.77,847.4,878.41,887387.0,871.3118
2026-08-07T20:31:36.908,14,12,MU260819C00575000,MU,2026-08-19,call,575.0,291.65,22.0,302.69,5.0,297.16999999999996,,,,,,,,,2026-08-07,902.77,902.77,847.4,878.41,887387.0,871.3118
2026-08-07T20:31:36.908,14,12,MU260819C00580000,MU,2026-08-19,call,580.0,287.33,25.0,299.06,3.0,293.195,,,,,,,,,2026-08-07,902.77,902.77,847.4,878.41,887387.0,871.3118
2026-08-07T20:31:36.908,14,12,MU260819C00585000,MU,2026-08-19,call,585.0,278.11,30.0,295.38,6.0,286.745,,,,,,,,,2026-08-07,902.77,902.77,847.4,878.41,887387.0,871.3118
2026-08-07T20:31:36.908,14,12,MU260819C00590000,MU,2026-08-19,call,590.0,282.41,24.0,297.61,5.0,290.01,,,,,,,,,2026-08-07,902.77,902.77,847.4,878.41,887387.0,871.3118
2026-08-07T20:31:36.908,14,12,MU260819C00595000,MU,2026-08-19,call,595.0,272.7,24.0,288.42,8.0,280.56,,,,,,,,,2026-08-07,902.77,902.77,847.4,878.41,887387.0,871.3118
2026-08-07T20:31:36.908,14,12,MU260819C00600000,MU,2026-08-19,call,600.0,273.38,25.0,288.58,2.0,280.98,,,,,,,,,2026-08-07,902.77,902.77,847.4,878.41,887387.0,871.3118
2026-08-07T20:31:36.908,14,12,MU260819C00605000,MU,2026-08-19,call,605.0,261.39,25.0,278.62,2.0,270.005,,,,,,,,,2026-08-07,902.77,902.77,847.4,878.41,887387.0,871.3118
2026-08-07T20:31:36.908,14,12,MU260819C00610000,MU,2026-08-19,call,610.0,256.899,24.0,277.27,3.0,267.0845,,,,,,,,,2026-08-07,902.77,902.77,847.4,878.41,887387.0,871.3118
2026-08-07T20:31:36.908,14,12,MU260819C00615000,MU,2026-08-19,call,615.0,254.55,21.0,267.51,2.0,261.03,,,,,,,,,2026-08-07,902.77,902.77,847.4,878.41,887387.0,871.3118
2026-08-07T20:31:36.908,14,12,MU260819C00620000,MU,2026-08-19,call,620.0,252.74,21.0,265.83,2.0,259.28499999999997,,,,,,,,,2026-08-07,902.77,902.77,847.4,878.41,887387.0,871.3118
2026-08-07T20:31:36.908,14,12,MU260819C00622500,MU,2026-08-19,call,622.5,242.1,22.0,256.74,5.0,249.42000000000002,,,,,,,,,2026-08-07,902.77,902.77,847.4,878.41,887387.0,871.3118
2026-08-07T20:31:36.908,14,12,MU260819C00625000,MU,2026-08-19,call,625.0,243.62,28.0,255.5,2.0,249.56,,,,,,,,,2026-08-07,902.77,902.77,847.4,878.41,887387.0,871.3118
2026-08-07T20:31:36.908,14,12,MU260819C00627500,MU,2026-08-19,call,627.5,245.33,25.0,257.839,2.0,251.5845,,,,,,,,,2026-08-07,902.77,902.77,847.4,878.41,887387.0,871.3118
2026-08-07T20:31:36.908,14,12,MU260819C00630000,MU,2026-08-19,call,630.0,244.1,27.0,255.51,3.0,249.805,,,,,,,,,2026-08-07,902.77,902.77,847.4,878.41,887387.0,871.3118
2026-08-07T20:31:36.908,14,12,MU260819C00632500,MU,2026-08-19,call,632.5,239.44,25.0,255.66,5.0,247.55,,,,,,,,,2026-08-07,902.77,902.77,847.4,878.41,887387.0,871.3118
2026-08-07T20:31:36.908,14,12,MU260819C00635000,MU,2026-08-19,call,635.0,237.39,24.0,253.41,3.0,245.39999999999998,,,,,,,,,2026-08-07,902.77,902.77,847.4,878.41,887387.0,871.3118
2026-08-07T20:31:36.908,14,12,MU260819C00637500,MU,2026-08-19,call,637.5,229.49,26.0,248.68,2.0,239.085,,,0.9196,0.9765,0.0004,-0.3987,0.088,0.2021,2026-08-07,902.77,902.77,847.4,878.41,887387.0,871.3118
2026-08-07T20:31:36.908,14,12,MU260819C00640000,MU,2026-08-19,call,640.0,232.55,28.0,240.74,6.0,236.645,,,0.9162,0.9755,0.0004,-0.409,0.091,0.2027,2026-08-07,902.77,902.77,847.4,878.41,887387.0,871.3118
2026-08-07T20:31:36.908,14,12,MU260819C00642500,MU,2026-08-19,call,642.5,230.38,30.0,242.77,2.0,236.575,,,,,,,,,2026-08-07,902.77,902.77,847.4,878.41,887387.0,871.3118
2026-08-07T20:31:36.908,14,12,MU260819C00645000,MU,2026-08-19,call,645.0,228.18,23.0,237.08,2.0,232.63,,,0.9864,0.9639,0.0005,-0.5775,0.1257,0.2006,2026-08-07,902.77,902.77,847.4,878.41,887387.0,871.3118
2026-08-07T20:31:36.908,14,12,MU260819C00647500,MU,2026-08-19,call,647.5,222.27,26.0,233.36,5.0,227.815,,,0.61,0.9973,0.0001,-0.0978,0.0132,0.2118,2026-08-07,902.77,902.77,847.4,878.41,887387.0,871.3118
2026-08-07T20:31:36.908,14,12,MU260819C00650000,MU,2026-08-19,call,650.0,219.0,28.0,229.65,5.0,224.325,,,,,,,,,2026-08-07,902.77,902.77,847.4,878.41,887387.0,871.3118
2026-08-07T20:31:36.908,14,12,MU260819C00652500,MU,2026-08-19,call,652.5,214.7,26.0,229.04,6.0,221.87,,,,,,,,,2026-08-07,902.77,902.77,847.4,878.41,887387.0,871.3118
2026-08-07T20:31:36.908,14,12,MU260819C00655000,MU,2026-08-19,call,655.0,216.1,24.0,229.62,2.0,222.86,,,0.9611,0.9601,0.0006,-0.6074,0.1363,0.2028,2026-08-07,902.77,902.77,847.4,878.41,887387.0,871.3118
2026-08-07T20:31:36.908,14,12,MU260819C00657500,MU,2026-08-19,call,657.5,213.24,27.0,227.58,4.0,220.41000000000003,,,0.9541,0.9592,0.0006,-0.6134,0.1388,0.2033,2026-08-07,902.77,902.77,847.4,878.41,887387.0,871.3118
2026-08-07T20:31:36.908,14,12,MU260819C00660000,MU,2026-08-19,call,660.0,210.28,26.0,227.98,2.0,219.13,,,,,,,,,2026-08-07,902.77,902.77,847.4,878.41,887387.0,871.3118
2026-08-07T20:31:36.908,14,12,MU260819C00662500,MU,2026-08-19,call,662.5,209.74,24.0,221.0,1.0,215.37,,,0.9298,0.9589,0.0006,-0.6036,0.1397,0.2049,2026-08-07,902.77,902.77,847.4,878.41,887387.0,871.3118
2026-08-07T20:31:36.908,14,12,MU260819C00665000,MU,2026-08-19,call,665.0,209.56,25.0,223.01,2.0,216.285,,,1.1099,0.9288,0.0008,-1.0566,0.2156,0.1959,2026-08-07,902.77,902.77,847.4,878.41,887387.0,871.3118
2026-08-07T20:31:36.908,14,12,MU260819C00667500,MU,2026-08-19,call,667.5,202.86,27.0,216.58,4.0,209.72000000000003,,,0.8592,0.9656,0.0006,-0.4963,0.1209,0.2086,2026-08-07,902.77,902.77,847.4,878.41,887387.0,871.3118
2026-08-07T20:31:36.908,14,12,MU260819C00670000,MU,2026-08-19,call,670.0,197.11,25.0,213.25,2.0,205.18,,,,,,,,,2026-08-07,902.77,902.77,847.4,878.41,887387.0,871.3118
2026-08-07T20:31:36.908,14,12,MU260819C00672500,MU,2026-08-19,call,672.5,201.48,25.0,215.38,1.0,208.43,,,1.0576,0.9294,0.0008,-1.0043,0.2142,0.1987,2026-08-07,902.77,902.77,847.4,878.41,887387.0,871.3118
2026-08-07T20:31:36.908,14,12,MU260819C00675000,MU,2026-08-19,call,675.0,196.45,16.0,211.12,3.0,203.785,,,0.935,0.9473,0.0007,-0.7269,0.1706,0.2053,2026-08-07,902.77,902.77,847.4,878.41,887387.0,871.3118
2026-08-07T20:31:36.908,14,12,MU260819C00677500,MU,2026-08-19,call,677.5,192.9,30.0,204.44,2.0,198.67000000000002,,,0.7153,0.9794,0.0004,-0.3002,0.0787,0.2163,2026-08-07,902.77,902.77,847.4,878.41,887387.0,871.3118
2026-08-07T20:31:36.908,14,12,MU260819C00680000,MU,2026-08-19,call,680.0,192.75,26.0,203.31,3.0,198.03,,,0.8668,0.9542,0.0007,-0.6145,0.1526,0.2092,2026-08-07,902.77,902.77,847.4,878.41,887387.0,871.3118
2026-08-07T20:31:36.908,14,12,MU260819C00682500,MU,2026-08-19,call,682.5,190.18,26.0,200.18,4.0,195.18,,,0.8327,0.9577,0.0007,-0.5599,0.1429,0.2112,2026-08-07,902.77,902.77,847.4,878.41,887387.0,871.3118
2026-08-07T20:31:36.908,14,12,MU260819C00685000,MU,2026-08-19,call,685.0,186.12,26.0,200.67,2.0,193.39499999999998,,,0.8685,0.9492,0.0008,-0.6631,0.1657,0.2093,2026-08-07,902.77,902.77,847.4,878.41,887387.0,871.3118
2026-08-07T20:31:36.908,14,12,MU260819C00687500,MU,2026-08-19,call,687.5,186.88,28.0,198.35,3.0,192.615,,,0.9494,0.9319,0.0009,-0.8863,0.2083,0.2046,2026-08-07,902.77,902.77,847.4,878.41,887387.0,871.3118
2026-08-07T20:31:36.908,14,12,MU260819C00690000,MU,2026-08-19,call,690.0,182.72,29.0,197.56,10.0,190.14,,,0.9392,0.931,0.0009,-0.8862,0.2105,0.2051,2026-08-07,902.77,902.77,847.4,878.41,887387.0,871.3118
2026-08-07T20:31:36.908,14,12,MU260819C00692500,MU,2026-08-19,call,692.5,178.01,26.0,191.48,2.0,184.745,,,0.7606,0.9616,0.0007,-0.4846,0.1322,0.2157,2026-08-07,902.77,902.77,847.4,878.41,887387.0,871.3118
2026-08-07T20:31:36.908,14,12,MU260819C00695000,MU,2026-08-19,call,695.0,178.93,26.0,186.36,2.0,182.645,,,0.7791,0.9559,0.0008,-0.5452,0.1479,0.2148,2026-08-07,902.77,902.77,847.4,878.41,887387.0,871.3118
2026-08-07T20:31:36.908,14,12,MU260819C00697500,MU,2026-08-19,call,697.5,170.73,29.0,188.98,2.0,179.855,,,0.7488,0.9592,0.0007,-0.4987,0.1387,0.2166,2026-08-07,902.77,902.77,847.4,878.41,887387.0,871.3118
2026-08-07T20:31:36.908,14,12,MU260819C00700000,MU,2026-08-19,call,700.0,173.98,19.0,187.67,14.0,180.825,,,0.9245,0.922,0.001,-0.9535,0.2313,0.2056,2026-08-07,902.77,902.77,847.4,878.41,887387.0,871.3118
2026-08-07T20:31:36.908,14,12,MU260819C00702500,MU,2026-08-19,call,702.5,170.67,21.0,183.68,2.0,177.175,,,0.861,0.9317,0.001,-0.8134,0.209,0.2096,2026-08-07,902.77,902.77,847.4,878.41,887387.0,871.3118
2026-08-07T20:31:36.908,14,12,MU260819C00705000,MU,2026-08-19,call,705.0,166.0,24.0,180.95,2.0,173.475,,,0.7885,0.9437,0.0009,-0.6555,0.1797,0.2143,2026-08-07,902.77,902.77,847.4,878.41,887387.0,871.3118
2026-08-07T20:31:36.908,14,12,MU260819C00707500,MU,2026-08-19,call,707.5,167.09,31.0,174.31,2.0,170.7,,,0.7625,0.9463,0.0009,-0.6153,0.173,0.2159,2026-08-07,902.77,902.77,847.4,878.41,887387.0,871.3118
2026-08-07T20:31:36.908,14,12,MU260819C00710000,MU,2026-08-19,call,710.0,163.33,24.0,175.94,2.0,169.635,,,0.826,0.9297,0.001,-0.799,0.2135,0.2115,2026-08-07,902.77,902.77,847.4,878.41,887387.0,871.3118
2026-08-07T20:31:36.908,14,12,MU260819C00712500,MU,2026-08-19,call,712.5,156.87,23.0,174.65,6.0,165.76,,,0.7452,0.9443,0.001,-0.6188,0.1781,0.217,2026-08-07,902.77,902.77,847.4,878.41,887387.0,871.3118
2026-08-07T20:31:36.908,14,12,MU260819C00715000,MU,2026-08-19,call,715.0,156.67,19.0,169.64,2.0,163.15499999999997,,,0.729,0.945,0.001,-0.602,0.1764,0.218,2026-08-07,902.77,902.77,847.4,878.41,887387.0,871.3118
2026-08-07T20:31:36.908,14,12,MU260819C00717500,MU,2026-08-19,call,717.5,155.33,25.0,165.12,4.0,160.22500000000002,,,0.6936,0.9501,0.0009,-0.539,0.1633,0.2205,2026-08-07,902.77,902.77,847.4,878.41,887387.0,871.3118
2026-08-07T20:31:36.908,14,12,MU260819C00720000,MU,2026-08-19,call,720.0,154.27,26.0,169.54,8.0,161.905,,,0.8749,0.9052,0.0012,-1.038,0.2675,0.207,2026-08-07,902.77,902.77,847.4,878.41,887387.0,871.3118
2026-08-07T20:31:36.908,14,12,MU260819C00722500,MU,2026-08-19,call,722.5,152.38,30.0,161.61,8.0,156.995,,,0.765,0.927,0.0011,-0.7657,0.2197,0.2149,2026-08-07,902.77,902.77,847.4,878.41,887387.0,871.3118
2026-08-07T20:31:36.908,14,12,MU260819C00725000,MU,2026-08-19,call,725.0,149.37,27.0,158.28,5.0,153.825,171.5,2.0,0.7227,0.9338,0.0011,-0.6799,0.2038,0.2179,2026-08-07,902.77,902.77,847.4,878.41,887387.0,871.3118
2026-08-07T20:31:36.908,14,12,MU260819C00727500,MU,2026-08-19,call,727.5,146.2,31.0,157.0,14.0,151.6,,,0.7253,0.9297,0.0012,-0.7112,0.2135,0.2175,2026-08-07,902.77,902.77,847.4,878.41,887387.0,871.3118
2026-08-07T20:31:36.908,14,12,MU260819C00730000,MU,2026-08-19,call,730.0,140.75,27.0,153.75,14.0,147.25,,,0.6144,0.9542,0.001,-0.4588,0.1524,0.2259,2026-08-07,902.77,902.77,847.4,878.41,887387.0,871.3118
2026-08-07T20:31:36.908,14,12,MU260819C00732500,MU,2026-08-19,call,732.5,140.02,27.0,155.18,27.0,147.60000000000002,,,0.7475,0.9168,0.0013,-0.8217,0.2429,0.215,2026-08-07,902.77,902.77,847.4,878.41,887387.0,871.3118
2026-08-07T20:31:36.908,14,12,MU260819C00735000,MU,2026-08-19,call,735.0,139.33,29.0,153.85,18.0,146.59,,,0.7936,0.9011,0.0014,-0.9769,0.2761,0.2109,2026-08-07,902.77,902.77,847.4,878.41,887387.0,871.3118
2026-08-07T20:31:36.908,14,12,MU260819C00737500,MU,2026-08-19,call,737.5,137.85,32.0,152.61,14.0,145.23000000000002,,,0.8215,0.8899,0.0014,-1.0844,0.2983,0.2081,2026-08-07,902.77,902.77,847.4,878.41,887387.0,871.3118
2026-08-07T20:31:36.908,14,12,MU260819C00740000,MU,2026-08-19,call,740.0,135.0,22.0,149.05,14.0,142.025,,,0.7858,0.8946,0.0015,-1.0104,0.2891,0.2105,2026-08-07,902.77,902.77,847.4,878.41,887387.0,871.3118
2026-08-07T20:31:36.908,14,12,MU260819C00742500,MU,2026-08-19,call,742.5,133.89,31.0,145.27,14.0,139.57999999999998,135.5,1.0,0.776,0.8928,0.0015,-1.0104,0.2927,0.2108,2026-08-07,902.77,902.77,847.4,878.41,887387.0,871.3118
2026-08-07T20:31:36.908,14,12,MU260819C00745000,MU,2026-08-19,call,745.0,131.54,31.0,140.33,15.0,135.935,,,0.7241,0.9024,0.0015,-0.8903,0.2735,0.2147,2026-08-07,902.77,902.77,847.4,878.41,887387.0,871.3118
2026-08-07T20:31:36.908,14,12,MU260819C00747500,MU,2026-08-19,call,747.5,130.08,16.0,142.93,16.0,136.505,,,0.8141,0.8738,0.0016,-1.177,0.3285,0.2063,2026-08-07,902.77,902.77,847.4,878.41,887387.0,871.3118
2026-08-07T20:31:36.908,14,12,MU260819C00750000,MU,2026-08-19,call,750.0,126.53,15.0,137.18,31.0,131.85500000000002,163.85,1.0,0.7335,0.8906,0.0016,-0.9721,0.2969,0.2127,2026-08-07,902.77,902.77,847.4,878.41,887387.0,871.3118
2026-08-07T20:31:36.908,14,12,MU260819C00755000,MU,2026-08-19,call,755.0,122.11,18.0,134.56,33.0,128.335,161.7,1.0,0.7573,0.8743,0.0017,-1.0974,0.3276,0.2092,2026-08-07,902.77,902.77,847.4,878.41,887387.0,871.3118
2026-08-07T20:31:36.908,14,12,MU260819C00760000,MU,2026-08-19,call,760.0,118.49,22.0,128.039,33.0,123.2645,,,0.7312,0.8715,0.0018,-1.0776,0.3328,0.21,2026-08-07,902.77,902.77,847.4,878.41,887387.0,871.3118
2026-08-07T20:31:36.908,14,12,MU260819C00765000,MU,2026-08-19,call,765.0,113.8,24.0,127.51,33.0,120.655,,,0.7744,0.8488,0.0019,-1.2615,0.3717,0.2043,2026-08-07,902.77,902.77,847.4,878.41,887387.0,871.3118
2026-08-07T20:31:36.908,14,12,MU260819C00770000,MU,2026-08-19,call,770.0,111.7,84.0,120.01,86.0,115.855,162.82,1.0,0.7544,0.8431,0.002,-1.2595,0.3809,0.2043,2026-08-07,902.77,902.77,847.4,878.41,887387.0,871.3118
2026-08-07T20:31:36.908,14,12,MU260819C00775000,MU,2026-08-19,call,775.0,107.24,22.0,115.2,32.0,111.22,,,0.7384,0.8359,0.0021,-1.2687,0.3922,0.2037,2026-08-07,902.77,902.77,847.4,878.41,887387.0,871.3118
2026-08-07T20:31:36.908,14,12,MU260819C00780000,MU,2026-08-19,call,780.0,101.72,23.0,112.63,33.0,107.175,,,0.7365,0.8243,0.0022,-1.3188,0.4098,0.2017,2026-08-07,902.77,902.77,847.4,878.41,887387.0,871.3118
2026-08-07T20:31:36.908,14,12,MU260819C00785000,MU,2026-08-19,call,785.0,97.33,23.0,107.8,23.0,102.565,,,0.7197,0.8163,0.0023,-1.3246,0.4214,0.201,2026-08-07,902.77,902.77,847.4,878.41,887387.0,871.3118
2026-08-07T20:31:36.908,14,12,MU260819C00790000,MU,2026-08-19,call,790.0,94.28,86.0,104.63,143.0,99.455,,,0.7366,0.7985,0.0024,-1.4283,0.4459,0.1969,2026-08-07,902.77,902.77,847.4,878.41,887387.0,871.3118
2026-08-07T20:31:36.908,14,12,MU260819C00795000,MU,2026-08-19,call,795.0,88.81,88.0,96.6,85.0,92.705,88.46,1.0,0.6702,0.8036,0.0026,-1.287,0.4391,0.2005,2026-08-07,902.77,902.77,847.4,878.41,887387.0,871.3118
2026-08-07T20:31:36.908,14,12,MU260819C00800000,MU,2026-08-19,call,800.0,86.39,88.0,95.28,85.0,90.83500000000001,123.34,1.0,0.7116,0.7774,0.0026,-1.4601,0.4726,0.1936,2026-08-07,902.77,902.77,847.4,878.41,887387.0,871.3118
2026-08-07T20:31:36.908,14,12,MU260819C00805000,MU,2026-08-19,call,805.0,81.73,88.0,91.27,36.0,86.5,81.29,1.0,0.6974,0.7665,0.0028,-1.4693,0.4856,0.1919,2026-08-07,902.77,902.77,847.4,878.41,887387.0,871.3118
2026-08-07T20:31:36.908,14,12,MU260819C00810000,MU,2026-08-19,call,810.0,78.36,88.0,87.33,69.0,82.845,85.0,1.0,0.696,0.7515,0.0029,-1.5137,0.5022,0.1888,2026-08-07,902.77,902.77,847.4,878.41,887387.0,871.3118
2026-08-07T20:31:36.908,14,12,MU260819C00815000,MU,2026-08-19,call,815.0,76.47,25.0,84.51,20.0,80.49000000000001,,,0.718,0.7308,0.0029,-1.6219,0.5235,0.1836,2026-08-07,902.77,902.77,847.4,878.41,887387.0,871.3118
2026-08-07T20:31:36.908,14,12,MU260819C00820000,MU,2026-08-19,call,820.0,71.04,29.0,79.7,20.0,75.37,118.4,1.0,0.6856,0.7221,0.0031,-1.5747,0.5318,0.1828,2026-08-07,902.77,902.77,847.4,878.41,887387.0,871.3118
2026-08-07T20:31:36.908,14,12,MU260819C00825000,MU,2026-08-19,call,825.0,67.37,1.0,78.12,15.0,72.745,96.73,1.0,0.6988,0.7028,0.0031,-1.6525,0.549,0.1781,2026-08-07,902.77,902.77,847.4,878.41,887387.0,871.3118
2026-08-07T20:31:36.908,14,12,MU260819C00830000,MU,2026-08-19,call,830.0,66.15,43.0,73.39,27.0,69.77000000000001,93.32,1.0,0.7035,0.6852,0.0032,-1.7034,0.5631,0.174,2026-08-07,902.77,902.77,847.4,878.41,887387.0,871.3118
2026-08-07T20:31:36.908,14,12,MU260819C00835000,MU,2026-08-19,call,835.0,62.27,23.0,70.61,27.0,66.44,101.06,1.0,0.7002,0.6688,0.0033,-1.7296,0.575,0.1704,2026-08-07,902.77,902.77,847.4,878.41,887387.0,871.3118
2026-08-07T20:31:36.908,14,12,MU260819C00840000,MU,2026-08-19,call,840.0,58.82,77.0,66.88,58.0,62.849999999999994,56.35,1.0,0.6912,0.6528,0.0034,-1.737,0.5855,0.167,2026-08-07,902.77,902.77,847.4,878.41,887387.0,871.3118
2026-08-07T20:31:36.908,14,12,MU260819C00845000,MU,2026-08-19,call,845.0,56.01,32.0,63.71,34.0,59.86,104.96,1.0,0.691,0.6352,0.0034,-1.765,0.5959,0.1629,2026-08-07,902.77,902.77,847.4,878.41,887387.0,871.3118
2026-08-07T20:31:36.908,14,12,MU260819C00850000,MU,2026-08-19,call,850.0,53.33,92.0,62.42,94.0,57.875,57.35,1.0,0.7059,0.616,0.0034,-1.8292,0.6056,0.1581,2026-08-07,902.77,902.77,847.4,878.41,887387.0,871.3118
2026-08-07T20:31:36.908,14,12,MU260819C00855000,MU,2026-08-19,call,855.0,50.64,93.0,58.79,91.0,54.715,51.84,2.0,0.6997,0.5988,0.0035,-1.8342,0.613,0.1542,2026-08-07,902.77,902.77,847.4,878.41,887387.0,871.3118
2026-08-07T20:31:36.908,14,12,MU260819C00860000,MU,2026-08-19,call,860.0,46.78,96.0,55.39,93.0,51.085,53.55,1.0,0.6847,0.5816,0.0036,-1.8123,0.6193,0.1504,2026-08-07,902.77,902.77,847.4,878.41,887387.0,871.3118
2026-08-07T20:31:36.908,14,12,MU260819C00865000,MU,2026-08-19,call,865.0,44.25,94.0,49.78,2.0,47.015,50.38,1.0,0.6613,0.5638,0.0038,-1.7652,0.6244,0.1466,2026-08-07,902.77,902.77,847.4,878.41,887387.0,871.3118
2026-08-07T20:31:36.908,14,12,MU260819C00870000,MU,2026-08-19,call,870.0,43.15,106.0,49.48,100.0,46.315,47.75,1.0,0.6905,0.545,0.0036,-1.8512,0.6285,0.1415,2026-08-07,902.77,902.77,847.4,878.41,887387.0,871.3118
2026-08-07T20:31:36.908,14,12,MU260819C00875000,MU,2026-08-19,call,875.0,42.16,95.0,47.45,110.0,44.805,45.6,1.0,0.705,0.5273,0.0036,-1.8953,0.6311,0.1369,2026-08-07,902.77,902.77,847.4,878.41,887387.0,871.3118
2026-08-07T20:31:36.908,14,12,MU260819C00880000,MU,2026-08-19,call,880.0,38.22,96.0,45.6,79.0,41.91,43.6,2.0,0.6961,0.509,0.0036,-1.8745,0.6324,0.1326,2026-08-07,902.77,902.77,847.4,878.41,887387.0,871.3118
2026-08-07T20:31:36.908,14,12,MU260819C00885000,MU,2026-08-19,call,885.0,35.38,95.0,42.08,33.0,38.730000000000004,39.4,1.0,0.6814,0.4898,0.0037,-1.8341,0.6323,0.1281,2026-08-07,902.77,902.77,847.4,878.41,887387.0,871.3118
2026-08-07T20:31:36.908,14,12,MU260819C00890000,MU,2026-08-19,call,890.0,34.94,98.0,40.0,97.0,37.47,37.02,1.0,0.6956,0.4732,0.0036,-1.8667,0.6311,0.1237,2026-08-07,902.77,902.77,847.4,878.41,887387.0,871.3118
2026-08-07T20:31:36.908,14,12,MU260819C00895000,MU,2026-08-19,call,895.0,31.35,71.0,38.6,99.0,34.975,35.9,3.0,0.6888,0.4547,0.0036,-1.84,0.6285,0.1192,2026-08-07,902.77,902.77,847.4,878.41,887387.0,871.3118
2026-08-07T20:31:36.908,14,12,MU260819C00900000,MU,2026-08-19,call,900.0,31.21,57.0,36.73,115.0,33.97,32.35,1.0,0.7045,0.4395,0.0035,-1.8703,0.6253,0.1152,2026-08-07,902.77,902.77,847.4,878.41,887387.0,871.3118
2026-08-07T20:31:36.908,14,12,MU260819C00905000,MU,2026-08-19,call,905.0,27.26,109.0,34.3,46.0,30.78,31.55,2.0,0.6837,0.4187,0.0036,-1.798,0.6194,0.1103,2026-08-07,902.77,902.77,847.4,878.41,887387.0,871.3118
2026-08-07T20:31:36.908,14,12,MU260819C00910000,MU,2026-08-19,call,910.0,26.16,105.0,33.6,102.0,29.880000000000003,30.16,1.0,0.6986,0.4045,0.0035,-1.8205,0.6143,0.1065,2026-08-07,902.77,902.77,847.4,878.41,887387.0,871.3118
2026-08-07T20:31:36.908,14,12,MU260819C00915000,MU,2026-08-19,call,915.0,24.01,109.0,30.82,57.0,27.415,28.54,1.0,0.6866,0.3851,0.0035,-1.765,0.6061,0.1017,2026-08-07,902.77,902.77,847.4,878.41,887387.0,871.3118
2026-08-07T20:31:36.908,14,12,MU260819C00920000,MU,2026-08-19,call,920.0,22.93,125.0,29.12,109.0,26.025,25.65,1.0,0.691,0.3696,0.0034,-1.7526,0.5984,0.0977,2026-08-07,902.77,902.77,847.4,878.41,887387.0,871.3118
2026-08-07T20:31:36.908,14,12,MU260819C00925000,MU,2026-08-19,call,925.0,21.49,103.0,26.58,151.0,24.034999999999997,38.77,3.0,0.684,0.3515,0.0034,-1.7045,0.5882,0.0931,2026-08-07,902.77,902.77,847.4,878.41,887387.0,871.3118
2026-08-07T20:31:36.908,14,12,MU260819C00930000,MU,2026-08-19,call,930.0,21.38,40.0,26.51,108.0,23.945,24.6,1.0,0.7081,0.3424,0.0033,-1.7462,0.5825,0.0906,2026-08-07,902.77,902.77,847.4,878.41,887387.0,871.3118
2026-08-07T20:31:36.908,14,12,MU260819C00935000,MU,2026-08-19,call,935.0,18.04,40.0,25.0,30.0,21.52,35.03,1.0,0.691,0.322,0.0033,-1.6627,0.5685,0.0855,2026-08-07,902.77,902.77,847.4,878.41,887387.0,871.3118
2026-08-07T20:31:36.908,14,12,MU260819C00940000,MU,2026-08-19,call,940.0,16.94,106.0,23.57,108.0,20.255000000000003,21.45,1.0,0.6926,0.3074,0.0032,-1.6331,0.5573,0.0817,2026-08-07,902.77,902.77,847.4,878.41,887387.0,871.3118
2026-08-07T20:31:36.908,14,12,MU260819C00945000,MU,2026-08-19,call,945.0,15.42,36.0,22.18,30.0,18.8,16.9,5.0,0.6895,0.2917,0.0031,-1.5872,0.5442,0.0777,2026-08-07,902.77,902.77,847.4,878.41,887387.0,871.3118
2026-08-07T20:31:36.908,14,12,MU260819C00950000,MU,2026-08-19,call,950.0,14.64,112.0,19.75,50.0,17.195,17.58,1.0,0.6822,0.2748,0.0031,-1.5256,0.5289,0.0734,2026-08-07,902.77,902.77,847.4,878.41,887387.0,871.3118
2026-08-07T20:31:36.908,14,12,MU260819C00955000,MU,2026-08-19,call,955.0,13.76,18.0,19.86,18.0,16.81,50.54,1.0,0.6968,0.2661,0.003,-1.5326,0.5204,0.071,2026-08-07,902.77,902.77,847.4,878.41,887387.0,871.3118
2026-08-07T20:31:36.908,14,12,MU260819C00960000,MU,2026-08-19,call,960.0,12.6,116.0,17.87,53.0,15.235,16.95,1.0,0.6874,0.2492,0.0029,-1.4611,0.5031,0.0666,2026-08-07,902.77,902.77,847.4,878.41,887387.0,871.3118
2026-08-07T20:31:36.908,14,12,MU260819C00965000,MU,2026-08-19,call,965.0,11.34,19.0,17.91,17.0,14.625,22.6,1.0,0.6959,0.2394,0.0028,-1.4467,0.4922,0.064,2026-08-07,902.77,902.77,847.4,878.41,887387.0,871.3118
2026-08-07T20:31:36.908,14,12,MU260819C00970000,MU,2026-08-19,call,970.0,10.62,6.0,16.98,19.0,13.8,21.46,1.0,0.6991,0.2281,0.0027,-1.4145,0.4792,0.061,2026-08-07,902.77,902.77,847.4,878.41,887387.0,871.3118
2026-08-07T20:31:36.908,14,12,MU260819C00975000,MU,2026-08-19,call,975.0,10.11,123.0,14.37,50.0,12.239999999999998,12.36,1.0,0.6855,0.2107,0.0027,-1.325,0.4579,0.0566,2026-08-07,902.77,902.77,847.4,878.41,887387.0,871.3118
2026-08-07T20:31:36.908,14,12,MU260819C00980000,MU,2026-08-19,call,980.0,10.52,125.0,13.78,36.0,12.149999999999999,13.75,1.0,0.7026,0.2057,0.0026,-1.3383,0.4514,0.0552,2026-08-07,902.77,902.77,847.4,878.41,887387.0,871.3118
2026-08-07T20:31:36.908,14,12,MU260819C00985000,MU,2026-08-19,call,985.0,10.29,15.0,12.62,61.0,11.454999999999998,11.65,1.0,0.7057,0.1957,0.0025,-1.3043,0.4382,0.0525,2026-08-07,902.77,902.77,847.4,878.41,887387.0,871.3118
2026-08-07T20:31:36.908,14,12,MU260819C00990000,MU,2026-08-19,call,990.0,9.3,125.0,12.11,44.0,10.705,11.45,1.0,0.7066,0.1853,0.0024,-1.2625,0.4237,0.0498,2026-08-07,902.77,902.77,847.4,878.41,887387.0,871.3118
2026-08-07T20:31:36.908,14,12,MU260819C00995000,MU,2026-08-19,call,995.0,8.59,9.0,10.96,57.0,9.775,37.49,1.0,0.7019,0.1732,0.0023,-1.2017,0.406,0.0466,2026-08-07,902.77,902.77,847.4,878.41,887387.0,871.3118
2026-08-07T20:31:36.908,14,12,MU260819C01000000,MU,2026-08-19,call,1000.0,8.01,116.0,10.63,54.0,9.32,8.98,2.0,0.7079,0.1656,0.0022,-1.1774,0.3946,0.0446,2026-08-07,902.77,902.77,847.4,878.41,887387.0,871.3118
2026-08-07T20:31:36.908,14,12,MU260819C01005000,MU,2026-08-19,call,1005.0,7.4,124.0,9.53,53.0,8.465,7.88,1.0,0.7027,0.1541,0.0021,-1.1146,0.3764,0.0415,2026-08-07,902.77,902.77,847.4,878.41,887387.0,871.3118
2026-08-07T20:31:36.908,14,12,MU260819C01010000,MU,2026-08-19,call,1010.0,6.88,125.0,8.98,5.0,7.93,8.24,1.0,0.7047,0.1458,0.002,-1.0772,0.3628,0.0393,2026-08-07,902.77,902.77,847.4,878.41,887387.0,871.3118
2026-08-07T20:31:36.908,14,12,MU260819C01015000,MU,2026-08-19,call,1015.0,6.55,6.0,8.57,42.0,7.5600000000000005,8.6,1.0,0.7105,0.1394,0.002,-1.053,0.3518,0.0376,2026-08-07,902.77,902.77,847.4,878.41,887387.0,871.3118
2026-08-07T20:31:36.908,14,12,MU260819C01020000,MU,2026-08-19,call,1020.0,5.97,59.0,7.97,23.0,6.97,7.69,1.0,0.7092,0.1306,0.0019,-1.0049,0.3365,0.0353,2026-08-07,902.77,902.77,847.4,878.41,887387.0,871.3118
2026-08-07T20:31:36.908,14,12,MU260819C01025000,MU,2026-08-19,call,1025.0,5.71,124.0,7.33,2.0,6.52,5.9,1.0,0.711,0.1234,0.0018,-0.9682,0.3234,0.0333,2026-08-07,902.77,902.77,847.4,878.41,887387.0,871.3118
2026-08-07T20:31:36.908,14,12,MU260819C01030000,MU,2026-08-19,call,1030.0,5.42,122.0,6.81,24.0,6.115,6.0,1.0,0.7134,0.1167,0.0017,-0.9339,0.311,0.0315,2026-08-07,902.77,902.77,847.4,878.41,887387.0,871.3118
2026-08-07T20:31:36.908,14,12,MU260819C01035000,MU,2026-08-19,call,1035.0,4.88,7.0,6.42,2.0,5.65,12.55,1.0,0.7129,0.1093,0.0017,-0.8907,0.2968,0.0296,2026-08-07,902.77,902.77,847.4,878.41,887387.0,871.3118
2026-08-07T20:31:36.908,14,12,MU260819C01040000,MU,2026-08-19,call,1040.0,4.58,127.0,6.12,34.0,5.35,6.0,1.0,0.7171,0.104,0.0016,-0.8639,0.2863,0.0281,2026-08-07,902.77,902.77,847.4,878.41,887387.0,871.3118
2026-08-07T20:31:36.908,14,12,MU260819C01045000,MU,2026-08-19,call,1045.0,4.19,146.0,5.75,4.0,4.970000000000001,4.5,1.0,0.7177,0.0977,0.0015,-0.8261,0.2736,0.0265,2026-08-07,902.77,902.77,847.4,878.41,887387.0,871.3118
2026-08-07T20:31:36.908,14,12,MU260819C01050000,MU,2026-08-19,call,1050.0,3.89,205.0,5.24,89.0,4.565,4.75,10.0,0.7165,0.0911,0.0014,-0.7831,0.2598,0.0247,2026-08-07,902.77,902.77,847.4,878.41,887387.0,871.3118
2026-08-07T20:31:36.908,14,12,MU260819C01055000,MU,2026-08-19,call,1055.0,4.03,2.0,4.98,66.0,4.505000000000001,4.88,1.0,0.7278,0.089,0.0014,-0.7814,0.2553,0.0241,2026-08-07,902.77,902.77,847.4,878.41,887387.0,871.3118
2026-08-07T20:31:36.908,14,12,MU260819C01060000,MU,2026-08-19,call,1060.0,3.47,125.0,4.63,125.0,4.05,3.95,1.0,0.7229,0.0818,0.0013,-0.7284,0.2396,0.0222,2026-08-07,902.77,902.77,847.4,878.41,887387.0,871.3118
2026-08-07T20:31:36.908,14,12,MU260819C01065000,MU,2026-08-19,call,1065.0,2.95,83.0,4.5,71.0,3.725,3.74,1.0,0.7221,0.0762,0.0013,-0.6899,0.2272,0.0207,2026-08-07,902.77,902.77,847.4,878.41,887387.0,871.3118
2026-08-07T20:31:36.908,14,12,MU260819C01070000,MU,2026-08-19,call,1070.0,2.73,125.0,4.25,50.0,3.49,4.2,1.0,0.7244,0.0719,0.0012,-0.662,0.2174,0.0195,2026-08-07,902.77,902.77,847.4,878.41,887387.0,871.3118
2026-08-07T20:31:36.908,14,12,MU260819C01075000,MU,2026-08-19,call,1075.0,2.82,9.0,4.0,42.0,3.41,2.95,1.0,0.7334,0.0698,0.0012,-0.6549,0.2124,0.0189,2026-08-07,902.77,902.77,847.4,878.41,887387.0,871.3118
2026-08-07T20:31:36.908,14,12,MU260819C01080000,MU,2026-08-19,call,1080.0,2.37,42.0,3.66,40.0,3.015,3.01,1.0,0.7265,0.0633,0.0011,-0.6015,0.197,0.0172,2026-08-07,902.77,902.77,847.4,878.41,887387.0,871.3118
2026-08-07T20:31:36.908,14,12,MU260819C01085000,MU,2026-08-19,call,1085.0,2.22,113.0,3.44,125.0,2.83,,,0.7291,0.0598,0.001,-0.5771,0.1883,0.0163,2026-08-07,902.77,902.77,847.4,878.41,887387.0,871.3118
2026-08-07T20:31:36.908,14,12,MU260819C01090000,MU,2026-08-19,call,1090.0,2.0,114.0,3.33,125.0,2.665,10.9,1.0,0.7322,0.0566,0.001,-0.5549,0.1803,0.0154,2026-08-07,902.77,902.77,847.4,878.41,887387.0,871.3118
2026-08-07T20:31:36.908,14,12,MU260819C01095000,MU,2026-08-19,call,1095.0,1.8,127.0,3.19,127.0,2.495,2.78,1.0,0.7343,0.0533,0.0009,-0.5309,0.1721,0.0145,2026-08-07,902.77,902.77,847.4,878.41,887387.0,871.3118
2026-08-07T20:31:36.908,14,12,MU260819C01100000,MU,2026-08-19,call,1100.0,1.63,133.0,2.99,125.0,2.31,2.03,4.0,0.7349,0.0498,0.0009,-0.5036,0.1631,0.0136,2026-08-07,902.77,902.77,847.4,878.41,887387.0,871.3118
2026-08-07T20:31:36.908,14,12,MU260819C01105000,MU,2026-08-19,call,1105.0,1.54,70.0,2.82,51.0,2.1799999999999997,,,0.7382,0.0472,0.0008,-0.4844,0.1562,0.0129,2026-08-07,902.77,902.77,847.4,878.41,887387.0,871.3118
2026-08-07T20:31:36.908,14,12,MU260819C01110000,MU,2026-08-19,call,1110.0,1.41,126.0,2.63,129.0,2.02,2.03,1.0,0.7389,0.0442,0.0008,-0.4594,0.148,0.012,2026-08-07,902.77,902.77,847.4,878.41,887387.0,871.3118
2026-08-07T20:31:36.908,14,12,MU260819C01115000,MU,2026-08-19,call,1115.0,1.24,64.0,2.5,55.0,1.87,,,0.7395,0.0413,0.0008,-0.4351,0.1401,0.0112,2026-08-07,902.77,902.77,847.4,878.41,887387.0,871.3118
2026-08-07T20:31:36.908,14,12,MU260819C01120000,MU,2026-08-19,call,1120.0,1.16,125.0,2.37,87.0,1.7650000000000001,2.25,1.0,0.7427,0.0391,0.0007,-0.4182,0.1341,0.0107,2026-08-07,902.77,902.77,847.4,878.41,887387.0,871.3118
2026-08-07T20:31:36.908,14,12,MU260819C01125000,MU,2026-08-19,call,1125.0,1.02,50.0,2.23,61.0,1.625,1.97,1.0,0.7427,0.0364,0.0007,-0.3941,0.1264,0.0099,2026-08-07,902.77,902.77,847.4,878.41,887387.0,871.3118
2026-08-07T20:31:36.908,14,12,MU260819C01130000,MU,2026-08-19,call,1130.0,0.92,70.0,2.18,51.0,1.55,11.93,1.0,0.7472,0.0347,0.0006,-0.3816,0.1217,0.0095,2026-08-07,902.77,902.77,847.4,878.41,887387.0,871.3118
2026-08-07T20:31:36.908,14,12,MU260819C01135000,MU,2026-08-19,call,1135.0,0.83,51.0,2.1,43.0,1.465,,,0.7504,0.0329,0.0006,-0.3668,0.1164,0.009,2026-08-07,902.77,902.77,847.4,878.41,887387.0,871.3118
2026-08-07T20:31:36.908,14,12,MU260819C01140000,MU,2026-08-19,call,1140.0,0.78,51.0,1.99,19.0,1.385,,,0.7537,0.0312,0.0006,-0.3526,0.1115,0.0085,2026-08-07,902.77,902.77,847.4,878.41,887387.0,871.3118
2026-08-07T20:31:36.908,14,12,MU260819C01145000,MU,2026-08-19,call,1145.0,0.66,53.0,1.91,16.0,1.285,,,0.7546,0.0292,0.0006,-0.3339,0.1054,0.008,2026-08-07,902.77,902.77,847.4,878.41,887387.0,871.3118
2026-08-07T20:31:36.908,14,12,MU260819C01150000,MU,2026-08-19,call,1150.0,0.62,54.0,1.78,14.0,1.2,1.11,4.0,0.7562,0.0274,0.0005,-0.3176,0.1001,0.0075,2026-08-07,902.77,902.77,847.4,878.41,887387.0,871.3118
2026-08-07T20:31:36.908,14,12,MU260819C01155000,MU,2026-08-19,call,1155.0,0.56,52.0,1.7,16.0,1.13,7.95,1.0,0.7589,0.0259,0.0005,-0.3041,0.0955,0.0071,2026-08-07,902.77,902.77,847.4,878.41,887387.0,871.3118
2026-08-07T20:31:36.908,14,12,MU260819C01160000,MU,2026-08-19,call,1160.0,0.49,51.0,1.62,17.0,1.0550000000000002,,,0.7605,0.0243,0.0005,-0.2891,0.0906,0.0066,2026-08-07,902.77,902.77,847.4,878.41,887387.0,871.3118
2026-08-07T20:31:36.908,14,12,MU260819C01165000,MU,2026-08-19,call,1165.0,0.39,36.0,1.6,18.0,0.9950000000000001,,,0.7633,0.023,0.0005,-0.277,0.0865,0.0063,2026-08-07,902.77,902.77,847.4,878.41,887387.0,871.3118
2026-08-07T20:31:36.908,14,12,MU260819C01170000,MU,2026-08-19,call,1170.0,0.34,55.0,1.54,19.0,0.9400000000000001,3.02,1.0,0.7663,0.0218,0.0004,-0.2657,0.0827,0.006,2026-08-07,902.77,902.77,847.4,878.41,887387.0,871.3118
2026-08-07T20:31:36.908,14,12,MU260819C01175000,MU,2026-08-19,call,1175.0,0.33,125.0,1.48,37.0,0.905,0.98,1.0,0.7713,0.021,0.0004,-0.2587,0.0799,0.0057,2026-08-07,902.77,902.77,847.4,878.41,887387.0,871.3118
2026-08-07T20:31:36.908,14,12,MU260819C01180000,MU,2026-08-19,call,1180.0,0.24,50.0,1.43,24.0,0.835,3.9,1.0,0.7715,0.0195,0.0004,-0.2434,0.0752,0.0053,2026-08-07,902.77,902.77,847.4,878.41,887387.0,871.3118
2026-08-07T20:31:36.908,14,12,MU260819C01185000,MU,2026-08-19,call,1185.0,0.2,55.0,1.38,23.0,0.7899999999999999,,,0.7745,0.0185,0.0004,-0.2336,0.0719,0.0051,2026-08-07,902.77,902.77,847.4,878.41,887387.0,871.3118
2026-08-07T20:31:36.908,14,12,MU260819C01190000,MU,2026-08-19,call,1190.0,0.2,143.0,1.34,75.0,0.77,0.72,1.0,0.7806,0.018,0.0004,-0.2295,0.0701,0.0049,2026-08-07,902.77,902.77,847.4,878.41,887387.0,871.3118
2026-08-07T20:31:36.908,14,12,MU260819C01195000,MU,2026-08-19,call,1195.0,0.16,62.0,1.29,16.0,0.725,,,0.783,0.017,0.0003,-0.2194,0.0668,0.0046,2026-08-07,902.77,902.77,847.4,878.41,887387.0,871.3118
2026-08-07T20:31:36.908,14,12,MU260819C01200000,MU,2026-08-19,call,1200.0,0.52,7.0,1.12,16.0,0.8200000000000001,0.8,5.0,0.8055,0.0185,0.0004,-0.2428,0.0719,0.0051,2026-08-07,902.77,902.77,847.4,878.41,887387.0,871.3118
2026-08-07T20:31:36.908,14,12,MU260819C01205000,MU,2026-08-19,call,1205.0,0.06,47.0,1.18,23.0,0.62,2.96,15.0,0.7837,0.0147,0.0003,-0.1945,0.0592,0.004,2026-08-07,902.77,902.77,847.4,878.41,887387.0,871.3118
2026-08-07T20:31:36.908,14,12,MU260819C01210000,MU,2026-08-19,call,1210.0,0.03,65.0,1.15,31.0,0.59,3.1,1.0,0.7871,0.0141,0.0003,-0.1874,0.0568,0.0038,2026-08-07,902.77,902.77,847.4,878.41,887387.0,871.3118
2026-08-07T20:31:36.908,14,12,MU260819C01215000,MU,2026-08-19,call,1215.0,0.01,42.0,1.15,32.0,0.58,2.75,20.0,0.7938,0.0137,0.0003,-0.1853,0.0557,0.0038,2026-08-07,902.77,902.77,847.4,878.41,887387.0,871.3118
2026-08-07T20:31:36.908,14,12,MU260819C01220000,MU,2026-08-19,call,1220.0,0.0,0.0,1.13,87.0,0.565,0.63,8.0,,,,,,,2026-08-07,902.77,902.77,847.4,878.41,887387.0,871.3118
2026-08-07T20:31:36.908,14,12,MU260819C01225000,MU,2026-08-19,call,1225.0,0.0,0.0,1.1,33.0,0.55,2.72,1.0,,,,,,,2026-08-07,902.77,902.77,847.4,878.41,887387.0,871.3118
2026-08-07T20:31:36.908,14,12,MU260819C01230000,MU,2026-08-19,call,1230.0,0.0,0.0,1.07,38.0,0.535,1.35,1.0,,,,,,,2026-08-07,902.77,902.77,847.4,878.41,887387.0,871.3118
2026-08-07T20:31:36.908,14,12,MU260819C01235000,MU,2026-08-19,call,1235.0,0.12,123.0,1.0,95.0,0.56,2.3,15.0,,,,,,,2026-08-07,902.77,902.77,847.4,878.41,887387.0,871.3118
2026-08-07T20:31:36.908,14,12,MU260819C01240000,MU,2026-08-19,call,1240.0,0.0,0.0,1.02,51.0,0.51,,,,,,,,,2026-08-07,902.77,902.77,847.4,878.41,887387.0,871.3118
2026-08-07T20:31:36.908,14,12,MU260819C01250000,MU,2026-08-19,call,1250.0,0.0,0.0,0.94,39.0,0.47,3.7,1.0,,,,,,,2026-08-07,902.77,902.77,847.4,878.41,887387.0,871.3118
2026-08-07T20:31:36.908,14,12,MU260819C01260000,MU,2026-08-19,call,1260.0,0.0,0.0,0.94,34.0,0.47,,,,,,,,,2026-08-07,902.77,902.77,847.4,878.41,887387.0,871.3118
2026-08-07T20:31:36.908,14,12,MU260819C01270000,MU,2026-08-19,call,1270.0,0.0,0.0,0.91,44.0,0.455,3.2,1.0,,,,,,,2026-08-07,902.77,902.77,847.4,878.41,887387.0,871.3118
2026-08-07T20:31:36.908,14,12,MU260819C01280000,MU,2026-08-19,call,1280.0,0.0,0.0,0.88,14.0,0.44,,,,,,,,,2026-08-07,902.77,902.77,847.4,878.41,887387.0,871.3118
2026-08-07T20:31:36.908,14,12,MU260819C01290000,MU,2026-08-19,call,1290.0,0.0,0.0,0.82,22.0,0.41,2.77,1.0,,,,,,,2026-08-07,902.77,902.77,847.4,878.41,887387.0,871.3118
2026-08-07T20:31:36.908,14,12,MU260819C01300000,MU,2026-08-19,call,1300.0,0.0,0.0,0.8,5.0,0.4,2.05,1.0,,,,,,,2026-08-07,902.77,902.77,847.4,878.41,887387.0,871.3118
2026-08-07T20:31:36.908,14,12,MU260819C01310000,MU,2026-08-19,call,1310.0,0.0,0.0,0.78,5.0,0.39,2.26,10.0,,,,,,,2026-08-07,902.77,902.77,847.4,878.41,887387.0,871.3118
2026-08-07T20:31:36.908,14,12,MU260819C01320000,MU,2026-08-19,call,1320.0,0.0,0.0,0.76,7.0,0.38,2.09,1.0,,,,,,,2026-08-07,902.77,902.77,847.4,878.41,887387.0,871.3118
2026-08-07T20:31:36.908,14,12,MU260819C01330000,MU,2026-08-19,call,1330.0,0.0,0.0,0.78,3.0,0.39,2.01,1.0,,,,,,,2026-08-07,902.77,902.77,847.4,878.41,887387.0,871.3118
2026-08-07T20:31:36.908,14,12,MU260819C01340000,MU,2026-08-19,call,1340.0,0.0,0.0,0.77,6.0,0.385,,,,,,,,,2026-08-07,902.77,902.77,847.4,878.41,887387.0,871.3118
2026-08-07T20:31:36.908,14,12,MU260819C01350000,MU,2026-08-19,call,1350.0,0.0,0.0,0.76,1.0,0.38,1.75,5.0,,,,,,,2026-08-07,902.77,902.77,847.4,878.41,887387.0,871.3118
2026-08-07T20:31:36.908,14,12,MU260819C01360000,MU,2026-08-19,call,1360.0,0.0,0.0,4.36,102.0,2.18,0.95,3.0,,,,,,,2026-08-07,902.77,902.77,847.4,878.41,887387.0,871.3118
2026-08-07T20:31:36.908,14,12,MU260819C01370000,MU,2026-08-19,call,1370.0,0.0,0.0,4.38,56.0,2.19,,,,,,,,,2026-08-07,902.77,902.77,847.4,878.41,887387.0,871.3118
2026-08-07T20:31:36.908,14,12,MU260819P00400000,MU,2026-08-19,put,400.0,0.0,0.0,4.27,1.0,2.135,,,,,,,,,2026-08-07,902.77,902.77,847.4,878.41,887387.0,871.3118
2026-08-07T20:31:36.908,14,12,MU260819P00405000,MU,2026-08-19,put,405.0,0.0,0.0,4.24,3.0,2.12,,,,,,,,,2026-08-07,902.77,902.77,847.4,878.41,887387.0,871.3118
2026-08-07T20:31:36.908,14,12,MU260819P00410000,MU,2026-08-19,put,410.0,0.0,0.0,4.36,1.0,2.18,,,,,,,,,2026-08-07,902.77,902.77,847.4,878.41,887387.0,871.3118
2026-08-07T20:31:36.908,14,12,MU260819P00415000,MU,2026-08-19,put,415.0,0.0,0.0,4.24,2.0,2.12,,,,,,,,,2026-08-07,902.77,902.77,847.4,878.41,887387.0,871.3118
2026-08-07T20:31:36.908,14,12,MU260819P00420000,MU,2026-08-19,put,420.0,0.0,0.0,4.34,1.0,2.17,,,,,,,,,2026-08-07,902.77,902.77,847.4,878.41,887387.0,871.3118
2026-08-07T20:31:36.908,14,12,MU260819P00425000,MU,2026-08-19,put,425.0,0.0,0.0,4.35,1.0,2.175,,,,,,,,,2026-08-07,902.77,902.77,847.4,878.41,887387.0,871.3118
2026-08-07T20:31:36.908,14,12,MU260819P00430000,MU,2026-08-19,put,430.0,0.0,0.0,4.28,1.0,2.14,,,,,,,,,2026-08-07,902.77,902.77,847.4,878.41,887387.0,871.3118
2026-08-07T20:31:36.908,14,12,MU260819P00435000,MU,2026-08-19,put,435.0,0.0,0.0,4.34,21.0,2.17,,,,,,,,,2026-08-07,902.77,902.77,847.4,878.41,887387.0,871.3118
2026-08-07T20:31:36.908,14,12,MU260819P00440000,MU,2026-08-19,put,440.0,0.0,0.0,4.36,37.0,2.18,,,,,,,,,2026-08-07,902.77,902.77,847.4,878.41,887387.0,871.3118
2026-08-07T20:31:36.908,14,12,MU260819P00445000,MU,2026-08-19,put,445.0,0.0,0.0,4.28,3.0,2.14,,,,,,,,,2026-08-07,902.77,902.77,847.4,878.41,887387.0,871.3118
2026-08-07T20:31:36.908,14,12,MU260819P00450000,MU,2026-08-19,put,450.0,0.0,0.0,4.32,24.0,2.16,,,,,,,,,2026-08-07,902.77,902.77,847.4,878.41,887387.0,871.3118
2026-08-07T20:31:36.908,14,12,MU260819P00455000,MU,2026-08-19,put,455.0,0.0,0.0,4.32,12.0,2.16,,,,,,,,,2026-08-07,902.77,902.77,847.4,878.41,887387.0,871.3118
2026-08-07T20:31:36.908,14,12,MU260819P00460000,MU,2026-08-19,put,460.0,0.0,0.0,4.36,2.0,2.18,,,,,,,,,2026-08-07,902.77,902.77,847.4,878.41,887387.0,871.3118
2026-08-07T20:31:36.908,14,12,MU260819P00465000,MU,2026-08-19,put,465.0,0.0,0.0,4.38,1.0,2.19,0.26,1.0,,,,,,,2026-08-07,902.77,902.77,847.4,878.41,887387.0,871.3118
2026-08-07T20:31:36.908,14,12,MU260819P00470000,MU,2026-08-19,put,470.0,0.0,0.0,4.28,5.0,2.14,,,,,,,,,2026-08-07,902.77,902.77,847.4,878.41,887387.0,871.3118
2026-08-07T20:31:36.908,14,12,MU260819P00475000,MU,2026-08-19,put,475.0,0.0,0.0,4.38,1.0,2.19,,,,,,,,,2026-08-07,902.77,902.77,847.4,878.41,887387.0,871.3118
2026-08-07T20:31:36.908,14,12,MU260819P00480000,MU,2026-08-19,put,480.0,0.0,0.0,4.27,1.0,2.135,,,,,,,,,2026-08-07,902.77,902.77,847.4,878.41,887387.0,871.3118
2026-08-07T20:31:36.908,14,12,MU260819P00485000,MU,2026-08-19,put,485.0,0.0,0.0,4.39,2.0,2.195,,,,,,,,,2026-08-07,902.77,902.77,847.4,878.41,887387.0,871.3118
2026-08-07T20:31:36.908,14,12,MU260819P00490000,MU,2026-08-19,put,490.0,0.0,0.0,4.32,2.0,2.16,,,,,,,,,2026-08-07,902.77,902.77,847.4,878.41,887387.0,871.3118
2026-08-07T20:31:36.908,14,12,MU260819P00495000,MU,2026-08-19,put,495.0,0.0,0.0,4.4,38.0,2.2,,,,,,,,,2026-08-07,902.77,902.77,847.4,878.41,887387.0,871.3118
2026-08-07T20:31:36.908,14,12,MU260819P00500000,MU,2026-08-19,put,500.0,0.0,0.0,4.27,119.0,2.135,0.01,1.0,,,,,,,2026-08-07,902.77,902.77,847.4,878.41,887387.0,871.3118
2026-08-07T20:31:36.908,14,12,MU260819P00505000,MU,2026-08-19,put,505.0,0.0,0.0,4.33,26.0,2.165,,,,,,,,,2026-08-07,902.77,902.77,847.4,878.41,887387.0,871.3118
2026-08-07T20:31:36.908,14,12,MU260819P00510000,MU,2026-08-19,put,510.0,0.0,0.0,4.37,62.0,2.185,,,,,,,,,2026-08-07,902.77,902.77,847.4,878.41,887387.0,871.3118
2026-08-07T20:31:36.908,14,12,MU260819P00515000,MU,2026-08-19,put,515.0,0.0,0.0,4.42,70.0,2.21,,,,,,,,,2026-08-07,902.77,902.77,847.4,878.41,887387.0,871.3118
2026-08-07T20:31:36.908,14,12,MU260819P00520000,MU,2026-08-19,put,520.0,0.0,0.0,4.38,60.0,2.19,,,,,,,,,2026-08-07,902.77,902.77,847.4,878.41,887387.0,871.3118
2026-08-07T20:31:36.908,14,12,MU260819P00525000,MU,2026-08-19,put,525.0,0.0,0.0,4.42,63.0,2.21,,,,,,,,,2026-08-07,902.77,902.77,847.4,878.41,887387.0,871.3118
2026-08-07T20:31:36.908,14,12,MU260819P00530000,MU,2026-08-19,put,530.0,0.0,0.0,4.4,130.0,2.2,,,,,,,,,2026-08-07,902.77,902.77,847.4,878.41,887387.0,871.3118
2026-08-07T20:31:36.908,14,12,MU260819P00535000,MU,2026-08-19,put,535.0,0.07,10.0,0.62,108.0,0.345,,,,,,,,,2026-08-07,902.77,902.77,847.4,878.41,887387.0,871.3118
2026-08-07T20:31:36.908,14,12,MU260819P00540000,MU,2026-08-19,put,540.0,0.0,0.0,4.47,122.0,2.235,,,,,,,,,2026-08-07,902.77,902.77,847.4,878.41,887387.0,871.3118
2026-08-07T20:31:36.908,14,12,MU260819P00545000,MU,2026-08-19,put,545.0,0.0,0.0,4.36,68.0,2.18,,,,,,,,,2026-08-07,902.77,902.77,847.4,878.41,887387.0,871.3118
2026-08-07T20:31:36.908,14,12,MU260819P00550000,MU,2026-08-19,put,550.0,0.0,0.0,3.46,63.0,1.73,,,,,,,,,2026-08-07,902.77,902.77,847.4,878.41,887387.0,871.3118
2026-08-07T20:31:36.908,14,12,MU260819P00555000,MU,2026-08-19,put,555.0,0.0,0.0,4.45,52.0,2.225,,,,,,,,,2026-08-07,902.77,902.77,847.4,878.41,887387.0,871.3118
2026-08-07T20:31:36.908,14,12,MU260819P00560000,MU,2026-08-19,put,560.0,0.0,0.0,4.37,92.0,2.185,0.41,1.0,,,,,,,2026-08-07,902.77,902.77,847.4,878.41,887387.0,871.3118
2026-08-07T20:31:36.908,14,12,MU260819P00565000,MU,2026-08-19,put,565.0,0.0,0.0,2.92,2.0,1.46,,,,,,,,,2026-08-07,902.77,902.77,847.4,878.41,887387.0,871.3118
2026-08-07T20:31:36.908,14,12,MU260819P00570000,MU,2026-08-19,put,570.0,0.0,0.0,4.53,9.0,2.265,,,,,,,,,2026-08-07,902.77,902.77,847.4,878.41,887387.0,871.3118
2026-08-07T20:31:36.908,14,12,MU260819P00575000,MU,2026-08-19,put,575.0,0.0,0.0,0.87,6.0,0.435,,,,,,,,,2026-08-07,902.77,902.77,847.4,878.41,887387.0,871.3118
2026-08-07T20:31:36.908,14,12,MU260819P00580000,MU,2026-08-19,put,580.0,0.0,0.0,0.9,6.0,0.45,,,,,,,,,2026-08-07,902.77,902.77,847.4,878.41,887387.0,871.3118
2026-08-07T20:31:36.908,14,12,MU260819P00585000,MU,2026-08-19,put,585.0,0.0,0.0,0.88,109.0,0.44,0.31,1.0,,,,,,,2026-08-07,902.77,902.77,847.4,878.41,887387.0,871.3118
2026-08-07T20:31:36.908,14,12,MU260819P00590000,MU,2026-08-19,put,590.0,0.0,0.0,0.91,7.0,0.455,0.75,5.0,,,,,,,2026-08-07,902.77,902.77,847.4,878.41,887387.0,871.3118
2026-08-07T20:31:36.908,14,12,MU260819P00595000,MU,2026-08-19,put,595.0,0.0,0.0,0.98,110.0,0.49,0.51,1.0,,,,,,,2026-08-07,902.77,902.77,847.4,878.41,887387.0,871.3118
2026-08-07T20:31:36.908,14,12,MU260819P00600000,MU,2026-08-19,put,600.0,0.28,1.0,1.01,42.0,0.645,0.48,1.0,,,,,,,2026-08-07,902.77,902.77,847.4,878.41,887387.0,871.3118
2026-08-07T20:31:36.908,14,12,MU260819P00605000,MU,2026-08-19,put,605.0,0.0,0.0,1.01,107.0,0.505,1.36,5.0,,,,,,,2026-08-07,902.77,902.77,847.4,878.41,887387.0,871.3118
2026-08-07T20:31:36.908,14,12,MU260819P00610000,MU,2026-08-19,put,610.0,0.0,0.0,1.05,7.0,0.525,0.87,20.0,,,,,,,2026-08-07,902.77,902.77,847.4,878.41,887387.0,871.3118
2026-08-07T20:31:36.908,14,12,MU260819P00615000,MU,2026-08-19,put,615.0,0.0,0.0,1.13,4.0,0.565,1.69,1.0,,,,,,,2026-08-07,902.77,902.77,847.4,878.41,887387.0,871.3118
2026-08-07T20:31:36.908,14,12,MU260819P00620000,MU,2026-08-19,put,620.0,0.0,0.0,1.17,2.0,0.585,1.18,1.0,,,,,,,2026-08-07,902.77,902.77,847.4,878.41,887387.0,871.3118
2026-08-07T20:31:36.908,14,12,MU260819P00622500,MU,2026-08-19,put,622.5,0.04,41.0,1.15,29.0,0.595,1.68,1.0,0.8628,-0.012,0.0002,-0.1765,0.0494,-0.0036,2026-08-07,902.77,902.77,847.4,878.41,887387.0,871.3118
2026-08-07T20:31:36.908,14,12,MU260819P00625000,MU,2026-08-19,put,625.0,0.06,67.0,1.18,35.0,0.62,1.3,1.0,0.8588,-0.0125,0.0002,-0.182,0.0512,-0.0038,2026-08-07,902.77,902.77,847.4,878.41,887387.0,871.3118
2026-08-07T20:31:36.908,14,12,MU260819P00627500,MU,2026-08-19,put,627.5,0.04,63.0,1.24,20.0,0.64,2.18,5.0,,,,,,,2026-08-07,902.77,902.77,847.4,878.41,887387.0,871.3118
2026-08-07T20:31:36.908,14,12,MU260819P00630000,MU,2026-08-19,put,630.0,0.06,59.0,1.23,23.0,0.645,0.77,1.0,,,,,,,2026-08-07,902.77,902.77,847.4,878.41,887387.0,871.3118
2026-08-07T20:31:36.908,14,12,MU260819P00632500,MU,2026-08-19,put,632.5,0.09,14.0,1.3,10.0,0.6950000000000001,1.28,1.0,0.8456,-0.014,0.0003,-0.1982,0.0566,-0.0043,2026-08-07,902.77,902.77,847.4,878.41,887387.0,871.3118
2026-08-07T20:31:36.908,14,12,MU260819P00635000,MU,2026-08-19,put,635.0,0.11,2.0,1.29,5.0,0.7000000000000001,,,0.8375,-0.0142,0.0003,-0.1989,0.0574,-0.0043,2026-08-07,902.77,902.77,847.4,878.41,887387.0,871.3118
2026-08-07T20:31:36.908,14,12,MU260819P00637500,MU,2026-08-19,put,637.5,0.18,63.0,1.33,27.0,0.755,2.37,10.0,0.8378,-0.0152,0.0003,-0.2108,0.0608,-0.0046,2026-08-07,902.77,902.77,847.4,878.41,887387.0,871.3118
2026-08-07T20:31:36.908,14,12,MU260819P00640000,MU,2026-08-19,put,640.0,0.46,1.0,1.36,72.0,0.91,0.96,1.0,0.8525,-0.0177,0.0003,-0.2438,0.0691,-0.0054,2026-08-07,902.77,902.77,847.4,878.41,887387.0,871.3118
2026-08-07T20:31:36.908,14,12,MU260819P00642500,MU,2026-08-19,put,642.5,0.2,125.0,1.44,94.0,0.82,0.95,1.0,0.8299,-0.0165,0.0003,-0.224,0.0652,-0.005,2026-08-07,902.77,902.77,847.4,878.41,887387.0,871.3118
2026-08-07T20:31:36.908,14,12,MU260819P00645000,MU,2026-08-19,put,645.0,0.23,9.0,1.48,9.0,0.855,1.93,1.0,0.8261,-0.0172,0.0003,-0.231,0.0676,-0.0052,2026-08-07,902.77,902.77,847.4,878.41,887387.0,871.3118
2026-08-07T20:31:36.908,14,12,MU260819P00647500,MU,2026-08-19,put,647.5,0.31,123.0,1.47,23.0,0.89,0.96,1.0,0.822,-0.0179,0.0003,-0.2379,0.0699,-0.0054,2026-08-07,902.77,902.77,847.4,878.41,887387.0,871.3118
2026-08-07T20:31:36.908,14,12,MU260819P00650000,MU,2026-08-19,put,650.0,0.3,123.0,1.51,28.0,0.905,1.8,1.0,0.815,-0.0183,0.0003,-0.2405,0.0713,-0.0056,2026-08-07,902.77,902.77,847.4,878.41,887387.0,871.3118
2026-08-07T20:31:36.908,14,12,MU260819P00652500,MU,2026-08-19,put,652.5,0.34,38.0,1.6,6.0,0.9700000000000001,,,0.8147,-0.0195,0.0004,-0.2533,0.0752,-0.0059,2026-08-07,902.77,902.77,847.4,878.41,887387.0,871.3118
2026-08-07T20:31:36.908,14,12,MU260819P00655000,MU,2026-08-19,put,655.0,0.38,124.0,1.61,91.0,0.9950000000000001,,,0.8088,-0.0201,0.0004,-0.2578,0.0771,-0.0061,2026-08-07,902.77,902.77,847.4,878.41,887387.0,871.3118
2026-08-07T20:31:36.908,14,12,MU260819P00657500,MU,2026-08-19,put,657.5,0.42,124.0,1.66,72.0,1.04,1.95,1.0,0.8053,-0.021,0.0004,-0.2662,0.0799,-0.0064,2026-08-07,902.77,902.77,847.4,878.41,887387.0,871.3118
2026-08-07T20:31:36.908,14,12,MU260819P00660000,MU,2026-08-19,put,660.0,0.46,138.0,1.7,90.0,1.08,1.28,1.0,0.801,-0.0218,0.0004,-0.2735,0.0825,-0.0066,2026-08-07,902.77,902.77,847.4,878.41,887387.0,871.3118
2026-08-07T20:31:36.908,14,12,MU260819P00662500,MU,2026-08-19,put,662.5,0.55,125.0,1.83,72.0,1.19,,,0.8046,-0.0236,0.0004,-0.2942,0.0884,-0.0072,2026-08-07,902.77,902.77,847.4,878.41,887387.0,871.3118
2026-08-07T20:31:36.908,14,12,MU260819P00665000,MU,2026-08-19,put,665.0,0.56,42.0,1.86,15.0,1.21,4.94,1.0,0.7975,-0.0242,0.0004,-0.2972,0.0901,-0.0074,2026-08-07,902.77,902.77,847.4,878.41,887387.0,871.3118
2026-08-07T20:31:36.908,14,12,MU260819P00667500,MU,2026-08-19,put,667.5,0.65,28.0,1.93,10.0,1.29,,,0.7968,-0.0256,0.0005,-0.3115,0.0945,-0.0078,2026-08-07,902.77,902.77,847.4,878.41,887387.0,871.3118
2026-08-07T20:31:36.908,14,12,MU260819P00670000,MU,2026-08-19,put,670.0,0.67,127.0,1.94,72.0,1.305,,,0.789,-0.0261,0.0005,-0.3134,0.0961,-0.0079,2026-08-07,902.77,902.77,847.4,878.41,887387.0,871.3118
2026-08-07T20:31:36.908,14,12,MU260819P00672500,MU,2026-08-19,put,672.5,0.73,37.0,2.06,6.0,1.395,,,0.7888,-0.0277,0.0005,-0.3291,0.1009,-0.0084,2026-08-07,902.77,902.77,847.4,878.41,887387.0,871.3118
2026-08-07T20:31:36.908,14,12,MU260819P00675000,MU,2026-08-19,put,675.0,0.79,35.0,2.09,14.0,1.44,,,0.7837,-0.0286,0.0005,-0.3362,0.1038,-0.0087,2026-08-07,902.77,902.77,847.4,878.41,887387.0,871.3118
2026-08-07T20:31:36.908,14,12,MU260819P00677500,MU,2026-08-19,put,677.5,1.1,23.0,1.98,38.0,1.54,2.56,1.0,0.7836,-0.0304,0.0006,-0.353,0.109,-0.0092,2026-08-07,902.77,902.77,847.4,878.41,887387.0,871.3118
2026-08-07T20:31:36.908,14,12,MU260819P00680000,MU,2026-08-19,put,680.0,0.97,115.0,2.25,72.0,1.6099999999999999,2.03,1.0,0.7804,-0.0317,0.0006,-0.3641,0.1129,-0.0096,2026-08-07,902.77,902.77,847.4,878.41,887387.0,871.3118
2026-08-07T20:31:36.908,14,12,MU260819P00682500,MU,2026-08-19,put,682.5,1.04,123.0,2.33,15.0,1.685,,,0.7774,-0.0331,0.0006,-0.3758,0.117,-0.0101,2026-08-07,902.77,902.77,847.4,878.41,887387.0,871.3118
2026-08-07T20:31:36.908,14,12,MU260819P00685000,MU,2026-08-19,put,685.0,1.08,123.0,2.46,14.0,1.77,,,0.7749,-0.0346,0.0006,-0.389,0.1215,-0.0105,2026-08-07,902.77,902.77,847.4,878.41,887387.0,871.3118
2026-08-07T20:31:36.908,14,12,MU260819P00687500,MU,2026-08-19,put,687.5,1.2,123.0,2.5,28.0,1.85,2.21,5.0,0.7717,-0.0361,0.0006,-0.401,0.1257,-0.011,2026-08-07,902.77,902.77,847.4,878.41,887387.0,871.3118
2026-08-07T20:31:36.908,14,12,MU260819P00690000,MU,2026-08-19,put,690.0,1.25,123.0,2.61,27.0,1.93,,,0.7683,-0.0376,0.0007,-0.4127,0.13,-0.0115,2026-08-07,902.77,902.77,847.4,878.41,887387.0,871.3118
2026-08-07T20:31:36.908,14,12,MU260819P00692500,MU,2026-08-19,put,692.5,1.34,123.0,2.69,39.0,2.015,2.22,2.0,0.765,-0.0392,0.0007,-0.4249,0.1344,-0.0119,2026-08-07,902.77,902.77,847.4,878.41,887387.0,871.3118
2026-08-07T20:31:36.908,14,12,MU260819P00695000,MU,2026-08-19,put,695.0,1.44,21.0,2.86,7.0,2.15,,,0.765,-0.0415,0.0007,-0.4446,0.1407,-0.0126,2026-08-07,902.77,902.77,847.4,878.41,887387.0,871.3118
2026-08-07T20:31:36.908,14,12,MU260819P00697500,MU,2026-08-19,put,697.5,1.54,31.0,2.98,47.0,2.26,5.42,1.0,0.7629,-0.0434,0.0008,-0.46,0.146,-0.0132,2026-08-07,902.77,902.77,847.4,878.41,887387.0,871.3118
2026-08-07T20:31:36.908,14,12,MU260819P00700000,MU,2026-08-19,put,700.0,1.69,10.0,3.13,123.0,2.41,2.9,1.0,0.763,-0.0459,0.0008,-0.4809,0.1526,-0.014,2026-08-07,902.77,902.77,847.4,878.41,887387.0,871.3118
2026-08-07T20:31:36.908,14,12,MU260819P00702500,MU,2026-08-19,put,702.5,1.77,32.0,3.24,38.0,2.505,,,0.7591,-0.0476,0.0008,-0.4932,0.1573,-0.0145,2026-08-07,902.77,902.77,847.4,878.41,887387.0,871.3118
2026-08-07T20:31:36.908,14,12,MU260819P00705000,MU,2026-08-19,put,705.0,1.93,3.0,3.39,14.0,2.66,7.1,1.0,0.7588,-0.0502,0.0009,-0.5138,0.164,-0.0153,2026-08-07,902.77,902.77,847.4,878.41,887387.0,871.3118
2026-08-07T20:31:36.908,14,12,MU260819P00707500,MU,2026-08-19,put,707.5,2.02,54.0,3.45,65.0,2.7350000000000003,5.15,1.0,0.7532,-0.0517,0.0009,-0.5225,0.168,-0.0158,2026-08-07,902.77,902.77,847.4,878.41,887387.0,871.3118
2026-08-07T20:31:36.908,14,12,MU260819P00710000,MU,2026-08-19,put,710.0,2.15,127.0,3.6,125.0,2.875,3.16,2.0,0.7513,-0.0541,0.0009,-0.54,0.1741,-0.0165,2026-08-07,902.77,902.77,847.4,878.41,887387.0,871.3118
2026-08-07T20:31:36.908,14,12,MU260819P00712500,MU,2026-08-19,put,712.5,2.32,65.0,3.84,144.0,3.08,8.55,1.0,0.7526,-0.0573,0.001,-0.5658,0.1821,-0.0175,2026-08-07,902.77,902.77,847.4,878.41,887387.0,871.3118
2026-08-07T20:31:36.908,14,12,MU260819P00715000,MU,2026-08-19,put,715.0,2.46,45.0,3.98,48.0,3.2199999999999998,8.86,1.0,0.7499,-0.0597,0.001,-0.5822,0.1881,-0.0182,2026-08-07,902.77,902.77,847.4,878.41,887387.0,871.3118
2026-08-07T20:31:36.908,14,12,MU260819P00717500,MU,2026-08-19,put,717.5,2.65,46.0,4.14,42.0,3.3949999999999996,7.3,1.0,0.7487,-0.0625,0.001,-0.6026,0.195,-0.0191,2026-08-07,902.77,902.77,847.4,878.41,887387.0,871.3118
2026-08-07T20:31:36.908,14,12,MU260819P00720000,MU,2026-08-19,put,720.0,2.79,44.0,4.37,42.0,3.58,5.02,1.0,0.7476,-0.0655,0.0011,-0.6237,0.2022,-0.02,2026-08-07,902.77,902.77,847.4,878.41,887387.0,871.3118
2026-08-07T20:31:36.908,14,12,MU260819P00722500,MU,2026-08-19,put,722.5,2.97,37.0,4.47,125.0,3.7199999999999998,3.7,2.0,0.7439,-0.0679,0.0011,-0.6385,0.208,-0.0208,2026-08-07,902.77,902.77,847.4,878.41,887387.0,871.3118
2026-08-07T20:31:36.908,14,12,MU260819P00725000,MU,2026-08-19,put,725.0,3.04,91.0,4.56,125.0,3.8,3.95,10.0,0.7372,-0.0697,0.0011,-0.6454,0.2122,-0.0213,2026-08-07,902.77,902.77,847.4,878.41,887387.0,871.3118
2026-08-07T20:31:36.908,14,12,MU260819P00727500,MU,2026-08-19,put,727.5,3.27,42.0,4.94,75.0,4.105,7.99,1.0,0.7407,-0.0741,0.0012,-0.6793,0.2223,-0.0226,2026-08-07,902.77,902.77,847.4,878.41,887387.0,871.3118
2026-08-07T20:31:36.908,14,12,MU260819P00730000,MU,2026-08-19,put,730.0,3.4,57.0,5.18,125.0,4.29,4.1,1.0,0.7382,-0.0771,0.0012,-0.6979,0.2292,-0.0236,2026-08-07,902.77,902.77,847.4,878.41,887387.0,871.3118
2026-08-07T20:31:36.908,14,12,MU260819P00732500,MU,2026-08-19,put,732.5,3.62,42.0,5.21,42.0,4.415,,,0.7329,-0.0795,0.0013,-0.7089,0.2346,-0.0243,2026-08-07,902.77,902.77,847.4,878.41,887387.0,871.3118
2026-08-07T20:31:36.908,14,12,MU260819P00735000,MU,2026-08-19,put,735.0,3.79,77.0,5.55,77.0,4.67,5.36,1.0,0.7327,-0.0833,0.0013,-0.7343,0.243,-0.0255,2026-08-07,902.77,902.77,847.4,878.41,887387.0,871.3118
2026-08-07T20:31:36.908,14,12,MU260819P00737500,MU,2026-08-19,put,737.5,4.14,49.0,5.86,43.0,5.0,,,0.7351,-0.0879,0.0014,-0.767,0.2531,-0.0269,2026-08-07,902.77,902.77,847.4,878.41,887387.0,871.3118
2026-08-07T20:31:36.908,14,12,MU260819P00740000,MU,2026-08-19,put,740.0,4.25,45.0,5.94,125.0,5.095000000000001,4.8,1.0,0.7279,-0.0901,0.0014,-0.7732,0.2577,-0.0276,2026-08-07,902.77,902.77,847.4,878.41,887387.0,871.3118
2026-08-07T20:31:36.908,14,12,MU260819P00742500,MU,2026-08-19,put,742.5,4.48,48.0,6.4,40.0,5.44,,,0.7299,-0.0949,0.0015,-0.8056,0.2678,-0.0291,2026-08-07,902.77,902.77,847.4,878.41,887387.0,871.3118
2026-08-07T20:31:36.908,14,12,MU260819P00745000,MU,2026-08-19,put,745.0,4.83,64.0,6.61,134.0,5.720000000000001,6.0,2.0,0.7291,-0.099,0.0015,-0.83,0.2763,-0.0303,2026-08-07,902.77,902.77,847.4,878.41,887387.0,871.3118
2026-08-07T20:31:36.908,14,12,MU260819P00747500,MU,2026-08-19,put,747.5,5.03,123.0,6.95,123.0,5.99,5.9,1.0,0.7274,-0.1031,0.0016,-0.8525,0.2844,-0.0316,2026-08-07,902.77,902.77,847.4,878.41,887387.0,871.3118
2026-08-07T20:31:36.908,14,12,MU260819P00750000,MU,2026-08-19,put,750.0,5.39,71.0,7.13,125.0,6.26,5.83,1.0,0.7255,-0.1071,0.0016,-0.8741,0.2925,-0.0329,2026-08-07,902.77,902.77,847.4,878.41,887387.0,871.3118
2026-08-07T20:31:36.908,14,12,MU260819P00755000,MU,2026-08-19,put,755.0,5.95,47.0,7.61,125.0,6.78,8.35,1.0,0.7198,-0.1151,0.0017,-0.9129,0.308,-0.0353,2026-08-07,902.77,902.77,847.4,878.41,887387.0,871.3118
2026-08-07T20:31:36.908,14,12,MU260819P00760000,MU,2026-08-19,put,760.0,6.42,69.0,8.28,125.0,7.35,7.5,2.0,0.7146,-0.1237,0.0018,-0.9532,0.324,-0.038,2026-08-07,902.77,902.77,847.4,878.41,887387.0,871.3118
2026-08-07T20:31:36.908,14,12,MU260819P00765000,MU,2026-08-19,put,765.0,7.2,45.0,9.09,123.0,8.145,8.6,1.0,0.7147,-0.1344,0.0019,-1.0094,0.3432,-0.0413,2026-08-07,902.77,902.77,847.4,878.41,887387.0,871.3118
2026-08-07T20:31:36.908,14,12,MU260819P00770000,MU,2026-08-19,put,770.0,7.7,128.0,10.14,1.0,8.92,9.5,1.0,0.7126,-0.1449,0.002,-1.0591,0.3613,-0.0446,2026-08-07,902.77,902.77,847.4,878.41,887387.0,871.3118
2026-08-07T20:31:36.908,14,12,MU260819P00775000,MU,2026-08-19,put,775.0,8.56,125.0,11.02,125.0,9.79,10.7,2.0,0.7114,-0.1563,0.0021,-1.1115,0.3799,-0.0482,2026-08-07,902.77,902.77,847.4,878.41,887387.0,871.3118
2026-08-07T20:31:36.908,14,12,MU260819P00780000,MU,2026-08-19,put,780.0,9.5,135.0,12.0,125.0,10.75,11.66,2.0,0.711,-0.1684,0.0022,-1.1656,0.3988,-0.0519,2026-08-07,902.77,902.77,847.4,878.41,887387.0,871.3118
2026-08-07T20:31:36.908,14,12,MU260819P00785000,MU,2026-08-19,put,785.0,10.6,20.0,12.99,125.0,11.795,13.13,1.0,0.7109,-0.1811,0.0023,-1.2203,0.4177,-0.056,2026-08-07,902.77,902.77,847.4,878.41,887387.0,871.3118
2026-08-07T20:31:36.908,14,12,MU260819P00790000,MU,2026-08-19,put,790.0,11.5,121.0,14.09,1.0,12.795,13.1,9.0,0.7081,-0.1936,0.0024,-1.2661,0.4353,-0.0599,2026-08-07,902.77,902.77,847.4,878.41,887387.0,871.3118
2026-08-07T20:31:36.908,14,12,MU260819P00795000,MU,2026-08-19,put,795.0,12.39,122.0,14.76,127.0,13.575,16.15,1.0,0.699,-0.2048,0.0026,-1.2923,0.4503,-0.0634,2026-08-07,902.77,902.77,847.4,878.41,887387.0,871.3118
2026-08-07T20:31:36.908,14,12,MU260819P00800000,MU,2026-08-19,put,800.0,13.38,54.0,16.0,19.0,14.690000000000001,16.59,1.0,0.6961,-0.2184,0.0027,-1.3354,0.4675,-0.0676,2026-08-07,902.77,902.77,847.4,878.41,887387.0,871.3118
2026-08-07T20:31:36.908,14,12,MU260819P00805000,MU,2026-08-19,put,805.0,14.41,52.0,18.93,123.0,16.67,34.82,1.0,0.7096,-0.2367,0.0027,-1.424,0.4892,-0.0735,2026-08-07,902.77,902.77,847.4,878.41,887387.0,871.3118
2026-08-07T20:31:36.908,14,12,MU260819P00810000,MU,2026-08-19,put,810.0,15.18,120.0,20.54,139.0,17.86,19.0,1.0,0.7048,-0.2506,0.0028,-1.458,0.5045,-0.0779,2026-08-07,902.77,902.77,847.4,878.41,887387.0,871.3118
2026-08-07T20:31:36.908,14,12,MU260819P00815000,MU,2026-08-19,put,815.0,15.58,116.0,21.86,46.0,18.72,20.0,1.0,0.6924,-0.2633,0.003,-1.4685,0.5176,-0.0818,2026-08-07,902.77,902.77,847.4,878.41,887387.0,871.3118
2026-08-07T20:31:36.908,14,12,MU260819P00820000,MU,2026-08-19,put,820.0,17.27,114.0,23.52,61.0,20.395,22.5,2.0,0.6943,-0.2799,0.0031,-1.5173,0.5336,-0.0872,2026-08-07,902.77,902.77,847.4,878.41,887387.0,871.3118
2026-08-07T20:31:36.908,14,12,MU260819P00825000,MU,2026-08-19,put,825.0,18.35,112.0,24.97,111.0,21.66,25.75,1.0,0.6871,-0.2949,0.0032,-1.538,0.547,-0.0919,2026-08-07,902.77,902.77,847.4,878.41,887387.0,871.3118
2026-08-07T20:31:36.908,14,12,MU260819P00830000,MU,2026-08-19,put,830.0,20.39,108.0,26.71,70.0,23.55,21.41,4.0,0.6898,-0.3123,0.0032,-1.5834,0.5612,-0.0975,2026-08-07,902.77,902.77,847.4,878.41,887387.0,871.3118
2026-08-07T20:31:36.908,14,12,MU260819P00835000,MU,2026-08-19,put,835.0,21.86,104.0,28.28,20.0,25.07,,,0.6844,-0.3286,0.0033,-1.6034,0.5732,-0.1027,2026-08-07,902.77,902.77,847.4,878.41,887387.0,871.3118
2026-08-07T20:31:36.908,14,12,MU260819P00840000,MU,2026-08-19,put,840.0,24.39,68.0,31.23,105.0,27.810000000000002,27.52,1.0,0.6984,-0.3482,0.0033,-1.6727,0.5862,-0.1092,2026-08-07,902.77,902.77,847.4,878.41,887387.0,871.3118
2026-08-07T20:31:36.908,14,12,MU260819P00845000,MU,2026-08-19,put,845.0,25.61,101.0,33.08,102.0,29.345,29.5,1.0,0.6902,-0.3647,0.0034,-1.6788,0.5958,-0.1145,2026-08-07,902.77,902.77,847.4,878.41,887387.0,871.3118
2026-08-07T20:31:36.908,14,12,MU260819P00850000,MU,2026-08-19,put,850.0,28.16,102.0,35.09,102.0,31.625,32.23,1.0,0.6931,-0.3828,0.0035,-1.7108,0.6051,-0.1205,2026-08-07,902.77,902.77,847.4,878.41,887387.0,871.3118
2026-08-07T20:31:36.908,14,12,MU260819P00855000,MU,2026-08-19,put,855.0,29.52,97.0,37.62,61.0,33.57,35.46,1.0,0.6889,-0.4004,0.0035,-1.7206,0.6127,-0.1262,2026-08-07,902.77,902.77,847.4,878.41,887387.0,871.3118
2026-08-07T20:31:36.908,14,12,MU260819P00860000,MU,2026-08-19,put,860.0,32.53,45.0,39.7,99.0,36.115,37.2,1.0,0.693,-0.4188,0.0036,-1.7484,0.6194,-0.1323,2026-08-07,902.77,902.77,847.4,878.41,887387.0,871.3118
2026-08-07T20:31:36.908,14,12,MU260819P00865000,MU,2026-08-19,put,865.0,34.0,30.0,41.49,66.0,37.745000000000005,40.22,1.0,0.681,-0.4366,0.0036,-1.7302,0.6246,-0.1379,2026-08-07,902.77,902.77,847.4,878.41,887387.0,871.3118
2026-08-07T20:31:36.908,14,12,MU260819P00870000,MU,2026-08-19,put,870.0,37.29,97.0,43.89,98.0,40.59,41.37,58.0,0.6869,-0.455,0.0036,-1.7551,0.6285,-0.1442,2026-08-07,902.77,902.77,847.4,878.41,887387.0,871.3118
2026-08-07T20:31:36.908,14,12,MU260819P00875000,MU,2026-08-19,put,875.0,39.23,96.0,46.35,1.0,42.79,43.8,1.0,0.6811,-0.4735,0.0037,-1.7455,0.6312,-0.1502,2026-08-07,902.77,902.77,847.4,878.41,887387.0,871.3118
2026-08-07T20:31:36.908,14,12,MU260819P00880000,MU,2026-08-19,put,880.0,42.61,95.0,50.01,92.0,46.31,47.18,1.0,0.6948,-0.4911,0.0036,-1.7831,0.6324,-0.1564,2026-08-07,902.77,902.77,847.4,878.41,887387.0,871.3118
2026-08-07T20:31:36.908,14,12,MU260819P00885000,MU,2026-08-19,put,885.0,44.6,94.0,52.67,95.0,48.635000000000005,50.99,1.0,0.6881,-0.5096,0.0037,-1.7636,0.6324,-0.1625,2026-08-07,902.77,902.77,847.4,878.41,887387.0,871.3118
2026-08-07T20:31:36.908,14,12,MU260819P00890000,MU,2026-08-19,put,890.0,48.37,22.0,56.22,45.0,52.295,50.83,1.0,0.7011,-0.5261,0.0036,-1.7927,0.6312,-0.1685,2026-08-07,902.77,902.77,847.4,878.41,887387.0,871.3118
2026-08-07T20:31:36.908,14,12,MU260819P00895000,MU,2026-08-19,put,895.0,50.39,25.0,57.37,41.0,53.879999999999995,53.51,10.0,0.6798,-0.5466,0.0037,-1.7265,0.6282,-0.1748,2026-08-07,902.77,902.77,847.4,878.41,887387.0,871.3118
2026-08-07T20:31:36.908,14,12,MU260819P00900000,MU,2026-08-19,put,900.0,52.32,30.0,60.64,53.0,56.480000000000004,53.8,3.0,0.6732,-0.5655,0.0037,-1.6953,0.624,-0.1812,2026-08-07,902.77,902.77,847.4,878.41,887387.0,871.3118
2026-08-07T20:31:36.908,14,12,MU260819P00905000,MU,2026-08-19,put,905.0,57.3,33.0,64.12,2.0,60.71,,,0.6914,-0.5799,0.0036,-1.7289,0.6198,-0.1867,2026-08-07,902.77,902.77,847.4,878.41,887387.0,871.3118
2026-08-07T20:31:36.908,14,12,MU260819P00910000,MU,2026-08-19,put,910.0,59.18,23.0,67.1,40.0,63.14,55.0,1.0,0.6792,-0.5996,0.0036,-1.6754,0.6127,-0.1931,2026-08-07,902.77,902.77,847.4,878.41,887387.0,871.3118
2026-08-07T20:31:36.908,14,12,MU260819P00915000,MU,2026-08-19,put,915.0,62.42,30.0,70.97,36.0,66.695,69.77,1.0,0.6839,-0.6155,0.0035,-1.666,0.6058,-0.1989,2026-08-07,902.77,902.77,847.4,878.41,887387.0,871.3118
2026-08-07T20:31:36.908,14,12,MU260819P00920000,MU,2026-08-19,put,920.0,66.79,15.0,74.32,24.0,70.555,74.94,1.0,0.6925,-0.6301,0.0034,-1.6653,0.5986,-0.2043,2026-08-07,902.77,902.77,847.4,878.41,887387.0,871.3118
2026-08-07T20:31:36.908,14,12,MU260819P00925000,MU,2026-08-19,put,925.0,69.07,25.0,78.32,32.0,73.695,,,0.6878,-0.6475,0.0034,-1.6236,0.5888,-0.2104,2026-08-07,902.77,902.77,847.4,878.41,887387.0,871.3118
2026-08-07T20:31:36.908,14,12,MU260819P00930000,MU,2026-08-19,put,930.0,74.36,23.0,80.33,22.0,77.345,67.45,1.0,0.6905,-0.6626,0.0033,-1.6008,0.5792,-0.2159,2026-08-07,902.77,902.77,847.4,878.41,887387.0,871.3118
2026-08-07T20:31:36.908,14,12,MU260819P00935000,MU,2026-08-19,put,935.0,76.38,14.0,86.38,29.0,81.38,71.25,1.0,0.6987,-0.6757,0.0032,-1.5928,0.5702,-0.221,2026-08-07,902.77,902.77,847.4,878.41,887387.0,871.3118
2026-08-07T20:31:36.908,14,12,MU260819P00940000,MU,2026-08-19,put,940.0,78.75,12.0,86.7,22.0,82.725,,,0.6574,-0.7043,0.0033,-1.4305,0.5477,-0.2297,2026-08-07,902.77,902.77,847.4,878.41,887387.0,871.3118
2026-08-07T20:31:36.908,14,12,MU260819P00945000,MU,2026-08-19,put,945.0,84.12,19.0,90.81,18.0,87.465,82.15,1.0,0.6758,-0.713,0.0032,-1.4499,0.5401,-0.2337,2026-08-07,902.77,902.77,847.4,878.41,887387.0,871.3118
2026-08-07T20:31:36.908,14,12,MU260819P00950000,MU,2026-08-19,put,950.0,88.52,20.0,94.37,19.0,91.445,97.05,50.0,0.6793,-0.7262,0.0031,-1.4217,0.5279,-0.2388,2026-08-07,902.77,902.77,847.4,878.41,887387.0,871.3118
2026-08-07T20:31:36.908,14,12,MU260819P00955000,MU,2026-08-19,put,955.0,93.27,18.0,99.77,52.0,96.52,,,0.7028,-0.7318,0.003,-1.4566,0.5225,-0.2421,2026-08-07,902.77,902.77,847.4,878.41,887387.0,871.3118
2026-08-07T20:31:36.908,14,12,MU260819P00960000,MU,2026-08-19,put,960.0,95.17,19.0,103.9,1.0,99.535,,,0.6856,-0.7514,0.0029,-1.3594,0.5023,-0.2488,2026-08-07,902.77,902.77,847.4,878.41,887387.0,871.3118
2026-08-07T20:31:36.908,14,12,MU260819P00965000,MU,2026-08-19,put,965.0,99.79,12.0,107.43,6.0,103.61000000000001,,,0.6877,-0.7637,0.0028,-1.3236,0.4888,-0.2536,2026-08-07,902.77,902.77,847.4,878.41,887387.0,871.3118
2026-08-07T20:31:36.908,14,12,MU260819P00970000,MU,2026-08-19,put,970.0,99.97,31.0,111.61,31.0,105.78999999999999,96.81,1.0,0.648,-0.7921,0.0028,-1.1469,0.4543,-0.2625,2026-08-07,902.77,902.77,847.4,878.41,887387.0,871.3118
2026-08-07T20:31:36.908,14,12,MU260819P00975000,MU,2026-08-19,put,975.0,106.22,14.0,117.59,17.0,111.905,,,0.6918,-0.7868,0.0027,-1.2491,0.461,-0.263,2026-08-07,902.77,902.77,847.4,878.41,887387.0,871.3118
2026-08-07T20:31:36.908,14,12,MU260819P00980000,MU,2026-08-19,put,980.0,110.26,31.0,118.89,27.0,114.575,,,0.6584,-0.8118,0.0026,-1.0911,0.4277,-0.2711,2026-08-07,902.77,902.77,847.4,878.41,887387.0,871.3118
2026-08-07T20:31:36.908,14,12,MU260819P00985000,MU,2026-08-19,put,985.0,115.57,6.0,128.479,16.0,122.0245,,,0.7328,-0.794,0.0025,-1.2981,0.4518,-0.2684,2026-08-07,902.77,902.77,847.4,878.41,887387.0,871.3118
2026-08-07T20:31:36.908,14,12,MU260819P00990000,MU,2026-08-19,put,990.0,120.05,17.0,126.79,15.0,123.42,,,0.6668,-0.8305,0.0024,-1.0278,0.4005,-0.2793,2026-08-07,902.77,902.77,847.4,878.41,887387.0,871.3118
2026-08-07T20:31:36.908,14,12,MU260819P00995000,MU,2026-08-19,put,995.0,120.56,17.0,136.03,18.0,128.29500000000002,132.37,1.0,0.6812,-0.835,0.0023,-1.0315,0.3936,-0.2822,2026-08-07,902.77,902.77,847.4,878.41,887387.0,871.3118
2026-08-07T20:31:36.908,14,12,MU260819P01000000,MU,2026-08-19,put,1000.0,125.75,15.0,138.37,6.0,132.06,,,0.6659,-0.851,0.0022,-0.9337,0.368,-0.2881,2026-08-07,902.77,902.77,847.4,878.41,887387.0,871.3118
2026-08-07T20:31:36.908,14,12,MU260819P01005000,MU,2026-08-19,put,1005.0,131.22,8.0,145.38,3.0,138.3,118.67,1.0,0.7158,-0.8409,0.0021,-1.0593,0.3844,-0.2872,2026-08-07,902.77,902.77,847.4,878.41,887387.0,871.3118
2026-08-07T20:31:36.908,14,12,MU260819P01010000,MU,2026-08-19,put,1010.0,136.7,15.0,147.01,1.0,141.855,122.34,1.0,0.6934,-0.8585,0.002,-0.9377,0.3554,-0.2935,2026-08-07,902.77,902.77,847.4,878.41,887387.0,871.3118
2026-08-07T20:31:36.908,14,12,MU260819P01015000,MU,2026-08-19,put,1015.0,139.84,3.0,151.84,6.0,145.84,,,0.6799,-0.8723,0.0019,-0.8476,0.3312,-0.2987,2026-08-07,902.77,902.77,847.4,878.41,887387.0,871.3118
2026-08-07T20:31:36.908,14,12,MU260819P01020000,MU,2026-08-19,put,1020.0,144.4,2.0,158.37,16.0,151.385,,,0.712,-0.8684,0.0019,-0.9129,0.3383,-0.2994,2026-08-07,902.77,902.77,847.4,878.41,887387.0,871.3118
2026-08-07T20:31:36.908,14,12,MU260819P01025000,MU,2026-08-19,put,1025.0,146.73,6.0,160.11,5.0,153.42000000000002,,,0.6289,-0.9075,0.0017,-0.594,0.2628,-0.3113,2026-08-07,902.77,902.77,847.4,878.41,887387.0,871.3118
2026-08-07T20:31:36.908,14,12,MU260819P01030000,MU,2026-08-19,put,1030.0,154.02,12.0,169.35,5.0,161.685,,,0.7523,-0.8693,0.0018,-0.9633,0.3367,-0.3031,2026-08-07,902.77,902.77,847.4,878.41,887387.0,871.3118
2026-08-07T20:31:36.908,14,12,MU260819P01035000,MU,2026-08-19,put,1035.0,155.97,5.0,172.74,9.0,164.35500000000002,,,0.6923,-0.898,0.0016,-0.7192,0.2822,-0.3122,2026-08-07,902.77,902.77,847.4,878.41,887387.0,871.3118
2026-08-07T20:31:36.908,14,12,MU260819P01040000,MU,2026-08-19,put,1040.0,163.69,15.0,176.81,6.0,170.25,,,0.7377,-0.8888,0.0016,-0.8288,0.3004,-0.3115,2026-08-07,902.77,902.77,847.4,878.41,887387.0,871.3118
2026-08-07T20:31:36.908,14,12,MU260819P01045000,MU,2026-08-19,put,1045.0,165.12,8.0,179.1,1.0,172.11,,,0.6284,-0.9327,0.0013,-0.4423,0.2066,-0.3247,2026-08-07,902.77,902.77,847.4,878.41,887387.0,871.3118
2026-08-07T20:31:36.908,14,12,MU260819P01050000,MU,2026-08-19,put,1050.0,170.45,17.0,183.35,13.0,176.89999999999998,158.28,1.0,0.6312,-0.9371,0.0012,-0.4159,0.196,-0.3276,2026-08-07,902.77,902.77,847.4,878.41,887387.0,871.3118
2026-08-07T20:31:36.908,14,12,MU260819P01055000,MU,2026-08-19,put,1055.0,178.26,21.0,190.6,5.0,184.43,,,0.7524,-0.903,0.0014,-0.7558,0.2721,-0.3202,2026-08-07,902.77,902.77,847.4,878.41,887387.0,871.3118
2026-08-07T20:31:36.908,14,12,MU260819P01060000,MU,2026-08-19,put,1060.0,180.2,20.0,198.42,6.0,189.31,,,0.7619,-0.9058,0.0014,-0.7478,0.2664,-0.3226,2026-08-07,902.77,902.77,847.4,878.41,887387.0,871.3118
2026-08-07T20:31:36.908,14,12,MU260819P01065000,MU,2026-08-19,put,1065.0,183.16,18.0,202.18,17.0,192.67000000000002,,,0.7077,-0.9282,0.0012,-0.5395,0.217,-0.3302,2026-08-07,902.77,902.77,847.4,878.41,887387.0,871.3118
2026-08-07T20:31:36.908,14,12,MU260819P01070000,MU,2026-08-19,put,1070.0,187.89,17.0,206.62,15.0,197.255,,,0.7007,-0.9352,0.0011,-0.4845,0.2007,-0.3337,2026-08-07,902.77,902.77,847.4,878.41,887387.0,871.3118
2026-08-07T20:31:36.908,14,12,MU260819P01075000,MU,2026-08-19,put,1075.0,194.32,24.0,208.74,3.0,201.53,,,0.6743,-0.9472,0.001,-0.3772,0.1709,-0.3386,2026-08-07,902.77,902.77,847.4,878.41,887387.0,871.3118
2026-08-07T20:31:36.908,14,12,MU260819P01080000,MU,2026-08-19,put,1080.0,202.53,21.0,215.47,3.0,209.0,,,0.8044,-0.9141,0.0012,-0.733,0.2487,-0.3315,2026-08-07,902.77,902.77,847.4,878.41,887387.0,871.3118
2026-08-07T20:31:36.908,14,12,MU260819P01085000,MU,2026-08-19,put,1085.0,206.2,12.0,221.18,2.0,213.69,,,0.8049,-0.9188,0.0012,-0.698,0.2384,-0.3344,2026-08-07,902.77,902.77,847.4,878.41,887387.0,871.3118
2026-08-07T20:31:36.908,14,12,MU260819P01090000,MU,2026-08-19,put,1090.0,210.22,12.0,226.79,1.0,218.505,,,0.81,-0.922,0.0011,-0.6783,0.2313,-0.3369,2026-08-07,902.77,902.77,847.4,878.41,887387.0,871.3118
2026-08-07T20:31:36.908,14,12,MU260819P01095000,MU,2026-08-19,put,1095.0,212.71,9.0,230.06,3.0,221.385,,,0.7138,-0.9519,0.0009,-0.3662,0.1585,-0.3465,2026-08-07,902.77,902.77,847.4,878.41,887387.0,871.3118
2026-08-07T20:31:36.908,14,12,MU260819P01100000,MU,2026-08-19,put,1100.0,216.62,16.0,231.84,1.0,224.23000000000002,,,0.3732,-0.9996,0.0,0.1059,0.0024,-0.3611,2026-08-07,902.77,902.77,847.4,878.41,887387.0,871.3118
2026-08-07T20:31:36.908,14,12,MU260819P01105000,MU,2026-08-19,put,1105.0,226.31,14.0,235.14,2.0,230.725,,,0.6905,-0.9638,0.0007,-0.255,0.1259,-0.3529,2026-08-07,902.77,902.77,847.4,878.41,887387.0,871.3118
2026-08-07T20:31:36.908,14,12,MU260819P01110000,MU,2026-08-19,put,1110.0,224.99,18.0,239.81,1.0,232.4,,,,,,,,,2026-08-07,902.77,902.77,847.4,878.41,887387.0,871.3118
2026-08-07T20:31:36.908,14,12,MU260819P01115000,MU,2026-08-19,put,1115.0,233.35,19.0,244.19,2.0,238.76999999999998,,,,,,,,,2026-08-07,902.77,902.77,847.4,878.41,887387.0,871.3118
2026-08-07T20:31:36.908,14,12,MU260819P01120000,MU,2026-08-19,put,1120.0,235.23,13.0,256.5,2.0,245.865,,,0.7352,-0.9625,0.0007,-0.2882,0.1295,-0.3576,2026-08-07,902.77,902.77,847.4,878.41,887387.0,871.3118
2026-08-07T20:31:36.908,14,12,MU260819P01125000,MU,2026-08-19,put,1125.0,244.26,16.0,261.01,2.0,252.635,,,0.8561,-0.9379,0.0009,-0.5846,0.1939,-0.3527,2026-08-07,902.77,902.77,847.4,878.41,887387.0,871.3118
2026-08-07T20:31:36.908,14,12,MU260819P01130000,MU,2026-08-19,put,1130.0,250.57,11.0,260.94,2.0,255.755,,,0.7486,-0.965,0.0007,-0.2722,0.1225,-0.3615,2026-08-07,902.77,902.77,847.4,878.41,887387.0,871.3118
2026-08-07T20:31:36.908,14,12,MU260819P01135000,MU,2026-08-19,put,1135.0,249.28,22.0,267.48,4.0,258.38,,,,,,,,,2026-08-07,902.77,902.77,847.4,878.41,887387.0,871.3118
2026-08-07T20:31:36.908,14,12,MU260819P01140000,MU,2026-08-19,put,1140.0,265.87,8.0,270.6,2.0,268.235,272.62,1.0,0.9219,-0.9326,0.0009,-0.6856,0.2067,-0.3563,2026-08-07,902.77,902.77,847.4,878.41,887387.0,871.3118
2026-08-07T20:31:36.908,14,12,MU260819P01145000,MU,2026-08-19,put,1145.0,264.62,16.0,276.3,2.0,270.46000000000004,,,0.7551,-0.9707,0.0006,-0.2207,0.1057,-0.368,2026-08-07,902.77,902.77,847.4,878.41,887387.0,871.3118
2026-08-07T20:31:36.908,14,12,MU260819P01150000,MU,2026-08-19,put,1150.0,267.47,21.0,279.51,2.0,273.49,,,,,,,,,2026-08-07,902.77,902.77,847.4,878.41,887387.0,871.3118
2026-08-07T20:31:36.908,14,12,MU260819P01155000,MU,2026-08-19,put,1155.0,272.91,15.0,283.38,5.0,278.145,,,,,,,,,2026-08-07,902.77,902.77,847.4,878.41,887387.0,871.3118
2026-08-07T20:31:36.908,14,12,MU260819P01160000,MU,2026-08-19,put,1160.0,284.18,10.0,296.55,2.0,290.365,,,1.0633,-0.9136,0.0009,-0.9981,0.2498,-0.3581,2026-08-07,902.77,902.77,847.4,878.41,887387.0,871.3118
2026-08-07T20:31:36.908,14,12,MU260819P01165000,MU,2026-08-19,put,1165.0,282.06,21.0,298.79,2.0,290.425,,,0.7936,-0.9721,0.0005,-0.2215,0.1014,-0.375,2026-08-07,902.77,902.77,847.4,878.41,887387.0,871.3118
2026-08-07T20:31:36.908,14,12,MU260819P01170000,MU,2026-08-19,put,1170.0,286.81,20.0,304.54,5.0,295.675,,,0.8273,-0.9684,0.0005,-0.2741,0.1126,-0.3756,2026-08-07,902.77,902.77,847.4,878.41,887387.0,871.3118
2026-08-07T20:31:36.908,14,12,MU260819P01175000,MU,2026-08-19,put,1175.0,294.72,16.0,307.45,6.0,301.08500000000004,,,0.8718,-0.9627,0.0006,-0.3552,0.1292,-0.3757,2026-08-07,902.77,902.77,847.4,878.41,887387.0,871.3118
2026-08-07T20:31:36.908,14,12,MU260819P01180000,MU,2026-08-19,put,1180.0,293.42,16.0,309.97,2.0,301.69500000000005,,,,,,,,,2026-08-07,902.77,902.77,847.4,878.41,887387.0,871.3118
2026-08-07T20:31:36.908,14,12,MU260819P01185000,MU,2026-08-19,put,1185.0,297.1,18.0,316.38,3.0,306.74,,,,,,,,,2026-08-07,902.77,902.77,847.4,878.41,887387.0,871.3118
2026-08-07T20:31:36.908,14,12,MU260819P01190000,MU,2026-08-19,put,1190.0,312.97,16.0,322.08,2.0,317.525,,,0.9987,-0.9457,0.0007,-0.6127,0.1747,-0.3763,2026-08-07,902.77,902.77,847.4,878.41,887387.0,871.3118
2026-08-07T20:31:36.908,14,12,MU260819P01195000,MU,2026-08-19,put,1195.0,314.68,17.0,329.47,5.0,322.07500000000005,,,0.9827,-0.9512,0.0006,-0.5413,0.1603,-0.3794,2026-08-07,902.77,902.77,847.4,878.41,887387.0,871.3118
2026-08-07T20:31:36.908,14,12,MU260819P01200000,MU,2026-08-19,put,1200.0,317.42,18.0,327.61,2.0,322.515,,,,,,,,,2026-08-07,902.77,902.77,847.4,878.41,887387.0,871.3118
2026-08-07T20:31:36.908,14,12,MU260819P01205000,MU,2026-08-19,put,1205.0,329.08,19.0,335.86,2.0,332.47,,,,,,,,,2026-08-07,902.77,902.77,847.4,878.41,887387.0,871.3118
2026-08-07T20:31:36.908,14,12,MU260819P01210000,MU,2026-08-19,put,1210.0,331.49,19.0,340.18,1.0,335.83500000000004,,,0.9234,-0.9678,0.0005,-0.3226,0.1145,-0.3886,2026-08-07,902.77,902.77,847.4,878.41,887387.0,871.3118
2026-08-07T20:31:36.908,14,12,MU260819P01215000,MU,2026-08-19,put,1215.0,334.78,20.0,349.19,2.0,341.985,,,,,,,,,2026-08-07,902.77,902.77,847.4,878.41,887387.0,871.3118
2026-08-07T20:31:36.908,14,12,MU260819P01220000,MU,2026-08-19,put,1220.0,339.21,21.0,351.84,2.0,345.525,,,0.9145,-0.9725,0.0004,-0.2635,0.1005,-0.3932,2026-08-07,902.77,902.77,847.4,878.41,887387.0,871.3118
2026-08-07T20:31:36.908,14,12,MU260819P01225000,MU,2026-08-19,put,1225.0,336.88,16.0,363.1,12.0,349.99,,,0.8628,-0.9807,0.0003,-0.147,0.0744,-0.397,2026-08-07,902.77,902.77,847.4,878.41,887387.0,871.3118
2026-08-07T20:31:36.908,14,12,MU260819P01230000,MU,2026-08-19,put,1230.0,353.78,23.0,363.39,2.0,358.585,,,,,,,,,2026-08-07,902.77,902.77,847.4,878.41,887387.0,871.3118
2026-08-07T20:31:36.908,14,12,MU260819P01235000,MU,2026-08-19,put,1235.0,347.21,20.0,363.59,2.0,355.4,,,,,,,,,2026-08-07,902.77,902.77,847.4,878.41,887387.0,871.3118
2026-08-07T20:31:36.908,14,12,MU260819P01240000,MU,2026-08-19,put,1240.0,360.72,17.0,374.39,2.0,367.555,,,,,,,,,2026-08-07,902.77,902.77,847.4,878.41,887387.0,871.3118
2026-08-07T20:31:36.908,14,12,MU260819P01250000,MU,2026-08-19,put,1250.0,368.83,23.0,378.43,2.0,373.63,,,,,,,,,2026-08-07,902.77,902.77,847.4,878.41,887387.0,871.3118
2026-08-07T20:31:36.908,14,12,MU260819P01260000,MU,2026-08-19,put,1260.0,374.31,16.0,391.68,2.0,382.995,,,,,,,,,2026-08-07,902.77,902.77,847.4,878.41,887387.0,871.3118
2026-08-07T20:31:36.908,14,12,MU260819P01270000,MU,2026-08-19,put,1270.0,395.09,17.0,397.02,2.0,396.05499999999995,,,,,,,,,2026-08-07,902.77,902.77,847.4,878.41,887387.0,871.3118
2026-08-07T20:31:36.908,14,12,MU260819P01280000,MU,2026-08-19,put,1280.0,400.76,15.0,415.61,2.0,408.185,,,,,,,,,2026-08-07,902.77,902.77,847.4,878.41,887387.0,871.3118
2026-08-07T20:31:36.908,14,12,MU260819P01290000,MU,2026-08-19,put,1290.0,405.13,18.0,425.01,3.0,415.07,,,,,,,,,2026-08-07,902.77,902.77,847.4,878.41,887387.0,871.3118
2026-08-07T20:31:36.908,14,12,MU260819P01300000,MU,2026-08-19,put,1300.0,411.19,16.0,433.22,2.0,422.20500000000004,,,,,,,,,2026-08-07,902.77,902.77,847.4,878.41,887387.0,871.3118
2026-08-07T20:31:36.908,14,12,MU260819P01310000,MU,2026-08-19,put,1310.0,432.22,20.0,448.15,1.0,440.185,,,,,,,,,2026-08-07,902.77,902.77,847.4,878.41,887387.0,871.3118
2026-08-07T20:31:36.908,14,12,MU260819P01320000,MU,2026-08-19,put,1320.0,440.27,15.0,455.6,2.0,447.935,,,,,,,,,2026-08-07,902.77,902.77,847.4,878.41,887387.0,871.3118
2026-08-07T20:31:36.908,14,12,MU260819P01330000,MU,2026-08-19,put,1330.0,454.2,17.0,459.4,2.0,456.79999999999995,,,,,,,,,2026-08-07,902.77,902.77,847.4,878.41,887387.0,871.3118
2026-08-07T20:31:36.908,14,12,MU260819P01340000,MU,2026-08-19,put,1340.0,449.46,16.0,475.64,2.0,462.54999999999995,,,,,,,,,2026-08-07,902.77,902.77,847.4,878.41,887387.0,871.3118
2026-08-07T20:31:36.908,14,12,MU260819P01350000,MU,2026-08-19,put,1350.0,468.27,15.0,477.53,5.0,472.9,,,,,,,,,2026-08-07,902.77,902.77,847.4,878.41,887387.0,871.3118
2026-08-07T20:31:36.908,14,12,MU260819P01360000,MU,2026-08-19,put,1360.0,483.12,18.0,488.71,2.0,485.91499999999996,,,,,,,,,2026-08-07,902.77,902.77,847.4,878.41,887387.0,871.3118
2026-08-07T20:31:36.908,14,12,MU260819P01370000,MU,2026-08-19,put,1370.0,490.72,18.0,505.44,2.0,498.08000000000004,,,,,,,,,2026-08-07,902.77,902.77,847.4,878.41,887387.0,871.3118
2026-08-07T20:31:36.908,14,14,MU260821C00005000,MU,2026-08-21,call,5.0,874.93,3.0,888.76,10.0,881.845,890.88,5.0,,,,,,,2026-08-07,902.77,902.77,847.4,878.41,887387.0,871.3118
2026-08-07T20:31:36.908,14,14,MU260821C00010000,MU,2026-08-21,call,10.0,850.68,11.0,879.4,1.0,865.04,820.83,1.0,,,,,,,2026-08-07,902.77,902.77,847.4,878.41,887387.0,871.3118
2026-08-07T20:31:36.908,14,14,MU260821C00015000,MU,2026-08-21,call,15.0,858.2,3.0,865.57,10.0,861.885,898.84,1.0,,,,,,,2026-08-07,902.77,902.77,847.4,878.41,887387.0,871.3118
2026-08-07T20:31:36.908,14,14,MU260821C00020000,MU,2026-08-21,call,20.0,837.94,1.0,858.28,1.0,848.11,767.95,1.0,,,,,,,2026-08-07,902.77,902.77,847.4,878.41,887387.0,871.3118
2026-08-07T20:31:36.908,14,14,MU260821C00025000,MU,2026-08-21,call,25.0,839.71,3.0,841.01,10.0,840.36,757.09,1.0,,,,,,,2026-08-07,902.77,902.77,847.4,878.41,887387.0,871.3118
2026-08-07T20:31:36.908,14,14,MU260821C00030000,MU,2026-08-21,call,30.0,826.25,11.0,864.69,1.0,845.47,826.46,1.0,,,,,,,2026-08-07,902.77,902.77,847.4,878.41,887387.0,871.3118
2026-08-07T20:31:36.908,14,14,MU260821C00035000,MU,2026-08-21,call,35.0,831.82,3.0,842.99,11.0,837.405,842.37,1.0,,,,,,,2026-08-07,902.77,902.77,847.4,878.41,887387.0,871.3118
2026-08-07T20:31:36.908,14,14,MU260821C00040000,MU,2026-08-21,call,40.0,829.64,11.0,844.52,1.0,837.0799999999999,,,,,,,,,2026-08-07,902.77,902.77,847.4,878.41,887387.0,871.3118
2026-08-07T20:31:36.908,14,14,MU260821C00045000,MU,2026-08-21,call,45.0,809.92,1.0,844.57,1.0,827.245,879.28,1.0,,,,,,,2026-08-07,902.77,902.77,847.4,878.41,887387.0,871.3118
2026-08-07T20:31:36.908,14,14,MU260821C00050000,MU,2026-08-21,call,50.0,809.63,11.0,830.82,1.0,820.225,800.0,1.0,,,,,,,2026-08-07,902.77,902.77,847.4,878.41,887387.0,871.3118
2026-08-07T20:31:36.908,14,14,MU260821C00055000,MU,2026-08-21,call,55.0,809.27,3.0,814.14,10.0,811.7049999999999,,,,,,,,,2026-08-07,902.77,902.77,847.4,878.41,887387.0,871.3118
2026-08-07T20:31:36.908,14,14,MU260821C00060000,MU,2026-08-21,call,60.0,820.63,10.0,831.48,11.0,826.0550000000001,815.87,1.0,,,,,,,2026-08-07,902.77,902.77,847.4,878.41,887387.0,871.3118
2026-08-07T20:31:36.908,14,14,MU260821C00065000,MU,2026-08-21,call,65.0,803.47,17.0,822.38,1.0,812.925,930.07,1.0,,,,,,,2026-08-07,902.77,902.77,847.4,878.41,887387.0,871.3118
2026-08-07T20:31:36.908,14,14,MU260821C00070000,MU,2026-08-21,call,70.0,798.71,1.0,822.27,1.0,810.49,826.82,1.0,,,,,,,2026-08-07,902.77,902.77,847.4,878.41,887387.0,871.3118
2026-08-07T20:31:36.908,14,14,MU260821C00075000,MU,2026-08-21,call,75.0,781.43,1.0,802.3,1.0,791.865,1069.98,1.0,,,,,,,2026-08-07,902.77,902.77,847.4,878.41,887387.0,871.3118
2026-08-07T20:31:36.908,14,14,MU260821C00080000,MU,2026-08-21,call,80.0,805.5,11.0,817.95,1.0,811.725,760.92,1.0,,,,,,,2026-08-07,902.77,902.77,847.4,878.41,887387.0,871.3118
2026-08-07T20:31:36.908,14,14,MU260821C00085000,MU,2026-08-21,call,85.0,792.86,13.0,805.31,1.0,799.085,740.65,1.0,,,,,,,2026-08-07,902.77,902.77,847.4,878.41,887387.0,871.3118
2026-08-07T20:31:36.908,14,14,MU260821C00090000,MU,2026-08-21,call,90.0,772.97,17.0,806.18,1.0,789.575,769.65,10.0,,,,,,,2026-08-07,902.77,902.77,847.4,878.41,887387.0,871.3118
2026-08-07T20:31:36.908,14,14,MU260821C00095000,MU,2026-08-21,call,95.0,785.87,11.0,803.83,1.0,794.85,826.25,2.0,,,,,,,2026-08-07,902.77,902.77,847.4,878.41,887387.0,871.3118
2026-08-07T20:31:36.908,14,14,MU260821C00100000,MU,2026-08-21,call,100.0,775.0,16.0,786.25,1.0,780.625,794.53,1.0,,,,,,,2026-08-07,902.77,902.77,847.4,878.41,887387.0,871.3118
2026-08-07T20:31:36.908,14,14,MU260821C00105000,MU,2026-08-21,call,105.0,759.11,1.0,765.83,1.0,762.47,1108.18,1.0,,,,,,,2026-08-07,902.77,902.77,847.4,878.41,887387.0,871.3118
2026-08-07T20:31:36.908,14,14,MU260821C00110000,MU,2026-08-21,call,110.0,749.35,16.0,778.23,1.0,763.79,750.44,2.0,,,,,,,2026-08-07,902.77,902.77,847.4,878.41,887387.0,871.3118
2026-08-07T20:31:36.908,14,14,MU260821C00115000,MU,2026-08-21,call,115.0,771.06,13.0,780.63,1.0,775.845,754.8,2.0,,,,,,,2026-08-07,902.77,902.77,847.4,878.41,887387.0,871.3118
2026-08-07T20:31:36.908,14,14,MU260821C00120000,MU,2026-08-21,call,120.0,761.39,11.0,765.96,46.0,763.675,796.47,5.0,,,,,,,2026-08-07,902.77,902.77,847.4,878.41,887387.0,871.3118
2026-08-07T20:31:36.908,14,14,MU260821C00125000,MU,2026-08-21,call,125.0,728.85,11.0,752.66,20.0,740.755,849.48,1.0,,,,,,,2026-08-07,902.77,902.77,847.4,878.41,887387.0,871.3118
2026-08-07T20:31:36.908,14,14,MU260821C00130000,MU,2026-08-21,call,130.0,740.22,11.0,753.33,1.0,746.7750000000001,785.75,2.0,,,,,,,2026-08-07,902.77,902.77,847.4,878.41,887387.0,871.3118
2026-08-07T20:31:36.908,14,14,MU260821C00135000,MU,2026-08-21,call,135.0,732.69,11.0,754.67,23.0,743.6800000000001,739.6,1.0,,,,,,,2026-08-07,902.77,902.77,847.4,878.41,887387.0,871.3118
2026-08-07T20:31:36.908,14,14,MU260821C00140000,MU,2026-08-21,call,140.0,732.77,1.0,737.56,1.0,735.165,781.21,1.0,,,,,,,2026-08-07,902.77,902.77,847.4,878.41,887387.0,871.3118
2026-08-07T20:31:36.908,14,14,MU260821C00145000,MU,2026-08-21,call,145.0,732.98,1.0,733.17,1.0,733.075,654.98,1.0,,,,,,,2026-08-07,902.77,902.77,847.4,878.41,887387.0,871.3118
2026-08-07T20:31:36.908,14,14,MU260821C00150000,MU,2026-08-21,call,150.0,724.21,16.0,742.94,1.0,733.575,1056.81,1.0,,,,,,,2026-08-07,902.77,902.77,847.4,878.41,887387.0,871.3118
2026-08-07T20:31:36.908,14,14,MU260821C00155000,MU,2026-08-21,call,155.0,726.64,13.0,737.29,1.0,731.9649999999999,664.8,1.0,,,,,,,2026-08-07,902.77,902.77,847.4,878.41,887387.0,871.3118
2026-08-07T20:31:36.908,14,14,MU260821C00160000,MU,2026-08-21,call,160.0,712.77,11.0,716.89,24.0,714.8299999999999,796.55,1.0,,,,,,,2026-08-07,902.77,902.77,847.4,878.41,887387.0,871.3118
2026-08-07T20:31:36.908,14,14,MU260821C00165000,MU,2026-08-21,call,165.0,719.8,1.0,733.11,1.0,726.4549999999999,745.79,5.0,,,,,,,2026-08-07,902.77,902.77,847.4,878.41,887387.0,871.3118
2026-08-07T20:31:36.908,14,14,MU260821C00170000,MU,2026-08-21,call,170.0,698.44,16.0,705.17,1.0,701.8050000000001,980.54,1.0,,,,,,,2026-08-07,902.77,902.77,847.4,878.41,887387.0,871.3118
2026-08-07T20:31:36.908,14,14,MU260821C00175000,MU,2026-08-21,call,175.0,695.5,1.0,717.93,10.0,706.7149999999999,755.0,1.0,,,,,,,2026-08-07,902.77,902.77,847.4,878.41,887387.0,871.3118
2026-08-07T20:31:36.908,14,14,MU260821C00180000,MU,2026-08-21,call,180.0,678.21,11.0,705.5,14.0,691.855,642.47,3.0,,,,,,,2026-08-07,902.77,902.77,847.4,878.41,887387.0,871.3118
2026-08-07T20:31:36.908,14,14,MU260821C00185000,MU,2026-08-21,call,185.0,671.37,13.0,687.01,28.0,679.19,599.96,1.0,,,,,,,2026-08-07,902.77,902.77,847.4,878.41,887387.0,871.3118
2026-08-07T20:31:36.908,14,14,MU260821C00190000,MU,2026-08-21,call,190.0,677.56,26.0,708.8,28.0,693.18,583.38,1.0,,,,,,,2026-08-07,902.77,902.77,847.4,878.41,887387.0,871.3118
2026-08-07T20:31:36.908,14,14,MU260821C00195000,MU,2026-08-21,call,195.0,675.99,49.0,681.39,57.0,678.69,574.65,1.0,,,,,,,2026-08-07,902.77,902.77,847.4,878.41,887387.0,871.3118
2026-08-07T20:31:36.908,14,14,MU260821C00200000,MU,2026-08-21,call,200.0,683.65,44.0,693.29,1.0,688.47,690.55,3.0,,,,,,,2026-08-07,902.77,902.77,847.4,878.41,887387.0,871.3118
2026-08-07T20:31:36.908,14,14,MU260821C00210000,MU,2026-08-21,call,210.0,655.34,68.0,678.59,56.0,666.965,616.77,1.0,,,,,,,2026-08-07,902.77,902.77,847.4,878.41,887387.0,871.3118
2026-08-07T20:31:36.908,14,14,MU260821C00220000,MU,2026-08-21,call,220.0,638.89,27.0,665.06,63.0,651.9749999999999,641.61,1.0,,,,,,,2026-08-07,902.77,902.77,847.4,878.41,887387.0,871.3118
2026-08-07T20:31:36.908,14,14,MU260821C00230000,MU,2026-08-21,call,230.0,650.73,78.0,660.34,59.0,655.5350000000001,753.5,1.0,,,,,,,2026-08-07,902.77,902.77,847.4,878.41,887387.0,871.3118
2026-08-07T20:31:36.908,14,14,MU260821C00240000,MU,2026-08-21,call,240.0,617.21,31.0,642.58,55.0,629.895,525.55,20.0,,,,,,,2026-08-07,902.77,902.77,847.4,878.41,887387.0,871.3118
2026-08-07T20:31:36.908,14,14,MU260821C00250000,MU,2026-08-21,call,250.0,610.36,92.0,622.61,89.0,616.485,651.96,1.0,,,,,,,2026-08-07,902.77,902.77,847.4,878.41,887387.0,871.3118
2026-08-07T20:31:36.908,14,14,MU260821C00260000,MU,2026-08-21,call,260.0,622.38,83.0,632.27,55.0,627.325,544.91,1.0,,,,,,,2026-08-07,902.77,902.77,847.4,878.41,887387.0,871.3118
2026-08-07T20:31:36.908,14,14,MU260821C00270000,MU,2026-08-21,call,270.0,594.85,52.0,614.99,49.0,604.9200000000001,560.3,1.0,,,,,,,2026-08-07,902.77,902.77,847.4,878.41,887387.0,871.3118
2026-08-07T20:31:36.908,14,14,MU260821C00280000,MU,2026-08-21,call,280.0,594.0,81.0,605.47,50.0,599.735,529.89,2.0,,,,,,,2026-08-07,902.77,902.77,847.4,878.41,887387.0,871.3118
2026-08-07T20:31:36.908,14,14,MU260821C00290000,MU,2026-08-21,call,290.0,577.44,71.0,601.66,70.0,589.55,524.31,1.0,,,,,,,2026-08-07,902.77,902.77,847.4,878.41,887387.0,871.3118
2026-08-07T20:31:36.908,14,14,MU260821C00300000,MU,2026-08-21,call,300.0,571.78,80.0,586.44,69.0,579.11,611.28,1.0,,,,,,,2026-08-07,902.77,902.77,847.4,878.41,887387.0,871.3118
2026-08-07T20:31:36.908,14,14,MU260821C00310000,MU,2026-08-21,call,310.0,569.19,80.0,581.44,62.0,575.315,586.45,1.0,,,,,,,2026-08-07,902.77,902.77,847.4,878.41,887387.0,871.3118
2026-08-07T20:31:36.908,14,14,MU260821C00320000,MU,2026-08-21,call,320.0,551.17,88.0,553.17,65.0,552.17,538.35,1.0,,,,,,,2026-08-07,902.77,902.77,847.4,878.41,887387.0,871.3118
2026-08-07T20:31:36.908,14,14,MU260821C00330000,MU,2026-08-21,call,330.0,546.61,50.0,559.46,70.0,553.0350000000001,545.74,1.0,,,,,,,2026-08-07,902.77,902.77,847.4,878.41,887387.0,871.3118
2026-08-07T20:31:36.908,14,14,MU260821C00340000,MU,2026-08-21,call,340.0,523.419,38.0,546.52,78.0,534.9694999999999,483.04,40.0,,,,,,,2026-08-07,902.77,902.77,847.4,878.41,887387.0,871.3118
2026-08-07T20:31:36.908,14,14,MU260821C00350000,MU,2026-08-21,call,350.0,527.98,91.0,538.01,62.0,532.995,540.89,9.0,,,,,,,2026-08-07,902.77,902.77,847.4,878.41,887387.0,871.3118
2026-08-07T20:31:36.908,14,14,MU260821C00360000,MU,2026-08-21,call,360.0,516.159,92.0,518.23,71.0,517.1945000000001,512.75,2.0,,,,,,,2026-08-07,902.77,902.77,847.4,878.41,887387.0,871.3118
2026-08-07T20:31:36.908,14,14,MU260821C00370000,MU,2026-08-21,call,370.0,502.5,80.0,506.53,80.0,504.515,512.28,1.0,,,,,,,2026-08-07,902.77,902.77,847.4,878.41,887387.0,871.3118
2026-08-07T20:31:36.908,14,14,MU260821C00380000,MU,2026-08-21,call,380.0,495.86,93.0,496.84,70.0,496.35,491.75,1.0,,,,,,,2026-08-07,902.77,902.77,847.4,878.41,887387.0,871.3118
2026-08-07T20:31:36.908,14,14,MU260821C00390000,MU,2026-08-21,call,390.0,486.82,34.0,496.89,85.0,491.855,478.41,5.0,,,,,,,2026-08-07,902.77,902.77,847.4,878.41,887387.0,871.3118
2026-08-07T20:31:36.908,14,14,MU260821C00400000,MU,2026-08-21,call,400.0,479.74,69.0,491.15,38.0,485.445,495.61,1.0,,,,,,,2026-08-07,902.77,902.77,847.4,878.41,887387.0,871.3118
2026-08-07T20:31:36.908,14,14,MU260821C00410000,MU,2026-08-21,call,410.0,467.33,77.0,477.6,31.0,472.46500000000003,419.21,1.0,,,,,,,2026-08-07,902.77,902.77,847.4,878.41,887387.0,871.3118
2026-08-07T20:31:36.908,14,14,MU260821C00420000,MU,2026-08-21,call,420.0,450.88,90.0,457.28,51.0,454.08,458.48,1.0,,,,,,,2026-08-07,902.77,902.77,847.4,878.41,887387.0,871.3118
2026-08-07T20:31:36.908,14,14,MU260821C00430000,MU,2026-08-21,call,430.0,443.98,79.0,452.49,67.0,448.235,472.0,1.0,,,,,,,2026-08-07,902.77,902.77,847.4,878.41,887387.0,871.3118
2026-08-07T20:31:36.908,14,14,MU260821C00440000,MU,2026-08-21,call,440.0,423.82,39.0,452.15,80.0,437.985,469.7,2.0,,,,,,,2026-08-07,902.77,902.77,847.4,878.41,887387.0,871.3118
2026-08-07T20:31:36.908,14,14,MU260821C00450000,MU,2026-08-21,call,450.0,427.83,98.0,434.35,27.0,431.09000000000003,429.26,2.0,,,,,,,2026-08-07,902.77,902.77,847.4,878.41,887387.0,871.3118
2026-08-07T20:31:36.908,14,14,MU260821C00460000,MU,2026-08-21,call,460.0,408.77,62.0,417.77,55.0,413.27,412.05,1.0,,,,,,,2026-08-07,902.77,902.77,847.4,878.41,887387.0,871.3118
2026-08-07T20:31:36.908,14,14,MU260821C00470000,MU,2026-08-21,call,470.0,392.96,192.0,409.16,141.0,401.06,430.89,1.0,,,,,,,2026-08-07,902.77,902.77,847.4,878.41,887387.0,871.3118
2026-08-07T20:31:36.908,14,14,MU260821C00480000,MU,2026-08-21,call,480.0,394.85,164.0,399.8,83.0,397.32500000000005,388.0,50.0,,,,,,,2026-08-07,902.77,902.77,847.4,878.41,887387.0,871.3118
2026-08-07T20:31:36.908,14,14,MU260821C00490000,MU,2026-08-21,call,490.0,382.61,66.0,399.95,67.0,391.28,382.15,6.0,,,,,,,2026-08-07,902.77,902.77,847.4,878.41,887387.0,871.3118
2026-08-07T20:31:36.908,14,14,MU260821C00500000,MU,2026-08-21,call,500.0,373.99,84.0,385.09,56.0,379.53999999999996,382.58,1.0,,,,,,,2026-08-07,902.77,902.77,847.4,878.41,887387.0,871.3118
2026-08-07T20:31:36.908,14,14,MU260821C00510000,MU,2026-08-21,call,510.0,362.31,179.0,372.35,129.0,367.33000000000004,367.25,3.0,,,,,,,2026-08-07,902.77,902.77,847.4,878.41,887387.0,871.3118
2026-08-07T20:31:36.908,14,14,MU260821C00520000,MU,2026-08-21,call,520.0,347.85,106.0,362.44,61.0,355.145,379.4,2.0,,,,,,,2026-08-07,902.77,902.77,847.4,878.41,887387.0,871.3118
2026-08-07T20:31:36.908,14,14,MU260821C00530000,MU,2026-08-21,call,530.0,336.34,33.0,356.79,51.0,346.565,361.64,2.0,,,,,,,2026-08-07,902.77,902.77,847.4,878.41,887387.0,871.3118
2026-08-07T20:31:36.908,14,14,MU260821C00540000,MU,2026-08-21,call,540.0,332.88,58.0,340.3,53.0,336.59000000000003,356.03,5.0,,,,,,,2026-08-07,902.77,902.77,847.4,878.41,887387.0,871.3118
2026-08-07T20:31:36.908,14,14,MU260821C00550000,MU,2026-08-21,call,550.0,320.66,127.0,340.5,103.0,330.58000000000004,342.1,1.0,,,,,,,2026-08-07,902.77,902.77,847.4,878.41,887387.0,871.3118
2026-08-07T20:31:36.908,14,14,MU260821C00560000,MU,2026-08-21,call,560.0,311.22,67.0,320.27,53.0,315.745,297.26,1.0,,,,,,,2026-08-07,902.77,902.77,847.4,878.41,887387.0,871.3118
2026-08-07T20:31:36.908,14,14,MU260821C00570000,MU,2026-08-21,call,570.0,306.14,151.0,311.83,117.0,308.985,232.07,1.0,,,,,,,2026-08-07,902.77,902.77,847.4,878.41,887387.0,871.3118
2026-08-07T20:31:36.908,14,14,MU260821C00580000,MU,2026-08-21,call,580.0,296.72,162.0,307.14,31.0,301.93,317.61,5.0,,,,,,,2026-08-07,902.77,902.77,847.4,878.41,887387.0,871.3118
2026-08-07T20:31:36.908,14,14,MU260821C00590000,MU,2026-08-21,call,590.0,286.33,92.0,296.21,42.0,291.27,321.8,2.0,,,,,,,2026-08-07,902.77,902.77,847.4,878.41,887387.0,871.3118
2026-08-07T20:31:36.908,14,14,MU260821C00600000,MU,2026-08-21,call,600.0,267.42,187.0,278.14,62.0,272.78,275.0,1.0,,,,,,,2026-08-07,902.77,902.77,847.4,878.41,887387.0,871.3118
2026-08-07T20:31:36.908,14,14,MU260821C00610000,MU,2026-08-21,call,610.0,259.92,65.0,270.57,73.0,265.245,307.77,1.0,,,,,,,2026-08-07,902.77,902.77,847.4,878.41,887387.0,871.3118
2026-08-07T20:31:36.908,14,14,MU260821C00620000,MU,2026-08-21,call,620.0,245.89,93.0,263.6,62.0,254.745,272.79,2.0,,,,,,,2026-08-07,902.77,902.77,847.4,878.41,887387.0,871.3118
2026-08-07T20:31:36.908,14,14,MU260821C00630000,MU,2026-08-21,call,630.0,247.74,73.0,251.36,83.0,249.55,270.22,3.0,,,,,,,2026-08-07,902.77,902.77,847.4,878.41,887387.0,871.3118
2026-08-07T20:31:36.908,14,14,MU260821C00640000,MU,2026-08-21,call,640.0,235.39,55.0,246.25,24.0,240.82,253.66,3.0,,,,,,,2026-08-07,902.77,902.77,847.4,878.41,887387.0,871.3118
2026-08-07T20:31:36.908,14,14,MU260821C00650000,MU,2026-08-21,call,650.0,224.45,94.0,232.05,72.0,228.25,225.72,1.0,0.9278,0.9583,0.0006,-0.5668,0.1527,0.2339,2026-08-07,902.77,902.77,847.4,878.41,887387.0,871.3118
2026-08-07T20:31:36.908,14,14,MU260821C00660000,MU,2026-08-21,call,660.0,216.29,39.0,227.85,56.0,222.07,216.02,1.0,1.0783,0.9257,0.0008,-0.9855,0.2407,0.2253,2026-08-07,902.77,902.77,847.4,878.41,887387.0,871.3118
2026-08-07T20:31:36.908,14,14,MU260821C00670000,MU,2026-08-21,call,670.0,208.54,61.0,219.56,38.0,214.05,232.53,4.0,1.1082,0.9102,0.0009,-1.1568,0.2776,0.2232,2026-08-07,902.77,902.77,847.4,878.41,887387.0,871.3118
2026-08-07T20:31:36.908,14,14,MU260821C00680000,MU,2026-08-21,call,680.0,198.56,127.0,201.96,79.0,200.26,186.66,9.0,0.9117,0.9339,0.0008,-0.7775,0.2199,0.2364,2026-08-07,902.77,902.77,847.4,878.41,887387.0,871.3118
2026-08-07T20:31:36.908,14,14,MU260821C00690000,MU,2026-08-21,call,690.0,188.05,39.0,195.44,30.0,191.745,241.48,1.0,0.9307,0.919,0.0009,-0.9151,0.2569,0.2347,2026-08-07,902.77,902.77,847.4,878.41,887387.0,871.3118
2026-08-07T20:31:36.908,14,14,MU260821C00700000,MU,2026-08-21,call,700.0,176.61,83.0,186.73,76.0,181.67000000000002,178.44,2.0,0.884,0.9162,0.001,-0.8942,0.2637,0.2376,2026-08-07,902.77,902.77,847.4,878.41,887387.0,871.3118
2026-08-07T20:31:36.908,14,14,MU260821C00710000,MU,2026-08-21,call,710.0,163.34,18.0,175.64,25.0,169.49,193.4,5.0,0.7527,0.9327,0.001,-0.6639,0.223,0.2478,2026-08-07,902.77,902.77,847.4,878.41,887387.0,871.3118
2026-08-07T20:31:36.908,14,14,MU260821C00720000,MU,2026-08-21,call,720.0,156.08,124.0,166.94,39.0,161.51,164.3,10.0,0.7917,0.9099,0.0012,-0.8503,0.2784,0.2432,2026-08-07,902.77,902.77,847.4,878.41,887387.0,871.3118
2026-08-07T20:31:36.908,14,14,MU260821C00730000,MU,2026-08-21,call,730.0,154.86,24.0,160.82,37.0,157.84,151.14,2.0,0.9367,0.8607,0.0014,-1.3301,0.3798,0.2282,2026-08-07,902.77,902.77,847.4,878.41,887387.0,871.3118
2026-08-07T20:31:36.908,14,14,MU260821C00740000,MU,2026-08-21,call,740.0,141.78,31.0,147.88,31.0,144.82999999999998,142.84,1.0,0.8076,0.8736,0.0015,-1.0867,0.3553,0.2375,2026-08-07,902.77,902.77,847.4,878.41,887387.0,871.3118
2026-08-07T20:31:36.908,14,14,MU260821C00750000,MU,2026-08-21,call,750.0,129.52,101.0,136.19,95.0,132.85500000000002,134.87,5.0,0.7056,0.883,0.0016,-0.9118,0.3365,0.2452,2026-08-07,902.77,902.77,847.4,878.41,887387.0,871.3118
2026-08-07T20:31:36.908,14,14,MU260821C00760000,MU,2026-08-21,call,760.0,123.91,36.0,127.19,23.0,125.55,150.43,1.0,0.7345,0.8547,0.0018,-1.0873,0.3908,0.2385,2026-08-07,902.77,902.77,847.4,878.41,887387.0,871.3118
2026-08-07T20:31:36.908,14,14,MU260821C00770000,MU,2026-08-21,call,770.0,114.48,87.0,122.82,85.0,118.65,137.25,13.0,0.7612,0.8257,0.002,-1.2573,0.4404,0.2314,2026-08-07,902.77,902.77,847.4,878.41,887387.0,871.3118
2026-08-07T20:31:36.908,14,14,MU260821C00780000,MU,2026-08-21,call,780.0,107.94,47.0,114.86,44.0,111.4,144.01,1.0,0.7707,0.8001,0.0021,-1.378,0.4793,0.2256,2026-08-07,902.77,902.77,847.4,878.41,887387.0,871.3118
2026-08-07T20:31:36.908,14,14,MU260821C00790000,MU,2026-08-21,call,790.0,100.34,132.0,108.13,35.0,104.235,120.0,2.0,0.7754,0.7746,0.0023,-1.4812,0.5142,0.2198,2026-08-07,902.77,902.77,847.4,878.41,887387.0,871.3118
2026-08-07T20:31:36.908,14,14,MU260821C00795000,MU,2026-08-21,call,795.0,96.8,123.0,101.1,29.0,98.94999999999999,92.9,5.0,0.7432,0.7694,0.0024,-1.4397,0.5208,0.2201,2026-08-07,902.77,902.77,847.4,878.41,887387.0,871.3118
2026-08-07T20:31:36.908,14,14,MU260821C00800000,MU,2026-08-21,call,800.0,91.57,87.0,96.48,36.0,94.025,96.27,1.0,0.7179,0.7621,0.0025,-1.4155,0.5298,0.2196,2026-08-07,902.77,902.77,847.4,878.41,887387.0,871.3118
2026-08-07T20:31:36.908,14,14,MU260821C00805000,MU,2026-08-21,call,805.0,89.8,148.0,95.09,64.0,92.445,85.9,5.0,0.7535,0.7403,0.0025,-1.5495,0.5552,0.2128,2026-08-07,902.77,902.77,847.4,878.41,887387.0,871.3118
2026-08-07T20:31:36.908,14,14,MU260821C00810000,MU,2026-08-21,call,810.0,90.2,119.0,93.3,103.0,91.75,87.26,1.0,0.8007,0.7176,0.0025,-1.709,0.5789,0.2055,2026-08-07,902.77,902.77,847.4,878.41,887387.0,871.3118
2026-08-07T20:31:36.908,14,14,MU260821C00815000,MU,2026-08-21,call,815.0,86.97,133.0,87.28,26.0,87.125,86.97,1.0,0.7777,0.708,0.0026,-1.6866,0.5881,0.2041,2026-08-07,902.77,902.77,847.4,878.41,887387.0,871.3118
2026-08-07T20:31:36.908,14,14,MU260821C00820000,MU,2026-08-21,call,820.0,80.95,99.0,83.81,89.0,82.38,80.95,1.0,0.7524,0.6983,0.0027,-1.6569,0.597,0.2026,2026-08-07,902.77,902.77,847.4,878.41,887387.0,871.3118
2026-08-07T20:31:36.908,14,14,MU260821C00825000,MU,2026-08-21,call,825.0,77.78,186.0,81.69,33.0,79.735,77.17,2.0,0.7612,0.6824,0.0027,-1.7113,0.6105,0.1983,2026-08-07,902.77,902.77,847.4,878.41,887387.0,871.3118
2026-08-07T20:31:36.908,14,14,MU260821C00830000,MU,2026-08-21,call,830.0,75.38,83.0,77.52,46.0,76.44999999999999,74.79,1.0,0.7581,0.6682,0.0028,-1.7336,0.6215,0.1948,2026-08-07,902.77,902.77,847.4,878.41,887387.0,871.3118
2026-08-07T20:31:36.908,14,14,MU260821C00835000,MU,2026-08-21,call,835.0,70.03,34.0,72.81,43.0,71.42,70.7,1.0,0.7263,0.6575,0.003,-1.6826,0.6293,0.1931,2026-08-07,902.77,902.77,847.4,878.41,887387.0,871.3118
2026-08-07T20:31:36.908,14,14,MU260821C00840000,MU,2026-08-21,call,840.0,66.41,90.0,68.39,35.0,67.4,66.62,1.0,0.7099,0.6438,0.0031,-1.6679,0.6383,0.1901,2026-08-07,902.77,902.77,847.4,878.41,887387.0,871.3118
2026-08-07T20:31:36.908,14,14,MU260821C00845000,MU,2026-08-21,call,845.0,63.7,101.0,65.91,19.0,64.805,62.65,1.0,0.7148,0.6273,0.0031,-1.7028,0.6481,0.1856,2026-08-07,902.77,902.77,847.4,878.41,887387.0,871.3118
2026-08-07T20:31:36.908,14,14,MU260821C00850000,MU,2026-08-21,call,850.0,61.91,101.0,62.42,22.0,62.165,61.91,1.0,0.7175,0.6111,0.0031,-1.7297,0.6566,0.1811,2026-08-07,902.77,902.77,847.4,878.41,887387.0,871.3118
2026-08-07T20:31:36.908,14,14,MU260821C00855000,MU,2026-08-21,call,855.0,60.67,126.0,63.84,34.0,62.255,57.06,2.0,0.7601,0.5929,0.003,-1.8497,0.6646,0.175,2026-08-07,902.77,902.77,847.4,878.41,887387.0,871.3118
2026-08-07T20:31:36.908,14,14,MU260821C00860000,MU,2026-08-21,call,860.0,57.49,102.0,58.92,53.0,58.205,58.51,1.0,0.7389,0.5782,0.0031,-1.8129,0.6701,0.1716,2026-08-07,902.77,902.77,847.4,878.41,887387.0,871.3118
2026-08-07T20:31:36.908,14,14,MU260821C00865000,MU,2026-08-21,call,865.0,55.97,124.0,56.86,65.0,56.415,55.97,1.0,0.7503,0.5624,0.0031,-1.8518,0.6749,0.167,2026-08-07,902.77,902.77,847.4,878.41,887387.0,871.3118
2026-08-07T20:31:36.908,14,14,MU260821C00870000,MU,2026-08-21,call,870.0,53.35,225.0,56.08,205.0,54.715,53.35,2.0,0.7618,0.5471,0.003,-1.8881,0.6785,0.1625,2026-08-07,902.77,902.77,847.4,878.41,887387.0,871.3118
2026-08-07T20:31:36.908,14,14,MU260821C00875000,MU,2026-08-21,call,875.0,47.1,104.0,49.86,33.0,48.480000000000004,48.76,1.0,0.7054,0.5298,0.0033,-1.7579,0.6813,0.1591,2026-08-07,902.77,902.77,847.4,878.41,887387.0,871.3118
2026-08-07T20:31:36.908,14,14,MU260821C00880000,MU,2026-08-21,call,880.0,48.86,61.0,49.27,81.0,49.065,48.86,1.0,0.7481,0.5158,0.0031,-1.8641,0.6827,0.1542,2026-08-07,902.77,902.77,847.4,878.41,887387.0,871.3118
2026-08-07T20:31:36.908,14,14,MU260821C00885000,MU,2026-08-21,call,885.0,43.38,114.0,45.83,2.0,44.605000000000004,45.0,2.0,0.7157,0.4978,0.0033,-1.7853,0.6832,0.1499,2026-08-07,902.77,902.77,847.4,878.41,887387.0,871.3118
2026-08-07T20:31:36.908,14,14,MU260821C00890000,MU,2026-08-21,call,890.0,42.95,72.0,45.51,45.0,44.230000000000004,44.39,4.0,0.7419,0.4845,0.0031,-1.8469,0.6827,0.1455,2026-08-07,902.77,902.77,847.4,878.41,887387.0,871.3118
2026-08-07T20:31:36.908,14,14,MU260821C00895000,MU,2026-08-21,call,895.0,39.51,101.0,41.65,34.0,40.58,41.38,1.0,0.7191,0.4663,0.0032,-1.7851,0.6808,0.1408,2026-08-07,902.77,902.77,847.4,878.41,887387.0,871.3118
2026-08-07T20:31:36.908,14,14,MU260821C00900000,MU,2026-08-21,call,900.0,37.67,126.0,39.0,3.0,38.335,38.6,1.0,0.7157,0.4501,0.0032,-1.7681,0.6779,0.1363,2026-08-07,902.77,902.77,847.4,878.41,887387.0,871.3118
2026-08-07T20:31:36.908,14,14,MU260821C00905000,MU,2026-08-21,call,905.0,35.11,117.0,37.15,113.0,36.129999999999995,36.05,3.0,0.7117,0.4339,0.0032,-1.7469,0.6738,0.1317,2026-08-07,902.77,902.77,847.4,878.41,887387.0,871.3118
2026-08-07T20:31:36.908,14,14,MU260821C00910000,MU,2026-08-21,call,910.0,35.87,162.0,36.46,54.0,36.165,34.04,1.0,0.74,0.4236,0.0031,-1.8057,0.6706,0.1282,2026-08-07,902.77,902.77,847.4,878.41,887387.0,871.3118
2026-08-07T20:31:36.908,14,14,MU260821C00915000,MU,2026-08-21,call,915.0,31.24,122.0,32.97,40.0,32.105,32.97,15.0,0.7059,0.4019,0.0032,-1.702,0.6624,0.1225,2026-08-07,902.77,902.77,847.4,878.41,887387.0,871.3118
2026-08-07T20:31:36.908,14,14,MU260821C00920000,MU,2026-08-21,call,920.0,31.87,113.0,33.78,100.0,32.825,32.34,1.0,0.7429,0.3949,0.003,-1.7806,0.6594,0.1199,2026-08-07,902.77,902.77,847.4,878.41,887387.0,871.3118
2026-08-07T20:31:36.908,14,14,MU260821C00925000,MU,2026-08-21,call,925.0,30.59,56.0,32.0,37.0,31.295,30.9,1.0,0.7449,0.3811,0.003,-1.7665,0.6527,0.1158,2026-08-07,902.77,902.77,847.4,878.41,887387.0,871.3118
2026-08-07T20:31:36.908,14,14,MU260821C00930000,MU,2026-08-21,call,930.0,27.17,31.0,28.84,11.0,28.005000000000003,27.41,1.0,0.7186,0.3605,0.003,-1.6738,0.641,0.1102,2026-08-07,902.77,902.77,847.4,878.41,887387.0,871.3118
2026-08-07T20:31:36.908,14,14,MU260821C00935000,MU,2026-08-21,call,935.0,26.01,112.0,27.87,42.0,26.94,26.01,1.0,0.7257,0.3482,0.003,-1.6687,0.6332,0.1065,2026-08-07,902.77,902.77,847.4,878.41,887387.0,871.3118
2026-08-07T20:31:36.908,14,14,MU260821C00940000,MU,2026-08-21,call,940.0,24.32,110.0,25.57,41.0,24.945,25.7,1.0,0.717,0.3319,0.003,-1.6183,0.6217,0.1018,2026-08-07,902.77,902.77,847.4,878.41,887387.0,871.3118
2026-08-07T20:31:36.908,14,14,MU260821C00945000,MU,2026-08-21,call,945.0,23.07,56.0,24.9,38.0,23.985,23.38,1.0,0.7238,0.3204,0.0029,-1.6097,0.6128,0.0983,2026-08-07,902.77,902.77,847.4,878.41,887387.0,871.3118
2026-08-07T20:31:36.908,14,14,MU260821C00950000,MU,2026-08-21,call,950.0,22.8,9.0,23.78,11.0,23.29,23.25,1.0,0.7343,0.3105,0.0028,-1.6102,0.6046,0.0952,2026-08-07,902.77,902.77,847.4,878.41,887387.0,871.3118
2026-08-07T20:31:36.908,14,14,MU260821C00955000,MU,2026-08-21,call,955.0,21.39,35.0,22.94,50.0,22.165,21.39,1.0,0.7368,0.2985,0.0027,-1.5872,0.5941,0.0916,2026-08-07,902.77,902.77,847.4,878.41,887387.0,871.3118
2026-08-07T20:31:36.908,14,14,MU260821C00957500,MU,2026-08-21,call,957.5,19.98,120.0,20.63,21.0,20.305,20.09,17.0,0.7156,0.2853,0.0028,-1.5095,0.5817,0.0879,2026-08-07,902.77,902.77,847.4,878.41,887387.0,871.3118
2026-08-07T20:31:36.908,14,14,MU260821C00960000,MU,2026-08-21,call,960.0,19.6,53.0,20.65,8.0,20.125,19.67,2.0,0.7227,0.2814,0.0027,-1.5142,0.5779,0.0867,2026-08-07,902.77,902.77,847.4,878.41,887387.0,871.3118
2026-08-07T20:31:36.908,14,14,MU260821C00962500,MU,2026-08-21,call,962.5,18.66,37.0,19.92,8.0,19.29,17.57,1.0,0.7183,0.2737,0.0027,-1.4845,0.5701,0.0844,2026-08-07,902.77,902.77,847.4,878.41,887387.0,871.3118
2026-08-07T20:31:36.908,14,14,MU260821C00965000,MU,2026-08-21,call,965.0,17.96,90.0,18.98,6.0,18.47,18.63,1.0,0.7137,0.266,0.0027,-1.4541,0.562,0.0821,2026-08-07,902.77,902.77,847.4,878.41,887387.0,871.3118
2026-08-07T20:31:36.908,14,14,MU260821C00970000,MU,2026-08-21,call,970.0,17.94,130.0,19.02,36.0,18.48,17.67,1.0,0.7335,0.261,0.0026,-1.4791,0.5566,0.0805,2026-08-07,902.77,902.77,847.4,878.41,887387.0,871.3118
2026-08-07T20:31:36.908,14,14,MU260821C00975000,MU,2026-08-21,call,975.0,16.35,42.0,17.24,6.0,16.795,17.32,1.0,0.7219,0.2453,0.0025,-1.4088,0.5388,0.0758,2026-08-07,902.77,902.77,847.4,878.41,887387.0,871.3118
2026-08-07T20:31:36.908,14,14,MU260821C00980000,MU,2026-08-21,call,980.0,16.149,161.0,16.86,82.0,16.5045,16.149,4.0,0.7351,0.2389,0.0025,-1.4135,0.5311,0.0738,2026-08-07,902.77,902.77,847.4,878.41,887387.0,871.3118
2026-08-07T20:31:36.908,14,14,MU260821C00985000,MU,2026-08-21,call,985.0,14.42,114.0,15.27,38.0,14.844999999999999,14.65,1.0,0.7214,0.223,0.0024,-1.3349,0.5111,0.0691,2026-08-07,902.77,902.77,847.4,878.41,887387.0,871.3118
2026-08-07T20:31:36.908,14,14,MU260821C00990000,MU,2026-08-21,call,990.0,13.24,45.0,14.75,35.0,13.995000000000001,13.8,1.0,0.7223,0.2128,0.0023,-1.3003,0.4974,0.066,2026-08-07,902.77,902.77,847.4,878.41,887387.0,871.3118
2026-08-07T20:31:36.908,14,14,MU260821C00995000,MU,2026-08-21,call,995.0,13.53,120.0,14.57,65.0,14.05,13.53,1.0,0.7407,0.2095,0.0023,-1.321,0.493,0.0649,2026-08-07,902.77,902.77,847.4,878.41,887387.0,871.3118
2026-08-07T20:31:36.908,14,14,MU260821C01000000,MU,2026-08-21,call,1000.0,12.22,38.0,12.43,1.0,12.325,12.4,8.0,0.7218,0.1926,0.0022,-1.2237,0.4686,0.0599,2026-08-07,902.77,902.77,847.4,878.41,887387.0,871.3118
2026-08-07T20:31:36.908,14,14,MU260821C01005000,MU,2026-08-21,call,1005.0,11.31,23.0,12.02,8.0,11.665,12.08,1.0,0.724,0.1839,0.0021,-1.1927,0.4555,0.0572,2026-08-07,902.77,902.77,847.4,878.41,887387.0,871.3118
2026-08-07T20:31:36.908,14,14,MU260821C01010000,MU,2026-08-21,call,1010.0,11.44,37.0,11.72,2.0,11.58,10.9,1.0,0.7383,0.1802,0.0021,-1.2004,0.4497,0.056,2026-08-07,902.77,902.77,847.4,878.41,887387.0,871.3118
2026-08-07T20:31:36.908,14,14,MU260821C01020000,MU,2026-08-21,call,1020.0,9.9,15.0,10.66,10.0,10.280000000000001,9.9,2.0,0.74,0.1635,0.0019,-1.1301,0.4226,0.0509,2026-08-07,902.77,902.77,847.4,878.41,887387.0,871.3118
2026-08-07T20:31:36.908,14,14,MU260821C01030000,MU,2026-08-21,call,1030.0,8.78,41.0,9.25,18.0,9.015,8.78,7.0,0.7391,0.1471,0.0018,-1.0524,0.3941,0.0459,2026-08-07,902.77,902.77,847.4,878.41,887387.0,871.3118
2026-08-07T20:31:36.908,14,14,MU260821C01040000,MU,2026-08-21,call,1040.0,7.76,22.0,8.37,7.0,8.065,7.76,3.0,0.7431,0.1337,0.0017,-0.9915,0.3695,0.0418,2026-08-07,902.77,902.77,847.4,878.41,887387.0,871.3118
2026-08-07T20:31:36.908,14,14,MU260821C01050000,MU,2026-08-21,call,1050.0,6.88,83.0,7.45,6.0,7.165,6.88,1.0,0.7457,0.121,0.0016,-0.9276,0.3446,0.0378,2026-08-07,902.77,902.77,847.4,878.41,887387.0,871.3118
2026-08-07T20:31:36.908,14,14,MU260821C01060000,MU,2026-08-21,call,1060.0,5.88,20.0,6.3,7.0,6.09,5.84,5.0,0.7398,0.1064,0.0014,-0.8392,0.3144,0.0333,2026-08-07,902.77,902.77,847.4,878.41,887387.0,871.3118
2026-08-07T20:31:36.908,14,14,MU260821C01070000,MU,2026-08-21,call,1070.0,5.18,49.0,5.48,12.0,5.33,5.4,1.0,0.7402,0.0951,0.0013,-0.7736,0.2897,0.0299,2026-08-07,902.77,902.77,847.4,878.41,887387.0,871.3118
2026-08-07T20:31:36.908,14,14,MU260821C01080000,MU,2026-08-21,call,1080.0,4.8,51.0,5.07,11.0,4.9350000000000005,4.88,1.0,0.7509,0.0881,0.0012,-0.7414,0.2738,0.0277,2026-08-07,902.77,902.77,847.4,878.41,887387.0,871.3118
2026-08-07T20:31:36.908,14,14,MU260821C01090000,MU,2026-08-21,call,1090.0,4.26,40.0,4.58,9.0,4.42,4.35,1.0,0.7554,0.0799,0.0011,-0.6927,0.2543,0.0251,2026-08-07,902.77,902.77,847.4,878.41,887387.0,871.3118
2026-08-07T20:31:36.908,14,14,MU260821C01100000,MU,2026-08-21,call,1100.0,3.78,70.0,4.18,24.0,3.9799999999999995,3.78,1.0,0.7607,0.0727,0.0011,-0.6488,0.2366,0.0228,2026-08-07,902.77,902.77,847.4,878.41,887387.0,871.3118
2026-08-07T20:31:36.908,14,14,MU260821C01110000,MU,2026-08-21,call,1110.0,3.46,83.0,3.68,35.0,3.5700000000000003,3.46,3.0,0.7653,0.0659,0.001,-0.6052,0.2195,0.0207,2026-08-07,902.77,902.77,847.4,878.41,887387.0,871.3118
2026-08-07T20:31:36.908,14,14,MU260821C01120000,MU,2026-08-21,call,1120.0,3.12,26.0,3.3,48.0,3.21,3.07,3.0,0.7701,0.0598,0.0009,-0.5648,0.2036,0.0188,2026-08-07,902.77,902.77,847.4,878.41,887387.0,871.3118
2026-08-07T20:31:36.908,14,14,MU260821C01130000,MU,2026-08-21,call,1130.0,2.74,69.0,2.97,19.0,2.8550000000000004,2.78,15.0,0.7732,0.0539,0.0008,-0.5222,0.1875,0.017,2026-08-07,902.77,902.77,847.4,878.41,887387.0,871.3118
2026-08-07T20:31:36.908,14,14,MU260821C01140000,MU,2026-08-21,call,1140.0,2.41,60.0,2.68,32.0,2.545,2.45,1.0,0.7766,0.0486,0.0008,-0.483,0.1727,0.0153,2026-08-07,902.77,902.77,847.4,878.41,887387.0,871.3118
2026-08-07T20:31:36.908,14,14,MU260821C01150000,MU,2026-08-21,call,1150.0,2.18,19.0,2.35,13.0,2.265,2.31,1.0,0.7797,0.0438,0.0007,-0.4458,0.1588,0.0138,2026-08-07,902.77,902.77,847.4,878.41,887387.0,871.3118
2026-08-07T20:31:36.908,14,14,MU260821C01160000,MU,2026-08-21,call,1160.0,1.88,40.0,2.05,35.0,1.9649999999999999,1.95,1.0,0.7792,0.0387,0.0006,-0.4029,0.1436,0.0122,2026-08-07,902.77,902.77,847.4,878.41,887387.0,871.3118
2026-08-07T20:31:36.908,14,14,MU260821C01170000,MU,2026-08-21,call,1170.0,1.71,109.0,1.98,44.0,1.845,1.8,1.0,0.7896,0.0362,0.0006,-0.3867,0.1361,0.0114,2026-08-07,902.77,902.77,847.4,878.41,887387.0,871.3118
2026-08-07T20:31:36.908,14,14,MU260821C01180000,MU,2026-08-21,call,1180.0,1.59,29.0,1.8,57.0,1.695,1.62,2.0,0.7967,0.0334,0.0005,-0.3647,0.1272,0.0105,2026-08-07,902.77,902.77,847.4,878.41,887387.0,871.3118
2026-08-07T20:31:36.908,14,14,MU260821C01190000,MU,2026-08-21,call,1190.0,1.37,97.0,1.6,23.0,1.485,1.4,1.0,0.7974,0.0297,0.0005,-0.3312,0.1154,0.0094,2026-08-07,902.77,902.77,847.4,878.41,887387.0,871.3118
2026-08-07T20:31:36.908,14,14,MU260821C01200000,MU,2026-08-21,call,1200.0,1.34,24.0,1.36,1.0,1.35,1.34,1.0,0.8029,0.0271,0.0005,-0.3094,0.1071,0.0086,2026-08-07,902.77,902.77,847.4,878.41,887387.0,871.3118
2026-08-07T20:31:36.908,14,14,MU260821C01210000,MU,2026-08-21,call,1210.0,1.12,44.0,1.32,40.0,1.2200000000000002,1.23,3.0,0.8075,0.0247,0.0004,-0.2874,0.099,0.0078,2026-08-07,902.77,902.77,847.4,878.41,887387.0,871.3118
2026-08-07T20:31:36.908,14,14,MU260821C01220000,MU,2026-08-21,call,1220.0,0.99,92.0,1.22,31.0,1.105,1.07,1.0,0.8122,0.0225,0.0004,-0.2673,0.0915,0.0071,2026-08-07,902.77,902.77,847.4,878.41,887387.0,871.3118
2026-08-07T20:31:36.908,14,14,MU260821C01230000,MU,2026-08-21,call,1230.0,0.93,93.0,1.1,65.0,1.0150000000000001,1.02,1.0,0.8185,0.0207,0.0004,-0.2513,0.0854,0.0066,2026-08-07,902.77,902.77,847.4,878.41,887387.0,871.3118
2026-08-07T20:31:36.908,14,14,MU260821C01240000,MU,2026-08-21,call,1240.0,0.84,76.0,1.03,32.0,0.935,0.97,1.0,0.8249,0.0191,0.0003,-0.2366,0.0798,0.0061,2026-08-07,902.77,902.77,847.4,878.41,887387.0,871.3118
2026-08-07T20:31:36.908,14,14,MU260821C01250000,MU,2026-08-21,call,1250.0,0.73,89.0,0.94,29.0,0.835,0.86,1.0,0.8275,0.0172,0.0003,-0.2172,0.073,0.0055,2026-08-07,902.77,902.77,847.4,878.41,887387.0,871.3118
2026-08-07T20:31:36.908,14,14,MU260821C01260000,MU,2026-08-21,call,1260.0,0.64,25.0,0.85,21.0,0.745,0.8,1.0,,,,,,,2026-08-07,902.77,902.77,847.4,878.41,887387.0,871.3118
2026-08-07T20:31:36.908,14,14,MU260821C01270000,MU,2026-08-21,call,1270.0,0.58,29.0,0.79,25.0,0.685,0.74,1.0,0.8359,0.0143,0.0003,-0.1869,0.0622,0.0045,2026-08-07,902.77,902.77,847.4,878.41,887387.0,871.3118
2026-08-07T20:31:36.908,14,14,MU260821C01280000,MU,2026-08-21,call,1280.0,0.56,93.0,0.74,40.0,0.65,0.65,1.0,,,,,,,2026-08-07,902.77,902.77,847.4,878.41,887387.0,871.3118
2026-08-07T20:31:36.908,14,14,MU260821C01290000,MU,2026-08-21,call,1290.0,0.53,91.0,0.73,56.0,0.63,0.54,1.0,,,,,,,2026-08-07,902.77,902.77,847.4,878.41,887387.0,871.3118
2026-08-07T20:31:36.908,14,14,MU260821C01300000,MU,2026-08-21,call,1300.0,0.53,1.0,0.6,5.0,0.565,0.55,1.0,,,,,,,2026-08-07,902.77,902.77,847.4,878.41,887387.0,871.3118
2026-08-07T20:31:36.908,14,14,MU260821C01310000,MU,2026-08-21,call,1310.0,0.44,75.0,0.64,51.0,0.54,0.5,2.0,,,,,,,2026-08-07,902.77,902.77,847.4,878.41,887387.0,871.3118
2026-08-07T20:31:36.908,14,14,MU260821C01320000,MU,2026-08-21,call,1320.0,0.36,77.0,0.56,33.0,0.46,0.55,1.0,,,,,,,2026-08-07,902.77,902.77,847.4,878.41,887387.0,871.3118
2026-08-07T20:31:36.908,14,14,MU260821C01330000,MU,2026-08-21,call,1330.0,0.33,40.0,0.57,25.0,0.44999999999999996,0.5,4.0,,,,,,,2026-08-07,902.77,902.77,847.4,878.41,887387.0,871.3118
2026-08-07T20:31:36.908,14,14,MU260821C01340000,MU,2026-08-21,call,1340.0,0.37,82.0,0.51,42.0,0.44,1.09,1.0,,,,,,,2026-08-07,902.77,902.77,847.4,878.41,887387.0,871.3118
2026-08-07T20:31:36.908,14,14,MU260821C01350000,MU,2026-08-21,call,1350.0,0.39,1.0,0.45,12.0,0.42000000000000004,0.4,1.0,,,,,,,2026-08-07,902.77,902.77,847.4,878.41,887387.0,871.3118
2026-08-07T20:31:36.908,14,14,MU260821C01360000,MU,2026-08-21,call,1360.0,0.38,1.0,0.46,24.0,0.42000000000000004,0.36,1.0,,,,,,,2026-08-07,902.77,902.77,847.4,878.41,887387.0,871.3118
2026-08-07T20:31:36.908,14,14,MU260821C01370000,MU,2026-08-21,call,1370.0,0.23,71.0,0.48,27.0,0.355,0.45,1.0,,,,,,,2026-08-07,902.77,902.77,847.4,878.41,887387.0,871.3118
2026-08-07T20:31:36.908,14,14,MU260821C01380000,MU,2026-08-21,call,1380.0,0.21,59.0,0.42,40.0,0.315,0.32,1.0,,,,,,,2026-08-07,902.77,902.77,847.4,878.41,887387.0,871.3118
2026-08-07T20:31:36.908,14,14,MU260821C01390000,MU,2026-08-21,call,1390.0,0.19,6.0,0.4,5.0,0.29500000000000004,0.74,1.0,,,,,,,2026-08-07,902.77,902.77,847.4,878.41,887387.0,871.3118
2026-08-07T20:31:36.908,14,14,MU260821C01400000,MU,2026-08-21,call,1400.0,0.23,10.0,0.42,28.0,0.325,0.31,1.0,,,,,,,2026-08-07,902.77,902.77,847.4,878.41,887387.0,871.3118
2026-08-07T20:31:36.908,14,14,MU260821C01410000,MU,2026-08-21,call,1410.0,0.15,55.0,0.36,32.0,0.255,2.0,1.0,,,,,,,2026-08-07,902.77,902.77,847.4,878.41,887387.0,871.3118
2026-08-07T20:31:36.908,14,14,MU260821C01420000,MU,2026-08-21,call,1420.0,0.17,42.0,0.39,56.0,0.28,0.27,1.0,,,,,,,2026-08-07,902.77,902.77,847.4,878.41,887387.0,871.3118
2026-08-07T20:31:36.908,14,14,MU260821C01430000,MU,2026-08-21,call,1430.0,0.17,9.0,0.34,23.0,0.255,0.21,1.0,,,,,,,2026-08-07,902.77,902.77,847.4,878.41,887387.0,871.3118
2026-08-07T20:31:36.908,14,14,MU260821C01440000,MU,2026-08-21,call,1440.0,0.2,1.0,0.32,4.0,0.26,0.8,1.0,,,,,,,2026-08-07,902.77,902.77,847.4,878.41,887387.0,871.3118
2026-08-07T20:31:36.908,14,14,MU260821C01450000,MU,2026-08-21,call,1450.0,0.11,27.0,0.35,71.0,0.22999999999999998,0.2,1.0,,,,,,,2026-08-07,902.77,902.77,847.4,878.41,887387.0,871.3118
2026-08-07T20:31:36.908,14,14,MU260821C01460000,MU,2026-08-21,call,1460.0,0.1,58.0,0.33,34.0,0.21500000000000002,0.21,1.0,,,,,,,2026-08-07,902.77,902.77,847.4,878.41,887387.0,871.3118
2026-08-07T20:31:36.908,14,14,MU260821C01470000,MU,2026-08-21,call,1470.0,0.09,58.0,0.3,1.0,0.195,0.26,1.0,,,,,,,2026-08-07,902.77,902.77,847.4,878.41,887387.0,871.3118
2026-08-07T20:31:36.908,14,14,MU260821C01480000,MU,2026-08-21,call,1480.0,0.08,34.0,0.96,328.0,0.52,0.2,4.0,,,,,,,2026-08-07,902.77,902.77,847.4,878.41,887387.0,871.3118
2026-08-07T20:31:36.908,14,14,MU260821C01490000,MU,2026-08-21,call,1490.0,0.07,91.0,0.31,30.0,0.19,0.16,1.0,,,,,,,2026-08-07,902.77,902.77,847.4,878.41,887387.0,871.3118
2026-08-07T20:31:36.908,14,14,MU260821C01500000,MU,2026-08-21,call,1500.0,0.2,1.0,0.36,83.0,0.28,0.24,1.0,,,,,,,2026-08-07,902.77,902.77,847.4,878.41,887387.0,871.3118
2026-08-07T20:31:36.908,14,14,MU260821C01510000,MU,2026-08-21,call,1510.0,0.06,55.0,1.31,301.0,0.685,0.18,1.0,,,,,,,2026-08-07,902.77,902.77,847.4,878.41,887387.0,871.3118
2026-08-07T20:31:36.908,14,14,MU260821C01520000,MU,2026-08-21,call,1520.0,0.08,91.0,0.39,102.0,0.23500000000000001,0.21,1.0,,,,,,,2026-08-07,902.77,902.77,847.4,878.41,887387.0,871.3118
2026-08-07T20:31:36.908,14,14,MU260821C01530000,MU,2026-08-21,call,1530.0,0.04,46.0,0.72,194.0,0.38,0.16,2.0,,,,,,,2026-08-07,902.77,902.77,847.4,878.41,887387.0,871.3118
2026-08-07T20:31:36.908,14,14,MU260821C01540000,MU,2026-08-21,call,1540.0,0.01,74.0,0.76,185.0,0.385,0.2,1.0,,,,,,,2026-08-07,902.77,902.77,847.4,878.41,887387.0,871.3118
2026-08-07T20:31:36.908,14,14,MU260821C01550000,MU,2026-08-21,call,1550.0,0.01,102.0,0.67,224.0,0.34,0.27,1.0,,,,,,,2026-08-07,902.77,902.77,847.4,878.41,887387.0,871.3118
2026-08-07T20:31:36.908,14,14,MU260821C01560000,MU,2026-08-21,call,1560.0,0.07,37.0,0.71,207.0,0.39,0.16,1.0,,,,,,,2026-08-07,902.77,902.77,847.4,878.41,887387.0,871.3118
2026-08-07T20:31:36.908,14,14,MU260821C01570000,MU,2026-08-21,call,1570.0,0.03,124.0,0.65,252.0,0.34,0.22,1.0,,,,,,,2026-08-07,902.77,902.77,847.4,878.41,887387.0,871.3118
2026-08-07T20:31:36.908,14,14,MU260821C01580000,MU,2026-08-21,call,1580.0,0.03,49.0,0.87,339.0,0.45,0.19,1.0,,,,,,,2026-08-07,902.77,902.77,847.4,878.41,887387.0,871.3118
2026-08-07T20:31:36.908,14,14,MU260821C01590000,MU,2026-08-21,call,1590.0,0.01,86.0,0.61,222.0,0.31,0.22,1.0,,,,,,,2026-08-07,902.77,902.77,847.4,878.41,887387.0,871.3118
2026-08-07T20:31:36.908,14,14,MU260821C01600000,MU,2026-08-21,call,1600.0,0.12,1.0,0.2,4.0,0.16,0.12,1.0,,,,,,,2026-08-07,902.77,902.77,847.4,878.41,887387.0,871.3118
2026-08-07T20:31:36.908,14,14,MU260821C01610000,MU,2026-08-21,call,1610.0,0.0,0.0,0.19,1.0,0.095,0.36,2.0,,,,,,,2026-08-07,902.77,902.77,847.4,878.41,887387.0,871.3118
2026-08-07T20:31:36.908,14,14,MU260821C01620000,MU,2026-08-21,call,1620.0,0.0,0.0,0.22,2.0,0.11,0.11,2.0,,,,,,,2026-08-07,902.77,902.77,847.4,878.41,887387.0,871.3118
2026-08-07T20:31:36.908,14,14,MU260821C01630000,MU,2026-08-21,call,1630.0,0.0,0.0,0.18,8.0,0.09,0.11,1.0,,,,,,,2026-08-07,902.77,902.77,847.4,878.41,887387.0,871.3118
2026-08-07T20:31:36.908,14,14,MU260821C01640000,MU,2026-08-21,call,1640.0,0.0,0.0,0.63,259.0,0.315,0.13,1.0,,,,,,,2026-08-07,902.77,902.77,847.4,878.41,887387.0,871.3118
2026-08-07T20:31:36.908,14,14,MU260821C01650000,MU,2026-08-21,call,1650.0,0.0,0.0,0.17,2.0,0.085,0.14,2.0,,,,,,,2026-08-07,902.77,902.77,847.4,878.41,887387.0,871.3118
2026-08-07T20:31:36.908,14,14,MU260821C01660000,MU,2026-08-21,call,1660.0,0.0,0.0,0.75,268.0,0.375,0.1,10.0,,,,,,,2026-08-07,902.77,902.77,847.4,878.41,887387.0,871.3118
2026-08-07T20:31:36.908,14,14,MU260821C01670000,MU,2026-08-21,call,1670.0,0.01,72.0,0.44,152.0,0.225,0.22,1.0,,,,,,,2026-08-07,902.77,902.77,847.4,878.41,887387.0,871.3118
2026-08-07T20:31:36.908,14,14,MU260821C01680000,MU,2026-08-21,call,1680.0,0.0,0.0,2.09,347.0,1.045,0.19,1.0,,,,,,,2026-08-07,902.77,902.77,847.4,878.41,887387.0,871.3118
2026-08-07T20:31:36.908,14,14,MU260821C01690000,MU,2026-08-21,call,1690.0,0.0,0.0,0.2,6.0,0.1,0.1,2.0,,,,,,,2026-08-07,902.77,902.77,847.4,878.41,887387.0,871.3118
2026-08-07T20:31:36.908,14,14,MU260821C01700000,MU,2026-08-21,call,1700.0,0.08,31.0,0.33,139.0,0.20500000000000002,0.19,1.0,,,,,,,2026-08-07,902.77,902.77,847.4,878.41,887387.0,871.3118
2026-08-07T20:31:36.908,14,14,MU260821C01710000,MU,2026-08-21,call,1710.0,0.0,0.0,2.56,245.0,1.28,0.19,1.0,,,,,,,2026-08-07,902.77,902.77,847.4,878.41,887387.0,871.3118
2026-08-07T20:31:36.908,14,14,MU260821C01720000,MU,2026-08-21,call,1720.0,0.0,0.0,1.23,242.0,0.615,0.2,1.0,,,,,,,2026-08-07,902.77,902.77,847.4,878.41,887387.0,871.3118
2026-08-07T20:31:36.908,14,14,MU260821C01730000,MU,2026-08-21,call,1730.0,0.0,0.0,0.84,157.0,0.42,0.21,1.0,,,,,,,2026-08-07,902.77,902.77,847.4,878.41,887387.0,871.3118
2026-08-07T20:31:36.908,14,14,MU260821C01740000,MU,2026-08-21,call,1740.0,0.0,0.0,0.41,162.0,0.205,0.2,1.0,,,,,,,2026-08-07,902.77,902.77,847.4,878.41,887387.0,871.3118
2026-08-07T20:31:36.908,14,14,MU260821C01750000,MU,2026-08-21,call,1750.0,0.03,7.0,0.19,21.0,0.11,0.12,1.0,,,,,,,2026-08-07,902.77,902.77,847.4,878.41,887387.0,871.3118
2026-08-07T20:31:36.908,14,14,MU260821C01760000,MU,2026-08-21,call,1760.0,0.0,0.0,0.59,122.0,0.295,0.18,1.0,,,,,,,2026-08-07,902.77,902.77,847.4,878.41,887387.0,871.3118
2026-08-07T20:31:36.908,14,14,MU260821C01770000,MU,2026-08-21,call,1770.0,0.0,0.0,0.63,152.0,0.315,0.29,1.0,,,,,,,2026-08-07,902.77,902.77,847.4,878.41,887387.0,871.3118
2026-08-07T20:31:36.908,14,14,MU260821C01780000,MU,2026-08-21,call,1780.0,0.0,0.0,0.63,263.0,0.315,0.11,1.0,,,,,,,2026-08-07,902.77,902.77,847.4,878.41,887387.0,871.3118
2026-08-07T20:31:36.908,14,14,MU260821C01790000,MU,2026-08-21,call,1790.0,0.0,0.0,1.01,185.0,0.505,0.26,1.0,,,,,,,2026-08-07,902.77,902.77,847.4,878.41,887387.0,871.3118
2026-08-07T20:31:36.908,14,14,MU260821C01800000,MU,2026-08-21,call,1800.0,0.01,7.0,0.51,128.0,0.26,0.17,1.0,,,,,,,2026-08-07,902.77,902.77,847.4,878.41,887387.0,871.3118
2026-08-07T20:31:36.908,14,14,MU260821C01810000,MU,2026-08-21,call,1810.0,0.01,1.0,0.58,158.0,0.295,0.17,1.0,,,,,,,2026-08-07,902.77,902.77,847.4,878.41,887387.0,871.3118
2026-08-07T20:31:36.908,14,14,MU260821C01820000,MU,2026-08-21,call,1820.0,0.0,0.0,0.71,143.0,0.355,0.08,1.0,,,,,,,2026-08-07,902.77,902.77,847.4,878.41,887387.0,871.3118
2026-08-07T20:31:36.908,14,14,MU260821C01830000,MU,2026-08-21,call,1830.0,0.07,5.0,0.49,232.0,0.28,0.17,1.0,,,,,,,2026-08-07,902.77,902.77,847.4,878.41,887387.0,871.3118
2026-08-07T20:31:36.908,14,14,MU260821C01840000,MU,2026-08-21,call,1840.0,0.0,0.0,1.1,151.0,0.55,0.22,1.0,,,,,,,2026-08-07,902.77,902.77,847.4,878.41,887387.0,871.3118
2026-08-07T20:31:36.908,14,14,MU260821C01850000,MU,2026-08-21,call,1850.0,0.0,0.0,1.06,445.0,0.53,0.12,1.0,,,,,,,2026-08-07,902.77,902.77,847.4,878.41,887387.0,871.3118
2026-08-07T20:31:36.908,14,14,MU260821C01860000,MU,2026-08-21,call,1860.0,0.0,0.0,0.66,176.0,0.33,0.24,1.0,,,,,,,2026-08-07,902.77,902.77,847.4,878.41,887387.0,871.3118
2026-08-07T20:31:36.908,14,14,MU260821C01870000,MU,2026-08-21,call,1870.0,0.0,0.0,4.4,116.0,2.2,0.23,1.0,,,,,,,2026-08-07,902.77,902.77,847.4,878.41,887387.0,871.3118
2026-08-07T20:31:36.908,14,14,MU260821C01880000,MU,2026-08-21,call,1880.0,0.0,0.0,4.37,121.0,2.185,0.36,2.0,,,,,,,2026-08-07,902.77,902.77,847.4,878.41,887387.0,871.3118
2026-08-07T20:31:36.908,14,14,MU260821C01890000,MU,2026-08-21,call,1890.0,0.0,0.0,3.42,164.0,1.71,0.2,1.0,,,,,,,2026-08-07,902.77,902.77,847.4,878.41,887387.0,871.3118
2026-08-07T20:31:36.908,14,14,MU260821C01900000,MU,2026-08-21,call,1900.0,0.0,0.0,0.49,305.0,0.245,0.05,5.0,,,,,,,2026-08-07,902.77,902.77,847.4,878.41,887387.0,871.3118
2026-08-07T20:31:36.908,14,14,MU260821C01910000,MU,2026-08-21,call,1910.0,0.0,0.0,2.25,427.0,1.125,0.16,1.0,,,,,,,2026-08-07,902.77,902.77,847.4,878.41,887387.0,871.3118
2026-08-07T20:31:36.908,14,14,MU260821C01920000,MU,2026-08-21,call,1920.0,0.0,0.0,4.41,108.0,2.205,0.21,1.0,,,,,,,2026-08-07,902.77,902.77,847.4,878.41,887387.0,871.3118
2026-08-07T20:31:36.908,14,14,MU260821C01930000,MU,2026-08-21,call,1930.0,0.0,0.0,0.96,81.0,0.48,0.08,33.0,,,,,,,2026-08-07,902.77,902.77,847.4,878.41,887387.0,871.3118
2026-08-07T20:31:36.908,14,14,MU260821C01940000,MU,2026-08-21,call,1940.0,0.0,0.0,4.27,33.0,2.135,0.29,1.0,,,,,,,2026-08-07,902.77,902.77,847.4,878.41,887387.0,871.3118
2026-08-07T20:31:36.908,14,14,MU260821C01950000,MU,2026-08-21,call,1950.0,0.0,0.0,0.13,2.0,0.065,0.18,13.0,,,,,,,2026-08-07,902.77,902.77,847.4,878.41,887387.0,871.3118
2026-08-07T20:31:36.908,14,14,MU260821C01960000,MU,2026-08-21,call,1960.0,0.0,0.0,1.96,30.0,0.98,0.49,11.0,,,,,,,2026-08-07,902.77,902.77,847.4,878.41,887387.0,871.3118
2026-08-07T20:31:36.908,14,14,MU260821C01970000,MU,2026-08-21,call,1970.0,0.0,0.0,2.52,85.0,1.26,0.16,10.0,,,,,,,2026-08-07,902.77,902.77,847.4,878.41,887387.0,871.3118
2026-08-07T20:31:36.908,14,14,MU260821C01980000,MU,2026-08-21,call,1980.0,0.0,0.0,4.3,10.0,2.15,0.13,1.0,,,,,,,2026-08-07,902.77,902.77,847.4,878.41,887387.0,871.3118
2026-08-07T20:31:36.908,14,14,MU260821C01990000,MU,2026-08-21,call,1990.0,0.0,0.0,2.28,127.0,1.14,0.11,15.0,,,,,,,2026-08-07,902.77,902.77,847.4,878.41,887387.0,871.3118
2026-08-07T20:31:36.908,14,14,MU260821C02000000,MU,2026-08-21,call,2000.0,0.02,2.0,0.05,2.0,0.035,0.05,1.0,,,,,,,2026-08-07,902.77,902.77,847.4,878.41,887387.0,871.3118
2026-08-07T20:31:36.908,14,14,MU260821C02010000,MU,2026-08-21,call,2010.0,0.0,0.0,0.12,13.0,0.06,0.09,1.0,,,,,,,2026-08-07,902.77,902.77,847.4,878.41,887387.0,871.3118
2026-08-07T20:31:36.908,14,14,MU260821C02020000,MU,2026-08-21,call,2020.0,0.0,0.0,0.17,2.0,0.085,0.19,1.0,,,,,,,2026-08-07,902.77,902.77,847.4,878.41,887387.0,871.3118
2026-08-07T20:31:36.908,14,14,MU260821C02030000,MU,2026-08-21,call,2030.0,0.0,0.0,2.65,50.0,1.325,0.01,10.0,,,,,,,2026-08-07,902.77,902.77,847.4,878.41,887387.0,871.3118
2026-08-07T20:31:36.908,14,14,MU260821C02040000,MU,2026-08-21,call,2040.0,0.0,0.0,0.13,2.0,0.065,0.04,3.0,,,,,,,2026-08-07,902.77,902.77,847.4,878.41,887387.0,871.3118
2026-08-07T20:31:36.908,14,14,MU260821C02050000,MU,2026-08-21,call,2050.0,0.03,11.0,0.13,2.0,0.08,0.12,1.0,,,,,,,2026-08-07,902.77,902.77,847.4,878.41,887387.0,871.3118
2026-08-07T20:31:36.908,14,14,MU260821C02060000,MU,2026-08-21,call,2060.0,0.0,0.0,2.63,160.0,1.315,0.1,20.0,,,,,,,2026-08-07,902.77,902.77,847.4,878.41,887387.0,871.3118
2026-08-07T20:31:36.908,14,14,MU260821C02070000,MU,2026-08-21,call,2070.0,0.0,0.0,2.61,44.0,1.305,0.7,8.0,,,,,,,2026-08-07,902.77,902.77,847.4,878.41,887387.0,871.3118
2026-08-07T20:31:36.908,14,14,MU260821C02080000,MU,2026-08-21,call,2080.0,0.0,0.0,4.32,31.0,2.16,1.09,1.0,,,,,,,2026-08-07,902.77,902.77,847.4,878.41,887387.0,871.3118
2026-08-07T20:31:36.908,14,14,MU260821C02090000,MU,2026-08-21,call,2090.0,0.0,0.0,4.32,10.0,2.16,0.4,10.0,,,,,,,2026-08-07,902.77,902.77,847.4,878.41,887387.0,871.3118
2026-08-07T20:31:36.908,14,14,MU260821C02100000,MU,2026-08-21,call,2100.0,0.0,0.0,1.46,116.0,0.73,0.15,1.0,,,,,,,2026-08-07,902.77,902.77,847.4,878.41,887387.0,871.3118
2026-08-07T20:31:36.908,14,14,MU260821C02110000,MU,2026-08-21,call,2110.0,0.0,0.0,2.71,113.0,1.355,0.01,2.0,,,,,,,2026-08-07,902.77,902.77,847.4,878.41,887387.0,871.3118
2026-08-07T20:31:36.908,14,14,MU260821C02120000,MU,2026-08-21,call,2120.0,0.0,0.0,0.52,78.0,0.26,0.02,1.0,,,,,,,2026-08-07,902.77,902.77,847.4,878.41,887387.0,871.3118
2026-08-07T20:31:36.908,14,14,MU260821C02130000,MU,2026-08-21,call,2130.0,0.0,0.0,2.67,51.0,1.335,0.84,8.0,,,,,,,2026-08-07,902.77,902.77,847.4,878.41,887387.0,871.3118
2026-08-07T20:31:36.908,14,14,MU260821C02140000,MU,2026-08-21,call,2140.0,0.0,0.0,0.9,217.0,0.45,0.03,10.0,,,,,,,2026-08-07,902.77,902.77,847.4,878.41,887387.0,871.3118
2026-08-07T20:31:36.908,14,14,MU260821C02150000,MU,2026-08-21,call,2150.0,0.0,0.0,2.72,145.0,1.36,0.22,1.0,,,,,,,2026-08-07,902.77,902.77,847.4,878.41,887387.0,871.3118
2026-08-07T20:31:36.908,14,14,MU260821C02160000,MU,2026-08-21,call,2160.0,0.0,0.0,2.69,138.0,1.345,0.65,8.0,,,,,,,2026-08-07,902.77,902.77,847.4,878.41,887387.0,871.3118
2026-08-07T20:31:36.908,14,14,MU260821C02170000,MU,2026-08-21,call,2170.0,0.01,6.0,0.11,1.0,0.06,0.05,2.0,,,,,,,2026-08-07,902.77,902.77,847.4,878.41,887387.0,871.3118
2026-08-07T20:31:36.908,14,14,MU260821C02180000,MU,2026-08-21,call,2180.0,0.0,0.0,0.83,198.0,0.415,0.43,1.0,,,,,,,2026-08-07,902.77,902.77,847.4,878.41,887387.0,871.3118
2026-08-07T20:31:36.908,14,14,MU260821C02190000,MU,2026-08-21,call,2190.0,0.0,0.0,2.84,135.0,1.42,0.16,1.0,,,,,,,2026-08-07,902.77,902.77,847.4,878.41,887387.0,871.3118
2026-08-07T20:31:36.908,14,14,MU260821C02200000,MU,2026-08-21,call,2200.0,0.01,6.0,0.09,1.0,0.049999999999999996,0.04,7.0,,,,,,,2026-08-07,902.77,902.77,847.4,878.41,887387.0,871.3118
2026-08-07T20:31:36.908,14,14,MU260821C02210000,MU,2026-08-21,call,2210.0,0.0,0.0,2.48,34.0,1.24,0.3,1.0,,,,,,,2026-08-07,902.77,902.77,847.4,878.41,887387.0,871.3118
2026-08-07T20:31:36.908,14,14,MU260821C02220000,MU,2026-08-21,call,2220.0,0.0,0.0,4.36,144.0,2.18,0.05,1.0,,,,,,,2026-08-07,902.77,902.77,847.4,878.41,887387.0,871.3118
2026-08-07T20:31:36.908,14,14,MU260821C02230000,MU,2026-08-21,call,2230.0,0.01,4.0,0.21,6.0,0.11,0.1,2.0,,,,,,,2026-08-07,902.77,902.77,847.4,878.41,887387.0,871.3118
2026-08-07T20:31:36.908,14,14,MU260821C02240000,MU,2026-08-21,call,2240.0,0.0,0.0,4.22,1.0,2.11,0.49,1.0,,,,,,,2026-08-07,902.77,902.77,847.4,878.41,887387.0,871.3118
2026-08-07T20:31:36.908,14,14,MU260821C02250000,MU,2026-08-21,call,2250.0,0.0,0.0,2.83,186.0,1.415,0.01,1.0,,,,,,,2026-08-07,902.77,902.77,847.4,878.41,887387.0,871.3118
2026-08-07T20:31:36.908,14,14,MU260821C02260000,MU,2026-08-21,call,2260.0,0.0,0.0,1.47,18.0,0.735,0.36,1.0,,,,,,,2026-08-07,902.77,902.77,847.4,878.41,887387.0,871.3118
2026-08-07T20:31:36.908,14,14,MU260821C02270000,MU,2026-08-21,call,2270.0,0.0,0.0,2.79,44.0,1.395,0.45,1.0,,,,,,,2026-08-07,902.77,902.77,847.4,878.41,887387.0,871.3118
2026-08-07T20:31:36.908,14,14,MU260821C02280000,MU,2026-08-21,call,2280.0,0.0,0.0,2.8,31.0,1.4,0.43,1.0,,,,,,,2026-08-07,902.77,902.77,847.4,878.41,887387.0,871.3118
2026-08-07T20:31:36.908,14,14,MU260821C02290000,MU,2026-08-21,call,2290.0,0.0,0.0,0.17,3.0,0.085,0.03,1.0,,,,,,,2026-08-07,902.77,902.77,847.4,878.41,887387.0,871.3118
2026-08-07T20:31:36.908,14,14,MU260821C02300000,MU,2026-08-21,call,2300.0,0.0,0.0,0.11,3.0,0.055,0.04,1.0,,,,,,,2026-08-07,902.77,902.77,847.4,878.41,887387.0,871.3118
2026-08-07T20:31:36.908,14,14,MU260821C02310000,MU,2026-08-21,call,2310.0,0.0,0.0,4.36,1.0,2.18,0.17,1.0,,,,,,,2026-08-07,902.77,902.77,847.4,878.41,887387.0,871.3118
2026-08-07T20:31:36.908,14,14,MU260821C02320000,MU,2026-08-21,call,2320.0,0.0,0.0,2.86,37.0,1.43,0.48,1.0,,,,,,,2026-08-07,902.77,902.77,847.4,878.41,887387.0,871.3118
2026-08-07T20:31:36.908,14,14,MU260821C02330000,MU,2026-08-21,call,2330.0,0.0,0.0,4.15,30.0,2.075,0.36,1.0,,,,,,,2026-08-07,902.77,902.77,847.4,878.41,887387.0,871.3118
2026-08-07T20:31:36.908,14,14,MU260821C02340000,MU,2026-08-21,call,2340.0,0.0,0.0,2.81,28.0,1.405,0.66,1.0,,,,,,,2026-08-07,902.77,902.77,847.4,878.41,887387.0,871.3118
2026-08-07T20:31:36.908,14,14,MU260821C02350000,MU,2026-08-21,call,2350.0,0.0,0.0,0.5,30.0,0.25,0.27,1.0,,,,,,,2026-08-07,902.77,902.77,847.4,878.41,887387.0,871.3118
2026-08-07T20:31:36.908,14,14,MU260821C02360000,MU,2026-08-21,call,2360.0,0.0,0.0,0.11,1.0,0.055,0.09,4.0,,,,,,,2026-08-07,902.77,902.77,847.4,878.41,887387.0,871.3118
2026-08-07T20:31:36.908,14,14,MU260821C02370000,MU,2026-08-21,call,2370.0,0.0,0.0,4.28,132.0,2.14,0.08,1.0,,,,,,,2026-08-07,902.77,902.77,847.4,878.41,887387.0,871.3118
2026-08-07T20:31:36.908,14,14,MU260821C02380000,MU,2026-08-21,call,2380.0,0.0,0.0,2.71,144.0,1.355,0.03,1.0,,,,,,,2026-08-07,902.77,902.77,847.4,878.41,887387.0,871.3118
2026-08-07T20:31:36.908,14,14,MU260821C02390000,MU,2026-08-21,call,2390.0,0.0,0.0,4.27,164.0,2.135,0.02,1.0,,,,,,,2026-08-07,902.77,902.77,847.4,878.41,887387.0,871.3118
2026-08-07T20:31:36.908,14,14,MU260821C02400000,MU,2026-08-21,call,2400.0,0.0,0.0,0.14,9.0,0.07,0.05,5.0,,,,,,,2026-08-07,902.77,902.77,847.4,878.41,887387.0,871.3118
2026-08-07T20:31:36.908,14,14,MU260821C02410000,MU,2026-08-21,call,2410.0,0.0,0.0,2.74,112.0,1.37,0.06,5.0,,,,,,,2026-08-07,902.77,902.77,847.4,878.41,887387.0,871.3118
2026-08-07T20:31:36.908,14,14,MU260821C02420000,MU,2026-08-21,call,2420.0,0.0,0.0,0.61,1.0,0.305,0.04,5.0,,,,,,,2026-08-07,902.77,902.77,847.4,878.41,887387.0,871.3118
2026-08-07T20:31:36.908,14,14,MU260821C02440000,MU,2026-08-21,call,2440.0,0.0,0.0,0.98,105.0,0.49,0.01,8.0,,,,,,,2026-08-07,902.77,902.77,847.4,878.41,887387.0,871.3118
2026-08-07T20:31:36.908,14,14,MU260821C02460000,MU,2026-08-21,call,2460.0,0.03,2.0,0.07,2.0,0.05,0.05,2.0,,,,,,,2026-08-07,902.77,902.77,847.4,878.41,887387.0,871.3118
2026-08-07T20:31:36.908,14,14,MU260821C02480000,MU,2026-08-21,call,2480.0,0.01,7.0,0.05,15.0,0.030000000000000002,0.02,1.0,,,,,,,2026-08-07,902.77,902.77,847.4,878.41,887387.0,871.3118
2026-08-07T20:31:36.908,14,14,MU260821C02500000,MU,2026-08-21,call,2500.0,0.03,215.0,0.06,9.0,0.045,0.02,10.0,,,,,,,2026-08-07,902.77,902.77,847.4,878.41,887387.0,871.3118
2026-08-07T20:31:36.908,14,14,MU260821P00005000,MU,2026-08-21,put,5.0,0.0,0.0,10.1,1.0,5.05,0.01,2.0,,,,,,,2026-08-07,902.77,902.77,847.4,878.41,887387.0,871.3118
2026-08-07T20:31:36.908,14,14,MU260821P00010000,MU,2026-08-21,put,10.0,0.0,0.0,10.02,1.0,5.01,0.01,3.0,,,,,,,2026-08-07,902.77,902.77,847.4,878.41,887387.0,871.3118
2026-08-07T20:31:36.908,14,14,MU260821P00015000,MU,2026-08-21,put,15.0,0.0,0.0,0.03,5.0,0.015,0.01,1.0,,,,,,,2026-08-07,902.77,902.77,847.4,878.41,887387.0,871.3118
2026-08-07T20:31:36.908,14,14,MU260821P00020000,MU,2026-08-21,put,20.0,0.0,0.0,0.03,83.0,0.015,0.01,3.0,,,,,,,2026-08-07,902.77,902.77,847.4,878.41,887387.0,871.3118
2026-08-07T20:31:36.908,14,14,MU260821P00025000,MU,2026-08-21,put,25.0,0.0,0.0,0.01,1000.0,0.005,0.01,1.0,,,,,,,2026-08-07,902.77,902.77,847.4,878.41,887387.0,871.3118
2026-08-07T20:31:36.908,14,14,MU260821P00030000,MU,2026-08-21,put,30.0,0.0,0.0,0.03,1000.0,0.015,0.01,1.0,,,,,,,2026-08-07,902.77,902.77,847.4,878.41,887387.0,871.3118
2026-08-07T20:31:36.908,14,14,MU260821P00035000,MU,2026-08-21,put,35.0,0.0,0.0,0.01,1.0,0.005,0.01,28.0,,,,,,,2026-08-07,902.77,902.77,847.4,878.41,887387.0,871.3118
2026-08-07T20:31:36.908,14,14,MU260821P00040000,MU,2026-08-21,put,40.0,0.0,0.0,0.01,1.0,0.005,0.01,1.0,,,,,,,2026-08-07,902.77,902.77,847.4,878.41,887387.0,871.3118
2026-08-07T20:31:36.908,14,14,MU260821P00045000,MU,2026-08-21,put,45.0,0.0,0.0,9.89,1.0,4.945,0.01,1.0,,,,,,,2026-08-07,902.77,902.77,847.4,878.41,887387.0,871.3118
2026-08-07T20:31:36.908,14,14,MU260821P00050000,MU,2026-08-21,put,50.0,0.0,0.0,10.16,1.0,5.08,0.01,61.0,,,,,,,2026-08-07,902.77,902.77,847.4,878.41,887387.0,871.3118
2026-08-07T20:31:36.908,14,14,MU260821P00055000,MU,2026-08-21,put,55.0,0.0,0.0,10.04,1.0,5.02,0.01,1.0,,,,,,,2026-08-07,902.77,902.77,847.4,878.41,887387.0,871.3118
2026-08-07T20:31:36.908,14,14,MU260821P00060000,MU,2026-08-21,put,60.0,0.0,0.0,1.49,1.0,0.745,0.01,1.0,,,,,,,2026-08-07,902.77,902.77,847.4,878.41,887387.0,871.3118
2026-08-07T20:31:36.908,14,14,MU260821P00065000,MU,2026-08-21,put,65.0,0.0,0.0,20.37,1.0,10.185,0.04,1.0,,,,,,,2026-08-07,902.77,902.77,847.4,878.41,887387.0,871.3118
2026-08-07T20:31:36.908,14,14,MU260821P00070000,MU,2026-08-21,put,70.0,0.0,0.0,0.01,7.0,0.005,0.03,2.0,,,,,,,2026-08-07,902.77,902.77,847.4,878.41,887387.0,871.3118
2026-08-07T20:31:36.908,14,14,MU260821P00075000,MU,2026-08-21,put,75.0,0.0,0.0,20.15,1.0,10.075,0.01,1.0,,,,,,,2026-08-07,902.77,902.77,847.4,878.41,887387.0,871.3118
2026-08-07T20:31:36.908,14,14,MU260821P00080000,MU,2026-08-21,put,80.0,0.0,0.0,1.66,1.0,0.83,0.04,2.0,,,,,,,2026-08-07,902.77,902.77,847.4,878.41,887387.0,871.3118
2026-08-07T20:31:36.908,14,14,MU260821P00085000,MU,2026-08-21,put,85.0,0.0,0.0,19.87,1.0,9.935,0.01,1.0,,,,,,,2026-08-07,902.77,902.77,847.4,878.41,887387.0,871.3118
2026-08-07T20:31:36.908,14,14,MU260821P00090000,MU,2026-08-21,put,90.0,0.0,0.0,19.84,1.0,9.92,0.08,1.0,,,,,,,2026-08-07,902.77,902.77,847.4,878.41,887387.0,871.3118
2026-08-07T20:31:36.908,14,14,MU260821P00095000,MU,2026-08-21,put,95.0,0.0,0.0,19.83,1.0,9.915,0.01,1.0,,,,,,,2026-08-07,902.77,902.77,847.4,878.41,887387.0,871.3118
2026-08-07T20:31:36.908,14,14,MU260821P00100000,MU,2026-08-21,put,100.0,0.0,0.0,20.06,1.0,10.03,0.01,5.0,,,,,,,2026-08-07,902.77,902.77,847.4,878.41,887387.0,871.3118
2026-08-07T20:31:36.908,14,14,MU260821P00105000,MU,2026-08-21,put,105.0,0.0,0.0,1.53,1.0,0.765,0.01,3.0,,,,,,,2026-08-07,902.77,902.77,847.4,878.41,887387.0,871.3118
2026-08-07T20:31:36.908,14,14,MU260821P00110000,MU,2026-08-21,put,110.0,0.0,0.0,1.53,1.0,0.765,0.01,1.0,,,,,,,2026-08-07,902.77,902.77,847.4,878.41,887387.0,871.3118
2026-08-07T20:31:36.908,14,14,MU260821P00115000,MU,2026-08-21,put,115.0,0.0,0.0,20.36,1.0,10.18,0.13,1.0,,,,,,,2026-08-07,902.77,902.77,847.4,878.41,887387.0,871.3118
2026-08-07T20:31:36.908,14,14,MU260821P00120000,MU,2026-08-21,put,120.0,0.0,0.0,19.98,1.0,9.99,0.03,1.0,,,,,,,2026-08-07,902.77,902.77,847.4,878.41,887387.0,871.3118
2026-08-07T20:31:36.908,14,14,MU260821P00125000,MU,2026-08-21,put,125.0,0.0,0.0,0.03,1.0,0.015,0.04,5.0,,,,,,,2026-08-07,902.77,902.77,847.4,878.41,887387.0,871.3118
2026-08-07T20:31:36.908,14,14,MU260821P00130000,MU,2026-08-21,put,130.0,0.0,0.0,0.02,1.0,0.01,0.03,1.0,,,,,,,2026-08-07,902.77,902.77,847.4,878.41,887387.0,871.3118
2026-08-07T20:31:36.908,14,14,MU260821P00135000,MU,2026-08-21,put,135.0,0.0,0.0,0.12,1.0,0.06,0.17,1.0,,,,,,,2026-08-07,902.77,902.77,847.4,878.41,887387.0,871.3118
2026-08-07T20:31:36.908,14,14,MU260821P00140000,MU,2026-08-21,put,140.0,0.0,0.0,20.26,1.0,10.13,0.15,1.0,,,,,,,2026-08-07,902.77,902.77,847.4,878.41,887387.0,871.3118
2026-08-07T20:31:36.908,14,14,MU260821P00145000,MU,2026-08-21,put,145.0,0.0,0.0,20.12,1.0,10.06,0.03,1.0,,,,,,,2026-08-07,902.77,902.77,847.4,878.41,887387.0,871.3118
2026-08-07T20:31:36.908,14,14,MU260821P00150000,MU,2026-08-21,put,150.0,0.0,0.0,19.98,1.0,9.99,0.02,2.0,,,,,,,2026-08-07,902.77,902.77,847.4,878.41,887387.0,871.3118
2026-08-07T20:31:36.908,14,14,MU260821P00155000,MU,2026-08-21,put,155.0,0.0,0.0,0.08,7.0,0.04,0.05,10.0,,,,,,,2026-08-07,902.77,902.77,847.4,878.41,887387.0,871.3118
2026-08-07T20:31:36.908,14,14,MU260821P00160000,MU,2026-08-21,put,160.0,0.0,0.0,19.61,1.0,9.805,0.01,1.0,,,,,,,2026-08-07,902.77,902.77,847.4,878.41,887387.0,871.3118
2026-08-07T20:31:36.908,14,14,MU260821P00165000,MU,2026-08-21,put,165.0,0.0,0.0,19.76,1.0,9.88,0.03,5.0,,,,,,,2026-08-07,902.77,902.77,847.4,878.41,887387.0,871.3118
2026-08-07T20:31:36.908,14,14,MU260821P00170000,MU,2026-08-21,put,170.0,0.0,0.0,0.07,2.0,0.035,0.03,1.0,,,,,,,2026-08-07,902.77,902.77,847.4,878.41,887387.0,871.3118
2026-08-07T20:31:36.908,14,14,MU260821P00175000,MU,2026-08-21,put,175.0,0.0,0.0,1.88,1.0,0.94,0.03,50.0,,,,,,,2026-08-07,902.77,902.77,847.4,878.41,887387.0,871.3118
2026-08-07T20:31:36.908,14,14,MU260821P00180000,MU,2026-08-21,put,180.0,0.0,0.0,0.58,1.0,0.29,0.01,2.0,,,,,,,2026-08-07,902.77,902.77,847.4,878.41,887387.0,871.3118
2026-08-07T20:31:36.908,14,14,MU260821P00185000,MU,2026-08-21,put,185.0,0.0,0.0,0.08,1.0,0.04,0.01,1.0,,,,,,,2026-08-07,902.77,902.77,847.4,878.41,887387.0,871.3118
2026-08-07T20:31:36.908,14,14,MU260821P00190000,MU,2026-08-21,put,190.0,0.0,0.0,0.12,1.0,0.06,0.01,1.0,,,,,,,2026-08-07,902.77,902.77,847.4,878.41,887387.0,871.3118
2026-08-07T20:31:36.908,14,14,MU260821P00195000,MU,2026-08-21,put,195.0,0.0,0.0,1.47,1.0,0.735,0.02,1.0,,,,,,,2026-08-07,902.77,902.77,847.4,878.41,887387.0,871.3118
2026-08-07T20:31:36.908,14,14,MU260821P00200000,MU,2026-08-21,put,200.0,0.0,0.0,1.53,1.0,0.765,0.03,3.0,,,,,,,2026-08-07,902.77,902.77,847.4,878.41,887387.0,871.3118
2026-08-07T20:31:36.908,14,14,MU260821P00210000,MU,2026-08-21,put,210.0,0.0,0.0,2.95,1.0,1.475,0.02,3.0,,,,,,,2026-08-07,902.77,902.77,847.4,878.41,887387.0,871.3118
2026-08-07T20:31:36.908,14,14,MU260821P00220000,MU,2026-08-21,put,220.0,0.0,0.0,0.09,9.0,0.045,0.01,20.0,,,,,,,2026-08-07,902.77,902.77,847.4,878.41,887387.0,871.3118
2026-08-07T20:31:36.908,14,14,MU260821P00230000,MU,2026-08-21,put,230.0,0.0,0.0,4.62,1.0,2.31,0.03,24.0,,,,,,,2026-08-07,902.77,902.77,847.4,878.41,887387.0,871.3118
2026-08-07T20:31:36.908,14,14,MU260821P00240000,MU,2026-08-21,put,240.0,0.0,0.0,0.46,1.0,0.23,0.15,1.0,,,,,,,2026-08-07,902.77,902.77,847.4,878.41,887387.0,871.3118
2026-08-07T20:31:36.908,14,14,MU260821P00250000,MU,2026-08-21,put,250.0,0.01,1.0,0.04,1.0,0.025,0.01,1.0,,,,,,,2026-08-07,902.77,902.77,847.4,878.41,887387.0,871.3118
2026-08-07T20:31:36.908,14,14,MU260821P00260000,MU,2026-08-21,put,260.0,0.0,0.0,0.13,9.0,0.065,0.05,1.0,,,,,,,2026-08-07,902.77,902.77,847.4,878.41,887387.0,871.3118
2026-08-07T20:31:36.908,14,14,MU260821P00270000,MU,2026-08-21,put,270.0,0.0,0.0,0.22,1.0,0.11,0.29,1.0,,,,,,,2026-08-07,902.77,902.77,847.4,878.41,887387.0,871.3118
2026-08-07T20:31:36.908,14,14,MU260821P00280000,MU,2026-08-21,put,280.0,0.0,0.0,0.18,1.0,0.09,0.1,1.0,,,,,,,2026-08-07,902.77,902.77,847.4,878.41,887387.0,871.3118
2026-08-07T20:31:36.908,14,14,MU260821P00290000,MU,2026-08-21,put,290.0,0.0,0.0,0.02,1.0,0.01,0.01,9.0,,,,,,,2026-08-07,902.77,902.77,847.4,878.41,887387.0,871.3118
2026-08-07T20:31:36.908,14,14,MU260821P00300000,MU,2026-08-21,put,300.0,0.0,0.0,0.01,2.0,0.005,0.01,2.0,,,,,,,2026-08-07,902.77,902.77,847.4,878.41,887387.0,871.3118
2026-08-07T20:31:36.908,14,14,MU260821P00310000,MU,2026-08-21,put,310.0,0.0,0.0,0.5,59.0,0.25,0.13,1.0,,,,,,,2026-08-07,902.77,902.77,847.4,878.41,887387.0,871.3118
2026-08-07T20:31:36.908,14,14,MU260821P00320000,MU,2026-08-21,put,320.0,0.0,0.0,1.41,494.0,0.705,0.16,1.0,,,,,,,2026-08-07,902.77,902.77,847.4,878.41,887387.0,871.3118
2026-08-07T20:31:36.908,14,14,MU260821P00330000,MU,2026-08-21,put,330.0,0.0,0.0,0.51,163.0,0.255,0.04,1.0,,,,,,,2026-08-07,902.77,902.77,847.4,878.41,887387.0,871.3118
2026-08-07T20:31:36.908,14,14,MU260821P00340000,MU,2026-08-21,put,340.0,0.0,0.0,0.29,1.0,0.145,0.13,5.0,,,,,,,2026-08-07,902.77,902.77,847.4,878.41,887387.0,871.3118
2026-08-07T20:31:36.908,14,14,MU260821P00350000,MU,2026-08-21,put,350.0,0.01,2.0,0.09,2.0,0.049999999999999996,0.03,1.0,,,,,,,2026-08-07,902.77,902.77,847.4,878.41,887387.0,871.3118
2026-08-07T20:31:36.908,14,14,MU260821P00360000,MU,2026-08-21,put,360.0,0.0,0.0,0.12,1.0,0.06,0.01,1.0,,,,,,,2026-08-07,902.77,902.77,847.4,878.41,887387.0,871.3118
2026-08-07T20:31:36.908,14,14,MU260821P00370000,MU,2026-08-21,put,370.0,0.04,28.0,0.79,218.0,0.41500000000000004,0.18,1.0,,,,,,,2026-08-07,902.77,902.77,847.4,878.41,887387.0,871.3118
2026-08-07T20:31:36.908,14,14,MU260821P00380000,MU,2026-08-21,put,380.0,0.03,1.0,0.29,104.0,0.15999999999999998,0.17,1.0,,,,,,,2026-08-07,902.77,902.77,847.4,878.41,887387.0,871.3118
2026-08-07T20:31:36.908,14,14,MU260821P00390000,MU,2026-08-21,put,390.0,0.03,1.0,2.07,411.0,1.0499999999999998,0.09,2.0,,,,,,,2026-08-07,902.77,902.77,847.4,878.41,887387.0,871.3118
2026-08-07T20:31:36.908,14,14,MU260821P00400000,MU,2026-08-21,put,400.0,0.03,7.0,0.17,1.0,0.1,0.1,1.0,,,,,,,2026-08-07,902.77,902.77,847.4,878.41,887387.0,871.3118
2026-08-07T20:31:36.908,14,14,MU260821P00410000,MU,2026-08-21,put,410.0,0.09,13.0,0.38,69.0,0.235,0.11,1.0,,,,,,,2026-08-07,902.77,902.77,847.4,878.41,887387.0,871.3118
2026-08-07T20:31:36.908,14,14,MU260821P00420000,MU,2026-08-21,put,420.0,0.05,53.0,0.17,1.0,0.11000000000000001,0.12,50.0,,,,,,,2026-08-07,902.77,902.77,847.4,878.41,887387.0,871.3118
2026-08-07T20:31:36.908,14,14,MU260821P00430000,MU,2026-08-21,put,430.0,0.0,0.0,0.13,40.0,0.065,0.1,1.0,,,,,,,2026-08-07,902.77,902.77,847.4,878.41,887387.0,871.3118
2026-08-07T20:31:36.908,14,14,MU260821P00440000,MU,2026-08-21,put,440.0,0.01,43.0,0.17,44.0,0.09000000000000001,0.2,1.0,,,,,,,2026-08-07,902.77,902.77,847.4,878.41,887387.0,871.3118
2026-08-07T20:31:36.908,14,14,MU260821P00450000,MU,2026-08-21,put,450.0,0.1,2.0,0.15,6.0,0.125,0.15,5.0,,,,,,,2026-08-07,902.77,902.77,847.4,878.41,887387.0,871.3118
2026-08-07T20:31:36.908,14,14,MU260821P00460000,MU,2026-08-21,put,460.0,0.01,15.0,0.24,49.0,0.125,0.16,1.0,,,,,,,2026-08-07,902.77,902.77,847.4,878.41,887387.0,871.3118
2026-08-07T20:31:36.908,14,14,MU260821P00470000,MU,2026-08-21,put,470.0,0.03,43.0,0.26,26.0,0.14500000000000002,0.2,1.0,,,,,,,2026-08-07,902.77,902.77,847.4,878.41,887387.0,871.3118
2026-08-07T20:31:36.908,14,14,MU260821P00480000,MU,2026-08-21,put,480.0,0.07,3.0,0.27,24.0,0.17,0.17,1.0,,,,,,,2026-08-07,902.77,902.77,847.4,878.41,887387.0,871.3118
2026-08-07T20:31:36.908,14,14,MU260821P00490000,MU,2026-08-21,put,490.0,0.18,1.0,0.41,58.0,0.295,0.2,10.0,,,,,,,2026-08-07,902.77,902.77,847.4,878.41,887387.0,871.3118
2026-08-07T20:31:36.908,14,14,MU260821P00500000,MU,2026-08-21,put,500.0,0.24,1.0,0.38,16.0,0.31,0.24,1.0,,,,,,,2026-08-07,902.77,902.77,847.4,878.41,887387.0,871.3118
2026-08-07T20:31:36.908,14,14,MU260821P00510000,MU,2026-08-21,put,510.0,0.07,90.0,0.34,79.0,0.20500000000000002,0.22,1.0,,,,,,,2026-08-07,902.77,902.77,847.4,878.41,887387.0,871.3118
2026-08-07T20:31:36.908,14,14,MU260821P00520000,MU,2026-08-21,put,520.0,0.25,3.0,0.34,20.0,0.29500000000000004,0.31,1.0,,,,,,,2026-08-07,902.77,902.77,847.4,878.41,887387.0,871.3118
2026-08-07T20:31:36.908,14,14,MU260821P00530000,MU,2026-08-21,put,530.0,0.26,13.0,0.42,85.0,0.33999999999999997,0.33,5.0,,,,,,,2026-08-07,902.77,902.77,847.4,878.41,887387.0,871.3118
2026-08-07T20:31:36.908,14,14,MU260821P00540000,MU,2026-08-21,put,540.0,0.23,7.0,0.46,67.0,0.34500000000000003,0.3,1.0,,,,,,,2026-08-07,902.77,902.77,847.4,878.41,887387.0,871.3118
2026-08-07T20:31:36.908,14,14,MU260821P00550000,MU,2026-08-21,put,550.0,0.3,20.0,0.5,31.0,0.4,0.38,1.0,,,,,,,2026-08-07,902.77,902.77,847.4,878.41,887387.0,871.3118
2026-08-07T20:31:36.908,14,14,MU260821P00560000,MU,2026-08-21,put,560.0,0.41,1.0,0.52,25.0,0.46499999999999997,0.47,1.0,,,,,,,2026-08-07,902.77,902.77,847.4,878.41,887387.0,871.3118
2026-08-07T20:31:36.908,14,14,MU260821P00570000,MU,2026-08-21,put,570.0,0.4,34.0,0.59,7.0,0.495,0.53,1.0,,,,,,,2026-08-07,902.77,902.77,847.4,878.41,887387.0,871.3118
2026-08-07T20:31:36.908,14,14,MU260821P00580000,MU,2026-08-21,put,580.0,0.48,1.0,0.65,33.0,0.565,0.6,1.0,,,,,,,2026-08-07,902.77,902.77,847.4,878.41,887387.0,871.3118
2026-08-07T20:31:36.908,14,14,MU260821P00590000,MU,2026-08-21,put,590.0,0.51,16.0,0.73,26.0,0.62,0.65,1.0,,,,,,,2026-08-07,902.77,902.77,847.4,878.41,887387.0,871.3118
2026-08-07T20:31:36.908,14,14,MU260821P00600000,MU,2026-08-21,put,600.0,0.63,7.0,0.82,28.0,0.725,0.71,5.0,,,,,,,2026-08-07,902.77,902.77,847.4,878.41,887387.0,871.3118
2026-08-07T20:31:36.908,14,14,MU260821P00610000,MU,2026-08-21,put,610.0,0.73,39.0,0.88,27.0,0.8049999999999999,0.82,5.0,0.8782,-0.0143,0.0002,-0.1943,0.0624,-0.0051,2026-08-07,902.77,902.77,847.4,878.41,887387.0,871.3118
2026-08-07T20:31:36.908,14,14,MU260821P00620000,MU,2026-08-21,put,620.0,0.85,7.0,0.96,2.0,0.905,1.0,7.0,,,,,,,2026-08-07,902.77,902.77,847.4,878.41,887387.0,871.3118
2026-08-07T20:31:36.908,14,14,MU260821P00630000,MU,2026-08-21,put,630.0,1.04,20.0,1.18,6.0,1.1099999999999999,1.08,1.0,0.8502,-0.0197,0.0003,-0.2463,0.0817,-0.007,2026-08-07,902.77,902.77,847.4,878.41,887387.0,871.3118
2026-08-07T20:31:36.908,14,14,MU260821P00640000,MU,2026-08-21,put,640.0,1.24,7.0,1.38,47.0,1.31,1.35,35.0,0.8373,-0.0231,0.0004,-0.2777,0.0936,-0.0082,2026-08-07,902.77,902.77,847.4,878.41,887387.0,871.3118
2026-08-07T20:31:36.908,14,14,MU260821P00650000,MU,2026-08-21,put,650.0,1.45,1.0,1.64,63.0,1.545,1.59,1.0,0.8247,-0.0271,0.0004,-0.3124,0.1069,-0.0097,2026-08-07,902.77,902.77,847.4,878.41,887387.0,871.3118
2026-08-07T20:31:36.908,14,14,MU260821P00660000,MU,2026-08-21,put,660.0,1.71,2.0,1.84,61.0,1.775,1.83,1.0,0.8086,-0.0311,0.0005,-0.3438,0.1201,-0.0111,2026-08-07,902.77,902.77,847.4,878.41,887387.0,871.3118
2026-08-07T20:31:36.908,14,14,MU260821P00670000,MU,2026-08-21,put,670.0,1.92,49.0,2.21,26.0,2.065,2.16,10.0,0.7945,-0.0361,0.0006,-0.3814,0.1356,-0.0129,2026-08-07,902.77,902.77,847.4,878.41,887387.0,871.3118
2026-08-07T20:31:36.908,14,14,MU260821P00680000,MU,2026-08-21,put,680.0,2.24,64.0,2.54,4.0,2.39,2.44,1.0,0.7799,-0.0416,0.0007,-0.4206,0.1524,-0.0149,2026-08-07,902.77,902.77,847.4,878.41,887387.0,871.3118
2026-08-07T20:31:36.908,14,14,MU260821P00690000,MU,2026-08-21,put,690.0,2.73,31.0,2.97,111.0,2.85,2.97,1.0,0.7704,-0.049,0.0008,-0.4734,0.1737,-0.0175,2026-08-07,902.77,902.77,847.4,878.41,887387.0,871.3118
2026-08-07T20:31:36.908,14,14,MU260821P00700000,MU,2026-08-21,put,700.0,3.23,83.0,3.53,19.0,3.38,3.35,1.0,0.7605,-0.0573,0.0009,-0.5291,0.1968,-0.0205,2026-08-07,902.77,902.77,847.4,878.41,887387.0,871.3118
2026-08-07T20:31:36.908,14,14,MU260821P00710000,MU,2026-08-21,put,710.0,3.9,38.0,4.2,7.0,4.05,4.0,1.0,0.7532,-0.0674,0.001,-0.5943,0.2233,-0.0242,2026-08-07,902.77,902.77,847.4,878.41,887387.0,871.3118
2026-08-07T20:31:36.908,14,14,MU260821P00720000,MU,2026-08-21,put,720.0,4.68,35.0,4.97,3.0,4.824999999999999,4.73,1.0,0.7456,-0.0788,0.0012,-0.6627,0.2516,-0.0283,2026-08-07,902.77,902.77,847.4,878.41,887387.0,871.3118
2026-08-07T20:31:36.908,14,14,MU260821P00730000,MU,2026-08-21,put,730.0,5.43,123.0,5.92,20.0,5.675,5.9,1.0,0.7364,-0.0911,0.0013,-0.7298,0.2807,-0.0327,2026-08-07,902.77,902.77,847.4,878.41,887387.0,871.3118
2026-08-07T20:31:36.908,14,14,MU260821P00740000,MU,2026-08-21,put,740.0,6.62,43.0,6.98,18.0,6.800000000000001,6.98,1.0,0.732,-0.1064,0.0015,-0.8118,0.3143,-0.0383,2026-08-07,902.77,902.77,847.4,878.41,887387.0,871.3118
2026-08-07T20:31:36.908,14,14,MU260821P00750000,MU,2026-08-21,put,750.0,7.86,96.0,8.039,11.0,7.9495000000000005,8.039,1.0,0.7232,-0.1221,0.0016,-0.8842,0.3468,-0.044,2026-08-07,902.77,902.77,847.4,878.41,887387.0,871.3118
2026-08-07T20:31:36.908,14,14,MU260821P00760000,MU,2026-08-21,put,760.0,9.31,142.0,9.74,23.0,9.525,9.74,1.0,0.7215,-0.1415,0.0018,-0.9762,0.384,-0.0511,2026-08-07,902.77,902.77,847.4,878.41,887387.0,871.3118
2026-08-07T20:31:36.908,14,14,MU260821P00770000,MU,2026-08-21,put,770.0,10.96,10.0,11.35,1.0,11.155000000000001,11.35,1.0,0.7156,-0.1616,0.002,-1.0568,0.4195,-0.0585,2026-08-07,902.77,902.77,847.4,878.41,887387.0,871.3118
2026-08-07T20:31:36.908,14,14,MU260821P00780000,MU,2026-08-21,put,780.0,12.45,36.0,13.34,83.0,12.895,13.34,1.0,0.7074,-0.1829,0.0022,-1.1295,0.4539,-0.0663,2026-08-07,902.77,902.77,847.4,878.41,887387.0,871.3118
2026-08-07T20:31:36.908,14,14,MU260821P00790000,MU,2026-08-21,put,790.0,14.61,31.0,15.26,70.0,14.934999999999999,15.26,1.0,0.701,-0.2065,0.0024,-1.2039,0.4887,-0.075,2026-08-07,902.77,902.77,847.4,878.41,887387.0,871.3118
2026-08-07T20:31:36.908,14,14,MU260821P00795000,MU,2026-08-21,put,795.0,16.28,36.0,17.23,21.0,16.755000000000003,16.99,1.0,0.7117,-0.2227,0.0024,-1.2768,0.5106,-0.0811,2026-08-07,902.77,902.77,847.4,878.41,887387.0,871.3118
2026-08-07T20:31:36.908,14,14,MU260821P00800000,MU,2026-08-21,put,800.0,17.26,20.0,18.01,85.0,17.635,17.5,1.0,0.7025,-0.234,0.0025,-1.295,0.525,-0.0852,2026-08-07,902.77,902.77,847.4,878.41,887387.0,871.3118
2026-08-07T20:31:36.908,14,14,MU260821P00805000,MU,2026-08-21,put,805.0,18.2,8.0,19.64,116.0,18.92,19.64,5.0,0.6998,-0.2474,0.0026,-1.3293,0.5412,-0.0902,2026-08-07,902.77,902.77,847.4,878.41,887387.0,871.3118
2026-08-07T20:31:36.908,14,14,MU260821P00810000,MU,2026-08-21,put,810.0,19.89,4.0,21.06,112.0,20.475,21.78,1.0,0.7008,-0.2622,0.0027,-1.3714,0.5579,-0.0958,2026-08-07,902.77,902.77,847.4,878.41,887387.0,871.3118
2026-08-07T20:31:36.908,14,14,MU260821P00815000,MU,2026-08-21,put,815.0,21.23,130.0,22.44,22.0,21.835,24.34,5.0,0.6969,-0.2761,0.0028,-1.399,0.5726,-0.101,2026-08-07,902.77,902.77,847.4,878.41,887387.0,871.3118
2026-08-07T20:31:36.908,14,14,MU260821P00820000,MU,2026-08-21,put,820.0,22.14,131.0,23.69,152.0,22.915,23.69,1.0,0.6871,-0.2893,0.0029,-1.4094,0.5855,-0.1058,2026-08-07,902.77,902.77,847.4,878.41,887387.0,871.3118
2026-08-07T20:31:36.908,14,14,MU260821P00825000,MU,2026-08-21,put,825.0,24.66,3.0,25.83,14.0,25.244999999999997,26.06,1.0,0.6972,-0.3068,0.0029,-1.4684,0.6015,-0.1126,2026-08-07,902.77,902.77,847.4,878.41,887387.0,871.3118
2026-08-07T20:31:36.908,14,14,MU260821P00830000,MU,2026-08-21,put,830.0,26.41,79.0,27.67,20.0,27.04,27.67,1.0,0.6968,-0.3225,0.003,-1.4981,0.6144,-0.1185,2026-08-07,902.77,902.77,847.4,878.41,887387.0,871.3118
2026-08-07T20:31:36.908,14,14,MU260821P00835000,MU,2026-08-21,put,835.0,28.07,141.0,29.25,88.0,28.66,29.25,1.0,0.6923,-0.3377,0.0031,-1.5152,0.6259,-0.1243,2026-08-07,902.77,902.77,847.4,878.41,887387.0,871.3118
2026-08-07T20:31:36.908,14,14,MU260821P00840000,MU,2026-08-21,put,840.0,29.94,87.0,31.99,84.0,30.965,31.99,1.0,0.6973,-0.3546,0.0031,-1.5533,0.6373,-0.1308,2026-08-07,902.77,902.77,847.4,878.41,887387.0,871.3118
2026-08-07T20:31:36.908,14,14,MU260821P00845000,MU,2026-08-21,put,845.0,31.32,48.0,32.7,108.0,32.010000000000005,32.7,2.0,0.6815,-0.3692,0.0032,-1.5372,0.6462,-0.1361,2026-08-07,902.77,902.77,847.4,878.41,887387.0,871.3118
2026-08-07T20:31:36.908,14,14,MU260821P00850000,MU,2026-08-21,put,850.0,34.24,97.0,35.5,89.0,34.870000000000005,35.5,1.0,0.6924,-0.3869,0.0032,-1.5839,0.6556,-0.1432,2026-08-07,902.77,902.77,847.4,878.41,887387.0,871.3118
2026-08-07T20:31:36.908,14,14,MU260821P00855000,MU,2026-08-21,put,855.0,35.68,70.0,38.11,66.0,36.894999999999996,37.79,1.0,0.6892,-0.4034,0.0033,-1.5932,0.6631,-0.1495,2026-08-07,902.77,902.77,847.4,878.41,887387.0,871.3118
2026-08-07T20:31:36.908,14,14,MU260821P00860000,MU,2026-08-21,put,860.0,38.84,44.0,39.63,115.0,39.235,39.63,1.0,0.6895,-0.4202,0.0033,-1.608,0.6695,-0.156,2026-08-07,902.77,902.77,847.4,878.41,887387.0,871.3118
2026-08-07T20:31:36.908,14,14,MU260821P00865000,MU,2026-08-21,put,865.0,40.39,44.0,42.19,91.0,41.29,42.19,1.0,0.6842,-0.437,0.0034,-1.6065,0.6747,-0.1624,2026-08-07,902.77,902.77,847.4,878.41,887387.0,871.3118
2026-08-07T20:31:36.908,14,14,MU260821P00870000,MU,2026-08-21,put,870.0,42.61,22.0,44.45,100.0,43.53,45.62,1.0,0.6805,-0.454,0.0034,-1.6056,0.6787,-0.169,2026-08-07,902.77,902.77,847.4,878.41,887387.0,871.3118
2026-08-07T20:31:36.908,14,14,MU260821P00875000,MU,2026-08-21,put,875.0,45.8,45.0,46.02,102.0,45.91,51.22,5.0,0.6777,-0.4712,0.0034,-1.6036,0.6815,-0.1757,2026-08-07,902.77,902.77,847.4,878.41,887387.0,871.3118
2026-08-07T20:31:36.908,14,14,MU260821P00880000,MU,2026-08-21,put,880.0,47.85,33.0,48.27,34.0,48.06,48.27,2.0,0.6702,-0.4888,0.0035,-1.5873,0.683,-0.1824,2026-08-07,902.77,902.77,847.4,878.41,887387.0,871.3118
2026-08-07T20:31:36.908,14,14,MU260821P00885000,MU,2026-08-21,put,885.0,50.16,74.0,52.29,69.0,51.224999999999994,52.93,1.0,0.6764,-0.5055,0.0034,-1.6011,0.6832,-0.1892,2026-08-07,902.77,902.77,847.4,878.41,887387.0,871.3118
2026-08-07T20:31:36.908,14,14,MU260821P00890000,MU,2026-08-21,put,890.0,52.48,69.0,56.49,73.0,54.485,58.98,1.0,0.6827,-0.5217,0.0034,-1.6124,0.6822,-0.1959,2026-08-07,902.77,902.77,847.4,878.41,887387.0,871.3118
2026-08-07T20:31:36.908,14,14,MU260821P00895000,MU,2026-08-21,put,895.0,54.73,72.0,59.2,117.0,56.965,60.35,1.0,0.6764,-0.5392,0.0034,-1.5897,0.6799,-0.2027,2026-08-07,902.77,902.77,847.4,878.41,887387.0,871.3118
2026-08-07T20:31:36.908,14,14,MU260821P00900000,MU,2026-08-21,put,900.0,58.21,12.0,61.46,121.0,59.835,61.46,1.0,0.6746,-0.5562,0.0034,-1.5751,0.6764,-0.2095,2026-08-07,902.77,902.77,847.4,878.41,887387.0,871.3118
2026-08-07T20:31:36.908,14,14,MU260821P00905000,MU,2026-08-21,put,905.0,61.53,68.0,63.52,93.0,62.525000000000006,61.81,1.0,0.6688,-0.5737,0.0034,-1.5478,0.6715,-0.2164,2026-08-07,902.77,902.77,847.4,878.41,887387.0,871.3118
2026-08-07T20:31:36.908,14,14,MU260821P00910000,MU,2026-08-21,put,910.0,63.82,65.0,68.72,11.0,66.27,67.37,1.0,0.6777,-0.5883,0.0034,-1.5549,0.6664,-0.2228,2026-08-07,902.77,902.77,847.4,878.41,887387.0,871.3118
2026-08-07T20:31:36.908,14,14,MU260821P00915000,MU,2026-08-21,put,915.0,68.28,2.0,69.83,4.0,69.055,71.49,1.0,0.6709,-0.6059,0.0033,-1.5194,0.659,-0.2297,2026-08-07,902.77,902.77,847.4,878.41,887387.0,871.3118
2026-08-07T20:31:36.908,14,14,MU260821P00920000,MU,2026-08-21,put,920.0,69.72,2.0,73.68,10.0,71.7,73.68,1.0,0.6607,-0.6243,0.0034,-1.4716,0.6498,-0.2369,2026-08-07,902.77,902.77,847.4,878.41,887387.0,871.3118
2026-08-07T20:31:36.908,14,14,MU260821P00925000,MU,2026-08-21,put,925.0,72.62,114.0,78.85,88.0,75.735,78.46,2.0,0.6707,-0.6374,0.0033,-1.4753,0.6423,-0.2428,2026-08-07,902.77,902.77,847.4,878.41,887387.0,871.3118
2026-08-07T20:31:36.908,14,14,MU260821P00930000,MU,2026-08-21,put,930.0,79.44,29.0,81.38,88.0,80.41,81.38,1.0,0.6899,-0.6472,0.0031,-1.5028,0.6362,-0.2479,2026-08-07,902.77,902.77,847.4,878.41,887387.0,871.3118
2026-08-07T20:31:36.908,14,14,MU260821P00935000,MU,2026-08-21,put,935.0,80.68,75.0,86.2,83.0,83.44,76.85,1.0,0.6822,-0.6641,0.0031,-1.4554,0.6246,-0.2548,2026-08-07,902.77,902.77,847.4,878.41,887387.0,871.3118
2026-08-07T20:31:36.908,14,14,MU260821P00940000,MU,2026-08-21,put,940.0,86.08,41.0,89.02,89.0,87.55,89.4,7.0,0.6907,-0.6759,0.003,-1.4511,0.6157,-0.2603,2026-08-07,902.77,902.77,847.4,878.41,887387.0,871.3118
2026-08-07T20:31:36.908,14,14,MU260821P00945000,MU,2026-08-21,put,945.0,86.57,96.0,90.84,60.0,88.705,80.56,1.0,0.6492,-0.7039,0.0031,-1.302,0.5919,-0.2701,2026-08-07,902.77,902.77,847.4,878.41,887387.0,871.3118
2026-08-07T20:31:36.908,14,14,MU260821P00950000,MU,2026-08-21,put,950.0,91.19,26.0,95.4,20.0,93.295,95.4,10.0,0.6635,-0.7129,0.003,-1.3109,0.5834,-0.2749,2026-08-07,902.77,902.77,847.4,878.41,887387.0,871.3118
2026-08-07T20:31:36.908,14,14,MU260821P00955000,MU,2026-08-21,put,955.0,93.39,11.0,99.6,1.0,96.495,111.8,2.0,0.6528,-0.7305,0.003,-1.2457,0.5658,-0.282,2026-08-07,902.77,902.77,847.4,878.41,887387.0,871.3118
2026-08-07T20:31:36.908,14,14,MU260821P00957500,MU,2026-08-21,put,957.5,98.02,42.0,103.06,33.0,100.53999999999999,117.7,1.0,0.6902,-0.7235,0.0028,-1.3391,0.573,-0.2812,2026-08-07,902.77,902.77,847.4,878.41,887387.0,871.3118
2026-08-07T20:31:36.908,14,14,MU260821P00960000,MU,2026-08-21,put,960.0,99.24,79.0,106.03,90.0,102.63499999999999,106.22,1.0,0.6932,-0.7288,0.0028,-1.3311,0.5675,-0.2838,2026-08-07,902.77,902.77,847.4,878.41,887387.0,871.3118
2026-08-07T20:31:36.908,14,14,MU260821P00962500,MU,2026-08-21,put,962.5,97.29,6.0,106.34,6.0,101.815,194.34,2.0,0.6432,-0.7541,0.0029,-1.1631,0.5394,-0.292,2026-08-07,902.77,902.77,847.4,878.41,887387.0,871.3118
2026-08-07T20:31:36.908,14,14,MU260821P00965000,MU,2026-08-21,put,965.0,102.15,16.0,109.88,1.0,106.015,111.43,3.0,0.6841,-0.7447,0.0027,-1.2689,0.5503,-0.2904,2026-08-07,902.77,902.77,847.4,878.41,887387.0,871.3118
2026-08-07T20:31:36.908,14,14,MU260821P00970000,MU,2026-08-21,put,970.0,106.54,103.0,112.92,21.0,109.73,114.55,2.0,0.6797,-0.7586,0.0027,-1.2193,0.5341,-0.2965,2026-08-07,902.77,902.77,847.4,878.41,887387.0,871.3118
2026-08-07T20:31:36.908,14,14,MU260821P00975000,MU,2026-08-21,put,975.0,109.5,8.0,118.32,44.0,113.91,116.17,1.0,0.6829,-0.7692,0.0026,-1.1922,0.521,-0.3017,2026-08-07,902.77,902.77,847.4,878.41,887387.0,871.3118
2026-08-07T20:31:36.908,14,14,MU260821P00980000,MU,2026-08-21,put,980.0,117.0,41.0,120.56,49.0,118.78,122.08,2.0,0.6988,-0.7746,0.0025,-1.2039,0.5142,-0.3054,2026-08-07,902.77,902.77,847.4,878.41,887387.0,871.3118
2026-08-07T20:31:36.908,14,14,MU260821P00985000,MU,2026-08-21,put,985.0,117.59,27.0,123.31,31.0,120.45,138.44,1.0,0.6491,-0.8056,0.0025,-1.0101,0.4713,-0.3164,2026-08-07,902.77,902.77,847.4,878.41,887387.0,871.3118
2026-08-07T20:31:36.908,14,14,MU260821P00990000,MU,2026-08-21,put,990.0,119.49,135.0,126.88,38.0,123.185,130.74,2.0,0.6158,-0.8307,0.0024,-0.8657,0.4322,-0.3259,2026-08-07,902.77,902.77,847.4,878.41,887387.0,871.3118
2026-08-07T20:31:36.908,14,14,MU260821P00995000,MU,2026-08-21,put,995.0,129.69,60.0,133.54,53.0,131.615,125.06,1.0,0.708,-0.8029,0.0023,-1.1186,0.4753,-0.3198,2026-08-07,902.77,902.77,847.4,878.41,887387.0,871.3118
2026-08-07T20:31:36.908,14,14,MU260821P01000000,MU,2026-08-21,put,1000.0,133.53,27.0,139.4,85.0,136.465,140.0,2.0,0.7217,-0.8074,0.0022,-1.1237,0.4686,-0.3232,2026-08-07,902.77,902.77,847.4,878.41,887387.0,871.3118
2026-08-07T20:31:36.908,14,14,MU260821P01005000,MU,2026-08-21,put,1005.0,130.36,1.0,143.26,5.0,136.81,129.6,2.0,0.6301,-0.8542,0.0021,-0.7936,0.3919,-0.339,2026-08-07,902.77,902.77,847.4,878.41,887387.0,871.3118
2026-08-07T20:31:36.908,14,14,MU260821P01010000,MU,2026-08-21,put,1010.0,138.35,53.0,146.55,41.0,142.45,145.55,2.0,0.6617,-0.85,0.0021,-0.8552,0.3993,-0.3397,2026-08-07,902.77,902.77,847.4,878.41,887387.0,871.3118
2026-08-07T20:31:36.908,14,14,MU260821P01020000,MU,2026-08-21,put,1020.0,150.53,31.0,154.83,98.0,152.68,150.53,1.0,0.698,-0.8526,0.0019,-0.8942,0.3947,-0.3445,2026-08-07,902.77,902.77,847.4,878.41,887387.0,871.3118
2026-08-07T20:31:36.908,14,14,MU260821P01030000,MU,2026-08-21,put,1030.0,156.73,143.0,161.15,87.0,158.94,153.19,2.0,0.6199,-0.8991,0.0017,-0.5756,0.3026,-0.3625,2026-08-07,902.77,902.77,847.4,878.41,887387.0,871.3118
2026-08-07T20:31:36.908,14,14,MU260821P01040000,MU,2026-08-21,put,1040.0,165.97,22.0,174.68,87.0,170.325,176.0,1.0,0.691,-0.8855,0.0016,-0.7234,0.3313,-0.3623,2026-08-07,902.77,902.77,847.4,878.41,887387.0,871.3118
2026-08-07T20:31:36.908,14,14,MU260821P01050000,MU,2026-08-21,put,1050.0,175.61,94.0,185.11,156.0,180.36,180.4,2.0,0.7195,-0.8884,0.0015,-0.7407,0.3254,-0.3671,2026-08-07,902.77,902.77,847.4,878.41,887387.0,871.3118
2026-08-07T20:31:36.908,14,14,MU260821P01060000,MU,2026-08-21,put,1060.0,185.55,83.0,191.5,23.0,188.525,189.52,1.0,0.6844,-0.9128,0.0014,-0.5654,0.2716,-0.3785,2026-08-07,902.77,902.77,847.4,878.41,887387.0,871.3118
2026-08-07T20:31:36.908,14,14,MU260821P01070000,MU,2026-08-21,put,1070.0,192.6,59.0,200.89,63.0,196.745,205.43,2.0,0.6342,-0.9396,0.0011,-0.3628,0.2051,-0.3906,2026-08-07,902.77,902.77,847.4,878.41,887387.0,871.3118
2026-08-07T20:31:36.908,14,14,MU260821P01080000,MU,2026-08-21,put,1080.0,197.02,5.0,206.86,12.0,201.94,212.08,3.0,,,,,,,2026-08-07,902.77,902.77,847.4,878.41,887387.0,871.3118
2026-08-07T20:31:36.908,14,14,MU260821P01090000,MU,2026-08-21,put,1090.0,211.42,11.0,218.39,1.0,214.90499999999997,211.46,1.0,0.5571,-0.9745,0.0006,-0.0957,0.1016,-0.4093,2026-08-07,902.77,902.77,847.4,878.41,887387.0,871.3118
2026-08-07T20:31:36.908,14,14,MU260821P01100000,MU,2026-08-21,put,1100.0,214.85,8.0,226.29,1.0,220.57,235.64,2.0,,,,,,,2026-08-07,902.77,902.77,847.4,878.41,887387.0,871.3118
2026-08-07T20:31:36.908,14,14,MU260821P01110000,MU,2026-08-21,put,1110.0,230.01,87.0,237.44,9.0,233.725,241.5,1.0,,,,,,,2026-08-07,902.77,902.77,847.4,878.41,887387.0,871.3118
2026-08-07T20:31:36.908,14,14,MU260821P01120000,MU,2026-08-21,put,1120.0,244.26,144.0,253.17,169.0,248.71499999999997,249.0,2.0,0.8375,-0.922,0.001,-0.6421,0.2499,-0.4046,2026-08-07,902.77,902.77,847.4,878.41,887387.0,871.3118
2026-08-07T20:31:36.908,14,14,MU260821P01130000,MU,2026-08-21,put,1130.0,250.51,101.0,260.339,1.0,255.4245,257.0,1.0,0.6845,-0.9667,0.0006,-0.2003,0.1269,-0.4222,2026-08-07,902.77,902.77,847.4,878.41,887387.0,871.3118
2026-08-07T20:31:36.908,14,14,MU260821P01140000,MU,2026-08-21,put,1140.0,262.14,6.0,265.1,2.0,263.62,320.43,1.0,,,,,,,2026-08-07,902.77,902.77,847.4,878.41,887387.0,871.3118
2026-08-07T20:31:36.908,14,14,MU260821P01150000,MU,2026-08-21,put,1150.0,273.18,31.0,282.87,33.0,278.025,282.6,1.0,0.8758,-0.9336,0.0009,-0.5814,0.2208,-0.4198,2026-08-07,902.77,902.77,847.4,878.41,887387.0,871.3118
2026-08-07T20:31:36.908,14,14,MU260821P01160000,MU,2026-08-21,put,1160.0,276.73,1.0,283.03,1.0,279.88,290.82,2.0,,,,,,,2026-08-07,902.77,902.77,847.4,878.41,887387.0,871.3118
2026-08-07T20:31:36.908,14,14,MU260821P01170000,MU,2026-08-21,put,1170.0,290.05,33.0,301.4,73.0,295.725,256.27,3.0,0.7876,-0.9642,0.0006,-0.2657,0.1349,-0.4368,2026-08-07,902.77,902.77,847.4,878.41,887387.0,871.3118
2026-08-07T20:31:36.908,14,14,MU260821P01180000,MU,2026-08-21,put,1180.0,293.07,12.0,311.15,15.0,302.11,288.17,1.0,,,,,,,2026-08-07,902.77,902.77,847.4,878.41,887387.0,871.3118
2026-08-07T20:31:36.908,14,14,MU260821P01190000,MU,2026-08-21,put,1190.0,299.65,82.0,316.83,83.0,308.24,325.0,10.0,,,,,,,2026-08-07,902.77,902.77,847.4,878.41,887387.0,871.3118
2026-08-07T20:31:36.908,14,14,MU260821P01200000,MU,2026-08-21,put,1200.0,324.87,22.0,330.78,176.0,327.825,319.05,1.0,,,,,,,2026-08-07,902.77,902.77,847.4,878.41,887387.0,871.3118
2026-08-07T20:31:36.908,14,14,MU260821P01210000,MU,2026-08-21,put,1210.0,330.37,45.0,338.71,87.0,334.53999999999996,441.08,1.0,0.7437,-0.9841,0.0003,-0.0616,0.0681,-0.4584,2026-08-07,902.77,902.77,847.4,878.41,887387.0,871.3118
2026-08-07T20:31:36.908,14,14,MU260821P01220000,MU,2026-08-21,put,1220.0,337.23,1.0,355.81,1.0,346.52,377.39,2.0,0.9392,-0.9564,0.0006,-0.4124,0.1581,-0.4537,2026-08-07,902.77,902.77,847.4,878.41,887387.0,871.3118
2026-08-07T20:31:36.908,14,14,MU260821P01230000,MU,2026-08-21,put,1230.0,342.51,22.0,366.28,66.0,354.395,357.81,1.0,0.7565,-0.9868,0.0003,-0.0358,0.0582,-0.4669,2026-08-07,902.77,902.77,847.4,878.41,887387.0,871.3118
2026-08-07T20:31:36.908,14,14,MU260821P01240000,MU,2026-08-21,put,1240.0,361.13,23.0,374.89,20.0,368.01,311.14,1.0,,,,,,,2026-08-07,902.77,902.77,847.4,878.41,887387.0,871.3118
2026-08-07T20:31:36.908,14,14,MU260821P01250000,MU,2026-08-21,put,1250.0,368.44,3.0,372.07,7.0,370.255,379.75,1.0,,,,,,,2026-08-07,902.77,902.77,847.4,878.41,887387.0,871.3118
2026-08-07T20:31:36.908,14,14,MU260821P01260000,MU,2026-08-21,put,1260.0,378.85,31.0,389.23,14.0,384.04,395.97,1.0,0.7295,-0.9933,0.0001,0.0419,0.0319,-0.4805,2026-08-07,902.77,902.77,847.4,878.41,887387.0,871.3118
2026-08-07T20:31:36.908,14,14,MU260821P01270000,MU,2026-08-21,put,1270.0,392.2,71.0,401.68,17.0,396.94,381.0,10.0,,,,,,,2026-08-07,902.77,902.77,847.4,878.41,887387.0,871.3118
2026-08-07T20:31:36.908,14,14,MU260821P01280000,MU,2026-08-21,put,1280.0,390.61,36.0,402.72,35.0,396.665,313.63,1.0,,,,,,,2026-08-07,902.77,902.77,847.4,878.41,887387.0,871.3118
2026-08-07T20:31:36.908,14,14,MU260821P01290000,MU,2026-08-21,put,1290.0,410.77,1.0,419.66,1.0,415.21500000000003,414.43,1.0,,,,,,,2026-08-07,902.77,902.77,847.4,878.41,887387.0,871.3118
2026-08-07T20:31:36.908,14,14,MU260821P01300000,MU,2026-08-21,put,1300.0,417.86,21.0,434.7,34.0,426.28,405.76,25.0,,,,,,,2026-08-07,902.77,902.77,847.4,878.41,887387.0,871.3118
2026-08-07T20:31:36.908,14,14,MU260821P01310000,MU,2026-08-21,put,1310.0,417.45,1.0,444.43,1.0,430.94,538.65,10.0,,,,,,,2026-08-07,902.77,902.77,847.4,878.41,887387.0,871.3118
2026-08-07T20:31:36.908,14,14,MU260821P01320000,MU,2026-08-21,put,1320.0,431.3,1.0,440.3,1.0,435.8,416.46,2.0,,,,,,,2026-08-07,902.77,902.77,847.4,878.41,887387.0,871.3118
2026-08-07T20:31:36.908,14,14,MU260821P01330000,MU,2026-08-21,put,1330.0,445.05,1.0,465.75,1.0,455.4,390.68,3.0,,,,,,,2026-08-07,902.77,902.77,847.4,878.41,887387.0,871.3118
2026-08-07T20:31:36.908,14,14,MU260821P01340000,MU,2026-08-21,put,1340.0,457.73,27.0,460.22,16.0,458.975,352.65,1.0,,,,,,,2026-08-07,902.77,902.77,847.4,878.41,887387.0,871.3118
2026-08-07T20:31:36.908,14,14,MU260821P01350000,MU,2026-08-21,put,1350.0,467.18,1.0,483.27,1.0,475.225,458.08,1.0,,,,,,,2026-08-07,902.77,902.77,847.4,878.41,887387.0,871.3118
2026-08-07T20:31:36.908,14,14,MU260821P01360000,MU,2026-08-21,put,1360.0,468.03,31.0,498.34,18.0,483.18499999999995,507.75,1.0,,,,,,,2026-08-07,902.77,902.77,847.4,878.41,887387.0,871.3118
2026-08-07T20:31:36.908,14,14,MU260821P01370000,MU,2026-08-21,put,1370.0,493.01,1.0,498.36,1.0,495.685,390.42,1.0,,,,,,,2026-08-07,902.77,902.77,847.4,878.41,887387.0,871.3118
2026-08-07T20:31:36.908,14,14,MU260821P01380000,MU,2026-08-21,put,1380.0,497.37,23.0,504.6,34.0,500.985,454.09,1.0,,,,,,,2026-08-07,902.77,902.77,847.4,878.41,887387.0,871.3118
2026-08-07T20:31:36.908,14,14,MU260821P01390000,MU,2026-08-21,put,1390.0,500.76,1.0,511.14,1.0,505.95,583.89,1.0,,,,,,,2026-08-07,902.77,902.77,847.4,878.41,887387.0,871.3118
2026-08-07T20:31:36.908,14,14,MU260821P01400000,MU,2026-08-21,put,1400.0,516.44,15.0,531.63,33.0,524.0350000000001,494.83,1.0,,,,,,,2026-08-07,902.77,902.77,847.4,878.41,887387.0,871.3118
2026-08-07T20:31:36.908,14,14,MU260821P01410000,MU,2026-08-21,put,1410.0,525.49,33.0,546.51,33.0,536.0,553.5,10.0,,,,,,,2026-08-07,902.77,902.77,847.4,878.41,887387.0,871.3118
2026-08-07T20:31:36.908,14,14,MU260821P01420000,MU,2026-08-21,put,1420.0,537.54,8.0,557.3,3.0,547.42,342.34,8.0,,,,,,,2026-08-07,902.77,902.77,847.4,878.41,887387.0,871.3118
2026-08-07T20:31:36.908,14,14,MU260821P01430000,MU,2026-08-21,put,1430.0,541.23,1.0,553.02,1.0,547.125,351.96,3.0,,,,,,,2026-08-07,902.77,902.77,847.4,878.41,887387.0,871.3118
2026-08-07T20:31:36.908,14,14,MU260821P01440000,MU,2026-08-21,put,1440.0,561.4,5.0,573.19,13.0,567.2950000000001,481.65,1.0,,,,,,,2026-08-07,902.77,902.77,847.4,878.41,887387.0,871.3118
2026-08-07T20:31:36.908,14,14,MU260821P01450000,MU,2026-08-21,put,1450.0,568.94,38.0,579.09,15.0,574.0150000000001,625.2,1.0,,,,,,,2026-08-07,902.77,902.77,847.4,878.41,887387.0,871.3118
2026-08-07T20:31:36.908,14,14,MU260821P01460000,MU,2026-08-21,put,1460.0,573.43,23.0,587.2,21.0,580.315,669.92,1.0,,,,,,,2026-08-07,902.77,902.77,847.4,878.41,887387.0,871.3118
2026-08-07T20:31:36.908,14,14,MU260821P01470000,MU,2026-08-21,put,1470.0,585.75,3.0,590.5,1.0,588.125,514.37,1.0,,,,,,,2026-08-07,902.77,902.77,847.4,878.41,887387.0,871.3118
2026-08-07T20:31:36.908,14,14,MU260821P01480000,MU,2026-08-21,put,1480.0,587.57,32.0,598.65,30.0,593.11,503.49,3.0,,,,,,,2026-08-07,902.77,902.77,847.4,878.41,887387.0,871.3118
2026-08-07T20:31:36.908,14,14,MU260821P01490000,MU,2026-08-21,put,1490.0,615.18,34.0,616.23,32.0,615.7049999999999,726.66,1.0,,,,,,,2026-08-07,902.77,902.77,847.4,878.41,887387.0,871.3118
2026-08-07T20:31:36.908,14,14,MU260821P01500000,MU,2026-08-21,put,1500.0,624.89,3.0,636.45,1.0,630.6700000000001,614.73,25.0,,,,,,,2026-08-07,902.77,902.77,847.4,878.41,887387.0,871.3118
2026-08-07T20:31:36.908,14,14,MU260821P01510000,MU,2026-08-21,put,1510.0,615.58,34.0,644.27,31.0,629.925,654.77,1.0,,,,,,,2026-08-07,902.77,902.77,847.4,878.41,887387.0,871.3118
2026-08-07T20:31:36.908,14,14,MU260821P01520000,MU,2026-08-21,put,1520.0,637.08,1.0,645.7,1.0,641.3900000000001,650.92,2.0,,,,,,,2026-08-07,902.77,902.77,847.4,878.41,887387.0,871.3118
2026-08-07T20:31:36.908,14,14,MU260821P01530000,MU,2026-08-21,put,1530.0,658.48,32.0,668.77,28.0,663.625,538.9,1.0,,,,,,,2026-08-07,902.77,902.77,847.4,878.41,887387.0,871.3118
2026-08-07T20:31:36.908,14,14,MU260821P01540000,MU,2026-08-21,put,1540.0,653.4,1.0,660.88,1.0,657.14,592.65,1.0,,,,,,,2026-08-07,902.77,902.77,847.4,878.41,887387.0,871.3118
2026-08-07T20:31:36.908,14,14,MU260821P01550000,MU,2026-08-21,put,1550.0,655.37,17.0,683.83,32.0,669.6,725.62,1.0,,,,,,,2026-08-07,902.77,902.77,847.4,878.41,887387.0,871.3118
2026-08-07T20:31:36.908,14,14,MU260821P01560000,MU,2026-08-21,put,1560.0,670.85,1.0,696.09,1.0,683.47,543.0,1.0,,,,,,,2026-08-07,902.77,902.77,847.4,878.41,887387.0,871.3118
2026-08-07T20:31:36.908,14,14,MU260821P01570000,MU,2026-08-21,put,1570.0,677.9,37.0,688.69,35.0,683.2950000000001,573.16,1.0,,,,,,,2026-08-07,902.77,902.77,847.4,878.41,887387.0,871.3118
2026-08-07T20:31:36.908,14,14,MU260821P01580000,MU,2026-08-21,put,1580.0,696.71,26.0,722.46,5.0,709.585,536.86,1.0,,,,,,,2026-08-07,902.77,902.77,847.4,878.41,887387.0,871.3118
2026-08-07T20:31:36.908,14,14,MU260821P01590000,MU,2026-08-21,put,1590.0,718.06,22.0,731.91,29.0,724.9849999999999,712.27,4.0,,,,,,,2026-08-07,902.77,902.77,847.4,878.41,887387.0,871.3118
2026-08-07T20:31:36.908,14,14,MU260821P01600000,MU,2026-08-21,put,1600.0,709.44,19.0,721.28,21.0,715.36,711.95,4.0,,,,,,,2026-08-07,902.77,902.77,847.4,878.41,887387.0,871.3118
2026-08-07T20:31:36.908,14,14,MU260821P01610000,MU,2026-08-21,put,1610.0,724.58,37.0,741.7,13.0,733.1400000000001,762.98,2.0,,,,,,,2026-08-07,902.77,902.77,847.4,878.41,887387.0,871.3118
2026-08-07T20:31:36.908,14,14,MU260821P01620000,MU,2026-08-21,put,1620.0,740.55,16.0,754.83,13.0,747.69,486.54,18.0,,,,,,,2026-08-07,902.77,902.77,847.4,878.41,887387.0,871.3118
2026-08-07T20:31:36.908,14,14,MU260821P01630000,MU,2026-08-21,put,1630.0,752.87,1.0,767.12,1.0,759.995,651.05,5.0,,,,,,,2026-08-07,902.77,902.77,847.4,878.41,887387.0,871.3118
2026-08-07T20:31:36.908,14,14,MU260821P01640000,MU,2026-08-21,put,1640.0,755.36,34.0,758.11,40.0,756.735,728.5,1.0,,,,,,,2026-08-07,902.77,902.77,847.4,878.41,887387.0,871.3118
2026-08-07T20:31:36.908,14,14,MU260821P01650000,MU,2026-08-21,put,1650.0,748.78,1.0,767.07,1.0,757.925,808.82,1.0,,,,,,,2026-08-07,902.77,902.77,847.4,878.41,887387.0,871.3118
2026-08-07T20:31:36.908,14,14,MU260821P01660000,MU,2026-08-21,put,1660.0,773.54,1.0,794.29,1.0,783.915,771.61,1.0,,,,,,,2026-08-07,902.77,902.77,847.4,878.41,887387.0,871.3118
2026-08-07T20:31:36.908,14,14,MU260821P01670000,MU,2026-08-21,put,1670.0,777.02,1.0,792.63,1.0,784.825,781.61,1.0,,,,,,,2026-08-07,902.77,902.77,847.4,878.41,887387.0,871.3118
2026-08-07T20:31:36.908,14,14,MU260821P01680000,MU,2026-08-21,put,1680.0,803.78,1.0,818.03,1.0,810.905,803.46,1.0,,,,,,,2026-08-07,902.77,902.77,847.4,878.41,887387.0,871.3118
2026-08-07T20:31:36.908,14,14,MU260821P01690000,MU,2026-08-21,put,1690.0,801.23,37.0,808.75,17.0,804.99,650.27,1.0,,,,,,,2026-08-07,902.77,902.77,847.4,878.41,887387.0,871.3118
2026-08-07T20:31:36.908,14,14,MU260821P01700000,MU,2026-08-21,put,1700.0,819.52,24.0,831.62,39.0,825.5699999999999,851.65,1.0,,,,,,,2026-08-07,902.77,902.77,847.4,878.41,887387.0,871.3118
2026-08-07T20:31:36.908,14,14,MU260821P01710000,MU,2026-08-21,put,1710.0,816.33,34.0,837.54,33.0,826.935,624.77,1.0,,,,,,,2026-08-07,902.77,902.77,847.4,878.41,887387.0,871.3118
2026-08-07T20:31:36.908,14,14,MU260821P01720000,MU,2026-08-21,put,1720.0,852.09,35.0,854.89,14.0,853.49,624.0,1.0,,,,,,,2026-08-07,902.77,902.77,847.4,878.41,887387.0,871.3118
2026-08-07T20:31:36.908,14,14,MU260821P01730000,MU,2026-08-21,put,1730.0,855.66,1.0,862.57,1.0,859.115,666.7,3.0,,,,,,,2026-08-07,902.77,902.77,847.4,878.41,887387.0,871.3118
2026-08-07T20:31:36.908,14,14,MU260821P01740000,MU,2026-08-21,put,1740.0,870.01,34.0,882.71,33.0,876.36,642.0,1.0,,,,,,,2026-08-07,902.77,902.77,847.4,878.41,887387.0,871.3118
2026-08-07T20:31:36.908,14,14,MU260821P01750000,MU,2026-08-21,put,1750.0,862.16,3.0,888.09,1.0,875.125,609.33,1.0,,,,,,,2026-08-07,902.77,902.77,847.4,878.41,887387.0,871.3118
2026-08-07T20:31:36.908,14,14,MU260821P01760000,MU,2026-08-21,put,1760.0,891.56,36.0,907.88,36.0,899.72,617.9,1.0,,,,,,,2026-08-07,902.77,902.77,847.4,878.41,887387.0,871.3118
2026-08-07T20:31:36.908,14,14,MU260821P01770000,MU,2026-08-21,put,1770.0,885.77,5.0,891.9,4.0,888.835,630.0,1.0,,,,,,,2026-08-07,902.77,902.77,847.4,878.41,887387.0,871.3118
2026-08-07T20:31:36.908,14,14,MU260821P01780000,MU,2026-08-21,put,1780.0,906.71,31.0,922.46,4.0,914.585,655.21,8.0,,,,,,,2026-08-07,902.77,902.77,847.4,878.41,887387.0,871.3118
2026-08-07T20:31:36.908,14,14,MU260821P01790000,MU,2026-08-21,put,1790.0,900.28,36.0,933.73,35.0,917.005,641.38,1.0,,,,,,,2026-08-07,902.77,902.77,847.4,878.41,887387.0,871.3118
2026-08-07T20:31:36.908,14,14,MU260821P01800000,MU,2026-08-21,put,1800.0,931.33,35.0,945.74,5.0,938.5350000000001,945.57,5.0,,,,,,,2026-08-07,902.77,902.77,847.4,878.41,887387.0,871.3118
2026-08-07T20:31:36.908,14,14,MU260821P01810000,MU,2026-08-21,put,1810.0,910.52,3.0,949.85,2.0,930.185,685.25,1.0,,,,,,,2026-08-07,902.77,902.77,847.4,878.41,887387.0,871.3118
2026-08-07T20:31:36.908,14,14,MU260821P01820000,MU,2026-08-21,put,1820.0,937.06,1.0,951.31,1.0,944.185,890.17,1.0,,,,,,,2026-08-07,902.77,902.77,847.4,878.41,887387.0,871.3118
2026-08-07T20:31:36.908,14,14,MU260821P01830000,MU,2026-08-21,put,1830.0,932.68,22.0,968.61,15.0,950.645,968.08,1.0,,,,,,,2026-08-07,902.77,902.77,847.4,878.41,887387.0,871.3118
2026-08-07T20:31:36.908,14,14,MU260821P01840000,MU,2026-08-21,put,1840.0,956.82,32.0,969.26,14.0,963.04,923.89,1.0,,,,,,,2026-08-07,902.77,902.77,847.4,878.41,887387.0,871.3118
2026-08-07T20:31:36.908,14,14,MU260821P01850000,MU,2026-08-21,put,1850.0,978.95,22.0,991.2,16.0,985.075,682.74,1.0,,,,,,,2026-08-07,902.77,902.77,847.4,878.41,887387.0,871.3118
2026-08-07T20:31:36.908,14,14,MU260821P01860000,MU,2026-08-21,put,1860.0,966.57,34.0,978.28,31.0,972.425,678.11,1.0,,,,,,,2026-08-07,902.77,902.77,847.4,878.41,887387.0,871.3118
2026-08-07T20:31:36.908,14,14,MU260821P01870000,MU,2026-08-21,put,1870.0,970.47,3.0,981.43,1.0,975.95,943.47,1.0,,,,,,,2026-08-07,902.77,902.77,847.4,878.41,887387.0,871.3118
2026-08-07T20:31:36.908,14,14,MU260821P01880000,MU,2026-08-21,put,1880.0,1003.4,18.0,1015.6,14.0,1009.5,951.4,1.0,,,,,,,2026-08-07,902.77,902.77,847.4,878.41,887387.0,871.3118
2026-08-07T20:31:36.908,14,14,MU260821P01890000,MU,2026-08-21,put,1890.0,1011.07,35.0,1033.01,30.0,1022.04,961.52,1.0,,,,,,,2026-08-07,902.77,902.77,847.4,878.41,887387.0,871.3118
2026-08-07T20:31:36.908,14,14,MU260821P01900000,MU,2026-08-21,put,1900.0,994.23,3.0,1028.92,1.0,1011.575,945.99,10.0,,,,,,,2026-08-07,902.77,902.77,847.4,878.41,887387.0,871.3118
2026-08-07T20:31:36.908,14,14,MU260821P01910000,MU,2026-08-21,put,1910.0,1018.54,23.0,1046.73,28.0,1032.635,1065.7,1.0,,,,,,,2026-08-07,902.77,902.77,847.4,878.41,887387.0,871.3118
2026-08-07T20:31:36.908,14,14,MU260821P01920000,MU,2026-08-21,put,1920.0,1030.51,30.0,1062.9,39.0,1046.705,990.05,1.0,,,,,,,2026-08-07,902.77,902.77,847.4,878.41,887387.0,871.3118
2026-08-07T20:31:36.908,14,14,MU260821P01930000,MU,2026-08-21,put,1930.0,1036.19,28.0,1048.55,34.0,1042.37,980.35,1.0,,,,,,,2026-08-07,902.77,902.77,847.4,878.41,887387.0,871.3118
2026-08-07T20:31:36.908,14,14,MU260821P01940000,MU,2026-08-21,put,1940.0,1063.91,1.0,1078.21,1.0,1071.06,973.14,1.0,,,,,,,2026-08-07,902.77,902.77,847.4,878.41,887387.0,871.3118
2026-08-07T20:31:36.908,14,14,MU260821P01950000,MU,2026-08-21,put,1950.0,1058.53,3.0,1099.45,1.0,1078.99,1014.81,10.0,,,,,,,2026-08-07,902.77,902.77,847.4,878.41,887387.0,871.3118
2026-08-07T20:31:36.908,14,14,MU260821P01960000,MU,2026-08-21,put,1960.0,1065.09,1.0,1108.53,1.0,1086.81,1010.9,1.0,,,,,,,2026-08-07,902.77,902.77,847.4,878.41,887387.0,871.3118
2026-08-07T20:31:36.908,14,14,MU260821P01970000,MU,2026-08-21,put,1970.0,1094.28,3.0,1108.33,1.0,1101.3049999999998,,,,,,,,,2026-08-07,902.77,902.77,847.4,878.41,887387.0,871.3118
2026-08-07T20:31:36.908,14,14,MU260821P01980000,MU,2026-08-21,put,1980.0,1108.95,37.0,1121.3,16.0,1115.125,,,,,,,,,2026-08-07,902.77,902.77,847.4,878.41,887387.0,871.3118
2026-08-07T20:31:36.908,14,14,MU260821P01990000,MU,2026-08-21,put,1990.0,1120.25,3.0,1134.35,1.0,1127.3,920.53,3.0,,,,,,,2026-08-07,902.77,902.77,847.4,878.41,887387.0,871.3118
2026-08-07T20:31:36.908,14,14,MU260821P02000000,MU,2026-08-21,put,2000.0,1111.71,6.0,1148.89,38.0,1130.3000000000002,1025.109,10.0,,,,,,,2026-08-07,902.77,902.77,847.4,878.41,887387.0,871.3118
2026-08-07T20:31:36.908,14,14,MU260821P02010000,MU,2026-08-21,put,2010.0,1111.56,13.0,1141.52,13.0,1126.54,,,,,,,,,2026-08-07,902.77,902.77,847.4,878.41,887387.0,871.3118
2026-08-07T20:31:36.908,14,14,MU260821P02020000,MU,2026-08-21,put,2020.0,1157.71,17.0,1168.91,5.0,1163.31,,,,,,,,,2026-08-07,902.77,902.77,847.4,878.41,887387.0,871.3118
2026-08-07T20:31:36.908,14,14,MU260821P02030000,MU,2026-08-21,put,2030.0,1129.67,35.0,1175.47,19.0,1152.5700000000002,,,,,,,,,2026-08-07,902.77,902.77,847.4,878.41,887387.0,871.3118
2026-08-07T20:31:36.908,14,14,MU260821P02040000,MU,2026-08-21,put,2040.0,1164.78,31.0,1177.08,4.0,1170.9299999999998,,,,,,,,,2026-08-07,902.77,902.77,847.4,878.41,887387.0,871.3118
2026-08-07T20:31:36.908,14,14,MU260821P02050000,MU,2026-08-21,put,2050.0,1143.34,3.0,1173.07,1.0,1158.205,1206.62,1.0,,,,,,,2026-08-07,902.77,902.77,847.4,878.41,887387.0,871.3118
2026-08-07T20:31:36.908,14,14,MU260821P02060000,MU,2026-08-21,put,2060.0,1161.41,17.0,1211.3,19.0,1186.355,,,,,,,,,2026-08-07,902.77,902.77,847.4,878.41,887387.0,871.3118
2026-08-07T20:31:36.908,14,14,MU260821P02070000,MU,2026-08-21,put,2070.0,1207.11,29.0,1219.86,29.0,1213.485,,,,,,,,,2026-08-07,902.77,902.77,847.4,878.41,887387.0,871.3118
2026-08-07T20:31:36.908,14,14,MU260821P02080000,MU,2026-08-21,put,2080.0,1200.36,1.0,1227.23,1.0,1213.795,,,,,,,,,2026-08-07,902.77,902.77,847.4,878.41,887387.0,871.3118
2026-08-07T20:31:36.908,14,14,MU260821P02090000,MU,2026-08-21,put,2090.0,1230.01,35.0,1242.76,16.0,1236.385,,,,,,,,,2026-08-07,902.77,902.77,847.4,878.41,887387.0,871.3118
2026-08-07T20:31:36.908,14,14,MU260821P02100000,MU,2026-08-21,put,2100.0,1206.08,24.0,1249.55,26.0,1227.815,929.18,1.0,,,,,,,2026-08-07,902.77,902.77,847.4,878.41,887387.0,871.3118
2026-08-07T20:31:36.908,14,14,MU260821P02110000,MU,2026-08-21,put,2110.0,1215.28,16.0,1263.38,15.0,1239.33,,,,,,,,,2026-08-07,902.77,902.77,847.4,878.41,887387.0,871.3118
2026-08-07T20:31:36.908,14,14,MU260821P02120000,MU,2026-08-21,put,2120.0,1209.53,1.0,1232.34,1.0,1220.935,,,,,,,,,2026-08-07,902.77,902.77,847.4,878.41,887387.0,871.3118
2026-08-07T20:31:36.908,14,14,MU260821P02130000,MU,2026-08-21,put,2130.0,1230.11,15.0,1260.87,15.0,1245.4899999999998,,,,,,,,,2026-08-07,902.77,902.77,847.4,878.41,887387.0,871.3118
2026-08-07T20:31:36.908,14,14,MU260821P02140000,MU,2026-08-21,put,2140.0,1240.27,31.0,1244.1,15.0,1242.185,,,,,,,,,2026-08-07,902.77,902.77,847.4,878.41,887387.0,871.3118
2026-08-07T20:31:36.908,14,14,MU260821P02150000,MU,2026-08-21,put,2150.0,1268.72,16.0,1302.5,32.0,1285.6100000000001,1102.96,1.0,,,,,,,2026-08-07,902.77,902.77,847.4,878.41,887387.0,871.3118
2026-08-07T20:31:36.908,14,14,MU260821P02160000,MU,2026-08-21,put,2160.0,1254.86,13.0,1291.67,13.0,1273.2649999999999,,,,,,,,,2026-08-07,902.77,902.77,847.4,878.41,887387.0,871.3118
2026-08-07T20:31:36.908,14,14,MU260821P02170000,MU,2026-08-21,put,2170.0,1283.05,3.0,1293.66,1.0,1288.355,1148.92,2.0,,,,,,,2026-08-07,902.77,902.77,847.4,878.41,887387.0,871.3118
2026-08-07T20:31:36.908,14,14,MU260821P02180000,MU,2026-08-21,put,2180.0,1311.65,36.0,1324.0,20.0,1317.825,,,,,,,,,2026-08-07,902.77,902.77,847.4,878.41,887387.0,871.3118
2026-08-07T20:31:36.908,14,14,MU260821P02190000,MU,2026-08-21,put,2190.0,1329.35,3.0,1341.2,33.0,1335.275,,,,,,,,,2026-08-07,902.77,902.77,847.4,878.41,887387.0,871.3118
2026-08-07T20:31:36.908,14,14,MU260821P02200000,MU,2026-08-21,put,2200.0,1322.2,13.0,1331.2,13.0,1326.7,,,,,,,,,2026-08-07,902.77,902.77,847.4,878.41,887387.0,871.3118
2026-08-07T20:31:36.908,14,14,MU260821P02210000,MU,2026-08-21,put,2210.0,1305.87,1.0,1342.04,1.0,1323.955,,,,,,,,,2026-08-07,902.77,902.77,847.4,878.41,887387.0,871.3118
2026-08-07T20:31:36.908,14,14,MU260821P02220000,MU,2026-08-21,put,2220.0,1336.93,32.0,1339.09,30.0,1338.01,1090.48,9.0,,,,,,,2026-08-07,902.77,902.77,847.4,878.41,887387.0,871.3118
2026-08-07T20:31:36.908,14,14,MU260821P02230000,MU,2026-08-21,put,2230.0,1341.21,1.0,1350.17,1.0,1345.69,,,,,,,,,2026-08-07,902.77,902.77,847.4,878.41,887387.0,871.3118
2026-08-07T20:31:36.908,14,14,MU260821P02240000,MU,2026-08-21,put,2240.0,1363.89,31.0,1376.69,35.0,1370.29,,,,,,,,,2026-08-07,902.77,902.77,847.4,878.41,887387.0,871.3118
2026-08-07T20:31:36.908,14,14,MU260821P02250000,MU,2026-08-21,put,2250.0,1384.96,16.0,1398.61,5.0,1391.7849999999999,,,,,,,,,2026-08-07,902.77,902.77,847.4,878.41,887387.0,871.3118
2026-08-07T20:31:36.908,14,14,MU260821P02260000,MU,2026-08-21,put,2260.0,1364.54,3.0,1400.22,1.0,1382.38,,,,,,,,,2026-08-07,902.77,902.77,847.4,878.41,887387.0,871.3118
2026-08-07T20:31:36.908,14,14,MU260821P02270000,MU,2026-08-21,put,2270.0,1397.67,30.0,1409.97,31.0,1403.8200000000002,,,,,,,,,2026-08-07,902.77,902.77,847.4,878.41,887387.0,871.3118
2026-08-07T20:31:36.908,14,14,MU260821P02280000,MU,2026-08-21,put,2280.0,1389.08,33.0,1393.29,25.0,1391.185,,,,,,,,,2026-08-07,902.77,902.77,847.4,878.41,887387.0,871.3118
2026-08-07T20:31:36.908,14,14,MU260821P02290000,MU,2026-08-21,put,2290.0,1379.12,21.0,1437.3,30.0,1408.21,,,,,,,,,2026-08-07,902.77,902.77,847.4,878.41,887387.0,871.3118
2026-08-07T20:31:36.908,14,14,MU260821P02300000,MU,2026-08-21,put,2300.0,1440.94,1.0,1455.19,1.0,1448.065,1303.96,1.0,,,,,,,2026-08-07,902.77,902.77,847.4,878.41,887387.0,871.3118
2026-08-07T20:31:36.908,14,14,MU260821P02310000,MU,2026-08-21,put,2310.0,1450.31,37.0,1462.66,5.0,1456.4850000000001,,,,,,,,,2026-08-07,902.77,902.77,847.4,878.41,887387.0,871.3118
2026-08-07T20:31:36.908,14,14,MU260821P02320000,MU,2026-08-21,put,2320.0,1407.99,1.0,1428.64,1.0,1418.315,,,,,,,,,2026-08-07,902.77,902.77,847.4,878.41,887387.0,871.3118
2026-08-07T20:31:36.908,14,14,MU260821P02330000,MU,2026-08-21,put,2330.0,1432.54,32.0,1446.25,26.0,1439.395,,,,,,,,,2026-08-07,902.77,902.77,847.4,878.41,887387.0,871.3118
2026-08-07T20:31:36.908,14,14,MU260821P02340000,MU,2026-08-21,put,2340.0,1443.45,13.0,1486.99,13.0,1465.22,1194.99,1.0,,,,,,,2026-08-07,902.77,902.77,847.4,878.41,887387.0,871.3118
2026-08-07T20:31:36.908,14,14,MU260821P02350000,MU,2026-08-21,put,2350.0,1473.05,1.0,1487.3,1.0,1480.175,1379.8,1.0,,,,,,,2026-08-07,902.77,902.77,847.4,878.41,887387.0,871.3118
2026-08-07T20:31:36.908,14,14,MU260821P02360000,MU,2026-08-21,put,2360.0,1498.82,3.0,1512.87,1.0,1505.8449999999998,1263.66,1.0,,,,,,,2026-08-07,902.77,902.77,847.4,878.41,887387.0,871.3118
2026-08-07T20:31:36.908,14,14,MU260821P02370000,MU,2026-08-21,put,2370.0,1496.14,21.0,1507.79,21.0,1501.9650000000001,,,,,,,,,2026-08-07,902.77,902.77,847.4,878.41,887387.0,871.3118
2026-08-07T20:31:36.908,14,14,MU260821P02380000,MU,2026-08-21,put,2380.0,1511.17,1.0,1525.57,1.0,1518.37,,,,,,,,,2026-08-07,902.77,902.77,847.4,878.41,887387.0,871.3118
2026-08-07T20:31:36.908,14,14,MU260821P02390000,MU,2026-08-21,put,2390.0,1505.24,3.0,1523.78,1.0,1514.51,1188.31,2.0,,,,,,,2026-08-07,902.77,902.77,847.4,878.41,887387.0,871.3118
2026-08-07T20:31:36.908,14,14,MU260821P02400000,MU,2026-08-21,put,2400.0,1491.65,1.0,1550.93,1.0,1521.29,1357.4,5.0,,,,,,,2026-08-07,902.77,902.77,847.4,878.41,887387.0,871.3118
2026-08-07T20:31:36.908,14,14,MU260821P02410000,MU,2026-08-21,put,2410.0,1528.7,1.0,1565.34,1.0,1547.02,,,,,,,,,2026-08-07,902.77,902.77,847.4,878.41,887387.0,871.3118
2026-08-07T20:31:36.908,14,14,MU260821P02420000,MU,2026-08-21,put,2420.0,1550.34,1.0,1575.05,1.0,1562.695,1262.05,1.0,,,,,,,2026-08-07,902.77,902.77,847.4,878.41,887387.0,871.3118
2026-08-07T20:31:36.908,14,14,MU260821P02440000,MU,2026-08-21,put,2440.0,1549.53,1.0,1556.8,1.0,1553.165,,,,,,,,,2026-08-07,902.77,902.77,847.4,878.41,887387.0,871.3118
2026-08-07T20:31:36.908,14,14,MU260821P02460000,MU,2026-08-21,put,2460.0,1581.72,33.0,1594.07,28.0,1587.895,,,,,,,,,2026-08-07,902.77,902.77,847.4,878.41,887387.0,871.3118
2026-08-07T20:31:36.908,14,14,MU260821P02480000,MU,2026-08-21,put,2480.0,1598.43,34.0,1611.38,34.0,1604.9050000000002,,,,,,,,,2026-08-07,902.77,902.77,847.4,878.41,887387.0,871.3118
2026-08-07T20:31:36.908,14,14,MU260821P02500000,MU,2026-08-21,put,2500.0,1629.06,38.0,1633.18,29.0,1631.12,1337.42,5.0,,,,,,,2026-08-07,902.77,902.77,847.4,878.41,887387.0,871.3118
2026-08-07T20:31:36.908,30,28,MU260904C00100000,MU,2026-09-04,call,100.0,763.73,1.0,782.47,4.0,773.1,,,,,,,,,2026-08-07,902.77,902.77,847.4,878.41,887387.0,871.3118
2026-08-07T20:31:36.908,30,28,MU260904C00105000,MU,2026-09-04,call,105.0,759.92,11.0,793.23,4.0,776.575,,,,,,,,,2026-08-07,902.77,902.77,847.4,878.41,887387.0,871.3118
2026-08-07T20:31:36.908,30,28,MU260904C00110000,MU,2026-09-04,call,110.0,765.66,14.0,778.84,1.0,772.25,,,,,,,,,2026-08-07,902.77,902.77,847.4,878.41,887387.0,871.3118
2026-08-07T20:31:36.908,30,28,MU260904C00115000,MU,2026-09-04,call,115.0,755.2,11.0,773.05,4.0,764.125,,,,,,,,,2026-08-07,902.77,902.77,847.4,878.41,887387.0,871.3118
2026-08-07T20:31:36.908,30,28,MU260904C00120000,MU,2026-09-04,call,120.0,753.73,4.0,768.48,10.0,761.105,,,,,,,,,2026-08-07,902.77,902.77,847.4,878.41,887387.0,871.3118
2026-08-07T20:31:36.908,30,28,MU260904C00125000,MU,2026-09-04,call,125.0,750.81,1.0,763.61,4.0,757.21,,,,,,,,,2026-08-07,902.77,902.77,847.4,878.41,887387.0,871.3118
2026-08-07T20:31:36.908,30,28,MU260904C00130000,MU,2026-09-04,call,130.0,747.31,11.0,760.21,4.0,753.76,,,,,,,,,2026-08-07,902.77,902.77,847.4,878.41,887387.0,871.3118
2026-08-07T20:31:36.908,30,28,MU260904C00135000,MU,2026-09-04,call,135.0,737.55,11.0,743.09,4.0,740.3199999999999,,,,,,,,,2026-08-07,902.77,902.77,847.4,878.41,887387.0,871.3118
2026-08-07T20:31:36.908,30,28,MU260904C00140000,MU,2026-09-04,call,140.0,743.63,1.0,756.53,4.0,750.0799999999999,,,,,,,,,2026-08-07,902.77,902.77,847.4,878.41,887387.0,871.3118
2026-08-07T20:31:36.908,30,28,MU260904C00145000,MU,2026-09-04,call,145.0,722.44,11.0,734.98,4.0,728.71,,,,,,,,,2026-08-07,902.77,902.77,847.4,878.41,887387.0,871.3118
2026-08-07T20:31:36.908,30,28,MU260904C00150000,MU,2026-09-04,call,150.0,732.22,14.0,746.92,11.0,739.5699999999999,659.71,1.0,,,,,,,2026-08-07,902.77,902.77,847.4,878.41,887387.0,871.3118
2026-08-07T20:31:36.908,30,28,MU260904C00155000,MU,2026-09-04,call,155.0,715.47,11.0,722.24,4.0,718.855,,,,,,,,,2026-08-07,902.77,902.77,847.4,878.41,887387.0,871.3118
2026-08-07T20:31:36.908,30,28,MU260904C00160000,MU,2026-09-04,call,160.0,697.41,4.0,723.75,11.0,710.5799999999999,,,,,,,,,2026-08-07,902.77,902.77,847.4,878.41,887387.0,871.3118
2026-08-07T20:31:36.908,30,28,MU260904C00165000,MU,2026-09-04,call,165.0,708.33,14.0,723.23,11.0,715.78,,,,,,,,,2026-08-07,902.77,902.77,847.4,878.41,887387.0,871.3118
2026-08-07T20:31:36.908,30,28,MU260904C00170000,MU,2026-09-04,call,170.0,689.3,1.0,719.41,4.0,704.355,,,,,,,,,2026-08-07,902.77,902.77,847.4,878.41,887387.0,871.3118
2026-08-07T20:31:36.908,30,28,MU260904C00175000,MU,2026-09-04,call,175.0,698.39,10.0,714.63,4.0,706.51,,,,,,,,,2026-08-07,902.77,902.77,847.4,878.41,887387.0,871.3118
2026-08-07T20:31:36.908,30,28,MU260904C00180000,MU,2026-09-04,call,180.0,693.56,1.0,706.46,4.0,700.01,,,,,,,,,2026-08-07,902.77,902.77,847.4,878.41,887387.0,871.3118
2026-08-07T20:31:36.908,30,28,MU260904C00185000,MU,2026-09-04,call,185.0,680.7,1.0,689.15,4.0,684.925,,,,,,,,,2026-08-07,902.77,902.77,847.4,878.41,887387.0,871.3118
2026-08-07T20:31:36.908,30,28,MU260904C00190000,MU,2026-09-04,call,190.0,675.5,4.0,695.2,10.0,685.35,,,,,,,,,2026-08-07,902.77,902.77,847.4,878.41,887387.0,871.3118
2026-08-07T20:31:36.908,30,28,MU260904C00195000,MU,2026-09-04,call,195.0,688.88,1.0,698.33,4.0,693.605,,,,,,,,,2026-08-07,902.77,902.77,847.4,878.41,887387.0,871.3118
2026-08-07T20:31:36.908,30,28,MU260904C00200000,MU,2026-09-04,call,200.0,674.69,1.0,695.51,4.0,685.1,,,,,,,,,2026-08-07,902.77,902.77,847.4,878.41,887387.0,871.3118
2026-08-07T20:31:36.908,30,28,MU260904C00205000,MU,2026-09-04,call,205.0,657.12,1.0,690.82,4.0,673.97,,,,,,,,,2026-08-07,902.77,902.77,847.4,878.41,887387.0,871.3118
2026-08-07T20:31:36.908,30,28,MU260904C00210000,MU,2026-09-04,call,210.0,657.65,4.0,662.05,10.0,659.8499999999999,,,,,,,,,2026-08-07,902.77,902.77,847.4,878.41,887387.0,871.3118
2026-08-07T20:31:36.908,30,28,MU260904C00215000,MU,2026-09-04,call,215.0,666.09,14.0,681.19,1.0,673.6400000000001,,,,,,,,,2026-08-07,902.77,902.77,847.4,878.41,887387.0,871.3118
2026-08-07T20:31:36.908,30,28,MU260904C00220000,MU,2026-09-04,call,220.0,641.07,11.0,669.59,4.0,655.33,,,,,,,,,2026-08-07,902.77,902.77,847.4,878.41,887387.0,871.3118
2026-08-07T20:31:36.908,30,28,MU260904C00225000,MU,2026-09-04,call,225.0,659.4,1.0,660.82,4.0,660.11,626.73,1.0,,,,,,,2026-08-07,902.77,902.77,847.4,878.41,887387.0,871.3118
2026-08-07T20:31:36.908,30,28,MU260904C00230000,MU,2026-09-04,call,230.0,636.69,1.0,659.95,4.0,648.32,,,,,,,,,2026-08-07,902.77,902.77,847.4,878.41,887387.0,871.3118
2026-08-07T20:31:36.908,30,28,MU260904C00235000,MU,2026-09-04,call,235.0,638.75,14.0,656.15,1.0,647.45,,,,,,,,,2026-08-07,902.77,902.77,847.4,878.41,887387.0,871.3118
2026-08-07T20:31:36.908,30,28,MU260904C00240000,MU,2026-09-04,call,240.0,619.97,4.0,640.22,10.0,630.095,,,,,,,,,2026-08-07,902.77,902.77,847.4,878.41,887387.0,871.3118
2026-08-07T20:31:36.908,30,28,MU260904C00245000,MU,2026-09-04,call,245.0,629.69,11.0,642.94,4.0,636.315,572.12,1.0,,,,,,,2026-08-07,902.77,902.77,847.4,878.41,887387.0,871.3118
2026-08-07T20:31:36.908,30,28,MU260904C00250000,MU,2026-09-04,call,250.0,628.96,11.0,634.77,5.0,631.865,646.3,1.0,,,,,,,2026-08-07,902.77,902.77,847.4,878.41,887387.0,871.3118
2026-08-07T20:31:36.908,30,28,MU260904C00255000,MU,2026-09-04,call,255.0,616.16,15.0,641.21,1.0,628.685,,,,,,,,,2026-08-07,902.77,902.77,847.4,878.41,887387.0,871.3118
2026-08-07T20:31:36.908,30,28,MU260904C00260000,MU,2026-09-04,call,260.0,609.92,15.0,619.55,11.0,614.7349999999999,,,,,,,,,2026-08-07,902.77,902.77,847.4,878.41,887387.0,871.3118
2026-08-07T20:31:36.908,30,28,MU260904C00265000,MU,2026-09-04,call,265.0,615.26,5.0,615.46,11.0,615.36,,,,,,,,,2026-08-07,902.77,902.77,847.4,878.41,887387.0,871.3118
2026-08-07T20:31:36.908,30,28,MU260904C00270000,MU,2026-09-04,call,270.0,610.47,1.0,617.83,5.0,614.1500000000001,,,,,,,,,2026-08-07,902.77,902.77,847.4,878.41,887387.0,871.3118
2026-08-07T20:31:36.908,30,28,MU260904C00275000,MU,2026-09-04,call,275.0,589.1,15.0,598.45,11.0,593.7750000000001,,,,,,,,,2026-08-07,902.77,902.77,847.4,878.41,887387.0,871.3118
2026-08-07T20:31:36.908,30,28,MU260904C00280000,MU,2026-09-04,call,280.0,601.24,11.0,614.09,5.0,607.665,,,,,,,,,2026-08-07,902.77,902.77,847.4,878.41,887387.0,871.3118
2026-08-07T20:31:36.908,30,28,MU260904C00285000,MU,2026-09-04,call,285.0,590.33,1.0,602.98,5.0,596.655,609.07,1.0,,,,,,,2026-08-07,902.77,902.77,847.4,878.41,887387.0,871.3118
2026-08-07T20:31:36.908,30,28,MU260904C00290000,MU,2026-09-04,call,290.0,574.76,11.0,603.33,5.0,589.0450000000001,,,,,,,,,2026-08-07,902.77,902.77,847.4,878.41,887387.0,871.3118
2026-08-07T20:31:36.908,30,28,MU260904C00295000,MU,2026-09-04,call,295.0,583.14,11.0,597.71,5.0,590.425,,,,,,,,,2026-08-07,902.77,902.77,847.4,878.41,887387.0,871.3118
2026-08-07T20:31:36.908,30,28,MU260904C00300000,MU,2026-09-04,call,300.0,580.21,10.0,584.93,5.0,582.5699999999999,,,,,,,,,2026-08-07,902.77,902.77,847.4,878.41,887387.0,871.3118
2026-08-07T20:31:36.908,30,28,MU260904C00305000,MU,2026-09-04,call,305.0,574.44,1.0,587.39,5.0,580.915,,,,,,,,,2026-08-07,902.77,902.77,847.4,878.41,887387.0,871.3118
2026-08-07T20:31:36.908,30,28,MU260904C00310000,MU,2026-09-04,call,310.0,566.61,15.0,582.06,10.0,574.335,,,,,,,,,2026-08-07,902.77,902.77,847.4,878.41,887387.0,871.3118
2026-08-07T20:31:36.908,30,28,MU260904C00315000,MU,2026-09-04,call,315.0,565.96,1.0,570.08,5.0,568.02,,,,,,,,,2026-08-07,902.77,902.77,847.4,878.41,887387.0,871.3118
2026-08-07T20:31:36.908,30,28,MU260904C00320000,MU,2026-09-04,call,320.0,550.94,15.0,571.08,1.0,561.01,,,,,,,,,2026-08-07,902.77,902.77,847.4,878.41,887387.0,871.3118
2026-08-07T20:31:36.908,30,28,MU260904C00325000,MU,2026-09-04,call,325.0,549.33,11.0,562.31,5.0,555.8199999999999,,,,,,,,,2026-08-07,902.77,902.77,847.4,878.41,887387.0,871.3118
2026-08-07T20:31:36.908,30,28,MU260904C00330000,MU,2026-09-04,call,330.0,536.36,1.0,559.0,5.0,547.6800000000001,,,,,,,,,2026-08-07,902.77,902.77,847.4,878.41,887387.0,871.3118
2026-08-07T20:31:36.908,30,28,MU260904C00335000,MU,2026-09-04,call,335.0,542.83,15.0,549.12,10.0,545.975,,,,,,,,,2026-08-07,902.77,902.77,847.4,878.41,887387.0,871.3118
2026-08-07T20:31:36.908,30,28,MU260904C00340000,MU,2026-09-04,call,340.0,531.03,11.0,539.1,13.0,535.065,,,,,,,,,2026-08-07,902.77,902.77,847.4,878.41,887387.0,871.3118
2026-08-07T20:31:36.908,30,28,MU260904C00345000,MU,2026-09-04,call,345.0,534.64,11.0,541.81,13.0,538.2249999999999,,,,,,,,,2026-08-07,902.77,902.77,847.4,878.41,887387.0,871.3118
2026-08-07T20:31:36.908,30,28,MU260904C00350000,MU,2026-09-04,call,350.0,527.58,1.0,540.08,5.0,533.83,,,,,,,,,2026-08-07,902.77,902.77,847.4,878.41,887387.0,871.3118
2026-08-07T20:31:36.908,30,28,MU260904C00355000,MU,2026-09-04,call,355.0,518.45,5.0,526.29,10.0,522.37,,,,,,,,,2026-08-07,902.77,902.77,847.4,878.41,887387.0,871.3118
2026-08-07T20:31:36.908,30,28,MU260904C00360000,MU,2026-09-04,call,360.0,503.34,10.0,534.36,13.0,518.85,,,,,,,,,2026-08-07,902.77,902.77,847.4,878.41,887387.0,871.3118
2026-08-07T20:31:36.908,30,28,MU260904C00365000,MU,2026-09-04,call,365.0,500.08,15.0,510.79,11.0,505.435,,,,,,,,,2026-08-07,902.77,902.77,847.4,878.41,887387.0,871.3118
2026-08-07T20:31:36.908,30,28,MU260904C00370000,MU,2026-09-04,call,370.0,510.69,11.0,524.86,13.0,517.775,,,,,,,,,2026-08-07,902.77,902.77,847.4,878.41,887387.0,871.3118
2026-08-07T20:31:36.908,30,28,MU260904C00375000,MU,2026-09-04,call,375.0,488.59,11.0,503.38,13.0,495.985,,,,,,,,,2026-08-07,902.77,902.77,847.4,878.41,887387.0,871.3118
2026-08-07T20:31:36.908,30,28,MU260904C00380000,MU,2026-09-04,call,380.0,496.62,15.0,511.47,11.0,504.045,,,,,,,,,2026-08-07,902.77,902.77,847.4,878.41,887387.0,871.3118
2026-08-07T20:31:36.908,30,28,MU260904C00385000,MU,2026-09-04,call,385.0,490.11,11.0,501.5,13.0,495.805,,,,,,,,,2026-08-07,902.77,902.77,847.4,878.41,887387.0,871.3118
2026-08-07T20:31:36.908,30,28,MU260904C00390000,MU,2026-09-04,call,390.0,480.36,5.0,500.6,10.0,490.48,,,,,,,,,2026-08-07,902.77,902.77,847.4,878.41,887387.0,871.3118
2026-08-07T20:31:36.908,30,28,MU260904C00395000,MU,2026-09-04,call,395.0,486.15,11.0,486.7,13.0,486.42499999999995,,,,,,,,,2026-08-07,902.77,902.77,847.4,878.41,887387.0,871.3118
2026-08-07T20:31:36.908,30,28,MU260904C00400000,MU,2026-09-04,call,400.0,467.54,15.0,481.13,10.0,474.33500000000004,472.82,1.0,,,,,,,2026-08-07,902.77,902.77,847.4,878.41,887387.0,871.3118
2026-08-07T20:31:36.908,30,28,MU260904C00405000,MU,2026-09-04,call,405.0,471.55,15.0,477.26,10.0,474.405,458.58,1.0,,,,,,,2026-08-07,902.77,902.77,847.4,878.41,887387.0,871.3118
2026-08-07T20:31:36.908,30,28,MU260904C00410000,MU,2026-09-04,call,410.0,464.58,11.0,477.43,13.0,471.005,,,,,,,,,2026-08-07,902.77,902.77,847.4,878.41,887387.0,871.3118
2026-08-07T20:31:36.908,30,28,MU260904C00415000,MU,2026-09-04,call,415.0,453.77,1.0,473.24,13.0,463.505,,,,,,,,,2026-08-07,902.77,902.77,847.4,878.41,887387.0,871.3118
2026-08-07T20:31:36.908,30,28,MU260904C00420000,MU,2026-09-04,call,420.0,442.95,5.0,466.91,1.0,454.93,474.15,1.0,,,,,,,2026-08-07,902.77,902.77,847.4,878.41,887387.0,871.3118
2026-08-07T20:31:36.908,30,28,MU260904C00425000,MU,2026-09-04,call,425.0,449.85,1.0,463.91,13.0,456.88,,,,,,,,,2026-08-07,902.77,902.77,847.4,878.41,887387.0,871.3118
2026-08-07T20:31:36.908,30,28,MU260904C00430000,MU,2026-09-04,call,430.0,432.92,15.0,463.26,10.0,448.09000000000003,477.98,2.0,,,,,,,2026-08-07,902.77,902.77,847.4,878.41,887387.0,871.3118
2026-08-07T20:31:36.908,30,28,MU260904C00435000,MU,2026-09-04,call,435.0,439.1,5.0,449.65,10.0,444.375,,,,,,,,,2026-08-07,902.77,902.77,847.4,878.41,887387.0,871.3118
2026-08-07T20:31:36.908,30,28,MU260904C00440000,MU,2026-09-04,call,440.0,432.94,10.0,449.59,13.0,441.265,,,,,,,,,2026-08-07,902.77,902.77,847.4,878.41,887387.0,871.3118
2026-08-07T20:31:36.908,30,28,MU260904C00445000,MU,2026-09-04,call,445.0,421.26,1.0,436.13,5.0,428.695,,,,,,,,,2026-08-07,902.77,902.77,847.4,878.41,887387.0,871.3118
2026-08-07T20:31:36.908,30,28,MU260904C00450000,MU,2026-09-04,call,450.0,427.51,15.0,433.63,11.0,430.57,450.0,1.0,,,,,,,2026-08-07,902.77,902.77,847.4,878.41,887387.0,871.3118
2026-08-07T20:31:36.908,30,28,MU260904C00455000,MU,2026-09-04,call,455.0,417.39,11.0,424.38,5.0,420.885,,,,,,,,,2026-08-07,902.77,902.77,847.4,878.41,887387.0,871.3118
2026-08-07T20:31:36.908,30,28,MU260904C00460000,MU,2026-09-04,call,460.0,418.01,1.0,428.62,13.0,423.315,,,,,,,,,2026-08-07,902.77,902.77,847.4,878.41,887387.0,871.3118
2026-08-07T20:31:36.908,30,28,MU260904C00465000,MU,2026-09-04,call,465.0,398.76,5.0,414.78,11.0,406.77,,,,,,,,,2026-08-07,902.77,902.77,847.4,878.41,887387.0,871.3118
2026-08-07T20:31:36.908,30,28,MU260904C00470000,MU,2026-09-04,call,470.0,407.4,15.0,413.14,10.0,410.27,,,,,,,,,2026-08-07,902.77,902.77,847.4,878.41,887387.0,871.3118
2026-08-07T20:31:36.908,30,28,MU260904C00475000,MU,2026-09-04,call,475.0,396.93,11.0,406.61,5.0,401.77,331.97,2.0,,,,,,,2026-08-07,902.77,902.77,847.4,878.41,887387.0,871.3118
2026-08-07T20:31:36.908,30,28,MU260904C00480000,MU,2026-09-04,call,480.0,399.93,1.0,406.92,5.0,403.425,331.41,2.0,,,,,,,2026-08-07,902.77,902.77,847.4,878.41,887387.0,871.3118
2026-08-07T20:31:36.908,30,28,MU260904C00485000,MU,2026-09-04,call,485.0,381.27,15.0,394.53,10.0,387.9,,,,,,,,,2026-08-07,902.77,902.77,847.4,878.41,887387.0,871.3118
2026-08-07T20:31:36.908,30,28,MU260904C00490000,MU,2026-09-04,call,490.0,379.8,15.0,400.42,10.0,390.11,323.41,1.0,,,,,,,2026-08-07,902.77,902.77,847.4,878.41,887387.0,871.3118
2026-08-07T20:31:36.908,30,28,MU260904C00495000,MU,2026-09-04,call,495.0,371.31,15.0,386.2,10.0,378.755,318.78,2.0,,,,,,,2026-08-07,902.77,902.77,847.4,878.41,887387.0,871.3118
2026-08-07T20:31:36.908,30,28,MU260904C00500000,MU,2026-09-04,call,500.0,368.68,1.0,389.87,5.0,379.275,416.89,1.0,,,,,,,2026-08-07,902.77,902.77,847.4,878.41,887387.0,871.3118
2026-08-07T20:31:36.908,30,28,MU260904C00505000,MU,2026-09-04,call,505.0,361.99,5.0,372.95,10.0,367.47,312.86,1.0,,,,,,,2026-08-07,902.77,902.77,847.4,878.41,887387.0,871.3118
2026-08-07T20:31:36.908,30,28,MU260904C00510000,MU,2026-09-04,call,510.0,356.48,15.0,368.26,10.0,362.37,308.2,2.0,,,,,,,2026-08-07,902.77,902.77,847.4,878.41,887387.0,871.3118
2026-08-07T20:31:36.908,30,28,MU260904C00515000,MU,2026-09-04,call,515.0,360.0,11.0,372.12,11.0,366.06,306.79,2.0,,,,,,,2026-08-07,902.77,902.77,847.4,878.41,887387.0,871.3118
2026-08-07T20:31:36.908,30,28,MU260904C00520000,MU,2026-09-04,call,520.0,345.66,5.0,364.52,10.0,355.09000000000003,295.72,1.0,,,,,,,2026-08-07,902.77,902.77,847.4,878.41,887387.0,871.3118
2026-08-07T20:31:36.908,30,28,MU260904C00525000,MU,2026-09-04,call,525.0,343.22,2.0,356.55,5.0,349.885,292.22,2.0,,,,,,,2026-08-07,902.77,902.77,847.4,878.41,887387.0,871.3118
2026-08-07T20:31:36.908,30,28,MU260904C00530000,MU,2026-09-04,call,530.0,346.98,15.0,359.64,10.0,353.31,290.2,2.0,,,,,,,2026-08-07,902.77,902.77,847.4,878.41,887387.0,871.3118
2026-08-07T20:31:36.908,30,28,MU260904C00535000,MU,2026-09-04,call,535.0,335.81,11.0,345.25,9.0,340.53,285.01,1.0,,,,,,,2026-08-07,902.77,902.77,847.4,878.41,887387.0,871.3118
2026-08-07T20:31:36.908,30,28,MU260904C00540000,MU,2026-09-04,call,540.0,340.16,11.0,343.23,8.0,341.69500000000005,278.33,2.0,,,,,,,2026-08-07,902.77,902.77,847.4,878.41,887387.0,871.3118
2026-08-07T20:31:36.908,30,28,MU260904C00545000,MU,2026-09-04,call,545.0,321.1,5.0,344.77,10.0,332.935,273.92,2.0,0.9086,0.9781,0.0002,-0.2576,0.1267,0.4007,2026-08-07,902.77,902.77,847.4,878.41,887387.0,871.3118
2026-08-07T20:31:36.908,30,28,MU260904C00550000,MU,2026-09-04,call,550.0,319.36,5.0,338.89,10.0,329.125,266.57,1.0,,,,,,,2026-08-07,902.77,902.77,847.4,878.41,887387.0,871.3118
2026-08-07T20:31:36.908,30,28,MU260904C00555000,MU,2026-09-04,call,555.0,323.9,13.0,331.41,11.0,327.655,,,,,,,,,2026-08-07,902.77,902.77,847.4,878.41,887387.0,871.3118
2026-08-07T20:31:36.908,30,28,MU260904C00560000,MU,2026-09-04,call,560.0,312.57,15.0,325.73,14.0,319.15,341.21,4.0,0.94,0.968,0.0003,-0.3441,0.1737,0.4045,2026-08-07,902.77,902.77,847.4,878.41,887387.0,871.3118
2026-08-07T20:31:36.908,30,28,MU260904C00565000,MU,2026-09-04,call,565.0,312.85,13.0,316.61,11.0,314.73,,,,,,,,,2026-08-07,902.77,902.77,847.4,878.41,887387.0,871.3118
2026-08-07T20:31:36.908,30,28,MU260904C00570000,MU,2026-09-04,call,570.0,309.61,14.0,319.79,14.0,314.70000000000005,229.15,2.0,,,,,,,2026-08-07,902.77,902.77,847.4,878.41,887387.0,871.3118
2026-08-07T20:31:36.908,30,28,MU260904C00575000,MU,2026-09-04,call,575.0,299.97,14.0,312.56,13.0,306.265,,,,,,,,,2026-08-07,902.77,902.77,847.4,878.41,887387.0,871.3118
2026-08-07T20:31:36.908,30,28,MU260904C00580000,MU,2026-09-04,call,580.0,291.42,14.0,307.43,14.0,299.425,,,0.8888,0.9643,0.0004,-0.3565,0.1904,0.4171,2026-08-07,902.77,902.77,847.4,878.41,887387.0,871.3118
2026-08-07T20:31:36.908,30,28,MU260904C00585000,MU,2026-09-04,call,585.0,285.94,14.0,300.77,12.0,293.355,,,0.8108,0.9722,0.0003,-0.2792,0.1545,0.4272,2026-08-07,902.77,902.77,847.4,878.41,887387.0,871.3118
2026-08-07T20:31:36.908,30,28,MU260904C00590000,MU,2026-09-04,call,590.0,279.48,13.0,291.27,13.0,285.375,209.95,4.0,,,,,,,2026-08-07,902.77,902.77,847.4,878.41,887387.0,871.3118
2026-08-07T20:31:36.908,30,28,MU260904C00595000,MU,2026-09-04,call,595.0,280.83,17.0,294.85,16.0,287.84000000000003,242.55,1.0,0.9814,0.9409,0.0005,-0.5528,0.285,0.4104,2026-08-07,902.77,902.77,847.4,878.41,887387.0,871.3118
2026-08-07T20:31:36.908,30,28,MU260904C00600000,MU,2026-09-04,call,600.0,276.0,24.0,286.28,11.0,281.14,302.89,4.0,0.9006,0.9501,0.0005,-0.4558,0.2493,0.4217,2026-08-07,902.77,902.77,847.4,878.41,887387.0,871.3118
2026-08-07T20:31:36.908,30,28,MU260904C00605000,MU,2026-09-04,call,605.0,267.22,15.0,283.19,11.0,275.20500000000004,294.35,1.0,0.8448,0.9557,0.0005,-0.3976,0.2265,0.43,2026-08-07,902.77,902.77,847.4,878.41,887387.0,871.3118
2026-08-07T20:31:36.908,30,28,MU260904C00610000,MU,2026-09-04,call,610.0,269.52,14.0,282.29,14.0,275.905,,,1.0234,0.9225,0.0006,-0.6953,0.3515,0.4072,2026-08-07,902.77,902.77,847.4,878.41,887387.0,871.3118
2026-08-07T20:31:36.908,30,28,MU260904C00615000,MU,2026-09-04,call,615.0,264.06,14.0,278.3,12.0,271.18,205.97,4.0,1.0127,0.92,0.0006,-0.7043,0.3601,0.4091,2026-08-07,902.77,902.77,847.4,878.41,887387.0,871.3118
2026-08-07T20:31:36.908,30,28,MU260904C00620000,MU,2026-09-04,call,620.0,258.39,1.0,269.72,12.0,264.055,204.35,2.0,0.933,0.9293,0.0006,-0.6005,0.3276,0.4208,2026-08-07,902.77,902.77,847.4,878.41,887387.0,871.3118
2026-08-07T20:31:36.908,30,28,MU260904C00625000,MU,2026-09-04,call,625.0,254.45,14.0,264.01,8.0,259.23,285.06,1.0,0.9207,0.9272,0.0006,-0.6058,0.335,0.4231,2026-08-07,902.77,902.77,847.4,878.41,887387.0,871.3118
2026-08-07T20:31:36.908,30,28,MU260904C00630000,MU,2026-09-04,call,630.0,251.05,15.0,263.59,11.0,257.32,211.48,1.0,0.9878,0.9108,0.0007,-0.7431,0.3908,0.4136,2026-08-07,902.77,902.77,847.4,878.41,887387.0,871.3118
2026-08-07T20:31:36.908,30,28,MU260904C00635000,MU,2026-09-04,call,635.0,238.99,1.0,252.16,11.0,245.575,243.25,1.0,0.7643,0.9485,0.0006,-0.4072,0.2557,0.4479,2026-08-07,902.77,902.77,847.4,878.41,887387.0,871.3118
2026-08-07T20:31:36.908,30,28,MU260904C00640000,MU,2026-09-04,call,640.0,242.14,13.0,246.76,8.0,244.45,252.25,1.0,0.8749,0.9223,0.0007,-0.6062,0.3521,0.4312,2026-08-07,902.77,902.77,847.4,878.41,887387.0,871.3118
2026-08-07T20:31:36.908,30,28,MU260904C00645000,MU,2026-09-04,call,645.0,234.53,1.0,241.29,11.0,237.91,184.23,2.0,0.8125,0.9302,0.0007,-0.528,0.3244,0.4415,2026-08-07,902.77,902.77,847.4,878.41,887387.0,871.3118
2026-08-07T20:31:36.908,30,28,MU260904C00650000,MU,2026-09-04,call,650.0,230.66,13.0,243.41,11.0,237.035,191.52,1.0,0.9078,0.906,0.0008,-0.7138,0.4061,0.4259,2026-08-07,902.77,902.77,847.4,878.41,887387.0,871.3118
2026-08-07T20:31:36.908,30,28,MU260904C00655000,MU,2026-09-04,call,655.0,225.89,6.0,229.51,6.0,227.7,,,0.7731,0.9292,0.0007,-0.5113,0.3281,0.4486,2026-08-07,902.77,902.77,847.4,878.41,887387.0,871.3118
2026-08-07T20:31:36.908,30,28,MU260904C00660000,MU,2026-09-04,call,660.0,218.37,29.0,229.56,6.0,223.965,221.0,1.0,0.7933,0.9197,0.0008,-0.5693,0.361,0.4452,2026-08-07,902.77,902.77,847.4,878.41,887387.0,871.3118
2026-08-07T20:31:36.908,30,28,MU260904C00665000,MU,2026-09-04,call,665.0,216.0,1.0,228.36,11.0,222.18,241.07,1.0,0.8578,0.9003,0.0008,-0.7062,0.4242,0.4335,2026-08-07,902.77,902.77,847.4,878.41,887387.0,871.3118
2026-08-07T20:31:36.908,30,28,MU260904C00670000,MU,2026-09-04,call,670.0,213.12,1.0,216.34,7.0,214.73000000000002,,,0.7802,0.912,0.0008,-0.5968,0.3866,0.4471,2026-08-07,902.77,902.77,847.4,878.41,887387.0,871.3118
2026-08-07T20:31:36.908,30,28,MU260904C00675000,MU,2026-09-04,call,675.0,204.24,1.0,211.81,11.0,208.025,208.55,1.0,0.7178,0.9216,0.0008,-0.5143,0.3547,0.4586,2026-08-07,902.77,902.77,847.4,878.41,887387.0,871.3118
2026-08-07T20:31:36.908,30,28,MU260904C00680000,MU,2026-09-04,call,680.0,208.76,10.0,210.78,6.0,209.76999999999998,221.05,1.0,0.8613,0.882,0.0009,-0.7922,0.4786,0.4308,2026-08-07,902.77,902.77,847.4,878.41,887387.0,871.3118
2026-08-07T20:31:36.908,30,28,MU260904C00685000,MU,2026-09-04,call,685.0,199.34,9.0,204.87,9.0,202.10500000000002,,,0.786,0.8931,0.001,-0.6837,0.446,0.4441,2026-08-07,902.77,902.77,847.4,878.41,887387.0,871.3118
2026-08-07T20:31:36.908,30,28,MU260904C00690000,MU,2026-09-04,call,690.0,189.21,10.0,199.53,10.0,194.37,184.03,1.0,0.7046,0.9076,0.001,-0.5646,0.4012,0.4597,2026-08-07,902.77,902.77,847.4,878.41,887387.0,871.3118
2026-08-07T20:31:36.908,30,28,MU260904C00695000,MU,2026-09-04,call,695.0,192.48,15.0,201.48,13.0,196.98,225.15,7.0,0.8503,0.8654,0.0011,-0.8526,0.5248,0.4294,2026-08-07,902.77,902.77,847.4,878.41,887387.0,871.3118
2026-08-07T20:31:36.908,30,28,MU260904C00700000,MU,2026-09-04,call,700.0,190.28,29.0,196.07,12.0,193.175,185.66,14.0,0.854,0.8579,0.0011,-0.886,0.5446,0.4273,2026-08-07,902.77,902.77,847.4,878.41,887387.0,871.3118
2026-08-07T20:31:36.908,30,28,MU260904C00705000,MU,2026-09-04,call,705.0,182.98,19.0,195.61,25.0,189.29500000000002,213.58,1.0,0.8554,0.8507,0.0011,-0.9151,0.5629,0.4255,2026-08-07,902.77,902.77,847.4,878.41,887387.0,871.3118
2026-08-07T20:31:36.908,30,28,MU260904C00710000,MU,2026-09-04,call,710.0,178.16,16.0,190.41,36.0,184.285,213.7,3.0,0.8363,0.8479,0.0012,-0.9068,0.57,0.4274,2026-08-07,902.77,902.77,847.4,878.41,887387.0,871.3118
2026-08-07T20:31:36.908,30,28,MU260904C00715000,MU,2026-09-04,call,715.0,169.39,20.0,182.49,12.0,175.94,202.2,1.0,0.7576,0.8594,0.0012,-0.7888,0.5406,0.4415,2026-08-07,902.77,902.77,847.4,878.41,887387.0,871.3118
2026-08-07T20:31:36.908,30,28,MU260904C00720000,MU,2026-09-04,call,720.0,170.9,27.0,182.36,21.0,176.63,153.91,5.0,0.838,0.8328,0.0012,-0.9622,0.6063,0.4232,2026-08-07,902.77,902.77,847.4,878.41,887387.0,871.3118
2026-08-07T20:31:36.908,30,28,MU260904C00725000,MU,2026-09-04,call,725.0,163.75,10.0,174.78,28.0,169.265,150.85,5.0,0.7795,0.8387,0.0013,-0.881,0.5925,0.4328,2026-08-07,902.77,902.77,847.4,878.41,887387.0,871.3118
2026-08-07T20:31:36.908,30,28,MU260904C00730000,MU,2026-09-04,call,730.0,159.2,11.0,169.72,9.0,164.45999999999998,220.24,1.0,0.7641,0.8345,0.0013,-0.8782,0.6023,0.4337,2026-08-07,902.77,902.77,847.4,878.41,887387.0,871.3118
2026-08-07T20:31:36.908,30,28,MU260904C00735000,MU,2026-09-04,call,735.0,152.85,15.0,162.69,2.0,157.76999999999998,198.16,1.0,0.7173,0.8384,0.0014,-0.8171,0.5931,0.4414,2026-08-07,902.77,902.77,847.4,878.41,887387.0,871.3118
2026-08-07T20:31:36.908,30,28,MU260904C00740000,MU,2026-09-04,call,740.0,156.97,19.0,166.86,13.0,161.91500000000002,153.23,14.0,0.8415,0.8009,0.0014,-1.0698,0.6762,0.4131,2026-08-07,902.77,902.77,847.4,878.41,887387.0,871.3118
2026-08-07T20:31:36.908,30,28,MU260904C00745000,MU,2026-09-04,call,745.0,148.55,32.0,156.88,17.0,152.715,130.71,1.0,0.7587,0.8108,0.0015,-0.9437,0.6556,0.4267,2026-08-07,902.77,902.77,847.4,878.41,887387.0,871.3118
2026-08-07T20:31:36.908,30,28,MU260904C00750000,MU,2026-09-04,call,750.0,148.75,76.0,154.27,76.0,151.51,182.81,1.0,0.7954,0.7938,0.0015,-1.0349,0.6905,0.4163,2026-08-07,902.77,902.77,847.4,878.41,887387.0,871.3118
2026-08-07T20:31:36.908,30,28,MU260904C00755000,MU,2026-09-04,call,755.0,145.19,17.0,152.92,20.0,149.055,170.8,1.0,0.8114,0.7818,0.0015,-1.0874,0.7137,0.4101,2026-08-07,902.77,902.77,847.4,878.41,887387.0,871.3118
2026-08-07T20:31:36.908,30,28,MU260904C00760000,MU,2026-09-04,call,760.0,141.01,18.0,147.61,26.0,144.31,174.45,5.0,0.7945,0.7764,0.0016,-1.0801,0.7237,0.4101,2026-08-07,902.77,902.77,847.4,878.41,887387.0,871.3118
2026-08-07T20:31:36.908,30,28,MU260904C00765000,MU,2026-09-04,call,765.0,138.36,25.0,146.78,21.0,142.57,175.0,1.0,0.818,0.763,0.0016,-1.1448,0.7478,0.4024,2026-08-07,902.77,902.77,847.4,878.41,887387.0,871.3118
2026-08-07T20:31:36.908,30,28,MU260904C00770000,MU,2026-09-04,call,770.0,128.72,19.0,135.15,13.0,131.935,164.14,1.0,0.7212,0.7736,0.0017,-0.9932,0.729,0.4177,2026-08-07,902.77,902.77,847.4,878.41,887387.0,871.3118
2026-08-07T20:31:36.908,30,28,MU260904C00775000,MU,2026-09-04,call,775.0,128.6,32.0,134.83,11.0,131.715,123.66,5.0,0.7648,0.7546,0.0017,-1.0934,0.762,0.4052,2026-08-07,902.77,902.77,847.4,878.41,887387.0,871.3118
2026-08-07T20:31:36.908,30,28,MU260904C00780000,MU,2026-09-04,call,780.0,122.74,91.0,132.26,33.0,127.5,122.02,1.0,0.7541,0.747,0.0018,-1.0953,0.7745,0.4033,2026-08-07,902.77,902.77,847.4,878.41,887387.0,871.3118
2026-08-07T20:31:36.908,30,28,MU260904C00785000,MU,2026-09-04,call,785.0,116.92,1.0,128.1,48.0,122.50999999999999,115.94,5.0,0.7331,0.7411,0.0018,-1.0786,0.7839,0.4032,2026-08-07,902.77,902.77,847.4,878.41,887387.0,871.3118
2026-08-07T20:31:36.908,30,28,MU260904C00790000,MU,2026-09-04,call,790.0,119.56,88.0,125.26,48.0,122.41,118.34,1.0,0.7731,0.7239,0.0018,-1.1689,0.8097,0.3917,2026-08-07,902.77,902.77,847.4,878.41,887387.0,871.3118
2026-08-07T20:31:36.908,30,28,MU260904C00795000,MU,2026-09-04,call,795.0,115.66,27.0,124.52,35.0,120.09,143.8,1.0,0.7839,0.7123,0.0018,-1.2062,0.8259,0.3857,2026-08-07,902.77,902.77,847.4,878.41,887387.0,871.3118
2026-08-07T20:31:36.908,30,28,MU260904C00800000,MU,2026-09-04,call,800.0,110.81,98.0,120.1,93.0,115.455,109.65,3.0,0.7659,0.705,0.0019,-1.193,0.8357,0.3843,2026-08-07,902.77,902.77,847.4,878.41,887387.0,871.3118
2026-08-07T20:31:36.908,30,28,MU260904C00805000,MU,2026-09-04,call,805.0,109.4,30.0,118.77,32.0,114.08500000000001,145.58,1.0,0.7863,0.6921,0.0018,-1.2453,0.852,0.3767,2026-08-07,902.77,902.77,847.4,878.41,887387.0,871.3118
2026-08-07T20:31:36.908,30,28,MU260904C00810000,MU,2026-09-04,call,810.0,105.38,108.0,110.11,96.0,107.745,102.43,1.0,0.7478,0.6868,0.002,-1.1953,0.8583,0.378,2026-08-07,902.77,902.77,847.4,878.41,887387.0,871.3118
2026-08-07T20:31:36.908,30,28,MU260904C00815000,MU,2026-09-04,call,815.0,101.09,33.0,110.95,37.0,106.02000000000001,103.12,1.0,0.7626,0.6744,0.002,-1.2362,0.8723,0.3711,2026-08-07,902.77,902.77,847.4,878.41,887387.0,871.3118
2026-08-07T20:31:36.908,30,28,MU260904C00820000,MU,2026-09-04,call,820.0,96.52,1.0,103.4,31.0,99.96000000000001,120.92,1.0,0.7272,0.6678,0.0021,-1.1903,0.8795,0.3713,2026-08-07,902.77,902.77,847.4,878.41,887387.0,871.3118
2026-08-07T20:31:36.908,30,28,MU260904C00825000,MU,2026-09-04,call,825.0,92.07,28.0,101.15,22.0,96.61,125.15,1.0,0.7224,0.6573,0.0021,-1.196,0.8902,0.3668,2026-08-07,902.77,902.77,847.4,878.41,887387.0,871.3118
2026-08-07T20:31:36.908,30,28,MU260904C00830000,MU,2026-09-04,call,830.0,91.75,41.0,97.69,90.0,94.72,97.36,2.0,0.7333,0.6451,0.0021,-1.2273,0.9016,0.3601,2026-08-07,902.77,902.77,847.4,878.41,887387.0,871.3118
2026-08-07T20:31:36.908,30,28,MU260904C00835000,MU,2026-09-04,call,835.0,92.48,91.0,99.44,50.0,95.96000000000001,107.25,2.0,0.7775,0.6312,0.002,-1.3138,0.9135,0.3498,2026-08-07,902.77,902.77,847.4,878.41,887387.0,871.3118
2026-08-07T20:31:36.908,30,28,MU260904C00840000,MU,2026-09-04,call,840.0,88.31,91.0,92.61,28.0,90.46000000000001,113.0,1.0,0.7472,0.6222,0.0021,-1.2734,0.9205,0.348,2026-08-07,902.77,902.77,847.4,878.41,887387.0,871.3118
2026-08-07T20:31:36.908,30,28,MU260904C00845000,MU,2026-09-04,call,845.0,84.81,105.0,92.16,102.0,88.485,86.5,1.0,0.7547,0.611,0.0021,-1.2959,0.9286,0.342,2026-08-07,902.77,902.77,847.4,878.41,887387.0,871.3118
2026-08-07T20:31:36.908,30,28,MU260904C00850000,MU,2026-09-04,call,850.0,83.03,104.0,87.67,41.0,85.35,84.65,1.0,0.749,0.6002,0.0021,-1.2952,0.9356,0.3372,2026-08-07,902.77,902.77,847.4,878.41,887387.0,871.3118
2026-08-07T20:31:36.908,30,28,MU260904C00855000,MU,2026-09-04,call,855.0,77.49,90.0,85.82,91.0,81.655,84.0,1.0,0.737,0.5894,0.0022,-1.2828,0.9419,0.3327,2026-08-07,902.77,902.77,847.4,878.41,887387.0,871.3118
2026-08-07T20:31:36.908,30,28,MU260904C00860000,MU,2026-09-04,call,860.0,78.8,92.0,83.28,92.0,81.03999999999999,77.78,1.0,0.7569,0.5784,0.0021,-1.3231,0.9475,0.3258,2026-08-07,902.77,902.77,847.4,878.41,887387.0,871.3118
2026-08-07T20:31:36.908,30,28,MU260904C00865000,MU,2026-09-04,call,865.0,72.92,93.0,78.47,79.0,75.695,76.1,1.0,0.7265,0.5669,0.0022,-1.2777,0.9526,0.3222,2026-08-07,902.77,902.77,847.4,878.41,887387.0,871.3118
2026-08-07T20:31:36.908,30,28,MU260904C00870000,MU,2026-09-04,call,870.0,72.09,103.0,76.95,29.0,74.52000000000001,73.55,1.0,0.7393,0.5561,0.0022,-1.304,0.9567,0.3158,2026-08-07,902.77,902.77,847.4,878.41,887387.0,871.3118
2026-08-07T20:31:36.908,30,28,MU260904C00875000,MU,2026-09-04,call,875.0,71.58,93.0,74.72,55.0,73.15,70.73,1.0,0.7493,0.5455,0.0022,-1.3248,0.9599,0.3098,2026-08-07,902.77,902.77,847.4,878.41,887387.0,871.3118
2026-08-07T20:31:36.908,30,28,MU260904C00880000,MU,2026-09-04,call,880.0,65.15,97.0,72.25,96.0,68.7,70.87,2.0,0.7268,0.5331,0.0023,-1.2894,0.9629,0.3049,2026-08-07,902.77,902.77,847.4,878.41,887387.0,871.3118
2026-08-07T20:31:36.908,30,28,MU260904C00885000,MU,2026-09-04,call,885.0,63.85,93.0,70.27,93.0,67.06,68.61,1.0,0.7329,0.5224,0.0022,-1.3015,0.9647,0.299,2026-08-07,902.77,902.77,847.4,878.41,887387.0,871.3118
2026-08-07T20:31:36.908,30,28,MU260904C00890000,MU,2026-09-04,call,890.0,62.89,94.0,69.4,51.0,66.14500000000001,64.84,1.0,0.746,0.5126,0.0022,-1.3246,0.9658,0.2931,2026-08-07,902.77,902.77,847.4,878.41,887387.0,871.3118
2026-08-07T20:31:36.908,30,28,MU260904C00895000,MU,2026-09-04,call,895.0,61.0,109.0,67.28,53.0,64.14,61.27,1.0,0.7472,0.5019,0.0022,-1.3265,0.9662,0.2875,2026-08-07,902.77,902.77,847.4,878.41,887387.0,871.3118
2026-08-07T20:31:36.908,30,28,MU260904C00900000,MU,2026-09-04,call,900.0,57.06,96.0,62.55,20.0,59.805,63.0,1.0,0.7237,0.4882,0.0023,-1.2848,0.9658,0.2816,2026-08-07,902.77,902.77,847.4,878.41,887387.0,871.3118
2026-08-07T20:31:36.908,30,28,MU260904C00905000,MU,2026-09-04,call,905.0,56.13,96.0,62.54,34.0,59.335,55.59,2.0,0.7397,0.4795,0.0022,-1.3105,0.965,0.2761,2026-08-07,902.77,902.77,847.4,878.41,887387.0,871.3118
2026-08-07T20:31:36.908,30,28,MU260904C00910000,MU,2026-09-04,call,910.0,56.62,106.0,61.04,96.0,58.83,55.55,2.0,0.7548,0.471,0.0022,-1.3342,0.9637,0.2708,2026-08-07,902.77,902.77,847.4,878.41,887387.0,871.3118
2026-08-07T20:31:36.908,30,28,MU260904C00915000,MU,2026-09-04,call,915.0,52.55,82.0,58.28,36.0,55.415,78.03,1.0,0.7392,0.4581,0.0022,-1.3028,0.9609,0.2648,2026-08-07,902.77,902.77,847.4,878.41,887387.0,871.3118
2026-08-07T20:31:36.908,30,28,MU260904C00920000,MU,2026-09-04,call,920.0,51.03,108.0,55.02,11.0,53.025000000000006,52.8,1.0,0.7337,0.4465,0.0022,-1.2882,0.9575,0.2589,2026-08-07,902.77,902.77,847.4,878.41,887387.0,871.3118
2026-08-07T20:31:36.908,30,28,MU260904C00925000,MU,2026-09-04,call,925.0,49.48,121.0,55.02,52.0,52.25,51.12,1.0,0.7445,0.4381,0.0022,-1.3021,0.9546,0.2538,2026-08-07,902.77,902.77,847.4,878.41,887387.0,871.3118
2026-08-07T20:31:36.908,30,28,MU260904C00930000,MU,2026-09-04,call,930.0,47.78,39.0,52.24,103.0,50.010000000000005,48.3,1.0,0.7395,0.4268,0.0022,-1.2866,0.9499,0.2479,2026-08-07,902.77,902.77,847.4,878.41,887387.0,871.3118
2026-08-07T20:31:36.908,30,28,MU260904C00935000,MU,2026-09-04,call,935.0,45.85,55.0,50.24,22.0,48.045,62.6,1.0,0.7369,0.4159,0.0022,-1.2745,0.9447,0.2422,2026-08-07,902.77,902.77,847.4,878.41,887387.0,871.3118
2026-08-07T20:31:36.908,30,28,MU260904C00940000,MU,2026-09-04,call,940.0,45.05,101.0,50.34,98.0,47.695,48.82,1.0,0.7508,0.409,0.0021,-1.2926,0.941,0.2378,2026-08-07,902.77,902.77,847.4,878.41,887387.0,871.3118
2026-08-07T20:31:36.908,30,28,MU260904C00945000,MU,2026-09-04,call,945.0,41.65,102.0,46.52,102.0,44.085,46.18,1.0,0.7296,0.3939,0.0022,-1.244,0.9319,0.2304,2026-08-07,902.77,902.77,847.4,878.41,887387.0,871.3118
2026-08-07T20:31:36.908,30,28,MU260904C00950000,MU,2026-09-04,call,950.0,40.53,108.0,46.23,35.0,43.379999999999995,42.0,5.0,0.7389,0.3863,0.0021,-1.2521,0.9267,0.2259,2026-08-07,902.77,902.77,847.4,878.41,887387.0,871.3118
2026-08-07T20:31:36.908,30,28,MU260904C00955000,MU,2026-09-04,call,955.0,39.66,105.0,43.9,60.0,41.78,40.52,4.0,0.7381,0.3763,0.0021,-1.2405,0.9194,0.2204,2026-08-07,902.77,902.77,847.4,878.41,887387.0,871.3118
2026-08-07T20:31:36.908,30,28,MU260904C00960000,MU,2026-09-04,call,960.0,37.15,103.0,40.91,1.0,39.03,40.0,1.0,0.7242,0.3628,0.0021,-1.2025,0.9085,0.2134,2026-08-07,902.77,902.77,847.4,878.41,887387.0,871.3118
2026-08-07T20:31:36.908,30,28,MU260904C00965000,MU,2026-09-04,call,965.0,36.49,103.0,41.15,103.0,38.82,50.89,1.0,0.7377,0.357,0.0021,-1.2174,0.9035,0.2097,2026-08-07,902.77,902.77,847.4,878.41,887387.0,871.3118
2026-08-07T20:31:36.908,30,28,MU260904C00970000,MU,2026-09-04,call,970.0,36.67,99.0,40.65,101.0,38.66,33.92,1.0,0.7514,0.3517,0.002,-1.2327,0.8987,0.2063,2026-08-07,902.77,902.77,847.4,878.41,887387.0,871.3118
2026-08-07T20:31:36.908,30,28,MU260904C00975000,MU,2026-09-04,call,975.0,33.42,97.0,38.82,102.0,36.120000000000005,35.0,1.0,0.7382,0.3386,0.002,-1.1939,0.886,0.1994,2026-08-07,902.77,902.77,847.4,878.41,887387.0,871.3118
2026-08-07T20:31:36.908,30,28,MU260904C00980000,MU,2026-09-04,call,980.0,33.3,112.0,36.9,18.0,35.099999999999994,34.61,1.0,0.7415,0.3305,0.002,-1.1875,0.8777,0.1948,2026-08-07,902.77,902.77,847.4,878.41,887387.0,871.3118
2026-08-07T20:31:36.908,30,28,MU260904C00985000,MU,2026-09-04,call,985.0,31.47,45.0,36.24,26.0,33.855000000000004,33.04,1.0,0.7419,0.3217,0.002,-1.1746,0.868,0.1898,2026-08-07,902.77,902.77,847.4,878.41,887387.0,871.3118
2026-08-07T20:31:36.908,30,28,MU260904C00990000,MU,2026-09-04,call,990.0,31.02,76.0,34.46,33.0,32.74,32.38,1.0,0.7433,0.3134,0.002,-1.1635,0.8585,0.1851,2026-08-07,902.77,902.77,847.4,878.41,887387.0,871.3118
2026-08-07T20:31:36.908,30,28,MU260904C00995000,MU,2026-09-04,call,995.0,28.65,40.0,33.96,108.0,31.305,41.0,1.0,0.7405,0.3038,0.0019,-1.1433,0.8469,0.1798,2026-08-07,902.77,902.77,847.4,878.41,887387.0,871.3118
2026-08-07T20:31:36.908,30,28,MU260904C01000000,MU,2026-09-04,call,1000.0,28.54,111.0,32.7,49.0,30.62,30.04,1.0,0.7462,0.2973,0.0019,-1.1403,0.8386,0.1759,2026-08-07,902.77,902.77,847.4,878.41,887387.0,871.3118
2026-08-07T20:31:36.908,30,28,MU260904C01005000,MU,2026-09-04,call,1005.0,27.48,139.0,30.64,48.0,29.060000000000002,29.07,4.0,0.741,0.2871,0.0019,-1.114,0.8252,0.1703,2026-08-07,902.77,902.77,847.4,878.41,887387.0,871.3118
2026-08-07T20:31:36.908,30,28,MU260904C01010000,MU,2026-09-04,call,1010.0,26.11,110.0,30.49,39.0,28.299999999999997,27.84,1.0,0.745,0.2804,0.0019,-1.107,0.8159,0.1664,2026-08-07,902.77,902.77,847.4,878.41,887387.0,871.3118
2026-08-07T20:31:36.908,30,28,MU260904C01015000,MU,2026-09-04,call,1015.0,24.46,115.0,29.69,113.0,27.075000000000003,28.15,1.0,0.7429,0.2716,0.0018,-1.0865,0.8032,0.1614,2026-08-07,902.77,902.77,847.4,878.41,887387.0,871.3118
2026-08-07T20:31:36.908,30,28,MU260904C01020000,MU,2026-09-04,call,1020.0,24.19,134.0,27.64,30.0,25.915,26.56,1.0,0.7411,0.2631,0.0018,-1.0664,0.7904,0.1566,2026-08-07,902.77,902.77,847.4,878.41,887387.0,871.3118
2026-08-07T20:31:36.908,30,28,MU260904C01025000,MU,2026-09-04,call,1025.0,23.12,115.0,27.69,15.0,25.405,25.68,1.0,0.7472,0.2577,0.0018,-1.0632,0.7819,0.1534,2026-08-07,902.77,902.77,847.4,878.41,887387.0,871.3118
2026-08-07T20:31:36.908,30,28,MU260904C01030000,MU,2026-09-04,call,1030.0,21.52,116.0,26.48,55.0,24.0,24.8,2.0,0.7414,0.2479,0.0018,-1.0337,0.7663,0.1479,2026-08-07,902.77,902.77,847.4,878.41,887387.0,871.3118
2026-08-07T20:31:36.908,30,28,MU260904C01035000,MU,2026-09-04,call,1035.0,21.24,19.0,25.34,3.0,23.29,24.25,1.0,0.7442,0.2416,0.0017,-1.0229,0.7557,0.1442,2026-08-07,902.77,902.77,847.4,878.41,887387.0,871.3118
2026-08-07T20:31:36.908,30,28,MU260904C01040000,MU,2026-09-04,call,1040.0,21.23,186.0,24.24,135.0,22.735,22.6,1.0,0.7487,0.2361,0.0017,-1.016,0.7462,0.1409,2026-08-07,902.77,902.77,847.4,878.41,887387.0,871.3118
2026-08-07T20:31:36.908,30,28,MU260904C01045000,MU,2026-09-04,call,1045.0,20.28,122.0,23.51,128.0,21.895000000000003,24.0,6.0,0.7491,0.2292,0.0017,-0.9996,0.734,0.1369,2026-08-07,902.77,902.77,847.4,878.41,887387.0,871.3118
2026-08-07T20:31:36.908,30,28,MU260904C01050000,MU,2026-09-04,call,1050.0,19.15,125.0,23.1,99.0,21.125,21.46,1.0,0.7501,0.2226,0.0016,-0.9844,0.722,0.1331,2026-08-07,902.77,902.77,847.4,878.41,887387.0,871.3118
2026-08-07T20:31:36.908,30,28,MU260904C01055000,MU,2026-09-04,call,1055.0,18.77,186.0,22.64,122.0,20.705,21.05,1.0,0.7556,0.218,0.0016,-0.9795,0.7134,0.1304,2026-08-07,902.77,902.77,847.4,878.41,887387.0,871.3118
2026-08-07T20:31:36.908,30,28,MU260904C01060000,MU,2026-09-04,call,1060.0,18.06,145.0,21.21,156.0,19.634999999999998,19.38,1.0,0.7516,0.2099,0.0016,-0.9529,0.6978,0.1257,2026-08-07,902.77,902.77,847.4,878.41,887387.0,871.3118
2026-08-07T20:31:36.908,30,28,MU260904C01065000,MU,2026-09-04,call,1065.0,16.8,65.0,20.73,68.0,18.765,35.92,1.0,0.75,0.2028,0.0016,-0.9315,0.6837,0.1216,2026-08-07,902.77,902.77,847.4,878.41,887387.0,871.3118
2026-08-07T20:31:36.908,30,28,MU260904C01070000,MU,2026-09-04,call,1070.0,15.93,132.0,20.16,127.0,18.045,18.12,18.0,0.7501,0.1966,0.0015,-0.9142,0.671,0.118,2026-08-07,902.77,902.77,847.4,878.41,887387.0,871.3118
2026-08-07T20:31:36.908,30,28,MU260904C01075000,MU,2026-09-04,call,1075.0,16.6,172.0,19.07,143.0,17.835,18.21,1.0,0.7577,0.1933,0.0015,-0.9138,0.6643,0.116,2026-08-07,902.77,902.77,847.4,878.41,887387.0,871.3118
2026-08-07T20:31:36.908,30,28,MU260904C01080000,MU,2026-09-04,call,1080.0,15.09,128.0,18.59,115.0,16.84,18.67,3.0,0.753,0.1855,0.0015,-0.8852,0.6476,0.1115,2026-08-07,902.77,902.77,847.4,878.41,887387.0,871.3118
2026-08-07T20:31:36.908,30,28,MU260904C01085000,MU,2026-09-04,call,1085.0,14.13,125.0,18.49,130.0,16.31,17.07,3.0,0.755,0.1804,0.0014,-0.8723,0.6365,0.1085,2026-08-07,902.77,902.77,847.4,878.41,887387.0,871.3118
2026-08-07T20:31:36.908,30,28,MU260904C01090000,MU,2026-09-04,call,1090.0,14.04,136.0,17.89,130.0,15.965,15.5,30.0,0.7598,0.1766,0.0014,-0.8656,0.6279,0.1062,2026-08-07,902.77,902.77,847.4,878.41,887387.0,871.3118
2026-08-07T20:31:36.908,30,28,MU260904C01095000,MU,2026-09-04,call,1095.0,13.68,139.0,16.96,139.0,15.32,14.69,1.0,0.7594,0.1708,0.0014,-0.8472,0.6148,0.1029,2026-08-07,902.77,902.77,847.4,878.41,887387.0,871.3118
2026-08-07T20:31:36.908,30,28,MU260904C01100000,MU,2026-09-04,call,1100.0,13.87,149.0,15.86,127.0,14.864999999999998,14.3,1.0,0.7618,0.1663,0.0014,-0.8352,0.6044,0.1002,2026-08-07,902.77,902.77,847.4,878.41,887387.0,871.3118
2026-08-07T20:31:36.908,30,28,MU260904C01105000,MU,2026-09-04,call,1105.0,11.99,127.0,15.95,127.0,13.969999999999999,15.4,1.0,0.7565,0.159,0.0013,-0.8053,0.5869,0.0959,2026-08-07,902.77,902.77,847.4,878.41,887387.0,871.3118
2026-08-07T20:31:36.908,30,28,MU260904C01110000,MU,2026-09-04,call,1110.0,12.98,1.0,15.58,125.0,14.280000000000001,14.1,1.0,0.7714,0.1595,0.0013,-0.8227,0.5882,0.0961,2026-08-07,902.77,902.77,847.4,878.41,887387.0,871.3118
2026-08-07T20:31:36.908,30,28,MU260904C01115000,MU,2026-09-04,call,1115.0,10.95,128.0,14.93,70.0,12.94,14.8,1.0,0.7576,0.1492,0.0013,-0.7731,0.5627,0.0902,2026-08-07,902.77,902.77,847.4,878.41,887387.0,871.3118
2026-08-07T20:31:36.908,30,28,MU260904C01120000,MU,2026-09-04,call,1120.0,10.89,127.0,14.47,140.0,12.68,12.75,1.0,0.7623,0.1461,0.0012,-0.7667,0.5548,0.0883,2026-08-07,902.77,902.77,847.4,878.41,887387.0,871.3118
2026-08-07T20:31:36.908,30,28,MU260904C01125000,MU,2026-09-04,call,1125.0,10.82,86.0,13.89,107.0,12.355,13.58,1.0,0.7656,0.1426,0.0012,-0.7573,0.5457,0.0862,2026-08-07,902.77,902.77,847.4,878.41,887387.0,871.3118
2026-08-07T20:31:36.908,30,28,MU260904C01130000,MU,2026-09-04,call,1130.0,10.19,134.0,13.76,123.0,11.975,14.61,1.0,0.7676,0.1387,0.0012,-0.7451,0.5356,0.0838,2026-08-07,902.77,902.77,847.4,878.41,887387.0,871.3118
2026-08-07T20:31:36.908,30,28,MU260904C01135000,MU,2026-09-04,call,1135.0,10.17,175.0,13.07,146.0,11.620000000000001,11.47,1.0,0.7699,0.135,0.0012,-0.7335,0.5258,0.0816,2026-08-07,902.77,902.77,847.4,878.41,887387.0,871.3118
2026-08-07T20:31:36.908,30,28,MU260904C01140000,MU,2026-09-04,call,1140.0,9.07,151.0,12.67,127.0,10.870000000000001,12.66,3.0,0.7643,0.1285,0.0011,-0.7036,0.5081,0.0778,2026-08-07,902.77,902.77,847.4,878.41,887387.0,871.3118
2026-08-07T20:31:36.908,30,28,MU260904C01150000,MU,2026-09-04,call,1150.0,9.38,117.0,10.47,1.0,9.925,10.48,3.0,0.7624,0.1193,0.0011,-0.6665,0.4826,0.0724,2026-08-07,902.77,902.77,847.4,878.41,887387.0,871.3118
2026-08-07T20:31:36.908,30,28,MU260904C01160000,MU,2026-09-04,call,1160.0,8.67,160.0,10.38,39.0,9.525,9.4,1.0,0.7709,0.1144,0.001,-0.6536,0.4683,0.0694,2026-08-07,902.77,902.77,847.4,878.41,887387.0,871.3118
2026-08-07T20:31:36.908,30,28,MU260904C01170000,MU,2026-09-04,call,1170.0,7.43,169.0,10.33,111.0,8.879999999999999,8.7,1.0,0.7732,0.1076,0.001,-0.6275,0.4483,0.0654,2026-08-07,902.77,902.77,847.4,878.41,887387.0,871.3118
2026-08-07T20:31:36.908,30,28,MU260904C01180000,MU,2026-09-04,call,1180.0,6.4,202.0,9.78,182.0,8.09,8.5,4.0,0.7712,0.0997,0.0009,-0.592,0.4242,0.0607,2026-08-07,902.77,902.77,847.4,878.41,887387.0,871.3118
2026-08-07T20:31:36.908,30,28,MU260904C01190000,MU,2026-09-04,call,1190.0,6.13,140.0,8.93,57.0,7.529999999999999,15.65,1.0,0.7733,0.0937,0.0009,-0.5669,0.4052,0.0571,2026-08-07,902.77,902.77,847.4,878.41,887387.0,871.3118
2026-08-07T20:31:36.908,30,28,MU260904C01200000,MU,2026-09-04,call,1200.0,6.0,232.0,8.51,238.0,7.255,7.27,1.0,0.7817,0.09,0.0009,-0.5562,0.3934,0.0548,2026-08-07,902.77,902.77,847.4,878.41,887387.0,871.3118
2026-08-07T20:31:36.908,30,28,MU260904C01210000,MU,2026-09-04,call,1210.0,5.35,161.0,8.33,154.0,6.84,7.2,2.0,0.7859,0.0853,0.0008,-0.537,0.3778,0.052,2026-08-07,902.77,902.77,847.4,878.41,887387.0,871.3118
2026-08-07T20:31:36.908,30,28,MU260904C01220000,MU,2026-09-04,call,1220.0,5.26,147.0,7.6,127.0,6.43,6.76,1.0,0.7895,0.0806,0.0008,-0.517,0.3622,0.0492,2026-08-07,902.77,902.77,847.4,878.41,887387.0,871.3118
2026-08-07T20:31:36.908,30,28,MU260904C01230000,MU,2026-09-04,call,1230.0,5.06,115.0,7.32,139.0,6.1899999999999995,12.55,1.0,0.7971,0.0775,0.0008,-0.5063,0.3514,0.0472,2026-08-07,902.77,902.77,847.4,878.41,887387.0,871.3118
2026-08-07T20:31:36.908,30,28,MU260904C01240000,MU,2026-09-04,call,1240.0,4.16,147.0,6.96,159.0,5.5600000000000005,8.25,1.0,0.7926,0.071,0.0007,-0.4709,0.3287,0.0434,2026-08-07,902.77,902.77,847.4,878.41,887387.0,871.3118
2026-08-07T20:31:36.908,30,28,MU260904C01250000,MU,2026-09-04,call,1250.0,3.88,151.0,5.67,91.0,4.775,5.09,2.0,0.7813,0.063,0.0007,-0.4232,0.2997,0.0386,2026-08-07,902.77,902.77,847.4,878.41,887387.0,871.3118
2026-08-07T20:31:36.908,30,28,MU260904C01260000,MU,2026-09-04,call,1260.0,3.21,137.0,6.17,143.0,4.6899999999999995,5.5,1.0,0.7918,0.0614,0.0006,-0.4202,0.2937,0.0376,2026-08-07,902.77,902.77,847.4,878.41,887387.0,871.3118
2026-08-07T20:31:36.908,30,28,MU260904C01270000,MU,2026-09-04,call,1270.0,3.97,161.0,5.64,106.0,4.805,7.53,1.0,0.8089,0.0616,0.0006,-0.4304,0.2946,0.0377,2026-08-07,902.77,902.77,847.4,878.41,887387.0,871.3118
2026-08-07T20:31:36.908,30,28,MU260904C01280000,MU,2026-09-04,call,1280.0,2.8,112.0,5.53,69.0,4.165,4.74,1.0,0.7991,0.055,0.0006,-0.3888,0.2694,0.0337,2026-08-07,902.77,902.77,847.4,878.41,887387.0,871.3118
2026-08-07T20:31:36.908,30,28,MU260904C01290000,MU,2026-09-04,call,1290.0,2.62,109.0,5.23,97.0,3.9250000000000003,3.64,3.0,0.8026,0.0521,0.0005,-0.3738,0.2579,0.0319,2026-08-07,902.77,902.77,847.4,878.41,887387.0,871.3118
2026-08-07T20:31:36.908,30,28,MU260904C01300000,MU,2026-09-04,call,1300.0,3.29,75.0,4.64,141.0,3.965,3.75,5.0,0.8166,0.0518,0.0005,-0.3787,0.2569,0.0317,2026-08-07,902.77,902.77,847.4,878.41,887387.0,871.3118
2026-08-07T20:31:36.908,30,28,MU260904C01310000,MU,2026-09-04,call,1310.0,1.98,51.0,4.66,81.0,3.3200000000000003,6.2,1.0,0.8022,0.045,0.0005,-0.3325,0.2296,0.0276,2026-08-07,902.77,902.77,847.4,878.41,887387.0,871.3118
2026-08-07T20:31:36.908,30,28,MU260904C01320000,MU,2026-09-04,call,1320.0,2.68,25.0,4.44,53.0,3.5600000000000005,3.44,1.0,0.8245,0.0468,0.0005,-0.3525,0.2369,0.0287,2026-08-07,902.77,902.77,847.4,878.41,887387.0,871.3118
2026-08-07T20:31:36.908,30,28,MU260904C01330000,MU,2026-09-04,call,1330.0,2.42,150.0,4.08,140.0,3.25,2.9,1.0,0.8228,0.0433,0.0005,-0.3303,0.2225,0.0265,2026-08-07,902.77,902.77,847.4,878.41,887387.0,871.3118
2026-08-07T20:31:36.908,30,28,MU260904C01340000,MU,2026-09-04,call,1340.0,1.52,86.0,4.12,94.0,2.8200000000000003,7.3,10.0,0.8141,0.0385,0.0004,-0.2975,0.2025,0.0237,2026-08-07,902.77,902.77,847.4,878.41,887387.0,871.3118
2026-08-07T20:31:36.908,30,28,MU260904C01350000,MU,2026-09-04,call,1350.0,2.16,60.0,3.97,126.0,3.0650000000000004,2.77,1.0,0.8373,0.0405,0.0004,-0.3187,0.211,0.0248,2026-08-07,902.77,902.77,847.4,878.41,887387.0,871.3118
2026-08-07T20:31:36.908,30,28,MU260904C01360000,MU,2026-09-04,call,1360.0,1.22,55.0,3.73,25.0,2.475,8.53,2.0,0.8186,0.0342,0.0004,-0.2713,0.1837,0.0211,2026-08-07,902.77,902.77,847.4,878.41,887387.0,871.3118
2026-08-07T20:31:36.908,30,28,MU260904C01370000,MU,2026-09-04,call,1370.0,1.04,28.0,3.54,25.0,2.29,9.05,50.0,0.8191,0.0319,0.0004,-0.2564,0.1735,0.0197,2026-08-07,902.77,902.77,847.4,878.41,887387.0,871.3118
2026-08-07T20:31:36.908,30,28,MU260904C01380000,MU,2026-09-04,call,1380.0,1.01,37.0,3.49,23.0,2.25,2.44,1.0,0.8275,0.0312,0.0004,-0.2539,0.1701,0.0192,2026-08-07,902.77,902.77,847.4,878.41,887387.0,871.3118
2026-08-07T20:31:36.908,30,28,MU260904C01390000,MU,2026-09-04,call,1390.0,0.86,72.0,3.28,35.0,2.07,4.42,15.0,0.8272,0.029,0.0003,-0.2388,0.1601,0.0178,2026-08-07,902.77,902.77,847.4,878.41,887387.0,871.3118
2026-08-07T20:31:36.908,30,28,MU260904C01400000,MU,2026-09-04,call,1400.0,1.21,138.0,2.77,94.0,1.99,1.96,1.0,0.8325,0.0278,0.0003,-0.2324,0.1548,0.0171,2026-08-07,902.77,902.77,847.4,878.41,887387.0,871.3118
2026-08-07T20:31:36.908,30,28,MU260904C01410000,MU,2026-09-04,call,1410.0,0.85,53.0,3.03,36.0,1.94,3.75,20.0,0.8394,0.027,0.0003,-0.2286,0.1511,0.0166,2026-08-07,902.77,902.77,847.4,878.41,887387.0,871.3118
2026-08-07T20:31:36.908,30,28,MU260904C01420000,MU,2026-09-04,call,1420.0,0.74,37.0,2.89,35.0,1.815,2.91,1.0,,,,,,,2026-08-07,902.77,902.77,847.4,878.41,887387.0,871.3118
2026-08-07T20:31:36.908,30,28,MU260904C01430000,MU,2026-09-04,call,1430.0,0.78,155.0,2.86,106.0,1.8199999999999998,2.08,1.0,,,,,,,2026-08-07,902.77,902.77,847.4,878.41,887387.0,871.3118
2026-08-07T20:31:36.908,30,28,MU260904C01440000,MU,2026-09-04,call,1440.0,0.6,100.0,2.76,41.0,1.68,6.5,1.0,0.8511,0.0235,0.0003,-0.2061,0.1344,0.0145,2026-08-07,902.77,902.77,847.4,878.41,887387.0,871.3118
2026-08-07T20:31:36.908,30,28,MU260904C01450000,MU,2026-09-04,call,1450.0,0.75,50.0,2.43,32.0,1.59,1.51,1.0,0.8539,0.0223,0.0003,-0.198,0.1287,0.0137,2026-08-07,902.77,902.77,847.4,878.41,887387.0,871.3118
2026-08-07T20:31:36.908,30,28,MU260904C01460000,MU,2026-09-04,call,1460.0,0.65,49.0,2.56,38.0,1.605,5.73,1.0,,,,,,,2026-08-07,902.77,902.77,847.4,878.41,887387.0,871.3118
2026-08-07T20:31:36.908,30,28,MU260904C01470000,MU,2026-09-04,call,1470.0,0.64,67.0,2.35,28.0,1.495,5.5,1.0,,,,,,,2026-08-07,902.77,902.77,847.4,878.41,887387.0,871.3118
2026-08-07T20:31:36.908,30,28,MU260904C01480000,MU,2026-09-04,call,1480.0,0.49,52.0,2.31,23.0,1.4,1.5,1.0,,,,,,,2026-08-07,902.77,902.77,847.4,878.41,887387.0,871.3118
2026-08-07T20:31:36.908,30,28,MU260904C01490000,MU,2026-09-04,call,1490.0,0.52,52.0,2.2,34.0,1.36,1.27,5.0,,,,,,,2026-08-07,902.77,902.77,847.4,878.41,887387.0,871.3118
2026-08-07T20:31:36.908,30,28,MU260904C01500000,MU,2026-09-04,call,1500.0,0.88,48.0,1.53,47.0,1.205,1.24,5.0,,,,,,,2026-08-07,902.77,902.77,847.4,878.41,887387.0,871.3118
2026-08-07T20:31:36.908,30,28,MU260904C01510000,MU,2026-09-04,call,1510.0,0.46,34.0,2.12,25.0,1.29,3.35,1.0,,,,,,,2026-08-07,902.77,902.77,847.4,878.41,887387.0,871.3118
2026-08-07T20:31:36.908,30,28,MU260904C01520000,MU,2026-09-04,call,1520.0,0.33,30.0,2.02,17.0,1.175,4.4,1.0,,,,,,,2026-08-07,902.77,902.77,847.4,878.41,887387.0,871.3118
2026-08-07T20:31:36.908,30,28,MU260904C01530000,MU,2026-09-04,call,1530.0,0.28,29.0,2.009,12.0,1.1444999999999999,2.45,1.0,,,,,,,2026-08-07,902.77,902.77,847.4,878.41,887387.0,871.3118
2026-08-07T20:31:36.908,30,28,MU260904C01540000,MU,2026-09-04,call,1540.0,0.27,55.0,1.92,31.0,1.095,3.21,1.0,,,,,,,2026-08-07,902.77,902.77,847.4,878.41,887387.0,871.3118
2026-08-07T20:31:36.908,30,28,MU260904C01550000,MU,2026-09-04,call,1550.0,0.27,25.0,1.86,20.0,1.065,1.07,1.0,,,,,,,2026-08-07,902.77,902.77,847.4,878.41,887387.0,871.3118
2026-08-07T20:31:36.908,30,28,MU260904C01560000,MU,2026-09-04,call,1560.0,0.14,46.0,1.82,26.0,0.98,,,,,,,,,2026-08-07,902.77,902.77,847.4,878.41,887387.0,871.3118
2026-08-07T20:31:36.908,30,28,MU260904C01570000,MU,2026-09-04,call,1570.0,0.22,30.0,1.83,17.0,1.0250000000000001,3.06,32.0,,,,,,,2026-08-07,902.77,902.77,847.4,878.41,887387.0,871.3118
2026-08-07T20:31:36.908,30,28,MU260904C01580000,MU,2026-09-04,call,1580.0,0.03,19.0,1.75,21.0,0.89,2.82,2.0,,,,,,,2026-08-07,902.77,902.77,847.4,878.41,887387.0,871.3118
2026-08-07T20:31:36.908,30,28,MU260904C01590000,MU,2026-09-04,call,1590.0,0.03,28.0,1.79,15.0,0.91,3.35,1.0,,,,,,,2026-08-07,902.77,902.77,847.4,878.41,887387.0,871.3118
2026-08-07T20:31:36.908,30,28,MU260904C01600000,MU,2026-09-04,call,1600.0,0.0,0.0,2.13,32.0,1.065,1.96,3.0,,,,,,,2026-08-07,902.77,902.77,847.4,878.41,887387.0,871.3118
2026-08-07T20:31:36.908,30,28,MU260904C01610000,MU,2026-09-04,call,1610.0,0.0,0.0,2.08,39.0,1.04,1.18,1.0,,,,,,,2026-08-07,902.77,902.77,847.4,878.41,887387.0,871.3118
2026-08-07T20:31:36.908,30,28,MU260904C01620000,MU,2026-09-04,call,1620.0,0.0,0.0,2.05,26.0,1.025,2.51,1.0,,,,,,,2026-08-07,902.77,902.77,847.4,878.41,887387.0,871.3118
2026-08-07T20:31:36.908,30,28,MU260904C01630000,MU,2026-09-04,call,1630.0,0.0,0.0,2.009,51.0,1.0045,2.15,1.0,,,,,,,2026-08-07,902.77,902.77,847.4,878.41,887387.0,871.3118
2026-08-07T20:31:36.908,30,28,MU260904C01640000,MU,2026-09-04,call,1640.0,0.0,0.0,1.94,12.0,0.97,1.59,1.0,,,,,,,2026-08-07,902.77,902.77,847.4,878.41,887387.0,871.3118
2026-08-07T20:31:36.908,30,28,MU260904C01650000,MU,2026-09-04,call,1650.0,0.0,0.0,1.96,14.0,0.98,1.45,1.0,,,,,,,2026-08-07,902.77,902.77,847.4,878.41,887387.0,871.3118
2026-08-07T20:31:36.908,30,28,MU260904C01660000,MU,2026-09-04,call,1660.0,0.0,0.0,1.88,23.0,0.94,,,,,,,,,2026-08-07,902.77,902.77,847.4,878.41,887387.0,871.3118
2026-08-07T20:31:36.908,30,28,MU260904C01670000,MU,2026-09-04,call,1670.0,0.0,0.0,1.85,34.0,0.925,,,,,,,,,2026-08-07,902.77,902.77,847.4,878.41,887387.0,871.3118
2026-08-07T20:31:36.908,30,28,MU260904C01680000,MU,2026-09-04,call,1680.0,0.0,0.0,1.83,24.0,0.915,,,,,,,,,2026-08-07,902.77,902.77,847.4,878.41,887387.0,871.3118
2026-08-07T20:31:36.908,30,28,MU260904C01690000,MU,2026-09-04,call,1690.0,0.0,0.0,1.81,39.0,0.905,,,,,,,,,2026-08-07,902.77,902.77,847.4,878.41,887387.0,871.3118
2026-08-07T20:31:36.908,30,28,MU260904C01700000,MU,2026-09-04,call,1700.0,0.0,0.0,1.7,51.0,0.85,1.15,3.0,,,,,,,2026-08-07,902.77,902.77,847.4,878.41,887387.0,871.3118
2026-08-07T20:31:36.908,30,28,MU260904C01710000,MU,2026-09-04,call,1710.0,0.0,0.0,1.38,9.0,0.69,2.08,4.0,,,,,,,2026-08-07,902.77,902.77,847.4,878.41,887387.0,871.3118
2026-08-07T20:31:36.908,30,28,MU260904C01720000,MU,2026-09-04,call,1720.0,0.0,0.0,1.67,25.0,0.835,,,,,,,,,2026-08-07,902.77,902.77,847.4,878.41,887387.0,871.3118
2026-08-07T20:31:36.908,30,28,MU260904C01730000,MU,2026-09-04,call,1730.0,0.0,0.0,1.77,41.0,0.885,,,,,,,,,2026-08-07,902.77,902.77,847.4,878.41,887387.0,871.3118
2026-08-07T20:31:36.908,30,28,MU260904C01740000,MU,2026-09-04,call,1740.0,0.0,0.0,1.76,45.0,0.88,,,,,,,,,2026-08-07,902.77,902.77,847.4,878.41,887387.0,871.3118
2026-08-07T20:31:36.908,30,28,MU260904C01750000,MU,2026-09-04,call,1750.0,0.0,0.0,1.76,42.0,0.88,1.55,1.0,,,,,,,2026-08-07,902.77,902.77,847.4,878.41,887387.0,871.3118
2026-08-07T20:31:36.908,30,28,MU260904C01760000,MU,2026-09-04,call,1760.0,0.0,0.0,1.73,44.0,0.865,,,,,,,,,2026-08-07,902.77,902.77,847.4,878.41,887387.0,871.3118
2026-08-07T20:31:36.908,30,28,MU260904C01770000,MU,2026-09-04,call,1770.0,0.0,0.0,1.67,42.0,0.835,,,,,,,,,2026-08-07,902.77,902.77,847.4,878.41,887387.0,871.3118
2026-08-07T20:31:36.908,30,28,MU260904C01780000,MU,2026-09-04,call,1780.0,0.0,0.0,1.7,2.0,0.85,,,,,,,,,2026-08-07,902.77,902.77,847.4,878.41,887387.0,871.3118
2026-08-07T20:31:36.908,30,28,MU260904C01790000,MU,2026-09-04,call,1790.0,0.0,0.0,1.69,10.0,0.845,1.5,1.0,,,,,,,2026-08-07,902.77,902.77,847.4,878.41,887387.0,871.3118
2026-08-07T20:31:36.908,30,28,MU260904C01800000,MU,2026-09-04,call,1800.0,0.0,0.0,1.64,10.0,0.82,1.8,1.0,,,,,,,2026-08-07,902.77,902.77,847.4,878.41,887387.0,871.3118
2026-08-07T20:31:36.908,30,28,MU260904C01810000,MU,2026-09-04,call,1810.0,0.0,0.0,1.62,10.0,0.81,1.08,1.0,,,,,,,2026-08-07,902.77,902.77,847.4,878.41,887387.0,871.3118
2026-08-07T20:31:36.908,30,28,MU260904C01820000,MU,2026-09-04,call,1820.0,0.0,0.0,1.65,14.0,0.825,1.7,10.0,,,,,,,2026-08-07,902.77,902.77,847.4,878.41,887387.0,871.3118
2026-08-07T20:31:36.908,30,28,MU260904C01830000,MU,2026-09-04,call,1830.0,0.0,0.0,1.68,10.0,0.84,,,,,,,,,2026-08-07,902.77,902.77,847.4,878.41,887387.0,871.3118
2026-08-07T20:31:36.908,30,28,MU260904C01840000,MU,2026-09-04,call,1840.0,0.0,0.0,3.99,10.0,1.995,1.45,1.0,,,,,,,2026-08-07,902.77,902.77,847.4,878.41,887387.0,871.3118
2026-08-07T20:31:36.908,30,28,MU260904C01850000,MU,2026-09-04,call,1850.0,0.0,0.0,2.97,10.0,1.485,,,,,,,,,2026-08-07,902.77,902.77,847.4,878.41,887387.0,871.3118
2026-08-07T20:31:36.908,30,28,MU260904C01860000,MU,2026-09-04,call,1860.0,0.0,0.0,3.88,10.0,1.94,2.83,1.0,,,,,,,2026-08-07,902.77,902.77,847.4,878.41,887387.0,871.3118
2026-08-07T20:31:36.908,30,28,MU260904C01870000,MU,2026-09-04,call,1870.0,0.0,0.0,3.78,10.0,1.89,1.73,1.0,,,,,,,2026-08-07,902.77,902.77,847.4,878.41,887387.0,871.3118
2026-08-07T20:31:36.908,30,28,MU260904C01880000,MU,2026-09-04,call,1880.0,0.0,0.0,3.02,2.0,1.51,,,,,,,,,2026-08-07,902.77,902.77,847.4,878.41,887387.0,871.3118
2026-08-07T20:31:36.908,30,28,MU260904C01890000,MU,2026-09-04,call,1890.0,0.0,0.0,3.78,10.0,1.89,1.23,1.0,,,,,,,2026-08-07,902.77,902.77,847.4,878.41,887387.0,871.3118
2026-08-07T20:31:36.908,30,28,MU260904C01900000,MU,2026-09-04,call,1900.0,0.0,0.0,3.47,9.0,1.735,1.32,1.0,,,,,,,2026-08-07,902.77,902.77,847.4,878.41,887387.0,871.3118
2026-08-07T20:31:36.908,30,28,MU260904C01910000,MU,2026-09-04,call,1910.0,0.0,0.0,3.73,10.0,1.865,1.02,3.0,,,,,,,2026-08-07,902.77,902.77,847.4,878.41,887387.0,871.3118
2026-08-07T20:31:36.908,30,28,MU260904C01920000,MU,2026-09-04,call,1920.0,0.0,0.0,3.69,10.0,1.845,1.45,1.0,,,,,,,2026-08-07,902.77,902.77,847.4,878.41,887387.0,871.3118
2026-08-07T20:31:36.908,30,28,MU260904C01930000,MU,2026-09-04,call,1930.0,0.0,0.0,3.81,10.0,1.905,,,,,,,,,2026-08-07,902.77,902.77,847.4,878.41,887387.0,871.3118
2026-08-07T20:31:36.908,30,28,MU260904C01940000,MU,2026-09-04,call,1940.0,0.0,0.0,3.7,10.0,1.85,,,,,,,,,2026-08-07,902.77,902.77,847.4,878.41,887387.0,871.3118
2026-08-07T20:31:36.908,30,28,MU260904C01950000,MU,2026-09-04,call,1950.0,0.0,0.0,3.02,2.0,1.51,,,,,,,,,2026-08-07,902.77,902.77,847.4,878.41,887387.0,871.3118
2026-08-07T20:31:36.908,30,28,MU260904C01960000,MU,2026-09-04,call,1960.0,0.0,0.0,3.68,11.0,1.84,0.46,1.0,,,,,,,2026-08-07,902.77,902.77,847.4,878.41,887387.0,871.3118
2026-08-07T20:31:36.908,30,28,MU260904C01970000,MU,2026-09-04,call,1970.0,0.0,0.0,3.68,11.0,1.84,1.15,1.0,,,,,,,2026-08-07,902.77,902.77,847.4,878.41,887387.0,871.3118
2026-08-07T20:31:36.908,30,28,MU260904C01980000,MU,2026-09-04,call,1980.0,0.0,0.0,3.67,11.0,1.835,,,,,,,,,2026-08-07,902.77,902.77,847.4,878.41,887387.0,871.3118
2026-08-07T20:31:36.908,30,28,MU260904C01990000,MU,2026-09-04,call,1990.0,0.0,0.0,3.66,116.0,1.83,,,,,,,,,2026-08-07,902.77,902.77,847.4,878.41,887387.0,871.3118
2026-08-07T20:31:36.908,30,28,MU260904C02000000,MU,2026-09-04,call,2000.0,0.1,1.0,0.62,1.0,0.36,0.21,6.0,,,,,,,2026-08-07,902.77,902.77,847.4,878.41,887387.0,871.3118
2026-08-07T20:31:36.908,30,28,MU260904P00100000,MU,2026-09-04,put,100.0,0.0,0.0,4.39,1.0,2.195,0.03,1.0,,,,,,,2026-08-07,902.77,902.77,847.4,878.41,887387.0,871.3118
2026-08-07T20:31:36.908,30,28,MU260904P00105000,MU,2026-09-04,put,105.0,0.0,0.0,4.24,1.0,2.12,0.07,1.0,,,,,,,2026-08-07,902.77,902.77,847.4,878.41,887387.0,871.3118
2026-08-07T20:31:36.908,30,28,MU260904P00110000,MU,2026-09-04,put,110.0,0.0,0.0,4.28,1.0,2.14,0.17,1.0,,,,,,,2026-08-07,902.77,902.77,847.4,878.41,887387.0,871.3118
2026-08-07T20:31:36.908,30,28,MU260904P00115000,MU,2026-09-04,put,115.0,0.0,0.0,4.25,1.0,2.125,0.09,1.0,,,,,,,2026-08-07,902.77,902.77,847.4,878.41,887387.0,871.3118
2026-08-07T20:31:36.908,30,28,MU260904P00120000,MU,2026-09-04,put,120.0,0.0,0.0,4.35,1.0,2.175,0.08,1.0,,,,,,,2026-08-07,902.77,902.77,847.4,878.41,887387.0,871.3118
2026-08-07T20:31:36.908,30,28,MU260904P00125000,MU,2026-09-04,put,125.0,0.0,0.0,4.28,1.0,2.14,0.09,1.0,,,,,,,2026-08-07,902.77,902.77,847.4,878.41,887387.0,871.3118
2026-08-07T20:31:36.908,30,28,MU260904P00130000,MU,2026-09-04,put,130.0,0.0,0.0,4.22,100.0,2.11,0.03,1.0,,,,,,,2026-08-07,902.77,902.77,847.4,878.41,887387.0,871.3118
2026-08-07T20:31:36.908,30,28,MU260904P00135000,MU,2026-09-04,put,135.0,0.0,0.0,4.24,1.0,2.12,0.12,1.0,,,,,,,2026-08-07,902.77,902.77,847.4,878.41,887387.0,871.3118
2026-08-07T20:31:36.908,30,28,MU260904P00140000,MU,2026-09-04,put,140.0,0.0,0.0,4.32,1.0,2.16,0.15,1.0,,,,,,,2026-08-07,902.77,902.77,847.4,878.41,887387.0,871.3118
2026-08-07T20:31:36.908,30,28,MU260904P00145000,MU,2026-09-04,put,145.0,0.0,0.0,4.23,1.0,2.115,0.18,1.0,,,,,,,2026-08-07,902.77,902.77,847.4,878.41,887387.0,871.3118
2026-08-07T20:31:36.908,30,28,MU260904P00150000,MU,2026-09-04,put,150.0,0.0,0.0,4.26,1.0,2.13,0.21,1.0,,,,,,,2026-08-07,902.77,902.77,847.4,878.41,887387.0,871.3118
2026-08-07T20:31:36.908,30,28,MU260904P00155000,MU,2026-09-04,put,155.0,0.0,0.0,4.23,1.0,2.115,0.17,1.0,,,,,,,2026-08-07,902.77,902.77,847.4,878.41,887387.0,871.3118
2026-08-07T20:31:36.908,30,28,MU260904P00160000,MU,2026-09-04,put,160.0,0.0,0.0,4.37,1.0,2.185,0.19,1.0,,,,,,,2026-08-07,902.77,902.77,847.4,878.41,887387.0,871.3118
2026-08-07T20:31:36.908,30,28,MU260904P00165000,MU,2026-09-04,put,165.0,0.0,0.0,4.32,1.0,2.16,0.23,1.0,,,,,,,2026-08-07,902.77,902.77,847.4,878.41,887387.0,871.3118
2026-08-07T20:31:36.908,30,28,MU260904P00170000,MU,2026-09-04,put,170.0,0.0,0.0,4.36,1.0,2.18,0.17,1.0,,,,,,,2026-08-07,902.77,902.77,847.4,878.41,887387.0,871.3118
2026-08-07T20:31:36.908,30,28,MU260904P00175000,MU,2026-09-04,put,175.0,0.0,0.0,4.22,2.0,2.11,0.23,1.0,,,,,,,2026-08-07,902.77,902.77,847.4,878.41,887387.0,871.3118
2026-08-07T20:31:36.908,30,28,MU260904P00180000,MU,2026-09-04,put,180.0,0.0,0.0,4.32,2.0,2.16,0.23,1.0,,,,,,,2026-08-07,902.77,902.77,847.4,878.41,887387.0,871.3118
2026-08-07T20:31:36.908,30,28,MU260904P00185000,MU,2026-09-04,put,185.0,0.0,0.0,0.78,104.0,0.39,,,,,,,,,2026-08-07,902.77,902.77,847.4,878.41,887387.0,871.3118
2026-08-07T20:31:36.908,30,28,MU260904P00190000,MU,2026-09-04,put,190.0,0.0,0.0,4.34,1.0,2.17,0.21,1.0,,,,,,,2026-08-07,902.77,902.77,847.4,878.41,887387.0,871.3118
2026-08-07T20:31:36.908,30,28,MU260904P00195000,MU,2026-09-04,put,195.0,0.0,0.0,4.38,1.0,2.19,0.24,1.0,,,,,,,2026-08-07,902.77,902.77,847.4,878.41,887387.0,871.3118
2026-08-07T20:31:36.908,30,28,MU260904P00200000,MU,2026-09-04,put,200.0,0.0,0.0,0.55,27.0,0.275,,,,,,,,,2026-08-07,902.77,902.77,847.4,878.41,887387.0,871.3118
2026-08-07T20:31:36.908,30,28,MU260904P00205000,MU,2026-09-04,put,205.0,0.0,0.0,1.21,20.0,0.605,0.23,1.0,,,,,,,2026-08-07,902.77,902.77,847.4,878.41,887387.0,871.3118
2026-08-07T20:31:36.908,30,28,MU260904P00210000,MU,2026-09-04,put,210.0,0.0,0.0,4.26,2.0,2.13,0.18,1.0,,,,,,,2026-08-07,902.77,902.77,847.4,878.41,887387.0,871.3118
2026-08-07T20:31:36.908,30,28,MU260904P00215000,MU,2026-09-04,put,215.0,0.0,0.0,4.23,1.0,2.115,,,,,,,,,2026-08-07,902.77,902.77,847.4,878.41,887387.0,871.3118
2026-08-07T20:31:36.908,30,28,MU260904P00220000,MU,2026-09-04,put,220.0,0.0,0.0,2.81,2.0,1.405,,,,,,,,,2026-08-07,902.77,902.77,847.4,878.41,887387.0,871.3118
2026-08-07T20:31:36.908,30,28,MU260904P00225000,MU,2026-09-04,put,225.0,0.0,0.0,4.22,2.0,2.11,0.07,1.0,,,,,,,2026-08-07,902.77,902.77,847.4,878.41,887387.0,871.3118
2026-08-07T20:31:36.908,30,28,MU260904P00230000,MU,2026-09-04,put,230.0,0.0,0.0,4.33,11.0,2.165,,,,,,,,,2026-08-07,902.77,902.77,847.4,878.41,887387.0,871.3118
2026-08-07T20:31:36.908,30,28,MU260904P00235000,MU,2026-09-04,put,235.0,0.0,0.0,4.32,11.0,2.16,,,,,,,,,2026-08-07,902.77,902.77,847.4,878.41,887387.0,871.3118
2026-08-07T20:31:36.908,30,28,MU260904P00240000,MU,2026-09-04,put,240.0,0.0,0.0,1.1,10.0,0.55,0.1,1.0,,,,,,,2026-08-07,902.77,902.77,847.4,878.41,887387.0,871.3118
2026-08-07T20:31:36.908,30,28,MU260904P00245000,MU,2026-09-04,put,245.0,0.0,0.0,3.71,2.0,1.855,,,,,,,,,2026-08-07,902.77,902.77,847.4,878.41,887387.0,871.3118
2026-08-07T20:31:36.908,30,28,MU260904P00250000,MU,2026-09-04,put,250.0,0.0,0.0,0.7,53.0,0.35,0.05,1.0,,,,,,,2026-08-07,902.77,902.77,847.4,878.41,887387.0,871.3118
2026-08-07T20:31:36.908,30,28,MU260904P00255000,MU,2026-09-04,put,255.0,0.0,0.0,4.22,119.0,2.11,,,,,,,,,2026-08-07,902.77,902.77,847.4,878.41,887387.0,871.3118
2026-08-07T20:31:36.908,30,28,MU260904P00260000,MU,2026-09-04,put,260.0,0.0,0.0,1.06,55.0,0.53,0.06,1.0,,,,,,,2026-08-07,902.77,902.77,847.4,878.41,887387.0,871.3118
2026-08-07T20:31:36.908,30,28,MU260904P00265000,MU,2026-09-04,put,265.0,0.0,0.0,2.97,214.0,1.485,,,,,,,,,2026-08-07,902.77,902.77,847.4,878.41,887387.0,871.3118
2026-08-07T20:31:36.908,30,28,MU260904P00270000,MU,2026-09-04,put,270.0,0.0,0.0,0.89,23.0,0.445,0.33,2.0,,,,,,,2026-08-07,902.77,902.77,847.4,878.41,887387.0,871.3118
2026-08-07T20:31:36.908,30,28,MU260904P00275000,MU,2026-09-04,put,275.0,0.0,0.0,2.55,1.0,1.275,,,,,,,,,2026-08-07,902.77,902.77,847.4,878.41,887387.0,871.3118
2026-08-07T20:31:36.908,30,28,MU260904P00280000,MU,2026-09-04,put,280.0,0.0,0.0,0.55,75.0,0.275,0.25,1.0,,,,,,,2026-08-07,902.77,902.77,847.4,878.41,887387.0,871.3118
2026-08-07T20:31:36.908,30,28,MU260904P00285000,MU,2026-09-04,put,285.0,0.0,0.0,2.48,1.0,1.24,0.6,1.0,,,,,,,2026-08-07,902.77,902.77,847.4,878.41,887387.0,871.3118
2026-08-07T20:31:36.908,30,28,MU260904P00290000,MU,2026-09-04,put,290.0,0.0,0.0,0.27,2.0,0.135,0.23,1.0,,,,,,,2026-08-07,902.77,902.77,847.4,878.41,887387.0,871.3118
2026-08-07T20:31:36.908,30,28,MU260904P00295000,MU,2026-09-04,put,295.0,0.0,0.0,2.34,15.0,1.17,,,,,,,,,2026-08-07,902.77,902.77,847.4,878.41,887387.0,871.3118
2026-08-07T20:31:36.908,30,28,MU260904P00300000,MU,2026-09-04,put,300.0,0.03,2.0,0.27,1.0,0.15000000000000002,0.12,1.0,,,,,,,2026-08-07,902.77,902.77,847.4,878.41,887387.0,871.3118
2026-08-07T20:31:36.908,30,28,MU260904P00305000,MU,2026-09-04,put,305.0,0.0,0.0,2.53,10.0,1.265,,,,,,,,,2026-08-07,902.77,902.77,847.4,878.41,887387.0,871.3118
2026-08-07T20:31:36.908,30,28,MU260904P00310000,MU,2026-09-04,put,310.0,0.0,0.0,0.51,22.0,0.255,0.1,1.0,,,,,,,2026-08-07,902.77,902.77,847.4,878.41,887387.0,871.3118
2026-08-07T20:31:36.908,30,28,MU260904P00315000,MU,2026-09-04,put,315.0,0.0,0.0,2.41,59.0,1.205,,,,,,,,,2026-08-07,902.77,902.77,847.4,878.41,887387.0,871.3118
2026-08-07T20:31:36.908,30,28,MU260904P00320000,MU,2026-09-04,put,320.0,0.0,0.0,0.54,37.0,0.27,0.1,1.0,,,,,,,2026-08-07,902.77,902.77,847.4,878.41,887387.0,871.3118
2026-08-07T20:31:36.908,30,28,MU260904P00325000,MU,2026-09-04,put,325.0,0.0,0.0,0.52,1.0,0.26,1.5,2.0,,,,,,,2026-08-07,902.77,902.77,847.4,878.41,887387.0,871.3118
2026-08-07T20:31:36.908,30,28,MU260904P00330000,MU,2026-09-04,put,330.0,0.01,32.0,0.49,2.0,0.25,0.15,2.0,,,,,,,2026-08-07,902.77,902.77,847.4,878.41,887387.0,871.3118
2026-08-07T20:31:36.908,30,28,MU260904P00335000,MU,2026-09-04,put,335.0,0.0,0.0,1.22,31.0,0.61,0.89,1.0,,,,,,,2026-08-07,902.77,902.77,847.4,878.41,887387.0,871.3118
2026-08-07T20:31:36.908,30,28,MU260904P00340000,MU,2026-09-04,put,340.0,0.0,0.0,0.51,1.0,0.255,1.5,3.0,,,,,,,2026-08-07,902.77,902.77,847.4,878.41,887387.0,871.3118
2026-08-07T20:31:36.908,30,28,MU260904P00345000,MU,2026-09-04,put,345.0,0.0,0.0,2.56,16.0,1.28,,,,,,,,,2026-08-07,902.77,902.77,847.4,878.41,887387.0,871.3118
2026-08-07T20:31:36.908,30,28,MU260904P00350000,MU,2026-09-04,put,350.0,0.0,0.0,1.02,2.0,0.51,0.38,3.0,,,,,,,2026-08-07,902.77,902.77,847.4,878.41,887387.0,871.3118
2026-08-07T20:31:36.908,30,28,MU260904P00355000,MU,2026-09-04,put,355.0,0.0,0.0,2.66,45.0,1.33,1.27,1.0,,,,,,,2026-08-07,902.77,902.77,847.4,878.41,887387.0,871.3118
2026-08-07T20:31:36.908,30,28,MU260904P00360000,MU,2026-09-04,put,360.0,0.0,0.0,0.74,10.0,0.37,0.61,1.0,,,,,,,2026-08-07,902.77,902.77,847.4,878.41,887387.0,871.3118
2026-08-07T20:31:36.908,30,28,MU260904P00365000,MU,2026-09-04,put,365.0,0.0,0.0,2.77,48.0,1.385,1.48,1.0,,,,,,,2026-08-07,902.77,902.77,847.4,878.41,887387.0,871.3118
2026-08-07T20:31:36.908,30,28,MU260904P00370000,MU,2026-09-04,put,370.0,0.01,1.0,1.06,2.0,0.535,0.2,1.0,,,,,,,2026-08-07,902.77,902.77,847.4,878.41,887387.0,871.3118
2026-08-07T20:31:36.908,30,28,MU260904P00375000,MU,2026-09-04,put,375.0,0.0,0.0,2.26,1.0,1.13,1.41,1.0,,,,,,,2026-08-07,902.77,902.77,847.4,878.41,887387.0,871.3118
2026-08-07T20:31:36.908,30,28,MU260904P00380000,MU,2026-09-04,put,380.0,0.0,0.0,0.75,144.0,0.375,0.22,1.0,,,,,,,2026-08-07,902.77,902.77,847.4,878.41,887387.0,871.3118
2026-08-07T20:31:36.908,30,28,MU260904P00385000,MU,2026-09-04,put,385.0,0.0,0.0,0.76,129.0,0.38,0.33,1.0,,,,,,,2026-08-07,902.77,902.77,847.4,878.41,887387.0,871.3118
2026-08-07T20:31:36.908,30,28,MU260904P00390000,MU,2026-09-04,put,390.0,0.0,0.0,3.22,147.0,1.61,0.84,1.0,,,,,,,2026-08-07,902.77,902.77,847.4,878.41,887387.0,871.3118
2026-08-07T20:31:36.908,30,28,MU260904P00395000,MU,2026-09-04,put,395.0,0.0,0.0,0.69,93.0,0.345,0.65,1.0,,,,,,,2026-08-07,902.77,902.77,847.4,878.41,887387.0,871.3118
2026-08-07T20:31:36.908,30,28,MU260904P00400000,MU,2026-09-04,put,400.0,0.0,0.0,0.67,234.0,0.335,0.64,1.0,,,,,,,2026-08-07,902.77,902.77,847.4,878.41,887387.0,871.3118
2026-08-07T20:31:36.908,30,28,MU260904P00405000,MU,2026-09-04,put,405.0,0.0,0.0,1.56,89.0,0.78,1.92,1.0,,,,,,,2026-08-07,902.77,902.77,847.4,878.41,887387.0,871.3118
2026-08-07T20:31:36.908,30,28,MU260904P00410000,MU,2026-09-04,put,410.0,0.06,32.0,3.03,115.0,1.545,2.05,1.0,,,,,,,2026-08-07,902.77,902.77,847.4,878.41,887387.0,871.3118
2026-08-07T20:31:36.908,30,28,MU260904P00415000,MU,2026-09-04,put,415.0,0.0,0.0,3.59,48.0,1.795,1.87,1.0,,,,,,,2026-08-07,902.77,902.77,847.4,878.41,887387.0,871.3118
2026-08-07T20:31:36.908,30,28,MU260904P00420000,MU,2026-09-04,put,420.0,0.0,0.0,3.72,98.0,1.86,1.03,1.0,,,,,,,2026-08-07,902.77,902.77,847.4,878.41,887387.0,871.3118
2026-08-07T20:31:36.908,30,28,MU260904P00425000,MU,2026-09-04,put,425.0,0.0,0.0,2.26,40.0,1.13,1.54,1.0,,,,,,,2026-08-07,902.77,902.77,847.4,878.41,887387.0,871.3118
2026-08-07T20:31:36.908,30,28,MU260904P00430000,MU,2026-09-04,put,430.0,0.0,0.0,0.77,5.0,0.385,1.03,1.0,,,,,,,2026-08-07,902.77,902.77,847.4,878.41,887387.0,871.3118
2026-08-07T20:31:36.908,30,28,MU260904P00435000,MU,2026-09-04,put,435.0,0.0,0.0,0.75,3.0,0.375,1.11,1.0,,,,,,,2026-08-07,902.77,902.77,847.4,878.41,887387.0,871.3118
2026-08-07T20:31:36.908,30,28,MU260904P00440000,MU,2026-09-04,put,440.0,0.0,0.0,0.78,4.0,0.39,1.11,1.0,,,,,,,2026-08-07,902.77,902.77,847.4,878.41,887387.0,871.3118
2026-08-07T20:31:36.908,30,28,MU260904P00445000,MU,2026-09-04,put,445.0,0.0,0.0,1.52,46.0,0.76,1.14,1.0,,,,,,,2026-08-07,902.77,902.77,847.4,878.41,887387.0,871.3118
2026-08-07T20:31:36.908,30,28,MU260904P00450000,MU,2026-09-04,put,450.0,0.32,71.0,0.77,71.0,0.545,0.75,3.0,,,,,,,2026-08-07,902.77,902.77,847.4,878.41,887387.0,871.3118
2026-08-07T20:31:36.908,30,28,MU260904P00455000,MU,2026-09-04,put,455.0,0.0,0.0,2.08,8.0,1.04,1.13,1.0,,,,,,,2026-08-07,902.77,902.77,847.4,878.41,887387.0,871.3118
2026-08-07T20:31:36.908,30,28,MU260904P00460000,MU,2026-09-04,put,460.0,0.0,0.0,1.33,36.0,0.665,1.25,2.0,,,,,,,2026-08-07,902.77,902.77,847.4,878.41,887387.0,871.3118
2026-08-07T20:31:36.908,30,28,MU260904P00465000,MU,2026-09-04,put,465.0,0.0,0.0,2.1,119.0,1.05,0.65,6.0,,,,,,,2026-08-07,902.77,902.77,847.4,878.41,887387.0,871.3118
2026-08-07T20:31:36.908,30,28,MU260904P00470000,MU,2026-09-04,put,470.0,0.0,0.0,0.9,9.0,0.45,0.3,1.0,,,,,,,2026-08-07,902.77,902.77,847.4,878.41,887387.0,871.3118
2026-08-07T20:31:36.908,30,28,MU260904P00475000,MU,2026-09-04,put,475.0,0.48,1.0,1.84,112.0,1.1600000000000001,0.82,3.0,,,,,,,2026-08-07,902.77,902.77,847.4,878.41,887387.0,871.3118
2026-08-07T20:31:36.908,30,28,MU260904P00480000,MU,2026-09-04,put,480.0,0.0,0.0,1.18,35.0,0.59,0.73,3.0,,,,,,,2026-08-07,902.77,902.77,847.4,878.41,887387.0,871.3118
2026-08-07T20:31:36.908,30,28,MU260904P00485000,MU,2026-09-04,put,485.0,0.23,52.0,1.45,14.0,0.84,0.94,1.0,,,,,,,2026-08-07,902.77,902.77,847.4,878.41,887387.0,871.3118
2026-08-07T20:31:36.908,30,28,MU260904P00490000,MU,2026-09-04,put,490.0,0.42,53.0,1.08,21.0,0.75,0.94,2.0,,,,,,,2026-08-07,902.77,902.77,847.4,878.41,887387.0,871.3118
2026-08-07T20:31:36.908,30,28,MU260904P00495000,MU,2026-09-04,put,495.0,0.42,90.0,1.09,24.0,0.755,1.02,10.0,,,,,,,2026-08-07,902.77,902.77,847.4,878.41,887387.0,871.3118
2026-08-07T20:31:36.908,30,28,MU260904P00500000,MU,2026-09-04,put,500.0,0.67,44.0,1.1,38.0,0.885,1.01,2.0,,,,,,,2026-08-07,902.77,902.77,847.4,878.41,887387.0,871.3118
2026-08-07T20:31:36.908,30,28,MU260904P00505000,MU,2026-09-04,put,505.0,0.4,121.0,1.47,39.0,0.935,1.21,1.0,,,,,,,2026-08-07,902.77,902.77,847.4,878.41,887387.0,871.3118
2026-08-07T20:31:36.908,30,28,MU260904P00510000,MU,2026-09-04,put,510.0,0.72,70.0,1.34,67.0,1.03,1.12,1.0,,,,,,,2026-08-07,902.77,902.77,847.4,878.41,887387.0,871.3118
2026-08-07T20:31:36.908,30,28,MU260904P00515000,MU,2026-09-04,put,515.0,0.57,25.0,2.14,7.0,1.355,1.31,1.0,,,,,,,2026-08-07,902.77,902.77,847.4,878.41,887387.0,871.3118
2026-08-07T20:31:36.908,30,28,MU260904P00520000,MU,2026-09-04,put,520.0,0.57,132.0,1.97,118.0,1.27,1.33,1.0,,,,,,,2026-08-07,902.77,902.77,847.4,878.41,887387.0,871.3118
2026-08-07T20:31:36.908,30,28,MU260904P00525000,MU,2026-09-04,put,525.0,0.64,77.0,2.3,76.0,1.47,1.69,1.0,,,,,,,2026-08-07,902.77,902.77,847.4,878.41,887387.0,871.3118
2026-08-07T20:31:36.908,30,28,MU260904P00530000,MU,2026-09-04,put,530.0,0.63,16.0,2.46,7.0,1.545,1.51,2.0,,,,,,,2026-08-07,902.77,902.77,847.4,878.41,887387.0,871.3118
2026-08-07T20:31:36.908,30,28,MU260904P00535000,MU,2026-09-04,put,535.0,1.1,47.0,1.68,52.0,1.3900000000000001,1.63,10.0,,,,,,,2026-08-07,902.77,902.77,847.4,878.41,887387.0,871.3118
2026-08-07T20:31:36.908,30,28,MU260904P00540000,MU,2026-09-04,put,540.0,0.71,29.0,2.22,23.0,1.465,1.56,1.0,0.8811,-0.0175,0.0002,-0.1629,0.1046,-0.0129,2026-08-07,902.77,902.77,847.4,878.41,887387.0,871.3118
2026-08-07T20:31:36.908,30,28,MU260904P00545000,MU,2026-09-04,put,545.0,0.51,73.0,2.75,35.0,1.63,2.0,1.0,0.8814,-0.0192,0.0002,-0.1765,0.1133,-0.0141,2026-08-07,902.77,902.77,847.4,878.41,887387.0,871.3118
2026-08-07T20:31:36.908,30,28,MU260904P00550000,MU,2026-09-04,put,550.0,1.28,97.0,2.09,98.0,1.685,1.74,2.0,,,,,,,2026-08-07,902.77,902.77,847.4,878.41,887387.0,871.3118
2026-08-07T20:31:36.908,30,28,MU260904P00555000,MU,2026-09-04,put,555.0,1.01,139.0,2.96,124.0,1.9849999999999999,1.87,1.0,,,,,,,2026-08-07,902.77,902.77,847.4,878.41,887387.0,871.3118
2026-08-07T20:31:36.908,30,28,MU260904P00560000,MU,2026-09-04,put,560.0,1.3,35.0,2.33,35.0,1.815,2.11,1.0,0.8523,-0.0218,0.0003,-0.19,0.1262,-0.016,2026-08-07,902.77,902.77,847.4,878.41,887387.0,871.3118
2026-08-07T20:31:36.908,30,28,MU260904P00565000,MU,2026-09-04,put,565.0,0.88,43.0,3.3,22.0,2.09,2.53,1.0,0.8582,-0.0245,0.0003,-0.2111,0.1393,-0.0181,2026-08-07,902.77,902.77,847.4,878.41,887387.0,871.3118
2026-08-07T20:31:36.908,30,28,MU260904P00570000,MU,2026-09-04,put,570.0,1.58,109.0,2.72,76.0,2.1500000000000004,2.45,1.0,0.8475,-0.0254,0.0003,-0.2149,0.1436,-0.0187,2026-08-07,902.77,902.77,847.4,878.41,887387.0,871.3118
2026-08-07T20:31:36.908,30,28,MU260904P00575000,MU,2026-09-04,put,575.0,2.16,2.0,2.66,64.0,2.41,2.42,1.0,0.8499,-0.028,0.0003,-0.2337,0.1558,-0.0207,2026-08-07,902.77,902.77,847.4,878.41,887387.0,871.3118
2026-08-07T20:31:36.908,30,28,MU260904P00580000,MU,2026-09-04,put,580.0,2.05,45.0,2.64,15.0,2.3449999999999998,2.58,1.0,0.8308,-0.028,0.0003,-0.228,0.1555,-0.0206,2026-08-07,902.77,902.77,847.4,878.41,887387.0,871.3118
2026-08-07T20:31:36.908,30,28,MU260904P00585000,MU,2026-09-04,put,585.0,1.39,127.0,3.31,74.0,2.35,3.68,2.0,0.8163,-0.0285,0.0003,-0.2274,0.1579,-0.0209,2026-08-07,902.77,902.77,847.4,878.41,887387.0,871.3118
2026-08-07T20:31:36.908,30,28,MU260904P00590000,MU,2026-09-04,put,590.0,2.7,2.0,3.63,48.0,3.165,3.02,4.0,0.8482,-0.0356,0.0004,-0.2839,0.1897,-0.0263,2026-08-07,902.77,902.77,847.4,878.41,887387.0,871.3118
2026-08-07T20:31:36.908,30,28,MU260904P00595000,MU,2026-09-04,put,595.0,1.73,192.0,3.57,58.0,2.65,3.05,3.0,0.8048,-0.0321,0.0004,-0.2471,0.1741,-0.0235,2026-08-07,902.77,902.77,847.4,878.41,887387.0,871.3118
2026-08-07T20:31:36.908,30,28,MU260904P00600000,MU,2026-09-04,put,600.0,3.02,2.0,3.57,8.0,3.295,3.3,4.0,0.8243,-0.0379,0.0004,-0.2901,0.1995,-0.0279,2026-08-07,902.77,902.77,847.4,878.41,887387.0,871.3118
2026-08-07T20:31:36.908,30,28,MU260904P00605000,MU,2026-09-04,put,605.0,2.04,145.0,4.5,39.0,3.27,5.5,1.0,0.8079,-0.0383,0.0004,-0.2871,0.2015,-0.0282,2026-08-07,902.77,902.77,847.4,878.41,887387.0,871.3118
2026-08-07T20:31:36.908,30,28,MU260904P00610000,MU,2026-09-04,put,610.0,3.03,9.0,4.82,28.0,3.925,4.75,1.0,0.8234,-0.044,0.0005,-0.3275,0.2257,-0.0326,2026-08-07,902.77,902.77,847.4,878.41,887387.0,871.3118
2026-08-07T20:31:36.908,30,28,MU260904P00615000,MU,2026-09-04,put,615.0,3.28,30.0,5.13,114.0,4.205,4.1,1.0,0.82,-0.0469,0.0005,-0.343,0.2373,-0.0347,2026-08-07,902.77,902.77,847.4,878.41,887387.0,871.3118
2026-08-07T20:31:36.908,30,28,MU260904P00620000,MU,2026-09-04,put,620.0,2.74,77.0,5.34,24.0,4.04,4.99,1.0,0.7976,-0.0465,0.0005,-0.3313,0.2357,-0.0343,2026-08-07,902.77,902.77,847.4,878.41,887387.0,871.3118
2026-08-07T20:31:36.908,30,28,MU260904P00625000,MU,2026-09-04,put,625.0,4.03,4.0,4.87,129.0,4.45,4.82,1.0,0.7991,-0.0504,0.0005,-0.354,0.2515,-0.0372,2026-08-07,902.77,902.77,847.4,878.41,887387.0,871.3118
2026-08-07T20:31:36.908,30,28,MU260904P00630000,MU,2026-09-04,put,630.0,3.22,181.0,5.14,60.0,4.18,4.84,1.0,0.773,-0.0493,0.0005,-0.3362,0.247,-0.0363,2026-08-07,902.77,902.77,847.4,878.41,887387.0,871.3118
2026-08-07T20:31:36.908,30,28,MU260904P00635000,MU,2026-09-04,put,635.0,3.48,136.0,5.47,43.0,4.475,5.36,1.0,0.7694,-0.0525,0.0006,-0.3516,0.2596,-0.0386,2026-08-07,902.77,902.77,847.4,878.41,887387.0,871.3118
2026-08-07T20:31:36.908,30,28,MU260904P00640000,MU,2026-09-04,put,640.0,3.88,192.0,5.45,37.0,4.665,5.46,1.0,0.7613,-0.0549,0.0006,-0.3605,0.2691,-0.0404,2026-08-07,902.77,902.77,847.4,878.41,887387.0,871.3118
2026-08-07T20:31:36.908,30,28,MU260904P00645000,MU,2026-09-04,put,645.0,4.3,86.0,6.51,89.0,5.404999999999999,5.8,1.0,0.7721,-0.0614,0.0006,-0.3991,0.2937,-0.0453,2026-08-07,902.77,902.77,847.4,878.41,887387.0,871.3118
2026-08-07T20:31:36.908,30,28,MU260904P00650000,MU,2026-09-04,put,650.0,4.66,181.0,6.6,181.0,5.63,6.15,1.0,0.764,-0.0642,0.0007,-0.4086,0.304,-0.0474,2026-08-07,902.77,902.77,847.4,878.41,887387.0,871.3118
2026-08-07T20:31:36.908,30,28,MU260904P00655000,MU,2026-09-04,put,655.0,5.07,141.0,7.05,59.0,6.0600000000000005,6.62,1.0,0.7622,-0.0684,0.0007,-0.4283,0.3195,-0.0505,2026-08-07,902.77,902.77,847.4,878.41,887387.0,871.3118
2026-08-07T20:31:36.908,30,28,MU260904P00660000,MU,2026-09-04,put,660.0,6.06,77.0,7.23,33.0,6.645,6.7,2.0,0.7641,-0.0737,0.0008,-0.4547,0.3384,-0.0546,2026-08-07,902.77,902.77,847.4,878.41,887387.0,871.3118
2026-08-07T20:31:36.908,30,28,MU260904P00665000,MU,2026-09-04,put,665.0,5.65,129.0,7.82,115.0,6.735,7.54,1.0,0.7508,-0.0758,0.0008,-0.456,0.3455,-0.056,2026-08-07,902.77,902.77,847.4,878.41,887387.0,871.3118
2026-08-07T20:31:36.908,30,28,MU260904P00670000,MU,2026-09-04,put,670.0,7.22,22.0,8.43,189.0,7.824999999999999,7.93,1.0,0.765,-0.0844,0.0008,-0.504,0.3749,-0.0626,2026-08-07,902.77,902.77,847.4,878.41,887387.0,871.3118
2026-08-07T20:31:36.908,30,28,MU260904P00675000,MU,2026-09-04,put,675.0,7.64,50.0,8.82,156.0,8.23,8.5,1.0,0.7593,-0.0886,0.0009,-0.5186,0.3888,-0.0658,2026-08-07,902.77,902.77,847.4,878.41,887387.0,871.3118
2026-08-07T20:31:36.908,30,28,MU260904P00680000,MU,2026-09-04,put,680.0,8.17,31.0,9.68,153.0,8.925,8.93,1.0,0.7604,-0.0946,0.0009,-0.545,0.4082,-0.0703,2026-08-07,902.77,902.77,847.4,878.41,887387.0,871.3118
2026-08-07T20:31:36.908,30,28,MU260904P00685000,MU,2026-09-04,put,685.0,7.62,159.0,10.81,156.0,9.215,9.5,1.0,0.7508,-0.0982,0.001,-0.5531,0.4196,-0.073,2026-08-07,902.77,902.77,847.4,878.41,887387.0,871.3118
2026-08-07T20:31:36.908,30,28,MU260904P00690000,MU,2026-09-04,put,690.0,8.22,122.0,11.07,118.0,9.645,10.27,1.0,0.7443,-0.1028,0.001,-0.5665,0.4337,-0.0764,2026-08-07,902.77,902.77,847.4,878.41,887387.0,871.3118
2026-08-07T20:31:36.908,30,28,MU260904P00695000,MU,2026-09-04,put,695.0,10.02,43.0,11.44,166.0,10.73,10.9,1.0,0.7519,-0.1111,0.001,-0.6052,0.4588,-0.0828,2026-08-07,902.77,902.77,847.4,878.41,887387.0,871.3118
2026-08-07T20:31:36.908,30,28,MU260904P00700000,MU,2026-09-04,put,700.0,11.11,2.0,11.98,168.0,11.545,11.7,1.0,0.7522,-0.1179,0.0011,-0.6313,0.4785,-0.0879,2026-08-07,902.77,902.77,847.4,878.41,887387.0,871.3118
2026-08-07T20:31:36.908,30,28,MU260904P00705000,MU,2026-09-04,put,705.0,10.22,154.0,13.25,154.0,11.735,12.25,1.0,0.7391,-0.1213,0.0011,-0.6327,0.4883,-0.0904,2026-08-07,902.77,902.77,847.4,878.41,887387.0,871.3118
2026-08-07T20:31:36.908,30,28,MU260904P00710000,MU,2026-09-04,put,710.0,11.74,38.0,14.61,125.0,13.175,14.0,1.0,0.7504,-0.1314,0.0012,-0.679,0.5162,-0.0983,2026-08-07,902.77,902.77,847.4,878.41,887387.0,871.3118
2026-08-07T20:31:36.908,30,28,MU260904P00715000,MU,2026-09-04,put,715.0,12.56,32.0,15.35,154.0,13.955,14.85,1.0,0.7477,-0.138,0.0012,-0.6995,0.5339,-0.1033,2026-08-07,902.77,902.77,847.4,878.41,887387.0,871.3118
2026-08-07T20:31:36.908,30,28,MU260904P00720000,MU,2026-09-04,put,720.0,13.13,73.0,16.04,73.0,14.585,14.8,3.0,0.7417,-0.144,0.0013,-0.7137,0.5495,-0.1078,2026-08-07,902.77,902.77,847.4,878.41,887387.0,871.3118
2026-08-07T20:31:36.908,30,28,MU260904P00725000,MU,2026-09-04,put,725.0,14.86,1.0,17.31,176.0,16.085,15.68,4.0,0.7504,-0.1541,0.0013,-0.7552,0.5748,-0.1157,2026-08-07,902.77,902.77,847.4,878.41,887387.0,871.3118
2026-08-07T20:31:36.908,30,28,MU260904P00730000,MU,2026-09-04,put,730.0,15.58,28.0,18.36,155.0,16.97,17.73,2.0,0.7474,-0.1613,0.0014,-0.7748,0.5924,-0.1212,2026-08-07,902.77,902.77,847.4,878.41,887387.0,871.3118
2026-08-07T20:31:36.908,30,28,MU260904P00735000,MU,2026-09-04,put,735.0,15.29,11.0,18.93,24.0,17.11,22.15,1.0,0.7315,-0.1654,0.0014,-0.7703,0.6021,-0.1241,2026-08-07,902.77,902.77,847.4,878.41,887387.0,871.3118
2026-08-07T20:31:36.908,30,28,MU260904P00740000,MU,2026-09-04,put,740.0,17.06,50.0,19.85,140.0,18.455,18.66,10.0,0.735,-0.1747,0.0014,-0.8016,0.6237,-0.1314,2026-08-07,902.77,902.77,847.4,878.41,887387.0,871.3118
2026-08-07T20:31:36.908,30,28,MU260904P00745000,MU,2026-09-04,put,745.0,18.91,89.0,21.11,157.0,20.009999999999998,20.85,2.0,0.7408,-0.1848,0.0015,-0.8366,0.6461,-0.1393,2026-08-07,902.77,902.77,847.4,878.41,887387.0,871.3118
2026-08-07T20:31:36.908,30,28,MU260904P00750000,MU,2026-09-04,put,750.0,18.12,63.0,21.37,4.0,19.745,20.7,1.0,0.7179,-0.1879,0.0016,-0.8184,0.6528,-0.1412,2026-08-07,902.77,902.77,847.4,878.41,887387.0,871.3118
2026-08-07T20:31:36.908,30,28,MU260904P00755000,MU,2026-09-04,put,755.0,19.8,38.0,23.52,77.0,21.66,25.61,1.0,0.7277,-0.1995,0.0016,-0.8602,0.677,-0.1504,2026-08-07,902.77,902.77,847.4,878.41,887387.0,871.3118
2026-08-07T20:31:36.908,30,28,MU260904P00760000,MU,2026-09-04,put,760.0,21.73,53.0,24.9,132.0,23.314999999999998,24.6,1.0,0.7324,-0.2099,0.0016,-0.892,0.6978,-0.1587,2026-08-07,902.77,902.77,847.4,878.41,887387.0,871.3118
2026-08-07T20:31:36.908,30,28,MU260904P00765000,MU,2026-09-04,put,765.0,22.02,29.0,25.63,21.0,23.825,25.97,1.0,0.7201,-0.2165,0.0017,-0.8923,0.7104,-0.1635,2026-08-07,902.77,902.77,847.4,878.41,887387.0,871.3118
2026-08-07T20:31:36.908,30,28,MU260904P00770000,MU,2026-09-04,put,770.0,24.5,40.0,26.79,191.0,25.645,27.94,1.0,0.7256,-0.2274,0.0017,-0.9244,0.7308,-0.1722,2026-08-07,902.77,902.77,847.4,878.41,887387.0,871.3118
2026-08-07T20:31:36.908,30,28,MU260904P00775000,MU,2026-09-04,put,775.0,24.39,171.0,29.03,122.0,26.71,29.7,5.0,0.7199,-0.236,0.0018,-0.9359,0.746,-0.1788,2026-08-07,902.77,902.77,847.4,878.41,887387.0,871.3118
2026-08-07T20:31:36.908,30,28,MU260904P00780000,MU,2026-09-04,put,780.0,26.3,37.0,30.68,28.0,28.490000000000002,31.27,1.0,0.7232,-0.2467,0.0018,-0.9626,0.7643,-0.1874,2026-08-07,902.77,902.77,847.4,878.41,887387.0,871.3118
2026-08-07T20:31:36.908,30,28,MU260904P00785000,MU,2026-09-04,put,785.0,26.98,36.0,31.34,21.0,29.16,32.0,1.0,0.7113,-0.2545,0.0019,-0.9617,0.7769,-0.1931,2026-08-07,902.77,902.77,847.4,878.41,887387.0,871.3118
2026-08-07T20:31:36.908,30,28,MU260904P00790000,MU,2026-09-04,put,790.0,29.9,116.0,33.1,119.0,31.5,33.95,1.0,0.7202,-0.2667,0.0019,-0.9972,0.7958,-0.2031,2026-08-07,902.77,902.77,847.4,878.41,887387.0,871.3118
2026-08-07T20:31:36.908,30,28,MU260904P00795000,MU,2026-09-04,put,795.0,31.29,118.0,34.39,112.0,32.84,35.75,1.0,0.7157,-0.2763,0.0019,-1.008,0.8101,-0.2106,2026-08-07,902.77,902.77,847.4,878.41,887387.0,871.3118
2026-08-07T20:31:36.908,30,28,MU260904P00800000,MU,2026-09-04,put,800.0,33.02,144.0,36.82,114.0,34.92,35.69,1.0,0.7197,-0.2877,0.002,-1.0329,0.8259,-0.2198,2026-08-07,902.77,902.77,847.4,878.41,887387.0,871.3118
2026-08-07T20:31:36.908,30,28,MU260904P00805000,MU,2026-09-04,put,805.0,34.7,51.0,38.59,113.0,36.645,40.37,1.0,0.7185,-0.2983,0.002,-1.048,0.8399,-0.2282,2026-08-07,902.77,902.77,847.4,878.41,887387.0,871.3118
2026-08-07T20:31:36.908,30,28,MU260904P00810000,MU,2026-09-04,put,810.0,36.57,7.0,41.05,2.0,38.81,39.5,6.0,0.7219,-0.3096,0.002,-1.0701,0.854,-0.2375,2026-08-07,902.77,902.77,847.4,878.41,887387.0,871.3118
2026-08-07T20:31:36.908,30,28,MU260904P00815000,MU,2026-09-04,put,815.0,37.85,19.0,43.26,16.0,40.555,43.37,5.0,0.7197,-0.3203,0.0021,-1.0815,0.8664,-0.246,2026-08-07,902.77,902.77,847.4,878.41,887387.0,871.3118
2026-08-07T20:31:36.908,30,28,MU260904P00820000,MU,2026-09-04,put,820.0,39.72,90.0,44.9,107.0,42.31,45.88,1.0,0.7169,-0.331,0.0021,-1.0912,0.8782,-0.2545,2026-08-07,902.77,902.77,847.4,878.41,887387.0,871.3118
2026-08-07T20:31:36.908,30,28,MU260904P00825000,MU,2026-09-04,put,825.0,41.26,124.0,46.77,148.0,44.015,47.85,1.0,0.713,-0.3417,0.0021,-1.0979,0.8892,-0.263,2026-08-07,902.77,902.77,847.4,878.41,887387.0,871.3118
2026-08-07T20:31:36.908,30,28,MU260904P00830000,MU,2026-09-04,put,830.0,43.73,105.0,50.53,72.0,47.129999999999995,47.5,2.0,0.7242,-0.3541,0.0021,-1.1294,0.9008,-0.2737,2026-08-07,902.77,902.77,847.4,878.41,887387.0,871.3118
2026-08-07T20:31:36.908,30,28,MU260904P00835000,MU,2026-09-04,put,835.0,44.9,50.0,51.14,59.0,48.019999999999996,52.35,5.0,0.71,-0.3642,0.0022,-1.1168,0.9097,-0.2811,2026-08-07,902.77,902.77,847.4,878.41,887387.0,871.3118
2026-08-07T20:31:36.908,30,28,MU260904P00840000,MU,2026-09-04,put,840.0,48.45,94.0,53.53,104.0,50.99,53.0,1.0,0.7181,-0.3761,0.0022,-1.141,0.9193,-0.2914,2026-08-07,902.77,902.77,847.4,878.41,887387.0,871.3118
2026-08-07T20:31:36.908,30,28,MU260904P00845000,MU,2026-09-04,put,845.0,51.48,16.0,54.69,72.0,53.084999999999994,57.09,1.0,0.716,-0.3874,0.0022,-1.1469,0.9275,-0.3006,2026-08-07,902.77,902.77,847.4,878.41,887387.0,871.3118
2026-08-07T20:31:36.908,30,28,MU260904P00850000,MU,2026-09-04,put,850.0,54.27,10.0,54.76,2.0,54.515,61.29,5.0,0.7062,-0.3985,0.0023,-1.1387,0.9348,-0.3092,2026-08-07,902.77,902.77,847.4,878.41,887387.0,871.3118
2026-08-07T20:31:36.908,30,28,MU260904P00855000,MU,2026-09-04,put,855.0,55.86,69.0,58.94,55.0,57.4,58.0,1.0,0.7114,-0.4102,0.0023,-1.1547,0.9417,-0.3192,2026-08-07,902.77,902.77,847.4,878.41,887387.0,871.3118
2026-08-07T20:31:36.908,30,28,MU260904P00860000,MU,2026-09-04,put,860.0,57.27,9.0,62.46,122.0,59.865,60.86,1.0,0.7114,-0.4218,0.0023,-1.161,0.9476,-0.3289,2026-08-07,902.77,902.77,847.4,878.41,887387.0,871.3118
2026-08-07T20:31:36.908,30,28,MU260904P00865000,MU,2026-09-04,put,865.0,61.08,96.0,67.75,98.0,64.41499999999999,66.15,5.0,0.7327,-0.433,0.0022,-1.2021,0.9526,-0.3399,2026-08-07,902.77,902.77,847.4,878.41,887387.0,871.3118
2026-08-07T20:31:36.908,30,28,MU260904P00870000,MU,2026-09-04,put,870.0,62.27,25.0,68.15,98.0,65.21000000000001,72.95,2.0,0.7139,-0.4448,0.0023,-1.1747,0.957,-0.3484,2026-08-07,902.77,902.77,847.4,878.41,887387.0,871.3118
2026-08-07T20:31:36.908,30,28,MU260904P00875000,MU,2026-09-04,put,875.0,64.29,50.0,68.16,2.0,66.225,68.16,1.0,0.697,-0.4571,0.0023,-1.1492,0.9606,-0.3574,2026-08-07,902.77,902.77,847.4,878.41,887387.0,871.3118
2026-08-07T20:31:36.908,30,28,MU260904P00880000,MU,2026-09-04,put,880.0,66.84,34.0,74.27,108.0,70.555,74.1,1.0,0.714,-0.4677,0.0023,-1.1801,0.9631,-0.3679,2026-08-07,902.77,902.77,847.4,878.41,887387.0,871.3118
2026-08-07T20:31:36.908,30,28,MU260904P00885000,MU,2026-09-04,put,885.0,68.13,78.0,74.26,71.0,71.195,75.37,4.0,0.6921,-0.4809,0.0024,-1.1438,0.9651,-0.3772,2026-08-07,902.77,902.77,847.4,878.41,887387.0,871.3118
2026-08-07T20:31:36.908,30,28,MU260904P00890000,MU,2026-09-04,put,890.0,71.77,121.0,77.42,97.0,74.595,79.02,4.0,0.6983,-0.492,0.0024,-1.1542,0.966,-0.3873,2026-08-07,902.77,902.77,847.4,878.41,887387.0,871.3118
2026-08-07T20:31:36.908,30,28,MU260904P00895000,MU,2026-09-04,put,895.0,74.34,14.0,82.85,93.0,78.595,80.62,3.0,0.71,-0.5022,0.0023,-1.1734,0.9662,-0.3972,2026-08-07,902.77,902.77,847.4,878.41,887387.0,871.3118
2026-08-07T20:31:36.908,30,28,MU260904P00900000,MU,2026-09-04,put,900.0,79.16,65.0,86.11,93.0,82.63499999999999,85.85,1.0,0.7216,-0.512,0.0023,-1.1916,0.9658,-0.4069,2026-08-07,902.77,902.77,847.4,878.41,887387.0,871.3118
2026-08-07T20:31:36.908,30,28,MU260904P00905000,MU,2026-09-04,put,905.0,80.12,40.0,85.92,58.0,83.02000000000001,88.96,1.0,0.6948,-0.527,0.0024,-1.1418,0.964,-0.4172,2026-08-07,902.77,902.77,847.4,878.41,887387.0,871.3118
2026-08-07T20:31:36.908,30,28,MU260904P00910000,MU,2026-09-04,put,910.0,81.55,12.0,88.73,3.0,85.14,97.2,3.0,0.6853,-0.5399,0.0024,-1.1209,0.9614,-0.4275,2026-08-07,902.77,902.77,847.4,878.41,887387.0,871.3118
2026-08-07T20:31:36.908,30,28,MU260904P00915000,MU,2026-09-04,put,915.0,85.07,91.0,93.26,1.0,89.16499999999999,98.66,3.0,0.695,-0.5496,0.0024,-1.1331,0.9588,-0.4371,2026-08-07,902.77,902.77,847.4,878.41,887387.0,871.3118
2026-08-07T20:31:36.908,30,28,MU260904P00920000,MU,2026-09-04,put,920.0,89.87,14.0,94.62,77.0,92.245,100.21,1.0,0.6944,-0.5609,0.0023,-1.1261,0.955,-0.447,2026-08-07,902.77,902.77,847.4,878.41,887387.0,871.3118
2026-08-07T20:31:36.908,30,28,MU260904P00925000,MU,2026-09-04,put,925.0,91.95,17.0,98.13,32.0,95.03999999999999,118.42,1.0,0.6902,-0.5729,0.0023,-1.1116,0.9501,-0.4572,2026-08-07,902.77,902.77,847.4,878.41,887387.0,871.3118
2026-08-07T20:31:36.908,30,28,MU260904P00930000,MU,2026-09-04,put,930.0,96.96,33.0,103.2,28.0,100.08,104.0,1.0,0.7092,-0.5797,0.0023,-1.1386,0.9469,-0.4656,2026-08-07,902.77,902.77,847.4,878.41,887387.0,871.3118
2026-08-07T20:31:36.908,30,28,MU260904P00935000,MU,2026-09-04,put,935.0,99.0,16.0,108.73,29.0,103.86500000000001,104.91,1.0,0.7144,-0.5891,0.0022,-1.1401,0.942,-0.4749,2026-08-07,902.77,902.77,847.4,878.41,887387.0,871.3118
2026-08-07T20:31:36.908,30,28,MU260904P00940000,MU,2026-09-04,put,940.0,99.7,47.0,111.66,54.0,105.68,118.82,2.0,0.6982,-0.6036,0.0023,-1.1007,0.9335,-0.486,2026-08-07,902.77,902.77,847.4,878.41,887387.0,871.3118
2026-08-07T20:31:36.908,30,28,MU260904P00945000,MU,2026-09-04,put,945.0,103.41,18.0,112.86,3.0,108.13499999999999,123.2,1.0,0.688,-0.6168,0.0023,-1.0713,0.9245,-0.4967,2026-08-07,902.77,902.77,847.4,878.41,887387.0,871.3118
2026-08-07T20:31:36.908,30,28,MU260904P00950000,MU,2026-09-04,put,950.0,108.41,70.0,117.57,81.0,112.99,111.9,1.0,0.7033,-0.6231,0.0022,-1.0897,0.9199,-0.5047,2026-08-07,902.77,902.77,847.4,878.41,887387.0,871.3118
2026-08-07T20:31:36.908,30,28,MU260904P00955000,MU,2026-09-04,put,955.0,112.38,3.0,119.93,1.0,116.155,108.66,5.0,0.6998,-0.6343,0.0022,-1.0715,0.911,-0.5146,2026-08-07,902.77,902.77,847.4,878.41,887387.0,871.3118
2026-08-07T20:31:36.908,30,28,MU260904P00960000,MU,2026-09-04,put,960.0,114.79,7.0,122.56,4.0,118.67500000000001,168.51,1.0,0.6885,-0.6478,0.0022,-1.0372,0.8991,-0.5256,2026-08-07,902.77,902.77,847.4,878.41,887387.0,871.3118
2026-08-07T20:31:36.908,30,28,MU260904P00965000,MU,2026-09-04,put,965.0,120.26,30.0,130.28,64.0,125.27000000000001,125.21,1.0,0.7221,-0.6475,0.0021,-1.0908,0.8994,-0.5305,2026-08-07,902.77,902.77,847.4,878.41,887387.0,871.3118
2026-08-07T20:31:36.908,30,28,MU260904P00970000,MU,2026-09-04,put,970.0,125.35,20.0,134.57,90.0,129.95999999999998,133.25,2.0,0.7343,-0.6534,0.0021,-1.1022,0.8939,-0.538,2026-08-07,902.77,902.77,847.4,878.41,887387.0,871.3118
2026-08-07T20:31:36.908,30,28,MU260904P00975000,MU,2026-09-04,put,975.0,125.43,77.0,133.78,61.0,129.60500000000002,135.59,1.0,0.6888,-0.6774,0.0022,-0.9969,0.869,-0.5538,2026-08-07,902.77,902.77,847.4,878.41,887387.0,871.3118
2026-08-07T20:31:36.908,30,28,MU260904P00980000,MU,2026-09-04,put,980.0,129.56,51.0,139.72,1.0,134.64,140.13,2.0,0.704,-0.6817,0.0021,-1.0135,0.8642,-0.5606,2026-08-07,902.77,902.77,847.4,878.41,887387.0,871.3118
2026-08-07T20:31:36.908,30,28,MU260904P00985000,MU,2026-09-04,put,985.0,132.89,20.0,143.55,25.0,138.22,158.61,1.0,0.702,-0.6917,0.0021,-0.9945,0.8524,-0.57,2026-08-07,902.77,902.77,847.4,878.41,887387.0,871.3118
2026-08-07T20:31:36.908,30,28,MU260904P00990000,MU,2026-09-04,put,990.0,137.69,77.0,146.73,1.0,142.20999999999998,144.3,1.0,0.7044,-0.6999,0.002,-0.9841,0.8422,-0.5786,2026-08-07,902.77,902.77,847.4,878.41,887387.0,871.3118
2026-08-07T20:31:36.908,30,28,MU260904P00995000,MU,2026-09-04,put,995.0,143.25,53.0,149.97,49.0,146.61,161.55,1.0,0.7112,-0.7064,0.002,-0.9828,0.8338,-0.5863,2026-08-07,902.77,902.77,847.4,878.41,887387.0,871.3118
2026-08-07T20:31:36.908,30,28,MU260904P01000000,MU,2026-09-04,put,1000.0,145.62,15.0,152.06,39.0,148.84,150.6,1.0,0.6913,-0.7225,0.002,-0.9242,0.8117,-0.5989,2026-08-07,902.77,902.77,847.4,878.41,887387.0,871.3118
2026-08-07T20:31:36.908,30,28,MU260904P01005000,MU,2026-09-04,put,1005.0,149.17,4.0,159.72,5.0,154.445,153.74,1.0,0.7122,-0.7233,0.0019,-0.9525,0.8106,-0.6037,2026-08-07,902.77,902.77,847.4,878.41,887387.0,871.3118
2026-08-07T20:31:36.908,30,28,MU260904P01010000,MU,2026-09-04,put,1010.0,152.69,24.0,163.24,6.0,157.965,208.35,1.0,0.707,-0.7336,0.0019,-0.9245,0.7954,-0.6133,2026-08-07,902.77,902.77,847.4,878.41,887387.0,871.3118
2026-08-07T20:31:36.908,30,28,MU260904P01015000,MU,2026-09-04,put,1015.0,158.05,24.0,170.57,8.0,164.31,184.26,3.0,0.7369,-0.7305,0.0019,-0.9727,0.8,-0.6161,2026-08-07,902.77,902.77,847.4,878.41,887387.0,871.3118
2026-08-07T20:31:36.908,30,28,MU260904P01020000,MU,2026-09-04,put,1020.0,160.97,27.0,166.39,59.0,163.68,169.65,3.0,0.6771,-0.7618,0.0019,-0.8238,0.7498,-0.6366,2026-08-07,902.77,902.77,847.4,878.41,887387.0,871.3118
2026-08-07T20:31:36.908,30,28,MU260904P01025000,MU,2026-09-04,put,1025.0,166.39,18.0,175.49,1.0,170.94,214.45,1.0,0.7194,-0.7529,0.0018,-0.9,0.7649,-0.6362,2026-08-07,902.77,902.77,847.4,878.41,887387.0,871.3118
2026-08-07T20:31:36.908,30,28,MU260904P01030000,MU,2026-09-04,put,1030.0,170.19,12.0,178.97,1.0,174.57999999999998,161.67,1.0,0.7138,-0.7627,0.0018,-0.8698,0.7482,-0.6456,2026-08-07,902.77,902.77,847.4,878.41,887387.0,871.3118
2026-08-07T20:31:36.908,30,28,MU260904P01035000,MU,2026-09-04,put,1035.0,174.31,37.0,181.93,7.0,178.12,188.76,2.0,0.7061,-0.7733,0.0018,-0.8347,0.7295,-0.6554,2026-08-07,902.77,902.77,847.4,878.41,887387.0,871.3118
2026-08-07T20:31:36.908,30,28,MU260904P01040000,MU,2026-09-04,put,1040.0,175.38,25.0,186.3,14.0,180.84,179.68,1.0,0.686,-0.7889,0.0017,-0.7709,0.7001,-0.668,2026-08-07,902.77,902.77,847.4,878.41,887387.0,871.3118
2026-08-07T20:31:36.908,30,28,MU260904P01045000,MU,2026-09-04,put,1045.0,180.31,12.0,193.25,3.0,186.78,210.1,3.0,0.711,-0.7858,0.0017,-0.8093,0.7061,-0.6704,2026-08-07,902.77,902.77,847.4,878.41,887387.0,871.3118
2026-08-07T20:31:36.908,30,28,MU260904P01050000,MU,2026-09-04,put,1050.0,185.18,33.0,193.59,17.0,189.385,196.55,1.0,0.6877,-0.8025,0.0017,-0.7376,0.673,-0.6836,2026-08-07,902.77,902.77,847.4,878.41,887387.0,871.3118
2026-08-07T20:31:36.908,30,28,MU260904P01055000,MU,2026-09-04,put,1055.0,191.99,24.0,203.56,17.0,197.775,217.55,1.0,0.7481,-0.7849,0.0016,-0.8576,0.7079,-0.6782,2026-08-07,902.77,902.77,847.4,878.41,887387.0,871.3118
2026-08-07T20:31:36.908,30,28,MU260904P01060000,MU,2026-09-04,put,1060.0,194.13,32.0,204.54,7.0,199.33499999999998,266.85,1.0,0.7092,-0.8071,0.0016,-0.75,0.6635,-0.6943,2026-08-07,902.77,902.77,847.4,878.41,887387.0,871.3118
2026-08-07T20:31:36.908,30,28,MU260904P01065000,MU,2026-09-04,put,1065.0,201.9,29.0,209.32,1.0,205.61,,,0.7393,-0.8014,0.0016,-0.8009,0.6752,-0.6953,2026-08-07,902.77,902.77,847.4,878.41,887387.0,871.3118
2026-08-07T20:31:36.908,30,28,MU260904P01070000,MU,2026-09-04,put,1070.0,202.34,3.0,213.01,22.0,207.675,264.14,1.0,0.7053,-0.8215,0.0015,-0.7038,0.6321,-0.7104,2026-08-07,902.77,902.77,847.4,878.41,887387.0,871.3118
2026-08-07T20:31:36.908,30,28,MU260904P01075000,MU,2026-09-04,put,1075.0,209.43,29.0,218.55,15.0,213.99,,,0.7365,-0.815,0.0015,-0.7578,0.6465,-0.7109,2026-08-07,902.77,902.77,847.4,878.41,887387.0,871.3118
2026-08-07T20:31:36.908,30,28,MU260904P01080000,MU,2026-09-04,put,1080.0,210.06,1.0,220.2,2.0,215.13,315.3,5.0,0.6842,-0.8424,0.0015,-0.6179,0.5834,-0.7302,2026-08-07,902.77,902.77,847.4,878.41,887387.0,871.3118
2026-08-07T20:31:36.908,30,28,MU260904P01085000,MU,2026-09-04,put,1085.0,214.59,1.0,230.67,1.0,222.63,320.0,5.0,0.736,-0.8271,0.0014,-0.7201,0.6196,-0.7256,2026-08-07,902.77,902.77,847.4,878.41,887387.0,871.3118
2026-08-07T20:31:36.908,30,28,MU260904P01090000,MU,2026-09-04,put,1090.0,218.95,28.0,234.9,21.0,226.925,247.75,1.0,0.7348,-0.8333,0.0014,-0.6989,0.6053,-0.7331,2026-08-07,902.77,902.77,847.4,878.41,887387.0,871.3118
2026-08-07T20:31:36.908,30,28,MU260904P01095000,MU,2026-09-04,put,1095.0,227.78,35.0,232.19,9.0,229.985,220.0,1.0,0.7118,-0.848,0.0014,-0.6271,0.5696,-0.7453,2026-08-07,902.77,902.77,847.4,878.41,887387.0,871.3118
2026-08-07T20:31:36.908,30,28,MU260904P01100000,MU,2026-09-04,put,1100.0,229.44,2.0,237.81,3.0,233.625,228.04,1.0,0.6971,-0.8594,0.0013,-0.5748,0.5407,-0.7557,2026-08-07,902.77,902.77,847.4,878.41,887387.0,871.3118
2026-08-07T20:31:36.908,30,28,MU260904P01105000,MU,2026-09-04,put,1105.0,235.56,31.0,242.65,9.0,239.10500000000002,337.95,5.0,0.7156,-0.8571,0.0013,-0.5998,0.5466,-0.7584,2026-08-07,902.77,902.77,847.4,878.41,887387.0,871.3118
2026-08-07T20:31:36.908,30,28,MU260904P01110000,MU,2026-09-04,put,1110.0,239.01,24.0,248.89,13.0,243.95,235.9,1.0,0.7223,-0.8595,0.0013,-0.5976,0.5403,-0.7637,2026-08-07,902.77,902.77,847.4,878.41,887387.0,871.3118
2026-08-07T20:31:36.908,30,28,MU260904P01115000,MU,2026-09-04,put,1115.0,238.62,1.0,258.149,1.0,248.3845,264.55,3.0,0.7212,-0.8649,0.0012,-0.5772,0.526,-0.7708,2026-08-07,902.77,902.77,847.4,878.41,887387.0,871.3118
2026-08-07T20:31:36.908,30,28,MU260904P01120000,MU,2026-09-04,put,1120.0,246.61,17.0,261.94,19.0,254.275,268.92,1.0,0.7473,-0.8596,0.0012,-0.6203,0.54,-0.7717,2026-08-07,902.77,902.77,847.4,878.41,887387.0,871.3118
2026-08-07T20:31:36.908,30,28,MU260904P01125000,MU,2026-09-04,put,1125.0,251.12,23.0,257.98,9.0,254.55,,,0.6592,-0.8985,0.0011,-0.402,0.4296,-0.798,2026-08-07,902.77,902.77,847.4,878.41,887387.0,871.3118
2026-08-07T20:31:36.908,30,28,MU260904P01130000,MU,2026-09-04,put,1130.0,260.67,43.0,266.08,5.0,263.375,306.32,1.0,0.7488,-0.8684,0.0012,-0.5889,0.5167,-0.7846,2026-08-07,902.77,902.77,847.4,878.41,887387.0,871.3118
2026-08-07T20:31:36.908,30,28,MU260904P01135000,MU,2026-09-04,put,1135.0,256.62,27.0,269.91,1.0,263.265,,,0.6449,-0.9123,0.001,-0.3385,0.3858,-0.8139,2026-08-07,902.77,902.77,847.4,878.41,887387.0,871.3118
2026-08-07T20:31:36.908,30,28,MU260904P01140000,MU,2026-09-04,put,1140.0,267.36,3.0,282.71,2.0,275.03499999999997,325.2,1.0,0.7986,-0.859,0.0012,-0.6703,0.5418,-0.7872,2026-08-07,902.77,902.77,847.4,878.41,887387.0,871.3118
2026-08-07T20:31:36.908,30,28,MU260904P01150000,MU,2026-09-04,put,1150.0,278.12,30.0,290.19,8.0,284.155,331.37,1.0,0.8002,-0.867,0.0011,-0.6398,0.5204,-0.7996,2026-08-07,902.77,902.77,847.4,878.41,887387.0,871.3118
2026-08-07T20:31:36.908,30,28,MU260904P01160000,MU,2026-09-04,put,1160.0,281.1,9.0,291.94,25.0,286.52,345.0,1.0,0.6358,-0.9333,0.0008,-0.2458,0.3133,-0.8459,2026-08-07,902.77,902.77,847.4,878.41,887387.0,871.3118
2026-08-07T20:31:36.908,30,28,MU260904P01170000,MU,2026-09-04,put,1170.0,285.2,4.0,305.78,2.0,295.49,410.08,1.0,0.6157,-0.9458,0.0007,-0.1808,0.2662,-0.8612,2026-08-07,902.77,902.77,847.4,878.41,887387.0,871.3118
2026-08-07T20:31:36.908,30,28,MU260904P01180000,MU,2026-09-04,put,1180.0,295.18,5.0,308.99,1.0,302.08500000000004,370.65,1.0,,,,,,,2026-08-07,902.77,902.77,847.4,878.41,887387.0,871.3118
2026-08-07T20:31:36.908,30,28,MU260904P01190000,MU,2026-09-04,put,1190.0,317.94,7.0,328.48,6.0,323.21000000000004,360.24,1.0,0.851,-0.8805,0.001,-0.6251,0.4831,-0.8386,2026-08-07,902.77,902.77,847.4,878.41,887387.0,871.3118
2026-08-07T20:31:36.908,30,28,MU260904P01200000,MU,2026-09-04,put,1200.0,322.14,18.0,332.21,24.0,327.17499999999995,389.0,1.0,0.7184,-0.9302,0.0008,-0.3026,0.3246,-0.875,2026-08-07,902.77,902.77,847.4,878.41,887387.0,871.3118
2026-08-07T20:31:36.908,30,28,MU260904P01210000,MU,2026-09-04,put,1210.0,328.49,3.0,347.89,1.0,338.19,390.52,1.0,0.7636,-0.9217,0.0008,-0.3689,0.3542,-0.8777,2026-08-07,902.77,902.77,847.4,878.41,887387.0,871.3118
2026-08-07T20:31:36.908,30,28,MU260904P01220000,MU,2026-09-04,put,1220.0,346.26,18.0,353.27,4.0,349.765,361.32,1.0,0.8211,-0.9096,0.0008,-0.4643,0.3946,-0.8785,2026-08-07,902.77,902.77,847.4,878.41,887387.0,871.3118
2026-08-07T20:31:36.908,30,28,MU260904P01230000,MU,2026-09-04,put,1230.0,345.77,17.0,355.5,10.0,350.635,374.92,3.0,,,,,,,2026-08-07,902.77,902.77,847.4,878.41,887387.0,871.3118
2026-08-07T20:31:36.908,30,28,MU260904P01240000,MU,2026-09-04,put,1240.0,364.77,1.0,376.75,1.0,370.76,398.5,1.0,0.8767,-0.9041,0.0008,-0.5293,0.4121,-0.8909,2026-08-07,902.77,902.77,847.4,878.41,887387.0,871.3118
2026-08-07T20:31:36.908,30,28,MU260904P01250000,MU,2026-09-04,put,1250.0,376.59,17.0,388.19,7.0,382.39,472.55,5.0,0.9302,-0.8938,0.0008,-0.6213,0.4439,-0.8929,2026-08-07,902.77,902.77,847.4,878.41,887387.0,871.3118
2026-08-07T20:31:36.908,30,28,MU260904P01260000,MU,2026-09-04,put,1260.0,371.55,5.0,397.25,1.0,384.4,482.25,5.0,0.6976,-0.9624,0.0005,-0.1248,0.1984,-0.9405,2026-08-07,902.77,902.77,847.4,878.41,887387.0,871.3118
2026-08-07T20:31:36.908,30,28,MU260904P01270000,MU,2026-09-04,put,1270.0,388.67,3.0,402.24,15.0,395.45500000000004,453.66,1.0,0.7588,-0.9513,0.0005,-0.2093,0.2448,-0.9415,2026-08-07,902.77,902.77,847.4,878.41,887387.0,871.3118
2026-08-07T20:31:36.908,30,28,MU260904P01280000,MU,2026-09-04,put,1280.0,395.03,1.0,404.48,1.0,399.755,,,,,,,,,2026-08-07,902.77,902.77,847.4,878.41,887387.0,871.3118
2026-08-07T20:31:36.908,30,28,MU260904P01290000,MU,2026-09-04,put,1290.0,407.54,5.0,417.48,15.0,412.51,,,0.5954,-0.988,0.0002,0.0471,0.0755,-0.9792,2026-08-07,902.77,902.77,847.4,878.41,887387.0,871.3118
2026-08-07T20:31:36.908,30,28,MU260904P01300000,MU,2026-09-04,put,1300.0,418.45,4.0,435.87,1.0,427.15999999999997,,,0.8625,-0.9368,0.0006,-0.3383,0.3003,-0.9561,2026-08-07,902.77,902.77,847.4,878.41,887387.0,871.3118
2026-08-07T20:31:36.908,30,28,MU260904P01310000,MU,2026-09-04,put,1310.0,421.34,5.0,443.73,2.0,432.53499999999997,,,0.626,-0.9871,0.0002,0.039,0.0807,-0.994,2026-08-07,902.77,902.77,847.4,878.41,887387.0,871.3118
2026-08-07T20:31:36.908,30,28,MU260904P01320000,MU,2026-09-04,put,1320.0,435.8,15.0,445.8,13.0,440.8,,,,,,,,,2026-08-07,902.77,902.77,847.4,878.41,887387.0,871.3118
2026-08-07T20:31:36.908,30,28,MU260904P01330000,MU,2026-09-04,put,1330.0,444.14,11.0,455.47,1.0,449.805,,,,,,,,,2026-08-07,902.77,902.77,847.4,878.41,887387.0,871.3118
2026-08-07T20:31:36.908,30,28,MU260904P01340000,MU,2026-09-04,put,1340.0,453.67,15.0,465.35,13.0,459.51,,,,,,,,,2026-08-07,902.77,902.77,847.4,878.41,887387.0,871.3118
2026-08-07T20:31:36.908,30,28,MU260904P01350000,MU,2026-09-04,put,1350.0,470.88,5.0,489.05,15.0,479.96500000000003,,,1.0148,-0.9184,0.0006,-0.5343,0.3654,-0.9843,2026-08-07,902.77,902.77,847.4,878.41,887387.0,871.3118
2026-08-07T20:31:36.908,30,28,MU260904P01360000,MU,2026-09-04,put,1360.0,465.64,5.0,497.56,1.0,481.6,,,,,,,,,2026-08-07,902.77,902.77,847.4,878.41,887387.0,871.3118
2026-08-07T20:31:36.908,30,28,MU260904P01370000,MU,2026-09-04,put,1370.0,489.04,4.0,497.93,14.0,493.485,,,0.7864,-0.9738,0.0003,-0.0727,0.1473,-1.0318,2026-08-07,902.77,902.77,847.4,878.41,887387.0,871.3118
2026-08-07T20:31:36.908,30,28,MU260904P01380000,MU,2026-09-04,put,1380.0,490.4,5.0,506.72,1.0,498.56,,,,,,,,,2026-08-07,902.77,902.77,847.4,878.41,887387.0,871.3118
2026-08-07T20:31:36.908,30,28,MU260904P01390000,MU,2026-09-04,put,1390.0,507.72,1.0,526.25,5.0,516.985,,,,,,,,,2026-08-07,902.77,902.77,847.4,878.41,887387.0,871.3118
2026-08-07T20:31:36.908,30,28,MU260904P01400000,MU,2026-09-04,put,1400.0,508.61,10.0,520.799,2.0,514.7045,529.06,1.0,,,,,,,2026-08-07,902.77,902.77,847.4,878.41,887387.0,871.3118
2026-08-07T20:31:36.908,30,28,MU260904P01410000,MU,2026-09-04,put,1410.0,525.75,13.0,540.7,1.0,533.225,,,0.8167,-0.9765,0.0003,-0.0576,0.1343,-1.0641,2026-08-07,902.77,902.77,847.4,878.41,887387.0,871.3118
2026-08-07T20:31:36.908,30,28,MU260904P01420000,MU,2026-09-04,put,1420.0,530.62,10.0,559.56,5.0,545.0899999999999,,,,,,,,,2026-08-07,902.77,902.77,847.4,878.41,887387.0,871.3118
2026-08-07T20:31:36.908,30,28,MU260904P01430000,MU,2026-09-04,put,1430.0,545.03,13.0,558.44,1.0,551.735,,,0.6435,-0.996,0.0001,0.1092,0.0285,-1.0914,2026-08-07,902.77,902.77,847.4,878.41,887387.0,871.3118
2026-08-07T20:31:36.908,30,28,MU260904P01440000,MU,2026-09-04,put,1440.0,553.35,13.0,575.19,1.0,564.27,,,,,,,,,2026-08-07,902.77,902.77,847.4,878.41,887387.0,871.3118
2026-08-07T20:31:36.908,30,28,MU260904P01450000,MU,2026-09-04,put,1450.0,572.27,13.0,574.3,1.0,573.285,,,0.8687,-0.9756,0.0003,-0.0731,0.1388,-1.0942,2026-08-07,902.77,902.77,847.4,878.41,887387.0,871.3118
2026-08-07T20:31:36.908,30,28,MU260904P01460000,MU,2026-09-04,put,1460.0,586.71,13.0,589.97,11.0,588.34,,,,,,,,,2026-08-07,902.77,902.77,847.4,878.41,887387.0,871.3118
2026-08-07T20:31:36.908,30,28,MU260904P01470000,MU,2026-09-04,put,1470.0,579.13,13.0,602.74,1.0,590.935,,,,,,,,,2026-08-07,902.77,902.77,847.4,878.41,887387.0,871.3118
2026-08-07T20:31:36.908,30,28,MU260904P01480000,MU,2026-09-04,put,1480.0,603.13,5.0,613.36,1.0,608.245,,,,,,,,,2026-08-07,902.77,902.77,847.4,878.41,887387.0,871.3118
2026-08-07T20:31:36.908,30,28,MU260904P01490000,MU,2026-09-04,put,1490.0,617.12,13.0,629.42,1.0,623.27,,,,,,,,,2026-08-07,902.77,902.77,847.4,878.41,887387.0,871.3118
2026-08-07T20:31:36.908,30,28,MU260904P01500000,MU,2026-09-04,put,1500.0,621.21,10.0,627.14,15.0,624.175,686.34,1.0,,,,,,,2026-08-07,902.77,902.77,847.4,878.41,887387.0,871.3118
2026-08-07T20:31:36.908,30,28,MU260904P01510000,MU,2026-09-04,put,1510.0,622.18,5.0,640.45,1.0,631.315,683.72,1.0,,,,,,,2026-08-07,902.77,902.77,847.4,878.41,887387.0,871.3118
2026-08-07T20:31:36.908,30,28,MU260904P01520000,MU,2026-09-04,put,1520.0,639.92,13.0,654.7,11.0,647.31,738.3,1.0,,,,,,,2026-08-07,902.77,902.77,847.4,878.41,887387.0,871.3118
2026-08-07T20:31:36.908,30,28,MU260904P01530000,MU,2026-09-04,put,1530.0,657.41,13.0,664.47,11.0,660.94,,,,,,,,,2026-08-07,902.77,902.77,847.4,878.41,887387.0,871.3118
2026-08-07T20:31:36.908,30,28,MU260904P01540000,MU,2026-09-04,put,1540.0,655.68,5.0,673.46,1.0,664.5699999999999,,,,,,,,,2026-08-07,902.77,902.77,847.4,878.41,887387.0,871.3118
2026-08-07T20:31:36.908,30,28,MU260904P01550000,MU,2026-09-04,put,1550.0,655.28,13.0,690.24,3.0,672.76,,,,,,,,,2026-08-07,902.77,902.77,847.4,878.41,887387.0,871.3118
2026-08-07T20:31:36.908,30,28,MU260904P01560000,MU,2026-09-04,put,1560.0,684.87,5.0,699.12,1.0,691.995,778.73,1.0,,,,,,,2026-08-07,902.77,902.77,847.4,878.41,887387.0,871.3118
2026-08-07T20:31:36.908,30,28,MU260904P01570000,MU,2026-09-04,put,1570.0,691.46,4.0,694.1,1.0,692.78,,,,,,,,,2026-08-07,902.77,902.77,847.4,878.41,887387.0,871.3118
2026-08-07T20:31:36.908,30,28,MU260904P01580000,MU,2026-09-04,put,1580.0,710.02,13.0,722.77,11.0,716.395,,,,,,,,,2026-08-07,902.77,902.77,847.4,878.41,887387.0,871.3118
2026-08-07T20:31:36.908,30,28,MU260904P01590000,MU,2026-09-04,put,1590.0,706.06,13.0,724.56,11.0,715.31,,,,,,,,,2026-08-07,902.77,902.77,847.4,878.41,887387.0,871.3118
2026-08-07T20:31:36.908,30,28,MU260904P01600000,MU,2026-09-04,put,1600.0,709.14,4.0,734.77,1.0,721.9549999999999,,,,,,,,,2026-08-07,902.77,902.77,847.4,878.41,887387.0,871.3118
2026-08-07T20:31:36.908,30,28,MU260904P01610000,MU,2026-09-04,put,1610.0,736.64,4.0,746.99,1.0,741.815,,,,,,,,,2026-08-07,902.77,902.77,847.4,878.41,887387.0,871.3118
2026-08-07T20:31:36.908,30,28,MU260904P01620000,MU,2026-09-04,put,1620.0,748.05,13.0,760.8,11.0,754.425,,,,,,,,,2026-08-07,902.77,902.77,847.4,878.41,887387.0,871.3118
2026-08-07T20:31:36.908,30,28,MU260904P01630000,MU,2026-09-04,put,1630.0,750.96,4.0,765.26,1.0,758.11,,,,,,,,,2026-08-07,902.77,902.77,847.4,878.41,887387.0,871.3118
2026-08-07T20:31:36.908,30,28,MU260904P01640000,MU,2026-09-04,put,1640.0,749.69,13.0,762.39,10.0,756.04,,,,,,,,,2026-08-07,902.77,902.77,847.4,878.41,887387.0,871.3118
2026-08-07T20:31:36.908,30,28,MU260904P01650000,MU,2026-09-04,put,1650.0,755.77,4.0,781.77,1.0,768.77,,,,,,,,,2026-08-07,902.77,902.77,847.4,878.41,887387.0,871.3118
2026-08-07T20:31:36.908,30,28,MU260904P01660000,MU,2026-09-04,put,1660.0,780.57,4.0,794.72,1.0,787.645,,,,,,,,,2026-08-07,902.77,902.77,847.4,878.41,887387.0,871.3118
2026-08-07T20:31:36.908,30,28,MU260904P01670000,MU,2026-09-04,put,1670.0,770.98,4.0,798.43,1.0,784.7049999999999,,,,,,,,,2026-08-07,902.77,902.77,847.4,878.41,887387.0,871.3118
2026-08-07T20:31:36.908,30,28,MU260904P01680000,MU,2026-09-04,put,1680.0,790.76,4.0,809.4,1.0,800.0799999999999,,,,,,,,,2026-08-07,902.77,902.77,847.4,878.41,887387.0,871.3118
2026-08-07T20:31:36.908,30,28,MU260904P01690000,MU,2026-09-04,put,1690.0,809.99,13.0,828.52,11.0,819.255,,,,,,,,,2026-08-07,902.77,902.77,847.4,878.41,887387.0,871.3118
2026-08-07T20:31:36.908,30,28,MU260904P01700000,MU,2026-09-04,put,1700.0,810.82,13.0,828.59,11.0,819.705,,,,,,,,,2026-08-07,902.77,902.77,847.4,878.41,887387.0,871.3118
2026-08-07T20:31:36.908,30,28,MU260904P01710000,MU,2026-09-04,put,1710.0,842.57,13.0,855.32,1.0,848.945,,,,,,,,,2026-08-07,902.77,902.77,847.4,878.41,887387.0,871.3118
2026-08-07T20:31:36.908,30,28,MU260904P01720000,MU,2026-09-04,put,1720.0,850.77,4.0,863.12,1.0,856.9449999999999,,,,,,,,,2026-08-07,902.77,902.77,847.4,878.41,887387.0,871.3118
2026-08-07T20:31:36.908,30,28,MU260904P01730000,MU,2026-09-04,put,1730.0,840.37,4.0,857.48,11.0,848.925,,,,,,,,,2026-08-07,902.77,902.77,847.4,878.41,887387.0,871.3118
2026-08-07T20:31:36.908,30,28,MU260904P01740000,MU,2026-09-04,put,1740.0,870.22,10.0,873.41,14.0,871.815,,,,,,,,,2026-08-07,902.77,902.77,847.4,878.41,887387.0,871.3118
2026-08-07T20:31:36.908,30,28,MU260904P01750000,MU,2026-09-04,put,1750.0,879.96,4.0,886.19,1.0,883.075,,,,,,,,,2026-08-07,902.77,902.77,847.4,878.41,887387.0,871.3118
2026-08-07T20:31:36.908,30,28,MU260904P01760000,MU,2026-09-04,put,1760.0,884.65,4.0,886.24,1.0,885.4449999999999,,,,,,,,,2026-08-07,902.77,902.77,847.4,878.41,887387.0,871.3118
2026-08-07T20:31:36.908,30,28,MU260904P01770000,MU,2026-09-04,put,1770.0,895.72,13.0,896.94,10.0,896.33,,,,,,,,,2026-08-07,902.77,902.77,847.4,878.41,887387.0,871.3118
2026-08-07T20:31:36.908,30,28,MU260904P01780000,MU,2026-09-04,put,1780.0,882.39,4.0,898.07,1.0,890.23,,,,,,,,,2026-08-07,902.77,902.77,847.4,878.41,887387.0,871.3118
2026-08-07T20:31:36.908,30,28,MU260904P01790000,MU,2026-09-04,put,1790.0,916.13,4.0,931.03,1.0,923.5799999999999,,,,,,,,,2026-08-07,902.77,902.77,847.4,878.41,887387.0,871.3118
2026-08-07T20:31:36.908,30,28,MU260904P01800000,MU,2026-09-04,put,1800.0,911.3,4.0,941.65,1.0,926.4749999999999,,,,,,,,,2026-08-07,902.77,902.77,847.4,878.41,887387.0,871.3118
2026-08-07T20:31:36.908,30,28,MU260904P01810000,MU,2026-09-04,put,1810.0,917.5,4.0,937.74,1.0,927.62,,,,,,,,,2026-08-07,902.77,902.77,847.4,878.41,887387.0,871.3118
2026-08-07T20:31:36.908,30,28,MU260904P01820000,MU,2026-09-04,put,1820.0,941.98,4.0,956.03,1.0,949.005,,,,,,,,,2026-08-07,902.77,902.77,847.4,878.41,887387.0,871.3118
2026-08-07T20:31:36.908,30,28,MU260904P01830000,MU,2026-09-04,put,1830.0,960.07,4.0,974.37,1.0,967.22,,,,,,,,,2026-08-07,902.77,902.77,847.4,878.41,887387.0,871.3118
2026-08-07T20:31:36.908,30,28,MU260904P01840000,MU,2026-09-04,put,1840.0,944.15,11.0,985.74,11.0,964.9449999999999,,,,,,,,,2026-08-07,902.77,902.77,847.4,878.41,887387.0,871.3118
2026-08-07T20:31:36.908,30,28,MU260904P01850000,MU,2026-09-04,put,1850.0,953.83,3.0,967.37,14.0,960.6,,,,,,,,,2026-08-07,902.77,902.77,847.4,878.41,887387.0,871.3118
2026-08-07T20:31:36.908,30,28,MU260904P01860000,MU,2026-09-04,put,1860.0,958.58,11.0,994.46,11.0,976.52,,,,,,,,,2026-08-07,902.77,902.77,847.4,878.41,887387.0,871.3118
2026-08-07T20:31:36.908,30,28,MU260904P01870000,MU,2026-09-04,put,1870.0,981.61,4.0,984.68,1.0,983.145,,,,,,,,,2026-08-07,902.77,902.77,847.4,878.41,887387.0,871.3118
2026-08-07T20:31:36.908,30,28,MU260904P01880000,MU,2026-09-04,put,1880.0,991.95,4.0,1023.93,1.0,1007.94,,,,,,,,,2026-08-07,902.77,902.77,847.4,878.41,887387.0,871.3118
2026-08-07T20:31:36.908,30,28,MU260904P01890000,MU,2026-09-04,put,1890.0,1002.26,4.0,1016.91,1.0,1009.585,,,,,,,,,2026-08-07,902.77,902.77,847.4,878.41,887387.0,871.3118
2026-08-07T20:31:36.908,30,28,MU260904P01900000,MU,2026-09-04,put,1900.0,1009.27,4.0,1034.8,1.0,1022.035,,,,,,,,,2026-08-07,902.77,902.77,847.4,878.41,887387.0,871.3118
2026-08-07T20:31:36.908,30,28,MU260904P01910000,MU,2026-09-04,put,1910.0,1043.25,4.0,1053.76,1.0,1048.505,,,,,,,,,2026-08-07,902.77,902.77,847.4,878.41,887387.0,871.3118
2026-08-07T20:31:36.908,30,28,MU260904P01920000,MU,2026-09-04,put,1920.0,1019.83,4.0,1061.83,2.0,1040.83,,,,,,,,,2026-08-07,902.77,902.77,847.4,878.41,887387.0,871.3118
2026-08-07T20:31:36.908,30,28,MU260904P01930000,MU,2026-09-04,put,1930.0,1062.16,4.0,1074.46,1.0,1068.31,,,,,,,,,2026-08-07,902.77,902.77,847.4,878.41,887387.0,871.3118
2026-08-07T20:31:36.908,30,28,MU260904P01940000,MU,2026-09-04,put,1940.0,1038.18,4.0,1077.45,1.0,1057.815,,,,,,,,,2026-08-07,902.77,902.77,847.4,878.41,887387.0,871.3118
2026-08-07T20:31:36.908,30,28,MU260904P01950000,MU,2026-09-04,put,1950.0,1047.79,4.0,1077.78,3.0,1062.7849999999999,,,,,,,,,2026-08-07,902.77,902.77,847.4,878.41,887387.0,871.3118
2026-08-07T20:31:36.908,30,28,MU260904P01960000,MU,2026-09-04,put,1960.0,1084.42,13.0,1097.22,11.0,1090.8200000000002,,,,,,,,,2026-08-07,902.77,902.77,847.4,878.41,887387.0,871.3118
2026-08-07T20:31:36.908,30,28,MU260904P01970000,MU,2026-09-04,put,1970.0,1094.6,4.0,1110.01,2.0,1102.3049999999998,,,,,,,,,2026-08-07,902.77,902.77,847.4,878.41,887387.0,871.3118
2026-08-07T20:31:36.908,30,28,MU260904P01980000,MU,2026-09-04,put,1980.0,1109.57,4.0,1115.92,1.0,1112.745,,,,,,,,,2026-08-07,902.77,902.77,847.4,878.41,887387.0,871.3118
2026-08-07T20:31:36.908,30,28,MU260904P01990000,MU,2026-09-04,put,1990.0,1122.99,10.0,1137.59,4.0,1130.29,,,,,,,,,2026-08-07,902.77,902.77,847.4,878.41,887387.0,871.3118
2026-08-07T20:31:36.908,30,28,MU260904P02000000,MU,2026-09-04,put,2000.0,1123.09,4.0,1149.17,1.0,1136.13,,,,,,,,,2026-08-07,902.77,902.77,847.4,878.41,887387.0,871.3118
2026-08-07T20:31:36.908,45,42,MU260918C00005000,MU,2026-09-18,call,5.0,863.53,13.0,881.67,10.0,872.5999999999999,889.6,1.0,,,,,,,2026-08-07,902.77,902.77,847.4,878.41,887387.0,871.3118
2026-08-07T20:31:36.908,45,42,MU260918C00010000,MU,2026-09-18,call,10.0,850.66,11.0,877.29,1.0,863.9749999999999,862.73,1.0,,,,,,,2026-08-07,902.77,902.77,847.4,878.41,887387.0,871.3118
2026-08-07T20:31:36.908,45,42,MU260918C00015000,MU,2026-09-18,call,15.0,863.81,3.0,876.46,1.0,870.135,,,,,,,,,2026-08-07,902.77,902.77,847.4,878.41,887387.0,871.3118
2026-08-07T20:31:36.908,45,42,MU260918C00020000,MU,2026-09-18,call,20.0,848.11,3.0,854.18,11.0,851.145,878.52,1.0,,,,,,,2026-08-07,902.77,902.77,847.4,878.41,887387.0,871.3118
2026-08-07T20:31:36.908,45,42,MU260918C00025000,MU,2026-09-18,call,25.0,833.65,1.0,844.24,1.0,838.9449999999999,1146.84,1.0,,,,,,,2026-08-07,902.77,902.77,847.4,878.41,887387.0,871.3118
2026-08-07T20:31:36.908,45,42,MU260918C00030000,MU,2026-09-18,call,30.0,834.08,3.0,862.93,11.0,848.505,,,,,,,,,2026-08-07,902.77,902.77,847.4,878.41,887387.0,871.3118
2026-08-07T20:31:36.908,45,42,MU260918C00035000,MU,2026-09-18,call,35.0,838.25,11.0,851.01,1.0,844.63,,,,,,,,,2026-08-07,902.77,902.77,847.4,878.41,887387.0,871.3118
2026-08-07T20:31:36.908,45,42,MU260918C00040000,MU,2026-09-18,call,40.0,814.62,1.0,857.69,1.0,836.155,,,,,,,,,2026-08-07,902.77,902.77,847.4,878.41,887387.0,871.3118
2026-08-07T20:31:36.908,45,42,MU260918C00045000,MU,2026-09-18,call,45.0,814.52,13.0,847.3,10.0,830.91,,,,,,,,,2026-08-07,902.77,902.77,847.4,878.41,887387.0,871.3118
2026-08-07T20:31:36.908,45,42,MU260918C00050000,MU,2026-09-18,call,50.0,834.53,1.0,847.28,1.0,840.905,975.45,1.0,,,,,,,2026-08-07,902.77,902.77,847.4,878.41,887387.0,871.3118
2026-08-07T20:31:36.908,45,42,MU260918C00055000,MU,2026-09-18,call,55.0,821.41,11.0,841.89,1.0,831.65,661.6,31.0,,,,,,,2026-08-07,902.77,902.77,847.4,878.41,887387.0,871.3118
2026-08-07T20:31:36.908,45,42,MU260918C00060000,MU,2026-09-18,call,60.0,804.23,11.0,831.42,1.0,817.825,789.75,1.0,,,,,,,2026-08-07,902.77,902.77,847.4,878.41,887387.0,871.3118
2026-08-07T20:31:36.908,45,42,MU260918C00065000,MU,2026-09-18,call,65.0,814.99,11.0,827.99,1.0,821.49,784.65,4.0,,,,,,,2026-08-07,902.77,902.77,847.4,878.41,887387.0,871.3118
2026-08-07T20:31:36.908,45,42,MU260918C00070000,MU,2026-09-18,call,70.0,798.62,1.0,811.42,1.0,805.02,1111.54,1.0,,,,,,,2026-08-07,902.77,902.77,847.4,878.41,887387.0,871.3118
2026-08-07T20:31:36.908,45,42,MU260918C00075000,MU,2026-09-18,call,75.0,805.04,13.0,818.77,10.0,811.905,987.39,1.0,,,,,,,2026-08-07,902.77,902.77,847.4,878.41,887387.0,871.3118
2026-08-07T20:31:36.908,45,42,MU260918C00080000,MU,2026-09-18,call,80.0,800.63,11.0,815.95,11.0,808.29,874.35,10.0,,,,,,,2026-08-07,902.77,902.77,847.4,878.41,887387.0,871.3118
2026-08-07T20:31:36.908,45,42,MU260918C00085000,MU,2026-09-18,call,85.0,791.14,13.0,805.84,10.0,798.49,806.1,1.0,,,,,,,2026-08-07,902.77,902.77,847.4,878.41,887387.0,871.3118
2026-08-07T20:31:36.908,45,42,MU260918C00090000,MU,2026-09-18,call,90.0,790.32,11.0,804.36,11.0,797.34,950.0,1.0,,,,,,,2026-08-07,902.77,902.77,847.4,878.41,887387.0,871.3118
2026-08-07T20:31:36.908,45,42,MU260918C00095000,MU,2026-09-18,call,95.0,786.24,1.0,806.32,1.0,796.28,725.96,2.0,,,,,,,2026-08-07,902.77,902.77,847.4,878.41,887387.0,871.3118
2026-08-07T20:31:36.908,45,42,MU260918C00100000,MU,2026-09-18,call,100.0,782.61,1.0,795.77,10.0,789.19,794.9,1.0,,,,,,,2026-08-07,902.77,902.77,847.4,878.41,887387.0,871.3118
2026-08-07T20:31:36.908,45,42,MU260918C00105000,MU,2026-09-18,call,105.0,767.46,1.0,771.87,1.0,769.665,693.99,2.0,,,,,,,2026-08-07,902.77,902.77,847.4,878.41,887387.0,871.3118
2026-08-07T20:31:36.908,45,42,MU260918C00110000,MU,2026-09-18,call,110.0,768.96,11.0,777.65,1.0,773.3050000000001,808.78,1.0,,,,,,,2026-08-07,902.77,902.77,847.4,878.41,887387.0,871.3118
2026-08-07T20:31:36.908,45,42,MU260918C00115000,MU,2026-09-18,call,115.0,751.17,11.0,762.41,1.0,756.79,1002.01,2.0,,,,,,,2026-08-07,902.77,902.77,847.4,878.41,887387.0,871.3118
2026-08-07T20:31:36.908,45,42,MU260918C00120000,MU,2026-09-18,call,120.0,740.03,1.0,768.97,10.0,754.5,749.48,1.0,,,,,,,2026-08-07,902.77,902.77,847.4,878.41,887387.0,871.3118
2026-08-07T20:31:36.908,45,42,MU260918C00125000,MU,2026-09-18,call,125.0,746.84,11.0,768.11,10.0,757.475,665.68,1.0,,,,,,,2026-08-07,902.77,902.77,847.4,878.41,887387.0,871.3118
2026-08-07T20:31:36.908,45,42,MU260918C00130000,MU,2026-09-18,call,130.0,740.9,11.0,762.04,10.0,751.47,791.59,1.0,,,,,,,2026-08-07,902.77,902.77,847.4,878.41,887387.0,871.3118
2026-08-07T20:31:36.908,45,42,MU260918C00135000,MU,2026-09-18,call,135.0,723.96,13.0,762.3,1.0,743.13,769.25,1.0,,,,,,,2026-08-07,902.77,902.77,847.4,878.41,887387.0,871.3118
2026-08-07T20:31:36.908,45,42,MU260918C00140000,MU,2026-09-18,call,140.0,732.86,11.0,756.61,1.0,744.735,740.18,1.0,,,,,,,2026-08-07,902.77,902.77,847.4,878.41,887387.0,871.3118
2026-08-07T20:31:36.908,45,42,MU260918C00145000,MU,2026-09-18,call,145.0,740.04,11.0,753.99,1.0,747.015,733.32,1.0,,,,,,,2026-08-07,902.77,902.77,847.4,878.41,887387.0,871.3118
2026-08-07T20:31:36.908,45,42,MU260918C00150000,MU,2026-09-18,call,150.0,709.34,11.0,734.96,14.0,722.1500000000001,1003.55,1.0,,,,,,,2026-08-07,902.77,902.77,847.4,878.41,887387.0,871.3118
2026-08-07T20:31:36.908,45,42,MU260918C00155000,MU,2026-09-18,call,155.0,700.82,1.0,723.71,10.0,712.2650000000001,591.32,3.0,,,,,,,2026-08-07,902.77,902.77,847.4,878.41,887387.0,871.3118
2026-08-07T20:31:36.908,45,42,MU260918C00160000,MU,2026-09-18,call,160.0,706.55,11.0,735.7,1.0,721.125,752.35,11.0,,,,,,,2026-08-07,902.77,902.77,847.4,878.41,887387.0,871.3118
2026-08-07T20:31:36.908,45,42,MU260918C00165000,MU,2026-09-18,call,165.0,710.1,10.0,729.88,1.0,719.99,710.06,1.0,,,,,,,2026-08-07,902.77,902.77,847.4,878.41,887387.0,871.3118
2026-08-07T20:31:36.908,45,42,MU260918C00170000,MU,2026-09-18,call,170.0,695.61,1.0,715.88,10.0,705.745,809.11,1.0,,,,,,,2026-08-07,902.77,902.77,847.4,878.41,887387.0,871.3118
2026-08-07T20:31:36.908,45,42,MU260918C00175000,MU,2026-09-18,call,175.0,691.3,1.0,711.08,1.0,701.19,623.64,1.0,,,,,,,2026-08-07,902.77,902.77,847.4,878.41,887387.0,871.3118
2026-08-07T20:31:36.908,45,42,MU260918C00180000,MU,2026-09-18,call,180.0,699.67,1.0,700.72,11.0,700.1949999999999,703.05,5.0,,,,,,,2026-08-07,902.77,902.77,847.4,878.41,887387.0,871.3118
2026-08-07T20:31:36.908,45,42,MU260918C00185000,MU,2026-09-18,call,185.0,676.16,1.0,702.17,13.0,689.165,690.94,1.0,,,,,,,2026-08-07,902.77,902.77,847.4,878.41,887387.0,871.3118
2026-08-07T20:31:36.908,45,42,MU260918C00190000,MU,2026-09-18,call,190.0,687.19,11.0,701.49,13.0,694.34,679.22,1.0,,,,,,,2026-08-07,902.77,902.77,847.4,878.41,887387.0,871.3118
2026-08-07T20:31:36.908,45,42,MU260918C00195000,MU,2026-09-18,call,195.0,667.38,11.0,677.38,11.0,672.38,685.59,8.0,,,,,,,2026-08-07,902.77,902.77,847.4,878.41,887387.0,871.3118
2026-08-07T20:31:36.908,45,42,MU260918C00200000,MU,2026-09-18,call,200.0,683.9,1.0,698.44,11.0,691.1700000000001,615.51,1.0,,,,,,,2026-08-07,902.77,902.77,847.4,878.41,887387.0,871.3118
2026-08-07T20:31:36.908,45,42,MU260918C00210000,MU,2026-09-18,call,210.0,669.32,11.0,687.23,12.0,678.2750000000001,629.97,1.0,,,,,,,2026-08-07,902.77,902.77,847.4,878.41,887387.0,871.3118
2026-08-07T20:31:36.908,45,42,MU260918C00220000,MU,2026-09-18,call,220.0,649.99,13.0,656.41,14.0,653.2,644.86,6.0,,,,,,,2026-08-07,902.77,902.77,847.4,878.41,887387.0,871.3118
2026-08-07T20:31:36.908,45,42,MU260918C00230000,MU,2026-09-18,call,230.0,636.18,11.0,655.53,11.0,645.855,649.81,20.0,,,,,,,2026-08-07,902.77,902.77,847.4,878.41,887387.0,871.3118
2026-08-07T20:31:36.908,45,42,MU260918C00240000,MU,2026-09-18,call,240.0,624.24,13.0,651.61,11.0,637.925,574.0,1.0,,,,,,,2026-08-07,902.77,902.77,847.4,878.41,887387.0,871.3118
2026-08-07T20:31:36.908,45,42,MU260918C00250000,MU,2026-09-18,call,250.0,624.22,1.0,639.9,11.0,632.06,540.0,1.0,,,,,,,2026-08-07,902.77,902.77,847.4,878.41,887387.0,871.3118
2026-08-07T20:31:36.908,45,42,MU260918C00260000,MU,2026-09-18,call,260.0,613.15,11.0,625.0,10.0,619.075,540.0,1.0,,,,,,,2026-08-07,902.77,902.77,847.4,878.41,887387.0,871.3118
2026-08-07T20:31:36.908,45,42,MU260918C00270000,MU,2026-09-18,call,270.0,594.19,11.0,617.08,10.0,605.635,887.25,2.0,,,,,,,2026-08-07,902.77,902.77,847.4,878.41,887387.0,871.3118
2026-08-07T20:31:36.908,45,42,MU260918C00280000,MU,2026-09-18,call,280.0,595.2,13.0,599.17,10.0,597.185,710.92,4.0,,,,,,,2026-08-07,902.77,902.77,847.4,878.41,887387.0,871.3118
2026-08-07T20:31:36.908,45,42,MU260918C00290000,MU,2026-09-18,call,290.0,575.63,11.0,594.01,10.0,584.8199999999999,534.28,1.0,,,,,,,2026-08-07,902.77,902.77,847.4,878.41,887387.0,871.3118
2026-08-07T20:31:36.908,45,42,MU260918C00300000,MU,2026-09-18,call,300.0,564.89,11.0,586.26,17.0,575.575,602.16,2.0,,,,,,,2026-08-07,902.77,902.77,847.4,878.41,887387.0,871.3118
2026-08-07T20:31:36.908,45,42,MU260918C00310000,MU,2026-09-18,call,310.0,561.49,13.0,587.95,13.0,574.72,528.97,10.0,,,,,,,2026-08-07,902.77,902.77,847.4,878.41,887387.0,871.3118
2026-08-07T20:31:36.908,45,42,MU260918C00320000,MU,2026-09-18,call,320.0,547.52,1.0,567.3,10.0,557.41,693.51,3.0,,,,,,,2026-08-07,902.77,902.77,847.4,878.41,887387.0,871.3118
2026-08-07T20:31:36.908,45,42,MU260918C00330000,MU,2026-09-18,call,330.0,535.9,11.0,558.83,11.0,547.365,516.25,1.0,,,,,,,2026-08-07,902.77,902.77,847.4,878.41,887387.0,871.3118
2026-08-07T20:31:36.908,45,42,MU260918C00340000,MU,2026-09-18,call,340.0,529.07,1.0,539.7,1.0,534.385,482.0,2.0,,,,,,,2026-08-07,902.77,902.77,847.4,878.41,887387.0,871.3118
2026-08-07T20:31:36.908,45,42,MU260918C00350000,MU,2026-09-18,call,350.0,529.13,1.0,545.92,1.0,537.525,486.1,1.0,,,,,,,2026-08-07,902.77,902.77,847.4,878.41,887387.0,871.3118
2026-08-07T20:31:36.908,45,42,MU260918C00360000,MU,2026-09-18,call,360.0,515.21,11.0,520.03,1.0,517.62,578.05,1.0,,,,,,,2026-08-07,902.77,902.77,847.4,878.41,887387.0,871.3118
2026-08-07T20:31:36.908,45,42,MU260918C00370000,MU,2026-09-18,call,370.0,490.88,11.0,518.059,11.0,504.4695,528.48,1.0,,,,,,,2026-08-07,902.77,902.77,847.4,878.41,887387.0,871.3118
2026-08-07T20:31:36.908,45,42,MU260918C00380000,MU,2026-09-18,call,380.0,490.48,11.0,500.23,1.0,495.355,500.05,3.0,,,,,,,2026-08-07,902.77,902.77,847.4,878.41,887387.0,871.3118
2026-08-07T20:31:36.908,45,42,MU260918C00390000,MU,2026-09-18,call,390.0,475.97,1.0,499.48,10.0,487.725,509.14,15.0,,,,,,,2026-08-07,902.77,902.77,847.4,878.41,887387.0,871.3118
2026-08-07T20:31:36.908,45,42,MU260918C00400000,MU,2026-09-18,call,400.0,473.6,13.0,478.75,1.0,476.175,460.63,2.0,,,,,,,2026-08-07,902.77,902.77,847.4,878.41,887387.0,871.3118
2026-08-07T20:31:36.908,45,42,MU260918C00410000,MU,2026-09-18,call,410.0,459.88,11.0,469.28,11.0,464.58,510.71,1.0,,,,,,,2026-08-07,902.77,902.77,847.4,878.41,887387.0,871.3118
2026-08-07T20:31:36.908,45,42,MU260918C00420000,MU,2026-09-18,call,420.0,458.42,11.0,464.48,11.0,461.45000000000005,476.98,1.0,,,,,,,2026-08-07,902.77,902.77,847.4,878.41,887387.0,871.3118
2026-08-07T20:31:36.908,45,42,MU260918C00430000,MU,2026-09-18,call,430.0,438.52,1.0,455.52,10.0,447.02,397.07,2.0,,,,,,,2026-08-07,902.77,902.77,847.4,878.41,887387.0,871.3118
2026-08-07T20:31:36.908,45,42,MU260918C00440000,MU,2026-09-18,call,440.0,426.73,1.0,448.72,1.0,437.725,353.36,2.0,,,,,,,2026-08-07,902.77,902.77,847.4,878.41,887387.0,871.3118
2026-08-07T20:31:36.908,45,42,MU260918C00450000,MU,2026-09-18,call,450.0,433.35,12.0,434.45,8.0,433.9,443.75,1.0,,,,,,,2026-08-07,902.77,902.77,847.4,878.41,887387.0,871.3118
2026-08-07T20:31:36.908,45,42,MU260918C00460000,MU,2026-09-18,call,460.0,408.18,93.0,424.92,62.0,416.55,414.78,1.0,0.7091,0.9975,0.0,-0.0648,0.0229,0.5244,2026-08-07,902.77,902.77,847.4,878.41,887387.0,871.3118
2026-08-07T20:31:36.908,45,42,MU260918C00470000,MU,2026-09-18,call,470.0,407.06,11.0,413.25,13.0,410.155,320.97,2.0,,,,,,,2026-08-07,902.77,902.77,847.4,878.41,887387.0,871.3118
2026-08-07T20:31:36.908,45,42,MU260918C00480000,MU,2026-09-18,call,480.0,386.26,143.0,399.67,116.0,392.96500000000003,347.94,5.0,,,,,,,2026-08-07,902.77,902.77,847.4,878.41,887387.0,871.3118
2026-08-07T20:31:36.908,45,42,MU260918C00490000,MU,2026-09-18,call,490.0,387.02,11.0,390.59,11.0,388.80499999999995,300.41,2.0,,,,,,,2026-08-07,902.77,902.77,847.4,878.41,887387.0,871.3118
2026-08-07T20:31:36.908,45,42,MU260918C00500000,MU,2026-09-18,call,500.0,367.65,15.0,388.91,10.0,378.28,400.19,1.0,0.8434,0.9826,0.0002,-0.1759,0.1273,0.5535,2026-08-07,902.77,902.77,847.4,878.41,887387.0,871.3118
2026-08-07T20:31:36.908,45,42,MU260918C00510000,MU,2026-09-18,call,510.0,368.05,70.0,380.9,78.0,374.475,415.65,1.0,,,,,,,2026-08-07,902.77,902.77,847.4,878.41,887387.0,871.3118
2026-08-07T20:31:36.908,45,42,MU260918C00520000,MU,2026-09-18,call,520.0,355.87,90.0,370.03,55.0,362.95,380.09,1.0,1.0123,0.9552,0.0003,-0.3848,0.2802,0.5435,2026-08-07,902.77,902.77,847.4,878.41,887387.0,871.3118
2026-08-07T20:31:36.908,45,42,MU260918C00530000,MU,2026-09-18,call,530.0,340.99,110.0,357.88,65.0,349.435,299.61,1.0,0.8302,0.9734,0.0002,-0.2304,0.1824,0.5774,2026-08-07,902.77,902.77,847.4,878.41,887387.0,871.3118
2026-08-07T20:31:36.908,45,42,MU260918C00540000,MU,2026-09-18,call,540.0,341.68,81.0,354.3,33.0,347.99,342.77,2.0,1.0958,0.9324,0.0004,-0.5524,0.3877,0.5378,2026-08-07,902.77,902.77,847.4,878.41,887387.0,871.3118
2026-08-07T20:31:36.908,45,42,MU260918C00550000,MU,2026-09-18,call,550.0,328.79,185.0,335.06,51.0,331.925,347.1,1.0,0.8809,0.9568,0.0004,-0.3354,0.2718,0.5809,2026-08-07,902.77,902.77,847.4,878.41,887387.0,871.3118
2026-08-07T20:31:36.908,45,42,MU260918C00560000,MU,2026-09-18,call,560.0,315.08,58.0,335.47,37.0,325.275,323.77,2.0,0.9563,0.9393,0.0004,-0.4555,0.3566,0.5709,2026-08-07,902.77,902.77,847.4,878.41,887387.0,871.3118
2026-08-07T20:31:36.908,45,42,MU260918C00570000,MU,2026-09-18,call,570.0,305.17,66.0,321.78,27.0,313.475,334.29,2.0,0.8724,0.9461,0.0004,-0.3885,0.3247,0.5913,2026-08-07,902.77,902.77,847.4,878.41,887387.0,871.3118
2026-08-07T20:31:36.908,45,42,MU260918C00580000,MU,2026-09-18,call,580.0,305.78,62.0,316.6,52.0,311.19,345.12,2.0,1.0331,0.9129,0.0005,-0.6269,0.4702,0.5605,2026-08-07,902.77,902.77,847.4,878.41,887387.0,871.3118
2026-08-07T20:31:36.908,45,42,MU260918C00590000,MU,2026-09-18,call,590.0,291.52,48.0,296.46,45.0,293.99,336.19,2.0,0.8276,0.9403,0.0005,-0.3997,0.3522,0.6078,2026-08-07,902.77,902.77,847.4,878.41,887387.0,871.3118
2026-08-07T20:31:36.908,45,42,MU260918C00600000,MU,2026-09-18,call,600.0,275.65,78.0,294.53,77.0,285.09,287.0,1.0,0.8275,0.9328,0.0005,-0.4331,0.3858,0.6106,2026-08-07,902.77,902.77,847.4,878.41,887387.0,871.3118
2026-08-07T20:31:36.908,45,42,MU260918C00610000,MU,2026-09-18,call,610.0,267.22,17.0,276.44,13.0,271.83000000000004,292.86,24.0,0.7051,0.9498,0.0005,-0.3134,0.307,0.6429,2026-08-07,902.77,902.77,847.4,878.41,887387.0,871.3118
2026-08-07T20:31:36.908,45,42,MU260918C00620000,MU,2026-09-18,call,620.0,260.36,46.0,278.31,35.0,269.33500000000004,254.36,4.0,0.8636,0.909,0.0006,-0.5517,0.4856,0.6047,2026-08-07,902.77,902.77,847.4,878.41,887387.0,871.3118
2026-08-07T20:31:36.908,45,42,MU260918C00630000,MU,2026-09-18,call,630.0,257.7,31.0,266.96,24.0,262.33,279.23,1.0,0.8901,0.8945,0.0007,-0.6254,0.5412,0.5982,2026-08-07,902.77,902.77,847.4,878.41,887387.0,871.3118
2026-08-07T20:31:36.908,45,42,MU260918C00640000,MU,2026-09-18,call,640.0,242.78,60.0,255.31,35.0,249.04500000000002,247.05,1.0,0.7959,0.9043,0.0007,-0.5316,0.504,0.6234,2026-08-07,902.77,902.77,847.4,878.41,887387.0,871.3118
2026-08-07T20:31:36.908,45,42,MU260918C00650000,MU,2026-09-18,call,650.0,239.94,163.0,242.2,96.0,241.07,239.94,1.0,0.8037,0.8925,0.0008,-0.5788,0.5487,0.6206,2026-08-07,902.77,902.77,847.4,878.41,887387.0,871.3118
2026-08-07T20:31:36.908,45,42,MU260918C00660000,MU,2026-09-18,call,660.0,228.29,177.0,238.57,104.0,233.43,252.21,1.0,0.8136,0.8795,0.0008,-0.6297,0.595,0.6164,2026-08-07,902.77,902.77,847.4,878.41,887387.0,871.3118
2026-08-07T20:31:36.908,45,42,MU260918C00670000,MU,2026-09-18,call,670.0,219.92,120.0,231.37,90.0,225.64499999999998,221.8,2.0,0.8176,0.8674,0.0009,-0.6725,0.6363,0.6131,2026-08-07,902.77,902.77,847.4,878.41,887387.0,871.3118
2026-08-07T20:31:36.908,45,42,MU260918C00680000,MU,2026-09-18,call,680.0,213.11,30.0,215.36,23.0,214.235,236.67,1.0,0.7637,0.8679,0.0009,-0.6312,0.6344,0.6268,2026-08-07,902.77,902.77,847.4,878.41,887387.0,871.3118
2026-08-07T20:31:36.908,45,42,MU260918C00690000,MU,2026-09-18,call,690.0,203.31,91.0,212.79,86.0,208.05,256.3,1.0,0.7892,0.8495,0.001,-0.7045,0.693,0.6154,2026-08-07,902.77,902.77,847.4,878.41,887387.0,871.3118
2026-08-07T20:31:36.908,45,42,MU260918C00700000,MU,2026-09-18,call,700.0,193.54,125.0,196.99,90.0,195.265,194.16,1.0,0.7168,0.8541,0.0011,-0.6345,0.6791,0.6347,2026-08-07,902.77,902.77,847.4,878.41,887387.0,871.3118
2026-08-07T20:31:36.908,45,42,MU260918C00710000,MU,2026-09-18,call,710.0,191.02,87.0,193.78,86.0,192.4,240.45,2.0,0.7831,0.8246,0.0011,-0.7667,0.7658,0.6083,2026-08-07,902.77,902.77,847.4,878.41,887387.0,871.3118
2026-08-07T20:31:36.908,45,42,MU260918C00720000,MU,2026-09-18,call,720.0,178.77,124.0,184.03,95.0,181.4,181.55,3.0,0.737,0.821,0.0012,-0.734,0.7756,0.6174,2026-08-07,902.77,902.77,847.4,878.41,887387.0,871.3118
2026-08-07T20:31:36.908,45,42,MU260918C00730000,MU,2026-09-18,call,730.0,173.21,79.0,182.61,47.0,177.91000000000003,212.23,5.0,0.7838,0.7961,0.0012,-0.8355,0.8401,0.5964,2026-08-07,902.77,902.77,847.4,878.41,887387.0,871.3118
2026-08-07T20:31:36.908,45,42,MU260918C00740000,MU,2026-09-18,call,740.0,165.05,265.0,175.64,117.0,170.345,169.5,20.0,0.7774,0.7825,0.0013,-0.8587,0.8724,0.5914,2026-08-07,902.77,902.77,847.4,878.41,887387.0,871.3118
2026-08-07T20:31:36.908,45,42,MU260918C00750000,MU,2026-09-18,call,750.0,161.25,95.0,162.76,22.0,162.005,181.7,5.0,0.761,0.7704,0.0013,-0.8663,0.8999,0.5887,2026-08-07,902.77,902.77,847.4,878.41,887387.0,871.3118
2026-08-07T20:31:36.908,45,42,MU260918C00760000,MU,2026-09-18,call,760.0,153.28,88.0,155.58,6.0,154.43,149.8,50.0,0.7519,0.7561,0.0014,-0.8832,0.9302,0.5832,2026-08-07,902.77,902.77,847.4,878.41,887387.0,871.3118
2026-08-07T20:31:36.908,45,42,MU260918C00770000,MU,2026-09-18,call,770.0,145.88,104.0,153.42,23.0,149.64999999999998,149.16,1.0,0.7705,0.7368,0.0014,-0.9376,0.9683,0.5692,2026-08-07,902.77,902.77,847.4,878.41,887387.0,871.3118
2026-08-07T20:31:36.908,45,42,MU260918C00780000,MU,2026-09-18,call,780.0,138.97,80.0,142.27,14.0,140.62,135.8,1.0,0.7434,0.7244,0.0015,-0.926,0.9908,0.5671,2026-08-07,902.77,902.77,847.4,878.41,887387.0,871.3118
2026-08-07T20:31:36.908,45,42,MU260918C00790000,MU,2026-09-18,call,790.0,136.57,95.0,138.56,76.0,137.565,155.3,1.0,0.7744,0.7033,0.0015,-0.9936,1.0262,0.5494,2026-08-07,902.77,902.77,847.4,878.41,887387.0,871.3118
2026-08-07T20:31:36.908,45,42,MU260918C00800000,MU,2026-09-18,call,800.0,125.95,99.0,130.87,16.0,128.41,128.45,1.0,0.7438,0.6899,0.0016,-0.9743,1.0467,0.5464,2026-08-07,902.77,902.77,847.4,878.41,887387.0,871.3118
2026-08-07T20:31:36.908,45,42,MU260918C00810000,MU,2026-09-18,call,810.0,122.66,94.0,124.89,94.0,123.775,120.0,1.0,0.7551,0.6713,0.0016,-1.0104,1.0726,0.533,2026-08-07,902.77,902.77,847.4,878.41,887387.0,871.3118
2026-08-07T20:31:36.908,45,42,MU260918C00820000,MU,2026-09-18,call,820.0,114.42,59.0,117.18,42.0,115.80000000000001,112.86,1.0,0.7336,0.6553,0.0017,-0.9998,1.0926,0.5261,2026-08-07,902.77,902.77,847.4,878.41,887387.0,871.3118
2026-08-07T20:31:36.908,45,42,MU260918C00830000,MU,2026-09-18,call,830.0,107.62,101.0,110.72,96.0,109.17,109.55,1.0,0.7232,0.6377,0.0017,-1.0023,1.1121,0.5161,2026-08-07,902.77,902.77,847.4,878.41,887387.0,871.3118
2026-08-07T20:31:36.908,45,42,MU260918C00840000,MU,2026-09-18,call,840.0,102.57,91.0,104.39,96.0,103.47999999999999,103.17,1.0,0.7199,0.6194,0.0018,-1.0121,1.13,0.5042,2026-08-07,902.77,902.77,847.4,878.41,887387.0,871.3118
2026-08-07T20:31:36.908,45,42,MU260918C00850000,MU,2026-09-18,call,850.0,98.65,95.0,100.47,13.0,99.56,99.1,2.0,0.7303,0.6008,0.0018,-1.0384,1.1454,0.4899,2026-08-07,902.77,902.77,847.4,878.41,887387.0,871.3118
2026-08-07T20:31:36.908,45,42,MU260918C00860000,MU,2026-09-18,call,860.0,95.99,118.0,97.05,93.0,96.52,93.02,1.0,0.7465,0.5828,0.0018,-1.0702,1.1578,0.4753,2026-08-07,902.77,902.77,847.4,878.41,887387.0,871.3118
2026-08-07T20:31:36.908,45,42,MU260918C00870000,MU,2026-09-18,call,870.0,92.35,147.0,92.71,32.0,92.53,92.35,1.0,0.7527,0.5652,0.0018,-1.0863,1.1676,0.4622,2026-08-07,902.77,902.77,847.4,878.41,887387.0,871.3118
2026-08-07T20:31:36.908,45,42,MU260918C00880000,MU,2026-09-18,call,880.0,82.71,105.0,87.43,30.0,85.07,84.48,1.0,0.7278,0.5457,0.0018,-1.0577,1.1756,0.4512,2026-08-07,902.77,902.77,847.4,878.41,887387.0,871.3118
2026-08-07T20:31:36.908,45,42,MU260918C00890000,MU,2026-09-18,call,890.0,82.18,79.0,83.66,45.0,82.92,82.18,1.0,0.7465,0.5293,0.0018,-1.0868,1.1802,0.4372,2026-08-07,902.77,902.77,847.4,878.41,887387.0,871.3118
2026-08-07T20:31:36.908,45,42,MU260918C00900000,MU,2026-09-18,call,900.0,75.32,102.0,77.23,11.0,76.275,77.06,1.0,0.7257,0.5092,0.0019,-1.059,1.1831,0.4246,2026-08-07,902.77,902.77,847.4,878.41,887387.0,871.3118
2026-08-07T20:31:36.908,45,42,MU260918C00910000,MU,2026-09-18,call,910.0,72.01,94.0,73.65,39.0,72.83000000000001,72.45,30.0,0.7305,0.492,0.0018,-1.0646,1.1832,0.4113,2026-08-07,902.77,902.77,847.4,878.41,887387.0,871.3118
2026-08-07T20:31:36.908,45,42,MU260918C00920000,MU,2026-09-18,call,920.0,70.87,16.0,71.48,26.0,71.17500000000001,68.45,2.0,0.7491,0.4776,0.0018,-1.0882,1.1815,0.3986,2026-08-07,902.77,902.77,847.4,878.41,887387.0,871.3118
2026-08-07T20:31:36.908,45,42,MU260918C00930000,MU,2026-09-18,call,930.0,65.03,106.0,65.81,8.0,65.42,66.35,1.0,0.7315,0.4573,0.0018,-1.058,1.1766,0.3849,2026-08-07,902.77,902.77,847.4,878.41,887387.0,871.3118
2026-08-07T20:31:36.908,45,42,MU260918C00940000,MU,2026-09-18,call,940.0,63.0,58.0,63.59,33.0,63.295,62.21,3.0,0.7434,0.4428,0.0018,-1.0688,1.1712,0.3727,2026-08-07,902.77,902.77,847.4,878.41,887387.0,871.3118
2026-08-07T20:31:36.908,45,42,MU260918C00950000,MU,2026-09-18,call,950.0,59.92,92.0,61.21,17.0,60.565,59.92,1.0,0.7489,0.4275,0.0018,-1.0688,1.1638,0.3605,2026-08-07,902.77,902.77,847.4,878.41,887387.0,871.3118
2026-08-07T20:31:36.908,45,42,MU260918C00960000,MU,2026-09-18,call,960.0,57.0,98.0,57.43,23.0,57.215,56.5,1.0,0.7478,0.4112,0.0018,-1.0574,1.1539,0.3479,2026-08-07,902.77,902.77,847.4,878.41,887387.0,871.3118
2026-08-07T20:31:36.908,45,42,MU260918C00970000,MU,2026-09-18,call,970.0,52.28,95.0,53.05,36.0,52.665,53.15,1.0,0.7349,0.3918,0.0018,-1.0259,1.1396,0.3337,2026-08-07,902.77,902.77,847.4,878.41,887387.0,871.3118
2026-08-07T20:31:36.908,45,42,MU260918C00980000,MU,2026-09-18,call,980.0,49.83,116.0,52.38,48.0,51.105000000000004,49.75,1.0,0.7469,0.3796,0.0017,-1.032,1.1291,0.3232,2026-08-07,902.77,902.77,847.4,878.41,887387.0,871.3118
2026-08-07T20:31:36.908,45,42,MU260918C00990000,MU,2026-09-18,call,990.0,46.46,111.0,48.32,4.0,47.39,47.24,1.0,0.7387,0.3619,0.0017,-1.0046,1.1118,0.3097,2026-08-07,902.77,902.77,847.4,878.41,887387.0,871.3118
2026-08-07T20:31:36.908,45,42,MU260918C01000000,MU,2026-09-18,call,1000.0,44.96,45.0,46.89,48.0,45.925,44.96,2.0,0.7495,0.3505,0.0017,-1.0068,1.0993,0.2998,2026-08-07,902.77,902.77,847.4,878.41,887387.0,871.3118
2026-08-07T20:31:36.908,45,42,MU260918C01010000,MU,2026-09-18,call,1010.0,41.69,112.0,42.81,8.0,42.25,42.02,5.0,0.739,0.3326,0.0017,-0.9729,1.0776,0.286,2026-08-07,902.77,902.77,847.4,878.41,887387.0,871.3118
2026-08-07T20:31:36.908,45,42,MU260918C01020000,MU,2026-09-18,call,1020.0,38.43,115.0,41.55,51.0,39.989999999999995,39.4,1.0,0.7403,0.3189,0.0016,-0.9574,1.0593,0.2749,2026-08-07,902.77,902.77,847.4,878.41,887387.0,871.3118
2026-08-07T20:31:36.908,45,42,MU260918C01030000,MU,2026-09-18,call,1030.0,38.06,35.0,39.7,78.0,38.88,38.29,1.0,0.7516,0.3092,0.0016,-0.9584,1.0453,0.2664,2026-08-07,902.77,902.77,847.4,878.41,887387.0,871.3118
2026-08-07T20:31:36.908,45,42,MU260918C01040000,MU,2026-09-18,call,1040.0,36.19,83.0,36.51,34.0,36.349999999999994,36.21,1.0,0.7483,0.2947,0.0016,-0.9334,1.0231,0.2547,2026-08-07,902.77,902.77,847.4,878.41,887387.0,871.3118
2026-08-07T20:31:36.908,45,42,MU260918C01050000,MU,2026-09-18,call,1050.0,33.33,83.0,35.7,62.0,34.515,33.75,1.0,0.7507,0.2828,0.0015,-0.9178,1.0033,0.2448,2026-08-07,902.77,902.77,847.4,878.41,887387.0,871.3118
2026-08-07T20:31:36.908,45,42,MU260918C01060000,MU,2026-09-18,call,1060.0,31.54,101.0,32.77,76.0,32.155,32.71,1.0,0.7467,0.2688,0.0015,-0.8902,0.9786,0.2335,2026-08-07,902.77,902.77,847.4,878.41,887387.0,871.3118
2026-08-07T20:31:36.908,45,42,MU260918C01070000,MU,2026-09-18,call,1070.0,29.91,79.0,31.67,91.0,30.79,29.92,1.0,0.7519,0.2587,0.0015,-0.8787,0.9598,0.2249,2026-08-07,902.77,902.77,847.4,878.41,887387.0,871.3118
2026-08-07T20:31:36.908,45,42,MU260918C01080000,MU,2026-09-18,call,1080.0,28.27,89.0,30.21,79.0,29.240000000000002,27.78,1.0,0.7544,0.248,0.0014,-0.8618,0.9387,0.2159,2026-08-07,902.77,902.77,847.4,878.41,887387.0,871.3118
2026-08-07T20:31:36.908,45,42,MU260918C01090000,MU,2026-09-18,call,1090.0,26.55,53.0,27.65,10.0,27.1,26.8,3.0,0.7495,0.2348,0.0014,-0.8308,0.9112,0.2051,2026-08-07,902.77,902.77,847.4,878.41,887387.0,871.3118
2026-08-07T20:31:36.908,45,42,MU260918C01100000,MU,2026-09-18,call,1100.0,24.91,67.0,25.89,19.0,25.4,24.91,2.0,0.7483,0.2234,0.0013,-0.8063,0.8861,0.1956,2026-08-07,902.77,902.77,847.4,878.41,887387.0,871.3118
2026-08-07T20:31:36.908,45,42,MU260918C01110000,MU,2026-09-18,call,1110.0,23.98,163.0,25.03,82.0,24.505000000000003,23.98,1.0,0.7553,0.2158,0.0013,-0.7974,0.8686,0.1889,2026-08-07,902.77,902.77,847.4,878.41,887387.0,871.3118
2026-08-07T20:31:36.908,45,42,MU260918C01120000,MU,2026-09-18,call,1120.0,22.84,28.0,23.02,10.0,22.93,22.7,1.0,0.7537,0.205,0.0013,-0.7719,0.8429,0.1799,2026-08-07,902.77,902.77,847.4,878.41,887387.0,871.3118
2026-08-07T20:31:36.908,45,42,MU260918C01130000,MU,2026-09-18,call,1130.0,21.86,17.0,22.07,16.0,21.965,21.27,1.0,0.7585,0.1972,0.0012,-0.7586,0.8235,0.1732,2026-08-07,902.77,902.77,847.4,878.41,887387.0,871.3118
2026-08-07T20:31:36.908,45,42,MU260918C01140000,MU,2026-09-18,call,1140.0,20.62,52.0,20.71,12.0,20.665,20.62,1.0,0.7584,0.1879,0.0012,-0.736,0.7993,0.1652,2026-08-07,902.77,902.77,847.4,878.41,887387.0,871.3118
2026-08-07T20:31:36.908,45,42,MU260918C01150000,MU,2026-09-18,call,1150.0,18.98,52.0,19.86,20.0,19.42,18.98,1.0,0.7582,0.1787,0.0012,-0.7131,0.7749,0.1575,2026-08-07,902.77,902.77,847.4,878.41,887387.0,871.3118
2026-08-07T20:31:36.908,45,42,MU260918C01160000,MU,2026-09-18,call,1160.0,17.94,51.0,17.96,11.0,17.950000000000003,17.96,1.0,0.754,0.1684,0.0011,-0.6826,0.7461,0.1488,2026-08-07,902.77,902.77,847.4,878.41,887387.0,871.3118
2026-08-07T20:31:36.908,45,42,MU260918C01170000,MU,2026-09-18,call,1170.0,16.82,73.0,17.19,30.0,17.005000000000003,17.05,1.0,0.7559,0.1609,0.0011,-0.6641,0.7243,0.1423,2026-08-07,902.77,902.77,847.4,878.41,887387.0,871.3118
2026-08-07T20:31:36.908,45,42,MU260918C01180000,MU,2026-09-18,call,1180.0,16.46,18.0,16.67,38.0,16.565,16.46,1.0,0.7642,0.1562,0.0011,-0.6583,0.7105,0.1381,2026-08-07,902.77,902.77,847.4,878.41,887387.0,871.3118
2026-08-07T20:31:36.908,45,42,MU260918C01190000,MU,2026-09-18,call,1190.0,15.41,19.0,16.0,21.0,15.705,15.45,1.0,0.7661,0.1493,0.001,-0.6402,0.6894,0.1321,2026-08-07,902.77,902.77,847.4,878.41,887387.0,871.3118
2026-08-07T20:31:36.908,45,42,MU260918C01200000,MU,2026-09-18,call,1200.0,14.42,77.0,15.31,24.0,14.865,14.42,1.0,0.7675,0.1425,0.001,-0.6215,0.6682,0.1263,2026-08-07,902.77,902.77,847.4,878.41,887387.0,871.3118
2026-08-07T20:31:36.908,45,42,MU260918C01210000,MU,2026-09-18,call,1210.0,13.93,43.0,14.33,16.0,14.129999999999999,13.85,3.0,0.7699,0.1363,0.001,-0.6048,0.6484,0.1209,2026-08-07,902.77,902.77,847.4,878.41,887387.0,871.3118
2026-08-07T20:31:36.908,45,42,MU260918C01220000,MU,2026-09-18,call,1220.0,12.62,27.0,13.49,31.0,13.055,14.59,1.0,0.7662,0.1282,0.0009,-0.5766,0.6213,0.1139,2026-08-07,902.77,902.77,847.4,878.41,887387.0,871.3118
2026-08-07T20:31:36.908,45,42,MU260918C01230000,MU,2026-09-18,call,1230.0,12.39,39.0,12.55,49.0,12.47,12.83,2.0,0.7696,0.123,0.0009,-0.5626,0.6037,0.1094,2026-08-07,902.77,902.77,847.4,878.41,887387.0,871.3118
2026-08-07T20:31:36.908,45,42,MU260918C01240000,MU,2026-09-18,call,1240.0,11.19,63.0,11.78,29.0,11.485,12.88,1.0,0.7655,0.1153,0.0009,-0.5345,0.5767,0.1028,2026-08-07,902.77,902.77,847.4,878.41,887387.0,871.3118
2026-08-07T20:31:36.908,45,42,MU260918C01250000,MU,2026-09-18,call,1250.0,11.21,20.0,11.62,30.0,11.415,11.21,1.0,0.7767,0.1134,0.0008,-0.536,0.5702,0.101,2026-08-07,902.77,902.77,847.4,878.41,887387.0,871.3118
2026-08-07T20:31:36.908,45,42,MU260918C01260000,MU,2026-09-18,call,1260.0,10.58,76.0,11.0,38.0,10.79,10.58,1.0,0.7778,0.1081,0.0008,-0.5184,0.5509,0.0964,2026-08-07,902.77,902.77,847.4,878.41,887387.0,871.3118
2026-08-07T20:31:36.908,45,42,MU260918C01270000,MU,2026-09-18,call,1270.0,10.04,37.0,10.17,55.0,10.105,10.26,1.0,0.777,0.1024,0.0008,-0.4978,0.5296,0.0914,2026-08-07,902.77,902.77,847.4,878.41,887387.0,871.3118
2026-08-07T20:31:36.908,45,42,MU260918C01280000,MU,2026-09-18,call,1280.0,9.39,39.0,9.7,50.0,9.545,9.57,4.0,0.778,0.0975,0.0007,-0.4808,0.511,0.0871,2026-08-07,902.77,902.77,847.4,878.41,887387.0,871.3118
2026-08-07T20:31:36.908,45,42,MU260918C01290000,MU,2026-09-18,call,1290.0,8.91,85.0,9.37,18.0,9.14,9.41,1.0,0.7814,0.0937,0.0007,-0.4688,0.4962,0.0837,2026-08-07,902.77,902.77,847.4,878.41,887387.0,871.3118
2026-08-07T20:31:36.908,45,42,MU260918C01300000,MU,2026-09-18,call,1300.0,8.15,31.0,8.45,27.0,8.3,8.45,1.0,0.7752,0.0868,0.0007,-0.4396,0.4691,0.0778,2026-08-07,902.77,902.77,847.4,878.41,887387.0,871.3118
2026-08-07T20:31:36.908,45,42,MU260918C01310000,MU,2026-09-18,call,1310.0,7.88,80.0,8.17,34.0,8.025,8.34,1.0,0.7803,0.084,0.0007,-0.4314,0.4574,0.0753,2026-08-07,902.77,902.77,847.4,878.41,887387.0,871.3118
2026-08-07T20:31:36.908,45,42,MU260918C01320000,MU,2026-09-18,call,1320.0,7.47,34.0,7.87,1.0,7.67,7.77,1.0,0.7832,0.0806,0.0006,-0.4196,0.4433,0.0722,2026-08-07,902.77,902.77,847.4,878.41,887387.0,871.3118
2026-08-07T20:31:36.908,45,42,MU260918C01330000,MU,2026-09-18,call,1330.0,6.91,37.0,7.48,32.0,7.195,7.26,1.0,0.7829,0.0763,0.0006,-0.4025,0.4255,0.0685,2026-08-07,902.77,902.77,847.4,878.41,887387.0,871.3118
2026-08-07T20:31:36.908,45,42,MU260918C01340000,MU,2026-09-18,call,1340.0,6.67,36.0,7.22,48.0,6.945,6.9,1.0,0.7874,0.0737,0.0006,-0.3941,0.4143,0.0662,2026-08-07,902.77,902.77,847.4,878.41,887387.0,871.3118
2026-08-07T20:31:36.908,45,42,MU260918C01350000,MU,2026-09-18,call,1350.0,6.33,33.0,6.88,44.0,6.605,6.95,1.0,0.7893,0.0705,0.0006,-0.3816,0.4003,0.0633,2026-08-07,902.77,902.77,847.4,878.41,887387.0,871.3118
2026-08-07T20:31:36.908,45,42,MU260918C01360000,MU,2026-09-18,call,1360.0,6.08,87.0,6.43,1.0,6.255,6.09,1.0,0.7905,0.0672,0.0006,-0.3683,0.3858,0.0604,2026-08-07,902.77,902.77,847.4,878.41,887387.0,871.3118
2026-08-07T20:31:36.908,45,42,MU260918C01370000,MU,2026-09-18,call,1370.0,5.88,90.0,6.18,82.0,6.029999999999999,6.33,1.0,0.7945,0.0648,0.0005,-0.36,0.3753,0.0583,2026-08-07,902.77,902.77,847.4,878.41,887387.0,871.3118
2026-08-07T20:31:36.908,45,42,MU260918C01380000,MU,2026-09-18,call,1380.0,5.44,98.0,5.96,15.0,5.7,5.98,1.0,0.7953,0.0617,0.0005,-0.3468,0.3612,0.0555,2026-08-07,902.77,902.77,847.4,878.41,887387.0,871.3118
2026-08-07T20:31:36.908,45,42,MU260918C01390000,MU,2026-09-18,call,1390.0,5.17,29.0,5.48,29.0,5.325,9.85,1.0,0.7943,0.0582,0.0005,-0.3309,0.3451,0.0525,2026-08-07,902.77,902.77,847.4,878.41,887387.0,871.3118
2026-08-07T20:31:36.908,45,42,MU260918C01400000,MU,2026-09-18,call,1400.0,4.81,34.0,5.26,23.0,5.035,5.25,1.0,0.7951,0.0554,0.0005,-0.3186,0.332,0.05,2026-08-07,902.77,902.77,847.4,878.41,887387.0,871.3118
2026-08-07T20:31:36.908,45,42,MU260918C01410000,MU,2026-09-18,call,1410.0,4.63,25.0,5.03,11.0,4.83,4.94,1.0,0.7981,0.0533,0.0005,-0.31,0.3219,0.0481,2026-08-07,902.77,902.77,847.4,878.41,887387.0,871.3118
2026-08-07T20:31:36.908,45,42,MU260918C01420000,MU,2026-09-18,call,1420.0,4.42,32.0,4.81,32.0,4.615,4.6,1.0,0.8005,0.0511,0.0004,-0.3007,0.3113,0.0461,2026-08-07,902.77,902.77,847.4,878.41,887387.0,871.3118
2026-08-07T20:31:36.908,45,42,MU260918C01430000,MU,2026-09-18,call,1430.0,4.27,84.0,4.67,25.0,4.47,4.38,1.0,0.8048,0.0495,0.0004,-0.2946,0.3035,0.0447,2026-08-07,902.77,902.77,847.4,878.41,887387.0,871.3118
2026-08-07T20:31:36.908,45,42,MU260918C01440000,MU,2026-09-18,call,1440.0,4.019,37.0,4.24,33.0,4.1295,4.49,2.0,0.8021,0.0463,0.0004,-0.2784,0.2877,0.0418,2026-08-07,902.77,902.77,847.4,878.41,887387.0,871.3118
2026-08-07T20:31:36.908,45,42,MU260918C01450000,MU,2026-09-18,call,1450.0,3.87,103.0,4.23,33.0,4.050000000000001,4.0,1.0,0.8081,0.0453,0.0004,-0.2753,0.2825,0.0409,2026-08-07,902.77,902.77,847.4,878.41,887387.0,871.3118
2026-08-07T20:31:36.908,45,42,MU260918C01460000,MU,2026-09-18,call,1460.0,3.57,33.0,3.98,33.0,3.775,3.77,3.0,0.8067,0.0426,0.0004,-0.2618,0.2691,0.0385,2026-08-07,902.77,902.77,847.4,878.41,887387.0,871.3118
2026-08-07T20:31:36.908,45,42,MU260918C01470000,MU,2026-09-18,call,1470.0,3.5,33.0,3.79,32.0,3.645,3.6,1.0,0.8103,0.0412,0.0004,-0.2557,0.2617,0.0372,2026-08-07,902.77,902.77,847.4,878.41,887387.0,871.3118
2026-08-07T20:31:36.908,45,42,MU260918C01480000,MU,2026-09-18,call,1480.0,3.33,86.0,3.62,34.0,3.475,3.67,1.0,0.812,0.0394,0.0004,-0.2473,0.2526,0.0357,2026-08-07,902.77,902.77,847.4,878.41,887387.0,871.3118
2026-08-07T20:31:36.908,45,42,MU260918C01490000,MU,2026-09-18,call,1490.0,3.11,66.0,3.52,17.0,3.315,3.35,1.0,0.8138,0.0378,0.0003,-0.2392,0.2439,0.0342,2026-08-07,902.77,902.77,847.4,878.41,887387.0,871.3118
2026-08-07T20:31:36.908,45,42,MU260918C01500000,MU,2026-09-18,call,1500.0,3.02,71.0,3.32,22.0,3.17,3.15,1.0,0.8159,0.0362,0.0003,-0.2318,0.2358,0.0328,2026-08-07,902.77,902.77,847.4,878.41,887387.0,871.3118
2026-08-07T20:31:36.908,45,42,MU260918C01510000,MU,2026-09-18,call,1510.0,2.9,94.0,3.25,47.0,3.075,3.0,1.0,0.8198,0.0351,0.0003,-0.2271,0.2299,0.0318,2026-08-07,902.77,902.77,847.4,878.41,887387.0,871.3118
2026-08-07T20:31:36.908,45,42,MU260918C01520000,MU,2026-09-18,call,1520.0,2.77,41.0,3.07,45.0,2.92,3.47,1.0,0.8208,0.0335,0.0003,-0.2188,0.2212,0.0304,2026-08-07,902.77,902.77,847.4,878.41,887387.0,871.3118
2026-08-07T20:31:36.908,45,42,MU260918C01530000,MU,2026-09-18,call,1530.0,2.56,26.0,2.84,37.0,2.7,3.24,1.0,0.8184,0.0314,0.0003,-0.2064,0.2094,0.0284,2026-08-07,902.77,902.77,847.4,878.41,887387.0,871.3118
2026-08-07T20:31:36.908,45,42,MU260918C01540000,MU,2026-09-18,call,1540.0,2.47,25.0,2.76,25.0,2.615,4.17,1.0,0.8219,0.0304,0.0003,-0.2019,0.2039,0.0276,2026-08-07,902.77,902.77,847.4,878.41,887387.0,871.3118
2026-08-07T20:31:36.908,45,42,MU260918C01550000,MU,2026-09-18,call,1550.0,2.38,108.0,2.62,46.0,2.5,2.57,1.0,0.8238,0.0291,0.0003,-0.1955,0.197,0.0264,2026-08-07,902.77,902.77,847.4,878.41,887387.0,871.3118
2026-08-07T20:31:36.908,45,42,MU260918C01560000,MU,2026-09-18,call,1560.0,2.23,75.0,2.6,40.0,2.415,6.65,3.0,0.8269,0.0282,0.0003,-0.1908,0.1915,0.0256,2026-08-07,902.77,902.77,847.4,878.41,887387.0,871.3118
2026-08-07T20:31:36.908,45,42,MU260918C01570000,MU,2026-09-18,call,1570.0,2.16,48.0,2.45,34.0,2.305,2.8,1.0,0.8284,0.027,0.0003,-0.1844,0.1848,0.0245,2026-08-07,902.77,902.77,847.4,878.41,887387.0,871.3118
2026-08-07T20:31:36.908,45,42,MU260918C01580000,MU,2026-09-18,call,1580.0,2.02,100.0,2.36,37.0,2.19,6.53,3.0,,,,,,,2026-08-07,902.77,902.77,847.4,878.41,887387.0,871.3118
2026-08-07T20:31:36.908,45,42,MU260918C01590000,MU,2026-09-18,call,1590.0,1.91,96.0,2.25,53.0,2.08,4.35,1.0,,,,,,,2026-08-07,902.77,902.77,847.4,878.41,887387.0,871.3118
2026-08-07T20:31:36.908,45,42,MU260918C01600000,MU,2026-09-18,call,1600.0,1.83,100.0,2.21,45.0,2.02,2.0,1.0,,,,,,,2026-08-07,902.77,902.77,847.4,878.41,887387.0,871.3118
2026-08-07T20:31:36.908,45,42,MU260918C01610000,MU,2026-09-18,call,1610.0,1.87,11.0,2.12,30.0,1.995,3.12,1.0,0.8393,0.0235,0.0002,-0.1661,0.1644,0.0213,2026-08-07,902.77,902.77,847.4,878.41,887387.0,871.3118
2026-08-07T20:31:36.908,45,42,MU260918C01620000,MU,2026-09-18,call,1620.0,1.71,103.0,1.99,35.0,1.85,1.85,1.0,0.8372,0.022,0.0002,-0.1568,0.1556,0.02,2026-08-07,902.77,902.77,847.4,878.41,887387.0,871.3118
2026-08-07T20:31:36.908,45,42,MU260918C01630000,MU,2026-09-18,call,1630.0,1.59,37.0,1.9,45.0,1.745,3.1,1.0,,,,,,,2026-08-07,902.77,902.77,847.4,878.41,887387.0,871.3118
2026-08-07T20:31:36.908,45,42,MU260918C01640000,MU,2026-09-18,call,1640.0,1.56,39.0,1.79,30.0,1.675,2.98,1.0,,,,,,,2026-08-07,902.77,902.77,847.4,878.41,887387.0,871.3118
2026-08-07T20:31:36.908,45,42,MU260918C01650000,MU,2026-09-18,call,1650.0,1.49,93.0,1.76,36.0,1.625,1.74,1.0,,,,,,,2026-08-07,902.77,902.77,847.4,878.41,887387.0,871.3118
2026-08-07T20:31:36.908,45,42,MU260918C01660000,MU,2026-09-18,call,1660.0,1.41,33.0,1.66,29.0,1.535,1.55,1.0,,,,,,,2026-08-07,902.77,902.77,847.4,878.41,887387.0,871.3118
2026-08-07T20:31:36.908,45,42,MU260918C01670000,MU,2026-09-18,call,1670.0,1.35,24.0,1.65,22.0,1.5,4.55,2.0,,,,,,,2026-08-07,902.77,902.77,847.4,878.41,887387.0,871.3118
2026-08-07T20:31:36.908,45,42,MU260918C01680000,MU,2026-09-18,call,1680.0,1.29,38.0,1.54,9.0,1.415,4.62,1.0,,,,,,,2026-08-07,902.77,902.77,847.4,878.41,887387.0,871.3118
2026-08-07T20:31:36.908,45,42,MU260918C01690000,MU,2026-09-18,call,1690.0,1.24,26.0,1.5,17.0,1.37,2.55,1.0,,,,,,,2026-08-07,902.77,902.77,847.4,878.41,887387.0,871.3118
2026-08-07T20:31:36.908,45,42,MU260918C01700000,MU,2026-09-18,call,1700.0,1.19,74.0,1.47,36.0,1.33,1.4,1.0,,,,,,,2026-08-07,902.77,902.77,847.4,878.41,887387.0,871.3118
2026-08-07T20:31:36.908,45,42,MU260918C01710000,MU,2026-09-18,call,1710.0,1.09,30.0,1.38,22.0,1.2349999999999999,1.28,3.0,,,,,,,2026-08-07,902.77,902.77,847.4,878.41,887387.0,871.3118
2026-08-07T20:31:36.908,45,42,MU260918C01720000,MU,2026-09-18,call,1720.0,1.08,28.0,1.33,22.0,1.205,2.16,1.0,,,,,,,2026-08-07,902.77,902.77,847.4,878.41,887387.0,871.3118
2026-08-07T20:31:36.908,45,42,MU260918C01730000,MU,2026-09-18,call,1730.0,1.03,25.0,1.33,22.0,1.1800000000000002,7.71,5.0,,,,,,,2026-08-07,902.77,902.77,847.4,878.41,887387.0,871.3118
2026-08-07T20:31:36.908,45,42,MU260918C01740000,MU,2026-09-18,call,1740.0,0.96,43.0,1.28,34.0,1.12,4.49,1.0,,,,,,,2026-08-07,902.77,902.77,847.4,878.41,887387.0,871.3118
2026-08-07T20:31:36.908,45,42,MU260918C01750000,MU,2026-09-18,call,1750.0,0.94,112.0,1.18,55.0,1.06,1.18,20.0,,,,,,,2026-08-07,902.77,902.77,847.4,878.41,887387.0,871.3118
2026-08-07T20:31:36.908,45,42,MU260918C01760000,MU,2026-09-18,call,1760.0,0.9,34.0,1.15,34.0,1.025,3.95,1.0,,,,,,,2026-08-07,902.77,902.77,847.4,878.41,887387.0,871.3118
2026-08-07T20:31:36.908,45,42,MU260918C01770000,MU,2026-09-18,call,1770.0,0.82,92.0,1.12,108.0,0.97,1.0,2.0,,,,,,,2026-08-07,902.77,902.77,847.4,878.41,887387.0,871.3118
2026-08-07T20:31:36.908,45,42,MU260918C01780000,MU,2026-09-18,call,1780.0,0.78,21.0,1.08,28.0,0.93,1.62,1.0,,,,,,,2026-08-07,902.77,902.77,847.4,878.41,887387.0,871.3118
2026-08-07T20:31:36.908,45,42,MU260918C01790000,MU,2026-09-18,call,1790.0,0.83,36.0,1.04,117.0,0.935,0.93,1.0,,,,,,,2026-08-07,902.77,902.77,847.4,878.41,887387.0,871.3118
2026-08-07T20:31:36.908,45,42,MU260918C01800000,MU,2026-09-18,call,1800.0,0.72,45.0,1.04,75.0,0.88,1.15,8.0,,,,,,,2026-08-07,902.77,902.77,847.4,878.41,887387.0,871.3118
2026-08-07T20:31:36.908,45,42,MU260918C01810000,MU,2026-09-18,call,1810.0,0.68,14.0,1.01,11.0,0.845,2.09,1.0,,,,,,,2026-08-07,902.77,902.77,847.4,878.41,887387.0,871.3118
2026-08-07T20:31:36.908,45,42,MU260918C01820000,MU,2026-09-18,call,1820.0,0.66,19.0,0.94,43.0,0.8,1.86,2.0,,,,,,,2026-08-07,902.77,902.77,847.4,878.41,887387.0,871.3118
2026-08-07T20:31:36.908,45,42,MU260918C01830000,MU,2026-09-18,call,1830.0,0.63,58.0,0.95,78.0,0.79,0.89,1.0,,,,,,,2026-08-07,902.77,902.77,847.4,878.41,887387.0,871.3118
2026-08-07T20:31:36.908,45,42,MU260918C01840000,MU,2026-09-18,call,1840.0,0.63,5.0,0.88,9.0,0.755,1.72,1.0,,,,,,,2026-08-07,902.77,902.77,847.4,878.41,887387.0,871.3118
2026-08-07T20:31:36.908,45,42,MU260918C01850000,MU,2026-09-18,call,1850.0,0.58,71.0,0.85,55.0,0.715,1.3,20.0,,,,,,,2026-08-07,902.77,902.77,847.4,878.41,887387.0,871.3118
2026-08-07T20:31:36.908,45,42,MU260918C01860000,MU,2026-09-18,call,1860.0,0.54,21.0,0.82,36.0,0.6799999999999999,1.45,1.0,,,,,,,2026-08-07,902.77,902.77,847.4,878.41,887387.0,871.3118
2026-08-07T20:31:36.908,45,42,MU260918C01870000,MU,2026-09-18,call,1870.0,0.5,5.0,0.84,5.0,0.6699999999999999,1.38,1.0,,,,,,,2026-08-07,902.77,902.77,847.4,878.41,887387.0,871.3118
2026-08-07T20:31:36.908,45,42,MU260918C01880000,MU,2026-09-18,call,1880.0,0.48,2.0,0.77,16.0,0.625,1.65,1.0,,,,,,,2026-08-07,902.77,902.77,847.4,878.41,887387.0,871.3118
2026-08-07T20:31:36.908,45,42,MU260918C01890000,MU,2026-09-18,call,1890.0,0.46,73.0,0.79,10.0,0.625,0.7,4.0,,,,,,,2026-08-07,902.77,902.77,847.4,878.41,887387.0,871.3118
2026-08-07T20:31:36.908,45,42,MU260918C01900000,MU,2026-09-18,call,1900.0,0.44,41.0,0.76,31.0,0.6,0.67,1.0,,,,,,,2026-08-07,902.77,902.77,847.4,878.41,887387.0,871.3118
2026-08-07T20:31:36.908,45,42,MU260918C01910000,MU,2026-09-18,call,1910.0,0.44,11.0,0.7,28.0,0.57,1.22,1.0,,,,,,,2026-08-07,902.77,902.77,847.4,878.41,887387.0,871.3118
2026-08-07T20:31:36.908,45,42,MU260918C01920000,MU,2026-09-18,call,1920.0,0.38,30.0,0.72,30.0,0.55,0.67,68.0,,,,,,,2026-08-07,902.77,902.77,847.4,878.41,887387.0,871.3118
2026-08-07T20:31:36.908,45,42,MU260918C01930000,MU,2026-09-18,call,1930.0,0.4,13.0,0.7,22.0,0.55,0.85,1.0,,,,,,,2026-08-07,902.77,902.77,847.4,878.41,887387.0,871.3118
2026-08-07T20:31:36.908,45,42,MU260918C01940000,MU,2026-09-18,call,1940.0,0.39,3.0,0.68,13.0,0.535,1.09,1.0,,,,,,,2026-08-07,902.77,902.77,847.4,878.41,887387.0,871.3118
2026-08-07T20:31:36.908,45,42,MU260918C01950000,MU,2026-09-18,call,1950.0,0.37,18.0,0.62,38.0,0.495,0.61,1.0,,,,,,,2026-08-07,902.77,902.77,847.4,878.41,887387.0,871.3118
2026-08-07T20:31:36.908,45,42,MU260918C01960000,MU,2026-09-18,call,1960.0,0.36,11.0,0.64,40.0,0.5,1.02,1.0,,,,,,,2026-08-07,902.77,902.77,847.4,878.41,887387.0,871.3118
2026-08-07T20:31:36.908,45,42,MU260918C01970000,MU,2026-09-18,call,1970.0,0.3,15.0,0.62,12.0,0.45999999999999996,1.11,1.0,,,,,,,2026-08-07,902.77,902.77,847.4,878.41,887387.0,871.3118
2026-08-07T20:31:36.908,45,42,MU260918C01980000,MU,2026-09-18,call,1980.0,0.42,2.0,0.57,31.0,0.495,0.85,1.0,,,,,,,2026-08-07,902.77,902.77,847.4,878.41,887387.0,871.3118
2026-08-07T20:31:36.908,45,42,MU260918C01990000,MU,2026-09-18,call,1990.0,0.32,11.0,0.54,9.0,0.43000000000000005,0.96,1.0,,,,,,,2026-08-07,902.77,902.77,847.4,878.41,887387.0,871.3118
2026-08-07T20:31:36.908,45,42,MU260918C02000000,MU,2026-09-18,call,2000.0,0.26,52.0,0.47,2.0,0.365,0.42,1.0,,,,,,,2026-08-07,902.77,902.77,847.4,878.41,887387.0,871.3118
2026-08-07T20:31:36.908,45,42,MU260918C02010000,MU,2026-09-18,call,2010.0,0.27,5.0,0.55,10.0,0.41000000000000003,1.42,1.0,,,,,,,2026-08-07,902.77,902.77,847.4,878.41,887387.0,871.3118
2026-08-07T20:31:36.908,45,42,MU260918C02020000,MU,2026-09-18,call,2020.0,0.22,4.0,0.51,6.0,0.365,1.42,1.0,,,,,,,2026-08-07,902.77,902.77,847.4,878.41,887387.0,871.3118
2026-08-07T20:31:36.908,45,42,MU260918C02030000,MU,2026-09-18,call,2030.0,0.27,37.0,0.54,29.0,0.405,0.81,1.0,,,,,,,2026-08-07,902.77,902.77,847.4,878.41,887387.0,871.3118
2026-08-07T20:31:36.908,45,42,MU260918C02040000,MU,2026-09-18,call,2040.0,0.21,28.0,0.48,23.0,0.345,1.62,1.0,,,,,,,2026-08-07,902.77,902.77,847.4,878.41,887387.0,871.3118
2026-08-07T20:31:36.908,45,42,MU260918C02050000,MU,2026-09-18,call,2050.0,0.22,5.0,0.51,5.0,0.365,0.43,1.0,,,,,,,2026-08-07,902.77,902.77,847.4,878.41,887387.0,871.3118
2026-08-07T20:31:36.908,45,42,MU260918C02060000,MU,2026-09-18,call,2060.0,0.18,18.0,0.46,45.0,0.32,0.73,1.0,,,,,,,2026-08-07,902.77,902.77,847.4,878.41,887387.0,871.3118
2026-08-07T20:31:36.908,45,42,MU260918C02070000,MU,2026-09-18,call,2070.0,0.21,25.0,0.49,13.0,0.35,0.63,6.0,,,,,,,2026-08-07,902.77,902.77,847.4,878.41,887387.0,871.3118
2026-08-07T20:31:36.908,45,42,MU260918C02080000,MU,2026-09-18,call,2080.0,0.19,6.0,0.44,14.0,0.315,0.64,1.0,,,,,,,2026-08-07,902.77,902.77,847.4,878.41,887387.0,871.3118
2026-08-07T20:31:36.908,45,42,MU260918C02090000,MU,2026-09-18,call,2090.0,0.14,6.0,0.43,5.0,0.28500000000000003,1.15,1.0,,,,,,,2026-08-07,902.77,902.77,847.4,878.41,887387.0,871.3118
2026-08-07T20:31:36.908,45,42,MU260918C02100000,MU,2026-09-18,call,2100.0,0.17,30.0,0.42,11.0,0.295,1.15,1.0,,,,,,,2026-08-07,902.77,902.77,847.4,878.41,887387.0,871.3118
2026-08-07T20:31:36.908,45,42,MU260918C02110000,MU,2026-09-18,call,2110.0,0.16,6.0,0.45,6.0,0.305,0.53,1.0,,,,,,,2026-08-07,902.77,902.77,847.4,878.41,887387.0,871.3118
2026-08-07T20:31:36.908,45,42,MU260918C02120000,MU,2026-09-18,call,2120.0,0.15,41.0,0.4,2.0,0.275,0.39,1.0,,,,,,,2026-08-07,902.77,902.77,847.4,878.41,887387.0,871.3118
2026-08-07T20:31:36.908,45,42,MU260918C02130000,MU,2026-09-18,call,2130.0,0.14,19.0,0.4,21.0,0.27,2.73,2.0,,,,,,,2026-08-07,902.77,902.77,847.4,878.41,887387.0,871.3118
2026-08-07T20:31:36.908,45,42,MU260918C02140000,MU,2026-09-18,call,2140.0,0.1,17.0,0.43,35.0,0.265,0.58,1.0,,,,,,,2026-08-07,902.77,902.77,847.4,878.41,887387.0,871.3118
2026-08-07T20:31:36.908,45,42,MU260918C02150000,MU,2026-09-18,call,2150.0,0.09,12.0,0.42,9.0,0.255,0.63,1.0,,,,,,,2026-08-07,902.77,902.77,847.4,878.41,887387.0,871.3118
2026-08-07T20:31:36.908,45,42,MU260918C02160000,MU,2026-09-18,call,2160.0,0.08,8.0,0.37,5.0,0.225,0.87,1.0,,,,,,,2026-08-07,902.77,902.77,847.4,878.41,887387.0,871.3118
2026-08-07T20:31:36.908,45,42,MU260918C02170000,MU,2026-09-18,call,2170.0,0.08,7.0,0.37,16.0,0.225,0.74,1.0,,,,,,,2026-08-07,902.77,902.77,847.4,878.41,887387.0,871.3118
2026-08-07T20:31:36.908,45,42,MU260918C02180000,MU,2026-09-18,call,2180.0,0.11,22.0,0.36,14.0,0.235,0.46,3.0,,,,,,,2026-08-07,902.77,902.77,847.4,878.41,887387.0,871.3118
2026-08-07T20:31:36.908,45,42,MU260918C02190000,MU,2026-09-18,call,2190.0,0.06,1.0,0.39,6.0,0.225,0.97,1.0,,,,,,,2026-08-07,902.77,902.77,847.4,878.41,887387.0,871.3118
2026-08-07T20:31:36.908,45,42,MU260918C02200000,MU,2026-09-18,call,2200.0,0.06,70.0,0.28,1.0,0.17,0.28,9.0,,,,,,,2026-08-07,902.77,902.77,847.4,878.41,887387.0,871.3118
2026-08-07T20:31:36.908,45,42,MU260918C02210000,MU,2026-09-18,call,2210.0,0.02,4.0,1.06,9.0,0.54,0.83,1.0,,,,,,,2026-08-07,902.77,902.77,847.4,878.41,887387.0,871.3118
2026-08-07T20:31:36.908,45,42,MU260918C02220000,MU,2026-09-18,call,2220.0,0.06,29.0,0.71,29.0,0.385,0.55,1.0,,,,,,,2026-08-07,902.77,902.77,847.4,878.41,887387.0,871.3118
2026-08-07T20:31:36.908,45,42,MU260918C02230000,MU,2026-09-18,call,2230.0,0.05,5.0,1.13,5.0,0.59,0.55,1.0,,,,,,,2026-08-07,902.77,902.77,847.4,878.41,887387.0,871.3118
2026-08-07T20:31:36.908,45,42,MU260918C02240000,MU,2026-09-18,call,2240.0,0.04,4.0,1.37,11.0,0.7050000000000001,5.15,3.0,,,,,,,2026-08-07,902.77,902.77,847.4,878.41,887387.0,871.3118
2026-08-07T20:31:36.908,45,42,MU260918C02250000,MU,2026-09-18,call,2250.0,0.01,3.0,1.43,21.0,0.72,0.32,27.0,,,,,,,2026-08-07,902.77,902.77,847.4,878.41,887387.0,871.3118
2026-08-07T20:31:36.908,45,42,MU260918C02260000,MU,2026-09-18,call,2260.0,0.01,1.0,1.2,5.0,0.605,0.43,1.0,,,,,,,2026-08-07,902.77,902.77,847.4,878.41,887387.0,871.3118
2026-08-07T20:31:36.908,45,42,MU260918C02270000,MU,2026-09-18,call,2270.0,0.0,0.0,1.07,216.0,0.535,0.19,2.0,,,,,,,2026-08-07,902.77,902.77,847.4,878.41,887387.0,871.3118
2026-08-07T20:31:36.908,45,42,MU260918C02280000,MU,2026-09-18,call,2280.0,0.0,0.0,2.06,144.0,1.03,0.27,1.0,,,,,,,2026-08-07,902.77,902.77,847.4,878.41,887387.0,871.3118
2026-08-07T20:31:36.908,45,42,MU260918C02290000,MU,2026-09-18,call,2290.0,0.0,0.0,1.17,265.0,0.585,0.2,1.0,,,,,,,2026-08-07,902.77,902.77,847.4,878.41,887387.0,871.3118
2026-08-07T20:31:36.908,45,42,MU260918C02300000,MU,2026-09-18,call,2300.0,0.0,0.0,1.04,227.0,0.52,0.26,1.0,,,,,,,2026-08-07,902.77,902.77,847.4,878.41,887387.0,871.3118
2026-08-07T20:31:36.908,45,42,MU260918C02310000,MU,2026-09-18,call,2310.0,0.04,14.0,1.36,132.0,0.7000000000000001,0.17,1.0,,,,,,,2026-08-07,902.77,902.77,847.4,878.41,887387.0,871.3118
2026-08-07T20:31:36.908,45,42,MU260918C02320000,MU,2026-09-18,call,2320.0,0.0,0.0,2.38,145.0,1.19,5.88,1.0,,,,,,,2026-08-07,902.77,902.77,847.4,878.41,887387.0,871.3118
2026-08-07T20:31:36.908,45,42,MU260918C02330000,MU,2026-09-18,call,2330.0,0.0,0.0,1.34,169.0,0.67,0.32,1.0,,,,,,,2026-08-07,902.77,902.77,847.4,878.41,887387.0,871.3118
2026-08-07T20:31:36.908,45,42,MU260918C02340000,MU,2026-09-18,call,2340.0,0.0,0.0,2.33,223.0,1.165,0.15,4.0,,,,,,,2026-08-07,902.77,902.77,847.4,878.41,887387.0,871.3118
2026-08-07T20:31:36.908,45,42,MU260918C02350000,MU,2026-09-18,call,2350.0,0.0,0.0,2.88,200.0,1.44,0.16,1.0,,,,,,,2026-08-07,902.77,902.77,847.4,878.41,887387.0,871.3118
2026-08-07T20:31:36.908,45,42,MU260918C02360000,MU,2026-09-18,call,2360.0,0.0,0.0,1.39,183.0,0.695,0.16,1.0,,,,,,,2026-08-07,902.77,902.77,847.4,878.41,887387.0,871.3118
2026-08-07T20:31:36.908,45,42,MU260918C02370000,MU,2026-09-18,call,2370.0,0.0,0.0,2.74,266.0,1.37,0.16,1.0,,,,,,,2026-08-07,902.77,902.77,847.4,878.41,887387.0,871.3118
2026-08-07T20:31:36.908,45,42,MU260918C02380000,MU,2026-09-18,call,2380.0,0.0,0.0,0.92,118.0,0.46,0.15,1.0,,,,,,,2026-08-07,902.77,902.77,847.4,878.41,887387.0,871.3118
2026-08-07T20:31:36.908,45,42,MU260918C02390000,MU,2026-09-18,call,2390.0,0.0,0.0,2.99,239.0,1.495,0.16,1.0,,,,,,,2026-08-07,902.77,902.77,847.4,878.41,887387.0,871.3118
2026-08-07T20:31:36.908,45,42,MU260918C02400000,MU,2026-09-18,call,2400.0,0.1,5.0,0.23,23.0,0.165,0.14,1.0,,,,,,,2026-08-07,902.77,902.77,847.4,878.41,887387.0,871.3118
2026-08-07T20:31:36.908,45,42,MU260918C02410000,MU,2026-09-18,call,2410.0,0.0,0.0,1.68,120.0,0.84,0.14,1.0,,,,,,,2026-08-07,902.77,902.77,847.4,878.41,887387.0,871.3118
2026-08-07T20:31:36.908,45,42,MU260918C02420000,MU,2026-09-18,call,2420.0,0.03,20.0,1.4,205.0,0.715,0.14,1.0,,,,,,,2026-08-07,902.77,902.77,847.4,878.41,887387.0,871.3118
2026-08-07T20:31:36.908,45,42,MU260918C02440000,MU,2026-09-18,call,2440.0,0.04,6.0,2.33,157.0,1.185,0.19,1.0,,,,,,,2026-08-07,902.77,902.77,847.4,878.41,887387.0,871.3118
2026-08-07T20:31:36.908,45,42,MU260918C02460000,MU,2026-09-18,call,2460.0,0.0,0.0,2.48,176.0,1.24,0.13,1.0,,,,,,,2026-08-07,902.77,902.77,847.4,878.41,887387.0,871.3118
2026-08-07T20:31:36.908,45,42,MU260918C02480000,MU,2026-09-18,call,2480.0,0.0,0.0,0.86,55.0,0.43,0.51,4.0,,,,,,,2026-08-07,902.77,902.77,847.4,878.41,887387.0,871.3118
2026-08-07T20:31:36.908,45,42,MU260918C02500000,MU,2026-09-18,call,2500.0,0.11,1.0,0.16,10.0,0.135,0.12,1.0,,,,,,,2026-08-07,902.77,902.77,847.4,878.41,887387.0,871.3118
2026-08-07T20:31:36.908,45,42,MU260918P00005000,MU,2026-09-18,put,5.0,0.0,0.0,2.89,2.0,1.445,0.01,1.0,,,,,,,2026-08-07,902.77,902.77,847.4,878.41,887387.0,871.3118
2026-08-07T20:31:36.908,45,42,MU260918P00010000,MU,2026-09-18,put,10.0,0.0,0.0,1.31,1.0,0.655,0.09,1.0,,,,,,,2026-08-07,902.77,902.77,847.4,878.41,887387.0,871.3118
2026-08-07T20:31:36.908,45,42,MU260918P00015000,MU,2026-09-18,put,15.0,0.0,0.0,10.05,1.0,5.025,0.1,1.0,,,,,,,2026-08-07,902.77,902.77,847.4,878.41,887387.0,871.3118
2026-08-07T20:31:36.908,45,42,MU260918P00020000,MU,2026-09-18,put,20.0,0.0,0.0,0.01,9500.0,0.005,0.08,1.0,,,,,,,2026-08-07,902.77,902.77,847.4,878.41,887387.0,871.3118
2026-08-07T20:31:36.908,45,42,MU260918P00025000,MU,2026-09-18,put,25.0,0.0,0.0,0.01,9500.0,0.005,0.01,1.0,,,,,,,2026-08-07,902.77,902.77,847.4,878.41,887387.0,871.3118
2026-08-07T20:31:36.908,45,42,MU260918P00030000,MU,2026-09-18,put,30.0,0.0,0.0,9.98,1.0,4.99,0.29,1.0,,,,,,,2026-08-07,902.77,902.77,847.4,878.41,887387.0,871.3118
2026-08-07T20:31:36.908,45,42,MU260918P00035000,MU,2026-09-18,put,35.0,0.0,0.0,0.52,2.0,0.26,0.01,1.0,,,,,,,2026-08-07,902.77,902.77,847.4,878.41,887387.0,871.3118
2026-08-07T20:31:36.908,45,42,MU260918P00040000,MU,2026-09-18,put,40.0,0.0,0.0,0.28,47.0,0.14,0.01,1.0,,,,,,,2026-08-07,902.77,902.77,847.4,878.41,887387.0,871.3118
2026-08-07T20:31:36.908,45,42,MU260918P00045000,MU,2026-09-18,put,45.0,0.0,0.0,0.04,23.0,0.02,0.02,5.0,,,,,,,2026-08-07,902.77,902.77,847.4,878.41,887387.0,871.3118
2026-08-07T20:31:36.908,45,42,MU260918P00050000,MU,2026-09-18,put,50.0,0.0,0.0,0.03,1.0,0.015,0.01,1.0,,,,,,,2026-08-07,902.77,902.77,847.4,878.41,887387.0,871.3118
2026-08-07T20:31:36.908,45,42,MU260918P00055000,MU,2026-09-18,put,55.0,0.0,0.0,0.23,9.0,0.115,0.05,40.0,,,,,,,2026-08-07,902.77,902.77,847.4,878.41,887387.0,871.3118
2026-08-07T20:31:36.908,45,42,MU260918P00060000,MU,2026-09-18,put,60.0,0.0,0.0,0.22,5.0,0.11,0.06,4.0,,,,,,,2026-08-07,902.77,902.77,847.4,878.41,887387.0,871.3118
2026-08-07T20:31:36.908,45,42,MU260918P00065000,MU,2026-09-18,put,65.0,0.0,0.0,0.03,2.0,0.015,0.03,3.0,,,,,,,2026-08-07,902.77,902.77,847.4,878.41,887387.0,871.3118
2026-08-07T20:31:36.908,45,42,MU260918P00070000,MU,2026-09-18,put,70.0,0.0,0.0,0.28,14.0,0.14,0.09,2.0,,,,,,,2026-08-07,902.77,902.77,847.4,878.41,887387.0,871.3118
2026-08-07T20:31:36.908,45,42,MU260918P00075000,MU,2026-09-18,put,75.0,0.01,1.0,0.1,2.0,0.055,0.06,1.0,,,,,,,2026-08-07,902.77,902.77,847.4,878.41,887387.0,871.3118
2026-08-07T20:31:36.908,45,42,MU260918P00080000,MU,2026-09-18,put,80.0,0.0,0.0,0.11,2.0,0.055,0.15,1.0,,,,,,,2026-08-07,902.77,902.77,847.4,878.41,887387.0,871.3118
2026-08-07T20:31:36.908,45,42,MU260918P00085000,MU,2026-09-18,put,85.0,0.03,1.0,0.17,3.0,0.1,0.03,3.0,,,,,,,2026-08-07,902.77,902.77,847.4,878.41,887387.0,871.3118
2026-08-07T20:31:36.908,45,42,MU260918P00090000,MU,2026-09-18,put,90.0,0.0,0.0,0.09,9.0,0.045,0.13,1.0,,,,,,,2026-08-07,902.77,902.77,847.4,878.41,887387.0,871.3118
2026-08-07T20:31:36.908,45,42,MU260918P00095000,MU,2026-09-18,put,95.0,0.0,0.0,0.03,1.0,0.015,0.14,1.0,,,,,,,2026-08-07,902.77,902.77,847.4,878.41,887387.0,871.3118
2026-08-07T20:31:36.908,45,42,MU260918P00100000,MU,2026-09-18,put,100.0,0.0,0.0,0.16,11.0,0.08,0.05,3.0,,,,,,,2026-08-07,902.77,902.77,847.4,878.41,887387.0,871.3118
2026-08-07T20:31:36.908,45,42,MU260918P00105000,MU,2026-09-18,put,105.0,0.0,0.0,0.28,9.0,0.14,0.1,1.0,,,,,,,2026-08-07,902.77,902.77,847.4,878.41,887387.0,871.3118
2026-08-07T20:31:36.908,45,42,MU260918P00110000,MU,2026-09-18,put,110.0,0.0,0.0,0.43,12.0,0.215,0.24,1.0,,,,,,,2026-08-07,902.77,902.77,847.4,878.41,887387.0,871.3118
2026-08-07T20:31:36.908,45,42,MU260918P00115000,MU,2026-09-18,put,115.0,0.0,0.0,0.47,12.0,0.235,0.14,12.0,,,,,,,2026-08-07,902.77,902.77,847.4,878.41,887387.0,871.3118
2026-08-07T20:31:36.908,45,42,MU260918P00120000,MU,2026-09-18,put,120.0,0.0,0.0,0.2,3.0,0.1,0.09,1.0,,,,,,,2026-08-07,902.77,902.77,847.4,878.41,887387.0,871.3118
2026-08-07T20:31:36.908,45,42,MU260918P00125000,MU,2026-09-18,put,125.0,0.0,0.0,0.18,5.0,0.09,0.26,1.0,,,,,,,2026-08-07,902.77,902.77,847.4,878.41,887387.0,871.3118
2026-08-07T20:31:36.908,45,42,MU260918P00130000,MU,2026-09-18,put,130.0,0.0,0.0,0.26,5.0,0.13,0.07,9.0,,,,,,,2026-08-07,902.77,902.77,847.4,878.41,887387.0,871.3118
2026-08-07T20:31:36.908,45,42,MU260918P00135000,MU,2026-09-18,put,135.0,0.01,20.0,0.18,18.0,0.095,0.05,1.0,,,,,,,2026-08-07,902.77,902.77,847.4,878.41,887387.0,871.3118
2026-08-07T20:31:36.908,45,42,MU260918P00140000,MU,2026-09-18,put,140.0,0.03,5.0,0.21,62.0,0.12,0.05,1.0,,,,,,,2026-08-07,902.77,902.77,847.4,878.41,887387.0,871.3118
2026-08-07T20:31:36.908,45,42,MU260918P00145000,MU,2026-09-18,put,145.0,0.0,0.0,0.63,48.0,0.315,0.35,2.0,,,,,,,2026-08-07,902.77,902.77,847.4,878.41,887387.0,871.3118
2026-08-07T20:31:36.908,45,42,MU260918P00150000,MU,2026-09-18,put,150.0,0.0,0.0,0.18,20.0,0.09,0.15,1.0,,,,,,,2026-08-07,902.77,902.77,847.4,878.41,887387.0,871.3118
2026-08-07T20:31:36.908,45,42,MU260918P00155000,MU,2026-09-18,put,155.0,0.0,0.0,2.72,199.0,1.36,0.29,2.0,,,,,,,2026-08-07,902.77,902.77,847.4,878.41,887387.0,871.3118
2026-08-07T20:31:36.908,45,42,MU260918P00160000,MU,2026-09-18,put,160.0,0.0,0.0,1.28,262.0,0.64,0.09,1.0,,,,,,,2026-08-07,902.77,902.77,847.4,878.41,887387.0,871.3118
2026-08-07T20:31:36.908,45,42,MU260918P00165000,MU,2026-09-18,put,165.0,0.0,0.0,0.91,223.0,0.455,0.29,1.0,,,,,,,2026-08-07,902.77,902.77,847.4,878.41,887387.0,871.3118
2026-08-07T20:31:36.908,45,42,MU260918P00170000,MU,2026-09-18,put,170.0,0.0,0.0,1.81,63.0,0.905,0.22,1.0,,,,,,,2026-08-07,902.77,902.77,847.4,878.41,887387.0,871.3118
2026-08-07T20:31:36.908,45,42,MU260918P00175000,MU,2026-09-18,put,175.0,0.0,0.0,0.98,89.0,0.49,0.47,1.0,,,,,,,2026-08-07,902.77,902.77,847.4,878.41,887387.0,871.3118
2026-08-07T20:31:36.908,45,42,MU260918P00180000,MU,2026-09-18,put,180.0,0.0,0.0,0.51,130.0,0.255,0.01,1.0,,,,,,,2026-08-07,902.77,902.77,847.4,878.41,887387.0,871.3118
2026-08-07T20:31:36.908,45,42,MU260918P00185000,MU,2026-09-18,put,185.0,0.03,1.0,0.8,243.0,0.41500000000000004,0.08,1.0,,,,,,,2026-08-07,902.77,902.77,847.4,878.41,887387.0,871.3118
2026-08-07T20:31:36.908,45,42,MU260918P00190000,MU,2026-09-18,put,190.0,0.0,0.0,0.96,394.0,0.48,0.09,2.0,,,,,,,2026-08-07,902.77,902.77,847.4,878.41,887387.0,871.3118
2026-08-07T20:31:36.908,45,42,MU260918P00195000,MU,2026-09-18,put,195.0,0.0,0.0,1.06,436.0,0.53,0.11,3.0,,,,,,,2026-08-07,902.77,902.77,847.4,878.41,887387.0,871.3118
2026-08-07T20:31:36.908,45,42,MU260918P00200000,MU,2026-09-18,put,200.0,0.0,0.0,0.58,149.0,0.29,0.11,3.0,,,,,,,2026-08-07,902.77,902.77,847.4,878.41,887387.0,871.3118
2026-08-07T20:31:36.908,45,42,MU260918P00210000,MU,2026-09-18,put,210.0,0.0,0.0,1.35,61.0,0.675,0.18,1.0,,,,,,,2026-08-07,902.77,902.77,847.4,878.41,887387.0,871.3118
2026-08-07T20:31:36.908,45,42,MU260918P00220000,MU,2026-09-18,put,220.0,0.07,2.0,0.84,177.0,0.45499999999999996,0.11,1.0,,,,,,,2026-08-07,902.77,902.77,847.4,878.41,887387.0,871.3118
2026-08-07T20:31:36.908,45,42,MU260918P00230000,MU,2026-09-18,put,230.0,0.0,0.0,0.69,164.0,0.345,0.12,4.0,,,,,,,2026-08-07,902.77,902.77,847.4,878.41,887387.0,871.3118
2026-08-07T20:31:36.908,45,42,MU260918P00240000,MU,2026-09-18,put,240.0,0.0,0.0,0.86,183.0,0.43,0.2,1.0,,,,,,,2026-08-07,902.77,902.77,847.4,878.41,887387.0,871.3118
2026-08-07T20:31:36.908,45,42,MU260918P00250000,MU,2026-09-18,put,250.0,0.0,0.0,0.74,262.0,0.37,0.18,1.0,,,,,,,2026-08-07,902.77,902.77,847.4,878.41,887387.0,871.3118
2026-08-07T20:31:36.908,45,42,MU260918P00260000,MU,2026-09-18,put,260.0,0.03,21.0,0.92,175.0,0.47500000000000003,0.17,2.0,,,,,,,2026-08-07,902.77,902.77,847.4,878.41,887387.0,871.3118
2026-08-07T20:31:36.908,45,42,MU260918P00270000,MU,2026-09-18,put,270.0,0.06,12.0,0.85,52.0,0.45499999999999996,0.32,1.0,,,,,,,2026-08-07,902.77,902.77,847.4,878.41,887387.0,871.3118
2026-08-07T20:31:36.908,45,42,MU260918P00280000,MU,2026-09-18,put,280.0,0.08,1.0,0.64,34.0,0.36,0.18,1.0,,,,,,,2026-08-07,902.77,902.77,847.4,878.41,887387.0,871.3118
2026-08-07T20:31:36.908,45,42,MU260918P00290000,MU,2026-09-18,put,290.0,0.11,12.0,0.42,12.0,0.265,0.43,2.0,,,,,,,2026-08-07,902.77,902.77,847.4,878.41,887387.0,871.3118
2026-08-07T20:31:36.908,45,42,MU260918P00300000,MU,2026-09-18,put,300.0,0.3,1.0,0.34,1.0,0.32,0.3,1.0,,,,,,,2026-08-07,902.77,902.77,847.4,878.41,887387.0,871.3118
2026-08-07T20:31:36.908,45,42,MU260918P00310000,MU,2026-09-18,put,310.0,0.16,42.0,0.55,44.0,0.35500000000000004,0.44,2.0,,,,,,,2026-08-07,902.77,902.77,847.4,878.41,887387.0,871.3118
2026-08-07T20:31:36.908,45,42,MU260918P00320000,MU,2026-09-18,put,320.0,0.16,23.0,0.58,54.0,0.37,0.33,2.0,,,,,,,2026-08-07,902.77,902.77,847.4,878.41,887387.0,871.3118
2026-08-07T20:31:36.908,45,42,MU260918P00330000,MU,2026-09-18,put,330.0,0.31,8.0,0.53,90.0,0.42000000000000004,0.73,1.0,,,,,,,2026-08-07,902.77,902.77,847.4,878.41,887387.0,871.3118
2026-08-07T20:31:36.908,45,42,MU260918P00340000,MU,2026-09-18,put,340.0,0.28,16.0,0.48,23.0,0.38,0.31,1.0,,,,,,,2026-08-07,902.77,902.77,847.4,878.41,887387.0,871.3118
2026-08-07T20:31:36.908,45,42,MU260918P00350000,MU,2026-09-18,put,350.0,0.47,1.0,0.52,15.0,0.495,0.47,1.0,,,,,,,2026-08-07,902.77,902.77,847.4,878.41,887387.0,871.3118
2026-08-07T20:31:36.908,45,42,MU260918P00360000,MU,2026-09-18,put,360.0,0.38,89.0,0.7,133.0,0.54,0.55,1.0,,,,,,,2026-08-07,902.77,902.77,847.4,878.41,887387.0,871.3118
2026-08-07T20:31:36.908,45,42,MU260918P00370000,MU,2026-09-18,put,370.0,0.48,1.0,0.64,14.0,0.56,0.91,11.0,,,,,,,2026-08-07,902.77,902.77,847.4,878.41,887387.0,871.3118
2026-08-07T20:31:36.908,45,42,MU260918P00380000,MU,2026-09-18,put,380.0,0.47,60.0,0.75,14.0,0.61,0.64,5.0,,,,,,,2026-08-07,902.77,902.77,847.4,878.41,887387.0,871.3118
2026-08-07T20:31:36.908,45,42,MU260918P00390000,MU,2026-09-18,put,390.0,0.49,1.0,0.78,90.0,0.635,0.69,2.0,,,,,,,2026-08-07,902.77,902.77,847.4,878.41,887387.0,871.3118
2026-08-07T20:31:36.908,45,42,MU260918P00400000,MU,2026-09-18,put,400.0,0.68,1.0,0.73,1.0,0.7050000000000001,0.73,1.0,,,,,,,2026-08-07,902.77,902.77,847.4,878.41,887387.0,871.3118
2026-08-07T20:31:36.908,45,42,MU260918P00410000,MU,2026-09-18,put,410.0,0.72,22.0,0.95,76.0,0.835,0.8,1.0,,,,,,,2026-08-07,902.77,902.77,847.4,878.41,887387.0,871.3118
2026-08-07T20:31:36.908,45,42,MU260918P00420000,MU,2026-09-18,put,420.0,0.69,28.0,0.97,78.0,0.83,0.92,1.0,,,,,,,2026-08-07,902.77,902.77,847.4,878.41,887387.0,871.3118
2026-08-07T20:31:36.908,45,42,MU260918P00430000,MU,2026-09-18,put,430.0,0.78,35.0,0.99,1.0,0.885,0.93,1.0,,,,,,,2026-08-07,902.77,902.77,847.4,878.41,887387.0,871.3118
2026-08-07T20:31:36.908,45,42,MU260918P00440000,MU,2026-09-18,put,440.0,1.02,1.0,1.19,87.0,1.105,1.02,2.0,,,,,,,2026-08-07,902.77,902.77,847.4,878.41,887387.0,871.3118
2026-08-07T20:31:36.908,45,42,MU260918P00450000,MU,2026-09-18,put,450.0,1.13,26.0,1.27,101.0,1.2,1.2,9.0,,,,,,,2026-08-07,902.77,902.77,847.4,878.41,887387.0,871.3118
2026-08-07T20:31:36.908,45,42,MU260918P00460000,MU,2026-09-18,put,460.0,1.16,20.0,1.47,23.0,1.315,1.32,1.0,,,,,,,2026-08-07,902.77,902.77,847.4,878.41,887387.0,871.3118
2026-08-07T20:31:36.908,45,42,MU260918P00470000,MU,2026-09-18,put,470.0,1.3,50.0,1.56,52.0,1.4300000000000002,1.8,2.0,,,,,,,2026-08-07,902.77,902.77,847.4,878.41,887387.0,871.3118
2026-08-07T20:31:36.908,45,42,MU260918P00480000,MU,2026-09-18,put,480.0,1.53,26.0,1.78,76.0,1.655,1.68,2.0,,,,,,,2026-08-07,902.77,902.77,847.4,878.41,887387.0,871.3118
2026-08-07T20:31:36.908,45,42,MU260918P00490000,MU,2026-09-18,put,490.0,1.6,55.0,1.95,92.0,1.775,1.82,1.0,0.8739,-0.0172,0.0002,-0.1295,0.1261,-0.0193,2026-08-07,902.77,902.77,847.4,878.41,887387.0,871.3118
2026-08-07T20:31:36.908,45,42,MU260918P00500000,MU,2026-09-18,put,500.0,1.85,22.0,2.1,28.0,1.975,1.99,1.0,,,,,,,2026-08-07,902.77,902.77,847.4,878.41,887387.0,871.3118
2026-08-07T20:31:36.908,45,42,MU260918P00510000,MU,2026-09-18,put,510.0,2.04,44.0,2.31,42.0,2.175,2.23,1.0,0.8488,-0.0211,0.0002,-0.1499,0.1504,-0.0238,2026-08-07,902.77,902.77,847.4,878.41,887387.0,871.3118
2026-08-07T20:31:36.908,45,42,MU260918P00520000,MU,2026-09-18,put,520.0,2.3,23.0,2.6,23.0,2.45,2.63,1.0,0.8393,-0.0237,0.0002,-0.1633,0.1658,-0.0267,2026-08-07,902.77,902.77,847.4,878.41,887387.0,871.3118
2026-08-07T20:31:36.908,45,42,MU260918P00530000,MU,2026-09-18,put,530.0,2.59,26.0,2.88,53.0,2.735,2.8,1.0,0.8289,-0.0264,0.0002,-0.1765,0.1815,-0.0297,2026-08-07,902.77,902.77,847.4,878.41,887387.0,871.3118
2026-08-07T20:31:36.908,45,42,MU260918P00540000,MU,2026-09-18,put,540.0,3.03,12.0,3.29,23.0,3.16,3.18,1.0,0.8241,-0.0301,0.0003,-0.1957,0.2025,-0.0339,2026-08-07,902.77,902.77,847.4,878.41,887387.0,871.3118
2026-08-07T20:31:36.908,45,42,MU260918P00550000,MU,2026-09-18,put,550.0,3.33,21.0,3.57,109.0,3.45,3.57,1.0,0.811,-0.033,0.0003,-0.2076,0.2184,-0.0372,2026-08-07,902.77,902.77,847.4,878.41,887387.0,871.3118
2026-08-07T20:31:36.908,45,42,MU260918P00560000,MU,2026-09-18,put,560.0,3.73,41.0,4.19,91.0,3.96,4.03,1.0,0.8061,-0.0374,0.0003,-0.2285,0.2419,-0.0422,2026-08-07,902.77,902.77,847.4,878.41,887387.0,871.3118
2026-08-07T20:31:36.908,45,42,MU260918P00570000,MU,2026-09-18,put,570.0,4.3,35.0,4.62,96.0,4.46,4.52,10.0,0.7988,-0.0418,0.0004,-0.2477,0.2648,-0.0472,2026-08-07,902.77,902.77,847.4,878.41,887387.0,871.3118
2026-08-07T20:31:36.908,45,42,MU260918P00580000,MU,2026-09-18,put,580.0,4.75,90.0,4.98,27.0,4.865,4.98,10.0,0.7864,-0.0457,0.0004,-0.2619,0.2846,-0.0516,2026-08-07,902.77,902.77,847.4,878.41,887387.0,871.3118
2026-08-07T20:31:36.908,45,42,MU260918P00590000,MU,2026-09-18,put,590.0,5.32,94.0,5.57,31.0,5.445,5.57,2.0,0.7787,-0.0508,0.0005,-0.282,0.3096,-0.0573,2026-08-07,902.77,902.77,847.4,878.41,887387.0,871.3118
2026-08-07T20:31:36.908,45,42,MU260918P00600000,MU,2026-09-18,put,600.0,6.12,31.0,6.43,129.0,6.275,6.3,1.0,0.7768,-0.0574,0.0005,-0.3099,0.3412,-0.065,2026-08-07,902.77,902.77,847.4,878.41,887387.0,871.3118
2026-08-07T20:31:36.908,45,42,MU260918P00610000,MU,2026-09-18,put,610.0,6.78,32.0,7.29,132.0,7.035,7.17,10.0,0.7705,-0.0637,0.0005,-0.3332,0.3701,-0.0722,2026-08-07,902.77,902.77,847.4,878.41,887387.0,871.3118
2026-08-07T20:31:36.908,45,42,MU260918P00620000,MU,2026-09-18,put,620.0,7.62,36.0,7.88,39.0,7.75,7.88,1.0,0.7613,-0.0698,0.0006,-0.3534,0.3976,-0.0792,2026-08-07,902.77,902.77,847.4,878.41,887387.0,871.3118
2026-08-07T20:31:36.908,45,42,MU260918P00630000,MU,2026-09-18,put,630.0,8.36,92.0,8.92,18.0,8.64,8.79,1.0,0.7548,-0.0771,0.0006,-0.3776,0.4287,-0.0875,2026-08-07,902.77,902.77,847.4,878.41,887387.0,871.3118
2026-08-07T20:31:36.908,45,42,MU260918P00640000,MU,2026-09-18,put,640.0,9.38,129.0,10.06,40.0,9.72,10.06,1.0,0.7507,-0.0854,0.0007,-0.4056,0.4633,-0.0971,2026-08-07,902.77,902.77,847.4,878.41,887387.0,871.3118
2026-08-07T20:31:36.908,45,42,MU260918P00650000,MU,2026-09-18,put,650.0,10.97,8.0,11.48,64.0,11.225000000000001,11.1,1.0,0.7531,-0.0959,0.0008,-0.4431,0.5048,-0.1094,2026-08-07,902.77,902.77,847.4,878.41,887387.0,871.3118
2026-08-07T20:31:36.908,45,42,MU260918P00660000,MU,2026-09-18,put,660.0,11.74,36.0,12.73,12.0,12.235,12.45,1.0,0.7434,-0.1041,0.0008,-0.4641,0.5361,-0.1188,2026-08-07,902.77,902.77,847.4,878.41,887387.0,871.3118
2026-08-07T20:31:36.908,45,42,MU260918P00670000,MU,2026-09-18,put,670.0,13.82,30.0,14.13,63.0,13.975000000000001,14.0,1.0,0.7452,-0.1157,0.0009,-0.5016,0.5784,-0.1325,2026-08-07,902.77,902.77,847.4,878.41,887387.0,871.3118
2026-08-07T20:31:36.908,45,42,MU260918P00680000,MU,2026-09-18,put,680.0,14.79,22.0,15.56,141.0,15.175,15.5,1.0,0.7355,-0.1251,0.0009,-0.5226,0.6111,-0.1434,2026-08-07,902.77,902.77,847.4,878.41,887387.0,871.3118
2026-08-07T20:31:36.908,45,42,MU260918P00690000,MU,2026-09-18,put,690.0,16.309,33.0,17.31,1.0,16.8095,17.31,1.0,0.7312,-0.1365,0.001,-0.5514,0.649,-0.1567,2026-08-07,902.77,902.77,847.4,878.41,887387.0,871.3118
2026-08-07T20:31:36.908,45,42,MU260918P00700000,MU,2026-09-18,put,700.0,18.55,109.0,19.21,1.0,18.880000000000003,18.55,1.0,0.7314,-0.1497,0.0011,-0.5864,0.6906,-0.1723,2026-08-07,902.77,902.77,847.4,878.41,887387.0,871.3118
2026-08-07T20:31:36.908,45,42,MU260918P00710000,MU,2026-09-18,put,710.0,20.69,29.0,20.77,130.0,20.73,21.56,5.0,0.7263,-0.1621,0.0011,-0.6132,0.7279,-0.187,2026-08-07,902.77,902.77,847.4,878.41,887387.0,871.3118
2026-08-07T20:31:36.908,45,42,MU260918P00720000,MU,2026-09-18,put,720.0,22.74,32.0,22.83,132.0,22.784999999999997,22.74,1.0,0.7221,-0.1754,0.0012,-0.6407,0.7658,-0.2027,2026-08-07,902.77,902.77,847.4,878.41,887387.0,871.3118
2026-08-07T20:31:36.908,45,42,MU260918P00730000,MU,2026-09-18,put,730.0,25.32,6.0,25.63,77.0,25.475,25.63,1.0,0.724,-0.1908,0.0013,-0.6764,0.807,-0.2213,2026-08-07,902.77,902.77,847.4,878.41,887387.0,871.3118
2026-08-07T20:31:36.908,45,42,MU260918P00740000,MU,2026-09-18,put,740.0,27.12,80.0,28.69,2.0,27.905,28.43,3.0,0.7205,-0.2054,0.0013,-0.7031,0.8438,-0.2388,2026-08-07,902.77,902.77,847.4,878.41,887387.0,871.3118
2026-08-07T20:31:36.908,45,42,MU260918P00750000,MU,2026-09-18,put,750.0,29.57,22.0,30.19,3.0,29.880000000000003,30.19,1.0,0.71,-0.2191,0.0014,-0.7185,0.8762,-0.2548,2026-08-07,902.77,902.77,847.4,878.41,887387.0,871.3118
2026-08-07T20:31:36.908,45,42,MU260918P00760000,MU,2026-09-18,put,760.0,33.06,38.0,34.75,106.0,33.905,34.68,1.0,0.7207,-0.2379,0.0014,-0.7632,0.9176,-0.2784,2026-08-07,902.77,902.77,847.4,878.41,887387.0,871.3118
2026-08-07T20:31:36.908,45,42,MU260918P00770000,MU,2026-09-18,put,770.0,35.76,11.0,36.76,114.0,36.26,36.76,2.0,0.711,-0.2529,0.0015,-0.777,0.9484,-0.2962,2026-08-07,902.77,902.77,847.4,878.41,887387.0,871.3118
2026-08-07T20:31:36.908,45,42,MU260918P00780000,MU,2026-09-18,put,780.0,38.81,23.0,40.73,14.0,39.769999999999996,40.73,1.0,0.7117,-0.2704,0.0016,-0.804,0.9815,-0.3179,2026-08-07,902.77,902.77,847.4,878.41,887387.0,871.3118
2026-08-07T20:31:36.908,45,42,MU260918P00790000,MU,2026-09-18,put,790.0,42.14,1.0,43.11,103.0,42.625,43.11,1.0,0.7039,-0.2869,0.0016,-0.8174,1.0103,-0.3378,2026-08-07,902.77,902.77,847.4,878.41,887387.0,871.3118
2026-08-07T20:31:36.908,45,42,MU260918P00800000,MU,2026-09-18,put,800.0,45.78,107.0,47.7,36.0,46.74,47.69,1.0,0.7068,-0.3055,0.0017,-0.8436,1.0398,-0.3612,2026-08-07,902.77,902.77,847.4,878.41,887387.0,871.3118
2026-08-07T20:31:36.908,45,42,MU260918P00810000,MU,2026-09-18,put,810.0,50.91,10.0,52.12,117.0,51.515,52.12,1.0,0.7138,-0.3247,0.0017,-0.8734,1.0672,-0.386,2026-08-07,902.77,902.77,847.4,878.41,887387.0,871.3118
2026-08-07T20:31:36.908,45,42,MU260918P00820000,MU,2026-09-18,put,820.0,55.08,19.0,56.7,119.0,55.89,56.7,1.0,0.7151,-0.3432,0.0017,-0.893,1.0908,-0.4097,2026-08-07,902.77,902.77,847.4,878.41,887387.0,871.3118
2026-08-07T20:31:36.908,45,42,MU260918P00830000,MU,2026-09-18,put,830.0,58.56,11.0,60.23,112.0,59.394999999999996,59.0,1.0,0.7067,-0.3613,0.0018,-0.8973,1.1111,-0.4319,2026-08-07,902.77,902.77,847.4,878.41,887387.0,871.3118
2026-08-07T20:31:36.908,45,42,MU260918P00840000,MU,2026-09-18,put,840.0,63.57,16.0,66.97,148.0,65.27,65.65,1.0,0.7178,-0.3805,0.0018,-0.9258,1.1299,-0.458,2026-08-07,902.77,902.77,847.4,878.41,887387.0,871.3118
2026-08-07T20:31:36.908,45,42,MU260918P00850000,MU,2026-09-18,put,850.0,69.37,26.0,70.77,169.0,70.07,69.37,1.0,0.7174,-0.3992,0.0018,-0.9365,1.1454,-0.4823,2026-08-07,902.77,902.77,847.4,878.41,887387.0,871.3118
2026-08-07T20:31:36.908,45,42,MU260918P00860000,MU,2026-09-18,put,860.0,72.75,35.0,76.22,19.0,74.485,73.71,1.0,0.7122,-0.4179,0.0018,-0.9381,1.1583,-0.5063,2026-08-07,902.77,902.77,847.4,878.41,887387.0,871.3118
2026-08-07T20:31:36.908,45,42,MU260918P00870000,MU,2026-09-18,put,870.0,77.33,4.0,79.9,108.0,78.61500000000001,79.9,1.0,0.7029,-0.4371,0.0019,-0.932,1.1687,-0.5303,2026-08-07,902.77,902.77,847.4,878.41,887387.0,871.3118
2026-08-07T20:31:36.908,45,42,MU260918P00880000,MU,2026-09-18,put,880.0,82.39,8.0,85.12,4.0,83.755,85.12,1.0,0.7008,-0.4562,0.0019,-0.9331,1.1763,-0.5555,2026-08-07,902.77,902.77,847.4,878.41,887387.0,871.3118
2026-08-07T20:31:36.908,45,42,MU260918P00890000,MU,2026-09-18,put,890.0,89.56,20.0,91.83,97.0,90.695,91.83,1.0,0.7123,-0.474,0.0019,-0.9509,1.1809,-0.5813,2026-08-07,902.77,902.77,847.4,878.41,887387.0,871.3118
2026-08-07T20:31:36.908,45,42,MU260918P00900000,MU,2026-09-18,put,900.0,96.91,1.0,97.76,89.0,97.33500000000001,100.17,1.0,0.7197,-0.4915,0.0019,-0.961,1.1831,-0.6066,2026-08-07,902.77,902.77,847.4,878.41,887387.0,871.3118
2026-08-07T20:31:36.908,45,42,MU260918P00910000,MU,2026-09-18,put,910.0,99.5,2.0,104.69,7.0,102.095,103.65,2.0,0.7097,-0.5111,0.0019,-0.9446,1.1829,-0.6317,2026-08-07,902.77,902.77,847.4,878.41,887387.0,871.3118
2026-08-07T20:31:36.908,45,42,MU260918P00920000,MU,2026-09-18,put,920.0,107.99,42.0,110.92,16.0,109.455,110.0,1.0,0.7202,-0.5273,0.0019,-0.9553,1.1806,-0.6565,2026-08-07,902.77,902.77,847.4,878.41,887387.0,871.3118
2026-08-07T20:31:36.908,45,42,MU260918P00930000,MU,2026-09-18,put,930.0,111.35,17.0,114.42,32.0,112.88499999999999,116.35,1.0,0.6959,-0.5498,0.0019,-0.9135,1.1742,-0.6831,2026-08-07,902.77,902.77,847.4,878.41,887387.0,871.3118
2026-08-07T20:31:36.908,45,42,MU260918P00940000,MU,2026-09-18,put,940.0,116.98,20.0,121.52,39.0,119.25,121.55,1.0,0.695,-0.5679,0.0019,-0.9035,1.1662,-0.7086,2026-08-07,902.77,902.77,847.4,878.41,887387.0,871.3118
2026-08-07T20:31:36.908,45,42,MU260918P00950000,MU,2026-09-18,put,950.0,126.33,25.0,129.789,108.0,128.05949999999999,138.73,1.0,0.7138,-0.5808,0.0018,-0.9215,1.1591,-0.7317,2026-08-07,902.77,902.77,847.4,878.41,887387.0,871.3118
2026-08-07T20:31:36.908,45,42,MU260918P00960000,MU,2026-09-18,put,960.0,132.48,61.0,137.38,62.0,134.93,140.62,3.0,0.7147,-0.5973,0.0018,-0.9111,1.148,-0.7563,2026-08-07,902.77,902.77,847.4,878.41,887387.0,871.3118
2026-08-07T20:31:36.908,45,42,MU260918P00970000,MU,2026-09-18,put,970.0,140.31,33.0,143.76,37.0,142.035,147.47,1.0,0.7163,-0.6133,0.0018,-0.9004,1.1353,-0.7806,2026-08-07,902.77,902.77,847.4,878.41,887387.0,871.3118
2026-08-07T20:31:36.908,45,42,MU260918P00980000,MU,2026-09-18,put,980.0,143.08,51.0,151.16,35.0,147.12,153.39,1.0,0.6986,-0.6348,0.0018,-0.8573,1.1151,-0.8081,2026-08-07,902.77,902.77,847.4,878.41,887387.0,871.3118
2026-08-07T20:31:36.908,45,42,MU260918P00990000,MU,2026-09-18,put,990.0,155.16,44.0,159.26,44.0,157.20999999999998,149.46,2.0,0.7244,-0.6425,0.0017,-0.883,1.1071,-0.8274,2026-08-07,902.77,902.77,847.4,878.41,887387.0,871.3118
2026-08-07T20:31:36.908,45,42,MU260918P01000000,MU,2026-09-18,put,1000.0,163.13,87.0,172.11,97.0,167.62,165.59,1.0,0.7526,-0.6486,0.0017,-0.9125,1.1004,-0.8455,2026-08-07,902.77,902.77,847.4,878.41,887387.0,871.3118
2026-08-07T20:31:36.908,45,42,MU260918P01010000,MU,2026-09-18,put,1010.0,166.99,61.0,173.7,51.0,170.345,163.83,2.0,0.7089,-0.6778,0.0017,-0.8217,1.0638,-0.878,2026-08-07,902.77,902.77,847.4,878.41,887387.0,871.3118
2026-08-07T20:31:36.908,45,42,MU260918P01020000,MU,2026-09-18,put,1020.0,176.54,110.0,181.03,63.0,178.785,166.75,3.0,0.7168,-0.6895,0.0017,-0.8157,1.0473,-0.8995,2026-08-07,902.77,902.77,847.4,878.41,887387.0,871.3118
2026-08-07T20:31:36.908,45,42,MU260918P01030000,MU,2026-09-18,put,1030.0,186.49,81.0,188.82,109.0,187.655,185.63,2.0,0.7279,-0.6994,0.0016,-0.8149,1.0324,-0.9196,2026-08-07,902.77,902.77,847.4,878.41,887387.0,871.3118
2026-08-07T20:31:36.908,45,42,MU260918P01040000,MU,2026-09-18,put,1040.0,189.18,40.0,200.53,1.0,194.85500000000002,251.73,1.0,0.7218,-0.7152,0.0016,-0.7833,1.0068,-0.9438,2026-08-07,902.77,902.77,847.4,878.41,887387.0,871.3118
2026-08-07T20:31:36.908,45,42,MU260918P01050000,MU,2026-09-18,put,1050.0,198.57,72.0,210.1,54.0,204.33499999999998,207.7,1.0,0.7374,-0.7223,0.0015,-0.7896,0.9946,-0.9619,2026-08-07,902.77,902.77,847.4,878.41,887387.0,871.3118
2026-08-07T20:31:36.908,45,42,MU260918P01060000,MU,2026-09-18,put,1060.0,207.5,69.0,216.76,50.0,212.13,208.12,2.0,0.7351,-0.7357,0.0015,-0.7638,0.9703,-0.9844,2026-08-07,902.77,902.77,847.4,878.41,887387.0,871.3118
2026-08-07T20:31:36.908,45,42,MU260918P01070000,MU,2026-09-18,put,1070.0,210.68,51.0,219.53,45.0,215.10500000000002,214.95,1.0,0.6794,-0.771,0.0015,-0.6379,0.8984,-1.0234,2026-08-07,902.77,902.77,847.4,878.41,887387.0,871.3118
2026-08-07T20:31:36.908,45,42,MU260918P01080000,MU,2026-09-18,put,1080.0,226.94,34.0,233.24,24.0,230.09,254.91,1.0,0.7525,-0.7527,0.0014,-0.751,0.9372,-1.0221,2026-08-07,902.77,902.77,847.4,878.41,887387.0,871.3118
2026-08-07T20:31:36.908,45,42,MU260918P01090000,MU,2026-09-18,put,1090.0,231.63,144.0,237.44,219.0,234.535,230.55,1.0,0.7098,-0.7815,0.0014,-0.6476,0.8748,-1.0563,2026-08-07,902.77,902.77,847.4,878.41,887387.0,871.3118
2026-08-07T20:31:36.908,45,42,MU260918P01100000,MU,2026-09-18,put,1100.0,244.33,17.0,250.68,21.0,247.505,251.3,1.0,0.7613,-0.7713,0.0013,-0.7217,0.8978,-1.0609,2026-08-07,902.77,902.77,847.4,878.41,887387.0,871.3118
2026-08-07T20:31:36.908,45,42,MU260918P01110000,MU,2026-09-18,put,1110.0,252.48,35.0,259.43,21.0,255.95499999999998,235.1,10.0,0.7616,-0.7817,0.0013,-0.6992,0.8745,-1.081,2026-08-07,902.77,902.77,847.4,878.41,887387.0,871.3118
2026-08-07T20:31:36.908,45,42,MU260918P01120000,MU,2026-09-18,put,1120.0,254.68,75.0,272.16,39.0,263.42,323.17,1.0,0.7493,-0.7967,0.0013,-0.6522,0.8385,-1.1048,2026-08-07,902.77,902.77,847.4,878.41,887387.0,871.3118
2026-08-07T20:31:36.908,45,42,MU260918P01130000,MU,2026-09-18,put,1130.0,261.829,29.0,278.52,53.0,270.17449999999997,335.15,2.0,0.7262,-0.8161,0.0012,-0.5838,0.7889,-1.1321,2026-08-07,902.77,902.77,847.4,878.41,887387.0,871.3118
2026-08-07T20:31:36.908,45,42,MU260918P01140000,MU,2026-09-18,put,1140.0,273.67,15.0,285.08,16.0,279.375,271.43,1.0,0.7321,-0.823,0.0012,-0.5717,0.7703,-1.1496,2026-08-07,902.77,902.77,847.4,878.41,887387.0,871.3118
2026-08-07T20:31:36.908,45,42,MU260918P01150000,MU,2026-09-18,put,1150.0,280.64,91.0,293.61,43.0,287.125,288.5,1.0,0.7179,-0.8379,0.0012,-0.5204,0.728,-1.1735,2026-08-07,902.77,902.77,847.4,878.41,887387.0,871.3118
2026-08-07T20:31:36.908,45,42,MU260918P01160000,MU,2026-09-18,put,1160.0,292.42,6.0,296.85,6.0,294.635,308.97,1.0,0.6977,-0.8549,0.0011,-0.4578,0.6763,-1.1993,2026-08-07,902.77,902.77,847.4,878.41,887387.0,871.3118
2026-08-07T20:31:36.908,45,42,MU260918P01170000,MU,2026-09-18,put,1170.0,293.38,1.0,315.15,4.0,304.265,317.32,1.0,0.7071,-0.8591,0.0011,-0.4528,0.663,-1.2146,2026-08-07,902.77,902.77,847.4,878.41,887387.0,871.3118
2026-08-07T20:31:36.908,45,42,MU260918P01180000,MU,2026-09-18,put,1180.0,312.7,40.0,315.28,23.0,313.99,294.28,1.0,0.7175,-0.8626,0.001,-0.4501,0.6518,-1.2293,2026-08-07,902.77,902.77,847.4,878.41,887387.0,871.3118
2026-08-07T20:31:36.908,45,42,MU260918P01190000,MU,2026-09-18,put,1190.0,315.55,5.0,327.51,4.0,321.53,327.12,5.0,0.6923,-0.8804,0.001,-0.3791,0.5921,-1.2558,2026-08-07,902.77,902.77,847.4,878.41,887387.0,871.3118
2026-08-07T20:31:36.908,45,42,MU260918P01200000,MU,2026-09-18,put,1200.0,333.61,87.0,342.67,97.0,338.14,336.38,1.0,0.8073,-0.8422,0.001,-0.5803,0.7153,-1.2365,2026-08-07,902.77,902.77,847.4,878.41,887387.0,871.3118
2026-08-07T20:31:36.908,45,42,MU260918P01210000,MU,2026-09-18,put,1210.0,329.01,5.0,341.42,1.0,335.21500000000003,412.83,2.0,0.5899,-0.9334,0.0007,-0.1542,0.3831,-1.325,2026-08-07,902.77,902.77,847.4,878.41,887387.0,871.3118
2026-08-07T20:31:36.908,45,42,MU260918P01220000,MU,2026-09-18,put,1220.0,338.25,57.0,363.11,3.0,350.68,336.82,10.0,0.7185,-0.8901,0.0009,-0.364,0.5573,-1.2992,2026-08-07,902.77,902.77,847.4,878.41,887387.0,871.3118
2026-08-07T20:31:36.908,45,42,MU260918P01230000,MU,2026-09-18,put,1230.0,354.67,33.0,372.28,33.0,363.475,348.5,1.0,0.7796,-0.8733,0.0009,-0.4596,0.6165,-1.297,2026-08-07,902.77,902.77,847.4,878.41,887387.0,871.3118
2026-08-07T20:31:36.908,45,42,MU260918P01240000,MU,2026-09-18,put,1240.0,368.83,35.0,375.42,49.0,372.125,406.05,1.0,0.7705,-0.8829,0.0009,-0.4208,0.5832,-1.3166,2026-08-07,902.77,902.77,847.4,878.41,887387.0,871.3118
2026-08-07T20:31:36.908,45,42,MU260918P01250000,MU,2026-09-18,put,1250.0,368.49,33.0,380.75,51.0,374.62,388.87,1.0,0.6229,-0.9412,0.0006,-0.1382,0.3476,-1.3782,2026-08-07,902.77,902.77,847.4,878.41,887387.0,871.3118
2026-08-07T20:31:36.908,45,42,MU260918P01260000,MU,2026-09-18,put,1260.0,379.15,13.0,395.02,12.0,387.085,500.03,2.0,0.6976,-0.9203,0.0007,-0.2461,0.4395,-1.3715,2026-08-07,902.77,902.77,847.4,878.41,887387.0,871.3118
2026-08-07T20:31:36.908,45,42,MU260918P01270000,MU,2026-09-18,put,1270.0,400.04,24.0,410.64,26.0,405.34000000000003,409.63,2.0,0.8627,-0.8675,0.0008,-0.537,0.636,-1.3393,2026-08-07,902.77,902.77,847.4,878.41,887387.0,871.3118
2026-08-07T20:31:36.908,45,42,MU260918P01280000,MU,2026-09-18,put,1280.0,402.65,28.0,422.64,27.0,412.645,411.28,1.0,0.8313,-0.884,0.0008,-0.455,0.5793,-1.3643,2026-08-07,902.77,902.77,847.4,878.41,887387.0,871.3118
2026-08-07T20:31:36.908,45,42,MU260918P01290000,MU,2026-09-18,put,1290.0,416.14,25.0,426.29,28.0,421.21500000000003,400.54,10.0,0.8185,-0.8937,0.0008,-0.4102,0.5442,-1.3839,2026-08-07,902.77,902.77,847.4,878.41,887387.0,871.3118
2026-08-07T20:31:36.908,45,42,MU260918P01300000,MU,2026-09-18,put,1300.0,416.59,22.0,430.29,54.0,423.44,407.7,10.0,0.644,-0.9542,0.0005,-0.0932,0.2853,-1.4474,2026-08-07,902.77,902.77,847.4,878.41,887387.0,871.3118
2026-08-07T20:31:36.908,45,42,MU260918P01310000,MU,2026-09-18,put,1310.0,434.31,7.0,440.65,27.0,437.48,370.27,3.0,0.7668,-0.9204,0.0007,-0.277,0.4393,-1.4295,2026-08-07,902.77,902.77,847.4,878.41,887387.0,871.3118
2026-08-07T20:31:36.908,45,42,MU260918P01320000,MU,2026-09-18,put,1320.0,442.56,4.0,446.21,1.0,444.385,447.25,1.0,0.6975,-0.9457,0.0005,-0.1444,0.3267,-1.4629,2026-08-07,902.77,902.77,847.4,878.41,887387.0,871.3118
2026-08-07T20:31:36.908,45,42,MU260918P01330000,MU,2026-09-18,put,1330.0,454.85,22.0,470.96,23.0,462.905,571.0,1.0,0.8979,-0.887,0.0007,-0.4842,0.5686,-1.4252,2026-08-07,902.77,902.77,847.4,878.41,887387.0,871.3118
2026-08-07T20:31:36.908,45,42,MU260918P01340000,MU,2026-09-18,put,1340.0,459.81,21.0,479.74,26.0,469.775,478.26,1.0,0.851,-0.9065,0.0007,-0.3758,0.4953,-1.4528,2026-08-07,902.77,902.77,847.4,878.41,887387.0,871.3118
2026-08-07T20:31:36.908,45,42,MU260918P01350000,MU,2026-09-18,put,1350.0,476.57,18.0,486.88,31.0,481.725,487.64,1.0,0.9004,-0.8953,0.0007,-0.4507,0.5382,-1.4552,2026-08-07,902.77,902.77,847.4,878.41,887387.0,871.3118
2026-08-07T20:31:36.908,45,42,MU260918P01360000,MU,2026-09-18,put,1360.0,490.51,21.0,500.86,25.0,495.685,458.55,5.0,0.981,-0.8745,0.0007,-0.5892,0.6122,-1.4504,2026-08-07,902.77,902.77,847.4,878.41,887387.0,871.3118
2026-08-07T20:31:36.908,45,42,MU260918P01370000,MU,2026-09-18,put,1370.0,500.4,29.0,510.2,12.0,505.29999999999995,494.25,1.0,0.9866,-0.8773,0.0007,-0.5808,0.6027,-1.4642,2026-08-07,902.77,902.77,847.4,878.41,887387.0,871.3118
2026-08-07T20:31:36.908,45,42,MU260918P01380000,MU,2026-09-18,put,1380.0,508.42,21.0,508.96,28.0,508.69,346.05,1.0,0.8738,-0.9157,0.0006,-0.3465,0.4587,-1.5068,2026-08-07,902.77,902.77,847.4,878.41,887387.0,871.3118
2026-08-07T20:31:36.908,45,42,MU260918P01390000,MU,2026-09-18,put,1390.0,515.909,20.0,527.06,1.0,521.4845,544.22,1.0,0.9419,-0.8993,0.0006,-0.4562,0.5232,-1.505,2026-08-07,902.77,902.77,847.4,878.41,887387.0,871.3118
2026-08-07T20:31:36.908,45,42,MU260918P01400000,MU,2026-09-18,put,1400.0,514.78,10.0,536.15,14.0,525.4649999999999,561.6,1.0,0.8167,-0.9388,0.0005,-0.2144,0.3587,-1.5493,2026-08-07,902.77,902.77,847.4,878.41,887387.0,871.3118
2026-08-07T20:31:36.908,45,42,MU260918P01410000,MU,2026-09-18,put,1410.0,536.83,18.0,547.38,31.0,542.105,421.29,10.0,0.9761,-0.897,0.0006,-0.4857,0.5319,-1.5264,2026-08-07,902.77,902.77,847.4,878.41,887387.0,871.3118
2026-08-07T20:31:36.908,45,42,MU260918P01420000,MU,2026-09-18,put,1420.0,543.72,11.0,548.72,10.0,546.22,529.42,5.0,0.8583,-0.9338,0.0005,-0.2536,0.3813,-1.5682,2026-08-07,902.77,902.77,847.4,878.41,887387.0,871.3118
2026-08-07T20:31:36.908,45,42,MU260918P01430000,MU,2026-09-18,put,1430.0,555.22,17.0,565.57,28.0,560.395,569.48,3.0,0.9646,-0.9077,0.0006,-0.4285,0.4908,-1.5582,2026-08-07,902.77,902.77,847.4,878.41,887387.0,871.3118
2026-08-07T20:31:36.908,45,42,MU260918P01440000,MU,2026-09-18,put,1440.0,546.96,25.0,558.99,14.0,552.975,621.78,3.0,,,,,,,2026-08-07,902.77,902.77,847.4,878.41,887387.0,871.3118
2026-08-07T20:31:36.908,45,42,MU260918P01450000,MU,2026-09-18,put,1450.0,568.1,3.0,576.34,1.0,572.22,535.1,2.0,0.7564,-0.9661,0.0003,-0.0596,0.2233,-1.6306,2026-08-07,902.77,902.77,847.4,878.41,887387.0,871.3118
2026-08-07T20:31:36.908,45,42,MU260918P01460000,MU,2026-09-18,put,1460.0,573.81,29.0,588.57,55.0,581.19,589.5,2.0,0.7137,-0.9761,0.0003,0.0013,0.167,-1.6509,2026-08-07,902.77,902.77,847.4,878.41,887387.0,871.3118
2026-08-07T20:31:36.908,45,42,MU260918P01470000,MU,2026-09-18,put,1470.0,582.83,17.0,610.46,23.0,596.645,666.73,1.0,0.9212,-0.9322,0.0005,-0.2852,0.3885,-1.6246,2026-08-07,902.77,902.77,847.4,878.41,887387.0,871.3118
2026-08-07T20:31:36.908,45,42,MU260918P01480000,MU,2026-09-18,put,1480.0,590.0,3.0,620.12,5.0,605.06,591.75,5.0,0.8877,-0.9433,0.0004,-0.2146,0.3381,-1.6454,2026-08-07,902.77,902.77,847.4,878.41,887387.0,871.3118
2026-08-07T20:31:36.908,45,42,MU260918P01490000,MU,2026-09-18,put,1490.0,617.77,34.0,631.74,32.0,624.755,,,,,,,,,2026-08-07,902.77,902.77,847.4,878.41,887387.0,871.3118
2026-08-07T20:31:36.908,45,42,MU260918P01500000,MU,2026-09-18,put,1500.0,617.19,28.0,621.58,21.0,619.385,625.54,5.0,0.5461,-0.9974,0.0,0.1335,0.0236,-1.7164,2026-08-07,902.77,902.77,847.4,878.41,887387.0,871.3118
2026-08-07T20:31:36.908,45,42,MU260918P01510000,MU,2026-09-18,put,1510.0,634.43,11.0,652.2,11.0,643.315,516.67,1.0,,,,,,,2026-08-07,902.77,902.77,847.4,878.41,887387.0,871.3118
2026-08-07T20:31:36.908,45,42,MU260918P01520000,MU,2026-09-18,put,1520.0,642.21,1.0,646.45,1.0,644.33,698.99,4.0,,,,,,,2026-08-07,902.77,902.77,847.4,878.41,887387.0,871.3118
2026-08-07T20:31:36.908,45,42,MU260918P01530000,MU,2026-09-18,put,1530.0,651.8,10.0,652.83,1.0,652.315,579.4,1.0,0.8399,-0.9646,0.0003,-0.0822,0.2315,-1.7212,2026-08-07,902.77,902.77,847.4,878.41,887387.0,871.3118
2026-08-07T20:31:36.908,45,42,MU260918P01540000,MU,2026-09-18,put,1540.0,644.33,3.0,658.91,1.0,651.62,567.95,1.0,,,,,,,2026-08-07,902.77,902.77,847.4,878.41,887387.0,871.3118
2026-08-07T20:31:36.908,45,42,MU260918P01550000,MU,2026-09-18,put,1550.0,677.31,2.0,686.23,11.0,681.77,671.07,1.0,,,,,,,2026-08-07,902.77,902.77,847.4,878.41,887387.0,871.3118
2026-08-07T20:31:36.908,45,42,MU260918P01560000,MU,2026-09-18,put,1560.0,676.69,11.0,698.17,3.0,687.4300000000001,644.16,3.0,,,,,,,2026-08-07,902.77,902.77,847.4,878.41,887387.0,871.3118
2026-08-07T20:31:36.908,45,42,MU260918P01570000,MU,2026-09-18,put,1570.0,689.86,11.0,712.76,1.0,701.31,707.9,1.0,,,,,,,2026-08-07,902.77,902.77,847.4,878.41,887387.0,871.3118
2026-08-07T20:31:36.908,45,42,MU260918P01580000,MU,2026-09-18,put,1580.0,691.47,3.0,696.24,1.0,693.855,733.88,10.0,,,,,,,2026-08-07,902.77,902.77,847.4,878.41,887387.0,871.3118
2026-08-07T20:31:36.908,45,42,MU260918P01590000,MU,2026-09-18,put,1590.0,710.3,10.0,722.6,10.0,716.45,784.02,1.0,,,,,,,2026-08-07,902.77,902.77,847.4,878.41,887387.0,871.3118
2026-08-07T20:31:36.908,45,42,MU260918P01600000,MU,2026-09-18,put,1600.0,730.56,42.0,742.86,17.0,736.71,716.28,20.0,,,,,,,2026-08-07,902.77,902.77,847.4,878.41,887387.0,871.3118
2026-08-07T20:31:36.908,45,42,MU260918P01610000,MU,2026-09-18,put,1610.0,732.3,3.0,747.77,1.0,740.035,619.05,10.0,,,,,,,2026-08-07,902.77,902.77,847.4,878.41,887387.0,871.3118
2026-08-07T20:31:36.908,45,42,MU260918P01620000,MU,2026-09-18,put,1620.0,730.67,11.0,741.24,1.0,735.9549999999999,847.32,1.0,,,,,,,2026-08-07,902.77,902.77,847.4,878.41,887387.0,871.3118
2026-08-07T20:31:36.908,45,42,MU260918P01630000,MU,2026-09-18,put,1630.0,758.23,10.0,770.63,10.0,764.4300000000001,754.8,1.0,,,,,,,2026-08-07,902.77,902.77,847.4,878.41,887387.0,871.3118
2026-08-07T20:31:36.908,45,42,MU260918P01640000,MU,2026-09-18,put,1640.0,759.19,17.0,769.64,10.0,764.415,870.24,1.0,,,,,,,2026-08-07,902.77,902.77,847.4,878.41,887387.0,871.3118
2026-08-07T20:31:36.908,45,42,MU260918P01650000,MU,2026-09-18,put,1650.0,749.67,1.0,780.09,1.0,764.88,753.84,4.0,,,,,,,2026-08-07,902.77,902.77,847.4,878.41,887387.0,871.3118
2026-08-07T20:31:36.908,45,42,MU260918P01660000,MU,2026-09-18,put,1660.0,791.38,10.0,803.92,3.0,797.65,690.48,1.0,,,,,,,2026-08-07,902.77,902.77,847.4,878.41,887387.0,871.3118
2026-08-07T20:31:36.908,45,42,MU260918P01670000,MU,2026-09-18,put,1670.0,776.74,2.0,812.28,2.0,794.51,862.48,1.0,,,,,,,2026-08-07,902.77,902.77,847.4,878.41,887387.0,871.3118
2026-08-07T20:31:36.908,45,42,MU260918P01680000,MU,2026-09-18,put,1680.0,794.66,1.0,803.52,1.0,799.0899999999999,650.25,1.0,0.758,-0.9917,0.0001,0.1056,0.0673,-1.9174,2026-08-07,902.77,902.77,847.4,878.41,887387.0,871.3118
2026-08-07T20:31:36.908,45,42,MU260918P01690000,MU,2026-09-18,put,1690.0,791.82,1.0,831.52,3.0,811.6700000000001,587.05,1.0,,,,,,,2026-08-07,902.77,902.77,847.4,878.41,887387.0,871.3118
2026-08-07T20:31:36.908,45,42,MU260918P01700000,MU,2026-09-18,put,1700.0,819.07,3.0,831.39,1.0,825.23,803.03,20.0,,,,,,,2026-08-07,902.77,902.77,847.4,878.41,887387.0,871.3118
2026-08-07T20:31:36.908,45,42,MU260918P01710000,MU,2026-09-18,put,1710.0,811.99,11.0,854.12,11.0,833.0550000000001,,,,,,,,,2026-08-07,902.77,902.77,847.4,878.41,887387.0,871.3118
2026-08-07T20:31:36.908,45,42,MU260918P01720000,MU,2026-09-18,put,1720.0,830.15,11.0,837.85,11.0,834.0,,,,,,,,,2026-08-07,902.77,902.77,847.4,878.41,887387.0,871.3118
2026-08-07T20:31:36.908,45,42,MU260918P01730000,MU,2026-09-18,put,1730.0,847.22,2.0,859.52,2.0,853.37,,,,,,,,,2026-08-07,902.77,902.77,847.4,878.41,887387.0,871.3118
2026-08-07T20:31:36.908,45,42,MU260918P01740000,MU,2026-09-18,put,1740.0,859.84,1.0,874.94,1.0,867.3900000000001,,,,,,,,,2026-08-07,902.77,902.77,847.4,878.41,887387.0,871.3118
2026-08-07T20:31:36.908,45,42,MU260918P01750000,MU,2026-09-18,put,1750.0,871.07,1.0,875.9,1.0,873.485,907.85,1.0,,,,,,,2026-08-07,902.77,902.77,847.4,878.41,887387.0,871.3118
2026-08-07T20:31:36.908,45,42,MU260918P01760000,MU,2026-09-18,put,1760.0,889.9,10.0,899.23,3.0,894.565,,,,,,,,,2026-08-07,902.77,902.77,847.4,878.41,887387.0,871.3118
2026-08-07T20:31:36.908,45,42,MU260918P01770000,MU,2026-09-18,put,1770.0,868.73,1.0,908.83,1.0,888.78,844.58,1.0,,,,,,,2026-08-07,902.77,902.77,847.4,878.41,887387.0,871.3118
2026-08-07T20:31:36.908,45,42,MU260918P01780000,MU,2026-09-18,put,1780.0,891.77,11.0,892.94,3.0,892.355,,,,,,,,,2026-08-07,902.77,902.77,847.4,878.41,887387.0,871.3118
2026-08-07T20:31:36.908,45,42,MU260918P01790000,MU,2026-09-18,put,1790.0,912.36,1.0,927.96,1.0,920.1600000000001,675.75,8.0,,,,,,,2026-08-07,902.77,902.77,847.4,878.41,887387.0,871.3118
2026-08-07T20:31:36.908,45,42,MU260918P01800000,MU,2026-09-18,put,1800.0,916.18,11.0,932.98,10.0,924.5799999999999,888.96,7.0,,,,,,,2026-08-07,902.77,902.77,847.4,878.41,887387.0,871.3118
2026-08-07T20:31:36.908,45,42,MU260918P01810000,MU,2026-09-18,put,1810.0,921.47,11.0,922.67,11.0,922.0699999999999,,,,,,,,,2026-08-07,902.77,902.77,847.4,878.41,887387.0,871.3118
2026-08-07T20:31:36.908,45,42,MU260918P01820000,MU,2026-09-18,put,1820.0,928.37,1.0,943.31,1.0,935.8399999999999,851.46,1.0,,,,,,,2026-08-07,902.77,902.77,847.4,878.41,887387.0,871.3118
2026-08-07T20:31:36.908,45,42,MU260918P01830000,MU,2026-09-18,put,1830.0,934.63,11.0,948.35,1.0,941.49,866.64,1.0,,,,,,,2026-08-07,902.77,902.77,847.4,878.41,887387.0,871.3118
2026-08-07T20:31:36.908,45,42,MU260918P01840000,MU,2026-09-18,put,1840.0,971.09,11.0,983.39,1.0,977.24,904.27,1.0,,,,,,,2026-08-07,902.77,902.77,847.4,878.41,887387.0,871.3118
2026-08-07T20:31:36.908,45,42,MU260918P01850000,MU,2026-09-18,put,1850.0,966.24,2.0,995.82,1.0,981.03,,,,,,,,,2026-08-07,902.77,902.77,847.4,878.41,887387.0,871.3118
2026-08-07T20:31:36.908,45,42,MU260918P01860000,MU,2026-09-18,put,1860.0,984.01,10.0,987.78,1.0,985.895,940.3,1.0,,,,,,,2026-08-07,902.77,902.77,847.4,878.41,887387.0,871.3118
2026-08-07T20:31:36.908,45,42,MU260918P01870000,MU,2026-09-18,put,1870.0,968.82,11.0,1008.51,1.0,988.665,,,,,,,,,2026-08-07,902.77,902.77,847.4,878.41,887387.0,871.3118
2026-08-07T20:31:36.908,45,42,MU260918P01880000,MU,2026-09-18,put,1880.0,998.51,11.0,1014.73,11.0,1006.62,962.47,1.0,,,,,,,2026-08-07,902.77,902.77,847.4,878.41,887387.0,871.3118
2026-08-07T20:31:36.908,45,42,MU260918P01890000,MU,2026-09-18,put,1890.0,1021.0,11.0,1033.75,11.0,1027.375,912.88,1.0,,,,,,,2026-08-07,902.77,902.77,847.4,878.41,887387.0,871.3118
2026-08-07T20:31:36.908,45,42,MU260918P01900000,MU,2026-09-18,put,1900.0,1018.93,11.0,1021.0,11.0,1019.9649999999999,1026.7,4.0,,,,,,,2026-08-07,902.77,902.77,847.4,878.41,887387.0,871.3118
2026-08-07T20:31:36.908,45,42,MU260918P01910000,MU,2026-09-18,put,1910.0,1031.849,11.0,1050.37,13.0,1041.1095,992.37,1.0,,,,,,,2026-08-07,902.77,902.77,847.4,878.41,887387.0,871.3118
2026-08-07T20:31:36.908,45,42,MU260918P01920000,MU,2026-09-18,put,1920.0,1015.06,1.0,1049.14,1.0,1032.1,879.36,1.0,,,,,,,2026-08-07,902.77,902.77,847.4,878.41,887387.0,871.3118
2026-08-07T20:31:36.908,45,42,MU260918P01930000,MU,2026-09-18,put,1930.0,1036.319,1.0,1077.29,1.0,1056.8045,957.18,1.0,,,,,,,2026-08-07,902.77,902.77,847.4,878.41,887387.0,871.3118
2026-08-07T20:31:36.908,45,42,MU260918P01940000,MU,2026-09-18,put,1940.0,1059.2,16.0,1080.64,11.0,1069.92,1142.58,1.0,,,,,,,2026-08-07,902.77,902.77,847.4,878.41,887387.0,871.3118
2026-08-07T20:31:36.908,45,42,MU260918P01950000,MU,2026-09-18,put,1950.0,1059.15,1.0,1070.35,1.0,1064.75,979.67,1.0,,,,,,,2026-08-07,902.77,902.77,847.4,878.41,887387.0,871.3118
2026-08-07T20:31:36.908,45,42,MU260918P01960000,MU,2026-09-18,put,1960.0,1080.94,10.0,1102.32,3.0,1091.63,990.46,1.0,,,,,,,2026-08-07,902.77,902.77,847.4,878.41,887387.0,871.3118
2026-08-07T20:31:36.908,45,42,MU260918P01970000,MU,2026-09-18,put,1970.0,1104.06,2.0,1116.36,1.0,1110.21,1059.67,1.0,,,,,,,2026-08-07,902.77,902.77,847.4,878.41,887387.0,871.3118
2026-08-07T20:31:36.908,45,42,MU260918P01980000,MU,2026-09-18,put,1980.0,1102.52,1.0,1115.38,1.0,1108.95,1060.35,1.0,,,,,,,2026-08-07,902.77,902.77,847.4,878.41,887387.0,871.3118
2026-08-07T20:31:36.908,45,42,MU260918P01990000,MU,2026-09-18,put,1990.0,1095.81,11.0,1118.35,10.0,1107.08,1077.08,1.0,,,,,,,2026-08-07,902.77,902.77,847.4,878.41,887387.0,871.3118
2026-08-07T20:31:36.908,45,42,MU260918P02000000,MU,2026-09-18,put,2000.0,1103.75,3.0,1112.76,1.0,1108.255,1122.86,5.0,,,,,,,2026-08-07,902.77,902.77,847.4,878.41,887387.0,871.3118
2026-08-07T20:31:36.908,45,42,MU260918P02010000,MU,2026-09-18,put,2010.0,1110.66,2.0,1160.84,1.0,1135.75,1099.49,1.0,,,,,,,2026-08-07,902.77,902.77,847.4,878.41,887387.0,871.3118
2026-08-07T20:31:36.908,45,42,MU260918P02020000,MU,2026-09-18,put,2020.0,1118.0,2.0,1152.27,11.0,1135.135,1069.01,1.0,,,,,,,2026-08-07,902.77,902.77,847.4,878.41,887387.0,871.3118
2026-08-07T20:31:36.908,45,42,MU260918P02030000,MU,2026-09-18,put,2030.0,1136.51,1.0,1143.32,1.0,1139.915,1011.25,4.0,,,,,,,2026-08-07,902.77,902.77,847.4,878.41,887387.0,871.3118
2026-08-07T20:31:36.908,45,42,MU260918P02040000,MU,2026-09-18,put,2040.0,1146.06,2.0,1180.97,11.0,1163.5149999999999,,,,,,,,,2026-08-07,902.77,902.77,847.4,878.41,887387.0,871.3118
2026-08-07T20:31:36.908,45,42,MU260918P02050000,MU,2026-09-18,put,2050.0,1178.96,2.0,1191.26,1.0,1185.1100000000001,912.89,1.0,,,,,,,2026-08-07,902.77,902.77,847.4,878.41,887387.0,871.3118
2026-08-07T20:31:36.908,45,42,MU260918P02060000,MU,2026-09-18,put,2060.0,1167.47,2.0,1211.45,1.0,1189.46,,,,,,,,,2026-08-07,902.77,902.77,847.4,878.41,887387.0,871.3118
2026-08-07T20:31:36.908,45,42,MU260918P02070000,MU,2026-09-18,put,2070.0,1201.38,2.0,1214.43,10.0,1207.9050000000002,,,,,,,,,2026-08-07,902.77,902.77,847.4,878.41,887387.0,871.3118
2026-08-07T20:31:36.908,45,42,MU260918P02080000,MU,2026-09-18,put,2080.0,1175.2,2.0,1216.43,2.0,1195.815,,,,,,,,,2026-08-07,902.77,902.77,847.4,878.41,887387.0,871.3118
2026-08-07T20:31:36.908,45,42,MU260918P02090000,MU,2026-09-18,put,2090.0,1203.66,2.0,1205.81,11.0,1204.7350000000001,1157.64,1.0,,,,,,,2026-08-07,902.77,902.77,847.4,878.41,887387.0,871.3118
2026-08-07T20:31:36.908,45,42,MU260918P02100000,MU,2026-09-18,put,2100.0,1195.3,2.0,1244.51,1.0,1219.905,1133.19,1.0,,,,,,,2026-08-07,902.77,902.77,847.4,878.41,887387.0,871.3118
2026-08-07T20:31:36.908,45,42,MU260918P02110000,MU,2026-09-18,put,2110.0,1250.57,11.0,1265.52,13.0,1258.045,970.33,20.0,,,,,,,2026-08-07,902.77,902.77,847.4,878.41,887387.0,871.3118
2026-08-07T20:31:36.908,45,42,MU260918P02120000,MU,2026-09-18,put,2120.0,1220.44,1.0,1251.9,1.0,1236.17,1099.18,1.0,,,,,,,2026-08-07,902.77,902.77,847.4,878.41,887387.0,871.3118
2026-08-07T20:31:36.908,45,42,MU260918P02130000,MU,2026-09-18,put,2130.0,1263.56,2.0,1275.86,11.0,1269.71,1254.3,1.0,,,,,,,2026-08-07,902.77,902.77,847.4,878.41,887387.0,871.3118
2026-08-07T20:31:36.908,45,42,MU260918P02140000,MU,2026-09-18,put,2140.0,1272.39,2.0,1285.09,11.0,1278.74,,,,,,,,,2026-08-07,902.77,902.77,847.4,878.41,887387.0,871.3118
2026-08-07T20:31:36.908,45,42,MU260918P02150000,MU,2026-09-18,put,2150.0,1267.02,10.0,1281.62,3.0,1274.32,,,,,,,,,2026-08-07,902.77,902.77,847.4,878.41,887387.0,871.3118
2026-08-07T20:31:36.908,45,42,MU260918P02160000,MU,2026-09-18,put,2160.0,1288.27,3.0,1296.39,1.0,1292.33,,,,,,,,,2026-08-07,902.77,902.77,847.4,878.41,887387.0,871.3118
2026-08-07T20:31:36.908,45,42,MU260918P02170000,MU,2026-09-18,put,2170.0,1270.33,1.0,1311.45,1.0,1290.8899999999999,1072.66,10.0,,,,,,,2026-08-07,902.77,902.77,847.4,878.41,887387.0,871.3118
2026-08-07T20:31:36.908,45,42,MU260918P02180000,MU,2026-09-18,put,2180.0,1273.58,1.0,1309.24,1.0,1291.4099999999999,,,,,,,,,2026-08-07,902.77,902.77,847.4,878.41,887387.0,871.3118
2026-08-07T20:31:36.908,45,42,MU260918P02190000,MU,2026-09-18,put,2190.0,1282.71,11.0,1344.52,3.0,1313.615,1405.45,1.0,,,,,,,2026-08-07,902.77,902.77,847.4,878.41,887387.0,871.3118
2026-08-07T20:31:36.908,45,42,MU260918P02200000,MU,2026-09-18,put,2200.0,1337.65,2.0,1338.38,2.0,1338.015,1224.24,10.0,,,,,,,2026-08-07,902.77,902.77,847.4,878.41,887387.0,871.3118
2026-08-07T20:31:36.908,45,42,MU260918P02210000,MU,2026-09-18,put,2210.0,1335.24,11.0,1345.09,11.0,1340.165,1134.0,1.0,,,,,,,2026-08-07,902.77,902.77,847.4,878.41,887387.0,871.3118
2026-08-07T20:31:36.908,45,42,MU260918P02220000,MU,2026-09-18,put,2220.0,1316.28,2.0,1347.74,1.0,1332.01,1416.16,1.0,,,,,,,2026-08-07,902.77,902.77,847.4,878.41,887387.0,871.3118
2026-08-07T20:31:36.908,45,42,MU260918P02230000,MU,2026-09-18,put,2230.0,1372.33,1.0,1381.83,11.0,1377.08,,,,,,,,,2026-08-07,902.77,902.77,847.4,878.41,887387.0,871.3118
2026-08-07T20:31:36.908,45,42,MU260918P02240000,MU,2026-09-18,put,2240.0,1367.13,2.0,1373.59,11.0,1370.3600000000001,,,,,,,,,2026-08-07,902.77,902.77,847.4,878.41,887387.0,871.3118
2026-08-07T20:31:36.908,45,42,MU260918P02250000,MU,2026-09-18,put,2250.0,1344.57,2.0,1351.56,1.0,1348.065,1269.14,10.0,,,,,,,2026-08-07,902.77,902.77,847.4,878.41,887387.0,871.3118
2026-08-07T20:31:36.908,45,42,MU260918P02260000,MU,2026-09-18,put,2260.0,1396.55,2.0,1409.3,11.0,1402.925,,,,,,,,,2026-08-07,902.77,902.77,847.4,878.41,887387.0,871.3118
2026-08-07T20:31:36.908,45,42,MU260918P02270000,MU,2026-09-18,put,2270.0,1402.85,2.0,1413.89,2.0,1408.37,1493.69,1.0,,,,,,,2026-08-07,902.77,902.77,847.4,878.41,887387.0,871.3118
2026-08-07T20:31:36.908,45,42,MU260918P02280000,MU,2026-09-18,put,2280.0,1373.29,11.0,1400.18,11.0,1386.7350000000001,1492.0,1.0,,,,,,,2026-08-07,902.77,902.77,847.4,878.41,887387.0,871.3118
2026-08-07T20:31:36.908,45,42,MU260918P02290000,MU,2026-09-18,put,2290.0,1390.39,1.0,1428.67,1.0,1409.5300000000002,1135.15,1.0,,,,,,,2026-08-07,902.77,902.77,847.4,878.41,887387.0,871.3118
2026-08-07T20:31:36.908,45,42,MU260918P02300000,MU,2026-09-18,put,2300.0,1388.32,1.0,1406.14,1.0,1397.23,,,,,,,,,2026-08-07,902.77,902.77,847.4,878.41,887387.0,871.3118
2026-08-07T20:31:36.908,45,42,MU260918P02310000,MU,2026-09-18,put,2310.0,1421.3,2.0,1433.65,2.0,1427.475,,,,,,,,,2026-08-07,902.77,902.77,847.4,878.41,887387.0,871.3118
2026-08-07T20:31:36.908,45,42,MU260918P02320000,MU,2026-09-18,put,2320.0,1431.92,11.0,1451.2,2.0,1441.56,1271.53,1.0,,,,,,,2026-08-07,902.77,902.77,847.4,878.41,887387.0,871.3118
2026-08-07T20:31:36.908,45,42,MU260918P02330000,MU,2026-09-18,put,2330.0,1446.27,2.0,1454.87,10.0,1450.57,,,,,,,,,2026-08-07,902.77,902.77,847.4,878.41,887387.0,871.3118
2026-08-07T20:31:36.908,45,42,MU260918P02340000,MU,2026-09-18,put,2340.0,1473.18,2.0,1485.93,11.0,1479.555,,,,,,,,,2026-08-07,902.77,902.77,847.4,878.41,887387.0,871.3118
2026-08-07T20:31:36.908,45,42,MU260918P02350000,MU,2026-09-18,put,2350.0,1469.78,3.0,1502.59,1.0,1486.185,1366.76,1.0,,,,,,,2026-08-07,902.77,902.77,847.4,878.41,887387.0,871.3118
2026-08-07T20:31:36.908,45,42,MU260918P02360000,MU,2026-09-18,put,2360.0,1449.67,1.0,1508.18,1.0,1478.9250000000002,,,,,,,,,2026-08-07,902.77,902.77,847.4,878.41,887387.0,871.3118
2026-08-07T20:31:36.908,45,42,MU260918P02370000,MU,2026-09-18,put,2370.0,1488.7,1.0,1494.72,1.0,1491.71,1567.39,1.0,,,,,,,2026-08-07,902.77,902.77,847.4,878.41,887387.0,871.3118
2026-08-07T20:31:36.908,45,42,MU260918P02380000,MU,2026-09-18,put,2380.0,1504.61,2.0,1517.06,10.0,1510.835,,,,,,,,,2026-08-07,902.77,902.77,847.4,878.41,887387.0,871.3118
2026-08-07T20:31:36.908,45,42,MU260918P02390000,MU,2026-09-18,put,2390.0,1529.14,2.0,1541.59,10.0,1535.365,,,,,,,,,2026-08-07,902.77,902.77,847.4,878.41,887387.0,871.3118
2026-08-07T20:31:36.908,45,42,MU260918P02400000,MU,2026-09-18,put,2400.0,1497.62,11.0,1555.37,13.0,1526.495,,,,,,,,,2026-08-07,902.77,902.77,847.4,878.41,887387.0,871.3118
2026-08-07T20:31:36.908,45,42,MU260918P02410000,MU,2026-09-18,put,2410.0,1525.88,1.0,1567.03,1.0,1546.455,,,,,,,,,2026-08-07,902.77,902.77,847.4,878.41,887387.0,871.3118
2026-08-07T20:31:36.908,45,42,MU260918P02420000,MU,2026-09-18,put,2420.0,1538.24,2.0,1562.2,10.0,1550.22,1492.48,1.0,,,,,,,2026-08-07,902.77,902.77,847.4,878.41,887387.0,871.3118
2026-08-07T20:31:36.908,45,42,MU260918P02440000,MU,2026-09-18,put,2440.0,1567.03,2.0,1568.34,1.0,1567.685,1569.05,1.0,,,,,,,2026-08-07,902.77,902.77,847.4,878.41,887387.0,871.3118
2026-08-07T20:31:36.908,45,42,MU260918P02460000,MU,2026-09-18,put,2460.0,1581.33,2.0,1594.08,11.0,1587.705,,,,,,,,,2026-08-07,902.77,902.77,847.4,878.41,887387.0,871.3118
2026-08-07T20:31:36.908,45,42,MU260918P02480000,MU,2026-09-18,put,2480.0,1568.43,2.0,1613.05,11.0,1590.74,,,,,,,,,2026-08-07,902.77,902.77,847.4,878.41,887387.0,871.3118
2026-08-07T20:31:36.908,45,42,MU260918P02500000,MU,2026-09-18,put,2500.0,1626.06,2.0,1638.41,11.0,1632.2350000000001,,,,,,,,,2026-08-07,902.77,902.77,847.4,878.41,887387.0,871.3118
