capture_ts,target_dte,actual_dte,symbol,underlying,expiration,type,strike,bid,bid_size,ask,ask_size,mid,last_price,last_size,implied_vol,delta,gamma,theta,vega,rho,und_session_date,und_open,und_high,und_low,und_close,und_volume,und_vwap
2026-04-20T23:12:08.685,2,4,GS260424C00480000,GS,2026-04-24,call,480.0,462.01,25.0,463.78,24.0,462.895,335.09,1.0,,,,,,,2026-04-20,925.96,941.8,923.43,941.49,65420.0,934.831393
2026-04-20T23:12:08.685,2,4,GS260424C00490000,GS,2026-04-24,call,490.0,455.62,24.0,463.77,25.0,459.695,,,,,,,,,2026-04-20,925.96,941.8,923.43,941.49,65420.0,934.831393
2026-04-20T23:12:08.685,2,4,GS260424C00500000,GS,2026-04-24,call,500.0,435.21,25.0,444.85,24.0,440.03,350.0,1.0,,,,,,,2026-04-20,925.96,941.8,923.43,941.49,65420.0,934.831393
2026-04-20T23:12:08.685,2,4,GS260424C00510000,GS,2026-04-24,call,510.0,428.95,24.0,437.05,25.0,433.0,,,,,,,,,2026-04-20,925.96,941.8,923.43,941.49,65420.0,934.831393
2026-04-20T23:12:08.685,2,4,GS260424C00520000,GS,2026-04-24,call,520.0,416.91,21.0,424.07,25.0,420.49,351.54,9.0,,,,,,,2026-04-20,925.96,941.8,923.43,941.49,65420.0,934.831393
2026-04-20T23:12:08.685,2,4,GS260424C00530000,GS,2026-04-24,call,530.0,407.67,25.0,420.66,24.0,414.165,,,,,,,,,2026-04-20,925.96,941.8,923.43,941.49,65420.0,934.831393
2026-04-20T23:12:08.685,2,4,GS260424C00540000,GS,2026-04-24,call,540.0,403.01,25.0,412.75,22.0,407.88,,,,,,,,,2026-04-20,925.96,941.8,923.43,941.49,65420.0,934.831393
2026-04-20T23:12:08.685,2,4,GS260424C00550000,GS,2026-04-24,call,550.0,380.72,31.0,392.14,6.0,386.43,326.2,3.0,,,,,,,2026-04-20,925.96,941.8,923.43,941.49,65420.0,934.831393
2026-04-20T23:12:08.685,2,4,GS260424C00560000,GS,2026-04-24,call,560.0,380.72,25.0,388.72,23.0,384.72,,,,,,,,,2026-04-20,925.96,941.8,923.43,941.49,65420.0,934.831393
2026-04-20T23:12:08.685,2,4,GS260424C00570000,GS,2026-04-24,call,570.0,370.27,34.0,379.16,23.0,374.71500000000003,,,,,,,,,2026-04-20,925.96,941.8,923.43,941.49,65420.0,934.831393
2026-04-20T23:12:08.685,2,4,GS260424C00580000,GS,2026-04-24,call,580.0,354.31,25.0,369.45,26.0,361.88,,,,,,,,,2026-04-20,925.96,941.8,923.43,941.49,65420.0,934.831393
2026-04-20T23:12:08.685,2,4,GS260424C00590000,GS,2026-04-24,call,590.0,342.55,25.0,361.7,27.0,352.125,,,,,,,,,2026-04-20,925.96,941.8,923.43,941.49,65420.0,934.831393
2026-04-20T23:12:08.685,2,4,GS260424C00600000,GS,2026-04-24,call,600.0,335.52,25.0,350.38,5.0,342.95,335.41,2.0,,,,,,,2026-04-20,925.96,941.8,923.43,941.49,65420.0,934.831393
2026-04-20T23:12:08.685,2,4,GS260424C00610000,GS,2026-04-24,call,610.0,326.43,25.0,329.62,24.0,328.025,326.4,2.0,,,,,,,2026-04-20,925.96,941.8,923.43,941.49,65420.0,934.831393
2026-04-20T23:12:08.685,2,4,GS260424C00620000,GS,2026-04-24,call,620.0,317.46,25.0,322.54,5.0,320.0,240.69,1.0,,,,,,,2026-04-20,925.96,941.8,923.43,941.49,65420.0,934.831393
2026-04-20T23:12:08.685,2,4,GS260424C00630000,GS,2026-04-24,call,630.0,309.68,25.0,311.31,23.0,310.495,,,,,,,,,2026-04-20,925.96,941.8,923.43,941.49,65420.0,934.831393
2026-04-20T23:12:08.685,2,4,GS260424C00640000,GS,2026-04-24,call,640.0,296.91,21.0,309.11,25.0,303.01,,,,,,,,,2026-04-20,925.96,941.8,923.43,941.49,65420.0,934.831393
2026-04-20T23:12:08.685,2,4,GS260424C00645000,GS,2026-04-24,call,645.0,289.03,25.0,297.84,25.0,293.43499999999995,,,,,,,,,2026-04-20,925.96,941.8,923.43,941.49,65420.0,934.831393
2026-04-20T23:12:08.685,2,4,GS260424C00650000,GS,2026-04-24,call,650.0,282.7,44.0,297.6,43.0,290.15,223.45,11.0,,,,,,,2026-04-20,925.96,941.8,923.43,941.49,65420.0,934.831393
2026-04-20T23:12:08.685,2,4,GS260424C00655000,GS,2026-04-24,call,655.0,285.89,34.0,288.8,25.0,287.345,,,,,,,,,2026-04-20,925.96,941.8,923.43,941.49,65420.0,934.831393
2026-04-20T23:12:08.685,2,4,GS260424C00660000,GS,2026-04-24,call,660.0,279.35,20.0,282.61,15.0,280.98,222.9,1.0,,,,,,,2026-04-20,925.96,941.8,923.43,941.49,65420.0,934.831393
2026-04-20T23:12:08.685,2,4,GS260424C00665000,GS,2026-04-24,call,665.0,275.89,29.0,278.33,24.0,277.11,162.9,1.0,,,,,,,2026-04-20,925.96,941.8,923.43,941.49,65420.0,934.831393
2026-04-20T23:12:08.685,2,4,GS260424C00670000,GS,2026-04-24,call,670.0,264.45,26.0,275.95,5.0,270.2,158.25,1.0,,,,,,,2026-04-20,925.96,941.8,923.43,941.49,65420.0,934.831393
2026-04-20T23:12:08.685,2,4,GS260424C00675000,GS,2026-04-24,call,675.0,261.82,29.0,274.37,23.0,268.095,153.55,1.0,,,,,,,2026-04-20,925.96,941.8,923.43,941.49,65420.0,934.831393
2026-04-20T23:12:08.685,2,4,GS260424C00680000,GS,2026-04-24,call,680.0,257.14,25.0,263.5,25.0,260.32,194.85,1.0,,,,,,,2026-04-20,925.96,941.8,923.43,941.49,65420.0,934.831393
2026-04-20T23:12:08.685,2,4,GS260424C00685000,GS,2026-04-24,call,685.0,248.5,25.0,257.829,27.0,253.1645,192.69,5.0,,,,,,,2026-04-20,925.96,941.8,923.43,941.49,65420.0,934.831393
2026-04-20T23:12:08.685,2,4,GS260424C00690000,GS,2026-04-24,call,690.0,246.86,24.0,252.13,25.0,249.495,184.2,5.0,,,,,,,2026-04-20,925.96,941.8,923.43,941.49,65420.0,934.831393
2026-04-20T23:12:08.685,2,4,GS260424C00695000,GS,2026-04-24,call,695.0,239.2,21.0,250.17,27.0,244.685,169.94,1.0,,,,,,,2026-04-20,925.96,941.8,923.43,941.49,65420.0,934.831393
2026-04-20T23:12:08.685,2,4,GS260424C00700000,GS,2026-04-24,call,700.0,239.73,25.0,250.72,23.0,245.225,235.93,1.0,,,,,,,2026-04-20,925.96,941.8,923.43,941.49,65420.0,934.831393
2026-04-20T23:12:08.685,2,4,GS260424C00705000,GS,2026-04-24,call,705.0,235.14,34.0,239.15,23.0,237.14499999999998,231.19,1.0,,,,,,,2026-04-20,925.96,941.8,923.43,941.49,65420.0,934.831393
2026-04-20T23:12:08.685,2,4,GS260424C00710000,GS,2026-04-24,call,710.0,226.53,34.0,239.42,22.0,232.975,164.98,7.0,,,,,,,2026-04-20,925.96,941.8,923.43,941.49,65420.0,934.831393
2026-04-20T23:12:08.685,2,4,GS260424C00715000,GS,2026-04-24,call,715.0,224.35,25.0,229.1,3.0,226.725,112.67,4.0,,,,,,,2026-04-20,925.96,941.8,923.43,941.49,65420.0,934.831393
2026-04-20T23:12:08.685,2,4,GS260424C00720000,GS,2026-04-24,call,720.0,215.59,25.0,225.08,25.0,220.335,154.5,5.0,,,,,,,2026-04-20,925.96,941.8,923.43,941.49,65420.0,934.831393
2026-04-20T23:12:08.685,2,4,GS260424C00725000,GS,2026-04-24,call,725.0,208.61,34.0,223.7,24.0,216.155,147.0,1.0,,,,,,,2026-04-20,925.96,941.8,923.43,941.49,65420.0,934.831393
2026-04-20T23:12:08.685,2,4,GS260424C00730000,GS,2026-04-24,call,730.0,209.01,33.0,215.52,7.0,212.265,148.34,1.0,,,,,,,2026-04-20,925.96,941.8,923.43,941.49,65420.0,934.831393
2026-04-20T23:12:08.685,2,4,GS260424C00735000,GS,2026-04-24,call,735.0,202.04,25.0,209.99,22.0,206.015,199.93,2.0,,,,,,,2026-04-20,925.96,941.8,923.43,941.49,65420.0,934.831393
2026-04-20T23:12:08.685,2,4,GS260424C00740000,GS,2026-04-24,call,740.0,201.08,20.0,208.96,22.0,205.02,195.4,2.0,,,,,,,2026-04-20,925.96,941.8,923.43,941.49,65420.0,934.831393
2026-04-20T23:12:08.685,2,4,GS260424C00745000,GS,2026-04-24,call,745.0,192.12,26.0,201.87,11.0,196.995,163.95,1.0,,,,,,,2026-04-20,925.96,941.8,923.43,941.49,65420.0,934.831393
2026-04-20T23:12:08.685,2,4,GS260424C00750000,GS,2026-04-24,call,750.0,189.56,25.0,197.36,27.0,193.46,125.0,5.0,,,,,,,2026-04-20,925.96,941.8,923.43,941.49,65420.0,934.831393
2026-04-20T23:12:08.685,2,4,GS260424C00755000,GS,2026-04-24,call,755.0,183.41,26.0,187.24,16.0,185.325,116.27,1.0,,,,,,,2026-04-20,925.96,941.8,923.43,941.49,65420.0,934.831393
2026-04-20T23:12:08.685,2,4,GS260424C00760000,GS,2026-04-24,call,760.0,180.74,26.0,185.06,12.0,182.9,118.49,1.0,,,,,,,2026-04-20,925.96,941.8,923.43,941.49,65420.0,934.831393
2026-04-20T23:12:08.685,2,4,GS260424C00765000,GS,2026-04-24,call,765.0,175.96,26.0,176.12,11.0,176.04000000000002,144.55,1.0,,,,,,,2026-04-20,925.96,941.8,923.43,941.49,65420.0,934.831393
2026-04-20T23:12:08.685,2,4,GS260424C00770000,GS,2026-04-24,call,770.0,170.13,26.0,176.32,12.0,173.225,137.65,5.0,,,,,,,2026-04-20,925.96,941.8,923.43,941.49,65420.0,934.831393
2026-04-20T23:12:08.685,2,4,GS260424C00775000,GS,2026-04-24,call,775.0,163.45,26.0,166.2,11.0,164.825,96.11,1.0,,,,,,,2026-04-20,925.96,941.8,923.43,941.49,65420.0,934.831393
2026-04-20T23:12:08.685,2,4,GS260424C00780000,GS,2026-04-24,call,780.0,160.51,26.0,163.05,11.0,161.78,113.64,1.0,,,,,,,2026-04-20,925.96,941.8,923.43,941.49,65420.0,934.831393
2026-04-20T23:12:08.685,2,4,GS260424C00785000,GS,2026-04-24,call,785.0,154.12,26.0,161.95,13.0,158.035,148.19,10.0,0.8189,0.9853,0.0005,-0.4526,0.0367,0.0844,2026-04-20,925.96,941.8,923.43,941.49,65420.0,934.831393
2026-04-20T23:12:08.685,2,4,GS260424C00790000,GS,2026-04-24,call,790.0,150.24,26.0,157.0,16.0,153.62,122.68,1.0,0.9092,0.9715,0.0007,-0.8062,0.0643,0.0835,2026-04-20,925.96,941.8,923.43,941.49,65420.0,934.831393
2026-04-20T23:12:08.685,2,4,GS260424C00795000,GS,2026-04-24,call,795.0,144.81,68.0,146.58,29.0,145.695,140.46,1.0,,,,,,,2026-04-20,925.96,941.8,923.43,941.49,65420.0,934.831393
2026-04-20T23:12:08.685,2,4,GS260424C00800000,GS,2026-04-24,call,800.0,136.67,38.0,143.81,10.0,140.24,135.38,1.0,,,,,,,2026-04-20,925.96,941.8,923.43,941.49,65420.0,934.831393
2026-04-20T23:12:08.685,2,4,GS260424C00805000,GS,2026-04-24,call,805.0,134.12,75.0,138.74,24.0,136.43,129.84,1.0,,,,,,,2026-04-20,925.96,941.8,923.43,941.49,65420.0,934.831393
2026-04-20T23:12:08.685,2,4,GS260424C00810000,GS,2026-04-24,call,810.0,129.5,35.0,134.53,16.0,132.015,124.87,1.0,,,,,,,2026-04-20,925.96,941.8,923.43,941.49,65420.0,934.831393
2026-04-20T23:12:08.685,2,4,GS260424C00815000,GS,2026-04-24,call,815.0,122.38,35.0,131.85,10.0,127.115,105.65,1.0,,,,,,,2026-04-20,925.96,941.8,923.43,941.49,65420.0,934.831393
2026-04-20T23:12:08.685,2,4,GS260424C00820000,GS,2026-04-24,call,820.0,120.28,32.0,123.74,16.0,122.00999999999999,115.99,1.0,,,,,,,2026-04-20,925.96,941.8,923.43,941.49,65420.0,934.831393
2026-04-20T23:12:08.685,2,4,GS260424C00825000,GS,2026-04-24,call,825.0,112.35,30.0,120.9,11.0,116.625,111.0,1.0,,,,,,,2026-04-20,925.96,941.8,923.43,941.49,65420.0,934.831393
2026-04-20T23:12:08.685,2,4,GS260424C00830000,GS,2026-04-24,call,830.0,106.52,38.0,114.45,24.0,110.485,90.66,1.0,,,,,,,2026-04-20,925.96,941.8,923.43,941.49,65420.0,934.831393
2026-04-20T23:12:08.685,2,4,GS260424C00835000,GS,2026-04-24,call,835.0,102.46,32.0,110.92,11.0,106.69,99.35,1.0,,,,,,,2026-04-20,925.96,941.8,923.43,941.49,65420.0,934.831393
2026-04-20T23:12:08.685,2,4,GS260424C00837500,GS,2026-04-24,call,837.5,98.92,30.0,105.15,13.0,102.035,63.37,1.0,,,,,,,2026-04-20,925.96,941.8,923.43,941.49,65420.0,934.831393
2026-04-20T23:12:08.685,2,4,GS260424C00840000,GS,2026-04-24,call,840.0,96.25,65.0,105.74,39.0,100.995,92.8,1.0,,,,,,,2026-04-20,925.96,941.8,923.43,941.49,65420.0,934.831393
2026-04-20T23:12:08.685,2,4,GS260424C00842500,GS,2026-04-24,call,842.5,95.26,25.0,104.32,23.0,99.78999999999999,64.78,1.0,,,,,,,2026-04-20,925.96,941.8,923.43,941.49,65420.0,934.831393
2026-04-20T23:12:08.685,2,4,GS260424C00845000,GS,2026-04-24,call,845.0,93.75,26.0,100.21,16.0,96.97999999999999,81.7,1.0,,,,,,,2026-04-20,925.96,941.8,923.43,941.49,65420.0,934.831393
2026-04-20T23:12:08.685,2,4,GS260424C00847500,GS,2026-04-24,call,847.5,91.4,25.0,97.87,16.0,94.635,56.15,5.0,,,,,,,2026-04-20,925.96,941.8,923.43,941.49,65420.0,934.831393
2026-04-20T23:12:08.685,2,4,GS260424C00850000,GS,2026-04-24,call,850.0,90.23,89.0,94.35,75.0,92.28999999999999,82.55,1.0,,,,,,,2026-04-20,925.96,941.8,923.43,941.49,65420.0,934.831393
2026-04-20T23:12:08.685,2,4,GS260424C00852500,GS,2026-04-24,call,852.5,85.79,26.0,91.5,13.0,88.64500000000001,51.65,1.0,,,,,,,2026-04-20,925.96,941.8,923.43,941.49,65420.0,934.831393
2026-04-20T23:12:08.685,2,4,GS260424C00855000,GS,2026-04-24,call,855.0,83.51,31.0,91.26,11.0,87.385,81.25,1.0,,,,,,,2026-04-20,925.96,941.8,923.43,941.49,65420.0,934.831393
2026-04-20T23:12:08.685,2,4,GS260424C00857500,GS,2026-04-24,call,857.5,81.41,28.0,88.87,11.0,85.14,41.3,1.0,0.2947,0.999,0.0001,-0.0978,0.0034,0.0938,2026-04-20,925.96,941.8,923.43,941.49,65420.0,934.831393
2026-04-20T23:12:08.685,2,4,GS260424C00860000,GS,2026-04-24,call,860.0,77.78,45.0,84.46,36.0,81.12,76.39,19.0,,,,,,,2026-04-20,925.96,941.8,923.43,941.49,65420.0,934.831393
2026-04-20T23:12:08.685,2,4,GS260424C00862500,GS,2026-04-24,call,862.5,75.75,49.0,81.58,27.0,78.66499999999999,43.15,1.0,,,,,,,2026-04-20,925.96,941.8,923.43,941.49,65420.0,934.831393
2026-04-20T23:12:08.685,2,4,GS260424C00865000,GS,2026-04-24,call,865.0,73.75,38.0,79.55,14.0,76.65,57.68,1.0,,,,,,,2026-04-20,925.96,941.8,923.43,941.49,65420.0,934.831393
2026-04-20T23:12:08.685,2,4,GS260424C00867500,GS,2026-04-24,call,867.5,70.43,34.0,77.78,12.0,74.105,43.03,1.0,,,,,,,2026-04-20,925.96,941.8,923.43,941.49,65420.0,934.831393
2026-04-20T23:12:08.685,2,4,GS260424C00870000,GS,2026-04-24,call,870.0,69.46,38.0,74.02,17.0,71.74,69.18,5.0,,,,,,,2026-04-20,925.96,941.8,923.43,941.49,65420.0,934.831393
2026-04-20T23:12:08.685,2,4,GS260424C00872500,GS,2026-04-24,call,872.5,67.15,27.0,71.37,12.0,69.26,55.4,15.0,,,,,,,2026-04-20,925.96,941.8,923.43,941.49,65420.0,934.831393
2026-04-20T23:12:08.685,2,4,GS260424C00875000,GS,2026-04-24,call,875.0,63.85,71.0,69.82,60.0,66.835,58.5,2.0,,,,,,,2026-04-20,925.96,941.8,923.43,941.49,65420.0,934.831393
2026-04-20T23:12:08.685,2,4,GS260424C00880000,GS,2026-04-24,call,880.0,60.28,78.0,65.66,74.0,62.97,58.66,6.0,0.3401,0.9744,0.0018,-0.3351,0.0588,0.0937,2026-04-20,925.96,941.8,923.43,941.49,65420.0,934.831393
2026-04-20T23:12:08.685,2,4,GS260424C00885000,GS,2026-04-24,call,885.0,52.97,98.0,59.66,61.0,56.315,52.19,1.0,,,,,,,2026-04-20,925.96,941.8,923.43,941.49,65420.0,934.831393
2026-04-20T23:12:08.685,2,4,GS260424C00887500,GS,2026-04-24,call,887.5,52.84,52.0,58.53,14.0,55.685,47.64,1.0,0.333,0.9597,0.0026,-0.4403,0.0855,0.093,2026-04-20,925.96,941.8,923.43,941.49,65420.0,934.831393
2026-04-20T23:12:08.685,2,4,GS260424C00890000,GS,2026-04-24,call,890.0,50.79,85.0,55.84,69.0,53.315,50.18,5.0,0.3341,0.9517,0.003,-0.4974,0.099,0.0924,2026-04-20,925.96,941.8,923.43,941.49,65420.0,934.831393
2026-04-20T23:12:08.685,2,4,GS260424C00892500,GS,2026-04-24,call,892.5,47.66,55.0,53.72,51.0,50.69,39.2,3.0,0.3078,0.9566,0.003,-0.4339,0.0907,0.0932,2026-04-20,925.96,941.8,923.43,941.49,65420.0,934.831393
2026-04-20T23:12:08.685,2,4,GS260424C00895000,GS,2026-04-24,call,895.0,46.16,54.0,50.72,61.0,48.44,44.57,6.0,0.3189,0.9419,0.0037,-0.5406,0.1146,0.092,2026-04-20,925.96,941.8,923.43,941.49,65420.0,934.831393
2026-04-20T23:12:08.685,2,4,GS260424C00897500,GS,2026-04-24,call,897.5,43.02,67.0,47.83,53.0,45.425,38.5,1.0,0.2491,0.971,0.0027,-0.2899,0.0653,0.0953,2026-04-20,925.96,941.8,923.43,941.49,65420.0,934.831393
2026-04-20T23:12:08.685,2,4,GS260424C00900000,GS,2026-04-24,call,900.0,41.04,69.0,46.21,55.0,43.625,43.15,1.0,0.306,0.9281,0.0045,-0.5997,0.1352,0.0911,2026-04-20,925.96,941.8,923.43,941.49,65420.0,934.831393
2026-04-20T23:12:08.685,2,4,GS260424C00902500,GS,2026-04-24,call,902.5,39.75,60.0,44.58,61.0,42.165,31.14,1.0,0.3539,0.8837,0.0056,-0.9325,0.193,0.0866,2026-04-20,925.96,941.8,923.43,941.49,65420.0,934.831393
2026-04-20T23:12:08.685,2,4,GS260424C00905000,GS,2026-04-24,call,905.0,37.12,67.0,41.74,62.0,39.43,38.99,10.0,0.3256,0.8875,0.0059,-0.8467,0.1885,0.0873,2026-04-20,925.96,941.8,923.43,941.49,65420.0,934.831393
2026-04-20T23:12:08.685,2,4,GS260424C00907500,GS,2026-04-24,call,907.5,34.09,108.0,38.53,20.0,36.31,37.04,1.0,0.2749,0.9091,0.006,-0.6362,0.1613,0.0899,2026-04-20,925.96,941.8,923.43,941.49,65420.0,934.831393
2026-04-20T23:12:08.685,2,4,GS260424C00910000,GS,2026-04-24,call,910.0,33.12,65.0,35.79,6.0,34.455,34.94,1.0,0.2949,0.8765,0.007,-0.821,0.2013,0.0867,2026-04-20,925.96,941.8,923.43,941.49,65420.0,934.831393
2026-04-20T23:12:08.685,2,4,GS260424C00912500,GS,2026-04-24,call,912.5,30.53,67.0,34.49,6.0,32.510000000000005,26.0,2.0,0.304,0.8504,0.0078,-0.9492,0.2296,0.0842,2026-04-20,925.96,941.8,923.43,941.49,65420.0,934.831393
2026-04-20T23:12:08.685,2,4,GS260424C00915000,GS,2026-04-24,call,915.0,28.88,84.0,33.46,23.0,31.17,28.61,1.0,0.3325,0.8087,0.0083,-1.1897,0.2688,0.0801,2026-04-20,925.96,941.8,923.43,941.49,65420.0,934.831393
2026-04-20T23:12:08.685,2,4,GS260424C00920000,GS,2026-04-24,call,920.0,24.44,78.0,27.47,5.0,25.955,26.79,1.0,0.2869,0.7955,0.01,-1.0757,0.2799,0.0793,2026-04-20,925.96,941.8,923.43,941.49,65420.0,934.831393
2026-04-20T23:12:08.685,2,4,GS260424C00925000,GS,2026-04-24,call,925.0,22.27,66.0,24.36,4.0,23.314999999999998,22.78,1.0,0.3222,0.7183,0.0106,-1.4065,0.333,0.0716,2026-04-20,925.96,941.8,923.43,941.49,65420.0,934.831393
2026-04-20T23:12:08.685,2,4,GS260424C00930000,GS,2026-04-24,call,930.0,18.85,111.0,22.15,10.0,20.5,20.5,11.0,0.3381,0.6554,0.011,-1.595,0.3633,0.0654,2026-04-20,925.96,941.8,923.43,941.49,65420.0,934.831393
2026-04-20T23:12:08.685,2,4,GS260424C00935000,GS,2026-04-24,call,935.0,15.97,79.0,17.73,28.0,16.85,17.03,2.0,0.3228,0.602,0.0121,-1.5906,0.3806,0.0603,2026-04-20,925.96,941.8,923.43,941.49,65420.0,934.831393
2026-04-20T23:12:08.685,2,4,GS260424C00940000,GS,2026-04-24,call,940.0,12.89,65.0,15.04,60.0,13.965,14.2,1.0,0.3203,0.5403,0.0126,-1.6171,0.3915,0.0543,2026-04-20,925.96,941.8,923.43,941.49,65420.0,934.831393
2026-04-20T23:12:08.685,2,4,GS260424C00945000,GS,2026-04-24,call,945.0,10.99,44.0,12.62,99.0,11.805,11.64,1.0,0.3284,0.4782,0.0123,-1.6567,0.3929,0.0481,2026-04-20,925.96,941.8,923.43,941.49,65420.0,934.831393
2026-04-20T23:12:08.685,2,4,GS260424C00950000,GS,2026-04-24,call,950.0,8.6,80.0,9.64,1.0,9.120000000000001,9.0,5.0,0.315,0.4135,0.0125,-1.5508,0.3842,0.0417,2026-04-20,925.96,941.8,923.43,941.49,65420.0,934.831393
2026-04-20T23:12:08.685,2,4,GS260424C00955000,GS,2026-04-24,call,955.0,6.32,163.0,7.92,23.0,7.12,7.0,10.0,0.3109,0.3508,0.0121,-1.4535,0.3657,0.0354,2026-04-20,925.96,941.8,923.43,941.49,65420.0,934.831393
2026-04-20T23:12:08.685,2,4,GS260424C00960000,GS,2026-04-24,call,960.0,5.2,141.0,6.1,3.0,5.65,5.48,1.0,0.3133,0.2949,0.0112,-1.3597,0.3403,0.0298,2026-04-20,925.96,941.8,923.43,941.49,65420.0,934.831393
2026-04-20T23:12:08.685,2,4,GS260424C00965000,GS,2026-04-24,call,965.0,3.86,158.0,5.07,140.0,4.465,4.25,1.0,0.3166,0.2451,0.0101,-1.2501,0.3102,0.0248,2026-04-20,925.96,941.8,923.43,941.49,65420.0,934.831393
2026-04-20T23:12:08.685,2,4,GS260424C00970000,GS,2026-04-24,call,970.0,3.19,69.0,3.54,2.0,3.365,3.4,1.0,0.3151,0.1976,0.0089,-1.0982,0.2742,0.02,2026-04-20,925.96,941.8,923.43,941.49,65420.0,934.831393
2026-04-20T23:12:08.685,2,4,GS260424C00975000,GS,2026-04-24,call,975.0,2.23,137.0,3.13,35.0,2.6799999999999997,2.47,1.0,0.3216,0.1624,0.0077,-0.9893,0.2423,0.0165,2026-04-20,925.96,941.8,923.43,941.49,65420.0,934.831393
2026-04-20T23:12:08.685,2,4,GS260424C00980000,GS,2026-04-24,call,980.0,1.63,114.0,2.3,118.0,1.9649999999999999,2.01,1.0,0.3202,0.1267,0.0066,-0.8323,0.205,0.0129,2026-04-20,925.96,941.8,923.43,941.49,65420.0,934.831393
2026-04-20T23:12:08.685,2,4,GS260424C00985000,GS,2026-04-24,call,985.0,1.24,92.0,1.64,9.0,1.44,1.49,1.0,0.3204,0.098,0.0055,-0.6921,0.1706,0.01,2026-04-20,925.96,941.8,923.43,941.49,65420.0,934.831393
2026-04-20T23:12:08.685,2,4,GS260424C00990000,GS,2026-04-24,call,990.0,1.02,74.0,1.17,2.0,1.095,1.1,1.0,0.3245,0.077,0.0045,-0.5852,0.1425,0.0078,2026-04-20,925.96,941.8,923.43,941.49,65420.0,934.831393
2026-04-20T23:12:08.685,2,4,GS260424C00995000,GS,2026-04-24,call,995.0,0.69,54.0,0.92,10.0,0.8049999999999999,0.73,1.0,0.3265,0.059,0.0036,-0.4786,0.1159,0.006,2026-04-20,925.96,941.8,923.43,941.49,65420.0,934.831393
2026-04-20T23:12:08.685,2,4,GS260424C01000000,GS,2026-04-24,call,1000.0,0.5,26.0,0.59,70.0,0.5449999999999999,0.51,2.0,0.324,0.0424,0.0028,-0.3648,0.0891,0.0043,2026-04-20,925.96,941.8,923.43,941.49,65420.0,934.831393
2026-04-20T23:12:08.685,2,4,GS260424C01005000,GS,2026-04-24,call,1005.0,0.37,25.0,0.53,6.0,0.45,0.35,1.0,0.3342,0.0349,0.0023,-0.3211,0.0761,0.0036,2026-04-20,925.96,941.8,923.43,941.49,65420.0,934.831393
2026-04-20T23:12:08.685,2,4,GS260424C01010000,GS,2026-04-24,call,1010.0,0.28,59.0,0.4,15.0,0.34,0.26,1.0,0.3389,0.027,0.0019,-0.2627,0.0614,0.0027,2026-04-20,925.96,941.8,923.43,941.49,65420.0,934.831393
2026-04-20T23:12:08.685,2,4,GS260424C01015000,GS,2026-04-24,call,1015.0,0.03,76.0,0.39,38.0,0.21000000000000002,0.15,1.0,0.3334,0.0178,0.0013,-0.1823,0.0433,0.0018,2026-04-20,925.96,941.8,923.43,941.49,65420.0,934.831393
2026-04-20T23:12:08.685,2,4,GS260424C01020000,GS,2026-04-24,call,1020.0,0.03,74.0,0.21,10.0,0.12,0.1,3.0,0.3264,0.011,0.0009,-0.1176,0.0286,0.0011,2026-04-20,925.96,941.8,923.43,941.49,65420.0,934.831393
2026-04-20T23:12:08.685,2,4,GS260424C01025000,GS,2026-04-24,call,1025.0,0.0,0.0,0.31,48.0,0.155,0.13,1.0,,,,,,,2026-04-20,925.96,941.8,923.43,941.49,65420.0,934.831393
2026-04-20T23:12:08.685,2,4,GS260424C01030000,GS,2026-04-24,call,1030.0,0.0,0.0,2.009,168.0,1.0045,0.09,1.0,,,,,,,2026-04-20,925.96,941.8,923.43,941.49,65420.0,934.831393
2026-04-20T23:12:08.685,2,4,GS260424C01040000,GS,2026-04-24,call,1040.0,0.03,62.0,0.29,106.0,0.15999999999999998,0.12,1.0,0.4099,0.0116,0.0008,-0.1548,0.03,0.0012,2026-04-20,925.96,941.8,923.43,941.49,65420.0,934.831393
2026-04-20T23:12:08.685,2,4,GS260424C01050000,GS,2026-04-24,call,1050.0,0.06,1.0,0.13,39.0,0.095,0.06,1.0,0.4168,0.0072,0.0005,-0.1027,0.0196,0.0007,2026-04-20,925.96,941.8,923.43,941.49,65420.0,934.831393
2026-04-20T23:12:08.685,2,4,GS260424C01060000,GS,2026-04-24,call,1060.0,0.0,0.0,0.37,98.0,0.185,0.03,1.0,,,,,,,2026-04-20,925.96,941.8,923.43,941.49,65420.0,934.831393
2026-04-20T23:12:08.685,2,4,GS260424C01070000,GS,2026-04-24,call,1070.0,0.0,0.0,2.54,65.0,1.27,0.3,1.0,,,,,,,2026-04-20,925.96,941.8,923.43,941.49,65420.0,934.831393
2026-04-20T23:12:08.685,2,4,GS260424C01080000,GS,2026-04-24,call,1080.0,0.0,0.0,4.22,77.0,2.11,1.14,2.0,,,,,,,2026-04-20,925.96,941.8,923.43,941.49,65420.0,934.831393
2026-04-20T23:12:08.685,2,4,GS260424C01090000,GS,2026-04-24,call,1090.0,0.0,0.0,4.28,42.0,2.14,0.99,1.0,,,,,,,2026-04-20,925.96,941.8,923.43,941.49,65420.0,934.831393
2026-04-20T23:12:08.685,2,4,GS260424C01100000,GS,2026-04-24,call,1100.0,0.0,0.0,3.19,37.0,1.595,0.04,2.0,,,,,,,2026-04-20,925.96,941.8,923.43,941.49,65420.0,934.831393
2026-04-20T23:12:08.685,2,4,GS260424C01110000,GS,2026-04-24,call,1110.0,0.0,0.0,0.18,58.0,0.09,0.02,2.0,,,,,,,2026-04-20,925.96,941.8,923.43,941.49,65420.0,934.831393
2026-04-20T23:12:08.685,2,4,GS260424C01120000,GS,2026-04-24,call,1120.0,0.0,0.0,0.21,27.0,0.105,0.02,1.0,,,,,,,2026-04-20,925.96,941.8,923.43,941.49,65420.0,934.831393
2026-04-20T23:12:08.685,2,4,GS260424C01130000,GS,2026-04-24,call,1130.0,0.0,0.0,0.98,110.0,0.49,0.24,1.0,,,,,,,2026-04-20,925.96,941.8,923.43,941.49,65420.0,934.831393
2026-04-20T23:12:08.685,2,4,GS260424C01140000,GS,2026-04-24,call,1140.0,0.0,0.0,4.24,48.0,2.12,,,,,,,,,2026-04-20,925.96,941.8,923.43,941.49,65420.0,934.831393
2026-04-20T23:12:08.685,2,4,GS260424C01150000,GS,2026-04-24,call,1150.0,0.0,0.0,4.24,1.0,2.12,,,,,,,,,2026-04-20,925.96,941.8,923.43,941.49,65420.0,934.831393
2026-04-20T23:12:08.685,2,4,GS260424C01160000,GS,2026-04-24,call,1160.0,0.0,0.0,4.28,9.0,2.14,0.27,1.0,,,,,,,2026-04-20,925.96,941.8,923.43,941.49,65420.0,934.831393
2026-04-20T23:12:08.685,2,4,GS260424C01170000,GS,2026-04-24,call,1170.0,0.0,0.0,4.28,1.0,2.14,0.25,1.0,,,,,,,2026-04-20,925.96,941.8,923.43,941.49,65420.0,934.831393
2026-04-20T23:12:08.685,2,4,GS260424C01180000,GS,2026-04-24,call,1180.0,0.0,0.0,0.07,20.0,0.035,,,,,,,,,2026-04-20,925.96,941.8,923.43,941.49,65420.0,934.831393
2026-04-20T23:12:08.685,2,4,GS260424C01190000,GS,2026-04-24,call,1190.0,0.0,0.0,4.37,1.0,2.185,0.35,1.0,,,,,,,2026-04-20,925.96,941.8,923.43,941.49,65420.0,934.831393
2026-04-20T23:12:08.685,2,4,GS260424C01200000,GS,2026-04-24,call,1200.0,0.0,0.0,0.03,29.0,0.015,0.04,1.0,,,,,,,2026-04-20,925.96,941.8,923.43,941.49,65420.0,934.831393
2026-04-20T23:12:08.685,2,4,GS260424C01220000,GS,2026-04-24,call,1220.0,0.0,0.0,4.36,1.0,2.18,,,,,,,,,2026-04-20,925.96,941.8,923.43,941.49,65420.0,934.831393
2026-04-20T23:12:08.685,2,4,GS260424C01240000,GS,2026-04-24,call,1240.0,0.0,0.0,0.07,2.0,0.035,0.17,1.0,,,,,,,2026-04-20,925.96,941.8,923.43,941.49,65420.0,934.831393
2026-04-20T23:12:08.685,2,4,GS260424C01260000,GS,2026-04-24,call,1260.0,0.0,0.0,4.34,2.0,2.17,0.33,1.0,,,,,,,2026-04-20,925.96,941.8,923.43,941.49,65420.0,934.831393
2026-04-20T23:12:08.685,2,4,GS260424C01280000,GS,2026-04-24,call,1280.0,0.0,0.0,0.03,20.0,0.015,0.25,1.0,,,,,,,2026-04-20,925.96,941.8,923.43,941.49,65420.0,934.831393
2026-04-20T23:12:08.685,2,4,GS260424P00480000,GS,2026-04-24,put,480.0,0.0,0.0,0.03,1.0,0.015,0.03,1.0,,,,,,,2026-04-20,925.96,941.8,923.43,941.49,65420.0,934.831393
2026-04-20T23:12:08.685,2,4,GS260424P00490000,GS,2026-04-24,put,490.0,0.0,0.0,0.08,1.0,0.04,0.39,1.0,,,,,,,2026-04-20,925.96,941.8,923.43,941.49,65420.0,934.831393
2026-04-20T23:12:08.685,2,4,GS260424P00500000,GS,2026-04-24,put,500.0,0.0,0.0,0.49,24.0,0.245,0.25,1.0,,,,,,,2026-04-20,925.96,941.8,923.43,941.49,65420.0,934.831393
2026-04-20T23:12:08.685,2,4,GS260424P00510000,GS,2026-04-24,put,510.0,0.0,0.0,0.77,10.0,0.385,0.12,1.0,,,,,,,2026-04-20,925.96,941.8,923.43,941.49,65420.0,934.831393
2026-04-20T23:12:08.685,2,4,GS260424P00520000,GS,2026-04-24,put,520.0,0.0,0.0,0.71,68.0,0.355,0.22,1.0,,,,,,,2026-04-20,925.96,941.8,923.43,941.49,65420.0,934.831393
2026-04-20T23:12:08.685,2,4,GS260424P00530000,GS,2026-04-24,put,530.0,0.0,0.0,0.03,20.0,0.015,0.03,1.0,,,,,,,2026-04-20,925.96,941.8,923.43,941.49,65420.0,934.831393
2026-04-20T23:12:08.685,2,4,GS260424P00540000,GS,2026-04-24,put,540.0,0.0,0.0,0.01,10.0,0.005,0.01,1.0,,,,,,,2026-04-20,925.96,941.8,923.43,941.49,65420.0,934.831393
2026-04-20T23:12:08.685,2,4,GS260424P00550000,GS,2026-04-24,put,550.0,0.0,0.0,0.12,1.0,0.06,0.01,1.0,,,,,,,2026-04-20,925.96,941.8,923.43,941.49,65420.0,934.831393
2026-04-20T23:12:08.685,2,4,GS260424P00560000,GS,2026-04-24,put,560.0,0.0,0.0,0.62,58.0,0.31,0.15,1.0,,,,,,,2026-04-20,925.96,941.8,923.43,941.49,65420.0,934.831393
2026-04-20T23:12:08.685,2,4,GS260424P00570000,GS,2026-04-24,put,570.0,0.0,0.0,0.03,20.0,0.015,0.56,1.0,,,,,,,2026-04-20,925.96,941.8,923.43,941.49,65420.0,934.831393
2026-04-20T23:12:08.685,2,4,GS260424P00580000,GS,2026-04-24,put,580.0,0.0,0.0,0.07,20.0,0.035,0.05,1.0,,,,,,,2026-04-20,925.96,941.8,923.43,941.49,65420.0,934.831393
2026-04-20T23:12:08.685,2,4,GS260424P00590000,GS,2026-04-24,put,590.0,0.0,0.0,0.03,20.0,0.015,0.14,2.0,,,,,,,2026-04-20,925.96,941.8,923.43,941.49,65420.0,934.831393
2026-04-20T23:12:08.685,2,4,GS260424P00600000,GS,2026-04-24,put,600.0,0.0,0.0,0.04,5.0,0.02,0.02,1.0,,,,,,,2026-04-20,925.96,941.8,923.43,941.49,65420.0,934.831393
2026-04-20T23:12:08.685,2,4,GS260424P00610000,GS,2026-04-24,put,610.0,0.0,0.0,0.07,2.0,0.035,0.93,2.0,,,,,,,2026-04-20,925.96,941.8,923.43,941.49,65420.0,934.831393
2026-04-20T23:12:08.685,2,4,GS260424P00620000,GS,2026-04-24,put,620.0,0.0,0.0,0.07,20.0,0.035,0.01,1.0,,,,,,,2026-04-20,925.96,941.8,923.43,941.49,65420.0,934.831393
2026-04-20T23:12:08.685,2,4,GS260424P00630000,GS,2026-04-24,put,630.0,0.0,0.0,0.03,20.0,0.015,0.02,1.0,,,,,,,2026-04-20,925.96,941.8,923.43,941.49,65420.0,934.831393
2026-04-20T23:12:08.685,2,4,GS260424P00640000,GS,2026-04-24,put,640.0,0.0,0.0,0.07,20.0,0.035,0.04,10.0,,,,,,,2026-04-20,925.96,941.8,923.43,941.49,65420.0,934.831393
2026-04-20T23:12:08.685,2,4,GS260424P00645000,GS,2026-04-24,put,645.0,0.0,0.0,0.07,20.0,0.035,0.01,9.0,,,,,,,2026-04-20,925.96,941.8,923.43,941.49,65420.0,934.831393
2026-04-20T23:12:08.685,2,4,GS260424P00650000,GS,2026-04-24,put,650.0,0.0,0.0,0.03,20.0,0.015,0.01,1.0,,,,,,,2026-04-20,925.96,941.8,923.43,941.49,65420.0,934.831393
2026-04-20T23:12:08.685,2,4,GS260424P00655000,GS,2026-04-24,put,655.0,0.0,0.0,0.07,20.0,0.035,0.02,1.0,,,,,,,2026-04-20,925.96,941.8,923.43,941.49,65420.0,934.831393
2026-04-20T23:12:08.685,2,4,GS260424P00660000,GS,2026-04-24,put,660.0,0.0,0.0,0.07,5.0,0.035,0.01,1.0,,,,,,,2026-04-20,925.96,941.8,923.43,941.49,65420.0,934.831393
2026-04-20T23:12:08.685,2,4,GS260424P00665000,GS,2026-04-24,put,665.0,0.0,0.0,0.07,20.0,0.035,0.02,10.0,,,,,,,2026-04-20,925.96,941.8,923.43,941.49,65420.0,934.831393
2026-04-20T23:12:08.685,2,4,GS260424P00670000,GS,2026-04-24,put,670.0,0.0,0.0,0.07,20.0,0.035,0.01,1.0,,,,,,,2026-04-20,925.96,941.8,923.43,941.49,65420.0,934.831393
2026-04-20T23:12:08.685,2,4,GS260424P00675000,GS,2026-04-24,put,675.0,0.0,0.0,0.07,20.0,0.035,0.3,10.0,,,,,,,2026-04-20,925.96,941.8,923.43,941.49,65420.0,934.831393
2026-04-20T23:12:08.685,2,4,GS260424P00680000,GS,2026-04-24,put,680.0,0.0,0.0,0.03,20.0,0.015,0.12,1.0,,,,,,,2026-04-20,925.96,941.8,923.43,941.49,65420.0,934.831393
2026-04-20T23:12:08.685,2,4,GS260424P00685000,GS,2026-04-24,put,685.0,0.03,1.0,0.07,50.0,0.05,0.02,2.0,,,,,,,2026-04-20,925.96,941.8,923.43,941.49,65420.0,934.831393
2026-04-20T23:12:08.685,2,4,GS260424P00690000,GS,2026-04-24,put,690.0,0.0,0.0,0.07,10.0,0.035,0.03,10.0,,,,,,,2026-04-20,925.96,941.8,923.43,941.49,65420.0,934.831393
2026-04-20T23:12:08.685,2,4,GS260424P00695000,GS,2026-04-24,put,695.0,0.0,0.0,0.89,2.0,0.445,0.25,1.0,,,,,,,2026-04-20,925.96,941.8,923.43,941.49,65420.0,934.831393
2026-04-20T23:12:08.685,2,4,GS260424P00700000,GS,2026-04-24,put,700.0,0.0,0.0,0.3,2.0,0.15,0.12,1.0,,,,,,,2026-04-20,925.96,941.8,923.43,941.49,65420.0,934.831393
2026-04-20T23:12:08.685,2,4,GS260424P00705000,GS,2026-04-24,put,705.0,0.0,0.0,1.16,1.0,0.58,0.2,1.0,,,,,,,2026-04-20,925.96,941.8,923.43,941.49,65420.0,934.831393
2026-04-20T23:12:08.685,2,4,GS260424P00710000,GS,2026-04-24,put,710.0,0.0,0.0,3.34,6.0,1.67,0.19,3.0,,,,,,,2026-04-20,925.96,941.8,923.43,941.49,65420.0,934.831393
2026-04-20T23:12:08.685,2,4,GS260424P00715000,GS,2026-04-24,put,715.0,0.0,0.0,3.37,5.0,1.685,0.12,1.0,,,,,,,2026-04-20,925.96,941.8,923.43,941.49,65420.0,934.831393
2026-04-20T23:12:08.685,2,4,GS260424P00720000,GS,2026-04-24,put,720.0,0.0,0.0,4.35,1.0,2.175,0.16,1.0,,,,,,,2026-04-20,925.96,941.8,923.43,941.49,65420.0,934.831393
2026-04-20T23:12:08.685,2,4,GS260424P00725000,GS,2026-04-24,put,725.0,0.0,0.0,4.22,8.0,2.11,0.05,1.0,,,,,,,2026-04-20,925.96,941.8,923.43,941.49,65420.0,934.831393
2026-04-20T23:12:08.685,2,4,GS260424P00730000,GS,2026-04-24,put,730.0,0.0,0.0,4.25,1.0,2.125,0.2,2.0,,,,,,,2026-04-20,925.96,941.8,923.43,941.49,65420.0,934.831393
2026-04-20T23:12:08.685,2,4,GS260424P00735000,GS,2026-04-24,put,735.0,0.0,0.0,4.28,1.0,2.14,0.32,1.0,,,,,,,2026-04-20,925.96,941.8,923.43,941.49,65420.0,934.831393
2026-04-20T23:12:08.685,2,4,GS260424P00740000,GS,2026-04-24,put,740.0,0.01,5.0,0.41,1.0,0.21,0.21,1.0,,,,,,,2026-04-20,925.96,941.8,923.43,941.49,65420.0,934.831393
2026-04-20T23:12:08.685,2,4,GS260424P00745000,GS,2026-04-24,put,745.0,0.0,0.0,0.41,2.0,0.205,1.47,2.0,,,,,,,2026-04-20,925.96,941.8,923.43,941.49,65420.0,934.831393
2026-04-20T23:12:08.685,2,4,GS260424P00750000,GS,2026-04-24,put,750.0,0.0,0.0,2.79,83.0,1.395,0.05,10.0,,,,,,,2026-04-20,925.96,941.8,923.43,941.49,65420.0,934.831393
2026-04-20T23:12:08.685,2,4,GS260424P00755000,GS,2026-04-24,put,755.0,0.0,0.0,0.06,17.0,0.03,0.05,1.0,,,,,,,2026-04-20,925.96,941.8,923.43,941.49,65420.0,934.831393
2026-04-20T23:12:08.685,2,4,GS260424P00760000,GS,2026-04-24,put,760.0,0.0,0.0,0.16,10.0,0.08,0.3,1.0,,,,,,,2026-04-20,925.96,941.8,923.43,941.49,65420.0,934.831393
2026-04-20T23:12:08.685,2,4,GS260424P00765000,GS,2026-04-24,put,765.0,0.0,0.0,0.6,38.0,0.3,0.1,2.0,,,,,,,2026-04-20,925.96,941.8,923.43,941.49,65420.0,934.831393
2026-04-20T23:12:08.685,2,4,GS260424P00770000,GS,2026-04-24,put,770.0,0.0,0.0,0.2,15.0,0.1,0.25,1.0,,,,,,,2026-04-20,925.96,941.8,923.43,941.49,65420.0,934.831393
2026-04-20T23:12:08.685,2,4,GS260424P00775000,GS,2026-04-24,put,775.0,0.0,0.0,2.65,52.0,1.325,0.15,2.0,,,,,,,2026-04-20,925.96,941.8,923.43,941.49,65420.0,934.831393
2026-04-20T23:12:08.685,2,4,GS260424P00780000,GS,2026-04-24,put,780.0,0.0,0.0,0.08,48.0,0.04,0.08,1.0,,,,,,,2026-04-20,925.96,941.8,923.43,941.49,65420.0,934.831393
2026-04-20T23:12:08.685,2,4,GS260424P00785000,GS,2026-04-24,put,785.0,0.0,0.0,0.05,15.0,0.025,0.07,1.0,,,,,,,2026-04-20,925.96,941.8,923.43,941.49,65420.0,934.831393
2026-04-20T23:12:08.685,2,4,GS260424P00790000,GS,2026-04-24,put,790.0,0.01,4.0,0.04,9.0,0.025,0.04,10.0,0.5752,-0.0015,0.0001,-0.0348,0.0049,-0.0002,2026-04-20,925.96,941.8,923.43,941.49,65420.0,934.831393
2026-04-20T23:12:08.685,2,4,GS260424P00795000,GS,2026-04-24,put,795.0,0.0,0.0,1.31,48.0,0.655,0.09,1.0,,,,,,,2026-04-20,925.96,941.8,923.43,941.49,65420.0,934.831393
2026-04-20T23:12:08.685,2,4,GS260424P00800000,GS,2026-04-24,put,800.0,0.01,2.0,0.48,1.0,0.245,0.06,10.0,0.6885,-0.0104,0.0004,-0.2325,0.0271,-0.0011,2026-04-20,925.96,941.8,923.43,941.49,65420.0,934.831393
2026-04-20T23:12:08.685,2,4,GS260424P00805000,GS,2026-04-24,put,805.0,0.0,0.0,0.07,61.0,0.035,0.09,2.0,,,,,,,2026-04-20,925.96,941.8,923.43,941.49,65420.0,934.831393
2026-04-20T23:12:08.685,2,4,GS260424P00810000,GS,2026-04-24,put,810.0,0.03,4.0,0.15,14.0,0.09,0.08,1.0,0.5689,-0.005,0.0003,-0.1007,0.0142,-0.0005,2026-04-20,925.96,941.8,923.43,941.49,65420.0,934.831393
2026-04-20T23:12:08.685,2,4,GS260424P00815000,GS,2026-04-24,put,815.0,0.03,2.0,0.29,1.0,0.15999999999999998,0.12,2.0,0.5865,-0.0082,0.0004,-0.1608,0.022,-0.0009,2026-04-20,925.96,941.8,923.43,941.49,65420.0,934.831393
2026-04-20T23:12:08.685,2,4,GS260424P00820000,GS,2026-04-24,put,820.0,0.01,1.0,0.16,5.0,0.085,0.09,21.0,0.5241,-0.0051,0.0003,-0.0947,0.0145,-0.0005,2026-04-20,925.96,941.8,923.43,941.49,65420.0,934.831393
2026-04-20T23:12:08.685,2,4,GS260424P00825000,GS,2026-04-24,put,825.0,0.0,0.0,0.22,9.0,0.11,0.24,30.0,,,,,,,2026-04-20,925.96,941.8,923.43,941.49,65420.0,934.831393
2026-04-20T23:12:08.685,2,4,GS260424P00830000,GS,2026-04-24,put,830.0,0.07,5.0,0.18,1.0,0.125,0.21,2.0,0.5054,-0.0075,0.0004,-0.1284,0.0204,-0.0008,2026-04-20,925.96,941.8,923.43,941.49,65420.0,934.831393
2026-04-20T23:12:08.685,2,4,GS260424P00835000,GS,2026-04-24,put,835.0,0.06,2.0,2.77,29.0,1.415,0.17,1.0,0.7095,-0.0474,0.0014,-0.8606,0.0976,-0.0051,2026-04-20,925.96,941.8,923.43,941.49,65420.0,934.831393
2026-04-20T23:12:08.685,2,4,GS260424P00837500,GS,2026-04-24,put,837.5,0.0,0.0,0.18,16.0,0.09,0.44,1.0,,,,,,,2026-04-20,925.96,941.8,923.43,941.49,65420.0,934.831393
2026-04-20T23:12:08.685,2,4,GS260424P00840000,GS,2026-04-24,put,840.0,0.08,26.0,0.13,15.0,0.10500000000000001,0.13,10.0,0.4534,-0.0071,0.0004,-0.1093,0.0194,-0.0007,2026-04-20,925.96,941.8,923.43,941.49,65420.0,934.831393
2026-04-20T23:12:08.685,2,4,GS260424P00842500,GS,2026-04-24,put,842.5,0.0,0.0,0.14,1.0,0.07,0.37,1.0,,,,,,,2026-04-20,925.96,941.8,923.43,941.49,65420.0,934.831393
2026-04-20T23:12:08.685,2,4,GS260424P00845000,GS,2026-04-24,put,845.0,0.08,15.0,0.15,5.0,0.11499999999999999,0.34,1.0,0.4374,-0.0079,0.0005,-0.1167,0.0215,-0.0008,2026-04-20,925.96,941.8,923.43,941.49,65420.0,934.831393
2026-04-20T23:12:08.685,2,4,GS260424P00847500,GS,2026-04-24,put,847.5,0.0,0.0,0.23,10.0,0.115,0.44,1.0,,,,,,,2026-04-20,925.96,941.8,923.43,941.49,65420.0,934.831393
2026-04-20T23:12:08.685,2,4,GS260424P00850000,GS,2026-04-24,put,850.0,0.1,16.0,0.21,5.0,0.155,0.19,1.0,0.4326,-0.0105,0.0007,-0.1475,0.0275,-0.0011,2026-04-20,925.96,941.8,923.43,941.49,65420.0,934.831393
2026-04-20T23:12:08.685,2,4,GS260424P00852500,GS,2026-04-24,put,852.5,0.0,0.0,0.32,10.0,0.16,0.53,4.0,,,,,,,2026-04-20,925.96,941.8,923.43,941.49,65420.0,934.831393
2026-04-20T23:12:08.685,2,4,GS260424P00855000,GS,2026-04-24,put,855.0,0.06,22.0,0.21,31.0,0.135,0.21,7.0,0.4037,-0.0099,0.0007,-0.1304,0.026,-0.001,2026-04-20,925.96,941.8,923.43,941.49,65420.0,934.831393
2026-04-20T23:12:08.685,2,4,GS260424P00857500,GS,2026-04-24,put,857.5,0.09,36.0,0.29,10.0,0.19,1.05,1.0,0.4114,-0.0132,0.0008,-0.171,0.0335,-0.0014,2026-04-20,925.96,941.8,923.43,941.49,65420.0,934.831393
2026-04-20T23:12:08.685,2,4,GS260424P00860000,GS,2026-04-24,put,860.0,0.19,49.0,0.33,40.0,0.26,0.33,1.0,0.4188,-0.0172,0.001,-0.2184,0.042,-0.0018,2026-04-20,925.96,941.8,923.43,941.49,65420.0,934.831393
2026-04-20T23:12:08.685,2,4,GS260424P00862500,GS,2026-04-24,put,862.5,0.26,29.0,0.45,14.0,0.355,0.64,1.0,0.4274,-0.0223,0.0013,-0.2774,0.0523,-0.0023,2026-04-20,925.96,941.8,923.43,941.49,65420.0,934.831393
2026-04-20T23:12:08.685,2,4,GS260424P00865000,GS,2026-04-24,put,865.0,0.23,27.0,0.38,10.0,0.305,0.38,10.0,0.4058,-0.0204,0.0012,-0.2445,0.0486,-0.0021,2026-04-20,925.96,941.8,923.43,941.49,65420.0,934.831393
2026-04-20T23:12:08.685,2,4,GS260424P00867500,GS,2026-04-24,put,867.5,0.3,21.0,0.48,2.0,0.39,0.86,1.0,0.41,-0.0251,0.0015,-0.2943,0.0579,-0.0026,2026-04-20,925.96,941.8,923.43,941.49,65420.0,934.831393
2026-04-20T23:12:08.685,2,4,GS260424P00870000,GS,2026-04-24,put,870.0,0.32,31.0,0.5,52.0,0.41000000000000003,0.5,1.0,0.4013,-0.0268,0.0016,-0.3037,0.061,-0.0028,2026-04-20,925.96,941.8,923.43,941.49,65420.0,934.831393
2026-04-20T23:12:08.685,2,4,GS260424P00872500,GS,2026-04-24,put,872.5,0.48,25.0,0.57,6.0,0.5249999999999999,1.03,2.0,0.4063,-0.0329,0.0018,-0.3646,0.0724,-0.0035,2026-04-20,925.96,941.8,923.43,941.49,65420.0,934.831393
2026-04-20T23:12:08.685,2,4,GS260424P00875000,GS,2026-04-24,put,875.0,0.47,28.0,0.61,5.0,0.54,0.57,4.0,0.3958,-0.0345,0.002,-0.3694,0.0753,-0.0036,2026-04-20,925.96,941.8,923.43,941.49,65420.0,934.831393
2026-04-20T23:12:08.685,2,4,GS260424P00880000,GS,2026-04-24,put,880.0,0.62,40.0,0.83,7.0,0.725,0.83,4.0,0.3922,-0.0449,0.0024,-0.4534,0.0934,-0.0047,2026-04-20,925.96,941.8,923.43,941.49,65420.0,934.831393
2026-04-20T23:12:08.685,2,4,GS260424P00885000,GS,2026-04-24,put,885.0,0.88,8.0,1.12,5.0,1.0,1.12,1.0,0.3915,-0.0593,0.0031,-0.5642,0.1164,-0.0062,2026-04-20,925.96,941.8,923.43,941.49,65420.0,934.831393
2026-04-20T23:12:08.685,2,4,GS260424P00887500,GS,2026-04-24,put,887.5,1.01,23.0,1.35,117.0,1.1800000000000002,1.27,3.0,0.3921,-0.0682,0.0034,-0.6296,0.1298,-0.0072,2026-04-20,925.96,941.8,923.43,941.49,65420.0,934.831393
2026-04-20T23:12:08.685,2,4,GS260424P00890000,GS,2026-04-24,put,890.0,1.17,18.0,1.38,47.0,1.275,1.35,2.0,0.3849,-0.074,0.0037,-0.6577,0.1382,-0.0078,2026-04-20,925.96,941.8,923.43,941.49,65420.0,934.831393
2026-04-20T23:12:08.685,2,4,GS260424P00892500,GS,2026-04-24,put,892.5,1.34,39.0,1.86,143.0,1.6,1.48,1.0,0.3922,-0.0881,0.0041,-0.7644,0.1577,-0.0093,2026-04-20,925.96,941.8,923.43,941.49,65420.0,934.831393
2026-04-20T23:12:08.685,2,4,GS260424P00895000,GS,2026-04-24,put,895.0,1.21,105.0,2.39,142.0,1.8,2.32,10.0,0.3891,-0.0978,0.0045,-0.8192,0.1703,-0.0103,2026-04-20,925.96,941.8,923.43,941.49,65420.0,934.831393
2026-04-20T23:12:08.685,2,4,GS260424P00897500,GS,2026-04-24,put,897.5,1.67,66.0,2.2,164.0,1.935,2.03,4.0,0.3813,-0.1056,0.0049,-0.8486,0.1802,-0.0111,2026-04-20,925.96,941.8,923.43,941.49,65420.0,934.831393
2026-04-20T23:12:08.685,2,4,GS260424P00900000,GS,2026-04-24,put,900.0,2.02,2.0,2.27,38.0,2.145,2.2,1.0,0.3767,-0.1162,0.0053,-0.8969,0.1929,-0.0122,2026-04-20,925.96,941.8,923.43,941.49,65420.0,934.831393
2026-04-20T23:12:08.685,2,4,GS260424P00902500,GS,2026-04-24,put,902.5,2.12,96.0,3.33,139.0,2.725,3.7,1.0,0.3885,-0.1376,0.0057,-1.0406,0.217,-0.0145,2026-04-20,925.96,941.8,923.43,941.49,65420.0,934.831393
2026-04-20T23:12:08.685,2,4,GS260424P00905000,GS,2026-04-24,put,905.0,2.13,126.0,2.98,20.0,2.5549999999999997,3.15,1.0,0.3638,-0.1379,0.0061,-0.9749,0.2173,-0.0145,2026-04-20,925.96,941.8,923.43,941.49,65420.0,934.831393
2026-04-20T23:12:08.685,2,4,GS260424P00907500,GS,2026-04-24,put,907.5,2.62,99.0,3.27,3.0,2.9450000000000003,4.15,1.0,0.3639,-0.1546,0.0066,-1.0524,0.2346,-0.0163,2026-04-20,925.96,941.8,923.43,941.49,65420.0,934.831393
2026-04-20T23:12:08.685,2,4,GS260424P00910000,GS,2026-04-24,put,910.0,3.24,2.0,3.72,18.0,3.4800000000000004,3.6,1.0,0.368,-0.1749,0.0071,-1.1525,0.2542,-0.0184,2026-04-20,925.96,941.8,923.43,941.49,65420.0,934.831393
2026-04-20T23:12:08.685,2,4,GS260424P00912500,GS,2026-04-24,put,912.5,3.15,67.0,4.37,20.0,3.76,5.15,1.0,0.3603,-0.1891,0.0076,-1.1838,0.2669,-0.0199,2026-04-20,925.96,941.8,923.43,941.49,65420.0,934.831393
2026-04-20T23:12:08.685,2,4,GS260424P00915000,GS,2026-04-24,put,915.0,3.78,85.0,4.57,2.0,4.175,4.4,1.0,0.3564,-0.207,0.0081,-1.2358,0.2819,-0.0218,2026-04-20,925.96,941.8,923.43,941.49,65420.0,934.831393
2026-04-20T23:12:08.685,2,4,GS260424P00920000,GS,2026-04-24,put,920.0,4.94,18.0,5.63,1.0,5.285,5.63,1.0,0.3535,-0.2495,0.0091,-1.3598,0.3131,-0.0263,2026-04-20,925.96,941.8,923.43,941.49,65420.0,934.831393
2026-04-20T23:12:08.685,2,4,GS260424P00925000,GS,2026-04-24,put,925.0,6.02,93.0,7.12,50.0,6.57,6.67,4.0,0.3493,-0.2961,0.01,-1.4602,0.3409,-0.0313,2026-04-20,925.96,941.8,923.43,941.49,65420.0,934.831393
2026-04-20T23:12:08.685,2,4,GS260424P00930000,GS,2026-04-24,put,930.0,7.73,21.0,8.91,38.0,8.32,8.24,1.0,0.3513,-0.3497,0.0107,-1.5703,0.3653,-0.037,2026-04-20,925.96,941.8,923.43,941.49,65420.0,934.831393
2026-04-20T23:12:08.685,2,4,GS260424P00935000,GS,2026-04-24,put,935.0,8.88,144.0,10.62,8.0,9.75,10.57,1.0,0.3376,-0.4018,0.0116,-1.5713,0.3815,-0.0426,2026-04-20,925.96,941.8,923.43,941.49,65420.0,934.831393
2026-04-20T23:12:08.685,2,4,GS260424P00940000,GS,2026-04-24,put,940.0,11.64,17.0,13.86,143.0,12.75,12.8,1.0,0.3573,-0.4624,0.0113,-1.7053,0.3918,-0.0491,2026-04-20,925.96,941.8,923.43,941.49,65420.0,934.831393
2026-04-20T23:12:08.685,2,4,GS260424P00945000,GS,2026-04-24,put,945.0,13.18,152.0,16.78,162.0,14.98,13.21,5.0,0.3498,-0.5196,0.0115,-1.6683,0.3931,-0.0553,2026-04-20,925.96,941.8,923.43,941.49,65420.0,934.831393
2026-04-20T23:12:08.685,2,4,GS260424P00950000,GS,2026-04-24,put,950.0,16.219,104.0,18.98,140.0,17.5995,18.0,1.0,0.3448,-0.578,0.0115,-1.6076,0.386,-0.0616,2026-04-20,925.96,941.8,923.43,941.49,65420.0,934.831393
2026-04-20T23:12:08.685,2,4,GS260424P00955000,GS,2026-04-24,put,955.0,18.72,57.0,22.97,63.0,20.845,32.05,1.0,0.3488,-0.6322,0.011,-1.559,0.3717,-0.0676,2026-04-20,925.96,941.8,923.43,941.49,65420.0,934.831393
2026-04-20T23:12:08.685,2,4,GS260424P00960000,GS,2026-04-24,put,960.0,22.82,96.0,27.11,90.0,24.965,27.3,1.0,0.3703,-0.6739,0.0099,-1.58,0.3555,-0.0723,2026-04-20,925.96,941.8,923.43,941.49,65420.0,934.831393
2026-04-20T23:12:08.685,2,4,GS260424P00965000,GS,2026-04-24,put,965.0,26.43,16.0,31.02,29.0,28.725,34.94,1.0,0.3765,-0.7171,0.0091,-1.5004,0.3337,-0.0772,2026-04-20,925.96,941.8,923.43,941.49,65420.0,934.831393
2026-04-20T23:12:08.685,2,4,GS260424P00970000,GS,2026-04-24,put,970.0,28.68,34.0,33.84,44.0,31.26,43.48,1.0,0.3355,-0.7871,0.0088,-1.1247,0.2866,-0.0847,2026-04-20,925.96,941.8,923.43,941.49,65420.0,934.831393
2026-04-20T23:12:08.685,2,4,GS260424P00975000,GS,2026-04-24,put,975.0,34.91,6.0,38.8,80.0,36.855,40.0,2.0,0.3915,-0.7888,0.0075,-1.3181,0.2852,-0.0855,2026-04-20,925.96,941.8,923.43,941.49,65420.0,934.831393
2026-04-20T23:12:08.685,2,4,GS260424P00980000,GS,2026-04-24,put,980.0,38.3,69.0,42.5,60.0,40.4,44.28,1.0,0.3699,-0.8374,0.0067,-1.0388,0.2426,-0.0909,2026-04-20,925.96,941.8,923.43,941.49,65420.0,934.831393
2026-04-20T23:12:08.685,2,4,GS260424P00985000,GS,2026-04-24,put,985.0,42.51,48.0,48.57,34.0,45.54,51.05,1.0,0.4071,-0.8437,0.006,-1.1191,0.2364,-0.0921,2026-04-20,925.96,941.8,923.43,941.49,65420.0,934.831393
2026-04-20T23:12:08.685,2,4,GS260424P00990000,GS,2026-04-24,put,990.0,45.99,50.0,52.37,50.0,49.18,55.8,1.0,0.3717,-0.8925,0.005,-0.7592,0.1825,-0.0975,2026-04-20,925.96,941.8,923.43,941.49,65420.0,934.831393
2026-04-20T23:12:08.685,2,4,GS260424P00995000,GS,2026-04-24,put,995.0,51.3,20.0,57.52,26.0,54.41,159.33,1.0,0.4118,-0.891,0.0046,-0.8597,0.1843,-0.098,2026-04-20,925.96,941.8,923.43,941.49,65420.0,934.831393
2026-04-20T23:12:08.685,2,4,GS260424P01000000,GS,2026-04-24,put,1000.0,56.65,26.0,62.19,24.0,59.42,73.41,10.0,0.4397,-0.8961,0.0042,-0.8879,0.178,-0.0991,2026-04-20,925.96,941.8,923.43,941.49,65420.0,934.831393
2026-04-20T23:12:08.685,2,4,GS260424P01005000,GS,2026-04-24,put,1005.0,61.16,13.0,66.36,27.0,63.76,,,0.4247,-0.9219,0.0035,-0.6715,0.144,-0.1022,2026-04-20,925.96,941.8,923.43,941.49,65420.0,934.831393
2026-04-20T23:12:08.685,2,4,GS260424P01010000,GS,2026-04-24,put,1010.0,67.35,12.0,73.23,26.0,70.28999999999999,195.85,1.0,0.5409,-0.883,0.0037,-1.2207,0.1938,-0.0989,2026-04-20,925.96,941.8,923.43,941.49,65420.0,934.831393
2026-04-20T23:12:08.685,2,4,GS260424P01015000,GS,2026-04-24,put,1015.0,71.99,16.0,76.82,26.0,74.405,,,0.5176,-0.9094,0.0032,-0.9484,0.1609,-0.1021,2026-04-20,925.96,941.8,923.43,941.49,65420.0,934.831393
2026-04-20T23:12:08.685,2,4,GS260424P01020000,GS,2026-04-24,put,1020.0,76.04,30.0,84.08,30.0,80.06,93.32,10.0,0.5822,-0.8967,0.0031,-1.1977,0.1772,-0.1014,2026-04-20,925.96,941.8,923.43,941.49,65420.0,934.831393
2026-04-20T23:12:08.685,2,4,GS260424P01025000,GS,2026-04-24,put,1025.0,80.48,26.0,88.49,26.0,84.485,104.76,1.0,0.5732,-0.9139,0.0028,-1.016,0.1549,-0.1036,2026-04-20,925.96,941.8,923.43,941.49,65420.0,934.831393
2026-04-20T23:12:08.685,2,4,GS260424P01030000,GS,2026-04-24,put,1030.0,85.66,22.0,92.72,30.0,89.19,,,0.5778,-0.9243,0.0025,-0.9201,0.1406,-0.1052,2026-04-20,925.96,941.8,923.43,941.49,65420.0,934.831393
2026-04-20T23:12:08.685,2,4,GS260424P01040000,GS,2026-04-24,put,1040.0,94.82,10.0,101.41,30.0,98.115,167.01,5.0,0.5273,-0.9602,0.0017,-0.4585,0.0847,-0.1099,2026-04-20,925.96,941.8,923.43,941.49,65420.0,934.831393
2026-04-20T23:12:08.685,2,4,GS260424P01050000,GS,2026-04-24,put,1050.0,107.52,12.0,114.28,26.0,110.9,176.35,1.0,0.7842,-0.8984,0.0023,-1.6211,0.1751,-0.1049,2026-04-20,925.96,941.8,923.43,941.49,65420.0,934.831393
2026-04-20T23:12:08.685,2,4,GS260424P01060000,GS,2026-04-24,put,1060.0,116.75,13.0,123.89,26.0,120.32,,,0.7981,-0.9134,0.002,-1.4546,0.1556,-0.1075,2026-04-20,925.96,941.8,923.43,941.49,65420.0,934.831393
2026-04-20T23:12:08.685,2,4,GS260424P01070000,GS,2026-04-24,put,1070.0,125.2,12.0,131.09,26.0,128.145,194.74,10.0,0.6539,-0.9654,0.0012,-0.514,0.0755,-0.1137,2026-04-20,925.96,941.8,923.43,941.49,65420.0,934.831393
2026-04-20T23:12:08.685,2,4,GS260424P01080000,GS,2026-04-24,put,1080.0,133.42,8.0,142.27,25.0,137.845,,,0.6466,-0.9759,0.0009,-0.3468,0.0559,-0.1159,2026-04-20,925.96,941.8,923.43,941.49,65420.0,934.831393
2026-04-20T23:12:08.685,2,4,GS260424P01090000,GS,2026-04-24,put,1090.0,148.23,11.0,151.55,26.0,149.89,,,0.9056,-0.9312,0.0015,-1.3776,0.1307,-0.1126,2026-04-20,925.96,941.8,923.43,941.49,65420.0,934.831393
2026-04-20T23:12:08.685,2,4,GS260424P01100000,GS,2026-04-24,put,1100.0,156.88,13.0,163.14,26.0,160.01,,,0.9585,-0.9317,0.0014,-1.4545,0.13,-0.1137,2026-04-20,925.96,941.8,923.43,941.49,65420.0,934.831393
2026-04-20T23:12:08.685,2,4,GS260424P01110000,GS,2026-04-24,put,1110.0,166.82,11.0,170.54,26.0,168.68,,,0.8774,-0.9585,0.001,-0.8546,0.0877,-0.1175,2026-04-20,925.96,941.8,923.43,941.49,65420.0,934.831393
2026-04-20T23:12:08.685,2,4,GS260424P01120000,GS,2026-04-24,put,1120.0,174.91,12.0,180.02,26.0,177.465,247.2,5.0,0.6864,-0.9909,0.0004,-0.0963,0.0241,-0.1218,2026-04-20,925.96,941.8,923.43,941.49,65420.0,934.831393
2026-04-20T23:12:08.685,2,4,GS260424P01130000,GS,2026-04-24,put,1130.0,183.93,12.0,194.87,26.0,189.4,257.2,5.0,1.0312,-0.9479,0.001,-1.2464,0.1051,-0.1186,2026-04-20,925.96,941.8,923.43,941.49,65420.0,934.831393
2026-04-20T23:12:08.685,2,4,GS260424P01140000,GS,2026-04-24,put,1140.0,196.02,12.0,199.2,26.0,197.61,,,0.8022,-0.9868,0.0004,-0.2224,0.0334,-0.1236,2026-04-20,925.96,941.8,923.43,941.49,65420.0,934.831393
2026-04-20T23:12:08.685,2,4,GS260424P01150000,GS,2026-04-24,put,1150.0,202.63,16.0,208.4,26.0,205.515,278.87,5.0,,,,,,,2026-04-20,925.96,941.8,923.43,941.49,65420.0,934.831393
2026-04-20T23:12:08.685,2,4,GS260424P01160000,GS,2026-04-24,put,1160.0,213.58,13.0,218.68,26.0,216.13,,,,,,,,,2026-04-20,925.96,941.8,923.43,941.49,65420.0,934.831393
2026-04-20T23:12:08.685,2,4,GS260424P01170000,GS,2026-04-24,put,1170.0,222.92,16.0,232.84,26.0,227.88,,,,,,,,,2026-04-20,925.96,941.8,923.43,941.49,65420.0,934.831393
2026-04-20T23:12:08.685,2,4,GS260424P01180000,GS,2026-04-24,put,1180.0,230.7,25.0,246.14,25.0,238.42,,,,,,,,,2026-04-20,925.96,941.8,923.43,941.49,65420.0,934.831393
2026-04-20T23:12:08.685,2,4,GS260424P01190000,GS,2026-04-24,put,1190.0,242.36,6.0,256.519,26.0,249.4395,,,,,,,,,2026-04-20,925.96,941.8,923.43,941.49,65420.0,934.831393
2026-04-20T23:12:08.685,2,4,GS260424P01200000,GS,2026-04-24,put,1200.0,259.57,10.0,263.51,26.0,261.53999999999996,,,,,,,,,2026-04-20,925.96,941.8,923.43,941.49,65420.0,934.831393
2026-04-20T23:12:08.685,2,4,GS260424P01220000,GS,2026-04-24,put,1220.0,278.91,12.0,287.34,26.0,283.125,,,,,,,,,2026-04-20,925.96,941.8,923.43,941.49,65420.0,934.831393
2026-04-20T23:12:08.685,2,4,GS260424P01240000,GS,2026-04-24,put,1240.0,297.78,14.0,299.45,26.0,298.615,,,,,,,,,2026-04-20,925.96,941.8,923.43,941.49,65420.0,934.831393
2026-04-20T23:12:08.685,2,4,GS260424P01260000,GS,2026-04-24,put,1260.0,318.77,12.0,323.46,26.0,321.115,,,,,,,,,2026-04-20,925.96,941.8,923.43,941.49,65420.0,934.831393
2026-04-20T23:12:08.685,2,4,GS260424P01280000,GS,2026-04-24,put,1280.0,333.75,10.0,340.31,26.0,337.03,,,,,,,,,2026-04-20,925.96,941.8,923.43,941.49,65420.0,934.831393
2026-04-20T23:12:08.685,14,11,GS260501C00480000,GS,2026-05-01,call,480.0,453.98,25.0,460.55,17.0,457.265,,,,,,,,,2026-04-20,925.96,941.8,923.43,941.49,65420.0,934.831393
2026-04-20T23:12:08.685,14,11,GS260501C00490000,GS,2026-05-01,call,490.0,444.87,25.0,458.4,21.0,451.635,,,,,,,,,2026-04-20,925.96,941.8,923.43,941.49,65420.0,934.831393
2026-04-20T23:12:08.685,14,11,GS260501C00500000,GS,2026-05-01,call,500.0,437.02,13.0,441.82,16.0,439.41999999999996,,,,,,,,,2026-04-20,925.96,941.8,923.43,941.49,65420.0,934.831393
2026-04-20T23:12:08.685,14,11,GS260501C00510000,GS,2026-05-01,call,510.0,426.24,25.0,437.06,25.0,431.65,,,,,,,,,2026-04-20,925.96,941.8,923.43,941.49,65420.0,934.831393
2026-04-20T23:12:08.685,14,11,GS260501C00520000,GS,2026-05-01,call,520.0,413.14,26.0,433.41,20.0,423.275,,,,,,,,,2026-04-20,925.96,941.8,923.43,941.49,65420.0,934.831393
2026-04-20T23:12:08.685,14,11,GS260501C00530000,GS,2026-05-01,call,530.0,411.62,18.0,419.62,25.0,415.62,,,,,,,,,2026-04-20,925.96,941.8,923.43,941.49,65420.0,934.831393
2026-04-20T23:12:08.685,14,11,GS260501C00540000,GS,2026-05-01,call,540.0,405.51,14.0,413.66,18.0,409.58500000000004,,,,,,,,,2026-04-20,925.96,941.8,923.43,941.49,65420.0,934.831393
2026-04-20T23:12:08.685,14,11,GS260501C00550000,GS,2026-05-01,call,550.0,391.42,25.0,401.1,25.0,396.26,,,,,,,,,2026-04-20,925.96,941.8,923.43,941.49,65420.0,934.831393
2026-04-20T23:12:08.685,14,11,GS260501C00560000,GS,2026-05-01,call,560.0,373.29,27.0,388.33,20.0,380.81,,,,,,,,,2026-04-20,925.96,941.8,923.43,941.49,65420.0,934.831393
2026-04-20T23:12:08.685,14,11,GS260501C00570000,GS,2026-05-01,call,570.0,363.16,25.0,374.25,36.0,368.70500000000004,,,,,,,,,2026-04-20,925.96,941.8,923.43,941.49,65420.0,934.831393
2026-04-20T23:12:08.685,14,11,GS260501C00580000,GS,2026-05-01,call,580.0,359.21,19.0,366.24,36.0,362.725,,,,,,,,,2026-04-20,925.96,941.8,923.43,941.49,65420.0,934.831393
2026-04-20T23:12:08.685,14,11,GS260501C00590000,GS,2026-05-01,call,590.0,347.65,14.0,356.71,25.0,352.17999999999995,,,,,,,,,2026-04-20,925.96,941.8,923.43,941.49,65420.0,934.831393
2026-04-20T23:12:08.685,14,11,GS260501C00600000,GS,2026-05-01,call,600.0,335.6,26.0,339.31,25.0,337.45500000000004,308.1,1.0,,,,,,,2026-04-20,925.96,941.8,923.43,941.49,65420.0,934.831393
2026-04-20T23:12:08.685,14,11,GS260501C00610000,GS,2026-05-01,call,610.0,328.63,19.0,332.36,2.0,330.495,,,,,,,,,2026-04-20,925.96,941.8,923.43,941.49,65420.0,934.831393
2026-04-20T23:12:08.685,14,11,GS260501C00620000,GS,2026-05-01,call,620.0,318.84,19.0,319.08,1.0,318.96,,,,,,,,,2026-04-20,925.96,941.8,923.43,941.49,65420.0,934.831393
2026-04-20T23:12:08.685,14,11,GS260501C00630000,GS,2026-05-01,call,630.0,307.52,20.0,314.5,2.0,311.01,,,,,,,,,2026-04-20,925.96,941.8,923.43,941.49,65420.0,934.831393
2026-04-20T23:12:08.685,14,11,GS260501C00640000,GS,2026-05-01,call,640.0,295.66,25.0,302.83,1.0,299.245,238.31,1.0,,,,,,,2026-04-20,925.96,941.8,923.43,941.49,65420.0,934.831393
2026-04-20T23:12:08.685,14,11,GS260501C00645000,GS,2026-05-01,call,645.0,298.38,25.0,304.73,1.0,301.555,233.3,1.0,,,,,,,2026-04-20,925.96,941.8,923.43,941.49,65420.0,934.831393
2026-04-20T23:12:08.685,14,11,GS260501C00650000,GS,2026-05-01,call,650.0,288.66,25.0,299.76,5.0,294.21000000000004,,,,,,,,,2026-04-20,925.96,941.8,923.43,941.49,65420.0,934.831393
2026-04-20T23:12:08.685,14,11,GS260501C00655000,GS,2026-05-01,call,655.0,285.26,19.0,286.15,5.0,285.705,168.11,1.0,,,,,,,2026-04-20,925.96,941.8,923.43,941.49,65420.0,934.831393
2026-04-20T23:12:08.685,14,11,GS260501C00660000,GS,2026-05-01,call,660.0,276.52,19.0,286.3,2.0,281.40999999999997,,,,,,,,,2026-04-20,925.96,941.8,923.43,941.49,65420.0,934.831393
2026-04-20T23:12:08.685,14,11,GS260501C00665000,GS,2026-05-01,call,665.0,277.31,21.0,277.8,2.0,277.555,,,,,,,,,2026-04-20,925.96,941.8,923.43,941.49,65420.0,934.831393
2026-04-20T23:12:08.685,14,11,GS260501C00670000,GS,2026-05-01,call,670.0,264.88,27.0,274.81,5.0,269.845,151.99,1.0,,,,,,,2026-04-20,925.96,941.8,923.43,941.49,65420.0,934.831393
2026-04-20T23:12:08.685,14,11,GS260501C00675000,GS,2026-05-01,call,675.0,264.88,25.0,274.65,4.0,269.765,,,,,,,,,2026-04-20,925.96,941.8,923.43,941.49,65420.0,934.831393
2026-04-20T23:12:08.685,14,11,GS260501C00680000,GS,2026-05-01,call,680.0,261.339,25.0,268.7,1.0,265.0195,,,,,,,,,2026-04-20,925.96,941.8,923.43,941.49,65420.0,934.831393
2026-04-20T23:12:08.685,14,11,GS260501C00685000,GS,2026-05-01,call,685.0,257.81,30.0,258.149,16.0,257.97950000000003,,,,,,,,,2026-04-20,925.96,941.8,923.43,941.49,65420.0,934.831393
2026-04-20T23:12:08.685,14,11,GS260501C00690000,GS,2026-05-01,call,690.0,245.93,30.0,254.05,11.0,249.99,136.56,1.0,,,,,,,2026-04-20,925.96,941.8,923.43,941.49,65420.0,934.831393
2026-04-20T23:12:08.685,14,11,GS260501C00695000,GS,2026-05-01,call,695.0,243.56,30.0,251.53,12.0,247.54500000000002,,,,,,,,,2026-04-20,925.96,941.8,923.43,941.49,65420.0,934.831393
2026-04-20T23:12:08.685,14,11,GS260501C00700000,GS,2026-05-01,call,700.0,238.02,27.0,245.77,5.0,241.895,200.72,2.0,,,,,,,2026-04-20,925.96,941.8,923.43,941.49,65420.0,934.831393
2026-04-20T23:12:08.685,14,11,GS260501C00705000,GS,2026-05-01,call,705.0,228.87,30.0,238.0,16.0,233.435,110.2,1.0,,,,,,,2026-04-20,925.96,941.8,923.43,941.49,65420.0,934.831393
2026-04-20T23:12:08.685,14,11,GS260501C00710000,GS,2026-05-01,call,710.0,231.27,30.0,238.72,11.0,234.995,127.15,1.0,0.9172,0.9689,0.0005,-0.5463,0.1148,0.2043,2026-04-20,925.96,941.8,923.43,941.49,65420.0,934.831393
2026-04-20T23:12:08.685,14,11,GS260501C00715000,GS,2026-05-01,call,715.0,221.6,30.0,230.06,11.0,225.82999999999998,151.3,5.0,,,,,,,2026-04-20,925.96,941.8,923.43,941.49,65420.0,934.831393
2026-04-20T23:12:08.685,14,11,GS260501C00720000,GS,2026-05-01,call,720.0,221.38,19.0,226.26,5.0,223.82,131.69,5.0,0.7499,0.9838,0.0003,-0.2953,0.0661,0.2119,2026-04-20,925.96,941.8,923.43,941.49,65420.0,934.831393
2026-04-20T23:12:08.685,14,11,GS260501C00725000,GS,2026-05-01,call,725.0,214.32,25.0,223.56,3.0,218.94,147.49,1.0,0.7494,0.9816,0.0004,-0.3215,0.0737,0.2128,2026-04-20,925.96,941.8,923.43,941.49,65420.0,934.831393
2026-04-20T23:12:08.685,14,11,GS260501C00730000,GS,2026-05-01,call,730.0,208.57,20.0,214.38,5.0,211.475,144.9,1.0,,,,,,,2026-04-20,925.96,941.8,923.43,941.49,65420.0,934.831393
2026-04-20T23:12:08.685,14,11,GS260501C00735000,GS,2026-05-01,call,735.0,199.68,30.0,207.77,12.0,203.72500000000002,133.0,1.0,,,,,,,2026-04-20,925.96,941.8,923.43,941.49,65420.0,934.831393
2026-04-20T23:12:08.685,14,11,GS260501C00740000,GS,2026-05-01,call,740.0,196.92,30.0,205.75,14.0,201.33499999999998,127.35,1.0,,,,,,,2026-04-20,925.96,941.8,923.43,941.49,65420.0,934.831393
2026-04-20T23:12:08.685,14,11,GS260501C00745000,GS,2026-05-01,call,745.0,192.01,30.0,203.11,13.0,197.56,162.55,1.0,,,,,,,2026-04-20,925.96,941.8,923.43,941.49,65420.0,934.831393
2026-04-20T23:12:08.685,14,11,GS260501C00750000,GS,2026-05-01,call,750.0,187.72,30.0,191.44,12.0,189.57999999999998,156.32,1.0,,,,,,,2026-04-20,925.96,941.8,923.43,941.49,65420.0,934.831393
2026-04-20T23:12:08.685,14,11,GS260501C00755000,GS,2026-05-01,call,755.0,181.96,30.0,186.4,11.0,184.18,103.3,5.0,,,,,,,2026-04-20,925.96,941.8,923.43,941.49,65420.0,934.831393
2026-04-20T23:12:08.685,14,11,GS260501C00760000,GS,2026-05-01,call,760.0,182.15,27.0,187.5,14.0,184.825,161.17,2.0,0.7125,0.9648,0.0007,-0.4838,0.1271,0.2183,2026-04-20,925.96,941.8,923.43,941.49,65420.0,934.831393
2026-04-20T23:12:08.685,14,11,GS260501C00765000,GS,2026-05-01,call,765.0,174.99,18.0,179.78,14.0,177.385,142.54,1.0,,,,,,,2026-04-20,925.96,941.8,923.43,941.49,65420.0,934.831393
2026-04-20T23:12:08.685,14,11,GS260501C00770000,GS,2026-05-01,call,770.0,167.48,30.0,173.75,16.0,170.615,138.46,1.0,,,,,,,2026-04-20,925.96,941.8,923.43,941.49,65420.0,934.831393
2026-04-20T23:12:08.685,14,11,GS260501C00775000,GS,2026-05-01,call,775.0,167.91,20.0,173.31,16.0,170.61,128.8,1.0,0.7098,0.9512,0.0009,-0.6061,0.1654,0.2187,2026-04-20,925.96,941.8,923.43,941.49,65420.0,934.831393
2026-04-20T23:12:08.685,14,11,GS260501C00780000,GS,2026-05-01,call,780.0,159.66,21.0,167.36,6.0,163.51,140.93,1.0,0.4985,0.9875,0.0004,-0.1967,0.0531,0.2311,2026-04-20,925.96,941.8,923.43,941.49,65420.0,934.831393
2026-04-20T23:12:08.685,14,11,GS260501C00785000,GS,2026-05-01,call,785.0,156.58,23.0,160.07,16.0,158.325,119.53,1.0,0.4397,0.9928,0.0003,-0.1431,0.0329,0.2342,2026-04-20,925.96,941.8,923.43,941.49,65420.0,934.831393
2026-04-20T23:12:08.685,14,11,GS260501C00790000,GS,2026-05-01,call,790.0,148.49,20.0,156.95,16.0,152.72,118.55,1.0,,,,,,,2026-04-20,925.96,941.8,923.43,941.49,65420.0,934.831393
2026-04-20T23:12:08.685,14,11,GS260501C00795000,GS,2026-05-01,call,795.0,144.73,22.0,151.16,13.0,147.945,85.0,2.0,,,,,,,2026-04-20,925.96,941.8,923.43,941.49,65420.0,934.831393
2026-04-20T23:12:08.685,14,11,GS260501C00800000,GS,2026-05-01,call,800.0,138.12,71.0,146.71,20.0,142.41500000000002,132.79,1.0,,,,,,,2026-04-20,925.96,941.8,923.43,941.49,65420.0,934.831393
2026-04-20T23:12:08.685,14,11,GS260501C00805000,GS,2026-05-01,call,805.0,135.57,29.0,140.2,16.0,137.885,104.47,1.0,,,,,,,2026-04-20,925.96,941.8,923.43,941.49,65420.0,934.831393
2026-04-20T23:12:08.685,14,11,GS260501C00810000,GS,2026-05-01,call,810.0,129.63,29.0,135.59,11.0,132.61,112.07,2.0,,,,,,,2026-04-20,925.96,941.8,923.43,941.49,65420.0,934.831393
2026-04-20T23:12:08.685,14,11,GS260501C00815000,GS,2026-05-01,call,815.0,121.82,30.0,129.43,11.0,125.625,120.38,1.0,,,,,,,2026-04-20,925.96,941.8,923.43,941.49,65420.0,934.831393
2026-04-20T23:12:08.685,14,11,GS260501C00820000,GS,2026-05-01,call,820.0,119.07,29.0,123.46,11.0,121.26499999999999,64.64,1.0,,,,,,,2026-04-20,925.96,941.8,923.43,941.49,65420.0,934.831393
2026-04-20T23:12:08.685,14,11,GS260501C00825000,GS,2026-05-01,call,825.0,114.75,30.0,119.19,11.0,116.97,95.0,1.0,,,,,,,2026-04-20,925.96,941.8,923.43,941.49,65420.0,934.831393
2026-04-20T23:12:08.685,14,11,GS260501C00830000,GS,2026-05-01,call,830.0,109.37,27.0,116.64,12.0,113.005,104.49,1.0,,,,,,,2026-04-20,925.96,941.8,923.43,941.49,65420.0,934.831393
2026-04-20T23:12:08.685,14,11,GS260501C00835000,GS,2026-05-01,call,835.0,104.41,29.0,112.69,11.0,108.55,99.72,1.0,0.3364,0.9829,0.0008,-0.1874,0.0692,0.2464,2026-04-20,925.96,941.8,923.43,941.49,65420.0,934.831393
2026-04-20T23:12:08.685,14,11,GS260501C00840000,GS,2026-05-01,call,840.0,98.04,29.0,105.75,11.0,101.89500000000001,85.25,3.0,,,,,,,2026-04-20,925.96,941.8,923.43,941.49,65420.0,934.831393
2026-04-20T23:12:08.685,14,11,GS260501C00845000,GS,2026-05-01,call,845.0,95.49,29.0,101.18,17.0,98.33500000000001,90.78,1.0,0.2664,0.9919,0.0005,-0.1274,0.0364,0.252,2026-04-20,925.96,941.8,923.43,941.49,65420.0,934.831393
2026-04-20T23:12:08.685,14,11,GS260501C00850000,GS,2026-05-01,call,850.0,91.3,36.0,95.21,62.0,93.255,84.9,1.0,0.2204,0.9969,0.0003,-0.0996,0.0152,0.255,2026-04-20,925.96,941.8,923.43,941.49,65420.0,934.831393
2026-04-20T23:12:08.685,14,11,GS260501C00855000,GS,2026-05-01,call,855.0,86.12,26.0,91.61,16.0,88.86500000000001,74.17,1.0,0.3095,0.9683,0.0014,-0.2459,0.1165,0.2482,2026-04-20,925.96,941.8,923.43,941.49,65420.0,934.831393
2026-04-20T23:12:08.685,14,11,GS260501C00860000,GS,2026-05-01,call,860.0,80.22,27.0,87.63,16.0,83.925,68.23,1.0,0.2986,0.9649,0.0016,-0.2544,0.1268,0.2487,2026-04-20,925.96,941.8,923.43,941.49,65420.0,934.831393
2026-04-20T23:12:08.685,14,11,GS260501C00865000,GS,2026-05-01,call,865.0,75.67,32.0,81.94,21.0,78.805,78.94,5.0,0.273,0.968,0.0016,-0.2286,0.1173,0.2512,2026-04-20,925.96,941.8,923.43,941.49,65420.0,934.831393
2026-04-20T23:12:08.685,14,11,GS260501C00870000,GS,2026-05-01,call,870.0,73.13,86.0,76.4,96.0,74.765,74.29,5.0,0.3152,0.934,0.0025,-0.3809,0.2099,0.2427,2026-04-20,925.96,941.8,923.43,941.49,65420.0,934.831393
2026-04-20T23:12:08.685,14,11,GS260501C00875000,GS,2026-05-01,call,875.0,67.18,43.0,73.76,25.0,70.47,43.21,1.0,0.3268,0.9121,0.003,-0.4666,0.2611,0.2378,2026-04-20,925.96,941.8,923.43,941.49,65420.0,934.831393
2026-04-20T23:12:08.685,14,11,GS260501C00880000,GS,2026-05-01,call,880.0,63.75,61.0,69.64,61.0,66.695,59.62,1.0,0.3489,0.8805,0.0035,-0.5934,0.3262,0.2299,2026-04-20,925.96,941.8,923.43,941.49,65420.0,934.831393
2026-04-20T23:12:08.685,14,11,GS260501C00885000,GS,2026-05-01,call,885.0,59.15,44.0,63.51,29.0,61.33,50.4,1.0,0.3174,0.8822,0.0038,-0.5428,0.323,0.232,2026-04-20,925.96,941.8,923.43,941.49,65420.0,934.831393
2026-04-20T23:12:08.685,14,11,GS260501C00887500,GS,2026-05-01,call,887.5,57.5,34.0,61.82,27.0,59.66,39.45,1.0,0.3313,0.862,0.0041,-0.6181,0.3606,0.2268,2026-04-20,925.96,941.8,923.43,941.49,65420.0,934.831393
2026-04-20T23:12:08.685,14,11,GS260501C00890000,GS,2026-05-01,call,890.0,55.08,38.0,59.29,28.0,57.185,52.58,19.0,0.3215,0.8578,0.0043,-0.6125,0.3679,0.2264,2026-04-20,925.96,941.8,923.43,941.49,65420.0,934.831393
2026-04-20T23:12:08.685,14,11,GS260501C00892500,GS,2026-05-01,call,892.5,52.55,74.0,57.86,67.0,55.205,52.55,1.0,0.3244,0.8441,0.0045,-0.6507,0.3912,0.2231,2026-04-20,925.96,941.8,923.43,941.49,65420.0,934.831393
2026-04-20T23:12:08.685,14,11,GS260501C00895000,GS,2026-05-01,call,895.0,51.5,31.0,54.4,33.0,52.95,37.49,1.0,0.3196,0.8354,0.0047,-0.6622,0.4055,0.2213,2026-04-20,925.96,941.8,923.43,941.49,65420.0,934.831393
2026-04-20T23:12:08.685,14,11,GS260501C00897500,GS,2026-05-01,call,897.5,48.75,92.0,52.88,71.0,50.815,44.2,1.0,0.3172,0.8243,0.005,-0.6819,0.4227,0.2188,2026-04-20,925.96,941.8,923.43,941.49,65420.0,934.831393
2026-04-20T23:12:08.685,14,11,GS260501C00900000,GS,2026-05-01,call,900.0,47.54,67.0,50.7,72.0,49.120000000000005,47.54,1.0,0.3241,0.8061,0.0052,-0.733,0.4494,0.2141,2026-04-20,925.96,941.8,923.43,941.49,65420.0,934.831393
2026-04-20T23:12:08.685,14,11,GS260501C00902500,GS,2026-05-01,call,902.5,45.58,21.0,48.55,28.0,47.065,32.95,1.0,0.322,0.7937,0.0054,-0.7527,0.4665,0.2112,2026-04-20,925.96,941.8,923.43,941.49,65420.0,934.831393
2026-04-20T23:12:08.685,14,11,GS260501C00905000,GS,2026-05-01,call,905.0,43.58,98.0,46.12,77.0,44.849999999999994,45.02,10.0,0.316,0.7834,0.0057,-0.7586,0.4801,0.2089,2026-04-20,925.96,941.8,923.43,941.49,65420.0,934.831393
2026-04-20T23:12:08.685,14,11,GS260501C00907500,GS,2026-05-01,call,907.5,40.19,19.0,44.66,29.0,42.425,31.24,1.0,0.3052,0.7755,0.006,-0.7484,0.49,0.2074,2026-04-20,925.96,941.8,923.43,941.49,65420.0,934.831393
2026-04-20T23:12:08.685,14,11,GS260501C00910000,GS,2026-05-01,call,910.0,40.08,28.0,43.28,84.0,41.68,34.41,1.0,0.3271,0.7459,0.006,-0.8455,0.5243,0.1993,2026-04-20,925.96,941.8,923.43,941.49,65420.0,934.831393
2026-04-20T23:12:08.685,14,11,GS260501C00912500,GS,2026-05-01,call,912.5,37.26,66.0,42.81,72.0,40.035,35.07,1.0,0.3299,0.7286,0.0061,-0.8776,0.5422,0.1948,2026-04-20,925.96,941.8,923.43,941.49,65420.0,934.831393
2026-04-20T23:12:08.685,14,11,GS260501C00915000,GS,2026-05-01,call,915.0,35.55,27.0,39.28,51.0,37.415,27.0,1.0,0.3142,0.7211,0.0065,-0.849,0.5496,0.1935,2026-04-20,925.96,941.8,923.43,941.49,65420.0,934.831393
2026-04-20T23:12:08.685,14,11,GS260501C00920000,GS,2026-05-01,call,920.0,31.67,106.0,35.29,110.0,33.480000000000004,31.75,1.0,0.3053,0.6911,0.0071,-0.8613,0.5762,0.1862,2026-04-20,925.96,941.8,923.43,941.49,65420.0,934.831393
2026-04-20T23:12:08.685,14,11,GS260501C00925000,GS,2026-05-01,call,925.0,28.03,84.0,33.32,98.0,30.675,26.68,1.0,0.3129,0.6511,0.0072,-0.9189,0.6052,0.1757,2026-04-20,925.96,941.8,923.43,941.49,65420.0,934.831393
2026-04-20T23:12:08.685,14,11,GS260501C00930000,GS,2026-05-01,call,930.0,25.43,106.0,29.94,126.0,27.685000000000002,27.1,1.0,0.314,0.6134,0.0075,-0.9483,0.626,0.1659,2026-04-20,925.96,941.8,923.43,941.49,65420.0,934.831393
2026-04-20T23:12:08.685,14,11,GS260501C00935000,GS,2026-05-01,call,935.0,23.72,87.0,25.83,136.0,24.775,23.72,10.0,0.3132,0.5754,0.0076,-0.964,0.6409,0.1559,2026-04-20,925.96,941.8,923.43,941.49,65420.0,934.831393
2026-04-20T23:12:08.685,14,11,GS260501C00940000,GS,2026-05-01,call,940.0,20.67,61.0,23.1,92.0,21.885,21.33,1.0,0.3098,0.5369,0.0078,-0.9634,0.6498,0.1459,2026-04-20,925.96,941.8,923.43,941.49,65420.0,934.831393
2026-04-20T23:12:08.685,14,11,GS260501C00945000,GS,2026-05-01,call,945.0,17.97,131.0,20.86,29.0,19.415,19.35,1.0,0.3099,0.4976,0.0079,-0.9641,0.6526,0.1354,2026-04-20,925.96,941.8,923.43,941.49,65420.0,934.831393
2026-04-20T23:12:08.685,14,11,GS260501C00950000,GS,2026-05-01,call,950.0,15.43,113.0,18.26,62.0,16.845,16.5,2.0,0.3055,0.4576,0.0079,-0.9423,0.6489,0.1249,2026-04-20,925.96,941.8,923.43,941.49,65420.0,934.831393
2026-04-20T23:12:08.685,14,11,GS260501C00955000,GS,2026-05-01,call,955.0,13.77,86.0,15.29,21.0,14.53,13.2,1.0,0.3019,0.4174,0.0079,-0.9139,0.6386,0.1142,2026-04-20,925.96,941.8,923.43,941.49,65420.0,934.831393
2026-04-20T23:12:08.685,14,11,GS260501C00960000,GS,2026-05-01,call,960.0,11.67,146.0,14.09,150.0,12.879999999999999,12.65,1.0,0.3057,0.3807,0.0076,-0.9003,0.6232,0.1042,2026-04-20,925.96,941.8,923.43,941.49,65420.0,934.831393
2026-04-20T23:12:08.685,14,11,GS260501C00965000,GS,2026-05-01,call,965.0,9.25,152.0,12.0,187.0,10.625,11.0,1.0,0.2966,0.3389,0.0075,-0.8379,0.5986,0.093,2026-04-20,925.96,941.8,923.43,941.49,65420.0,934.831393
2026-04-20T23:12:08.685,14,11,GS260501C00970000,GS,2026-05-01,call,970.0,8.25,146.0,10.13,157.0,9.190000000000001,8.92,1.0,0.2979,0.3039,0.0072,-0.8023,0.572,0.0835,2026-04-20,925.96,941.8,923.43,941.49,65420.0,934.831393
2026-04-20T23:12:08.685,14,11,GS260501C00975000,GS,2026-05-01,call,975.0,6.72,225.0,7.94,13.0,7.33,7.2,1.0,0.2884,0.2628,0.0069,-0.7233,0.5335,0.0724,2026-04-20,925.96,941.8,923.43,941.49,65420.0,934.831393
2026-04-20T23:12:08.685,14,11,GS260501C00980000,GS,2026-05-01,call,980.0,5.0,148.0,7.48,166.0,6.24,5.63,1.0,0.2896,0.2316,0.0064,-0.6777,0.4987,0.0639,2026-04-20,925.96,941.8,923.43,941.49,65420.0,934.831393
2026-04-20T23:12:08.685,14,11,GS260501C00985000,GS,2026-05-01,call,985.0,4.16,79.0,6.65,57.0,5.405,4.99,1.0,0.2934,0.2052,0.0059,-0.6389,0.465,0.0566,2026-04-20,925.96,941.8,923.43,941.49,65420.0,934.831393
2026-04-20T23:12:08.685,14,11,GS260501C00990000,GS,2026-05-01,call,990.0,3.58,150.0,5.42,136.0,4.5,3.75,2.0,0.293,0.1778,0.0054,-0.5835,0.4259,0.0491,2026-04-20,925.96,941.8,923.43,941.49,65420.0,934.831393
2026-04-20T23:12:08.685,14,11,GS260501C00995000,GS,2026-05-01,call,995.0,2.69,114.0,4.65,108.0,3.67,3.54,1.0,0.2913,0.1517,0.0049,-0.5226,0.3842,0.042,2026-04-20,925.96,941.8,923.43,941.49,65420.0,934.831393
2026-04-20T23:12:08.685,14,11,GS260501C01000000,GS,2026-05-01,call,1000.0,2.68,145.0,3.02,2.0,2.85,3.02,1.0,0.2862,0.1252,0.0044,-0.4501,0.3371,0.0347,2026-04-20,925.96,941.8,923.43,941.49,65420.0,934.831393
2026-04-20T23:12:08.685,14,11,GS260501C01005000,GS,2026-05-01,call,1005.0,1.56,74.0,2.6,32.0,2.08,2.41,1.0,0.278,0.0988,0.0038,-0.3686,0.2846,0.0274,2026-04-20,925.96,941.8,923.43,941.49,65420.0,934.831393
2026-04-20T23:12:08.685,14,11,GS260501C01010000,GS,2026-05-01,call,1010.0,1.25,128.0,2.53,102.0,1.89,1.71,2.0,0.2867,0.0889,0.0034,-0.3512,0.2633,0.0247,2026-04-20,925.96,941.8,923.43,941.49,65420.0,934.831393
2026-04-20T23:12:08.685,14,11,GS260501C01015000,GS,2026-05-01,call,1015.0,0.87,80.0,2.1,107.0,1.485,1.48,2.0,0.2851,0.0729,0.003,-0.3002,0.2265,0.0202,2026-04-20,925.96,941.8,923.43,941.49,65420.0,934.831393
2026-04-20T23:12:08.685,14,11,GS260501C01020000,GS,2026-05-01,call,1020.0,0.98,87.0,1.54,42.0,1.26,1.21,1.0,0.2889,0.0626,0.0026,-0.2705,0.2015,0.0174,2026-04-20,925.96,941.8,923.43,941.49,65420.0,934.831393
2026-04-20T23:12:08.685,14,11,GS260501C01025000,GS,2026-05-01,call,1025.0,0.62,136.0,1.28,86.0,0.95,0.72,1.0,0.2858,0.0496,0.0022,-0.2223,0.1676,0.0138,2026-04-20,925.96,941.8,923.43,941.49,65420.0,934.831393
2026-04-20T23:12:08.685,14,11,GS260501C01030000,GS,2026-05-01,call,1030.0,0.15,106.0,1.51,67.0,0.83,0.82,4.0,0.2914,0.0434,0.0019,-0.2035,0.1506,0.0121,2026-04-20,925.96,941.8,923.43,941.49,65420.0,934.831393
2026-04-20T23:12:08.685,14,11,GS260501C01040000,GS,2026-05-01,call,1040.0,0.18,87.0,1.35,40.0,0.765,1.43,1.0,0.3122,0.0381,0.0016,-0.1958,0.1355,0.0106,2026-04-20,925.96,941.8,923.43,941.49,65420.0,934.831393
2026-04-20T23:12:08.685,14,11,GS260501C01050000,GS,2026-05-01,call,1050.0,0.03,35.0,1.12,40.0,0.5750000000000001,0.38,1.0,0.3208,0.029,0.0013,-0.1604,0.1082,0.0081,2026-04-20,925.96,941.8,923.43,941.49,65420.0,934.831393
2026-04-20T23:12:08.685,14,11,GS260501C01060000,GS,2026-05-01,call,1060.0,0.0,0.0,4.57,2.0,2.285,0.24,1.0,,,,,,,2026-04-20,925.96,941.8,923.43,941.49,65420.0,934.831393
2026-04-20T23:12:08.685,14,11,GS260501C01070000,GS,2026-05-01,call,1070.0,0.0,0.0,4.5,14.0,2.25,0.18,2.0,,,,,,,2026-04-20,925.96,941.8,923.43,941.49,65420.0,934.831393
2026-04-20T23:12:08.685,14,11,GS260501C01080000,GS,2026-05-01,call,1080.0,0.0,0.0,4.32,9.0,2.16,0.66,1.0,,,,,,,2026-04-20,925.96,941.8,923.43,941.49,65420.0,934.831393
2026-04-20T23:12:08.685,14,11,GS260501C01090000,GS,2026-05-01,call,1090.0,0.0,0.0,4.29,32.0,2.145,1.03,1.0,,,,,,,2026-04-20,925.96,941.8,923.43,941.49,65420.0,934.831393
2026-04-20T23:12:08.685,14,11,GS260501C01100000,GS,2026-05-01,call,1100.0,0.0,0.0,4.4,14.0,2.2,0.18,2.0,,,,,,,2026-04-20,925.96,941.8,923.43,941.49,65420.0,934.831393
2026-04-20T23:12:08.685,14,11,GS260501C01110000,GS,2026-05-01,call,1110.0,0.0,0.0,4.35,15.0,2.175,,,,,,,,,2026-04-20,925.96,941.8,923.43,941.49,65420.0,934.831393
2026-04-20T23:12:08.685,14,11,GS260501C01120000,GS,2026-05-01,call,1120.0,0.0,0.0,4.41,3.0,2.205,,,,,,,,,2026-04-20,925.96,941.8,923.43,941.49,65420.0,934.831393
2026-04-20T23:12:08.685,14,11,GS260501C01130000,GS,2026-05-01,call,1130.0,0.0,0.0,4.42,3.0,2.21,,,,,,,,,2026-04-20,925.96,941.8,923.43,941.49,65420.0,934.831393
2026-04-20T23:12:08.685,14,11,GS260501C01140000,GS,2026-05-01,call,1140.0,0.0,0.0,4.56,3.0,2.28,,,,,,,,,2026-04-20,925.96,941.8,923.43,941.49,65420.0,934.831393
2026-04-20T23:12:08.685,14,11,GS260501C01150000,GS,2026-05-01,call,1150.0,0.0,0.0,4.34,5.0,2.17,,,,,,,,,2026-04-20,925.96,941.8,923.43,941.49,65420.0,934.831393
2026-04-20T23:12:08.685,14,11,GS260501C01160000,GS,2026-05-01,call,1160.0,0.0,0.0,4.22,10.0,2.11,,,,,,,,,2026-04-20,925.96,941.8,923.43,941.49,65420.0,934.831393
2026-04-20T23:12:08.685,14,11,GS260501C01170000,GS,2026-05-01,call,1170.0,0.0,0.0,4.34,5.0,2.17,,,,,,,,,2026-04-20,925.96,941.8,923.43,941.49,65420.0,934.831393
2026-04-20T23:12:08.685,14,11,GS260501C01180000,GS,2026-05-01,call,1180.0,0.0,0.0,4.27,14.0,2.135,,,,,,,,,2026-04-20,925.96,941.8,923.43,941.49,65420.0,934.831393
2026-04-20T23:12:08.685,14,11,GS260501C01190000,GS,2026-05-01,call,1190.0,0.0,0.0,4.24,14.0,2.12,,,,,,,,,2026-04-20,925.96,941.8,923.43,941.49,65420.0,934.831393
2026-04-20T23:12:08.685,14,11,GS260501C01200000,GS,2026-05-01,call,1200.0,0.0,0.0,4.25,5.0,2.125,,,,,,,,,2026-04-20,925.96,941.8,923.43,941.49,65420.0,934.831393
2026-04-20T23:12:08.685,14,11,GS260501P00480000,GS,2026-05-01,put,480.0,0.0,0.0,4.19,1.0,2.095,0.37,1.0,,,,,,,2026-04-20,925.96,941.8,923.43,941.49,65420.0,934.831393
2026-04-20T23:12:08.685,14,11,GS260501P00490000,GS,2026-05-01,put,490.0,0.0,0.0,4.2,1.0,2.1,1.51,1.0,,,,,,,2026-04-20,925.96,941.8,923.43,941.49,65420.0,934.831393
2026-04-20T23:12:08.685,14,11,GS260501P00500000,GS,2026-05-01,put,500.0,0.0,0.0,4.32,1.0,2.16,,,,,,,,,2026-04-20,925.96,941.8,923.43,941.49,65420.0,934.831393
2026-04-20T23:12:08.685,14,11,GS260501P00510000,GS,2026-05-01,put,510.0,0.0,0.0,4.32,1.0,2.16,,,,,,,,,2026-04-20,925.96,941.8,923.43,941.49,65420.0,934.831393
2026-04-20T23:12:08.685,14,11,GS260501P00520000,GS,2026-05-01,put,520.0,0.0,0.0,4.33,1.0,2.165,0.09,5.0,,,,,,,2026-04-20,925.96,941.8,923.43,941.49,65420.0,934.831393
2026-04-20T23:12:08.685,14,11,GS260501P00530000,GS,2026-05-01,put,530.0,0.0,0.0,4.37,1.0,2.185,0.93,5.0,,,,,,,2026-04-20,925.96,941.8,923.43,941.49,65420.0,934.831393
2026-04-20T23:12:08.685,14,11,GS260501P00540000,GS,2026-05-01,put,540.0,0.0,0.0,4.22,1.0,2.11,1.74,1.0,,,,,,,2026-04-20,925.96,941.8,923.43,941.49,65420.0,934.831393
2026-04-20T23:12:08.685,14,11,GS260501P00550000,GS,2026-05-01,put,550.0,0.0,0.0,4.28,1.0,2.14,1.54,1.0,,,,,,,2026-04-20,925.96,941.8,923.43,941.49,65420.0,934.831393
2026-04-20T23:12:08.685,14,11,GS260501P00560000,GS,2026-05-01,put,560.0,0.0,0.0,4.38,1.0,2.19,1.71,1.0,,,,,,,2026-04-20,925.96,941.8,923.43,941.49,65420.0,934.831393
2026-04-20T23:12:08.685,14,11,GS260501P00570000,GS,2026-05-01,put,570.0,0.0,0.0,4.36,1.0,2.18,0.14,1.0,,,,,,,2026-04-20,925.96,941.8,923.43,941.49,65420.0,934.831393
2026-04-20T23:12:08.685,14,11,GS260501P00580000,GS,2026-05-01,put,580.0,0.0,0.0,4.32,1.0,2.16,1.0,1.0,,,,,,,2026-04-20,925.96,941.8,923.43,941.49,65420.0,934.831393
2026-04-20T23:12:08.685,14,11,GS260501P00590000,GS,2026-05-01,put,590.0,0.0,0.0,4.23,1.0,2.115,2.0,5.0,,,,,,,2026-04-20,925.96,941.8,923.43,941.49,65420.0,934.831393
2026-04-20T23:12:08.685,14,11,GS260501P00600000,GS,2026-05-01,put,600.0,0.0,0.0,4.32,1.0,2.16,2.17,1.0,,,,,,,2026-04-20,925.96,941.8,923.43,941.49,65420.0,934.831393
2026-04-20T23:12:08.685,14,11,GS260501P00610000,GS,2026-05-01,put,610.0,0.0,0.0,4.26,1.0,2.13,2.19,1.0,,,,,,,2026-04-20,925.96,941.8,923.43,941.49,65420.0,934.831393
2026-04-20T23:12:08.685,14,11,GS260501P00620000,GS,2026-05-01,put,620.0,0.0,0.0,4.22,5.0,2.11,0.82,1.0,,,,,,,2026-04-20,925.96,941.8,923.43,941.49,65420.0,934.831393
2026-04-20T23:12:08.685,14,11,GS260501P00630000,GS,2026-05-01,put,630.0,0.0,0.0,4.22,16.0,2.11,0.2,3.0,,,,,,,2026-04-20,925.96,941.8,923.43,941.49,65420.0,934.831393
2026-04-20T23:12:08.685,14,11,GS260501P00640000,GS,2026-05-01,put,640.0,0.0,0.0,3.74,15.0,1.87,0.01,9.0,,,,,,,2026-04-20,925.96,941.8,923.43,941.49,65420.0,934.831393
2026-04-20T23:12:08.685,14,11,GS260501P00645000,GS,2026-05-01,put,645.0,0.0,0.0,4.36,9.0,2.18,0.25,1.0,,,,,,,2026-04-20,925.96,941.8,923.43,941.49,65420.0,934.831393
2026-04-20T23:12:08.685,14,11,GS260501P00650000,GS,2026-05-01,put,650.0,0.0,0.0,1.1,26.0,0.55,0.28,3.0,,,,,,,2026-04-20,925.96,941.8,923.43,941.49,65420.0,934.831393
2026-04-20T23:12:08.685,14,11,GS260501P00655000,GS,2026-05-01,put,655.0,0.0,0.0,4.28,16.0,2.14,1.8,1.0,,,,,,,2026-04-20,925.96,941.8,923.43,941.49,65420.0,934.831393
2026-04-20T23:12:08.685,14,11,GS260501P00660000,GS,2026-05-01,put,660.0,0.0,0.0,4.38,17.0,2.19,0.38,1.0,,,,,,,2026-04-20,925.96,941.8,923.43,941.49,65420.0,934.831393
2026-04-20T23:12:08.685,14,11,GS260501P00665000,GS,2026-05-01,put,665.0,0.0,0.0,4.24,17.0,2.12,7.38,1.0,,,,,,,2026-04-20,925.96,941.8,923.43,941.49,65420.0,934.831393
2026-04-20T23:12:08.685,14,11,GS260501P00670000,GS,2026-05-01,put,670.0,0.0,0.0,4.32,31.0,2.16,1.54,2.0,,,,,,,2026-04-20,925.96,941.8,923.43,941.49,65420.0,934.831393
2026-04-20T23:12:08.685,14,11,GS260501P00675000,GS,2026-05-01,put,675.0,0.0,0.0,4.28,16.0,2.14,2.0,1.0,,,,,,,2026-04-20,925.96,941.8,923.43,941.49,65420.0,934.831393
2026-04-20T23:12:08.685,14,11,GS260501P00680000,GS,2026-05-01,put,680.0,0.0,0.0,4.34,16.0,2.17,2.89,2.0,,,,,,,2026-04-20,925.96,941.8,923.43,941.49,65420.0,934.831393
2026-04-20T23:12:08.685,14,11,GS260501P00685000,GS,2026-05-01,put,685.0,0.0,0.0,4.27,68.0,2.135,0.48,10.0,,,,,,,2026-04-20,925.96,941.8,923.43,941.49,65420.0,934.831393
2026-04-20T23:12:08.685,14,11,GS260501P00690000,GS,2026-05-01,put,690.0,0.07,1.0,0.42,74.0,0.245,0.22,1.0,0.737,-0.0061,0.0001,-0.0935,0.0281,-0.0018,2026-04-20,925.96,941.8,923.43,941.49,65420.0,934.831393
2026-04-20T23:12:08.685,14,11,GS260501P00695000,GS,2026-05-01,put,695.0,0.0,0.0,4.27,68.0,2.135,0.71,4.0,,,,,,,2026-04-20,925.96,941.8,923.43,941.49,65420.0,934.831393
2026-04-20T23:12:08.685,14,11,GS260501P00700000,GS,2026-05-01,put,700.0,0.0,0.0,4.28,22.0,2.14,0.24,1.0,,,,,,,2026-04-20,925.96,941.8,923.43,941.49,65420.0,934.831393
2026-04-20T23:12:08.685,14,11,GS260501P00705000,GS,2026-05-01,put,705.0,0.0,0.0,1.92,106.0,0.96,2.23,2.0,,,,,,,2026-04-20,925.96,941.8,923.43,941.49,65420.0,934.831393
2026-04-20T23:12:08.685,14,11,GS260501P00710000,GS,2026-05-01,put,710.0,0.04,1.0,0.41,129.0,0.22499999999999998,0.15,1.0,0.6694,-0.0062,0.0002,-0.0859,0.0284,-0.0018,2026-04-20,925.96,941.8,923.43,941.49,65420.0,934.831393
2026-04-20T23:12:08.685,14,11,GS260501P00715000,GS,2026-05-01,put,715.0,0.0,0.0,3.24,74.0,1.62,0.35,1.0,,,,,,,2026-04-20,925.96,941.8,923.43,941.49,65420.0,934.831393
2026-04-20T23:12:08.685,14,11,GS260501P00720000,GS,2026-05-01,put,720.0,0.0,0.0,1.12,5.0,0.56,0.3,1.0,,,,,,,2026-04-20,925.96,941.8,923.43,941.49,65420.0,934.831393
2026-04-20T23:12:08.685,14,11,GS260501P00725000,GS,2026-05-01,put,725.0,0.0,0.0,4.28,2.0,2.14,0.6,1.0,,,,,,,2026-04-20,925.96,941.8,923.43,941.49,65420.0,934.831393
2026-04-20T23:12:08.685,14,11,GS260501P00730000,GS,2026-05-01,put,730.0,0.0,0.0,4.33,24.0,2.165,0.75,1.0,,,,,,,2026-04-20,925.96,941.8,923.43,941.49,65420.0,934.831393
2026-04-20T23:12:08.685,14,11,GS260501P00735000,GS,2026-05-01,put,735.0,0.0,0.0,1.1,95.0,0.55,0.57,1.0,,,,,,,2026-04-20,925.96,941.8,923.43,941.49,65420.0,934.831393
2026-04-20T23:12:08.685,14,11,GS260501P00740000,GS,2026-05-01,put,740.0,0.0,0.0,0.48,149.0,0.24,0.4,1.0,,,,,,,2026-04-20,925.96,941.8,923.43,941.49,65420.0,934.831393
2026-04-20T23:12:08.685,14,11,GS260501P00745000,GS,2026-05-01,put,745.0,0.0,0.0,3.98,74.0,1.99,0.63,1.0,,,,,,,2026-04-20,925.96,941.8,923.43,941.49,65420.0,934.831393
2026-04-20T23:12:08.685,14,11,GS260501P00750000,GS,2026-05-01,put,750.0,0.0,0.0,1.45,156.0,0.725,0.2,1.0,,,,,,,2026-04-20,925.96,941.8,923.43,941.49,65420.0,934.831393
2026-04-20T23:12:08.685,14,11,GS260501P00755000,GS,2026-05-01,put,755.0,0.0,0.0,0.68,184.0,0.34,0.13,1.0,,,,,,,2026-04-20,925.96,941.8,923.43,941.49,65420.0,934.831393
2026-04-20T23:12:08.685,14,11,GS260501P00760000,GS,2026-05-01,put,760.0,0.0,0.0,3.92,142.0,1.96,0.22,1.0,,,,,,,2026-04-20,925.96,941.8,923.43,941.49,65420.0,934.831393
2026-04-20T23:12:08.685,14,11,GS260501P00765000,GS,2026-05-01,put,765.0,0.0,0.0,0.74,87.0,0.37,0.21,3.0,,,,,,,2026-04-20,925.96,941.8,923.43,941.49,65420.0,934.831393
2026-04-20T23:12:08.685,14,11,GS260501P00770000,GS,2026-05-01,put,770.0,0.12,10.0,4.45,119.0,2.285,0.21,1.0,0.717,-0.0452,0.0008,-0.5027,0.1556,-0.0135,2026-04-20,925.96,941.8,923.43,941.49,65420.0,934.831393
2026-04-20T23:12:08.685,14,11,GS260501P00775000,GS,2026-05-01,put,775.0,0.0,0.0,0.55,125.0,0.275,0.2,1.0,,,,,,,2026-04-20,925.96,941.8,923.43,941.49,65420.0,934.831393
2026-04-20T23:12:08.685,14,11,GS260501P00780000,GS,2026-05-01,put,780.0,0.21,20.0,0.63,78.0,0.42,0.41,1.0,0.5083,-0.014,0.0004,-0.1332,0.0582,-0.0041,2026-04-20,925.96,941.8,923.43,941.49,65420.0,934.831393
2026-04-20T23:12:08.685,14,11,GS260501P00785000,GS,2026-05-01,put,785.0,0.13,71.0,0.31,81.0,0.22,0.21,1.0,0.4524,-0.0087,0.0003,-0.0784,0.0386,-0.0025,2026-04-20,925.96,941.8,923.43,941.49,65420.0,934.831393
2026-04-20T23:12:08.685,14,11,GS260501P00790000,GS,2026-05-01,put,790.0,0.06,100.0,0.63,160.0,0.345,0.37,1.0,0.4655,-0.0127,0.0004,-0.1122,0.0536,-0.0037,2026-04-20,925.96,941.8,923.43,941.49,65420.0,934.831393
2026-04-20T23:12:08.685,14,11,GS260501P00795000,GS,2026-05-01,put,795.0,0.22,1.0,0.72,99.0,0.47,0.41,1.0,0.4714,-0.0165,0.0005,-0.1427,0.0673,-0.0048,2026-04-20,925.96,941.8,923.43,941.49,65420.0,934.831393
2026-04-20T23:12:08.685,14,11,GS260501P00800000,GS,2026-05-01,put,800.0,0.19,67.0,0.66,183.0,0.42500000000000004,0.55,10.0,0.4497,-0.0158,0.0005,-0.1308,0.0647,-0.0046,2026-04-20,925.96,941.8,923.43,941.49,65420.0,934.831393
2026-04-20T23:12:08.685,14,11,GS260501P00805000,GS,2026-05-01,put,805.0,0.24,8.0,1.02,71.0,0.63,0.55,4.0,0.462,-0.0218,0.0007,-0.1771,0.0853,-0.0064,2026-04-20,925.96,941.8,923.43,941.49,65420.0,934.831393
2026-04-20T23:12:08.685,14,11,GS260501P00810000,GS,2026-05-01,put,810.0,0.01,55.0,1.2,84.0,0.605,1.0,1.0,0.4437,-0.0219,0.0007,-0.1701,0.0854,-0.0064,2026-04-20,925.96,941.8,923.43,941.49,65420.0,934.831393
2026-04-20T23:12:08.685,14,11,GS260501P00815000,GS,2026-05-01,put,815.0,0.31,49.0,0.71,39.0,0.51,0.67,2.0,0.417,-0.0199,0.0007,-0.1475,0.0788,-0.0058,2026-04-20,925.96,941.8,923.43,941.49,65420.0,934.831393
2026-04-20T23:12:08.685,14,11,GS260501P00820000,GS,2026-05-01,put,820.0,0.4,60.0,0.72,47.0,0.56,0.7,24.0,0.408,-0.022,0.0008,-0.1573,0.086,-0.0064,2026-04-20,925.96,941.8,923.43,941.49,65420.0,934.831393
2026-04-20T23:12:08.685,14,11,GS260501P00825000,GS,2026-05-01,put,825.0,0.45,71.0,0.78,57.0,0.615,0.93,1.0,0.3989,-0.0244,0.0009,-0.1677,0.0938,-0.0071,2026-04-20,925.96,941.8,923.43,941.49,65420.0,934.831393
2026-04-20T23:12:08.685,14,11,GS260501P00830000,GS,2026-05-01,put,830.0,0.58,65.0,0.82,52.0,0.7,1.14,10.0,0.3921,-0.0278,0.001,-0.1835,0.1045,-0.0081,2026-04-20,925.96,941.8,923.43,941.49,65420.0,934.831393
2026-04-20T23:12:08.685,14,11,GS260501P00835000,GS,2026-05-01,put,835.0,0.72,53.0,0.96,46.0,0.84,0.99,1.0,0.3889,-0.0329,0.0012,-0.209,0.12,-0.0096,2026-04-20,925.96,941.8,923.43,941.49,65420.0,934.831393
2026-04-20T23:12:08.685,14,11,GS260501P00840000,GS,2026-05-01,put,840.0,0.54,72.0,1.14,13.0,0.84,1.6,1.0,0.3731,-0.0341,0.0012,-0.2065,0.1237,-0.0099,2026-04-20,925.96,941.8,923.43,941.49,65420.0,934.831393
2026-04-20T23:12:08.685,14,11,GS260501P00845000,GS,2026-05-01,put,845.0,0.92,35.0,1.29,57.0,1.105,1.55,1.0,0.3763,-0.0429,0.0015,-0.2513,0.1493,-0.0125,2026-04-20,925.96,941.8,923.43,941.49,65420.0,934.831393
2026-04-20T23:12:08.685,14,11,GS260501P00850000,GS,2026-05-01,put,850.0,1.21,16.0,1.57,60.0,1.3900000000000001,1.7,1.0,0.3772,-0.0522,0.0017,-0.2944,0.1746,-0.0152,2026-04-20,925.96,941.8,923.43,941.49,65420.0,934.831393
2026-04-20T23:12:08.685,14,11,GS260501P00855000,GS,2026-05-01,put,855.0,1.34,113.0,1.85,44.0,1.5950000000000002,2.4,5.0,0.3711,-0.0596,0.002,-0.3212,0.1938,-0.0174,2026-04-20,925.96,941.8,923.43,941.49,65420.0,934.831393
2026-04-20T23:12:08.685,14,11,GS260501P00860000,GS,2026-05-01,put,860.0,1.73,2.0,2.06,57.0,1.895,2.55,1.0,0.368,-0.0695,0.0022,-0.3586,0.2184,-0.0203,2026-04-20,925.96,941.8,923.43,941.49,65420.0,934.831393
2026-04-20T23:12:08.685,14,11,GS260501P00865000,GS,2026-05-01,put,865.0,2.04,2.0,2.45,62.0,2.245,2.41,1.0,0.3649,-0.0807,0.0025,-0.3983,0.2449,-0.0236,2026-04-20,925.96,941.8,923.43,941.49,65420.0,934.831393
2026-04-20T23:12:08.685,14,11,GS260501P00870000,GS,2026-05-01,put,870.0,2.17,117.0,2.84,19.0,2.505,2.84,1.0,0.3564,-0.0903,0.0028,-0.4226,0.2663,-0.0264,2026-04-20,925.96,941.8,923.43,941.49,65420.0,934.831393
2026-04-20T23:12:08.685,14,11,GS260501P00875000,GS,2026-05-01,put,875.0,2.63,75.0,3.29,57.0,2.96,3.15,10.0,0.3533,-0.1045,0.0031,-0.4658,0.2964,-0.0306,2026-04-20,925.96,941.8,923.43,941.49,65420.0,934.831393
2026-04-20T23:12:08.685,14,11,GS260501P00880000,GS,2026-05-01,put,880.0,2.96,82.0,3.82,66.0,3.3899999999999997,3.68,1.0,0.3473,-0.1185,0.0035,-0.5005,0.3243,-0.0347,2026-04-20,925.96,941.8,923.43,941.49,65420.0,934.831393
2026-04-20T23:12:08.685,14,11,GS260501P00885000,GS,2026-05-01,put,885.0,3.31,108.0,4.53,68.0,3.92,5.88,1.0,0.3424,-0.1349,0.0039,-0.5396,0.355,-0.0395,2026-04-20,925.96,941.8,923.43,941.49,65420.0,934.831393
2026-04-20T23:12:08.685,14,11,GS260501P00887500,GS,2026-05-01,put,887.5,3.54,91.0,4.88,53.0,4.21,5.27,1.0,0.3399,-0.1438,0.0041,-0.5589,0.3708,-0.0421,2026-04-20,925.96,941.8,923.43,941.49,65420.0,934.831393
2026-04-20T23:12:08.685,14,11,GS260501P00890000,GS,2026-05-01,put,890.0,4.54,24.0,5.15,77.0,4.845000000000001,7.15,2.0,0.3457,-0.1587,0.0043,-0.6067,0.3959,-0.0465,2026-04-20,925.96,941.8,923.43,941.49,65420.0,934.831393
2026-04-20T23:12:08.685,14,11,GS260501P00892500,GS,2026-05-01,put,892.5,4.23,74.0,5.65,42.0,4.94,6.8,1.0,0.337,-0.1646,0.0045,-0.6051,0.4054,-0.0482,2026-04-20,925.96,941.8,923.43,941.49,65420.0,934.831393
2026-04-20T23:12:08.685,14,11,GS260501P00895000,GS,2026-05-01,put,895.0,4.73,161.0,6.11,100.0,5.42,6.1,1.0,0.3374,-0.1769,0.0047,-0.6341,0.4246,-0.0519,2026-04-20,925.96,941.8,923.43,941.49,65420.0,934.831393
2026-04-20T23:12:08.685,14,11,GS260501P00897500,GS,2026-05-01,put,897.5,4.91,98.0,6.35,30.0,5.63,6.35,2.0,0.3309,-0.1852,0.0049,-0.6392,0.437,-0.0543,2026-04-20,925.96,941.8,923.43,941.49,65420.0,934.831393
2026-04-20T23:12:08.685,14,11,GS260501P00900000,GS,2026-05-01,put,900.0,6.08,13.0,7.02,34.0,6.55,7.06,1.0,0.3396,-0.2041,0.0051,-0.6958,0.4636,-0.0599,2026-04-20,925.96,941.8,923.43,941.49,65420.0,934.831393
2026-04-20T23:12:08.685,14,11,GS260501P00902500,GS,2026-05-01,put,902.5,5.98,150.0,7.39,61.0,6.6850000000000005,7.24,1.0,0.3305,-0.2119,0.0054,-0.6914,0.474,-0.0622,2026-04-20,925.96,941.8,923.43,941.49,65420.0,934.831393
2026-04-20T23:12:08.685,14,11,GS260501P00905000,GS,2026-05-01,put,905.0,7.0,88.0,8.4,53.0,7.7,7.75,1.0,0.3391,-0.2315,0.0055,-0.7458,0.4985,-0.0681,2026-04-20,925.96,941.8,923.43,941.49,65420.0,934.831393
2026-04-20T23:12:08.685,14,11,GS260501P00907500,GS,2026-05-01,put,907.5,7.4,99.0,8.73,60.0,8.065000000000001,8.5,1.0,0.3337,-0.2428,0.0057,-0.7525,0.5117,-0.0714,2026-04-20,925.96,941.8,923.43,941.49,65420.0,934.831393
2026-04-20T23:12:08.685,14,11,GS260501P00910000,GS,2026-05-01,put,910.0,7.58,146.0,9.28,39.0,8.43,8.98,1.0,0.3278,-0.2545,0.006,-0.7572,0.5247,-0.0748,2026-04-20,925.96,941.8,923.43,941.49,65420.0,934.831393
2026-04-20T23:12:08.685,14,11,GS260501P00912500,GS,2026-05-01,put,912.5,8.039,70.0,9.99,19.0,9.0145,16.0,1.0,0.3257,-0.269,0.0062,-0.773,0.5398,-0.0791,2026-04-20,925.96,941.8,923.43,941.49,65420.0,934.831393
2026-04-20T23:12:08.685,14,11,GS260501P00915000,GS,2026-05-01,put,915.0,8.59,92.0,10.88,44.0,9.735,10.24,2.0,0.3253,-0.285,0.0064,-0.7935,0.5554,-0.0839,2026-04-20,925.96,941.8,923.43,941.49,65420.0,934.831393
2026-04-20T23:12:08.685,14,11,GS260501P00920000,GS,2026-05-01,put,920.0,10.32,114.0,11.99,70.0,11.155000000000001,11.72,1.0,0.3221,-0.3172,0.0068,-0.8224,0.5828,-0.0934,2026-04-20,925.96,941.8,923.43,941.49,65420.0,934.831393
2026-04-20T23:12:08.685,14,11,GS260501P00925000,GS,2026-05-01,put,925.0,12.83,10.0,14.03,75.0,13.43,13.7,1.0,0.3303,-0.3554,0.0069,-0.8801,0.6093,-0.105,2026-04-20,925.96,941.8,923.43,941.49,65420.0,934.831393
2026-04-20T23:12:08.685,14,11,GS260501P00930000,GS,2026-05-01,put,930.0,15.13,1.0,15.73,98.0,15.43,15.64,1.0,0.3308,-0.3911,0.0071,-0.9061,0.6281,-0.1157,2026-04-20,925.96,941.8,923.43,941.49,65420.0,934.831393
2026-04-20T23:12:08.685,14,11,GS260501P00935000,GS,2026-05-01,put,935.0,15.44,78.0,18.64,32.0,17.04,18.6,7.0,0.3223,-0.4261,0.0074,-0.8978,0.6414,-0.1261,2026-04-20,925.96,941.8,923.43,941.49,65420.0,934.831393
2026-04-20T23:12:08.685,14,11,GS260501P00940000,GS,2026-05-01,put,940.0,17.98,124.0,19.9,23.0,18.939999999999998,23.0,1.0,0.3156,-0.4634,0.0077,-0.8868,0.6499,-0.1373,2026-04-20,925.96,941.8,923.43,941.49,65420.0,934.831393
2026-04-20T23:12:08.685,14,11,GS260501P00945000,GS,2026-05-01,put,945.0,20.43,140.0,24.73,134.0,22.58,29.33,7.0,0.3328,-0.5007,0.0073,-0.9378,0.6526,-0.149,2026-04-20,925.96,941.8,923.43,941.49,65420.0,934.831393
2026-04-20T23:12:08.685,14,11,GS260501P00950000,GS,2026-05-01,put,950.0,23.08,142.0,26.8,140.0,24.939999999999998,33.7,13.0,0.3274,-0.5381,0.0074,-0.9138,0.6496,-0.1603,2026-04-20,925.96,941.8,923.43,941.49,65420.0,934.831393
2026-04-20T23:12:08.685,14,11,GS260501P00955000,GS,2026-05-01,put,955.0,25.72,81.0,30.17,103.0,27.945,36.63,29.0,0.3292,-0.574,0.0073,-0.903,0.6413,-0.1714,2026-04-20,925.96,941.8,923.43,941.49,65420.0,934.831393
2026-04-20T23:12:08.685,14,11,GS260501P00960000,GS,2026-05-01,put,960.0,28.12,102.0,32.409,129.0,30.264499999999998,35.89,1.0,0.3173,-0.6143,0.0074,-0.8416,0.6256,-0.1836,2026-04-20,925.96,941.8,923.43,941.49,65420.0,934.831393
2026-04-20T23:12:08.685,14,11,GS260501P00965000,GS,2026-05-01,put,965.0,31.17,111.0,36.81,107.0,33.99,35.0,1.0,0.325,-0.646,0.007,-0.8346,0.6084,-0.1937,2026-04-20,925.96,941.8,923.43,941.49,65420.0,934.831393
2026-04-20T23:12:08.685,14,11,GS260501P00970000,GS,2026-05-01,put,970.0,34.0,34.0,39.22,34.0,36.61,,,0.3114,-0.6875,0.007,-0.7514,0.5791,-0.2063,2026-04-20,925.96,941.8,923.43,941.49,65420.0,934.831393
2026-04-20T23:12:08.685,14,11,GS260501P00975000,GS,2026-05-01,put,975.0,38.46,51.0,42.73,34.0,40.595,62.05,3.0,0.3182,-0.7158,0.0065,-0.7309,0.5546,-0.2155,2026-04-20,925.96,941.8,923.43,941.49,65420.0,934.831393
2026-04-20T23:12:08.685,14,11,GS260501P00980000,GS,2026-05-01,put,980.0,42.34,27.0,45.92,32.0,44.13,51.65,1.0,0.3142,-0.7492,0.0062,-0.669,0.5207,-0.2261,2026-04-20,925.96,941.8,923.43,941.49,65420.0,934.831393
2026-04-20T23:12:08.685,14,11,GS260501P00985000,GS,2026-05-01,put,985.0,46.62,27.0,49.96,28.0,48.29,173.61,1.0,0.3196,-0.7738,0.0058,-0.6374,0.4921,-0.2343,2026-04-20,925.96,941.8,923.43,941.49,65420.0,934.831393
2026-04-20T23:12:08.685,14,11,GS260501P00990000,GS,2026-05-01,put,990.0,49.67,36.0,54.71,36.0,52.19,,,0.3172,-0.8022,0.0054,-0.5753,0.4549,-0.2435,2026-04-20,925.96,941.8,923.43,941.49,65420.0,934.831393
2026-04-20T23:12:08.685,14,11,GS260501P00995000,GS,2026-05-01,put,995.0,55.45,31.0,59.93,36.0,57.69,79.35,3.0,0.3483,-0.8029,0.0049,-0.6376,0.454,-0.2454,2026-04-20,925.96,941.8,923.43,941.49,65420.0,934.831393
2026-04-20T23:12:08.685,14,11,GS260501P01000000,GS,2026-05-01,put,1000.0,58.51,21.0,62.41,17.0,60.459999999999994,82.34,1.0,0.314,-0.8516,0.0045,-0.4546,0.3788,-0.26,2026-04-20,925.96,941.8,923.43,941.49,65420.0,934.831393
2026-04-20T23:12:08.685,14,11,GS260501P01005000,GS,2026-05-01,put,1005.0,62.24,15.0,68.61,16.0,65.425,171.76,1.0,0.331,-0.8585,0.0041,-0.4646,0.3668,-0.2635,2026-04-20,925.96,941.8,923.43,941.49,65420.0,934.831393
2026-04-20T23:12:08.685,14,11,GS260501P01010000,GS,2026-05-01,put,1010.0,67.77,24.0,73.35,34.0,70.56,94.67,1.0,0.3523,-0.8613,0.0038,-0.4914,0.3618,-0.2659,2026-04-20,925.96,941.8,923.43,941.49,65420.0,934.831393
2026-04-20T23:12:08.685,14,11,GS260501P01015000,GS,2026-05-01,put,1015.0,71.0,31.0,77.09,28.0,74.045,,,0.3225,-0.8998,0.0033,-0.3296,0.2876,-0.2778,2026-04-20,925.96,941.8,923.43,941.49,65420.0,934.831393
2026-04-20T23:12:08.685,14,11,GS260501P01020000,GS,2026-05-01,put,1020.0,78.82,14.0,83.04,21.0,80.93,,,0.3972,-0.8641,0.0034,-0.5551,0.3568,-0.2698,2026-04-20,925.96,941.8,923.43,941.49,65420.0,934.831393
2026-04-20T23:12:08.685,14,11,GS260501P01025000,GS,2026-05-01,put,1025.0,82.55,26.0,87.59,22.0,85.07,,,0.3885,-0.8844,0.0031,-0.4711,0.3186,-0.2768,2026-04-20,925.96,941.8,923.43,941.49,65420.0,934.831393
2026-04-20T23:12:08.685,14,11,GS260501P01030000,GS,2026-05-01,put,1030.0,86.5,14.0,91.98,19.0,89.24000000000001,,,0.3764,-0.9053,0.0027,-0.378,0.2758,-0.284,2026-04-20,925.96,941.8,923.43,941.49,65420.0,934.831393
2026-04-20T23:12:08.685,14,11,GS260501P01040000,GS,2026-05-01,put,1040.0,97.59,11.0,103.46,19.0,100.525,,,0.4512,-0.8862,0.0026,-0.5532,0.3152,-0.2819,2026-04-20,925.96,941.8,923.43,941.49,65420.0,934.831393
2026-04-20T23:12:08.685,14,11,GS260501P01050000,GS,2026-05-01,put,1050.0,104.69,2.0,112.08,25.0,108.38499999999999,134.06,1.0,0.3997,-0.9344,0.002,-0.2809,0.2089,-0.298,2026-04-20,925.96,941.8,923.43,941.49,65420.0,934.831393
2026-04-20T23:12:08.685,14,11,GS260501P01060000,GS,2026-05-01,put,1060.0,118.27,16.0,124.86,26.0,121.565,142.37,1.0,0.5469,-0.8811,0.0022,-0.7132,0.325,-0.2869,2026-04-20,925.96,941.8,923.43,941.49,65420.0,934.831393
2026-04-20T23:12:08.685,14,11,GS260501P01070000,GS,2026-05-01,put,1070.0,123.73,16.0,135.0,30.0,129.365,,,0.4992,-0.9208,0.0018,-0.4483,0.2413,-0.3005,2026-04-20,925.96,941.8,923.43,941.49,65420.0,934.831393
2026-04-20T23:12:08.685,14,11,GS260501P01080000,GS,2026-05-01,put,1080.0,137.39,14.0,144.66,26.0,141.02499999999998,206.45,1.0,0.5903,-0.8978,0.0018,-0.684,0.2916,-0.2975,2026-04-20,925.96,941.8,923.43,941.49,65420.0,934.831393
2026-04-20T23:12:08.685,14,11,GS260501P01090000,GS,2026-05-01,put,1090.0,146.3,5.0,153.88,20.0,150.09,,,0.5847,-0.9151,0.0016,-0.575,0.2543,-0.3051,2026-04-20,925.96,941.8,923.43,941.49,65420.0,934.831393
2026-04-20T23:12:08.685,14,11,GS260501P01100000,GS,2026-05-01,put,1100.0,156.27,3.0,159.79,25.0,158.03,,,0.511,-0.9543,0.0011,-0.2596,0.1571,-0.3186,2026-04-20,925.96,941.8,923.43,941.49,65420.0,934.831393
2026-04-20T23:12:08.685,14,11,GS260501P01110000,GS,2026-05-01,put,1110.0,168.75,2.0,169.24,22.0,168.995,,,0.5902,-0.9378,0.0013,-0.4326,0.2004,-0.3173,2026-04-20,925.96,941.8,923.43,941.49,65420.0,934.831393
2026-04-20T23:12:08.685,14,11,GS260501P01120000,GS,2026-05-01,put,1120.0,173.04,5.0,180.96,25.0,177.0,,,0.4676,-0.981,0.0006,-0.0516,0.0759,-0.3319,2026-04-20,925.96,941.8,923.43,941.49,65420.0,934.831393
2026-04-20T23:12:08.685,14,11,GS260501P01130000,GS,2026-05-01,put,1130.0,185.64,5.0,193.01,25.0,189.325,,,0.6576,-0.9363,0.0012,-0.5033,0.2041,-0.323,2026-04-20,925.96,941.8,923.43,941.49,65420.0,934.831393
2026-04-20T23:12:08.685,14,11,GS260501P01140000,GS,2026-05-01,put,1140.0,199.3,3.0,205.18,25.0,202.24,,,0.8027,-0.9014,0.0013,-0.9322,0.2842,-0.3169,2026-04-20,925.96,941.8,923.43,941.49,65420.0,934.831393
2026-04-20T23:12:08.685,14,11,GS260501P01150000,GS,2026-05-01,put,1150.0,203.57,5.0,214.56,17.0,209.065,,,0.6938,-0.9435,0.001,-0.477,0.186,-0.3309,2026-04-20,925.96,941.8,923.43,941.49,65420.0,934.831393
2026-04-20T23:12:08.685,14,11,GS260501P01160000,GS,2026-05-01,put,1160.0,213.33,1.0,224.14,21.0,218.735,,,0.6991,-0.9498,0.0009,-0.4269,0.1693,-0.3356,2026-04-20,925.96,941.8,923.43,941.49,65420.0,934.831393
2026-04-20T23:12:08.685,14,11,GS260501P01170000,GS,2026-05-01,put,1170.0,223.1,25.0,228.25,20.0,225.675,,,,,,,,,2026-04-20,925.96,941.8,923.43,941.49,65420.0,934.831393
2026-04-20T23:12:08.685,14,11,GS260501P01180000,GS,2026-05-01,put,1180.0,235.93,25.0,247.26,25.0,241.595,,,0.8834,-0.9167,0.0011,-0.8968,0.2508,-0.3331,2026-04-20,925.96,941.8,923.43,941.49,65420.0,934.831393
2026-04-20T23:12:08.685,14,11,GS260501P01190000,GS,2026-05-01,put,1190.0,246.22,25.0,256.67,25.0,251.445,,,0.9023,-0.9199,0.001,-0.8865,0.2433,-0.337,2026-04-20,925.96,941.8,923.43,941.49,65420.0,934.831393
2026-04-20T23:12:08.685,14,11,GS260501P01200000,GS,2026-05-01,put,1200.0,252.28,25.0,259.82,24.0,256.05,,,,,,,,,2026-04-20,925.96,941.8,923.43,941.49,65420.0,934.831393
2026-04-20T23:12:08.685,30,32,GS260522C00480000,GS,2026-05-22,call,480.0,451.31,5.0,460.83,21.0,456.07,,,,,,,,,2026-04-20,925.96,941.8,923.43,941.49,65420.0,934.831393
2026-04-20T23:12:08.685,30,32,GS260522C00490000,GS,2026-05-22,call,490.0,445.15,20.0,450.76,20.0,447.955,,,,,,,,,2026-04-20,925.96,941.8,923.43,941.49,65420.0,934.831393
2026-04-20T23:12:08.685,30,32,GS260522C00500000,GS,2026-05-22,call,500.0,436.52,20.0,444.75,20.0,440.635,,,,,,,,,2026-04-20,925.96,941.8,923.43,941.49,65420.0,934.831393
2026-04-20T23:12:08.685,30,32,GS260522C00510000,GS,2026-05-22,call,510.0,423.45,22.0,439.61,20.0,431.53,,,,,,,,,2026-04-20,925.96,941.8,923.43,941.49,65420.0,934.831393
2026-04-20T23:12:08.685,30,32,GS260522C00520000,GS,2026-05-22,call,520.0,414.42,22.0,419.5,20.0,416.96000000000004,,,,,,,,,2026-04-20,925.96,941.8,923.43,941.49,65420.0,934.831393
2026-04-20T23:12:08.685,30,32,GS260522C00530000,GS,2026-05-22,call,530.0,409.47,20.0,425.79,1.0,417.63,,,,,,,,,2026-04-20,925.96,941.8,923.43,941.49,65420.0,934.831393
2026-04-20T23:12:08.685,30,32,GS260522C00540000,GS,2026-05-22,call,540.0,399.38,20.0,406.87,20.0,403.125,,,,,,,,,2026-04-20,925.96,941.8,923.43,941.49,65420.0,934.831393
2026-04-20T23:12:08.685,30,32,GS260522C00550000,GS,2026-05-22,call,550.0,386.44,20.0,400.17,19.0,393.305,,,,,,,,,2026-04-20,925.96,941.8,923.43,941.49,65420.0,934.831393
2026-04-20T23:12:08.685,30,32,GS260522C00560000,GS,2026-05-22,call,560.0,372.62,20.0,381.97,1.0,377.295,,,,,,,,,2026-04-20,925.96,941.8,923.43,941.49,65420.0,934.831393
2026-04-20T23:12:08.685,30,32,GS260522C00570000,GS,2026-05-22,call,570.0,367.95,20.0,375.54,20.0,371.745,,,,,,,,,2026-04-20,925.96,941.8,923.43,941.49,65420.0,934.831393
2026-04-20T23:12:08.685,30,32,GS260522C00580000,GS,2026-05-22,call,580.0,355.94,20.0,364.89,17.0,360.41499999999996,,,,,,,,,2026-04-20,925.96,941.8,923.43,941.49,65420.0,934.831393
2026-04-20T23:12:08.685,30,32,GS260522C00590000,GS,2026-05-22,call,590.0,355.54,20.0,364.19,1.0,359.865,,,,,,,,,2026-04-20,925.96,941.8,923.43,941.49,65420.0,934.831393
2026-04-20T23:12:08.685,30,32,GS260522C00600000,GS,2026-05-22,call,600.0,337.22,20.0,354.53,1.0,345.875,,,0.7861,0.9807,0.0002,-0.2184,0.1308,0.507,2026-04-20,925.96,941.8,923.43,941.49,65420.0,934.831393
2026-04-20T23:12:08.685,30,32,GS260522C00610000,GS,2026-05-22,call,610.0,325.29,20.0,331.74,1.0,328.515,,,,,,,,,2026-04-20,925.96,941.8,923.43,941.49,65420.0,934.831393
2026-04-20T23:12:08.685,30,32,GS260522C00620000,GS,2026-05-22,call,620.0,320.63,20.0,326.82,18.0,323.725,,,,,,,,,2026-04-20,925.96,941.8,923.43,941.49,65420.0,934.831393
2026-04-20T23:12:08.685,30,32,GS260522C00630000,GS,2026-05-22,call,630.0,313.87,21.0,321.62,1.0,317.745,,,0.8111,0.9648,0.0003,-0.3333,0.2165,0.5185,2026-04-20,925.96,941.8,923.43,941.49,65420.0,934.831393
2026-04-20T23:12:08.685,30,32,GS260522C00640000,GS,2026-05-22,call,640.0,302.37,20.0,303.2,1.0,302.78499999999997,,,,,,,,,2026-04-20,925.96,941.8,923.43,941.49,65420.0,934.831393
2026-04-20T23:12:08.685,30,32,GS260522C00645000,GS,2026-05-22,call,645.0,300.51,21.0,309.06,5.0,304.78499999999997,,,0.849,0.9502,0.0004,-0.4397,0.2871,0.5177,2026-04-20,925.96,941.8,923.43,941.49,65420.0,934.831393
2026-04-20T23:12:08.685,30,32,GS260522C00650000,GS,2026-05-22,call,650.0,293.06,20.0,297.69,1.0,295.375,,,0.6132,0.9844,0.0002,-0.168,0.1095,0.5542,2026-04-20,925.96,941.8,923.43,941.49,65420.0,934.831393
2026-04-20T23:12:08.685,30,32,GS260522C00655000,GS,2026-05-22,call,655.0,290.42,1.0,292.07,16.0,291.245,,,0.6648,0.9751,0.0003,-0.2312,0.1623,0.5502,2026-04-20,925.96,941.8,923.43,941.49,65420.0,934.831393
2026-04-20T23:12:08.685,30,32,GS260522C00660000,GS,2026-05-22,call,660.0,281.38,1.0,294.2,21.0,287.78999999999996,,,0.73,0.9617,0.0004,-0.3267,0.2323,0.5421,2026-04-20,925.96,941.8,923.43,941.49,65420.0,934.831393
2026-04-20T23:12:08.685,30,32,GS260522C00665000,GS,2026-05-22,call,665.0,273.68,18.0,279.49,20.0,276.58500000000004,,,,,,,,,2026-04-20,925.96,941.8,923.43,941.49,65420.0,934.831393
2026-04-20T23:12:08.685,30,32,GS260522C00670000,GS,2026-05-22,call,670.0,269.58,20.0,282.19,12.0,275.885,,,0.6036,0.9781,0.0003,-0.2021,0.146,0.5661,2026-04-20,925.96,941.8,923.43,941.49,65420.0,934.831393
2026-04-20T23:12:08.685,30,32,GS260522C00675000,GS,2026-05-22,call,675.0,267.44,22.0,277.84,1.0,272.64,,,0.6833,0.9613,0.0004,-0.3132,0.2342,0.5551,2026-04-20,925.96,941.8,923.43,941.49,65420.0,934.831393
2026-04-20T23:12:08.685,30,32,GS260522C00680000,GS,2026-05-22,call,680.0,261.32,5.0,269.13,20.0,265.225,,,0.5257,0.9859,0.0002,-0.1486,0.1002,0.5819,2026-04-20,925.96,941.8,923.43,941.49,65420.0,934.831393
2026-04-20T23:12:08.685,30,32,GS260522C00685000,GS,2026-05-22,call,685.0,257.74,20.0,258.91,1.0,258.32500000000005,,,,,,,,,2026-04-20,925.96,941.8,923.43,941.49,65420.0,934.831393
2026-04-20T23:12:08.685,30,32,GS260522C00690000,GS,2026-05-22,call,690.0,245.23,20.0,254.63,19.0,249.93,,,,,,,,,2026-04-20,925.96,941.8,923.43,941.49,65420.0,934.831393
2026-04-20T23:12:08.685,30,32,GS260522C00695000,GS,2026-05-22,call,695.0,243.96,20.0,251.49,19.0,247.72500000000002,,,,,,,,,2026-04-20,925.96,941.8,923.43,941.49,65420.0,934.831393
2026-04-20T23:12:08.685,30,32,GS260522C00700000,GS,2026-05-22,call,700.0,240.72,20.0,246.86,1.0,243.79000000000002,,,,,,,,,2026-04-20,925.96,941.8,923.43,941.49,65420.0,934.831393
2026-04-20T23:12:08.685,30,32,GS260522C00705000,GS,2026-05-22,call,705.0,232.54,19.0,246.62,1.0,239.57999999999998,173.91,1.0,0.3401,0.9985,0.0001,-0.0773,0.0138,0.6148,2026-04-20,925.96,941.8,923.43,941.49,65420.0,934.831393
2026-04-20T23:12:08.685,30,32,GS260522C00710000,GS,2026-05-22,call,710.0,228.54,20.0,243.06,18.0,235.8,,,0.5016,0.9773,0.0004,-0.1861,0.1502,0.6007,2026-04-20,925.96,941.8,923.43,941.49,65420.0,934.831393
2026-04-20T23:12:08.685,30,32,GS260522C00715000,GS,2026-05-22,call,715.0,228.29,21.0,237.43,18.0,232.86,,,0.5885,0.9544,0.0006,-0.3121,0.2671,0.5843,2026-04-20,925.96,941.8,923.43,941.49,65420.0,934.831393
2026-04-20T23:12:08.685,30,32,GS260522C00720000,GS,2026-05-22,call,720.0,220.71,22.0,227.65,1.0,224.18,218.47,1.0,,,,,,,2026-04-20,925.96,941.8,923.43,941.49,65420.0,934.831393
2026-04-20T23:12:08.685,30,32,GS260522C00725000,GS,2026-05-22,call,725.0,216.85,19.0,227.11,6.0,221.98000000000002,,,0.5284,0.962,0.0006,-0.2587,0.2307,0.6001,2026-04-20,925.96,941.8,923.43,941.49,65420.0,934.831393
2026-04-20T23:12:08.685,30,32,GS260522C00730000,GS,2026-05-22,call,730.0,210.72,19.0,218.54,5.0,214.63,,,0.2734,0.9994,0.0,-0.0751,0.006,0.6374,2026-04-20,925.96,941.8,923.43,941.49,65420.0,934.831393
2026-04-20T23:12:08.685,30,32,GS260522C00735000,GS,2026-05-22,call,735.0,208.01,16.0,209.93,10.0,208.97,,,,,,,,,2026-04-20,925.96,941.8,923.43,941.49,65420.0,934.831393
2026-04-20T23:12:08.685,30,32,GS260522C00740000,GS,2026-05-22,call,740.0,200.46,21.0,208.46,10.0,204.46,,,,,,,,,2026-04-20,925.96,941.8,923.43,941.49,65420.0,934.831393
2026-04-20T23:12:08.685,30,32,GS260522C00745000,GS,2026-05-22,call,745.0,197.94,20.0,205.27,11.0,201.60500000000002,,,0.4643,0.9641,0.0006,-0.2301,0.2199,0.6197,2026-04-20,925.96,941.8,923.43,941.49,65420.0,934.831393
2026-04-20T23:12:08.685,30,32,GS260522C00750000,GS,2026-05-22,call,750.0,194.6,14.0,196.29,11.0,195.445,167.0,1.0,0.3863,0.9813,0.0004,-0.1499,0.1278,0.6393,2026-04-20,925.96,941.8,923.43,941.49,65420.0,934.831393
2026-04-20T23:12:08.685,30,32,GS260522C00755000,GS,2026-05-22,call,755.0,186.69,20.0,190.53,14.0,188.61,,,,,,,,,2026-04-20,925.96,941.8,923.43,941.49,65420.0,934.831393
2026-04-20T23:12:08.685,30,32,GS260522C00760000,GS,2026-05-22,call,760.0,179.98,19.0,189.85,11.0,184.915,,,0.3058,0.993,0.0002,-0.1011,0.0547,0.6582,2026-04-20,925.96,941.8,923.43,941.49,65420.0,934.831393
2026-04-20T23:12:08.685,30,32,GS260522C00765000,GS,2026-05-22,call,765.0,173.91,19.0,184.23,11.0,179.07,119.86,1.0,,,,,,,2026-04-20,925.96,941.8,923.43,941.49,65420.0,934.831393
2026-04-20T23:12:08.685,30,32,GS260522C00770000,GS,2026-05-22,call,770.0,173.39,23.0,175.41,16.0,174.39999999999998,143.14,1.0,,,,,,,2026-04-20,925.96,941.8,923.43,941.49,65420.0,934.831393
2026-04-20T23:12:08.685,30,32,GS260522C00775000,GS,2026-05-22,call,775.0,170.19,16.0,173.69,16.0,171.94,139.25,1.0,0.409,0.9555,0.0008,-0.2401,0.262,0.6386,2026-04-20,925.96,941.8,923.43,941.49,65420.0,934.831393
2026-04-20T23:12:08.685,30,32,GS260522C00780000,GS,2026-05-22,call,780.0,165.59,16.0,172.53,20.0,169.06,130.38,1.0,0.4632,0.9292,0.001,-0.3439,0.3778,0.6194,2026-04-20,925.96,941.8,923.43,941.49,65420.0,934.831393
2026-04-20T23:12:08.685,30,32,GS260522C00785000,GS,2026-05-22,call,785.0,157.26,18.0,166.23,11.0,161.745,146.85,3.0,0.3788,0.9566,0.0009,-0.2257,0.2567,0.6485,2026-04-20,925.96,941.8,923.43,941.49,65420.0,934.831393
2026-04-20T23:12:08.685,30,32,GS260522C00790000,GS,2026-05-22,call,790.0,155.63,17.0,159.6,17.0,157.615,130.65,1.0,0.3976,0.9433,0.001,-0.2704,0.3178,0.6411,2026-04-20,925.96,941.8,923.43,941.49,65420.0,934.831393
2026-04-20T23:12:08.685,30,32,GS260522C00795000,GS,2026-05-22,call,795.0,149.94,22.0,153.62,12.0,151.78,137.4,1.0,0.3577,0.9543,0.001,-0.2243,0.2678,0.6553,2026-04-20,925.96,941.8,923.43,941.49,65420.0,934.831393
2026-04-20T23:12:08.685,30,32,GS260522C00800000,GS,2026-05-22,call,800.0,145.73,31.0,147.52,13.0,146.625,115.85,1.0,0.3407,0.9559,0.001,-0.2138,0.2603,0.6611,2026-04-20,925.96,941.8,923.43,941.49,65420.0,934.831393
2026-04-20T23:12:08.685,30,32,GS260522C00805000,GS,2026-05-22,call,805.0,138.9,22.0,146.18,20.0,142.54000000000002,108.93,6.0,0.3604,0.9405,0.0012,-0.2602,0.3303,0.652,2026-04-20,925.96,941.8,923.43,941.49,65420.0,934.831393
2026-04-20T23:12:08.685,30,32,GS260522C00810000,GS,2026-05-22,call,810.0,135.44,16.0,139.11,16.0,137.275,122.46,1.0,0.3408,0.9431,0.0012,-0.2448,0.3189,0.6587,2026-04-20,925.96,941.8,923.43,941.49,65420.0,934.831393
2026-04-20T23:12:08.685,30,32,GS260522C00815000,GS,2026-05-22,call,815.0,129.8,16.0,138.6,19.0,134.2,109.05,1.0,0.3801,0.9153,0.0015,-0.3299,0.4331,0.6385,2026-04-20,925.96,941.8,923.43,941.49,65420.0,934.831393
2026-04-20T23:12:08.685,30,32,GS260522C00820000,GS,2026-05-22,call,820.0,126.5,16.0,133.26,16.0,129.88,98.15,1.0,0.3827,0.9051,0.0016,-0.3538,0.471,0.6339,2026-04-20,925.96,941.8,923.43,941.49,65420.0,934.831393
2026-04-20T23:12:08.685,30,32,GS260522C00825000,GS,2026-05-22,call,825.0,120.85,16.0,125.92,16.0,123.38499999999999,68.21,1.0,0.3366,0.9215,0.0016,-0.2893,0.4087,0.6531,2026-04-20,925.96,941.8,923.43,941.49,65420.0,934.831393
2026-04-20T23:12:08.685,30,32,GS260522C00830000,GS,2026-05-22,call,830.0,117.74,19.0,123.51,15.0,120.625,84.5,1.0,0.3724,0.8915,0.0018,-0.374,0.5193,0.6308,2026-04-20,925.96,941.8,923.43,941.49,65420.0,934.831393
2026-04-20T23:12:08.685,30,32,GS260522C00835000,GS,2026-05-22,call,835.0,111.45,27.0,117.36,32.0,114.405,101.05,1.0,0.3354,0.903,0.0018,-0.3244,0.4788,0.6457,2026-04-20,925.96,941.8,923.43,941.49,65420.0,934.831393
2026-04-20T23:12:08.685,30,32,GS260522C00840000,GS,2026-05-22,call,840.0,107.72,25.0,112.87,16.0,110.295,83.1,1.0,0.3406,0.889,0.002,-0.3535,0.5279,0.6378,2026-04-20,925.96,941.8,923.43,941.49,65420.0,934.831393
2026-04-20T23:12:08.685,30,32,GS260522C00845000,GS,2026-05-22,call,845.0,102.55,25.0,110.54,19.0,106.545,92.48,1.0,0.3501,0.8716,0.0021,-0.3915,0.5853,0.6266,2026-04-20,925.96,941.8,923.43,941.49,65420.0,934.831393
2026-04-20T23:12:08.685,30,32,GS260522C00850000,GS,2026-05-22,call,850.0,100.02,28.0,103.36,21.0,101.69,84.43,1.0,0.3394,0.866,0.0023,-0.3908,0.6026,0.6263,2026-04-20,925.96,941.8,923.43,941.49,65420.0,934.831393
2026-04-20T23:12:08.685,30,32,GS260522C00855000,GS,2026-05-22,call,855.0,94.38,28.0,99.39,22.0,96.88499999999999,81.05,1.0,0.3293,0.8596,0.0024,-0.3912,0.6221,0.6252,2026-04-20,925.96,941.8,923.43,941.49,65420.0,934.831393
2026-04-20T23:12:08.685,30,32,GS260522C00860000,GS,2026-05-22,call,860.0,92.32,22.0,96.02,15.0,94.16999999999999,60.1,1.0,0.3501,0.8325,0.0026,-0.4514,0.6993,0.6052,2026-04-20,925.96,941.8,923.43,941.49,65420.0,934.831393
2026-04-20T23:12:08.685,30,32,GS260522C00865000,GS,2026-05-22,call,865.0,86.27,23.0,92.9,22.0,89.58500000000001,62.0,1.0,0.3417,0.8233,0.0027,-0.4548,0.7236,0.6016,2026-04-20,925.96,941.8,923.43,941.49,65420.0,934.831393
2026-04-20T23:12:08.685,30,32,GS260522C00870000,GS,2026-05-22,call,870.0,82.74,84.0,88.06,35.0,85.4,77.25,1.0,0.3383,0.8103,0.0029,-0.4675,0.7565,0.5945,2026-04-20,925.96,941.8,923.43,941.49,65420.0,934.831393
2026-04-20T23:12:08.685,30,32,GS260522C00875000,GS,2026-05-22,call,875.0,77.4,30.0,83.85,27.0,80.625,67.44,1.0,0.3266,0.8017,0.0031,-0.4639,0.7772,0.5916,2026-04-20,925.96,941.8,923.43,941.49,65420.0,934.831393
2026-04-20T23:12:08.685,30,32,GS260522C00880000,GS,2026-05-22,call,880.0,73.04,24.0,78.78,24.0,75.91,63.81,1.0,0.3154,0.792,0.0033,-0.461,0.7997,0.5877,2026-04-20,925.96,941.8,923.43,941.49,65420.0,934.831393
2026-04-20T23:12:08.685,30,32,GS260522C00885000,GS,2026-05-22,call,885.0,70.07,70.0,74.65,75.0,72.36,65.25,1.0,0.3179,0.7726,0.0034,-0.4836,0.8419,0.5748,2026-04-20,925.96,941.8,923.43,941.49,65420.0,934.831393
2026-04-20T23:12:08.685,30,32,GS260522C00890000,GS,2026-05-22,call,890.0,65.45,33.0,72.32,36.0,68.88499999999999,62.63,1.0,0.32,0.7529,0.0035,-0.5044,0.8811,0.5616,2026-04-20,925.96,941.8,923.43,941.49,65420.0,934.831393
2026-04-20T23:12:08.685,30,32,GS260522C00895000,GS,2026-05-22,call,895.0,63.21,20.0,68.38,23.0,65.795,59.49,1.0,0.325,0.7312,0.0036,-0.5295,0.9205,0.5464,2026-04-20,925.96,941.8,923.43,941.49,65420.0,934.831393
2026-04-20T23:12:08.685,30,32,GS260522C00900000,GS,2026-05-22,call,900.0,60.48,82.0,64.12,82.0,62.3,61.59,1.0,0.3243,0.7121,0.0038,-0.543,0.9518,0.5336,2026-04-20,925.96,941.8,923.43,941.49,65420.0,934.831393
2026-04-20T23:12:08.685,30,32,GS260522C00905000,GS,2026-05-22,call,905.0,55.11,83.0,60.25,91.0,57.68,48.4,1.0,0.3111,0.6982,0.004,-0.5327,0.9728,0.5262,2026-04-20,925.96,941.8,923.43,941.49,65420.0,934.831393
2026-04-20T23:12:08.685,30,32,GS260522C00910000,GS,2026-05-22,call,910.0,53.25,82.0,56.69,97.0,54.97,47.44,1.0,0.3166,0.6747,0.0041,-0.5548,1.0046,0.5092,2026-04-20,925.96,941.8,923.43,941.49,65420.0,934.831393
2026-04-20T23:12:08.685,30,32,GS260522C00915000,GS,2026-05-22,call,915.0,48.35,94.0,54.51,83.0,51.43,40.69,1.0,0.3126,0.6548,0.0042,-0.5587,1.0282,0.4958,2026-04-20,925.96,941.8,923.43,941.49,65420.0,934.831393
2026-04-20T23:12:08.685,30,32,GS260522C00920000,GS,2026-05-22,call,920.0,44.96,98.0,49.48,95.0,47.22,45.27,1.0,0.3014,0.6363,0.0045,-0.5485,1.0474,0.4843,2026-04-20,925.96,941.8,923.43,941.49,65420.0,934.831393
2026-04-20T23:12:08.685,30,32,GS260522C00925000,GS,2026-05-22,call,925.0,42.79,104.0,46.52,86.0,44.655,36.99,1.0,0.305,0.6124,0.0045,-0.5623,1.0686,0.4668,2026-04-20,925.96,941.8,923.43,941.49,65420.0,934.831393
2026-04-20T23:12:08.685,30,32,GS260522C00930000,GS,2026-05-22,call,930.0,39.53,109.0,44.57,101.0,42.05,39.6,1.0,0.307,0.589,0.0045,-0.5717,1.0852,0.4497,2026-04-20,925.96,941.8,923.43,941.49,65420.0,934.831393
2026-04-20T23:12:08.685,30,32,GS260522C00935000,GS,2026-05-22,call,935.0,36.18,113.0,41.31,90.0,38.745000000000005,35.9,1.0,0.3014,0.5665,0.0047,-0.5664,1.0976,0.434,2026-04-20,925.96,941.8,923.43,941.49,65420.0,934.831393
2026-04-20T23:12:08.685,30,32,GS260522C00940000,GS,2026-05-22,call,940.0,33.67,98.0,39.09,107.0,36.38,36.35,1.0,0.3035,0.5428,0.0047,-0.5721,1.1067,0.4165,2026-04-20,925.96,941.8,923.43,941.49,65420.0,934.831393
2026-04-20T23:12:08.685,30,32,GS260522C00945000,GS,2026-05-22,call,945.0,30.18,110.0,36.34,105.0,33.260000000000005,31.65,1.0,0.2976,0.519,0.0048,-0.5625,1.1118,0.3996,2026-04-20,925.96,941.8,923.43,941.49,65420.0,934.831393
2026-04-20T23:12:08.685,30,32,GS260522C00950000,GS,2026-05-22,call,950.0,28.07,111.0,33.68,116.0,30.875,30.0,3.0,0.2973,0.4951,0.0048,-0.5605,1.113,0.3819,2026-04-20,925.96,941.8,923.43,941.49,65420.0,934.831393
2026-04-20T23:12:08.685,30,32,GS260522C00955000,GS,2026-05-22,call,955.0,25.73,117.0,30.81,118.0,28.27,24.05,1.0,0.294,0.4706,0.0049,-0.5513,1.1101,0.364,2026-04-20,925.96,941.8,923.43,941.49,65420.0,934.831393
2026-04-20T23:12:08.685,30,32,GS260522C00960000,GS,2026-05-22,call,960.0,23.59,121.0,29.18,130.0,26.384999999999998,23.4,1.0,0.296,0.4474,0.0048,-0.5498,1.1034,0.3465,2026-04-20,925.96,941.8,923.43,941.49,65420.0,934.831393
2026-04-20T23:12:08.685,30,32,GS260522C00965000,GS,2026-05-22,call,965.0,21.82,94.0,26.45,95.0,24.134999999999998,20.0,1.0,0.2938,0.4232,0.0048,-0.5388,1.0924,0.3285,2026-04-20,925.96,941.8,923.43,941.49,65420.0,934.831393
2026-04-20T23:12:08.685,30,32,GS260522C00970000,GS,2026-05-22,call,970.0,19.15,129.0,24.87,125.0,22.009999999999998,16.4,1.0,0.2915,0.3991,0.0047,-0.5261,1.0773,0.3104,2026-04-20,925.96,941.8,923.43,941.49,65420.0,934.831393
2026-04-20T23:12:08.685,30,32,GS260522C00975000,GS,2026-05-22,call,975.0,17.38,121.0,22.67,144.0,20.025,20.5,2.0,0.2895,0.3752,0.0047,-0.512,1.0582,0.2924,2026-04-20,925.96,941.8,923.43,941.49,65420.0,934.831393
2026-04-20T23:12:08.685,30,32,GS260522C00980000,GS,2026-05-22,call,980.0,16.04,128.0,20.32,127.0,18.18,16.9,1.0,0.2877,0.3518,0.0046,-0.4966,1.0353,0.2747,2026-04-20,925.96,941.8,923.43,941.49,65420.0,934.831393
2026-04-20T23:12:08.685,30,32,GS260522C00985000,GS,2026-05-22,call,985.0,14.17,129.0,18.94,129.0,16.555,13.33,1.0,0.2869,0.3293,0.0045,-0.4819,1.0096,0.2575,2026-04-20,925.96,941.8,923.43,941.49,65420.0,934.831393
2026-04-20T23:12:08.685,30,32,GS260522C00990000,GS,2026-05-22,call,990.0,12.59,136.0,17.23,119.0,14.91,13.1,1.0,0.2848,0.3065,0.0044,-0.4632,0.9795,0.2402,2026-04-20,925.96,941.8,923.43,941.49,65420.0,934.831393
2026-04-20T23:12:08.685,30,32,GS260522C00995000,GS,2026-05-22,call,995.0,11.96,92.0,15.66,42.0,13.81,12.65,1.0,0.2873,0.2878,0.0043,-0.4528,0.9516,0.2256,2026-04-20,925.96,941.8,923.43,941.49,65420.0,934.831393
2026-04-20T23:12:08.685,30,32,GS260522C01000000,GS,2026-05-22,call,1000.0,10.45,135.0,12.67,2.0,11.559999999999999,12.4,1.0,0.2763,0.2589,0.0042,-0.413,0.903,0.2037,2026-04-20,925.96,941.8,923.43,941.49,65420.0,934.831393
2026-04-20T23:12:08.685,30,32,GS260522C01005000,GS,2026-05-22,call,1005.0,9.17,39.0,12.86,55.0,11.015,7.54,1.0,0.2828,0.2453,0.004,-0.4098,0.8776,0.193,2026-04-20,925.96,941.8,923.43,941.49,65420.0,934.831393
2026-04-20T23:12:08.685,30,32,GS260522C01010000,GS,2026-05-22,call,1010.0,7.36,14.0,11.86,14.0,9.61,8.34,2.0,0.2786,0.2232,0.0038,-0.3827,0.8331,0.176,2026-04-20,925.96,941.8,923.43,941.49,65420.0,934.831393
2026-04-20T23:12:08.685,30,32,GS260522C01015000,GS,2026-05-22,call,1015.0,6.49,14.0,10.63,11.0,8.56,,,0.2774,0.2046,0.0037,-0.3616,0.7919,0.1616,2026-04-20,925.96,941.8,923.43,941.49,65420.0,934.831393
2026-04-20T23:12:08.685,30,32,GS260522C01020000,GS,2026-05-22,call,1020.0,5.72,15.0,9.51,15.0,7.615,,,0.2764,0.1871,0.0035,-0.3407,0.7501,0.1479,2026-04-20,925.96,941.8,923.43,941.49,65420.0,934.831393
2026-04-20T23:12:08.685,30,32,GS260522C01025000,GS,2026-05-22,call,1025.0,5.33,14.0,8.8,14.0,7.065,3.35,1.0,0.2797,0.1747,0.0033,-0.3297,0.7183,0.1381,2026-04-20,925.96,941.8,923.43,941.49,65420.0,934.831393
2026-04-20T23:12:08.685,30,32,GS260522C01030000,GS,2026-05-22,call,1030.0,4.79,50.0,7.55,47.0,6.17,3.95,1.0,0.2773,0.1577,0.0031,-0.3056,0.6725,0.1249,2026-04-20,925.96,941.8,923.43,941.49,65420.0,934.831393
2026-04-20T23:12:08.685,30,32,GS260522C01040000,GS,2026-05-22,call,1040.0,3.55,50.0,5.97,39.0,4.76,3.2,1.0,0.2748,0.1287,0.0027,-0.2632,0.586,0.1021,2026-04-20,925.96,941.8,923.43,941.49,65420.0,934.831393
2026-04-20T23:12:08.685,30,32,GS260522C01050000,GS,2026-05-22,call,1050.0,3.02,76.0,4.96,55.0,3.99,3.65,100.0,0.2795,0.1097,0.0024,-0.2386,0.5237,0.0872,2026-04-20,925.96,941.8,923.43,941.49,65420.0,934.831393
2026-04-20T23:12:08.685,30,32,GS260522C01060000,GS,2026-05-22,call,1060.0,1.63,72.0,4.28,79.0,2.955,2.13,2.0,0.2754,0.0864,0.002,-0.1969,0.4394,0.0688,2026-04-20,925.96,941.8,923.43,941.49,65420.0,934.831393
2026-04-20T23:12:08.685,30,32,GS260522C01070000,GS,2026-05-22,call,1070.0,0.93,70.0,2.88,53.0,1.905,1.33,1.0,0.2646,0.0615,0.0016,-0.1456,0.3388,0.0491,2026-04-20,925.96,941.8,923.43,941.49,65420.0,934.831393
2026-04-20T23:12:08.685,30,32,GS260522C01080000,GS,2026-05-22,call,1080.0,0.53,29.0,2.67,29.0,1.6,0.99,1.0,0.2701,0.052,0.0014,-0.13,0.2969,0.0416,2026-04-20,925.96,941.8,923.43,941.49,65420.0,934.831393
2026-04-20T23:12:08.685,30,32,GS260522C01090000,GS,2026-05-22,call,1090.0,0.23,34.0,2.72,29.0,1.475,0.73,2.0,0.2803,0.047,0.0013,-0.1242,0.2738,0.0375,2026-04-20,925.96,941.8,923.43,941.49,65420.0,934.831393
2026-04-20T23:12:08.685,30,32,GS260522C01100000,GS,2026-05-22,call,1100.0,0.03,62.0,2.08,22.0,1.055,0.77,1.0,0.2771,0.0354,0.001,-0.0975,0.2178,0.0283,2026-04-20,925.96,941.8,923.43,941.49,65420.0,934.831393
2026-04-20T23:12:08.685,30,32,GS260522C01110000,GS,2026-05-22,call,1110.0,0.27,97.0,1.11,58.0,0.6900000000000001,0.68,1.0,0.2709,0.0249,0.0008,-0.0709,0.1622,0.0199,2026-04-20,925.96,941.8,923.43,941.49,65420.0,934.831393
2026-04-20T23:12:08.685,30,32,GS260522C01120000,GS,2026-05-22,call,1120.0,0.01,64.0,2.29,33.0,1.15,,,0.3081,0.0349,0.0009,-0.1068,0.2151,0.0278,2026-04-20,925.96,941.8,923.43,941.49,65420.0,934.831393
2026-04-20T23:12:08.685,30,32,GS260522C01130000,GS,2026-05-22,call,1130.0,0.01,29.0,2.1,28.0,1.055,,,0.3165,0.0316,0.0008,-0.101,0.1984,0.0252,2026-04-20,925.96,941.8,923.43,941.49,65420.0,934.831393
2026-04-20T23:12:08.685,30,32,GS260522C01140000,GS,2026-05-22,call,1140.0,0.0,0.0,4.71,5.0,2.355,,,,,,,,,2026-04-20,925.96,941.8,923.43,941.49,65420.0,934.831393
2026-04-20T23:12:08.685,30,32,GS260522C01150000,GS,2026-05-22,call,1150.0,0.0,0.0,4.67,1.0,2.335,0.45,1.0,,,,,,,2026-04-20,925.96,941.8,923.43,941.49,65420.0,934.831393
2026-04-20T23:12:08.685,30,32,GS260522C01160000,GS,2026-05-22,call,1160.0,0.0,0.0,4.51,1.0,2.255,,,,,,,,,2026-04-20,925.96,941.8,923.43,941.49,65420.0,934.831393
2026-04-20T23:12:08.685,30,32,GS260522C01170000,GS,2026-05-22,call,1170.0,0.0,0.0,4.59,11.0,2.295,,,,,,,,,2026-04-20,925.96,941.8,923.43,941.49,65420.0,934.831393
2026-04-20T23:12:08.685,30,32,GS260522C01180000,GS,2026-05-22,call,1180.0,0.0,0.0,4.57,1.0,2.285,,,,,,,,,2026-04-20,925.96,941.8,923.43,941.49,65420.0,934.831393
2026-04-20T23:12:08.685,30,32,GS260522C01190000,GS,2026-05-22,call,1190.0,0.0,0.0,4.57,1.0,2.285,,,,,,,,,2026-04-20,925.96,941.8,923.43,941.49,65420.0,934.831393
2026-04-20T23:12:08.685,30,32,GS260522C01200000,GS,2026-05-22,call,1200.0,0.0,0.0,4.49,1.0,2.245,,,,,,,,,2026-04-20,925.96,941.8,923.43,941.49,65420.0,934.831393
2026-04-20T23:12:08.685,30,32,GS260522P00480000,GS,2026-05-22,put,480.0,0.0,0.0,4.32,1.0,2.16,,,,,,,,,2026-04-20,925.96,941.8,923.43,941.49,65420.0,934.831393
2026-04-20T23:12:08.685,30,32,GS260522P00490000,GS,2026-05-22,put,490.0,0.0,0.0,4.28,1.0,2.14,,,,,,,,,2026-04-20,925.96,941.8,923.43,941.49,65420.0,934.831393
2026-04-20T23:12:08.685,30,32,GS260522P00500000,GS,2026-05-22,put,500.0,0.0,0.0,4.28,1.0,2.14,,,,,,,,,2026-04-20,925.96,941.8,923.43,941.49,65420.0,934.831393
2026-04-20T23:12:08.685,30,32,GS260522P00510000,GS,2026-05-22,put,510.0,0.0,0.0,4.36,1.0,2.18,,,,,,,,,2026-04-20,925.96,941.8,923.43,941.49,65420.0,934.831393
2026-04-20T23:12:08.685,30,32,GS260522P00520000,GS,2026-05-22,put,520.0,0.0,0.0,4.34,1.0,2.17,,,,,,,,,2026-04-20,925.96,941.8,923.43,941.49,65420.0,934.831393
2026-04-20T23:12:08.685,30,32,GS260522P00530000,GS,2026-05-22,put,530.0,0.0,0.0,4.25,1.0,2.125,,,,,,,,,2026-04-20,925.96,941.8,923.43,941.49,65420.0,934.831393
2026-04-20T23:12:08.685,30,32,GS260522P00540000,GS,2026-05-22,put,540.0,0.0,0.0,4.34,1.0,2.17,2.12,20.0,,,,,,,2026-04-20,925.96,941.8,923.43,941.49,65420.0,934.831393
2026-04-20T23:12:08.685,30,32,GS260522P00550000,GS,2026-05-22,put,550.0,0.0,0.0,4.28,1.0,2.14,,,,,,,,,2026-04-20,925.96,941.8,923.43,941.49,65420.0,934.831393
2026-04-20T23:12:08.685,30,32,GS260522P00560000,GS,2026-05-22,put,560.0,0.0,0.0,4.31,1.0,2.155,,,,,,,,,2026-04-20,925.96,941.8,923.43,941.49,65420.0,934.831393
2026-04-20T23:12:08.685,30,32,GS260522P00570000,GS,2026-05-22,put,570.0,0.0,0.0,4.4,1.0,2.2,0.71,5.0,,,,,,,2026-04-20,925.96,941.8,923.43,941.49,65420.0,934.831393
2026-04-20T23:12:08.685,30,32,GS260522P00580000,GS,2026-05-22,put,580.0,0.0,0.0,4.31,1.0,2.155,1.11,3.0,,,,,,,2026-04-20,925.96,941.8,923.43,941.49,65420.0,934.831393
2026-04-20T23:12:08.685,30,32,GS260522P00590000,GS,2026-05-22,put,590.0,0.0,0.0,4.4,1.0,2.2,1.3,1.0,,,,,,,2026-04-20,925.96,941.8,923.43,941.49,65420.0,934.831393
2026-04-20T23:12:08.685,30,32,GS260522P00600000,GS,2026-05-22,put,600.0,0.0,0.0,4.42,1.0,2.21,,,,,,,,,2026-04-20,925.96,941.8,923.43,941.49,65420.0,934.831393
2026-04-20T23:12:08.685,30,32,GS260522P00610000,GS,2026-05-22,put,610.0,0.0,0.0,4.44,1.0,2.22,,,,,,,,,2026-04-20,925.96,941.8,923.43,941.49,65420.0,934.831393
2026-04-20T23:12:08.685,30,32,GS260522P00620000,GS,2026-05-22,put,620.0,0.0,0.0,4.36,1.0,2.18,,,,,,,,,2026-04-20,925.96,941.8,923.43,941.49,65420.0,934.831393
2026-04-20T23:12:08.685,30,32,GS260522P00630000,GS,2026-05-22,put,630.0,0.0,0.0,4.43,16.0,2.215,2.06,5.0,,,,,,,2026-04-20,925.96,941.8,923.43,941.49,65420.0,934.831393
2026-04-20T23:12:08.685,30,32,GS260522P00640000,GS,2026-05-22,put,640.0,0.0,0.0,4.55,13.0,2.275,2.34,5.0,,,,,,,2026-04-20,925.96,941.8,923.43,941.49,65420.0,934.831393
2026-04-20T23:12:08.685,30,32,GS260522P00645000,GS,2026-05-22,put,645.0,0.0,0.0,4.41,20.0,2.205,4.43,2.0,,,,,,,2026-04-20,925.96,941.8,923.43,941.49,65420.0,934.831393
2026-04-20T23:12:08.685,30,32,GS260522P00650000,GS,2026-05-22,put,650.0,0.0,0.0,4.62,18.0,2.31,1.21,10.0,,,,,,,2026-04-20,925.96,941.8,923.43,941.49,65420.0,934.831393
2026-04-20T23:12:08.685,30,32,GS260522P00655000,GS,2026-05-22,put,655.0,0.0,0.0,4.53,13.0,2.265,,,,,,,,,2026-04-20,925.96,941.8,923.43,941.49,65420.0,934.831393
2026-04-20T23:12:08.685,30,32,GS260522P00660000,GS,2026-05-22,put,660.0,0.0,0.0,4.43,6.0,2.215,,,,,,,,,2026-04-20,925.96,941.8,923.43,941.49,65420.0,934.831393
2026-04-20T23:12:08.685,30,32,GS260522P00665000,GS,2026-05-22,put,665.0,0.0,0.0,4.59,5.0,2.295,,,,,,,,,2026-04-20,925.96,941.8,923.43,941.49,65420.0,934.831393
2026-04-20T23:12:08.685,30,32,GS260522P00670000,GS,2026-05-22,put,670.0,0.0,0.0,1.28,2.0,0.64,1.19,2.0,,,,,,,2026-04-20,925.96,941.8,923.43,941.49,65420.0,934.831393
2026-04-20T23:12:08.685,30,32,GS260522P00675000,GS,2026-05-22,put,675.0,0.0,0.0,4.63,1.0,2.315,1.3,2.0,,,,,,,2026-04-20,925.96,941.8,923.43,941.49,65420.0,934.831393
2026-04-20T23:12:08.685,30,32,GS260522P00680000,GS,2026-05-22,put,680.0,0.0,0.0,4.81,1.0,2.405,0.51,1.0,,,,,,,2026-04-20,925.96,941.8,923.43,941.49,65420.0,934.831393
2026-04-20T23:12:08.685,30,32,GS260522P00685000,GS,2026-05-22,put,685.0,0.0,0.0,4.78,3.0,2.39,3.13,4.0,,,,,,,2026-04-20,925.96,941.8,923.43,941.49,65420.0,934.831393
2026-04-20T23:12:08.685,30,32,GS260522P00690000,GS,2026-05-22,put,690.0,0.0,0.0,4.72,1.0,2.36,,,,,,,,,2026-04-20,925.96,941.8,923.43,941.49,65420.0,934.831393
2026-04-20T23:12:08.685,30,32,GS260522P00695000,GS,2026-05-22,put,695.0,0.0,0.0,4.83,1.0,2.415,,,,,,,,,2026-04-20,925.96,941.8,923.43,941.49,65420.0,934.831393
2026-04-20T23:12:08.685,30,32,GS260522P00700000,GS,2026-05-22,put,700.0,0.0,0.0,4.98,1.0,2.49,0.88,1.0,,,,,,,2026-04-20,925.96,941.8,923.43,941.49,65420.0,934.831393
2026-04-20T23:12:08.685,30,32,GS260522P00705000,GS,2026-05-22,put,705.0,0.0,0.0,4.93,1.0,2.465,0.54,2.0,,,,,,,2026-04-20,925.96,941.8,923.43,941.49,65420.0,934.831393
2026-04-20T23:12:08.685,30,32,GS260522P00710000,GS,2026-05-22,put,710.0,0.0,0.0,4.82,51.0,2.41,0.61,5.0,,,,,,,2026-04-20,925.96,941.8,923.43,941.49,65420.0,934.831393
2026-04-20T23:12:08.685,30,32,GS260522P00715000,GS,2026-05-22,put,715.0,0.13,87.0,1.93,114.0,1.03,1.04,1.0,0.476,-0.0201,0.0004,-0.099,0.1357,-0.0175,2026-04-20,925.96,941.8,923.43,941.49,65420.0,934.831393
2026-04-20T23:12:08.685,30,32,GS260522P00720000,GS,2026-05-22,put,720.0,0.0,0.0,2.15,78.0,1.075,0.82,1.0,,,,,,,2026-04-20,925.96,941.8,923.43,941.49,65420.0,934.831393
2026-04-20T23:12:08.685,30,32,GS260522P00725000,GS,2026-05-22,put,725.0,0.17,80.0,2.19,109.0,1.18,0.9,1.0,0.4658,-0.0231,0.0004,-0.1089,0.1528,-0.0202,2026-04-20,925.96,941.8,923.43,941.49,65420.0,934.831393
2026-04-20T23:12:08.685,30,32,GS260522P00730000,GS,2026-05-22,put,730.0,0.73,88.0,1.31,105.0,1.02,1.13,1.0,0.4447,-0.0212,0.0004,-0.0967,0.1421,-0.0184,2026-04-20,925.96,941.8,923.43,941.49,65420.0,934.831393
2026-04-20T23:12:08.685,30,32,GS260522P00735000,GS,2026-05-22,put,735.0,0.89,92.0,1.33,77.0,1.11,1.14,1.0,0.4406,-0.0231,0.0004,-0.1027,0.1525,-0.02,2026-04-20,925.96,941.8,923.43,941.49,65420.0,934.831393
2026-04-20T23:12:08.685,30,32,GS260522P00740000,GS,2026-05-22,put,740.0,0.48,98.0,2.42,76.0,1.45,0.95,9.0,0.4506,-0.0286,0.0005,-0.1256,0.1824,-0.0249,2026-04-20,925.96,941.8,923.43,941.49,65420.0,934.831393
2026-04-20T23:12:08.685,30,32,GS260522P00745000,GS,2026-05-22,put,745.0,0.86,61.0,1.92,78.0,1.39,1.34,1.0,0.4368,-0.0283,0.0005,-0.1208,0.1811,-0.0246,2026-04-20,925.96,941.8,923.43,941.49,65420.0,934.831393
2026-04-20T23:12:08.685,30,32,GS260522P00750000,GS,2026-05-22,put,750.0,0.85,57.0,2.009,74.0,1.4295,1.11,2.0,0.4286,-0.0296,0.0006,-0.1227,0.1875,-0.0257,2026-04-20,925.96,941.8,923.43,941.49,65420.0,934.831393
2026-04-20T23:12:08.685,30,32,GS260522P00755000,GS,2026-05-22,put,755.0,0.96,66.0,2.06,70.0,1.51,2.41,1.0,0.4223,-0.0314,0.0006,-0.1271,0.1973,-0.0273,2026-04-20,925.96,941.8,923.43,941.49,65420.0,934.831393
2026-04-20T23:12:08.685,30,32,GS260522P00760000,GS,2026-05-22,put,760.0,1.06,55.0,2.39,70.0,1.725,2.69,1.0,0.4222,-0.0353,0.0007,-0.1397,0.2171,-0.0307,2026-04-20,925.96,941.8,923.43,941.49,65420.0,934.831393
2026-04-20T23:12:08.685,30,32,GS260522P00765000,GS,2026-05-22,put,765.0,1.45,94.0,2.51,77.0,1.98,1.7,1.0,0.4227,-0.0397,0.0007,-0.154,0.2392,-0.0346,2026-04-20,925.96,941.8,923.43,941.49,65420.0,934.831393
2026-04-20T23:12:08.685,30,32,GS260522P00770000,GS,2026-05-22,put,770.0,1.38,73.0,2.66,77.0,2.02,1.81,2.0,0.4135,-0.0412,0.0008,-0.1552,0.2465,-0.0358,2026-04-20,925.96,941.8,923.43,941.49,65420.0,934.831393
2026-04-20T23:12:08.685,30,32,GS260522P00775000,GS,2026-05-22,put,775.0,1.54,57.0,3.05,73.0,2.295,3.72,1.0,0.4133,-0.0461,0.0008,-0.1695,0.2695,-0.0401,2026-04-20,925.96,941.8,923.43,941.49,65420.0,934.831393
2026-04-20T23:12:08.685,30,32,GS260522P00780000,GS,2026-05-22,put,780.0,1.56,73.0,3.37,76.0,2.465,2.24,1.0,0.4085,-0.0495,0.0009,-0.1773,0.2855,-0.0431,2026-04-20,925.96,941.8,923.43,941.49,65420.0,934.831393
2026-04-20T23:12:08.685,30,32,GS260522P00785000,GS,2026-05-22,put,785.0,2.14,79.0,2.77,92.0,2.455,2.67,5.0,0.3971,-0.0506,0.0009,-0.1753,0.2905,-0.044,2026-04-20,925.96,941.8,923.43,941.49,65420.0,934.831393
2026-04-20T23:12:08.685,30,32,GS260522P00790000,GS,2026-05-22,put,790.0,2.16,55.0,3.13,64.0,2.645,3.02,1.0,0.3924,-0.0545,0.001,-0.1836,0.3082,-0.0473,2026-04-20,925.96,941.8,923.43,941.49,65420.0,934.831393
2026-04-20T23:12:08.685,30,32,GS260522P00795000,GS,2026-05-22,put,795.0,2.44,89.0,3.48,131.0,2.96,3.1,1.0,0.3911,-0.0602,0.0011,-0.1976,0.3331,-0.0523,2026-04-20,925.96,941.8,923.43,941.49,65420.0,934.831393
2026-04-20T23:12:08.685,30,32,GS260522P00800000,GS,2026-05-22,put,800.0,2.63,97.0,4.26,70.0,3.445,3.27,1.0,0.3936,-0.0681,0.0012,-0.2187,0.3666,-0.0592,2026-04-20,925.96,941.8,923.43,941.49,65420.0,934.831393
2026-04-20T23:12:08.685,30,32,GS260522P00805000,GS,2026-05-22,put,805.0,2.79,69.0,4.66,79.0,3.725,6.5,2.0,0.3894,-0.0734,0.0013,-0.229,0.3884,-0.0639,2026-04-20,925.96,941.8,923.43,941.49,65420.0,934.831393
2026-04-20T23:12:08.685,30,32,GS260522P00810000,GS,2026-05-22,put,810.0,3.08,104.0,4.82,74.0,3.95,3.9,1.0,0.3833,-0.0781,0.0014,-0.2363,0.4075,-0.068,2026-04-20,925.96,941.8,923.43,941.49,65420.0,934.831393
2026-04-20T23:12:08.685,30,32,GS260522P00815000,GS,2026-05-22,put,815.0,3.4,56.0,4.88,68.0,4.14,8.03,1.0,0.3761,-0.0826,0.0015,-0.2416,0.4251,-0.0719,2026-04-20,925.96,941.8,923.43,941.49,65420.0,934.831393
2026-04-20T23:12:08.685,30,32,GS260522P00820000,GS,2026-05-22,put,820.0,3.72,51.0,5.4,72.0,4.5600000000000005,5.72,1.0,0.3737,-0.0901,0.0016,-0.2558,0.4533,-0.0784,2026-04-20,925.96,941.8,923.43,941.49,65420.0,934.831393
2026-04-20T23:12:08.685,30,32,GS260522P00825000,GS,2026-05-22,put,825.0,3.98,106.0,5.72,135.0,4.85,5.22,8.0,0.3679,-0.0961,0.0017,-0.2639,0.4756,-0.0836,2026-04-20,925.96,941.8,923.43,941.49,65420.0,934.831393
2026-04-20T23:12:08.685,30,32,GS260522P00830000,GS,2026-05-22,put,830.0,4.48,98.0,6.57,136.0,5.525,5.5,1.0,0.3693,-0.1067,0.0018,-0.2855,0.5132,-0.093,2026-04-20,925.96,941.8,923.43,941.49,65420.0,934.831393
2026-04-20T23:12:08.685,30,32,GS260522P00835000,GS,2026-05-22,put,835.0,4.92,101.0,7.0,144.0,5.96,6.28,1.0,0.365,-0.1146,0.0019,-0.2968,0.5404,-0.0999,2026-04-20,925.96,941.8,923.43,941.49,65420.0,934.831393
2026-04-20T23:12:08.685,30,32,GS260522P00840000,GS,2026-05-22,put,840.0,5.27,59.0,7.22,140.0,6.244999999999999,6.78,1.0,0.3574,-0.1212,0.002,-0.302,0.5622,-0.1056,2026-04-20,925.96,941.8,923.43,941.49,65420.0,934.831393
2026-04-20T23:12:08.685,30,32,GS260522P00845000,GS,2026-05-22,put,845.0,5.58,48.0,9.44,59.0,7.51,7.35,20.0,0.3659,-0.138,0.0022,-0.3379,0.6149,-0.1206,2026-04-20,925.96,941.8,923.43,941.49,65420.0,934.831393
2026-04-20T23:12:08.685,30,32,GS260522P00850000,GS,2026-05-22,put,850.0,5.91,54.0,9.95,55.0,7.93,8.58,2.0,0.3593,-0.1464,0.0023,-0.3448,0.64,-0.1279,2026-04-20,925.96,941.8,923.43,941.49,65420.0,934.831393
2026-04-20T23:12:08.685,30,32,GS260522P00855000,GS,2026-05-22,put,855.0,7.02,41.0,10.67,50.0,8.844999999999999,9.13,1.0,0.3596,-0.1596,0.0024,-0.3649,0.6777,-0.1396,2026-04-20,925.96,941.8,923.43,941.49,65420.0,934.831393
2026-04-20T23:12:08.685,30,32,GS260522P00860000,GS,2026-05-22,put,860.0,7.45,54.0,10.67,69.0,9.06,9.91,1.0,0.349,-0.1668,0.0026,-0.3637,0.6974,-0.1457,2026-04-20,925.96,941.8,923.43,941.49,65420.0,934.831393
2026-04-20T23:12:08.685,30,32,GS260522P00865000,GS,2026-05-22,put,865.0,8.22,58.0,12.29,65.0,10.254999999999999,10.73,1.0,0.3515,-0.1827,0.0027,-0.3877,0.7391,-0.16,2026-04-20,925.96,941.8,923.43,941.49,65420.0,934.831393
2026-04-20T23:12:08.685,30,32,GS260522P00870000,GS,2026-05-22,put,870.0,9.37,121.0,12.13,128.0,10.75,11.6,20.0,0.3437,-0.1931,0.0029,-0.3915,0.7647,-0.169,2026-04-20,925.96,941.8,923.43,941.49,65420.0,934.831393
2026-04-20T23:12:08.685,30,32,GS260522P00875000,GS,2026-05-22,put,875.0,10.23,67.0,14.54,60.0,12.385,14.6,2.0,0.3498,-0.2124,0.003,-0.4212,0.8095,-0.1863,2026-04-20,925.96,941.8,923.43,941.49,65420.0,934.831393
2026-04-20T23:12:08.685,30,32,GS260522P00880000,GS,2026-05-22,put,880.0,11.17,118.0,14.3,128.0,12.735,13.6,1.0,0.3389,-0.2226,0.0032,-0.4182,0.8316,-0.195,2026-04-20,925.96,941.8,923.43,941.49,65420.0,934.831393
2026-04-20T23:12:08.685,30,32,GS260522P00885000,GS,2026-05-22,put,885.0,12.08,51.0,16.7,63.0,14.39,16.92,1.0,0.3429,-0.242,0.0033,-0.4426,0.8712,-0.2125,2026-04-20,925.96,941.8,923.43,941.49,65420.0,934.831393
2026-04-20T23:12:08.685,30,32,GS260522P00890000,GS,2026-05-22,put,890.0,13.2,126.0,16.76,125.0,14.98,15.84,1.0,0.3337,-0.2548,0.0034,-0.4415,0.8955,-0.2236,2026-04-20,925.96,941.8,923.43,941.49,65420.0,934.831393
2026-04-20T23:12:08.685,30,32,GS260522P00895000,GS,2026-05-22,put,895.0,14.66,43.0,18.65,51.0,16.655,17.61,1.0,0.3358,-0.2744,0.0036,-0.4604,0.9299,-0.2413,2026-04-20,925.96,941.8,923.43,941.49,65420.0,934.831393
2026-04-20T23:12:08.685,30,32,GS260522P00900000,GS,2026-05-22,put,900.0,15.48,141.0,19.27,116.0,17.375,19.02,1.0,0.3267,-0.2891,0.0037,-0.458,0.9537,-0.2541,2026-04-20,925.96,941.8,923.43,941.49,65420.0,934.831393
2026-04-20T23:12:08.685,30,32,GS260522P00905000,GS,2026-05-22,put,905.0,16.74,99.0,22.18,95.0,19.46,21.42,1.0,0.331,-0.3108,0.0038,-0.4786,0.9854,-0.2738,2026-04-20,925.96,941.8,923.43,941.49,65420.0,934.831393
2026-04-20T23:12:08.685,30,32,GS260522P00910000,GS,2026-05-22,put,910.0,18.95,52.0,23.63,127.0,21.29,22.4,1.0,0.3316,-0.3311,0.0039,-0.4909,1.0118,-0.2922,2026-04-20,925.96,941.8,923.43,941.49,65420.0,934.831393
2026-04-20T23:12:08.685,30,32,GS260522P00915000,GS,2026-05-22,put,915.0,20.45,165.0,24.0,163.0,22.225,23.65,1.0,0.3224,-0.3486,0.0041,-0.4848,1.0319,-0.3075,2026-04-20,925.96,941.8,923.43,941.49,65420.0,934.831393
2026-04-20T23:12:08.685,30,32,GS260522P00920000,GS,2026-05-22,put,920.0,22.08,125.0,26.85,121.0,24.465,26.17,1.0,0.3249,-0.3707,0.0042,-0.4978,1.054,-0.3277,2026-04-20,925.96,941.8,923.43,941.49,65420.0,934.831393
2026-04-20T23:12:08.685,30,32,GS260522P00925000,GS,2026-05-22,put,925.0,23.49,124.0,28.3,115.0,25.895,28.6,1.0,0.3188,-0.3908,0.0043,-0.4942,1.0711,-0.3456,2026-04-20,925.96,941.8,923.43,941.49,65420.0,934.831393
2026-04-20T23:12:08.685,30,32,GS260522P00930000,GS,2026-05-22,put,930.0,26.1,36.0,29.88,120.0,27.990000000000002,34.83,1.0,0.318,-0.4128,0.0044,-0.4981,1.0864,-0.3655,2026-04-20,925.96,941.8,923.43,941.49,65420.0,934.831393
2026-04-20T23:12:08.685,30,32,GS260522P00935000,GS,2026-05-22,put,935.0,27.59,120.0,33.54,122.0,30.564999999999998,32.5,20.0,0.3205,-0.4353,0.0044,-0.506,1.0984,-0.3864,2026-04-20,925.96,941.8,923.43,941.49,65420.0,934.831393
2026-04-20T23:12:08.685,30,32,GS260522P00940000,GS,2026-05-22,put,940.0,30.47,116.0,35.24,117.0,32.855000000000004,53.75,1.0,0.3194,-0.4575,0.0045,-0.506,1.1067,-0.4067,2026-04-20,925.96,941.8,923.43,941.49,65420.0,934.831393
2026-04-20T23:12:08.685,30,32,GS260522P00945000,GS,2026-05-22,put,945.0,31.84,112.0,36.03,115.0,33.935,37.45,1.0,0.3064,-0.4805,0.0047,-0.4837,1.1117,-0.4267,2026-04-20,925.96,941.8,923.43,941.49,65420.0,934.831393
2026-04-20T23:12:08.685,30,32,GS260522P00950000,GS,2026-05-22,put,950.0,34.11,112.0,40.31,112.0,37.21,60.65,1.0,0.3122,-0.503,0.0046,-0.4919,1.113,-0.4481,2026-04-20,925.96,941.8,923.43,941.49,65420.0,934.831393
2026-04-20T23:12:08.685,30,32,GS260522P00955000,GS,2026-05-22,put,955.0,37.97,97.0,42.04,108.0,40.004999999999995,42.88,1.0,0.3126,-0.5255,0.0046,-0.4891,1.1108,-0.4692,2026-04-20,925.96,941.8,923.43,941.49,65420.0,934.831393
2026-04-20T23:12:08.685,30,32,GS260522P00960000,GS,2026-05-22,put,960.0,39.31,114.0,44.61,95.0,41.96,67.56,1.0,0.3044,-0.5502,0.0047,-0.4693,1.1043,-0.4913,2026-04-20,925.96,941.8,923.43,941.49,65420.0,934.831393
2026-04-20T23:12:08.685,30,32,GS260522P00965000,GS,2026-05-22,put,965.0,42.75,104.0,47.06,104.0,44.905,54.9,1.0,0.3042,-0.573,0.0046,-0.4618,1.0944,-0.5127,2026-04-20,925.96,941.8,923.43,941.49,65420.0,934.831393
2026-04-20T23:12:08.685,30,32,GS260522P00970000,GS,2026-05-22,put,970.0,46.01,117.0,49.7,109.0,47.855000000000004,50.6,1.0,0.3029,-0.5959,0.0046,-0.4507,1.0808,-0.5342,2026-04-20,925.96,941.8,923.43,941.49,65420.0,934.831393
2026-04-20T23:12:08.685,30,32,GS260522P00975000,GS,2026-05-22,put,975.0,49.21,95.0,53.94,96.0,51.575,80.85,1.0,0.3078,-0.6155,0.0044,-0.4498,1.0661,-0.5537,2026-04-20,925.96,941.8,923.43,941.49,65420.0,934.831393
2026-04-20T23:12:08.685,30,32,GS260522P00980000,GS,2026-05-22,put,980.0,51.19,93.0,56.62,96.0,53.905,83.04,3.0,0.2987,-0.6419,0.0045,-0.4205,1.0419,-0.5775,2026-04-20,925.96,941.8,923.43,941.49,65420.0,934.831393
2026-04-20T23:12:08.685,30,32,GS260522P00985000,GS,2026-05-22,put,985.0,56.19,91.0,60.96,102.0,58.575,,,0.3109,-0.6557,0.0042,-0.4316,1.0272,-0.593,2026-04-20,925.96,941.8,923.43,941.49,65420.0,934.831393
2026-04-20T23:12:08.685,30,32,GS260522P00990000,GS,2026-05-22,put,990.0,57.87,36.0,64.349,34.0,61.1095,85.46,15.0,0.3015,-0.6819,0.0042,-0.3986,0.9953,-0.6169,2026-04-20,925.96,941.8,923.43,941.49,65420.0,934.831393
2026-04-20T23:12:08.685,30,32,GS260522P00995000,GS,2026-05-22,put,995.0,63.23,17.0,67.28,25.0,65.255,,,0.3071,-0.6978,0.0041,-0.3949,0.9733,-0.6337,2026-04-20,925.96,941.8,923.43,941.49,65420.0,934.831393
2026-04-20T23:12:08.685,30,32,GS260522P01000000,GS,2026-05-22,put,1000.0,65.01,15.0,71.84,23.0,68.42500000000001,,,0.3017,-0.7207,0.004,-0.3676,0.938,-0.6554,2026-04-20,925.96,941.8,923.43,941.49,65420.0,934.831393
2026-04-20T23:12:08.685,30,32,GS260522P01005000,GS,2026-05-22,put,1005.0,68.0,24.0,74.62,24.0,71.31,,,0.2917,-0.7472,0.0039,-0.3291,0.8918,-0.6798,2026-04-20,925.96,941.8,923.43,941.49,65420.0,934.831393
2026-04-20T23:12:08.685,30,32,GS260522P01010000,GS,2026-05-22,put,1010.0,72.6,6.0,79.47,6.0,76.035,,,0.3013,-0.7573,0.0037,-0.332,0.8727,-0.6923,2026-04-20,925.96,941.8,923.43,941.49,65420.0,934.831393
2026-04-20T23:12:08.685,30,32,GS260522P01015000,GS,2026-05-22,put,1015.0,76.84,14.0,83.81,14.0,80.325,,,0.3053,-0.7709,0.0036,-0.3228,0.8454,-0.7073,2026-04-20,925.96,941.8,923.43,941.49,65420.0,934.831393
2026-04-20T23:12:08.685,30,32,GS260522P01020000,GS,2026-05-22,put,1020.0,80.48,14.0,86.74,14.0,83.61,,,0.2963,-0.7948,0.0034,-0.2841,0.7932,-0.7299,2026-04-20,925.96,941.8,923.43,941.49,65420.0,934.831393
2026-04-20T23:12:08.685,30,32,GS260522P01025000,GS,2026-05-22,put,1025.0,86.63,16.0,89.48,12.0,88.055,,,0.3006,-0.8065,0.0033,-0.275,0.7657,-0.7435,2026-04-20,925.96,941.8,923.43,941.49,65420.0,934.831393
2026-04-20T23:12:08.685,30,32,GS260522P01030000,GS,2026-05-22,put,1030.0,90.73,20.0,93.74,14.0,92.235,,,0.3007,-0.821,0.0031,-0.2563,0.7295,-0.7591,2026-04-20,925.96,941.8,923.43,941.49,65420.0,934.831393
2026-04-20T23:12:08.685,30,32,GS260522P01040000,GS,2026-05-22,put,1040.0,99.28,24.0,103.2,21.0,101.24000000000001,,,0.3078,-0.8418,0.0028,-0.2348,0.6738,-0.7842,2026-04-20,925.96,941.8,923.43,941.49,65420.0,934.831393
2026-04-20T23:12:08.685,30,32,GS260522P01050000,GS,2026-05-22,put,1050.0,109.25,16.0,113.69,11.0,111.47,,,0.3318,-0.8462,0.0026,-0.2523,0.6616,-0.7967,2026-04-20,925.96,941.8,923.43,941.49,65420.0,934.831393
2026-04-20T23:12:08.685,30,32,GS260522P01060000,GS,2026-05-22,put,1060.0,115.52,22.0,123.73,20.0,119.625,,,0.3215,-0.876,0.0023,-0.1926,0.5711,-0.8286,2026-04-20,925.96,941.8,923.43,941.49,65420.0,934.831393
2026-04-20T23:12:08.685,30,32,GS260522P01070000,GS,2026-05-22,put,1070.0,126.13,14.0,133.05,11.0,129.59,,,0.3397,-0.8813,0.0021,-0.1981,0.5537,-0.8417,2026-04-20,925.96,941.8,923.43,941.49,65420.0,934.831393
2026-04-20T23:12:08.685,30,32,GS260522P01080000,GS,2026-05-22,put,1080.0,134.9,19.0,144.67,20.0,139.785,208.76,5.0,0.3616,-0.8831,0.0019,-0.2126,0.548,-0.8521,2026-04-20,925.96,941.8,923.43,941.49,65420.0,934.831393
2026-04-20T23:12:08.685,30,32,GS260522P01090000,GS,2026-05-22,put,1090.0,146.83,20.0,154.49,20.0,150.66000000000003,,,0.3956,-0.8765,0.0018,-0.2546,0.5696,-0.8562,2026-04-20,925.96,941.8,923.43,941.49,65420.0,934.831393
2026-04-20T23:12:08.685,30,32,GS260522P01100000,GS,2026-05-22,put,1100.0,153.82,25.0,160.33,25.0,157.075,,,0.3377,-0.9286,0.0014,-0.0977,0.3803,-0.9049,2026-04-20,925.96,941.8,923.43,941.49,65420.0,934.831393
2026-04-20T23:12:08.685,30,32,GS260522P01110000,GS,2026-05-22,put,1110.0,162.36,5.0,170.08,5.0,166.22000000000003,,,0.3287,-0.9454,0.0012,-0.0531,0.3088,-0.9267,2026-04-20,925.96,941.8,923.43,941.49,65420.0,934.831393
2026-04-20T23:12:08.685,30,32,GS260522P01120000,GS,2026-05-22,put,1120.0,172.61,25.0,185.38,21.0,178.995,,,0.4157,-0.9059,0.0014,-0.2011,0.4682,-0.9053,2026-04-20,925.96,941.8,923.43,941.49,65420.0,934.831393
2026-04-20T23:12:08.685,30,32,GS260522P01130000,GS,2026-05-22,put,1130.0,180.99,1.0,194.69,20.0,187.84,,,0.4055,-0.9231,0.0013,-0.1494,0.4024,-0.9273,2026-04-20,925.96,941.8,923.43,941.49,65420.0,934.831393
2026-04-20T23:12:08.685,30,32,GS260522P01140000,GS,2026-05-22,put,1140.0,195.64,20.0,202.37,20.0,199.005,,,0.4487,-0.9104,0.0013,-0.2112,0.4517,-0.9265,2026-04-20,925.96,941.8,923.43,941.49,65420.0,934.831393
2026-04-20T23:12:08.685,30,32,GS260522P01150000,GS,2026-05-22,put,1150.0,206.45,1.0,214.5,21.0,210.475,,,0.4958,-0.8965,0.0013,-0.2837,0.5021,-0.9251,2026-04-20,925.96,941.8,923.43,941.49,65420.0,934.831393
2026-04-20T23:12:08.685,30,32,GS260522P01160000,GS,2026-05-22,put,1160.0,212.51,20.0,223.41,20.0,217.95999999999998,,,0.4553,-0.9266,0.0011,-0.1675,0.3885,-0.9566,2026-04-20,925.96,941.8,923.43,941.49,65420.0,934.831393
2026-04-20T23:12:08.685,30,32,GS260522P01170000,GS,2026-05-22,put,1170.0,224.97,20.0,230.12,5.0,227.54500000000002,,,0.4593,-0.9332,0.001,-0.1488,0.3613,-0.9704,2026-04-20,925.96,941.8,923.43,941.49,65420.0,934.831393
2026-04-20T23:12:08.685,30,32,GS260522P01180000,GS,2026-05-22,put,1180.0,237.49,20.0,241.63,20.0,239.56,,,0.5242,-0.9117,0.0011,-0.2564,0.4468,-0.9632,2026-04-20,925.96,941.8,923.43,941.49,65420.0,934.831393
2026-04-20T23:12:08.685,30,32,GS260522P01190000,GS,2026-05-22,put,1190.0,241.36,1.0,256.57,20.0,248.965,,,0.5257,-0.9194,0.001,-0.2313,0.4171,-0.9778,2026-04-20,925.96,941.8,923.43,941.49,65420.0,934.831393
2026-04-20T23:12:08.685,30,32,GS260522P01200000,GS,2026-05-22,put,1200.0,252.48,1.0,263.99,21.0,258.235,,,0.5222,-0.9286,0.0009,-0.1972,0.3803,-0.9935,2026-04-20,925.96,941.8,923.43,941.49,65420.0,934.831393
2026-04-20T23:12:08.685,60,59,GS260618C00230000,GS,2026-06-18,call,230.0,703.63,20.0,723.63,20.0,713.63,,,,,,,,,2026-04-20,925.96,941.8,923.43,941.49,65420.0,934.831393
2026-04-20T23:12:08.685,60,59,GS260618C00240000,GS,2026-06-18,call,240.0,711.13,20.0,711.2,20.0,711.165,639.95,5.0,,,,,,,2026-04-20,925.96,941.8,923.43,941.49,65420.0,934.831393
2026-04-20T23:12:08.685,60,59,GS260618C00250000,GS,2026-06-18,call,250.0,697.39,20.0,706.14,20.0,701.765,250.02,1.0,,,,,,,2026-04-20,925.96,941.8,923.43,941.49,65420.0,934.831393
2026-04-20T23:12:08.685,60,59,GS260618C00260000,GS,2026-06-18,call,260.0,665.29,20.0,686.42,20.0,675.855,,,,,,,,,2026-04-20,925.96,941.8,923.43,941.49,65420.0,934.831393
2026-04-20T23:12:08.685,60,59,GS260618C00270000,GS,2026-06-18,call,270.0,659.7,5.0,687.88,1.0,673.79,,,,,,,,,2026-04-20,925.96,941.8,923.43,941.49,65420.0,934.831393
2026-04-20T23:12:08.685,60,59,GS260618C00280000,GS,2026-06-18,call,280.0,669.69,5.0,678.39,20.0,674.04,275.85,1.0,,,,,,,2026-04-20,925.96,941.8,923.43,941.49,65420.0,934.831393
2026-04-20T23:12:08.685,60,59,GS260618C00290000,GS,2026-06-18,call,290.0,648.81,20.0,662.52,1.0,655.665,269.02,1.0,,,,,,,2026-04-20,925.96,941.8,923.43,941.49,65420.0,934.831393
2026-04-20T23:12:08.685,60,59,GS260618C00300000,GS,2026-06-18,call,300.0,651.16,5.0,659.76,20.0,655.46,344.15,1.0,,,,,,,2026-04-20,925.96,941.8,923.43,941.49,65420.0,934.831393
2026-04-20T23:12:08.685,60,59,GS260618C00310000,GS,2026-06-18,call,310.0,619.48,20.0,646.91,1.0,633.1949999999999,284.82,1.0,,,,,,,2026-04-20,925.96,941.8,923.43,941.49,65420.0,934.831393
2026-04-20T23:12:08.685,60,59,GS260618C00320000,GS,2026-06-18,call,320.0,618.18,1.0,633.72,1.0,625.95,534.12,45.0,,,,,,,2026-04-20,925.96,941.8,923.43,941.49,65420.0,934.831393
2026-04-20T23:12:08.685,60,59,GS260618C00330000,GS,2026-06-18,call,330.0,606.42,22.0,617.56,1.0,611.99,466.75,2.0,,,,,,,2026-04-20,925.96,941.8,923.43,941.49,65420.0,934.831393
2026-04-20T23:12:08.685,60,59,GS260618C00340000,GS,2026-06-18,call,340.0,598.01,20.0,601.08,1.0,599.5450000000001,519.9,30.0,,,,,,,2026-04-20,925.96,941.8,923.43,941.49,65420.0,934.831393
2026-04-20T23:12:08.685,60,59,GS260618C00350000,GS,2026-06-18,call,350.0,589.85,5.0,604.76,5.0,597.3050000000001,525.9,5.0,,,,,,,2026-04-20,925.96,941.8,923.43,941.49,65420.0,934.831393
2026-04-20T23:12:08.685,60,59,GS260618C00360000,GS,2026-06-18,call,360.0,585.08,21.0,596.0,1.0,590.54,435.1,1.0,,,,,,,2026-04-20,925.96,941.8,923.43,941.49,65420.0,934.831393
2026-04-20T23:12:08.685,60,59,GS260618C00370000,GS,2026-06-18,call,370.0,579.67,20.0,582.91,20.0,581.29,465.2,1.0,,,,,,,2026-04-20,925.96,941.8,923.43,941.49,65420.0,934.831393
2026-04-20T23:12:08.685,60,59,GS260618C00380000,GS,2026-06-18,call,380.0,552.77,20.0,566.59,20.0,559.6800000000001,349.1,1.0,,,,,,,2026-04-20,925.96,941.8,923.43,941.49,65420.0,934.831393
2026-04-20T23:12:08.685,60,59,GS260618C00390000,GS,2026-06-18,call,390.0,549.46,20.0,557.91,1.0,553.685,518.89,1.0,,,,,,,2026-04-20,925.96,941.8,923.43,941.49,65420.0,934.831393
2026-04-20T23:12:08.685,60,59,GS260618C00400000,GS,2026-06-18,call,400.0,529.22,25.0,553.76,25.0,541.49,507.75,3.0,,,,,,,2026-04-20,925.96,941.8,923.43,941.49,65420.0,934.831393
2026-04-20T23:12:08.685,60,59,GS260618C00410000,GS,2026-06-18,call,410.0,528.64,25.0,531.07,5.0,529.855,127.13,1.0,,,,,,,2026-04-20,925.96,941.8,923.43,941.49,65420.0,934.831393
2026-04-20T23:12:08.685,60,59,GS260618C00420000,GS,2026-06-18,call,420.0,516.47,21.0,518.059,20.0,517.2645,401.83,1.0,,,,,,,2026-04-20,925.96,941.8,923.43,941.49,65420.0,934.831393
2026-04-20T23:12:08.685,60,59,GS260618C00430000,GS,2026-06-18,call,430.0,507.94,25.0,509.42,5.0,508.68,397.57,3.0,,,,,,,2026-04-20,925.96,941.8,923.43,941.49,65420.0,934.831393
2026-04-20T23:12:08.685,60,59,GS260618C00440000,GS,2026-06-18,call,440.0,504.15,26.0,512.299,25.0,508.2245,387.41,1.0,,,,,,,2026-04-20,925.96,941.8,923.43,941.49,65420.0,934.831393
2026-04-20T23:12:08.685,60,59,GS260618C00450000,GS,2026-06-18,call,450.0,495.82,25.0,500.64,5.0,498.23,382.07,1.0,,,,,,,2026-04-20,925.96,941.8,923.43,941.49,65420.0,934.831393
2026-04-20T23:12:08.685,60,59,GS260618C00460000,GS,2026-06-18,call,460.0,469.85,1.0,496.96,20.0,483.405,474.92,1.0,,,,,,,2026-04-20,925.96,941.8,923.43,941.49,65420.0,934.831393
2026-04-20T23:12:08.685,60,59,GS260618C00470000,GS,2026-06-18,call,470.0,462.71,20.0,478.37,20.0,470.53999999999996,358.6,1.0,,,,,,,2026-04-20,925.96,941.8,923.43,941.49,65420.0,934.831393
2026-04-20T23:12:08.685,60,59,GS260618C00480000,GS,2026-06-18,call,480.0,455.04,1.0,476.62,5.0,465.83000000000004,299.0,2.0,0.7356,0.9928,0.0001,-0.094,0.0754,0.7592,2026-04-20,925.96,941.8,923.43,941.49,65420.0,934.831393
2026-04-20T23:12:08.685,60,59,GS260618C00490000,GS,2026-06-18,call,490.0,456.05,25.0,463.46,5.0,459.755,395.42,7.0,,,,,,,2026-04-20,925.96,941.8,923.43,941.49,65420.0,934.831393
2026-04-20T23:12:08.685,60,59,GS260618C00500000,GS,2026-06-18,call,500.0,436.32,25.0,451.69,5.0,444.005,400.83,2.0,,,,,,,2026-04-20,925.96,941.8,923.43,941.49,65420.0,934.831393
2026-04-20T23:12:08.685,60,59,GS260618C00505000,GS,2026-06-18,call,505.0,432.42,25.0,439.66,26.0,436.04,,,,,,,,,2026-04-20,925.96,941.8,923.43,941.49,65420.0,934.831393
2026-04-20T23:12:08.685,60,59,GS260618C00510000,GS,2026-06-18,call,510.0,436.91,20.0,438.26,1.0,437.58500000000004,391.63,1.0,0.8017,0.9814,0.0001,-0.1658,0.1723,0.7875,2026-04-20,925.96,941.8,923.43,941.49,65420.0,934.831393
2026-04-20T23:12:08.685,60,59,GS260618C00515000,GS,2026-06-18,call,515.0,422.47,20.0,430.86,1.0,426.665,,,,,,,,,2026-04-20,925.96,941.8,923.43,941.49,65420.0,934.831393
2026-04-20T23:12:08.685,60,59,GS260618C00520000,GS,2026-06-18,call,520.0,425.87,22.0,427.2,5.0,426.53499999999997,310.97,1.0,0.7034,0.9882,0.0001,-0.1198,0.1164,0.8157,2026-04-20,925.96,941.8,923.43,941.49,65420.0,934.831393
2026-04-20T23:12:08.685,60,59,GS260618C00525000,GS,2026-06-18,call,525.0,414.17,20.0,418.26,1.0,416.21500000000003,349.13,5.0,,,,,,,2026-04-20,925.96,941.8,923.43,941.49,65420.0,934.831393
2026-04-20T23:12:08.685,60,59,GS260618C00530000,GS,2026-06-18,call,530.0,405.16,23.0,420.99,20.0,413.07500000000005,370.96,1.0,,,,,,,2026-04-20,925.96,941.8,923.43,941.49,65420.0,934.831393
2026-04-20T23:12:08.685,60,59,GS260618C00535000,GS,2026-06-18,call,535.0,406.95,20.0,413.76,20.0,410.355,339.04,5.0,,,,,,,2026-04-20,925.96,941.8,923.43,941.49,65420.0,934.831393
2026-04-20T23:12:08.685,60,59,GS260618C00540000,GS,2026-06-18,call,540.0,404.17,25.0,406.98,5.0,405.57500000000005,330.73,11.0,0.501,0.9981,0.0,-0.0632,0.0229,0.8647,2026-04-20,925.96,941.8,923.43,941.49,65420.0,934.831393
2026-04-20T23:12:08.685,60,59,GS260618C00545000,GS,2026-06-18,call,545.0,401.97,25.0,410.37,25.0,406.17,,,0.8602,0.9619,0.0003,-0.2787,0.3138,0.8086,2026-04-20,925.96,941.8,923.43,941.49,65420.0,934.831393
2026-04-20T23:12:08.685,60,59,GS260618C00550000,GS,2026-06-18,call,550.0,383.92,21.0,396.75,20.0,390.33500000000004,287.15,1.0,,,,,,,2026-04-20,925.96,941.8,923.43,941.49,65420.0,934.831393
2026-04-20T23:12:08.685,60,59,GS260618C00555000,GS,2026-06-18,call,555.0,388.79,25.0,393.68,21.0,391.235,,,0.5873,0.9915,0.0001,-0.098,0.088,0.8777,2026-04-20,925.96,941.8,923.43,941.49,65420.0,934.831393
2026-04-20T23:12:08.685,60,59,GS260618C00560000,GS,2026-06-18,call,560.0,382.86,20.0,393.37,5.0,388.115,357.0,4.0,0.7057,0.9771,0.0002,-0.1764,0.2059,0.8609,2026-04-20,925.96,941.8,923.43,941.49,65420.0,934.831393
2026-04-20T23:12:08.685,60,59,GS260618C00565000,GS,2026-06-18,call,565.0,378.08,1.0,382.57,1.0,380.325,,,,,,,,,2026-04-20,925.96,941.8,923.43,941.49,65420.0,934.831393
2026-04-20T23:12:08.685,60,59,GS260618C00570000,GS,2026-06-18,call,570.0,368.56,20.0,384.76,1.0,376.65999999999997,,,0.5928,0.9879,0.0001,-0.1154,0.1194,0.8958,2026-04-20,925.96,941.8,923.43,941.49,65420.0,934.831393
2026-04-20T23:12:08.685,60,59,GS260618C00575000,GS,2026-06-18,call,575.0,361.74,1.0,374.38,20.0,368.06,,,,,,,,,2026-04-20,925.96,941.8,923.43,941.49,65420.0,934.831393
2026-04-20T23:12:08.685,60,59,GS260618C00580000,GS,2026-06-18,call,580.0,354.36,20.0,368.46,5.0,361.40999999999997,323.4,1.0,,,,,,,2026-04-20,925.96,941.8,923.43,941.49,65420.0,934.831393
2026-04-20T23:12:08.685,60,59,GS260618C00585000,GS,2026-06-18,call,585.0,357.71,5.0,361.99,20.0,359.85,263.83,1.0,,,,,,,2026-04-20,925.96,941.8,923.43,941.49,65420.0,934.831393
2026-04-20T23:12:08.685,60,59,GS260618C00590000,GS,2026-06-18,call,590.0,350.12,1.0,356.71,1.0,353.41499999999996,,,,,,,,,2026-04-20,925.96,941.8,923.43,941.49,65420.0,934.831393
2026-04-20T23:12:08.685,60,59,GS260618C00595000,GS,2026-06-18,call,595.0,345.84,20.0,347.6,22.0,346.72,,,,,,,,,2026-04-20,925.96,941.8,923.43,941.49,65420.0,934.831393
2026-04-20T23:12:08.685,60,59,GS260618C00600000,GS,2026-06-18,call,600.0,333.58,21.0,353.89,20.0,343.735,305.55,2.0,,,,,,,2026-04-20,925.96,941.8,923.43,941.49,65420.0,934.831393
2026-04-20T23:12:08.685,60,59,GS260618C00605000,GS,2026-06-18,call,605.0,329.01,5.0,349.76,20.0,339.385,,,,,,,,,2026-04-20,925.96,941.8,923.43,941.49,65420.0,934.831393
2026-04-20T23:12:08.685,60,59,GS260618C00610000,GS,2026-06-18,call,610.0,334.54,22.0,339.74,20.0,337.14,195.3,45.0,0.539,0.9839,0.0002,-0.1286,0.1524,0.9537,2026-04-20,925.96,941.8,923.43,941.49,65420.0,934.831393
2026-04-20T23:12:08.685,60,59,GS260618C00615000,GS,2026-06-18,call,615.0,323.54,25.0,337.56,21.0,330.55,,,,,,,,,2026-04-20,925.96,941.8,923.43,941.49,65420.0,934.831393
2026-04-20T23:12:08.685,60,59,GS260618C00620000,GS,2026-06-18,call,620.0,326.21,51.0,327.79,30.0,327.0,205.92,1.0,0.5081,0.9854,0.0002,-0.1206,0.1404,0.9723,2026-04-20,925.96,941.8,923.43,941.49,65420.0,934.831393
2026-04-20T23:12:08.685,60,59,GS260618C00625000,GS,2026-06-18,call,625.0,309.95,25.0,322.25,1.0,316.1,302.83,1.0,,,,,,,2026-04-20,925.96,941.8,923.43,941.49,65420.0,934.831393
2026-04-20T23:12:08.685,60,59,GS260618C00630000,GS,2026-06-18,call,630.0,315.78,25.0,315.95,21.0,315.865,216.94,1.0,,,,,,,2026-04-20,925.96,941.8,923.43,941.49,65420.0,934.831393
2026-04-20T23:12:08.685,60,59,GS260618C00635000,GS,2026-06-18,call,635.0,306.65,25.0,310.05,2.0,308.35,228.8,1.0,,,,,,,2026-04-20,925.96,941.8,923.43,941.49,65420.0,934.831393
2026-04-20T23:12:08.685,60,59,GS260618C00640000,GS,2026-06-18,call,640.0,300.9,25.0,313.46,25.0,307.17999999999995,253.0,1.0,0.4786,0.9837,0.0002,-0.1244,0.154,1.0018,2026-04-20,925.96,941.8,923.43,941.49,65420.0,934.831393
2026-04-20T23:12:08.685,60,59,GS260618C00645000,GS,2026-06-18,call,645.0,294.87,25.0,307.8,25.0,301.33500000000004,,,0.3856,0.9948,0.0001,-0.0822,0.0569,1.0281,2026-04-20,925.96,941.8,923.43,941.49,65420.0,934.831393
2026-04-20T23:12:08.685,60,59,GS260618C00650000,GS,2026-06-18,call,650.0,291.07,20.0,296.15,20.0,293.61,247.12,2.0,,,,,,,2026-04-20,925.96,941.8,923.43,941.49,65420.0,934.831393
2026-04-20T23:12:08.685,60,59,GS260618C00655000,GS,2026-06-18,call,655.0,285.34,20.0,293.36,1.0,289.35,,,,,,,,,2026-04-20,925.96,941.8,923.43,941.49,65420.0,934.831393
2026-04-20T23:12:08.685,60,59,GS260618C00660000,GS,2026-06-18,call,660.0,284.97,5.0,291.97,20.0,288.47,189.38,1.0,0.5023,0.9709,0.0003,-0.1697,0.2517,1.0125,2026-04-20,925.96,941.8,923.43,941.49,65420.0,934.831393
2026-04-20T23:12:08.685,60,59,GS260618C00665000,GS,2026-06-18,call,665.0,276.52,5.0,287.72,1.0,282.12,212.2,1.0,0.4241,0.9848,0.0002,-0.1168,0.1455,1.0439,2026-04-20,925.96,941.8,923.43,941.49,65420.0,934.831393
2026-04-20T23:12:08.685,60,59,GS260618C00670000,GS,2026-06-18,call,670.0,269.62,5.0,277.55,21.0,273.58500000000004,207.85,1.0,,,,,,,2026-04-20,925.96,941.8,923.43,941.49,65420.0,934.831393
2026-04-20T23:12:08.685,60,59,GS260618C00675000,GS,2026-06-18,call,675.0,267.69,5.0,280.15,20.0,273.91999999999996,212.91,1.0,0.4888,0.9661,0.0004,-0.1818,0.2855,1.0287,2026-04-20,925.96,941.8,923.43,941.49,65420.0,934.831393
2026-04-20T23:12:08.685,60,59,GS260618C00680000,GS,2026-06-18,call,680.0,260.61,22.0,267.5,20.0,264.055,203.7,1.0,,,,,,,2026-04-20,925.96,941.8,923.43,941.49,65420.0,934.831393
2026-04-20T23:12:08.685,60,59,GS260618C00685000,GS,2026-06-18,call,685.0,260.25,25.0,266.09,21.0,263.16999999999996,192.25,2.0,0.4405,0.9727,0.0004,-0.1542,0.2382,1.0562,2026-04-20,925.96,941.8,923.43,941.49,65420.0,934.831393
2026-04-20T23:12:08.685,60,59,GS260618C00690000,GS,2026-06-18,call,690.0,254.17,27.0,261.149,15.0,257.6595,163.72,5.0,0.4074,0.9783,0.0003,-0.1342,0.1964,1.0736,2026-04-20,925.96,941.8,923.43,941.49,65420.0,934.831393
2026-04-20T23:12:08.685,60,59,GS260618C00695000,GS,2026-06-18,call,695.0,250.61,43.0,255.51,11.0,253.06,183.4,2.0,0.4167,0.9736,0.0004,-0.1483,0.2319,1.0738,2026-04-20,925.96,941.8,923.43,941.49,65420.0,934.831393
2026-04-20T23:12:08.685,60,59,GS260618C00700000,GS,2026-06-18,call,700.0,246.43,47.0,251.63,36.0,249.03,229.25,1.0,0.4433,0.9633,0.0005,-0.1802,0.3045,1.0647,2026-04-20,925.96,941.8,923.43,941.49,65420.0,934.831393
2026-04-20T23:12:08.685,60,59,GS260618C00705000,GS,2026-06-18,call,705.0,240.31,27.0,243.98,10.0,242.14499999999998,136.01,1.0,0.3486,0.9855,0.0003,-0.1099,0.1398,1.1096,2026-04-20,925.96,941.8,923.43,941.49,65420.0,934.831393
2026-04-20T23:12:08.685,60,59,GS260618C00710000,GS,2026-06-18,call,710.0,230.92,37.0,238.2,16.0,234.56,232.9,1.0,,,,,,,2026-04-20,925.96,941.8,923.43,941.49,65420.0,934.831393
2026-04-20T23:12:08.685,60,59,GS260618C00715000,GS,2026-06-18,call,715.0,226.72,34.0,238.55,21.0,232.635,228.23,1.0,0.3595,0.9785,0.0004,-0.1284,0.1953,1.1143,2026-04-20,925.96,941.8,923.43,941.49,65420.0,934.831393
2026-04-20T23:12:08.685,60,59,GS260618C00720000,GS,2026-06-18,call,720.0,226.75,54.0,232.5,37.0,229.625,117.46,1.0,0.4228,0.9557,0.0006,-0.1941,0.3547,1.0845,2026-04-20,925.96,941.8,923.43,941.49,65420.0,934.831393
2026-04-20T23:12:08.685,60,59,GS260618C00725000,GS,2026-06-18,call,725.0,217.97,27.0,224.56,10.0,221.265,118.87,1.0,,,,,,,2026-04-20,925.96,941.8,923.43,941.49,65420.0,934.831393
2026-04-20T23:12:08.685,60,59,GS260618C00730000,GS,2026-06-18,call,730.0,212.43,26.0,220.9,26.0,216.66500000000002,154.1,1.0,0.2404,0.997,0.0001,-0.0792,0.0344,1.1684,2026-04-20,925.96,941.8,923.43,941.49,65420.0,934.831393
2026-04-20T23:12:08.685,60,59,GS260618C00735000,GS,2026-06-18,call,735.0,209.45,26.0,214.67,27.0,212.06,100.56,1.0,0.286,0.9884,0.0003,-0.0997,0.115,1.1627,2026-04-20,925.96,941.8,923.43,941.49,65420.0,934.831393
2026-04-20T23:12:08.685,60,59,GS260618C00740000,GS,2026-06-18,call,740.0,202.42,77.0,208.2,53.0,205.31,200.0,2.0,,,,,,,2026-04-20,925.96,941.8,923.43,941.49,65420.0,934.831393
2026-04-20T23:12:08.685,60,59,GS260618C00745000,GS,2026-06-18,call,745.0,199.6,27.0,203.8,27.0,201.7,125.15,3.0,0.203,0.9986,0.0001,-0.0768,0.0172,1.195,2026-04-20,925.96,941.8,923.43,941.49,65420.0,934.831393
2026-04-20T23:12:08.685,60,59,GS260618C00750000,GS,2026-06-18,call,750.0,191.31,42.0,198.81,17.0,195.06,113.8,1.0,,,,,,,2026-04-20,925.96,941.8,923.43,941.49,65420.0,934.831393
2026-04-20T23:12:08.685,60,59,GS260618C00755000,GS,2026-06-18,call,755.0,186.59,27.0,192.41,11.0,189.5,80.46,1.0,,,,,,,2026-04-20,925.96,941.8,923.43,941.49,65420.0,934.831393
2026-04-20T23:12:08.685,60,59,GS260618C00760000,GS,2026-06-18,call,760.0,184.04,52.0,188.39,6.0,186.21499999999997,126.81,30.0,,,,,,,2026-04-20,925.96,941.8,923.43,941.49,65420.0,934.831393
2026-04-20T23:12:08.685,60,59,GS260618C00765000,GS,2026-06-18,call,765.0,177.44,33.0,187.57,33.0,182.505,124.25,1.0,0.2637,0.981,0.0005,-0.1134,0.1757,1.1992,2026-04-20,925.96,941.8,923.43,941.49,65420.0,934.831393
2026-04-20T23:12:08.685,60,59,GS260618C00770000,GS,2026-06-18,call,770.0,173.75,27.0,178.6,17.0,176.175,123.2,1.0,,,,,,,2026-04-20,925.96,941.8,923.43,941.49,65420.0,934.831393
2026-04-20T23:12:08.685,60,59,GS260618C00775000,GS,2026-06-18,call,775.0,174.45,33.0,181.09,33.0,177.76999999999998,119.48,1.0,0.384,0.9164,0.0011,-0.258,0.5822,1.1085,2026-04-20,925.96,941.8,923.43,941.49,65420.0,934.831393
2026-04-20T23:12:08.685,60,59,GS260618C00780000,GS,2026-06-18,call,780.0,168.82,50.0,171.81,38.0,170.315,150.53,1.0,0.3274,0.939,0.001,-0.1982,0.4571,1.155,2026-04-20,925.96,941.8,923.43,941.49,65420.0,934.831393
2026-04-20T23:12:08.685,60,59,GS260618C00785000,GS,2026-06-18,call,785.0,161.39,21.0,170.15,28.0,165.76999999999998,73.5,1.0,0.3278,0.9327,0.001,-0.2083,0.4932,1.1528,2026-04-20,925.96,941.8,923.43,941.49,65420.0,934.831393
2026-04-20T23:12:08.685,60,59,GS260618C00790000,GS,2026-06-18,call,790.0,158.19,45.0,163.57,45.0,160.88,102.45,1.0,0.3207,0.9302,0.0011,-0.2094,0.5074,1.1568,2026-04-20,925.96,941.8,923.43,941.49,65420.0,934.831393
2026-04-20T23:12:08.685,60,59,GS260618C00795000,GS,2026-06-18,call,795.0,150.27,40.0,161.85,21.0,156.06,79.2,3.0,0.3149,0.9268,0.0012,-0.2121,0.5264,1.1594,2026-04-20,925.96,941.8,923.43,941.49,65420.0,934.831393
2026-04-20T23:12:08.685,60,59,GS260618C00800000,GS,2026-06-18,call,800.0,151.13,47.0,151.36,32.0,151.245,136.67,2.0,0.309,0.9232,0.0012,-0.2148,0.5459,1.1617,2026-04-20,925.96,941.8,923.43,941.49,65420.0,934.831393
2026-04-20T23:12:08.685,60,59,GS260618C00805000,GS,2026-06-18,call,805.0,141.48,42.0,149.34,34.0,145.41,112.0,1.0,0.2839,0.9317,0.0012,-0.1933,0.4994,1.184,2026-04-20,925.96,941.8,923.43,941.49,65420.0,934.831393
2026-04-20T23:12:08.685,60,59,GS260618C00810000,GS,2026-06-18,call,810.0,139.98,36.0,143.39,21.0,141.685,122.44,1.0,0.2981,0.9149,0.0014,-0.2211,0.5903,1.1644,2026-04-20,925.96,941.8,923.43,941.49,65420.0,934.831393
2026-04-20T23:12:08.685,60,59,GS260618C00815000,GS,2026-06-18,call,815.0,133.79,36.0,139.32,44.0,136.555,88.0,1.0,0.2866,0.9144,0.0014,-0.2164,0.5926,1.172,2026-04-20,925.96,941.8,923.43,941.49,65420.0,934.831393
2026-04-20T23:12:08.685,60,59,GS260618C00820000,GS,2026-06-18,call,820.0,133.07,60.0,136.91,64.0,134.99,117.28,1.0,0.3272,0.8784,0.0016,-0.2813,0.7648,1.1198,2026-04-20,925.96,941.8,923.43,941.49,65420.0,934.831393
2026-04-20T23:12:08.685,60,59,GS260618C00825000,GS,2026-06-18,call,825.0,125.88,61.0,130.18,61.0,128.03,120.46,1.0,0.2905,0.8938,0.0017,-0.2424,0.6946,1.1544,2026-04-20,925.96,941.8,923.43,941.49,65420.0,934.831393
2026-04-20T23:12:08.685,60,59,GS260618C00830000,GS,2026-06-18,call,830.0,120.92,107.0,127.65,93.0,124.285,119.96,1.0,0.2979,0.8787,0.0018,-0.2631,0.7636,1.1375,2026-04-20,925.96,941.8,923.43,941.49,65420.0,934.831393
2026-04-20T23:12:08.685,60,59,GS260618C00835000,GS,2026-06-18,call,835.0,119.05,36.0,122.53,21.0,120.78999999999999,94.63,1.0,0.3066,0.8622,0.0019,-0.2859,0.8344,1.1179,2026-04-20,925.96,941.8,923.43,941.49,65420.0,934.831393
2026-04-20T23:12:08.685,60,59,GS260618C00840000,GS,2026-06-18,call,840.0,113.88,35.0,120.21,25.0,117.04499999999999,104.13,1.0,0.3107,0.8484,0.002,-0.3025,0.8897,1.103,2026-04-20,925.96,941.8,923.43,941.49,65420.0,934.831393
2026-04-20T23:12:08.685,60,59,GS260618C00845000,GS,2026-06-18,call,845.0,110.03,34.0,113.18,47.0,111.605,80.1,1.0,0.2953,0.8478,0.0021,-0.2919,0.8921,1.1109,2026-04-20,925.96,941.8,923.43,941.49,65420.0,934.831393
2026-04-20T23:12:08.685,60,59,GS260618C00850000,GS,2026-06-18,call,850.0,108.24,42.0,110.17,82.0,109.205,103.73,1.0,0.3123,0.824,0.0022,-0.3261,0.9802,1.0785,2026-04-20,925.96,941.8,923.43,941.49,65420.0,934.831393
2026-04-20T23:12:08.685,60,59,GS260618C00855000,GS,2026-06-18,call,855.0,101.45,43.0,109.31,29.0,105.38,71.45,1.0,0.313,0.8112,0.0023,-0.3375,1.0241,1.0652,2026-04-20,925.96,941.8,923.43,941.49,65420.0,934.831393
2026-04-20T23:12:08.685,60,59,GS260618C00860000,GS,2026-06-18,call,860.0,96.53,76.0,104.3,78.0,100.41499999999999,100.24,1.0,0.3021,0.8056,0.0024,-0.3328,1.0427,1.0647,2026-04-20,925.96,941.8,923.43,941.49,65420.0,934.831393
2026-04-20T23:12:08.685,60,59,GS260618C00865000,GS,2026-06-18,call,865.0,93.01,78.0,99.58,87.0,96.295,85.69,5.0,0.2991,0.7941,0.0025,-0.3386,1.0791,1.054,2026-04-20,925.96,941.8,923.43,941.49,65420.0,934.831393
2026-04-20T23:12:08.685,60,59,GS260618C00870000,GS,2026-06-18,call,870.0,90.68,64.0,97.56,88.0,94.12,88.55,1.0,0.3128,0.7717,0.0026,-0.3669,1.1456,1.0233,2026-04-20,925.96,941.8,923.43,941.49,65420.0,934.831393
2026-04-20T23:12:08.685,60,59,GS260618C00875000,GS,2026-06-18,call,875.0,85.49,36.0,90.44,52.0,87.965,77.5,1.0,0.2909,0.7711,0.0027,-0.3467,1.1474,1.0323,2026-04-20,925.96,941.8,923.43,941.49,65420.0,934.831393
2026-04-20T23:12:08.685,60,59,GS260618C00880000,GS,2026-06-18,call,880.0,81.3,37.0,89.48,52.0,85.39,80.76,1.0,0.2996,0.7508,0.0028,-0.3673,1.2018,1.0056,2026-04-20,925.96,941.8,923.43,941.49,65420.0,934.831393
2026-04-20T23:12:08.685,60,59,GS260618C00885000,GS,2026-06-18,call,885.0,78.99,89.0,85.64,90.0,82.315,78.92,1.0,0.3029,0.7338,0.0029,-0.3802,1.2438,0.9846,2026-04-20,925.96,941.8,923.43,941.49,65420.0,934.831393
2026-04-20T23:12:08.685,60,59,GS260618C00890000,GS,2026-06-18,call,890.0,77.19,55.0,81.21,65.0,79.19999999999999,73.74,1.0,0.3052,0.7173,0.0029,-0.391,1.2813,0.9645,2026-04-20,925.96,941.8,923.43,941.49,65420.0,934.831393
2026-04-20T23:12:08.685,60,59,GS260618C00895000,GS,2026-06-18,call,895.0,70.83,56.0,77.58,60.0,74.205,65.98,1.0,0.2923,0.7078,0.0031,-0.3816,1.3013,0.9582,2026-04-20,925.96,941.8,923.43,941.49,65420.0,934.831393
2026-04-20T23:12:08.685,60,59,GS260618C00900000,GS,2026-06-18,call,900.0,68.61,68.0,73.91,68.0,71.25999999999999,63.98,1.0,0.2947,0.6902,0.0032,-0.3916,1.3361,0.9362,2026-04-20,925.96,941.8,923.43,941.49,65420.0,934.831393
2026-04-20T23:12:08.685,60,59,GS260618C00905000,GS,2026-06-18,call,905.0,64.97,95.0,69.09,97.0,67.03,63.84,2.0,0.287,0.6768,0.0033,-0.3879,1.3604,0.9225,2026-04-20,925.96,941.8,923.43,941.49,65420.0,934.831393
2026-04-20T23:12:08.685,60,59,GS260618C00910000,GS,2026-06-18,call,910.0,63.09,107.0,66.14,112.0,64.61500000000001,56.66,3.0,0.2919,0.6576,0.0033,-0.3998,1.3918,0.8972,2026-04-20,925.96,941.8,923.43,941.49,65420.0,934.831393
2026-04-20T23:12:08.685,60,59,GS260618C00915000,GS,2026-06-18,call,915.0,59.88,128.0,63.1,119.0,61.49,52.65,1.0,0.2911,0.6406,0.0034,-0.4036,1.4166,0.8763,2026-04-20,925.96,941.8,923.43,941.49,65420.0,934.831393
2026-04-20T23:12:08.685,60,59,GS260618C00920000,GS,2026-06-18,call,920.0,56.89,100.0,61.72,107.0,59.305,58.5,1.0,0.2962,0.6217,0.0034,-0.4142,1.4404,0.8512,2026-04-20,925.96,941.8,923.43,941.49,65420.0,934.831393
2026-04-20T23:12:08.685,60,59,GS260618C00925000,GS,2026-06-18,call,925.0,53.34,103.0,58.85,108.0,56.095,52.2,1.0,0.2935,0.6048,0.0035,-0.4142,1.4589,0.8306,2026-04-20,925.96,941.8,923.43,941.49,65420.0,934.831393
2026-04-20T23:12:08.685,60,59,GS260618C00930000,GS,2026-06-18,call,930.0,50.01,114.0,55.3,123.0,52.655,50.39,1.0,0.2887,0.5878,0.0036,-0.4109,1.4746,0.8102,2026-04-20,925.96,941.8,923.43,941.49,65420.0,934.831393
2026-04-20T23:12:08.685,60,59,GS260618C00935000,GS,2026-06-18,call,935.0,47.26,113.0,53.24,129.0,50.25,47.25,1.0,0.2903,0.5696,0.0036,-0.4148,1.4883,0.7864,2026-04-20,925.96,941.8,923.43,941.49,65420.0,934.831393
2026-04-20T23:12:08.685,60,59,GS260618C00940000,GS,2026-06-18,call,940.0,46.07,130.0,48.88,138.0,47.475,47.52,1.0,0.2889,0.5516,0.0036,-0.4141,1.4987,0.7635,2026-04-20,925.96,941.8,923.43,941.49,65420.0,934.831393
2026-04-20T23:12:08.685,60,59,GS260618C00945000,GS,2026-06-18,call,945.0,42.79,113.0,47.81,124.0,45.3,41.27,1.0,0.2908,0.5336,0.0036,-0.4169,1.506,0.7395,2026-04-20,925.96,941.8,923.43,941.49,65420.0,934.831393
2026-04-20T23:12:08.685,60,59,GS260618C00950000,GS,2026-06-18,call,950.0,40.6,170.0,42.48,5.0,41.54,42.42,1.0,0.2817,0.5146,0.0037,-0.4048,1.5104,0.7167,2026-04-20,925.96,941.8,923.43,941.49,65420.0,934.831393
2026-04-20T23:12:08.685,60,59,GS260618C00955000,GS,2026-06-18,call,955.0,37.1,120.0,41.8,87.0,39.45,37.82,3.0,0.283,0.4964,0.0037,-0.4052,1.5113,0.6923,2026-04-20,925.96,941.8,923.43,941.49,65420.0,934.831393
2026-04-20T23:12:08.685,60,59,GS260618C00960000,GS,2026-06-18,call,960.0,34.71,104.0,40.14,128.0,37.425,35.12,1.0,0.2841,0.4784,0.0037,-0.4047,1.5092,0.6681,2026-04-20,925.96,941.8,923.43,941.49,65420.0,934.831393
2026-04-20T23:12:08.685,60,59,GS260618C00965000,GS,2026-06-18,call,965.0,33.18,110.0,36.61,5.0,34.894999999999996,32.77,1.0,0.2813,0.4594,0.0037,-0.3982,1.5036,0.6434,2026-04-20,925.96,941.8,923.43,941.49,65420.0,934.831393
2026-04-20T23:12:08.685,60,59,GS260618C00970000,GS,2026-06-18,call,970.0,30.94,73.0,35.3,99.0,33.12,31.75,2.0,0.2829,0.4419,0.0037,-0.3968,1.4953,0.6196,2026-04-20,925.96,941.8,923.43,941.49,65420.0,934.831393
2026-04-20T23:12:08.685,60,59,GS260618C00975000,GS,2026-06-18,call,975.0,29.06,142.0,32.82,82.0,30.939999999999998,28.45,1.0,0.2813,0.4234,0.0037,-0.3904,1.4835,0.595,2026-04-20,925.96,941.8,923.43,941.49,65420.0,934.831393
2026-04-20T23:12:08.685,60,59,GS260618C00980000,GS,2026-06-18,call,980.0,28.94,89.0,29.7,16.0,29.32,26.36,1.0,0.2828,0.4066,0.0036,-0.3876,1.4697,0.5718,2026-04-20,925.96,941.8,923.43,941.49,65420.0,934.831393
2026-04-20T23:12:08.685,60,59,GS260618C00985000,GS,2026-06-18,call,985.0,26.53,27.0,28.78,31.0,27.655,24.47,1.0,0.2835,0.3896,0.0036,-0.383,1.4532,0.5488,2026-04-20,925.96,941.8,923.43,941.49,65420.0,934.831393
2026-04-20T23:12:08.685,60,59,GS260618C00990000,GS,2026-06-18,call,990.0,23.54,63.0,28.18,85.0,25.86,23.56,1.0,0.2827,0.3723,0.0035,-0.3758,1.4332,0.5252,2026-04-20,925.96,941.8,923.43,941.49,65420.0,934.831393
2026-04-20T23:12:08.685,60,59,GS260618C00995000,GS,2026-06-18,call,995.0,21.08,74.0,25.58,94.0,23.33,20.32,1.0,0.2761,0.3513,0.0035,-0.3595,1.4052,0.4974,2026-04-20,925.96,941.8,923.43,941.49,65420.0,934.831393
2026-04-20T23:12:08.685,60,59,GS260618C01000000,GS,2026-06-18,call,1000.0,21.31,22.0,22.95,73.0,22.13,22.13,1.0,0.2783,0.3363,0.0035,-0.3555,1.3823,0.4765,2026-04-20,925.96,941.8,923.43,941.49,65420.0,934.831393
2026-04-20T23:12:08.685,60,59,GS260618C01005000,GS,2026-06-18,call,1005.0,18.3,133.0,22.79,139.0,20.545,18.86,7.0,0.2772,0.3194,0.0034,-0.346,1.3537,0.4532,2026-04-20,925.96,941.8,923.43,941.49,65420.0,934.831393
2026-04-20T23:12:08.685,60,59,GS260618C01010000,GS,2026-06-18,call,1010.0,16.91,119.0,21.04,130.0,18.975,16.5,1.0,0.2756,0.3024,0.0033,-0.3353,1.3219,0.4299,2026-04-20,925.96,941.8,923.43,941.49,65420.0,934.831393
2026-04-20T23:12:08.685,60,59,GS260618C01020000,GS,2026-06-18,call,1020.0,15.87,137.0,16.89,2.0,16.38,16.45,2.0,0.2748,0.2714,0.0032,-0.3163,1.2558,0.3868,2026-04-20,925.96,941.8,923.43,941.49,65420.0,934.831393
2026-04-20T23:12:08.685,60,59,GS260618C01040000,GS,2026-06-18,call,1040.0,10.69,231.0,13.69,136.0,12.19,10.69,25.0,0.2747,0.2163,0.0028,-0.2777,1.1107,0.3097,2026-04-20,925.96,941.8,923.43,941.49,65420.0,934.831393
2026-04-20T23:12:08.685,60,59,GS260618C01060000,GS,2026-06-18,call,1060.0,7.38,154.0,9.84,157.0,8.61,8.11,1.0,0.2712,0.1657,0.0024,-0.2315,0.9432,0.2385,2026-04-20,925.96,941.8,923.43,941.49,65420.0,934.831393
2026-04-20T23:12:08.685,60,59,GS260618C01080000,GS,2026-06-18,call,1080.0,4.49,117.0,7.28,119.0,5.885,5.25,1.0,0.2673,0.1229,0.002,-0.1856,0.7708,0.1777,2026-04-20,925.96,941.8,923.43,941.49,65420.0,934.831393
2026-04-20T23:12:08.685,60,59,GS260618C01100000,GS,2026-06-18,call,1100.0,4.0,95.0,5.32,129.0,4.66,4.65,1.0,0.2756,0.0989,0.0017,-0.1628,0.6593,0.143,2026-04-20,925.96,941.8,923.43,941.49,65420.0,934.831393
2026-04-20T23:12:08.685,60,59,GS260618C01120000,GS,2026-06-18,call,1120.0,2.009,89.0,3.85,61.0,2.9295,2.5,3.0,0.2688,0.0681,0.0013,-0.1196,0.4981,0.099,2026-04-20,925.96,941.8,923.43,941.49,65420.0,934.831393
2026-04-20T23:12:08.685,60,59,GS260618C01140000,GS,2026-06-18,call,1140.0,1.89,113.0,2.79,116.0,2.34,1.85,2.0,0.2772,0.0548,0.0011,-0.1036,0.42,0.0796,2026-04-20,925.96,941.8,923.43,941.49,65420.0,934.831393
2026-04-20T23:12:08.685,60,59,GS260618C01160000,GS,2026-06-18,call,1160.0,0.53,96.0,2.32,33.0,1.4249999999999998,0.95,1.0,0.2714,0.0362,0.0008,-0.0725,0.301,0.0529,2026-04-20,925.96,941.8,923.43,941.49,65420.0,934.831393
2026-04-20T23:12:08.685,60,59,GS260618C01180000,GS,2026-06-18,call,1180.0,0.44,102.0,1.76,65.0,1.1,0.87,1.0,0.2776,0.0283,0.0006,-0.0603,0.2455,0.0413,2026-04-20,925.96,941.8,923.43,941.49,65420.0,934.831393
2026-04-20T23:12:08.685,60,59,GS260618C01200000,GS,2026-06-18,call,1200.0,0.18,92.0,1.74,42.0,0.96,0.55,2.0,0.2888,0.0242,0.0005,-0.055,0.2158,0.0354,2026-04-20,925.96,941.8,923.43,941.49,65420.0,934.831393
2026-04-20T23:12:08.685,60,59,GS260618C01220000,GS,2026-06-18,call,1220.0,0.37,60.0,4.91,68.0,2.64,0.35,1.0,0.3627,0.0487,0.0007,-0.1219,0.3825,0.0699,2026-04-20,925.96,941.8,923.43,941.49,65420.0,934.831393
2026-04-20T23:12:08.685,60,59,GS260618C01240000,GS,2026-06-18,call,1240.0,0.0,0.0,1.32,43.0,0.66,0.78,3.0,,,,,,,2026-04-20,925.96,941.8,923.43,941.49,65420.0,934.831393
2026-04-20T23:12:08.685,60,59,GS260618C01260000,GS,2026-06-18,call,1260.0,0.0,0.0,1.13,33.0,0.565,0.25,1.0,,,,,,,2026-04-20,925.96,941.8,923.43,941.49,65420.0,934.831393
2026-04-20T23:12:08.685,60,59,GS260618C01270000,GS,2026-06-18,call,1270.0,0.0,0.0,1.07,34.0,0.535,0.5,1.0,,,,,,,2026-04-20,925.96,941.8,923.43,941.49,65420.0,934.831393
2026-04-20T23:12:08.685,60,59,GS260618C01280000,GS,2026-06-18,call,1280.0,0.0,0.0,1.07,35.0,0.535,0.21,1.0,,,,,,,2026-04-20,925.96,941.8,923.43,941.49,65420.0,934.831393
2026-04-20T23:12:08.685,60,59,GS260618C01290000,GS,2026-06-18,call,1290.0,0.0,0.0,3.92,61.0,1.96,0.39,1.0,,,,,,,2026-04-20,925.96,941.8,923.43,941.49,65420.0,934.831393
2026-04-20T23:12:08.685,60,59,GS260618C01300000,GS,2026-06-18,call,1300.0,0.0,0.0,1.01,46.0,0.505,2.02,10.0,,,,,,,2026-04-20,925.96,941.8,923.43,941.49,65420.0,934.831393
2026-04-20T23:12:08.685,60,59,GS260618C01310000,GS,2026-06-18,call,1310.0,0.0,0.0,0.58,49.0,0.29,0.27,1.0,,,,,,,2026-04-20,925.96,941.8,923.43,941.49,65420.0,934.831393
2026-04-20T23:12:08.685,60,59,GS260618C01320000,GS,2026-06-18,call,1320.0,0.0,0.0,4.52,41.0,2.26,0.29,40.0,,,,,,,2026-04-20,925.96,941.8,923.43,941.49,65420.0,934.831393
2026-04-20T23:12:08.685,60,59,GS260618C01330000,GS,2026-06-18,call,1330.0,0.0,0.0,4.43,54.0,2.215,0.77,12.0,,,,,,,2026-04-20,925.96,941.8,923.43,941.49,65420.0,934.831393
2026-04-20T23:12:08.685,60,59,GS260618C01340000,GS,2026-06-18,call,1340.0,0.0,0.0,4.51,1.0,2.255,1.9,1.0,,,,,,,2026-04-20,925.96,941.8,923.43,941.49,65420.0,934.831393
2026-04-20T23:12:08.685,60,59,GS260618C01350000,GS,2026-06-18,call,1350.0,0.0,0.0,4.48,1.0,2.24,0.14,1.0,,,,,,,2026-04-20,925.96,941.8,923.43,941.49,65420.0,934.831393
2026-04-20T23:12:08.685,60,59,GS260618C01360000,GS,2026-06-18,call,1360.0,0.0,0.0,4.58,1.0,2.29,0.97,40.0,,,,,,,2026-04-20,925.96,941.8,923.43,941.49,65420.0,934.831393
2026-04-20T23:12:08.685,60,59,GS260618C01370000,GS,2026-06-18,call,1370.0,0.0,0.0,4.47,1.0,2.235,2.39,1.0,,,,,,,2026-04-20,925.96,941.8,923.43,941.49,65420.0,934.831393
2026-04-20T23:12:08.685,60,59,GS260618C01380000,GS,2026-06-18,call,1380.0,0.0,0.0,0.52,74.0,0.26,0.15,1.0,,,,,,,2026-04-20,925.96,941.8,923.43,941.49,65420.0,934.831393
2026-04-20T23:12:08.685,60,59,GS260618C01390000,GS,2026-06-18,call,1390.0,0.0,0.0,4.4,1.0,2.2,,,,,,,,,2026-04-20,925.96,941.8,923.43,941.49,65420.0,934.831393
2026-04-20T23:12:08.685,60,59,GS260618C01400000,GS,2026-06-18,call,1400.0,0.09,2.0,0.54,51.0,0.315,0.17,1.0,0.3826,0.007,0.0001,-0.0245,0.0735,0.0101,2026-04-20,925.96,941.8,923.43,941.49,65420.0,934.831393
2026-04-20T23:12:08.685,60,59,GS260618C01410000,GS,2026-06-18,call,1410.0,0.0,0.0,0.86,32.0,0.43,0.07,1.0,,,,,,,2026-04-20,925.96,941.8,923.43,941.49,65420.0,934.831393
2026-04-20T23:12:08.685,60,59,GS260618C01420000,GS,2026-06-18,call,1420.0,0.0,0.0,4.49,55.0,2.245,0.01,4.0,,,,,,,2026-04-20,925.96,941.8,923.43,941.49,65420.0,934.831393
2026-04-20T23:12:08.685,60,59,GS260618C01430000,GS,2026-06-18,call,1430.0,0.01,10.0,1.07,16.0,0.54,0.16,1.0,0.4264,0.0104,0.0002,-0.0385,0.1041,0.0149,2026-04-20,925.96,941.8,923.43,941.49,65420.0,934.831393
2026-04-20T23:12:08.685,60,59,GS260618C01440000,GS,2026-06-18,call,1440.0,0.0,0.0,4.42,1.0,2.21,0.07,1.0,,,,,,,2026-04-20,925.96,941.8,923.43,941.49,65420.0,934.831393
2026-04-20T23:12:08.685,60,59,GS260618P00230000,GS,2026-06-18,put,230.0,0.0,0.0,0.01,2.0,0.005,0.01,5.0,,,,,,,2026-04-20,925.96,941.8,923.43,941.49,65420.0,934.831393
2026-04-20T23:12:08.685,60,59,GS260618P00240000,GS,2026-06-18,put,240.0,0.0,0.0,0.09,2.0,0.045,0.03,2.0,,,,,,,2026-04-20,925.96,941.8,923.43,941.49,65420.0,934.831393
2026-04-20T23:12:08.685,60,59,GS260618P00250000,GS,2026-06-18,put,250.0,0.0,0.0,3.94,21.0,1.97,0.08,2.0,,,,,,,2026-04-20,925.96,941.8,923.43,941.49,65420.0,934.831393
2026-04-20T23:12:08.685,60,59,GS260618P00260000,GS,2026-06-18,put,260.0,0.0,0.0,4.26,1.0,2.13,0.88,1.0,,,,,,,2026-04-20,925.96,941.8,923.43,941.49,65420.0,934.831393
2026-04-20T23:12:08.685,60,59,GS260618P00270000,GS,2026-06-18,put,270.0,0.0,0.0,0.31,1.0,0.155,0.01,3.0,,,,,,,2026-04-20,925.96,941.8,923.43,941.49,65420.0,934.831393
2026-04-20T23:12:08.685,60,59,GS260618P00280000,GS,2026-06-18,put,280.0,0.0,0.0,0.37,1.0,0.185,0.1,2.0,,,,,,,2026-04-20,925.96,941.8,923.43,941.49,65420.0,934.831393
2026-04-20T23:12:08.685,60,59,GS260618P00290000,GS,2026-06-18,put,290.0,0.0,0.0,0.39,1.0,0.195,0.9,2.0,,,,,,,2026-04-20,925.96,941.8,923.43,941.49,65420.0,934.831393
2026-04-20T23:12:08.685,60,59,GS260618P00300000,GS,2026-06-18,put,300.0,0.0,0.0,0.49,1.0,0.245,0.04,1.0,,,,,,,2026-04-20,925.96,941.8,923.43,941.49,65420.0,934.831393
2026-04-20T23:12:08.685,60,59,GS260618P00310000,GS,2026-06-18,put,310.0,0.0,0.0,4.28,1.0,2.14,0.68,1.0,,,,,,,2026-04-20,925.96,941.8,923.43,941.49,65420.0,934.831393
2026-04-20T23:12:08.685,60,59,GS260618P00320000,GS,2026-06-18,put,320.0,0.0,0.0,4.32,1.0,2.16,0.25,1.0,,,,,,,2026-04-20,925.96,941.8,923.43,941.49,65420.0,934.831393
2026-04-20T23:12:08.685,60,59,GS260618P00330000,GS,2026-06-18,put,330.0,0.0,0.0,4.28,1.0,2.14,0.34,2.0,,,,,,,2026-04-20,925.96,941.8,923.43,941.49,65420.0,934.831393
2026-04-20T23:12:08.685,60,59,GS260618P00340000,GS,2026-06-18,put,340.0,0.0,0.0,0.96,1.0,0.48,0.23,1.0,,,,,,,2026-04-20,925.96,941.8,923.43,941.49,65420.0,934.831393
2026-04-20T23:12:08.685,60,59,GS260618P00350000,GS,2026-06-18,put,350.0,0.0,0.0,4.24,144.0,2.12,0.09,10.0,,,,,,,2026-04-20,925.96,941.8,923.43,941.49,65420.0,934.831393
2026-04-20T23:12:08.685,60,59,GS260618P00360000,GS,2026-06-18,put,360.0,0.0,0.0,4.32,140.0,2.16,0.03,4.0,,,,,,,2026-04-20,925.96,941.8,923.43,941.49,65420.0,934.831393
2026-04-20T23:12:08.685,60,59,GS260618P00370000,GS,2026-06-18,put,370.0,0.0,0.0,1.6,144.0,0.8,0.04,12.0,,,,,,,2026-04-20,925.96,941.8,923.43,941.49,65420.0,934.831393
2026-04-20T23:12:08.685,60,59,GS260618P00380000,GS,2026-06-18,put,380.0,0.0,0.0,0.48,22.0,0.24,0.19,1.0,,,,,,,2026-04-20,925.96,941.8,923.43,941.49,65420.0,934.831393
2026-04-20T23:12:08.685,60,59,GS260618P00390000,GS,2026-06-18,put,390.0,0.01,1.0,1.48,21.0,0.745,0.17,1.0,,,,,,,2026-04-20,925.96,941.8,923.43,941.49,65420.0,934.831393
2026-04-20T23:12:08.685,60,59,GS260618P00400000,GS,2026-06-18,put,400.0,0.03,20.0,0.52,26.0,0.275,0.07,10.0,,,,,,,2026-04-20,925.96,941.8,923.43,941.49,65420.0,934.831393
2026-04-20T23:12:08.685,60,59,GS260618P00410000,GS,2026-06-18,put,410.0,0.01,20.0,0.49,97.0,0.25,0.25,1.0,,,,,,,2026-04-20,925.96,941.8,923.43,941.49,65420.0,934.831393
2026-04-20T23:12:08.685,60,59,GS260618P00420000,GS,2026-06-18,put,420.0,0.01,20.0,0.83,132.0,0.42,0.06,1.0,,,,,,,2026-04-20,925.96,941.8,923.43,941.49,65420.0,934.831393
2026-04-20T23:12:08.685,60,59,GS260618P00430000,GS,2026-06-18,put,430.0,0.04,20.0,4.33,110.0,2.185,0.27,1.0,,,,,,,2026-04-20,925.96,941.8,923.43,941.49,65420.0,934.831393
2026-04-20T23:12:08.685,60,59,GS260618P00440000,GS,2026-06-18,put,440.0,0.0,0.0,1.4,136.0,0.7,0.05,1.0,,,,,,,2026-04-20,925.96,941.8,923.43,941.49,65420.0,934.831393
2026-04-20T23:12:08.685,60,59,GS260618P00450000,GS,2026-06-18,put,450.0,0.0,0.0,4.32,95.0,2.16,0.56,1.0,,,,,,,2026-04-20,925.96,941.8,923.43,941.49,65420.0,934.831393
2026-04-20T23:12:08.685,60,59,GS260618P00460000,GS,2026-06-18,put,460.0,0.0,0.0,4.32,5.0,2.16,0.63,1.0,,,,,,,2026-04-20,925.96,941.8,923.43,941.49,65420.0,934.831393
2026-04-20T23:12:08.685,60,59,GS260618P00470000,GS,2026-06-18,put,470.0,0.0,0.0,0.48,1.0,0.24,0.19,15.0,,,,,,,2026-04-20,925.96,941.8,923.43,941.49,65420.0,934.831393
2026-04-20T23:12:08.685,60,59,GS260618P00480000,GS,2026-06-18,put,480.0,0.0,0.0,4.37,1.0,2.185,2.0,1.0,,,,,,,2026-04-20,925.96,941.8,923.43,941.49,65420.0,934.831393
2026-04-20T23:12:08.685,60,59,GS260618P00490000,GS,2026-06-18,put,490.0,0.0,0.0,4.39,106.0,2.195,0.13,1.0,,,,,,,2026-04-20,925.96,941.8,923.43,941.49,65420.0,934.831393
2026-04-20T23:12:08.685,60,59,GS260618P00500000,GS,2026-06-18,put,500.0,0.01,1.0,0.99,137.0,0.5,0.1,1.0,0.6641,-0.0057,0.0001,-0.0341,0.0617,-0.0095,2026-04-20,925.96,941.8,923.43,941.49,65420.0,934.831393
2026-04-20T23:12:08.685,60,59,GS260618P00505000,GS,2026-06-18,put,505.0,0.0,0.0,4.35,114.0,2.175,,,,,,,,,2026-04-20,925.96,941.8,923.43,941.49,65420.0,934.831393
2026-04-20T23:12:08.685,60,59,GS260618P00510000,GS,2026-06-18,put,510.0,0.0,0.0,4.47,1.0,2.235,0.17,1.0,,,,,,,2026-04-20,925.96,941.8,923.43,941.49,65420.0,934.831393
2026-04-20T23:12:08.685,60,59,GS260618P00515000,GS,2026-06-18,put,515.0,0.0,0.0,4.42,5.0,2.21,0.23,1.0,,,,,,,2026-04-20,925.96,941.8,923.43,941.49,65420.0,934.831393
2026-04-20T23:12:08.685,60,59,GS260618P00520000,GS,2026-06-18,put,520.0,0.0,0.0,0.88,1.0,0.44,0.96,2.0,,,,,,,2026-04-20,925.96,941.8,923.43,941.49,65420.0,934.831393
2026-04-20T23:12:08.685,60,59,GS260618P00525000,GS,2026-06-18,put,525.0,0.0,0.0,4.41,2.0,2.205,2.79,1.0,,,,,,,2026-04-20,925.96,941.8,923.43,941.49,65420.0,934.831393
2026-04-20T23:12:08.685,60,59,GS260618P00530000,GS,2026-06-18,put,530.0,0.0,0.0,4.48,133.0,2.24,1.14,3.0,,,,,,,2026-04-20,925.96,941.8,923.43,941.49,65420.0,934.831393
2026-04-20T23:12:08.685,60,59,GS260618P00535000,GS,2026-06-18,put,535.0,0.0,0.0,4.53,99.0,2.265,,,,,,,,,2026-04-20,925.96,941.8,923.43,941.49,65420.0,934.831393
2026-04-20T23:12:08.685,60,59,GS260618P00540000,GS,2026-06-18,put,540.0,0.0,0.0,4.4,143.0,2.2,1.24,1.0,,,,,,,2026-04-20,925.96,941.8,923.43,941.49,65420.0,934.831393
2026-04-20T23:12:08.685,60,59,GS260618P00545000,GS,2026-06-18,put,545.0,0.0,0.0,2.14,200.0,1.07,0.01,1.0,,,,,,,2026-04-20,925.96,941.8,923.43,941.49,65420.0,934.831393
2026-04-20T23:12:08.685,60,59,GS260618P00550000,GS,2026-06-18,put,550.0,0.0,0.0,0.54,104.0,0.27,0.2,1.0,,,,,,,2026-04-20,925.96,941.8,923.43,941.49,65420.0,934.831393
2026-04-20T23:12:08.685,60,59,GS260618P00555000,GS,2026-06-18,put,555.0,0.0,0.0,3.82,125.0,1.91,,,,,,,,,2026-04-20,925.96,941.8,923.43,941.49,65420.0,934.831393
2026-04-20T23:12:08.685,60,59,GS260618P00560000,GS,2026-06-18,put,560.0,0.0,0.0,1.29,85.0,0.645,1.83,4.0,,,,,,,2026-04-20,925.96,941.8,923.43,941.49,65420.0,934.831393
2026-04-20T23:12:08.685,60,59,GS260618P00565000,GS,2026-06-18,put,565.0,0.0,0.0,1.55,111.0,0.775,2.11,2.0,,,,,,,2026-04-20,925.96,941.8,923.43,941.49,65420.0,934.831393
2026-04-20T23:12:08.685,60,59,GS260618P00570000,GS,2026-06-18,put,570.0,0.0,0.0,1.56,100.0,0.78,4.4,1.0,,,,,,,2026-04-20,925.96,941.8,923.43,941.49,65420.0,934.831393
2026-04-20T23:12:08.685,60,59,GS260618P00575000,GS,2026-06-18,put,575.0,0.0,0.0,1.52,100.0,0.76,0.9,1.0,,,,,,,2026-04-20,925.96,941.8,923.43,941.49,65420.0,934.831393
2026-04-20T23:12:08.685,60,59,GS260618P00580000,GS,2026-06-18,put,580.0,0.0,0.0,1.59,107.0,0.795,0.86,2.0,,,,,,,2026-04-20,925.96,941.8,923.43,941.49,65420.0,934.831393
2026-04-20T23:12:08.685,60,59,GS260618P00585000,GS,2026-06-18,put,585.0,0.0,0.0,1.69,94.0,0.845,,,,,,,,,2026-04-20,925.96,941.8,923.43,941.49,65420.0,934.831393
2026-04-20T23:12:08.685,60,59,GS260618P00590000,GS,2026-06-18,put,590.0,0.0,0.0,1.51,84.0,0.755,3.9,1.0,,,,,,,2026-04-20,925.96,941.8,923.43,941.49,65420.0,934.831393
2026-04-20T23:12:08.685,60,59,GS260618P00595000,GS,2026-06-18,put,595.0,0.0,0.0,1.49,97.0,0.745,6.8,3.0,,,,,,,2026-04-20,925.96,941.8,923.43,941.49,65420.0,934.831393
2026-04-20T23:12:08.685,60,59,GS260618P00600000,GS,2026-06-18,put,600.0,0.03,27.0,1.51,86.0,0.77,0.31,1.0,0.5181,-0.0107,0.0001,-0.0461,0.1074,-0.0176,2026-04-20,925.96,941.8,923.43,941.49,65420.0,934.831393
2026-04-20T23:12:08.685,60,59,GS260618P00605000,GS,2026-06-18,put,605.0,0.0,0.0,2.85,63.0,1.425,1.4,1.0,,,,,,,2026-04-20,925.96,941.8,923.43,941.49,65420.0,934.831393
2026-04-20T23:12:08.685,60,59,GS260618P00610000,GS,2026-06-18,put,610.0,0.0,0.0,2.05,67.0,1.025,1.72,1.0,,,,,,,2026-04-20,925.96,941.8,923.43,941.49,65420.0,934.831393
2026-04-20T23:12:08.685,60,59,GS260618P00615000,GS,2026-06-18,put,615.0,0.0,0.0,1.85,145.0,0.925,1.53,1.0,,,,,,,2026-04-20,925.96,941.8,923.43,941.49,65420.0,934.831393
2026-04-20T23:12:08.685,60,59,GS260618P00620000,GS,2026-06-18,put,620.0,0.32,2.0,1.82,155.0,1.07,0.72,1.0,0.5084,-0.0147,0.0002,-0.0592,0.1408,-0.0241,2026-04-20,925.96,941.8,923.43,941.49,65420.0,934.831393
2026-04-20T23:12:08.685,60,59,GS260618P00625000,GS,2026-06-18,put,625.0,0.0,0.0,1.88,136.0,0.94,0.91,1.0,,,,,,,2026-04-20,925.96,941.8,923.43,941.49,65420.0,934.831393
2026-04-20T23:12:08.685,60,59,GS260618P00630000,GS,2026-06-18,put,630.0,0.05,72.0,1.72,194.0,0.885,0.69,1.0,0.4779,-0.0131,0.0002,-0.0505,0.128,-0.0214,2026-04-20,925.96,941.8,923.43,941.49,65420.0,934.831393
2026-04-20T23:12:08.685,60,59,GS260618P00635000,GS,2026-06-18,put,635.0,0.35,87.0,1.55,212.0,0.95,0.9,1.0,0.4746,-0.0141,0.0002,-0.0533,0.1359,-0.023,2026-04-20,925.96,941.8,923.43,941.49,65420.0,934.831393
2026-04-20T23:12:08.685,60,59,GS260618P00640000,GS,2026-06-18,put,640.0,0.61,75.0,1.23,112.0,0.9199999999999999,0.82,1.0,0.4642,-0.014,0.0002,-0.0517,0.1351,-0.0228,2026-04-20,925.96,941.8,923.43,941.49,65420.0,934.831393
2026-04-20T23:12:08.685,60,59,GS260618P00645000,GS,2026-06-18,put,645.0,0.0,0.0,1.83,140.0,0.915,1.95,25.0,,,,,,,2026-04-20,925.96,941.8,923.43,941.49,65420.0,934.831393
2026-04-20T23:12:08.685,60,59,GS260618P00650000,GS,2026-06-18,put,650.0,0.0,0.0,1.96,129.0,0.98,0.85,1.0,,,,,,,2026-04-20,925.96,941.8,923.43,941.49,65420.0,934.831393
2026-04-20T23:12:08.685,60,59,GS260618P00655000,GS,2026-06-18,put,655.0,0.01,44.0,2.13,61.0,1.0699999999999998,2.25,1.0,0.4501,-0.0165,0.0002,-0.0576,0.1554,-0.0268,2026-04-20,925.96,941.8,923.43,941.49,65420.0,934.831393
2026-04-20T23:12:08.685,60,59,GS260618P00660000,GS,2026-06-18,put,660.0,0.3,69.0,2.27,128.0,1.285,1.2,2.0,0.4548,-0.0192,0.0003,-0.0663,0.177,-0.0313,2026-04-20,925.96,941.8,923.43,941.49,65420.0,934.831393
2026-04-20T23:12:08.685,60,59,GS260618P00665000,GS,2026-06-18,put,665.0,0.28,72.0,2.87,155.0,1.5750000000000002,1.15,7.0,0.4617,-0.0226,0.0003,-0.0774,0.2036,-0.037,2026-04-20,925.96,941.8,923.43,941.49,65420.0,934.831393
2026-04-20T23:12:08.685,60,59,GS260618P00670000,GS,2026-06-18,put,670.0,0.48,79.0,1.97,104.0,1.225,1.37,5.0,0.435,-0.0192,0.0003,-0.0633,0.177,-0.0312,2026-04-20,925.96,941.8,923.43,941.49,65420.0,934.831393
2026-04-20T23:12:08.685,60,59,GS260618P00675000,GS,2026-06-18,put,675.0,0.58,75.0,2.12,126.0,1.35,1.33,24.0,0.4336,-0.021,0.0003,-0.068,0.1908,-0.0341,2026-04-20,925.96,941.8,923.43,941.49,65420.0,934.831393
2026-04-20T23:12:08.685,60,59,GS260618P00680000,GS,2026-06-18,put,680.0,0.68,38.0,2.53,85.0,1.605,1.73,1.0,0.4379,-0.0242,0.0003,-0.0775,0.2153,-0.0394,2026-04-20,925.96,941.8,923.43,941.49,65420.0,934.831393
2026-04-20T23:12:08.685,60,59,GS260618P00685000,GS,2026-06-18,put,685.0,0.87,77.0,2.07,62.0,1.47,1.75,5.0,0.4233,-0.0231,0.0003,-0.072,0.2072,-0.0376,2026-04-20,925.96,941.8,923.43,941.49,65420.0,934.831393
2026-04-20T23:12:08.685,60,59,GS260618P00690000,GS,2026-06-18,put,690.0,0.98,78.0,2.59,149.0,1.785,1.69,2.0,0.4292,-0.027,0.0004,-0.0833,0.2364,-0.0441,2026-04-20,925.96,941.8,923.43,941.49,65420.0,934.831393
2026-04-20T23:12:08.685,60,59,GS260618P00695000,GS,2026-06-18,put,695.0,1.12,78.0,2.62,121.0,1.87,4.0,1.0,0.4244,-0.0285,0.0004,-0.0859,0.2467,-0.0464,2026-04-20,925.96,941.8,923.43,941.49,65420.0,934.831393
2026-04-20T23:12:08.685,60,59,GS260618P00700000,GS,2026-06-18,put,700.0,1.72,90.0,2.37,78.0,2.045,2.08,1.0,0.4228,-0.0309,0.0004,-0.0915,0.264,-0.0503,2026-04-20,925.96,941.8,923.43,941.49,65420.0,934.831393
2026-04-20T23:12:08.685,60,59,GS260618P00705000,GS,2026-06-18,put,705.0,1.22,73.0,2.96,131.0,2.09,3.35,3.0,0.4161,-0.0319,0.0005,-0.0925,0.2715,-0.052,2026-04-20,925.96,941.8,923.43,941.49,65420.0,934.831393
2026-04-20T23:12:08.685,60,59,GS260618P00710000,GS,2026-06-18,put,710.0,1.87,99.0,3.01,151.0,2.44,2.3,1.0,0.4199,-0.0362,0.0005,-0.1035,0.3012,-0.0591,2026-04-20,925.96,941.8,923.43,941.49,65420.0,934.831393
2026-04-20T23:12:08.685,60,59,GS260618P00715000,GS,2026-06-18,put,715.0,1.89,104.0,3.12,93.0,2.505,2.5,2.0,0.4134,-0.0376,0.0005,-0.105,0.3104,-0.0613,2026-04-20,925.96,941.8,923.43,941.49,65420.0,934.831393
2026-04-20T23:12:08.685,60,59,GS260618P00720000,GS,2026-06-18,put,720.0,2.28,88.0,2.98,93.0,2.63,2.83,2.0,0.4088,-0.0396,0.0006,-0.1083,0.324,-0.0646,2026-04-20,925.96,941.8,923.43,941.49,65420.0,934.831393
2026-04-20T23:12:08.685,60,59,GS260618P00725000,GS,2026-06-18,put,725.0,2.31,50.0,3.83,141.0,3.0700000000000003,3.0,1.0,0.4131,-0.0448,0.0006,-0.1208,0.3581,-0.0733,2026-04-20,925.96,941.8,923.43,941.49,65420.0,934.831393
2026-04-20T23:12:08.685,60,59,GS260618P00730000,GS,2026-06-18,put,730.0,2.87,80.0,3.82,146.0,3.3449999999999998,3.16,2.0,0.4117,-0.0484,0.0006,-0.128,0.3808,-0.0792,2026-04-20,925.96,941.8,923.43,941.49,65420.0,934.831393
2026-04-20T23:12:08.685,60,59,GS260618P00735000,GS,2026-06-18,put,735.0,2.77,86.0,3.62,93.0,3.1950000000000003,3.5,1.0,0.399,-0.0479,0.0007,-0.1229,0.3776,-0.0781,2026-04-20,925.96,941.8,923.43,941.49,65420.0,934.831393
2026-04-20T23:12:08.685,60,59,GS260618P00740000,GS,2026-06-18,put,740.0,3.19,136.0,3.87,134.0,3.5300000000000002,3.65,1.0,0.3988,-0.0522,0.0007,-0.1314,0.4043,-0.0852,2026-04-20,925.96,941.8,923.43,941.49,65420.0,934.831393
2026-04-20T23:12:08.685,60,59,GS260618P00745000,GS,2026-06-18,put,745.0,3.57,57.0,4.49,83.0,4.03,5.95,1.0,0.4018,-0.058,0.0008,-0.1438,0.4396,-0.0949,2026-04-20,925.96,941.8,923.43,941.49,65420.0,934.831393
2026-04-20T23:12:08.685,60,59,GS260618P00750000,GS,2026-06-18,put,750.0,3.6,117.0,4.68,149.0,4.14,4.31,2.0,0.3953,-0.0603,0.0008,-0.1456,0.4528,-0.0985,2026-04-20,925.96,941.8,923.43,941.49,65420.0,934.831393
2026-04-20T23:12:08.685,60,59,GS260618P00755000,GS,2026-06-18,put,755.0,4.13,59.0,5.35,141.0,4.74,4.65,1.0,0.399,-0.067,0.0009,-0.1595,0.4918,-0.1097,2026-04-20,925.96,941.8,923.43,941.49,65420.0,934.831393
2026-04-20T23:12:08.685,60,59,GS260618P00760000,GS,2026-06-18,put,760.0,4.32,103.0,5.32,156.0,4.82,4.9,1.0,0.3914,-0.0691,0.0009,-0.1601,0.5038,-0.1131,2026-04-20,925.96,941.8,923.43,941.49,65420.0,934.831393
2026-04-20T23:12:08.685,60,59,GS260618P00765000,GS,2026-06-18,put,765.0,4.67,63.0,5.84,113.0,5.255,5.57,1.0,0.3906,-0.0745,0.001,-0.169,0.5334,-0.1219,2026-04-20,925.96,941.8,923.43,941.49,65420.0,934.831393
2026-04-20T23:12:08.685,60,59,GS260618P00770000,GS,2026-06-18,put,770.0,5.08,114.0,6.18,144.0,5.63,5.41,2.0,0.3882,-0.0793,0.001,-0.1761,0.5597,-0.1299,2026-04-20,925.96,941.8,923.43,941.49,65420.0,934.831393
2026-04-20T23:12:08.685,60,59,GS260618P00775000,GS,2026-06-18,put,775.0,5.49,58.0,7.15,153.0,6.32,6.17,1.0,0.3907,-0.0869,0.0011,-0.1896,0.5992,-0.1425,2026-04-20,925.96,941.8,923.43,941.49,65420.0,934.831393
2026-04-20T23:12:08.685,60,59,GS260618P00780000,GS,2026-06-18,put,780.0,5.58,68.0,7.0,91.0,6.29,5.87,1.0,0.3807,-0.0885,0.0011,-0.1871,0.6077,-0.145,2026-04-20,925.96,941.8,923.43,941.49,65420.0,934.831393
2026-04-20T23:12:08.685,60,59,GS260618P00785000,GS,2026-06-18,put,785.0,6.37,82.0,7.67,148.0,7.02,6.65,1.0,0.3828,-0.0965,0.0012,-0.2003,0.6477,-0.1583,2026-04-20,925.96,941.8,923.43,941.49,65420.0,934.831393
2026-04-20T23:12:08.685,60,59,GS260618P00790000,GS,2026-06-18,put,790.0,6.68,98.0,7.92,153.0,7.3,7.18,2.0,0.3774,-0.1009,0.0012,-0.2038,0.6692,-0.1655,2026-04-20,925.96,941.8,923.43,941.49,65420.0,934.831393
2026-04-20T23:12:08.685,60,59,GS260618P00795000,GS,2026-06-18,put,795.0,7.19,45.0,9.38,106.0,8.285,8.4,24.0,0.3818,-0.1108,0.0013,-0.2204,0.716,-0.1821,2026-04-20,925.96,941.8,923.43,941.49,65420.0,934.831393
2026-04-20T23:12:08.685,60,59,GS260618P00800000,GS,2026-06-18,put,800.0,7.53,106.0,9.07,152.0,8.3,8.65,1.0,0.3722,-0.1135,0.0014,-0.2182,0.7284,-0.1862,2026-04-20,925.96,941.8,923.43,941.49,65420.0,934.831393
2026-04-20T23:12:08.685,60,59,GS260618P00805000,GS,2026-06-18,put,805.0,7.84,65.0,10.31,83.0,9.075,9.45,2.0,0.3726,-0.1219,0.0014,-0.2295,0.7663,-0.2003,2026-04-20,925.96,941.8,923.43,941.49,65420.0,934.831393
2026-04-20T23:12:08.685,60,59,GS260618P00810000,GS,2026-06-18,put,810.0,8.77,99.0,10.63,151.0,9.7,10.29,10.0,0.3704,-0.1293,0.0015,-0.2375,0.7984,-0.2126,2026-04-20,925.96,941.8,923.43,941.49,65420.0,934.831393
2026-04-20T23:12:08.685,60,59,GS260618P00815000,GS,2026-06-18,put,815.0,9.1,100.0,11.19,127.0,10.145,10.7,1.0,0.3657,-0.1355,0.0016,-0.2418,0.8248,-0.2228,2026-04-20,925.96,941.8,923.43,941.49,65420.0,934.831393
2026-04-20T23:12:08.685,60,59,GS260618P00820000,GS,2026-06-18,put,820.0,9.63,105.0,11.94,119.0,10.785,11.18,1.0,0.363,-0.1433,0.0016,-0.2489,0.8564,-0.2356,2026-04-20,925.96,941.8,923.43,941.49,65420.0,934.831393
2026-04-20T23:12:08.685,60,59,GS260618P00825000,GS,2026-06-18,put,825.0,9.97,58.0,13.44,88.0,11.705,13.0,1.0,0.3631,-0.1529,0.0017,-0.2597,0.8946,-0.2518,2026-04-20,925.96,941.8,923.43,941.49,65420.0,934.831393
2026-04-20T23:12:08.685,60,59,GS260618P00830000,GS,2026-06-18,put,830.0,11.54,91.0,12.93,105.0,12.235,12.27,1.0,0.3583,-0.1602,0.0018,-0.2638,0.9224,-0.2637,2026-04-20,925.96,941.8,923.43,941.49,65420.0,934.831393
2026-04-20T23:12:08.685,60,59,GS260618P00835000,GS,2026-06-18,put,835.0,12.16,101.0,13.74,152.0,12.95,12.94,2.0,0.3552,-0.1687,0.0019,-0.27,0.9541,-0.2779,2026-04-20,925.96,941.8,923.43,941.49,65420.0,934.831393
2026-04-20T23:12:08.685,60,59,GS260618P00840000,GS,2026-06-18,put,840.0,13.11,33.0,14.42,56.0,13.765,13.85,2.0,0.3527,-0.1781,0.002,-0.277,0.9873,-0.2935,2026-04-20,925.96,941.8,923.43,941.49,65420.0,934.831393
2026-04-20T23:12:08.685,60,59,GS260618P00845000,GS,2026-06-18,put,845.0,13.71,89.0,16.43,116.0,15.07,15.75,1.0,0.3546,-0.1902,0.002,-0.2897,1.0288,-0.3141,2026-04-20,925.96,941.8,923.43,941.49,65420.0,934.831393
2026-04-20T23:12:08.685,60,59,GS260618P00850000,GS,2026-06-18,put,850.0,15.27,22.0,16.059,71.0,15.6645,15.7,2.0,0.3491,-0.1986,0.0021,-0.2922,1.0561,-0.3278,2026-04-20,925.96,941.8,923.43,941.49,65420.0,934.831393
2026-04-20T23:12:08.685,60,59,GS260618P00855000,GS,2026-06-18,put,855.0,15.14,129.0,17.43,31.0,16.285,16.95,1.0,0.3435,-0.2074,0.0022,-0.2943,1.0837,-0.3422,2026-04-20,925.96,941.8,923.43,941.49,65420.0,934.831393
2026-04-20T23:12:08.685,60,59,GS260618P00860000,GS,2026-06-18,put,860.0,16.14,122.0,18.99,143.0,17.564999999999998,18.81,1.0,0.3436,-0.2197,0.0023,-0.3039,1.1208,-0.363,2026-04-20,925.96,941.8,923.43,941.49,65420.0,934.831393
2026-04-20T23:12:08.685,60,59,GS260618P00865000,GS,2026-06-18,put,865.0,17.11,72.0,19.88,67.0,18.494999999999997,19.7,1.0,0.34,-0.2304,0.0024,-0.3083,1.1515,-0.3808,2026-04-20,925.96,941.8,923.43,941.49,65420.0,934.831393
2026-04-20T23:12:08.685,60,59,GS260618P00870000,GS,2026-06-18,put,870.0,19.98,2.0,22.36,99.0,21.17,20.1,1.0,0.3507,-0.2488,0.0024,-0.3314,1.2007,-0.4131,2026-04-20,925.96,941.8,923.43,941.49,65420.0,934.831393
2026-04-20T23:12:08.685,60,59,GS260618P00875000,GS,2026-06-18,put,875.0,19.25,72.0,23.2,73.0,21.225,24.7,6.0,0.3389,-0.2562,0.0025,-0.324,1.2195,-0.4245,2026-04-20,925.96,941.8,923.43,941.49,65420.0,934.831393
2026-04-20T23:12:08.685,60,59,GS260618P00880000,GS,2026-06-18,put,880.0,20.58,129.0,25.51,147.0,23.045,24.35,1.0,0.3412,-0.2709,0.0026,-0.335,1.2547,-0.4498,2026-04-20,925.96,941.8,923.43,941.49,65420.0,934.831393
2026-04-20T23:12:08.685,60,59,GS260618P00885000,GS,2026-06-18,put,885.0,21.54,163.0,26.97,151.0,24.255,27.51,1.0,0.338,-0.2833,0.0026,-0.3383,1.2826,-0.4708,2026-04-20,925.96,941.8,923.43,941.49,65420.0,934.831393
2026-04-20T23:12:08.685,60,59,GS260618P00890000,GS,2026-06-18,put,890.0,23.06,74.0,28.5,63.0,25.78,28.39,1.0,0.3368,-0.2971,0.0027,-0.3437,1.3113,-0.4941,2026-04-20,925.96,941.8,923.43,941.49,65420.0,934.831393
2026-04-20T23:12:08.685,60,59,GS260618P00895000,GS,2026-06-18,put,895.0,25.41,53.0,29.85,61.0,27.630000000000003,32.32,1.0,0.3375,-0.3118,0.0028,-0.3511,1.3399,-0.5196,2026-04-20,925.96,941.8,923.43,941.49,65420.0,934.831393
2026-04-20T23:12:08.685,60,59,GS260618P00900000,GS,2026-06-18,put,900.0,27.23,123.0,29.21,127.0,28.22,30.87,1.0,0.3284,-0.3233,0.0029,-0.3454,1.3606,-0.5381,2026-04-20,925.96,941.8,923.43,941.49,65420.0,934.831393
2026-04-20T23:12:08.685,60,59,GS260618P00905000,GS,2026-06-18,put,905.0,28.88,108.0,31.49,117.0,30.185,30.6,2.0,0.3289,-0.3387,0.0029,-0.3515,1.3861,-0.5647,2026-04-20,925.96,941.8,923.43,941.49,65420.0,934.831393
2026-04-20T23:12:08.685,60,59,GS260618P00910000,GS,2026-06-18,put,910.0,31.22,42.0,33.18,49.0,32.2,35.07,3.0,0.3292,-0.3541,0.003,-0.3566,1.4092,-0.5915,2026-04-20,925.96,941.8,923.43,941.49,65420.0,934.831393
2026-04-20T23:12:08.685,60,59,GS260618P00915000,GS,2026-06-18,put,915.0,31.16,141.0,36.07,136.0,33.615,36.55,1.0,0.3248,-0.3686,0.0031,-0.3552,1.4287,-0.6158,2026-04-20,925.96,941.8,923.43,941.49,65420.0,934.831393
2026-04-20T23:12:08.685,60,59,GS260618P00920000,GS,2026-06-18,put,920.0,34.85,140.0,37.1,72.0,35.975,38.43,2.0,0.3264,-0.3848,0.0031,-0.3607,1.4479,-0.6442,2026-04-20,925.96,941.8,923.43,941.49,65420.0,934.831393
2026-04-20T23:12:08.685,60,59,GS260618P00925000,GS,2026-06-18,put,925.0,35.92,120.0,41.17,134.0,38.545,40.85,17.0,0.3289,-0.401,0.0031,-0.3666,1.4646,-0.6731,2026-04-20,925.96,941.8,923.43,941.49,65420.0,934.831393
2026-04-20T23:12:08.685,60,59,GS260618P00930000,GS,2026-06-18,put,930.0,38.52,109.0,40.88,6.0,39.7,39.95,1.0,0.3212,-0.4161,0.0032,-0.3592,1.4778,-0.698,2026-04-20,925.96,941.8,923.43,941.49,65420.0,934.831393
2026-04-20T23:12:08.685,60,59,GS260618P00935000,GS,2026-06-18,put,935.0,40.13,57.0,45.55,79.0,42.84,43.95,1.0,0.3264,-0.4326,0.0032,-0.3671,1.4898,-0.7282,2026-04-20,925.96,941.8,923.43,941.49,65420.0,934.831393
2026-04-20T23:12:08.685,60,59,GS260618P00940000,GS,2026-06-18,put,940.0,42.37,123.0,46.77,130.0,44.57,47.65,1.0,0.3216,-0.4487,0.0032,-0.3619,1.4988,-0.7554,2026-04-20,925.96,941.8,923.43,941.49,65420.0,934.831393
2026-04-20T23:12:08.685,60,59,GS260618P00945000,GS,2026-06-18,put,945.0,44.82,65.0,50.28,79.0,47.55,47.23,1.0,0.3247,-0.4648,0.0032,-0.3657,1.5055,-0.7848,2026-04-20,925.96,941.8,923.43,941.49,65420.0,934.831393
2026-04-20T23:12:08.685,60,59,GS260618P00950000,GS,2026-06-18,put,950.0,48.58,114.0,53.12,128.0,50.849999999999994,52.32,2.0,0.3292,-0.4804,0.0032,-0.3709,1.5096,-0.8139,2026-04-20,925.96,941.8,923.43,941.49,65420.0,934.831393
2026-04-20T23:12:08.685,60,59,GS260618P00955000,GS,2026-06-18,put,955.0,50.4,31.0,54.35,71.0,52.375,78.25,3.0,0.3215,-0.4974,0.0033,-0.3598,1.5113,-0.8422,2026-04-20,925.96,941.8,923.43,941.49,65420.0,934.831393
2026-04-20T23:12:08.685,60,59,GS260618P00960000,GS,2026-06-18,put,960.0,51.98,75.0,57.65,88.0,54.815,60.5,2.0,0.3194,-0.5139,0.0033,-0.3549,1.5105,-0.8714,2026-04-20,925.96,941.8,923.43,941.49,65420.0,934.831393
2026-04-20T23:12:08.685,60,59,GS260618P00965000,GS,2026-06-18,put,965.0,55.3,42.0,61.54,84.0,58.42,83.55,1.0,0.3244,-0.5288,0.0032,-0.3588,1.5074,-0.8998,2026-04-20,925.96,941.8,923.43,941.49,65420.0,934.831393
2026-04-20T23:12:08.685,60,59,GS260618P00970000,GS,2026-06-18,put,970.0,58.43,58.0,62.18,73.0,60.305,67.49,1.0,0.3175,-0.5466,0.0033,-0.3464,1.5011,-0.93,2026-04-20,925.96,941.8,923.43,941.49,65420.0,934.831393
2026-04-20T23:12:08.685,60,59,GS260618P00975000,GS,2026-06-18,put,975.0,60.08,49.0,66.32,75.0,63.199999999999996,90.52,1.0,0.3167,-0.5628,0.0033,-0.3414,1.4926,-0.9593,2026-04-20,925.96,941.8,923.43,941.49,65420.0,934.831393
2026-04-20T23:12:08.685,60,59,GS260618P00980000,GS,2026-06-18,put,980.0,63.83,43.0,69.68,70.0,66.755,70.1,1.0,0.3199,-0.5773,0.0032,-0.3411,1.4829,-0.9872,2026-04-20,925.96,941.8,923.43,941.49,65420.0,934.831393
2026-04-20T23:12:08.685,60,59,GS260618P00985000,GS,2026-06-18,put,985.0,67.02,39.0,73.05,67.0,70.035,96.6,1.0,0.3208,-0.5923,0.0032,-0.3371,1.4707,-1.0154,2026-04-20,925.96,941.8,923.43,941.49,65420.0,934.831393
2026-04-20T23:12:08.685,60,59,GS260618P00990000,GS,2026-06-18,put,990.0,70.25,48.0,74.41,73.0,72.33,73.4,1.0,0.3144,-0.6106,0.0032,-0.3224,1.4529,-1.047,2026-04-20,925.96,941.8,923.43,941.49,65420.0,934.831393
2026-04-20T23:12:08.685,60,59,GS260618P00995000,GS,2026-06-18,put,995.0,73.77,49.0,77.17,70.0,75.47,106.37,1.0,0.3132,-0.6264,0.0032,-0.3144,1.4348,-1.0761,2026-04-20,925.96,941.8,923.43,941.49,65420.0,934.831393
2026-04-20T23:12:08.685,60,59,GS260618P01000000,GS,2026-06-18,put,1000.0,77.26,97.0,82.09,101.0,79.67500000000001,80.1,1.0,0.3191,-0.6381,0.0031,-0.3159,1.4199,-1.1007,2026-04-20,925.96,941.8,923.43,941.49,65420.0,934.831393
2026-04-20T23:12:08.685,60,59,GS260618P01005000,GS,2026-06-18,put,1005.0,80.62,37.0,86.44,62.0,83.53,111.55,1.0,0.322,-0.6508,0.003,-0.313,1.4021,-1.1262,2026-04-20,925.96,941.8,923.43,941.49,65420.0,934.831393
2026-04-20T23:12:08.685,60,59,GS260618P01010000,GS,2026-06-18,put,1010.0,82.75,16.0,90.31,46.0,86.53,,,0.3184,-0.6671,0.003,-0.3,1.3767,-1.156,2026-04-20,925.96,941.8,923.43,941.49,65420.0,934.831393
2026-04-20T23:12:08.685,60,59,GS260618P01020000,GS,2026-06-18,put,1020.0,90.61,29.0,97.8,56.0,94.205,126.44,1.0,0.3219,-0.6922,0.0029,-0.2889,1.3324,-1.2066,2026-04-20,925.96,941.8,923.43,941.49,65420.0,934.831393
2026-04-20T23:12:08.685,60,59,GS260618P01040000,GS,2026-06-18,put,1040.0,108.36,23.0,112.93,49.0,110.64500000000001,185.35,1.0,0.3327,-0.7346,0.0026,-0.27,1.242,-1.2977,2026-04-20,925.96,941.8,923.43,941.49,65420.0,934.831393
2026-04-20T23:12:08.685,60,59,GS260618P01060000,GS,2026-06-18,put,1060.0,123.58,25.0,131.69,56.0,127.63499999999999,140.15,1.0,0.3428,-0.7711,0.0023,-0.2479,1.1473,-1.3808,2026-04-20,925.96,941.8,923.43,941.49,65420.0,934.831393
2026-04-20T23:12:08.685,60,59,GS260618P01080000,GS,2026-06-18,put,1080.0,141.91,27.0,147.42,43.0,144.665,250.57,1.0,0.3482,-0.8057,0.0021,-0.2172,1.0421,-1.4611,2026-04-20,925.96,941.8,923.43,941.49,65420.0,934.831393
2026-04-20T23:12:08.685,60,59,GS260618P01100000,GS,2026-06-18,put,1100.0,157.58,14.0,165.82,27.0,161.7,269.25,1.0,0.3481,-0.8398,0.0018,-0.177,0.9226,-1.5405,2026-04-20,925.96,941.8,923.43,941.49,65420.0,934.831393
2026-04-20T23:12:08.685,60,59,GS260618P01120000,GS,2026-06-18,put,1120.0,176.0,13.0,181.05,27.0,178.525,242.95,5.0,0.3385,-0.8766,0.0016,-0.1213,0.7729,-1.6238,2026-04-20,925.96,941.8,923.43,941.49,65420.0,934.831393
2026-04-20T23:12:08.685,60,59,GS260618P01140000,GS,2026-06-18,put,1140.0,195.66,14.0,201.93,28.0,198.79500000000002,186.36,1.0,0.3683,-0.8795,0.0014,-0.1346,0.7602,-1.6609,2026-04-20,925.96,941.8,923.43,941.49,65420.0,934.831393
2026-04-20T23:12:08.685,60,59,GS260618P01160000,GS,2026-06-18,put,1160.0,217.73,11.0,222.29,27.0,220.01,298.91,1.0,0.4098,-0.8735,0.0013,-0.1688,0.7862,-1.6862,2026-04-20,925.96,941.8,923.43,941.49,65420.0,934.831393
2026-04-20T23:12:08.685,60,59,GS260618P01180000,GS,2026-06-18,put,1180.0,233.62,22.0,239.31,21.0,236.465,274.8,1.0,0.3839,-0.9102,0.0011,-0.0905,0.6141,-1.7686,2026-04-20,925.96,941.8,923.43,941.49,65420.0,934.831393
2026-04-20T23:12:08.685,60,59,GS260618P01200000,GS,2026-06-18,put,1200.0,258.73,20.0,265.8,20.0,262.265,326.5,5.0,0.4883,-0.865,0.0012,-0.2327,0.8224,-1.7415,2026-04-20,925.96,941.8,923.43,941.49,65420.0,934.831393
2026-04-20T23:12:08.685,60,59,GS260618P01220000,GS,2026-06-18,put,1220.0,272.8,5.0,279.71,5.0,276.255,350.05,5.0,0.4266,-0.9171,0.0009,-0.0952,0.5785,-1.8434,2026-04-20,925.96,941.8,923.43,941.49,65420.0,934.831393
2026-04-20T23:12:08.685,60,59,GS260618P01240000,GS,2026-06-18,put,1240.0,299.73,20.0,308.48,20.0,304.105,363.05,1.0,0.5593,-0.8605,0.001,-0.2874,0.8414,-1.8022,2026-04-20,925.96,941.8,923.43,941.49,65420.0,934.831393
2026-04-20T23:12:08.685,60,59,GS260618P01260000,GS,2026-06-18,put,1260.0,319.6,20.0,327.78,5.0,323.69,331.65,1.0,0.5779,-0.8663,0.001,-0.2863,0.8172,-1.8427,2026-04-20,925.96,941.8,923.43,941.49,65420.0,934.831393
2026-04-20T23:12:08.685,60,59,GS260618P01270000,GS,2026-06-18,put,1270.0,323.59,20.0,331.89,20.0,327.74,452.61,1.0,0.5067,-0.9089,0.0009,-0.1482,0.6207,-1.9142,2026-04-20,925.96,941.8,923.43,941.49,65420.0,934.831393
2026-04-20T23:12:08.685,60,59,GS260618P01280000,GS,2026-06-18,put,1280.0,328.24,20.0,341.81,5.0,335.025,363.81,1.0,0.4685,-0.9333,0.0007,-0.0733,0.4903,-1.963,2026-04-20,925.96,941.8,923.43,941.49,65420.0,934.831393
2026-04-20T23:12:08.685,60,59,GS260618P01290000,GS,2026-06-18,put,1290.0,349.51,20.0,352.4,5.0,350.955,,,0.5764,-0.8876,0.0009,-0.2346,0.7233,-1.9193,2026-04-20,925.96,941.8,923.43,941.49,65420.0,934.831393
2026-04-20T23:12:08.685,60,59,GS260618P01300000,GS,2026-06-18,put,1300.0,348.68,21.0,367.36,25.0,358.02,388.06,1.0,0.5434,-0.9093,0.0008,-0.1635,0.6186,-1.9638,2026-04-20,925.96,941.8,923.43,941.49,65420.0,934.831393
2026-04-20T23:12:08.685,60,59,GS260618P01310000,GS,2026-06-18,put,1310.0,366.83,20.0,373.48,25.0,370.155,,,0.5867,-0.895,0.0008,-0.2212,0.6887,-1.9616,2026-04-20,925.96,941.8,923.43,941.49,65420.0,934.831393
2026-04-20T23:12:08.685,60,59,GS260618P01320000,GS,2026-06-18,put,1320.0,374.69,20.0,382.39,25.0,378.53999999999996,,,0.5728,-0.9071,0.0008,-0.1826,0.63,-1.9935,2026-04-20,925.96,941.8,923.43,941.49,65420.0,934.831393
2026-04-20T23:12:08.685,60,59,GS260618P01330000,GS,2026-06-18,put,1330.0,386.03,20.0,395.69,20.0,390.86,,,0.6181,-0.8923,0.0008,-0.2445,0.7017,-1.9909,2026-04-20,925.96,941.8,923.43,941.49,65420.0,934.831393
2026-04-20T23:12:08.685,60,59,GS260618P01340000,GS,2026-06-18,put,1340.0,397.81,20.0,406.16,20.0,401.985,,,0.6443,-0.8863,0.0008,-0.2748,0.7296,-1.9997,2026-04-20,925.96,941.8,923.43,941.49,65420.0,934.831393
2026-04-20T23:12:08.685,60,59,GS260618P01350000,GS,2026-06-18,put,1350.0,405.39,5.0,407.52,21.0,406.455,472.75,5.0,0.5677,-0.9244,0.0007,-0.1319,0.5394,-2.065,2026-04-20,925.96,941.8,923.43,941.49,65420.0,934.831393
2026-04-20T23:12:08.685,60,59,GS260618P01360000,GS,2026-06-18,put,1360.0,414.21,1.0,426.73,20.0,420.47,,,0.6435,-0.8972,0.0007,-0.2434,0.6782,-2.0463,2026-04-20,925.96,941.8,923.43,941.49,65420.0,934.831393
2026-04-20T23:12:08.685,60,59,GS260618P01370000,GS,2026-06-18,put,1370.0,419.96,25.0,437.77,25.0,428.865,,,0.629,-0.9083,0.0007,-0.2042,0.6239,-2.0767,2026-04-20,925.96,941.8,923.43,941.49,65420.0,934.831393
2026-04-20T23:12:08.685,60,59,GS260618P01380000,GS,2026-06-18,put,1380.0,433.55,5.0,439.44,25.0,436.495,,,0.5979,-0.9254,0.0006,-0.1398,0.534,-2.1151,2026-04-20,925.96,941.8,923.43,941.49,65420.0,934.831393
2026-04-20T23:12:08.685,60,59,GS260618P01390000,GS,2026-06-18,put,1390.0,451.1,20.0,455.86,25.0,453.48,,,0.7162,-0.8821,0.0007,-0.3258,0.7484,-2.0766,2026-04-20,925.96,941.8,923.43,941.49,65420.0,934.831393
2026-04-20T23:12:08.685,60,59,GS260618P01400000,GS,2026-06-18,put,1400.0,459.75,25.0,467.7,25.0,463.725,445.69,1.0,0.7295,-0.8816,0.0007,-0.3348,0.7507,-2.0924,2026-04-20,925.96,941.8,923.43,941.49,65420.0,934.831393
2026-04-20T23:12:08.685,60,59,GS260618P01410000,GS,2026-06-18,put,1410.0,456.38,20.0,470.84,25.0,463.61,,,0.5642,-0.9492,0.0005,-0.0534,0.3956,-2.1952,2026-04-20,925.96,941.8,923.43,941.49,65420.0,934.831393
2026-04-20T23:12:08.685,60,59,GS260618P01420000,GS,2026-06-18,put,1420.0,477.18,25.0,485.28,25.0,481.23,,,0.7144,-0.8968,0.0007,-0.2793,0.6802,-2.1439,2026-04-20,925.96,941.8,923.43,941.49,65420.0,934.831393
2026-04-20T23:12:08.685,60,59,GS260618P01430000,GS,2026-06-18,put,1430.0,489.45,20.0,497.85,25.0,493.65,,,0.7582,-0.8843,0.0007,-0.3421,0.7387,-2.1448,2026-04-20,925.96,941.8,923.43,941.49,65420.0,934.831393
2026-04-20T23:12:08.685,60,59,GS260618P01440000,GS,2026-06-18,put,1440.0,501.06,20.0,512.71,25.0,506.885,,,0.8099,-0.869,0.0007,-0.4206,0.8059,-2.1429,2026-04-20,925.96,941.8,923.43,941.49,65420.0,934.831393
2026-04-20T23:12:08.685,90,88,GS260717C00440000,GS,2026-07-17,call,440.0,498.98,22.0,509.35,20.0,504.165,475.2,1.0,,,,,,,2026-04-20,925.96,941.8,923.43,941.49,65420.0,934.831393
2026-04-20T23:12:08.685,90,88,GS260717C00450000,GS,2026-07-17,call,450.0,480.74,20.0,497.66,5.0,489.20000000000005,,,,,,,,,2026-04-20,925.96,941.8,923.43,941.49,65420.0,934.831393
2026-04-20T23:12:08.685,90,88,GS260717C00460000,GS,2026-07-17,call,460.0,486.69,5.0,487.48,20.0,487.08500000000004,444.5,1.0,0.6443,0.9929,0.0001,-0.0783,0.0912,1.0814,2026-04-20,925.96,941.8,923.43,941.49,65420.0,934.831393
2026-04-20T23:12:08.685,90,88,GS260717C00470000,GS,2026-07-17,call,470.0,471.71,20.0,484.07,20.0,477.89,,,0.6873,0.988,0.0001,-0.1019,0.1449,1.0923,2026-04-20,925.96,941.8,923.43,941.49,65420.0,934.831393
2026-04-20T23:12:08.685,90,88,GS260717C00480000,GS,2026-07-17,call,480.0,458.11,5.0,463.08,20.0,460.595,408.43,15.0,,,,,,,2026-04-20,925.96,941.8,923.43,941.49,65420.0,934.831393
2026-04-20T23:12:08.685,90,88,GS260717C00490000,GS,2026-07-17,call,490.0,456.58,20.0,465.28,1.0,460.92999999999995,,,0.7803,0.9727,0.0002,-0.1748,0.2915,1.0984,2026-04-20,925.96,941.8,923.43,941.49,65420.0,934.831393
2026-04-20T23:12:08.685,90,88,GS260717C00500000,GS,2026-07-17,call,500.0,447.31,20.0,454.9,20.0,451.105,323.5,1.0,0.7623,0.9715,0.0002,-0.177,0.3015,1.1195,2026-04-20,925.96,941.8,923.43,941.49,65420.0,934.831393
2026-04-20T23:12:08.685,90,88,GS260717C00520000,GS,2026-07-17,call,520.0,412.39,20.0,423.21,5.0,417.79999999999995,,,,,,,,,2026-04-20,925.96,941.8,923.43,941.49,65420.0,934.831393
2026-04-20T23:12:08.685,90,88,GS260717C00540000,GS,2026-07-17,call,540.0,394.19,20.0,411.31,5.0,402.75,282.75,1.0,,,,,,,2026-04-20,925.96,941.8,923.43,941.49,65420.0,934.831393
2026-04-20T23:12:08.685,90,88,GS260717C00560000,GS,2026-07-17,call,560.0,374.8,21.0,389.54,20.0,382.17,266.0,1.0,,,,,,,2026-04-20,925.96,941.8,923.43,941.49,65420.0,934.831393
2026-04-20T23:12:08.685,90,88,GS260717C00580000,GS,2026-07-17,call,580.0,361.47,31.0,368.49,21.0,364.98,268.7,1.0,,,,,,,2026-04-20,925.96,941.8,923.43,941.49,65420.0,934.831393
2026-04-20T23:12:08.685,90,88,GS260717C00600000,GS,2026-07-17,call,600.0,346.51,21.0,348.85,26.0,347.68,315.44,3.0,0.3465,0.9974,0.0001,-0.0666,0.0376,1.4276,2026-04-20,925.96,941.8,923.43,941.49,65420.0,934.831393
2026-04-20T23:12:08.685,90,88,GS260717C00620000,GS,2026-07-17,call,620.0,319.12,25.0,327.42,21.0,323.27,213.25,5.0,,,,,,,2026-04-20,925.96,941.8,923.43,941.49,65420.0,934.831393
2026-04-20T23:12:08.685,90,88,GS260717C00640000,GS,2026-07-17,call,640.0,298.8,27.0,307.05,7.0,302.925,194.75,1.0,,,,,,,2026-04-20,925.96,941.8,923.43,941.49,65420.0,934.831393
2026-04-20T23:12:08.685,90,88,GS260717C00660000,GS,2026-07-17,call,660.0,285.21,30.0,293.34,6.0,289.275,205.2,10.0,0.371,0.9819,0.0003,-0.1071,0.2061,1.5332,2026-04-20,925.96,941.8,923.43,941.49,65420.0,934.831393
2026-04-20T23:12:08.685,90,88,GS260717C00680000,GS,2026-07-17,call,680.0,261.79,26.0,265.86,16.0,263.82500000000005,239.86,1.0,,,,,,,2026-04-20,925.96,941.8,923.43,941.49,65420.0,934.831393
2026-04-20T23:12:08.685,90,88,GS260717C00685000,GS,2026-07-17,call,685.0,262.24,27.0,263.92,16.0,263.08000000000004,158.66,5.0,,,,,,,2026-04-20,925.96,941.8,923.43,941.49,65420.0,934.831393
2026-04-20T23:12:08.685,90,88,GS260717C00690000,GS,2026-07-17,call,690.0,249.61,26.0,257.26,16.0,253.435,227.91,1.0,,,,,,,2026-04-20,925.96,941.8,923.43,941.49,65420.0,934.831393
2026-04-20T23:12:08.685,90,88,GS260717C00695000,GS,2026-07-17,call,695.0,248.25,31.0,253.78,21.0,251.015,217.15,1.0,,,,,,,2026-04-20,925.96,941.8,923.43,941.49,65420.0,934.831393
2026-04-20T23:12:08.685,90,88,GS260717C00700000,GS,2026-07-17,call,700.0,241.24,34.0,251.38,7.0,246.31,213.1,1.0,,,,,,,2026-04-20,925.96,941.8,923.43,941.49,65420.0,934.831393
2026-04-20T23:12:08.685,90,88,GS260717C00705000,GS,2026-07-17,call,705.0,241.09,26.0,249.67,6.0,245.38,151.25,1.0,0.338,0.9702,0.0004,-0.127,0.3129,1.6126,2026-04-20,925.96,941.8,923.43,941.49,65420.0,934.831393
2026-04-20T23:12:08.685,90,88,GS260717C00710000,GS,2026-07-17,call,710.0,232.13,23.0,244.66,19.0,238.39499999999998,224.2,1.0,,,,,,,2026-04-20,925.96,941.8,923.43,941.49,65420.0,934.831393
2026-04-20T23:12:08.685,90,88,GS260717C00715000,GS,2026-07-17,call,715.0,231.11,25.0,240.96,5.0,236.03500000000003,189.6,1.0,0.3408,0.963,0.0005,-0.1397,0.3746,1.6186,2026-04-20,925.96,941.8,923.43,941.49,65420.0,934.831393
2026-04-20T23:12:08.685,90,88,GS260717C00720000,GS,2026-07-17,call,720.0,226.19,19.0,231.18,25.0,228.685,194.75,1.0,0.2087,0.9971,0.0001,-0.0759,0.0407,1.714,2026-04-20,925.96,941.8,923.43,941.49,65420.0,934.831393
2026-04-20T23:12:08.685,90,88,GS260717C00725000,GS,2026-07-17,call,725.0,224.66,24.0,229.61,7.0,227.135,245.28,1.0,0.3506,0.9515,0.0006,-0.1597,0.4655,1.6141,2026-04-20,925.96,941.8,923.43,941.49,65420.0,934.831393
2026-04-20T23:12:08.685,90,88,GS260717C00730000,GS,2026-07-17,call,730.0,212.62,27.0,227.15,20.0,219.885,126.26,3.0,0.2804,0.9765,0.0004,-0.1109,0.2566,1.6883,2026-04-20,925.96,941.8,923.43,941.49,65420.0,934.831393
2026-04-20T23:12:08.685,90,88,GS260717C00735000,GS,2026-07-17,call,735.0,215.08,31.0,218.25,18.0,216.66500000000002,123.1,1.0,0.324,0.9551,0.0006,-0.1489,0.4376,1.6475,2026-04-20,925.96,941.8,923.43,941.49,65420.0,934.831393
2026-04-20T23:12:08.685,90,88,GS260717C00740000,GS,2026-07-17,call,740.0,211.62,21.0,211.82,16.0,211.72,137.95,1.0,0.3172,0.9541,0.0007,-0.149,0.4456,1.6571,2026-04-20,925.96,941.8,923.43,941.49,65420.0,934.831393
2026-04-20T23:12:08.685,90,88,GS260717C00745000,GS,2026-07-17,call,745.0,200.71,23.0,205.77,20.0,203.24,135.05,1.0,,,,,,,2026-04-20,925.96,941.8,923.43,941.49,65420.0,934.831393
2026-04-20T23:12:08.685,90,88,GS260717C00750000,GS,2026-07-17,call,750.0,197.89,27.0,208.28,18.0,203.08499999999998,186.22,1.0,0.3284,0.9395,0.0008,-0.1717,0.5546,1.6448,2026-04-20,925.96,941.8,923.43,941.49,65420.0,934.831393
2026-04-20T23:12:08.685,90,88,GS260717C00755000,GS,2026-07-17,call,755.0,192.24,24.0,197.96,20.0,195.10000000000002,146.7,1.0,0.2495,0.9739,0.0005,-0.112,0.2801,1.7422,2026-04-20,925.96,941.8,923.43,941.49,65420.0,934.831393
2026-04-20T23:12:08.685,90,88,GS260717C00760000,GS,2026-07-17,call,760.0,187.71,34.0,195.34,29.0,191.525,99.3,1.0,0.2813,0.9544,0.0007,-0.1416,0.4432,1.7065,2026-04-20,925.96,941.8,923.43,941.49,65420.0,934.831393
2026-04-20T23:12:08.685,90,88,GS260717C00765000,GS,2026-07-17,call,765.0,188.35,22.0,192.25,24.0,190.3,134.07,1.0,0.3388,0.9176,0.001,-0.2028,0.7034,1.6258,2026-04-20,925.96,941.8,923.43,941.49,65420.0,934.831393
2026-04-20T23:12:08.685,90,88,GS260717C00770000,GS,2026-07-17,call,770.0,178.03,26.0,190.76,31.0,184.39499999999998,129.0,4.0,0.3172,0.9237,0.001,-0.1882,0.6633,1.654,2026-04-20,925.96,941.8,923.43,941.49,65420.0,934.831393
2026-04-20T23:12:08.685,90,88,GS260717C00775000,GS,2026-07-17,call,775.0,179.77,27.0,183.91,38.0,181.84,100.3,3.0,0.3423,0.9031,0.0011,-0.2213,0.7937,1.6132,2026-04-20,925.96,941.8,923.43,941.49,65420.0,934.831393
2026-04-20T23:12:08.685,90,88,GS260717C00780000,GS,2026-07-17,call,780.0,169.78,30.0,176.95,33.0,173.365,124.29,1.0,0.285,0.9311,0.001,-0.1698,0.6139,1.6972,2026-04-20,925.96,941.8,923.43,941.49,65420.0,934.831393
2026-04-20T23:12:08.685,90,88,GS260717C00785000,GS,2026-07-17,call,785.0,170.56,36.0,173.42,28.0,171.99,106.0,1.0,0.327,0.8984,0.0012,-0.2201,0.8215,1.6263,2026-04-20,925.96,941.8,923.43,941.49,65420.0,934.831393
2026-04-20T23:12:08.685,90,88,GS260717C00790000,GS,2026-07-17,call,790.0,166.62,44.0,170.7,41.0,168.66,104.36,1.0,0.3377,0.8847,0.0012,-0.2391,0.8996,1.6033,2026-04-20,925.96,941.8,923.43,941.49,65420.0,934.831393
2026-04-20T23:12:08.685,90,88,GS260717C00795000,GS,2026-07-17,call,795.0,158.19,24.0,164.72,18.0,161.45499999999998,132.55,5.0,0.3035,0.8987,0.0013,-0.2099,0.8198,1.6524,2026-04-20,925.96,941.8,923.43,941.49,65420.0,934.831393
2026-04-20T23:12:08.685,90,88,GS260717C00800000,GS,2026-07-17,call,800.0,158.26,34.0,160.91,27.0,159.58499999999998,142.74,10.0,0.33,0.874,0.0014,-0.246,0.9577,1.6008,2026-04-20,925.96,941.8,923.43,941.49,65420.0,934.831393
2026-04-20T23:12:08.685,90,88,GS260717C00805000,GS,2026-07-17,call,805.0,150.23,21.0,155.49,28.0,152.86,107.34,1.0,0.3028,0.8835,0.0014,-0.2239,0.9064,1.6386,2026-04-20,925.96,941.8,923.43,941.49,65420.0,934.831393
2026-04-20T23:12:08.685,90,88,GS260717C00810000,GS,2026-07-17,call,810.0,149.48,29.0,156.23,34.0,152.855,126.36,1.0,0.3439,0.8491,0.0015,-0.2764,1.0832,1.5604,2026-04-20,925.96,941.8,923.43,941.49,65420.0,934.831393
2026-04-20T23:12:08.685,90,88,GS260717C00815000,GS,2026-07-17,call,815.0,143.51,25.0,147.97,33.0,145.74,105.02,2.0,0.3148,0.8584,0.0015,-0.252,1.038,1.5987,2026-04-20,925.96,941.8,923.43,941.49,65420.0,934.831393
2026-04-20T23:12:08.685,90,88,GS260717C00820000,GS,2026-07-17,call,820.0,142.13,28.0,144.39,33.0,143.26,138.26,1.0,0.329,0.8403,0.0016,-0.275,1.1243,1.5637,2026-04-20,925.96,941.8,923.43,941.49,65420.0,934.831393
2026-04-20T23:12:08.685,90,88,GS260717C00825000,GS,2026-07-17,call,825.0,135.33,13.0,143.49,30.0,139.41000000000003,122.5,2.0,0.3297,0.8306,0.0017,-0.2831,1.1682,1.5509,2026-04-20,925.96,941.8,923.43,941.49,65420.0,934.831393
2026-04-20T23:12:08.685,90,88,GS260717C00830000,GS,2026-07-17,call,830.0,132.82,23.0,134.34,35.0,133.57999999999998,96.45,2.0,0.3132,0.8313,0.0017,-0.2723,1.1651,1.5665,2026-04-20,925.96,941.8,923.43,941.49,65420.0,934.831393
2026-04-20T23:12:08.685,90,88,GS260717C00835000,GS,2026-07-17,call,835.0,125.08,33.0,133.73,38.0,129.405,78.95,1.0,0.3108,0.8228,0.0018,-0.2769,1.2021,1.5573,2026-04-20,925.96,941.8,923.43,941.49,65420.0,934.831393
2026-04-20T23:12:08.685,90,88,GS260717C00840000,GS,2026-07-17,call,840.0,122.02,28.0,129.259,39.0,125.6395,114.0,1.0,0.3114,0.8121,0.0019,-0.2846,1.247,1.542,2026-04-20,925.96,941.8,923.43,941.49,65420.0,934.831393
2026-04-20T23:12:08.685,90,88,GS260717C00845000,GS,2026-07-17,call,845.0,119.16,30.0,127.29,37.0,123.225,88.45,9.0,0.3218,0.7951,0.0019,-0.3029,1.3141,1.5093,2026-04-20,925.96,941.8,923.43,941.49,65420.0,934.831393
2026-04-20T23:12:08.685,90,88,GS260717C00850000,GS,2026-07-17,call,850.0,114.25,23.0,122.25,41.0,118.25,109.22,1.0,0.3122,0.79,0.002,-0.2991,1.3333,1.5097,2026-04-20,925.96,941.8,923.43,941.49,65420.0,934.831393
2026-04-20T23:12:08.685,90,88,GS260717C00855000,GS,2026-07-17,call,855.0,109.11,91.0,115.73,86.0,112.42,113.06,5.0,0.2961,0.7887,0.0021,-0.2883,1.3384,1.5207,2026-04-20,925.96,941.8,923.43,941.49,65420.0,934.831393
2026-04-20T23:12:08.685,90,88,GS260717C00860000,GS,2026-07-17,call,860.0,108.59,27.0,114.1,28.0,111.345,97.03,1.0,0.3145,0.766,0.0021,-0.3145,1.4183,1.4719,2026-04-20,925.96,941.8,923.43,941.49,65420.0,934.831393
2026-04-20T23:12:08.685,90,88,GS260717C00865000,GS,2026-07-17,call,865.0,104.48,21.0,107.98,25.0,106.23,94.24,1.0,0.3035,0.7605,0.0022,-0.3088,1.4367,1.4716,2026-04-20,925.96,941.8,923.43,941.49,65420.0,934.831393
2026-04-20T23:12:08.685,90,88,GS260717C00870000,GS,2026-07-17,call,870.0,101.03,116.0,104.92,46.0,102.975,100.0,2.0,0.3051,0.7474,0.0023,-0.3164,1.4783,1.4498,2026-04-20,925.96,941.8,923.43,941.49,65420.0,934.831393
2026-04-20T23:12:08.685,90,88,GS260717C00875000,GS,2026-07-17,call,875.0,97.42,32.0,100.8,33.0,99.11,87.89,1.0,0.3022,0.7366,0.0023,-0.3189,1.5109,1.4344,2026-04-20,925.96,941.8,923.43,941.49,65420.0,934.831393
2026-04-20T23:12:08.685,90,88,GS260717C00880000,GS,2026-07-17,call,880.0,95.17,114.0,100.22,58.0,97.695,92.0,2.0,0.3147,0.7179,0.0023,-0.3374,1.563,1.3955,2026-04-20,925.96,941.8,923.43,941.49,65420.0,934.831393
2026-04-20T23:12:08.685,90,88,GS260717C00885000,GS,2026-07-17,call,885.0,90.92,57.0,96.11,49.0,93.515,82.02,1.0,0.3089,0.7079,0.0024,-0.3363,1.589,1.3828,2026-04-20,925.96,941.8,923.43,941.49,65420.0,934.831393
2026-04-20T23:12:08.685,90,88,GS260717C00900000,GS,2026-07-17,call,900.0,82.03,103.0,86.35,92.0,84.19,78.5,1.0,0.3095,0.6686,0.0025,-0.3497,1.6784,1.316,2026-04-20,925.96,941.8,923.43,941.49,65420.0,934.831393
2026-04-20T23:12:08.685,90,88,GS260717C00920000,GS,2026-07-17,call,920.0,69.66,135.0,74.61,108.0,72.13499999999999,67.0,2.0,0.3067,0.6151,0.0027,-0.359,1.7684,1.2235,2026-04-20,925.96,941.8,923.43,941.49,65420.0,934.831393
2026-04-20T23:12:08.685,90,88,GS260717C00940000,GS,2026-07-17,call,940.0,57.15,142.0,61.9,8.0,59.525,60.0,10.0,0.295,0.5596,0.0029,-0.3527,1.8252,1.1278,2026-04-20,925.96,941.8,923.43,941.49,65420.0,934.831393
2026-04-20T23:12:08.685,90,88,GS260717C00960000,GS,2026-07-17,call,960.0,47.63,96.0,51.96,134.0,49.795,49.75,1.0,0.2931,0.5015,0.0029,-0.3497,1.8458,1.0192,2026-04-20,925.96,941.8,923.43,941.49,65420.0,934.831393
2026-04-20T23:12:08.685,90,88,GS260717C00980000,GS,2026-07-17,call,980.0,40.56,9.0,42.03,111.0,41.295,38.38,5.0,0.2917,0.444,0.0029,-0.3406,1.8276,0.9091,2026-04-20,925.96,941.8,923.43,941.49,65420.0,934.831393
2026-04-20T23:12:08.685,90,88,GS260717C01000000,GS,2026-07-17,call,1000.0,32.729,11.0,35.18,64.0,33.954499999999996,33.48,1.0,0.2907,0.3884,0.0028,-0.3261,1.7732,0.8006,2026-04-20,925.96,941.8,923.43,941.49,65420.0,934.831393
2026-04-20T23:12:08.685,90,88,GS260717C01020000,GS,2026-07-17,call,1020.0,23.88,137.0,29.29,86.0,26.585,22.71,147.0,0.2835,0.3312,0.0028,-0.2988,1.6781,0.6884,2026-04-20,925.96,941.8,923.43,941.49,65420.0,934.831393
2026-04-20T23:12:08.685,90,88,GS260717C01040000,GS,2026-07-17,call,1040.0,20.32,49.0,22.04,81.0,21.18,16.37,2.0,0.2818,0.2809,0.0026,-0.2741,1.5598,0.587,2026-04-20,925.96,941.8,923.43,941.49,65420.0,934.831393
2026-04-20T23:12:08.685,90,88,GS260717C01060000,GS,2026-07-17,call,1060.0,15.62,79.0,18.09,117.0,16.855,16.5,1.0,0.2814,0.2361,0.0024,-0.2485,1.4254,0.4957,2026-04-20,925.96,941.8,923.43,941.49,65420.0,934.831393
2026-04-20T23:12:08.685,90,88,GS260717C01080000,GS,2026-07-17,call,1080.0,11.75,115.0,13.81,112.0,12.780000000000001,11.95,1.0,0.2771,0.1922,0.0021,-0.2159,1.2645,0.4058,2026-04-20,925.96,941.8,923.43,941.49,65420.0,934.831393
2026-04-20T23:12:08.685,90,88,GS260717C01100000,GS,2026-07-17,call,1100.0,8.51,114.0,11.02,115.0,9.765,9.5,1.0,0.2752,0.1557,0.0019,-0.1866,1.1057,0.3301,2026-04-20,925.96,941.8,923.43,941.49,65420.0,934.831393
2026-04-20T23:12:08.685,90,88,GS260717C01120000,GS,2026-07-17,call,1120.0,6.56,105.0,8.32,88.0,7.4399999999999995,7.25,6.0,0.2742,0.125,0.0016,-0.1595,0.9525,0.2661,2026-04-20,925.96,941.8,923.43,941.49,65420.0,934.831393
2026-04-20T23:12:08.685,90,88,GS260717C01140000,GS,2026-07-17,call,1140.0,5.14,58.0,6.61,83.0,5.875,5.6,1.0,0.2766,0.1021,0.0014,-0.1385,0.8242,0.2177,2026-04-20,925.96,941.8,923.43,941.49,65420.0,934.831393
2026-04-20T23:12:08.685,90,88,GS260717C01160000,GS,2026-07-17,call,1160.0,2.89,154.0,4.81,54.0,3.8499999999999996,4.0,1.0,0.2673,0.0734,0.0011,-0.1044,0.6443,0.1575,2026-04-20,925.96,941.8,923.43,941.49,65420.0,934.831393
2026-04-20T23:12:08.685,90,88,GS260717C01180000,GS,2026-07-17,call,1180.0,1.99,77.0,4.07,52.0,3.0300000000000002,2.59,2.0,0.2705,0.0592,0.0009,-0.0891,0.5456,0.1273,2026-04-20,925.96,941.8,923.43,941.49,65420.0,934.831393
2026-04-20T23:12:08.685,90,88,GS260717C01200000,GS,2026-07-17,call,1200.0,1.65,159.0,2.75,43.0,2.2,2.65,1.0,0.2694,0.045,0.0008,-0.0712,0.4389,0.097,2026-04-20,925.96,941.8,923.43,941.49,65420.0,934.831393
2026-04-20T23:12:08.685,90,88,GS260717C01220000,GS,2026-07-17,call,1220.0,1.07,109.0,2.69,19.0,1.88,1.2,1.0,0.2766,0.0384,0.0007,-0.0641,0.3858,0.0828,2026-04-20,925.96,941.8,923.43,941.49,65420.0,934.831393
2026-04-20T23:12:08.685,90,88,GS260717C01240000,GS,2026-07-17,call,1240.0,0.72,68.0,2.64,33.0,1.6800000000000002,1.33,1.0,0.2854,0.0339,0.0006,-0.0595,0.3483,0.073,2026-04-20,925.96,941.8,923.43,941.49,65420.0,934.831393
2026-04-20T23:12:08.685,90,88,GS260717C01260000,GS,2026-07-17,call,1260.0,0.33,36.0,2.27,35.0,1.3,0.9,8.0,0.2871,0.0269,0.0005,-0.0493,0.2876,0.058,2026-04-20,925.96,941.8,923.43,941.49,65420.0,934.831393
2026-04-20T23:12:08.685,90,88,GS260717C01270000,GS,2026-07-17,call,1270.0,0.04,36.0,2.17,44.0,1.105,1.54,1.0,0.2864,0.0233,0.0004,-0.0436,0.2552,0.0504,2026-04-20,925.96,941.8,923.43,941.49,65420.0,934.831393
2026-04-20T23:12:08.685,90,88,GS260717C01280000,GS,2026-07-17,call,1280.0,0.06,35.0,1.98,37.0,1.02,0.52,1.0,0.2894,0.0215,0.0004,-0.0412,0.2386,0.0465,2026-04-20,925.96,941.8,923.43,941.49,65420.0,934.831393
2026-04-20T23:12:08.685,90,88,GS260717C01290000,GS,2026-07-17,call,1290.0,0.0,0.0,2.09,38.0,1.045,4.91,9.0,,,,,,,2026-04-20,925.96,941.8,923.43,941.49,65420.0,934.831393
2026-04-20T23:12:08.685,90,88,GS260717C01300000,GS,2026-07-17,call,1300.0,0.0,0.0,2.41,37.0,1.205,0.93,1.0,,,,,,,2026-04-20,925.96,941.8,923.43,941.49,65420.0,934.831393
2026-04-20T23:12:08.685,90,88,GS260717C01310000,GS,2026-07-17,call,1310.0,0.0,0.0,3.07,36.0,1.535,1.43,1.0,,,,,,,2026-04-20,925.96,941.8,923.43,941.49,65420.0,934.831393
2026-04-20T23:12:08.685,90,88,GS260717C01320000,GS,2026-07-17,call,1320.0,0.0,0.0,1.81,38.0,0.905,3.75,1.0,,,,,,,2026-04-20,925.96,941.8,923.43,941.49,65420.0,934.831393
2026-04-20T23:12:08.685,90,88,GS260717C01330000,GS,2026-07-17,call,1330.0,0.0,0.0,1.79,44.0,0.895,1.22,1.0,,,,,,,2026-04-20,925.96,941.8,923.43,941.49,65420.0,934.831393
2026-04-20T23:12:08.685,90,88,GS260717C01340000,GS,2026-07-17,call,1340.0,0.0,0.0,1.72,35.0,0.86,1.29,1.0,,,,,,,2026-04-20,925.96,941.8,923.43,941.49,65420.0,934.831393
2026-04-20T23:12:08.685,90,88,GS260717C01350000,GS,2026-07-17,call,1350.0,0.0,0.0,1.9,39.0,0.95,1.21,1.0,,,,,,,2026-04-20,925.96,941.8,923.43,941.49,65420.0,934.831393
2026-04-20T23:12:08.685,90,88,GS260717C01360000,GS,2026-07-17,call,1360.0,0.0,0.0,1.61,37.0,0.805,4.6,1.0,,,,,,,2026-04-20,925.96,941.8,923.43,941.49,65420.0,934.831393
2026-04-20T23:12:08.685,90,88,GS260717C01370000,GS,2026-07-17,call,1370.0,0.0,0.0,2.04,39.0,1.02,0.19,50.0,,,,,,,2026-04-20,925.96,941.8,923.43,941.49,65420.0,934.831393
2026-04-20T23:12:08.685,90,88,GS260717C01380000,GS,2026-07-17,call,1380.0,0.0,0.0,4.56,41.0,2.28,3.35,1.0,,,,,,,2026-04-20,925.96,941.8,923.43,941.49,65420.0,934.831393
2026-04-20T23:12:08.685,90,88,GS260717C01390000,GS,2026-07-17,call,1390.0,0.0,0.0,4.47,1.0,2.235,3.04,1.0,,,,,,,2026-04-20,925.96,941.8,923.43,941.49,65420.0,934.831393
2026-04-20T23:12:08.685,90,88,GS260717C01400000,GS,2026-07-17,call,1400.0,0.0,0.0,4.53,1.0,2.265,0.25,1.0,,,,,,,2026-04-20,925.96,941.8,923.43,941.49,65420.0,934.831393
2026-04-20T23:12:08.685,90,88,GS260717C01410000,GS,2026-07-17,call,1410.0,0.0,0.0,4.59,1.0,2.295,1.68,1.0,,,,,,,2026-04-20,925.96,941.8,923.43,941.49,65420.0,934.831393
2026-04-20T23:12:08.685,90,88,GS260717C01420000,GS,2026-07-17,call,1420.0,0.0,0.0,4.56,1.0,2.28,1.79,5.0,,,,,,,2026-04-20,925.96,941.8,923.43,941.49,65420.0,934.831393
2026-04-20T23:12:08.685,90,88,GS260717C01430000,GS,2026-07-17,call,1430.0,0.0,0.0,4.43,5.0,2.215,2.0,1.0,,,,,,,2026-04-20,925.96,941.8,923.43,941.49,65420.0,934.831393
2026-04-20T23:12:08.685,90,88,GS260717C01440000,GS,2026-07-17,call,1440.0,0.0,0.0,4.36,1.0,2.18,2.11,1.0,,,,,,,2026-04-20,925.96,941.8,923.43,941.49,65420.0,934.831393
2026-04-20T23:12:08.685,90,88,GS260717P00440000,GS,2026-07-17,put,440.0,0.0,0.0,4.33,1.0,2.165,0.27,1.0,,,,,,,2026-04-20,925.96,941.8,923.43,941.49,65420.0,934.831393
2026-04-20T23:12:08.685,90,88,GS260717P00450000,GS,2026-07-17,put,450.0,0.0,0.0,0.32,10.0,0.16,0.39,1.0,,,,,,,2026-04-20,925.96,941.8,923.43,941.49,65420.0,934.831393
2026-04-20T23:12:08.685,90,88,GS260717P00460000,GS,2026-07-17,put,460.0,0.0,0.0,4.27,1.0,2.135,2.58,1.0,,,,,,,2026-04-20,925.96,941.8,923.43,941.49,65420.0,934.831393
2026-04-20T23:12:08.685,90,88,GS260717P00470000,GS,2026-07-17,put,470.0,0.0,0.0,4.36,1.0,2.18,0.99,3.0,,,,,,,2026-04-20,925.96,941.8,923.43,941.49,65420.0,934.831393
2026-04-20T23:12:08.685,90,88,GS260717P00480000,GS,2026-07-17,put,480.0,0.0,0.0,4.38,1.0,2.19,3.3,1.0,,,,,,,2026-04-20,925.96,941.8,923.43,941.49,65420.0,934.831393
2026-04-20T23:12:08.685,90,88,GS260717P00490000,GS,2026-07-17,put,490.0,0.0,0.0,4.47,1.0,2.235,4.63,1.0,,,,,,,2026-04-20,925.96,941.8,923.43,941.49,65420.0,934.831393
2026-04-20T23:12:08.685,90,88,GS260717P00500000,GS,2026-07-17,put,500.0,0.0,0.0,1.63,25.0,0.815,3.32,1.0,,,,,,,2026-04-20,925.96,941.8,923.43,941.49,65420.0,934.831393
2026-04-20T23:12:08.685,90,88,GS260717P00520000,GS,2026-07-17,put,520.0,0.0,0.0,4.6,1.0,2.3,0.45,1.0,,,,,,,2026-04-20,925.96,941.8,923.43,941.49,65420.0,934.831393
2026-04-20T23:12:08.685,90,88,GS260717P00540000,GS,2026-07-17,put,540.0,0.0,0.0,1.59,44.0,0.795,7.8,3.0,,,,,,,2026-04-20,925.96,941.8,923.43,941.49,65420.0,934.831393
2026-04-20T23:12:08.685,90,88,GS260717P00560000,GS,2026-07-17,put,560.0,0.01,10.0,1.43,48.0,0.72,1.62,1.0,0.4793,-0.009,0.0001,-0.0297,0.1123,-0.0222,2026-04-20,925.96,941.8,923.43,941.49,65420.0,934.831393
2026-04-20T23:12:08.685,90,88,GS260717P00580000,GS,2026-07-17,put,580.0,0.0,0.0,1.77,91.0,0.885,1.08,1.0,,,,,,,2026-04-20,925.96,941.8,923.43,941.49,65420.0,934.831393
2026-04-20T23:12:08.685,90,88,GS260717P00600000,GS,2026-07-17,put,600.0,0.77,104.0,1.77,120.0,1.27,1.1,1.0,0.4588,-0.0156,0.0002,-0.0456,0.1809,-0.0384,2026-04-20,925.96,941.8,923.43,941.49,65420.0,934.831393
2026-04-20T23:12:08.685,90,88,GS260717P00620000,GS,2026-07-17,put,620.0,0.73,59.0,2.23,80.0,1.48,1.9,3.0,0.4403,-0.0185,0.0002,-0.0507,0.2101,-0.0457,2026-04-20,925.96,941.8,923.43,941.49,65420.0,934.831393
2026-04-20T23:12:08.685,90,88,GS260717P00640000,GS,2026-07-17,put,640.0,1.78,55.0,2.94,114.0,2.36,2.0,1.0,0.4458,-0.0276,0.0003,-0.0716,0.2939,-0.0684,2026-04-20,925.96,941.8,923.43,941.49,65420.0,934.831393
2026-04-20T23:12:08.685,90,88,GS260717P00660000,GS,2026-07-17,put,660.0,1.64,64.0,3.21,80.0,2.425,3.55,5.0,0.4181,-0.03,0.0004,-0.0718,0.3152,-0.0741,2026-04-20,925.96,941.8,923.43,941.49,65420.0,934.831393
2026-04-20T23:12:08.685,90,88,GS260717P00680000,GS,2026-07-17,put,680.0,2.28,58.0,4.63,116.0,3.455,6.2,3.0,0.4167,-0.041,0.0005,-0.092,0.4064,-0.1014,2026-04-20,925.96,941.8,923.43,941.49,65420.0,934.831393
2026-04-20T23:12:08.685,90,88,GS260717P00685000,GS,2026-07-17,put,685.0,2.54,60.0,4.88,118.0,3.71,3.69,3.0,0.4152,-0.0437,0.0005,-0.0965,0.4283,-0.1082,2026-04-20,925.96,941.8,923.43,941.49,65420.0,934.831393
2026-04-20T23:12:08.685,90,88,GS260717P00690000,GS,2026-07-17,put,690.0,3.65,48.0,4.92,140.0,4.285,4.0,3.0,0.4203,-0.0489,0.0005,-0.1069,0.4686,-0.1214,2026-04-20,925.96,941.8,923.43,941.49,65420.0,934.831393
2026-04-20T23:12:08.685,90,88,GS260717P00695000,GS,2026-07-17,put,695.0,3.83,63.0,5.19,129.0,4.51,4.1,1.0,0.4172,-0.0514,0.0005,-0.1104,0.4879,-0.1277,2026-04-20,925.96,941.8,923.43,941.49,65420.0,934.831393
2026-04-20T23:12:08.685,90,88,GS260717P00700000,GS,2026-07-17,put,700.0,4.059,76.0,5.57,133.0,4.814500000000001,4.69,1.0,0.4155,-0.0546,0.0006,-0.1151,0.5114,-0.1356,2026-04-20,925.96,941.8,923.43,941.49,65420.0,934.831393
2026-04-20T23:12:08.685,90,88,GS260717P00705000,GS,2026-07-17,put,705.0,3.68,91.0,5.87,128.0,4.775,4.8,5.0,0.4069,-0.0552,0.0006,-0.1137,0.5164,-0.137,2026-04-20,925.96,941.8,923.43,941.49,65420.0,934.831393
2026-04-20T23:12:08.685,90,88,GS260717P00710000,GS,2026-07-17,put,710.0,3.65,62.0,6.53,115.0,5.09,5.1,1.0,0.405,-0.0586,0.0006,-0.1184,0.5407,-0.1453,2026-04-20,925.96,941.8,923.43,941.49,65420.0,934.831393
2026-04-20T23:12:08.685,90,88,GS260717P00715000,GS,2026-07-17,put,715.0,4.07,33.0,6.78,77.0,5.425000000000001,10.25,30.0,0.4032,-0.0621,0.0007,-0.1232,0.5659,-0.1541,2026-04-20,925.96,941.8,923.43,941.49,65420.0,934.831393
2026-04-20T23:12:08.685,90,88,GS260717P00720000,GS,2026-07-17,put,720.0,4.68,24.0,7.1,65.0,5.89,7.75,1.0,0.4033,-0.0665,0.0007,-0.13,0.5972,-0.1653,2026-04-20,925.96,941.8,923.43,941.49,65420.0,934.831393
2026-04-20T23:12:08.685,90,88,GS260717P00725000,GS,2026-07-17,put,725.0,5.61,23.0,7.6,65.0,6.605,8.43,1.0,0.4068,-0.0726,0.0007,-0.1402,0.6392,-0.181,2026-04-20,925.96,941.8,923.43,941.49,65420.0,934.831393
2026-04-20T23:12:08.685,90,88,GS260717P00730000,GS,2026-07-17,put,730.0,5.99,67.0,7.91,106.0,6.95,6.6,1.0,0.404,-0.0763,0.0008,-0.1444,0.6635,-0.1901,2026-04-20,925.96,941.8,923.43,941.49,65420.0,934.831393
2026-04-20T23:12:08.685,90,88,GS260717P00735000,GS,2026-07-17,put,735.0,6.43,87.0,8.36,133.0,7.395,7.0,1.0,0.4024,-0.0806,0.0008,-0.1498,0.6919,-0.201,2026-04-20,925.96,941.8,923.43,941.49,65420.0,934.831393
2026-04-20T23:12:08.685,90,88,GS260717P00740000,GS,2026-07-17,put,740.0,6.52,47.0,8.76,105.0,7.64,9.4,1.0,0.3976,-0.0837,0.0008,-0.1522,0.7119,-0.2086,2026-04-20,925.96,941.8,923.43,941.49,65420.0,934.831393
2026-04-20T23:12:08.685,90,88,GS260717P00745000,GS,2026-07-17,put,745.0,6.98,85.0,9.19,104.0,8.085,10.18,1.0,0.3955,-0.0882,0.0009,-0.1572,0.74,-0.2198,2026-04-20,925.96,941.8,923.43,941.49,65420.0,934.831393
2026-04-20T23:12:08.685,90,88,GS260717P00750000,GS,2026-07-17,put,750.0,7.53,100.0,9.47,157.0,8.5,8.45,1.0,0.3928,-0.0925,0.0009,-0.1615,0.7667,-0.2306,2026-04-20,925.96,941.8,923.43,941.49,65420.0,934.831393
2026-04-20T23:12:08.685,90,88,GS260717P00755000,GS,2026-07-17,put,755.0,7.88,72.0,10.55,86.0,9.215,15.1,15.0,0.3935,-0.0987,0.001,-0.1696,0.8042,-0.2464,2026-04-20,925.96,941.8,923.43,941.49,65420.0,934.831393
2026-04-20T23:12:08.685,90,88,GS260717P00760000,GS,2026-07-17,put,760.0,8.85,1.0,10.84,82.0,9.844999999999999,9.65,1.0,0.3927,-0.1044,0.001,-0.1761,0.8377,-0.2608,2026-04-20,925.96,941.8,923.43,941.49,65420.0,934.831393
2026-04-20T23:12:08.685,90,88,GS260717P00765000,GS,2026-07-17,put,765.0,8.98,45.0,10.97,113.0,9.975000000000001,9.95,1.0,0.3857,-0.1072,0.001,-0.1761,0.8539,-0.2676,2026-04-20,925.96,941.8,923.43,941.49,65420.0,934.831393
2026-04-20T23:12:08.685,90,88,GS260717P00770000,GS,2026-07-17,put,770.0,9.64,91.0,10.39,8.0,10.015,10.2,1.0,0.3777,-0.1096,0.0011,-0.1748,0.8675,-0.273,2026-04-20,925.96,941.8,923.43,941.49,65420.0,934.831393
2026-04-20T23:12:08.685,90,88,GS260717P00775000,GS,2026-07-17,put,775.0,10.14,83.0,12.06,152.0,11.100000000000001,11.0,1.0,0.3813,-0.1181,0.0011,-0.1861,0.9153,-0.2951,2026-04-20,925.96,941.8,923.43,941.49,65420.0,934.831393
2026-04-20T23:12:08.685,90,88,GS260717P00780000,GS,2026-07-17,put,780.0,10.96,44.0,13.26,73.0,12.11,15.45,1.0,0.3834,-0.1261,0.0012,-0.1957,0.9585,-0.3158,2026-04-20,925.96,941.8,923.43,941.49,65420.0,934.831393
2026-04-20T23:12:08.685,90,88,GS260717P00785000,GS,2026-07-17,put,785.0,11.2,81.0,13.88,93.0,12.54,18.1,5.0,0.3791,-0.131,0.0012,-0.1984,0.9841,-0.3279,2026-04-20,925.96,941.8,923.43,941.49,65420.0,934.831393
2026-04-20T23:12:08.685,90,88,GS260717P00790000,GS,2026-07-17,put,790.0,11.51,78.0,13.77,110.0,12.64,12.9,2.0,0.3713,-0.1343,0.0013,-0.1972,1.0009,-0.3355,2026-04-20,925.96,941.8,923.43,941.49,65420.0,934.831393
2026-04-20T23:12:08.685,90,88,GS260717P00795000,GS,2026-07-17,put,795.0,12.83,62.0,14.8,120.0,13.815000000000001,13.7,1.0,0.3739,-0.1433,0.0013,-0.2074,1.0462,-0.3589,2026-04-20,925.96,941.8,923.43,941.49,65420.0,934.831393
2026-04-20T23:12:08.685,90,88,GS260717P00800000,GS,2026-07-17,put,800.0,13.28,108.0,15.49,117.0,14.385,14.65,1.0,0.3703,-0.1492,0.0014,-0.2107,1.0751,-0.3737,2026-04-20,925.96,941.8,923.43,941.49,65420.0,934.831393
2026-04-20T23:12:08.685,90,88,GS260717P00805000,GS,2026-07-17,put,805.0,14.07,67.0,16.8,109.0,15.435,16.75,2.0,0.3708,-0.1576,0.0014,-0.2185,1.1148,-0.3953,2026-04-20,925.96,941.8,923.43,941.49,65420.0,934.831393
2026-04-20T23:12:08.685,90,88,GS260717P00810000,GS,2026-07-17,put,810.0,15.43,57.0,16.57,75.0,16.0,16.18,1.0,0.3666,-0.1637,0.0015,-0.221,1.1428,-0.4106,2026-04-20,925.96,941.8,923.43,941.49,65420.0,934.831393
2026-04-20T23:12:08.685,90,88,GS260717P00815000,GS,2026-07-17,put,815.0,14.99,104.0,19.1,138.0,17.045,18.35,2.0,0.3664,-0.1722,0.0015,-0.2278,1.1804,-0.4323,2026-04-20,925.96,941.8,923.43,941.49,65420.0,934.831393
2026-04-20T23:12:08.685,90,88,GS260717P00820000,GS,2026-07-17,put,820.0,16.35,77.0,19.03,98.0,17.69,19.61,1.0,0.3624,-0.1789,0.0016,-0.2304,1.2094,-0.4491,2026-04-20,925.96,941.8,923.43,941.49,65420.0,934.831393
2026-04-20T23:12:08.685,90,88,GS260717P00825000,GS,2026-07-17,put,825.0,16.63,50.0,20.03,80.0,18.33,26.0,3.0,0.3582,-0.1857,0.0016,-0.2327,1.2381,-0.4661,2026-04-20,925.96,941.8,923.43,941.49,65420.0,934.831393
2026-04-20T23:12:08.685,90,88,GS260717P00830000,GS,2026-07-17,put,830.0,18.77,17.0,19.85,74.0,19.310000000000002,19.68,2.0,0.3565,-0.1942,0.0017,-0.2375,1.2723,-0.4877,2026-04-20,925.96,941.8,923.43,941.49,65420.0,934.831393
2026-04-20T23:12:08.685,90,88,GS260717P00835000,GS,2026-07-17,put,835.0,19.6,70.0,20.95,84.0,20.275,21.21,1.0,0.3544,-0.2026,0.0017,-0.2417,1.3055,-0.5092,2026-04-20,925.96,941.8,923.43,941.49,65420.0,934.831393
2026-04-20T23:12:08.685,90,88,GS260717P00840000,GS,2026-07-17,put,840.0,20.21,147.0,22.44,110.0,21.325000000000003,22.0,1.0,0.3526,-0.2115,0.0018,-0.2462,1.3391,-0.5319,2026-04-20,925.96,941.8,923.43,941.49,65420.0,934.831393
2026-04-20T23:12:08.685,90,88,GS260717P00845000,GS,2026-07-17,put,845.0,21.44,108.0,22.85,110.0,22.145000000000003,23.2,1.0,0.3488,-0.2196,0.0018,-0.2483,1.3687,-0.5524,2026-04-20,925.96,941.8,923.43,941.49,65420.0,934.831393
2026-04-20T23:12:08.685,90,88,GS260717P00850000,GS,2026-07-17,put,850.0,22.68,119.0,26.64,110.0,24.66,24.96,3.0,0.3568,-0.2338,0.0019,-0.2629,1.4179,-0.5907,2026-04-20,925.96,941.8,923.43,941.49,65420.0,934.831393
2026-04-20T23:12:08.685,90,88,GS260717P00855000,GS,2026-07-17,put,855.0,22.86,133.0,27.09,145.0,24.975,25.65,1.0,0.3488,-0.2405,0.0019,-0.2602,1.44,-0.6066,2026-04-20,925.96,941.8,923.43,941.49,65420.0,934.831393
2026-04-20T23:12:08.685,90,88,GS260717P00860000,GS,2026-07-17,put,860.0,24.06,149.0,26.53,121.0,25.295,26.99,3.0,0.3407,-0.2475,0.002,-0.2573,1.4624,-0.6232,2026-04-20,925.96,941.8,923.43,941.49,65420.0,934.831393
2026-04-20T23:12:08.685,90,88,GS260717P00865000,GS,2026-07-17,put,865.0,26.38,48.0,30.23,95.0,28.305,32.34,1.0,0.3506,-0.2629,0.002,-0.273,1.5094,-0.6655,2026-04-20,925.96,941.8,923.43,941.49,65420.0,934.831393
2026-04-20T23:12:08.685,90,88,GS260717P00870000,GS,2026-07-17,put,870.0,26.7,182.0,31.95,146.0,29.325,30.17,1.0,0.3466,-0.2723,0.0021,-0.274,1.5364,-0.6894,2026-04-20,925.96,941.8,923.43,941.49,65420.0,934.831393
2026-04-20T23:12:08.685,90,88,GS260717P00875000,GS,2026-07-17,put,875.0,27.84,49.0,32.39,76.0,30.115000000000002,42.33,1.0,0.341,-0.2814,0.0021,-0.2729,1.5611,-0.7118,2026-04-20,925.96,941.8,923.43,941.49,65420.0,934.831393
2026-04-20T23:12:08.685,90,88,GS260717P00880000,GS,2026-07-17,put,880.0,30.56,72.0,32.36,108.0,31.46,31.53,5.0,0.3386,-0.2921,0.0022,-0.2751,1.589,-0.7394,2026-04-20,925.96,941.8,923.43,941.49,65420.0,934.831393
2026-04-20T23:12:08.685,90,88,GS260717P00885000,GS,2026-07-17,put,885.0,32.77,52.0,33.62,57.0,33.195,32.9,10.0,0.3384,-0.3038,0.0022,-0.2791,1.6178,-0.7702,2026-04-20,925.96,941.8,923.43,941.49,65420.0,934.831393
2026-04-20T23:12:08.685,90,88,GS260717P00900000,GS,2026-07-17,put,900.0,36.97,6.0,39.61,24.0,38.29,37.87,10.0,0.3348,-0.3391,0.0024,-0.2864,1.6935,-0.8626,2026-04-20,925.96,941.8,923.43,941.49,65420.0,934.831393
2026-04-20T23:12:08.685,90,88,GS260717P00920000,GS,2026-07-17,put,920.0,43.76,153.0,47.14,104.0,45.45,48.12,16.0,0.3274,-0.3882,0.0025,-0.2887,1.7728,-0.9915,2026-04-20,925.96,941.8,923.43,941.49,65420.0,934.831393
2026-04-20T23:12:08.685,90,88,GS260717P00940000,GS,2026-07-17,put,940.0,52.33,114.0,57.89,122.0,55.11,56.06,1.0,0.3285,-0.4403,0.0026,-0.2936,1.8251,-1.1331,2026-04-20,925.96,941.8,923.43,941.49,65420.0,934.831393
2026-04-20T23:12:08.685,90,88,GS260717P00960000,GS,2026-07-17,put,960.0,62.98,116.0,67.99,125.0,65.485,67.5,2.0,0.3277,-0.4922,0.0026,-0.2907,1.8455,-1.2762,2026-04-20,925.96,941.8,923.43,941.49,65420.0,934.831393
2026-04-20T23:12:08.685,90,88,GS260717P00980000,GS,2026-07-17,put,980.0,72.16,134.0,79.64,128.0,75.9,82.75,5.0,0.3217,-0.5453,0.0027,-0.2762,1.8339,-1.4218,2026-04-20,925.96,941.8,923.43,941.49,65420.0,934.831393
2026-04-20T23:12:08.685,90,88,GS260717P01000000,GS,2026-07-17,put,1000.0,84.49,117.0,89.47,70.0,86.97999999999999,88.75,1.0,0.3136,-0.5994,0.0027,-0.2535,1.7882,-1.5715,2026-04-20,925.96,941.8,923.43,941.49,65420.0,934.831393
2026-04-20T23:12:08.685,90,88,GS260717P01020000,GS,2026-07-17,put,1020.0,98.85,24.0,103.07,37.0,100.96,127.97,1.0,0.3164,-0.6464,0.0025,-0.2382,1.72,-1.712,2026-04-20,925.96,941.8,923.43,941.49,65420.0,934.831393
2026-04-20T23:12:08.685,90,88,GS260717P01040000,GS,2026-07-17,put,1040.0,112.61,38.0,116.77,40.0,114.69,149.15,1.0,0.3127,-0.6945,0.0024,-0.2112,1.6219,-1.8543,2026-04-20,925.96,941.8,923.43,941.49,65420.0,934.831393
2026-04-20T23:12:08.685,90,88,GS260717P01060000,GS,2026-07-17,put,1060.0,130.97,27.0,133.52,52.0,132.245,231.53,1.0,0.3282,-0.7241,0.0022,-0.2069,1.5462,-1.964,2026-04-20,925.96,941.8,923.43,941.49,65420.0,934.831393
2026-04-20T23:12:08.685,90,88,GS260717P01080000,GS,2026-07-17,put,1080.0,147.56,25.0,153.66,56.0,150.61,183.53,1.0,0.3465,-0.747,0.002,-0.2058,1.4797,-2.0601,2026-04-20,925.96,941.8,923.43,941.49,65420.0,934.831393
2026-04-20T23:12:08.685,90,88,GS260717P01100000,GS,2026-07-17,put,1100.0,161.24,15.0,168.35,45.0,164.79500000000002,203.56,1.0,0.3322,-0.792,0.0019,-0.1591,1.326,-2.1966,2026-04-20,925.96,941.8,923.43,941.49,65420.0,934.831393
2026-04-20T23:12:08.685,90,88,GS260717P01120000,GS,2026-07-17,put,1120.0,179.73,22.0,187.16,49.0,183.445,279.7,1.0,0.347,-0.8098,0.0017,-0.153,1.2562,-2.2821,2026-04-20,925.96,941.8,923.43,941.49,65420.0,934.831393
2026-04-20T23:12:08.685,90,88,GS260717P01140000,GS,2026-07-17,put,1140.0,197.83,16.0,209.21,27.0,203.52,280.75,1.0,0.3718,-0.817,0.0015,-0.1618,1.2269,-2.3467,2026-04-20,925.96,941.8,923.43,941.49,65420.0,934.831393
2026-04-20T23:12:08.685,90,88,GS260717P01160000,GS,2026-07-17,put,1160.0,221.26,20.0,227.81,27.0,224.535,,,0.4036,-0.8174,0.0014,-0.1815,1.2252,-2.3982,2026-04-20,925.96,941.8,923.43,941.49,65420.0,934.831393
2026-04-20T23:12:08.685,90,88,GS260717P01180000,GS,2026-07-17,put,1180.0,241.08,16.0,244.29,27.0,242.685,317.84,1.0,0.4108,-0.8342,0.0013,-0.1661,1.1523,-2.4802,2026-04-20,925.96,941.8,923.43,941.49,65420.0,934.831393
2026-04-20T23:12:08.685,90,88,GS260717P01200000,GS,2026-07-17,put,1200.0,255.39,25.0,264.41,25.0,259.9,326.05,5.0,0.4072,-0.8566,0.0012,-0.1354,1.0466,-2.5727,2026-04-20,925.96,941.8,923.43,941.49,65420.0,934.831393
2026-04-20T23:12:08.685,90,88,GS260717P01220000,GS,2026-07-17,put,1220.0,272.78,25.0,283.63,25.0,278.205,,,0.4111,-0.8718,0.0011,-0.1164,0.9693,-2.6514,2026-04-20,925.96,941.8,923.43,941.49,65420.0,934.831393
2026-04-20T23:12:08.685,90,88,GS260717P01240000,GS,2026-07-17,put,1240.0,294.64,20.0,306.37,20.0,300.505,387.05,1.0,0.4544,-0.8598,0.0011,-0.155,1.0307,-2.6779,2026-04-20,925.96,941.8,923.43,941.49,65420.0,934.831393
2026-04-20T23:12:08.685,90,88,GS260717P01260000,GS,2026-07-17,put,1260.0,315.73,20.0,328.21,20.0,321.97,,,0.4885,-0.8542,0.001,-0.1811,1.0584,-2.7169,2026-04-20,925.96,941.8,923.43,941.49,65420.0,934.831393
2026-04-20T23:12:08.685,90,88,GS260717P01270000,GS,2026-07-17,put,1270.0,318.36,1.0,328.59,20.0,323.475,,,0.4038,-0.9133,0.0008,-0.0492,0.7305,-2.8548,2026-04-20,925.96,941.8,923.43,941.49,65420.0,934.831393
2026-04-20T23:12:08.685,90,88,GS260717P01280000,GS,2026-07-17,put,1280.0,338.27,20.0,344.21,20.0,341.24,,,0.5012,-0.8612,0.001,-0.1762,1.0236,-2.7793,2026-04-20,925.96,941.8,923.43,941.49,65420.0,934.831393
2026-04-20T23:12:08.685,90,88,GS260717P01290000,GS,2026-07-17,put,1290.0,344.93,1.0,353.76,5.0,349.345,,,0.4917,-0.8737,0.0009,-0.1508,0.9596,-2.827,2026-04-20,925.96,941.8,923.43,941.49,65420.0,934.831393
2026-04-20T23:12:08.685,90,88,GS260717P01300000,GS,2026-07-17,put,1300.0,347.61,1.0,362.57,20.0,355.09000000000003,402.52,1.0,0.4526,-0.9028,0.0008,-0.0839,0.7955,-2.907,2026-04-20,925.96,941.8,923.43,941.49,65420.0,934.831393
2026-04-20T23:12:08.685,90,88,GS260717P01310000,GS,2026-07-17,put,1310.0,367.06,20.0,376.12,20.0,371.59000000000003,,,0.5333,-0.8629,0.0009,-0.1891,1.015,-2.8563,2026-04-20,925.96,941.8,923.43,941.49,65420.0,934.831393
2026-04-20T23:12:08.685,90,88,GS260717P01320000,GS,2026-07-17,put,1320.0,374.06,20.0,375.89,20.0,374.975,,,0.4691,-0.9049,0.0008,-0.0859,0.7827,-2.9598,2026-04-20,925.96,941.8,923.43,941.49,65420.0,934.831393
2026-04-20T23:12:08.685,90,88,GS260717P01330000,GS,2026-07-17,put,1330.0,383.96,5.0,385.46,20.0,384.71,,,0.4746,-0.9073,0.0008,-0.0831,0.7678,-2.9888,2026-04-20,925.96,941.8,923.43,941.49,65420.0,934.831393
2026-04-20T23:12:08.685,90,88,GS260717P01340000,GS,2026-07-17,put,1340.0,396.85,20.0,403.06,20.0,399.95500000000004,,,0.5444,-0.8751,0.0008,-0.172,0.952,-2.9523,2026-04-20,925.96,941.8,923.43,941.49,65420.0,934.831393
2026-04-20T23:12:08.685,90,88,GS260717P01350000,GS,2026-07-17,put,1350.0,405.06,5.0,416.34,5.0,410.7,,,0.5612,-0.8718,0.0008,-0.1857,0.9691,-2.9709,2026-04-20,925.96,941.8,923.43,941.49,65420.0,934.831393
2026-04-20T23:12:08.685,90,88,GS260717P01360000,GS,2026-07-17,put,1360.0,414.49,5.0,429.66,20.0,422.07500000000005,,,0.5841,-0.8655,0.0008,-0.2088,1.0021,-2.9838,2026-04-20,925.96,941.8,923.43,941.49,65420.0,934.831393
2026-04-20T23:12:08.685,90,88,GS260717P01370000,GS,2026-07-17,put,1370.0,422.92,20.0,438.59,20.0,430.755,,,0.5796,-0.8733,0.0008,-0.1913,0.9617,-3.0224,2026-04-20,925.96,941.8,923.43,941.49,65420.0,934.831393
2026-04-20T23:12:08.685,90,88,GS260717P01380000,GS,2026-07-17,put,1380.0,429.73,1.0,445.2,20.0,437.46500000000003,,,0.5521,-0.8924,0.0007,-0.1408,0.8564,-3.0821,2026-04-20,925.96,941.8,923.43,941.49,65420.0,934.831393
2026-04-20T23:12:08.685,90,88,GS260717P01390000,GS,2026-07-17,put,1390.0,448.16,1.0,450.67,20.0,449.415,,,0.5827,-0.882,0.0007,-0.1748,0.9149,-3.0872,2026-04-20,925.96,941.8,923.43,941.49,65420.0,934.831393
2026-04-20T23:12:08.685,90,88,GS260717P01400000,GS,2026-07-17,put,1400.0,456.13,20.0,463.88,20.0,460.005,,,0.5977,-0.8795,0.0007,-0.1864,0.9285,-3.107,2026-04-20,925.96,941.8,923.43,941.49,65420.0,934.831393
2026-04-20T23:12:08.685,90,88,GS260717P01410000,GS,2026-07-17,put,1410.0,461.09,20.0,478.1,20.0,469.595,,,0.6018,-0.8823,0.0007,-0.1821,0.9131,-3.1366,2026-04-20,925.96,941.8,923.43,941.49,65420.0,934.831393
2026-04-20T23:12:08.685,90,88,GS260717P01420000,GS,2026-07-17,put,1420.0,469.12,20.0,476.0,20.0,472.56,,,0.5205,-0.9254,0.0006,-0.0584,0.6523,-3.2417,2026-04-20,925.96,941.8,923.43,941.49,65420.0,934.831393
2026-04-20T23:12:08.685,90,88,GS260717P01430000,GS,2026-07-17,put,1430.0,483.52,20.0,499.68,20.0,491.6,,,0.64,-0.8733,0.0007,-0.2182,0.9614,-3.1692,2026-04-20,925.96,941.8,923.43,941.49,65420.0,934.831393
2026-04-20T23:12:08.685,90,88,GS260717P01440000,GS,2026-07-17,put,1440.0,487.51,5.0,505.45,20.0,496.48,,,0.5904,-0.901,0.0006,-0.1358,0.8058,-3.244,2026-04-20,925.96,941.8,923.43,941.49,65420.0,934.831393
