capture_ts,target_dte,actual_dte,symbol,underlying,expiration,type,strike,bid,bid_size,ask,ask_size,mid,last_price,last_size,implied_vol,delta,gamma,theta,vega,rho,und_session_date,und_open,und_high,und_low,und_close,und_volume,und_vwap
2026-08-27T20:32:44.191,2,1,LLY260828C00610000,LLY,2026-08-28,call,610.0,560.45,5.0,561.05,2.0,560.75,,,,,,,,,2026-08-27,1182.51,1189.98,1171.85,1175.64,101452.0,1181.006449
2026-08-27T20:32:44.191,2,1,LLY260828C00620000,LLY,2026-08-28,call,620.0,558.69,11.0,570.54,6.0,564.615,,,,,,,,,2026-08-27,1182.51,1189.98,1171.85,1175.64,101452.0,1181.006449
2026-08-27T20:32:44.191,2,1,LLY260828C00630000,LLY,2026-08-28,call,630.0,535.02,10.0,553.72,6.0,544.37,,,,,,,,,2026-08-27,1182.51,1189.98,1171.85,1175.64,101452.0,1181.006449
2026-08-27T20:32:44.191,2,1,LLY260828C00640000,LLY,2026-08-28,call,640.0,528.56,31.0,549.61,7.0,539.085,,,,,,,,,2026-08-27,1182.51,1189.98,1171.85,1175.64,101452.0,1181.006449
2026-08-27T20:32:44.191,2,1,LLY260828C00650000,LLY,2026-08-28,call,650.0,512.789,7.0,527.92,6.0,520.3544999999999,,,,,,,,,2026-08-27,1182.51,1189.98,1171.85,1175.64,101452.0,1181.006449
2026-08-27T20:32:44.191,2,1,LLY260828C00660000,LLY,2026-08-28,call,660.0,512.799,11.0,513.09,6.0,512.9445000000001,562.98,2.0,,,,,,,2026-08-27,1182.51,1189.98,1171.85,1175.64,101452.0,1181.006449
2026-08-27T20:32:44.191,2,1,LLY260828C00670000,LLY,2026-08-28,call,670.0,493.58,19.0,509.69,2.0,501.635,,,,,,,,,2026-08-27,1182.51,1189.98,1171.85,1175.64,101452.0,1181.006449
2026-08-27T20:32:44.191,2,1,LLY260828C00680000,LLY,2026-08-28,call,680.0,497.36,2.0,500.78,2.0,499.07,,,,,,,,,2026-08-27,1182.51,1189.98,1171.85,1175.64,101452.0,1181.006449
2026-08-27T20:32:44.191,2,1,LLY260828C00690000,LLY,2026-08-28,call,690.0,487.17,2.0,498.36,5.0,492.765,,,,,,,,,2026-08-27,1182.51,1189.98,1171.85,1175.64,101452.0,1181.006449
2026-08-27T20:32:44.191,2,1,LLY260828C00700000,LLY,2026-08-28,call,700.0,463.86,6.0,476.24,2.0,470.05,,,,,,,,,2026-08-27,1182.51,1189.98,1171.85,1175.64,101452.0,1181.006449
2026-08-27T20:32:44.191,2,1,LLY260828C00710000,LLY,2026-08-28,call,710.0,453.69,19.0,478.87,2.0,466.28,,,,,,,,,2026-08-27,1182.51,1189.98,1171.85,1175.64,101452.0,1181.006449
2026-08-27T20:32:44.191,2,1,LLY260828C00720000,LLY,2026-08-28,call,720.0,441.44,25.0,465.81,2.0,453.625,,,,,,,,,2026-08-27,1182.51,1189.98,1171.85,1175.64,101452.0,1181.006449
2026-08-27T20:32:44.191,2,1,LLY260828C00730000,LLY,2026-08-28,call,730.0,439.04,31.0,451.22,3.0,445.13,,,,,,,,,2026-08-27,1182.51,1189.98,1171.85,1175.64,101452.0,1181.006449
2026-08-27T20:32:44.191,2,1,LLY260828C00740000,LLY,2026-08-28,call,740.0,422.66,10.0,446.71,7.0,434.685,,,,,,,,,2026-08-27,1182.51,1189.98,1171.85,1175.64,101452.0,1181.006449
2026-08-27T20:32:44.191,2,1,LLY260828C00750000,LLY,2026-08-28,call,750.0,422.56,9.0,438.68,6.0,430.62,,,,,,,,,2026-08-27,1182.51,1189.98,1171.85,1175.64,101452.0,1181.006449
2026-08-27T20:32:44.191,2,1,LLY260828C00760000,LLY,2026-08-28,call,760.0,410.53,9.0,427.97,6.0,419.25,,,,,,,,,2026-08-27,1182.51,1189.98,1171.85,1175.64,101452.0,1181.006449
2026-08-27T20:32:44.191,2,1,LLY260828C00770000,LLY,2026-08-28,call,770.0,393.08,25.0,417.43,6.0,405.255,,,,,,,,,2026-08-27,1182.51,1189.98,1171.85,1175.64,101452.0,1181.006449
2026-08-27T20:32:44.191,2,1,LLY260828C00780000,LLY,2026-08-28,call,780.0,397.79,10.0,407.64,8.0,402.71500000000003,,,,,,,,,2026-08-27,1182.51,1189.98,1171.85,1175.64,101452.0,1181.006449
2026-08-27T20:32:44.191,2,1,LLY260828C00785000,LLY,2026-08-28,call,785.0,380.85,9.0,392.89,12.0,386.87,,,,,,,,,2026-08-27,1182.51,1189.98,1171.85,1175.64,101452.0,1181.006449
2026-08-27T20:32:44.191,2,1,LLY260828C00790000,LLY,2026-08-28,call,790.0,385.59,10.0,386.98,11.0,386.28499999999997,,,,,,,,,2026-08-27,1182.51,1189.98,1171.85,1175.64,101452.0,1181.006449
2026-08-27T20:32:44.191,2,1,LLY260828C00795000,LLY,2026-08-28,call,795.0,371.98,12.0,385.75,12.0,378.865,,,,,,,,,2026-08-27,1182.51,1189.98,1171.85,1175.64,101452.0,1181.006449
2026-08-27T20:32:44.191,2,1,LLY260828C00800000,LLY,2026-08-28,call,800.0,376.07,10.0,379.51,7.0,377.78999999999996,396.52,1.0,,,,,,,2026-08-27,1182.51,1189.98,1171.85,1175.64,101452.0,1181.006449
2026-08-27T20:32:44.191,2,1,LLY260828C00805000,LLY,2026-08-28,call,805.0,359.99,19.0,374.93,7.0,367.46000000000004,,,,,,,,,2026-08-27,1182.51,1189.98,1171.85,1175.64,101452.0,1181.006449
2026-08-27T20:32:44.191,2,1,LLY260828C00810000,LLY,2026-08-28,call,810.0,360.71,9.0,370.28,11.0,365.495,,,,,,,,,2026-08-27,1182.51,1189.98,1171.85,1175.64,101452.0,1181.006449
2026-08-27T20:32:44.191,2,1,LLY260828C00815000,LLY,2026-08-28,call,815.0,359.02,2.0,374.49,5.0,366.755,,,,,,,,,2026-08-27,1182.51,1189.98,1171.85,1175.64,101452.0,1181.006449
2026-08-27T20:32:44.191,2,1,LLY260828C00820000,LLY,2026-08-28,call,820.0,356.62,24.0,357.22,2.0,356.92,,,,,,,,,2026-08-27,1182.51,1189.98,1171.85,1175.64,101452.0,1181.006449
2026-08-27T20:32:44.191,2,1,LLY260828C00825000,LLY,2026-08-28,call,825.0,346.14,11.0,353.55,6.0,349.845,,,,,,,,,2026-08-27,1182.51,1189.98,1171.85,1175.64,101452.0,1181.006449
2026-08-27T20:32:44.191,2,1,LLY260828C00830000,LLY,2026-08-28,call,830.0,342.53,12.0,353.51,7.0,348.02,,,,,,,,,2026-08-27,1182.51,1189.98,1171.85,1175.64,101452.0,1181.006449
2026-08-27T20:32:44.191,2,1,LLY260828C00835000,LLY,2026-08-28,call,835.0,331.18,10.0,338.65,12.0,334.91499999999996,,,,,,,,,2026-08-27,1182.51,1189.98,1171.85,1175.64,101452.0,1181.006449
2026-08-27T20:32:44.191,2,1,LLY260828C00840000,LLY,2026-08-28,call,840.0,328.74,19.0,335.98,2.0,332.36,,,,,,,,,2026-08-27,1182.51,1189.98,1171.85,1175.64,101452.0,1181.006449
2026-08-27T20:32:44.191,2,1,LLY260828C00845000,LLY,2026-08-28,call,845.0,319.65,2.0,336.81,2.0,328.23,,,,,,,,,2026-08-27,1182.51,1189.98,1171.85,1175.64,101452.0,1181.006449
2026-08-27T20:32:44.191,2,1,LLY260828C00850000,LLY,2026-08-28,call,850.0,325.44,19.0,326.59,6.0,326.015,,,,,,,,,2026-08-27,1182.51,1189.98,1171.85,1175.64,101452.0,1181.006449
2026-08-27T20:32:44.191,2,1,LLY260828C00855000,LLY,2026-08-28,call,855.0,309.94,7.0,322.67,7.0,316.305,,,,,,,,,2026-08-27,1182.51,1189.98,1171.85,1175.64,101452.0,1181.006449
2026-08-27T20:32:44.191,2,1,LLY260828C00860000,LLY,2026-08-28,call,860.0,308.2,25.0,314.26,6.0,311.23,,,,,,,,,2026-08-27,1182.51,1189.98,1171.85,1175.64,101452.0,1181.006449
2026-08-27T20:32:44.191,2,1,LLY260828C00865000,LLY,2026-08-28,call,865.0,309.79,19.0,312.11,6.0,310.95000000000005,,,,,,,,,2026-08-27,1182.51,1189.98,1171.85,1175.64,101452.0,1181.006449
2026-08-27T20:32:44.191,2,1,LLY260828C00870000,LLY,2026-08-28,call,870.0,296.82,11.0,306.21,6.0,301.515,279.0,1.0,,,,,,,2026-08-27,1182.51,1189.98,1171.85,1175.64,101452.0,1181.006449
2026-08-27T20:32:44.191,2,1,LLY260828C00875000,LLY,2026-08-28,call,875.0,296.39,19.0,307.12,6.0,301.755,,,,,,,,,2026-08-27,1182.51,1189.98,1171.85,1175.64,101452.0,1181.006449
2026-08-27T20:32:44.191,2,1,LLY260828C00880000,LLY,2026-08-28,call,880.0,285.98,9.0,301.52,6.0,293.75,,,,,,,,,2026-08-27,1182.51,1189.98,1171.85,1175.64,101452.0,1181.006449
2026-08-27T20:32:44.191,2,1,LLY260828C00885000,LLY,2026-08-28,call,885.0,280.41,9.0,297.93,6.0,289.17,,,,,,,,,2026-08-27,1182.51,1189.98,1171.85,1175.64,101452.0,1181.006449
2026-08-27T20:32:44.191,2,1,LLY260828C00890000,LLY,2026-08-28,call,890.0,284.15,12.0,286.78,6.0,285.465,,,,,,,,,2026-08-27,1182.51,1189.98,1171.85,1175.64,101452.0,1181.006449
2026-08-27T20:32:44.191,2,1,LLY260828C00895000,LLY,2026-08-28,call,895.0,270.36,11.0,279.79,6.0,275.07500000000005,,,,,,,,,2026-08-27,1182.51,1189.98,1171.85,1175.64,101452.0,1181.006449
2026-08-27T20:32:44.191,2,1,LLY260828C00900000,LLY,2026-08-28,call,900.0,272.01,7.0,274.77,13.0,273.39,366.8,4.0,,,,,,,2026-08-27,1182.51,1189.98,1171.85,1175.64,101452.0,1181.006449
2026-08-27T20:32:44.191,2,1,LLY260828C00905000,LLY,2026-08-28,call,905.0,267.87,9.0,273.72,6.0,270.795,,,,,,,,,2026-08-27,1182.51,1189.98,1171.85,1175.64,101452.0,1181.006449
2026-08-27T20:32:44.191,2,1,LLY260828C00910000,LLY,2026-08-28,call,910.0,255.53,26.0,273.06,7.0,264.295,,,,,,,,,2026-08-27,1182.51,1189.98,1171.85,1175.64,101452.0,1181.006449
2026-08-27T20:32:44.191,2,1,LLY260828C00915000,LLY,2026-08-28,call,915.0,259.61,22.0,264.08,6.0,261.845,,,,,,,,,2026-08-27,1182.51,1189.98,1171.85,1175.64,101452.0,1181.006449
2026-08-27T20:32:44.191,2,1,LLY260828C00920000,LLY,2026-08-28,call,920.0,251.37,9.0,264.73,6.0,258.05,,,,,,,,,2026-08-27,1182.51,1189.98,1171.85,1175.64,101452.0,1181.006449
2026-08-27T20:32:44.191,2,1,LLY260828C00925000,LLY,2026-08-28,call,925.0,244.28,9.0,255.21,9.0,249.745,202.36,1.0,,,,,,,2026-08-27,1182.51,1189.98,1171.85,1175.64,101452.0,1181.006449
2026-08-27T20:32:44.191,2,1,LLY260828C00930000,LLY,2026-08-28,call,930.0,239.09,7.0,254.79,1.0,246.94,,,,,,,,,2026-08-27,1182.51,1189.98,1171.85,1175.64,101452.0,1181.006449
2026-08-27T20:32:44.191,2,1,LLY260828C00935000,LLY,2026-08-28,call,935.0,233.21,19.0,246.74,2.0,239.97500000000002,,,,,,,,,2026-08-27,1182.51,1189.98,1171.85,1175.64,101452.0,1181.006449
2026-08-27T20:32:44.191,2,1,LLY260828C00940000,LLY,2026-08-28,call,940.0,226.22,7.0,242.33,6.0,234.275,249.93,1.0,,,,,,,2026-08-27,1182.51,1189.98,1171.85,1175.64,101452.0,1181.006449
2026-08-27T20:32:44.191,2,1,LLY260828C00945000,LLY,2026-08-28,call,945.0,224.03,10.0,236.06,10.0,230.04500000000002,195.03,1.0,,,,,,,2026-08-27,1182.51,1189.98,1171.85,1175.64,101452.0,1181.006449
2026-08-27T20:32:44.191,2,1,LLY260828C00950000,LLY,2026-08-28,call,950.0,217.65,10.0,227.02,7.0,222.335,211.55,1.0,,,,,,,2026-08-27,1182.51,1189.98,1171.85,1175.64,101452.0,1181.006449
2026-08-27T20:32:44.191,2,1,LLY260828C00955000,LLY,2026-08-28,call,955.0,219.68,12.0,226.17,6.0,222.925,,,,,,,,,2026-08-27,1182.51,1189.98,1171.85,1175.64,101452.0,1181.006449
2026-08-27T20:32:44.191,2,1,LLY260828C00960000,LLY,2026-08-28,call,960.0,209.95,10.0,216.52,6.0,213.235,,,,,,,,,2026-08-27,1182.51,1189.98,1171.85,1175.64,101452.0,1181.006449
2026-08-27T20:32:44.191,2,1,LLY260828C00965000,LLY,2026-08-28,call,965.0,209.18,12.0,212.29,6.0,210.735,229.61,1.0,,,,,,,2026-08-27,1182.51,1189.98,1171.85,1175.64,101452.0,1181.006449
2026-08-27T20:32:44.191,2,1,LLY260828C00970000,LLY,2026-08-28,call,970.0,196.82,19.0,210.1,6.0,203.45999999999998,232.79,2.0,,,,,,,2026-08-27,1182.51,1189.98,1171.85,1175.64,101452.0,1181.006449
2026-08-27T20:32:44.191,2,1,LLY260828C00975000,LLY,2026-08-28,call,975.0,198.27,19.0,208.86,2.0,203.565,,,,,,,,,2026-08-27,1182.51,1189.98,1171.85,1175.64,101452.0,1181.006449
2026-08-27T20:32:44.191,2,1,LLY260828C00980000,LLY,2026-08-28,call,980.0,190.87,19.0,205.33,7.0,198.10000000000002,225.78,10.0,,,,,,,2026-08-27,1182.51,1189.98,1171.85,1175.64,101452.0,1181.006449
2026-08-27T20:32:44.191,2,1,LLY260828C00985000,LLY,2026-08-28,call,985.0,188.87,12.0,196.35,7.0,192.61,,,,,,,,,2026-08-27,1182.51,1189.98,1171.85,1175.64,101452.0,1181.006449
2026-08-27T20:32:44.191,2,1,LLY260828C00990000,LLY,2026-08-28,call,990.0,178.04,9.0,193.16,6.0,185.6,,,,,,,,,2026-08-27,1182.51,1189.98,1171.85,1175.64,101452.0,1181.006449
2026-08-27T20:32:44.191,2,1,LLY260828C00995000,LLY,2026-08-28,call,995.0,177.35,12.0,186.92,12.0,182.135,,,,,,,,,2026-08-27,1182.51,1189.98,1171.85,1175.64,101452.0,1181.006449
2026-08-27T20:32:44.191,2,1,LLY260828C01000000,LLY,2026-08-28,call,1000.0,170.38,7.0,182.5,7.0,176.44,239.92,1.0,,,,,,,2026-08-27,1182.51,1189.98,1171.85,1175.64,101452.0,1181.006449
2026-08-27T20:32:44.191,2,1,LLY260828C01005000,LLY,2026-08-28,call,1005.0,168.48,19.0,179.7,2.0,174.08999999999997,,,,,,,,,2026-08-27,1182.51,1189.98,1171.85,1175.64,101452.0,1181.006449
2026-08-27T20:32:44.191,2,1,LLY260828C01010000,LLY,2026-08-28,call,1010.0,163.12,13.0,170.51,7.0,166.815,187.43,1.0,,,,,,,2026-08-27,1182.51,1189.98,1171.85,1175.64,101452.0,1181.006449
2026-08-27T20:32:44.191,2,1,LLY260828C01015000,LLY,2026-08-28,call,1015.0,156.36,12.0,163.15,12.0,159.755,,,,,,,,,2026-08-27,1182.51,1189.98,1171.85,1175.64,101452.0,1181.006449
2026-08-27T20:32:44.191,2,1,LLY260828C01020000,LLY,2026-08-28,call,1020.0,151.57,7.0,162.64,7.0,157.105,181.33,2.0,,,,,,,2026-08-27,1182.51,1189.98,1171.85,1175.64,101452.0,1181.006449
2026-08-27T20:32:44.191,2,1,LLY260828C01025000,LLY,2026-08-28,call,1025.0,146.71,10.0,153.88,12.0,150.29500000000002,113.5,1.0,,,,,,,2026-08-27,1182.51,1189.98,1171.85,1175.64,101452.0,1181.006449
2026-08-27T20:32:44.191,2,1,LLY260828C01030000,LLY,2026-08-28,call,1030.0,142.47,10.0,150.25,11.0,146.36,185.94,2.0,,,,,,,2026-08-27,1182.51,1189.98,1171.85,1175.64,101452.0,1181.006449
2026-08-27T20:32:44.191,2,1,LLY260828C01035000,LLY,2026-08-28,call,1035.0,134.11,9.0,149.47,6.0,141.79000000000002,,,,,,,,,2026-08-27,1182.51,1189.98,1171.85,1175.64,101452.0,1181.006449
2026-08-27T20:32:44.191,2,1,LLY260828C01040000,LLY,2026-08-28,call,1040.0,130.49,25.0,141.07,6.0,135.78,,,,,,,,,2026-08-27,1182.51,1189.98,1171.85,1175.64,101452.0,1181.006449
2026-08-27T20:32:44.191,2,1,LLY260828C01045000,LLY,2026-08-28,call,1045.0,126.39,10.0,134.2,12.0,130.295,198.38,2.0,,,,,,,2026-08-27,1182.51,1189.98,1171.85,1175.64,101452.0,1181.006449
2026-08-27T20:32:44.191,2,1,LLY260828C01050000,LLY,2026-08-28,call,1050.0,121.56,9.0,131.4,6.0,126.48,149.15,1.0,,,,,,,2026-08-27,1182.51,1189.98,1171.85,1175.64,101452.0,1181.006449
2026-08-27T20:32:44.191,2,1,LLY260828C01055000,LLY,2026-08-28,call,1055.0,114.46,10.0,125.15,6.0,119.805,174.24,1.0,,,,,,,2026-08-27,1182.51,1189.98,1171.85,1175.64,101452.0,1181.006449
2026-08-27T20:32:44.191,2,1,LLY260828C01060000,LLY,2026-08-28,call,1060.0,111.56,7.0,121.75,6.0,116.655,122.73,2.0,,,,,,,2026-08-27,1182.51,1189.98,1171.85,1175.64,101452.0,1181.006449
2026-08-27T20:32:44.191,2,1,LLY260828C01065000,LLY,2026-08-28,call,1065.0,103.92,20.0,114.94,6.0,109.43,94.51,1.0,,,,,,,2026-08-27,1182.51,1189.98,1171.85,1175.64,101452.0,1181.006449
2026-08-27T20:32:44.191,2,1,LLY260828C01070000,LLY,2026-08-28,call,1070.0,100.6,11.0,113.98,11.0,107.28999999999999,108.69,1.0,1.1382,0.9464,0.0016,-3.918,0.0671,0.0275,2026-08-27,1182.51,1189.98,1171.85,1175.64,101452.0,1181.006449
2026-08-27T20:32:44.191,2,1,LLY260828C01075000,LLY,2026-08-28,call,1075.0,95.61,9.0,105.63,6.0,100.62,145.65,9.0,,,,,,,2026-08-27,1182.51,1189.98,1171.85,1175.64,101452.0,1181.006449
2026-08-27T20:32:44.191,2,1,LLY260828C01080000,LLY,2026-08-28,call,1080.0,89.51,10.0,102.69,6.0,96.1,111.2,2.0,0.819,0.9773,0.0011,-1.4613,0.0331,0.0288,2026-08-27,1182.51,1189.98,1171.85,1175.64,101452.0,1181.006449
2026-08-27T20:32:44.191,2,1,LLY260828C01085000,LLY,2026-08-28,call,1085.0,85.47,10.0,96.29,10.0,90.88,79.97,2.0,0.702,0.9862,0.0008,-0.8681,0.0217,0.0293,2026-08-27,1182.51,1189.98,1171.85,1175.64,101452.0,1181.006449
2026-08-27T20:32:44.191,2,1,LLY260828C01090000,LLY,2026-08-28,call,1090.0,82.14,14.0,90.52,7.0,86.33,150.57,5.0,0.7993,0.9663,0.0015,-1.9449,0.0461,0.0288,2026-08-27,1182.51,1189.98,1171.85,1175.64,101452.0,1181.006449
2026-08-27T20:32:44.191,2,1,LLY260828C01095000,LLY,2026-08-28,call,1095.0,74.38,9.0,85.76,6.0,80.07,84.44,1.0,,,,,,,2026-08-27,1182.51,1189.98,1171.85,1175.64,101452.0,1181.006449
2026-08-27T20:32:44.191,2,1,LLY260828C01100000,LLY,2026-08-28,call,1100.0,70.68,9.0,79.85,6.0,75.265,94.08,1.0,,,,,,,2026-08-27,1182.51,1189.98,1171.85,1175.64,101452.0,1181.006449
2026-08-27T20:32:44.191,2,1,LLY260828C01105000,LLY,2026-08-28,call,1105.0,64.819,22.0,76.62,7.0,70.71950000000001,111.0,1.0,0.4667,0.9946,0.0005,-0.331,0.0095,0.0301,2026-08-27,1182.51,1189.98,1171.85,1175.64,101452.0,1181.006449
2026-08-27T20:32:44.191,2,1,LLY260828C01110000,LLY,2026-08-28,call,1110.0,61.25,11.0,71.42,7.0,66.33500000000001,72.75,2.0,0.6385,0.9588,0.0022,-1.8397,0.0543,0.0291,2026-08-27,1182.51,1189.98,1171.85,1175.64,101452.0,1181.006449
2026-08-27T20:32:44.191,2,1,LLY260828C01115000,LLY,2026-08-28,call,1115.0,55.53,10.0,65.269,6.0,60.3995,153.2,2.0,,,,,,,2026-08-27,1182.51,1189.98,1171.85,1175.64,101452.0,1181.006449
2026-08-27T20:32:44.191,2,1,LLY260828C01120000,LLY,2026-08-28,call,1120.0,51.84,14.0,60.48,12.0,56.16,58.83,5.0,0.5246,0.9625,0.0025,-1.4261,0.0503,0.0295,2026-08-27,1182.51,1189.98,1171.85,1175.64,101452.0,1181.006449
2026-08-27T20:32:44.191,2,1,LLY260828C01125000,LLY,2026-08-28,call,1125.0,45.75,9.0,55.3,11.0,50.525,102.73,1.0,,,,,,,2026-08-27,1182.51,1189.98,1171.85,1175.64,101452.0,1181.006449
2026-08-27T20:32:44.191,2,1,LLY260828C01130000,LLY,2026-08-28,call,1130.0,40.58,17.0,51.51,39.0,46.045,44.0,1.0,0.4228,0.9642,0.003,-1.1316,0.0484,0.0298,2026-08-27,1182.51,1189.98,1171.85,1175.64,101452.0,1181.006449
2026-08-27T20:32:44.191,2,1,LLY260828C01135000,LLY,2026-08-28,call,1135.0,35.78,19.0,47.68,7.0,41.730000000000004,53.4,1.0,0.4796,0.9215,0.005,-2.2663,0.0902,0.0285,2026-08-27,1182.51,1189.98,1171.85,1175.64,101452.0,1181.006449
2026-08-27T20:32:44.191,2,1,LLY260828C01140000,LLY,2026-08-28,call,1140.0,31.46,8.0,43.43,12.0,37.445,47.25,1.0,0.4993,0.8834,0.0064,-3.1111,0.1206,0.0274,2026-08-27,1182.51,1189.98,1171.85,1175.64,101452.0,1181.006449
2026-08-27T20:32:44.191,2,1,LLY260828C01145000,LLY,2026-08-28,call,1145.0,26.85,40.0,35.35,11.0,31.1,40.17,1.0,0.3128,0.9477,0.0056,-1.136,0.0658,0.0297,2026-08-27,1182.51,1189.98,1171.85,1175.64,101452.0,1181.006449
2026-08-27T20:32:44.191,2,1,LLY260828C01150000,LLY,2026-08-28,call,1150.0,22.22,59.0,31.53,57.0,26.875,34.2,4.0,0.3516,0.8867,0.0089,-2.1786,0.1182,0.0278,2026-08-27,1182.51,1189.98,1171.85,1175.64,101452.0,1181.006449
2026-08-27T20:32:44.191,2,1,LLY260828C01155000,LLY,2026-08-28,call,1155.0,17.44,56.0,27.16,41.0,22.3,26.4,1.0,0.3323,0.8482,0.0115,-2.4999,0.1446,0.0267,2026-08-27,1182.51,1189.98,1171.85,1175.64,101452.0,1181.006449
2026-08-27T20:32:44.191,2,1,LLY260828C01160000,LLY,2026-08-28,call,1160.0,14.36,42.0,23.19,41.0,18.775,29.4,1.0,0.3611,0.7641,0.0139,-3.5088,0.1895,0.0241,2026-08-27,1182.51,1189.98,1171.85,1175.64,101452.0,1181.006449
2026-08-27T20:32:44.191,2,1,LLY260828C01165000,LLY,2026-08-28,call,1165.0,10.47,15.0,18.8,15.0,14.635000000000002,25.57,1.0,0.3363,0.7009,0.0168,-3.6727,0.2136,0.0222,2026-08-27,1182.51,1189.98,1171.85,1175.64,101452.0,1181.006449
2026-08-27T20:32:44.191,2,1,LLY260828C01167500,LLY,2026-08-28,call,1167.5,9.24,54.0,17.11,41.0,13.175,27.5,3.0,0.3461,0.6533,0.0173,-4.0053,0.2271,0.0207,2026-08-27,1182.51,1189.98,1171.85,1175.64,101452.0,1181.006449
2026-08-27T20:32:44.191,2,1,LLY260828C01170000,LLY,2026-08-28,call,1170.0,10.61,15.0,13.98,30.0,12.295,10.8,1.0,0.3748,0.6012,0.0167,-4.5208,0.2375,0.019,2026-08-27,1182.51,1189.98,1171.85,1175.64,101452.0,1181.006449
2026-08-27T20:32:44.191,2,1,LLY260828C01172500,LLY,2026-08-28,call,1172.5,8.95,22.0,11.15,10.0,10.05,9.5,1.0,0.3413,0.5637,0.0188,-4.2,0.2423,0.0179,2026-08-27,1182.51,1189.98,1171.85,1175.64,101452.0,1181.006449
2026-08-27T20:32:44.191,2,1,LLY260828C01175000,LLY,2026-08-28,call,1175.0,6.57,66.0,12.1,115.0,9.335,8.43,1.0,0.3664,0.5158,0.0177,-4.5535,0.2453,0.0164,2026-08-27,1182.51,1189.98,1171.85,1175.64,101452.0,1181.006449
2026-08-27T20:32:44.191,2,1,LLY260828C01177500,LLY,2026-08-28,call,1177.5,5.38,74.0,10.27,73.0,7.824999999999999,7.6,1.0,0.3544,0.4704,0.0182,-4.392,0.2448,0.0149,2026-08-27,1182.51,1189.98,1171.85,1175.64,101452.0,1181.006449
2026-08-27T20:32:44.191,2,1,LLY260828C01180000,LLY,2026-08-28,call,1180.0,4.92,60.0,8.01,56.0,6.465,6.0,2.0,0.3436,0.4227,0.0185,-4.1871,0.2408,0.0134,2026-08-27,1182.51,1189.98,1171.85,1175.64,101452.0,1181.006449
2026-08-27T20:32:44.191,2,1,LLY260828C01185000,LLY,2026-08-28,call,1185.0,3.55,50.0,5.06,1.0,4.305,4.6,1.0,0.3299,0.3268,0.0178,-3.6989,0.222,0.0104,2026-08-27,1182.51,1189.98,1171.85,1175.64,101452.0,1181.006449
2026-08-27T20:32:44.191,2,1,LLY260828C01190000,LLY,2026-08-28,call,1190.0,2.48,32.0,3.56,5.0,3.02,3.5,5.0,0.3355,0.248,0.0153,-3.2946,0.1947,0.0079,2026-08-27,1182.51,1189.98,1171.85,1175.64,101452.0,1181.006449
2026-08-27T20:32:44.191,2,1,LLY260828C01192500,LLY,2026-08-28,call,1192.5,2.21,29.0,3.88,73.0,3.045,2.8,1.0,0.3674,0.233,0.0135,-3.484,0.1882,0.0074,2026-08-27,1182.51,1189.98,1171.85,1175.64,101452.0,1181.006449
2026-08-27T20:32:44.191,2,1,LLY260828C01195000,LLY,2026-08-28,call,1195.0,1.82,1.0,3.02,47.0,2.42,2.25,1.0,0.3618,0.1973,0.0125,-3.1131,0.1708,0.0063,2026-08-27,1182.51,1189.98,1171.85,1175.64,101452.0,1181.006449
2026-08-27T20:32:44.191,2,1,LLY260828C01200000,LLY,2026-08-28,call,1200.0,1.13,16.0,2.029,18.0,1.5795,1.71,1.0,0.3602,0.1408,0.0101,-2.493,0.1375,0.0045,2026-08-27,1182.51,1189.98,1171.85,1175.64,101452.0,1181.006449
2026-08-27T20:32:44.191,2,1,LLY260828C01202500,LLY,2026-08-28,call,1202.5,0.1,91.0,2.0,52.0,1.05,1.25,2.0,0.3417,0.1052,0.0087,-1.926,0.112,0.0034,2026-08-27,1182.51,1189.98,1171.85,1175.64,101452.0,1181.006449
2026-08-27T20:32:44.191,2,1,LLY260828C01205000,LLY,2026-08-28,call,1205.0,0.97,1.0,1.13,1.0,1.0499999999999998,1.0,1.0,0.3642,0.0998,0.0078,-1.9751,0.1078,0.0032,2026-08-27,1182.51,1189.98,1171.85,1175.64,101452.0,1181.006449
2026-08-27T20:32:44.191,2,1,LLY260828C01207500,LLY,2026-08-28,call,1207.5,0.01,41.0,1.7,48.0,0.855,0.87,1.0,0.3668,0.0835,0.0068,-1.743,0.0945,0.0027,2026-08-27,1182.51,1189.98,1171.85,1175.64,101452.0,1181.006449
2026-08-27T20:32:44.191,2,1,LLY260828C01210000,LLY,2026-08-28,call,1210.0,0.39,61.0,1.15,44.0,0.77,0.71,1.0,0.3784,0.0745,0.006,-1.6483,0.0867,0.0024,2026-08-27,1182.51,1189.98,1171.85,1175.64,101452.0,1181.006449
2026-08-27T20:32:44.191,2,1,LLY260828C01212500,LLY,2026-08-28,call,1212.5,0.0,0.0,1.42,45.0,0.71,0.59,1.0,,,,,,,2026-08-27,1182.51,1189.98,1171.85,1175.64,101452.0,1181.006449
2026-08-27T20:32:44.191,2,1,LLY260828C01215000,LLY,2026-08-28,call,1215.0,0.32,1.0,0.77,55.0,0.545,0.43,1.0,0.389,0.0542,0.0046,-1.3223,0.0677,0.0017,2026-08-27,1182.51,1189.98,1171.85,1175.64,101452.0,1181.006449
2026-08-27T20:32:44.191,2,1,LLY260828C01217500,LLY,2026-08-28,call,1217.5,0.39,1.0,0.77,29.0,0.5800000000000001,0.55,1.0,0.4134,0.0543,0.0043,-1.4066,0.0677,0.0017,2026-08-27,1182.51,1189.98,1171.85,1175.64,101452.0,1181.006449
2026-08-27T20:32:44.191,2,1,LLY260828C01220000,LLY,2026-08-28,call,1220.0,0.27,5.0,0.58,51.0,0.425,0.3,1.0,0.4068,0.0421,0.0036,-1.1284,0.0552,0.0013,2026-08-27,1182.51,1189.98,1171.85,1175.64,101452.0,1181.006449
2026-08-27T20:32:44.191,2,1,LLY260828C01222500,LLY,2026-08-28,call,1222.5,0.0,0.0,0.87,67.0,0.435,0.27,1.0,,,,,,,2026-08-27,1182.51,1189.98,1171.85,1175.64,101452.0,1181.006449
2026-08-27T20:32:44.191,2,1,LLY260828C01225000,LLY,2026-08-28,call,1225.0,0.01,36.0,0.48,1.0,0.245,0.04,2.0,0.4026,0.0262,0.0025,-0.756,0.0374,0.0008,2026-08-27,1182.51,1189.98,1171.85,1175.64,101452.0,1181.006449
2026-08-27T20:32:44.191,2,1,LLY260828C01227500,LLY,2026-08-28,call,1227.5,0.0,0.0,0.8,97.0,0.4,0.49,3.0,,,,,,,2026-08-27,1182.51,1189.98,1171.85,1175.64,101452.0,1181.006449
2026-08-27T20:32:44.191,2,1,LLY260828C01230000,LLY,2026-08-28,call,1230.0,0.01,15.0,0.31,1.0,0.16,0.1,1.0,0.4083,0.0177,0.0017,-0.551,0.0269,0.0006,2026-08-27,1182.51,1189.98,1171.85,1175.64,101452.0,1181.006449
2026-08-27T20:32:44.191,2,1,LLY260828C01232500,LLY,2026-08-28,call,1232.5,0.0,0.0,0.52,65.0,0.26,0.26,2.0,,,,,,,2026-08-27,1182.51,1189.98,1171.85,1175.64,101452.0,1181.006449
2026-08-27T20:32:44.191,2,1,LLY260828C01235000,LLY,2026-08-28,call,1235.0,0.0,0.0,0.28,45.0,0.14,0.3,1.0,,,,,,,2026-08-27,1182.51,1189.98,1171.85,1175.64,101452.0,1181.006449
2026-08-27T20:32:44.191,2,1,LLY260828C01240000,LLY,2026-08-28,call,1240.0,0.0,0.0,0.27,1.0,0.135,0.1,1.0,,,,,,,2026-08-27,1182.51,1189.98,1171.85,1175.64,101452.0,1181.006449
2026-08-27T20:32:44.191,2,1,LLY260828C01245000,LLY,2026-08-28,call,1245.0,0.03,2.0,0.17,35.0,0.1,0.08,6.0,0.4699,0.0103,0.0009,-0.3951,0.0168,0.0003,2026-08-27,1182.51,1189.98,1171.85,1175.64,101452.0,1181.006449
2026-08-27T20:32:44.191,2,1,LLY260828C01250000,LLY,2026-08-28,call,1250.0,0.01,10.0,0.17,24.0,0.09000000000000001,0.12,1.0,0.4919,0.0089,0.0008,-0.3671,0.0149,0.0003,2026-08-27,1182.51,1189.98,1171.85,1175.64,101452.0,1181.006449
2026-08-27T20:32:44.191,2,1,LLY260828C01255000,LLY,2026-08-28,call,1255.0,0.0,0.0,0.38,89.0,0.19,0.09,1.0,,,,,,,2026-08-27,1182.51,1189.98,1171.85,1175.64,101452.0,1181.006449
2026-08-27T20:32:44.191,2,1,LLY260828C01260000,LLY,2026-08-28,call,1260.0,0.0,0.0,0.16,5.0,0.08,0.05,1.0,,,,,,,2026-08-27,1182.51,1189.98,1171.85,1175.64,101452.0,1181.006449
2026-08-27T20:32:44.191,2,1,LLY260828C01265000,LLY,2026-08-28,call,1265.0,0.0,0.0,0.17,77.0,0.085,0.09,1.0,,,,,,,2026-08-27,1182.51,1189.98,1171.85,1175.64,101452.0,1181.006449
2026-08-27T20:32:44.191,2,1,LLY260828C01270000,LLY,2026-08-28,call,1270.0,0.0,0.0,0.41,98.0,0.205,0.03,2.0,,,,,,,2026-08-27,1182.51,1189.98,1171.85,1175.64,101452.0,1181.006449
2026-08-27T20:32:44.191,2,1,LLY260828C01275000,LLY,2026-08-28,call,1275.0,0.01,1.0,0.03,1.0,0.02,0.03,1.0,0.538,0.0021,0.0002,-0.1089,0.004,0.0001,2026-08-27,1182.51,1189.98,1171.85,1175.64,101452.0,1181.006449
2026-08-27T20:32:44.191,2,1,LLY260828C01280000,LLY,2026-08-28,call,1280.0,0.0,0.0,0.09,1.0,0.045,0.12,1.0,,,,,,,2026-08-27,1182.51,1189.98,1171.85,1175.64,101452.0,1181.006449
2026-08-27T20:32:44.191,2,1,LLY260828C01285000,LLY,2026-08-28,call,1285.0,0.0,0.0,0.01,1.0,0.005,0.02,1.0,,,,,,,2026-08-27,1182.51,1189.98,1171.85,1175.64,101452.0,1181.006449
2026-08-27T20:32:44.191,2,1,LLY260828C01290000,LLY,2026-08-28,call,1290.0,0.0,0.0,0.5,138.0,0.25,0.03,1.0,,,,,,,2026-08-27,1182.51,1189.98,1171.85,1175.64,101452.0,1181.006449
2026-08-27T20:32:44.191,2,1,LLY260828C01295000,LLY,2026-08-28,call,1295.0,0.01,1.0,0.16,1.0,0.085,0.07,1.0,0.729,0.006,0.0004,-0.3799,0.0104,0.0002,2026-08-27,1182.51,1189.98,1171.85,1175.64,101452.0,1181.006449
2026-08-27T20:32:44.191,2,1,LLY260828C01300000,LLY,2026-08-28,call,1300.0,0.03,10.0,0.04,1.0,0.035,0.03,1.0,0.6882,0.0028,0.0002,-0.1813,0.0053,0.0001,2026-08-27,1182.51,1189.98,1171.85,1175.64,101452.0,1181.006449
2026-08-27T20:32:44.191,2,1,LLY260828C01305000,LLY,2026-08-28,call,1305.0,0.0,0.0,0.44,65.0,0.22,0.01,25.0,,,,,,,2026-08-27,1182.51,1189.98,1171.85,1175.64,101452.0,1181.006449
2026-08-27T20:32:44.191,2,1,LLY260828C01310000,LLY,2026-08-28,call,1310.0,0.0,0.0,0.07,6.0,0.035,0.05,1.0,,,,,,,2026-08-27,1182.51,1189.98,1171.85,1175.64,101452.0,1181.006449
2026-08-27T20:32:44.191,2,1,LLY260828C01315000,LLY,2026-08-28,call,1315.0,0.0,0.0,0.07,1.0,0.035,0.08,1.0,,,,,,,2026-08-27,1182.51,1189.98,1171.85,1175.64,101452.0,1181.006449
2026-08-27T20:32:44.191,2,1,LLY260828C01320000,LLY,2026-08-28,call,1320.0,0.06,2.0,0.07,2.0,0.065,0.06,2.0,0.831,0.0041,0.0002,-0.3131,0.0075,0.0001,2026-08-27,1182.51,1189.98,1171.85,1175.64,101452.0,1181.006449
2026-08-27T20:32:44.191,2,1,LLY260828C01325000,LLY,2026-08-28,call,1325.0,0.0,0.0,0.05,1.0,0.025,0.03,10.0,,,,,,,2026-08-27,1182.51,1189.98,1171.85,1175.64,101452.0,1181.006449
2026-08-27T20:32:44.191,2,1,LLY260828C01330000,LLY,2026-08-28,call,1330.0,0.0,0.0,0.07,8.0,0.035,0.03,2.0,,,,,,,2026-08-27,1182.51,1189.98,1171.85,1175.64,101452.0,1181.006449
2026-08-27T20:32:44.191,2,1,LLY260828C01335000,LLY,2026-08-28,call,1335.0,0.0,0.0,0.07,1.0,0.035,0.02,1.0,,,,,,,2026-08-27,1182.51,1189.98,1171.85,1175.64,101452.0,1181.006449
2026-08-27T20:32:44.191,2,1,LLY260828C01340000,LLY,2026-08-28,call,1340.0,0.01,1.0,0.02,300.0,0.015,0.02,1.0,,,,,,,2026-08-27,1182.51,1189.98,1171.85,1175.64,101452.0,1181.006449
2026-08-27T20:32:44.191,2,1,LLY260828C01345000,LLY,2026-08-28,call,1345.0,0.0,0.0,0.07,20.0,0.035,0.03,2.0,,,,,,,2026-08-27,1182.51,1189.98,1171.85,1175.64,101452.0,1181.006449
2026-08-27T20:32:44.191,2,1,LLY260828C01350000,LLY,2026-08-28,call,1350.0,0.0,0.0,0.06,2.0,0.03,0.01,9.0,,,,,,,2026-08-27,1182.51,1189.98,1171.85,1175.64,101452.0,1181.006449
2026-08-27T20:32:44.191,2,1,LLY260828C01355000,LLY,2026-08-28,call,1355.0,0.0,0.0,0.07,20.0,0.035,3.93,1.0,,,,,,,2026-08-27,1182.51,1189.98,1171.85,1175.64,101452.0,1181.006449
2026-08-27T20:32:44.191,2,1,LLY260828C01360000,LLY,2026-08-28,call,1360.0,0.0,0.0,0.03,21.0,0.015,0.02,1.0,,,,,,,2026-08-27,1182.51,1189.98,1171.85,1175.64,101452.0,1181.006449
2026-08-27T20:32:44.191,2,1,LLY260828C01365000,LLY,2026-08-28,call,1365.0,0.0,0.0,0.28,1.0,0.14,0.16,1.0,,,,,,,2026-08-27,1182.51,1189.98,1171.85,1175.64,101452.0,1181.006449
2026-08-27T20:32:44.191,2,1,LLY260828C01370000,LLY,2026-08-28,call,1370.0,0.0,0.0,0.08,1.0,0.04,0.19,1.0,,,,,,,2026-08-27,1182.51,1189.98,1171.85,1175.64,101452.0,1181.006449
2026-08-27T20:32:44.191,2,1,LLY260828C01375000,LLY,2026-08-28,call,1375.0,0.0,0.0,17.08,11.0,8.54,0.02,1.0,,,,,,,2026-08-27,1182.51,1189.98,1171.85,1175.64,101452.0,1181.006449
2026-08-27T20:32:44.191,2,1,LLY260828C01380000,LLY,2026-08-28,call,1380.0,0.0,0.0,0.01,2.0,0.005,0.01,1.0,,,,,,,2026-08-27,1182.51,1189.98,1171.85,1175.64,101452.0,1181.006449
2026-08-27T20:32:44.191,2,1,LLY260828C01385000,LLY,2026-08-28,call,1385.0,0.0,0.0,16.78,1.0,8.39,1.32,1.0,,,,,,,2026-08-27,1182.51,1189.98,1171.85,1175.64,101452.0,1181.006449
2026-08-27T20:32:44.191,2,1,LLY260828C01390000,LLY,2026-08-28,call,1390.0,0.0,0.0,16.92,1.0,8.46,1.32,1.0,,,,,,,2026-08-27,1182.51,1189.98,1171.85,1175.64,101452.0,1181.006449
2026-08-27T20:32:44.191,2,1,LLY260828C01395000,LLY,2026-08-28,call,1395.0,0.0,0.0,17.15,1.0,8.575,0.01,1.0,,,,,,,2026-08-27,1182.51,1189.98,1171.85,1175.64,101452.0,1181.006449
2026-08-27T20:32:44.191,2,1,LLY260828C01400000,LLY,2026-08-28,call,1400.0,0.0,0.0,0.12,20.0,0.06,0.1,1.0,,,,,,,2026-08-27,1182.51,1189.98,1171.85,1175.64,101452.0,1181.006449
2026-08-27T20:32:44.191,2,1,LLY260828C01405000,LLY,2026-08-28,call,1405.0,0.0,0.0,0.15,1.0,0.075,0.03,1.0,,,,,,,2026-08-27,1182.51,1189.98,1171.85,1175.64,101452.0,1181.006449
2026-08-27T20:32:44.191,2,1,LLY260828C01410000,LLY,2026-08-28,call,1410.0,0.0,0.0,10.32,1.0,5.16,1.32,1.0,,,,,,,2026-08-27,1182.51,1189.98,1171.85,1175.64,101452.0,1181.006449
2026-08-27T20:32:44.191,2,1,LLY260828C01415000,LLY,2026-08-28,call,1415.0,0.0,0.0,16.98,1.0,8.49,0.01,1.0,,,,,,,2026-08-27,1182.51,1189.98,1171.85,1175.64,101452.0,1181.006449
2026-08-27T20:32:44.191,2,1,LLY260828C01420000,LLY,2026-08-28,call,1420.0,0.0,0.0,0.01,1.0,0.005,0.01,1.0,,,,,,,2026-08-27,1182.51,1189.98,1171.85,1175.64,101452.0,1181.006449
2026-08-27T20:32:44.191,2,1,LLY260828C01425000,LLY,2026-08-28,call,1425.0,0.0,0.0,0.15,6.0,0.075,0.03,1.0,,,,,,,2026-08-27,1182.51,1189.98,1171.85,1175.64,101452.0,1181.006449
2026-08-27T20:32:44.191,2,1,LLY260828C01440000,LLY,2026-08-28,call,1440.0,0.0,0.0,0.15,20.0,0.075,0.02,1.0,,,,,,,2026-08-27,1182.51,1189.98,1171.85,1175.64,101452.0,1181.006449
2026-08-27T20:32:44.191,2,1,LLY260828C01460000,LLY,2026-08-28,call,1460.0,0.0,0.0,11.45,1.0,5.725,0.13,1.0,,,,,,,2026-08-27,1182.51,1189.98,1171.85,1175.64,101452.0,1181.006449
2026-08-27T20:32:44.191,2,1,LLY260828C01480000,LLY,2026-08-28,call,1480.0,0.0,0.0,0.01,19.0,0.005,0.01,1.0,,,,,,,2026-08-27,1182.51,1189.98,1171.85,1175.64,101452.0,1181.006449
2026-08-27T20:32:44.191,2,1,LLY260828C01500000,LLY,2026-08-28,call,1500.0,0.0,0.0,0.17,10.0,0.085,0.02,1.0,,,,,,,2026-08-27,1182.51,1189.98,1171.85,1175.64,101452.0,1181.006449
2026-08-27T20:32:44.191,2,1,LLY260828C01520000,LLY,2026-08-28,call,1520.0,0.0,0.0,0.13,1.0,0.065,0.01,3.0,,,,,,,2026-08-27,1182.51,1189.98,1171.85,1175.64,101452.0,1181.006449
2026-08-27T20:32:44.191,2,1,LLY260828C01540000,LLY,2026-08-28,call,1540.0,0.0,0.0,0.03,4.0,0.015,0.01,1.0,,,,,,,2026-08-27,1182.51,1189.98,1171.85,1175.64,101452.0,1181.006449
2026-08-27T20:32:44.191,2,1,LLY260828C01560000,LLY,2026-08-28,call,1560.0,0.0,0.0,16.89,7.0,8.445,0.04,1.0,,,,,,,2026-08-27,1182.51,1189.98,1171.85,1175.64,101452.0,1181.006449
2026-08-27T20:32:44.191,2,1,LLY260828C01580000,LLY,2026-08-28,call,1580.0,0.0,0.0,17.36,7.0,8.68,4.4,1.0,,,,,,,2026-08-27,1182.51,1189.98,1171.85,1175.64,101452.0,1181.006449
2026-08-27T20:32:44.191,2,1,LLY260828C01600000,LLY,2026-08-28,call,1600.0,0.0,0.0,0.66,3.0,0.33,1.32,1.0,,,,,,,2026-08-27,1182.51,1189.98,1171.85,1175.64,101452.0,1181.006449
2026-08-27T20:32:44.191,2,1,LLY260828C01620000,LLY,2026-08-28,call,1620.0,0.0,0.0,0.1,10.0,0.05,0.13,1.0,,,,,,,2026-08-27,1182.51,1189.98,1171.85,1175.64,101452.0,1181.006449
2026-08-27T20:32:44.191,2,1,LLY260828C01640000,LLY,2026-08-28,call,1640.0,0.0,0.0,0.03,1000.0,0.015,0.03,10.0,,,,,,,2026-08-27,1182.51,1189.98,1171.85,1175.64,101452.0,1181.006449
2026-08-27T20:32:44.191,2,1,LLY260828P00610000,LLY,2026-08-28,put,610.0,0.0,0.0,0.0,0.0,0.0,0.01,7.0,,,,,,,2026-08-27,1182.51,1189.98,1171.85,1175.64,101452.0,1181.006449
2026-08-27T20:32:44.191,2,1,LLY260828P00620000,LLY,2026-08-28,put,620.0,0.0,0.0,0.04,1.0,0.02,0.01,1.0,,,,,,,2026-08-27,1182.51,1189.98,1171.85,1175.64,101452.0,1181.006449
2026-08-27T20:32:44.191,2,1,LLY260828P00630000,LLY,2026-08-28,put,630.0,0.0,0.0,0.01,24.0,0.005,0.01,1.0,,,,,,,2026-08-27,1182.51,1189.98,1171.85,1175.64,101452.0,1181.006449
2026-08-27T20:32:44.191,2,1,LLY260828P00640000,LLY,2026-08-28,put,640.0,0.0,0.0,0.0,0.0,0.0,0.01,10.0,,,,,,,2026-08-27,1182.51,1189.98,1171.85,1175.64,101452.0,1181.006449
2026-08-27T20:32:44.191,2,1,LLY260828P00650000,LLY,2026-08-28,put,650.0,0.0,0.0,0.01,10.0,0.005,0.01,1.0,,,,,,,2026-08-27,1182.51,1189.98,1171.85,1175.64,101452.0,1181.006449
2026-08-27T20:32:44.191,2,1,LLY260828P00660000,LLY,2026-08-28,put,660.0,0.0,0.0,0.06,10.0,0.03,0.03,1.0,,,,,,,2026-08-27,1182.51,1189.98,1171.85,1175.64,101452.0,1181.006449
2026-08-27T20:32:44.191,2,1,LLY260828P00670000,LLY,2026-08-28,put,670.0,0.0,0.0,0.0,0.0,0.0,0.02,10.0,,,,,,,2026-08-27,1182.51,1189.98,1171.85,1175.64,101452.0,1181.006449
2026-08-27T20:32:44.191,2,1,LLY260828P00680000,LLY,2026-08-28,put,680.0,0.0,0.0,0.06,2.0,0.03,0.01,1.0,,,,,,,2026-08-27,1182.51,1189.98,1171.85,1175.64,101452.0,1181.006449
2026-08-27T20:32:44.191,2,1,LLY260828P00690000,LLY,2026-08-28,put,690.0,0.0,0.0,0.1,4.0,0.05,0.01,1.0,,,,,,,2026-08-27,1182.51,1189.98,1171.85,1175.64,101452.0,1181.006449
2026-08-27T20:32:44.191,2,1,LLY260828P00700000,LLY,2026-08-28,put,700.0,0.0,0.0,0.01,1000.0,0.005,0.01,1.0,,,,,,,2026-08-27,1182.51,1189.98,1171.85,1175.64,101452.0,1181.006449
2026-08-27T20:32:44.191,2,1,LLY260828P00710000,LLY,2026-08-28,put,710.0,0.0,0.0,0.05,1.0,0.025,0.06,1.0,,,,,,,2026-08-27,1182.51,1189.98,1171.85,1175.64,101452.0,1181.006449
2026-08-27T20:32:44.191,2,1,LLY260828P00720000,LLY,2026-08-28,put,720.0,0.0,0.0,0.11,3.0,0.055,0.06,1.0,,,,,,,2026-08-27,1182.51,1189.98,1171.85,1175.64,101452.0,1181.006449
2026-08-27T20:32:44.191,2,1,LLY260828P00730000,LLY,2026-08-28,put,730.0,0.0,0.0,0.08,10.0,0.04,0.06,1.0,,,,,,,2026-08-27,1182.51,1189.98,1171.85,1175.64,101452.0,1181.006449
2026-08-27T20:32:44.191,2,1,LLY260828P00740000,LLY,2026-08-28,put,740.0,0.0,0.0,0.03,6.0,0.015,0.01,1.0,,,,,,,2026-08-27,1182.51,1189.98,1171.85,1175.64,101452.0,1181.006449
2026-08-27T20:32:44.191,2,1,LLY260828P00750000,LLY,2026-08-28,put,750.0,0.0,0.0,0.03,11.0,0.015,0.03,1.0,,,,,,,2026-08-27,1182.51,1189.98,1171.85,1175.64,101452.0,1181.006449
2026-08-27T20:32:44.191,2,1,LLY260828P00760000,LLY,2026-08-28,put,760.0,0.0,0.0,0.03,30.0,0.015,0.01,1.0,,,,,,,2026-08-27,1182.51,1189.98,1171.85,1175.64,101452.0,1181.006449
2026-08-27T20:32:44.191,2,1,LLY260828P00770000,LLY,2026-08-28,put,770.0,0.0,0.0,0.04,5.0,0.02,0.03,1.0,,,,,,,2026-08-27,1182.51,1189.98,1171.85,1175.64,101452.0,1181.006449
2026-08-27T20:32:44.191,2,1,LLY260828P00780000,LLY,2026-08-28,put,780.0,0.0,0.0,0.01,24.0,0.005,0.01,1.0,,,,,,,2026-08-27,1182.51,1189.98,1171.85,1175.64,101452.0,1181.006449
2026-08-27T20:32:44.191,2,1,LLY260828P00785000,LLY,2026-08-28,put,785.0,0.0,0.0,0.03,15.0,0.015,0.11,1.0,,,,,,,2026-08-27,1182.51,1189.98,1171.85,1175.64,101452.0,1181.006449
2026-08-27T20:32:44.191,2,1,LLY260828P00790000,LLY,2026-08-28,put,790.0,0.0,0.0,0.04,5.0,0.02,0.02,3.0,,,,,,,2026-08-27,1182.51,1189.98,1171.85,1175.64,101452.0,1181.006449
2026-08-27T20:32:44.191,2,1,LLY260828P00795000,LLY,2026-08-28,put,795.0,0.0,0.0,0.01,32.0,0.005,0.02,1.0,,,,,,,2026-08-27,1182.51,1189.98,1171.85,1175.64,101452.0,1181.006449
2026-08-27T20:32:44.191,2,1,LLY260828P00800000,LLY,2026-08-28,put,800.0,0.0,0.0,0.04,5.0,0.02,0.01,10.0,,,,,,,2026-08-27,1182.51,1189.98,1171.85,1175.64,101452.0,1181.006449
2026-08-27T20:32:44.191,2,1,LLY260828P00805000,LLY,2026-08-28,put,805.0,0.0,0.0,0.01,10.0,0.005,0.01,1.0,,,,,,,2026-08-27,1182.51,1189.98,1171.85,1175.64,101452.0,1181.006449
2026-08-27T20:32:44.191,2,1,LLY260828P00810000,LLY,2026-08-28,put,810.0,0.0,0.0,1.98,1.0,0.99,0.05,10.0,,,,,,,2026-08-27,1182.51,1189.98,1171.85,1175.64,101452.0,1181.006449
2026-08-27T20:32:44.191,2,1,LLY260828P00815000,LLY,2026-08-28,put,815.0,0.0,0.0,0.07,20.0,0.035,0.03,1.0,,,,,,,2026-08-27,1182.51,1189.98,1171.85,1175.64,101452.0,1181.006449
2026-08-27T20:32:44.191,2,1,LLY260828P00820000,LLY,2026-08-28,put,820.0,0.0,0.0,16.87,7.0,8.435,0.76,1.0,,,,,,,2026-08-27,1182.51,1189.98,1171.85,1175.64,101452.0,1181.006449
2026-08-27T20:32:44.191,2,1,LLY260828P00825000,LLY,2026-08-28,put,825.0,0.0,0.0,0.06,3.0,0.03,0.01,1.0,,,,,,,2026-08-27,1182.51,1189.98,1171.85,1175.64,101452.0,1181.006449
2026-08-27T20:32:44.191,2,1,LLY260828P00830000,LLY,2026-08-28,put,830.0,0.0,0.0,0.12,10.0,0.06,0.01,4.0,,,,,,,2026-08-27,1182.51,1189.98,1171.85,1175.64,101452.0,1181.006449
2026-08-27T20:32:44.191,2,1,LLY260828P00835000,LLY,2026-08-28,put,835.0,0.0,0.0,0.06,3.0,0.03,0.13,1.0,,,,,,,2026-08-27,1182.51,1189.98,1171.85,1175.64,101452.0,1181.006449
2026-08-27T20:32:44.191,2,1,LLY260828P00840000,LLY,2026-08-28,put,840.0,0.0,0.0,0.06,3.0,0.03,0.01,20.0,,,,,,,2026-08-27,1182.51,1189.98,1171.85,1175.64,101452.0,1181.006449
2026-08-27T20:32:44.191,2,1,LLY260828P00845000,LLY,2026-08-28,put,845.0,0.0,0.0,0.06,3.0,0.03,0.04,1.0,,,,,,,2026-08-27,1182.51,1189.98,1171.85,1175.64,101452.0,1181.006449
2026-08-27T20:32:44.191,2,1,LLY260828P00850000,LLY,2026-08-28,put,850.0,0.0,0.0,0.01,3.0,0.005,0.02,10.0,,,,,,,2026-08-27,1182.51,1189.98,1171.85,1175.64,101452.0,1181.006449
2026-08-27T20:32:44.191,2,1,LLY260828P00855000,LLY,2026-08-28,put,855.0,0.0,0.0,0.03,5.0,0.015,0.12,1.0,,,,,,,2026-08-27,1182.51,1189.98,1171.85,1175.64,101452.0,1181.006449
2026-08-27T20:32:44.191,2,1,LLY260828P00860000,LLY,2026-08-28,put,860.0,0.0,0.0,0.49,25.0,0.245,0.01,1.0,,,,,,,2026-08-27,1182.51,1189.98,1171.85,1175.64,101452.0,1181.006449
2026-08-27T20:32:44.191,2,1,LLY260828P00865000,LLY,2026-08-28,put,865.0,0.0,0.0,0.1,1.0,0.05,0.02,1.0,,,,,,,2026-08-27,1182.51,1189.98,1171.85,1175.64,101452.0,1181.006449
2026-08-27T20:32:44.191,2,1,LLY260828P00870000,LLY,2026-08-28,put,870.0,0.0,0.0,0.06,4.0,0.03,0.01,4.0,,,,,,,2026-08-27,1182.51,1189.98,1171.85,1175.64,101452.0,1181.006449
2026-08-27T20:32:44.191,2,1,LLY260828P00875000,LLY,2026-08-28,put,875.0,0.0,0.0,0.04,8.0,0.02,0.02,5.0,,,,,,,2026-08-27,1182.51,1189.98,1171.85,1175.64,101452.0,1181.006449
2026-08-27T20:32:44.191,2,1,LLY260828P00880000,LLY,2026-08-28,put,880.0,0.0,0.0,0.03,15.0,0.015,0.01,1.0,,,,,,,2026-08-27,1182.51,1189.98,1171.85,1175.64,101452.0,1181.006449
2026-08-27T20:32:44.191,2,1,LLY260828P00885000,LLY,2026-08-28,put,885.0,0.0,0.0,0.01,15.0,0.005,0.04,1.0,,,,,,,2026-08-27,1182.51,1189.98,1171.85,1175.64,101452.0,1181.006449
2026-08-27T20:32:44.191,2,1,LLY260828P00890000,LLY,2026-08-28,put,890.0,0.0,0.0,0.01,3.0,0.005,0.01,1.0,,,,,,,2026-08-27,1182.51,1189.98,1171.85,1175.64,101452.0,1181.006449
2026-08-27T20:32:44.191,2,1,LLY260828P00895000,LLY,2026-08-28,put,895.0,0.0,0.0,0.05,3.0,0.025,0.03,1.0,,,,,,,2026-08-27,1182.51,1189.98,1171.85,1175.64,101452.0,1181.006449
2026-08-27T20:32:44.191,2,1,LLY260828P00900000,LLY,2026-08-28,put,900.0,0.0,0.0,0.03,17.0,0.015,0.01,1.0,,,,,,,2026-08-27,1182.51,1189.98,1171.85,1175.64,101452.0,1181.006449
2026-08-27T20:32:44.191,2,1,LLY260828P00905000,LLY,2026-08-28,put,905.0,0.0,0.0,0.05,1.0,0.025,0.05,1.0,,,,,,,2026-08-27,1182.51,1189.98,1171.85,1175.64,101452.0,1181.006449
2026-08-27T20:32:44.191,2,1,LLY260828P00910000,LLY,2026-08-28,put,910.0,0.0,0.0,0.03,5.0,0.015,0.01,1.0,,,,,,,2026-08-27,1182.51,1189.98,1171.85,1175.64,101452.0,1181.006449
2026-08-27T20:32:44.191,2,1,LLY260828P00915000,LLY,2026-08-28,put,915.0,0.0,0.0,0.01,25.0,0.005,0.01,1.0,,,,,,,2026-08-27,1182.51,1189.98,1171.85,1175.64,101452.0,1181.006449
2026-08-27T20:32:44.191,2,1,LLY260828P00920000,LLY,2026-08-28,put,920.0,0.0,0.0,0.11,2.0,0.055,0.05,2.0,,,,,,,2026-08-27,1182.51,1189.98,1171.85,1175.64,101452.0,1181.006449
2026-08-27T20:32:44.191,2,1,LLY260828P00925000,LLY,2026-08-28,put,925.0,0.0,0.0,0.03,20.0,0.015,0.01,1.0,,,,,,,2026-08-27,1182.51,1189.98,1171.85,1175.64,101452.0,1181.006449
2026-08-27T20:32:44.191,2,1,LLY260828P00930000,LLY,2026-08-28,put,930.0,0.0,0.0,0.96,2.0,0.48,0.01,2.0,,,,,,,2026-08-27,1182.51,1189.98,1171.85,1175.64,101452.0,1181.006449
2026-08-27T20:32:44.191,2,1,LLY260828P00935000,LLY,2026-08-28,put,935.0,0.0,0.0,12.86,1.0,6.43,0.08,89.0,,,,,,,2026-08-27,1182.51,1189.98,1171.85,1175.64,101452.0,1181.006449
2026-08-27T20:32:44.191,2,1,LLY260828P00940000,LLY,2026-08-28,put,940.0,0.0,0.0,0.07,1.0,0.035,0.05,5.0,,,,,,,2026-08-27,1182.51,1189.98,1171.85,1175.64,101452.0,1181.006449
2026-08-27T20:32:44.191,2,1,LLY260828P00945000,LLY,2026-08-28,put,945.0,0.0,0.0,10.19,5.0,5.095,0.15,1.0,,,,,,,2026-08-27,1182.51,1189.98,1171.85,1175.64,101452.0,1181.006449
2026-08-27T20:32:44.191,2,1,LLY260828P00950000,LLY,2026-08-28,put,950.0,0.0,0.0,1.03,8.0,0.515,0.14,1.0,,,,,,,2026-08-27,1182.51,1189.98,1171.85,1175.64,101452.0,1181.006449
2026-08-27T20:32:44.191,2,1,LLY260828P00955000,LLY,2026-08-28,put,955.0,0.0,0.0,8.39,32.0,4.195,0.02,3.0,,,,,,,2026-08-27,1182.51,1189.98,1171.85,1175.64,101452.0,1181.006449
2026-08-27T20:32:44.191,2,1,LLY260828P00960000,LLY,2026-08-28,put,960.0,0.0,0.0,4.98,1.0,2.49,0.31,3.0,,,,,,,2026-08-27,1182.51,1189.98,1171.85,1175.64,101452.0,1181.006449
2026-08-27T20:32:44.191,2,1,LLY260828P00965000,LLY,2026-08-28,put,965.0,0.0,0.0,0.03,1.0,0.015,0.05,5.0,,,,,,,2026-08-27,1182.51,1189.98,1171.85,1175.64,101452.0,1181.006449
2026-08-27T20:32:44.191,2,1,LLY260828P00970000,LLY,2026-08-28,put,970.0,0.0,0.0,0.07,2.0,0.035,0.05,10.0,,,,,,,2026-08-27,1182.51,1189.98,1171.85,1175.64,101452.0,1181.006449
2026-08-27T20:32:44.191,2,1,LLY260828P00975000,LLY,2026-08-28,put,975.0,0.0,0.0,0.03,2.0,0.015,0.05,9.0,,,,,,,2026-08-27,1182.51,1189.98,1171.85,1175.64,101452.0,1181.006449
2026-08-27T20:32:44.191,2,1,LLY260828P00980000,LLY,2026-08-28,put,980.0,0.0,0.0,16.96,7.0,8.48,0.03,1.0,,,,,,,2026-08-27,1182.51,1189.98,1171.85,1175.64,101452.0,1181.006449
2026-08-27T20:32:44.191,2,1,LLY260828P00985000,LLY,2026-08-28,put,985.0,0.0,0.0,0.07,71.0,0.035,0.02,10.0,,,,,,,2026-08-27,1182.51,1189.98,1171.85,1175.64,101452.0,1181.006449
2026-08-27T20:32:44.191,2,1,LLY260828P00990000,LLY,2026-08-28,put,990.0,0.0,0.0,7.65,128.0,3.825,0.1,1.0,,,,,,,2026-08-27,1182.51,1189.98,1171.85,1175.64,101452.0,1181.006449
2026-08-27T20:32:44.191,2,1,LLY260828P00995000,LLY,2026-08-28,put,995.0,0.0,0.0,0.07,7.0,0.035,0.02,1.0,,,,,,,2026-08-27,1182.51,1189.98,1171.85,1175.64,101452.0,1181.006449
2026-08-27T20:32:44.191,2,1,LLY260828P01000000,LLY,2026-08-28,put,1000.0,0.0,0.0,9.85,150.0,4.925,0.09,4.0,,,,,,,2026-08-27,1182.51,1189.98,1171.85,1175.64,101452.0,1181.006449
2026-08-27T20:32:44.191,2,1,LLY260828P01005000,LLY,2026-08-28,put,1005.0,0.0,0.0,4.56,137.0,2.28,0.15,1.0,,,,,,,2026-08-27,1182.51,1189.98,1171.85,1175.64,101452.0,1181.006449
2026-08-27T20:32:44.191,2,1,LLY260828P01010000,LLY,2026-08-28,put,1010.0,0.0,0.0,4.28,118.0,2.14,0.02,4.0,,,,,,,2026-08-27,1182.51,1189.98,1171.85,1175.64,101452.0,1181.006449
2026-08-27T20:32:44.191,2,1,LLY260828P01015000,LLY,2026-08-28,put,1015.0,0.0,0.0,0.74,112.0,0.37,0.33,1.0,,,,,,,2026-08-27,1182.51,1189.98,1171.85,1175.64,101452.0,1181.006449
2026-08-27T20:32:44.191,2,1,LLY260828P01020000,LLY,2026-08-28,put,1020.0,0.0,0.0,0.23,112.0,0.115,0.01,1.0,,,,,,,2026-08-27,1182.51,1189.98,1171.85,1175.64,101452.0,1181.006449
2026-08-27T20:32:44.191,2,1,LLY260828P01025000,LLY,2026-08-28,put,1025.0,0.0,0.0,0.59,160.0,0.295,0.03,1.0,,,,,,,2026-08-27,1182.51,1189.98,1171.85,1175.64,101452.0,1181.006449
2026-08-27T20:32:44.191,2,1,LLY260828P01030000,LLY,2026-08-28,put,1030.0,0.0,0.0,0.58,166.0,0.29,0.04,1.0,,,,,,,2026-08-27,1182.51,1189.98,1171.85,1175.64,101452.0,1181.006449
2026-08-27T20:32:44.191,2,1,LLY260828P01035000,LLY,2026-08-28,put,1035.0,0.01,7.0,0.15,146.0,0.08,0.09,1.0,,,,,,,2026-08-27,1182.51,1189.98,1171.85,1175.64,101452.0,1181.006449
2026-08-27T20:32:44.191,2,1,LLY260828P01040000,LLY,2026-08-28,put,1040.0,0.07,1.0,0.11,2.0,0.09,0.07,1.0,,,,,,,2026-08-27,1182.51,1189.98,1171.85,1175.64,101452.0,1181.006449
2026-08-27T20:32:44.191,2,1,LLY260828P01045000,LLY,2026-08-28,put,1045.0,0.0,0.0,1.22,121.0,0.61,0.16,1.0,,,,,,,2026-08-27,1182.51,1189.98,1171.85,1175.64,101452.0,1181.006449
2026-08-27T20:32:44.191,2,1,LLY260828P01050000,LLY,2026-08-28,put,1050.0,0.03,3.0,0.11,42.0,0.07,0.05,11.0,0.8298,-0.0043,0.0002,-0.3248,0.0078,-0.0001,2026-08-27,1182.51,1189.98,1171.85,1175.64,101452.0,1181.006449
2026-08-27T20:32:44.191,2,1,LLY260828P01055000,LLY,2026-08-28,put,1055.0,0.0,0.0,2.69,138.0,1.345,0.12,1.0,,,,,,,2026-08-27,1182.51,1189.98,1171.85,1175.64,101452.0,1181.006449
2026-08-27T20:32:44.191,2,1,LLY260828P01060000,LLY,2026-08-28,put,1060.0,0.0,0.0,0.3,127.0,0.15,0.05,1.0,,,,,,,2026-08-27,1182.51,1189.98,1171.85,1175.64,101452.0,1181.006449
2026-08-27T20:32:44.191,2,1,LLY260828P01065000,LLY,2026-08-28,put,1065.0,0.01,2.0,0.45,99.0,0.23,0.12,1.0,0.8509,-0.0125,0.0006,-0.844,0.0199,-0.0004,2026-08-27,1182.51,1189.98,1171.85,1175.64,101452.0,1181.006449
2026-08-27T20:32:44.191,2,1,LLY260828P01070000,LLY,2026-08-28,put,1070.0,0.0,0.0,2.84,146.0,1.42,0.39,4.0,,,,,,,2026-08-27,1182.51,1189.98,1171.85,1175.64,101452.0,1181.006449
2026-08-27T20:32:44.191,2,1,LLY260828P01075000,LLY,2026-08-28,put,1075.0,0.0,0.0,2.75,103.0,1.375,0.18,1.0,,,,,,,2026-08-27,1182.51,1189.98,1171.85,1175.64,101452.0,1181.006449
2026-08-27T20:32:44.191,2,1,LLY260828P01080000,LLY,2026-08-28,put,1080.0,0.0,0.0,1.0,144.0,0.5,0.16,1.0,,,,,,,2026-08-27,1182.51,1189.98,1171.85,1175.64,101452.0,1181.006449
2026-08-27T20:32:44.191,2,1,LLY260828P01085000,LLY,2026-08-28,put,1085.0,0.0,0.0,2.19,153.0,1.095,0.26,3.0,,,,,,,2026-08-27,1182.51,1189.98,1171.85,1175.64,101452.0,1181.006449
2026-08-27T20:32:44.191,2,1,LLY260828P01090000,LLY,2026-08-28,put,1090.0,0.0,0.0,0.21,1.0,0.105,0.11,5.0,,,,,,,2026-08-27,1182.51,1189.98,1171.85,1175.64,101452.0,1181.006449
2026-08-27T20:32:44.191,2,1,LLY260828P01095000,LLY,2026-08-28,put,1095.0,0.0,0.0,0.43,143.0,0.215,0.17,2.0,,,,,,,2026-08-27,1182.51,1189.98,1171.85,1175.64,101452.0,1181.006449
2026-08-27T20:32:44.191,2,1,LLY260828P01100000,LLY,2026-08-28,put,1100.0,0.11,50.0,0.57,97.0,0.33999999999999997,0.24,1.0,0.6413,-0.0228,0.0014,-1.0651,0.0333,-0.0007,2026-08-27,1182.51,1189.98,1171.85,1175.64,101452.0,1181.006449
2026-08-27T20:32:44.191,2,1,LLY260828P01105000,LLY,2026-08-28,put,1105.0,0.0,0.0,0.56,51.0,0.28,0.26,5.0,,,,,,,2026-08-27,1182.51,1189.98,1171.85,1175.64,101452.0,1181.006449
2026-08-27T20:32:44.191,2,1,LLY260828P01110000,LLY,2026-08-28,put,1110.0,0.03,2.0,0.57,95.0,0.3,0.1,1.0,0.5556,-0.0232,0.0016,-0.9361,0.0338,-0.0008,2026-08-27,1182.51,1189.98,1171.85,1175.64,101452.0,1181.006449
2026-08-27T20:32:44.191,2,1,LLY260828P01115000,LLY,2026-08-28,put,1115.0,0.0,0.0,0.47,130.0,0.235,0.01,2.0,,,,,,,2026-08-27,1182.51,1189.98,1171.85,1175.64,101452.0,1181.006449
2026-08-27T20:32:44.191,2,1,LLY260828P01120000,LLY,2026-08-28,put,1120.0,0.0,0.0,0.52,96.0,0.26,0.27,1.0,,,,,,,2026-08-27,1182.51,1189.98,1171.85,1175.64,101452.0,1181.006449
2026-08-27T20:32:44.191,2,1,LLY260828P01125000,LLY,2026-08-28,put,1125.0,0.09,1.0,0.63,60.0,0.36,0.39,1.0,0.4586,-0.0323,0.0026,-1.0173,0.0445,-0.0011,2026-08-27,1182.51,1189.98,1171.85,1175.64,101452.0,1181.006449
2026-08-27T20:32:44.191,2,1,LLY260828P01130000,LLY,2026-08-28,put,1130.0,0.03,65.0,0.53,37.0,0.28,0.35,2.0,0.402,-0.0291,0.0027,-0.8178,0.0409,-0.0009,2026-08-27,1182.51,1189.98,1171.85,1175.64,101452.0,1181.006449
2026-08-27T20:32:44.191,2,1,LLY260828P01135000,LLY,2026-08-28,put,1135.0,0.32,2.0,1.04,75.0,0.68,0.69,1.0,0.4333,-0.0589,0.0044,-1.5581,0.0722,-0.0019,2026-08-27,1182.51,1189.98,1171.85,1175.64,101452.0,1181.006449
2026-08-27T20:32:44.191,2,1,LLY260828P01140000,LLY,2026-08-28,put,1140.0,0.23,64.0,0.94,67.0,0.585,0.6,1.0,0.3776,-0.0583,0.005,-1.3463,0.0717,-0.0019,2026-08-27,1182.51,1189.98,1171.85,1175.64,101452.0,1181.006449
2026-08-27T20:32:44.191,2,1,LLY260828P01145000,LLY,2026-08-28,put,1145.0,0.04,44.0,1.28,87.0,0.66,0.9,1.0,0.3443,-0.0699,0.0063,-1.4131,0.0826,-0.0023,2026-08-27,1182.51,1189.98,1171.85,1175.64,101452.0,1181.006449
2026-08-27T20:32:44.191,2,1,LLY260828P01150000,LLY,2026-08-28,put,1150.0,0.98,1.0,2.02,210.0,1.5,1.58,6.0,0.3758,-0.1287,0.0091,-2.4136,0.1293,-0.0042,2026-08-27,1182.51,1189.98,1171.85,1175.64,101452.0,1181.006449
2026-08-27T20:32:44.191,2,1,LLY260828P01155000,LLY,2026-08-28,put,1155.0,1.04,61.0,2.9,52.0,1.97,2.5,1.0,0.3554,-0.1677,0.0115,-2.7232,0.1544,-0.0055,2026-08-27,1182.51,1189.98,1171.85,1175.64,101452.0,1181.006449
2026-08-27T20:32:44.191,2,1,LLY260828P01160000,LLY,2026-08-28,put,1160.0,1.81,41.0,4.08,62.0,2.9450000000000003,2.25,3.0,0.3529,-0.2309,0.014,-3.2768,0.1872,-0.0075,2026-08-27,1182.51,1189.98,1171.85,1175.64,101452.0,1181.006449
2026-08-27T20:32:44.191,2,1,LLY260828P01165000,LLY,2026-08-28,put,1165.0,3.28,32.0,5.19,1.0,4.235,4.1,1.0,0.3491,-0.3056,0.0163,-3.7296,0.2157,-0.01,2026-08-27,1182.51,1189.98,1171.85,1175.64,101452.0,1181.006449
2026-08-27T20:32:44.191,2,1,LLY260828P01167500,LLY,2026-08-28,put,1167.5,2.89,42.0,7.57,75.0,5.23,5.4,2.0,0.3563,-0.3506,0.0169,-4.0209,0.2281,-0.0114,2026-08-27,1182.51,1189.98,1171.85,1175.64,101452.0,1181.006449
2026-08-27T20:32:44.191,2,1,LLY260828P01170000,LLY,2026-08-28,put,1170.0,4.22,50.0,7.38,43.0,5.8,7.16,1.0,0.3403,-0.3895,0.0183,-3.9689,0.236,-0.0127,2026-08-27,1182.51,1189.98,1171.85,1175.64,101452.0,1181.006449
2026-08-27T20:32:44.191,2,1,LLY260828P01172500,LLY,2026-08-28,put,1172.5,5.4,16.0,9.99,97.0,7.695,7.4,1.0,0.3751,-0.4413,0.0171,-4.5021,0.2428,-0.0144,2026-08-27,1182.51,1189.98,1171.85,1175.64,101452.0,1181.006449
2026-08-27T20:32:44.191,2,1,LLY260828P01175000,LLY,2026-08-28,put,1175.0,6.84,16.0,9.85,66.0,8.344999999999999,8.58,2.0,0.3537,-0.4839,0.0183,-4.28,0.2453,-0.0158,2026-08-27,1182.51,1189.98,1171.85,1175.64,101452.0,1181.006449
2026-08-27T20:32:44.191,2,1,LLY260828P01177500,LLY,2026-08-28,put,1177.5,6.95,30.0,12.68,26.0,9.815,10.92,100.0,0.3612,-0.5289,0.0179,-4.3591,0.2448,-0.0173,2026-08-27,1182.51,1189.98,1171.85,1175.64,101452.0,1181.006449
2026-08-27T20:32:44.191,2,1,LLY260828P01180000,LLY,2026-08-28,put,1180.0,9.46,24.0,12.65,54.0,11.055,11.39,1.0,0.3547,-0.5747,0.018,-4.2091,0.2412,-0.0188,2026-08-27,1182.51,1189.98,1171.85,1175.64,101452.0,1181.006449
2026-08-27T20:32:44.191,2,1,LLY260828P01185000,LLY,2026-08-28,put,1185.0,12.52,17.0,18.15,106.0,15.334999999999999,13.0,1.0,0.4054,-0.6412,0.015,-4.5837,0.2299,-0.0211,2026-08-27,1182.51,1189.98,1171.85,1175.64,101452.0,1181.006449
2026-08-27T20:32:44.191,2,1,LLY260828P01190000,LLY,2026-08-28,put,1190.0,15.07,32.0,22.47,55.0,18.77,19.04,6.0,0.4059,-0.712,0.0137,-4.175,0.2099,-0.0234,2026-08-27,1182.51,1189.98,1171.85,1175.64,101452.0,1181.006449
2026-08-27T20:32:44.191,2,1,LLY260828P01192500,LLY,2026-08-28,put,1192.5,16.28,39.0,24.51,66.0,20.395000000000003,14.05,2.0,0.395,-0.7508,0.0131,-3.7656,0.1952,-0.0247,2026-08-27,1182.51,1189.98,1171.85,1175.64,101452.0,1181.006449
2026-08-27T20:32:44.191,2,1,LLY260828P01195000,LLY,2026-08-28,put,1195.0,17.85,40.0,27.44,44.0,22.645000000000003,16.74,1.0,0.4123,-0.7717,0.0119,-3.743,0.186,-0.0255,2026-08-27,1182.51,1189.98,1171.85,1175.64,101452.0,1181.006449
2026-08-27T20:32:44.191,2,1,LLY260828P01200000,LLY,2026-08-28,put,1200.0,23.84,44.0,27.41,27.0,25.625,25.87,1.0,0.3395,-0.8736,0.0099,-2.0624,0.1277,-0.0288,2026-08-27,1182.51,1189.98,1171.85,1175.64,101452.0,1181.006449
2026-08-27T20:32:44.191,2,1,LLY260828P01202500,LLY,2026-08-28,put,1202.5,22.39,41.0,32.81,43.0,27.6,21.7,1.0,0.3159,-0.9124,0.0082,-1.437,0.0979,-0.0301,2026-08-27,1182.51,1189.98,1171.85,1175.64,101452.0,1181.006449
2026-08-27T20:32:44.191,2,1,LLY260828P01205000,LLY,2026-08-28,put,1205.0,23.81,40.0,34.81,48.0,29.310000000000002,25.48,1.0,,,,,,,2026-08-27,1182.51,1189.98,1171.85,1175.64,101452.0,1181.006449
2026-08-27T20:32:44.191,2,1,LLY260828P01207500,LLY,2026-08-28,put,1207.5,26.24,40.0,37.44,12.0,31.839999999999996,25.65,2.0,0.1988,-0.9948,0.0012,0.0279,0.0092,-0.0329,2026-08-27,1182.51,1189.98,1171.85,1175.64,101452.0,1181.006449
2026-08-27T20:32:44.191,2,1,LLY260828P01210000,LLY,2026-08-28,put,1210.0,29.49,45.0,39.71,23.0,34.6,36.04,5.0,0.3071,-0.9626,0.0043,-0.6539,0.0501,-0.032,2026-08-27,1182.51,1189.98,1171.85,1175.64,101452.0,1181.006449
2026-08-27T20:32:44.191,2,1,LLY260828P01212500,LLY,2026-08-28,put,1212.5,33.32,11.0,42.3,11.0,37.81,34.12,1.0,0.4237,-0.9162,0.0059,-1.8966,0.0948,-0.0305,2026-08-27,1182.51,1189.98,1171.85,1175.64,101452.0,1181.006449
2026-08-27T20:32:44.191,2,1,LLY260828P01215000,LLY,2026-08-28,put,1215.0,36.93,35.0,43.39,41.0,40.16,31.0,1.0,0.4278,-0.9276,0.0052,-1.7013,0.0848,-0.031,2026-08-27,1182.51,1189.98,1171.85,1175.64,101452.0,1181.006449
2026-08-27T20:32:44.191,2,1,LLY260828P01217500,LLY,2026-08-28,put,1217.5,39.08,10.0,47.84,6.0,43.46,31.9,1.0,0.5298,-0.8938,0.0056,-2.8802,0.1128,-0.03,2026-08-27,1182.51,1189.98,1171.85,1175.64,101452.0,1181.006449
2026-08-27T20:32:44.191,2,1,LLY260828P01220000,LLY,2026-08-28,put,1220.0,40.16,43.0,49.56,41.0,44.86,38.48,1.0,0.4265,-0.9502,0.0039,-1.2336,0.0633,-0.0318,2026-08-27,1182.51,1189.98,1171.85,1175.64,101452.0,1181.006449
2026-08-27T20:32:44.191,2,1,LLY260828P01222500,LLY,2026-08-28,put,1222.5,43.93,10.0,52.56,6.0,48.245000000000005,35.35,3.0,0.5535,-0.9088,0.0048,-2.6815,0.1009,-0.0306,2026-08-27,1182.51,1189.98,1171.85,1175.64,101452.0,1181.006449
2026-08-27T20:32:44.191,2,1,LLY260828P01225000,LLY,2026-08-28,put,1225.0,45.26,40.0,55.67,12.0,50.465,36.5,10.0,0.545,-0.9231,0.0043,-2.3056,0.0888,-0.0311,2026-08-27,1182.51,1189.98,1171.85,1175.64,101452.0,1181.006449
2026-08-27T20:32:44.191,2,1,LLY260828P01227500,LLY,2026-08-28,put,1227.5,47.72,13.0,57.65,13.0,52.685,50.75,1.0,0.5309,-0.938,0.0037,-1.8803,0.0752,-0.0317,2026-08-27,1182.51,1189.98,1171.85,1175.64,101452.0,1181.006449
2026-08-27T20:32:44.191,2,1,LLY260828P01230000,LLY,2026-08-28,put,1230.0,52.15,30.0,59.59,39.0,55.870000000000005,53.19,3.0,0.6299,-0.9121,0.0041,-2.9813,0.0982,-0.0309,2026-08-27,1182.51,1189.98,1171.85,1175.64,101452.0,1181.006449
2026-08-27T20:32:44.191,2,1,LLY260828P01232500,LLY,2026-08-28,put,1232.5,54.85,31.0,62.95,39.0,58.900000000000006,57.5,1.0,0.7022,-0.8972,0.0041,-3.7575,0.1102,-0.0305,2026-08-27,1182.51,1189.98,1171.85,1175.64,101452.0,1181.006449
2026-08-27T20:32:44.191,2,1,LLY260828P01235000,LLY,2026-08-28,put,1235.0,55.43,40.0,65.62,52.0,60.525000000000006,46.04,1.0,0.6329,-0.9291,0.0035,-2.525,0.0834,-0.0316,2026-08-27,1182.51,1189.98,1171.85,1175.64,101452.0,1181.006449
2026-08-27T20:32:44.191,2,1,LLY260828P01240000,LLY,2026-08-28,put,1240.0,61.71,32.0,67.65,45.0,64.68,73.45,1.0,0.533,-0.971,0.002,-0.9655,0.0407,-0.033,2026-08-27,1182.51,1189.98,1171.85,1175.64,101452.0,1181.006449
2026-08-27T20:32:44.191,2,1,LLY260828P01245000,LLY,2026-08-28,put,1245.0,66.42,40.0,73.53,53.0,69.975,77.02,1.0,0.6288,-0.9577,0.0023,-1.6265,0.0555,-0.0328,2026-08-27,1182.51,1189.98,1171.85,1175.64,101452.0,1181.006449
2026-08-27T20:32:44.191,2,1,LLY260828P01250000,LLY,2026-08-28,put,1250.0,70.68,9.0,80.23,12.0,75.45500000000001,71.08,1.0,0.7404,-0.9409,0.0026,-2.5637,0.0724,-0.0324,2026-08-27,1182.51,1189.98,1171.85,1175.64,101452.0,1181.006449
2026-08-27T20:32:44.191,2,1,LLY260828P01255000,LLY,2026-08-28,put,1255.0,75.37,13.0,82.61,31.0,78.99000000000001,79.0,1.0,,,,,,,2026-08-27,1182.51,1189.98,1171.85,1175.64,101452.0,1181.006449
2026-08-27T20:32:44.191,2,1,LLY260828P01260000,LLY,2026-08-28,put,1260.0,79.11,39.0,90.94,14.0,85.025,80.39,48.0,0.7434,-0.9609,0.0019,-1.8156,0.0521,-0.0333,2026-08-27,1182.51,1189.98,1171.85,1175.64,101452.0,1181.006449
2026-08-27T20:32:44.191,2,1,LLY260828P01265000,LLY,2026-08-28,put,1265.0,84.41,34.0,93.67,43.0,89.03999999999999,81.54,68.0,,,,,,,2026-08-27,1182.51,1189.98,1171.85,1175.64,101452.0,1181.006449
2026-08-27T20:32:44.191,2,1,LLY260828P01270000,LLY,2026-08-28,put,1270.0,90.19,7.0,99.73,7.0,94.96000000000001,88.39,28.0,0.7982,-0.9661,0.0015,-1.7259,0.0463,-0.0337,2026-08-27,1182.51,1189.98,1171.85,1175.64,101452.0,1181.006449
2026-08-27T20:32:44.191,2,1,LLY260828P01275000,LLY,2026-08-28,put,1275.0,94.36,11.0,104.39,6.0,99.375,84.14,1.0,0.6025,-0.9947,0.0004,-0.156,0.0094,-0.0348,2026-08-27,1182.51,1189.98,1171.85,1175.64,101452.0,1181.006449
2026-08-27T20:32:44.191,2,1,LLY260828P01280000,LLY,2026-08-28,put,1280.0,99.86,12.0,109.73,6.0,104.795,107.8,18.0,0.8233,-0.9745,0.0012,-1.381,0.0366,-0.0343,2026-08-27,1182.51,1189.98,1171.85,1175.64,101452.0,1181.006449
2026-08-27T20:32:44.191,2,1,LLY260828P01285000,LLY,2026-08-28,put,1285.0,105.2,12.0,116.59,7.0,110.89500000000001,88.91,1.0,,,,,,,2026-08-27,1182.51,1189.98,1171.85,1175.64,101452.0,1181.006449
2026-08-27T20:32:44.191,2,1,LLY260828P01290000,LLY,2026-08-28,put,1290.0,108.2,11.0,118.03,6.0,113.11500000000001,93.15,2.0,,,,,,,2026-08-27,1182.51,1189.98,1171.85,1175.64,101452.0,1181.006449
2026-08-27T20:32:44.191,2,1,LLY260828P01295000,LLY,2026-08-28,put,1295.0,116.89,12.0,126.18,7.0,121.535,82.67,2.0,,,,,,,2026-08-27,1182.51,1189.98,1171.85,1175.64,101452.0,1181.006449
2026-08-27T20:32:44.191,2,1,LLY260828P01300000,LLY,2026-08-28,put,1300.0,121.01,12.0,132.03,12.0,126.52000000000001,122.75,3.0,,,,,,,2026-08-27,1182.51,1189.98,1171.85,1175.64,101452.0,1181.006449
2026-08-27T20:32:44.191,2,1,LLY260828P01305000,LLY,2026-08-28,put,1305.0,122.55,10.0,137.0,7.0,129.775,,,,,,,,,2026-08-27,1182.51,1189.98,1171.85,1175.64,101452.0,1181.006449
2026-08-27T20:32:44.191,2,1,LLY260828P01310000,LLY,2026-08-28,put,1310.0,131.34,12.0,137.01,7.0,134.175,,,,,,,,,2026-08-27,1182.51,1189.98,1171.85,1175.64,101452.0,1181.006449
2026-08-27T20:32:44.191,2,1,LLY260828P01315000,LLY,2026-08-28,put,1315.0,133.64,10.0,144.4,10.0,139.01999999999998,124.61,1.0,,,,,,,2026-08-27,1182.51,1189.98,1171.85,1175.64,101452.0,1181.006449
2026-08-27T20:32:44.191,2,1,LLY260828P01320000,LLY,2026-08-28,put,1320.0,137.7,10.0,152.15,6.0,144.925,131.49,1.0,,,,,,,2026-08-27,1182.51,1189.98,1171.85,1175.64,101452.0,1181.006449
2026-08-27T20:32:44.191,2,1,LLY260828P01325000,LLY,2026-08-28,put,1325.0,144.28,19.0,156.09,5.0,150.185,133.9,1.0,,,,,,,2026-08-27,1182.51,1189.98,1171.85,1175.64,101452.0,1181.006449
2026-08-27T20:32:44.191,2,1,LLY260828P01330000,LLY,2026-08-28,put,1330.0,147.5,12.0,159.09,5.0,153.29500000000002,123.56,1.0,,,,,,,2026-08-27,1182.51,1189.98,1171.85,1175.64,101452.0,1181.006449
2026-08-27T20:32:44.191,2,1,LLY260828P01335000,LLY,2026-08-28,put,1335.0,155.6,12.0,166.67,7.0,161.135,73.66,3.0,,,,,,,2026-08-27,1182.51,1189.98,1171.85,1175.64,101452.0,1181.006449
2026-08-27T20:32:44.191,2,1,LLY260828P01340000,LLY,2026-08-28,put,1340.0,163.83,11.0,170.26,7.0,167.04500000000002,71.55,2.0,,,,,,,2026-08-27,1182.51,1189.98,1171.85,1175.64,101452.0,1181.006449
2026-08-27T20:32:44.191,2,1,LLY260828P01345000,LLY,2026-08-28,put,1345.0,167.37,11.0,172.05,6.0,169.71,,,,,,,,,2026-08-27,1182.51,1189.98,1171.85,1175.64,101452.0,1181.006449
2026-08-27T20:32:44.191,2,1,LLY260828P01350000,LLY,2026-08-28,put,1350.0,170.72,11.0,183.08,6.0,176.9,,,,,,,,,2026-08-27,1182.51,1189.98,1171.85,1175.64,101452.0,1181.006449
2026-08-27T20:32:44.191,2,1,LLY260828P01355000,LLY,2026-08-28,put,1355.0,172.27,8.0,184.03,6.0,178.15,103.05,1.0,,,,,,,2026-08-27,1182.51,1189.98,1171.85,1175.64,101452.0,1181.006449
2026-08-27T20:32:44.191,2,1,LLY260828P01360000,LLY,2026-08-28,put,1360.0,182.9,28.0,186.46,7.0,184.68,112.5,1.0,,,,,,,2026-08-27,1182.51,1189.98,1171.85,1175.64,101452.0,1181.006449
2026-08-27T20:32:44.191,2,1,LLY260828P01365000,LLY,2026-08-28,put,1365.0,181.43,7.0,196.46,7.0,188.945,,,,,,,,,2026-08-27,1182.51,1189.98,1171.85,1175.64,101452.0,1181.006449
2026-08-27T20:32:44.191,2,1,LLY260828P01370000,LLY,2026-08-28,put,1370.0,186.82,12.0,195.86,7.0,191.34,,,,,,,,,2026-08-27,1182.51,1189.98,1171.85,1175.64,101452.0,1181.006449
2026-08-27T20:32:44.191,2,1,LLY260828P01375000,LLY,2026-08-28,put,1375.0,198.19,19.0,204.74,7.0,201.465,,,,,,,,,2026-08-27,1182.51,1189.98,1171.85,1175.64,101452.0,1181.006449
2026-08-27T20:32:44.191,2,1,LLY260828P01380000,LLY,2026-08-28,put,1380.0,196.54,9.0,206.59,7.0,201.565,163.48,8.0,,,,,,,2026-08-27,1182.51,1189.98,1171.85,1175.64,101452.0,1181.006449
2026-08-27T20:32:44.191,2,1,LLY260828P01385000,LLY,2026-08-28,put,1385.0,205.72,10.0,213.28,11.0,209.5,,,,,,,,,2026-08-27,1182.51,1189.98,1171.85,1175.64,101452.0,1181.006449
2026-08-27T20:32:44.191,2,1,LLY260828P01390000,LLY,2026-08-28,put,1390.0,210.32,12.0,220.15,7.0,215.235,,,,,,,,,2026-08-27,1182.51,1189.98,1171.85,1175.64,101452.0,1181.006449
2026-08-27T20:32:44.191,2,1,LLY260828P01395000,LLY,2026-08-28,put,1395.0,215.46,11.0,227.47,9.0,221.465,,,,,,,,,2026-08-27,1182.51,1189.98,1171.85,1175.64,101452.0,1181.006449
2026-08-27T20:32:44.191,2,1,LLY260828P01400000,LLY,2026-08-28,put,1400.0,219.4,21.0,231.49,7.0,225.445,185.64,7.0,,,,,,,2026-08-27,1182.51,1189.98,1171.85,1175.64,101452.0,1181.006449
2026-08-27T20:32:44.191,2,1,LLY260828P01405000,LLY,2026-08-28,put,1405.0,222.96,10.0,230.43,11.0,226.695,,,,,,,,,2026-08-27,1182.51,1189.98,1171.85,1175.64,101452.0,1181.006449
2026-08-27T20:32:44.191,2,1,LLY260828P01410000,LLY,2026-08-28,put,1410.0,228.79,8.0,244.6,7.0,236.695,,,,,,,,,2026-08-27,1182.51,1189.98,1171.85,1175.64,101452.0,1181.006449
2026-08-27T20:32:44.191,2,1,LLY260828P01415000,LLY,2026-08-28,put,1415.0,239.46,10.0,246.55,12.0,243.005,,,,,,,,,2026-08-27,1182.51,1189.98,1171.85,1175.64,101452.0,1181.006449
2026-08-27T20:32:44.191,2,1,LLY260828P01420000,LLY,2026-08-28,put,1420.0,244.37,11.0,246.57,6.0,245.47,249.4,1.0,,,,,,,2026-08-27,1182.51,1189.98,1171.85,1175.64,101452.0,1181.006449
2026-08-27T20:32:44.191,2,1,LLY260828P01425000,LLY,2026-08-28,put,1425.0,240.11,7.0,262.16,7.0,251.13500000000002,,,,,,,,,2026-08-27,1182.51,1189.98,1171.85,1175.64,101452.0,1181.006449
2026-08-27T20:32:44.191,2,1,LLY260828P01440000,LLY,2026-08-28,put,1440.0,255.13,11.0,274.04,6.0,264.58500000000004,266.35,3.0,,,,,,,2026-08-27,1182.51,1189.98,1171.85,1175.64,101452.0,1181.006449
2026-08-27T20:32:44.191,2,1,LLY260828P01460000,LLY,2026-08-28,put,1460.0,284.88,12.0,294.73,7.0,289.805,211.37,1.0,,,,,,,2026-08-27,1182.51,1189.98,1171.85,1175.64,101452.0,1181.006449
2026-08-27T20:32:44.191,2,1,LLY260828P01480000,LLY,2026-08-28,put,1480.0,303.06,25.0,314.85,7.0,308.95500000000004,231.35,1.0,,,,,,,2026-08-27,1182.51,1189.98,1171.85,1175.64,101452.0,1181.006449
2026-08-27T20:32:44.191,2,1,LLY260828P01500000,LLY,2026-08-28,put,1500.0,323.88,10.0,333.73,6.0,328.805,,,,,,,,,2026-08-27,1182.51,1189.98,1171.85,1175.64,101452.0,1181.006449
2026-08-27T20:32:44.191,2,1,LLY260828P01520000,LLY,2026-08-28,put,1520.0,335.49,11.0,349.01,6.0,342.25,316.33,3.0,,,,,,,2026-08-27,1182.51,1189.98,1171.85,1175.64,101452.0,1181.006449
2026-08-27T20:32:44.191,2,1,LLY260828P01540000,LLY,2026-08-28,put,1540.0,360.93,20.0,374.41,2.0,367.67,,,,,,,,,2026-08-27,1182.51,1189.98,1171.85,1175.64,101452.0,1181.006449
2026-08-27T20:32:44.191,2,1,LLY260828P01560000,LLY,2026-08-28,put,1560.0,384.73,10.0,392.93,6.0,388.83000000000004,298.78,3.0,,,,,,,2026-08-27,1182.51,1189.98,1171.85,1175.64,101452.0,1181.006449
2026-08-27T20:32:44.191,2,1,LLY260828P01580000,LLY,2026-08-28,put,1580.0,397.54,11.0,414.54,7.0,406.04,,,,,,,,,2026-08-27,1182.51,1189.98,1171.85,1175.64,101452.0,1181.006449
2026-08-27T20:32:44.191,2,1,LLY260828P01600000,LLY,2026-08-28,put,1600.0,421.77,12.0,425.23,7.0,423.5,,,,,,,,,2026-08-27,1182.51,1189.98,1171.85,1175.64,101452.0,1181.006449
2026-08-27T20:32:44.191,2,1,LLY260828P01620000,LLY,2026-08-28,put,1620.0,433.18,11.0,443.83,6.0,438.505,425.55,1.0,,,,,,,2026-08-27,1182.51,1189.98,1171.85,1175.64,101452.0,1181.006449
2026-08-27T20:32:44.191,2,1,LLY260828P01640000,LLY,2026-08-28,put,1640.0,464.9,2.0,481.55,2.0,473.225,,,,,,,,,2026-08-27,1182.51,1189.98,1171.85,1175.64,101452.0,1181.006449
2026-08-27T20:32:44.191,7,8,LLY260904C00610000,LLY,2026-09-04,call,610.0,552.64,6.0,579.09,2.0,565.865,,,,,,,,,2026-08-27,1182.51,1189.98,1171.85,1175.64,101452.0,1181.006449
2026-08-27T20:32:44.191,7,8,LLY260904C00620000,LLY,2026-09-04,call,620.0,550.93,21.0,574.81,2.0,562.8699999999999,,,,,,,,,2026-08-27,1182.51,1189.98,1171.85,1175.64,101452.0,1181.006449
2026-08-27T20:32:44.191,7,8,LLY260904C00630000,LLY,2026-09-04,call,630.0,547.71,3.0,550.17,2.0,548.94,,,,,,,,,2026-08-27,1182.51,1189.98,1171.85,1175.64,101452.0,1181.006449
2026-08-27T20:32:44.191,7,8,LLY260904C00640000,LLY,2026-09-04,call,640.0,530.64,1.0,538.06,2.0,534.3499999999999,,,,,,,,,2026-08-27,1182.51,1189.98,1171.85,1175.64,101452.0,1181.006449
2026-08-27T20:32:44.191,7,8,LLY260904C00650000,LLY,2026-09-04,call,650.0,520.84,3.0,531.84,3.0,526.34,,,,,,,,,2026-08-27,1182.51,1189.98,1171.85,1175.64,101452.0,1181.006449
2026-08-27T20:32:44.191,7,8,LLY260904C00660000,LLY,2026-09-04,call,660.0,505.28,1.0,525.22,2.0,515.25,,,,,,,,,2026-08-27,1182.51,1189.98,1171.85,1175.64,101452.0,1181.006449
2026-08-27T20:32:44.191,7,8,LLY260904C00670000,LLY,2026-09-04,call,670.0,500.68,6.0,513.409,3.0,507.04449999999997,,,,,,,,,2026-08-27,1182.51,1189.98,1171.85,1175.64,101452.0,1181.006449
2026-08-27T20:32:44.191,7,8,LLY260904C00680000,LLY,2026-09-04,call,680.0,492.95,2.0,499.1,3.0,496.025,,,,,,,,,2026-08-27,1182.51,1189.98,1171.85,1175.64,101452.0,1181.006449
2026-08-27T20:32:44.191,7,8,LLY260904C00690000,LLY,2026-09-04,call,690.0,475.19,8.0,502.67,1.0,488.93,,,,,,,,,2026-08-27,1182.51,1189.98,1171.85,1175.64,101452.0,1181.006449
2026-08-27T20:32:44.191,7,8,LLY260904C00700000,LLY,2026-09-04,call,700.0,470.37,6.0,474.76,3.0,472.565,,,,,,,,,2026-08-27,1182.51,1189.98,1171.85,1175.64,101452.0,1181.006449
2026-08-27T20:32:44.191,7,8,LLY260904C00710000,LLY,2026-09-04,call,710.0,455.91,8.0,465.87,1.0,460.89,,,,,,,,,2026-08-27,1182.51,1189.98,1171.85,1175.64,101452.0,1181.006449
2026-08-27T20:32:44.191,7,8,LLY260904C00720000,LLY,2026-09-04,call,720.0,457.56,6.0,468.36,2.0,462.96000000000004,,,,,,,,,2026-08-27,1182.51,1189.98,1171.85,1175.64,101452.0,1181.006449
2026-08-27T20:32:44.191,7,8,LLY260904C00730000,LLY,2026-09-04,call,730.0,448.82,1.0,455.37,2.0,452.095,,,,,,,,,2026-08-27,1182.51,1189.98,1171.85,1175.64,101452.0,1181.006449
2026-08-27T20:32:44.191,7,8,LLY260904C00740000,LLY,2026-09-04,call,740.0,428.56,4.0,444.41,3.0,436.485,,,,,,,,,2026-08-27,1182.51,1189.98,1171.85,1175.64,101452.0,1181.006449
2026-08-27T20:32:44.191,7,8,LLY260904C00750000,LLY,2026-09-04,call,750.0,414.51,5.0,442.26,1.0,428.385,,,,,,,,,2026-08-27,1182.51,1189.98,1171.85,1175.64,101452.0,1181.006449
2026-08-27T20:32:44.191,7,8,LLY260904C00760000,LLY,2026-09-04,call,760.0,408.8,6.0,426.4,2.0,417.6,,,,,,,,,2026-08-27,1182.51,1189.98,1171.85,1175.64,101452.0,1181.006449
2026-08-27T20:32:44.191,7,8,LLY260904C00770000,LLY,2026-09-04,call,770.0,405.16,6.0,414.99,3.0,410.07500000000005,,,,,,,,,2026-08-27,1182.51,1189.98,1171.85,1175.64,101452.0,1181.006449
2026-08-27T20:32:44.191,7,8,LLY260904C00780000,LLY,2026-09-04,call,780.0,393.97,1.0,408.16,1.0,401.06500000000005,,,,,,,,,2026-08-27,1182.51,1189.98,1171.85,1175.64,101452.0,1181.006449
2026-08-27T20:32:44.191,7,8,LLY260904C00785000,LLY,2026-09-04,call,785.0,377.35,4.0,401.01,2.0,389.18,,,,,,,,,2026-08-27,1182.51,1189.98,1171.85,1175.64,101452.0,1181.006449
2026-08-27T20:32:44.191,7,8,LLY260904C00790000,LLY,2026-09-04,call,790.0,385.76,6.0,402.14,2.0,393.95,,,,,,,,,2026-08-27,1182.51,1189.98,1171.85,1175.64,101452.0,1181.006449
2026-08-27T20:32:44.191,7,8,LLY260904C00795000,LLY,2026-09-04,call,795.0,366.86,6.0,396.98,2.0,381.92,,,,,,,,,2026-08-27,1182.51,1189.98,1171.85,1175.64,101452.0,1181.006449
2026-08-27T20:32:44.191,7,8,LLY260904C00800000,LLY,2026-09-04,call,800.0,363.61,2.0,388.64,1.0,376.125,398.28,1.0,,,,,,,2026-08-27,1182.51,1189.98,1171.85,1175.64,101452.0,1181.006449
2026-08-27T20:32:44.191,7,8,LLY260904C00805000,LLY,2026-09-04,call,805.0,366.88,2.0,385.46,2.0,376.16999999999996,,,,,,,,,2026-08-27,1182.51,1189.98,1171.85,1175.64,101452.0,1181.006449
2026-08-27T20:32:44.191,7,8,LLY260904C00810000,LLY,2026-09-04,call,810.0,357.5,25.0,369.15,1.0,363.325,,,,,,,,,2026-08-27,1182.51,1189.98,1171.85,1175.64,101452.0,1181.006449
2026-08-27T20:32:44.191,7,8,LLY260904C00815000,LLY,2026-09-04,call,815.0,353.57,1.0,368.73,1.0,361.15,,,,,,,,,2026-08-27,1182.51,1189.98,1171.85,1175.64,101452.0,1181.006449
2026-08-27T20:32:44.191,7,8,LLY260904C00820000,LLY,2026-09-04,call,820.0,342.76,24.0,357.71,1.0,350.235,,,,,,,,,2026-08-27,1182.51,1189.98,1171.85,1175.64,101452.0,1181.006449
2026-08-27T20:32:44.191,7,8,LLY260904C00825000,LLY,2026-09-04,call,825.0,343.41,3.0,360.5,5.0,351.95500000000004,386.65,12.0,,,,,,,2026-08-27,1182.51,1189.98,1171.85,1175.64,101452.0,1181.006449
2026-08-27T20:32:44.191,7,8,LLY260904C00830000,LLY,2026-09-04,call,830.0,335.49,6.0,354.91,2.0,345.20000000000005,,,,,,,,,2026-08-27,1182.51,1189.98,1171.85,1175.64,101452.0,1181.006449
2026-08-27T20:32:44.191,7,8,LLY260904C00835000,LLY,2026-09-04,call,835.0,327.51,8.0,348.8,3.0,338.155,,,,,,,,,2026-08-27,1182.51,1189.98,1171.85,1175.64,101452.0,1181.006449
2026-08-27T20:32:44.191,7,8,LLY260904C00840000,LLY,2026-09-04,call,840.0,330.15,2.0,344.59,2.0,337.37,,,,,,,,,2026-08-27,1182.51,1189.98,1171.85,1175.64,101452.0,1181.006449
2026-08-27T20:32:44.191,7,8,LLY260904C00845000,LLY,2026-09-04,call,845.0,328.76,5.0,344.03,1.0,336.395,,,,,,,,,2026-08-27,1182.51,1189.98,1171.85,1175.64,101452.0,1181.006449
2026-08-27T20:32:44.191,7,8,LLY260904C00850000,LLY,2026-09-04,call,850.0,317.89,6.0,330.29,2.0,324.09000000000003,,,,,,,,,2026-08-27,1182.51,1189.98,1171.85,1175.64,101452.0,1181.006449
2026-08-27T20:32:44.191,7,8,LLY260904C00855000,LLY,2026-09-04,call,855.0,313.25,2.0,333.49,1.0,323.37,,,,,,,,,2026-08-27,1182.51,1189.98,1171.85,1175.64,101452.0,1181.006449
2026-08-27T20:32:44.191,7,8,LLY260904C00860000,LLY,2026-09-04,call,860.0,311.2,18.0,318.91,6.0,315.055,,,,,,,,,2026-08-27,1182.51,1189.98,1171.85,1175.64,101452.0,1181.006449
2026-08-27T20:32:44.191,7,8,LLY260904C00865000,LLY,2026-09-04,call,865.0,302.67,12.0,318.28,8.0,310.475,,,,,,,,,2026-08-27,1182.51,1189.98,1171.85,1175.64,101452.0,1181.006449
2026-08-27T20:32:44.191,7,8,LLY260904C00870000,LLY,2026-09-04,call,870.0,306.73,6.0,310.65,2.0,308.69,,,,,,,,,2026-08-27,1182.51,1189.98,1171.85,1175.64,101452.0,1181.006449
2026-08-27T20:32:44.191,7,8,LLY260904C00875000,LLY,2026-09-04,call,875.0,294.04,2.0,303.21,2.0,298.625,,,,,,,,,2026-08-27,1182.51,1189.98,1171.85,1175.64,101452.0,1181.006449
2026-08-27T20:32:44.191,7,8,LLY260904C00880000,LLY,2026-09-04,call,880.0,288.8,25.0,305.91,2.0,297.355,,,,,,,,,2026-08-27,1182.51,1189.98,1171.85,1175.64,101452.0,1181.006449
2026-08-27T20:32:44.191,7,8,LLY260904C00885000,LLY,2026-09-04,call,885.0,291.6,17.0,299.16,2.0,295.38,,,,,,,,,2026-08-27,1182.51,1189.98,1171.85,1175.64,101452.0,1181.006449
2026-08-27T20:32:44.191,7,8,LLY260904C00890000,LLY,2026-09-04,call,890.0,283.31,17.0,288.62,2.0,285.96500000000003,,,,,,,,,2026-08-27,1182.51,1189.98,1171.85,1175.64,101452.0,1181.006449
2026-08-27T20:32:44.191,7,8,LLY260904C00895000,LLY,2026-09-04,call,895.0,271.85,4.0,282.85,2.0,277.35,,,,,,,,,2026-08-27,1182.51,1189.98,1171.85,1175.64,101452.0,1181.006449
2026-08-27T20:32:44.191,7,8,LLY260904C00900000,LLY,2026-09-04,call,900.0,275.16,5.0,281.69,2.0,278.425,,,,,,,,,2026-08-27,1182.51,1189.98,1171.85,1175.64,101452.0,1181.006449
2026-08-27T20:32:44.191,7,8,LLY260904C00905000,LLY,2026-09-04,call,905.0,263.63,2.0,283.72,2.0,273.675,,,,,,,,,2026-08-27,1182.51,1189.98,1171.85,1175.64,101452.0,1181.006449
2026-08-27T20:32:44.191,7,8,LLY260904C00910000,LLY,2026-09-04,call,910.0,263.14,17.0,278.31,2.0,270.725,,,,,,,,,2026-08-27,1182.51,1189.98,1171.85,1175.64,101452.0,1181.006449
2026-08-27T20:32:44.191,7,8,LLY260904C00915000,LLY,2026-09-04,call,915.0,259.01,2.0,264.98,2.0,261.995,,,0.7938,0.986,0.0003,-0.3972,0.0621,0.1966,2026-08-27,1182.51,1189.98,1171.85,1175.64,101452.0,1181.006449
2026-08-27T20:32:44.191,7,8,LLY260904C00920000,LLY,2026-09-04,call,920.0,247.65,18.0,266.96,2.0,257.305,,,0.8218,0.9813,0.0003,-0.4973,0.0794,0.1965,2026-08-27,1182.51,1189.98,1171.85,1175.64,101452.0,1181.006449
2026-08-27T20:32:44.191,7,8,LLY260904C00925000,LLY,2026-09-04,call,925.0,243.79,2.0,261.519,2.0,252.65449999999998,,,0.8451,0.9764,0.0004,-0.6006,0.0968,0.1962,2026-08-27,1182.51,1189.98,1171.85,1175.64,101452.0,1181.006449
2026-08-27T20:32:44.191,7,8,LLY260904C00930000,LLY,2026-09-04,call,930.0,239.06,6.0,252.59,2.0,245.825,,,,,,,,,2026-08-27,1182.51,1189.98,1171.85,1175.64,101452.0,1181.006449
2026-08-27T20:32:44.191,7,8,LLY260904C00935000,LLY,2026-09-04,call,935.0,238.07,18.0,246.72,6.0,242.39499999999998,256.0,1.0,0.7841,0.9792,0.0004,-0.5176,0.0872,0.1992,2026-08-27,1182.51,1189.98,1171.85,1175.64,101452.0,1181.006449
2026-08-27T20:32:44.191,7,8,LLY260904C00940000,LLY,2026-09-04,call,940.0,227.48,10.0,239.84,7.0,233.66,243.55,1.0,,,,,,,2026-08-27,1182.51,1189.98,1171.85,1175.64,101452.0,1181.006449
2026-08-27T20:32:44.191,7,8,LLY260904C00945000,LLY,2026-09-04,call,945.0,223.9,13.0,237.64,6.0,230.76999999999998,,,,,,,,,2026-08-27,1182.51,1189.98,1171.85,1175.64,101452.0,1181.006449
2026-08-27T20:32:44.191,7,8,LLY260904C00950000,LLY,2026-09-04,call,950.0,222.95,18.0,235.56,6.0,229.255,182.62,5.0,0.8827,0.9556,0.0006,-0.9894,0.1632,0.196,2026-08-27,1182.51,1189.98,1171.85,1175.64,101452.0,1181.006449
2026-08-27T20:32:44.191,7,8,LLY260904C00955000,LLY,2026-09-04,call,955.0,219.22,10.0,230.68,6.0,224.95,,,0.9043,0.9479,0.0007,-1.1365,0.1854,0.1949,2026-08-27,1182.51,1189.98,1171.85,1175.64,101452.0,1181.006449
2026-08-27T20:32:44.191,7,8,LLY260904C00960000,LLY,2026-09-04,call,960.0,212.36,10.0,224.92,6.0,218.64,,,0.8077,0.9608,0.0006,-0.835,0.1474,0.1996,2026-08-27,1182.51,1189.98,1171.85,1175.64,101452.0,1181.006449
2026-08-27T20:32:44.191,7,8,LLY260904C00965000,LLY,2026-09-04,call,965.0,206.91,18.0,213.56,7.0,210.235,,,,,,,,,2026-08-27,1182.51,1189.98,1171.85,1175.64,101452.0,1181.006449
2026-08-27T20:32:44.191,7,8,LLY260904C00970000,LLY,2026-09-04,call,970.0,200.12,3.0,214.13,2.0,207.125,,,0.642,0.9812,0.0004,-0.4157,0.0801,0.2074,2026-08-27,1182.51,1189.98,1171.85,1175.64,101452.0,1181.006449
2026-08-27T20:32:44.191,7,8,LLY260904C00975000,LLY,2026-09-04,call,975.0,199.31,18.0,211.06,6.0,205.185,155.0,1.0,0.8423,0.9417,0.0008,-1.1576,0.2028,0.1977,2026-08-27,1182.51,1189.98,1171.85,1175.64,101452.0,1181.006449
2026-08-27T20:32:44.191,7,8,LLY260904C00980000,LLY,2026-09-04,call,980.0,190.7,9.0,205.61,6.0,198.155,224.61,1.0,0.7057,0.9642,0.0006,-0.6976,0.137,0.205,2026-08-27,1182.51,1189.98,1171.85,1175.64,101452.0,1181.006449
2026-08-27T20:32:44.191,7,8,LLY260904C00985000,LLY,2026-09-04,call,985.0,186.09,18.0,199.41,6.0,192.75,,,0.6578,0.9695,0.0006,-0.5885,0.1202,0.2075,2026-08-27,1182.51,1189.98,1171.85,1175.64,101452.0,1181.006449
2026-08-27T20:32:44.191,7,8,LLY260904C00990000,LLY,2026-09-04,call,990.0,183.47,2.0,193.24,2.0,188.35500000000002,,,0.6862,0.9599,0.0007,-0.7379,0.1502,0.206,2026-08-27,1182.51,1189.98,1171.85,1175.64,101452.0,1181.006449
2026-08-27T20:32:44.191,7,8,LLY260904C00995000,LLY,2026-09-04,call,995.0,178.35,17.0,188.43,7.0,183.39,,,0.6717,0.9586,0.0008,-0.7414,0.1542,0.2068,2026-08-27,1182.51,1189.98,1171.85,1175.64,101452.0,1181.006449
2026-08-27T20:32:44.191,7,8,LLY260904C01000000,LLY,2026-09-04,call,1000.0,169.55,10.0,182.17,6.0,175.86,185.45,1.0,,,,,,,2026-08-27,1182.51,1189.98,1171.85,1175.64,101452.0,1181.006449
2026-08-27T20:32:44.191,7,8,LLY260904C01005000,LLY,2026-09-04,call,1005.0,166.73,7.0,173.75,6.0,170.24,,,,,,,,,2026-08-27,1182.51,1189.98,1171.85,1175.64,101452.0,1181.006449
2026-08-27T20:32:44.191,7,8,LLY260904C01010000,LLY,2026-09-04,call,1010.0,158.99,17.0,174.14,7.0,166.565,,,0.4328,0.9921,0.0003,-0.2016,0.0377,0.2191,2026-08-27,1182.51,1189.98,1171.85,1175.64,101452.0,1181.006449
2026-08-27T20:32:44.191,7,8,LLY260904C01015000,LLY,2026-09-04,call,1015.0,158.35,17.0,170.21,7.0,164.28,252.6,3.0,0.6534,0.9423,0.001,-0.9146,0.2009,0.2068,2026-08-27,1182.51,1189.98,1171.85,1175.64,101452.0,1181.006449
2026-08-27T20:32:44.191,7,8,LLY260904C01020000,LLY,2026-09-04,call,1020.0,153.2,7.0,162.82,6.0,158.01,167.48,1.0,0.5644,0.96,0.0009,-0.6262,0.1501,0.2127,2026-08-27,1182.51,1189.98,1171.85,1175.64,101452.0,1181.006449
2026-08-27T20:32:44.191,7,8,LLY260904C01025000,LLY,2026-09-04,call,1025.0,149.81,23.0,156.98,7.0,153.39499999999998,,,0.5719,0.9526,0.001,-0.7112,0.172,0.2118,2026-08-27,1182.51,1189.98,1171.85,1175.64,101452.0,1181.006449
2026-08-27T20:32:44.191,7,8,LLY260904C01030000,LLY,2026-09-04,call,1030.0,141.75,17.0,153.15,6.0,147.45,114.6,1.0,0.4919,0.9687,0.0008,-0.4754,0.1225,0.2173,2026-08-27,1182.51,1189.98,1171.85,1175.64,101452.0,1181.006449
2026-08-27T20:32:44.191,7,8,LLY260904C01035000,LLY,2026-09-04,call,1035.0,138.26,17.0,145.87,6.0,142.065,,,0.4416,0.9768,0.0007,-0.3634,0.0954,0.2206,2026-08-27,1182.51,1189.98,1171.85,1175.64,101452.0,1181.006449
2026-08-27T20:32:44.191,7,8,LLY260904C01040000,LLY,2026-09-04,call,1040.0,130.15,17.0,140.34,6.0,135.245,184.49,10.0,,,,,,,2026-08-27,1182.51,1189.98,1171.85,1175.64,101452.0,1181.006449
2026-08-27T20:32:44.191,7,8,LLY260904C01045000,LLY,2026-09-04,call,1045.0,128.02,18.0,136.02,6.0,132.02,,,0.408,0.9768,0.0008,-0.3444,0.0954,0.2228,2026-08-27,1182.51,1189.98,1171.85,1175.64,101452.0,1181.006449
2026-08-27T20:32:44.191,7,8,LLY260904C01050000,LLY,2026-09-04,call,1050.0,124.34,12.0,134.08,7.0,129.21,,,0.528,0.9325,0.0014,-0.8465,0.2273,0.2119,2026-08-27,1182.51,1189.98,1171.85,1175.64,101452.0,1181.006449
2026-08-27T20:32:44.191,7,8,LLY260904C01055000,LLY,2026-09-04,call,1055.0,115.91,9.0,127.19,7.0,121.55,,,0.31,0.9918,0.0004,-0.1799,0.0392,0.2289,2026-08-27,1182.51,1189.98,1171.85,1175.64,101452.0,1181.006449
2026-08-27T20:32:44.191,7,8,LLY260904C01060000,LLY,2026-09-04,call,1060.0,110.67,17.0,122.59,6.0,116.63,91.93,1.0,0.3143,0.9882,0.0006,-0.2093,0.0535,0.2291,2026-08-27,1182.51,1189.98,1171.85,1175.64,101452.0,1181.006449
2026-08-27T20:32:44.191,7,8,LLY260904C01065000,LLY,2026-09-04,call,1065.0,108.82,23.0,119.24,6.0,114.03,,,0.4682,0.9294,0.0017,-0.7861,0.2353,0.2145,2026-08-27,1182.51,1189.98,1171.85,1175.64,101452.0,1181.006449
2026-08-27T20:32:44.191,7,8,LLY260904C01070000,LLY,2026-09-04,call,1070.0,101.59,7.0,112.43,6.0,107.01,121.25,6.0,0.3354,0.9736,0.001,-0.3268,0.1066,0.2274,2026-08-27,1182.51,1189.98,1171.85,1175.64,101452.0,1181.006449
2026-08-27T20:32:44.191,7,8,LLY260904C01075000,LLY,2026-09-04,call,1075.0,96.37,7.0,108.28,7.0,102.325,116.54,1.0,0.3463,0.9629,0.0013,-0.4077,0.141,0.2257,2026-08-27,1182.51,1189.98,1171.85,1175.64,101452.0,1181.006449
2026-08-27T20:32:44.191,7,8,LLY260904C01080000,LLY,2026-09-04,call,1080.0,92.26,10.0,103.9,6.0,98.08000000000001,164.38,2.0,0.3747,0.9418,0.0018,-0.5743,0.2023,0.2212,2026-08-27,1182.51,1189.98,1171.85,1175.64,101452.0,1181.006449
2026-08-27T20:32:44.191,7,8,LLY260904C01085000,LLY,2026-09-04,call,1085.0,86.94,17.0,99.93,7.0,93.435,93.62,3.0,0.3747,0.9315,0.002,-0.6378,0.2297,0.2195,2026-08-27,1182.51,1189.98,1171.85,1175.64,101452.0,1181.006449
2026-08-27T20:32:44.191,7,8,LLY260904C01090000,LLY,2026-09-04,call,1090.0,83.42,17.0,93.29,7.0,88.355,151.47,1.0,0.3545,0.9307,0.0022,-0.6139,0.2318,0.2204,2026-08-27,1182.51,1189.98,1171.85,1175.64,101452.0,1181.006449
2026-08-27T20:32:44.191,7,8,LLY260904C01095000,LLY,2026-09-04,call,1095.0,77.05,13.0,88.1,14.0,82.57499999999999,108.89,1.0,0.3009,0.9488,0.002,-0.4467,0.1828,0.2264,2026-08-27,1182.51,1189.98,1171.85,1175.64,101452.0,1181.006449
2026-08-27T20:32:44.191,7,8,LLY260904C01100000,LLY,2026-09-04,call,1100.0,73.68,17.0,82.86,40.0,78.27000000000001,77.0,1.0,0.3176,0.9269,0.0025,-0.58,0.2415,0.2217,2026-08-27,1182.51,1189.98,1171.85,1175.64,101452.0,1181.006449
2026-08-27T20:32:44.191,7,8,LLY260904C01105000,LLY,2026-09-04,call,1105.0,69.4,10.0,81.38,10.0,75.39,99.76,10.0,0.3709,0.8788,0.0031,-0.908,0.3505,0.2099,2026-08-27,1182.51,1189.98,1171.85,1175.64,101452.0,1181.006449
2026-08-27T20:32:44.191,7,8,LLY260904C01110000,LLY,2026-09-04,call,1110.0,63.56,54.0,71.6,22.0,67.58,73.45,3.0,0.2544,0.9411,0.0027,-0.4284,0.2044,0.2277,2026-08-27,1182.51,1189.98,1171.85,1175.64,101452.0,1181.006449
2026-08-27T20:32:44.191,7,8,LLY260904C01115000,LLY,2026-09-04,call,1115.0,59.34,41.0,69.38,56.0,64.36,72.91,1.0,0.3034,0.8883,0.0036,-0.7249,0.3308,0.2148,2026-08-27,1182.51,1189.98,1171.85,1175.64,101452.0,1181.006449
2026-08-27T20:32:44.191,7,8,LLY260904C01120000,LLY,2026-09-04,call,1120.0,56.41,41.0,64.95,41.0,60.68,64.45,3.0,0.3207,0.8555,0.0041,-0.8872,0.3957,0.2071,2026-08-27,1182.51,1189.98,1171.85,1175.64,101452.0,1181.006449
2026-08-27T20:32:44.191,7,8,LLY260904C01125000,LLY,2026-09-04,call,1125.0,52.56,19.0,61.7,36.0,57.13,67.0,1.0,0.3345,0.8235,0.0045,-1.0336,0.4511,0.1997,2026-08-27,1182.51,1189.98,1171.85,1175.64,101452.0,1181.006449
2026-08-27T20:32:44.191,7,8,LLY260904C01130000,LLY,2026-09-04,call,1130.0,48.15,41.0,58.05,17.0,53.099999999999994,56.05,3.0,0.3336,0.7999,0.0048,-1.1044,0.4874,0.1945,2026-08-27,1182.51,1189.98,1171.85,1175.64,101452.0,1181.006449
2026-08-27T20:32:44.191,7,8,LLY260904C01135000,LLY,2026-09-04,call,1135.0,43.54,65.0,54.11,54.0,48.825,52.1,3.0,0.3256,0.7791,0.0052,-1.1373,0.5165,0.19,2026-08-27,1182.51,1189.98,1171.85,1175.64,101452.0,1181.006449
2026-08-27T20:32:44.191,7,8,LLY260904C01140000,LLY,2026-09-04,call,1140.0,39.45,71.0,49.23,62.0,44.34,48.25,1.0,0.3121,0.7597,0.0057,-1.1406,0.5415,0.186,2026-08-27,1182.51,1189.98,1171.85,1175.64,101452.0,1181.006449
2026-08-27T20:32:44.191,7,8,LLY260904C01145000,LLY,2026-09-04,call,1145.0,38.56,26.0,43.72,41.0,41.14,44.2,1.0,0.3198,0.7247,0.006,-1.2419,0.581,0.1777,2026-08-27,1182.51,1189.98,1171.85,1175.64,101452.0,1181.006449
2026-08-27T20:32:44.191,7,8,LLY260904C01150000,LLY,2026-09-04,call,1150.0,31.98,57.0,41.45,64.0,36.715,45.95,1.0,0.3039,0.7015,0.0066,-1.2251,0.6037,0.1727,2026-08-27,1182.51,1189.98,1171.85,1175.64,101452.0,1181.006449
2026-08-27T20:32:44.191,7,8,LLY260904C01155000,LLY,2026-09-04,call,1155.0,28.99,53.0,40.5,52.0,34.745,49.72,4.0,0.3254,0.6579,0.0065,-1.3735,0.6392,0.1619,2026-08-27,1182.51,1189.98,1171.85,1175.64,101452.0,1181.006449
2026-08-27T20:32:44.191,7,8,LLY260904C01160000,LLY,2026-09-04,call,1160.0,27.28,67.0,35.26,64.0,31.27,31.06,1.0,0.3199,0.6262,0.0068,-1.3884,0.6593,0.1545,2026-08-27,1182.51,1189.98,1171.85,1175.64,101452.0,1181.006449
2026-08-27T20:32:44.191,7,8,LLY260904C01165000,LLY,2026-09-04,call,1165.0,22.53,54.0,32.159,24.0,27.3445,39.0,1.0,0.3055,0.5947,0.0073,-1.355,0.6746,0.1472,2026-08-27,1182.51,1189.98,1171.85,1175.64,101452.0,1181.006449
2026-08-27T20:32:44.191,7,8,LLY260904C01167500,LLY,2026-09-04,call,1167.5,25.44,12.0,30.85,50.0,28.145000000000003,27.2,1.0,0.338,0.5708,0.0067,-1.5076,0.6833,0.1409,2026-08-27,1182.51,1189.98,1171.85,1175.64,101452.0,1181.006449
2026-08-27T20:32:44.191,7,8,LLY260904C01170000,LLY,2026-09-04,call,1170.0,20.24,76.0,30.82,75.0,25.53,28.78,1.0,0.3197,0.5559,0.0071,-1.4361,0.6875,0.1376,2026-08-27,1182.51,1189.98,1171.85,1175.64,101452.0,1181.006449
2026-08-27T20:32:44.191,7,8,LLY260904C01172500,LLY,2026-09-04,call,1172.5,20.77,82.0,28.68,128.0,24.725,95.65,3.0,0.3271,0.5376,0.007,-1.4737,0.6912,0.1331,2026-08-27,1182.51,1189.98,1171.85,1175.64,101452.0,1181.006449
2026-08-27T20:32:44.191,7,8,LLY260904C01175000,LLY,2026-09-04,call,1175.0,20.12,59.0,24.12,31.0,22.12,22.0,2.0,0.3079,0.5202,0.0074,-1.3932,0.6934,0.1292,2026-08-27,1182.51,1189.98,1171.85,1175.64,101452.0,1181.006449
2026-08-27T20:32:44.191,7,8,LLY260904C01177500,LLY,2026-09-04,call,1177.5,17.43,105.0,22.36,7.0,19.895,21.5,1.0,0.2936,0.5008,0.0078,-1.3307,0.6943,0.1247,2026-08-27,1182.51,1189.98,1171.85,1175.64,101452.0,1181.006449
2026-08-27T20:32:44.191,7,8,LLY260904C01180000,LLY,2026-09-04,call,1180.0,18.42,35.0,22.36,99.0,20.39,20.0,1.0,0.3178,0.4842,0.0072,-1.4326,0.6938,0.1203,2026-08-27,1182.51,1189.98,1171.85,1175.64,101452.0,1181.006449
2026-08-27T20:32:44.191,7,8,LLY260904C01182500,LLY,2026-09-04,call,1182.5,15.64,64.0,22.84,70.0,19.240000000000002,19.3,1.0,0.3177,0.4662,0.0072,-1.4262,0.6918,0.1159,2026-08-27,1182.51,1189.98,1171.85,1175.64,101452.0,1181.006449
2026-08-27T20:32:44.191,7,8,LLY260904C01185000,LLY,2026-09-04,call,1185.0,15.59,52.0,24.39,132.0,19.990000000000002,19.0,1.0,0.3445,0.4539,0.0066,-1.5359,0.6897,0.1126,2026-08-27,1182.51,1189.98,1171.85,1175.64,101452.0,1181.006449
2026-08-27T20:32:44.191,7,8,LLY260904C01187500,LLY,2026-09-04,call,1187.5,12.31,45.0,22.79,51.0,17.55,22.0,1.0,0.3244,0.4326,0.007,-1.4363,0.6844,0.1076,2026-08-27,1182.51,1189.98,1171.85,1175.64,101452.0,1181.006449
2026-08-27T20:32:44.191,7,8,LLY260904C01190000,LLY,2026-09-04,call,1190.0,14.93,2.0,18.86,27.0,16.895,15.7,1.0,0.3296,0.417,0.0068,-1.4465,0.6792,0.1038,2026-08-27,1182.51,1189.98,1171.85,1175.64,101452.0,1181.006449
2026-08-27T20:32:44.191,7,8,LLY260904C01192500,LLY,2026-09-04,call,1192.5,9.83,50.0,20.97,56.0,15.399999999999999,20.0,1.0,0.3219,0.3975,0.0069,-1.3954,0.6713,0.0991,2026-08-27,1182.51,1189.98,1171.85,1175.64,101452.0,1181.006449
2026-08-27T20:32:44.191,7,8,LLY260904C01195000,LLY,2026-09-04,call,1195.0,11.97,77.0,19.21,78.0,15.59,13.8,1.0,0.3387,0.3874,0.0065,-1.4544,0.6665,0.0964,2026-08-27,1182.51,1189.98,1171.85,1175.64,101452.0,1181.006449
2026-08-27T20:32:44.191,7,8,LLY260904C01197500,LLY,2026-09-04,call,1197.5,10.86,18.0,19.51,42.0,15.185,17.17,1.0,0.3462,0.3746,0.0063,-1.4698,0.6597,0.0932,2026-08-27,1182.51,1189.98,1171.85,1175.64,101452.0,1181.006449
2026-08-27T20:32:44.191,7,8,LLY260904C01200000,LLY,2026-09-04,call,1200.0,11.22,45.0,14.07,81.0,12.645,12.4,1.0,0.3203,0.347,0.0066,-1.326,0.6426,0.0866,2026-08-27,1182.51,1189.98,1171.85,1175.64,101452.0,1181.006449
2026-08-27T20:32:44.191,7,8,LLY260904C01202500,LLY,2026-09-04,call,1202.5,7.57,104.0,16.87,103.0,12.22,12.07,1.0,0.3263,0.3342,0.0064,-1.3299,0.6334,0.0834,2026-08-27,1182.51,1189.98,1171.85,1175.64,101452.0,1181.006449
2026-08-27T20:32:44.191,7,8,LLY260904C01205000,LLY,2026-09-04,call,1205.0,8.46,25.0,15.02,46.0,11.74,9.23,2.0,0.331,0.3213,0.0062,-1.3264,0.6235,0.0802,2026-08-27,1182.51,1189.98,1171.85,1175.64,101452.0,1181.006449
2026-08-27T20:32:44.191,7,8,LLY260904C01207500,LLY,2026-09-04,call,1207.5,5.23,39.0,12.7,32.0,8.965,13.46,1.0,0.2972,0.2846,0.0066,-1.1292,0.5905,0.0714,2026-08-27,1182.51,1189.98,1171.85,1175.64,101452.0,1181.006449
2026-08-27T20:32:44.191,7,8,LLY260904C01210000,LLY,2026-09-04,call,1210.0,6.64,86.0,11.04,20.0,8.84,10.28,1.0,0.3064,0.2755,0.0063,-1.1442,0.5812,0.069,2026-08-27,1182.51,1189.98,1171.85,1175.64,101452.0,1181.006449
2026-08-27T20:32:44.191,7,8,LLY260904C01215000,LLY,2026-09-04,call,1215.0,6.88,2.0,14.77,73.0,10.825,9.27,1.0,0.3627,0.2834,0.0054,-1.368,0.5893,0.0706,2026-08-27,1182.51,1189.98,1171.85,1175.64,101452.0,1181.006449
2026-08-27T20:32:44.191,7,8,LLY260904C01220000,LLY,2026-09-04,call,1220.0,5.44,50.0,7.57,3.0,6.505000000000001,6.8,1.0,0.3061,0.2181,0.0055,-1.0058,0.5128,0.0548,2026-08-27,1182.51,1189.98,1171.85,1175.64,101452.0,1181.006449
2026-08-27T20:32:44.191,7,8,LLY260904C01225000,LLY,2026-09-04,call,1225.0,2.98,112.0,9.31,94.0,6.1450000000000005,6.08,1.0,0.3185,0.2024,0.0051,-1.0,0.4907,0.0508,2026-08-27,1182.51,1189.98,1171.85,1175.64,101452.0,1181.006449
2026-08-27T20:32:44.191,7,8,LLY260904C01230000,LLY,2026-09-04,call,1230.0,3.77,50.0,6.74,48.0,5.255,5.0,1.0,0.3185,0.1789,0.0047,-0.926,0.4549,0.0449,2026-08-27,1182.51,1189.98,1171.85,1175.64,101452.0,1181.006449
2026-08-27T20:32:44.191,7,8,LLY260904C01235000,LLY,2026-09-04,call,1235.0,1.81,38.0,7.09,44.0,4.45,4.65,1.0,0.3179,0.1568,0.0043,-0.8485,0.418,0.0394,2026-08-27,1182.51,1189.98,1171.85,1175.64,101452.0,1181.006449
2026-08-27T20:32:44.191,7,8,LLY260904C01240000,LLY,2026-09-04,call,1240.0,2.16,85.0,7.08,107.0,4.62,3.99,1.0,0.3393,0.1536,0.004,-0.8917,0.4122,0.0386,2026-08-27,1182.51,1189.98,1171.85,1175.64,101452.0,1181.006449
2026-08-27T20:32:44.191,7,8,LLY260904C01245000,LLY,2026-09-04,call,1245.0,1.3,52.0,6.46,108.0,3.88,3.52,1.0,0.3374,0.1339,0.0037,-0.8076,0.3758,0.0337,2026-08-27,1182.51,1189.98,1171.85,1175.64,101452.0,1181.006449
2026-08-27T20:32:44.191,7,8,LLY260904C01250000,LLY,2026-09-04,call,1250.0,2.63,1.0,3.87,61.0,3.25,2.85,1.0,0.3358,0.1162,0.0033,-0.7277,0.3404,0.0292,2026-08-27,1182.51,1189.98,1171.85,1175.64,101452.0,1181.006449
2026-08-27T20:32:44.191,7,8,LLY260904C01255000,LLY,2026-09-04,call,1255.0,0.81,133.0,4.79,128.0,2.8,2.5,1.0,0.3374,0.1023,0.003,-0.6667,0.3106,0.0258,2026-08-27,1182.51,1189.98,1171.85,1175.64,101452.0,1181.006449
2026-08-27T20:32:44.191,7,8,LLY260904C01260000,LLY,2026-09-04,call,1260.0,1.42,69.0,2.41,1.0,1.915,2.0,1.0,0.3205,0.0776,0.0026,-0.5154,0.2529,0.0196,2026-08-27,1182.51,1189.98,1171.85,1175.64,101452.0,1181.006449
2026-08-27T20:32:44.191,7,8,LLY260904C01265000,LLY,2026-09-04,call,1265.0,1.08,1.0,5.78,76.0,3.43,1.5,1.0,0.3874,0.1083,0.0028,-0.7957,0.3235,0.0271,2026-08-27,1182.51,1189.98,1171.85,1175.64,101452.0,1181.006449
2026-08-27T20:32:44.191,7,8,LLY260904C01270000,LLY,2026-09-04,call,1270.0,0.2,57.0,2.74,44.0,1.4700000000000002,1.48,1.0,0.3284,0.0607,0.0021,-0.4365,0.2093,0.0153,2026-08-27,1182.51,1189.98,1171.85,1175.64,101452.0,1181.006449
2026-08-27T20:32:44.191,7,8,LLY260904C01275000,LLY,2026-09-04,call,1275.0,0.42,125.0,2.41,101.0,1.415,1.65,3.0,0.3387,0.0573,0.0019,-0.4296,0.1998,0.0144,2026-08-27,1182.51,1189.98,1171.85,1175.64,101452.0,1181.006449
2026-08-27T20:32:44.191,7,8,LLY260904C01280000,LLY,2026-09-04,call,1280.0,0.03,1.0,2.55,58.0,1.2899999999999998,1.87,1.0,0.345,0.0521,0.0018,-0.4057,0.1854,0.0131,2026-08-27,1182.51,1189.98,1171.85,1175.64,101452.0,1181.006449
2026-08-27T20:32:44.191,7,8,LLY260904C01285000,LLY,2026-09-04,call,1285.0,0.48,3.0,1.94,35.0,1.21,1.0,3.0,0.3531,0.0483,0.0016,-0.3909,0.1746,0.0122,2026-08-27,1182.51,1189.98,1171.85,1175.64,101452.0,1181.006449
2026-08-27T20:32:44.191,7,8,LLY260904C01290000,LLY,2026-09-04,call,1290.0,0.04,53.0,1.93,49.0,0.985,1.19,20.0,0.3514,0.0406,0.0014,-0.3379,0.1517,0.0102,2026-08-27,1182.51,1189.98,1171.85,1175.64,101452.0,1181.006449
2026-08-27T20:32:44.191,7,8,LLY260904C01295000,LLY,2026-09-04,call,1295.0,0.0,0.0,1.12,29.0,0.56,1.18,1.0,,,,,,,2026-08-27,1182.51,1189.98,1171.85,1175.64,101452.0,1181.006449
2026-08-27T20:32:44.191,7,8,LLY260904C01300000,LLY,2026-09-04,call,1300.0,0.6,1.0,0.82,13.0,0.71,0.6,1.0,0.3543,0.0302,0.0011,-0.2675,0.1192,0.0076,2026-08-27,1182.51,1189.98,1171.85,1175.64,101452.0,1181.006449
2026-08-27T20:32:44.191,7,8,LLY260904C01305000,LLY,2026-09-04,call,1305.0,0.0,0.0,2.26,63.0,1.13,1.84,1.0,,,,,,,2026-08-27,1182.51,1189.98,1171.85,1175.64,101452.0,1181.006449
2026-08-27T20:32:44.191,7,8,LLY260904C01310000,LLY,2026-09-04,call,1310.0,0.27,5.0,1.12,93.0,0.6950000000000001,0.45,1.0,0.3752,0.0282,0.001,-0.2674,0.1126,0.0071,2026-08-27,1182.51,1189.98,1171.85,1175.64,101452.0,1181.006449
2026-08-27T20:32:44.191,7,8,LLY260904C01315000,LLY,2026-09-04,call,1315.0,0.09,11.0,1.19,60.0,0.64,0.55,5.0,0.3811,0.0259,0.0009,-0.2526,0.1048,0.0065,2026-08-27,1182.51,1189.98,1171.85,1175.64,101452.0,1181.006449
2026-08-27T20:32:44.191,7,8,LLY260904C01320000,LLY,2026-09-04,call,1320.0,0.17,1.0,0.7,44.0,0.435,0.34,1.0,0.3694,0.0189,0.0007,-0.1876,0.0803,0.0048,2026-08-27,1182.51,1189.98,1171.85,1175.64,101452.0,1181.006449
2026-08-27T20:32:44.191,7,8,LLY260904C01325000,LLY,2026-09-04,call,1325.0,0.0,0.0,0.8,99.0,0.4,0.18,1.0,,,,,,,2026-08-27,1182.51,1189.98,1171.85,1175.64,101452.0,1181.006449
2026-08-27T20:32:44.191,7,8,LLY260904C01330000,LLY,2026-09-04,call,1330.0,0.0,0.0,1.43,96.0,0.715,0.9,1.0,,,,,,,2026-08-27,1182.51,1189.98,1171.85,1175.64,101452.0,1181.006449
2026-08-27T20:32:44.191,7,8,LLY260904C01335000,LLY,2026-09-04,call,1335.0,0.0,0.0,1.39,86.0,0.695,4.6,1.0,,,,,,,2026-08-27,1182.51,1189.98,1171.85,1175.64,101452.0,1181.006449
2026-08-27T20:32:44.191,7,8,LLY260904C01340000,LLY,2026-09-04,call,1340.0,0.01,2.0,0.91,139.0,0.46,0.2,1.0,0.4132,0.018,0.0006,-0.2011,0.0771,0.0045,2026-08-27,1182.51,1189.98,1171.85,1175.64,101452.0,1181.006449
2026-08-27T20:32:44.191,7,8,LLY260904C01345000,LLY,2026-09-04,call,1345.0,0.0,0.0,3.16,119.0,1.58,3.85,1.0,,,,,,,2026-08-27,1182.51,1189.98,1171.85,1175.64,101452.0,1181.006449
2026-08-27T20:32:44.191,7,8,LLY260904C01350000,LLY,2026-09-04,call,1350.0,0.03,1.0,1.37,57.0,0.7000000000000001,0.13,1.0,0.4611,0.0238,0.0007,-0.2838,0.0975,0.006,2026-08-27,1182.51,1189.98,1171.85,1175.64,101452.0,1181.006449
2026-08-27T20:32:44.191,7,8,LLY260904C01355000,LLY,2026-09-04,call,1355.0,0.0,0.0,4.04,99.0,2.02,0.46,1.0,,,,,,,2026-08-27,1182.51,1189.98,1171.85,1175.64,101452.0,1181.006449
2026-08-27T20:32:44.191,7,8,LLY260904C01360000,LLY,2026-09-04,call,1360.0,0.07,5.0,0.41,108.0,0.24,0.4,3.0,0.4153,0.01,0.0004,-0.1214,0.0463,0.0025,2026-08-27,1182.51,1189.98,1171.85,1175.64,101452.0,1181.006449
2026-08-27T20:32:44.191,7,8,LLY260904C01365000,LLY,2026-09-04,call,1365.0,0.0,0.0,1.62,95.0,0.81,1.25,1.0,,,,,,,2026-08-27,1182.51,1189.98,1171.85,1175.64,101452.0,1181.006449
2026-08-27T20:32:44.191,7,8,LLY260904C01370000,LLY,2026-09-04,call,1370.0,0.0,0.0,0.65,98.0,0.325,0.29,4.0,,,,,,,2026-08-27,1182.51,1189.98,1171.85,1175.64,101452.0,1181.006449
2026-08-27T20:32:44.191,7,8,LLY260904C01375000,LLY,2026-09-04,call,1375.0,0.0,0.0,4.56,59.0,2.28,0.05,10.0,,,,,,,2026-08-27,1182.51,1189.98,1171.85,1175.64,101452.0,1181.006449
2026-08-27T20:32:44.191,7,8,LLY260904C01380000,LLY,2026-09-04,call,1380.0,0.0,0.0,7.38,113.0,3.69,1.92,1.0,,,,,,,2026-08-27,1182.51,1189.98,1171.85,1175.64,101452.0,1181.006449
2026-08-27T20:32:44.191,7,8,LLY260904C01385000,LLY,2026-09-04,call,1385.0,0.0,0.0,10.23,51.0,5.115,0.05,10.0,,,,,,,2026-08-27,1182.51,1189.98,1171.85,1175.64,101452.0,1181.006449
2026-08-27T20:32:44.191,7,8,LLY260904C01390000,LLY,2026-09-04,call,1390.0,0.0,0.0,5.02,143.0,2.51,0.05,10.0,,,,,,,2026-08-27,1182.51,1189.98,1171.85,1175.64,101452.0,1181.006449
2026-08-27T20:32:44.191,7,8,LLY260904C01395000,LLY,2026-09-04,call,1395.0,0.0,0.0,0.12,1.0,0.06,0.05,10.0,,,,,,,2026-08-27,1182.51,1189.98,1171.85,1175.64,101452.0,1181.006449
2026-08-27T20:32:44.191,7,8,LLY260904C01400000,LLY,2026-09-04,call,1400.0,0.0,0.0,0.57,1.0,0.285,0.05,20.0,,,,,,,2026-08-27,1182.51,1189.98,1171.85,1175.64,101452.0,1181.006449
2026-08-27T20:32:44.191,7,8,LLY260904C01405000,LLY,2026-09-04,call,1405.0,0.0,0.0,10.08,97.0,5.04,0.65,2.0,,,,,,,2026-08-27,1182.51,1189.98,1171.85,1175.64,101452.0,1181.006449
2026-08-27T20:32:44.191,7,8,LLY260904C01410000,LLY,2026-09-04,call,1410.0,0.0,0.0,9.87,34.0,4.935,0.86,1.0,,,,,,,2026-08-27,1182.51,1189.98,1171.85,1175.64,101452.0,1181.006449
2026-08-27T20:32:44.191,7,8,LLY260904C01415000,LLY,2026-09-04,call,1415.0,0.0,0.0,7.41,33.0,3.705,1.42,1.0,,,,,,,2026-08-27,1182.51,1189.98,1171.85,1175.64,101452.0,1181.006449
2026-08-27T20:32:44.191,7,8,LLY260904C01420000,LLY,2026-09-04,call,1420.0,0.0,0.0,10.08,120.0,5.04,0.55,1.0,,,,,,,2026-08-27,1182.51,1189.98,1171.85,1175.64,101452.0,1181.006449
2026-08-27T20:32:44.191,7,8,LLY260904C01425000,LLY,2026-09-04,call,1425.0,0.0,0.0,10.07,112.0,5.035,0.05,20.0,,,,,,,2026-08-27,1182.51,1189.98,1171.85,1175.64,101452.0,1181.006449
2026-08-27T20:32:44.191,7,8,LLY260904C01430000,LLY,2026-09-04,call,1430.0,0.0,0.0,8.45,33.0,4.225,0.5,1.0,,,,,,,2026-08-27,1182.51,1189.98,1171.85,1175.64,101452.0,1181.006449
2026-08-27T20:32:44.191,7,8,LLY260904C01435000,LLY,2026-09-04,call,1435.0,0.0,0.0,9.87,16.0,4.935,0.54,1.0,,,,,,,2026-08-27,1182.51,1189.98,1171.85,1175.64,101452.0,1181.006449
2026-08-27T20:32:44.191,7,8,LLY260904C01440000,LLY,2026-09-04,call,1440.0,0.0,0.0,6.37,132.0,3.185,0.41,1.0,,,,,,,2026-08-27,1182.51,1189.98,1171.85,1175.64,101452.0,1181.006449
2026-08-27T20:32:44.191,7,8,LLY260904C01445000,LLY,2026-09-04,call,1445.0,0.0,0.0,0.08,1.0,0.04,0.05,20.0,,,,,,,2026-08-27,1182.51,1189.98,1171.85,1175.64,101452.0,1181.006449
2026-08-27T20:32:44.191,7,8,LLY260904C01450000,LLY,2026-09-04,call,1450.0,0.0,0.0,0.67,29.0,0.335,0.25,42.0,,,,,,,2026-08-27,1182.51,1189.98,1171.85,1175.64,101452.0,1181.006449
2026-08-27T20:32:44.191,7,8,LLY260904C01455000,LLY,2026-09-04,call,1455.0,0.0,0.0,9.9,27.0,4.95,0.81,1.0,,,,,,,2026-08-27,1182.51,1189.98,1171.85,1175.64,101452.0,1181.006449
2026-08-27T20:32:44.191,7,8,LLY260904C01460000,LLY,2026-09-04,call,1460.0,0.0,0.0,9.85,35.0,4.925,0.67,1.0,,,,,,,2026-08-27,1182.51,1189.98,1171.85,1175.64,101452.0,1181.006449
2026-08-27T20:32:44.191,7,8,LLY260904C01465000,LLY,2026-09-04,call,1465.0,0.0,0.0,9.87,133.0,4.935,0.05,1.0,,,,,,,2026-08-27,1182.51,1189.98,1171.85,1175.64,101452.0,1181.006449
2026-08-27T20:32:44.191,7,8,LLY260904C01470000,LLY,2026-09-04,call,1470.0,0.0,0.0,10.2,46.0,5.1,0.05,9.0,,,,,,,2026-08-27,1182.51,1189.98,1171.85,1175.64,101452.0,1181.006449
2026-08-27T20:32:44.191,7,8,LLY260904C01475000,LLY,2026-09-04,call,1475.0,0.0,0.0,10.17,38.0,5.085,0.46,1.0,,,,,,,2026-08-27,1182.51,1189.98,1171.85,1175.64,101452.0,1181.006449
2026-08-27T20:32:44.191,7,8,LLY260904C01480000,LLY,2026-09-04,call,1480.0,0.0,0.0,9.92,118.0,4.96,0.49,1.0,,,,,,,2026-08-27,1182.51,1189.98,1171.85,1175.64,101452.0,1181.006449
2026-08-27T20:32:44.191,7,8,LLY260904C01500000,LLY,2026-09-04,call,1500.0,0.0,0.0,0.52,37.0,0.26,0.56,1.0,,,,,,,2026-08-27,1182.51,1189.98,1171.85,1175.64,101452.0,1181.006449
2026-08-27T20:32:44.191,7,8,LLY260904C01520000,LLY,2026-09-04,call,1520.0,0.0,0.0,10.03,82.0,5.015,0.03,1.0,,,,,,,2026-08-27,1182.51,1189.98,1171.85,1175.64,101452.0,1181.006449
2026-08-27T20:32:44.191,7,8,LLY260904C01540000,LLY,2026-09-04,call,1540.0,0.0,0.0,10.03,1.0,5.015,0.5,1.0,,,,,,,2026-08-27,1182.51,1189.98,1171.85,1175.64,101452.0,1181.006449
2026-08-27T20:32:44.191,7,8,LLY260904C01560000,LLY,2026-09-04,call,1560.0,0.0,0.0,10.03,5.0,5.015,5.02,1.0,,,,,,,2026-08-27,1182.51,1189.98,1171.85,1175.64,101452.0,1181.006449
2026-08-27T20:32:44.191,7,8,LLY260904C01580000,LLY,2026-09-04,call,1580.0,0.0,0.0,10.03,14.0,5.015,0.61,1.0,,,,,,,2026-08-27,1182.51,1189.98,1171.85,1175.64,101452.0,1181.006449
2026-08-27T20:32:44.191,7,8,LLY260904C01600000,LLY,2026-09-04,call,1600.0,0.0,0.0,0.01,1.0,0.005,0.01,9.0,,,,,,,2026-08-27,1182.51,1189.98,1171.85,1175.64,101452.0,1181.006449
2026-08-27T20:32:44.191,7,8,LLY260904C01620000,LLY,2026-09-04,call,1620.0,0.0,0.0,0.01,9.0,0.005,0.01,1.0,,,,,,,2026-08-27,1182.51,1189.98,1171.85,1175.64,101452.0,1181.006449
2026-08-27T20:32:44.191,7,8,LLY260904C01640000,LLY,2026-09-04,call,1640.0,0.0,0.0,0.05,3.0,0.025,0.01,1.0,,,,,,,2026-08-27,1182.51,1189.98,1171.85,1175.64,101452.0,1181.006449
2026-08-27T20:32:44.191,7,8,LLY260904P00610000,LLY,2026-09-04,put,610.0,0.0,0.0,0.03,20.0,0.015,0.01,1.0,,,,,,,2026-08-27,1182.51,1189.98,1171.85,1175.64,101452.0,1181.006449
2026-08-27T20:32:44.191,7,8,LLY260904P00620000,LLY,2026-09-04,put,620.0,0.0,0.0,0.01,20.0,0.005,0.01,1.0,,,,,,,2026-08-27,1182.51,1189.98,1171.85,1175.64,101452.0,1181.006449
2026-08-27T20:32:44.191,7,8,LLY260904P00630000,LLY,2026-09-04,put,630.0,0.0,0.0,0.02,3.0,0.01,0.01,9.0,,,,,,,2026-08-27,1182.51,1189.98,1171.85,1175.64,101452.0,1181.006449
2026-08-27T20:32:44.191,7,8,LLY260904P00640000,LLY,2026-09-04,put,640.0,0.0,0.0,0.04,10.0,0.02,0.01,1.0,,,,,,,2026-08-27,1182.51,1189.98,1171.85,1175.64,101452.0,1181.006449
2026-08-27T20:32:44.191,7,8,LLY260904P00650000,LLY,2026-09-04,put,650.0,0.0,0.0,0.06,2.0,0.03,0.01,5.0,,,,,,,2026-08-27,1182.51,1189.98,1171.85,1175.64,101452.0,1181.006449
2026-08-27T20:32:44.191,7,8,LLY260904P00660000,LLY,2026-09-04,put,660.0,0.0,0.0,0.07,5.0,0.035,0.01,1.0,,,,,,,2026-08-27,1182.51,1189.98,1171.85,1175.64,101452.0,1181.006449
2026-08-27T20:32:44.191,7,8,LLY260904P00670000,LLY,2026-09-04,put,670.0,0.0,0.0,0.12,2.0,0.06,0.01,9.0,,,,,,,2026-08-27,1182.51,1189.98,1171.85,1175.64,101452.0,1181.006449
2026-08-27T20:32:44.191,7,8,LLY260904P00680000,LLY,2026-09-04,put,680.0,0.0,0.0,2.97,1.0,1.485,0.02,1.0,,,,,,,2026-08-27,1182.51,1189.98,1171.85,1175.64,101452.0,1181.006449
2026-08-27T20:32:44.191,7,8,LLY260904P00690000,LLY,2026-09-04,put,690.0,0.01,20.0,0.18,4.0,0.095,0.02,6.0,,,,,,,2026-08-27,1182.51,1189.98,1171.85,1175.64,101452.0,1181.006449
2026-08-27T20:32:44.191,7,8,LLY260904P00700000,LLY,2026-09-04,put,700.0,0.0,0.0,0.07,25.0,0.035,0.02,1.0,,,,,,,2026-08-27,1182.51,1189.98,1171.85,1175.64,101452.0,1181.006449
2026-08-27T20:32:44.191,7,8,LLY260904P00710000,LLY,2026-09-04,put,710.0,0.0,0.0,0.12,1.0,0.06,0.03,1.0,,,,,,,2026-08-27,1182.51,1189.98,1171.85,1175.64,101452.0,1181.006449
2026-08-27T20:32:44.191,7,8,LLY260904P00720000,LLY,2026-09-04,put,720.0,0.03,1.0,10.22,63.0,5.125,0.15,1.0,,,,,,,2026-08-27,1182.51,1189.98,1171.85,1175.64,101452.0,1181.006449
2026-08-27T20:32:44.191,7,8,LLY260904P00730000,LLY,2026-09-04,put,730.0,0.01,1.0,10.4,31.0,5.205,0.14,1.0,,,,,,,2026-08-27,1182.51,1189.98,1171.85,1175.64,101452.0,1181.006449
2026-08-27T20:32:44.191,7,8,LLY260904P00740000,LLY,2026-09-04,put,740.0,0.0,0.0,7.01,102.0,3.505,0.14,1.0,,,,,,,2026-08-27,1182.51,1189.98,1171.85,1175.64,101452.0,1181.006449
2026-08-27T20:32:44.191,7,8,LLY260904P00750000,LLY,2026-09-04,put,750.0,0.05,10.0,0.07,10.0,0.060000000000000005,0.05,10.0,,,,,,,2026-08-27,1182.51,1189.98,1171.85,1175.64,101452.0,1181.006449
2026-08-27T20:32:44.191,7,8,LLY260904P00760000,LLY,2026-09-04,put,760.0,0.0,0.0,9.92,16.0,4.96,0.07,3.0,,,,,,,2026-08-27,1182.51,1189.98,1171.85,1175.64,101452.0,1181.006449
2026-08-27T20:32:44.191,7,8,LLY260904P00770000,LLY,2026-09-04,put,770.0,0.0,0.0,0.23,1.0,0.115,0.09,2.0,,,,,,,2026-08-27,1182.51,1189.98,1171.85,1175.64,101452.0,1181.006449
2026-08-27T20:32:44.191,7,8,LLY260904P00780000,LLY,2026-09-04,put,780.0,0.0,0.0,9.92,124.0,4.96,0.02,1.0,,,,,,,2026-08-27,1182.51,1189.98,1171.85,1175.64,101452.0,1181.006449
2026-08-27T20:32:44.191,7,8,LLY260904P00785000,LLY,2026-09-04,put,785.0,0.0,0.0,0.89,1.0,0.445,0.09,1.0,,,,,,,2026-08-27,1182.51,1189.98,1171.85,1175.64,101452.0,1181.006449
2026-08-27T20:32:44.191,7,8,LLY260904P00790000,LLY,2026-09-04,put,790.0,0.0,0.0,0.97,87.0,0.485,0.04,5.0,,,,,,,2026-08-27,1182.51,1189.98,1171.85,1175.64,101452.0,1181.006449
2026-08-27T20:32:44.191,7,8,LLY260904P00795000,LLY,2026-09-04,put,795.0,0.0,0.0,9.98,35.0,4.99,0.08,1.0,,,,,,,2026-08-27,1182.51,1189.98,1171.85,1175.64,101452.0,1181.006449
2026-08-27T20:32:44.191,7,8,LLY260904P00800000,LLY,2026-09-04,put,800.0,0.01,13.0,6.44,125.0,3.225,0.19,1.0,,,,,,,2026-08-27,1182.51,1189.98,1171.85,1175.64,101452.0,1181.006449
2026-08-27T20:32:44.191,7,8,LLY260904P00805000,LLY,2026-09-04,put,805.0,0.0,0.0,6.3,92.0,3.15,0.09,4.0,,,,,,,2026-08-27,1182.51,1189.98,1171.85,1175.64,101452.0,1181.006449
2026-08-27T20:32:44.191,7,8,LLY260904P00810000,LLY,2026-09-04,put,810.0,0.0,0.0,9.94,63.0,4.97,0.09,1.0,,,,,,,2026-08-27,1182.51,1189.98,1171.85,1175.64,101452.0,1181.006449
2026-08-27T20:32:44.191,7,8,LLY260904P00815000,LLY,2026-09-04,put,815.0,0.0,0.0,9.94,71.0,4.97,0.09,10.0,,,,,,,2026-08-27,1182.51,1189.98,1171.85,1175.64,101452.0,1181.006449
2026-08-27T20:32:44.191,7,8,LLY260904P00820000,LLY,2026-09-04,put,820.0,0.0,0.0,1.18,26.0,0.59,0.1,1.0,,,,,,,2026-08-27,1182.51,1189.98,1171.85,1175.64,101452.0,1181.006449
2026-08-27T20:32:44.191,7,8,LLY260904P00825000,LLY,2026-09-04,put,825.0,0.0,0.0,9.97,100.0,4.985,0.13,10.0,,,,,,,2026-08-27,1182.51,1189.98,1171.85,1175.64,101452.0,1181.006449
2026-08-27T20:32:44.191,7,8,LLY260904P00830000,LLY,2026-09-04,put,830.0,0.0,0.0,9.89,98.0,4.945,0.11,10.0,,,,,,,2026-08-27,1182.51,1189.98,1171.85,1175.64,101452.0,1181.006449
2026-08-27T20:32:44.191,7,8,LLY260904P00835000,LLY,2026-09-04,put,835.0,0.0,0.0,9.93,57.0,4.965,0.12,10.0,,,,,,,2026-08-27,1182.51,1189.98,1171.85,1175.64,101452.0,1181.006449
2026-08-27T20:32:44.191,7,8,LLY260904P00840000,LLY,2026-09-04,put,840.0,0.0,0.0,10.02,91.0,5.01,0.17,1.0,,,,,,,2026-08-27,1182.51,1189.98,1171.85,1175.64,101452.0,1181.006449
2026-08-27T20:32:44.191,7,8,LLY260904P00845000,LLY,2026-09-04,put,845.0,0.0,0.0,9.91,75.0,4.955,0.03,8.0,,,,,,,2026-08-27,1182.51,1189.98,1171.85,1175.64,101452.0,1181.006449
2026-08-27T20:32:44.191,7,8,LLY260904P00850000,LLY,2026-09-04,put,850.0,0.0,0.0,0.88,42.0,0.44,0.14,9.0,,,,,,,2026-08-27,1182.51,1189.98,1171.85,1175.64,101452.0,1181.006449
2026-08-27T20:32:44.191,7,8,LLY260904P00855000,LLY,2026-09-04,put,855.0,0.0,0.0,6.59,128.0,3.295,2.0,3.0,,,,,,,2026-08-27,1182.51,1189.98,1171.85,1175.64,101452.0,1181.006449
2026-08-27T20:32:44.191,7,8,LLY260904P00860000,LLY,2026-09-04,put,860.0,0.07,10.0,0.5,123.0,0.28500000000000003,0.08,10.0,,,,,,,2026-08-27,1182.51,1189.98,1171.85,1175.64,101452.0,1181.006449
2026-08-27T20:32:44.191,7,8,LLY260904P00865000,LLY,2026-09-04,put,865.0,0.0,0.0,3.17,154.0,1.585,0.12,1.0,,,,,,,2026-08-27,1182.51,1189.98,1171.85,1175.64,101452.0,1181.006449
2026-08-27T20:32:44.191,7,8,LLY260904P00870000,LLY,2026-09-04,put,870.0,0.0,0.0,9.81,87.0,4.905,0.1,1.0,,,,,,,2026-08-27,1182.51,1189.98,1171.85,1175.64,101452.0,1181.006449
2026-08-27T20:32:44.191,7,8,LLY260904P00875000,LLY,2026-09-04,put,875.0,0.0,0.0,3.63,58.0,1.815,0.08,1.0,,,,,,,2026-08-27,1182.51,1189.98,1171.85,1175.64,101452.0,1181.006449
2026-08-27T20:32:44.191,7,8,LLY260904P00880000,LLY,2026-09-04,put,880.0,0.0,0.0,3.33,53.0,1.665,2.38,1.0,,,,,,,2026-08-27,1182.51,1189.98,1171.85,1175.64,101452.0,1181.006449
2026-08-27T20:32:44.191,7,8,LLY260904P00885000,LLY,2026-09-04,put,885.0,0.0,0.0,2.51,135.0,1.255,0.25,1.0,,,,,,,2026-08-27,1182.51,1189.98,1171.85,1175.64,101452.0,1181.006449
2026-08-27T20:32:44.191,7,8,LLY260904P00890000,LLY,2026-09-04,put,890.0,0.0,0.0,2.99,70.0,1.495,0.06,28.0,,,,,,,2026-08-27,1182.51,1189.98,1171.85,1175.64,101452.0,1181.006449
2026-08-27T20:32:44.191,7,8,LLY260904P00895000,LLY,2026-09-04,put,895.0,0.0,0.0,2.61,129.0,1.305,0.14,1.0,,,,,,,2026-08-27,1182.51,1189.98,1171.85,1175.64,101452.0,1181.006449
2026-08-27T20:32:44.191,7,8,LLY260904P00900000,LLY,2026-09-04,put,900.0,0.0,0.0,1.71,134.0,0.855,0.19,1.0,,,,,,,2026-08-27,1182.51,1189.98,1171.85,1175.64,101452.0,1181.006449
2026-08-27T20:32:44.191,7,8,LLY260904P00905000,LLY,2026-09-04,put,905.0,0.0,0.0,3.45,30.0,1.725,0.06,28.0,,,,,,,2026-08-27,1182.51,1189.98,1171.85,1175.64,101452.0,1181.006449
2026-08-27T20:32:44.191,7,8,LLY260904P00910000,LLY,2026-09-04,put,910.0,0.0,0.0,3.66,42.0,1.83,2.69,1.0,,,,,,,2026-08-27,1182.51,1189.98,1171.85,1175.64,101452.0,1181.006449
2026-08-27T20:32:44.191,7,8,LLY260904P00915000,LLY,2026-09-04,put,915.0,0.0,0.0,7.14,35.0,3.57,,,,,,,,,2026-08-27,1182.51,1189.98,1171.85,1175.64,101452.0,1181.006449
2026-08-27T20:32:44.191,7,8,LLY260904P00920000,LLY,2026-09-04,put,920.0,0.0,0.0,7.48,75.0,3.74,4.7,1.0,,,,,,,2026-08-27,1182.51,1189.98,1171.85,1175.64,101452.0,1181.006449
2026-08-27T20:32:44.191,7,8,LLY260904P00925000,LLY,2026-09-04,put,925.0,0.0,0.0,3.6,65.0,1.8,2.5,1.0,,,,,,,2026-08-27,1182.51,1189.98,1171.85,1175.64,101452.0,1181.006449
2026-08-27T20:32:44.191,7,8,LLY260904P00930000,LLY,2026-09-04,put,930.0,0.0,0.0,10.25,15.0,5.125,1.36,1.0,,,,,,,2026-08-27,1182.51,1189.98,1171.85,1175.64,101452.0,1181.006449
2026-08-27T20:32:44.191,7,8,LLY260904P00935000,LLY,2026-09-04,put,935.0,0.0,0.0,5.92,126.0,2.96,4.15,5.0,,,,,,,2026-08-27,1182.51,1189.98,1171.85,1175.64,101452.0,1181.006449
2026-08-27T20:32:44.191,7,8,LLY260904P00940000,LLY,2026-09-04,put,940.0,0.0,0.0,10.27,119.0,5.135,4.45,5.0,,,,,,,2026-08-27,1182.51,1189.98,1171.85,1175.64,101452.0,1181.006449
2026-08-27T20:32:44.191,7,8,LLY260904P00945000,LLY,2026-09-04,put,945.0,0.0,0.0,7.8,132.0,3.9,1.14,1.0,,,,,,,2026-08-27,1182.51,1189.98,1171.85,1175.64,101452.0,1181.006449
2026-08-27T20:32:44.191,7,8,LLY260904P00950000,LLY,2026-09-04,put,950.0,0.0,0.0,0.13,1.0,0.065,0.11,1.0,,,,,,,2026-08-27,1182.51,1189.98,1171.85,1175.64,101452.0,1181.006449
2026-08-27T20:32:44.191,7,8,LLY260904P00955000,LLY,2026-09-04,put,955.0,0.0,0.0,4.62,128.0,2.31,2.42,10.0,,,,,,,2026-08-27,1182.51,1189.98,1171.85,1175.64,101452.0,1181.006449
2026-08-27T20:32:44.191,7,8,LLY260904P00960000,LLY,2026-09-04,put,960.0,0.03,10.0,0.61,119.0,0.32,0.2,1.0,0.5918,-0.009,0.0002,-0.1557,0.0424,-0.0024,2026-08-27,1182.51,1189.98,1171.85,1175.64,101452.0,1181.006449
2026-08-27T20:32:44.191,7,8,LLY260904P00965000,LLY,2026-09-04,put,965.0,0.0,0.0,1.26,114.0,0.63,0.45,1.0,,,,,,,2026-08-27,1182.51,1189.98,1171.85,1175.64,101452.0,1181.006449
2026-08-27T20:32:44.191,7,8,LLY260904P00970000,LLY,2026-09-04,put,970.0,0.0,0.0,4.66,22.0,2.33,0.28,1.0,,,,,,,2026-08-27,1182.51,1189.98,1171.85,1175.64,101452.0,1181.006449
2026-08-27T20:32:44.191,7,8,LLY260904P00975000,LLY,2026-09-04,put,975.0,0.0,0.0,4.81,128.0,2.405,0.07,10.0,,,,,,,2026-08-27,1182.51,1189.98,1171.85,1175.64,101452.0,1181.006449
2026-08-27T20:32:44.191,7,8,LLY260904P00980000,LLY,2026-09-04,put,980.0,0.0,0.0,1.54,115.0,0.77,1.02,1.0,,,,,,,2026-08-27,1182.51,1189.98,1171.85,1175.64,101452.0,1181.006449
2026-08-27T20:32:44.191,7,8,LLY260904P00985000,LLY,2026-09-04,put,985.0,0.0,0.0,9.95,91.0,4.975,0.35,1.0,,,,,,,2026-08-27,1182.51,1189.98,1171.85,1175.64,101452.0,1181.006449
2026-08-27T20:32:44.191,7,8,LLY260904P00990000,LLY,2026-09-04,put,990.0,0.0,0.0,1.69,117.0,0.845,0.34,3.0,,,,,,,2026-08-27,1182.51,1189.98,1171.85,1175.64,101452.0,1181.006449
2026-08-27T20:32:44.191,7,8,LLY260904P00995000,LLY,2026-09-04,put,995.0,0.0,0.0,1.68,101.0,0.84,0.09,1.0,,,,,,,2026-08-27,1182.51,1189.98,1171.85,1175.64,101452.0,1181.006449
2026-08-27T20:32:44.191,7,8,LLY260904P01000000,LLY,2026-09-04,put,1000.0,0.18,1.0,0.77,95.0,0.475,0.2,200.0,0.5129,-0.0147,0.0004,-0.2056,0.0647,-0.0039,2026-08-27,1182.51,1189.98,1171.85,1175.64,101452.0,1181.006449
2026-08-27T20:32:44.191,7,8,LLY260904P01005000,LLY,2026-09-04,put,1005.0,0.0,0.0,4.32,119.0,2.16,0.3,1.0,,,,,,,2026-08-27,1182.51,1189.98,1171.85,1175.64,101452.0,1181.006449
2026-08-27T20:32:44.191,7,8,LLY260904P01010000,LLY,2026-09-04,put,1010.0,0.0,0.0,1.31,97.0,0.655,0.99,1.0,,,,,,,2026-08-27,1182.51,1189.98,1171.85,1175.64,101452.0,1181.006449
2026-08-27T20:32:44.191,7,8,LLY260904P01015000,LLY,2026-09-04,put,1015.0,0.0,0.0,1.47,111.0,0.735,1.16,1.0,,,,,,,2026-08-27,1182.51,1189.98,1171.85,1175.64,101452.0,1181.006449
2026-08-27T20:32:44.191,7,8,LLY260904P01020000,LLY,2026-09-04,put,1020.0,0.0,0.0,5.68,125.0,2.84,0.5,1.0,,,,,,,2026-08-27,1182.51,1189.98,1171.85,1175.64,101452.0,1181.006449
2026-08-27T20:32:44.191,7,8,LLY260904P01025000,LLY,2026-09-04,put,1025.0,0.0,0.0,0.8,103.0,0.4,0.26,1.0,,,,,,,2026-08-27,1182.51,1189.98,1171.85,1175.64,101452.0,1181.006449
2026-08-27T20:32:44.191,7,8,LLY260904P01030000,LLY,2026-09-04,put,1030.0,0.22,1.0,0.91,117.0,0.5650000000000001,0.42,14.0,0.4426,-0.0196,0.0006,-0.2267,0.0828,-0.0052,2026-08-27,1182.51,1189.98,1171.85,1175.64,101452.0,1181.006449
2026-08-27T20:32:44.191,7,8,LLY260904P01035000,LLY,2026-09-04,put,1035.0,0.01,99.0,0.76,107.0,0.385,0.31,1.0,0.4049,-0.0151,0.0005,-0.1659,0.0663,-0.004,2026-08-27,1182.51,1189.98,1171.85,1175.64,101452.0,1181.006449
2026-08-27T20:32:44.191,7,8,LLY260904P01040000,LLY,2026-09-04,put,1040.0,0.0,0.0,1.61,86.0,0.805,0.51,3.0,,,,,,,2026-08-27,1182.51,1189.98,1171.85,1175.64,101452.0,1181.006449
2026-08-27T20:32:44.191,7,8,LLY260904P01045000,LLY,2026-09-04,put,1045.0,0.04,51.0,0.78,83.0,0.41000000000000003,0.57,42.0,0.382,-0.0168,0.0006,-0.1717,0.0728,-0.0044,2026-08-27,1182.51,1189.98,1171.85,1175.64,101452.0,1181.006449
2026-08-27T20:32:44.191,7,8,LLY260904P01050000,LLY,2026-09-04,put,1050.0,0.18,30.0,0.99,1.0,0.585,0.65,10.0,0.3895,-0.0227,0.0008,-0.2254,0.0937,-0.006,2026-08-27,1182.51,1189.98,1171.85,1175.64,101452.0,1181.006449
2026-08-27T20:32:44.191,7,8,LLY260904P01055000,LLY,2026-09-04,put,1055.0,0.09,37.0,2.73,125.0,1.41,0.69,1.0,0.4397,-0.0439,0.0012,-0.4393,0.1618,-0.0116,2026-08-27,1182.51,1189.98,1171.85,1175.64,101452.0,1181.006449
2026-08-27T20:32:44.191,7,8,LLY260904P01060000,LLY,2026-09-04,put,1060.0,0.09,91.0,1.58,117.0,0.8350000000000001,0.81,1.0,0.3844,-0.0314,0.0011,-0.2916,0.1229,-0.0083,2026-08-27,1182.51,1189.98,1171.85,1175.64,101452.0,1181.006449
2026-08-27T20:32:44.191,7,8,LLY260904P01065000,LLY,2026-09-04,put,1065.0,0.18,97.0,1.76,76.0,0.97,0.9,1.0,0.3801,-0.0361,0.0012,-0.3236,0.138,-0.0095,2026-08-27,1182.51,1189.98,1171.85,1175.64,101452.0,1181.006449
2026-08-27T20:32:44.191,7,8,LLY260904P01070000,LLY,2026-09-04,put,1070.0,0.27,96.0,1.82,97.0,1.045,0.84,1.0,0.3705,-0.0394,0.0013,-0.3386,0.1483,-0.0104,2026-08-27,1182.51,1189.98,1171.85,1175.64,101452.0,1181.006449
2026-08-27T20:32:44.191,7,8,LLY260904P01075000,LLY,2026-09-04,put,1075.0,0.34,100.0,2.009,115.0,1.1744999999999999,0.99,1.0,0.3637,-0.0443,0.0015,-0.3654,0.163,-0.0117,2026-08-27,1182.51,1189.98,1171.85,1175.64,101452.0,1181.006449
2026-08-27T20:32:44.191,7,8,LLY260904P01080000,LLY,2026-09-04,put,1080.0,0.64,62.0,1.81,73.0,1.225,1.16,1.0,0.3515,-0.0474,0.0016,-0.3722,0.172,-0.0125,2026-08-27,1182.51,1189.98,1171.85,1175.64,101452.0,1181.006449
2026-08-27T20:32:44.191,7,8,LLY260904P01085000,LLY,2026-09-04,put,1085.0,0.0,0.0,2.84,27.0,1.42,1.57,3.0,,,,,,,2026-08-27,1182.51,1189.98,1171.85,1175.64,101452.0,1181.006449
2026-08-27T20:32:44.191,7,8,LLY260904P01090000,LLY,2026-09-04,put,1090.0,0.67,68.0,2.21,112.0,1.44,1.5,2.0,0.332,-0.0572,0.002,-0.4077,0.1998,-0.0151,2026-08-27,1182.51,1189.98,1171.85,1175.64,101452.0,1181.006449
2026-08-27T20:32:44.191,7,8,LLY260904P01095000,LLY,2026-09-04,put,1095.0,1.03,69.0,2.27,72.0,1.65,1.64,1.0,0.326,-0.0653,0.0022,-0.4435,0.2215,-0.0172,2026-08-27,1182.51,1189.98,1171.85,1175.64,101452.0,1181.006449
2026-08-27T20:32:44.191,7,8,LLY260904P01100000,LLY,2026-09-04,put,1100.0,1.42,72.0,2.87,97.0,2.145,2.39,1.0,0.33,-0.0807,0.0026,-0.5273,0.2604,-0.0213,2026-08-27,1182.51,1189.98,1171.85,1175.64,101452.0,1181.006449
2026-08-27T20:32:44.191,7,8,LLY260904P01105000,LLY,2026-09-04,put,1105.0,1.9,29.0,4.73,97.0,3.3150000000000004,2.69,1.0,0.3522,-0.1096,0.0031,-0.7054,0.3264,-0.029,2026-08-27,1182.51,1189.98,1171.85,1175.64,101452.0,1181.006449
2026-08-27T20:32:44.191,7,8,LLY260904P01110000,LLY,2026-09-04,put,1110.0,1.98,59.0,5.03,97.0,3.505,3.5,1.0,0.3394,-0.1184,0.0034,-0.7172,0.3448,-0.0313,2026-08-27,1182.51,1189.98,1171.85,1175.64,101452.0,1181.006449
2026-08-27T20:32:44.191,7,8,LLY260904P01115000,LLY,2026-09-04,put,1115.0,3.08,1.0,4.62,71.0,3.85,3.95,1.0,0.3302,-0.1308,0.0037,-0.7471,0.3697,-0.0345,2026-08-27,1182.51,1189.98,1171.85,1175.64,101452.0,1181.006449
2026-08-27T20:32:44.191,7,8,LLY260904P01120000,LLY,2026-09-04,put,1120.0,2.86,59.0,6.04,70.0,4.45,3.11,2.0,0.3262,-0.1484,0.0041,-0.8038,0.403,-0.0392,2026-08-27,1182.51,1189.98,1171.85,1175.64,101452.0,1181.006449
2026-08-27T20:32:44.191,7,8,LLY260904P01125000,LLY,2026-09-04,put,1125.0,2.86,74.0,7.93,71.0,5.395,6.15,1.0,0.3282,-0.1722,0.0045,-0.8903,0.4441,-0.0456,2026-08-27,1182.51,1189.98,1171.85,1175.64,101452.0,1181.006449
2026-08-27T20:32:44.191,7,8,LLY260904P01130000,LLY,2026-09-04,put,1130.0,4.98,1.0,6.87,54.0,5.925000000000001,6.0,1.0,0.3187,-0.1899,0.0049,-0.9174,0.4721,-0.0502,2026-08-27,1182.51,1189.98,1171.85,1175.64,101452.0,1181.006449
2026-08-27T20:32:44.191,7,8,LLY260904P01135000,LLY,2026-09-04,put,1135.0,4.96,93.0,7.98,66.0,6.470000000000001,6.25,2.0,0.308,-0.2089,0.0054,-0.9376,0.5,-0.0552,2026-08-27,1182.51,1189.98,1171.85,1175.64,101452.0,1181.006449
2026-08-27T20:32:44.191,7,8,LLY260904P01140000,LLY,2026-09-04,put,1140.0,4.47,117.0,10.49,110.0,7.48,7.62,1.0,0.3048,-0.2355,0.0058,-0.9916,0.5354,-0.0623,2026-08-27,1182.51,1189.98,1171.85,1175.64,101452.0,1181.006449
2026-08-27T20:32:44.191,7,8,LLY260904P01145000,LLY,2026-09-04,put,1145.0,7.27,83.0,11.07,68.0,9.17,9.15,2.0,0.3111,-0.2702,0.0061,-1.087,0.5757,-0.0716,2026-08-27,1182.51,1189.98,1171.85,1175.64,101452.0,1181.006449
2026-08-27T20:32:44.191,7,8,LLY260904P01150000,LLY,2026-09-04,put,1150.0,6.35,92.0,15.95,118.0,11.149999999999999,9.32,1.0,0.3189,-0.3064,0.0063,-1.1804,0.6108,-0.0814,2026-08-27,1182.51,1189.98,1171.85,1175.64,101452.0,1181.006449
2026-08-27T20:32:44.191,7,8,LLY260904P01155000,LLY,2026-09-04,put,1155.0,10.74,32.0,14.77,78.0,12.754999999999999,11.45,7.0,0.3174,-0.3387,0.0066,-1.2224,0.6368,-0.0901,2026-08-27,1182.51,1189.98,1171.85,1175.64,101452.0,1181.006449
2026-08-27T20:32:44.191,7,8,LLY260904P01160000,LLY,2026-09-04,put,1160.0,9.15,76.0,18.98,111.0,14.065000000000001,14.32,1.0,0.309,-0.3701,0.007,-1.2243,0.6572,-0.0984,2026-08-27,1182.51,1189.98,1171.85,1175.64,101452.0,1181.006449
2026-08-27T20:32:44.191,7,8,LLY260904P01165000,LLY,2026-09-04,put,1165.0,12.95,97.0,19.52,107.0,16.235,15.33,7.0,0.3111,-0.4066,0.0072,-1.2636,0.6752,-0.1083,2026-08-27,1182.51,1189.98,1171.85,1175.64,101452.0,1181.006449
2026-08-27T20:32:44.191,7,8,LLY260904P01167500,LLY,2026-09-04,put,1167.5,13.54,56.0,22.92,74.0,18.23,18.23,1.0,0.3245,-0.4271,0.0069,-1.3326,0.6827,-0.114,2026-08-27,1182.51,1189.98,1171.85,1175.64,101452.0,1181.006449
2026-08-27T20:32:44.191,7,8,LLY260904P01170000,LLY,2026-09-04,put,1170.0,15.52,80.0,19.71,1.0,17.615000000000002,17.55,1.0,0.299,-0.4415,0.0076,-1.23,0.6868,-0.1176,2026-08-27,1182.51,1189.98,1171.85,1175.64,101452.0,1181.006449
2026-08-27T20:32:44.191,7,8,LLY260904P01172500,LLY,2026-09-04,put,1172.5,18.03,25.0,25.44,74.0,21.735,16.89,1.0,0.3417,-0.4631,0.0067,-1.4199,0.6913,-0.1241,2026-08-27,1182.51,1189.98,1171.85,1175.64,101452.0,1181.006449
2026-08-27T20:32:44.191,7,8,LLY260904P01175000,LLY,2026-09-04,put,1175.0,18.76,81.0,23.86,64.0,21.310000000000002,21.0,1.0,0.3178,-0.4798,0.0072,-1.3191,0.6934,-0.1283,2026-08-27,1182.51,1189.98,1171.85,1175.64,101452.0,1181.006449
2026-08-27T20:32:44.191,7,8,LLY260904P01177500,LLY,2026-09-04,put,1177.5,19.85,32.0,24.64,60.0,22.245,21.07,1.0,0.313,-0.4981,0.0073,-1.2978,0.6943,-0.1332,2026-08-27,1182.51,1189.98,1171.85,1175.64,101452.0,1181.006449
2026-08-27T20:32:44.191,7,8,LLY260904P01180000,LLY,2026-09-04,put,1180.0,20.21,59.0,26.88,70.0,23.545,24.54,1.0,0.3128,-0.5164,0.0073,-1.2935,0.6937,-0.1382,2026-08-27,1182.51,1189.98,1171.85,1175.64,101452.0,1181.006449
2026-08-27T20:32:44.191,7,8,LLY260904P01182500,LLY,2026-09-04,put,1182.5,20.54,11.0,29.97,24.0,25.255,24.79,1.0,0.3179,-0.5337,0.0072,-1.3096,0.6918,-0.1431,2026-08-27,1182.51,1189.98,1171.85,1175.64,101452.0,1181.006449
2026-08-27T20:32:44.191,7,8,LLY260904P01185000,LLY,2026-09-04,put,1185.0,22.02,52.0,28.91,16.0,25.465,26.17,1.0,0.3006,-0.5555,0.0076,-1.2241,0.6876,-0.1487,2026-08-27,1182.51,1189.98,1171.85,1175.64,101452.0,1181.006449
2026-08-27T20:32:44.191,7,8,LLY260904P01187500,LLY,2026-09-04,put,1187.5,23.03,50.0,33.76,44.0,28.395,20.29,1.0,0.3222,-0.568,0.007,-1.3084,0.6842,-0.1526,2026-08-27,1182.51,1189.98,1171.85,1175.64,101452.0,1181.006449
2026-08-27T20:32:44.191,7,8,LLY260904P01190000,LLY,2026-09-04,put,1190.0,26.14,68.0,31.25,16.0,28.695,30.2,1.0,0.3046,-0.5911,0.0073,-1.2153,0.6761,-0.1586,2026-08-27,1182.51,1189.98,1171.85,1175.64,101452.0,1181.006449
2026-08-27T20:32:44.191,7,8,LLY260904P01192500,LLY,2026-09-04,put,1192.5,24.6,72.0,36.94,72.0,30.77,23.19,1.0,0.3126,-0.606,0.0071,-1.2344,0.6697,-0.1629,2026-08-27,1182.51,1189.98,1171.85,1175.64,101452.0,1181.006449
2026-08-27T20:32:44.191,7,8,LLY260904P01195000,LLY,2026-09-04,put,1195.0,26.95,52.0,38.21,73.0,32.58,31.84,5.0,0.3161,-0.6217,0.0069,-1.2313,0.6617,-0.1673,2026-08-27,1182.51,1189.98,1171.85,1175.64,101452.0,1181.006449
2026-08-27T20:32:44.191,7,8,LLY260904P01197500,LLY,2026-09-04,put,1197.5,30.7,17.0,39.17,61.0,34.935,26.4,1.0,0.3274,-0.6334,0.0066,-1.2628,0.6551,-0.1709,2026-08-27,1182.51,1189.98,1171.85,1175.64,101452.0,1181.006449
2026-08-27T20:32:44.191,7,8,LLY260904P01200000,LLY,2026-09-04,put,1200.0,33.73,57.0,37.5,43.0,35.614999999999995,35.87,1.0,0.3123,-0.6571,0.0068,-1.1683,0.6397,-0.1771,2026-08-27,1182.51,1189.98,1171.85,1175.64,101452.0,1181.006449
2026-08-27T20:32:44.191,7,8,LLY260904P01202500,LLY,2026-09-04,put,1202.5,32.549,68.0,42.31,69.0,37.429500000000004,28.6,1.0,0.3141,-0.6725,0.0066,-1.151,0.6283,-0.1815,2026-08-27,1182.51,1189.98,1171.85,1175.64,101452.0,1181.006449
2026-08-27T20:32:44.191,7,8,LLY260904P01205000,LLY,2026-09-04,put,1205.0,35.1,35.0,43.99,43.0,39.545,37.73,1.0,0.3202,-0.6849,0.0064,-1.1532,0.6184,-0.1851,2026-08-27,1182.51,1189.98,1171.85,1175.64,101452.0,1181.006449
2026-08-27T20:32:44.191,7,8,LLY260904P01207500,LLY,2026-09-04,put,1207.5,37.37,25.0,46.28,53.0,41.825,41.0,5.0,0.3285,-0.6951,0.0061,-1.166,0.6095,-0.1883,2026-08-27,1182.51,1189.98,1171.85,1175.64,101452.0,1181.006449
2026-08-27T20:32:44.191,7,8,LLY260904P01210000,LLY,2026-09-04,put,1210.0,39.62,41.0,48.75,51.0,44.185,41.33,1.0,0.3379,-0.7041,0.0059,-1.1833,0.6013,-0.1911,2026-08-27,1182.51,1189.98,1171.85,1175.64,101452.0,1181.006449
2026-08-27T20:32:44.191,7,8,LLY260904P01215000,LLY,2026-09-04,put,1215.0,42.34,43.0,51.09,41.0,46.715,40.58,7.0,0.3178,-0.7457,0.0058,-1.0165,0.5581,-0.2024,2026-08-27,1182.51,1189.98,1171.85,1175.64,101452.0,1181.006449
2026-08-27T20:32:44.191,7,8,LLY260904P01220000,LLY,2026-09-04,put,1220.0,46.18,55.0,56.21,57.0,51.195,43.95,2.0,0.3294,-0.7643,0.0054,-1.0082,0.5357,-0.2082,2026-08-27,1182.51,1189.98,1171.85,1175.64,101452.0,1181.006449
2026-08-27T20:32:44.191,7,8,LLY260904P01225000,LLY,2026-09-04,put,1225.0,50.64,48.0,59.01,54.0,54.825,56.31,1.0,0.3229,-0.7942,0.0051,-0.9017,0.4956,-0.2167,2026-08-27,1182.51,1189.98,1171.85,1175.64,101452.0,1181.006449
2026-08-27T20:32:44.191,7,8,LLY260904P01230000,LLY,2026-09-04,put,1230.0,53.23,55.0,64.09,54.0,58.66,59.06,1.0,0.3173,-0.8221,0.0047,-0.7969,0.4534,-0.2247,2026-08-27,1182.51,1189.98,1171.85,1175.64,101452.0,1181.006449
2026-08-27T20:32:44.191,7,8,LLY260904P01235000,LLY,2026-09-04,put,1235.0,58.73,41.0,69.69,54.0,64.21,62.8,4.0,0.3477,-0.8204,0.0043,-0.8886,0.456,-0.2255,2026-08-27,1182.51,1189.98,1171.85,1175.64,101452.0,1181.006449
2026-08-27T20:32:44.191,7,8,LLY260904P01240000,LLY,2026-09-04,put,1240.0,63.44,38.0,73.7,51.0,68.57,67.1,1.0,0.3512,-0.8377,0.004,-0.8332,0.4274,-0.2309,2026-08-27,1182.51,1189.98,1171.85,1175.64,101452.0,1181.006449
2026-08-27T20:32:44.191,7,8,LLY260904P01245000,LLY,2026-09-04,put,1245.0,66.66,27.0,77.19,10.0,71.925,59.65,1.0,0.3264,-0.8743,0.0036,-0.6242,0.3596,-0.241,2026-08-27,1182.51,1189.98,1171.85,1175.64,101452.0,1181.006449
2026-08-27T20:32:44.191,7,8,LLY260904P01250000,LLY,2026-09-04,put,1250.0,71.3,40.0,81.21,12.0,76.255,73.1,2.0,0.3225,-0.8935,0.0033,-0.5322,0.3197,-0.2469,2026-08-27,1182.51,1189.98,1171.85,1175.64,101452.0,1181.006449
2026-08-27T20:32:44.191,7,8,LLY260904P01255000,LLY,2026-09-04,put,1255.0,77.06,10.0,84.82,7.0,80.94,72.72,1.0,0.3274,-0.9046,0.003,-0.4899,0.2951,-0.2508,2026-08-27,1182.51,1189.98,1171.85,1175.64,101452.0,1181.006449
2026-08-27T20:32:44.191,7,8,LLY260904P01260000,LLY,2026-09-04,put,1260.0,79.95,7.0,90.96,6.0,85.455,69.57,1.0,0.3246,-0.9197,0.0026,-0.4102,0.2595,-0.2557,2026-08-27,1182.51,1189.98,1171.85,1175.64,101452.0,1181.006449
2026-08-27T20:32:44.191,7,8,LLY260904P01265000,LLY,2026-09-04,put,1265.0,84.14,40.0,94.34,40.0,89.24000000000001,87.34,1.0,0.2793,-0.9585,0.0018,-0.1488,0.1546,-0.2665,2026-08-27,1182.51,1189.98,1171.85,1175.64,101452.0,1181.006449
2026-08-27T20:32:44.191,7,8,LLY260904P01270000,LLY,2026-09-04,put,1270.0,91.53,7.0,98.65,7.0,95.09,92.11,1.0,0.3372,-0.9341,0.0022,-0.3515,0.2231,-0.2615,2026-08-27,1182.51,1189.98,1171.85,1175.64,101452.0,1181.006449
2026-08-27T20:32:44.191,7,8,LLY260904P01275000,LLY,2026-09-04,put,1275.0,94.77,18.0,104.74,7.0,99.755,77.4,1.0,0.3344,-0.9451,0.0019,-0.2834,0.1933,-0.2654,2026-08-27,1182.51,1189.98,1171.85,1175.64,101452.0,1181.006449
2026-08-27T20:32:44.191,7,8,LLY260904P01280000,LLY,2026-09-04,put,1280.0,98.07,11.0,108.26,7.0,103.16499999999999,85.71,4.0,,,,,,,2026-08-27,1182.51,1189.98,1171.85,1175.64,101452.0,1181.006449
2026-08-27T20:32:44.191,7,8,LLY260904P01285000,LLY,2026-09-04,put,1285.0,103.45,18.0,112.7,7.0,108.075,91.18,15.0,,,,,,,2026-08-27,1182.51,1189.98,1171.85,1175.64,101452.0,1181.006449
2026-08-27T20:32:44.191,7,8,LLY260904P01290000,LLY,2026-09-04,put,1290.0,108.11,18.0,118.94,7.0,113.525,90.58,1.0,0.255,-0.9922,0.0005,0.0683,0.0371,-0.2805,2026-08-27,1182.51,1189.98,1171.85,1175.64,101452.0,1181.006449
2026-08-27T20:32:44.191,7,8,LLY260904P01295000,LLY,2026-09-04,put,1295.0,115.13,12.0,125.78,7.0,120.455,91.63,3.0,0.4206,-0.9345,0.0017,-0.4621,0.222,-0.2672,2026-08-27,1182.51,1189.98,1171.85,1175.64,101452.0,1181.006449
2026-08-27T20:32:44.191,7,8,LLY260904P01300000,LLY,2026-09-04,put,1300.0,119.26,6.0,135.75,4.0,127.505,117.71,1.0,0.5116,-0.8997,0.002,-0.8606,0.306,-0.2598,2026-08-27,1182.51,1189.98,1171.85,1175.64,101452.0,1181.006449
2026-08-27T20:32:44.191,7,8,LLY260904P01305000,LLY,2026-09-04,put,1305.0,122.64,32.0,140.24,3.0,131.44,61.1,1.0,0.4882,-0.919,0.0018,-0.6764,0.2612,-0.2656,2026-08-27,1182.51,1189.98,1171.85,1175.64,101452.0,1181.006449
2026-08-27T20:32:44.191,7,8,LLY260904P01310000,LLY,2026-09-04,put,1310.0,130.44,6.0,139.29,2.0,134.865,,,0.4291,-0.9516,0.0013,-0.3443,0.1749,-0.2747,2026-08-27,1182.51,1189.98,1171.85,1175.64,101452.0,1181.006449
2026-08-27T20:32:44.191,7,8,LLY260904P01315000,LLY,2026-09-04,put,1315.0,132.26,7.0,145.84,6.0,139.05,,,0.3827,-0.9736,0.0009,-0.1271,0.1066,-0.2813,2026-08-27,1182.51,1189.98,1171.85,1175.64,101452.0,1181.006449
2026-08-27T20:32:44.191,7,8,LLY260904P01320000,LLY,2026-09-04,put,1320.0,139.55,20.0,151.73,7.0,145.64,66.35,1.0,0.494,-0.9379,0.0014,-0.5337,0.2131,-0.2736,2026-08-27,1182.51,1189.98,1171.85,1175.64,101452.0,1181.006449
2026-08-27T20:32:44.191,7,8,LLY260904P01325000,LLY,2026-09-04,put,1325.0,142.64,12.0,156.86,5.0,149.75,136.17,1.0,0.4585,-0.957,0.0011,-0.3285,0.1589,-0.2794,2026-08-27,1182.51,1189.98,1171.85,1175.64,101452.0,1181.006449
2026-08-27T20:32:44.191,7,8,LLY260904P01330000,LLY,2026-09-04,put,1330.0,151.84,10.0,159.54,5.0,155.69,,,0.5218,-0.9393,0.0013,-0.5567,0.2092,-0.2761,2026-08-27,1182.51,1189.98,1171.85,1175.64,101452.0,1181.006449
2026-08-27T20:32:44.191,7,8,LLY260904P01335000,LLY,2026-09-04,put,1335.0,156.17,12.0,162.31,7.0,159.24,90.3,1.0,0.4445,-0.9705,0.0009,-0.1953,0.1169,-0.2849,2026-08-27,1182.51,1189.98,1171.85,1175.64,101452.0,1181.006449
2026-08-27T20:32:44.191,7,8,LLY260904P01340000,LLY,2026-09-04,put,1340.0,157.78,27.0,169.01,6.0,163.39499999999998,90.99,1.0,0.2945,-0.9985,0.0001,0.1173,0.0086,-0.2931,2026-08-27,1182.51,1189.98,1171.85,1175.64,101452.0,1181.006449
2026-08-27T20:32:44.191,7,8,LLY260904P01345000,LLY,2026-09-04,put,1345.0,163.93,12.0,172.71,5.0,168.32,,,,,,,,,2026-08-27,1182.51,1189.98,1171.85,1175.64,101452.0,1181.006449
2026-08-27T20:32:44.191,7,8,LLY260904P01350000,LLY,2026-09-04,put,1350.0,172.48,12.0,178.89,5.0,175.685,160.51,5.0,0.5711,-0.9435,0.0011,-0.5781,0.1978,-0.2816,2026-08-27,1182.51,1189.98,1171.85,1175.64,101452.0,1181.006449
2026-08-27T20:32:44.191,7,8,LLY260904P01355000,LLY,2026-09-04,put,1355.0,177.78,27.0,184.24,5.0,181.01,97.65,1.0,0.5993,-0.9391,0.0012,-0.6572,0.2096,-0.2817,2026-08-27,1182.51,1189.98,1171.85,1175.64,101452.0,1181.006449
2026-08-27T20:32:44.191,7,8,LLY260904P01360000,LLY,2026-09-04,put,1360.0,182.11,11.0,186.12,6.0,184.115,143.9,7.0,0.4876,-0.9757,0.0007,-0.1703,0.0994,-0.2917,2026-08-27,1182.51,1189.98,1171.85,1175.64,101452.0,1181.006449
2026-08-27T20:32:44.191,7,8,LLY260904P01365000,LLY,2026-09-04,put,1365.0,185.23,7.0,193.44,7.0,189.33499999999998,,,0.5189,-0.971,0.0007,-0.2406,0.115,-0.2917,2026-08-27,1182.51,1189.98,1171.85,1175.64,101452.0,1181.006449
2026-08-27T20:32:44.191,7,8,LLY260904P01370000,LLY,2026-09-04,put,1370.0,186.82,11.0,203.77,7.0,195.29500000000002,,,0.5975,-0.9532,0.0009,-0.5042,0.1701,-0.2884,2026-08-27,1182.51,1189.98,1171.85,1175.64,101452.0,1181.006449
2026-08-27T20:32:44.191,7,8,LLY260904P01375000,LLY,2026-09-04,put,1375.0,195.35,12.0,204.14,5.0,199.745,,,0.5732,-0.9637,0.0008,-0.3641,0.1387,-0.2921,2026-08-27,1182.51,1189.98,1171.85,1175.64,101452.0,1181.006449
2026-08-27T20:32:44.191,7,8,LLY260904P01380000,LLY,2026-09-04,put,1380.0,197.88,19.0,207.99,7.0,202.935,,,,,,,,,2026-08-27,1182.51,1189.98,1171.85,1175.64,101452.0,1181.006449
2026-08-27T20:32:44.191,7,8,LLY260904P01385000,LLY,2026-09-04,put,1385.0,202.33,10.0,213.04,5.0,207.685,,,,,,,,,2026-08-27,1182.51,1189.98,1171.85,1175.64,101452.0,1181.006449
2026-08-27T20:32:44.191,7,8,LLY260904P01390000,LLY,2026-09-04,put,1390.0,213.48,12.0,217.72,5.0,215.6,128.35,1.0,0.6613,-0.951,0.0009,-0.5974,0.1767,-0.2923,2026-08-27,1182.51,1189.98,1171.85,1175.64,101452.0,1181.006449
2026-08-27T20:32:44.191,7,8,LLY260904P01395000,LLY,2026-09-04,put,1395.0,213.97,12.0,224.78,7.0,219.375,140.83,3.0,0.5867,-0.9724,0.0006,-0.269,0.1104,-0.2986,2026-08-27,1182.51,1189.98,1171.85,1175.64,101452.0,1181.006449
2026-08-27T20:32:44.191,7,8,LLY260904P01400000,LLY,2026-09-04,put,1400.0,222.24,22.0,232.57,7.0,227.405,144.98,3.0,0.7719,-0.9285,0.001,-1.0144,0.2375,-0.2891,2026-08-27,1182.51,1189.98,1171.85,1175.64,101452.0,1181.006449
2026-08-27T20:32:44.191,7,8,LLY260904P01405000,LLY,2026-09-04,put,1405.0,225.05,10.0,239.32,5.0,232.185,144.15,1.0,0.7746,-0.9319,0.001,-0.9747,0.2287,-0.291,2026-08-27,1182.51,1189.98,1171.85,1175.64,101452.0,1181.006449
2026-08-27T20:32:44.191,7,8,LLY260904P01410000,LLY,2026-09-04,put,1410.0,229.56,19.0,237.07,2.0,233.315,,,,,,,,,2026-08-27,1182.51,1189.98,1171.85,1175.64,101452.0,1181.006449
2026-08-27T20:32:44.191,7,8,LLY260904P01415000,LLY,2026-09-04,put,1415.0,236.62,2.0,247.99,2.0,242.305,,,0.8038,-0.9321,0.0009,-1.0133,0.2282,-0.2933,2026-08-27,1182.51,1189.98,1171.85,1175.64,101452.0,1181.006449
2026-08-27T20:32:44.191,7,8,LLY260904P01420000,LLY,2026-09-04,put,1420.0,237.31,7.0,245.68,7.0,241.495,201.2,3.0,,,,,,,2026-08-27,1182.51,1189.98,1171.85,1175.64,101452.0,1181.006449
2026-08-27T20:32:44.191,7,8,LLY260904P01425000,LLY,2026-09-04,put,1425.0,249.3,11.0,259.48,6.0,254.39000000000001,,,0.9104,-0.9122,0.001,-1.4469,0.2775,-0.2908,2026-08-27,1182.51,1189.98,1171.85,1175.64,101452.0,1181.006449
2026-08-27T20:32:44.191,7,8,LLY260904P01430000,LLY,2026-09-04,put,1430.0,248.22,12.0,258.48,5.0,253.35000000000002,,,0.4558,-0.9979,0.0001,0.1087,0.0117,-0.3126,2026-08-27,1182.51,1189.98,1171.85,1175.64,101452.0,1181.006449
2026-08-27T20:32:44.191,7,8,LLY260904P01435000,LLY,2026-09-04,put,1435.0,249.86,26.0,271.84,2.0,260.85,,,0.7768,-0.9525,0.0007,-0.6991,0.1723,-0.3026,2026-08-27,1182.51,1189.98,1171.85,1175.64,101452.0,1181.006449
2026-08-27T20:32:44.191,7,8,LLY260904P01440000,LLY,2026-09-04,put,1440.0,261.13,7.0,272.41,7.0,266.77,,,0.8371,-0.9417,0.0008,-0.9241,0.2028,-0.3011,2026-08-27,1182.51,1189.98,1171.85,1175.64,101452.0,1181.006449
2026-08-27T20:32:44.191,7,8,LLY260904P01445000,LLY,2026-09-04,put,1445.0,269.67,26.0,269.69,5.0,269.68,,,0.7172,-0.9701,0.0005,-0.3884,0.118,-0.3091,2026-08-27,1182.51,1189.98,1171.85,1175.64,101452.0,1181.006449
2026-08-27T20:32:44.191,7,8,LLY260904P01450000,LLY,2026-09-04,put,1450.0,264.83,29.0,283.13,7.0,273.98,,,0.6542,-0.9826,0.0004,-0.1643,0.075,-0.3132,2026-08-27,1182.51,1189.98,1171.85,1175.64,101452.0,1181.006449
2026-08-27T20:32:44.191,7,8,LLY260904P01455000,LLY,2026-09-04,put,1455.0,273.59,18.0,280.51,2.0,277.04999999999995,,,,,,,,,2026-08-27,1182.51,1189.98,1171.85,1175.64,101452.0,1181.006449
2026-08-27T20:32:44.191,7,8,LLY260904P01460000,LLY,2026-09-04,put,1460.0,280.55,2.0,288.64,2.0,284.595,,,0.7402,-0.9723,0.0005,-0.3708,0.1109,-0.3129,2026-08-27,1182.51,1189.98,1171.85,1175.64,101452.0,1181.006449
2026-08-27T20:32:44.191,7,8,LLY260904P01465000,LLY,2026-09-04,put,1465.0,285.24,6.0,296.73,2.0,290.985,,,0.8499,-0.9535,0.0007,-0.7585,0.1693,-0.3095,2026-08-27,1182.51,1189.98,1171.85,1175.64,101452.0,1181.006449
2026-08-27T20:32:44.191,7,8,LLY260904P01470000,LLY,2026-09-04,put,1470.0,292.22,2.0,303.19,2.0,297.70500000000004,,,0.9491,-0.9351,0.0008,-1.1682,0.2204,-0.3062,2026-08-27,1182.51,1189.98,1171.85,1175.64,101452.0,1181.006449
2026-08-27T20:32:44.191,7,8,LLY260904P01475000,LLY,2026-09-04,put,1475.0,292.05,6.0,302.24,2.0,297.145,,,,,,,,,2026-08-27,1182.51,1189.98,1171.85,1175.64,101452.0,1181.006449
2026-08-27T20:32:44.191,7,8,LLY260904P01480000,LLY,2026-09-04,put,1480.0,300.59,19.0,309.5,7.0,305.04499999999996,,,0.8179,-0.9667,0.0005,-0.5157,0.129,-0.3159,2026-08-27,1182.51,1189.98,1171.85,1175.64,101452.0,1181.006449
2026-08-27T20:32:44.191,7,8,LLY260904P01500000,LLY,2026-09-04,put,1500.0,325.29,10.0,328.45,6.0,326.87,,,,,,,,,2026-08-27,1182.51,1189.98,1171.85,1175.64,101452.0,1181.006449
2026-08-27T20:32:44.191,7,8,LLY260904P01520000,LLY,2026-09-04,put,1520.0,335.06,11.0,356.51,7.0,345.78499999999997,,,0.9512,-0.9598,0.0005,-0.7481,0.1505,-0.3231,2026-08-27,1182.51,1189.98,1171.85,1175.64,101452.0,1181.006449
2026-08-27T20:32:44.191,7,8,LLY260904P01540000,LLY,2026-09-04,put,1540.0,355.63,2.0,367.03,2.0,361.33,,,,,,,,,2026-08-27,1182.51,1189.98,1171.85,1175.64,101452.0,1181.006449
2026-08-27T20:32:44.191,7,8,LLY260904P01560000,LLY,2026-09-04,put,1560.0,379.33,5.0,394.83,2.0,387.08,,,,,,,,,2026-08-27,1182.51,1189.98,1171.85,1175.64,101452.0,1181.006449
2026-08-27T20:32:44.191,7,8,LLY260904P01580000,LLY,2026-09-04,put,1580.0,405.67,12.0,414.45,6.0,410.06,,,,,,,,,2026-08-27,1182.51,1189.98,1171.85,1175.64,101452.0,1181.006449
2026-08-27T20:32:44.191,7,8,LLY260904P01600000,LLY,2026-09-04,put,1600.0,413.52,27.0,430.62,6.0,422.07,,,,,,,,,2026-08-27,1182.51,1189.98,1171.85,1175.64,101452.0,1181.006449
2026-08-27T20:32:44.191,7,8,LLY260904P01620000,LLY,2026-09-04,put,1620.0,438.52,11.0,448.97,6.0,443.745,,,,,,,,,2026-08-27,1182.51,1189.98,1171.85,1175.64,101452.0,1181.006449
2026-08-27T20:32:44.191,7,8,LLY260904P01640000,LLY,2026-09-04,put,1640.0,466.89,10.0,474.11,7.0,470.5,,,,,,,,,2026-08-27,1182.51,1189.98,1171.85,1175.64,101452.0,1181.006449
2026-08-27T20:32:44.191,14,15,LLY260911C00610000,LLY,2026-09-11,call,610.0,558.78,5.0,570.87,3.0,564.825,,,,,,,,,2026-08-27,1182.51,1189.98,1171.85,1175.64,101452.0,1181.006449
2026-08-27T20:32:44.191,14,15,LLY260911C00620000,LLY,2026-09-11,call,620.0,553.04,3.0,562.35,2.0,557.6949999999999,,,,,,,,,2026-08-27,1182.51,1189.98,1171.85,1175.64,101452.0,1181.006449
2026-08-27T20:32:44.191,14,15,LLY260911C00630000,LLY,2026-09-11,call,630.0,529.14,1.0,559.06,1.0,544.0999999999999,,,,,,,,,2026-08-27,1182.51,1189.98,1171.85,1175.64,101452.0,1181.006449
2026-08-27T20:32:44.191,14,15,LLY260911C00640000,LLY,2026-09-11,call,640.0,529.33,6.0,547.07,2.0,538.2,,,,,,,,,2026-08-27,1182.51,1189.98,1171.85,1175.64,101452.0,1181.006449
2026-08-27T20:32:44.191,14,15,LLY260911C00650000,LLY,2026-09-11,call,650.0,527.59,3.0,544.89,1.0,536.24,,,,,,,,,2026-08-27,1182.51,1189.98,1171.85,1175.64,101452.0,1181.006449
2026-08-27T20:32:44.191,14,15,LLY260911C00660000,LLY,2026-09-11,call,660.0,510.35,3.0,534.84,2.0,522.595,,,,,,,,,2026-08-27,1182.51,1189.98,1171.85,1175.64,101452.0,1181.006449
2026-08-27T20:32:44.191,14,15,LLY260911C00670000,LLY,2026-09-11,call,670.0,499.24,3.0,517.1,2.0,508.17,,,,,,,,,2026-08-27,1182.51,1189.98,1171.85,1175.64,101452.0,1181.006449
2026-08-27T20:32:44.191,14,15,LLY260911C00680000,LLY,2026-09-11,call,680.0,480.24,3.0,513.94,4.0,497.09000000000003,,,,,,,,,2026-08-27,1182.51,1189.98,1171.85,1175.64,101452.0,1181.006449
2026-08-27T20:32:44.191,14,15,LLY260911C00690000,LLY,2026-09-11,call,690.0,486.89,3.0,501.34,1.0,494.115,,,,,,,,,2026-08-27,1182.51,1189.98,1171.85,1175.64,101452.0,1181.006449
2026-08-27T20:32:44.191,14,15,LLY260911C00700000,LLY,2026-09-11,call,700.0,471.87,2.0,484.29,2.0,478.08000000000004,,,,,,,,,2026-08-27,1182.51,1189.98,1171.85,1175.64,101452.0,1181.006449
2026-08-27T20:32:44.191,14,15,LLY260911C00710000,LLY,2026-09-11,call,710.0,453.67,9.0,479.08,1.0,466.375,,,,,,,,,2026-08-27,1182.51,1189.98,1171.85,1175.64,101452.0,1181.006449
2026-08-27T20:32:44.191,14,15,LLY260911C00720000,LLY,2026-09-11,call,720.0,446.49,2.0,464.54,2.0,455.515,,,,,,,,,2026-08-27,1182.51,1189.98,1171.85,1175.64,101452.0,1181.006449
2026-08-27T20:32:44.191,14,15,LLY260911C00730000,LLY,2026-09-11,call,730.0,435.03,24.0,456.55,4.0,445.78999999999996,,,,,,,,,2026-08-27,1182.51,1189.98,1171.85,1175.64,101452.0,1181.006449
2026-08-27T20:32:44.191,14,15,LLY260911C00740000,LLY,2026-09-11,call,740.0,421.36,8.0,453.35,1.0,437.355,,,,,,,,,2026-08-27,1182.51,1189.98,1171.85,1175.64,101452.0,1181.006449
2026-08-27T20:32:44.191,14,15,LLY260911C00750000,LLY,2026-09-11,call,750.0,417.09,1.0,441.05,2.0,429.07,,,,,,,,,2026-08-27,1182.51,1189.98,1171.85,1175.64,101452.0,1181.006449
2026-08-27T20:32:44.191,14,15,LLY260911C00760000,LLY,2026-09-11,call,760.0,400.59,2.0,427.14,5.0,413.865,,,,,,,,,2026-08-27,1182.51,1189.98,1171.85,1175.64,101452.0,1181.006449
2026-08-27T20:32:44.191,14,15,LLY260911C00770000,LLY,2026-09-11,call,770.0,391.18,2.0,415.03,2.0,403.105,,,,,,,,,2026-08-27,1182.51,1189.98,1171.85,1175.64,101452.0,1181.006449
2026-08-27T20:32:44.191,14,15,LLY260911C00780000,LLY,2026-09-11,call,780.0,384.18,3.0,413.09,1.0,398.635,,,,,,,,,2026-08-27,1182.51,1189.98,1171.85,1175.64,101452.0,1181.006449
2026-08-27T20:32:44.191,14,15,LLY260911C00785000,LLY,2026-09-11,call,785.0,377.12,2.0,404.88,2.0,391.0,,,,,,,,,2026-08-27,1182.51,1189.98,1171.85,1175.64,101452.0,1181.006449
2026-08-27T20:32:44.191,14,15,LLY260911C00790000,LLY,2026-09-11,call,790.0,385.28,8.0,401.15,1.0,393.215,,,,,,,,,2026-08-27,1182.51,1189.98,1171.85,1175.64,101452.0,1181.006449
2026-08-27T20:32:44.191,14,15,LLY260911C00795000,LLY,2026-09-11,call,795.0,380.93,10.0,390.78,6.0,385.855,,,,,,,,,2026-08-27,1182.51,1189.98,1171.85,1175.64,101452.0,1181.006449
2026-08-27T20:32:44.191,14,15,LLY260911C00800000,LLY,2026-09-11,call,800.0,364.95,10.0,380.34,6.0,372.645,,,,,,,,,2026-08-27,1182.51,1189.98,1171.85,1175.64,101452.0,1181.006449
2026-08-27T20:32:44.191,14,15,LLY260911C00805000,LLY,2026-09-11,call,805.0,370.55,13.0,378.57,6.0,374.56,,,,,,,,,2026-08-27,1182.51,1189.98,1171.85,1175.64,101452.0,1181.006449
2026-08-27T20:32:44.191,14,15,LLY260911C00810000,LLY,2026-09-11,call,810.0,354.96,12.0,372.74,6.0,363.85,,,,,,,,,2026-08-27,1182.51,1189.98,1171.85,1175.64,101452.0,1181.006449
2026-08-27T20:32:44.191,14,15,LLY260911C00815000,LLY,2026-09-11,call,815.0,347.55,2.0,362.7,2.0,355.125,,,,,,,,,2026-08-27,1182.51,1189.98,1171.85,1175.64,101452.0,1181.006449
2026-08-27T20:32:44.191,14,15,LLY260911C00820000,LLY,2026-09-11,call,820.0,357.09,13.0,360.97,2.0,359.03,,,,,,,,,2026-08-27,1182.51,1189.98,1171.85,1175.64,101452.0,1181.006449
2026-08-27T20:32:44.191,14,15,LLY260911C00825000,LLY,2026-09-11,call,825.0,353.27,8.0,357.25,8.0,355.26,382.2,12.0,,,,,,,2026-08-27,1182.51,1189.98,1171.85,1175.64,101452.0,1181.006449
2026-08-27T20:32:44.191,14,15,LLY260911C00830000,LLY,2026-09-11,call,830.0,338.57,2.0,349.77,2.0,344.16999999999996,,,,,,,,,2026-08-27,1182.51,1189.98,1171.85,1175.64,101452.0,1181.006449
2026-08-27T20:32:44.191,14,15,LLY260911C00835000,LLY,2026-09-11,call,835.0,340.36,2.0,351.34,2.0,345.85,,,,,,,,,2026-08-27,1182.51,1189.98,1171.85,1175.64,101452.0,1181.006449
2026-08-27T20:32:44.191,14,15,LLY260911C00840000,LLY,2026-09-11,call,840.0,330.2,8.0,346.2,2.0,338.2,,,0.8294,0.9818,0.0002,-0.3761,0.1066,0.3353,2026-08-27,1182.51,1189.98,1171.85,1175.64,101452.0,1181.006449
2026-08-27T20:32:44.191,14,15,LLY260911C00845000,LLY,2026-09-11,call,845.0,332.73,2.0,340.12,2.0,336.425,,,1.0145,0.9569,0.0004,-0.8167,0.2183,0.324,2026-08-27,1182.51,1189.98,1171.85,1175.64,101452.0,1181.006449
2026-08-27T20:32:44.191,14,15,LLY260911C00850000,LLY,2026-09-11,call,850.0,322.07,17.0,331.5,2.0,326.78499999999997,,,,,,,,,2026-08-27,1182.51,1189.98,1171.85,1175.64,101452.0,1181.006449
2026-08-27T20:32:44.191,14,15,LLY260911C00855000,LLY,2026-09-11,call,855.0,317.52,2.0,330.23,2.0,323.875,295.55,1.0,0.8435,0.9748,0.0003,-0.4765,0.1403,0.3378,2026-08-27,1182.51,1189.98,1171.85,1175.64,101452.0,1181.006449
2026-08-27T20:32:44.191,14,15,LLY260911C00860000,LLY,2026-09-11,call,860.0,312.81,6.0,324.13,2.0,318.47,,,0.7993,0.9783,0.0003,-0.4127,0.1238,0.3417,2026-08-27,1182.51,1189.98,1171.85,1175.64,101452.0,1181.006449
2026-08-27T20:32:44.191,14,15,LLY260911C00865000,LLY,2026-09-11,call,865.0,305.49,20.0,317.32,2.0,311.405,,,,,,,,,2026-08-27,1182.51,1189.98,1171.85,1175.64,101452.0,1181.006449
2026-08-27T20:32:44.191,14,15,LLY260911C00870000,LLY,2026-09-11,call,870.0,301.42,5.0,312.25,2.0,306.83500000000004,,,,,,,,,2026-08-27,1182.51,1189.98,1171.85,1175.64,101452.0,1181.006449
2026-08-27T20:32:44.191,14,15,LLY260911C00875000,LLY,2026-09-11,call,875.0,296.87,2.0,312.68,2.0,304.775,,,0.8441,0.9656,0.0004,-0.5934,0.1815,0.3412,2026-08-27,1182.51,1189.98,1171.85,1175.64,101452.0,1181.006449
2026-08-27T20:32:44.191,14,15,LLY260911C00880000,LLY,2026-09-11,call,880.0,291.51,6.0,305.54,2.0,298.525,,,0.7506,0.9766,0.0003,-0.4138,0.1315,0.3491,2026-08-27,1182.51,1189.98,1171.85,1175.64,101452.0,1181.006449
2026-08-27T20:32:44.191,14,15,LLY260911C00885000,LLY,2026-09-11,call,885.0,288.43,20.0,295.88,2.0,292.155,,,0.5733,0.994,0.0001,-0.1645,0.0404,0.3602,2026-08-27,1182.51,1189.98,1171.85,1175.64,101452.0,1181.006449
2026-08-27T20:32:44.191,14,15,LLY260911C00890000,LLY,2026-09-11,call,890.0,284.34,22.0,299.0,2.0,291.66999999999996,,,0.8893,0.9497,0.0005,-0.8143,0.2469,0.3389,2026-08-27,1182.51,1189.98,1171.85,1175.64,101452.0,1181.006449
2026-08-27T20:32:44.191,14,15,LLY260911C00895000,LLY,2026-09-11,call,895.0,278.23,12.0,287.91,6.0,283.07000000000005,,,0.6745,0.9809,0.0003,-0.3359,0.1108,0.3576,2026-08-27,1182.51,1189.98,1171.85,1175.64,101452.0,1181.006449
2026-08-27T20:32:44.191,14,15,LLY260911C00900000,LLY,2026-09-11,call,900.0,269.32,7.0,284.87,8.0,277.095,224.91,2.0,0.5208,0.9953,0.0001,-0.1457,0.0326,0.367,2026-08-27,1182.51,1189.98,1171.85,1175.64,101452.0,1181.006449
2026-08-27T20:32:44.191,14,15,LLY260911C00905000,LLY,2026-09-11,call,905.0,261.99,13.0,275.87,6.0,268.93,312.41,1.0,,,,,,,2026-08-27,1182.51,1189.98,1171.85,1175.64,101452.0,1181.006449
2026-08-27T20:32:44.191,14,15,LLY260911C00910000,LLY,2026-09-11,call,910.0,263.79,19.0,270.01,2.0,266.9,,,,,,,,,2026-08-27,1182.51,1189.98,1171.85,1175.64,101452.0,1181.006449
2026-08-27T20:32:44.191,14,15,LLY260911C00915000,LLY,2026-09-11,call,915.0,253.66,6.0,272.98,2.0,263.32,,,0.6451,0.9769,0.0004,-0.3689,0.1305,0.3637,2026-08-27,1182.51,1189.98,1171.85,1175.64,101452.0,1181.006449
2026-08-27T20:32:44.191,14,15,LLY260911C00920000,LLY,2026-09-11,call,920.0,252.74,13.0,261.66,2.0,257.20000000000005,206.53,5.0,0.5013,0.9934,0.0002,-0.1646,0.0441,0.3742,2026-08-27,1182.51,1189.98,1171.85,1175.64,101452.0,1181.006449
2026-08-27T20:32:44.191,14,15,LLY260911C00925000,LLY,2026-09-11,call,925.0,249.61,16.0,254.3,2.0,251.955,,,0.3664,0.9995,0.0,-0.0973,0.0043,0.3793,2026-08-27,1182.51,1189.98,1171.85,1175.64,101452.0,1181.006449
2026-08-27T20:32:44.191,14,15,LLY260911C00930000,LLY,2026-09-11,call,930.0,240.48,2.0,256.22,2.0,248.35000000000002,339.66,1.0,0.6099,0.9755,0.0004,-0.3678,0.1368,0.3692,2026-08-27,1182.51,1189.98,1171.85,1175.64,101452.0,1181.006449
2026-08-27T20:32:44.191,14,15,LLY260911C00935000,LLY,2026-09-11,call,935.0,232.74,12.0,246.9,6.0,239.82,263.0,1.0,,,,,,,2026-08-27,1182.51,1189.98,1171.85,1175.64,101452.0,1181.006449
2026-08-27T20:32:44.191,14,15,LLY260911C00940000,LLY,2026-09-11,call,940.0,228.42,6.0,248.84,2.0,238.63,,,0.6041,0.9712,0.0005,-0.4053,0.1565,0.3711,2026-08-27,1182.51,1189.98,1171.85,1175.64,101452.0,1181.006449
2026-08-27T20:32:44.191,14,15,LLY260911C00945000,LLY,2026-09-11,call,945.0,221.78,25.0,242.55,2.0,232.16500000000002,,,0.4355,0.9944,0.0002,-0.1491,0.0383,0.385,2026-08-27,1182.51,1189.98,1171.85,1175.64,101452.0,1181.006449
2026-08-27T20:32:44.191,14,15,LLY260911C00950000,LLY,2026-09-11,call,950.0,220.15,2.0,237.76,2.0,228.95499999999998,231.66,1.0,0.5983,0.9663,0.0005,-0.4462,0.1784,0.3727,2026-08-27,1182.51,1189.98,1171.85,1175.64,101452.0,1181.006449
2026-08-27T20:32:44.191,14,15,LLY260911C00955000,LLY,2026-09-11,call,955.0,215.88,2.0,233.26,3.0,224.57,,,0.6171,0.9587,0.0006,-0.5237,0.2108,0.3709,2026-08-27,1182.51,1189.98,1171.85,1175.64,101452.0,1181.006449
2026-08-27T20:32:44.191,14,15,LLY260911C00960000,LLY,2026-09-11,call,960.0,213.72,8.0,223.45,2.0,218.58499999999998,,,0.5516,0.97,0.0005,-0.3901,0.1622,0.3788,2026-08-27,1182.51,1189.98,1171.85,1175.64,101452.0,1181.006449
2026-08-27T20:32:44.191,14,15,LLY260911C00965000,LLY,2026-09-11,call,965.0,208.91,15.0,221.11,2.0,215.01,,,0.6105,0.9524,0.0007,-0.5709,0.2362,0.3718,2026-08-27,1182.51,1189.98,1171.85,1175.64,101452.0,1181.006449
2026-08-27T20:32:44.191,14,15,LLY260911C00970000,LLY,2026-09-11,call,970.0,204.35,5.0,218.65,2.0,211.5,,,0.6529,0.9369,0.0008,-0.7311,0.2951,0.3657,2026-08-27,1182.51,1189.98,1171.85,1175.64,101452.0,1181.006449
2026-08-27T20:32:44.191,14,15,LLY260911C00975000,LLY,2026-09-11,call,975.0,200.04,16.0,208.41,2.0,204.225,,,0.5491,0.9599,0.0007,-0.4687,0.2057,0.3798,2026-08-27,1182.51,1189.98,1171.85,1175.64,101452.0,1181.006449
2026-08-27T20:32:44.191,14,15,LLY260911C00980000,LLY,2026-09-11,call,980.0,193.68,15.0,206.48,2.0,200.07999999999998,,,0.5737,0.949,0.0008,-0.5687,0.2496,0.3763,2026-08-27,1182.51,1189.98,1171.85,1175.64,101452.0,1181.006449
2026-08-27T20:32:44.191,14,15,LLY260911C00985000,LLY,2026-09-11,call,985.0,190.52,4.0,201.83,2.0,196.175,,,0.6004,0.9365,0.0009,-0.6838,0.2966,0.3718,2026-08-27,1182.51,1189.98,1171.85,1175.64,101452.0,1181.006449
2026-08-27T20:32:44.191,14,15,LLY260911C00990000,LLY,2026-09-11,call,990.0,182.32,18.0,194.24,2.0,188.28,,,0.4602,0.9715,0.0006,-0.3332,0.1552,0.392,2026-08-27,1182.51,1189.98,1171.85,1175.64,101452.0,1181.006449
2026-08-27T20:32:44.191,14,15,LLY260911C00995000,LLY,2026-09-11,call,995.0,174.31,20.0,187.02,6.0,180.66500000000002,,,,,,,,,2026-08-27,1182.51,1189.98,1171.85,1175.64,101452.0,1181.006449
2026-08-27T20:32:44.191,14,15,LLY260911C01000000,LLY,2026-09-11,call,1000.0,173.93,8.0,180.45,6.0,177.19,280.2,1.0,0.3203,0.9946,0.0002,-0.1386,0.0371,0.4077,2026-08-27,1182.51,1189.98,1171.85,1175.64,101452.0,1181.006449
2026-08-27T20:32:44.191,14,15,LLY260911C01005000,LLY,2026-09-11,call,1005.0,167.76,10.0,176.39,6.0,172.075,,,0.2482,0.9992,0.0,-0.1052,0.0062,0.412,2026-08-27,1182.51,1189.98,1171.85,1175.64,101452.0,1181.006449
2026-08-27T20:32:44.191,14,15,LLY260911C01010000,LLY,2026-09-11,call,1010.0,160.32,4.0,173.1,2.0,166.70999999999998,,,,,,,,,2026-08-27,1182.51,1189.98,1171.85,1175.64,101452.0,1181.006449
2026-08-27T20:32:44.191,14,15,LLY260911C01015000,LLY,2026-09-11,call,1015.0,159.41,8.0,165.81,6.0,162.61,,,0.3519,0.9828,0.0005,-0.2181,0.1015,0.408,2026-08-27,1182.51,1189.98,1171.85,1175.64,101452.0,1181.006449
2026-08-27T20:32:44.191,14,15,LLY260911C01020000,LLY,2026-09-11,call,1020.0,153.13,10.0,164.19,6.0,158.66,125.9,1.0,0.4107,0.9612,0.0009,-0.3714,0.2005,0.3991,2026-08-27,1182.51,1189.98,1171.85,1175.64,101452.0,1181.006449
2026-08-27T20:32:44.191,14,15,LLY260911C01025000,LLY,2026-09-11,call,1025.0,146.88,10.0,155.41,6.0,151.14499999999998,,,,,,,,,2026-08-27,1182.51,1189.98,1171.85,1175.64,101452.0,1181.006449
2026-08-27T20:32:44.191,14,15,LLY260911C01030000,LLY,2026-09-11,call,1030.0,143.79,9.0,154.64,6.0,149.21499999999997,,,0.4114,0.95,0.0011,-0.4337,0.2459,0.3976,2026-08-27,1182.51,1189.98,1171.85,1175.64,101452.0,1181.006449
2026-08-27T20:32:44.191,14,15,LLY260911C01035000,LLY,2026-09-11,call,1035.0,138.82,7.0,145.7,8.0,142.26,,,0.2631,0.9927,0.0003,-0.1445,0.0482,0.4211,2026-08-27,1182.51,1189.98,1171.85,1175.64,101452.0,1181.006449
2026-08-27T20:32:44.191,14,15,LLY260911C01040000,LLY,2026-09-11,call,1040.0,135.56,10.0,145.54,10.0,140.55,,,0.4324,0.9277,0.0013,-0.5677,0.3281,0.3904,2026-08-27,1182.51,1189.98,1171.85,1175.64,101452.0,1181.006449
2026-08-27T20:32:44.191,14,15,LLY260911C01045000,LLY,2026-09-11,call,1045.0,127.48,12.0,139.86,6.0,133.67000000000002,,,0.3519,0.9561,0.0011,-0.3585,0.2214,0.407,2026-08-27,1182.51,1189.98,1171.85,1175.64,101452.0,1181.006449
2026-08-27T20:32:44.191,14,15,LLY260911C01050000,LLY,2026-09-11,call,1050.0,124.34,8.0,133.34,6.0,128.84,129.77,5.0,0.3473,0.9516,0.0012,-0.376,0.2395,0.4068,2026-08-27,1182.51,1189.98,1171.85,1175.64,101452.0,1181.006449
2026-08-27T20:32:44.191,14,15,LLY260911C01055000,LLY,2026-09-11,call,1055.0,118.75,8.0,131.13,6.0,124.94,,,0.3745,0.9309,0.0015,-0.492,0.3166,0.3984,2026-08-27,1182.51,1189.98,1171.85,1175.64,101452.0,1181.006449
2026-08-27T20:32:44.191,14,15,LLY260911C01060000,LLY,2026-09-11,call,1060.0,115.3,8.0,124.64,6.0,119.97,136.33,1.0,0.3626,0.9285,0.0016,-0.49,0.3252,0.3993,2026-08-27,1182.51,1189.98,1171.85,1175.64,101452.0,1181.006449
2026-08-27T20:32:44.191,14,15,LLY260911C01065000,LLY,2026-09-11,call,1065.0,109.9,10.0,120.17,10.0,115.035,131.51,1.0,0.3517,0.9253,0.0017,-0.4913,0.3362,0.3998,2026-08-27,1182.51,1189.98,1171.85,1175.64,101452.0,1181.006449
2026-08-27T20:32:44.191,14,15,LLY260911C01070000,LLY,2026-09-11,call,1070.0,106.01,10.0,116.84,10.0,111.42500000000001,122.0,1.0,0.3756,0.9021,0.0019,-0.6102,0.4118,0.39,2026-08-27,1182.51,1189.98,1171.85,1175.64,101452.0,1181.006449
2026-08-27T20:32:44.191,14,15,LLY260911C01075000,LLY,2026-09-11,call,1075.0,99.49,13.0,110.48,9.0,104.985,,,0.3245,0.9215,0.0019,-0.4755,0.3494,0.402,2026-08-27,1182.51,1189.98,1171.85,1175.64,101452.0,1181.006449
2026-08-27T20:32:44.191,14,15,LLY260911C01080000,LLY,2026-09-11,call,1080.0,94.43,10.0,105.27,10.0,99.85,117.0,1.0,0.3078,0.9213,0.002,-0.4571,0.3499,0.4041,2026-08-27,1182.51,1189.98,1171.85,1175.64,101452.0,1181.006449
2026-08-27T20:32:44.191,14,15,LLY260911C01085000,LLY,2026-09-11,call,1085.0,89.33,10.0,98.91,10.0,94.12,,,0.2731,0.9335,0.002,-0.38,0.3074,0.4123,2026-08-27,1182.51,1189.98,1171.85,1175.64,101452.0,1181.006449
2026-08-27T20:32:44.191,14,15,LLY260911C01090000,LLY,2026-09-11,call,1090.0,87.99,21.0,97.94,11.0,92.965,96.82,1.0,0.3523,0.8675,0.0026,-0.6923,0.5108,0.3809,2026-08-27,1182.51,1189.98,1171.85,1175.64,101452.0,1181.006449
2026-08-27T20:32:44.191,14,15,LLY260911C01095000,LLY,2026-09-11,call,1095.0,81.71,22.0,90.47,18.0,86.09,,,0.2991,0.8898,0.0026,-0.543,0.4486,0.3945,2026-08-27,1182.51,1189.98,1171.85,1175.64,101452.0,1181.006449
2026-08-27T20:32:44.191,14,15,LLY260911C01100000,LLY,2026-09-11,call,1100.0,77.5,27.0,86.57,12.0,82.035,99.0,1.0,0.305,0.8707,0.0029,-0.6045,0.5022,0.3869,2026-08-27,1182.51,1189.98,1171.85,1175.64,101452.0,1181.006449
2026-08-27T20:32:44.191,14,15,LLY260911C01105000,LLY,2026-09-11,call,1105.0,74.77,9.0,83.41,12.0,79.09,87.6,1.0,0.3278,0.8382,0.0031,-0.7287,0.5841,0.3724,2026-08-27,1182.51,1189.98,1171.85,1175.64,101452.0,1181.006449
2026-08-27T20:32:44.191,14,15,LLY260911C01110000,LLY,2026-09-11,call,1110.0,70.59,26.0,79.55,24.0,75.07,85.1,1.0,0.3284,0.8206,0.0033,-0.7719,0.624,0.3656,2026-08-27,1182.51,1189.98,1171.85,1175.64,101452.0,1181.006449
2026-08-27T20:32:44.191,14,15,LLY260911C01115000,LLY,2026-09-11,call,1115.0,66.4,11.0,75.97,12.0,71.185,98.35,1.0,0.3295,0.8016,0.0035,-0.8161,0.6639,0.358,2026-08-27,1182.51,1189.98,1171.85,1175.64,101452.0,1181.006449
2026-08-27T20:32:44.191,14,15,LLY260911C01120000,LLY,2026-09-11,call,1120.0,60.16,41.0,70.23,18.0,65.195,70.0,1.0,0.2982,0.804,0.0039,-0.743,0.6592,0.3616,2026-08-27,1182.51,1189.98,1171.85,1175.64,101452.0,1181.006449
2026-08-27T20:32:44.191,14,15,LLY260911C01125000,LLY,2026-09-11,call,1125.0,58.31,11.0,66.76,12.0,62.535000000000004,146.0,3.0,0.3153,0.7713,0.004,-0.8423,0.7213,0.3469,2026-08-27,1182.51,1189.98,1171.85,1175.64,101452.0,1181.006449
2026-08-27T20:32:44.191,14,15,LLY260911C01130000,LLY,2026-09-11,call,1130.0,52.38,30.0,60.38,22.0,56.38,163.0,1.0,0.282,0.7722,0.0045,-0.7616,0.7197,0.3499,2026-08-27,1182.51,1189.98,1171.85,1175.64,101452.0,1181.006449
2026-08-27T20:32:44.191,14,15,LLY260911C01135000,LLY,2026-09-11,call,1135.0,49.65,37.0,58.22,42.0,53.935,71.25,3.0,0.2984,0.7374,0.0046,-0.854,0.777,0.3341,2026-08-27,1182.51,1189.98,1171.85,1175.64,101452.0,1181.006449
2026-08-27T20:32:44.191,14,15,LLY260911C01140000,LLY,2026-09-11,call,1140.0,47.22,20.0,52.72,15.0,49.97,93.96,3.0,0.2929,0.7164,0.0049,-0.8672,0.8072,0.3256,2026-08-27,1182.51,1189.98,1171.85,1175.64,101452.0,1181.006449
2026-08-27T20:32:44.191,14,15,LLY260911C01145000,LLY,2026-09-11,call,1145.0,43.41,40.0,52.34,39.0,47.875,51.35,1.0,0.3085,0.6831,0.0048,-0.9481,0.8487,0.3103,2026-08-27,1182.51,1189.98,1171.85,1175.64,101452.0,1181.006449
2026-08-27T20:32:44.191,14,15,LLY260911C01150000,LLY,2026-09-11,call,1150.0,40.42,41.0,48.95,52.0,44.685,48.87,1.0,0.309,0.6577,0.005,-0.9743,0.8755,0.2994,2026-08-27,1182.51,1189.98,1171.85,1175.64,101452.0,1181.006449
2026-08-27T20:32:44.191,14,15,LLY260911C01155000,LLY,2026-09-11,call,1155.0,37.62,39.0,45.81,56.0,41.715,40.93,1.0,0.3104,0.6314,0.0051,-0.9998,0.8987,0.2879,2026-08-27,1182.51,1189.98,1171.85,1175.64,101452.0,1181.006449
2026-08-27T20:32:44.191,14,15,LLY260911C01160000,LLY,2026-09-11,call,1160.0,34.29,20.0,44.71,98.0,39.5,38.15,1.0,0.3186,0.6032,0.0051,-1.0426,0.9187,0.2752,2026-08-27,1182.51,1189.98,1171.85,1175.64,101452.0,1181.006449
2026-08-27T20:32:44.191,14,15,LLY260911C01165000,LLY,2026-09-11,call,1165.0,30.33,55.0,41.7,34.0,36.015,55.1,2.0,0.3115,0.5785,0.0053,-1.0323,0.9322,0.2647,2026-08-27,1182.51,1189.98,1171.85,1175.64,101452.0,1181.006449
2026-08-27T20:32:44.191,14,15,LLY260911C01170000,LLY,2026-09-11,call,1170.0,30.61,1.0,37.06,116.0,33.835,36.95,1.0,0.317,0.5514,0.0052,-1.0575,0.9428,0.2525,2026-08-27,1182.51,1189.98,1171.85,1175.64,101452.0,1181.006449
2026-08-27T20:32:44.191,14,15,LLY260911C01175000,LLY,2026-09-11,call,1175.0,27.52,20.0,36.11,59.0,31.814999999999998,29.75,10.0,0.3227,0.5251,0.0052,-1.079,0.9488,0.2406,2026-08-27,1182.51,1189.98,1171.85,1175.64,101452.0,1181.006449
2026-08-27T20:32:44.191,14,15,LLY260911C01180000,LLY,2026-09-11,call,1180.0,25.21,41.0,32.98,64.0,29.095,27.0,2.0,0.3196,0.4989,0.0052,-1.0684,0.9507,0.2291,2026-08-27,1182.51,1189.98,1171.85,1175.64,101452.0,1181.006449
2026-08-27T20:32:44.191,14,15,LLY260911C01182500,LLY,2026-09-11,call,1182.5,21.38,19.0,32.07,24.0,26.725,32.66,1.0,0.3069,0.4843,0.0055,-1.026,0.95,0.223,2026-08-27,1182.51,1189.98,1171.85,1175.64,101452.0,1181.006449
2026-08-27T20:32:44.191,14,15,LLY260911C01185000,LLY,2026-09-11,call,1185.0,20.75,93.0,28.68,41.0,24.715,24.95,2.0,0.2976,0.4691,0.0056,-0.9929,0.9479,0.2165,2026-08-27,1182.51,1189.98,1171.85,1175.64,101452.0,1181.006449
2026-08-27T20:32:44.191,14,15,LLY260911C01187500,LLY,2026-09-11,call,1187.5,20.44,13.0,29.44,52.0,24.94,27.05,1.0,0.3116,0.4583,0.0053,-1.0333,0.9455,0.2112,2026-08-27,1182.51,1189.98,1171.85,1175.64,101452.0,1181.006449
2026-08-27T20:32:44.191,14,15,LLY260911C01190000,LLY,2026-09-11,call,1190.0,17.72,54.0,27.41,24.0,22.564999999999998,22.5,1.0,0.2977,0.4414,0.0056,-0.9827,0.9405,0.204,2026-08-27,1182.51,1189.98,1171.85,1175.64,101452.0,1181.006449
2026-08-27T20:32:44.191,14,15,LLY260911C01192500,LLY,2026-09-11,call,1192.5,18.84,29.0,27.52,59.0,23.18,24.7,1.0,0.3152,0.4331,0.0052,-1.0333,0.9373,0.1997,2026-08-27,1182.51,1189.98,1171.85,1175.64,101452.0,1181.006449
2026-08-27T20:32:44.191,14,15,LLY260911C01195000,LLY,2026-09-11,call,1195.0,17.95,24.0,27.24,65.0,22.595,20.6,1.0,0.3197,0.4217,0.0051,-1.0407,0.9323,0.1944,2026-08-27,1182.51,1189.98,1171.85,1175.64,101452.0,1181.006449
2026-08-27T20:32:44.191,14,15,LLY260911C01197500,LLY,2026-09-11,call,1197.5,14.81,52.0,26.57,56.0,20.69,22.6,1.0,0.3096,0.4054,0.0053,-0.999,0.9239,0.1874,2026-08-27,1182.51,1189.98,1171.85,1175.64,101452.0,1181.006449
2026-08-27T20:32:44.191,14,15,LLY260911C01200000,LLY,2026-09-11,call,1200.0,14.95,50.0,23.27,31.0,19.11,19.31,1.0,0.3026,0.3896,0.0053,-0.9657,0.9141,0.1804,2026-08-27,1182.51,1189.98,1171.85,1175.64,101452.0,1181.006449
2026-08-27T20:32:44.191,14,15,LLY260911C01202500,LLY,2026-09-11,call,1202.5,12.99,42.0,24.12,44.0,18.555,,,0.3064,0.3784,0.0052,-0.968,0.9062,0.1752,2026-08-27,1182.51,1189.98,1171.85,1175.64,101452.0,1181.006449
2026-08-27T20:32:44.191,14,15,LLY260911C01205000,LLY,2026-09-11,call,1205.0,12.12,71.0,20.85,58.0,16.485,24.7,1.0,0.293,0.3588,0.0054,-0.9101,0.8906,0.1666,2026-08-27,1182.51,1189.98,1171.85,1175.64,101452.0,1181.006449
2026-08-27T20:32:44.191,14,15,LLY260911C01207500,LLY,2026-09-11,call,1207.5,12.78,53.0,20.24,65.0,16.509999999999998,,,0.3026,0.3513,0.0051,-0.931,0.8838,0.1629,2026-08-27,1182.51,1189.98,1171.85,1175.64,101452.0,1181.006449
2026-08-27T20:32:44.191,14,15,LLY260911C01210000,LLY,2026-09-11,call,1210.0,10.73,131.0,21.04,130.0,15.885,16.2,1.0,0.3047,0.34,0.005,-0.9251,0.8732,0.1577,2026-08-27,1182.51,1189.98,1171.85,1175.64,101452.0,1181.006449
2026-08-27T20:32:44.191,14,15,LLY260911C01215000,LLY,2026-09-11,call,1215.0,10.63,41.0,15.7,14.0,13.165,20.0,1.0,0.2905,0.3066,0.0051,-0.8449,0.8367,0.1427,2026-08-27,1182.51,1189.98,1171.85,1175.64,101452.0,1181.006449
2026-08-27T20:32:44.191,14,15,LLY260911C01220000,LLY,2026-09-11,call,1220.0,11.32,42.0,13.2,10.0,12.26,12.87,2.0,0.2963,0.2868,0.0048,-0.8337,0.8114,0.1335,2026-08-27,1182.51,1189.98,1171.85,1175.64,101452.0,1181.006449
2026-08-27T20:32:44.191,14,15,LLY260911C01225000,LLY,2026-09-11,call,1225.0,7.25,96.0,16.129,95.0,11.6895,13.55,1.0,0.3053,0.2707,0.0046,-0.8335,0.789,0.126,2026-08-27,1182.51,1189.98,1171.85,1175.64,101452.0,1181.006449
2026-08-27T20:32:44.191,14,15,LLY260911C01230000,LLY,2026-09-11,call,1230.0,5.2,87.0,15.48,86.0,10.34,10.15,1.0,0.3033,0.2479,0.0044,-0.7901,0.7538,0.1155,2026-08-27,1182.51,1189.98,1171.85,1175.64,101452.0,1181.006449
2026-08-27T20:32:44.191,14,15,LLY260911C01235000,LLY,2026-09-11,call,1235.0,7.74,42.0,11.9,54.0,9.82,8.8,1.0,0.3112,0.2337,0.0041,-0.7838,0.7301,0.1089,2026-08-27,1182.51,1189.98,1171.85,1175.64,101452.0,1181.006449
2026-08-27T20:32:44.191,14,15,LLY260911C01240000,LLY,2026-09-11,call,1240.0,3.62,101.0,11.21,121.0,7.415000000000001,8.12,1.0,0.2909,0.1976,0.004,-0.6648,0.6624,0.0924,2026-08-27,1182.51,1189.98,1171.85,1175.64,101452.0,1181.006449
2026-08-27T20:32:44.191,14,15,LLY260911C01245000,LLY,2026-09-11,call,1245.0,2.94,52.0,8.57,14.0,5.755,7.05,4.0,0.2779,0.1675,0.0038,-0.5723,0.5973,0.0785,2026-08-27,1182.51,1189.98,1171.85,1175.64,101452.0,1181.006449
2026-08-27T20:32:44.191,14,15,LLY260911C01250000,LLY,2026-09-11,call,1250.0,6.07,1.0,9.74,110.0,7.905,6.55,1.0,0.3254,0.1908,0.0035,-0.7248,0.6483,0.0889,2026-08-27,1182.51,1189.98,1171.85,1175.64,101452.0,1181.006449
2026-08-27T20:32:44.191,14,15,LLY260911C01255000,LLY,2026-09-11,call,1255.0,2.87,91.0,8.21,89.0,5.540000000000001,6.7,2.0,0.2993,0.1532,0.0033,-0.5797,0.5636,0.0718,2026-08-27,1182.51,1189.98,1171.85,1175.64,101452.0,1181.006449
2026-08-27T20:32:44.191,14,15,LLY260911C01260000,LLY,2026-09-11,call,1260.0,2.19,53.0,6.96,30.0,4.575,6.9,10.0,0.2935,0.1333,0.0031,-0.5168,0.5128,0.0625,2026-08-27,1182.51,1189.98,1171.85,1175.64,101452.0,1181.006449
2026-08-27T20:32:44.191,14,15,LLY260911C01265000,LLY,2026-09-11,call,1265.0,2.58,39.0,7.72,57.0,5.15,5.6,1.0,0.3163,0.1383,0.0029,-0.5703,0.526,0.0647,2026-08-27,1182.51,1189.98,1171.85,1175.64,101452.0,1181.006449
2026-08-27T20:32:44.191,14,15,LLY260911C01270000,LLY,2026-09-11,call,1270.0,3.54,1.0,6.32,57.0,4.93,4.87,1.0,0.3238,0.131,0.0028,-0.5618,0.5068,0.0613,2026-08-27,1182.51,1189.98,1171.85,1175.64,101452.0,1181.006449
2026-08-27T20:32:44.191,14,15,LLY260911C01275000,LLY,2026-09-11,call,1275.0,2.13,103.0,6.09,101.0,4.109999999999999,3.9,1.0,0.3182,0.1144,0.0026,-0.5017,0.4608,0.0536,2026-08-27,1182.51,1189.98,1171.85,1175.64,101452.0,1181.006449
2026-08-27T20:32:44.191,14,15,LLY260911C01280000,LLY,2026-09-11,call,1280.0,0.51,83.0,8.94,132.0,4.725,3.3,1.0,0.3424,0.121,0.0025,-0.561,0.4795,0.0565,2026-08-27,1182.51,1189.98,1171.85,1175.64,101452.0,1181.006449
2026-08-27T20:32:44.191,14,15,LLY260911C01285000,LLY,2026-09-11,call,1285.0,1.56,117.0,5.07,119.0,3.3150000000000004,4.0,1.0,0.3213,0.0949,0.0022,-0.4418,0.4025,0.0445,2026-08-27,1182.51,1189.98,1171.85,1175.64,101452.0,1181.006449
2026-08-27T20:32:44.191,14,15,LLY260911C01290000,LLY,2026-09-11,call,1290.0,1.2,125.0,4.33,117.0,2.765,2.45,1.0,0.3172,0.0824,0.002,-0.3922,0.3621,0.0386,2026-08-27,1182.51,1189.98,1171.85,1175.64,101452.0,1181.006449
2026-08-27T20:32:44.191,14,15,LLY260911C01295000,LLY,2026-09-11,call,1295.0,0.56,1.0,4.36,35.0,2.46,2.76,6.0,0.3183,0.0744,0.0019,-0.3641,0.3352,0.0349,2026-08-27,1182.51,1189.98,1171.85,1175.64,101452.0,1181.006449
2026-08-27T20:32:44.191,14,15,LLY260911C01300000,LLY,2026-09-11,call,1300.0,0.38,122.0,3.86,121.0,2.12,1.97,1.0,0.3173,0.0657,0.0017,-0.3298,0.3047,0.0309,2026-08-27,1182.51,1189.98,1171.85,1175.64,101452.0,1181.006449
2026-08-27T20:32:44.191,14,15,LLY260911C01305000,LLY,2026-09-11,call,1305.0,0.72,109.0,3.22,117.0,1.9700000000000002,2.18,1.0,0.3217,0.061,0.0016,-0.3153,0.2876,0.0287,2026-08-27,1182.51,1189.98,1171.85,1175.64,101452.0,1181.006449
2026-08-27T20:32:44.191,14,15,LLY260911C01310000,LLY,2026-09-11,call,1310.0,0.0,0.0,2.92,25.0,1.46,3.37,3.0,,,,,,,2026-08-27,1182.51,1189.98,1171.85,1175.64,101452.0,1181.006449
2026-08-27T20:32:44.191,14,15,LLY260911C01315000,LLY,2026-09-11,call,1315.0,0.12,97.0,5.67,110.0,2.895,10.38,1.0,0.3701,0.0754,0.0016,-0.4264,0.3387,0.0352,2026-08-27,1182.51,1189.98,1171.85,1175.64,101452.0,1181.006449
2026-08-27T20:32:44.191,14,15,LLY260911C01320000,LLY,2026-09-11,call,1320.0,0.4,64.0,2.57,66.0,1.4849999999999999,1.6,1.0,0.33,0.0468,0.0012,-0.2618,0.2331,0.022,2026-08-27,1182.51,1189.98,1171.85,1175.64,101452.0,1181.006449
2026-08-27T20:32:44.191,14,15,LLY260911C01325000,LLY,2026-09-11,call,1325.0,0.33,79.0,2.66,53.0,1.495,1.18,1.0,0.3391,0.046,0.0012,-0.2651,0.2299,0.0216,2026-08-27,1182.51,1189.98,1171.85,1175.64,101452.0,1181.006449
2026-08-27T20:32:44.191,14,15,LLY260911C01330000,LLY,2026-09-11,call,1330.0,0.22,104.0,3.52,95.0,1.87,8.75,1.0,0.3632,0.0527,0.0012,-0.3162,0.2563,0.0247,2026-08-27,1182.51,1189.98,1171.85,1175.64,101452.0,1181.006449
2026-08-27T20:32:44.191,14,15,LLY260911C01335000,LLY,2026-09-11,call,1335.0,0.21,107.0,1.85,103.0,1.03,0.98,1.0,0.333,0.0338,0.0009,-0.2023,0.1788,0.0159,2026-08-27,1182.51,1189.98,1171.85,1175.64,101452.0,1181.006449
2026-08-27T20:32:44.191,14,15,LLY260911C01340000,LLY,2026-09-11,call,1340.0,0.81,1.0,2.64,142.0,1.725,2.57,1.0,0.3747,0.0479,0.0011,-0.3019,0.2374,0.0224,2026-08-27,1182.51,1189.98,1171.85,1175.64,101452.0,1181.006449
2026-08-27T20:32:44.191,14,15,LLY260911C01345000,LLY,2026-09-11,call,1345.0,0.03,63.0,1.47,26.0,0.75,0.93,1.0,0.3313,0.0256,0.0008,-0.16,0.1423,0.0121,2026-08-27,1182.51,1189.98,1171.85,1175.64,101452.0,1181.006449
2026-08-27T20:32:44.191,14,15,LLY260911C01360000,LLY,2026-09-11,call,1360.0,0.03,55.0,1.54,140.0,0.785,1.1,1.0,0.3566,0.025,0.0007,-0.1687,0.1395,0.0118,2026-08-27,1182.51,1189.98,1171.85,1175.64,101452.0,1181.006449
2026-08-27T20:32:44.191,14,15,LLY260911C01380000,LLY,2026-09-11,call,1380.0,0.0,0.0,0.75,79.0,0.375,0.7,16.0,,,,,,,2026-08-27,1182.51,1189.98,1171.85,1175.64,101452.0,1181.006449
2026-08-27T20:32:44.191,14,15,LLY260911C01400000,LLY,2026-09-11,call,1400.0,0.0,0.0,0.71,101.0,0.355,0.29,1.0,,,,,,,2026-08-27,1182.51,1189.98,1171.85,1175.64,101452.0,1181.006449
2026-08-27T20:32:44.191,14,15,LLY260911C01420000,LLY,2026-09-11,call,1420.0,0.0,0.0,8.87,117.0,4.435,0.03,1.0,,,,,,,2026-08-27,1182.51,1189.98,1171.85,1175.64,101452.0,1181.006449
2026-08-27T20:32:44.191,14,15,LLY260911C01440000,LLY,2026-09-11,call,1440.0,0.0,0.0,4.22,49.0,2.11,0.2,3.0,,,,,,,2026-08-27,1182.51,1189.98,1171.85,1175.64,101452.0,1181.006449
2026-08-27T20:32:44.191,14,15,LLY260911C01460000,LLY,2026-09-11,call,1460.0,0.12,50.0,0.66,236.0,0.39,0.22,1.0,0.4534,0.0109,0.0003,-0.1044,0.0683,0.0051,2026-08-27,1182.51,1189.98,1171.85,1175.64,101452.0,1181.006449
2026-08-27T20:32:44.191,14,15,LLY260911C01480000,LLY,2026-09-11,call,1480.0,0.0,0.0,0.67,131.0,0.335,0.5,1.0,,,,,,,2026-08-27,1182.51,1189.98,1171.85,1175.64,101452.0,1181.006449
2026-08-27T20:32:44.191,14,15,LLY260911C01500000,LLY,2026-09-11,call,1500.0,0.0,0.0,10.17,34.0,5.085,0.47,1.0,,,,,,,2026-08-27,1182.51,1189.98,1171.85,1175.64,101452.0,1181.006449
2026-08-27T20:32:44.191,14,15,LLY260911C01520000,LLY,2026-09-11,call,1520.0,0.0,0.0,0.52,91.0,0.26,0.28,1.0,,,,,,,2026-08-27,1182.51,1189.98,1171.85,1175.64,101452.0,1181.006449
2026-08-27T20:32:44.191,14,15,LLY260911C01540000,LLY,2026-09-11,call,1540.0,0.0,0.0,0.33,26.0,0.165,0.63,1.0,,,,,,,2026-08-27,1182.51,1189.98,1171.85,1175.64,101452.0,1181.006449
2026-08-27T20:32:44.191,14,15,LLY260911C01560000,LLY,2026-09-11,call,1560.0,0.0,0.0,0.52,35.0,0.26,0.39,1.0,,,,,,,2026-08-27,1182.51,1189.98,1171.85,1175.64,101452.0,1181.006449
2026-08-27T20:32:44.191,14,15,LLY260911C01580000,LLY,2026-09-11,call,1580.0,0.0,0.0,0.38,67.0,0.19,0.34,1.0,,,,,,,2026-08-27,1182.51,1189.98,1171.85,1175.64,101452.0,1181.006449
2026-08-27T20:32:44.191,14,15,LLY260911C01600000,LLY,2026-09-11,call,1600.0,0.0,0.0,0.43,53.0,0.215,0.16,1.0,,,,,,,2026-08-27,1182.51,1189.98,1171.85,1175.64,101452.0,1181.006449
2026-08-27T20:32:44.191,14,15,LLY260911C01620000,LLY,2026-09-11,call,1620.0,0.0,0.0,10.09,51.0,5.045,0.43,3.0,,,,,,,2026-08-27,1182.51,1189.98,1171.85,1175.64,101452.0,1181.006449
2026-08-27T20:32:44.191,14,15,LLY260911C01640000,LLY,2026-09-11,call,1640.0,0.0,0.0,0.58,98.0,0.29,0.21,20.0,,,,,,,2026-08-27,1182.51,1189.98,1171.85,1175.64,101452.0,1181.006449
2026-08-27T20:32:44.191,14,15,LLY260911P00610000,LLY,2026-09-11,put,610.0,0.0,0.0,17.34,11.0,8.67,0.05,1.0,,,,,,,2026-08-27,1182.51,1189.98,1171.85,1175.64,101452.0,1181.006449
2026-08-27T20:32:44.191,14,15,LLY260911P00620000,LLY,2026-09-11,put,620.0,0.0,0.0,16.77,27.0,8.385,0.06,1.0,,,,,,,2026-08-27,1182.51,1189.98,1171.85,1175.64,101452.0,1181.006449
2026-08-27T20:32:44.191,14,15,LLY260911P00630000,LLY,2026-09-11,put,630.0,0.0,0.0,17.27,46.0,8.635,0.07,1.0,,,,,,,2026-08-27,1182.51,1189.98,1171.85,1175.64,101452.0,1181.006449
2026-08-27T20:32:44.191,14,15,LLY260911P00640000,LLY,2026-09-11,put,640.0,0.0,0.0,10.13,11.0,5.065,0.07,1.0,,,,,,,2026-08-27,1182.51,1189.98,1171.85,1175.64,101452.0,1181.006449
2026-08-27T20:32:44.191,14,15,LLY260911P00650000,LLY,2026-09-11,put,650.0,0.0,0.0,10.2,29.0,5.1,0.06,1.0,,,,,,,2026-08-27,1182.51,1189.98,1171.85,1175.64,101452.0,1181.006449
2026-08-27T20:32:44.191,14,15,LLY260911P00660000,LLY,2026-09-11,put,660.0,0.0,0.0,10.03,33.0,5.015,0.04,1.0,,,,,,,2026-08-27,1182.51,1189.98,1171.85,1175.64,101452.0,1181.006449
2026-08-27T20:32:44.191,14,15,LLY260911P00670000,LLY,2026-09-11,put,670.0,0.0,0.0,9.97,37.0,4.985,0.01,2.0,,,,,,,2026-08-27,1182.51,1189.98,1171.85,1175.64,101452.0,1181.006449
2026-08-27T20:32:44.191,14,15,LLY260911P00680000,LLY,2026-09-11,put,680.0,0.0,0.0,0.18,5.0,0.09,0.06,5.0,,,,,,,2026-08-27,1182.51,1189.98,1171.85,1175.64,101452.0,1181.006449
2026-08-27T20:32:44.191,14,15,LLY260911P00690000,LLY,2026-09-11,put,690.0,0.0,0.0,0.22,5.0,0.11,0.06,1.0,,,,,,,2026-08-27,1182.51,1189.98,1171.85,1175.64,101452.0,1181.006449
2026-08-27T20:32:44.191,14,15,LLY260911P00700000,LLY,2026-09-11,put,700.0,0.0,0.0,0.22,5.0,0.11,0.05,5.0,,,,,,,2026-08-27,1182.51,1189.98,1171.85,1175.64,101452.0,1181.006449
2026-08-27T20:32:44.191,14,15,LLY260911P00710000,LLY,2026-09-11,put,710.0,0.0,0.0,0.89,135.0,0.445,0.1,1.0,,,,,,,2026-08-27,1182.51,1189.98,1171.85,1175.64,101452.0,1181.006449
2026-08-27T20:32:44.191,14,15,LLY260911P00720000,LLY,2026-09-11,put,720.0,0.08,10.0,1.12,112.0,0.6000000000000001,0.1,23.0,,,,,,,2026-08-27,1182.51,1189.98,1171.85,1175.64,101452.0,1181.006449
2026-08-27T20:32:44.191,14,15,LLY260911P00730000,LLY,2026-09-11,put,730.0,0.0,0.0,9.9,90.0,4.95,0.11,1.0,,,,,,,2026-08-27,1182.51,1189.98,1171.85,1175.64,101452.0,1181.006449
2026-08-27T20:32:44.191,14,15,LLY260911P00740000,LLY,2026-09-11,put,740.0,0.0,0.0,9.88,116.0,4.94,0.1,1.0,,,,,,,2026-08-27,1182.51,1189.98,1171.85,1175.64,101452.0,1181.006449
2026-08-27T20:32:44.191,14,15,LLY260911P00750000,LLY,2026-09-11,put,750.0,0.0,0.0,9.93,145.0,4.965,0.13,1.0,,,,,,,2026-08-27,1182.51,1189.98,1171.85,1175.64,101452.0,1181.006449
2026-08-27T20:32:44.191,14,15,LLY260911P00760000,LLY,2026-09-11,put,760.0,0.0,0.0,10.4,5.0,5.2,0.05,1.0,,,,,,,2026-08-27,1182.51,1189.98,1171.85,1175.64,101452.0,1181.006449
2026-08-27T20:32:44.191,14,15,LLY260911P00770000,LLY,2026-09-11,put,770.0,0.0,0.0,10.1,119.0,5.05,0.08,1.0,,,,,,,2026-08-27,1182.51,1189.98,1171.85,1175.64,101452.0,1181.006449
2026-08-27T20:32:44.191,14,15,LLY260911P00780000,LLY,2026-09-11,put,780.0,0.0,0.0,9.97,126.0,4.985,0.05,1.0,,,,,,,2026-08-27,1182.51,1189.98,1171.85,1175.64,101452.0,1181.006449
2026-08-27T20:32:44.191,14,15,LLY260911P00785000,LLY,2026-09-11,put,785.0,0.0,0.0,10.23,7.0,5.115,,,,,,,,,2026-08-27,1182.51,1189.98,1171.85,1175.64,101452.0,1181.006449
2026-08-27T20:32:44.191,14,15,LLY260911P00790000,LLY,2026-09-11,put,790.0,0.0,0.0,9.96,87.0,4.98,0.07,1.0,,,,,,,2026-08-27,1182.51,1189.98,1171.85,1175.64,101452.0,1181.006449
2026-08-27T20:32:44.191,14,15,LLY260911P00795000,LLY,2026-09-11,put,795.0,0.0,0.0,9.89,110.0,4.945,0.05,1.0,,,,,,,2026-08-27,1182.51,1189.98,1171.85,1175.64,101452.0,1181.006449
2026-08-27T20:32:44.191,14,15,LLY260911P00800000,LLY,2026-09-11,put,800.0,0.0,0.0,9.95,122.0,4.975,0.1,1.0,,,,,,,2026-08-27,1182.51,1189.98,1171.85,1175.64,101452.0,1181.006449
2026-08-27T20:32:44.191,14,15,LLY260911P00805000,LLY,2026-09-11,put,805.0,0.0,0.0,6.34,124.0,3.17,0.02,1.0,,,,,,,2026-08-27,1182.51,1189.98,1171.85,1175.64,101452.0,1181.006449
2026-08-27T20:32:44.191,14,15,LLY260911P00810000,LLY,2026-09-11,put,810.0,0.0,0.0,9.96,126.0,4.98,0.08,8.0,,,,,,,2026-08-27,1182.51,1189.98,1171.85,1175.64,101452.0,1181.006449
2026-08-27T20:32:44.191,14,15,LLY260911P00815000,LLY,2026-09-11,put,815.0,0.0,0.0,10.14,18.0,5.07,,,,,,,,,2026-08-27,1182.51,1189.98,1171.85,1175.64,101452.0,1181.006449
2026-08-27T20:32:44.191,14,15,LLY260911P00820000,LLY,2026-09-11,put,820.0,0.0,0.0,9.98,35.0,4.99,,,,,,,,,2026-08-27,1182.51,1189.98,1171.85,1175.64,101452.0,1181.006449
2026-08-27T20:32:44.191,14,15,LLY260911P00825000,LLY,2026-09-11,put,825.0,0.0,0.0,9.98,39.0,4.99,,,,,,,,,2026-08-27,1182.51,1189.98,1171.85,1175.64,101452.0,1181.006449
2026-08-27T20:32:44.191,14,15,LLY260911P00830000,LLY,2026-09-11,put,830.0,0.0,0.0,3.65,41.0,1.825,,,,,,,,,2026-08-27,1182.51,1189.98,1171.85,1175.64,101452.0,1181.006449
2026-08-27T20:32:44.191,14,15,LLY260911P00835000,LLY,2026-09-11,put,835.0,0.0,0.0,9.9,15.0,4.95,0.09,9.0,,,,,,,2026-08-27,1182.51,1189.98,1171.85,1175.64,101452.0,1181.006449
2026-08-27T20:32:44.191,14,15,LLY260911P00840000,LLY,2026-09-11,put,840.0,0.0,0.0,10.08,30.0,5.04,0.06,4.0,,,,,,,2026-08-27,1182.51,1189.98,1171.85,1175.64,101452.0,1181.006449
2026-08-27T20:32:44.191,14,15,LLY260911P00845000,LLY,2026-09-11,put,845.0,0.0,0.0,10.0,5.0,5.0,,,,,,,,,2026-08-27,1182.51,1189.98,1171.85,1175.64,101452.0,1181.006449
2026-08-27T20:32:44.191,14,15,LLY260911P00850000,LLY,2026-09-11,put,850.0,0.0,0.0,10.2,16.0,5.1,0.08,10.0,,,,,,,2026-08-27,1182.51,1189.98,1171.85,1175.64,101452.0,1181.006449
2026-08-27T20:32:44.191,14,15,LLY260911P00855000,LLY,2026-09-11,put,855.0,0.0,0.0,10.24,2.0,5.12,2.6,3.0,,,,,,,2026-08-27,1182.51,1189.98,1171.85,1175.64,101452.0,1181.006449
2026-08-27T20:32:44.191,14,15,LLY260911P00860000,LLY,2026-09-11,put,860.0,0.0,0.0,0.93,22.0,0.465,,,,,,,,,2026-08-27,1182.51,1189.98,1171.85,1175.64,101452.0,1181.006449
2026-08-27T20:32:44.191,14,15,LLY260911P00865000,LLY,2026-09-11,put,865.0,0.0,0.0,9.86,21.0,4.93,,,,,,,,,2026-08-27,1182.51,1189.98,1171.85,1175.64,101452.0,1181.006449
2026-08-27T20:32:44.191,14,15,LLY260911P00870000,LLY,2026-09-11,put,870.0,0.0,0.0,9.94,13.0,4.97,,,,,,,,,2026-08-27,1182.51,1189.98,1171.85,1175.64,101452.0,1181.006449
2026-08-27T20:32:44.191,14,15,LLY260911P00875000,LLY,2026-09-11,put,875.0,0.0,0.0,9.91,12.0,4.955,2.5,1.0,,,,,,,2026-08-27,1182.51,1189.98,1171.85,1175.64,101452.0,1181.006449
2026-08-27T20:32:44.191,14,15,LLY260911P00880000,LLY,2026-09-11,put,880.0,0.0,0.0,1.01,9.0,0.505,2.46,1.0,,,,,,,2026-08-27,1182.51,1189.98,1171.85,1175.64,101452.0,1181.006449
2026-08-27T20:32:44.191,14,15,LLY260911P00885000,LLY,2026-09-11,put,885.0,0.0,0.0,10.03,10.0,5.015,0.2,10.0,,,,,,,2026-08-27,1182.51,1189.98,1171.85,1175.64,101452.0,1181.006449
2026-08-27T20:32:44.191,14,15,LLY260911P00890000,LLY,2026-09-11,put,890.0,0.0,0.0,7.77,110.0,3.885,0.15,2.0,,,,,,,2026-08-27,1182.51,1189.98,1171.85,1175.64,101452.0,1181.006449
2026-08-27T20:32:44.191,14,15,LLY260911P00895000,LLY,2026-09-11,put,895.0,0.0,0.0,3.81,110.0,1.905,0.14,6.0,,,,,,,2026-08-27,1182.51,1189.98,1171.85,1175.64,101452.0,1181.006449
2026-08-27T20:32:44.191,14,15,LLY260911P00900000,LLY,2026-09-11,put,900.0,0.0,0.0,0.24,42.0,0.12,0.1,4.0,,,,,,,2026-08-27,1182.51,1189.98,1171.85,1175.64,101452.0,1181.006449
2026-08-27T20:32:44.191,14,15,LLY260911P00905000,LLY,2026-09-11,put,905.0,0.0,0.0,10.07,116.0,5.035,0.2,2.0,,,,,,,2026-08-27,1182.51,1189.98,1171.85,1175.64,101452.0,1181.006449
2026-08-27T20:32:44.191,14,15,LLY260911P00910000,LLY,2026-09-11,put,910.0,0.0,0.0,10.29,121.0,5.145,0.2,2.0,,,,,,,2026-08-27,1182.51,1189.98,1171.85,1175.64,101452.0,1181.006449
2026-08-27T20:32:44.191,14,15,LLY260911P00915000,LLY,2026-09-11,put,915.0,0.0,0.0,9.97,122.0,4.985,0.2,1.0,,,,,,,2026-08-27,1182.51,1189.98,1171.85,1175.64,101452.0,1181.006449
2026-08-27T20:32:44.191,14,15,LLY260911P00920000,LLY,2026-09-11,put,920.0,0.0,0.0,9.92,124.0,4.96,0.01,2.0,,,,,,,2026-08-27,1182.51,1189.98,1171.85,1175.64,101452.0,1181.006449
2026-08-27T20:32:44.191,14,15,LLY260911P00925000,LLY,2026-09-11,put,925.0,0.0,0.0,9.9,6.0,4.95,0.03,1.0,,,,,,,2026-08-27,1182.51,1189.98,1171.85,1175.64,101452.0,1181.006449
2026-08-27T20:32:44.191,14,15,LLY260911P00930000,LLY,2026-09-11,put,930.0,0.0,0.0,0.84,71.0,0.42,0.2,2.0,,,,,,,2026-08-27,1182.51,1189.98,1171.85,1175.64,101452.0,1181.006449
2026-08-27T20:32:44.191,14,15,LLY260911P00935000,LLY,2026-09-11,put,935.0,0.0,0.0,10.31,4.0,5.155,,,,,,,,,2026-08-27,1182.51,1189.98,1171.85,1175.64,101452.0,1181.006449
2026-08-27T20:32:44.191,14,15,LLY260911P00940000,LLY,2026-09-11,put,940.0,0.0,0.0,9.99,2.0,4.995,2.0,1.0,,,,,,,2026-08-27,1182.51,1189.98,1171.85,1175.64,101452.0,1181.006449
2026-08-27T20:32:44.191,14,15,LLY260911P00945000,LLY,2026-09-11,put,945.0,0.0,0.0,10.06,122.0,5.03,0.25,1.0,,,,,,,2026-08-27,1182.51,1189.98,1171.85,1175.64,101452.0,1181.006449
2026-08-27T20:32:44.191,14,15,LLY260911P00950000,LLY,2026-09-11,put,950.0,0.0,0.0,10.05,123.0,5.025,0.21,1.0,,,,,,,2026-08-27,1182.51,1189.98,1171.85,1175.64,101452.0,1181.006449
2026-08-27T20:32:44.191,14,15,LLY260911P00955000,LLY,2026-09-11,put,955.0,0.0,0.0,10.29,24.0,5.145,0.5,4.0,,,,,,,2026-08-27,1182.51,1189.98,1171.85,1175.64,101452.0,1181.006449
2026-08-27T20:32:44.191,14,15,LLY260911P00960000,LLY,2026-09-11,put,960.0,0.0,0.0,10.13,94.0,5.065,0.65,2.0,,,,,,,2026-08-27,1182.51,1189.98,1171.85,1175.64,101452.0,1181.006449
2026-08-27T20:32:44.191,14,15,LLY260911P00965000,LLY,2026-09-11,put,965.0,0.0,0.0,8.6,87.0,4.3,0.79,1.0,,,,,,,2026-08-27,1182.51,1189.98,1171.85,1175.64,101452.0,1181.006449
2026-08-27T20:32:44.191,14,15,LLY260911P00970000,LLY,2026-09-11,put,970.0,0.0,0.0,1.34,38.0,0.67,1.0,1.0,,,,,,,2026-08-27,1182.51,1189.98,1171.85,1175.64,101452.0,1181.006449
2026-08-27T20:32:44.191,14,15,LLY260911P00975000,LLY,2026-09-11,put,975.0,0.0,0.0,10.41,28.0,5.205,0.75,2.0,,,,,,,2026-08-27,1182.51,1189.98,1171.85,1175.64,101452.0,1181.006449
2026-08-27T20:32:44.191,14,15,LLY260911P00980000,LLY,2026-09-11,put,980.0,0.0,0.0,10.17,123.0,5.085,0.5,8.0,,,,,,,2026-08-27,1182.51,1189.98,1171.85,1175.64,101452.0,1181.006449
2026-08-27T20:32:44.191,14,15,LLY260911P00985000,LLY,2026-09-11,put,985.0,0.0,0.0,10.14,13.0,5.07,1.09,2.0,,,,,,,2026-08-27,1182.51,1189.98,1171.85,1175.64,101452.0,1181.006449
2026-08-27T20:32:44.191,14,15,LLY260911P00990000,LLY,2026-09-11,put,990.0,0.0,0.0,10.31,115.0,5.155,0.55,1.0,,,,,,,2026-08-27,1182.51,1189.98,1171.85,1175.64,101452.0,1181.006449
2026-08-27T20:32:44.191,14,15,LLY260911P00995000,LLY,2026-09-11,put,995.0,0.0,0.0,10.17,119.0,5.085,0.4,1.0,,,,,,,2026-08-27,1182.51,1189.98,1171.85,1175.64,101452.0,1181.006449
2026-08-27T20:32:44.191,14,15,LLY260911P01000000,LLY,2026-09-11,put,1000.0,0.05,96.0,1.05,110.0,0.55,0.49,2.0,0.384,-0.0163,0.0004,-0.1224,0.0972,-0.0081,2026-08-27,1182.51,1189.98,1171.85,1175.64,101452.0,1181.006449
2026-08-27T20:32:44.191,14,15,LLY260911P01005000,LLY,2026-09-11,put,1005.0,0.0,0.0,10.58,112.0,5.29,0.6,1.0,,,,,,,2026-08-27,1182.51,1189.98,1171.85,1175.64,101452.0,1181.006449
2026-08-27T20:32:44.191,14,15,LLY260911P01010000,LLY,2026-09-11,put,1010.0,0.0,0.0,1.97,73.0,0.985,0.8,1.0,,,,,,,2026-08-27,1182.51,1189.98,1171.85,1175.64,101452.0,1181.006449
2026-08-27T20:32:44.191,14,15,LLY260911P01015000,LLY,2026-09-11,put,1015.0,0.16,1.0,1.02,1.0,0.59,0.68,1.0,0.3574,-0.0186,0.0005,-0.1269,0.1084,-0.0092,2026-08-27,1182.51,1189.98,1171.85,1175.64,101452.0,1181.006449
2026-08-27T20:32:44.191,14,15,LLY260911P01020000,LLY,2026-09-11,put,1020.0,0.0,0.0,1.68,85.0,0.84,0.93,7.0,,,,,,,2026-08-27,1182.51,1189.98,1171.85,1175.64,101452.0,1181.006449
2026-08-27T20:32:44.191,14,15,LLY260911P01025000,LLY,2026-09-11,put,1025.0,0.26,64.0,1.98,61.0,1.12,1.15,8.0,0.3748,-0.0313,0.0008,-0.2062,0.1681,-0.0156,2026-08-27,1182.51,1189.98,1171.85,1175.64,101452.0,1181.006449
2026-08-27T20:32:44.191,14,15,LLY260911P01030000,LLY,2026-09-11,put,1030.0,0.24,92.0,1.6,108.0,0.92,1.0,1.0,0.3514,-0.0279,0.0008,-0.1757,0.1528,-0.0139,2026-08-27,1182.51,1189.98,1171.85,1175.64,101452.0,1181.006449
2026-08-27T20:32:44.191,14,15,LLY260911P01035000,LLY,2026-09-11,put,1035.0,0.54,22.0,1.63,2.0,1.085,0.38,1.0,0.3507,-0.0323,0.0009,-0.1978,0.1725,-0.0161,2026-08-27,1182.51,1189.98,1171.85,1175.64,101452.0,1181.006449
2026-08-27T20:32:44.191,14,15,LLY260911P01040000,LLY,2026-09-11,put,1040.0,0.81,61.0,1.81,96.0,1.31,1.23,1.0,0.3519,-0.038,0.001,-0.2264,0.197,-0.0189,2026-08-27,1182.51,1189.98,1171.85,1175.64,101452.0,1181.006449
2026-08-27T20:32:44.191,14,15,LLY260911P01045000,LLY,2026-09-11,put,1045.0,0.19,36.0,3.3,65.0,1.7449999999999999,1.04,1.0,0.3605,-0.0477,0.0012,-0.2785,0.2365,-0.0237,2026-08-27,1182.51,1189.98,1171.85,1175.64,101452.0,1181.006449
2026-08-27T20:32:44.191,14,15,LLY260911P01050000,LLY,2026-09-11,put,1050.0,0.6,78.0,2.68,115.0,1.6400000000000001,1.14,6.0,0.3444,-0.047,0.0012,-0.263,0.2341,-0.0234,2026-08-27,1182.51,1189.98,1171.85,1175.64,101452.0,1181.006449
2026-08-27T20:32:44.191,14,15,LLY260911P01055000,LLY,2026-09-11,put,1055.0,0.77,85.0,2.02,1.0,1.395,1.85,1.0,0.3221,-0.0434,0.0012,-0.2303,0.2194,-0.0215,2026-08-27,1182.51,1189.98,1171.85,1175.64,101452.0,1181.006449
2026-08-27T20:32:44.191,14,15,LLY260911P01060000,LLY,2026-09-11,put,1060.0,1.28,41.0,2.77,61.0,2.025,1.73,1.0,0.336,-0.0576,0.0014,-0.301,0.2749,-0.0287,2026-08-27,1182.51,1189.98,1171.85,1175.64,101452.0,1181.006449
2026-08-27T20:32:44.191,14,15,LLY260911P01065000,LLY,2026-09-11,put,1065.0,1.16,23.0,4.17,37.0,2.665,2.78,3.0,0.3451,-0.0711,0.0017,-0.3638,0.3237,-0.0354,2026-08-27,1182.51,1189.98,1171.85,1175.64,101452.0,1181.006449
2026-08-27T20:32:44.191,14,15,LLY260911P01070000,LLY,2026-09-11,put,1070.0,0.99,61.0,3.28,97.0,2.135,3.02,3.0,0.3158,-0.0636,0.0017,-0.3051,0.2971,-0.0316,2026-08-27,1182.51,1189.98,1171.85,1175.64,101452.0,1181.006449
2026-08-27T20:32:44.191,14,15,LLY260911P01075000,LLY,2026-09-11,put,1075.0,1.58,75.0,4.03,74.0,2.805,2.25,6.0,0.3242,-0.0783,0.0019,-0.3673,0.3486,-0.039,2026-08-27,1182.51,1189.98,1171.85,1175.64,101452.0,1181.006449
2026-08-27T20:32:44.191,14,15,LLY260911P01080000,LLY,2026-09-11,put,1080.0,1.28,43.0,4.67,110.0,2.975,2.67,1.0,0.3162,-0.0841,0.002,-0.3775,0.3678,-0.0418,2026-08-27,1182.51,1189.98,1171.85,1175.64,101452.0,1181.006449
2026-08-27T20:32:44.191,14,15,LLY260911P01085000,LLY,2026-09-11,put,1085.0,0.0,0.0,5.66,107.0,2.83,2.9,5.0,,,,,,,2026-08-27,1182.51,1189.98,1171.85,1175.64,101452.0,1181.006449
2026-08-27T20:32:44.191,14,15,LLY260911P01090000,LLY,2026-09-11,put,1090.0,2.15,54.0,5.49,63.0,3.8200000000000003,3.47,5.0,0.311,-0.105,0.0025,-0.4364,0.4332,-0.0523,2026-08-27,1182.51,1189.98,1171.85,1175.64,101452.0,1181.006449
2026-08-27T20:32:44.191,14,15,LLY260911P01095000,LLY,2026-09-11,put,1095.0,3.77,73.0,6.23,91.0,5.0,5.0,3.0,0.3226,-0.1269,0.0027,-0.5176,0.4957,-0.0634,2026-08-27,1182.51,1189.98,1171.85,1175.64,101452.0,1181.006449
2026-08-27T20:32:44.191,14,15,LLY260911P01100000,LLY,2026-09-11,put,1100.0,4.28,62.0,6.93,84.0,5.605,6.0,1.0,0.32,-0.1401,0.0029,-0.5491,0.5308,-0.07,2026-08-27,1182.51,1189.98,1171.85,1175.64,101452.0,1181.006449
2026-08-27T20:32:44.191,14,15,LLY260911P01105000,LLY,2026-09-11,put,1105.0,5.13,9.0,7.21,108.0,6.17,6.1,1.0,0.3155,-0.1531,0.0031,-0.5739,0.5633,-0.0765,2026-08-27,1182.51,1189.98,1171.85,1175.64,101452.0,1181.006449
2026-08-27T20:32:44.191,14,15,LLY260911P01110000,LLY,2026-09-11,put,1110.0,3.78,80.0,10.0,92.0,6.89,7.0,3.0,0.3127,-0.1684,0.0034,-0.6044,0.5994,-0.0842,2026-08-27,1182.51,1189.98,1171.85,1175.64,101452.0,1181.006449
2026-08-27T20:32:44.191,14,15,LLY260911P01115000,LLY,2026-09-11,put,1115.0,2.73,1.0,9.28,22.0,6.005,6.7,3.0,0.2826,-0.164,0.0037,-0.5352,0.5893,-0.0817,2026-08-27,1182.51,1189.98,1171.85,1175.64,101452.0,1181.006449
2026-08-27T20:32:44.191,14,15,LLY260911P01120000,LLY,2026-09-11,put,1120.0,6.23,69.0,10.43,79.0,8.33,6.75,2.0,0.3038,-0.2001,0.0039,-0.6515,0.6674,-0.1001,2026-08-27,1182.51,1189.98,1171.85,1175.64,101452.0,1181.006449
2026-08-27T20:32:44.191,14,15,LLY260911P01125000,LLY,2026-09-11,put,1125.0,5.56,20.0,15.22,48.0,10.39,8.28,1.0,0.3166,-0.2296,0.004,-0.735,0.7228,-0.1152,2026-08-27,1182.51,1189.98,1171.85,1175.64,101452.0,1181.006449
2026-08-27T20:32:44.191,14,15,LLY260911P01130000,LLY,2026-09-11,put,1130.0,7.41,31.0,13.02,28.0,10.215,7.95,1.0,0.2969,-0.2383,0.0044,-0.7015,0.738,-0.1193,2026-08-27,1182.51,1189.98,1171.85,1175.64,101452.0,1181.006449
2026-08-27T20:32:44.191,14,15,LLY260911P01135000,LLY,2026-09-11,put,1135.0,9.08,53.0,14.42,54.0,11.75,10.42,3.0,0.2994,-0.2632,0.0046,-0.7441,0.7778,-0.132,2026-08-27,1182.51,1189.98,1171.85,1175.64,101452.0,1181.006449
2026-08-27T20:32:44.191,14,15,LLY260911P01140000,LLY,2026-09-11,put,1140.0,9.74,67.0,18.92,100.0,14.330000000000002,14.3,1.0,0.3129,-0.2947,0.0046,-0.8212,0.8219,-0.1483,2026-08-27,1182.51,1189.98,1171.85,1175.64,101452.0,1181.006449
2026-08-27T20:32:44.191,14,15,LLY260911P01145000,LLY,2026-09-11,put,1145.0,11.18,58.0,17.76,41.0,14.47,15.39,7.0,0.2951,-0.3102,0.005,-0.7894,0.841,-0.1558,2026-08-27,1182.51,1189.98,1171.85,1175.64,101452.0,1181.006449
2026-08-27T20:32:44.191,14,15,LLY260911P01150000,LLY,2026-09-11,put,1150.0,14.07,41.0,18.82,51.0,16.445,12.55,4.0,0.298,-0.3377,0.0051,-0.8238,0.8709,-0.1699,2026-08-27,1182.51,1189.98,1171.85,1175.64,101452.0,1181.006449
2026-08-27T20:32:44.191,14,15,LLY260911P01155000,LLY,2026-09-11,put,1155.0,14.68,103.0,20.95,60.0,17.814999999999998,19.25,2.0,0.2924,-0.3622,0.0054,-0.8267,0.8935,-0.1823,2026-08-27,1182.51,1189.98,1171.85,1175.64,101452.0,1181.006449
2026-08-27T20:32:44.191,14,15,LLY260911P01160000,LLY,2026-09-11,put,1160.0,17.11,52.0,25.3,97.0,21.205,21.05,1.0,0.3077,-0.3941,0.0052,-0.8923,0.917,-0.1991,2026-08-27,1182.51,1189.98,1171.85,1175.64,101452.0,1181.006449
2026-08-27T20:32:44.191,14,15,LLY260911P01165000,LLY,2026-09-11,put,1165.0,17.69,51.0,28.28,93.0,22.985,22.85,1.0,0.3037,-0.4201,0.0054,-0.8915,0.9316,-0.2124,2026-08-27,1182.51,1189.98,1171.85,1175.64,101452.0,1181.006449
2026-08-27T20:32:44.191,14,15,LLY260911P01170000,LLY,2026-09-11,put,1170.0,20.49,54.0,28.7,42.0,24.595,21.35,1.0,0.2965,-0.4468,0.0056,-0.8765,0.9422,-0.2259,2026-08-27,1182.51,1189.98,1171.85,1175.64,101452.0,1181.006449
2026-08-27T20:32:44.191,14,15,LLY260911P01175000,LLY,2026-09-11,put,1175.0,24.92,31.0,30.07,35.0,27.495,26.98,1.0,0.3016,-0.4749,0.0055,-0.8954,0.9488,-0.2408,2026-08-27,1182.51,1189.98,1171.85,1175.64,101452.0,1181.006449
2026-08-27T20:32:44.191,14,15,LLY260911P01180000,LLY,2026-09-11,put,1180.0,26.0,24.0,35.5,73.0,30.75,31.61,1.0,0.3089,-0.502,0.0054,-0.9169,0.9507,-0.2552,2026-08-27,1182.51,1189.98,1171.85,1175.64,101452.0,1181.006449
2026-08-27T20:32:44.191,14,15,LLY260911P01182500,LLY,2026-09-11,put,1182.5,23.16,48.0,36.6,44.0,29.880000000000003,27.1,1.0,0.2857,-0.5187,0.0059,-0.8405,0.9497,-0.2629,2026-08-27,1182.51,1189.98,1171.85,1175.64,101452.0,1181.006449
2026-08-27T20:32:44.191,14,15,LLY260911P01185000,LLY,2026-09-11,put,1185.0,29.61,41.0,38.44,53.0,34.025,25.95,1.0,0.3149,-0.5279,0.0053,-0.9304,0.9484,-0.269,2026-08-27,1182.51,1189.98,1171.85,1175.64,101452.0,1181.006449
2026-08-27T20:32:44.191,14,15,LLY260911P01187500,LLY,2026-09-11,put,1187.5,30.34,41.0,39.18,68.0,34.76,29.2,1.0,0.3079,-0.5425,0.0054,-0.9033,0.9453,-0.2764,2026-08-27,1182.51,1189.98,1171.85,1175.64,101452.0,1181.006449
2026-08-27T20:32:44.191,14,15,LLY260911P01190000,LLY,2026-09-11,put,1190.0,33.11,30.0,40.7,72.0,36.905,27.85,1.0,0.3155,-0.5539,0.0053,-0.9221,0.942,-0.2828,2026-08-27,1182.51,1189.98,1171.85,1175.64,101452.0,1181.006449
2026-08-27T20:32:44.191,14,15,LLY260911P01192500,LLY,2026-09-11,put,1192.5,32.34,41.0,43.14,53.0,37.74,30.7,1.0,0.3088,-0.5688,0.0053,-0.8936,0.9365,-0.2903,2026-08-27,1182.51,1189.98,1171.85,1175.64,101452.0,1181.006449
2026-08-27T20:32:44.191,14,15,LLY260911P01195000,LLY,2026-09-11,put,1195.0,33.73,68.0,43.76,59.0,38.745,39.5,1.0,0.3035,-0.5837,0.0054,-0.8683,0.9297,-0.2979,2026-08-27,1182.51,1189.98,1171.85,1175.64,101452.0,1181.006449
2026-08-27T20:32:44.191,14,15,LLY260911P01197500,LLY,2026-09-11,put,1197.5,36.45,41.0,46.84,41.0,41.645,35.2,1.0,0.3183,-0.5914,0.0051,-0.9087,0.9257,-0.3028,2026-08-27,1182.51,1189.98,1171.85,1175.64,101452.0,1181.006449
2026-08-27T20:32:44.191,14,15,LLY260911P01200000,LLY,2026-09-11,put,1200.0,37.63,41.0,45.21,42.0,41.42,37.92,3.0,0.2989,-0.612,0.0054,-0.8338,0.913,-0.3127,2026-08-27,1182.51,1189.98,1171.85,1175.64,101452.0,1181.006449
2026-08-27T20:32:44.191,14,15,LLY260911P01202500,LLY,2026-09-11,put,1202.5,38.88,41.0,48.84,45.0,43.86,,,0.3082,-0.6208,0.0052,-0.8544,0.9068,-0.3179,2026-08-27,1182.51,1189.98,1171.85,1175.64,101452.0,1181.006449
2026-08-27T20:32:44.191,14,15,LLY260911P01205000,LLY,2026-09-11,put,1205.0,41.05,41.0,50.29,61.0,45.67,33.5,1.0,0.3102,-0.6323,0.0051,-0.8499,0.8979,-0.3243,2026-08-27,1182.51,1189.98,1171.85,1175.64,101452.0,1181.006449
2026-08-27T20:32:44.191,14,15,LLY260911P01207500,LLY,2026-09-11,put,1207.5,42.76,14.0,52.86,30.0,47.81,,,0.3157,-0.6419,0.005,-0.8566,0.89,-0.3297,2026-08-27,1182.51,1189.98,1171.85,1175.64,101452.0,1181.006449
2026-08-27T20:32:44.191,14,15,LLY260911P01210000,LLY,2026-09-11,put,1210.0,43.82,38.0,54.3,60.0,49.06,43.21,2.0,0.3109,-0.6565,0.005,-0.8265,0.8766,-0.3373,2026-08-27,1182.51,1189.98,1171.85,1175.64,101452.0,1181.006449
2026-08-27T20:32:44.191,14,15,LLY260911P01215000,LLY,2026-09-11,put,1215.0,49.02,34.0,56.89,43.0,52.955,42.85,1.0,0.3161,-0.6771,0.0048,-0.8167,0.8554,-0.3489,2026-08-27,1182.51,1189.98,1171.85,1175.64,101452.0,1181.006449
2026-08-27T20:32:44.191,14,15,LLY260911P01220000,LLY,2026-09-11,put,1220.0,49.53,43.0,60.88,51.0,55.205,52.02,3.0,0.3003,-0.7104,0.0048,-0.7273,0.8152,-0.3659,2026-08-27,1182.51,1189.98,1171.85,1175.64,101452.0,1181.006449
2026-08-27T20:32:44.191,14,15,LLY260911P01225000,LLY,2026-09-11,put,1225.0,54.61,29.0,64.629,36.0,59.6195,46.29,1.0,0.3093,-0.7263,0.0045,-0.7268,0.7933,-0.3754,2026-08-27,1182.51,1189.98,1171.85,1175.64,101452.0,1181.006449
2026-08-27T20:32:44.191,14,15,LLY260911P01230000,LLY,2026-09-11,put,1230.0,56.06,41.0,67.83,42.0,61.945,62.31,1.0,0.2899,-0.7628,0.0045,-0.6157,0.7361,-0.394,2026-08-27,1182.51,1189.98,1171.85,1175.64,101452.0,1181.006449
2026-08-27T20:32:44.191,14,15,LLY260911P01235000,LLY,2026-09-11,put,1235.0,62.58,12.0,71.61,18.0,67.095,64.73,1.0,0.3068,-0.7697,0.0042,-0.6436,0.7241,-0.3994,2026-08-27,1182.51,1189.98,1171.85,1175.64,101452.0,1181.006449
2026-08-27T20:32:44.191,14,15,LLY260911P01240000,LLY,2026-09-11,put,1240.0,66.53,26.0,76.13,44.0,71.33,70.0,1.0,0.3105,-0.786,0.0039,-0.6194,0.6944,-0.409,2026-08-27,1182.51,1189.98,1171.85,1175.64,101452.0,1181.006449
2026-08-27T20:32:44.191,14,15,LLY260911P01245000,LLY,2026-09-11,put,1245.0,70.51,16.0,79.0,30.0,74.755,68.75,5.0,0.3008,-0.8123,0.0038,-0.5409,0.642,-0.4231,2026-08-27,1182.51,1189.98,1171.85,1175.64,101452.0,1181.006449
2026-08-27T20:32:44.191,14,15,LLY260911P01250000,LLY,2026-09-11,put,1250.0,74.31,14.0,85.37,11.0,79.84,70.38,1.0,0.3155,-0.8172,0.0035,-0.5602,0.6314,-0.4276,2026-08-27,1182.51,1189.98,1171.85,1175.64,101452.0,1181.006449
2026-08-27T20:32:44.191,14,15,LLY260911P01255000,LLY,2026-09-11,put,1255.0,80.77,43.0,88.33,48.0,84.55,78.5,1.0,0.3239,-0.8264,0.0033,-0.5545,0.6111,-0.434,2026-08-27,1182.51,1189.98,1171.85,1175.64,101452.0,1181.006449
2026-08-27T20:32:44.191,14,15,LLY260911P01260000,LLY,2026-09-11,put,1260.0,84.87,19.0,92.34,41.0,88.605,77.5,3.0,0.3206,-0.8441,0.0031,-0.5013,0.5699,-0.4442,2026-08-27,1182.51,1189.98,1171.85,1175.64,101452.0,1181.006449
2026-08-27T20:32:44.191,14,15,LLY260911P01265000,LLY,2026-09-11,put,1265.0,88.66,27.0,98.86,26.0,93.75999999999999,86.95,1.0,0.3358,-0.8464,0.003,-0.5231,0.5644,-0.4474,2026-08-27,1182.51,1189.98,1171.85,1175.64,101452.0,1181.006449
2026-08-27T20:32:44.191,14,15,LLY260911P01270000,LLY,2026-09-11,put,1270.0,91.6,24.0,101.07,11.0,96.335,91.93,3.0,0.3002,-0.8878,0.0027,-0.341,0.4545,-0.4685,2026-08-27,1182.51,1189.98,1171.85,1175.64,101452.0,1181.006449
2026-08-27T20:32:44.191,14,15,LLY260911P01275000,LLY,2026-09-11,put,1275.0,97.87,8.0,107.33,7.0,102.6,46.35,1.0,0.338,-0.8705,0.0026,-0.454,0.5027,-0.4627,2026-08-27,1182.51,1189.98,1171.85,1175.64,101452.0,1181.006449
2026-08-27T20:32:44.191,14,15,LLY260911P01280000,LLY,2026-09-11,put,1280.0,102.41,40.0,110.52,11.0,106.465,95.2,1.0,0.3254,-0.8915,0.0024,-0.3659,0.4436,-0.4745,2026-08-27,1182.51,1189.98,1171.85,1175.64,101452.0,1181.006449
2026-08-27T20:32:44.191,14,15,LLY260911P01285000,LLY,2026-09-11,put,1285.0,107.64,40.0,114.35,11.0,110.995,99.9,1.0,0.3252,-0.9022,0.0022,-0.3291,0.4114,-0.4815,2026-08-27,1182.51,1189.98,1171.85,1175.64,101452.0,1181.006449
2026-08-27T20:32:44.191,14,15,LLY260911P01290000,LLY,2026-09-11,put,1290.0,110.54,40.0,118.57,10.0,114.555,104.55,1.0,0.2958,-0.9325,0.0019,-0.186,0.3112,-0.4976,2026-08-27,1182.51,1189.98,1171.85,1175.64,101452.0,1181.006449
2026-08-27T20:32:44.191,14,15,LLY260911P01295000,LLY,2026-09-11,put,1295.0,114.49,10.0,127.8,10.0,121.145,115.61,3.0,0.3502,-0.9043,0.002,-0.3546,0.405,-0.4867,2026-08-27,1182.51,1189.98,1171.85,1175.64,101452.0,1181.006449
2026-08-27T20:32:44.191,14,15,LLY260911P01300000,LLY,2026-09-11,put,1300.0,122.75,22.0,132.46,7.0,127.605,110.0,1.0,0.3946,-0.8848,0.0021,-0.4927,0.4632,-0.4799,2026-08-27,1182.51,1189.98,1171.85,1175.64,101452.0,1181.006449
2026-08-27T20:32:44.191,14,15,LLY260911P01305000,LLY,2026-09-11,put,1305.0,126.48,12.0,133.64,39.0,130.06,123.8,1.0,0.3411,-0.9271,0.0017,-0.2538,0.3302,-0.5013,2026-08-27,1182.51,1189.98,1171.85,1175.64,101452.0,1181.006449
2026-08-27T20:32:44.191,14,15,LLY260911P01310000,LLY,2026-09-11,put,1310.0,130.84,10.0,139.49,10.0,135.16500000000002,,,0.3541,-0.9267,0.0016,-0.2692,0.3315,-0.5032,2026-08-27,1182.51,1189.98,1171.85,1175.64,101452.0,1181.006449
2026-08-27T20:32:44.191,14,15,LLY260911P01315000,LLY,2026-09-11,put,1315.0,137.46,7.0,144.4,6.0,140.93,,,0.3859,-0.9154,0.0017,-0.3541,0.3696,-0.5001,2026-08-27,1182.51,1189.98,1171.85,1175.64,101452.0,1181.006449
2026-08-27T20:32:44.191,14,15,LLY260911P01320000,LLY,2026-09-11,put,1320.0,141.19,10.0,151.2,10.0,146.195,86.3,1.0,0.4031,-0.9129,0.0016,-0.3857,0.3776,-0.5011,2026-08-27,1182.51,1189.98,1171.85,1175.64,101452.0,1181.006449
2026-08-27T20:32:44.191,14,15,LLY260911P01325000,LLY,2026-09-11,put,1325.0,143.4,10.0,157.97,6.0,150.685,88.35,1.0,0.399,-0.9223,0.0015,-0.3377,0.3466,-0.5075,2026-08-27,1182.51,1189.98,1171.85,1175.64,101452.0,1181.006449
2026-08-27T20:32:44.191,14,15,LLY260911P01330000,LLY,2026-09-11,put,1330.0,147.34,8.0,162.42,1.0,154.88,77.3,1.0,0.3835,-0.937,0.0014,-0.2518,0.2951,-0.5163,2026-08-27,1182.51,1189.98,1171.85,1175.64,101452.0,1181.006449
2026-08-27T20:32:44.191,14,15,LLY260911P01335000,LLY,2026-09-11,put,1335.0,152.76,1.0,169.14,1.0,160.95,,,0.4261,-0.921,0.0015,-0.3744,0.3509,-0.5111,2026-08-27,1182.51,1189.98,1171.85,1175.64,101452.0,1181.006449
2026-08-27T20:32:44.191,14,15,LLY260911P01340000,LLY,2026-09-11,put,1340.0,160.04,10.0,169.8,37.0,164.92000000000002,161.1,1.0,0.4035,-0.9384,0.0013,-0.2632,0.2898,-0.5211,2026-08-27,1182.51,1189.98,1171.85,1175.64,101452.0,1181.006449
2026-08-27T20:32:44.191,14,15,LLY260911P01345000,LLY,2026-09-11,put,1345.0,162.85,10.0,179.27,6.0,171.06,,,0.4486,-0.922,0.0014,-0.3947,0.3476,-0.5157,2026-08-27,1182.51,1189.98,1171.85,1175.64,101452.0,1181.006449
2026-08-27T20:32:44.191,14,15,LLY260911P01360000,LLY,2026-09-11,put,1360.0,178.47,10.0,188.6,9.0,183.535,174.48,16.0,0.3785,-0.9672,0.0008,-0.0884,0.1745,-0.5427,2026-08-27,1182.51,1189.98,1171.85,1175.64,101452.0,1181.006449
2026-08-27T20:32:44.191,14,15,LLY260911P01380000,LLY,2026-09-11,put,1380.0,196.41,12.0,213.78,6.0,205.095,167.5,1.0,0.482,-0.9426,0.001,-0.3097,0.2743,-0.5396,2026-08-27,1182.51,1189.98,1171.85,1175.64,101452.0,1181.006449
2026-08-27T20:32:44.191,14,15,LLY260911P01400000,LLY,2026-09-11,put,1400.0,217.42,12.0,236.44,7.0,226.93,188.14,3.0,0.577,-0.9226,0.0011,-0.534,0.3457,-0.539,2026-08-27,1182.51,1189.98,1171.85,1175.64,101452.0,1181.006449
2026-08-27T20:32:44.191,14,15,LLY260911P01420000,LLY,2026-09-11,put,1420.0,237.18,28.0,246.59,7.0,241.885,,,,,,,,,2026-08-27,1182.51,1189.98,1171.85,1175.64,101452.0,1181.006449
2026-08-27T20:32:44.191,14,15,LLY260911P01440000,LLY,2026-09-11,put,1440.0,258.36,7.0,268.65,6.0,263.505,,,0.5041,-0.9726,0.0005,-0.1127,0.1506,-0.5781,2026-08-27,1182.51,1189.98,1171.85,1175.64,101452.0,1181.006449
2026-08-27T20:32:44.191,14,15,LLY260911P01460000,LLY,2026-09-11,put,1460.0,275.98,7.0,290.14,8.0,283.06,237.7,1.0,0.4999,-0.9809,0.0004,-0.0415,0.1109,-0.5902,2026-08-27,1182.51,1189.98,1171.85,1175.64,101452.0,1181.006449
2026-08-27T20:32:44.191,14,15,LLY260911P01480000,LLY,2026-09-11,put,1480.0,295.7,13.0,313.4,9.0,304.54999999999995,,,0.6239,-0.9596,0.0006,-0.2879,0.2071,-0.5887,2026-08-27,1182.51,1189.98,1171.85,1175.64,101452.0,1181.006449
2026-08-27T20:32:44.191,14,15,LLY260911P01500000,LLY,2026-09-11,put,1500.0,313.29,5.0,335.33,2.0,324.31,226.2,1.0,0.6423,-0.9637,0.0005,-0.261,0.1898,-0.5988,2026-08-27,1182.51,1189.98,1171.85,1175.64,101452.0,1181.006449
2026-08-27T20:32:44.191,14,15,LLY260911P01520000,LLY,2026-09-11,put,1520.0,338.98,6.0,343.67,2.0,341.32500000000005,258.25,1.0,,,,,,,2026-08-27,1182.51,1189.98,1171.85,1175.64,101452.0,1181.006449
2026-08-27T20:32:44.191,14,15,LLY260911P01540000,LLY,2026-09-11,put,1540.0,361.62,6.0,372.78,2.0,367.2,,,0.8223,-0.9367,0.0006,-0.6649,0.296,-0.6034,2026-08-27,1182.51,1189.98,1171.85,1175.64,101452.0,1181.006449
2026-08-27T20:32:44.191,14,15,LLY260911P01560000,LLY,2026-09-11,put,1560.0,378.72,2.0,394.08,4.0,386.4,,,0.8246,-0.9452,0.0006,-0.577,0.2643,-0.6154,2026-08-27,1182.51,1189.98,1171.85,1175.64,101452.0,1181.006449
2026-08-27T20:32:44.191,14,15,LLY260911P01580000,LLY,2026-09-11,put,1580.0,407.91,7.0,417.41,2.0,412.66,,,1.0397,-0.9015,0.0007,-1.2862,0.4135,-0.6051,2026-08-27,1182.51,1189.98,1171.85,1175.64,101452.0,1181.006449
2026-08-27T20:32:44.191,14,15,LLY260911P01600000,LLY,2026-09-11,put,1600.0,416.23,9.0,428.86,2.0,422.545,,,0.6339,-0.9899,0.0002,0.0229,0.064,-0.6519,2026-08-27,1182.51,1189.98,1171.85,1175.64,101452.0,1181.006449
2026-08-27T20:32:44.191,14,15,LLY260911P01620000,LLY,2026-09-11,put,1620.0,431.4,5.0,441.71,2.0,436.55499999999995,,,,,,,,,2026-08-27,1182.51,1189.98,1171.85,1175.64,101452.0,1181.006449
2026-08-27T20:32:44.191,14,15,LLY260911P01640000,LLY,2026-09-11,put,1640.0,450.12,5.0,478.06,2.0,464.09000000000003,,,0.8275,-0.9708,0.0003,-0.2778,0.1588,-0.6597,2026-08-27,1182.51,1189.98,1171.85,1175.64,101452.0,1181.006449
2026-08-27T20:32:44.191,30,29,LLY260925C00610000,LLY,2026-09-25,call,610.0,557.99,2.0,576.01,3.0,567.0,,,,,,,,,2026-08-27,1182.51,1189.98,1171.85,1175.64,101452.0,1181.006449
2026-08-27T20:32:44.191,30,29,LLY260925C00620000,LLY,2026-09-25,call,620.0,540.45,3.0,575.92,2.0,558.185,,,,,,,,,2026-08-27,1182.51,1189.98,1171.85,1175.64,101452.0,1181.006449
2026-08-27T20:32:44.191,30,29,LLY260925C00630000,LLY,2026-09-25,call,630.0,539.92,2.0,550.13,3.0,545.025,,,,,,,,,2026-08-27,1182.51,1189.98,1171.85,1175.64,101452.0,1181.006449
2026-08-27T20:32:44.191,30,29,LLY260925C00640000,LLY,2026-09-25,call,640.0,527.54,3.0,553.98,2.0,540.76,,,,,,,,,2026-08-27,1182.51,1189.98,1171.85,1175.64,101452.0,1181.006449
2026-08-27T20:32:44.191,30,29,LLY260925C00650000,LLY,2026-09-25,call,650.0,529.19,2.0,538.59,3.0,533.8900000000001,,,,,,,,,2026-08-27,1182.51,1189.98,1171.85,1175.64,101452.0,1181.006449
2026-08-27T20:32:44.191,30,29,LLY260925C00660000,LLY,2026-09-25,call,660.0,514.44,2.0,523.6,1.0,519.02,,,,,,,,,2026-08-27,1182.51,1189.98,1171.85,1175.64,101452.0,1181.006449
2026-08-27T20:32:44.191,30,29,LLY260925C00670000,LLY,2026-09-25,call,670.0,501.76,2.0,510.09,2.0,505.92499999999995,,,,,,,,,2026-08-27,1182.51,1189.98,1171.85,1175.64,101452.0,1181.006449
2026-08-27T20:32:44.191,30,29,LLY260925C00680000,LLY,2026-09-25,call,680.0,482.09,2.0,513.71,2.0,497.9,,,,,,,,,2026-08-27,1182.51,1189.98,1171.85,1175.64,101452.0,1181.006449
2026-08-27T20:32:44.191,30,29,LLY260925C00690000,LLY,2026-09-25,call,690.0,476.72,2.0,491.12,2.0,483.92,,,,,,,,,2026-08-27,1182.51,1189.98,1171.85,1175.64,101452.0,1181.006449
2026-08-27T20:32:44.191,30,29,LLY260925C00700000,LLY,2026-09-25,call,700.0,461.08,2.0,494.48,1.0,477.78,,,0.6856,0.9974,0.0,-0.1012,0.0266,0.552,2026-08-27,1182.51,1189.98,1171.85,1175.64,101452.0,1181.006449
2026-08-27T20:32:44.191,30,29,LLY260925C00710000,LLY,2026-09-25,call,710.0,456.37,2.0,482.02,2.0,469.195,,,0.8701,0.9858,0.0001,-0.2493,0.1201,0.5479,2026-08-27,1182.51,1189.98,1171.85,1175.64,101452.0,1181.006449
2026-08-27T20:32:44.191,30,29,LLY260925C00720000,LLY,2026-09-25,call,720.0,442.32,2.0,458.15,1.0,450.235,,,,,,,,,2026-08-27,1182.51,1189.98,1171.85,1175.64,101452.0,1181.006449
2026-08-27T20:32:44.191,30,29,LLY260925C00730000,LLY,2026-09-25,call,730.0,444.57,2.0,465.49,2.0,455.03,,,,,,,,,2026-08-27,1182.51,1189.98,1171.85,1175.64,101452.0,1181.006449
2026-08-27T20:32:44.191,30,29,LLY260925C00740000,LLY,2026-09-25,call,740.0,435.94,2.0,441.29,2.0,438.615,,,0.7451,0.9899,0.0001,-0.1872,0.0891,0.5761,2026-08-27,1182.51,1189.98,1171.85,1175.64,101452.0,1181.006449
2026-08-27T20:32:44.191,30,29,LLY260925C00750000,LLY,2026-09-25,call,750.0,422.05,2.0,437.43,2.0,429.74,,,0.8166,0.9812,0.0002,-0.2865,0.1519,0.5751,2026-08-27,1182.51,1189.98,1171.85,1175.64,101452.0,1181.006449
2026-08-27T20:32:44.191,30,29,LLY260925C00760000,LLY,2026-09-25,call,760.0,413.5,2.0,425.06,2.0,419.28,,,0.7613,0.9844,0.0002,-0.2448,0.1301,0.5863,2026-08-27,1182.51,1189.98,1171.85,1175.64,101452.0,1181.006449
2026-08-27T20:32:44.191,30,29,LLY260925C00770000,LLY,2026-09-25,call,770.0,402.48,2.0,409.49,2.0,405.985,,,,,,,,,2026-08-27,1182.51,1189.98,1171.85,1175.64,101452.0,1181.006449
2026-08-27T20:32:44.191,30,29,LLY260925C00780000,LLY,2026-09-25,call,780.0,386.08,2.0,400.53,1.0,393.30499999999995,,,,,,,,,2026-08-27,1182.51,1189.98,1171.85,1175.64,101452.0,1181.006449
2026-08-27T20:32:44.191,30,29,LLY260925C00785000,LLY,2026-09-25,call,785.0,377.19,2.0,395.57,2.0,386.38,,,,,,,,,2026-08-27,1182.51,1189.98,1171.85,1175.64,101452.0,1181.006449
2026-08-27T20:32:44.191,30,29,LLY260925C00790000,LLY,2026-09-25,call,790.0,378.6,2.0,402.16,2.0,390.38,,,0.7635,0.9755,0.0002,-0.3268,0.1906,0.6009,2026-08-27,1182.51,1189.98,1171.85,1175.64,101452.0,1181.006449
2026-08-27T20:32:44.191,30,29,LLY260925C00795000,LLY,2026-09-25,call,795.0,382.22,2.0,385.34,1.0,383.78,,,0.6423,0.9883,0.0001,-0.1902,0.1012,0.6182,2026-08-27,1182.51,1189.98,1171.85,1175.64,101452.0,1181.006449
2026-08-27T20:32:44.191,30,29,LLY260925C00800000,LLY,2026-09-25,call,800.0,367.75,1.0,391.5,1.0,379.625,,,0.698,0.9807,0.0002,-0.2645,0.1553,0.6144,2026-08-27,1182.51,1189.98,1171.85,1175.64,101452.0,1181.006449
2026-08-27T20:32:44.191,30,29,LLY260925C00805000,LLY,2026-09-25,call,805.0,365.04,2.0,383.48,2.0,374.26,,,0.6622,0.9837,0.0002,-0.2321,0.1346,0.6215,2026-08-27,1182.51,1189.98,1171.85,1175.64,101452.0,1181.006449
2026-08-27T20:32:44.191,30,29,LLY260925C00810000,LLY,2026-09-25,call,810.0,363.87,1.0,382.88,1.0,373.375,,,0.8381,0.9561,0.0003,-0.5202,0.3079,0.5964,2026-08-27,1182.51,1189.98,1171.85,1175.64,101452.0,1181.006449
2026-08-27T20:32:44.191,30,29,LLY260925C00815000,LLY,2026-09-25,call,815.0,354.67,2.0,366.92,2.0,360.795,,,,,,,,,2026-08-27,1182.51,1189.98,1171.85,1175.64,101452.0,1181.006449
2026-08-27T20:32:44.191,30,29,LLY260925C00820000,LLY,2026-09-25,call,820.0,343.19,2.0,373.63,2.0,358.40999999999997,,,0.5467,0.9925,0.0001,-0.1457,0.0685,0.6423,2026-08-27,1182.51,1189.98,1171.85,1175.64,101452.0,1181.006449
2026-08-27T20:32:44.191,30,29,LLY260925C00825000,LLY,2026-09-25,call,825.0,342.36,1.0,361.62,1.0,351.99,,,,,,,,,2026-08-27,1182.51,1189.98,1171.85,1175.64,101452.0,1181.006449
2026-08-27T20:32:44.191,30,29,LLY260925C00830000,LLY,2026-09-25,call,830.0,336.59,2.0,361.11,2.0,348.85,,,0.5768,0.9875,0.0002,-0.1884,0.1076,0.6451,2026-08-27,1182.51,1189.98,1171.85,1175.64,101452.0,1181.006449
2026-08-27T20:32:44.191,30,29,LLY260925C00835000,LLY,2026-09-25,call,835.0,334.54,2.0,352.87,2.0,343.70500000000004,,,0.5525,0.9891,0.0002,-0.173,0.0953,0.6507,2026-08-27,1182.51,1189.98,1171.85,1175.64,101452.0,1181.006449
2026-08-27T20:32:44.191,30,29,LLY260925C00840000,LLY,2026-09-25,call,840.0,328.44,2.0,341.5,1.0,334.97,,,,,,,,,2026-08-27,1182.51,1189.98,1171.85,1175.64,101452.0,1181.006449
2026-08-27T20:32:44.191,30,29,LLY260925C00845000,LLY,2026-09-25,call,845.0,322.34,2.0,347.77,1.0,335.05499999999995,,,0.6282,0.9756,0.0003,-0.2873,0.19,0.645,2026-08-27,1182.51,1189.98,1171.85,1175.64,101452.0,1181.006449
2026-08-27T20:32:44.191,30,29,LLY260925C00850000,LLY,2026-09-25,call,850.0,321.4,2.0,339.5,2.0,330.45,,,0.6374,0.972,0.0003,-0.3155,0.213,0.6453,2026-08-27,1182.51,1189.98,1171.85,1175.64,101452.0,1181.006449
2026-08-27T20:32:44.191,30,29,LLY260925C00855000,LLY,2026-09-25,call,855.0,315.56,2.0,337.73,2.0,326.645,,,0.6762,0.9625,0.0004,-0.3963,0.2707,0.6395,2026-08-27,1182.51,1189.98,1171.85,1175.64,101452.0,1181.006449
2026-08-27T20:32:44.191,30,29,LLY260925C00860000,LLY,2026-09-25,call,860.0,307.87,1.0,326.07,1.0,316.97,,,,,,,,,2026-08-27,1182.51,1189.98,1171.85,1175.64,101452.0,1181.006449
2026-08-27T20:32:44.191,30,29,LLY260925C00865000,LLY,2026-09-25,call,865.0,305.08,1.0,324.46,1.0,314.77,,,0.572,0.9773,0.0003,-0.2597,0.1785,0.6627,2026-08-27,1182.51,1189.98,1171.85,1175.64,101452.0,1181.006449
2026-08-27T20:32:44.191,30,29,LLY260925C00870000,LLY,2026-09-25,call,870.0,296.33,1.0,321.95,2.0,309.14,,,0.5218,0.9838,0.0002,-0.2056,0.134,0.6733,2026-08-27,1182.51,1189.98,1171.85,1175.64,101452.0,1181.006449
2026-08-27T20:32:44.191,30,29,LLY260925C00875000,LLY,2026-09-25,call,875.0,293.34,1.0,315.89,2.0,304.615,,,0.5433,0.9785,0.0003,-0.2447,0.1706,0.6719,2026-08-27,1182.51,1189.98,1171.85,1175.64,101452.0,1181.006449
2026-08-27T20:32:44.191,30,29,LLY260925C00880000,LLY,2026-09-25,call,880.0,292.22,1.0,302.1,2.0,297.16,308.75,1.0,,,,,,,2026-08-27,1182.51,1189.98,1171.85,1175.64,101452.0,1181.006449
2026-08-27T20:32:44.191,30,29,LLY260925C00885000,LLY,2026-09-25,call,885.0,284.42,1.0,302.86,2.0,293.64,,,0.4477,0.9903,0.0002,-0.154,0.0864,0.6916,2026-08-27,1182.51,1189.98,1171.85,1175.64,101452.0,1181.006449
2026-08-27T20:32:44.191,30,29,LLY260925C00890000,LLY,2026-09-25,call,890.0,283.98,1.0,301.83,2.0,292.905,,,0.6416,0.95,0.0005,-0.4606,0.3416,0.6546,2026-08-27,1182.51,1189.98,1171.85,1175.64,101452.0,1181.006449
2026-08-27T20:32:44.191,30,29,LLY260925C00895000,LLY,2026-09-25,call,895.0,270.73,1.0,292.61,2.0,281.67,,,,,,,,,2026-08-27,1182.51,1189.98,1171.85,1175.64,101452.0,1181.006449
2026-08-27T20:32:44.191,30,29,LLY260925C00900000,LLY,2026-09-25,call,900.0,266.2,1.0,289.03,3.0,277.615,,,,,,,,,2026-08-27,1182.51,1189.98,1171.85,1175.64,101452.0,1181.006449
2026-08-27T20:32:44.191,30,29,LLY260925C00905000,LLY,2026-09-25,call,905.0,269.3,1.0,283.67,2.0,276.485,,,0.5651,0.9591,0.0005,-0.3689,0.291,0.6761,2026-08-27,1182.51,1189.98,1171.85,1175.64,101452.0,1181.006449
2026-08-27T20:32:44.191,30,29,LLY260925C00910000,LLY,2026-09-25,call,910.0,262.54,1.0,277.39,2.0,269.96500000000003,,,0.494,0.9732,0.0004,-0.2628,0.2056,0.6944,2026-08-27,1182.51,1189.98,1171.85,1175.64,101452.0,1181.006449
2026-08-27T20:32:44.191,30,29,LLY260925C00915000,LLY,2026-09-25,call,915.0,255.62,1.0,271.42,2.0,263.52,,,0.3753,0.9928,0.0002,-0.1333,0.0659,0.7179,2026-08-27,1182.51,1189.98,1171.85,1175.64,101452.0,1181.006449
2026-08-27T20:32:44.191,30,29,LLY260925C00920000,LLY,2026-09-25,call,920.0,247.73,1.0,266.03,2.0,256.88,,,,,,,,,2026-08-27,1182.51,1189.98,1171.85,1175.64,101452.0,1181.006449
2026-08-27T20:32:44.191,30,29,LLY260925C00925000,LLY,2026-09-25,call,925.0,248.11,2.0,264.15,2.0,256.13,,,0.5124,0.9601,0.0005,-0.3392,0.2848,0.6933,2026-08-27,1182.51,1189.98,1171.85,1175.64,101452.0,1181.006449
2026-08-27T20:32:44.191,30,29,LLY260925C00930000,LLY,2026-09-25,call,930.0,241.13,8.0,255.43,2.0,248.28,,,0.2676,0.9993,0.0,-0.0968,0.0083,0.7361,2026-08-27,1182.51,1189.98,1171.85,1175.64,101452.0,1181.006449
2026-08-27T20:32:44.191,30,29,LLY260925C00935000,LLY,2026-09-25,call,935.0,233.8,25.0,249.07,2.0,241.435,,,,,,,,,2026-08-27,1182.51,1189.98,1171.85,1175.64,101452.0,1181.006449
2026-08-27T20:32:44.191,30,29,LLY260925C00940000,LLY,2026-09-25,call,940.0,238.62,24.0,247.12,2.0,242.87,,,0.5343,0.9429,0.0006,-0.4366,0.3797,0.6877,2026-08-27,1182.51,1189.98,1171.85,1175.64,101452.0,1181.006449
2026-08-27T20:32:44.191,30,29,LLY260925C00945000,LLY,2026-09-25,call,945.0,227.76,25.0,239.42,2.0,233.58999999999997,,,0.33,0.9923,0.0002,-0.1334,0.0699,0.7413,2026-08-27,1182.51,1189.98,1171.85,1175.64,101452.0,1181.006449
2026-08-27T20:32:44.191,30,29,LLY260925C00950000,LLY,2026-09-25,call,950.0,225.71,25.0,238.8,2.0,232.255,240.0,2.0,0.4971,0.9464,0.0007,-0.3977,0.3609,0.6995,2026-08-27,1182.51,1189.98,1171.85,1175.64,101452.0,1181.006449
2026-08-27T20:32:44.191,30,29,LLY260925C00955000,LLY,2026-09-25,call,955.0,219.22,10.0,232.95,6.0,226.08499999999998,,,0.4519,0.9571,0.0006,-0.3258,0.3023,0.7143,2026-08-27,1182.51,1189.98,1171.85,1175.64,101452.0,1181.006449
2026-08-27T20:32:44.191,30,29,LLY260925C00960000,LLY,2026-09-25,call,960.0,214.95,7.0,229.21,7.0,222.07999999999998,,,0.4721,0.9464,0.0007,-0.3833,0.3612,0.7075,2026-08-27,1182.51,1189.98,1171.85,1175.64,101452.0,1181.006449
2026-08-27T20:32:44.191,30,29,LLY260925C00965000,LLY,2026-09-25,call,965.0,210.12,8.0,216.84,8.0,213.48000000000002,,,0.2724,0.9959,0.0001,-0.1147,0.0398,0.7606,2026-08-27,1182.51,1189.98,1171.85,1175.64,101452.0,1181.006449
2026-08-27T20:32:44.191,30,29,LLY260925C00970000,LLY,2026-09-25,call,970.0,201.82,8.0,212.58,2.0,207.2,231.35,1.0,,,,,,,2026-08-27,1182.51,1189.98,1171.85,1175.64,101452.0,1181.006449
2026-08-27T20:32:44.191,30,29,LLY260925C00975000,LLY,2026-09-25,call,975.0,203.4,5.0,214.11,10.0,208.755,,,0.4825,0.9285,0.0009,-0.4648,0.4522,0.7014,2026-08-27,1182.51,1189.98,1171.85,1175.64,101452.0,1181.006449
2026-08-27T20:32:44.191,30,29,LLY260925C00980000,LLY,2026-09-25,call,980.0,198.78,4.0,207.47,2.0,203.125,293.11,1.0,0.4579,0.9328,0.0009,-0.4302,0.4313,0.7098,2026-08-27,1182.51,1189.98,1171.85,1175.64,101452.0,1181.006449
2026-08-27T20:32:44.191,30,29,LLY260925C00985000,LLY,2026-09-25,call,985.0,187.8,5.0,200.06,2.0,193.93,,,0.2969,0.9857,0.0004,-0.1583,0.1201,0.7666,2026-08-27,1182.51,1189.98,1171.85,1175.64,101452.0,1181.006449
2026-08-27T20:32:44.191,30,29,LLY260925C00990000,LLY,2026-09-25,call,990.0,187.79,7.0,199.53,3.0,193.66,283.18,1.0,0.4493,0.9255,0.0009,-0.4513,0.4668,0.7105,2026-08-27,1182.51,1189.98,1171.85,1175.64,101452.0,1181.006449
2026-08-27T20:32:44.191,30,29,LLY260925C00995000,LLY,2026-09-25,call,995.0,185.21,10.0,192.34,1.0,188.775,,,0.4413,0.9231,0.001,-0.4538,0.4782,0.7122,2026-08-27,1182.51,1189.98,1171.85,1175.64,101452.0,1181.006449
2026-08-27T20:32:44.191,30,29,LLY260925C01000000,LLY,2026-09-25,call,1000.0,176.55,9.0,191.13,5.0,183.84,211.26,1.0,0.4323,0.921,0.001,-0.4537,0.4877,0.7142,2026-08-27,1182.51,1189.98,1171.85,1175.64,101452.0,1181.006449
2026-08-27T20:32:44.191,30,29,LLY260925C01005000,LLY,2026-09-25,call,1005.0,171.88,9.0,184.87,6.0,178.375,,,0.4124,0.9239,0.001,-0.4283,0.4743,0.7212,2026-08-27,1182.51,1189.98,1171.85,1175.64,101452.0,1181.006449
2026-08-27T20:32:44.191,30,29,LLY260925C01010000,LLY,2026-09-25,call,1010.0,164.61,10.0,178.07,3.0,171.34,,,0.3544,0.9451,0.0009,-0.3193,0.3683,0.7466,2026-08-27,1182.51,1189.98,1171.85,1175.64,101452.0,1181.006449
2026-08-27T20:32:44.191,30,29,LLY260925C01015000,LLY,2026-09-25,call,1015.0,164.43,7.0,178.54,1.0,171.485,208.6,1.0,0.4486,0.8939,0.0012,-0.5576,0.607,0.6987,2026-08-27,1182.51,1189.98,1171.85,1175.64,101452.0,1181.006449
2026-08-27T20:32:44.191,30,29,LLY260925C01020000,LLY,2026-09-25,call,1020.0,155.99,10.0,171.08,5.0,163.53500000000003,251.44,1.0,0.385,0.9176,0.0012,-0.4263,0.5038,0.7271,2026-08-27,1182.51,1189.98,1171.85,1175.64,101452.0,1181.006449
2026-08-27T20:32:44.191,30,29,LLY260925C01025000,LLY,2026-09-25,call,1025.0,148.12,8.0,167.4,3.0,157.76,199.51,1.0,0.3591,0.9241,0.0012,-0.3862,0.4733,0.7378,2026-08-27,1182.51,1189.98,1171.85,1175.64,101452.0,1181.006449
2026-08-27T20:32:44.191,30,29,LLY260925C01030000,LLY,2026-09-25,call,1030.0,144.91,7.0,160.05,2.0,152.48000000000002,201.64,1.0,0.3433,0.9257,0.0012,-0.3695,0.4656,0.7435,2026-08-27,1182.51,1189.98,1171.85,1175.64,101452.0,1181.006449
2026-08-27T20:32:44.191,30,29,LLY260925C01035000,LLY,2026-09-25,call,1035.0,140.87,10.0,153.17,10.0,147.01999999999998,199.59,1.0,0.3234,0.9298,0.0013,-0.3436,0.4459,0.7516,2026-08-27,1182.51,1189.98,1171.85,1175.64,101452.0,1181.006449
2026-08-27T20:32:44.191,30,29,LLY260925C01040000,LLY,2026-09-25,call,1040.0,137.95,10.0,149.53,10.0,143.74,234.87,1.0,0.3481,0.9078,0.0014,-0.4214,0.5477,0.7337,2026-08-27,1182.51,1189.98,1171.85,1175.64,101452.0,1181.006449
2026-08-27T20:32:44.191,30,29,LLY260925C01045000,LLY,2026-09-25,call,1045.0,132.36,8.0,143.27,7.0,137.815,,,0.3205,0.9163,0.0014,-0.376,0.5098,0.7463,2026-08-27,1182.51,1189.98,1171.85,1175.64,101452.0,1181.006449
2026-08-27T20:32:44.191,30,29,LLY260925C01050000,LLY,2026-09-25,call,1050.0,132.47,10.0,139.31,11.0,135.89,156.07,1.0,0.3627,0.8819,0.0016,-0.5004,0.6556,0.7157,2026-08-27,1182.51,1189.98,1171.85,1175.64,101452.0,1181.006449
2026-08-27T20:32:44.191,30,29,LLY260925C01055000,LLY,2026-09-25,call,1055.0,126.04,12.0,138.52,11.0,132.28,,,0.372,0.8669,0.0017,-0.5459,0.7123,0.7046,2026-08-27,1182.51,1189.98,1171.85,1175.64,101452.0,1181.006449
2026-08-27T20:32:44.191,30,29,LLY260925C01060000,LLY,2026-09-25,call,1060.0,122.94,23.0,133.73,12.0,128.33499999999998,,,0.3751,0.8552,0.0018,-0.5759,0.7545,0.6968,2026-08-27,1182.51,1189.98,1171.85,1175.64,101452.0,1181.006449
2026-08-27T20:32:44.191,30,29,LLY260925C01065000,LLY,2026-09-25,call,1065.0,116.2,13.0,125.82,11.0,121.00999999999999,,,0.3319,0.8715,0.0019,-0.4885,0.6953,0.7179,2026-08-27,1182.51,1189.98,1171.85,1175.64,101452.0,1181.006449
2026-08-27T20:32:44.191,30,29,LLY260925C01070000,LLY,2026-09-25,call,1070.0,114.83,11.0,121.97,5.0,118.4,,,0.353,0.8472,0.002,-0.5641,0.7821,0.6972,2026-08-27,1182.51,1189.98,1171.85,1175.64,101452.0,1181.006449
2026-08-27T20:32:44.191,30,29,LLY260925C01075000,LLY,2026-09-25,call,1075.0,108.46,10.0,120.01,11.0,114.235,131.47,1.0,0.3518,0.8366,0.0021,-0.5831,0.8173,0.6906,2026-08-27,1182.51,1189.98,1171.85,1175.64,101452.0,1181.006449
2026-08-27T20:32:44.191,30,29,LLY260925C01080000,LLY,2026-09-25,call,1080.0,102.66,12.0,116.98,11.0,109.82,142.5,1.0,0.3471,0.8277,0.0022,-0.5927,0.8457,0.6859,2026-08-27,1182.51,1189.98,1171.85,1175.64,101452.0,1181.006449
2026-08-27T20:32:44.191,30,29,LLY260925C01085000,LLY,2026-09-25,call,1085.0,101.91,12.0,112.8,11.0,107.35499999999999,,,0.3638,0.8055,0.0023,-0.6564,0.9122,0.667,2026-08-27,1182.51,1189.98,1171.85,1175.64,101452.0,1181.006449
2026-08-27T20:32:44.191,30,29,LLY260925C01090000,LLY,2026-09-25,call,1090.0,95.97,10.0,106.17,11.0,101.07,106.72,1.0,0.3373,0.8086,0.0024,-0.6105,0.9031,0.675,2026-08-27,1182.51,1189.98,1171.85,1175.64,101452.0,1181.006449
2026-08-27T20:32:44.191,30,29,LLY260925C01095000,LLY,2026-09-25,call,1095.0,92.5,10.0,103.14,11.0,97.82,117.4,5.0,0.3438,0.7913,0.0025,-0.6474,0.9514,0.6614,2026-08-27,1182.51,1189.98,1171.85,1175.64,101452.0,1181.006449
2026-08-27T20:32:44.191,30,29,LLY260925C01100000,LLY,2026-09-25,call,1100.0,89.66,10.0,100.67,11.0,95.16499999999999,112.9,5.0,0.3549,0.7713,0.0026,-0.6952,1.003,0.6448,2026-08-27,1182.51,1189.98,1171.85,1175.64,101452.0,1181.006449
2026-08-27T20:32:44.191,30,29,LLY260925C01105000,LLY,2026-09-25,call,1105.0,86.08,11.0,95.98,11.0,91.03,108.75,1.0,0.3503,0.7598,0.0027,-0.7028,1.0305,0.6374,2026-08-27,1182.51,1189.98,1171.85,1175.64,101452.0,1181.006449
2026-08-27T20:32:44.191,30,29,LLY260925C01110000,LLY,2026-09-25,call,1110.0,82.78,10.0,90.0,14.0,86.39,104.65,5.0,0.3403,0.7506,0.0028,-0.6969,1.0516,0.6325,2026-08-27,1182.51,1189.98,1171.85,1175.64,101452.0,1181.006449
2026-08-27T20:32:44.191,30,29,LLY260925C01115000,LLY,2026-09-25,call,1115.0,77.45,24.0,87.39,23.0,82.42,100.55,5.0,0.3364,0.7376,0.0029,-0.7051,1.08,0.6234,2026-08-27,1182.51,1189.98,1171.85,1175.64,101452.0,1181.006449
2026-08-27T20:32:44.191,30,29,LLY260925C01120000,LLY,2026-09-25,call,1120.0,73.04,18.0,83.64,41.0,78.34,86.5,1.0,0.331,0.7247,0.003,-0.7089,1.1063,0.6146,2026-08-27,1182.51,1189.98,1171.85,1175.64,101452.0,1181.006449
2026-08-27T20:32:44.191,30,29,LLY260925C01125000,LLY,2026-09-25,call,1125.0,70.77,18.0,80.93,21.0,75.85,116.45,1.0,0.3391,0.7048,0.0031,-0.7441,1.1437,0.598,2026-08-27,1182.51,1189.98,1171.85,1175.64,101452.0,1181.006449
2026-08-27T20:32:44.191,30,29,LLY260925C01130000,LLY,2026-09-25,call,1130.0,67.78,18.0,75.16,18.0,71.47,,,0.3298,0.6925,0.0032,-0.737,1.1649,0.59,2026-08-27,1182.51,1189.98,1171.85,1175.64,101452.0,1181.006449
2026-08-27T20:32:44.191,30,29,LLY260925C01135000,LLY,2026-09-25,call,1135.0,64.87,19.0,73.68,23.0,69.275,72.57,1.0,0.3386,0.6722,0.0032,-0.771,1.1967,0.5728,2026-08-27,1182.51,1189.98,1171.85,1175.64,101452.0,1181.006449
2026-08-27T20:32:44.191,30,29,LLY260925C01140000,LLY,2026-09-25,call,1140.0,60.91,18.0,70.93,25.0,65.92,81.5,3.0,0.3368,0.656,0.0033,-0.7789,1.2195,0.5604,2026-08-27,1182.51,1189.98,1171.85,1175.64,101452.0,1181.006449
2026-08-27T20:32:44.191,30,29,LLY260925C01145000,LLY,2026-09-25,call,1145.0,56.54,34.0,66.2,39.0,61.370000000000005,62.85,1.0,0.3247,0.6426,0.0035,-0.7619,1.2366,0.5514,2026-08-27,1182.51,1189.98,1171.85,1175.64,101452.0,1181.006449
2026-08-27T20:32:44.191,30,29,LLY260925C01150000,LLY,2026-09-25,call,1150.0,55.81,34.0,63.01,39.0,59.41,68.24,10.0,0.3328,0.6226,0.0034,-0.7899,1.259,0.5343,2026-08-27,1182.51,1189.98,1171.85,1175.64,101452.0,1181.006449
2026-08-27T20:32:44.191,30,29,LLY260925C01155000,LLY,2026-09-25,call,1155.0,51.12,33.0,59.63,34.0,55.375,126.92,1.0,0.3238,0.6068,0.0036,-0.7773,1.2743,0.5227,2026-08-27,1182.51,1189.98,1171.85,1175.64,101452.0,1181.006449
2026-08-27T20:32:44.191,30,29,LLY260925C01160000,LLY,2026-09-25,call,1160.0,49.33,34.0,56.84,40.0,53.085,71.95,2.0,0.3277,0.5878,0.0036,-0.7928,1.2898,0.5068,2026-08-27,1182.51,1189.98,1171.85,1175.64,101452.0,1181.006449
2026-08-27T20:32:44.191,30,29,LLY260925C01165000,LLY,2026-09-25,call,1165.0,45.37,26.0,54.98,25.0,50.175,59.7,1.0,0.3261,0.5698,0.0036,-0.7941,1.3017,0.4923,2026-08-27,1182.51,1189.98,1171.85,1175.64,101452.0,1181.006449
2026-08-27T20:32:44.191,30,29,LLY260925C01170000,LLY,2026-09-25,call,1170.0,44.52,29.0,52.81,52.0,48.665000000000006,48.0,1.0,0.3346,0.551,0.0036,-0.8164,1.3111,0.476,2026-08-27,1182.51,1189.98,1171.85,1175.64,101452.0,1181.006449
2026-08-27T20:32:44.191,30,29,LLY260925C01175000,LLY,2026-09-25,call,1175.0,42.09,18.0,49.51,41.0,45.8,48.09,1.0,0.3319,0.5331,0.0036,-0.8121,1.3174,0.4615,2026-08-27,1182.51,1189.98,1171.85,1175.64,101452.0,1181.006449
2026-08-27T20:32:44.191,30,29,LLY260925C01180000,LLY,2026-09-25,call,1180.0,36.92,41.0,49.33,55.0,43.125,45.28,1.0,0.33,0.5149,0.0036,-0.808,1.321,0.4466,2026-08-27,1182.51,1189.98,1171.85,1175.64,101452.0,1181.006449
2026-08-27T20:32:44.191,30,29,LLY260925C01185000,LLY,2026-09-25,call,1185.0,36.11,26.0,44.48,33.0,40.295,42.35,1.0,0.3263,0.4963,0.0037,-0.7981,1.3219,0.4315,2026-08-27,1182.51,1189.98,1171.85,1175.64,101452.0,1181.006449
2026-08-27T20:32:44.191,30,29,LLY260925C01190000,LLY,2026-09-25,call,1190.0,33.2,56.0,42.03,41.0,37.615,38.1,1.0,0.323,0.4774,0.0037,-0.7875,1.3198,0.416,2026-08-27,1182.51,1189.98,1171.85,1175.64,101452.0,1181.006449
2026-08-27T20:32:44.191,30,29,LLY260925C01195000,LLY,2026-09-25,call,1195.0,31.02,46.0,37.52,17.0,34.27,37.15,1.0,0.3139,0.4569,0.0038,-0.7618,1.3142,0.3995,2026-08-27,1182.51,1189.98,1171.85,1175.64,101452.0,1181.006449
2026-08-27T20:32:44.191,30,29,LLY260925C01200000,LLY,2026-09-25,call,1200.0,29.75,41.0,36.92,52.0,33.335,38.92,1.0,0.3225,0.4408,0.0037,-0.7757,1.3074,0.3853,2026-08-27,1182.51,1189.98,1171.85,1175.64,101452.0,1181.006449
2026-08-27T20:32:44.191,30,29,LLY260925C01205000,LLY,2026-09-25,call,1205.0,27.97,20.0,34.43,55.0,31.2,32.0,1.0,0.3213,0.4224,0.0037,-0.7652,1.2969,0.3698,2026-08-27,1182.51,1189.98,1171.85,1175.64,101452.0,1181.006449
2026-08-27T20:32:44.191,30,29,LLY260925C01210000,LLY,2026-09-25,call,1210.0,24.2,61.0,32.549,56.0,28.374499999999998,28.3,1.0,0.314,0.4016,0.0037,-0.7383,1.2815,0.3526,2026-08-27,1182.51,1189.98,1171.85,1175.64,101452.0,1181.006449
2026-08-27T20:32:44.191,30,29,LLY260925C01215000,LLY,2026-09-25,call,1215.0,25.36,6.0,31.61,52.0,28.485,95.3,1.0,0.329,0.3905,0.0035,-0.7646,1.2718,0.3421,2026-08-27,1182.51,1189.98,1171.85,1175.64,101452.0,1181.006449
2026-08-27T20:32:44.191,30,29,LLY260925C01220000,LLY,2026-09-25,call,1220.0,20.21,45.0,30.97,48.0,25.59,28.38,6.0,0.3197,0.369,0.0036,-0.73,1.25,0.3243,2026-08-27,1182.51,1189.98,1171.85,1175.64,101452.0,1181.006449
2026-08-27T20:32:44.191,30,29,LLY260925C01225000,LLY,2026-09-25,call,1225.0,18.74,58.0,28.09,74.0,23.415,24.68,1.0,0.3153,0.3496,0.0035,-0.7058,1.2268,0.3079,2026-08-27,1182.51,1189.98,1171.85,1175.64,101452.0,1181.006449
2026-08-27T20:32:44.191,30,29,LLY260925C01230000,LLY,2026-09-25,call,1230.0,20.2,43.0,27.54,100.0,23.869999999999997,22.0,9.0,0.3318,0.3423,0.0033,-0.7342,1.2172,0.3007,2026-08-27,1182.51,1189.98,1171.85,1175.64,101452.0,1181.006449
2026-08-27T20:32:44.191,30,29,LLY260925C01235000,LLY,2026-09-25,call,1235.0,17.99,20.0,26.38,43.0,22.185,23.95,1.0,0.3302,0.3256,0.0033,-0.7157,1.1935,0.2865,2026-08-27,1182.51,1189.98,1171.85,1175.64,101452.0,1181.006449
2026-08-27T20:32:44.191,30,29,LLY260925C01240000,LLY,2026-09-25,call,1240.0,16.05,35.0,23.81,52.0,19.93,19.7,1.0,0.3231,0.3055,0.0033,-0.6811,1.1616,0.2695,2026-08-27,1182.51,1189.98,1171.85,1175.64,101452.0,1181.006449
2026-08-27T20:32:44.191,30,29,LLY260925C01245000,LLY,2026-09-25,call,1245.0,14.0,69.0,22.77,103.0,18.384999999999998,19.05,1.0,0.3212,0.2889,0.0032,-0.6593,1.1323,0.2553,2026-08-27,1182.51,1189.98,1171.85,1175.64,101452.0,1181.006449
2026-08-27T20:32:44.191,30,29,LLY260925C01250000,LLY,2026-09-25,call,1250.0,14.75,15.0,19.97,44.0,17.36,15.7,5.0,0.3233,0.2755,0.0031,-0.6475,1.1066,0.2435,2026-08-27,1182.51,1189.98,1171.85,1175.64,101452.0,1181.006449
2026-08-27T20:32:44.191,30,29,LLY260925C01255000,LLY,2026-09-25,call,1255.0,13.16,18.0,17.53,14.0,15.345,16.4,1.0,0.3156,0.2553,0.0031,-0.6079,1.0647,0.2263,2026-08-27,1182.51,1189.98,1171.85,1175.64,101452.0,1181.006449
2026-08-27T20:32:44.191,30,29,LLY260925C01260000,LLY,2026-09-25,call,1260.0,8.98,35.0,17.5,26.0,13.24,15.82,2.0,0.3058,0.2333,0.003,-0.5609,1.0142,0.2074,2026-08-27,1182.51,1189.98,1171.85,1175.64,101452.0,1181.006449
2026-08-27T20:32:44.191,30,29,LLY260925C01265000,LLY,2026-09-25,call,1265.0,11.88,17.0,15.88,80.0,13.88,13.0,1.0,0.3223,0.2328,0.0029,-0.5889,1.0129,0.2064,2026-08-27,1182.51,1189.98,1171.85,1175.64,101452.0,1181.006449
2026-08-27T20:32:44.191,30,29,LLY260925C01270000,LLY,2026-09-25,call,1270.0,10.26,17.0,15.88,53.0,13.07,13.4,1.0,0.3242,0.2212,0.0028,-0.5749,0.9842,0.1962,2026-08-27,1182.51,1189.98,1171.85,1175.64,101452.0,1181.006449
2026-08-27T20:32:44.191,30,29,LLY260925C01275000,LLY,2026-09-25,call,1275.0,7.26,52.0,15.23,34.0,11.245000000000001,12.87,1.0,0.3148,0.201,0.0027,-0.5276,0.9305,0.1788,2026-08-27,1182.51,1189.98,1171.85,1175.64,101452.0,1181.006449
2026-08-27T20:32:44.191,30,29,LLY260925C01280000,LLY,2026-09-25,call,1280.0,7.07,66.0,13.91,59.0,10.49,12.95,1.0,0.3159,0.1898,0.0026,-0.5108,0.8986,0.1689,2026-08-27,1182.51,1189.98,1171.85,1175.64,101452.0,1181.006449
2026-08-27T20:32:44.191,30,29,LLY260925C01285000,LLY,2026-09-25,call,1285.0,6.35,58.0,11.58,15.0,8.965,9.35,1.0,0.3075,0.171,0.0025,-0.4654,0.8417,0.1526,2026-08-27,1182.51,1189.98,1171.85,1175.64,101452.0,1181.006449
2026-08-27T20:32:44.191,30,29,LLY260925C01290000,LLY,2026-09-25,call,1290.0,3.36,32.0,14.48,32.0,8.92,11.68,1.0,0.3157,0.1669,0.0024,-0.4698,0.8285,0.1488,2026-08-27,1182.51,1189.98,1171.85,1175.64,101452.0,1181.006449
2026-08-27T20:32:44.191,30,29,LLY260925C01295000,LLY,2026-09-25,call,1295.0,6.82,28.0,10.48,69.0,8.65,11.05,20.0,0.3211,0.1607,0.0023,-0.4657,0.8085,0.1432,2026-08-27,1182.51,1189.98,1171.85,1175.64,101452.0,1181.006449
2026-08-27T20:32:44.191,30,29,LLY260925C01300000,LLY,2026-09-25,call,1300.0,7.06,1.0,9.91,63.0,8.485,8.6,1.0,0.3276,0.1558,0.0022,-0.465,0.7922,0.1388,2026-08-27,1182.51,1189.98,1171.85,1175.64,101452.0,1181.006449
2026-08-27T20:32:44.191,30,29,LLY260925C01305000,LLY,2026-09-25,call,1305.0,4.53,27.0,10.02,32.0,7.275,13.85,1.0,0.3201,0.14,0.0021,-0.4228,0.7375,0.125,2026-08-27,1182.51,1189.98,1171.85,1175.64,101452.0,1181.006449
2026-08-27T20:32:44.191,30,29,LLY260925C01310000,LLY,2026-09-25,call,1310.0,3.51,18.0,10.73,19.0,7.12,8.12,1.0,0.3261,0.1356,0.002,-0.4209,0.7215,0.121,2026-08-27,1182.51,1189.98,1171.85,1175.64,101452.0,1181.006449
2026-08-27T20:32:44.191,30,29,LLY260925C01315000,LLY,2026-09-25,call,1315.0,4.72,7.0,8.49,34.0,6.605,8.07,1.0,0.3268,0.1273,0.0019,-0.4035,0.6908,0.1136,2026-08-27,1182.51,1189.98,1171.85,1175.64,101452.0,1181.006449
2026-08-27T20:32:44.191,30,29,LLY260925C01320000,LLY,2026-09-25,call,1320.0,3.84,51.0,7.98,117.0,5.91,5.65,1.0,0.3242,0.1169,0.0018,-0.3768,0.6506,0.1045,2026-08-27,1182.51,1189.98,1171.85,1175.64,101452.0,1181.006449
2026-08-27T20:32:44.191,30,29,LLY260925C01325000,LLY,2026-09-25,call,1325.0,2.65,19.0,9.02,12.0,5.835,6.29,1.0,0.3306,0.1138,0.0018,-0.3768,0.6386,0.1017,2026-08-27,1182.51,1189.98,1171.85,1175.64,101452.0,1181.006449
2026-08-27T20:32:44.191,30,29,LLY260925C01330000,LLY,2026-09-25,call,1330.0,2.73,29.0,6.26,34.0,4.495,9.55,2.0,0.3157,0.0951,0.0016,-0.3157,0.5604,0.0852,2026-08-27,1182.51,1189.98,1171.85,1175.64,101452.0,1181.006449
2026-08-27T20:32:44.191,30,29,LLY260925C01335000,LLY,2026-09-25,call,1335.0,2.43,41.0,6.99,34.0,4.71,4.98,2.0,0.3267,0.0962,0.0016,-0.3292,0.5651,0.0861,2026-08-27,1182.51,1189.98,1171.85,1175.64,101452.0,1181.006449
2026-08-27T20:32:44.191,30,29,LLY260925C01340000,LLY,2026-09-25,call,1340.0,2.1,58.0,7.47,111.0,4.785,4.18,1.0,0.3351,0.0955,0.0015,-0.3355,0.562,0.0854,2026-08-27,1182.51,1189.98,1171.85,1175.64,101452.0,1181.006449
2026-08-27T20:32:44.191,30,29,LLY260925C01345000,LLY,2026-09-25,call,1345.0,2.24,23.0,6.16,58.0,4.2,3.75,1.0,0.3314,0.0863,0.0014,-0.3078,0.5217,0.0773,2026-08-27,1182.51,1189.98,1171.85,1175.64,101452.0,1181.006449
2026-08-27T20:32:44.191,30,29,LLY260925C01360000,LLY,2026-09-25,call,1360.0,0.93,38.0,10.25,118.0,5.59,3.45,1.0,0.3777,0.0988,0.0014,-0.3864,0.5763,0.0878,2026-08-27,1182.51,1189.98,1171.85,1175.64,101452.0,1181.006449
2026-08-27T20:32:44.191,30,29,LLY260925C01380000,LLY,2026-09-25,call,1380.0,0.0,0.0,3.52,17.0,1.76,5.55,1.0,,,,,,,2026-08-27,1182.51,1189.98,1171.85,1175.64,101452.0,1181.006449
2026-08-27T20:32:44.191,30,29,LLY260925C01400000,LLY,2026-09-25,call,1400.0,0.16,45.0,4.84,142.0,2.5,1.67,1.0,0.3625,0.0515,0.0009,-0.2244,0.3498,0.0461,2026-08-27,1182.51,1189.98,1171.85,1175.64,101452.0,1181.006449
2026-08-27T20:32:44.191,30,29,LLY260925C01420000,LLY,2026-09-25,call,1420.0,0.0,0.0,9.97,24.0,4.985,5.87,4.0,,,,,,,2026-08-27,1182.51,1189.98,1171.85,1175.64,101452.0,1181.006449
2026-08-27T20:32:44.191,30,29,LLY260925C01440000,LLY,2026-09-25,call,1440.0,0.0,0.0,2.09,26.0,1.045,1.96,1.0,,,,,,,2026-08-27,1182.51,1189.98,1171.85,1175.64,101452.0,1181.006449
2026-08-27T20:32:44.191,30,29,LLY260925C01460000,LLY,2026-09-25,call,1460.0,0.0,0.0,1.43,26.0,0.715,0.6,7.0,,,,,,,2026-08-27,1182.51,1189.98,1171.85,1175.64,101452.0,1181.006449
2026-08-27T20:32:44.191,30,29,LLY260925C01480000,LLY,2026-09-25,call,1480.0,0.0,0.0,1.52,26.0,0.76,0.29,1.0,,,,,,,2026-08-27,1182.51,1189.98,1171.85,1175.64,101452.0,1181.006449
2026-08-27T20:32:44.191,30,29,LLY260925C01500000,LLY,2026-09-25,call,1500.0,0.24,1.0,1.26,94.0,0.75,0.6,2.0,0.3914,0.0167,0.0003,-0.0947,0.1375,0.015,2026-08-27,1182.51,1189.98,1171.85,1175.64,101452.0,1181.006449
2026-08-27T20:32:44.191,30,29,LLY260925C01520000,LLY,2026-09-25,call,1520.0,0.0,0.0,0.9,40.0,0.45,0.82,1.0,,,,,,,2026-08-27,1182.51,1189.98,1171.85,1175.64,101452.0,1181.006449
2026-08-27T20:32:44.191,30,29,LLY260925C01540000,LLY,2026-09-25,call,1540.0,0.0,0.0,0.98,32.0,0.49,0.34,1.0,,,,,,,2026-08-27,1182.51,1189.98,1171.85,1175.64,101452.0,1181.006449
2026-08-27T20:32:44.191,30,29,LLY260925C01560000,LLY,2026-09-25,call,1560.0,0.03,1.0,0.26,5.0,0.14500000000000002,0.2,1.0,0.3671,0.004,0.0001,-0.0251,0.039,0.0036,2026-08-27,1182.51,1189.98,1171.85,1175.64,101452.0,1181.006449
2026-08-27T20:32:44.191,30,29,LLY260925C01580000,LLY,2026-09-25,call,1580.0,0.0,0.0,1.02,121.0,0.51,0.4,1.0,,,,,,,2026-08-27,1182.51,1189.98,1171.85,1175.64,101452.0,1181.006449
2026-08-27T20:32:44.191,30,29,LLY260925C01600000,LLY,2026-09-25,call,1600.0,0.0,0.0,0.43,69.0,0.215,0.19,5.0,,,,,,,2026-08-27,1182.51,1189.98,1171.85,1175.64,101452.0,1181.006449
2026-08-27T20:32:44.191,30,29,LLY260925C01620000,LLY,2026-09-25,call,1620.0,0.0,0.0,1.52,71.0,0.76,1.26,1.0,,,,,,,2026-08-27,1182.51,1189.98,1171.85,1175.64,101452.0,1181.006449
2026-08-27T20:32:44.191,30,29,LLY260925C01640000,LLY,2026-09-25,call,1640.0,0.0,0.0,0.77,99.0,0.385,0.34,20.0,,,,,,,2026-08-27,1182.51,1189.98,1171.85,1175.64,101452.0,1181.006449
2026-08-27T20:32:44.191,30,29,LLY260925P00610000,LLY,2026-09-25,put,610.0,0.0,0.0,17.25,3.0,8.625,0.07,1.0,,,,,,,2026-08-27,1182.51,1189.98,1171.85,1175.64,101452.0,1181.006449
2026-08-27T20:32:44.191,30,29,LLY260925P00620000,LLY,2026-09-25,put,620.0,0.0,0.0,16.78,3.0,8.39,0.03,1.0,,,,,,,2026-08-27,1182.51,1189.98,1171.85,1175.64,101452.0,1181.006449
2026-08-27T20:32:44.191,30,29,LLY260925P00630000,LLY,2026-09-25,put,630.0,0.0,0.0,10.18,2.0,5.09,0.25,1.0,,,,,,,2026-08-27,1182.51,1189.98,1171.85,1175.64,101452.0,1181.006449
2026-08-27T20:32:44.191,30,29,LLY260925P00640000,LLY,2026-09-25,put,640.0,0.0,0.0,10.14,1.0,5.07,0.05,1.0,,,,,,,2026-08-27,1182.51,1189.98,1171.85,1175.64,101452.0,1181.006449
2026-08-27T20:32:44.191,30,29,LLY260925P00650000,LLY,2026-09-25,put,650.0,0.0,0.0,14.93,8.0,7.465,0.05,1.0,,,,,,,2026-08-27,1182.51,1189.98,1171.85,1175.64,101452.0,1181.006449
2026-08-27T20:32:44.191,30,29,LLY260925P00660000,LLY,2026-09-25,put,660.0,0.0,0.0,10.23,10.0,5.115,0.05,1.0,,,,,,,2026-08-27,1182.51,1189.98,1171.85,1175.64,101452.0,1181.006449
2026-08-27T20:32:44.191,30,29,LLY260925P00670000,LLY,2026-09-25,put,670.0,0.0,0.0,10.0,6.0,5.0,0.15,1.0,,,,,,,2026-08-27,1182.51,1189.98,1171.85,1175.64,101452.0,1181.006449
2026-08-27T20:32:44.191,30,29,LLY260925P00680000,LLY,2026-09-25,put,680.0,0.0,0.0,9.96,8.0,4.98,0.02,10.0,,,,,,,2026-08-27,1182.51,1189.98,1171.85,1175.64,101452.0,1181.006449
2026-08-27T20:32:44.191,30,29,LLY260925P00690000,LLY,2026-09-25,put,690.0,0.0,0.0,10.0,5.0,5.0,0.13,15.0,,,,,,,2026-08-27,1182.51,1189.98,1171.85,1175.64,101452.0,1181.006449
2026-08-27T20:32:44.191,30,29,LLY260925P00700000,LLY,2026-09-25,put,700.0,0.0,0.0,9.93,35.0,4.965,0.35,24.0,,,,,,,2026-08-27,1182.51,1189.98,1171.85,1175.64,101452.0,1181.006449
2026-08-27T20:32:44.191,30,29,LLY260925P00710000,LLY,2026-09-25,put,710.0,0.0,0.0,10.23,2.0,5.115,0.35,3.0,,,,,,,2026-08-27,1182.51,1189.98,1171.85,1175.64,101452.0,1181.006449
2026-08-27T20:32:44.191,30,29,LLY260925P00720000,LLY,2026-09-25,put,720.0,0.0,0.0,9.9,6.0,4.95,0.11,10.0,,,,,,,2026-08-27,1182.51,1189.98,1171.85,1175.64,101452.0,1181.006449
2026-08-27T20:32:44.191,30,29,LLY260925P00730000,LLY,2026-09-25,put,730.0,0.0,0.0,9.94,7.0,4.97,0.11,6.0,,,,,,,2026-08-27,1182.51,1189.98,1171.85,1175.64,101452.0,1181.006449
2026-08-27T20:32:44.191,30,29,LLY260925P00740000,LLY,2026-09-25,put,740.0,0.0,0.0,10.12,32.0,5.06,0.23,1.0,,,,,,,2026-08-27,1182.51,1189.98,1171.85,1175.64,101452.0,1181.006449
2026-08-27T20:32:44.191,30,29,LLY260925P00750000,LLY,2026-09-25,put,750.0,0.0,0.0,10.15,6.0,5.075,,,,,,,,,2026-08-27,1182.51,1189.98,1171.85,1175.64,101452.0,1181.006449
2026-08-27T20:32:44.191,30,29,LLY260925P00760000,LLY,2026-09-25,put,760.0,0.0,0.0,8.57,1.0,4.285,0.16,8.0,,,,,,,2026-08-27,1182.51,1189.98,1171.85,1175.64,101452.0,1181.006449
2026-08-27T20:32:44.191,30,29,LLY260925P00770000,LLY,2026-09-25,put,770.0,0.0,0.0,10.17,38.0,5.085,0.09,1.0,,,,,,,2026-08-27,1182.51,1189.98,1171.85,1175.64,101452.0,1181.006449
2026-08-27T20:32:44.191,30,29,LLY260925P00780000,LLY,2026-09-25,put,780.0,0.0,0.0,5.8,97.0,2.9,2.84,50.0,,,,,,,2026-08-27,1182.51,1189.98,1171.85,1175.64,101452.0,1181.006449
2026-08-27T20:32:44.191,30,29,LLY260925P00785000,LLY,2026-09-25,put,785.0,0.0,0.0,9.27,44.0,4.635,,,,,,,,,2026-08-27,1182.51,1189.98,1171.85,1175.64,101452.0,1181.006449
2026-08-27T20:32:44.191,30,29,LLY260925P00790000,LLY,2026-09-25,put,790.0,0.0,0.0,2.84,35.0,1.42,1.55,30.0,,,,,,,2026-08-27,1182.51,1189.98,1171.85,1175.64,101452.0,1181.006449
2026-08-27T20:32:44.191,30,29,LLY260925P00795000,LLY,2026-09-25,put,795.0,0.0,0.0,10.02,35.0,5.01,0.17,3.0,,,,,,,2026-08-27,1182.51,1189.98,1171.85,1175.64,101452.0,1181.006449
2026-08-27T20:32:44.191,30,29,LLY260925P00800000,LLY,2026-09-25,put,800.0,0.0,0.0,0.78,11.0,0.39,0.42,9.0,,,,,,,2026-08-27,1182.51,1189.98,1171.85,1175.64,101452.0,1181.006449
2026-08-27T20:32:44.191,30,29,LLY260925P00805000,LLY,2026-09-25,put,805.0,0.0,0.0,9.84,46.0,4.92,,,,,,,,,2026-08-27,1182.51,1189.98,1171.85,1175.64,101452.0,1181.006449
2026-08-27T20:32:44.191,30,29,LLY260925P00810000,LLY,2026-09-25,put,810.0,0.0,0.0,8.39,39.0,4.195,,,,,,,,,2026-08-27,1182.51,1189.98,1171.85,1175.64,101452.0,1181.006449
2026-08-27T20:32:44.191,30,29,LLY260925P00815000,LLY,2026-09-25,put,815.0,0.0,0.0,8.02,116.0,4.01,5.07,40.0,,,,,,,2026-08-27,1182.51,1189.98,1171.85,1175.64,101452.0,1181.006449
2026-08-27T20:32:44.191,30,29,LLY260925P00820000,LLY,2026-09-25,put,820.0,0.0,0.0,1.25,21.0,0.625,0.36,3.0,,,,,,,2026-08-27,1182.51,1189.98,1171.85,1175.64,101452.0,1181.006449
2026-08-27T20:32:44.191,30,29,LLY260925P00825000,LLY,2026-09-25,put,825.0,0.0,0.0,8.68,9.0,4.34,,,,,,,,,2026-08-27,1182.51,1189.98,1171.85,1175.64,101452.0,1181.006449
2026-08-27T20:32:44.191,30,29,LLY260925P00830000,LLY,2026-09-25,put,830.0,0.0,0.0,10.36,42.0,5.18,0.35,1.0,,,,,,,2026-08-27,1182.51,1189.98,1171.85,1175.64,101452.0,1181.006449
2026-08-27T20:32:44.191,30,29,LLY260925P00835000,LLY,2026-09-25,put,835.0,0.0,0.0,10.07,5.0,5.035,0.11,2.0,,,,,,,2026-08-27,1182.51,1189.98,1171.85,1175.64,101452.0,1181.006449
2026-08-27T20:32:44.191,30,29,LLY260925P00840000,LLY,2026-09-25,put,840.0,0.0,0.0,1.09,3.0,0.545,,,,,,,,,2026-08-27,1182.51,1189.98,1171.85,1175.64,101452.0,1181.006449
2026-08-27T20:32:44.191,30,29,LLY260925P00845000,LLY,2026-09-25,put,845.0,0.0,0.0,6.95,25.0,3.475,0.28,4.0,,,,,,,2026-08-27,1182.51,1189.98,1171.85,1175.64,101452.0,1181.006449
2026-08-27T20:32:44.191,30,29,LLY260925P00850000,LLY,2026-09-25,put,850.0,0.0,0.0,8.67,5.0,4.335,0.5,1.0,,,,,,,2026-08-27,1182.51,1189.98,1171.85,1175.64,101452.0,1181.006449
2026-08-27T20:32:44.191,30,29,LLY260925P00855000,LLY,2026-09-25,put,855.0,0.0,0.0,10.05,9.0,5.025,0.27,4.0,,,,,,,2026-08-27,1182.51,1189.98,1171.85,1175.64,101452.0,1181.006449
2026-08-27T20:32:44.191,30,29,LLY260925P00860000,LLY,2026-09-25,put,860.0,0.0,0.0,1.65,3.0,0.825,,,,,,,,,2026-08-27,1182.51,1189.98,1171.85,1175.64,101452.0,1181.006449
2026-08-27T20:32:44.191,30,29,LLY260925P00865000,LLY,2026-09-25,put,865.0,0.0,0.0,10.32,10.0,5.16,9.95,3.0,,,,,,,2026-08-27,1182.51,1189.98,1171.85,1175.64,101452.0,1181.006449
2026-08-27T20:32:44.191,30,29,LLY260925P00870000,LLY,2026-09-25,put,870.0,0.0,0.0,9.99,14.0,4.995,,,,,,,,,2026-08-27,1182.51,1189.98,1171.85,1175.64,101452.0,1181.006449
2026-08-27T20:32:44.191,30,29,LLY260925P00875000,LLY,2026-09-25,put,875.0,0.0,0.0,3.11,42.0,1.555,3.73,4.0,,,,,,,2026-08-27,1182.51,1189.98,1171.85,1175.64,101452.0,1181.006449
2026-08-27T20:32:44.191,30,29,LLY260925P00880000,LLY,2026-09-25,put,880.0,0.0,0.0,2.0,3.0,1.0,2.88,1.0,,,,,,,2026-08-27,1182.51,1189.98,1171.85,1175.64,101452.0,1181.006449
2026-08-27T20:32:44.191,30,29,LLY260925P00885000,LLY,2026-09-25,put,885.0,0.0,0.0,8.68,35.0,4.34,,,,,,,,,2026-08-27,1182.51,1189.98,1171.85,1175.64,101452.0,1181.006449
2026-08-27T20:32:44.191,30,29,LLY260925P00890000,LLY,2026-09-25,put,890.0,0.0,0.0,2.27,70.0,1.135,1.04,1.0,,,,,,,2026-08-27,1182.51,1189.98,1171.85,1175.64,101452.0,1181.006449
2026-08-27T20:32:44.191,30,29,LLY260925P00895000,LLY,2026-09-25,put,895.0,0.0,0.0,8.119,65.0,4.0595,0.5,8.0,,,,,,,2026-08-27,1182.51,1189.98,1171.85,1175.64,101452.0,1181.006449
2026-08-27T20:32:44.191,30,29,LLY260925P00900000,LLY,2026-09-25,put,900.0,0.14,36.0,2.4,42.0,1.27,0.46,1.0,0.4849,-0.0205,0.0003,-0.1343,0.1637,-0.0201,2026-08-27,1182.51,1189.98,1171.85,1175.64,101452.0,1181.006449
2026-08-27T20:32:44.191,30,29,LLY260925P00905000,LLY,2026-09-25,put,905.0,0.0,0.0,10.24,20.0,5.12,0.63,12.0,,,,,,,2026-08-27,1182.51,1189.98,1171.85,1175.64,101452.0,1181.006449
2026-08-27T20:32:44.191,30,29,LLY260925P00910000,LLY,2026-09-25,put,910.0,0.05,1.0,1.02,1.0,0.535,0.68,1.0,0.4118,-0.011,0.0002,-0.0669,0.0962,-0.0107,2026-08-27,1182.51,1189.98,1171.85,1175.64,101452.0,1181.006449
2026-08-27T20:32:44.191,30,29,LLY260925P00915000,LLY,2026-09-25,put,915.0,0.05,63.0,2.59,121.0,1.3199999999999998,0.72,47.0,0.4621,-0.0222,0.0003,-0.1367,0.175,-0.0217,2026-08-27,1182.51,1189.98,1171.85,1175.64,101452.0,1181.006449
2026-08-27T20:32:44.191,30,29,LLY260925P00920000,LLY,2026-09-25,put,920.0,0.0,0.0,9.81,40.0,4.905,0.7,4.0,,,,,,,2026-08-27,1182.51,1189.98,1171.85,1175.64,101452.0,1181.006449
2026-08-27T20:32:44.191,30,29,LLY260925P00925000,LLY,2026-09-25,put,925.0,0.0,0.0,9.9,13.0,4.95,0.66,4.0,,,,,,,2026-08-27,1182.51,1189.98,1171.85,1175.64,101452.0,1181.006449
2026-08-27T20:32:44.191,30,29,LLY260925P00930000,LLY,2026-09-25,put,930.0,0.0,0.0,9.9,13.0,4.95,2.43,1.0,,,,,,,2026-08-27,1182.51,1189.98,1171.85,1175.64,101452.0,1181.006449
2026-08-27T20:32:44.191,30,29,LLY260925P00935000,LLY,2026-09-25,put,935.0,0.0,0.0,9.55,3.0,4.775,0.91,2.0,,,,,,,2026-08-27,1182.51,1189.98,1171.85,1175.64,101452.0,1181.006449
2026-08-27T20:32:44.191,30,29,LLY260925P00940000,LLY,2026-09-25,put,940.0,0.21,8.0,3.68,72.0,1.945,0.61,1.0,0.4491,-0.032,0.0005,-0.18,0.2376,-0.0314,2026-08-27,1182.51,1189.98,1171.85,1175.64,101452.0,1181.006449
2026-08-27T20:32:44.191,30,29,LLY260925P00945000,LLY,2026-09-25,put,945.0,0.0,0.0,3.23,21.0,1.615,5.06,1.0,,,,,,,2026-08-27,1182.51,1189.98,1171.85,1175.64,101452.0,1181.006449
2026-08-27T20:32:44.191,30,29,LLY260925P00950000,LLY,2026-09-25,put,950.0,0.27,30.0,3.18,43.0,1.725,1.25,1.0,0.4222,-0.0305,0.0005,-0.1624,0.2283,-0.0298,2026-08-27,1182.51,1189.98,1171.85,1175.64,101452.0,1181.006449
2026-08-27T20:32:44.191,30,29,LLY260925P00955000,LLY,2026-09-25,put,955.0,0.0,0.0,4.71,34.0,2.355,1.82,1.0,,,,,,,2026-08-27,1182.51,1189.98,1171.85,1175.64,101452.0,1181.006449
2026-08-27T20:32:44.191,30,29,LLY260925P00960000,LLY,2026-09-25,put,960.0,0.44,57.0,3.52,64.0,1.98,1.32,1.0,0.4153,-0.0349,0.0006,-0.1784,0.2552,-0.0341,2026-08-27,1182.51,1189.98,1171.85,1175.64,101452.0,1181.006449
2026-08-27T20:32:44.191,30,29,LLY260925P00965000,LLY,2026-09-25,put,965.0,0.77,25.0,5.9,30.0,3.335,4.75,3.0,0.4513,-0.0507,0.0007,-0.2626,0.3456,-0.05,2026-08-27,1182.51,1189.98,1171.85,1175.64,101452.0,1181.006449
2026-08-27T20:32:44.191,30,29,LLY260925P00970000,LLY,2026-09-25,put,970.0,0.44,29.0,3.93,20.0,2.185,2.65,1.0,0.4054,-0.0388,0.0006,-0.1899,0.2786,-0.038,2026-08-27,1182.51,1189.98,1171.85,1175.64,101452.0,1181.006449
2026-08-27T20:32:44.191,30,29,LLY260925P00975000,LLY,2026-09-25,put,975.0,0.0,0.0,10.02,25.0,5.01,2.14,13.0,,,,,,,2026-08-27,1182.51,1189.98,1171.85,1175.64,101452.0,1181.006449
2026-08-27T20:32:44.191,30,29,LLY260925P00980000,LLY,2026-09-25,put,980.0,0.66,27.0,8.91,52.0,4.785,1.87,1.0,0.4595,-0.0678,0.0009,-0.3356,0.4343,-0.0672,2026-08-27,1182.51,1189.98,1171.85,1175.64,101452.0,1181.006449
2026-08-27T20:32:44.191,30,29,LLY260925P00985000,LLY,2026-09-25,put,985.0,0.0,0.0,5.09,17.0,2.545,1.62,1.0,,,,,,,2026-08-27,1182.51,1189.98,1171.85,1175.64,101452.0,1181.006449
2026-08-27T20:32:44.191,30,29,LLY260925P00990000,LLY,2026-09-25,put,990.0,1.33,27.0,4.54,34.0,2.935,1.9,1.0,0.3933,-0.0514,0.0008,-0.2306,0.3495,-0.0504,2026-08-27,1182.51,1189.98,1171.85,1175.64,101452.0,1181.006449
2026-08-27T20:32:44.191,30,29,LLY260925P00995000,LLY,2026-09-25,put,995.0,0.0,0.0,11.67,66.0,5.835,2.2,1.0,,,,,,,2026-08-27,1182.51,1189.98,1171.85,1175.64,101452.0,1181.006449
2026-08-27T20:32:44.191,30,29,LLY260925P01000000,LLY,2026-09-25,put,1000.0,1.47,25.0,4.98,1.0,3.225,3.27,2.0,0.3829,-0.0571,0.0009,-0.2435,0.3796,-0.0559,2026-08-27,1182.51,1189.98,1171.85,1175.64,101452.0,1181.006449
2026-08-27T20:32:44.191,30,29,LLY260925P01005000,LLY,2026-09-25,put,1005.0,0.0,0.0,6.58,2.0,3.29,7.89,2.0,,,,,,,2026-08-27,1182.51,1189.98,1171.85,1175.64,101452.0,1181.006449
2026-08-27T20:32:44.191,30,29,LLY260925P01010000,LLY,2026-09-25,put,1010.0,1.18,52.0,5.66,51.0,3.42,3.77,2.0,0.3693,-0.062,0.001,-0.2501,0.4048,-0.0606,2026-08-27,1182.51,1189.98,1171.85,1175.64,101452.0,1181.006449
2026-08-27T20:32:44.191,30,29,LLY260925P01015000,LLY,2026-09-25,put,1015.0,1.28,42.0,8.039,39.0,4.6594999999999995,3.89,3.0,0.3877,-0.0771,0.0011,-0.3106,0.4789,-0.0757,2026-08-27,1182.51,1189.98,1171.85,1175.64,101452.0,1181.006449
2026-08-27T20:32:44.191,30,29,LLY260925P01020000,LLY,2026-09-25,put,1020.0,2.029,35.0,6.41,25.0,4.2195,1.82,1.0,0.3687,-0.0741,0.0011,-0.2863,0.4648,-0.0726,2026-08-27,1182.51,1189.98,1171.85,1175.64,101452.0,1181.006449
2026-08-27T20:32:44.191,30,29,LLY260925P01025000,LLY,2026-09-25,put,1025.0,0.0,0.0,7.61,6.0,3.805,2.04,1.0,,,,,,,2026-08-27,1182.51,1189.98,1171.85,1175.64,101452.0,1181.006449
2026-08-27T20:32:44.191,30,29,LLY260925P01030000,LLY,2026-09-25,put,1030.0,2.83,47.0,7.03,49.0,4.93,4.72,1.0,0.3636,-0.0855,0.0013,-0.314,0.5177,-0.0837,2026-08-27,1182.51,1189.98,1171.85,1175.64,101452.0,1181.006449
2026-08-27T20:32:44.191,30,29,LLY260925P01035000,LLY,2026-09-25,put,1035.0,0.35,38.0,12.22,41.0,6.285,6.31,2.0,0.3781,-0.1011,0.0014,-0.3695,0.586,-0.0994,2026-08-27,1182.51,1189.98,1171.85,1175.64,101452.0,1181.006449
2026-08-27T20:32:44.191,30,29,LLY260925P01040000,LLY,2026-09-25,put,1040.0,3.71,39.0,8.2,47.0,5.955,5.1,1.0,0.3622,-0.1003,0.0015,-0.3515,0.5829,-0.0984,2026-08-27,1182.51,1189.98,1171.85,1175.64,101452.0,1181.006449
2026-08-27T20:32:44.191,30,29,LLY260925P01045000,LLY,2026-09-25,put,1045.0,1.68,20.0,7.84,25.0,4.76,6.38,1.0,0.3309,-0.0901,0.0015,-0.2961,0.5385,-0.0879,2026-08-27,1182.51,1189.98,1171.85,1175.64,101452.0,1181.006449
2026-08-27T20:32:44.191,30,29,LLY260925P01050000,LLY,2026-09-25,put,1050.0,3.13,59.0,9.21,76.0,6.17,6.0,1.0,0.3453,-0.1076,0.0016,-0.3518,0.6134,-0.1054,2026-08-27,1182.51,1189.98,1171.85,1175.64,101452.0,1181.006449
2026-08-27T20:32:44.191,30,29,LLY260925P01055000,LLY,2026-09-25,put,1055.0,2.5,57.0,11.32,52.0,6.91,6.12,1.0,0.3465,-0.1177,0.0017,-0.3761,0.6539,-0.1154,2026-08-27,1182.51,1189.98,1171.85,1175.64,101452.0,1181.006449
2026-08-27T20:32:44.191,30,29,LLY260925P01060000,LLY,2026-09-25,put,1060.0,4.78,49.0,10.93,91.0,7.855,7.96,1.0,0.3498,-0.1296,0.0018,-0.4058,0.6995,-0.1273,2026-08-27,1182.51,1189.98,1171.85,1175.64,101452.0,1181.006449
2026-08-27T20:32:44.191,30,29,LLY260925P01065000,LLY,2026-09-25,put,1065.0,3.73,35.0,13.13,44.0,8.43,6.1,1.0,0.347,-0.1382,0.0019,-0.4201,0.7309,-0.1357,2026-08-27,1182.51,1189.98,1171.85,1175.64,101452.0,1181.006449
2026-08-27T20:32:44.191,30,29,LLY260925P01070000,LLY,2026-09-25,put,1070.0,6.02,49.0,11.08,49.0,8.55,8.64,1.0,0.3376,-0.143,0.002,-0.4178,0.7482,-0.1404,2026-08-27,1182.51,1189.98,1171.85,1175.64,101452.0,1181.006449
2026-08-27T20:32:44.191,30,29,LLY260925P01075000,LLY,2026-09-25,put,1075.0,6.2,26.0,15.43,28.0,10.815,8.63,1.0,0.3551,-0.1654,0.0021,-0.4837,0.8237,-0.163,2026-08-27,1182.51,1189.98,1171.85,1175.64,101452.0,1181.006449
2026-08-27T20:32:44.191,30,29,LLY260925P01080000,LLY,2026-09-25,put,1080.0,6.07,69.0,14.26,79.0,10.165,10.35,3.0,0.3356,-0.165,0.0022,-0.4554,0.8224,-0.1622,2026-08-27,1182.51,1189.98,1171.85,1175.64,101452.0,1181.006449
2026-08-27T20:32:44.191,30,29,LLY260925P01085000,LLY,2026-09-25,put,1085.0,8.57,52.0,16.39,80.0,12.48,11.15,2.0,0.3509,-0.1869,0.0023,-0.5152,0.8901,-0.1845,2026-08-27,1182.51,1189.98,1171.85,1175.64,101452.0,1181.006449
2026-08-27T20:32:44.191,30,29,LLY260925P01090000,LLY,2026-09-25,put,1090.0,10.73,14.0,16.8,69.0,13.765,9.45,3.0,0.3528,-0.2008,0.0024,-0.5406,0.9299,-0.1985,2026-08-27,1182.51,1189.98,1171.85,1175.64,101452.0,1181.006449
2026-08-27T20:32:44.191,30,29,LLY260925P01095000,LLY,2026-09-25,put,1095.0,12.14,18.0,15.38,62.0,13.760000000000002,12.85,3.0,0.3404,-0.2066,0.0025,-0.5294,0.9459,-0.2039,2026-08-27,1182.51,1189.98,1171.85,1175.64,101452.0,1181.006449
2026-08-27T20:32:44.191,30,29,LLY260925P01100000,LLY,2026-09-25,put,1100.0,12.2,49.0,15.96,49.0,14.08,15.0,1.0,0.3313,-0.215,0.0027,-0.5263,0.9682,-0.212,2026-08-27,1182.51,1189.98,1171.85,1175.64,101452.0,1181.006449
2026-08-27T20:32:44.191,30,29,LLY260925P01105000,LLY,2026-09-25,put,1105.0,12.19,18.0,18.67,21.0,15.43,12.35,4.0,0.3323,-0.23,0.0028,-0.5478,1.0062,-0.2271,2026-08-27,1182.51,1189.98,1171.85,1175.64,101452.0,1181.006449
2026-08-27T20:32:44.191,30,29,LLY260925P01110000,LLY,2026-09-25,put,1110.0,12.62,30.0,21.94,24.0,17.28,13.41,3.0,0.3372,-0.2477,0.0028,-0.5783,1.0478,-0.2451,2026-08-27,1182.51,1189.98,1171.85,1175.64,101452.0,1181.006449
2026-08-27T20:32:44.191,30,29,LLY260925P01115000,LLY,2026-09-25,put,1115.0,16.34,8.0,20.77,44.0,18.555,15.95,3.0,0.3358,-0.2621,0.0029,-0.5921,1.0793,-0.2596,2026-08-27,1182.51,1189.98,1171.85,1175.64,101452.0,1181.006449
2026-08-27T20:32:44.191,30,29,LLY260925P01120000,LLY,2026-09-25,put,1120.0,17.45,16.0,23.14,77.0,20.295,16.75,1.0,0.3379,-0.2788,0.003,-0.6136,1.1131,-0.2765,2026-08-27,1182.51,1189.98,1171.85,1175.64,101452.0,1181.006449
2026-08-27T20:32:44.191,30,29,LLY260925P01125000,LLY,2026-09-25,put,1125.0,16.79,60.0,24.62,98.0,20.705,21.2,1.0,0.3275,-0.2898,0.0032,-0.604,1.1339,-0.2872,2026-08-27,1182.51,1189.98,1171.85,1175.64,101452.0,1181.006449
2026-08-27T20:32:44.191,30,29,LLY260925P01130000,LLY,2026-09-25,put,1130.0,20.25,26.0,26.9,98.0,23.575,22.97,1.0,0.338,-0.311,0.0032,-0.6431,1.1706,-0.3092,2026-08-27,1182.51,1189.98,1171.85,1175.64,101452.0,1181.006449
2026-08-27T20:32:44.191,30,29,LLY260925P01135000,LLY,2026-09-25,put,1135.0,19.09,75.0,26.71,29.0,22.9,24.55,1.0,0.3175,-0.3193,0.0034,-0.6081,1.1839,-0.3164,2026-08-27,1182.51,1189.98,1171.85,1175.64,101452.0,1181.006449
2026-08-27T20:32:44.191,30,29,LLY260925P01140000,LLY,2026-09-25,put,1140.0,23.19,15.0,31.52,89.0,27.355,19.19,1.0,0.3393,-0.3448,0.0033,-0.6706,1.2206,-0.3438,2026-08-27,1182.51,1189.98,1171.85,1175.64,101452.0,1181.006449
2026-08-27T20:32:44.191,30,29,LLY260925P01145000,LLY,2026-09-25,put,1145.0,22.89,41.0,32.75,20.0,27.82,22.91,1.0,0.3274,-0.3583,0.0034,-0.6536,1.2376,-0.3567,2026-08-27,1182.51,1189.98,1171.85,1175.64,101452.0,1181.006449
2026-08-27T20:32:44.191,30,29,LLY260925P01150000,LLY,2026-09-25,put,1150.0,25.07,86.0,33.0,100.0,29.035,30.5,11.0,0.3211,-0.3744,0.0036,-0.6482,1.2558,-0.3727,2026-08-27,1182.51,1189.98,1171.85,1175.64,101452.0,1181.006449
2026-08-27T20:32:44.191,30,29,LLY260925P01155000,LLY,2026-09-25,put,1155.0,27.25,27.0,36.51,64.0,31.88,26.13,28.0,0.3271,-0.3939,0.0036,-0.6693,1.2749,-0.3933,2026-08-27,1182.51,1189.98,1171.85,1175.64,101452.0,1181.006449
2026-08-27T20:32:44.191,30,29,LLY260925P01160000,LLY,2026-09-25,put,1160.0,29.63,43.0,38.83,84.0,34.23,30.5,1.0,0.3283,-0.4123,0.0036,-0.678,1.2898,-0.4123,2026-08-27,1182.51,1189.98,1171.85,1175.64,101452.0,1181.006449
2026-08-27T20:32:44.191,30,29,LLY260925P01165000,LLY,2026-09-25,put,1165.0,33.59,12.0,40.72,95.0,37.155,36.75,1.0,0.3332,-0.4309,0.0036,-0.6936,1.3021,-0.432,2026-08-27,1182.51,1189.98,1171.85,1175.64,101452.0,1181.006449
2026-08-27T20:32:44.191,30,29,LLY260925P01170000,LLY,2026-09-25,put,1170.0,32.5,73.0,42.56,70.0,37.53,39.2,5.0,0.318,-0.4482,0.0038,-0.6619,1.3108,-0.4485,2026-08-27,1182.51,1189.98,1171.85,1175.64,101452.0,1181.006449
2026-08-27T20:32:44.191,30,29,LLY260925P01175000,LLY,2026-09-25,put,1175.0,38.17,23.0,45.1,67.0,41.635000000000005,34.88,1.0,0.3304,-0.467,0.0036,-0.6913,1.3174,-0.4692,2026-08-27,1182.51,1189.98,1171.85,1175.64,101452.0,1181.006449
2026-08-27T20:32:44.191,30,29,LLY260925P01180000,LLY,2026-09-25,put,1180.0,41.2,8.0,47.68,56.0,44.44,43.44,5.0,0.3323,-0.485,0.0036,-0.6952,1.321,-0.4883,2026-08-27,1182.51,1189.98,1171.85,1175.64,101452.0,1181.006449
2026-08-27T20:32:44.191,30,29,LLY260925P01185000,LLY,2026-09-25,put,1185.0,41.27,41.0,50.96,52.0,46.115,37.85,1.0,0.3249,-0.5039,0.0037,-0.6765,1.3219,-0.5073,2026-08-27,1182.51,1189.98,1171.85,1175.64,101452.0,1181.006449
2026-08-27T20:32:44.191,30,29,LLY260925P01190000,LLY,2026-09-25,put,1190.0,43.07,67.0,53.43,57.0,48.25,44.8,1.0,0.3204,-0.5231,0.0038,-0.6624,1.3197,-0.5269,2026-08-27,1182.51,1189.98,1171.85,1175.64,101452.0,1181.006449
2026-08-27T20:32:44.191,30,29,LLY260925P01195000,LLY,2026-09-25,put,1195.0,48.81,22.0,57.31,49.0,53.06,45.09,1.0,0.3354,-0.538,0.0036,-0.6922,1.3159,-0.5447,2026-08-27,1182.51,1189.98,1171.85,1175.64,101452.0,1181.006449
2026-08-27T20:32:44.191,30,29,LLY260925P01200000,LLY,2026-09-25,put,1200.0,49.24,34.0,57.47,34.0,53.355000000000004,44.06,1.0,0.3154,-0.5613,0.0038,-0.6388,1.3063,-0.5667,2026-08-27,1182.51,1189.98,1171.85,1175.64,101452.0,1181.006449
2026-08-27T20:32:44.191,30,29,LLY260925P01205000,LLY,2026-09-25,put,1205.0,54.18,26.0,61.55,46.0,57.864999999999995,49.4,1.0,0.3269,-0.5756,0.0036,-0.658,1.2981,-0.5836,2026-08-27,1182.51,1189.98,1171.85,1175.64,101452.0,1181.006449
2026-08-27T20:32:44.191,30,29,LLY260925P01210000,LLY,2026-09-25,put,1210.0,53.93,23.0,65.44,19.0,59.685,49.35,1.0,0.317,-0.5971,0.0037,-0.6246,1.2826,-0.6051,2026-08-27,1182.51,1189.98,1171.85,1175.64,101452.0,1181.006449
2026-08-27T20:32:44.191,30,29,LLY260925P01215000,LLY,2026-09-25,put,1215.0,61.11,33.0,66.93,39.0,64.02000000000001,55.05,28.0,0.326,-0.6108,0.0035,-0.6358,1.2706,-0.6214,2026-08-27,1182.51,1189.98,1171.85,1175.64,101452.0,1181.006449
2026-08-27T20:32:44.191,30,29,LLY260925P01220000,LLY,2026-09-25,put,1220.0,61.28,41.0,72.43,25.0,66.855,56.98,1.0,0.3227,-0.6295,0.0035,-0.6153,1.2517,-0.6411,2026-08-27,1182.51,1189.98,1171.85,1175.64,101452.0,1181.006449
2026-08-27T20:32:44.191,30,29,LLY260925P01225000,LLY,2026-09-25,put,1225.0,63.68,40.0,74.4,34.0,69.04,65.85,2.0,0.3132,-0.6516,0.0036,-0.5779,1.2253,-0.6634,2026-08-27,1182.51,1189.98,1171.85,1175.64,101452.0,1181.006449
2026-08-27T20:32:44.191,30,29,LLY260925P01230000,LLY,2026-09-25,put,1230.0,69.2,24.0,76.71,25.0,72.955,62.38,2.0,0.3171,-0.6661,0.0035,-0.5731,1.2056,-0.6801,2026-08-27,1182.51,1189.98,1171.85,1175.64,101452.0,1181.006449
2026-08-27T20:32:44.191,30,29,LLY260925P01235000,LLY,2026-09-25,put,1235.0,72.98,20.0,80.71,26.0,76.845,65.05,2.0,0.3202,-0.6805,0.0034,-0.5658,1.1842,-0.6967,2026-08-27,1182.51,1189.98,1171.85,1175.64,101452.0,1181.006449
2026-08-27T20:32:44.191,30,29,LLY260925P01240000,LLY,2026-09-25,put,1240.0,75.46,12.0,83.61,26.0,79.535,70.57,1.0,0.3124,-0.7016,0.0034,-0.5284,1.1494,-0.7185,2026-08-27,1182.51,1189.98,1171.85,1175.64,101452.0,1181.006449
2026-08-27T20:32:44.191,30,29,LLY260925P01245000,LLY,2026-09-25,put,1245.0,81.97,13.0,89.71,41.0,85.84,81.4,1.0,0.3355,-0.7015,0.0031,-0.5735,1.1494,-0.7234,2026-08-27,1182.51,1189.98,1171.85,1175.64,101452.0,1181.006449
2026-08-27T20:32:44.191,30,29,LLY260925P01250000,LLY,2026-09-25,put,1250.0,81.85,24.0,92.69,23.0,87.27,75.95,1.0,0.3151,-0.7304,0.0032,-0.4999,1.0948,-0.7516,2026-08-27,1182.51,1189.98,1171.85,1175.64,101452.0,1181.006449
2026-08-27T20:32:44.191,30,29,LLY260925P01255000,LLY,2026-09-25,put,1255.0,84.28,18.0,95.8,11.0,90.03999999999999,81.2,1.0,0.3052,-0.7528,0.0031,-0.4529,1.0467,-0.7747,2026-08-27,1182.51,1189.98,1171.85,1175.64,101452.0,1181.006449
2026-08-27T20:32:44.191,30,29,LLY260925P01260000,LLY,2026-09-25,put,1260.0,89.18,12.0,100.77,11.0,94.975,54.19,1.0,0.3151,-0.7592,0.003,-0.4616,1.032,-0.7846,2026-08-27,1182.51,1189.98,1171.85,1175.64,101452.0,1181.006449
2026-08-27T20:32:44.191,30,29,LLY260925P01265000,LLY,2026-09-25,put,1265.0,92.12,12.0,103.1,10.0,97.61,72.35,1.0,0.3018,-0.7839,0.0029,-0.4031,0.9712,-0.8097,2026-08-27,1182.51,1189.98,1171.85,1175.64,101452.0,1181.006449
2026-08-27T20:32:44.191,30,29,LLY260925P01270000,LLY,2026-09-25,put,1270.0,98.68,11.0,105.64,12.0,102.16,59.1,1.0,0.307,-0.7928,0.0028,-0.3978,0.9475,-0.8216,2026-08-27,1182.51,1189.98,1171.85,1175.64,101452.0,1181.006449
2026-08-27T20:32:44.191,30,29,LLY260925P01275000,LLY,2026-09-25,put,1275.0,103.61,12.0,111.64,9.0,107.625,53.3,1.0,0.3217,-0.7934,0.0027,-0.4202,0.9459,-0.8265,2026-08-27,1182.51,1189.98,1171.85,1175.64,101452.0,1181.006449
2026-08-27T20:32:44.191,30,29,LLY260925P01280000,LLY,2026-09-25,put,1280.0,108.85,15.0,114.55,11.0,111.69999999999999,99.52,1.0,0.3213,-0.8058,0.0026,-0.3987,0.9114,-0.8413,2026-08-27,1182.51,1189.98,1171.85,1175.64,101452.0,1181.006449
2026-08-27T20:32:44.191,30,29,LLY260925P01285000,LLY,2026-09-25,put,1285.0,109.11,16.0,122.68,16.0,115.89500000000001,107.75,1.0,0.3217,-0.8171,0.0025,-0.3791,0.8783,-0.8552,2026-08-27,1182.51,1189.98,1171.85,1175.64,101452.0,1181.006449
2026-08-27T20:32:44.191,30,29,LLY260925P01290000,LLY,2026-09-25,put,1290.0,113.2,34.0,123.47,33.0,118.33500000000001,111.45,1.0,0.2999,-0.8467,0.0024,-0.2936,0.7839,-0.8848,2026-08-27,1182.51,1189.98,1171.85,1175.64,101452.0,1181.006449
2026-08-27T20:32:44.191,30,29,LLY260925P01295000,LLY,2026-09-25,put,1295.0,121.79,18.0,133.75,18.0,127.77000000000001,66.05,1.0,0.3612,-0.8081,0.0023,-0.4553,0.9047,-0.8563,2026-08-27,1182.51,1189.98,1171.85,1175.64,101452.0,1181.006449
2026-08-27T20:32:44.191,30,29,LLY260925P01300000,LLY,2026-09-25,put,1300.0,124.26,19.0,134.74,42.0,129.5,130.0,1.0,0.332,-0.8407,0.0022,-0.3481,0.804,-0.8881,2026-08-27,1182.51,1189.98,1171.85,1175.64,101452.0,1181.006449
2026-08-27T20:32:44.191,30,29,LLY260925P01305000,LLY,2026-09-25,put,1305.0,129.91,41.0,136.22,41.0,133.065,124.35,1.0,0.322,-0.8585,0.0021,-0.2979,0.7431,-0.9075,2026-08-27,1182.51,1189.98,1171.85,1175.64,101452.0,1181.006449
2026-08-27T20:32:44.191,30,29,LLY260925P01310000,LLY,2026-09-25,put,1310.0,132.29,12.0,144.13,12.0,138.20999999999998,75.91,2.0,0.3323,-0.8595,0.002,-0.3084,0.7394,-0.9126,2026-08-27,1182.51,1189.98,1171.85,1175.64,101452.0,1181.006449
2026-08-27T20:32:44.191,30,29,LLY260925P01315000,LLY,2026-09-25,put,1315.0,136.59,31.0,147.79,10.0,142.19,,,0.3263,-0.8731,0.0019,-0.2705,0.6893,-0.9285,2026-08-27,1182.51,1189.98,1171.85,1175.64,101452.0,1181.006449
2026-08-27T20:32:44.191,30,29,LLY260925P01320000,LLY,2026-09-25,put,1320.0,144.22,2.0,147.34,1.0,145.78,129.45,1.0,0.3125,-0.8922,0.0018,-0.211,0.6141,-0.9492,2026-08-27,1182.51,1189.98,1171.85,1175.64,101452.0,1181.006449
2026-08-27T20:32:44.191,30,29,LLY260925P01325000,LLY,2026-09-25,put,1325.0,144.71,8.0,155.84,7.0,150.275,88.6,4.0,0.3117,-0.9006,0.0017,-0.1899,0.5791,-0.9605,2026-08-27,1182.51,1189.98,1171.85,1175.64,101452.0,1181.006449
2026-08-27T20:32:44.191,30,29,LLY260925P01330000,LLY,2026-09-25,put,1330.0,153.28,10.0,163.55,10.0,158.41500000000002,,,0.3679,-0.8666,0.0018,-0.3346,0.7137,-0.9352,2026-08-27,1182.51,1189.98,1171.85,1175.64,101452.0,1181.006449
2026-08-27T20:32:44.191,30,29,LLY260925P01335000,LLY,2026-09-25,put,1335.0,156.52,8.0,164.57,7.0,160.54500000000002,,,0.3314,-0.9003,0.0016,-0.2092,0.5801,-0.9685,2026-08-27,1182.51,1189.98,1171.85,1175.64,101452.0,1181.006449
2026-08-27T20:32:44.191,30,29,LLY260925P01340000,LLY,2026-09-25,put,1340.0,160.09,24.0,168.74,7.0,164.41500000000002,98.3,1.0,0.318,-0.9167,0.0015,-0.1538,0.5078,-0.9868,2026-08-27,1182.51,1189.98,1171.85,1175.64,101452.0,1181.006449
2026-08-27T20:32:44.191,30,29,LLY260925P01345000,LLY,2026-09-25,put,1345.0,166.5,10.0,175.51,10.0,171.005,,,0.3543,-0.8978,0.0015,-0.2377,0.5906,-0.9745,2026-08-27,1182.51,1189.98,1171.85,1175.64,101452.0,1181.006449
2026-08-27T20:32:44.191,30,29,LLY260925P01360000,LLY,2026-09-25,put,1360.0,181.76,10.0,195.18,10.0,188.47,97.25,1.0,0.4158,-0.877,0.0015,-0.3613,0.6746,-0.9688,2026-08-27,1182.51,1189.98,1171.85,1175.64,101452.0,1181.006449
2026-08-27T20:32:44.191,30,29,LLY260925P01380000,LLY,2026-09-25,put,1380.0,201.5,2.0,214.86,2.0,208.18,170.8,1.0,0.4415,-0.8855,0.0013,-0.3629,0.6413,-0.9924,2026-08-27,1182.51,1189.98,1171.85,1175.64,101452.0,1181.006449
2026-08-27T20:32:44.191,30,29,LLY260925P01400000,LLY,2026-09-25,put,1400.0,216.53,2.0,234.55,2.0,225.54000000000002,132.83,1.0,0.4242,-0.9158,0.0011,-0.2439,0.5121,-1.0345,2026-08-27,1182.51,1189.98,1171.85,1175.64,101452.0,1181.006449
2026-08-27T20:32:44.191,30,29,LLY260925P01420000,LLY,2026-09-25,put,1420.0,233.69,2.0,248.87,2.0,241.28,207.33,5.0,0.3272,-0.9756,0.0005,0.0322,0.1897,-1.1029,2026-08-27,1182.51,1189.98,1171.85,1175.64,101452.0,1181.006449
2026-08-27T20:32:44.191,30,29,LLY260925P01440000,LLY,2026-09-25,put,1440.0,260.26,2.0,271.1,2.0,265.68,248.65,1.0,0.4804,-0.9206,0.0009,-0.2704,0.4897,-1.0709,2026-08-27,1182.51,1189.98,1171.85,1175.64,101452.0,1181.006449
2026-08-27T20:32:44.191,30,29,LLY260925P01460000,LLY,2026-09-25,put,1460.0,274.09,2.0,289.36,2.0,281.725,240.35,1.0,0.395,-0.9689,0.0005,-0.0159,0.2326,-1.1288,2026-08-27,1182.51,1189.98,1171.85,1175.64,101452.0,1181.006449
2026-08-27T20:32:44.191,30,29,LLY260925P01480000,LLY,2026-09-25,put,1480.0,302.31,2.0,318.7,1.0,310.505,,,0.619,-0.888,0.0009,-0.5378,0.6312,-1.0761,2026-08-27,1182.51,1189.98,1171.85,1175.64,101452.0,1181.006449
2026-08-27T20:32:44.191,30,29,LLY260925P01500000,LLY,2026-09-25,put,1500.0,310.08,2.0,330.01,1.0,320.04499999999996,,,,,,,,,2026-08-27,1182.51,1189.98,1171.85,1175.64,101452.0,1181.006449
2026-08-27T20:32:44.191,30,29,LLY260925P01520000,LLY,2026-09-25,put,1520.0,338.18,2.0,357.26,1.0,347.72,,,0.6224,-0.9131,0.0008,-0.4198,0.524,-1.1291,2026-08-27,1182.51,1189.98,1171.85,1175.64,101452.0,1181.006449
2026-08-27T20:32:44.191,30,29,LLY260925P01540000,LLY,2026-09-25,put,1540.0,353.12,2.0,370.1,1.0,361.61,,,0.4798,-0.9718,0.0004,-0.0263,0.2142,-1.195,2026-08-27,1182.51,1189.98,1171.85,1175.64,101452.0,1181.006449
2026-08-27T20:32:44.191,30,29,LLY260925P01560000,LLY,2026-09-25,put,1560.0,381.9,25.0,399.27,1.0,390.585,,,0.7234,-0.8982,0.0007,-0.5895,0.5891,-1.1493,2026-08-27,1182.51,1189.98,1171.85,1175.64,101452.0,1181.006449
2026-08-27T20:32:44.191,30,29,LLY260925P01580000,LLY,2026-09-25,put,1580.0,400.09,1.0,416.19,2.0,408.14,,,0.703,-0.9159,0.0007,-0.4708,0.5113,-1.1798,2026-08-27,1182.51,1189.98,1171.85,1175.64,101452.0,1181.006449
2026-08-27T20:32:44.191,30,29,LLY260925P01600000,LLY,2026-09-25,put,1600.0,418.43,2.0,440.54,1.0,429.485,,,0.7521,-0.909,0.0007,-0.5534,0.5427,-1.1902,2026-08-27,1182.51,1189.98,1171.85,1175.64,101452.0,1181.006449
2026-08-27T20:32:44.191,30,29,LLY260925P01620000,LLY,2026-09-25,put,1620.0,431.34,2.0,446.03,2.0,438.68499999999995,,,,,,,,,2026-08-27,1182.51,1189.98,1171.85,1175.64,101452.0,1181.006449
2026-08-27T20:32:44.191,30,29,LLY260925P01640000,LLY,2026-09-25,put,1640.0,460.85,2.0,473.64,2.0,467.245,,,0.753,-0.9263,0.0006,-0.4448,0.4628,-1.2364,2026-08-27,1182.51,1189.98,1171.85,1175.64,101452.0,1181.006449
2026-08-27T20:32:44.191,45,43,LLY261009C01125000,LLY,2026-10-09,call,1125.0,77.96,6.0,90.62,15.0,84.28999999999999,,,0.3307,0.6852,0.0027,-0.6238,1.433,0.8496,2026-08-27,1182.51,1189.98,1171.85,1175.64,101452.0,1181.006449
2026-08-27T20:32:44.191,45,43,LLY261009C01130000,LLY,2026-10-09,call,1130.0,72.27,7.0,86.13,5.0,79.19999999999999,,,0.3175,0.6762,0.0028,-0.6075,1.4501,0.8431,2026-08-27,1182.51,1189.98,1171.85,1175.64,101452.0,1181.006449
2026-08-27T20:32:44.191,45,43,LLY261009C01135000,LLY,2026-10-09,call,1135.0,72.41,2.0,85.07,5.0,78.74,,,0.3355,0.6555,0.0027,-0.6494,1.4858,0.815,2026-08-27,1182.51,1189.98,1171.85,1175.64,101452.0,1181.006449
2026-08-27T20:32:44.191,45,43,LLY261009C01140000,LLY,2026-10-09,call,1140.0,67.46,1.0,83.66,2.0,75.56,,,0.3344,0.6416,0.0028,-0.6545,1.5072,0.7996,2026-08-27,1182.51,1189.98,1171.85,1175.64,101452.0,1181.006449
2026-08-27T20:32:44.191,45,43,LLY261009C01145000,LLY,2026-10-09,call,1145.0,65.28,5.0,79.61,5.0,72.445,,,0.3332,0.6276,0.0028,-0.6587,1.5267,0.7838,2026-08-27,1182.51,1189.98,1171.85,1175.64,101452.0,1181.006449
2026-08-27T20:32:44.191,45,43,LLY261009C01150000,LLY,2026-10-09,call,1150.0,61.48,2.0,77.64,1.0,69.56,,,0.3331,0.6131,0.0028,-0.664,1.5446,0.7671,2026-08-27,1182.51,1189.98,1171.85,1175.64,101452.0,1181.006449
2026-08-27T20:32:44.191,45,43,LLY261009C01155000,LLY,2026-10-09,call,1155.0,58.34,2.0,75.32,1.0,66.83,,,0.3335,0.5984,0.0029,-0.6694,1.5605,0.75,2026-08-27,1182.51,1189.98,1171.85,1175.64,101452.0,1181.006449
2026-08-27T20:32:44.191,45,43,LLY261009C01160000,LLY,2026-10-09,call,1160.0,55.59,2.0,72.59,1.0,64.09,,,0.3334,0.5838,0.0029,-0.673,1.5741,0.733,2026-08-27,1182.51,1189.98,1171.85,1175.64,101452.0,1181.006449
2026-08-27T20:32:44.191,45,43,LLY261009C01165000,LLY,2026-10-09,call,1165.0,51.94,2.0,68.45,1.0,60.195,,,0.3255,0.5696,0.003,-0.6615,1.5851,0.718,2026-08-27,1182.51,1189.98,1171.85,1175.64,101452.0,1181.006449
2026-08-27T20:32:44.191,45,43,LLY261009C01170000,LLY,2026-10-09,call,1170.0,49.6,2.0,67.51,1.0,58.55500000000001,,,0.3314,0.5544,0.003,-0.6743,1.5947,0.6988,2026-08-27,1182.51,1189.98,1171.85,1175.64,101452.0,1181.006449
2026-08-27T20:32:44.191,45,43,LLY261009C01175000,LLY,2026-10-09,call,1175.0,49.96,8.0,55.76,1.0,52.86,54.5,1.0,0.3114,0.5392,0.0032,-0.6387,1.6019,0.6845,2026-08-27,1182.51,1189.98,1171.85,1175.64,101452.0,1181.006449
2026-08-27T20:32:44.191,45,43,LLY261009C01180000,LLY,2026-10-09,call,1180.0,44.4,11.0,61.12,1.0,52.76,,,0.3259,0.5243,0.003,-0.6658,1.6067,0.664,2026-08-27,1182.51,1189.98,1171.85,1175.64,101452.0,1181.006449
2026-08-27T20:32:44.191,45,43,LLY261009C01185000,LLY,2026-10-09,call,1185.0,43.06,3.0,55.82,1.0,49.44,,,0.3199,0.5086,0.0031,-0.654,1.6093,0.6461,2026-08-27,1182.51,1189.98,1171.85,1175.64,101452.0,1181.006449
2026-08-27T20:32:44.191,45,43,LLY261009C01190000,LLY,2026-10-09,call,1190.0,43.74,6.0,53.69,8.0,48.715,57.0,1.0,0.3296,0.4948,0.003,-0.6706,1.6096,0.6279,2026-08-27,1182.51,1189.98,1171.85,1175.64,101452.0,1181.006449
2026-08-27T20:32:44.191,45,43,LLY261009C01195000,LLY,2026-10-09,call,1195.0,38.38,2.0,52.52,7.0,45.45,,,0.323,0.4787,0.0031,-0.6558,1.6074,0.6094,2026-08-27,1182.51,1189.98,1171.85,1175.64,101452.0,1181.006449
2026-08-27T20:32:44.191,45,43,LLY261009C01200000,LLY,2026-10-09,call,1200.0,39.29,10.0,48.02,2.0,43.655,46.45,1.0,0.325,0.4642,0.003,-0.6566,1.6032,0.5915,2026-08-27,1182.51,1189.98,1171.85,1175.64,101452.0,1181.006449
2026-08-27T20:32:44.191,45,43,LLY261009C01205000,LLY,2026-10-09,call,1205.0,32.65,5.0,48.37,2.0,40.51,,,0.3182,0.4474,0.0031,-0.6394,1.5957,0.5719,2026-08-27,1182.51,1189.98,1171.85,1175.64,101452.0,1181.006449
2026-08-27T20:32:44.191,45,43,LLY261009C01210000,LLY,2026-10-09,call,1210.0,32.15,2.0,45.71,12.0,38.93,,,0.3207,0.4333,0.003,-0.6394,1.5872,0.5543,2026-08-27,1182.51,1189.98,1171.85,1175.64,101452.0,1181.006449
2026-08-27T20:32:44.191,45,43,LLY261009C01215000,LLY,2026-10-09,call,1215.0,29.78,6.0,43.68,2.0,36.730000000000004,,,0.3189,0.4179,0.003,-0.63,1.5755,0.5355,2026-08-27,1182.51,1189.98,1171.85,1175.64,101452.0,1181.006449
2026-08-27T20:32:44.191,45,43,LLY261009C01220000,LLY,2026-10-09,call,1220.0,27.18,2.0,42.21,2.0,34.695,,,0.3176,0.4028,0.003,-0.621,1.5617,0.517,2026-08-27,1182.51,1189.98,1171.85,1175.64,101452.0,1181.006449
2026-08-27T20:32:44.191,45,43,LLY261009C01225000,LLY,2026-10-09,call,1225.0,25.8,2.0,40.04,9.0,32.92,,,0.3175,0.3883,0.003,-0.6136,1.5462,0.499,2026-08-27,1182.51,1189.98,1171.85,1175.64,101452.0,1181.006449
2026-08-27T20:32:44.191,45,43,LLY261009C01230000,LLY,2026-10-09,call,1230.0,26.24,2.0,38.5,1.0,32.37,38.55,3.0,0.325,0.3778,0.0029,-0.6211,1.5336,0.4851,2026-08-27,1182.51,1189.98,1171.85,1175.64,101452.0,1181.006449
2026-08-27T20:32:44.191,45,43,LLY261009C01235000,LLY,2026-10-09,call,1235.0,22.59,2.0,37.91,2.0,30.25,,,0.3218,0.3624,0.0029,-0.6061,1.513,0.4663,2026-08-27,1182.51,1189.98,1171.85,1175.64,101452.0,1181.006449
2026-08-27T20:32:44.191,45,43,LLY261009C01240000,LLY,2026-10-09,call,1240.0,22.78,2.0,36.32,10.0,29.55,,,0.3276,0.3521,0.0028,-0.6094,1.4977,0.4528,2026-08-27,1182.51,1189.98,1171.85,1175.64,101452.0,1181.006449
2026-08-27T20:32:44.191,45,43,LLY261009C01245000,LLY,2026-10-09,call,1245.0,19.06,2.0,34.4,2.0,26.729999999999997,,,0.3188,0.3336,0.0028,-0.5809,1.4675,0.4304,2026-08-27,1182.51,1189.98,1171.85,1175.64,101452.0,1181.006449
2026-08-27T20:32:44.191,45,43,LLY261009C01250000,LLY,2026-10-09,call,1250.0,20.11,5.0,33.12,2.0,26.615,,,0.3279,0.3261,0.0027,-0.5905,1.4542,0.4203,2026-08-27,1182.51,1189.98,1171.85,1175.64,101452.0,1181.006449
2026-08-27T20:32:44.191,45,43,LLY261009C01255000,LLY,2026-10-09,call,1255.0,20.9,2.0,31.42,9.0,26.16,,,0.3345,0.3176,0.0026,-0.5945,1.4384,0.409,2026-08-27,1182.51,1189.98,1171.85,1175.64,101452.0,1181.006449
2026-08-27T20:32:44.191,45,43,LLY261009C01260000,LLY,2026-10-09,call,1260.0,20.47,2.0,30.55,11.0,25.509999999999998,27.1,1.0,0.3395,0.3086,0.0026,-0.5948,1.4206,0.3973,2026-08-27,1182.51,1189.98,1171.85,1175.64,101452.0,1181.006449
2026-08-27T20:32:44.191,45,43,LLY261009C01265000,LLY,2026-10-09,call,1265.0,19.28,7.0,29.97,22.0,24.625,,,0.3425,0.2987,0.0025,-0.5906,1.4002,0.3847,2026-08-27,1182.51,1189.98,1171.85,1175.64,101452.0,1181.006449
2026-08-27T20:32:44.191,45,43,LLY261009P01125000,LLY,2026-10-09,put,1125.0,24.34,14.0,33.39,5.0,28.865000000000002,26.15,1.0,0.3307,-0.3148,0.0027,-0.5108,1.433,-0.47,2026-08-27,1182.51,1189.98,1171.85,1175.64,101452.0,1181.006449
2026-08-27T20:32:44.191,45,43,LLY261009P01130000,LLY,2026-10-09,put,1130.0,23.25,2.0,38.65,22.0,30.95,,,0.3326,-0.3295,0.0027,-0.5226,1.4603,-0.4928,2026-08-27,1182.51,1189.98,1171.85,1175.64,101452.0,1181.006449
2026-08-27T20:32:44.191,45,43,LLY261009P01135000,LLY,2026-10-09,put,1135.0,29.77,2.0,36.05,2.0,32.91,,,0.3331,-0.3438,0.0027,-0.5309,1.4846,-0.5148,2026-08-27,1182.51,1189.98,1171.85,1175.64,101452.0,1181.006449
2026-08-27T20:32:44.191,45,43,LLY261009P01140000,LLY,2026-10-09,put,1140.0,31.27,2.0,42.82,1.0,37.045,32.65,2.0,0.3475,-0.3618,0.0027,-0.5644,1.5122,-0.5448,2026-08-27,1182.51,1189.98,1171.85,1175.64,101452.0,1181.006449
2026-08-27T20:32:44.191,45,43,LLY261009P01145000,LLY,2026-10-09,put,1145.0,30.46,2.0,45.29,1.0,37.875,33.4,2.0,0.3394,-0.3739,0.0028,-0.5551,1.5286,-0.5624,2026-08-27,1182.51,1189.98,1171.85,1175.64,101452.0,1181.006449
2026-08-27T20:32:44.191,45,43,LLY261009P01150000,LLY,2026-10-09,put,1150.0,30.19,2.0,46.93,1.0,38.56,,,0.3301,-0.3863,0.0029,-0.5429,1.5439,-0.5804,2026-08-27,1182.51,1189.98,1171.85,1175.64,101452.0,1181.006449
2026-08-27T20:32:44.191,45,43,LLY261009P01155000,LLY,2026-10-09,put,1155.0,34.27,2.0,49.37,10.0,41.82,37.2,1.0,0.3371,-0.4021,0.0028,-0.5599,1.561,-0.6062,2026-08-27,1182.51,1189.98,1171.85,1175.64,101452.0,1181.006449
2026-08-27T20:32:44.191,45,43,LLY261009P01160000,LLY,2026-10-09,put,1160.0,35.66,2.0,51.58,1.0,43.62,,,0.3341,-0.4163,0.0029,-0.5578,1.5741,-0.6279,2026-08-27,1182.51,1189.98,1171.85,1175.64,101452.0,1181.006449
2026-08-27T20:32:44.191,45,43,LLY261009P01165000,LLY,2026-10-09,put,1165.0,42.26,1.0,52.08,1.0,47.17,,,0.3418,-0.4315,0.0029,-0.5743,1.5859,-0.6532,2026-08-27,1182.51,1189.98,1171.85,1175.64,101452.0,1181.006449
2026-08-27T20:32:44.191,45,43,LLY261009P01170000,LLY,2026-10-09,put,1170.0,37.96,2.0,56.3,1.0,47.129999999999995,45.84,1.0,0.3264,-0.4455,0.003,-0.5476,1.5946,-0.6725,2026-08-27,1182.51,1189.98,1171.85,1175.64,101452.0,1181.006449
2026-08-27T20:32:44.191,45,43,LLY261009P01175000,LLY,2026-10-09,put,1175.0,41.77,2.0,57.69,1.0,49.730000000000004,,,0.3271,-0.4606,0.003,-0.5497,1.6018,-0.6964,2026-08-27,1182.51,1189.98,1171.85,1175.64,101452.0,1181.006449
2026-08-27T20:32:44.191,45,43,LLY261009P01180000,LLY,2026-10-09,put,1180.0,44.8,1.0,59.52,3.0,52.16,,,0.3264,-0.4756,0.003,-0.5481,1.6067,-0.7202,2026-08-27,1182.51,1189.98,1171.85,1175.64,101452.0,1181.006449
2026-08-27T20:32:44.191,45,43,LLY261009P01185000,LLY,2026-10-09,put,1185.0,47.98,8.0,60.87,2.0,54.425,,,0.3241,-0.4909,0.003,-0.5428,1.6093,-0.744,2026-08-27,1182.51,1189.98,1171.85,1175.64,101452.0,1181.006449
2026-08-27T20:32:44.191,45,43,LLY261009P01190000,LLY,2026-10-09,put,1190.0,50.69,8.0,64.629,16.0,57.6595,55.85,1.0,0.3274,-0.5055,0.003,-0.547,1.6095,-0.768,2026-08-27,1182.51,1189.98,1171.85,1175.64,101452.0,1181.006449
2026-08-27T20:32:44.191,45,43,LLY261009P01195000,LLY,2026-10-09,put,1195.0,55.06,6.0,64.84,18.0,59.95,56.76,1.0,0.3244,-0.521,0.003,-0.5385,1.6075,-0.7922,2026-08-27,1182.51,1189.98,1171.85,1175.64,101452.0,1181.006449
2026-08-27T20:32:44.191,45,43,LLY261009P01200000,LLY,2026-10-09,put,1200.0,57.89,6.0,68.31,9.0,63.1,61.9,1.0,0.3263,-0.5355,0.003,-0.5384,1.6033,-0.8159,2026-08-27,1182.51,1189.98,1171.85,1175.64,101452.0,1181.006449
2026-08-27T20:32:44.191,45,43,LLY261009P01205000,LLY,2026-10-09,put,1205.0,58.19,7.0,71.33,2.0,64.75999999999999,,,0.3184,-0.5525,0.0031,-0.5187,1.5957,-0.8415,2026-08-27,1182.51,1189.98,1171.85,1175.64,101452.0,1181.006449
2026-08-27T20:32:44.191,45,43,LLY261009P01210000,LLY,2026-10-09,put,1210.0,60.55,6.0,74.88,3.0,67.715,,,0.3181,-0.5676,0.0031,-0.5127,1.5866,-0.8658,2026-08-27,1182.51,1189.98,1171.85,1175.64,101452.0,1181.006449
2026-08-27T20:32:44.191,45,43,LLY261009P01215000,LLY,2026-10-09,put,1215.0,65.63,9.0,79.57,12.0,72.6,,,0.3296,-0.578,0.0029,-0.5292,1.5788,-0.886,2026-08-27,1182.51,1189.98,1171.85,1175.64,101452.0,1181.006449
2026-08-27T20:32:44.191,45,43,LLY261009P01220000,LLY,2026-10-09,put,1220.0,69.19,6.0,83.71,3.0,76.44999999999999,,,0.3342,-0.5903,0.0029,-0.5317,1.5683,-0.9076,2026-08-27,1182.51,1189.98,1171.85,1175.64,101452.0,1181.006449
2026-08-27T20:32:44.191,45,43,LLY261009P01225000,LLY,2026-10-09,put,1225.0,70.48,7.0,84.0,2.0,77.24000000000001,,,0.3187,-0.6111,0.003,-0.4929,1.5468,-0.9373,2026-08-27,1182.51,1189.98,1171.85,1175.64,101452.0,1181.006449
2026-08-27T20:32:44.191,45,43,LLY261009P01230000,LLY,2026-10-09,put,1230.0,75.88,8.0,88.34,6.0,82.11,,,0.3291,-0.6202,0.0029,-0.5059,1.5361,-0.9556,2026-08-27,1182.51,1189.98,1171.85,1175.64,101452.0,1181.006449
2026-08-27T20:32:44.191,45,43,LLY261009P01235000,LLY,2026-10-09,put,1235.0,79.55,8.0,94.34,8.0,86.945,,,0.3389,-0.6287,0.0028,-0.5177,1.5251,-0.9732,2026-08-27,1182.51,1189.98,1171.85,1175.64,101452.0,1181.006449
2026-08-27T20:32:44.191,45,43,LLY261009P01240000,LLY,2026-10-09,put,1240.0,81.62,6.0,94.99,7.0,88.305,,,0.3255,-0.6491,0.0028,-0.4803,1.4959,-1.003,2026-08-27,1182.51,1189.98,1171.85,1175.64,101452.0,1181.006449
2026-08-27T20:32:44.191,45,43,LLY261009P01245000,LLY,2026-10-09,put,1245.0,83.75,5.0,97.07,7.0,90.41,,,0.3163,-0.668,0.0028,-0.4503,1.4647,-1.0316,2026-08-27,1182.51,1189.98,1171.85,1175.64,101452.0,1181.006449
2026-08-27T20:32:44.191,45,43,LLY261009P01250000,LLY,2026-10-09,put,1250.0,88.01,3.0,99.85,2.0,93.93,,,0.3161,-0.6814,0.0028,-0.439,1.4402,-1.0544,2026-08-27,1182.51,1189.98,1171.85,1175.64,101452.0,1181.006449
2026-08-27T20:32:44.191,45,43,LLY261009P01255000,LLY,2026-10-09,put,1255.0,92.28,7.0,104.07,6.0,98.175,,,0.3206,-0.6914,0.0027,-0.4376,1.4206,-1.0732,2026-08-27,1182.51,1189.98,1171.85,1175.64,101452.0,1181.006449
2026-08-27T20:32:44.191,45,43,LLY261009P01260000,LLY,2026-10-09,put,1260.0,95.1,7.0,110.92,8.0,103.00999999999999,,,0.329,-0.6983,0.0026,-0.4448,1.4065,-1.0884,2026-08-27,1182.51,1189.98,1171.85,1175.64,101452.0,1181.006449
2026-08-27T20:32:44.191,45,43,LLY261009P01265000,LLY,2026-10-09,put,1265.0,98.2,5.0,114.46,5.0,106.33,,,0.3262,-0.7123,0.0026,-0.4268,1.376,-1.1117,2026-08-27,1182.51,1189.98,1171.85,1175.64,101452.0,1181.006449
