capture_ts,target_dte,actual_dte,symbol,underlying,expiration,type,strike,bid,bid_size,ask,ask_size,mid,last_price,last_size,implied_vol,delta,gamma,theta,vega,rho,und_session_date,und_open,und_high,und_low,und_close,und_volume,und_vwap
2026-08-26T20:30:46.590,2,2,GOOG260828C00200000,GOOG,2026-08-28,call,200.0,136.49,13.0,139.78,10.0,138.135,142.95,1.0,,,,,,,2026-08-26,342.975,343.11,337.05,339.105,819678.0,338.946725
2026-08-26T20:30:46.590,2,2,GOOG260828C00205000,GOOG,2026-08-28,call,205.0,132.41,4.0,136.88,4.0,134.64499999999998,121.93,2.0,,,,,,,2026-08-26,342.975,343.11,337.05,339.105,819678.0,338.946725
2026-08-26T20:30:46.590,2,2,GOOG260828C00210000,GOOG,2026-08-28,call,210.0,129.43,4.0,133.18,5.0,131.305,161.75,5.0,,,,,,,2026-08-26,342.975,343.11,337.05,339.105,819678.0,338.946725
2026-08-26T20:30:46.590,2,2,GOOG260828C00215000,GOOG,2026-08-28,call,215.0,122.05,10.0,126.35,24.0,124.19999999999999,128.6,2.0,,,,,,,2026-08-26,342.975,343.11,337.05,339.105,819678.0,338.946725
2026-08-26T20:30:46.590,2,2,GOOG260828C00220000,GOOG,2026-08-28,call,220.0,117.03,4.0,120.71,4.0,118.87,123.71,1.0,,,,,,,2026-08-26,342.975,343.11,337.05,339.105,819678.0,338.946725
2026-08-26T20:30:46.590,2,2,GOOG260828C00225000,GOOG,2026-08-28,call,225.0,111.08,4.0,117.3,4.0,114.19,116.08,1.0,,,,,,,2026-08-26,342.975,343.11,337.05,339.105,819678.0,338.946725
2026-08-26T20:30:46.590,2,2,GOOG260828C00230000,GOOG,2026-08-28,call,230.0,107.64,4.0,108.96,4.0,108.3,111.48,7.0,,,,,,,2026-08-26,342.975,343.11,337.05,339.105,819678.0,338.946725
2026-08-26T20:30:46.590,2,2,GOOG260828C00235000,GOOG,2026-08-28,call,235.0,103.68,1.0,106.32,10.0,105.0,104.28,2.0,,,,,,,2026-08-26,342.975,343.11,337.05,339.105,819678.0,338.946725
2026-08-26T20:30:46.590,2,2,GOOG260828C00240000,GOOG,2026-08-28,call,240.0,96.12,4.0,99.46,4.0,97.78999999999999,99.51,2.0,,,,,,,2026-08-26,342.975,343.11,337.05,339.105,819678.0,338.946725
2026-08-26T20:30:46.590,2,2,GOOG260828C00245000,GOOG,2026-08-28,call,245.0,91.9,13.0,97.42,10.0,94.66,95.9,60.0,,,,,,,2026-08-26,342.975,343.11,337.05,339.105,819678.0,338.946725
2026-08-26T20:30:46.590,2,2,GOOG260828C00250000,GOOG,2026-08-28,call,250.0,88.33,4.0,89.54,4.0,88.935,89.69,2.0,,,,,,,2026-08-26,342.975,343.11,337.05,339.105,819678.0,338.946725
2026-08-26T20:30:46.590,2,2,GOOG260828C00255000,GOOG,2026-08-28,call,255.0,80.75,18.0,84.96,32.0,82.85499999999999,84.46,2.0,,,,,,,2026-08-26,342.975,343.11,337.05,339.105,819678.0,338.946725
2026-08-26T20:30:46.590,2,2,GOOG260828C00260000,GOOG,2026-08-28,call,260.0,76.1,9.0,81.55,2.0,78.82499999999999,78.75,7.0,,,,,,,2026-08-26,342.975,343.11,337.05,339.105,819678.0,338.946725
2026-08-26T20:30:46.590,2,2,GOOG260828C00265000,GOOG,2026-08-28,call,265.0,73.28,4.0,74.62,4.0,73.95,106.54,1.0,,,,,,,2026-08-26,342.975,343.11,337.05,339.105,819678.0,338.946725
2026-08-26T20:30:46.590,2,2,GOOG260828C00270000,GOOG,2026-08-28,call,270.0,67.12,1.0,71.0,10.0,69.06,68.52,1.0,,,,,,,2026-08-26,342.975,343.11,337.05,339.105,819678.0,338.946725
2026-08-26T20:30:46.590,2,2,GOOG260828C00275000,GOOG,2026-08-28,call,275.0,61.96,41.0,67.36,47.0,64.66,64.03,5.0,,,,,,,2026-08-26,342.975,343.11,337.05,339.105,819678.0,338.946725
2026-08-26T20:30:46.590,2,2,GOOG260828C00280000,GOOG,2026-08-28,call,280.0,56.71,18.0,61.96,9.0,59.335,62.91,1.0,,,,,,,2026-08-26,342.975,343.11,337.05,339.105,819678.0,338.946725
2026-08-26T20:30:46.590,2,2,GOOG260828C00285000,GOOG,2026-08-28,call,285.0,53.29,42.0,56.04,23.0,54.665,58.01,1.0,,,,,,,2026-08-26,342.975,343.11,337.05,339.105,819678.0,338.946725
2026-08-26T20:30:46.590,2,2,GOOG260828C00290000,GOOG,2026-08-28,call,290.0,47.53,18.0,50.34,5.0,48.935,53.68,1.0,,,,,,,2026-08-26,342.975,343.11,337.05,339.105,819678.0,338.946725
2026-08-26T20:30:46.590,2,2,GOOG260828C00295000,GOOG,2026-08-28,call,295.0,42.0,30.0,45.53,30.0,43.765,47.08,1.0,,,,,,,2026-08-26,342.975,343.11,337.05,339.105,819678.0,338.946725
2026-08-26T20:30:46.590,2,2,GOOG260828C00300000,GOOG,2026-08-28,call,300.0,38.17,181.0,40.19,81.0,39.18,39.18,1.0,0.7971,0.9823,0.0022,-0.2473,0.011,0.0161,2026-08-26,342.975,343.11,337.05,339.105,819678.0,338.946725
2026-08-26T20:30:46.590,2,2,GOOG260828C00305000,GOOG,2026-08-28,call,305.0,32.18,15.0,36.09,11.0,34.135000000000005,34.38,1.0,0.6604,0.9857,0.0022,-0.1799,0.0091,0.0164,2026-08-26,342.975,343.11,337.05,339.105,819678.0,338.946725
2026-08-26T20:30:46.590,2,2,GOOG260828C00310000,GOOG,2026-08-28,call,310.0,27.35,24.0,30.76,25.0,29.055,29.33,1.0,0.4031,0.9987,0.0004,-0.0413,0.0011,0.017,2026-08-26,342.975,343.11,337.05,339.105,819678.0,338.946725
2026-08-26T20:30:46.590,2,2,GOOG260828C00315000,GOOG,2026-08-28,call,315.0,23.3,53.0,26.46,113.0,24.880000000000003,23.77,2.0,0.7613,0.9089,0.0086,-0.8106,0.0411,0.0155,2026-08-26,342.975,343.11,337.05,339.105,819678.0,338.946725
2026-08-26T20:30:46.590,2,2,GOOG260828C00317500,GOOG,2026-08-28,call,317.5,19.35,2.0,23.51,1.0,21.43,29.0,2.0,,,,,,,2026-08-26,342.975,343.11,337.05,339.105,819678.0,338.946725
2026-08-26T20:30:46.590,2,2,GOOG260828C00320000,GOOG,2026-08-28,call,320.0,18.78,21.0,20.62,126.0,19.700000000000003,20.5,1.0,0.5962,0.9087,0.011,-0.6424,0.0412,0.0158,2026-08-26,342.975,343.11,337.05,339.105,819678.0,338.946725
2026-08-26T20:30:46.590,2,2,GOOG260828C00322500,GOOG,2026-08-28,call,322.5,14.9,46.0,18.4,46.0,16.65,16.13,1.0,0.3559,0.9722,0.0072,-0.1737,0.016,0.0171,2026-08-26,342.975,343.11,337.05,339.105,819678.0,338.946725
2026-08-26T20:30:46.590,2,2,GOOG260828C00325000,GOOG,2026-08-28,call,325.0,12.21,300.0,16.25,277.0,14.23,14.15,1.0,0.3467,0.9518,0.0115,-0.2482,0.0251,0.0169,2026-08-26,342.975,343.11,337.05,339.105,819678.0,338.946725
2026-08-26T20:30:46.590,2,2,GOOG260828C00327500,GOOG,2026-08-28,call,327.5,10.07,100.0,13.25,5.0,11.66,11.46,5.0,0.267,0.9612,0.0125,-0.1719,0.0211,0.0172,2026-08-26,342.975,343.11,337.05,339.105,819678.0,338.946725
2026-08-26T20:30:46.590,2,2,GOOG260828C00330000,GOOG,2026-08-28,call,330.0,9.16,109.0,10.41,91.0,9.785,9.42,2.0,0.3616,0.8473,0.026,-0.5628,0.0592,0.0152,2026-08-26,342.975,343.11,337.05,339.105,819678.0,338.946725
2026-08-26T20:30:46.590,2,2,GOOG260828C00332500,GOOG,2026-08-28,call,332.5,7.28,121.0,8.02,39.0,7.65,7.73,2.0,0.3447,0.7817,0.0341,-0.6629,0.074,0.0141,2026-08-26,342.975,343.11,337.05,339.105,819678.0,338.946725
2026-08-26T20:30:46.590,2,2,GOOG260828C00335000,GOOG,2026-08-28,call,335.0,5.35,26.0,5.82,10.0,5.585,5.6,1.0,0.3166,0.7004,0.0437,-0.7131,0.0872,0.0127,2026-08-26,342.975,343.11,337.05,339.105,819678.0,338.946725
2026-08-26T20:30:46.590,2,2,GOOG260828C00337500,GOOG,2026-08-28,call,337.5,3.68,29.0,4.12,16.0,3.9000000000000004,3.85,3.0,0.3063,0.5849,0.0507,-0.7683,0.0978,0.0107,2026-08-26,342.975,343.11,337.05,339.105,819678.0,338.946725
2026-08-26T20:30:46.590,2,2,GOOG260828C00340000,GOOG,2026-08-28,call,340.0,2.54,16.0,2.72,1.0,2.63,2.6,1.0,0.3071,0.4559,0.0515,-0.7789,0.0995,0.0083,2026-08-26,342.975,343.11,337.05,339.105,819678.0,338.946725
2026-08-26T20:30:46.590,2,2,GOOG260828C00342500,GOOG,2026-08-28,call,342.5,1.64,15.0,1.73,36.0,1.685,1.66,1.0,0.3089,0.3334,0.0469,-0.7156,0.0912,0.0061,2026-08-26,342.975,343.11,337.05,339.105,819678.0,338.946725
2026-08-26T20:30:46.590,2,2,GOOG260828C00345000,GOOG,2026-08-28,call,345.0,0.98,9.0,1.09,20.0,1.0350000000000001,1.06,1.0,0.3124,0.2297,0.0387,-0.6024,0.0761,0.0042,2026-08-26,342.975,343.11,337.05,339.105,819678.0,338.946725
2026-08-26T20:30:46.590,2,2,GOOG260828C00347500,GOOG,2026-08-28,call,347.5,0.59,124.0,0.66,5.0,0.625,0.63,1.0,0.3193,0.1518,0.0293,-0.4757,0.059,0.0028,2026-08-26,342.975,343.11,337.05,339.105,819678.0,338.946725
2026-08-26T20:30:46.590,2,2,GOOG260828C00350000,GOOG,2026-08-28,call,350.0,0.38,35.0,0.41,47.0,0.395,0.38,1.0,0.3328,0.1008,0.0211,-0.3718,0.0443,0.0019,2026-08-26,342.975,343.11,337.05,339.105,819678.0,338.946725
2026-08-26T20:30:46.590,2,2,GOOG260828C00352500,GOOG,2026-08-28,call,352.5,0.2,84.0,0.27,21.0,0.23500000000000001,0.24,1.0,0.3416,0.0636,0.0145,-0.2694,0.0313,0.0012,2026-08-26,342.975,343.11,337.05,339.105,819678.0,338.946725
2026-08-26T20:30:46.590,2,2,GOOG260828C00355000,GOOG,2026-08-28,call,355.0,0.16,36.0,0.18,31.0,0.16999999999999998,0.16,15.0,0.3645,0.0456,0.0105,-0.2205,0.024,0.0008,2026-08-26,342.975,343.11,337.05,339.105,819678.0,338.946725
2026-08-26T20:30:46.590,2,2,GOOG260828C00357500,GOOG,2026-08-28,call,357.5,0.12,63.0,0.14,44.0,0.13,0.12,20.0,0.3893,0.0341,0.0077,-0.1858,0.019,0.0006,2026-08-26,342.975,343.11,337.05,339.105,819678.0,338.946725
2026-08-26T20:30:46.590,2,2,GOOG260828C00360000,GOOG,2026-08-28,call,360.0,0.09,141.0,0.11,120.0,0.1,0.09,1.0,0.4125,0.0257,0.0058,-0.1558,0.015,0.0005,2026-08-26,342.975,343.11,337.05,339.105,819678.0,338.946725
2026-08-26T20:30:46.590,2,2,GOOG260828C00362500,GOOG,2026-08-28,call,362.5,0.04,2.0,0.06,140.0,0.05,0.06,1.0,0.4083,0.014,0.0035,-0.0919,0.009,0.0003,2026-08-26,342.975,343.11,337.05,339.105,819678.0,338.946725
2026-08-26T20:30:46.590,2,2,GOOG260828C00365000,GOOG,2026-08-28,call,365.0,0.03,1.0,0.04,45.0,0.035,0.04,2.0,0.4241,0.0098,0.0025,-0.0701,0.0066,0.0002,2026-08-26,342.975,343.11,337.05,339.105,819678.0,338.946725
2026-08-26T20:30:46.590,2,2,GOOG260828C00367500,GOOG,2026-08-28,call,367.5,0.04,119.0,0.08,61.0,0.06,0.06,1.0,0.4912,0.014,0.0029,-0.1104,0.009,0.0003,2026-08-26,342.975,343.11,337.05,339.105,819678.0,338.946725
2026-08-26T20:30:46.590,2,2,GOOG260828C00370000,GOOG,2026-08-28,call,370.0,0.05,68.0,0.06,126.0,0.055,0.05,3.0,0.5204,0.0123,0.0024,-0.1046,0.008,0.0002,2026-08-26,342.975,343.11,337.05,339.105,819678.0,338.946725
2026-08-26T20:30:46.590,2,2,GOOG260828C00372500,GOOG,2026-08-28,call,372.5,0.04,1.0,0.06,75.0,0.05,0.04,1.0,0.5481,0.0108,0.0021,-0.0982,0.0071,0.0002,2026-08-26,342.975,343.11,337.05,339.105,819678.0,338.946725
2026-08-26T20:30:46.590,2,2,GOOG260828C00375000,GOOG,2026-08-28,call,375.0,0.01,81.0,0.02,139.0,0.015,0.02,1.0,0.5073,0.0039,0.0009,-0.0366,0.0029,0.0001,2026-08-26,342.975,343.11,337.05,339.105,819678.0,338.946725
2026-08-26T20:30:46.590,2,2,GOOG260828C00377500,GOOG,2026-08-28,call,377.5,0.0,0.0,0.1,175.0,0.05,0.03,1.0,,,,,,,2026-08-26,342.975,343.11,337.05,339.105,819678.0,338.946725
2026-08-26T20:30:46.590,2,2,GOOG260828C00380000,GOOG,2026-08-28,call,380.0,0.01,2.0,0.02,141.0,0.015,0.02,1.0,0.5665,0.0035,0.0007,-0.0374,0.0026,0.0001,2026-08-26,342.975,343.11,337.05,339.105,819678.0,338.946725
2026-08-26T20:30:46.590,2,2,GOOG260828C00385000,GOOG,2026-08-28,call,385.0,0.03,100.0,0.04,30.0,0.035,0.01,1.0,0.6828,0.0064,0.0011,-0.0774,0.0045,0.0001,2026-08-26,342.975,343.11,337.05,339.105,819678.0,338.946725
2026-08-26T20:30:46.590,2,2,GOOG260828C00390000,GOOG,2026-08-28,call,390.0,0.03,17.0,0.04,93.0,0.035,0.03,1.0,0.7435,0.0059,0.0009,-0.0787,0.0042,0.0001,2026-08-26,342.975,343.11,337.05,339.105,819678.0,338.946725
2026-08-26T20:30:46.590,2,2,GOOG260828C00395000,GOOG,2026-08-28,call,395.0,0.0,0.0,0.05,6.0,0.025,0.01,1.0,,,,,,,2026-08-26,342.975,343.11,337.05,339.105,819678.0,338.946725
2026-08-26T20:30:46.590,2,2,GOOG260828C00400000,GOOG,2026-08-28,call,400.0,0.0,0.0,0.01,101.0,0.005,0.01,3.0,,,,,,,2026-08-26,342.975,343.11,337.05,339.105,819678.0,338.946725
2026-08-26T20:30:46.590,2,2,GOOG260828C00405000,GOOG,2026-08-28,call,405.0,0.0,0.0,0.13,1.0,0.065,0.02,1.0,,,,,,,2026-08-26,342.975,343.11,337.05,339.105,819678.0,338.946725
2026-08-26T20:30:46.590,2,2,GOOG260828C00410000,GOOG,2026-08-28,call,410.0,0.0,0.0,0.09,71.0,0.045,0.07,3.0,,,,,,,2026-08-26,342.975,343.11,337.05,339.105,819678.0,338.946725
2026-08-26T20:30:46.590,2,2,GOOG260828C00415000,GOOG,2026-08-28,call,415.0,0.0,0.0,0.51,82.0,0.255,0.03,1.0,,,,,,,2026-08-26,342.975,343.11,337.05,339.105,819678.0,338.946725
2026-08-26T20:30:46.590,2,2,GOOG260828C00420000,GOOG,2026-08-28,call,420.0,0.0,0.0,0.76,200.0,0.38,0.01,2.0,,,,,,,2026-08-26,342.975,343.11,337.05,339.105,819678.0,338.946725
2026-08-26T20:30:46.590,2,2,GOOG260828C00425000,GOOG,2026-08-28,call,425.0,0.0,0.0,1.11,396.0,0.555,0.01,1.0,,,,,,,2026-08-26,342.975,343.11,337.05,339.105,819678.0,338.946725
2026-08-26T20:30:46.590,2,2,GOOG260828C00430000,GOOG,2026-08-28,call,430.0,0.0,0.0,0.04,60.0,0.02,0.01,1.0,,,,,,,2026-08-26,342.975,343.11,337.05,339.105,819678.0,338.946725
2026-08-26T20:30:46.590,2,2,GOOG260828C00435000,GOOG,2026-08-28,call,435.0,0.0,0.0,0.38,55.0,0.19,0.24,1.0,,,,,,,2026-08-26,342.975,343.11,337.05,339.105,819678.0,338.946725
2026-08-26T20:30:46.590,2,2,GOOG260828C00440000,GOOG,2026-08-28,call,440.0,0.0,0.0,1.0,41.0,0.5,0.19,1.0,,,,,,,2026-08-26,342.975,343.11,337.05,339.105,819678.0,338.946725
2026-08-26T20:30:46.590,2,2,GOOG260828C00445000,GOOG,2026-08-28,call,445.0,0.0,0.0,0.24,1.0,0.12,0.36,1.0,,,,,,,2026-08-26,342.975,343.11,337.05,339.105,819678.0,338.946725
2026-08-26T20:30:46.590,2,2,GOOG260828C00450000,GOOG,2026-08-28,call,450.0,0.0,0.0,0.28,1.0,0.14,0.51,1.0,,,,,,,2026-08-26,342.975,343.11,337.05,339.105,819678.0,338.946725
2026-08-26T20:30:46.590,2,2,GOOG260828C00455000,GOOG,2026-08-28,call,455.0,0.0,0.0,0.24,1.0,0.12,0.47,1.0,,,,,,,2026-08-26,342.975,343.11,337.05,339.105,819678.0,338.946725
2026-08-26T20:30:46.590,2,2,GOOG260828C00460000,GOOG,2026-08-28,call,460.0,0.0,0.0,0.24,1.0,0.12,0.29,1.0,,,,,,,2026-08-26,342.975,343.11,337.05,339.105,819678.0,338.946725
2026-08-26T20:30:46.590,2,2,GOOG260828C00465000,GOOG,2026-08-28,call,465.0,0.0,0.0,0.24,1.0,0.12,0.26,1.0,,,,,,,2026-08-26,342.975,343.11,337.05,339.105,819678.0,338.946725
2026-08-26T20:30:46.590,2,2,GOOG260828C00470000,GOOG,2026-08-28,call,470.0,0.0,0.0,0.24,1.0,0.12,0.26,1.0,,,,,,,2026-08-26,342.975,343.11,337.05,339.105,819678.0,338.946725
2026-08-26T20:30:46.590,2,2,GOOG260828C00480000,GOOG,2026-08-28,call,480.0,0.0,0.0,0.03,10.0,0.015,0.06,1.0,,,,,,,2026-08-26,342.975,343.11,337.05,339.105,819678.0,338.946725
2026-08-26T20:30:46.590,2,2,GOOG260828C00490000,GOOG,2026-08-28,call,490.0,0.0,0.0,0.01,41.0,0.005,0.01,1.0,,,,,,,2026-08-26,342.975,343.11,337.05,339.105,819678.0,338.946725
2026-08-26T20:30:46.590,2,2,GOOG260828P00200000,GOOG,2026-08-28,put,200.0,0.0,0.0,0.03,16.0,0.015,0.01,1.0,,,,,,,2026-08-26,342.975,343.11,337.05,339.105,819678.0,338.946725
2026-08-26T20:30:46.590,2,2,GOOG260828P00205000,GOOG,2026-08-28,put,205.0,0.0,0.0,0.01,11.0,0.005,0.06,1.0,,,,,,,2026-08-26,342.975,343.11,337.05,339.105,819678.0,338.946725
2026-08-26T20:30:46.590,2,2,GOOG260828P00210000,GOOG,2026-08-28,put,210.0,0.0,0.0,0.01,11.0,0.005,0.05,1.0,,,,,,,2026-08-26,342.975,343.11,337.05,339.105,819678.0,338.946725
2026-08-26T20:30:46.590,2,2,GOOG260828P00215000,GOOG,2026-08-28,put,215.0,0.0,0.0,0.01,11.0,0.005,0.01,1.0,,,,,,,2026-08-26,342.975,343.11,337.05,339.105,819678.0,338.946725
2026-08-26T20:30:46.590,2,2,GOOG260828P00220000,GOOG,2026-08-28,put,220.0,0.0,0.0,1.19,1.0,0.595,0.01,2.0,,,,,,,2026-08-26,342.975,343.11,337.05,339.105,819678.0,338.946725
2026-08-26T20:30:46.590,2,2,GOOG260828P00225000,GOOG,2026-08-28,put,225.0,0.0,0.0,0.03,11.0,0.015,0.01,1.0,,,,,,,2026-08-26,342.975,343.11,337.05,339.105,819678.0,338.946725
2026-08-26T20:30:46.590,2,2,GOOG260828P00230000,GOOG,2026-08-28,put,230.0,0.0,0.0,0.07,1.0,0.035,0.03,1.0,,,,,,,2026-08-26,342.975,343.11,337.05,339.105,819678.0,338.946725
2026-08-26T20:30:46.590,2,2,GOOG260828P00235000,GOOG,2026-08-28,put,235.0,0.0,0.0,0.03,10.0,0.015,0.01,1.0,,,,,,,2026-08-26,342.975,343.11,337.05,339.105,819678.0,338.946725
2026-08-26T20:30:46.590,2,2,GOOG260828P00240000,GOOG,2026-08-28,put,240.0,0.0,0.0,0.01,11.0,0.005,0.12,1.0,,,,,,,2026-08-26,342.975,343.11,337.05,339.105,819678.0,338.946725
2026-08-26T20:30:46.590,2,2,GOOG260828P00245000,GOOG,2026-08-28,put,245.0,0.0,0.0,0.03,11.0,0.015,0.01,1.0,,,,,,,2026-08-26,342.975,343.11,337.05,339.105,819678.0,338.946725
2026-08-26T20:30:46.590,2,2,GOOG260828P00250000,GOOG,2026-08-28,put,250.0,0.0,0.0,0.01,11.0,0.005,0.01,1.0,,,,,,,2026-08-26,342.975,343.11,337.05,339.105,819678.0,338.946725
2026-08-26T20:30:46.590,2,2,GOOG260828P00255000,GOOG,2026-08-28,put,255.0,0.0,0.0,0.03,11.0,0.015,0.05,1.0,,,,,,,2026-08-26,342.975,343.11,337.05,339.105,819678.0,338.946725
2026-08-26T20:30:46.590,2,2,GOOG260828P00260000,GOOG,2026-08-28,put,260.0,0.0,0.0,0.03,23.0,0.015,0.01,10.0,,,,,,,2026-08-26,342.975,343.11,337.05,339.105,819678.0,338.946725
2026-08-26T20:30:46.590,2,2,GOOG260828P00265000,GOOG,2026-08-28,put,265.0,0.0,0.0,0.01,9.0,0.005,0.01,1.0,,,,,,,2026-08-26,342.975,343.11,337.05,339.105,819678.0,338.946725
2026-08-26T20:30:46.590,2,2,GOOG260828P00270000,GOOG,2026-08-28,put,270.0,0.0,0.0,0.03,3.0,0.015,0.01,1.0,,,,,,,2026-08-26,342.975,343.11,337.05,339.105,819678.0,338.946725
2026-08-26T20:30:46.590,2,2,GOOG260828P00275000,GOOG,2026-08-28,put,275.0,0.0,0.0,0.03,11.0,0.015,0.01,2.0,,,,,,,2026-08-26,342.975,343.11,337.05,339.105,819678.0,338.946725
2026-08-26T20:30:46.590,2,2,GOOG260828P00280000,GOOG,2026-08-28,put,280.0,0.0,0.0,0.01,1.0,0.005,0.01,1.0,,,,,,,2026-08-26,342.975,343.11,337.05,339.105,819678.0,338.946725
2026-08-26T20:30:46.590,2,2,GOOG260828P00285000,GOOG,2026-08-28,put,285.0,0.0,0.0,0.06,1.0,0.03,0.03,1.0,,,,,,,2026-08-26,342.975,343.11,337.05,339.105,819678.0,338.946725
2026-08-26T20:30:46.590,2,2,GOOG260828P00290000,GOOG,2026-08-28,put,290.0,0.0,0.0,0.01,1.0,0.005,0.01,1.0,,,,,,,2026-08-26,342.975,343.11,337.05,339.105,819678.0,338.946725
2026-08-26T20:30:46.590,2,2,GOOG260828P00295000,GOOG,2026-08-28,put,295.0,0.01,15.0,0.05,102.0,0.030000000000000002,0.01,1.0,0.7385,-0.005,0.0008,-0.0672,0.0037,-0.0001,2026-08-26,342.975,343.11,337.05,339.105,819678.0,338.946725
2026-08-26T20:30:46.590,2,2,GOOG260828P00300000,GOOG,2026-08-28,put,300.0,0.03,20.0,0.1,366.0,0.065,0.02,1.0,0.7231,-0.0104,0.0015,-0.1243,0.0069,-0.0002,2026-08-26,342.975,343.11,337.05,339.105,819678.0,338.946725
2026-08-26T20:30:46.590,2,2,GOOG260828P00305000,GOOG,2026-08-28,put,305.0,0.03,117.0,0.06,278.0,0.045,0.03,2.0,0.6073,-0.0087,0.0016,-0.0898,0.0059,-0.0002,2026-08-26,342.975,343.11,337.05,339.105,819678.0,338.946725
2026-08-26T20:30:46.590,2,2,GOOG260828P00310000,GOOG,2026-08-28,put,310.0,0.02,5.0,0.03,76.0,0.025,0.03,1.0,0.4881,-0.0063,0.0014,-0.0538,0.0044,-0.0001,2026-08-26,342.975,343.11,337.05,339.105,819678.0,338.946725
2026-08-26T20:30:46.590,2,2,GOOG260828P00315000,GOOG,2026-08-28,put,315.0,0.03,72.0,0.09,110.0,0.06,0.05,1.0,0.4593,-0.0146,0.0032,-0.1059,0.0093,-0.0003,2026-08-26,342.975,343.11,337.05,339.105,819678.0,338.946725
2026-08-26T20:30:46.590,2,2,GOOG260828P00317500,GOOG,2026-08-28,put,317.5,0.05,182.0,0.12,29.0,0.08499999999999999,0.09,1.0,0.4387,-0.0207,0.0045,-0.1365,0.0125,-0.0004,2026-08-26,342.975,343.11,337.05,339.105,819678.0,338.946725
2026-08-26T20:30:46.590,2,2,GOOG260828P00320000,GOOG,2026-08-28,put,320.0,0.07,149.0,0.09,22.0,0.08,0.09,1.0,0.3901,-0.0218,0.0053,-0.1267,0.0131,-0.0004,2026-08-26,342.975,343.11,337.05,339.105,819678.0,338.946725
2026-08-26T20:30:46.590,2,2,GOOG260828P00322500,GOOG,2026-08-28,put,322.5,0.12,45.0,0.17,82.0,0.14500000000000002,0.13,1.0,0.3827,-0.0374,0.0085,-0.1946,0.0205,-0.0007,2026-08-26,342.975,343.11,337.05,339.105,819678.0,338.946725
2026-08-26T20:30:46.590,2,2,GOOG260828P00325000,GOOG,2026-08-28,put,325.0,0.21,43.0,0.23,49.0,0.22,0.21,5.0,0.3632,-0.0561,0.0124,-0.2556,0.0284,-0.0011,2026-08-26,342.975,343.11,337.05,339.105,819678.0,338.946725
2026-08-26T20:30:46.590,2,2,GOOG260828P00327500,GOOG,2026-08-28,put,327.5,0.31,27.0,0.36,28.0,0.33499999999999996,0.31,1.0,0.3432,-0.0841,0.0179,-0.3296,0.0387,-0.0016,2026-08-26,342.975,343.11,337.05,339.105,819678.0,338.946725
2026-08-26T20:30:46.590,2,2,GOOG260828P00330000,GOOG,2026-08-28,put,330.0,0.49,12.0,0.57,32.0,0.53,0.51,4.0,0.326,-0.1284,0.0256,-0.4245,0.0526,-0.0024,2026-08-26,342.975,343.11,337.05,339.105,819678.0,338.946725
2026-08-26T20:30:46.590,2,2,GOOG260828P00332500,GOOG,2026-08-28,put,332.5,0.84,50.0,0.92,50.0,0.88,0.84,2.0,0.315,-0.1979,0.0352,-0.5429,0.0698,-0.0037,2026-08-26,342.975,343.11,337.05,339.105,819678.0,338.946725
2026-08-26T20:30:46.590,2,2,GOOG260828P00335000,GOOG,2026-08-28,put,335.0,1.36,1.0,1.44,35.0,1.4,1.38,5.0,0.3017,-0.2911,0.0453,-0.6392,0.086,-0.0055,2026-08-26,342.975,343.11,337.05,339.105,819678.0,338.946725
2026-08-26T20:30:46.590,2,2,GOOG260828P00337500,GOOG,2026-08-28,put,337.5,2.12,30.0,2.42,43.0,2.27,2.25,1.0,0.2988,-0.4133,0.0519,-0.7159,0.0977,-0.0078,2026-08-26,342.975,343.11,337.05,339.105,819678.0,338.946725
2026-08-26T20:30:46.590,2,2,GOOG260828P00340000,GOOG,2026-08-28,put,340.0,3.34,18.0,3.61,25.0,3.4749999999999996,3.45,1.0,0.2973,-0.5459,0.0531,-0.7204,0.0994,-0.0103,2026-08-26,342.975,343.11,337.05,339.105,819678.0,338.946725
2026-08-26T20:30:46.590,2,2,GOOG260828P00342500,GOOG,2026-08-28,put,342.5,4.79,20.0,5.31,23.0,5.05,4.99,4.0,0.3004,-0.6712,0.048,-0.6584,0.0907,-0.0127,2026-08-26,342.975,343.11,337.05,339.105,819678.0,338.946725
2026-08-26T20:30:46.590,2,2,GOOG260828P00345000,GOOG,2026-08-28,put,345.0,6.6,10.0,7.08,21.0,6.84,6.82,4.0,0.2942,-0.7844,0.0396,-0.5131,0.0734,-0.0149,2026-08-26,342.975,343.11,337.05,339.105,819678.0,338.946725
2026-08-26T20:30:46.590,2,2,GOOG260828P00347500,GOOG,2026-08-28,put,347.5,8.28,21.0,10.91,303.0,9.594999999999999,9.5,1.0,0.3996,-0.793,0.0285,-0.6889,0.0717,-0.0153,2026-08-26,342.975,343.11,337.05,339.105,819678.0,338.946725
2026-08-26T20:30:46.590,2,2,GOOG260828P00350000,GOOG,2026-08-28,put,350.0,10.17,38.0,11.72,42.0,10.945,11.05,1.0,0.1588,-0.9965,0.0026,0.024,0.0026,-0.0191,2026-08-26,342.975,343.11,337.05,339.105,819678.0,338.946725
2026-08-26T20:30:46.590,2,2,GOOG260828P00352500,GOOG,2026-08-28,put,352.5,12.63,21.0,15.06,78.0,13.845,14.37,1.0,0.3885,-0.9095,0.0167,-0.3656,0.0409,-0.0177,2026-08-26,342.975,343.11,337.05,339.105,819678.0,338.946725
2026-08-26T20:30:46.590,2,2,GOOG260828P00355000,GOOG,2026-08-28,put,355.0,14.37,61.0,17.66,95.0,16.015,16.82,1.0,0.3157,-0.9747,0.0075,-0.0826,0.0148,-0.019,2026-08-26,342.975,343.11,337.05,339.105,819678.0,338.946725
2026-08-26T20:30:46.590,2,2,GOOG260828P00357500,GOOG,2026-08-28,put,357.5,16.69,40.0,20.25,36.0,18.47,19.45,2.0,0.313,-0.9885,0.0038,-0.024,0.0075,-0.0194,2026-08-26,342.975,343.11,337.05,339.105,819678.0,338.946725
2026-08-26T20:30:46.590,2,2,GOOG260828P00360000,GOOG,2026-08-28,put,360.0,18.87,37.0,21.35,1.0,20.11,20.82,1.0,,,,,,,2026-08-26,342.975,343.11,337.05,339.105,819678.0,338.946725
2026-08-26T20:30:46.590,2,2,GOOG260828P00362500,GOOG,2026-08-28,put,362.5,21.88,35.0,25.56,34.0,23.72,24.83,1.0,0.5431,-0.9498,0.0076,-0.3182,0.026,-0.0189,2026-08-26,342.975,343.11,337.05,339.105,819678.0,338.946725
2026-08-26T20:30:46.590,2,2,GOOG260828P00365000,GOOG,2026-08-28,put,365.0,24.32,61.0,27.63,64.0,25.975,25.41,2.0,0.4274,-0.9897,0.0026,-0.0376,0.0069,-0.0198,2026-08-26,342.975,343.11,337.05,339.105,819678.0,338.946725
2026-08-26T20:30:46.590,2,2,GOOG260828P00367500,GOOG,2026-08-28,put,367.5,27.3,18.0,29.72,30.0,28.509999999999998,24.45,1.0,0.5045,-0.9838,0.0032,-0.0925,0.0102,-0.0198,2026-08-26,342.975,343.11,337.05,339.105,819678.0,338.946725
2026-08-26T20:30:46.590,2,2,GOOG260828P00370000,GOOG,2026-08-28,put,370.0,28.88,5.0,31.95,16.0,30.415,26.17,1.0,,,,,,,2026-08-26,342.975,343.11,337.05,339.105,819678.0,338.946725
2026-08-26T20:30:46.590,2,2,GOOG260828P00372500,GOOG,2026-08-28,put,372.5,31.67,11.0,35.39,55.0,33.53,33.79,4.0,0.5969,-0.9824,0.0029,-0.1261,0.0109,-0.0201,2026-08-26,342.975,343.11,337.05,339.105,819678.0,338.946725
2026-08-26T20:30:46.590,2,2,GOOG260828P00375000,GOOG,2026-08-28,put,375.0,35.08,5.0,38.06,5.0,36.57,31.5,4.0,0.8872,-0.9334,0.0058,-0.6845,0.0324,-0.0193,2026-08-26,342.975,343.11,337.05,339.105,819678.0,338.946725
2026-08-26T20:30:46.590,2,2,GOOG260828P00377500,GOOG,2026-08-28,put,377.5,37.45,9.0,39.69,9.0,38.57,33.55,1.0,0.7044,-0.979,0.0029,-0.1863,0.0127,-0.0203,2026-08-26,342.975,343.11,337.05,339.105,819678.0,338.946725
2026-08-26T20:30:46.590,2,2,GOOG260828P00380000,GOOG,2026-08-28,put,380.0,40.19,20.0,41.95,16.0,41.07,39.85,1.0,0.7411,-0.9799,0.0026,-0.1896,0.0122,-0.0205,2026-08-26,342.975,343.11,337.05,339.105,819678.0,338.946725
2026-08-26T20:30:46.590,2,2,GOOG260828P00385000,GOOG,2026-08-28,put,385.0,45.42,19.0,47.51,19.0,46.465,28.8,5.0,,,,,,,2026-08-26,342.975,343.11,337.05,339.105,819678.0,338.946725
2026-08-26T20:30:46.590,2,2,GOOG260828P00390000,GOOG,2026-08-28,put,390.0,50.45,20.0,53.17,30.0,51.81,20.48,1.0,,,,,,,2026-08-26,342.975,343.11,337.05,339.105,819678.0,338.946725
2026-08-26T20:30:46.590,2,2,GOOG260828P00395000,GOOG,2026-08-28,put,395.0,55.43,14.0,57.75,13.0,56.59,48.8,5.0,,,,,,,2026-08-26,342.975,343.11,337.05,339.105,819678.0,338.946725
2026-08-26T20:30:46.590,2,2,GOOG260828P00400000,GOOG,2026-08-28,put,400.0,60.17,9.0,61.97,9.0,61.07,57.8,2.0,,,,,,,2026-08-26,342.975,343.11,337.05,339.105,819678.0,338.946725
2026-08-26T20:30:46.590,2,2,GOOG260828P00405000,GOOG,2026-08-28,put,405.0,64.7,14.0,66.52,13.0,65.61,59.96,1.0,,,,,,,2026-08-26,342.975,343.11,337.05,339.105,819678.0,338.946725
2026-08-26T20:30:46.590,2,2,GOOG260828P00410000,GOOG,2026-08-28,put,410.0,69.78,5.0,72.75,5.0,71.265,56.95,1.0,,,,,,,2026-08-26,342.975,343.11,337.05,339.105,819678.0,338.946725
2026-08-26T20:30:46.590,2,2,GOOG260828P00415000,GOOG,2026-08-28,put,415.0,74.33,14.0,75.82,14.0,75.07499999999999,,,,,,,,,2026-08-26,342.975,343.11,337.05,339.105,819678.0,338.946725
2026-08-26T20:30:46.590,2,2,GOOG260828P00420000,GOOG,2026-08-28,put,420.0,79.12,13.0,81.64,13.0,80.38,,,,,,,,,2026-08-26,342.975,343.11,337.05,339.105,819678.0,338.946725
2026-08-26T20:30:46.590,2,2,GOOG260828P00425000,GOOG,2026-08-28,put,425.0,85.91,2.0,88.72,3.0,87.315,,,,,,,,,2026-08-26,342.975,343.11,337.05,339.105,819678.0,338.946725
2026-08-26T20:30:46.590,2,2,GOOG260828P00430000,GOOG,2026-08-28,put,430.0,90.96,5.0,92.86,5.0,91.91,73.96,1.0,,,,,,,2026-08-26,342.975,343.11,337.05,339.105,819678.0,338.946725
2026-08-26T20:30:46.590,2,2,GOOG260828P00435000,GOOG,2026-08-28,put,435.0,95.01,9.0,97.99,9.0,96.5,60.16,2.0,,,,,,,2026-08-26,342.975,343.11,337.05,339.105,819678.0,338.946725
2026-08-26T20:30:46.590,2,2,GOOG260828P00440000,GOOG,2026-08-28,put,440.0,99.45,12.0,102.52,12.0,100.985,100.75,1.0,,,,,,,2026-08-26,342.975,343.11,337.05,339.105,819678.0,338.946725
2026-08-26T20:30:46.590,2,2,GOOG260828P00445000,GOOG,2026-08-28,put,445.0,103.85,5.0,105.75,5.0,104.8,,,,,,,,,2026-08-26,342.975,343.11,337.05,339.105,819678.0,338.946725
2026-08-26T20:30:46.590,2,2,GOOG260828P00450000,GOOG,2026-08-28,put,450.0,110.23,18.0,114.22,18.0,112.225,,,,,,,,,2026-08-26,342.975,343.11,337.05,339.105,819678.0,338.946725
2026-08-26T20:30:46.590,2,2,GOOG260828P00455000,GOOG,2026-08-28,put,455.0,113.79,21.0,118.58,27.0,116.185,95.0,1.0,,,,,,,2026-08-26,342.975,343.11,337.05,339.105,819678.0,338.946725
2026-08-26T20:30:46.590,2,2,GOOG260828P00460000,GOOG,2026-08-28,put,460.0,120.1,14.0,123.4,11.0,121.75,117.5,1.0,,,,,,,2026-08-26,342.975,343.11,337.05,339.105,819678.0,338.946725
2026-08-26T20:30:46.590,2,2,GOOG260828P00465000,GOOG,2026-08-28,put,465.0,122.68,18.0,129.36,18.0,126.02000000000001,120.3,1.0,,,,,,,2026-08-26,342.975,343.11,337.05,339.105,819678.0,338.946725
2026-08-26T20:30:46.590,2,2,GOOG260828P00470000,GOOG,2026-08-28,put,470.0,128.24,14.0,132.64,11.0,130.44,,,,,,,,,2026-08-26,342.975,343.11,337.05,339.105,819678.0,338.946725
2026-08-26T20:30:46.590,2,2,GOOG260828P00480000,GOOG,2026-08-28,put,480.0,137.73,12.0,140.27,11.0,139.0,,,,,,,,,2026-08-26,342.975,343.11,337.05,339.105,819678.0,338.946725
2026-08-26T20:30:46.590,2,2,GOOG260828P00490000,GOOG,2026-08-28,put,490.0,147.27,10.0,155.72,1.0,151.495,,,,,,,,,2026-08-26,342.975,343.11,337.05,339.105,819678.0,338.946725
2026-08-26T20:30:46.590,7,9,GOOG260904C00200000,GOOG,2026-09-04,call,200.0,135.27,1.0,141.09,4.0,138.18,169.47,1.0,,,,,,,2026-08-26,342.975,343.11,337.05,339.105,819678.0,338.946725
2026-08-26T20:30:46.590,7,9,GOOG260904C00205000,GOOG,2026-09-04,call,205.0,134.82,1.0,138.34,1.0,136.57999999999998,,,,,,,,,2026-08-26,342.975,343.11,337.05,339.105,819678.0,338.946725
2026-08-26T20:30:46.590,7,9,GOOG260904C00210000,GOOG,2026-09-04,call,210.0,125.64,1.0,128.5,1.0,127.07,,,,,,,,,2026-08-26,342.975,343.11,337.05,339.105,819678.0,338.946725
2026-08-26T20:30:46.590,7,9,GOOG260904C00215000,GOOG,2026-09-04,call,215.0,121.16,1.0,125.72,1.0,123.44,,,,,,,,,2026-08-26,342.975,343.11,337.05,339.105,819678.0,338.946725
2026-08-26T20:30:46.590,7,9,GOOG260904C00220000,GOOG,2026-09-04,call,220.0,117.65,1.0,123.25,1.0,120.45,123.16,1.0,,,,,,,2026-08-26,342.975,343.11,337.05,339.105,819678.0,338.946725
2026-08-26T20:30:46.590,7,9,GOOG260904C00225000,GOOG,2026-09-04,call,225.0,110.72,1.0,115.32,3.0,113.02,,,,,,,,,2026-08-26,342.975,343.11,337.05,339.105,819678.0,338.946725
2026-08-26T20:30:46.590,7,9,GOOG260904C00230000,GOOG,2026-09-04,call,230.0,105.49,1.0,109.12,1.0,107.305,,,,,,,,,2026-08-26,342.975,343.11,337.05,339.105,819678.0,338.946725
2026-08-26T20:30:46.590,7,9,GOOG260904C00235000,GOOG,2026-09-04,call,235.0,101.79,2.0,106.99,3.0,104.39,108.28,43.0,,,,,,,2026-08-26,342.975,343.11,337.05,339.105,819678.0,338.946725
2026-08-26T20:30:46.590,7,9,GOOG260904C00240000,GOOG,2026-09-04,call,240.0,96.71,1.0,101.02,3.0,98.865,103.31,1.0,,,,,,,2026-08-26,342.975,343.11,337.05,339.105,819678.0,338.946725
2026-08-26T20:30:46.590,7,9,GOOG260904C00245000,GOOG,2026-09-04,call,245.0,92.02,1.0,95.01,1.0,93.515,98.37,1.0,,,,,,,2026-08-26,342.975,343.11,337.05,339.105,819678.0,338.946725
2026-08-26T20:30:46.590,7,9,GOOG260904C00250000,GOOG,2026-09-04,call,250.0,87.68,11.0,91.63,11.0,89.655,92.98,1.0,,,,,,,2026-08-26,342.975,343.11,337.05,339.105,819678.0,338.946725
2026-08-26T20:30:46.590,7,9,GOOG260904C00255000,GOOG,2026-09-04,call,255.0,83.71,11.0,86.52,9.0,85.115,89.07,1.0,,,,,,,2026-08-26,342.975,343.11,337.05,339.105,819678.0,338.946725
2026-08-26T20:30:46.590,7,9,GOOG260904C00260000,GOOG,2026-09-04,call,260.0,76.17,10.0,81.9,9.0,79.035,78.87,7.0,,,,,,,2026-08-26,342.975,343.11,337.05,339.105,819678.0,338.946725
2026-08-26T20:30:46.590,7,9,GOOG260904C00265000,GOOG,2026-09-04,call,265.0,72.79,5.0,77.0,5.0,74.89500000000001,80.2,1.0,0.8958,0.9662,0.0016,-0.2241,0.04,0.0623,2026-08-26,342.975,343.11,337.05,339.105,819678.0,338.946725
2026-08-26T20:30:46.590,7,9,GOOG260904C00270000,GOOG,2026-09-04,call,270.0,66.75,46.0,70.63,67.0,68.69,68.69,1.0,,,,,,,2026-08-26,342.975,343.11,337.05,339.105,819678.0,338.946725
2026-08-26T20:30:46.590,7,9,GOOG260904C00275000,GOOG,2026-09-04,call,275.0,63.26,227.0,67.34,220.0,65.3,64.64,1.0,0.8607,0.9476,0.0023,-0.2979,0.057,0.0631,2026-08-26,342.975,343.11,337.05,339.105,819678.0,338.946725
2026-08-26T20:30:46.590,7,9,GOOG260904C00280000,GOOG,2026-09-04,call,280.0,58.77,11.0,60.71,5.0,59.74,63.45,2.0,0.6877,0.9666,0.002,-0.1779,0.0396,0.0661,2026-08-26,342.975,343.11,337.05,339.105,819678.0,338.946725
2026-08-26T20:30:46.590,7,9,GOOG260904C00285000,GOOG,2026-09-04,call,285.0,51.7,17.0,55.26,18.0,53.480000000000004,59.9,1.0,,,,,,,2026-08-26,342.975,343.11,337.05,339.105,819678.0,338.946725
2026-08-26T20:30:46.590,7,9,GOOG260904C00290000,GOOG,2026-09-04,call,290.0,46.94,16.0,51.62,16.0,49.28,56.3,4.0,0.39,0.9953,0.0007,-0.0444,0.0073,0.071,2026-08-26,342.975,343.11,337.05,339.105,819678.0,338.946725
2026-08-26T20:30:46.590,7,9,GOOG260904C00295000,GOOG,2026-09-04,call,295.0,42.32,17.0,46.51,29.0,44.415,47.84,1.0,0.4354,0.9812,0.002,-0.0876,0.0244,0.0711,2026-08-26,342.975,343.11,337.05,339.105,819678.0,338.946725
2026-08-26T20:30:46.590,7,9,GOOG260904C00300000,GOOG,2026-09-04,call,300.0,37.7,10.0,41.26,11.0,39.480000000000004,44.06,1.0,0.4108,0.9738,0.0028,-0.1026,0.0323,0.0717,2026-08-26,342.975,343.11,337.05,339.105,819678.0,338.946725
2026-08-26T20:30:46.590,7,9,GOOG260904C00305000,GOOG,2026-09-04,call,305.0,32.159,11.0,36.27,5.0,34.2145,38.29,1.0,,,,,,,2026-08-26,342.975,343.11,337.05,339.105,819678.0,338.946725
2026-08-26T20:30:46.590,7,9,GOOG260904C00310000,GOOG,2026-09-04,call,310.0,28.57,10.0,30.82,11.0,29.695,29.18,4.0,0.36,0.9479,0.0056,-0.1423,0.0567,0.0719,2026-08-26,342.975,343.11,337.05,339.105,819678.0,338.946725
2026-08-26T20:30:46.590,7,9,GOOG260904C00315000,GOOG,2026-09-04,call,315.0,23.03,70.0,26.56,80.0,24.795,24.0,2.0,0.3228,0.932,0.0076,-0.1541,0.0699,0.0718,2026-08-26,342.975,343.11,337.05,339.105,819678.0,338.946725
2026-08-26T20:30:46.590,7,9,GOOG260904C00317500,GOOG,2026-09-04,call,317.5,20.02,113.0,24.01,106.0,22.015,22.5,5.0,0.2503,0.9563,0.007,-0.0985,0.0493,0.0745,2026-08-26,342.975,343.11,337.05,339.105,819678.0,338.946725
2026-08-26T20:30:46.590,7,9,GOOG260904C00320000,GOOG,2026-09-04,call,320.0,18.48,160.0,21.64,195.0,20.060000000000002,19.67,1.0,0.2988,0.8982,0.0112,-0.1853,0.0947,0.0701,2026-08-26,342.975,343.11,337.05,339.105,819678.0,338.946725
2026-08-26T20:30:46.590,7,9,GOOG260904C00322500,GOOG,2026-09-04,call,322.5,16.48,99.0,18.55,103.0,17.515,22.13,1.0,0.2647,0.8929,0.0131,-0.1726,0.0982,0.0703,2026-08-26,342.975,343.11,337.05,339.105,819678.0,338.946725
2026-08-26T20:30:46.590,7,9,GOOG260904C00325000,GOOG,2026-09-04,call,325.0,14.64,85.0,17.01,79.0,15.825000000000001,15.53,10.0,0.3011,0.8248,0.0161,-0.2558,0.1373,0.065,2026-08-26,342.975,343.11,337.05,339.105,819678.0,338.946725
2026-08-26T20:30:46.590,7,9,GOOG260904C00327500,GOOG,2026-09-04,call,327.5,13.31,91.0,14.31,60.0,13.81,12.73,1.0,0.2983,0.7819,0.0186,-0.2848,0.1568,0.0619,2026-08-26,342.975,343.11,337.05,339.105,819678.0,338.946725
2026-08-26T20:30:46.590,7,9,GOOG260904C00330000,GOOG,2026-09-04,call,330.0,11.07,91.0,12.23,41.0,11.65,11.68,1.0,0.2807,0.7428,0.0216,-0.2915,0.1717,0.0592,2026-08-26,342.975,343.11,337.05,339.105,819678.0,338.946725
2026-08-26T20:30:46.590,7,9,GOOG260904C00332500,GOOG,2026-09-04,call,332.5,9.4,90.0,10.39,23.0,9.895,9.83,1.0,0.2802,0.685,0.0238,-0.3164,0.1891,0.0548,2026-08-26,342.975,343.11,337.05,339.105,819678.0,338.946725
2026-08-26T20:30:46.590,7,9,GOOG260904C00335000,GOOG,2026-09-04,call,335.0,7.84,21.0,8.48,28.0,8.16,8.48,2.0,0.2732,0.6249,0.0261,-0.3265,0.2019,0.0502,2026-08-26,342.975,343.11,337.05,339.105,819678.0,338.946725
2026-08-26T20:30:46.590,7,9,GOOG260904C00337500,GOOG,2026-09-04,call,337.5,6.72,83.0,7.19,43.0,6.955,6.84,1.0,0.2841,0.5561,0.0261,-0.3499,0.2103,0.0448,2026-08-26,342.975,343.11,337.05,339.105,819678.0,338.946725
2026-08-26T20:30:46.590,7,9,GOOG260904C00340000,GOOG,2026-09-04,call,340.0,5.36,32.0,5.72,21.0,5.54,5.65,1.0,0.2769,0.4896,0.0271,-0.3425,0.2123,0.0396,2026-08-26,342.975,343.11,337.05,339.105,819678.0,338.946725
2026-08-26T20:30:46.590,7,9,GOOG260904C00342500,GOOG,2026-09-04,call,342.5,4.23,27.0,4.77,111.0,4.5,4.45,1.0,0.2796,0.4237,0.0263,-0.3376,0.2085,0.0343,2026-08-26,342.975,343.11,337.05,339.105,819678.0,338.946725
2026-08-26T20:30:46.590,7,9,GOOG260904C00345000,GOOG,2026-09-04,call,345.0,3.38,47.0,3.68,40.0,3.5300000000000002,3.68,2.0,0.278,0.3593,0.0253,-0.319,0.199,0.0292,2026-08-26,342.975,343.11,337.05,339.105,819678.0,338.946725
2026-08-26T20:30:46.590,7,9,GOOG260904C00347500,GOOG,2026-09-04,call,347.5,2.6,162.0,2.9,10.0,2.75,2.73,2.0,0.2781,0.2996,0.0235,-0.2956,0.185,0.0244,2026-08-26,342.975,343.11,337.05,339.105,819678.0,338.946725
2026-08-26T20:30:46.590,7,9,GOOG260904C00350000,GOOG,2026-09-04,call,350.0,2.13,20.0,2.28,81.0,2.205,2.15,10.0,0.284,0.25,0.021,-0.275,0.1692,0.0204,2026-08-26,342.975,343.11,337.05,339.105,819678.0,338.946725
2026-08-26T20:30:46.590,7,9,GOOG260904C00352500,GOOG,2026-09-04,call,352.5,1.54,133.0,1.84,120.0,1.69,1.71,3.0,0.285,0.203,0.0186,-0.2447,0.1504,0.0166,2026-08-26,342.975,343.11,337.05,339.105,819678.0,338.946725
2026-08-26T20:30:46.590,7,9,GOOG260904C00355000,GOOG,2026-09-04,call,355.0,1.18,37.0,1.38,48.0,1.2799999999999998,1.3,2.0,0.2861,0.1624,0.0161,-0.2132,0.1308,0.0133,2026-08-26,342.975,343.11,337.05,339.105,819678.0,338.946725
2026-08-26T20:30:46.590,7,9,GOOG260904C00357500,GOOG,2026-09-04,call,357.5,0.91,54.0,1.12,75.0,1.0150000000000001,1.01,6.0,0.2924,0.1323,0.0138,-0.1895,0.114,0.0108,2026-08-26,342.975,343.11,337.05,339.105,819678.0,338.946725
2026-08-26T20:30:46.590,7,9,GOOG260904C00360000,GOOG,2026-09-04,call,360.0,0.73,23.0,0.78,1.0,0.755,0.78,13.0,0.2934,0.1034,0.0115,-0.1594,0.0957,0.0085,2026-08-26,342.975,343.11,337.05,339.105,819678.0,338.946725
2026-08-26T20:30:46.590,7,9,GOOG260904C00362500,GOOG,2026-09-04,call,362.5,0.52,38.0,0.74,71.0,0.63,0.59,50.0,0.3037,0.0864,0.0097,-0.1443,0.0838,0.0071,2026-08-26,342.975,343.11,337.05,339.105,819678.0,338.946725
2026-08-26T20:30:46.590,7,9,GOOG260904C00365000,GOOG,2026-09-04,call,365.0,0.44,18.0,0.5,137.0,0.47,0.45,25.0,0.3056,0.0671,0.008,-0.1196,0.0691,0.0055,2026-08-26,342.975,343.11,337.05,339.105,819678.0,338.946725
2026-08-26T20:30:46.590,7,9,GOOG260904C00367500,GOOG,2026-09-04,call,367.5,0.27,51.0,0.41,53.0,0.33999999999999997,0.37,1.0,0.306,0.0507,0.0064,-0.0961,0.0555,0.0042,2026-08-26,342.975,343.11,337.05,339.105,819678.0,338.946725
2026-08-26T20:30:46.590,7,9,GOOG260904C00370000,GOOG,2026-09-04,call,370.0,0.29,50.0,0.33,5.0,0.31,0.29,1.0,0.3207,0.045,0.0056,-0.0914,0.0505,0.0037,2026-08-26,342.975,343.11,337.05,339.105,819678.0,338.946725
2026-08-26T20:30:46.590,7,9,GOOG260904C00375000,GOOG,2026-09-04,call,375.0,0.13,127.0,0.19,5.0,0.16,0.15,1.0,0.3214,0.0252,0.0034,-0.0567,0.0313,0.0021,2026-08-26,342.975,343.11,337.05,339.105,819678.0,338.946725
2026-08-26T20:30:46.590,7,9,GOOG260904C00380000,GOOG,2026-09-04,call,380.0,0.14,125.0,0.17,246.0,0.15500000000000003,0.14,2.0,0.3548,0.0224,0.0028,-0.0567,0.0284,0.0018,2026-08-26,342.975,343.11,337.05,339.105,819678.0,338.946725
2026-08-26T20:30:46.590,7,9,GOOG260904C00385000,GOOG,2026-09-04,call,385.0,0.03,133.0,0.19,131.0,0.11,0.11,1.0,0.37,0.0159,0.002,-0.0442,0.0212,0.0013,2026-08-26,342.975,343.11,337.05,339.105,819678.0,338.946725
2026-08-26T20:30:46.590,7,9,GOOG260904C00390000,GOOG,2026-09-04,call,390.0,0.01,134.0,0.24,238.0,0.125,0.1,50.0,0.4092,0.0164,0.0019,-0.0499,0.0217,0.0013,2026-08-26,342.975,343.11,337.05,339.105,819678.0,338.946725
2026-08-26T20:30:46.590,7,9,GOOG260904C00395000,GOOG,2026-09-04,call,395.0,0.07,230.0,0.08,53.0,0.07500000000000001,0.08,1.0,0.4122,0.0103,0.0012,-0.0336,0.0145,0.0008,2026-08-26,342.975,343.11,337.05,339.105,819678.0,338.946725
2026-08-26T20:30:46.590,7,9,GOOG260904C00400000,GOOG,2026-09-04,call,400.0,0.07,21.0,0.12,160.0,0.095,0.07,50.0,0.4549,0.0116,0.0013,-0.0413,0.0162,0.0009,2026-08-26,342.975,343.11,337.05,339.105,819678.0,338.946725
2026-08-26T20:30:46.590,7,9,GOOG260904C00405000,GOOG,2026-09-04,call,405.0,0.03,2.0,0.11,115.0,0.07,0.09,2.0,0.4664,0.0086,0.0009,-0.0326,0.0125,0.0007,2026-08-26,342.975,343.11,337.05,339.105,819678.0,338.946725
2026-08-26T20:30:46.590,7,9,GOOG260904C00410000,GOOG,2026-09-04,call,410.0,0.03,147.0,0.09,177.0,0.06,0.05,4.0,0.4855,0.0072,0.0008,-0.0291,0.0107,0.0006,2026-08-26,342.975,343.11,337.05,339.105,819678.0,338.946725
2026-08-26T20:30:46.590,7,9,GOOG260904C00415000,GOOG,2026-09-04,call,415.0,0.03,117.0,0.16,164.0,0.095,0.08,2.0,0.5414,0.01,0.0009,-0.043,0.0142,0.0008,2026-08-26,342.975,343.11,337.05,339.105,819678.0,338.946725
2026-08-26T20:30:46.590,7,9,GOOG260904C00420000,GOOG,2026-09-04,call,420.0,0.01,23.0,0.17,188.0,0.09000000000000001,0.03,1.0,0.5654,0.0092,0.0008,-0.0415,0.0131,0.0007,2026-08-26,342.975,343.11,337.05,339.105,819678.0,338.946725
2026-08-26T20:30:46.590,7,9,GOOG260904C00425000,GOOG,2026-09-04,call,425.0,0.0,0.0,0.13,378.0,0.065,0.03,13.0,,,,,,,2026-08-26,342.975,343.11,337.05,339.105,819678.0,338.946725
2026-08-26T20:30:46.590,7,9,GOOG260904C00430000,GOOG,2026-09-04,call,430.0,0.0,0.0,0.06,315.0,0.03,0.05,2.0,,,,,,,2026-08-26,342.975,343.11,337.05,339.105,819678.0,338.946725
2026-08-26T20:30:46.590,7,9,GOOG260904C00435000,GOOG,2026-09-04,call,435.0,0.03,11.0,0.12,313.0,0.075,0.06,1.0,0.6317,0.007,0.0006,-0.0368,0.0104,0.0006,2026-08-26,342.975,343.11,337.05,339.105,819678.0,338.946725
2026-08-26T20:30:46.590,7,9,GOOG260904C00440000,GOOG,2026-09-04,call,440.0,0.0,0.0,0.12,200.0,0.06,0.08,1.0,,,,,,,2026-08-26,342.975,343.11,337.05,339.105,819678.0,338.946725
2026-08-26T20:30:46.590,7,9,GOOG260904C00445000,GOOG,2026-09-04,call,445.0,0.0,0.0,0.12,89.0,0.06,0.06,1.0,,,,,,,2026-08-26,342.975,343.11,337.05,339.105,819678.0,338.946725
2026-08-26T20:30:46.590,7,9,GOOG260904C00450000,GOOG,2026-09-04,call,450.0,0.0,0.0,0.17,251.0,0.085,0.01,1.0,,,,,,,2026-08-26,342.975,343.11,337.05,339.105,819678.0,338.946725
2026-08-26T20:30:46.590,7,9,GOOG260904C00455000,GOOG,2026-09-04,call,455.0,0.0,0.0,0.62,576.0,0.31,0.04,2.0,,,,,,,2026-08-26,342.975,343.11,337.05,339.105,819678.0,338.946725
2026-08-26T20:30:46.590,7,9,GOOG260904C00460000,GOOG,2026-09-04,call,460.0,0.0,0.0,0.79,277.0,0.395,0.04,10.0,,,,,,,2026-08-26,342.975,343.11,337.05,339.105,819678.0,338.946725
2026-08-26T20:30:46.590,7,9,GOOG260904C00465000,GOOG,2026-09-04,call,465.0,0.0,0.0,0.98,215.0,0.49,0.09,1.0,,,,,,,2026-08-26,342.975,343.11,337.05,339.105,819678.0,338.946725
2026-08-26T20:30:46.590,7,9,GOOG260904C00470000,GOOG,2026-09-04,call,470.0,0.0,0.0,0.39,267.0,0.195,0.01,1.0,,,,,,,2026-08-26,342.975,343.11,337.05,339.105,819678.0,338.946725
2026-08-26T20:30:46.590,7,9,GOOG260904C00480000,GOOG,2026-09-04,call,480.0,0.0,0.0,0.44,192.0,0.22,0.09,1.0,,,,,,,2026-08-26,342.975,343.11,337.05,339.105,819678.0,338.946725
2026-08-26T20:30:46.590,7,9,GOOG260904P00200000,GOOG,2026-09-04,put,200.0,0.01,39.0,0.04,3.0,0.025,0.01,1.0,,,,,,,2026-08-26,342.975,343.11,337.05,339.105,819678.0,338.946725
2026-08-26T20:30:46.590,7,9,GOOG260904P00205000,GOOG,2026-09-04,put,205.0,0.0,0.0,0.96,87.0,0.48,0.13,1.0,,,,,,,2026-08-26,342.975,343.11,337.05,339.105,819678.0,338.946725
2026-08-26T20:30:46.590,7,9,GOOG260904P00210000,GOOG,2026-09-04,put,210.0,0.03,40.0,0.17,107.0,0.1,0.05,2.0,,,,,,,2026-08-26,342.975,343.11,337.05,339.105,819678.0,338.946725
2026-08-26T20:30:46.590,7,9,GOOG260904P00215000,GOOG,2026-09-04,put,215.0,0.0,0.0,0.06,2.0,0.03,0.02,10.0,,,,,,,2026-08-26,342.975,343.11,337.05,339.105,819678.0,338.946725
2026-08-26T20:30:46.590,7,9,GOOG260904P00220000,GOOG,2026-09-04,put,220.0,0.03,47.0,1.16,252.0,0.595,0.04,1.0,,,,,,,2026-08-26,342.975,343.11,337.05,339.105,819678.0,338.946725
2026-08-26T20:30:46.590,7,9,GOOG260904P00225000,GOOG,2026-09-04,put,225.0,0.0,0.0,0.04,1.0,0.02,0.02,2.0,,,,,,,2026-08-26,342.975,343.11,337.05,339.105,819678.0,338.946725
2026-08-26T20:30:46.590,7,9,GOOG260904P00230000,GOOG,2026-09-04,put,230.0,0.0,0.0,0.13,497.0,0.065,0.02,1.0,,,,,,,2026-08-26,342.975,343.11,337.05,339.105,819678.0,338.946725
2026-08-26T20:30:46.590,7,9,GOOG260904P00235000,GOOG,2026-09-04,put,235.0,0.0,0.0,0.17,30.0,0.085,0.06,1.0,,,,,,,2026-08-26,342.975,343.11,337.05,339.105,819678.0,338.946725
2026-08-26T20:30:46.590,7,9,GOOG260904P00240000,GOOG,2026-09-04,put,240.0,0.0,0.0,0.17,90.0,0.085,0.11,1.0,,,,,,,2026-08-26,342.975,343.11,337.05,339.105,819678.0,338.946725
2026-08-26T20:30:46.590,7,9,GOOG260904P00245000,GOOG,2026-09-04,put,245.0,0.0,0.0,0.17,105.0,0.085,0.01,1.0,,,,,,,2026-08-26,342.975,343.11,337.05,339.105,819678.0,338.946725
2026-08-26T20:30:46.590,7,9,GOOG260904P00250000,GOOG,2026-09-04,put,250.0,0.0,0.0,0.17,468.0,0.085,0.03,6.0,,,,,,,2026-08-26,342.975,343.11,337.05,339.105,819678.0,338.946725
2026-08-26T20:30:46.590,7,9,GOOG260904P00255000,GOOG,2026-09-04,put,255.0,0.0,0.0,0.13,419.0,0.065,0.03,1.0,,,,,,,2026-08-26,342.975,343.11,337.05,339.105,819678.0,338.946725
2026-08-26T20:30:46.590,7,9,GOOG260904P00260000,GOOG,2026-09-04,put,260.0,0.0,0.0,0.11,137.0,0.055,0.07,1.0,,,,,,,2026-08-26,342.975,343.11,337.05,339.105,819678.0,338.946725
2026-08-26T20:30:46.590,7,9,GOOG260904P00265000,GOOG,2026-09-04,put,265.0,0.03,16.0,0.17,321.0,0.1,0.05,1.0,0.6702,-0.0082,0.0006,-0.044,0.0119,-0.0007,2026-08-26,342.975,343.11,337.05,339.105,819678.0,338.946725
2026-08-26T20:30:46.590,7,9,GOOG260904P00270000,GOOG,2026-09-04,put,270.0,0.03,2.0,0.17,249.0,0.1,0.04,1.0,0.6249,-0.0087,0.0007,-0.0434,0.0126,-0.0008,2026-08-26,342.975,343.11,337.05,339.105,819678.0,338.946725
2026-08-26T20:30:46.590,7,9,GOOG260904P00275000,GOOG,2026-09-04,put,275.0,0.01,57.0,0.04,62.0,0.025,0.05,2.0,0.4952,-0.0031,0.0004,-0.0136,0.005,-0.0003,2026-08-26,342.975,343.11,337.05,339.105,819678.0,338.946725
2026-08-26T20:30:46.590,7,9,GOOG260904P00280000,GOOG,2026-09-04,put,280.0,0.03,130.0,0.12,242.0,0.075,0.06,10.0,0.5168,-0.008,0.0008,-0.0333,0.0117,-0.0007,2026-08-26,342.975,343.11,337.05,339.105,819678.0,338.946725
2026-08-26T20:30:46.590,7,9,GOOG260904P00285000,GOOG,2026-09-04,put,285.0,0.07,1.0,0.08,139.0,0.07500000000000001,0.08,1.0,0.4743,-0.0087,0.0009,-0.0328,0.0126,-0.0007,2026-08-26,342.975,343.11,337.05,339.105,819678.0,338.946725
2026-08-26T20:30:46.590,7,9,GOOG260904P00290000,GOOG,2026-09-04,put,290.0,0.01,168.0,0.13,141.0,0.07,0.08,50.0,0.4285,-0.009,0.0011,-0.0304,0.0129,-0.0008,2026-08-26,342.975,343.11,337.05,339.105,819678.0,338.946725
2026-08-26T20:30:46.590,7,9,GOOG260904P00295000,GOOG,2026-09-04,put,295.0,0.03,22.0,0.18,195.0,0.105,0.11,1.0,0.4087,-0.0135,0.0016,-0.0413,0.0184,-0.0012,2026-08-26,342.975,343.11,337.05,339.105,819678.0,338.946725
2026-08-26T20:30:46.590,7,9,GOOG260904P00300000,GOOG,2026-09-04,put,300.0,0.1,299.0,0.17,44.0,0.135,0.15,10.0,0.3795,-0.0181,0.0022,-0.0492,0.0236,-0.0015,2026-08-26,342.975,343.11,337.05,339.105,819678.0,338.946725
2026-08-26T20:30:46.590,7,9,GOOG260904P00305000,GOOG,2026-09-04,put,305.0,0.09,163.0,0.28,189.0,0.185,0.24,5.0,0.3527,-0.0255,0.0032,-0.0611,0.0316,-0.0022,2026-08-26,342.975,343.11,337.05,339.105,819678.0,338.946725
2026-08-26T20:30:46.590,7,9,GOOG260904P00310000,GOOG,2026-09-04,put,310.0,0.21,53.0,0.37,198.0,0.29,0.26,3.0,0.333,-0.0398,0.0048,-0.0831,0.0457,-0.0034,2026-08-26,342.975,343.11,337.05,339.105,819678.0,338.946725
2026-08-26T20:30:46.590,7,9,GOOG260904P00315000,GOOG,2026-09-04,put,315.0,0.37,44.0,0.5,125.0,0.435,0.44,1.0,0.3094,-0.0602,0.0072,-0.1072,0.0635,-0.0051,2026-08-26,342.975,343.11,337.05,339.105,819678.0,338.946725
2026-08-26T20:30:46.590,7,9,GOOG260904P00317500,GOOG,2026-09-04,put,317.5,0.51,128.0,0.62,38.0,0.565,0.57,50.0,0.3013,-0.0768,0.009,-0.1258,0.0767,-0.0066,2026-08-26,342.975,343.11,337.05,339.105,819678.0,338.946725
2026-08-26T20:30:46.590,7,9,GOOG260904P00320000,GOOG,2026-09-04,put,320.0,0.68,34.0,0.83,130.0,0.755,0.8,2.0,0.2956,-0.0995,0.0111,-0.1494,0.0931,-0.0085,2026-08-26,342.975,343.11,337.05,339.105,819678.0,338.946725
2026-08-26T20:30:46.590,7,9,GOOG260904P00322500,GOOG,2026-09-04,put,322.5,0.96,39.0,1.04,21.0,1.0,0.97,50.0,0.2897,-0.1275,0.0135,-0.1744,0.1111,-0.0109,2026-08-26,342.975,343.11,337.05,339.105,819678.0,338.946725
2026-08-26T20:30:46.590,7,9,GOOG260904P00325000,GOOG,2026-09-04,put,325.0,1.22,126.0,1.41,65.0,1.315,1.41,1.0,0.2839,-0.1616,0.0162,-0.2,0.1304,-0.0138,2026-08-26,342.975,343.11,337.05,339.105,819678.0,338.946725
2026-08-26T20:30:46.590,7,9,GOOG260904P00327500,GOOG,2026-09-04,put,327.5,1.68,121.0,1.94,266.0,1.81,1.94,1.0,0.2842,-0.2076,0.0189,-0.2334,0.1524,-0.0178,2026-08-26,342.975,343.11,337.05,339.105,819678.0,338.946725
2026-08-26T20:30:46.590,7,9,GOOG260904P00330000,GOOG,2026-09-04,put,330.0,2.25,22.0,2.41,18.0,2.33,2.4,1.0,0.2786,-0.2557,0.0217,-0.2561,0.1712,-0.0219,2026-08-26,342.975,343.11,337.05,339.105,819678.0,338.946725
2026-08-26T20:30:46.590,7,9,GOOG260904P00332500,GOOG,2026-09-04,put,332.5,3.0,18.0,3.32,142.0,3.16,3.27,1.0,0.2829,-0.3165,0.0236,-0.2869,0.1895,-0.0272,2026-08-26,342.975,343.11,337.05,339.105,819678.0,338.946725
2026-08-26T20:30:46.590,7,9,GOOG260904P00335000,GOOG,2026-09-04,put,335.0,3.73,19.0,4.25,29.0,3.99,3.95,1.0,0.279,-0.3773,0.0256,-0.3004,0.2022,-0.0325,2026-08-26,342.975,343.11,337.05,339.105,819678.0,338.946725
2026-08-26T20:30:46.590,7,9,GOOG260904P00337500,GOOG,2026-09-04,put,337.5,4.72,41.0,5.27,106.0,4.994999999999999,5.27,3.0,0.2761,-0.4428,0.0269,-0.307,0.2102,-0.0382,2026-08-26,342.975,343.11,337.05,339.105,819678.0,338.946725
2026-08-26T20:30:46.590,7,9,GOOG260904P00340000,GOOG,2026-09-04,put,340.0,6.13,7.0,6.51,20.0,6.32,6.3,4.0,0.2804,-0.5101,0.0267,-0.3129,0.2123,-0.0442,2026-08-26,342.975,343.11,337.05,339.105,819678.0,338.946725
2026-08-26T20:30:46.590,7,9,GOOG260904P00342500,GOOG,2026-09-04,put,342.5,7.45,26.0,7.93,87.0,7.6899999999999995,7.78,1.0,0.2789,-0.5765,0.0264,-0.3029,0.2084,-0.0501,2026-08-26,342.975,343.11,337.05,339.105,819678.0,338.946725
2026-08-26T20:30:46.590,7,9,GOOG260904P00345000,GOOG,2026-09-04,put,345.0,8.85,24.0,9.65,26.0,9.25,9.12,2.0,0.2788,-0.6402,0.0252,-0.286,0.1991,-0.0558,2026-08-26,342.975,343.11,337.05,339.105,819678.0,338.946725
2026-08-26T20:30:46.590,7,9,GOOG260904P00347500,GOOG,2026-09-04,put,347.5,10.65,32.0,11.48,37.0,11.065000000000001,12.45,1.0,0.2843,-0.6961,0.0231,-0.2695,0.1862,-0.0609,2026-08-26,342.975,343.11,337.05,339.105,819678.0,338.946725
2026-08-26T20:30:46.590,7,9,GOOG260904P00350000,GOOG,2026-09-04,put,350.0,12.21,31.0,13.25,35.0,12.73,12.73,1.0,0.2736,-0.7585,0.0214,-0.2257,0.166,-0.0665,2026-08-26,342.975,343.11,337.05,339.105,819678.0,338.946725
2026-08-26T20:30:46.590,7,9,GOOG260904P00352500,GOOG,2026-09-04,put,352.5,14.07,97.0,15.8,161.0,14.935,14.75,15.0,0.2882,-0.7942,0.0186,-0.2146,0.1516,-0.0701,2026-08-26,342.975,343.11,337.05,339.105,819678.0,338.946725
2026-08-26T20:30:46.590,7,9,GOOG260904P00355000,GOOG,2026-09-04,put,355.0,15.27,44.0,18.97,61.0,17.119999999999997,17.23,1.0,0.2971,-0.8281,0.0161,-0.1944,0.1357,-0.0734,2026-08-26,342.975,343.11,337.05,339.105,819678.0,338.946725
2026-08-26T20:30:46.590,7,9,GOOG260904P00357500,GOOG,2026-09-04,put,357.5,17.69,168.0,21.22,118.0,19.455,20.22,2.0,0.3133,-0.8504,0.014,-0.1851,0.1239,-0.0759,2026-08-26,342.975,343.11,337.05,339.105,819678.0,338.946725
2026-08-26T20:30:46.590,7,9,GOOG260904P00360000,GOOG,2026-09-04,put,360.0,19.59,35.0,23.4,40.0,21.494999999999997,23.4,100.0,0.2987,-0.8924,0.0116,-0.1313,0.0985,-0.0799,2026-08-26,342.975,343.11,337.05,339.105,819678.0,338.946725
2026-08-26T20:30:46.590,7,9,GOOG260904P00362500,GOOG,2026-09-04,put,362.5,22.23,39.0,25.96,39.0,24.095,25.05,1.0,0.3341,-0.8916,0.0105,-0.1515,0.0991,-0.0805,2026-08-26,342.975,343.11,337.05,339.105,819678.0,338.946725
2026-08-26T20:30:46.590,7,9,GOOG260904P00365000,GOOG,2026-09-04,put,365.0,24.65,16.0,27.75,14.0,26.2,22.28,1.0,0.312,-0.9287,0.0082,-0.0918,0.0725,-0.0841,2026-08-26,342.975,343.11,337.05,339.105,819678.0,338.946725
2026-08-26T20:30:46.590,7,9,GOOG260904P00367500,GOOG,2026-09-04,put,367.5,27.75,6.0,30.01,5.0,28.880000000000003,25.15,1.0,0.3584,-0.9179,0.0079,-0.127,0.0807,-0.0838,2026-08-26,342.975,343.11,337.05,339.105,819678.0,338.946725
2026-08-26T20:30:46.590,7,9,GOOG260904P00370000,GOOG,2026-09-04,put,370.0,30.58,40.0,33.64,45.0,32.11,31.01,1.0,0.4595,-0.8779,0.0083,-0.2424,0.1078,-0.0813,2026-08-26,342.975,343.11,337.05,339.105,819678.0,338.946725
2026-08-26T20:30:46.590,7,9,GOOG260904P00375000,GOOG,2026-09-04,put,375.0,35.07,20.0,36.87,19.0,35.97,35.96,1.0,0.3566,-0.9607,0.0045,-0.0537,0.0452,-0.0892,2026-08-26,342.975,343.11,337.05,339.105,819678.0,338.946725
2026-08-26T20:30:46.590,7,9,GOOG260904P00380000,GOOG,2026-09-04,put,380.0,39.47,32.0,42.63,56.0,41.05,42.05,1.0,0.413,-0.9568,0.0042,-0.0758,0.0488,-0.0901,2026-08-26,342.975,343.11,337.05,339.105,819678.0,338.946725
2026-08-26T20:30:46.590,7,9,GOOG260904P00385000,GOOG,2026-09-04,put,385.0,44.21,11.0,48.51,11.0,46.36,42.37,10.0,0.5078,-0.9388,0.0045,-0.1455,0.0644,-0.0899,2026-08-26,342.975,343.11,337.05,339.105,819678.0,338.946725
2026-08-26T20:30:46.590,7,9,GOOG260904P00390000,GOOG,2026-09-04,put,390.0,50.1,19.0,53.14,18.0,51.620000000000005,48.6,1.0,0.5872,-0.9285,0.0044,-0.2007,0.0727,-0.0903,2026-08-26,342.975,343.11,337.05,339.105,819678.0,338.946725
2026-08-26T20:30:46.590,7,9,GOOG260904P00395000,GOOG,2026-09-04,put,395.0,55.35,11.0,56.85,11.0,56.1,54.07,1.0,0.5382,-0.9605,0.003,-0.0979,0.0454,-0.0941,2026-08-26,342.975,343.11,337.05,339.105,819678.0,338.946725
2026-08-26T20:30:46.590,7,9,GOOG260904P00400000,GOOG,2026-09-04,put,400.0,61.1,19.0,63.2,17.0,62.150000000000006,35.65,15.0,0.7384,-0.9134,0.004,-0.3079,0.084,-0.0917,2026-08-26,342.975,343.11,337.05,339.105,819678.0,338.946725
2026-08-26T20:30:46.590,7,9,GOOG260904P00405000,GOOG,2026-09-04,put,405.0,66.23,11.0,67.01,11.0,66.62,,,0.7076,-0.9379,0.0032,-0.2179,0.0651,-0.0948,2026-08-26,342.975,343.11,337.05,339.105,819678.0,338.946725
2026-08-26T20:30:46.590,7,9,GOOG260904P00410000,GOOG,2026-09-04,put,410.0,68.92,11.0,72.28,11.0,70.6,,,,,,,,,2026-08-26,342.975,343.11,337.05,339.105,819678.0,338.946725
2026-08-26T20:30:46.590,7,9,GOOG260904P00415000,GOOG,2026-09-04,put,415.0,74.95,18.0,77.38,15.0,76.16499999999999,,,0.6962,-0.9631,0.0022,-0.1263,0.043,-0.0993,2026-08-26,342.975,343.11,337.05,339.105,819678.0,338.946725
2026-08-26T20:30:46.590,7,9,GOOG260904P00420000,GOOG,2026-09-04,put,420.0,79.75,10.0,80.79,11.0,80.27000000000001,,,,,,,,,2026-08-26,342.975,343.11,337.05,339.105,819678.0,338.946725
2026-08-26T20:30:46.590,7,9,GOOG260904P00425000,GOOG,2026-09-04,put,425.0,85.89,13.0,88.14,18.0,87.015,,,0.9178,-0.932,0.0027,-0.3165,0.0699,-0.0994,2026-08-26,342.975,343.11,337.05,339.105,819678.0,338.946725
2026-08-26T20:30:46.590,7,9,GOOG260904P00430000,GOOG,2026-09-04,put,430.0,91.68,20.0,93.78,5.0,92.73,,,1.048,-0.9127,0.0028,-0.4522,0.0845,-0.0992,2026-08-26,342.975,343.11,337.05,339.105,819678.0,338.946725
2026-08-26T20:30:46.590,7,9,GOOG260904P00435000,GOOG,2026-09-04,put,435.0,96.63,13.0,98.83,8.0,97.72999999999999,,,1.0859,-0.915,0.0027,-0.4595,0.0829,-0.1006,2026-08-26,342.975,343.11,337.05,339.105,819678.0,338.946725
2026-08-26T20:30:46.590,7,9,GOOG260904P00440000,GOOG,2026-09-04,put,440.0,100.61,10.0,102.65,2.0,101.63,,,,,,,,,2026-08-26,342.975,343.11,337.05,339.105,819678.0,338.946725
2026-08-26T20:30:46.590,7,9,GOOG260904P00445000,GOOG,2026-09-04,put,445.0,104.89,14.0,108.62,5.0,106.755,,,1.018,-0.947,0.002,-0.2827,0.0575,-0.1055,2026-08-26,342.975,343.11,337.05,339.105,819678.0,338.946725
2026-08-26T20:30:46.590,7,9,GOOG260904P00450000,GOOG,2026-09-04,put,450.0,107.9,10.0,111.17,9.0,109.535,,,,,,,,,2026-08-26,342.975,343.11,337.05,339.105,819678.0,338.946725
2026-08-26T20:30:46.590,7,9,GOOG260904P00455000,GOOG,2026-09-04,put,455.0,115.8,17.0,119.0,5.0,117.4,,,,,,,,,2026-08-26,342.975,343.11,337.05,339.105,819678.0,338.946725
2026-08-26T20:30:46.590,7,9,GOOG260904P00460000,GOOG,2026-09-04,put,460.0,120.72,12.0,124.35,10.0,122.535,,,,,,,,,2026-08-26,342.975,343.11,337.05,339.105,819678.0,338.946725
2026-08-26T20:30:46.590,7,9,GOOG260904P00465000,GOOG,2026-09-04,put,465.0,122.53,10.0,129.38,10.0,125.955,,,,,,,,,2026-08-26,342.975,343.11,337.05,339.105,819678.0,338.946725
2026-08-26T20:30:46.590,7,9,GOOG260904P00470000,GOOG,2026-09-04,put,470.0,128.639,15.0,133.49,18.0,131.0645,,,,,,,,,2026-08-26,342.975,343.11,337.05,339.105,819678.0,338.946725
2026-08-26T20:30:46.590,7,9,GOOG260904P00480000,GOOG,2026-09-04,put,480.0,141.96,10.0,142.67,10.0,142.315,,,,,,,,,2026-08-26,342.975,343.11,337.05,339.105,819678.0,338.946725
2026-08-26T20:30:46.590,14,16,GOOG260911C00200000,GOOG,2026-09-11,call,200.0,134.84,3.0,142.1,3.0,138.47,142.87,1.0,,,,,,,2026-08-26,342.975,343.11,337.05,339.105,819678.0,338.946725
2026-08-26T20:30:46.590,14,16,GOOG260911C00205000,GOOG,2026-09-11,call,205.0,134.4,1.0,134.98,1.0,134.69,170.99,1.0,,,,,,,2026-08-26,342.975,343.11,337.05,339.105,819678.0,338.946725
2026-08-26T20:30:46.590,14,16,GOOG260911C00210000,GOOG,2026-09-11,call,210.0,129.389,1.0,133.19,1.0,131.2895,166.87,1.0,,,,,,,2026-08-26,342.975,343.11,337.05,339.105,819678.0,338.946725
2026-08-26T20:30:46.590,14,16,GOOG260911C00215000,GOOG,2026-09-11,call,215.0,122.48,1.0,127.98,1.0,125.23,161.73,1.0,,,,,,,2026-08-26,342.975,343.11,337.05,339.105,819678.0,338.946725
2026-08-26T20:30:46.590,14,16,GOOG260911C00220000,GOOG,2026-09-11,call,220.0,118.89,1.0,122.14,1.0,120.515,,,,,,,,,2026-08-26,342.975,343.11,337.05,339.105,819678.0,338.946725
2026-08-26T20:30:46.590,14,16,GOOG260911C00225000,GOOG,2026-09-11,call,225.0,110.67,1.0,118.17,1.0,114.42,,,0.7666,0.9959,0.0002,-0.0428,0.0086,0.0978,2026-08-26,342.975,343.11,337.05,339.105,819678.0,338.946725
2026-08-26T20:30:46.590,14,16,GOOG260911C00230000,GOOG,2026-09-11,call,230.0,107.8,1.0,111.14,2.0,109.47,,,0.7686,0.9938,0.0003,-0.0524,0.0124,0.0997,2026-08-26,342.975,343.11,337.05,339.105,819678.0,338.946725
2026-08-26T20:30:46.590,14,16,GOOG260911C00235000,GOOG,2026-09-11,call,235.0,102.55,12.0,105.99,10.0,104.27,,,,,,,,,2026-08-26,342.975,343.11,337.05,339.105,819678.0,338.946725
2026-08-26T20:30:46.590,14,16,GOOG260911C00240000,GOOG,2026-09-11,call,240.0,97.29,1.0,102.94,1.0,100.11500000000001,103.8,1.0,,,,,,,2026-08-26,342.975,343.11,337.05,339.105,819678.0,338.946725
2026-08-26T20:30:46.590,14,16,GOOG260911C00245000,GOOG,2026-09-11,call,245.0,92.69,1.0,96.94,1.0,94.815,131.77,1.0,0.7906,0.98,0.0009,-0.1084,0.0343,0.1041,2026-08-26,342.975,343.11,337.05,339.105,819678.0,338.946725
2026-08-26T20:30:46.590,14,16,GOOG260911C00250000,GOOG,2026-09-11,call,250.0,87.98,1.0,89.73,1.0,88.855,98.08,1.0,,,,,,,2026-08-26,342.975,343.11,337.05,339.105,819678.0,338.946725
2026-08-26T20:30:46.590,14,16,GOOG260911C00255000,GOOG,2026-09-11,call,255.0,83.25,10.0,85.48,10.0,84.36500000000001,,,,,,,,,2026-08-26,342.975,343.11,337.05,339.105,819678.0,338.946725
2026-08-26T20:30:46.590,14,16,GOOG260911C00260000,GOOG,2026-09-11,call,260.0,78.96,10.0,82.14,14.0,80.55,,,0.7967,0.9539,0.0017,-0.195,0.0686,0.1064,2026-08-26,342.975,343.11,337.05,339.105,819678.0,338.946725
2026-08-26T20:30:46.590,14,16,GOOG260911C00265000,GOOG,2026-09-11,call,265.0,73.72,11.0,74.83,1.0,74.275,74.36,1.0,,,,,,,2026-08-26,342.975,343.11,337.05,339.105,819678.0,338.946725
2026-08-26T20:30:46.590,14,16,GOOG260911C00270000,GOOG,2026-09-11,call,270.0,67.43,30.0,71.14,23.0,69.285,71.52,1.0,,,,,,,2026-08-26,342.975,343.11,337.05,339.105,819678.0,338.946725
2026-08-26T20:30:46.590,14,16,GOOG260911C00275000,GOOG,2026-09-11,call,275.0,62.28,34.0,65.59,25.0,63.935,68.39,1.0,,,,,,,2026-08-26,342.975,343.11,337.05,339.105,819678.0,338.946725
2026-08-26T20:30:46.590,14,16,GOOG260911C00280000,GOOG,2026-09-11,call,280.0,58.96,21.0,60.02,22.0,59.49,63.47,1.0,0.3747,0.9937,0.0007,-0.0423,0.0126,0.1216,2026-08-26,342.975,343.11,337.05,339.105,819678.0,338.946725
2026-08-26T20:30:46.590,14,16,GOOG260911C00285000,GOOG,2026-09-11,call,285.0,52.11,150.0,56.98,141.0,54.545,60.62,1.0,0.3716,0.989,0.0011,-0.0518,0.0206,0.123,2026-08-26,342.975,343.11,337.05,339.105,819678.0,338.946725
2026-08-26T20:30:46.590,14,16,GOOG260911C00290000,GOOG,2026-09-11,call,290.0,47.5,34.0,50.11,23.0,48.805,55.72,1.0,,,,,,,2026-08-26,342.975,343.11,337.05,339.105,819678.0,338.946725
2026-08-26T20:30:46.590,14,16,GOOG260911C00295000,GOOG,2026-09-11,call,295.0,43.1,26.0,45.76,36.0,44.43,50.14,1.0,,,,,,,2026-08-26,342.975,343.11,337.05,339.105,819678.0,338.946725
2026-08-26T20:30:46.590,14,16,GOOG260911C00300000,GOOG,2026-09-11,call,300.0,38.28,21.0,41.68,21.0,39.980000000000004,39.62,1.0,0.3613,0.953,0.0038,-0.1068,0.0697,0.1241,2026-08-26,342.975,343.11,337.05,339.105,819678.0,338.946725
2026-08-26T20:30:46.590,14,16,GOOG260911C00305000,GOOG,2026-09-11,call,305.0,32.63,28.0,36.88,19.0,34.755,36.31,1.0,0.2859,0.9657,0.0037,-0.0772,0.0539,0.1283,2026-08-26,342.975,343.11,337.05,339.105,819678.0,338.946725
2026-08-26T20:30:46.590,14,16,GOOG260911C00310000,GOOG,2026-09-11,call,310.0,28.42,8.0,31.33,6.0,29.875,34.48,1.0,0.2668,0.9512,0.0053,-0.0889,0.0718,0.1283,2026-08-26,342.975,343.11,337.05,339.105,819678.0,338.946725
2026-08-26T20:30:46.590,14,16,GOOG260911C00315000,GOOG,2026-09-11,call,315.0,23.92,53.0,26.9,39.0,25.41,25.09,2.0,0.2807,0.9041,0.0085,-0.1339,0.1208,0.1232,2026-08-26,342.975,343.11,337.05,339.105,819678.0,338.946725
2026-08-26T20:30:46.590,14,16,GOOG260911C00317500,GOOG,2026-09-11,call,317.5,21.48,94.0,24.07,18.0,22.775,,,0.2474,0.9068,0.0095,-0.1197,0.1183,0.1248,2026-08-26,342.975,343.11,337.05,339.105,819678.0,338.946725
2026-08-26T20:30:46.590,14,16,GOOG260911C00320000,GOOG,2026-09-11,call,320.0,19.27,189.0,23.03,123.0,21.15,20.98,1.0,0.2846,0.8471,0.0117,-0.1755,0.1676,0.1166,2026-08-26,342.975,343.11,337.05,339.105,819678.0,338.946725
2026-08-26T20:30:46.590,14,16,GOOG260911C00322500,GOOG,2026-09-11,call,322.5,17.82,31.0,20.37,87.0,19.095,23.05,5.0,0.2836,0.815,0.0133,-0.1935,0.1895,0.1127,2026-08-26,342.975,343.11,337.05,339.105,819678.0,338.946725
2026-08-26T20:30:46.590,14,16,GOOG260911C00325000,GOOG,2026-09-11,call,325.0,16.2,91.0,17.94,30.0,17.07,16.49,5.0,0.2798,0.7811,0.0149,-0.2079,0.2096,0.1086,2026-08-26,342.975,343.11,337.05,339.105,819678.0,338.946725
2026-08-26T20:30:46.590,14,16,GOOG260911C00327500,GOOG,2026-09-11,call,327.5,14.29,22.0,15.65,22.0,14.969999999999999,13.78,9.0,0.269,0.7481,0.0167,-0.2141,0.2264,0.1046,2026-08-26,342.975,343.11,337.05,339.105,819678.0,338.946725
2026-08-26T20:30:46.590,14,16,GOOG260911C00330000,GOOG,2026-09-11,call,330.0,12.55,29.0,13.76,27.0,13.155000000000001,12.75,1.0,0.267,0.7045,0.0182,-0.2269,0.2451,0.0989,2026-08-26,342.975,343.11,337.05,339.105,819678.0,338.946725
2026-08-26T20:30:46.590,14,16,GOOG260911C00332500,GOOG,2026-09-11,call,332.5,11.16,5.0,11.68,21.0,11.42,11.28,5.0,0.2636,0.6579,0.0196,-0.2358,0.2607,0.0927,2026-08-26,342.975,343.11,337.05,339.105,819678.0,338.946725
2026-08-26T20:30:46.590,14,16,GOOG260911C00335000,GOOG,2026-09-11,call,335.0,9.74,9.0,10.36,22.0,10.05,10.0,3.0,0.2694,0.605,0.0201,-0.2494,0.2733,0.0855,2026-08-26,342.975,343.11,337.05,339.105,819678.0,338.946725
2026-08-26T20:30:46.590,14,16,GOOG260911C00337500,GOOG,2026-09-11,call,337.5,8.23,19.0,8.83,17.0,8.530000000000001,8.73,1.0,0.2648,0.554,0.021,-0.2499,0.2805,0.0786,2026-08-26,342.975,343.11,337.05,339.105,819678.0,338.946725
2026-08-26T20:30:46.590,14,16,GOOG260911C00340000,GOOG,2026-09-11,call,340.0,7.14,84.0,7.59,92.0,7.365,7.45,1.0,0.2682,0.5014,0.021,-0.2534,0.2831,0.0713,2026-08-26,342.975,343.11,337.05,339.105,819678.0,338.946725
2026-08-26T20:30:46.590,14,16,GOOG260911C00342500,GOOG,2026-09-11,call,342.5,5.85,57.0,6.47,42.0,6.16,6.3,10.0,0.2655,0.4487,0.021,-0.2475,0.2808,0.064,2026-08-26,342.975,343.11,337.05,339.105,819678.0,338.946725
2026-08-26T20:30:46.590,14,16,GOOG260911C00345000,GOOG,2026-09-11,call,345.0,4.93,159.0,5.38,97.0,5.154999999999999,5.22,1.0,0.2654,0.3975,0.0205,-0.2399,0.2737,0.0568,2026-08-26,342.975,343.11,337.05,339.105,819678.0,338.946725
2026-08-26T20:30:46.590,14,16,GOOG260911C00347500,GOOG,2026-09-11,call,347.5,4.01,44.0,4.62,38.0,4.3149999999999995,4.3,1.0,0.2669,0.3493,0.0195,-0.2304,0.2627,0.05,2026-08-26,342.975,343.11,337.05,339.105,819678.0,338.946725
2026-08-26T20:30:46.590,14,16,GOOG260911C00350000,GOOG,2026-09-11,call,350.0,3.38,125.0,3.65,20.0,3.5149999999999997,3.5,9.0,0.2654,0.302,0.0185,-0.2151,0.2475,0.0433,2026-08-26,342.975,343.11,337.05,339.105,819678.0,338.946725
2026-08-26T20:30:46.590,14,16,GOOG260911C00352500,GOOG,2026-09-11,call,352.5,2.76,151.0,3.17,45.0,2.965,3.03,1.0,0.2699,0.2627,0.017,-0.2037,0.2314,0.0377,2026-08-26,342.975,343.11,337.05,339.105,819678.0,338.946725
2026-08-26T20:30:46.590,14,16,GOOG260911C00355000,GOOG,2026-09-11,call,355.0,2.35,5.0,2.54,5.0,2.4450000000000003,2.44,30.0,0.2719,0.2254,0.0156,-0.1884,0.2131,0.0324,2026-08-26,342.975,343.11,337.05,339.105,819678.0,338.946725
2026-08-26T20:30:46.590,14,16,GOOG260911C00357500,GOOG,2026-09-11,call,357.5,1.73,188.0,2.15,125.0,1.94,1.99,1.0,0.2705,0.1888,0.0141,-0.1684,0.1919,0.0272,2026-08-26,342.975,343.11,337.05,339.105,819678.0,338.946725
2026-08-26T20:30:46.590,14,16,GOOG260911C00360000,GOOG,2026-09-11,call,360.0,1.53,1.0,1.73,156.0,1.63,1.6,1.0,0.2755,0.162,0.0125,-0.1552,0.1741,0.0234,2026-08-26,342.975,343.11,337.05,339.105,819678.0,338.946725
2026-08-26T20:30:46.590,14,16,GOOG260911C00362500,GOOG,2026-09-11,call,362.5,1.15,193.0,1.52,165.0,1.335,1.25,1.0,0.2782,0.1368,0.0111,-0.1397,0.1555,0.0197,2026-08-26,342.975,343.11,337.05,339.105,819678.0,338.946725
2026-08-26T20:30:46.590,14,16,GOOG260911C00365000,GOOG,2026-09-11,call,365.0,1.03,29.0,1.17,82.0,1.1,1.03,2.0,0.2816,0.1156,0.0097,-0.1255,0.1383,0.0167,2026-08-26,342.975,343.11,337.05,339.105,819678.0,338.946725
2026-08-26T20:30:46.590,14,16,GOOG260911C00370000,GOOG,2026-09-11,call,370.0,0.62,416.0,0.86,414.0,0.74,0.7,1.0,0.288,0.0815,0.0074,-0.099,0.107,0.0118,2026-08-26,342.975,343.11,337.05,339.105,819678.0,338.946725
2026-08-26T20:30:46.590,14,16,GOOG260911C00375000,GOOG,2026-09-11,call,375.0,0.39,109.0,0.6,54.0,0.495,0.5,1.0,0.2943,0.0568,0.0055,-0.0764,0.081,0.0082,2026-08-26,342.975,343.11,337.05,339.105,819678.0,338.946725
2026-08-26T20:30:46.590,14,16,GOOG260911C00380000,GOOG,2026-09-11,call,380.0,0.32,160.0,0.34,3.0,0.33,0.34,3.0,0.3005,0.0393,0.004,-0.0579,0.0603,0.0057,2026-08-26,342.975,343.11,337.05,339.105,819678.0,338.946725
2026-08-26T20:30:46.590,14,16,GOOG260911C00385000,GOOG,2026-09-11,call,385.0,0.18,143.0,0.27,16.0,0.225,0.26,1.0,0.3077,0.0275,0.0029,-0.0441,0.0449,0.004,2026-08-26,342.975,343.11,337.05,339.105,819678.0,338.946725
2026-08-26T20:30:46.590,14,16,GOOG260911C00390000,GOOG,2026-09-11,call,390.0,0.12,48.0,0.38,176.0,0.25,0.2,2.0,0.3394,0.0278,0.0026,-0.0489,0.0453,0.004,2026-08-26,342.975,343.11,337.05,339.105,819678.0,338.946725
2026-08-26T20:30:46.590,14,16,GOOG260911C00395000,GOOG,2026-09-11,call,395.0,0.01,134.0,0.27,118.0,0.14,0.35,1.0,0.3346,0.0168,0.0018,-0.0315,0.0296,0.0024,2026-08-26,342.975,343.11,337.05,339.105,819678.0,338.946725
2026-08-26T20:30:46.590,14,16,GOOG260911C00400000,GOOG,2026-09-11,call,400.0,0.07,161.0,0.21,157.0,0.14,0.12,9.0,0.358,0.0158,0.0016,-0.032,0.0281,0.0023,2026-08-26,342.975,343.11,337.05,339.105,819678.0,338.946725
2026-08-26T20:30:46.590,14,16,GOOG260911C00405000,GOOG,2026-09-11,call,405.0,0.09,82.0,0.15,88.0,0.12,0.1,1.0,0.3732,0.0133,0.0013,-0.0287,0.0242,0.0019,2026-08-26,342.975,343.11,337.05,339.105,819678.0,338.946725
2026-08-26T20:30:46.590,14,16,GOOG260911C00410000,GOOG,2026-09-11,call,410.0,0.09,10.0,0.28,233.0,0.185,0.09,25.0,0.4194,0.0177,0.0015,-0.0411,0.031,0.0025,2026-08-26,342.975,343.11,337.05,339.105,819678.0,338.946725
2026-08-26T20:30:46.590,14,16,GOOG260911C00415000,GOOG,2026-09-11,call,415.0,0.01,284.0,0.1,114.0,0.055,0.25,8.0,0.3795,0.0065,0.0007,-0.0155,0.0129,0.0009,2026-08-26,342.975,343.11,337.05,339.105,819678.0,338.946725
2026-08-26T20:30:46.590,14,16,GOOG260911C00420000,GOOG,2026-09-11,call,420.0,0.01,233.0,0.15,126.0,0.08,0.13,1.0,0.4169,0.0084,0.0008,-0.0213,0.0162,0.0012,2026-08-26,342.975,343.11,337.05,339.105,819678.0,338.946725
2026-08-26T20:30:46.590,14,16,GOOG260911C00425000,GOOG,2026-09-11,call,425.0,0.01,56.0,0.22,104.0,0.115,0.07,1.0,0.4567,0.0107,0.0009,-0.029,0.0201,0.0015,2026-08-26,342.975,343.11,337.05,339.105,819678.0,338.946725
2026-08-26T20:30:46.590,14,16,GOOG260911C00430000,GOOG,2026-09-11,call,430.0,0.03,24.0,0.18,67.0,0.105,0.1,3.0,0.4717,0.0096,0.0008,-0.0272,0.0182,0.0014,2026-08-26,342.975,343.11,337.05,339.105,819678.0,338.946725
2026-08-26T20:30:46.590,14,16,GOOG260911C00435000,GOOG,2026-09-11,call,435.0,0.03,58.0,0.21,106.0,0.12,0.11,1.0,0.4997,0.0103,0.0008,-0.0306,0.0194,0.0015,2026-08-26,342.975,343.11,337.05,339.105,819678.0,338.946725
2026-08-26T20:30:46.590,14,16,GOOG260911C00440000,GOOG,2026-09-11,call,440.0,0.03,1.0,0.21,4.0,0.12,0.21,2.0,0.5195,0.0099,0.0007,-0.0309,0.0188,0.0014,2026-08-26,342.975,343.11,337.05,339.105,819678.0,338.946725
2026-08-26T20:30:46.590,14,16,GOOG260911C00445000,GOOG,2026-09-11,call,445.0,0.01,6.0,0.2,9.0,0.10500000000000001,0.11,2.0,0.5304,0.0086,0.0006,-0.0279,0.0167,0.0012,2026-08-26,342.975,343.11,337.05,339.105,819678.0,338.946725
2026-08-26T20:30:46.590,14,16,GOOG260911C00450000,GOOG,2026-09-11,call,450.0,0.0,0.0,0.4,34.0,0.2,0.11,2.0,,,,,,,2026-08-26,342.975,343.11,337.05,339.105,819678.0,338.946725
2026-08-26T20:30:46.590,14,16,GOOG260911C00455000,GOOG,2026-09-11,call,455.0,0.0,0.0,0.13,71.0,0.065,0.04,1.0,,,,,,,2026-08-26,342.975,343.11,337.05,339.105,819678.0,338.946725
2026-08-26T20:30:46.590,14,16,GOOG260911C00460000,GOOG,2026-09-11,call,460.0,0.03,24.0,0.2,31.0,0.115,0.08,1.0,0.5925,0.0085,0.0006,-0.0307,0.0164,0.0012,2026-08-26,342.975,343.11,337.05,339.105,819678.0,338.946725
2026-08-26T20:30:46.590,14,16,GOOG260911C00465000,GOOG,2026-09-11,call,465.0,0.0,0.0,0.35,15.0,0.175,0.08,2.0,,,,,,,2026-08-26,342.975,343.11,337.05,339.105,819678.0,338.946725
2026-08-26T20:30:46.590,14,16,GOOG260911C00470000,GOOG,2026-09-11,call,470.0,0.0,0.0,0.35,2.0,0.175,0.09,1.0,,,,,,,2026-08-26,342.975,343.11,337.05,339.105,819678.0,338.946725
2026-08-26T20:30:46.590,14,16,GOOG260911C00480000,GOOG,2026-09-11,call,480.0,0.0,0.0,0.16,187.0,0.08,0.1,1.0,,,,,,,2026-08-26,342.975,343.11,337.05,339.105,819678.0,338.946725
2026-08-26T20:30:46.590,14,16,GOOG260911P00200000,GOOG,2026-09-11,put,200.0,0.0,0.0,0.54,172.0,0.27,0.11,1.0,,,,,,,2026-08-26,342.975,343.11,337.05,339.105,819678.0,338.946725
2026-08-26T20:30:46.590,14,16,GOOG260911P00205000,GOOG,2026-09-11,put,205.0,0.01,1.0,0.49,185.0,0.25,0.05,2.0,,,,,,,2026-08-26,342.975,343.11,337.05,339.105,819678.0,338.946725
2026-08-26T20:30:46.590,14,16,GOOG260911P00210000,GOOG,2026-09-11,put,210.0,0.0,0.0,0.37,468.0,0.185,,,,,,,,,2026-08-26,342.975,343.11,337.05,339.105,819678.0,338.946725
2026-08-26T20:30:46.590,14,16,GOOG260911P00215000,GOOG,2026-09-11,put,215.0,0.0,0.0,2.12,9.0,1.06,,,,,,,,,2026-08-26,342.975,343.11,337.05,339.105,819678.0,338.946725
2026-08-26T20:30:46.590,14,16,GOOG260911P00220000,GOOG,2026-09-11,put,220.0,0.0,0.0,2.1,7.0,1.05,,,,,,,,,2026-08-26,342.975,343.11,337.05,339.105,819678.0,338.946725
2026-08-26T20:30:46.590,14,16,GOOG260911P00225000,GOOG,2026-09-11,put,225.0,0.0,0.0,2.08,25.0,1.04,0.12,1.0,,,,,,,2026-08-26,342.975,343.11,337.05,339.105,819678.0,338.946725
2026-08-26T20:30:46.590,14,16,GOOG260911P00230000,GOOG,2026-09-11,put,230.0,0.0,0.0,1.1,21.0,0.55,0.06,1.0,,,,,,,2026-08-26,342.975,343.11,337.05,339.105,819678.0,338.946725
2026-08-26T20:30:46.590,14,16,GOOG260911P00235000,GOOG,2026-09-11,put,235.0,0.0,0.0,0.38,95.0,0.19,0.05,1.0,,,,,,,2026-08-26,342.975,343.11,337.05,339.105,819678.0,338.946725
2026-08-26T20:30:46.590,14,16,GOOG260911P00240000,GOOG,2026-09-11,put,240.0,0.01,1.0,0.04,20.0,0.025,0.1,1.0,0.5878,-0.002,0.0002,-0.0081,0.0045,-0.0003,2026-08-26,342.975,343.11,337.05,339.105,819678.0,338.946725
2026-08-26T20:30:46.590,14,16,GOOG260911P00245000,GOOG,2026-09-11,put,245.0,0.0,0.0,0.32,9.0,0.16,0.06,1.0,,,,,,,2026-08-26,342.975,343.11,337.05,339.105,819678.0,338.946725
2026-08-26T20:30:46.590,14,16,GOOG260911P00250000,GOOG,2026-09-11,put,250.0,0.0,0.0,0.17,53.0,0.085,0.06,1.0,,,,,,,2026-08-26,342.975,343.11,337.05,339.105,819678.0,338.946725
2026-08-26T20:30:46.590,14,16,GOOG260911P00255000,GOOG,2026-09-11,put,255.0,0.01,27.0,0.05,47.0,0.030000000000000002,0.06,1.0,0.5016,-0.0027,0.0002,-0.0093,0.006,-0.0004,2026-08-26,342.975,343.11,337.05,339.105,819678.0,338.946725
2026-08-26T20:30:46.590,14,16,GOOG260911P00260000,GOOG,2026-09-11,put,260.0,0.01,15.0,0.18,118.0,0.095,0.07,1.0,0.5349,-0.0074,0.0005,-0.0239,0.0145,-0.0011,2026-08-26,342.975,343.11,337.05,339.105,819678.0,338.946725
2026-08-26T20:30:46.590,14,16,GOOG260911P00265000,GOOG,2026-09-11,put,265.0,0.03,11.0,0.23,138.0,0.13,0.1,1.0,0.5212,-0.01,0.0007,-0.0305,0.0189,-0.0015,2026-08-26,342.975,343.11,337.05,339.105,819678.0,338.946725
2026-08-26T20:30:46.590,14,16,GOOG260911P00270000,GOOG,2026-09-11,put,270.0,0.05,6.0,0.08,56.0,0.065,0.08,1.0,0.4459,-0.0062,0.0006,-0.0171,0.0124,-0.0009,2026-08-26,342.975,343.11,337.05,339.105,819678.0,338.946725
2026-08-26T20:30:46.590,14,16,GOOG260911P00275000,GOOG,2026-09-11,put,275.0,0.03,85.0,0.13,35.0,0.08,0.08,1.0,0.4243,-0.0078,0.0007,-0.02,0.0153,-0.0012,2026-08-26,342.975,343.11,337.05,339.105,819678.0,338.946725
2026-08-26T20:30:46.590,14,16,GOOG260911P00280000,GOOG,2026-09-11,put,280.0,0.05,44.0,0.19,43.0,0.12,0.1,1.0,0.4132,-0.0116,0.001,-0.0273,0.0215,-0.0018,2026-08-26,342.975,343.11,337.05,339.105,819678.0,338.946725
2026-08-26T20:30:46.590,14,16,GOOG260911P00285000,GOOG,2026-09-11,put,285.0,0.01,95.0,0.18,58.0,0.095,0.11,1.0,0.368,-0.0104,0.0011,-0.0222,0.0196,-0.0016,2026-08-26,342.975,343.11,337.05,339.105,819678.0,338.946725
2026-08-26T20:30:46.590,14,16,GOOG260911P00290000,GOOG,2026-09-11,put,290.0,0.05,79.0,0.24,53.0,0.145,0.14,1.0,0.3561,-0.0157,0.0016,-0.0306,0.028,-0.0024,2026-08-26,342.975,343.11,337.05,339.105,819678.0,338.946725
2026-08-26T20:30:46.590,14,16,GOOG260911P00295000,GOOG,2026-09-11,put,295.0,0.06,82.0,0.3,97.0,0.18,0.17,1.0,0.3333,-0.0202,0.0021,-0.0354,0.0347,-0.0031,2026-08-26,342.975,343.11,337.05,339.105,819678.0,338.946725
2026-08-26T20:30:46.590,14,16,GOOG260911P00300000,GOOG,2026-09-11,put,300.0,0.18,203.0,0.44,223.0,0.31,0.24,1.0,0.3279,-0.0331,0.0032,-0.0525,0.0524,-0.0051,2026-08-26,342.975,343.11,337.05,339.105,819678.0,338.946725
2026-08-26T20:30:46.590,14,16,GOOG260911P00305000,GOOG,2026-09-11,put,305.0,0.37,21.0,0.57,175.0,0.47,0.5,1.0,0.316,-0.0491,0.0045,-0.0695,0.0721,-0.0075,2026-08-26,342.975,343.11,337.05,339.105,819678.0,338.946725
2026-08-26T20:30:46.590,14,16,GOOG260911P00310000,GOOG,2026-09-11,put,310.0,0.53,91.0,0.7,28.0,0.615,0.63,1.0,0.2941,-0.0657,0.0061,-0.0812,0.0908,-0.01,2026-08-26,342.975,343.11,337.05,339.105,819678.0,338.946725
2026-08-26T20:30:46.590,14,16,GOOG260911P00315000,GOOG,2026-09-11,put,315.0,0.9,26.0,1.07,91.0,0.9850000000000001,0.96,1.0,0.2861,-0.0999,0.0086,-0.1078,0.1245,-0.0153,2026-08-26,342.975,343.11,337.05,339.105,819678.0,338.946725
2026-08-26T20:30:46.590,14,16,GOOG260911P00317500,GOOG,2026-09-11,put,317.5,1.15,26.0,1.48,153.0,1.315,1.2,1.0,0.2875,-0.1262,0.0102,-0.1277,0.1471,-0.0193,2026-08-26,342.975,343.11,337.05,339.105,819678.0,338.946725
2026-08-26T20:30:46.590,14,16,GOOG260911P00320000,GOOG,2026-09-11,put,320.0,1.28,166.0,1.64,34.0,1.46,1.6,2.0,0.2729,-0.1434,0.0117,-0.132,0.1605,-0.0219,2026-08-26,342.975,343.11,337.05,339.105,819678.0,338.946725
2026-08-26T20:30:46.590,14,16,GOOG260911P00322500,GOOG,2026-09-11,put,322.5,1.8,57.0,2.05,58.0,1.9249999999999998,2.009,1.0,0.2746,-0.1778,0.0134,-0.1524,0.1848,-0.0273,2026-08-26,342.975,343.11,337.05,339.105,819678.0,338.946725
2026-08-26T20:30:46.590,14,16,GOOG260911P00325000,GOOG,2026-09-11,put,325.0,2.16,118.0,2.63,73.0,2.395,2.49,1.0,0.2717,-0.2127,0.0151,-0.1676,0.2061,-0.0327,2026-08-26,342.975,343.11,337.05,339.105,819678.0,338.946725
2026-08-26T20:30:46.590,14,16,GOOG260911P00327500,GOOG,2026-09-11,put,327.5,2.69,114.0,3.34,180.0,3.0149999999999997,2.98,2.0,0.2715,-0.2536,0.0166,-0.184,0.2273,-0.039,2026-08-26,342.975,343.11,337.05,339.105,819678.0,338.946725
2026-08-26T20:30:46.590,14,16,GOOG260911P00330000,GOOG,2026-09-11,put,330.0,3.38,55.0,3.97,135.0,3.675,3.7,1.0,0.2684,-0.2964,0.0182,-0.1955,0.2454,-0.0457,2026-08-26,342.975,343.11,337.05,339.105,819678.0,338.946725
2026-08-26T20:30:46.590,14,16,GOOG260911P00332500,GOOG,2026-09-11,put,332.5,4.27,20.0,4.97,91.0,4.619999999999999,4.71,1.0,0.272,-0.3461,0.0191,-0.2104,0.2618,-0.0535,2026-08-26,342.975,343.11,337.05,339.105,819678.0,338.946725
2026-08-26T20:30:46.590,14,16,GOOG260911P00335000,GOOG,2026-09-11,put,335.0,5.28,25.0,6.11,12.0,5.695,5.52,5.0,0.2755,-0.3968,0.0197,-0.2216,0.2736,-0.0615,2026-08-26,342.975,343.11,337.05,339.105,819678.0,338.946725
2026-08-26T20:30:46.590,14,16,GOOG260911P00337500,GOOG,2026-09-11,put,337.5,6.08,32.0,6.98,28.0,6.53,6.65,2.0,0.2657,-0.4461,0.021,-0.2173,0.2806,-0.0691,2026-08-26,342.975,343.11,337.05,339.105,819678.0,338.946725
2026-08-26T20:30:46.590,14,16,GOOG260911P00340000,GOOG,2026-09-11,put,340.0,7.64,5.0,7.97,34.0,7.805,7.9,2.0,0.2671,-0.4987,0.021,-0.2188,0.2831,-0.0775,2026-08-26,342.975,343.11,337.05,339.105,819678.0,338.946725
2026-08-26T20:30:46.590,14,16,GOOG260911P00342500,GOOG,2026-09-11,put,342.5,8.94,2.0,9.59,81.0,9.265,9.32,4.0,0.2705,-0.5499,0.0206,-0.218,0.2809,-0.0858,2026-08-26,342.975,343.11,337.05,339.105,819678.0,338.946725
2026-08-26T20:30:46.590,14,16,GOOG260911P00345000,GOOG,2026-09-11,put,345.0,10.23,19.0,10.97,32.0,10.600000000000001,11.25,4.0,0.2648,-0.6028,0.0205,-0.2051,0.2737,-0.0942,2026-08-26,342.975,343.11,337.05,339.105,819678.0,338.946725
2026-08-26T20:30:46.590,14,16,GOOG260911P00347500,GOOG,2026-09-11,put,347.5,11.87,21.0,12.69,24.0,12.28,12.73,3.0,0.2672,-0.6506,0.0195,-0.1962,0.2627,-0.1021,2026-08-26,342.975,343.11,337.05,339.105,819678.0,338.946725
2026-08-26T20:30:46.590,14,16,GOOG260911P00350000,GOOG,2026-09-11,put,350.0,13.4,91.0,14.64,9.0,14.02,15.09,5.0,0.2675,-0.6965,0.0184,-0.1825,0.2481,-0.1096,2026-08-26,342.975,343.11,337.05,339.105,819678.0,338.946725
2026-08-26T20:30:46.590,14,16,GOOG260911P00352500,GOOG,2026-09-11,put,352.5,15.08,61.0,16.45,61.0,15.765,15.6,1.0,0.2634,-0.7429,0.0173,-0.1618,0.2289,-0.1173,2026-08-26,342.975,343.11,337.05,339.105,819678.0,338.946725
2026-08-26T20:30:46.590,14,16,GOOG260911P00355000,GOOG,2026-09-11,put,355.0,17.45,20.0,18.77,17.0,18.11,19.07,1.0,0.2821,-0.7657,0.0153,-0.1643,0.2177,-0.1217,2026-08-26,342.975,343.11,337.05,339.105,819678.0,338.946725
2026-08-26T20:30:46.590,14,16,GOOG260911P00357500,GOOG,2026-09-11,put,357.5,18.2,59.0,22.35,53.0,20.275,20.65,1.0,0.2904,-0.7933,0.0139,-0.1552,0.2027,-0.1268,2026-08-26,342.975,343.11,337.05,339.105,819678.0,338.946725
2026-08-26T20:30:46.590,14,16,GOOG260911P00360000,GOOG,2026-09-11,put,360.0,20.59,45.0,24.06,99.0,22.325,24.06,100.0,0.2899,-0.8249,0.0125,-0.1358,0.183,-0.1324,2026-08-26,342.975,343.11,337.05,339.105,819678.0,338.946725
2026-08-26T20:30:46.590,14,16,GOOG260911P00362500,GOOG,2026-09-11,put,362.5,24.11,61.0,25.89,119.0,25.0,,,0.3214,-0.8262,0.0113,-0.1526,0.1821,-0.1337,2026-08-26,342.975,343.11,337.05,339.105,819678.0,338.946725
2026-08-26T20:30:46.590,14,16,GOOG260911P00365000,GOOG,2026-09-11,put,365.0,24.65,138.0,28.78,134.0,26.715,25.48,5.0,0.2946,-0.8733,0.0099,-0.1037,0.1475,-0.1415,2026-08-26,342.975,343.11,337.05,339.105,819678.0,338.946725
2026-08-26T20:30:46.590,14,16,GOOG260911P00370000,GOOG,2026-09-11,put,370.0,29.35,29.0,33.76,39.0,31.555,31.26,1.0,0.321,-0.8934,0.0081,-0.0976,0.1305,-0.1466,2026-08-26,342.975,343.11,337.05,339.105,819678.0,338.946725
2026-08-26T20:30:46.590,14,16,GOOG260911P00375000,GOOG,2026-09-11,put,375.0,35.07,16.0,38.66,14.0,36.864999999999995,31.5,4.0,0.3811,-0.886,0.0071,-0.1295,0.1369,-0.1478,2026-08-26,342.975,343.11,337.05,339.105,819678.0,338.946725
2026-08-26T20:30:46.590,14,16,GOOG260911P00380000,GOOG,2026-09-11,put,380.0,40.71,11.0,42.49,11.0,41.6,37.14,2.0,0.396,-0.906,0.006,-0.1126,0.119,-0.1529,2026-08-26,342.975,343.11,337.05,339.105,819678.0,338.946725
2026-08-26T20:30:46.590,14,16,GOOG260911P00385000,GOOG,2026-09-11,put,385.0,44.44,10.0,46.66,11.0,45.55,25.33,1.0,0.2894,-0.9795,0.0024,0.0058,0.035,-0.1655,2026-08-26,342.975,343.11,337.05,339.105,819678.0,338.946725
2026-08-26T20:30:46.590,14,16,GOOG260911P00390000,GOOG,2026-09-11,put,390.0,50.39,11.0,52.08,11.0,51.235,46.99,1.0,0.4267,-0.9341,0.0042,-0.0848,0.091,-0.1613,2026-08-26,342.975,343.11,337.05,339.105,819678.0,338.946725
2026-08-26T20:30:46.590,14,16,GOOG260911P00395000,GOOG,2026-09-11,put,395.0,55.2,14.0,57.78,12.0,56.49,39.21,10.0,0.4846,-0.9252,0.0041,-0.1151,0.1003,-0.1622,2026-08-26,342.975,343.11,337.05,339.105,819678.0,338.946725
2026-08-26T20:30:46.590,14,16,GOOG260911P00400000,GOOG,2026-09-11,put,400.0,58.27,12.0,63.43,3.0,60.85,,,0.4345,-0.9605,0.0028,-0.0438,0.0606,-0.1694,2026-08-26,342.975,343.11,337.05,339.105,819678.0,338.946725
2026-08-26T20:30:46.590,14,16,GOOG260911P00405000,GOOG,2026-09-11,put,405.0,63.45,10.0,67.29,11.0,65.37,,,0.2611,-0.9993,0.0001,0.0388,0.0017,-0.1772,2026-08-26,342.975,343.11,337.05,339.105,819678.0,338.946725
2026-08-26T20:30:46.590,14,16,GOOG260911P00410000,GOOG,2026-09-11,put,410.0,69.96,11.0,71.86,11.0,70.91,,,0.4996,-0.96,0.0024,-0.0561,0.0612,-0.1737,2026-08-26,342.975,343.11,337.05,339.105,819678.0,338.946725
2026-08-26T20:30:46.590,14,16,GOOG260911P00415000,GOOG,2026-09-11,put,415.0,75.19,14.0,76.13,10.0,75.66,43.2,1.0,0.477,-0.975,0.0017,-0.0215,0.0415,-0.178,2026-08-26,342.975,343.11,337.05,339.105,819678.0,338.946725
2026-08-26T20:30:46.590,14,16,GOOG260911P00420000,GOOG,2026-09-11,put,420.0,78.41,12.0,82.04,10.0,80.225,76.25,1.0,,,,,,,2026-08-26,342.975,343.11,337.05,339.105,819678.0,338.946725
2026-08-26T20:30:46.590,14,16,GOOG260911P00425000,GOOG,2026-09-11,put,425.0,83.11,10.0,86.88,10.0,84.995,52.25,1.0,,,,,,,2026-08-26,342.975,343.11,337.05,339.105,819678.0,338.946725
2026-08-26T20:30:46.590,14,16,GOOG260911P00430000,GOOG,2026-09-11,put,430.0,89.63,10.0,91.94,10.0,90.785,,,0.5808,-0.9701,0.0016,-0.0458,0.0482,-0.1839,2026-08-26,342.975,343.11,337.05,339.105,819678.0,338.946725
2026-08-26T20:30:46.590,14,16,GOOG260911P00435000,GOOG,2026-09-11,put,435.0,94.52,10.0,96.43,10.0,95.475,90.95,1.0,0.5167,-0.9873,0.0009,0.0053,0.0232,-0.1886,2026-08-26,342.975,343.11,337.05,339.105,819678.0,338.946725
2026-08-26T20:30:46.590,14,16,GOOG260911P00440000,GOOG,2026-09-11,put,440.0,99.73,10.0,102.68,10.0,101.20500000000001,,,0.7033,-0.9542,0.0019,-0.1079,0.0683,-0.1862,2026-08-26,342.975,343.11,337.05,339.105,819678.0,338.946725
2026-08-26T20:30:46.590,14,16,GOOG260911P00445000,GOOG,2026-09-11,put,445.0,104.94,12.0,107.55,2.0,106.245,,,0.7345,-0.9537,0.0019,-0.1153,0.0688,-0.1883,2026-08-26,342.975,343.11,337.05,339.105,819678.0,338.946725
2026-08-26T20:30:46.590,14,16,GOOG260911P00450000,GOOG,2026-09-11,put,450.0,107.99,12.0,113.33,2.0,110.66,,,0.648,-0.9777,0.0012,-0.0324,0.0377,-0.1938,2026-08-26,342.975,343.11,337.05,339.105,819678.0,338.946725
2026-08-26T20:30:46.590,14,16,GOOG260911P00455000,GOOG,2026-09-11,put,455.0,112.76,12.0,118.28,2.0,115.52000000000001,,,0.6278,-0.9847,0.0009,-0.0091,0.0274,-0.197,2026-08-26,342.975,343.11,337.05,339.105,819678.0,338.946725
2026-08-26T20:30:46.590,14,16,GOOG260911P00460000,GOOG,2026-09-11,put,460.0,122.19,12.0,124.34,2.0,123.265,,,1.0245,-0.9046,0.0023,-0.3424,0.1203,-0.1885,2026-08-26,342.975,343.11,337.05,339.105,819678.0,338.946725
2026-08-26T20:30:46.590,14,16,GOOG260911P00465000,GOOG,2026-09-11,put,465.0,123.04,10.0,127.07,9.0,125.055,,,,,,,,,2026-08-26,342.975,343.11,337.05,339.105,819678.0,338.946725
2026-08-26T20:30:46.590,14,16,GOOG260911P00470000,GOOG,2026-09-11,put,470.0,127.25,10.0,131.15,10.0,129.2,,,,,,,,,2026-08-26,342.975,343.11,337.05,339.105,819678.0,338.946725
2026-08-26T20:30:46.590,14,16,GOOG260911P00480000,GOOG,2026-09-11,put,480.0,142.21,10.0,144.41,10.0,143.31,,,,,,,,,2026-08-26,342.975,343.11,337.05,339.105,819678.0,338.946725
2026-08-26T20:30:46.590,30,30,GOOG260925C00200000,GOOG,2026-09-25,call,200.0,138.28,3.0,141.81,2.0,140.04500000000002,140.13,1.0,,,,,,,2026-08-26,342.975,343.11,337.05,339.105,819678.0,338.946725
2026-08-26T20:30:46.590,30,30,GOOG260925C00205000,GOOG,2026-09-25,call,205.0,134.94,2.0,136.29,1.0,135.615,,,,,,,,,2026-08-26,342.975,343.11,337.05,339.105,819678.0,338.946725
2026-08-26T20:30:46.590,30,30,GOOG260925C00210000,GOOG,2026-09-25,call,210.0,127.2,5.0,132.46,2.0,129.83,,,0.7333,0.9917,0.0003,-0.0475,0.0219,0.1696,2026-08-26,342.975,343.11,337.05,339.105,819678.0,338.946725
2026-08-26T20:30:46.590,30,30,GOOG260925C00215000,GOOG,2026-09-25,call,215.0,122.36,7.0,127.58,1.0,124.97,,,0.7475,0.9876,0.0004,-0.0598,0.0311,0.1725,2026-08-26,342.975,343.11,337.05,339.105,819678.0,338.946725
2026-08-26T20:30:46.590,30,30,GOOG260925C00220000,GOOG,2026-09-25,call,220.0,119.6,5.0,122.87,10.0,121.235,122.9,1.0,0.9338,0.9608,0.0009,-0.1487,0.0824,0.1681,2026-08-26,342.975,343.11,337.05,339.105,819678.0,338.946725
2026-08-26T20:30:46.590,30,30,GOOG260925C00225000,GOOG,2026-09-25,call,225.0,114.34,4.0,115.41,1.0,114.875,115.92,46.0,0.6382,0.9906,0.0004,-0.0483,0.0246,0.1816,2026-08-26,342.975,343.11,337.05,339.105,819678.0,338.946725
2026-08-26T20:30:46.590,30,30,GOOG260925C00230000,GOOG,2026-09-25,call,230.0,109.32,5.0,112.48,6.0,110.9,113.6,1.0,0.809,0.9642,0.001,-0.1248,0.0765,0.1775,2026-08-26,342.975,343.11,337.05,339.105,819678.0,338.946725
2026-08-26T20:30:46.590,30,30,GOOG260925C00235000,GOOG,2026-09-25,call,235.0,104.39,1.0,105.02,6.0,104.705,108.2,7.0,0.4154,0.9992,0.0001,-0.0253,0.0026,0.1923,2026-08-26,342.975,343.11,337.05,339.105,819678.0,338.946725
2026-08-26T20:30:46.590,30,30,GOOG260925C00240000,GOOG,2026-09-25,call,240.0,96.56,1.0,102.32,5.0,99.44,,,,,,,,,2026-08-26,342.975,343.11,337.05,339.105,819678.0,338.946725
2026-08-26T20:30:46.590,30,30,GOOG260925C00245000,GOOG,2026-09-25,call,245.0,94.97,2.0,98.18,1.0,96.575,,,0.7634,0.946,0.0015,-0.1582,0.1066,0.1842,2026-08-26,342.975,343.11,337.05,339.105,819678.0,338.946725
2026-08-26T20:30:46.590,30,30,GOOG260925C00250000,GOOG,2026-09-25,call,250.0,87.42,7.0,93.23,10.0,90.325,,,0.5761,0.9741,0.0011,-0.0803,0.0585,0.1972,2026-08-26,342.975,343.11,337.05,339.105,819678.0,338.946725
2026-08-26T20:30:46.590,30,30,GOOG260925C00255000,GOOG,2026-09-25,call,255.0,81.37,1.0,85.74,1.0,83.555,90.0,1.0,,,,,,,2026-08-26,342.975,343.11,337.05,339.105,819678.0,338.946725
2026-08-26T20:30:46.590,30,30,GOOG260925C00260000,GOOG,2026-09-25,call,260.0,78.16,6.0,80.96,1.0,79.56,,,,,,,,,2026-08-26,342.975,343.11,337.05,339.105,819678.0,338.946725
2026-08-26T20:30:46.590,30,30,GOOG260925C00265000,GOOG,2026-09-25,call,265.0,73.6,7.0,76.45,1.0,75.025,,,0.4164,0.9841,0.001,-0.0528,0.0387,0.2125,2026-08-26,342.975,343.11,337.05,339.105,819678.0,338.946725
2026-08-26T20:30:46.590,30,30,GOOG260925C00270000,GOOG,2026-09-25,call,270.0,68.88,13.0,71.01,5.0,69.945,73.74,1.0,0.3619,0.9885,0.0009,-0.0442,0.0292,0.2179,2026-08-26,342.975,343.11,337.05,339.105,819678.0,338.946725
2026-08-26T20:30:46.590,30,30,GOOG260925C00275000,GOOG,2026-09-25,call,275.0,62.61,10.0,67.25,10.0,64.93,68.86,1.0,0.326,0.9897,0.0009,-0.0415,0.0265,0.2224,2026-08-26,342.975,343.11,337.05,339.105,819678.0,338.946725
2026-08-26T20:30:46.590,30,30,GOOG260925C00280000,GOOG,2026-09-25,call,280.0,58.46,5.0,60.97,5.0,59.715,68.77,1.0,,,,,,,2026-08-26,342.975,343.11,337.05,339.105,819678.0,338.946725
2026-08-26T20:30:46.590,30,30,GOOG260925C00285000,GOOG,2026-09-25,call,285.0,54.42,13.0,57.01,5.0,55.715,63.89,1.0,0.3921,0.9481,0.0028,-0.0942,0.1033,0.2184,2026-08-26,342.975,343.11,337.05,339.105,819678.0,338.946725
2026-08-26T20:30:46.590,30,30,GOOG260925C00290000,GOOG,2026-09-25,call,290.0,48.05,22.0,53.3,21.0,50.675,50.65,1.0,0.3557,0.9464,0.0032,-0.0899,0.1059,0.222,2026-08-26,342.975,343.11,337.05,339.105,819678.0,338.946725
2026-08-26T20:30:46.590,30,30,GOOG260925C00295000,GOOG,2026-09-25,call,295.0,43.33,23.0,46.81,21.0,45.07,45.77,1.0,0.2483,0.9788,0.0021,-0.0492,0.0494,0.2357,2026-08-26,342.975,343.11,337.05,339.105,819678.0,338.946725
2026-08-26T20:30:46.590,30,30,GOOG260925C00300000,GOOG,2026-09-25,call,300.0,39.02,36.0,42.94,19.0,40.980000000000004,40.5,1.0,0.3152,0.9237,0.0047,-0.1005,0.1393,0.2237,2026-08-26,342.975,343.11,337.05,339.105,819678.0,338.946725
2026-08-26T20:30:46.590,30,30,GOOG260925C00305000,GOOG,2026-09-25,call,305.0,34.41,10.0,38.59,10.0,36.5,44.0,1.0,0.3138,0.8949,0.006,-0.1193,0.1769,0.2193,2026-08-26,342.975,343.11,337.05,339.105,819678.0,338.946725
2026-08-26T20:30:46.590,30,30,GOOG260925C00310000,GOOG,2026-09-25,call,310.0,30.31,60.0,33.1,34.0,31.705,35.74,1.0,0.289,0.8763,0.0073,-0.1222,0.1986,0.2181,2026-08-26,342.975,343.11,337.05,339.105,819678.0,338.946725
2026-08-26T20:30:46.590,30,30,GOOG260925C00315000,GOOG,2026-09-25,call,315.0,25.7,93.0,29.46,74.0,27.58,31.56,1.0,0.2906,0.8312,0.0089,-0.1441,0.2448,0.2089,2026-08-26,342.975,343.11,337.05,339.105,819678.0,338.946725
2026-08-26T20:30:46.590,30,30,GOOG260925C00320000,GOOG,2026-09-25,call,320.0,22.95,93.0,23.95,33.0,23.45,23.76,1.0,0.2825,0.7851,0.0106,-0.158,0.2839,0.1995,2026-08-26,342.975,343.11,337.05,339.105,819678.0,338.946725
2026-08-26T20:30:46.590,30,30,GOOG260925C00325000,GOOG,2026-09-25,call,325.0,19.04,20.0,21.57,21.0,20.305,22.85,1.0,0.2976,0.7163,0.0117,-0.1856,0.3292,0.1829,2026-08-26,342.975,343.11,337.05,339.105,819678.0,338.946725
2026-08-26T20:30:46.590,30,30,GOOG260925C00330000,GOOG,2026-09-25,call,330.0,15.93,91.0,16.7,26.0,16.314999999999998,16.36,1.0,0.2772,0.6612,0.0136,-0.1851,0.3556,0.1708,2026-08-26,342.975,343.11,337.05,339.105,819678.0,338.946725
2026-08-26T20:30:46.590,30,30,GOOG260925C00335000,GOOG,2026-09-25,call,335.0,12.75,91.0,13.66,14.0,13.205,13.0,2.0,0.2734,0.5904,0.0146,-0.1909,0.3777,0.1537,2026-08-26,342.975,343.11,337.05,339.105,819678.0,338.946725
2026-08-26T20:30:46.590,30,30,GOOG260925C00340000,GOOG,2026-09-25,call,340.0,10.11,128.0,11.29,23.0,10.7,10.8,1.0,0.2759,0.5159,0.0149,-0.1946,0.3874,0.135,2026-08-26,342.975,343.11,337.05,339.105,819678.0,338.946725
2026-08-26T20:30:46.590,30,30,GOOG260925C00345000,GOOG,2026-09-25,call,345.0,8.0,113.0,8.79,31.0,8.395,8.55,1.0,0.274,0.4419,0.0148,-0.1894,0.3836,0.1162,2026-08-26,342.975,343.11,337.05,339.105,819678.0,338.946725
2026-08-26T20:30:46.590,30,30,GOOG260925C00350000,GOOG,2026-09-25,call,350.0,6.55,31.0,6.94,110.0,6.745,6.6,2.0,0.2801,0.3743,0.0139,-0.184,0.3683,0.0988,2026-08-26,342.975,343.11,337.05,339.105,819678.0,338.946725
2026-08-26T20:30:46.590,30,30,GOOG260925C00355000,GOOG,2026-09-25,call,355.0,4.98,31.0,5.21,7.0,5.095000000000001,5.05,1.0,0.2774,0.3076,0.013,-0.1679,0.3417,0.0815,2026-08-26,342.975,343.11,337.05,339.105,819678.0,338.946725
2026-08-26T20:30:46.590,30,30,GOOG260925C00360000,GOOG,2026-09-25,call,360.0,3.47,262.0,4.28,74.0,3.875,3.83,1.0,0.2785,0.2497,0.0117,-0.1514,0.3086,0.0664,2026-08-26,342.975,343.11,337.05,339.105,819678.0,338.946725
2026-08-26T20:30:46.590,30,30,GOOG260925C00365000,GOOG,2026-09-25,call,365.0,2.82,22.0,3.33,126.0,3.075,2.82,2.0,0.2858,0.2048,0.0102,-0.1381,0.276,0.0545,2026-08-26,342.975,343.11,337.05,339.105,819678.0,338.946725
2026-08-26T20:30:46.590,30,30,GOOG260925C00370000,GOOG,2026-09-25,call,370.0,2.04,61.0,2.56,131.0,2.3,2.23,3.0,0.287,0.162,0.0088,-0.1193,0.2384,0.0433,2026-08-26,342.975,343.11,337.05,339.105,819678.0,338.946725
2026-08-26T20:30:46.590,30,30,GOOG260925C00375000,GOOG,2026-09-25,call,375.0,1.43,282.0,2.029,150.0,1.7294999999999998,1.66,1.0,0.2897,0.1276,0.0074,-0.1022,0.203,0.0341,2026-08-26,342.975,343.11,337.05,339.105,819678.0,338.946725
2026-08-26T20:30:46.590,30,30,GOOG260925C00380000,GOOG,2026-09-25,call,380.0,1.21,15.0,1.53,195.0,1.37,1.37,3.0,0.2969,0.1032,0.0062,-0.0897,0.1745,0.0276,2026-08-26,342.975,343.11,337.05,339.105,819678.0,338.946725
2026-08-26T20:30:46.590,30,30,GOOG260925C00385000,GOOG,2026-09-25,call,385.0,0.68,262.0,1.17,77.0,0.925,0.97,2.0,0.2926,0.075,0.005,-0.0696,0.1376,0.0201,2026-08-26,342.975,343.11,337.05,339.105,819678.0,338.946725
2026-08-26T20:30:46.590,30,30,GOOG260925C00390000,GOOG,2026-09-25,call,390.0,0.66,28.0,0.85,21.0,0.755,0.75,2.0,0.3018,0.0615,0.0041,-0.0614,0.1181,0.0165,2026-08-26,342.975,343.11,337.05,339.105,819678.0,338.946725
2026-08-26T20:30:46.590,30,30,GOOG260925C00395000,GOOG,2026-09-25,call,395.0,0.29,268.0,0.75,64.0,0.52,0.59,1.0,0.3003,0.0448,0.0032,-0.0474,0.0917,0.012,2026-08-26,342.975,343.11,337.05,339.105,819678.0,338.946725
2026-08-26T20:30:46.590,30,30,GOOG260925C00400000,GOOG,2026-09-25,call,400.0,0.42,220.0,0.53,35.0,0.475,0.47,5.0,0.3151,0.0397,0.0028,-0.045,0.0833,0.0107,2026-08-26,342.975,343.11,337.05,339.105,819678.0,338.946725
2026-08-26T20:30:46.590,30,30,GOOG260925C00405000,GOOG,2026-09-25,call,405.0,0.37,21.0,0.7,173.0,0.5349999999999999,0.4,2.0,0.3416,0.0412,0.0027,-0.0502,0.0857,0.011,2026-08-26,342.975,343.11,337.05,339.105,819678.0,338.946725
2026-08-26T20:30:46.590,30,30,GOOG260925C00410000,GOOG,2026-09-25,call,410.0,0.27,41.0,0.6,319.0,0.435,0.35,1.0,0.3478,0.0338,0.0022,-0.0434,0.073,0.0091,2026-08-26,342.975,343.11,337.05,339.105,819678.0,338.946725
2026-08-26T20:30:46.590,30,30,GOOG260925C00415000,GOOG,2026-09-25,call,415.0,0.13,53.0,0.52,113.0,0.325,0.52,1.0,0.349,0.0261,0.0018,-0.0351,0.0589,0.007,2026-08-26,342.975,343.11,337.05,339.105,819678.0,338.946725
2026-08-26T20:30:46.590,30,30,GOOG260925C00420000,GOOG,2026-09-25,call,420.0,0.07,195.0,0.44,211.0,0.255,0.33,1.0,0.353,0.0208,0.0015,-0.0293,0.0487,0.0056,2026-08-26,342.975,343.11,337.05,339.105,819678.0,338.946725
2026-08-26T20:30:46.590,30,30,GOOG260925C00425000,GOOG,2026-09-25,call,425.0,0.02,229.0,0.45,149.0,0.23500000000000001,0.26,2.0,0.3651,0.0188,0.0013,-0.0278,0.0447,0.005,2026-08-26,342.975,343.11,337.05,339.105,819678.0,338.946725
2026-08-26T20:30:46.590,30,30,GOOG260925C00430000,GOOG,2026-09-25,call,430.0,0.03,236.0,0.39,275.0,0.21000000000000002,0.29,6.0,0.3752,0.0166,0.0011,-0.0257,0.0402,0.0045,2026-08-26,342.975,343.11,337.05,339.105,819678.0,338.946725
2026-08-26T20:30:46.590,30,30,GOOG260925C00435000,GOOG,2026-09-25,call,435.0,0.03,41.0,0.41,62.0,0.21999999999999997,0.23,1.0,0.3932,0.0166,0.0011,-0.0269,0.0402,0.0045,2026-08-26,342.975,343.11,337.05,339.105,819678.0,338.946725
2026-08-26T20:30:46.590,30,30,GOOG260925C00440000,GOOG,2026-09-25,call,440.0,0.01,148.0,0.36,166.0,0.185,0.22,1.0,0.3991,0.0141,0.0009,-0.0236,0.0348,0.0038,2026-08-26,342.975,343.11,337.05,339.105,819678.0,338.946725
2026-08-26T20:30:46.590,30,30,GOOG260925C00445000,GOOG,2026-09-25,call,445.0,0.0,0.0,0.55,4.0,0.275,0.3,1.0,,,,,,,2026-08-26,342.975,343.11,337.05,339.105,819678.0,338.946725
2026-08-26T20:30:46.590,30,30,GOOG260925C00450000,GOOG,2026-09-25,call,450.0,0.01,114.0,0.3,59.0,0.155,0.19,1.0,0.4189,0.0115,0.0007,-0.0208,0.0292,0.0031,2026-08-26,342.975,343.11,337.05,339.105,819678.0,338.946725
2026-08-26T20:30:46.590,30,30,GOOG260925C00455000,GOOG,2026-09-25,call,455.0,0.03,112.0,0.37,119.0,0.2,0.13,1.0,0.4474,0.0137,0.0008,-0.0258,0.0339,0.0036,2026-08-26,342.975,343.11,337.05,339.105,819678.0,338.946725
2026-08-26T20:30:46.590,30,30,GOOG260925C00460000,GOOG,2026-09-25,call,460.0,0.01,175.0,0.32,262.0,0.165,0.1,1.0,0.4504,0.0114,0.0007,-0.0222,0.0291,0.003,2026-08-26,342.975,343.11,337.05,339.105,819678.0,338.946725
2026-08-26T20:30:46.590,30,30,GOOG260925C00465000,GOOG,2026-09-25,call,465.0,0.01,17.0,0.35,74.0,0.18,0.1,1.0,0.4692,0.0119,0.0007,-0.024,0.0302,0.0032,2026-08-26,342.975,343.11,337.05,339.105,819678.0,338.946725
2026-08-26T20:30:46.590,30,30,GOOG260925C00470000,GOOG,2026-09-25,call,470.0,0.01,22.0,0.31,173.0,0.16,0.16,1.0,0.4758,0.0106,0.0006,-0.0219,0.0272,0.0028,2026-08-26,342.975,343.11,337.05,339.105,819678.0,338.946725
2026-08-26T20:30:46.590,30,30,GOOG260925C00480000,GOOG,2026-09-25,call,480.0,0.01,16.0,0.15,44.0,0.08,0.17,1.0,0.4638,0.0058,0.0004,-0.0125,0.0159,0.0015,2026-08-26,342.975,343.11,337.05,339.105,819678.0,338.946725
2026-08-26T20:30:46.590,30,30,GOOG260925P00200000,GOOG,2026-09-25,put,200.0,0.0,0.0,0.09,14.0,0.045,0.09,5.0,,,,,,,2026-08-26,342.975,343.11,337.05,339.105,819678.0,338.946725
2026-08-26T20:30:46.590,30,30,GOOG260925P00205000,GOOG,2026-09-25,put,205.0,0.0,0.0,2.14,99.0,1.07,0.07,1.0,,,,,,,2026-08-26,342.975,343.11,337.05,339.105,819678.0,338.946725
2026-08-26T20:30:46.590,30,30,GOOG260925P00210000,GOOG,2026-09-25,put,210.0,0.0,0.0,2.14,306.0,1.07,0.05,5.0,,,,,,,2026-08-26,342.975,343.11,337.05,339.105,819678.0,338.946725
2026-08-26T20:30:46.590,30,30,GOOG260925P00215000,GOOG,2026-09-25,put,215.0,0.0,0.0,0.29,178.0,0.145,0.07,2.0,,,,,,,2026-08-26,342.975,343.11,337.05,339.105,819678.0,338.946725
2026-08-26T20:30:46.590,30,30,GOOG260925P00220000,GOOG,2026-09-25,put,220.0,0.01,21.0,0.3,203.0,0.155,0.06,1.0,0.6441,-0.0071,0.0003,-0.0204,0.0193,-0.0021,2026-08-26,342.975,343.11,337.05,339.105,819678.0,338.946725
2026-08-26T20:30:46.590,30,30,GOOG260925P00225000,GOOG,2026-09-25,put,225.0,0.01,23.0,0.06,95.0,0.034999999999999996,0.08,1.0,0.5206,-0.0023,0.0001,-0.0059,0.0069,-0.0007,2026-08-26,342.975,343.11,337.05,339.105,819678.0,338.946725
2026-08-26T20:30:46.590,30,30,GOOG260925P00230000,GOOG,2026-09-25,put,230.0,0.01,10.0,0.08,1.0,0.045,0.04,2.0,0.5077,-0.0029,0.0002,-0.0072,0.0086,-0.0008,2026-08-26,342.975,343.11,337.05,339.105,819678.0,338.946725
2026-08-26T20:30:46.590,30,30,GOOG260925P00235000,GOOG,2026-09-25,put,235.0,0.01,98.0,0.12,205.0,0.065,0.09,1.0,0.5013,-0.0041,0.0002,-0.0097,0.0118,-0.0012,2026-08-26,342.975,343.11,337.05,339.105,819678.0,338.946725
2026-08-26T20:30:46.590,30,30,GOOG260925P00240000,GOOG,2026-09-25,put,240.0,0.03,22.0,0.09,110.0,0.06,0.09,1.0,0.4711,-0.0041,0.0003,-0.009,0.0117,-0.0012,2026-08-26,342.975,343.11,337.05,339.105,819678.0,338.946725
2026-08-26T20:30:46.590,30,30,GOOG260925P00245000,GOOG,2026-09-25,put,245.0,0.01,22.0,0.38,192.0,0.195,0.09,1.0,0.5147,-0.0109,0.0006,-0.0235,0.0279,-0.0032,2026-08-26,342.975,343.11,337.05,339.105,819678.0,338.946725
2026-08-26T20:30:46.590,30,30,GOOG260925P00250000,GOOG,2026-09-25,put,250.0,0.05,63.0,0.14,27.0,0.095,0.1,1.0,0.4436,-0.0065,0.0004,-0.0129,0.0178,-0.0019,2026-08-26,342.975,343.11,337.05,339.105,819678.0,338.946725
2026-08-26T20:30:46.590,30,30,GOOG260925P00255000,GOOG,2026-09-25,put,255.0,0.01,115.0,0.37,278.0,0.19,0.11,1.0,0.4571,-0.0119,0.0007,-0.0225,0.0301,-0.0035,2026-08-26,342.975,343.11,337.05,339.105,819678.0,338.946725
2026-08-26T20:30:46.590,30,30,GOOG260925P00260000,GOOG,2026-09-25,put,260.0,0.08,7.0,0.37,165.0,0.225,0.19,1.0,0.4403,-0.0143,0.0008,-0.0254,0.0353,-0.0042,2026-08-26,342.975,343.11,337.05,339.105,819678.0,338.946725
2026-08-26T20:30:46.590,30,30,GOOG260925P00265000,GOOG,2026-09-25,put,265.0,0.04,127.0,0.3,174.0,0.16999999999999998,0.19,1.0,0.3967,-0.0123,0.0008,-0.02,0.0309,-0.0036,2026-08-26,342.975,343.11,337.05,339.105,819678.0,338.946725
2026-08-26T20:30:46.590,30,30,GOOG260925P00270000,GOOG,2026-09-25,put,270.0,0.04,123.0,0.32,280.0,0.18,0.16,1.0,0.3734,-0.0137,0.001,-0.0206,0.0339,-0.004,2026-08-26,342.975,343.11,337.05,339.105,819678.0,338.946725
2026-08-26T20:30:46.590,30,30,GOOG260925P00275000,GOOG,2026-09-25,put,275.0,0.01,114.0,0.29,5.0,0.15,0.24,1.0,0.3385,-0.0127,0.001,-0.0175,0.0319,-0.0037,2026-08-26,342.975,343.11,337.05,339.105,819678.0,338.946725
2026-08-26T20:30:46.590,30,30,GOOG260925P00280000,GOOG,2026-09-25,put,280.0,0.22,149.0,0.37,203.0,0.295,0.28,20.0,0.347,-0.0227,0.0016,-0.0294,0.0523,-0.0066,2026-08-26,342.975,343.11,337.05,339.105,819678.0,338.946725
2026-08-26T20:30:46.590,30,30,GOOG260925P00285000,GOOG,2026-09-25,put,285.0,0.18,282.0,0.58,281.0,0.38,0.38,1.0,0.334,-0.0293,0.0021,-0.0351,0.0649,-0.0085,2026-08-26,342.975,343.11,337.05,339.105,819678.0,338.946725
2026-08-26T20:30:46.590,30,30,GOOG260925P00290000,GOOG,2026-09-25,put,290.0,0.23,263.0,0.55,22.0,0.39,0.51,1.0,0.3076,-0.0323,0.0024,-0.0349,0.0703,-0.0093,2026-08-26,342.975,343.11,337.05,339.105,819678.0,338.946725
2026-08-26T20:30:46.590,30,30,GOOG260925P00295000,GOOG,2026-09-25,put,295.0,0.47,158.0,0.99,194.0,0.73,0.72,1.0,0.3172,-0.054,0.0036,-0.0545,0.1066,-0.0157,2026-08-26,342.975,343.11,337.05,339.105,819678.0,338.946725
2026-08-26T20:30:46.590,30,30,GOOG260925P00300000,GOOG,2026-09-25,put,300.0,0.74,117.0,1.09,31.0,0.915,0.98,1.0,0.3022,-0.0683,0.0045,-0.0621,0.1281,-0.0198,2026-08-26,342.975,343.11,337.05,339.105,819678.0,338.946725
2026-08-26T20:30:46.590,30,30,GOOG260925P00305000,GOOG,2026-09-25,put,305.0,1.05,244.0,1.48,89.0,1.2650000000000001,1.37,1.0,0.2943,-0.0918,0.0058,-0.0753,0.1601,-0.0266,2026-08-26,342.975,343.11,337.05,339.105,819678.0,338.946725
2026-08-26T20:30:46.590,30,30,GOOG260925P00310000,GOOG,2026-09-25,put,310.0,1.44,168.0,1.96,22.0,1.7,1.74,1.0,0.2847,-0.1204,0.0072,-0.0882,0.1949,-0.0349,2026-08-26,342.975,343.11,337.05,339.105,819678.0,338.946725
2026-08-26T20:30:46.590,30,30,GOOG260925P00315000,GOOG,2026-09-25,put,315.0,2.46,21.0,2.74,156.0,2.6,2.58,1.0,0.2888,-0.1675,0.0089,-0.1113,0.2436,-0.0488,2026-08-26,342.975,343.11,337.05,339.105,819678.0,338.946725
2026-08-26T20:30:46.590,30,30,GOOG260925P00320000,GOOG,2026-09-25,put,320.0,3.29,46.0,3.63,23.0,3.46,3.43,1.0,0.2812,-0.2139,0.0107,-0.1251,0.2831,-0.0624,2026-08-26,342.975,343.11,337.05,339.105,819678.0,338.946725
2026-08-26T20:30:46.590,30,30,GOOG260925P00325000,GOOG,2026-09-25,put,325.0,4.57,33.0,5.08,86.0,4.825,4.75,1.0,0.2818,-0.2745,0.0122,-0.1424,0.324,-0.0805,2026-08-26,342.975,343.11,337.05,339.105,819678.0,338.946725
2026-08-26T20:30:46.590,30,30,GOOG260925P00330000,GOOG,2026-09-25,put,330.0,6.05,21.0,6.62,43.0,6.335,6.45,2.0,0.2772,-0.3388,0.0136,-0.1521,0.3556,-0.0996,2026-08-26,342.975,343.11,337.05,339.105,819678.0,338.946725
2026-08-26T20:30:46.590,30,30,GOOG260925P00335000,GOOG,2026-09-25,put,335.0,8.039,21.0,8.72,91.0,8.3795,8.52,3.0,0.2779,-0.4105,0.0144,-0.1602,0.3779,-0.1213,2026-08-26,342.975,343.11,337.05,339.105,819678.0,338.946725
2026-08-26T20:30:46.590,30,30,GOOG260925P00340000,GOOG,2026-09-25,put,340.0,10.66,5.0,11.32,71.0,10.99,11.0,1.0,0.2837,-0.4836,0.0145,-0.1656,0.3874,-0.1438,2026-08-26,342.975,343.11,337.05,339.105,819678.0,338.946725
2026-08-26T20:30:46.590,30,30,GOOG260925P00345000,GOOG,2026-09-25,put,345.0,12.92,36.0,13.94,24.0,13.43,13.59,3.0,0.2756,-0.5576,0.0147,-0.1559,0.3837,-0.1664,2026-08-26,342.975,343.11,337.05,339.105,819678.0,338.946725
2026-08-26T20:30:46.590,30,30,GOOG260925P00350000,GOOG,2026-09-25,put,350.0,15.59,208.0,17.11,169.0,16.35,16.41,6.0,0.2705,-0.631,0.0144,-0.1422,0.3666,-0.1893,2026-08-26,342.975,343.11,337.05,339.105,819678.0,338.946725
2026-08-26T20:30:46.590,30,30,GOOG260925P00355000,GOOG,2026-09-25,put,355.0,19.27,85.0,21.12,73.0,20.195,20.18,2.0,0.282,-0.6891,0.0129,-0.1359,0.3433,-0.2086,2026-08-26,342.975,343.11,337.05,339.105,819678.0,338.946725
2026-08-26T20:30:46.590,30,30,GOOG260925P00360000,GOOG,2026-09-25,put,360.0,22.44,41.0,26.21,46.0,24.325000000000003,24.27,1.0,0.2952,-0.7365,0.0114,-0.1287,0.3174,-0.2252,2026-08-26,342.975,343.11,337.05,339.105,819678.0,338.946725
2026-08-26T20:30:46.590,30,30,GOOG260925P00365000,GOOG,2026-09-25,put,365.0,26.99,57.0,29.18,64.0,28.085,27.2,3.0,0.2893,-0.7921,0.0102,-0.1045,0.2784,-0.2438,2026-08-26,342.975,343.11,337.05,339.105,819678.0,338.946725
2026-08-26T20:30:46.590,30,30,GOOG260925P00370000,GOOG,2026-09-25,put,370.0,30.76,28.0,34.13,19.0,32.445,27.8,1.0,0.2972,-0.8288,0.0088,-0.0909,0.247,-0.2576,2026-08-26,342.975,343.11,337.05,339.105,819678.0,338.946725
2026-08-26T20:30:46.590,30,30,GOOG260925P00375000,GOOG,2026-09-25,put,375.0,36.11,22.0,38.92,35.0,37.515,28.12,1.0,0.3305,-0.838,0.0076,-0.099,0.2383,-0.2643,2026-08-26,342.975,343.11,337.05,339.105,819678.0,338.946725
2026-08-26T20:30:46.590,30,30,GOOG260925P00380000,GOOG,2026-09-25,put,380.0,39.38,11.0,42.88,5.0,41.13,34.8,4.0,0.2906,-0.902,0.0061,-0.0466,0.1681,-0.2851,2026-08-26,342.975,343.11,337.05,339.105,819678.0,338.946725
2026-08-26T20:30:46.590,30,30,GOOG260925P00385000,GOOG,2026-09-25,put,385.0,45.42,10.0,48.13,10.0,46.775000000000006,35.24,1.0,0.3525,-0.8808,0.0058,-0.079,0.1935,-0.2839,2026-08-26,342.975,343.11,337.05,339.105,819678.0,338.946725
2026-08-26T20:30:46.590,30,30,GOOG260925P00390000,GOOG,2026-09-25,put,390.0,49.73,10.0,52.2,10.0,50.965,49.51,1.0,0.33,-0.9196,0.0047,-0.0434,0.145,-0.2981,2026-08-26,342.975,343.11,337.05,339.105,819678.0,338.946725
2026-08-26T20:30:46.590,30,30,GOOG260925P00395000,GOOG,2026-09-25,put,395.0,53.96,5.0,57.6,10.0,55.78,44.0,1.0,0.3401,-0.9317,0.004,-0.0353,0.128,-0.3054,2026-08-26,342.975,343.11,337.05,339.105,819678.0,338.946725
2026-08-26T20:30:46.590,30,30,GOOG260925P00400000,GOOG,2026-09-25,put,400.0,58.77,17.0,63.24,17.0,61.005,59.17,1.0,0.3801,-0.9246,0.0038,-0.05,0.1381,-0.3078,2026-08-26,342.975,343.11,337.05,339.105,819678.0,338.946725
2026-08-26T20:30:46.590,30,30,GOOG260925P00405000,GOOG,2026-09-25,put,405.0,63.25,17.0,68.58,17.0,65.91499999999999,,,0.3961,-0.931,0.0034,-0.0469,0.1291,-0.3136,2026-08-26,342.975,343.11,337.05,339.105,819678.0,338.946725
2026-08-26T20:30:46.590,30,30,GOOG260925P00410000,GOOG,2026-09-25,put,410.0,69.76,13.0,72.84,11.0,71.30000000000001,,,0.4467,-0.9189,0.0035,-0.0703,0.146,-0.3146,2026-08-26,342.975,343.11,337.05,339.105,819678.0,338.946725
2026-08-26T20:30:46.590,30,30,GOOG260925P00415000,GOOG,2026-09-25,put,415.0,74.56,13.0,78.92,11.0,76.74000000000001,,,0.4981,-0.9073,0.0034,-0.0954,0.1614,-0.3159,2026-08-26,342.975,343.11,337.05,339.105,819678.0,338.946725
2026-08-26T20:30:46.590,30,30,GOOG260925P00420000,GOOG,2026-09-25,put,420.0,78.2,13.0,83.91,5.0,81.055,,,0.4729,-0.9319,0.0029,-0.0608,0.1277,-0.3263,2026-08-26,342.975,343.11,337.05,339.105,819678.0,338.946725
2026-08-26T20:30:46.590,30,30,GOOG260925P00425000,GOOG,2026-09-25,put,425.0,85.37,12.0,88.47,10.0,86.92,,,0.5545,-0.9073,0.0031,-0.1096,0.1614,-0.3242,2026-08-26,342.975,343.11,337.05,339.105,819678.0,338.946725
2026-08-26T20:30:46.590,30,30,GOOG260925P00430000,GOOG,2026-09-25,put,430.0,89.37,10.0,91.46,10.0,90.41499999999999,,,0.4536,-0.9591,0.002,-0.0228,0.0853,-0.3415,2026-08-26,342.975,343.11,337.05,339.105,819678.0,338.946725
2026-08-26T20:30:46.590,30,30,GOOG260925P00435000,GOOG,2026-09-25,put,435.0,94.09,10.0,98.72,10.0,96.405,,,0.5629,-0.9259,0.0026,-0.0867,0.1363,-0.3372,2026-08-26,342.975,343.11,337.05,339.105,819678.0,338.946725
2026-08-26T20:30:46.590,30,30,GOOG260925P00440000,GOOG,2026-09-25,put,440.0,99.38,10.0,103.61,10.0,101.495,,,0.5902,-0.9249,0.0025,-0.0938,0.1377,-0.3411,2026-08-26,342.975,343.11,337.05,339.105,819678.0,338.946725
2026-08-26T20:30:46.590,30,30,GOOG260925P00445000,GOOG,2026-09-25,put,445.0,105.32,10.0,109.23,10.0,107.275,,,0.663,-0.9067,0.0026,-0.1375,0.1621,-0.3408,2026-08-26,342.975,343.11,337.05,339.105,819678.0,338.946725
2026-08-26T20:30:46.590,30,30,GOOG260925P00450000,GOOG,2026-09-25,put,450.0,110.72,10.0,111.51,10.0,111.11500000000001,96.95,1.0,0.6006,-0.9384,0.0021,-0.0752,0.1181,-0.3528,2026-08-26,342.975,343.11,337.05,339.105,819678.0,338.946725
2026-08-26T20:30:46.590,30,30,GOOG260925P00455000,GOOG,2026-09-25,put,455.0,113.35,10.0,116.01,10.0,114.68,,,0.3694,-0.9965,0.0003,0.0391,0.0102,-0.3719,2026-08-26,342.975,343.11,337.05,339.105,819678.0,338.946725
2026-08-26T20:30:46.590,30,30,GOOG260925P00460000,GOOG,2026-09-25,put,460.0,119.73,10.0,122.07,10.0,120.9,,,0.6196,-0.9466,0.0018,-0.0647,0.1056,-0.3631,2026-08-26,342.975,343.11,337.05,339.105,819678.0,338.946725
2026-08-26T20:30:46.590,30,30,GOOG260925P00465000,GOOG,2026-09-25,put,465.0,124.11,13.0,127.15,5.0,125.63,,,0.6106,-0.9555,0.0016,-0.0478,0.0913,-0.3695,2026-08-26,342.975,343.11,337.05,339.105,819678.0,338.946725
2026-08-26T20:30:46.590,30,30,GOOG260925P00470000,GOOG,2026-09-25,put,470.0,129.88,13.0,131.03,5.0,130.45499999999998,,,0.6083,-0.9616,0.0014,-0.0364,0.0811,-0.3751,2026-08-26,342.975,343.11,337.05,339.105,819678.0,338.946725
2026-08-26T20:30:46.590,30,30,GOOG260925P00480000,GOOG,2026-09-25,put,480.0,138.35,5.0,144.36,5.0,141.35500000000002,,,0.7338,-0.9375,0.0017,-0.1001,0.1196,-0.3774,2026-08-26,342.975,343.11,337.05,339.105,819678.0,338.946725
