capture_ts,target_dte,actual_dte,symbol,underlying,expiration,type,strike,bid,bid_size,ask,ask_size,mid,last_price,last_size,implied_vol,delta,gamma,theta,vega,rho,und_session_date,und_open,und_high,und_low,und_close,und_volume,und_vwap
2026-05-07T00:27:20.159,2,2,JPM260508C00165000,JPM,2026-05-08,call,165.0,150.08,28.0,152.73,37.0,151.405,143.43,1.0,,,,,,,2026-05-06,312.195,316.23,312.11,314.865,227228.0,315.136835
2026-05-07T00:27:20.159,2,2,JPM260508C00170000,JPM,2026-05-08,call,170.0,144.16,17.0,149.77,74.0,146.965,139.6,1.0,,,,,,,2026-05-06,312.195,316.23,312.11,314.865,227228.0,315.136835
2026-05-07T00:27:20.159,2,2,JPM260508C00175000,JPM,2026-05-08,call,175.0,137.02,24.0,141.85,49.0,139.435,,,,,,,,,2026-05-06,312.195,316.23,312.11,314.865,227228.0,315.136835
2026-05-07T00:27:20.159,2,2,JPM260508C00180000,JPM,2026-05-08,call,180.0,135.28,28.0,138.38,51.0,136.82999999999998,,,,,,,,,2026-05-06,312.195,316.23,312.11,314.865,227228.0,315.136835
2026-05-07T00:27:20.159,2,2,JPM260508C00185000,JPM,2026-05-08,call,185.0,130.55,27.0,133.2,50.0,131.875,,,,,,,,,2026-05-06,312.195,316.23,312.11,314.865,227228.0,315.136835
2026-05-07T00:27:20.159,2,2,JPM260508C00190000,JPM,2026-05-08,call,190.0,122.82,25.0,129.24,42.0,126.03,,,,,,,,,2026-05-06,312.195,316.23,312.11,314.865,227228.0,315.136835
2026-05-07T00:27:20.159,2,2,JPM260508C00195000,JPM,2026-05-08,call,195.0,117.78,20.0,120.07,54.0,118.925,,,,,,,,,2026-05-06,312.195,316.23,312.11,314.865,227228.0,315.136835
2026-05-07T00:27:20.159,2,2,JPM260508C00200000,JPM,2026-05-08,call,200.0,114.69,10.0,115.21,10.0,114.94999999999999,,,,,,,,,2026-05-06,312.195,316.23,312.11,314.865,227228.0,315.136835
2026-05-07T00:27:20.159,2,2,JPM260508C00205000,JPM,2026-05-08,call,205.0,107.54,23.0,111.12,50.0,109.33000000000001,,,,,,,,,2026-05-06,312.195,316.23,312.11,314.865,227228.0,315.136835
2026-05-07T00:27:20.159,2,2,JPM260508C00210000,JPM,2026-05-08,call,210.0,103.27,25.0,105.82,46.0,104.54499999999999,,,,,,,,,2026-05-06,312.195,316.23,312.11,314.865,227228.0,315.136835
2026-05-07T00:27:20.159,2,2,JPM260508C00215000,JPM,2026-05-08,call,215.0,97.75,18.0,102.39,45.0,100.07,,,,,,,,,2026-05-06,312.195,316.23,312.11,314.865,227228.0,315.136835
2026-05-07T00:27:20.159,2,2,JPM260508C00220000,JPM,2026-05-08,call,220.0,95.79,25.0,98.34,50.0,97.065,94.67,1.0,,,,,,,2026-05-06,312.195,316.23,312.11,314.865,227228.0,315.136835
2026-05-07T00:27:20.159,2,2,JPM260508C00225000,JPM,2026-05-08,call,225.0,90.6,19.0,92.65,51.0,91.625,,,,,,,,,2026-05-06,312.195,316.23,312.11,314.865,227228.0,315.136835
2026-05-07T00:27:20.159,2,2,JPM260508C00230000,JPM,2026-05-08,call,230.0,83.41,27.0,85.96,46.0,84.685,,,,,,,,,2026-05-06,312.195,316.23,312.11,314.865,227228.0,315.136835
2026-05-07T00:27:20.159,2,2,JPM260508C00235000,JPM,2026-05-08,call,235.0,78.79,10.0,81.31,15.0,80.05000000000001,77.7,1.0,,,,,,,2026-05-06,312.195,316.23,312.11,314.865,227228.0,315.136835
2026-05-07T00:27:20.159,2,2,JPM260508C00240000,JPM,2026-05-08,call,240.0,74.86,5.0,78.37,11.0,76.61500000000001,,,,,,,,,2026-05-06,312.195,316.23,312.11,314.865,227228.0,315.136835
2026-05-07T00:27:20.159,2,2,JPM260508C00245000,JPM,2026-05-08,call,245.0,69.58,3.0,72.42,3.0,71.0,,,,,,,,,2026-05-06,312.195,316.23,312.11,314.865,227228.0,315.136835
2026-05-07T00:27:20.159,2,2,JPM260508C00250000,JPM,2026-05-08,call,250.0,62.84,53.0,67.04,55.0,64.94,,,,,,,,,2026-05-06,312.195,316.23,312.11,314.865,227228.0,315.136835
2026-05-07T00:27:20.159,2,2,JPM260508C00255000,JPM,2026-05-08,call,255.0,59.48,26.0,61.99,45.0,60.735,,,,,,,,,2026-05-06,312.195,316.23,312.11,314.865,227228.0,315.136835
2026-05-07T00:27:20.159,2,2,JPM260508C00260000,JPM,2026-05-08,call,260.0,53.71,28.0,57.85,54.0,55.78,49.12,2.0,,,,,,,2026-05-06,312.195,316.23,312.11,314.865,227228.0,315.136835
2026-05-07T00:27:20.159,2,2,JPM260508C00265000,JPM,2026-05-08,call,265.0,48.68,27.0,51.46,48.0,50.07,,,,,,,,,2026-05-06,312.195,316.23,312.11,314.865,227228.0,315.136835
2026-05-07T00:27:20.159,2,2,JPM260508C00270000,JPM,2026-05-08,call,270.0,43.87,26.0,47.01,46.0,45.44,41.32,10.0,,,,,,,2026-05-06,312.195,316.23,312.11,314.865,227228.0,315.136835
2026-05-07T00:27:20.159,2,2,JPM260508C00275000,JPM,2026-05-08,call,275.0,39.68,19.0,41.54,51.0,40.61,36.47,10.0,,,,,,,2026-05-06,312.195,316.23,312.11,314.865,227228.0,315.136835
2026-05-07T00:27:20.159,2,2,JPM260508C00277500,JPM,2026-05-08,call,277.5,36.72,26.0,40.04,42.0,38.379999999999995,32.12,1.0,,,,,,,2026-05-06,312.195,316.23,312.11,314.865,227228.0,315.136835
2026-05-07T00:27:20.159,2,2,JPM260508C00280000,JPM,2026-05-08,call,280.0,34.26,27.0,37.74,52.0,36.0,29.58,1.0,1.2116,0.9117,0.0057,-1.1546,0.0373,0.0138,2026-05-06,312.195,316.23,312.11,314.865,227228.0,315.136835
2026-05-07T00:27:20.159,2,2,JPM260508C00282500,JPM,2026-05-08,call,282.5,31.91,51.0,34.09,49.0,33.0,33.5,1.0,0.997,0.9338,0.0055,-0.7731,0.03,0.0143,2026-05-06,312.195,316.23,312.11,314.865,227228.0,315.136835
2026-05-07T00:27:20.159,2,2,JPM260508C00285000,JPM,2026-05-08,call,285.0,28.94,34.0,32.479,52.0,30.7095,24.7,1.0,0.9957,0.9172,0.0066,-0.9104,0.0355,0.0141,2026-05-06,312.195,316.23,312.11,314.865,227228.0,315.136835
2026-05-07T00:27:20.159,2,2,JPM260508C00287500,JPM,2026-05-08,call,287.5,27.11,28.0,29.64,46.0,28.375,22.47,1.0,0.9718,0.9028,0.0076,-0.9985,0.0401,0.014,2026-05-06,312.195,316.23,312.11,314.865,227228.0,315.136835
2026-05-07T00:27:20.159,2,2,JPM260508C00290000,JPM,2026-05-08,call,290.0,24.05,96.0,27.22,99.0,25.634999999999998,24.73,1.0,0.8423,0.9111,0.0082,-0.8151,0.0375,0.0143,2026-05-06,312.195,316.23,312.11,314.865,227228.0,315.136835
2026-05-07T00:27:20.159,2,2,JPM260508C00292500,JPM,2026-05-08,call,292.5,21.68,16.0,24.06,53.0,22.869999999999997,20.94,1.0,0.7027,0.925,0.0086,-0.6063,0.033,0.0147,2026-05-06,312.195,316.23,312.11,314.865,227228.0,315.136835
2026-05-07T00:27:20.159,2,2,JPM260508C00295000,JPM,2026-05-08,call,295.0,19.03,46.0,21.88,106.0,20.455,20.17,1.0,0.6631,0.9113,0.0104,-0.6469,0.0374,0.0146,2026-05-06,312.195,316.23,312.11,314.865,227228.0,315.136835
2026-05-07T00:27:20.159,2,2,JPM260508C00297500,JPM,2026-05-08,call,297.5,17.28,10.0,19.64,37.0,18.46,17.79,1.0,0.709,0.8652,0.0131,-0.9209,0.0505,0.0139,2026-05-06,312.195,316.23,312.11,314.865,227228.0,315.136835
2026-05-07T00:27:20.159,2,2,JPM260508C00300000,JPM,2026-05-08,call,300.0,14.08,35.0,17.45,72.0,15.765,16.0,1.0,0.5983,0.8666,0.0154,-0.776,0.0502,0.0141,2026-05-06,312.195,316.23,312.11,314.865,227228.0,315.136835
2026-05-07T00:27:20.159,2,2,JPM260508C00302500,JPM,2026-05-08,call,302.5,12.01,57.0,13.92,102.0,12.965,13.25,1.0,0.4666,0.8795,0.0185,-0.5715,0.0467,0.0145,2026-05-06,312.195,316.23,312.11,314.865,227228.0,315.136835
2026-05-07T00:27:20.159,2,2,JPM260508C00305000,JPM,2026-05-08,call,305.0,9.62,32.0,11.28,52.0,10.45,9.87,1.0,0.3943,0.8642,0.0237,-0.5267,0.0508,0.0143,2026-05-06,312.195,316.23,312.11,314.865,227228.0,315.136835
2026-05-07T00:27:20.159,2,2,JPM260508C00307500,JPM,2026-05-08,call,307.5,7.51,46.0,9.12,46.0,8.315,8.65,1.0,0.3825,0.8007,0.0313,-0.6467,0.0651,0.0134,2026-05-06,312.195,316.23,312.11,314.865,227228.0,315.136835
2026-05-07T00:27:20.159,2,2,JPM260508C00310000,JPM,2026-05-08,call,310.0,5.63,34.0,6.75,238.0,6.1899999999999995,6.2,1.0,0.3502,0.7282,0.0407,-0.6989,0.0773,0.0122,2026-05-06,312.195,316.23,312.11,314.865,227228.0,315.136835
2026-05-07T00:27:20.159,2,2,JPM260508C00312500,JPM,2026-05-08,call,312.5,3.91,66.0,4.6,298.0,4.255,4.6,3.0,0.3192,0.627,0.0509,-0.7231,0.0882,0.0106,2026-05-06,312.195,316.23,312.11,314.865,227228.0,315.136835
2026-05-07T00:27:20.159,2,2,JPM260508C00315000,JPM,2026-05-08,call,315.0,2.6,10.0,2.72,7.0,2.66,2.7,83.0,0.2961,0.4935,0.0578,-0.7031,0.0929,0.0084,2026-05-06,312.195,316.23,312.11,314.865,227228.0,315.136835
2026-05-07T00:27:20.159,2,2,JPM260508C00317500,JPM,2026-05-08,call,317.5,1.5,38.0,1.72,63.0,1.6099999999999999,1.63,1.0,0.2943,0.3522,0.0541,-0.6472,0.0865,0.006,2026-05-06,312.195,316.23,312.11,314.865,227228.0,315.136835
2026-05-07T00:27:20.159,2,2,JPM260508C00320000,JPM,2026-05-08,call,320.0,0.76,73.0,0.92,248.0,0.8400000000000001,0.84,2.0,0.2848,0.2222,0.0449,-0.501,0.0694,0.0038,2026-05-06,312.195,316.23,312.11,314.865,227228.0,315.136835
2026-05-07T00:27:20.159,2,2,JPM260508C00322500,JPM,2026-05-08,call,322.5,0.3,46.0,0.48,93.0,0.39,0.42,1.0,0.2782,0.1228,0.0314,-0.3332,0.0474,0.0021,2026-05-06,312.195,316.23,312.11,314.865,227228.0,315.136835
2026-05-07T00:27:20.159,2,2,JPM260508C00325000,JPM,2026-05-08,call,325.0,0.15,100.0,0.25,109.0,0.2,0.15,1.0,0.2872,0.0684,0.0197,-0.2228,0.0307,0.0012,2026-05-06,312.195,316.23,312.11,314.865,227228.0,315.136835
2026-05-07T00:27:20.159,2,2,JPM260508C00327500,JPM,2026-05-08,call,327.5,0.07,1.0,0.46,187.0,0.265,0.09,1.0,0.3613,0.0716,0.0162,-0.2898,0.0318,0.0012,2026-05-06,312.195,316.23,312.11,314.865,227228.0,315.136835
2026-05-07T00:27:20.159,2,2,JPM260508C00330000,JPM,2026-05-08,call,330.0,0.03,96.0,0.06,124.0,0.045,0.05,10.0,0.3014,0.0178,0.0063,-0.0777,0.0102,0.0003,2026-05-06,312.195,316.23,312.11,314.865,227228.0,315.136835
2026-05-07T00:27:20.159,2,2,JPM260508C00332500,JPM,2026-05-08,call,332.5,0.0,0.0,0.08,1.0,0.04,0.03,1.0,,,,,,,2026-05-06,312.195,316.23,312.11,314.865,227228.0,315.136835
2026-05-07T00:27:20.159,2,2,JPM260508C00335000,JPM,2026-05-08,call,335.0,0.03,11.0,0.05,1.0,0.04,0.03,10.0,0.3758,0.0132,0.0039,-0.0746,0.0079,0.0002,2026-05-06,312.195,316.23,312.11,314.865,227228.0,315.136835
2026-05-07T00:27:20.159,2,2,JPM260508C00337500,JPM,2026-05-08,call,337.5,0.0,0.0,0.05,111.0,0.025,0.01,22.0,,,,,,,2026-05-06,312.195,316.23,312.11,314.865,227228.0,315.136835
2026-05-07T00:27:20.159,2,2,JPM260508C00340000,JPM,2026-05-08,call,340.0,0.0,0.0,0.01,1.0,0.005,0.01,1.0,,,,,,,2026-05-06,312.195,316.23,312.11,314.865,227228.0,315.136835
2026-05-07T00:27:20.159,2,2,JPM260508C00342500,JPM,2026-05-08,call,342.5,0.0,0.0,0.11,86.0,0.055,0.04,1.0,,,,,,,2026-05-06,312.195,316.23,312.11,314.865,227228.0,315.136835
2026-05-07T00:27:20.159,2,2,JPM260508C00345000,JPM,2026-05-08,call,345.0,0.0,0.0,0.28,146.0,0.14,0.02,1.0,,,,,,,2026-05-06,312.195,316.23,312.11,314.865,227228.0,315.136835
2026-05-07T00:27:20.159,2,2,JPM260508C00350000,JPM,2026-05-08,call,350.0,0.0,0.0,0.22,151.0,0.11,0.03,1.0,,,,,,,2026-05-06,312.195,316.23,312.11,314.865,227228.0,315.136835
2026-05-07T00:27:20.159,2,2,JPM260508C00355000,JPM,2026-05-08,call,355.0,0.0,0.0,2.14,124.0,1.07,0.05,1.0,,,,,,,2026-05-06,312.195,316.23,312.11,314.865,227228.0,315.136835
2026-05-07T00:27:20.159,2,2,JPM260508C00360000,JPM,2026-05-08,call,360.0,0.0,0.0,0.03,23.0,0.015,,,,,,,,,2026-05-06,312.195,316.23,312.11,314.865,227228.0,315.136835
2026-05-07T00:27:20.159,2,2,JPM260508C00365000,JPM,2026-05-08,call,365.0,0.0,0.0,2.14,94.0,1.07,0.01,1.0,,,,,,,2026-05-06,312.195,316.23,312.11,314.865,227228.0,315.136835
2026-05-07T00:27:20.159,2,2,JPM260508C00370000,JPM,2026-05-08,call,370.0,0.0,0.0,2.14,139.0,1.07,0.12,1.0,,,,,,,2026-05-06,312.195,316.23,312.11,314.865,227228.0,315.136835
2026-05-07T00:27:20.159,2,2,JPM260508C00375000,JPM,2026-05-08,call,375.0,0.0,0.0,2.1,16.0,1.05,0.16,1.0,,,,,,,2026-05-06,312.195,316.23,312.11,314.865,227228.0,315.136835
2026-05-07T00:27:20.159,2,2,JPM260508C00380000,JPM,2026-05-08,call,380.0,0.0,0.0,0.07,7.0,0.035,0.19,1.0,,,,,,,2026-05-06,312.195,316.23,312.11,314.865,227228.0,315.136835
2026-05-07T00:27:20.159,2,2,JPM260508C00385000,JPM,2026-05-08,call,385.0,0.0,0.0,0.03,5.0,0.015,0.03,1.0,,,,,,,2026-05-06,312.195,316.23,312.11,314.865,227228.0,315.136835
2026-05-07T00:27:20.159,2,2,JPM260508C00390000,JPM,2026-05-08,call,390.0,0.0,0.0,0.07,20.0,0.035,0.01,1.0,,,,,,,2026-05-06,312.195,316.23,312.11,314.865,227228.0,315.136835
2026-05-07T00:27:20.159,2,2,JPM260508C00395000,JPM,2026-05-08,call,395.0,0.0,0.0,0.03,5.0,0.015,0.07,1.0,,,,,,,2026-05-06,312.195,316.23,312.11,314.865,227228.0,315.136835
2026-05-07T00:27:20.159,2,2,JPM260508P00165000,JPM,2026-05-08,put,165.0,0.0,0.0,0.01,5.0,0.005,0.01,2.0,,,,,,,2026-05-06,312.195,316.23,312.11,314.865,227228.0,315.136835
2026-05-07T00:27:20.159,2,2,JPM260508P00170000,JPM,2026-05-08,put,170.0,0.0,0.0,0.05,3.0,0.025,0.02,9.0,,,,,,,2026-05-06,312.195,316.23,312.11,314.865,227228.0,315.136835
2026-05-07T00:27:20.159,2,2,JPM260508P00175000,JPM,2026-05-08,put,175.0,0.0,0.0,0.03,3.0,0.015,0.11,2.0,,,,,,,2026-05-06,312.195,316.23,312.11,314.865,227228.0,315.136835
2026-05-07T00:27:20.159,2,2,JPM260508P00180000,JPM,2026-05-08,put,180.0,0.0,0.0,0.01,10.0,0.005,0.01,1.0,,,,,,,2026-05-06,312.195,316.23,312.11,314.865,227228.0,315.136835
2026-05-07T00:27:20.159,2,2,JPM260508P00185000,JPM,2026-05-08,put,185.0,0.0,0.0,0.23,2.0,0.115,0.2,1.0,,,,,,,2026-05-06,312.195,316.23,312.11,314.865,227228.0,315.136835
2026-05-07T00:27:20.159,2,2,JPM260508P00190000,JPM,2026-05-08,put,190.0,0.0,0.0,0.06,10.0,0.03,0.01,1.0,,,,,,,2026-05-06,312.195,316.23,312.11,314.865,227228.0,315.136835
2026-05-07T00:27:20.159,2,2,JPM260508P00195000,JPM,2026-05-08,put,195.0,0.0,0.0,0.05,3.0,0.025,0.24,1.0,,,,,,,2026-05-06,312.195,316.23,312.11,314.865,227228.0,315.136835
2026-05-07T00:27:20.159,2,2,JPM260508P00200000,JPM,2026-05-08,put,200.0,0.0,0.0,0.18,5.0,0.09,0.11,2.0,,,,,,,2026-05-06,312.195,316.23,312.11,314.865,227228.0,315.136835
2026-05-07T00:27:20.159,2,2,JPM260508P00205000,JPM,2026-05-08,put,205.0,0.0,0.0,2.15,7.0,1.075,0.27,1.0,,,,,,,2026-05-06,312.195,316.23,312.11,314.865,227228.0,315.136835
2026-05-07T00:27:20.159,2,2,JPM260508P00210000,JPM,2026-05-08,put,210.0,0.0,0.0,0.01,10.0,0.005,0.04,5.0,,,,,,,2026-05-06,312.195,316.23,312.11,314.865,227228.0,315.136835
2026-05-07T00:27:20.159,2,2,JPM260508P00215000,JPM,2026-05-08,put,215.0,0.0,0.0,0.06,4.0,0.03,0.01,1.0,,,,,,,2026-05-06,312.195,316.23,312.11,314.865,227228.0,315.136835
2026-05-07T00:27:20.159,2,2,JPM260508P00220000,JPM,2026-05-08,put,220.0,0.0,0.0,0.26,1.0,0.13,0.02,1.0,,,,,,,2026-05-06,312.195,316.23,312.11,314.865,227228.0,315.136835
2026-05-07T00:27:20.159,2,2,JPM260508P00225000,JPM,2026-05-08,put,225.0,0.0,0.0,0.06,3.0,0.03,0.01,1.0,,,,,,,2026-05-06,312.195,316.23,312.11,314.865,227228.0,315.136835
2026-05-07T00:27:20.159,2,2,JPM260508P00230000,JPM,2026-05-08,put,230.0,0.0,0.0,0.4,4.0,0.2,0.01,1.0,,,,,,,2026-05-06,312.195,316.23,312.11,314.865,227228.0,315.136835
2026-05-07T00:27:20.159,2,2,JPM260508P00235000,JPM,2026-05-08,put,235.0,0.0,0.0,0.44,3.0,0.22,0.03,1.0,,,,,,,2026-05-06,312.195,316.23,312.11,314.865,227228.0,315.136835
2026-05-07T00:27:20.159,2,2,JPM260508P00240000,JPM,2026-05-08,put,240.0,0.0,0.0,0.4,3.0,0.2,0.03,1.0,,,,,,,2026-05-06,312.195,316.23,312.11,314.865,227228.0,315.136835
2026-05-07T00:27:20.159,2,2,JPM260508P00245000,JPM,2026-05-08,put,245.0,0.0,0.0,0.44,3.0,0.22,0.03,1.0,,,,,,,2026-05-06,312.195,316.23,312.11,314.865,227228.0,315.136835
2026-05-07T00:27:20.159,2,2,JPM260508P00250000,JPM,2026-05-08,put,250.0,0.0,0.0,0.06,2.0,0.03,0.06,1.0,,,,,,,2026-05-06,312.195,316.23,312.11,314.865,227228.0,315.136835
2026-05-07T00:27:20.159,2,2,JPM260508P00255000,JPM,2026-05-08,put,255.0,0.0,0.0,2.16,18.0,1.08,0.1,1.0,,,,,,,2026-05-06,312.195,316.23,312.11,314.865,227228.0,315.136835
2026-05-07T00:27:20.159,2,2,JPM260508P00260000,JPM,2026-05-08,put,260.0,0.0,0.0,1.06,102.0,0.53,0.06,2.0,,,,,,,2026-05-06,312.195,316.23,312.11,314.865,227228.0,315.136835
2026-05-07T00:27:20.159,2,2,JPM260508P00265000,JPM,2026-05-08,put,265.0,0.0,0.0,0.03,1.0,0.015,0.01,1.0,,,,,,,2026-05-06,312.195,316.23,312.11,314.865,227228.0,315.136835
2026-05-07T00:27:20.159,2,2,JPM260508P00270000,JPM,2026-05-08,put,270.0,0.0,0.0,0.1,85.0,0.05,0.02,1.0,,,,,,,2026-05-06,312.195,316.23,312.11,314.865,227228.0,315.136835
2026-05-07T00:27:20.159,2,2,JPM260508P00275000,JPM,2026-05-08,put,275.0,0.01,14.0,0.06,2.0,0.034999999999999996,0.03,10.0,0.7385,-0.0062,0.001,-0.0751,0.0041,-0.0001,2026-05-06,312.195,316.23,312.11,314.865,227228.0,315.136835
2026-05-07T00:27:20.159,2,2,JPM260508P00277500,JPM,2026-05-08,put,277.5,0.0,0.0,0.54,143.0,0.27,0.18,1.0,,,,,,,2026-05-06,312.195,316.23,312.11,314.865,227228.0,315.136835
2026-05-07T00:27:20.159,2,2,JPM260508P00280000,JPM,2026-05-08,put,280.0,0.03,2.0,0.05,2.0,0.04,0.02,1.0,0.6608,-0.0078,0.0014,-0.0819,0.005,-0.0001,2026-05-06,312.195,316.23,312.11,314.865,227228.0,315.136835
2026-05-07T00:27:20.159,2,2,JPM260508P00282500,JPM,2026-05-08,put,282.5,0.01,2.0,0.03,2.0,0.02,0.04,1.0,0.5686,-0.0047,0.001,-0.0455,0.0032,-0.0001,2026-05-06,312.195,316.23,312.11,314.865,227228.0,315.136835
2026-05-07T00:27:20.159,2,2,JPM260508P00285000,JPM,2026-05-08,put,285.0,0.03,1.0,0.36,1.0,0.195,0.02,6.0,0.7218,-0.0295,0.004,-0.2808,0.0156,-0.0005,2026-05-06,312.195,316.23,312.11,314.865,227228.0,315.136835
2026-05-07T00:27:20.159,2,2,JPM260508P00287500,JPM,2026-05-08,put,287.5,0.01,4.0,0.06,102.0,0.034999999999999996,0.06,1.0,0.5186,-0.0086,0.0019,-0.0702,0.0054,-0.0001,2026-05-06,312.195,316.23,312.11,314.865,227228.0,315.136835
2026-05-07T00:27:20.159,2,2,JPM260508P00290000,JPM,2026-05-08,put,290.0,0.01,10.0,0.02,13.0,0.015,0.02,1.0,0.4299,-0.0047,0.0014,-0.0342,0.0032,-0.0001,2026-05-06,312.195,316.23,312.11,314.865,227228.0,315.136835
2026-05-07T00:27:20.159,2,2,JPM260508P00292500,JPM,2026-05-08,put,292.5,0.01,2.0,0.08,2.0,0.045,0.05,1.0,0.4455,-0.0124,0.0031,-0.0828,0.0075,-0.0002,2026-05-06,312.195,316.23,312.11,314.865,227228.0,315.136835
2026-05-07T00:27:20.159,2,2,JPM260508P00295000,JPM,2026-05-08,put,295.0,0.06,1.0,0.08,30.0,0.07,0.08,1.0,0.4268,-0.0191,0.0047,-0.1151,0.0108,-0.0003,2026-05-06,312.195,316.23,312.11,314.865,227228.0,315.136835
2026-05-07T00:27:20.159,2,2,JPM260508P00297500,JPM,2026-05-08,put,297.5,0.07,82.0,0.1,113.0,0.085,0.08,1.0,0.3911,-0.0245,0.0063,-0.1302,0.0134,-0.0004,2026-05-06,312.195,316.23,312.11,314.865,227228.0,315.136835
2026-05-07T00:27:20.159,2,2,JPM260508P00300000,JPM,2026-05-08,put,300.0,0.06,84.0,0.17,110.0,0.115,0.1,1.0,0.3603,-0.0344,0.0091,-0.1587,0.0177,-0.0006,2026-05-06,312.195,316.23,312.11,314.865,227228.0,315.136835
2026-05-07T00:27:20.159,2,2,JPM260508P00302500,JPM,2026-05-08,put,302.5,0.13,117.0,0.27,138.0,0.2,0.16,1.0,0.345,-0.0576,0.0144,-0.23,0.0269,-0.001,2026-05-06,312.195,316.23,312.11,314.865,227228.0,315.136835
2026-05-07T00:27:20.159,2,2,JPM260508P00305000,JPM,2026-05-08,put,305.0,0.25,127.0,0.34,6.0,0.29500000000000004,0.25,1.0,0.3163,-0.0862,0.0213,-0.2871,0.0367,-0.0015,2026-05-06,312.195,316.23,312.11,314.865,227228.0,315.136835
2026-05-07T00:27:20.159,2,2,JPM260508P00307500,JPM,2026-05-08,put,307.5,0.45,85.0,0.63,22.0,0.54,0.56,2.0,0.3048,-0.1462,0.0323,-0.4023,0.0534,-0.0026,2026-05-06,312.195,316.23,312.11,314.865,227228.0,315.136835
2026-05-07T00:27:20.159,2,2,JPM260508P00310000,JPM,2026-05-08,put,310.0,0.86,43.0,1.04,21.0,0.95,0.96,10.0,0.2928,-0.2353,0.0451,-0.5171,0.0716,-0.0041,2026-05-06,312.195,316.23,312.11,314.865,227228.0,315.136835
2026-05-07T00:27:20.159,2,2,JPM260508P00312500,JPM,2026-05-08,put,312.5,1.43,22.0,1.71,41.0,1.5699999999999998,1.43,1.0,0.2766,-0.3556,0.0578,-0.5889,0.0868,-0.0062,2026-05-06,312.195,316.23,312.11,314.865,227228.0,315.136835
2026-05-07T00:27:20.159,2,2,JPM260508P00315000,JPM,2026-05-08,put,315.0,2.49,53.0,2.84,41.0,2.665,2.58,1.0,0.2764,-0.5075,0.0619,-0.6261,0.0929,-0.0089,2026-05-06,312.195,316.23,312.11,314.865,227228.0,315.136835
2026-05-07T00:27:20.159,2,2,JPM260508P00317500,JPM,2026-05-08,put,317.5,3.86,51.0,4.52,41.0,4.1899999999999995,4.05,10.0,0.2819,-0.6543,0.0561,-0.5845,0.0859,-0.0115,2026-05-06,312.195,316.23,312.11,314.865,227228.0,315.136835
2026-05-07T00:27:20.159,2,2,JPM260508P00320000,JPM,2026-05-08,put,320.0,5.0,23.0,6.08,23.0,5.54,6.3,1.0,0.2065,-0.8558,0.0472,-0.2458,0.0529,-0.0151,2026-05-06,312.195,316.23,312.11,314.865,227228.0,315.136835
2026-05-07T00:27:20.159,2,2,JPM260508P00322500,JPM,2026-05-08,put,322.5,6.95,33.0,8.28,6.0,7.615,7.55,10.0,,,,,,,2026-05-06,312.195,316.23,312.11,314.865,227228.0,315.136835
2026-05-07T00:27:20.159,2,2,JPM260508P00325000,JPM,2026-05-08,put,325.0,9.32,11.0,11.62,12.0,10.469999999999999,10.13,5.0,0.3123,-0.9141,0.0216,-0.2557,0.0366,-0.0163,2026-05-06,312.195,316.23,312.11,314.865,227228.0,315.136835
2026-05-07T00:27:20.159,2,2,JPM260508P00327500,JPM,2026-05-08,put,327.5,10.46,41.0,13.88,8.0,12.170000000000002,13.18,1.0,,,,,,,2026-05-06,312.195,316.23,312.11,314.865,227228.0,315.136835
2026-05-07T00:27:20.159,2,2,JPM260508P00330000,JPM,2026-05-08,put,330.0,13.09,48.0,16.18,9.0,14.635,22.8,1.0,,,,,,,2026-05-06,312.195,316.23,312.11,314.865,227228.0,315.136835
2026-05-07T00:27:20.159,2,2,JPM260508P00332500,JPM,2026-05-08,put,332.5,15.36,51.0,18.11,12.0,16.735,18.42,4.0,,,,,,,2026-05-06,312.195,316.23,312.11,314.865,227228.0,315.136835
2026-05-07T00:27:20.159,2,2,JPM260508P00335000,JPM,2026-05-08,put,335.0,17.7,35.0,21.44,33.0,19.57,20.9,4.0,,,,,,,2026-05-06,312.195,316.23,312.11,314.865,227228.0,315.136835
2026-05-07T00:27:20.159,2,2,JPM260508P00337500,JPM,2026-05-08,put,337.5,20.83,54.0,23.08,17.0,21.955,,,,,,,,,2026-05-06,312.195,316.23,312.11,314.865,227228.0,315.136835
2026-05-07T00:27:20.159,2,2,JPM260508P00340000,JPM,2026-05-08,put,340.0,23.04,46.0,26.65,21.0,24.845,,,,,,,,,2026-05-06,312.195,316.23,312.11,314.865,227228.0,315.136835
2026-05-07T00:27:20.159,2,2,JPM260508P00342500,JPM,2026-05-08,put,342.5,26.5,10.0,28.35,14.0,27.425,,,,,,,,,2026-05-06,312.195,316.23,312.11,314.865,227228.0,315.136835
2026-05-07T00:27:20.159,2,2,JPM260508P00345000,JPM,2026-05-08,put,345.0,28.32,50.0,30.64,14.0,29.48,35.59,1.0,,,,,,,2026-05-06,312.195,316.23,312.11,314.865,227228.0,315.136835
2026-05-07T00:27:20.159,2,2,JPM260508P00350000,JPM,2026-05-08,put,350.0,32.79,46.0,35.86,17.0,34.325,,,,,,,,,2026-05-06,312.195,316.23,312.11,314.865,227228.0,315.136835
2026-05-07T00:27:20.159,2,2,JPM260508P00355000,JPM,2026-05-08,put,355.0,38.28,57.0,41.49,17.0,39.885000000000005,,,,,,,,,2026-05-06,312.195,316.23,312.11,314.865,227228.0,315.136835
2026-05-07T00:27:20.159,2,2,JPM260508P00360000,JPM,2026-05-08,put,360.0,43.56,59.0,45.52,55.0,44.540000000000006,,,,,,,,,2026-05-06,312.195,316.23,312.11,314.865,227228.0,315.136835
2026-05-07T00:27:20.159,2,2,JPM260508P00365000,JPM,2026-05-08,put,365.0,47.16,8.0,51.58,14.0,49.37,,,,,,,,,2026-05-06,312.195,316.23,312.11,314.865,227228.0,315.136835
2026-05-07T00:27:20.159,2,2,JPM260508P00370000,JPM,2026-05-08,put,370.0,52.03,45.0,56.88,45.0,54.455,,,,,,,,,2026-05-06,312.195,316.23,312.11,314.865,227228.0,315.136835
2026-05-07T00:27:20.159,2,2,JPM260508P00375000,JPM,2026-05-08,put,375.0,58.95,20.0,61.31,16.0,60.13,,,,,,,,,2026-05-06,312.195,316.23,312.11,314.865,227228.0,315.136835
2026-05-07T00:27:20.159,2,2,JPM260508P00380000,JPM,2026-05-08,put,380.0,63.5,37.0,67.25,10.0,65.375,,,,,,,,,2026-05-06,312.195,316.23,312.11,314.865,227228.0,315.136835
2026-05-07T00:27:20.159,2,2,JPM260508P00385000,JPM,2026-05-08,put,385.0,67.84,52.0,71.19,26.0,69.515,,,,,,,,,2026-05-06,312.195,316.23,312.11,314.865,227228.0,315.136835
2026-05-07T00:27:20.159,2,2,JPM260508P00390000,JPM,2026-05-08,put,390.0,73.61,51.0,76.25,48.0,74.93,,,,,,,,,2026-05-06,312.195,316.23,312.11,314.865,227228.0,315.136835
2026-05-07T00:27:20.159,2,2,JPM260508P00395000,JPM,2026-05-08,put,395.0,78.6,73.0,82.6,83.0,80.6,,,,,,,,,2026-05-06,312.195,316.23,312.11,314.865,227228.0,315.136835
2026-05-07T00:27:20.159,7,9,JPM260515C00145000,JPM,2026-05-15,call,145.0,171.35,45.0,174.9,1.0,173.125,,,,,,,,,2026-05-06,312.195,316.23,312.11,314.865,227228.0,315.136835
2026-05-07T00:27:20.159,7,9,JPM260515C00150000,JPM,2026-05-15,call,150.0,164.31,46.0,167.07,20.0,165.69,163.18,1.0,,,,,,,2026-05-06,312.195,316.23,312.11,314.865,227228.0,315.136835
2026-05-07T00:27:20.159,7,9,JPM260515C00155000,JPM,2026-05-15,call,155.0,160.8,5.0,163.67,17.0,162.235,,,,,,,,,2026-05-06,312.195,316.23,312.11,314.865,227228.0,315.136835
2026-05-07T00:27:20.159,7,9,JPM260515C00160000,JPM,2026-05-15,call,160.0,156.26,20.0,158.37,16.0,157.315,133.55,150.0,,,,,,,2026-05-06,312.195,316.23,312.11,314.865,227228.0,315.136835
2026-05-07T00:27:20.159,7,9,JPM260515C00165000,JPM,2026-05-15,call,165.0,150.04,17.0,152.75,6.0,151.39499999999998,129.17,5.0,,,,,,,2026-05-06,312.195,316.23,312.11,314.865,227228.0,315.136835
2026-05-07T00:27:20.159,7,9,JPM260515C00170000,JPM,2026-05-15,call,170.0,141.39,7.0,148.15,10.0,144.76999999999998,,,,,,,,,2026-05-06,312.195,316.23,312.11,314.865,227228.0,315.136835
2026-05-07T00:27:20.159,7,9,JPM260515C00175000,JPM,2026-05-15,call,175.0,137.19,6.0,143.3,6.0,140.245,119.77,5.0,,,,,,,2026-05-06,312.195,316.23,312.11,314.865,227228.0,315.136835
2026-05-07T00:27:20.159,7,9,JPM260515C00180000,JPM,2026-05-15,call,180.0,131.16,15.0,138.36,20.0,134.76,114.83,5.0,,,,,,,2026-05-06,312.195,316.23,312.11,314.865,227228.0,315.136835
2026-05-07T00:27:20.159,7,9,JPM260515C00185000,JPM,2026-05-15,call,185.0,130.99,5.0,132.15,17.0,131.57,132.08,1.0,,,,,,,2026-05-06,312.195,316.23,312.11,314.865,227228.0,315.136835
2026-05-07T00:27:20.159,7,9,JPM260515C00190000,JPM,2026-05-15,call,190.0,121.61,6.0,127.53,13.0,124.57,104.15,50.0,,,,,,,2026-05-06,312.195,316.23,312.11,314.865,227228.0,315.136835
2026-05-07T00:27:20.159,7,9,JPM260515C00195000,JPM,2026-05-15,call,195.0,117.62,6.0,122.0,12.0,119.81,101.55,1.0,,,,,,,2026-05-06,312.195,316.23,312.11,314.865,227228.0,315.136835
2026-05-07T00:27:20.159,7,9,JPM260515C00200000,JPM,2026-05-15,call,200.0,114.36,46.0,116.29,12.0,115.325,96.05,1.0,,,,,,,2026-05-06,312.195,316.23,312.11,314.865,227228.0,315.136835
2026-05-07T00:27:20.159,7,9,JPM260515C00205000,JPM,2026-05-15,call,205.0,108.31,13.0,112.22,6.0,110.265,,,,,,,,,2026-05-06,312.195,316.23,312.11,314.865,227228.0,315.136835
2026-05-07T00:27:20.159,7,9,JPM260515C00210000,JPM,2026-05-15,call,210.0,104.38,5.0,105.31,20.0,104.845,99.39,1.0,,,,,,,2026-05-06,312.195,316.23,312.11,314.865,227228.0,315.136835
2026-05-07T00:27:20.159,7,9,JPM260515C00215000,JPM,2026-05-15,call,215.0,97.16,2.0,104.0,7.0,100.58,,,,,,,,,2026-05-06,312.195,316.23,312.11,314.865,227228.0,315.136835
2026-05-07T00:27:20.159,7,9,JPM260515C00220000,JPM,2026-05-15,call,220.0,95.42,19.0,97.62,6.0,96.52000000000001,98.82,10.0,,,,,,,2026-05-06,312.195,316.23,312.11,314.865,227228.0,315.136835
2026-05-07T00:27:20.159,7,9,JPM260515C00225000,JPM,2026-05-15,call,225.0,87.89,14.0,92.03,7.0,89.96000000000001,62.01,1.0,0.6979,0.9991,0.0001,-0.0281,0.0015,0.0554,2026-05-06,312.195,316.23,312.11,314.865,227228.0,315.136835
2026-05-07T00:27:20.159,7,9,JPM260515C00230000,JPM,2026-05-15,call,230.0,84.32,11.0,86.85,1.0,85.585,85.88,1.0,,,,,,,2026-05-06,312.195,316.23,312.11,314.865,227228.0,315.136835
2026-05-07T00:27:20.159,7,9,JPM260515C00235000,JPM,2026-05-15,call,235.0,80.04,17.0,83.37,1.0,81.70500000000001,78.4,1.0,,,,,,,2026-05-06,312.195,316.23,312.11,314.865,227228.0,315.136835
2026-05-07T00:27:20.159,7,9,JPM260515C00240000,JPM,2026-05-15,call,240.0,73.7,42.0,77.72,21.0,75.71000000000001,68.45,1.0,,,,,,,2026-05-06,312.195,316.23,312.11,314.865,227228.0,315.136835
2026-05-07T00:27:20.159,7,9,JPM260515C00245000,JPM,2026-05-15,call,245.0,70.53,13.0,71.03,6.0,70.78,62.6,3.0,0.9565,0.9598,0.0018,-0.25,0.0427,0.057,2026-05-06,312.195,316.23,312.11,314.865,227228.0,315.136835
2026-05-07T00:27:20.159,7,9,JPM260515C00250000,JPM,2026-05-15,call,250.0,65.36,10.0,66.01,1.0,65.685,61.02,2.0,0.8698,0.9609,0.002,-0.2256,0.0418,0.0584,2026-05-06,312.195,316.23,312.11,314.865,227228.0,315.136835
2026-05-07T00:27:20.159,7,9,JPM260515C00255000,JPM,2026-05-15,call,255.0,59.01,27.0,61.73,22.0,60.37,55.13,3.0,0.7231,0.9725,0.0018,-0.1502,0.0313,0.0606,2026-05-06,312.195,316.23,312.11,314.865,227228.0,315.136835
2026-05-07T00:27:20.159,7,9,JPM260515C00260000,JPM,2026-05-15,call,260.0,55.23,173.0,57.47,184.0,56.349999999999994,55.46,5.0,0.8631,0.9312,0.0031,-0.3377,0.0655,0.0584,2026-05-06,312.195,316.23,312.11,314.865,227228.0,315.136835
2026-05-07T00:27:20.159,7,9,JPM260515C00265000,JPM,2026-05-15,call,265.0,48.98,10.0,52.75,9.0,50.864999999999995,45.23,37.0,0.7174,0.9443,0.0032,-0.2459,0.0556,0.0607,2026-05-06,312.195,316.23,312.11,314.865,227228.0,315.136835
2026-05-07T00:27:20.159,7,9,JPM260515C00270000,JPM,2026-05-15,call,270.0,44.6,20.0,46.82,11.0,45.71,44.5,2.0,0.6266,0.947,0.0035,-0.2109,0.0534,0.0622,2026-05-06,312.195,316.23,312.11,314.865,227228.0,315.136835
2026-05-07T00:27:20.159,7,9,JPM260515C00275000,JPM,2026-05-15,call,275.0,38.98,20.0,43.15,5.0,41.065,40.4,5.0,0.6215,0.9253,0.0046,-0.2658,0.0698,0.0617,2026-05-06,312.195,316.23,312.11,314.865,227228.0,315.136835
2026-05-07T00:27:20.159,7,9,JPM260515C00280000,JPM,2026-05-15,call,280.0,34.4,80.0,36.93,46.0,35.665,28.8,1.0,0.4974,0.9392,0.0049,-0.1902,0.0595,0.0641,2026-05-06,312.195,316.23,312.11,314.865,227228.0,315.136835
2026-05-07T00:27:20.159,7,9,JPM260515C00282500,JPM,2026-05-15,call,282.5,31.92,6.0,35.39,19.0,33.655,33.27,1.0,0.5358,0.9095,0.0062,-0.2651,0.0806,0.0623,2026-05-06,312.195,316.23,312.11,314.865,227228.0,315.136835
2026-05-07T00:27:20.159,7,9,JPM260515C00285000,JPM,2026-05-15,call,285.0,29.56,1.0,31.9,126.0,30.729999999999997,30.79,1.0,0.447,0.9282,0.0062,-0.1941,0.0677,0.0645,2026-05-06,312.195,316.23,312.11,314.865,227228.0,315.136835
2026-05-07T00:27:20.159,7,9,JPM260515C00287500,JPM,2026-05-15,call,287.5,26.53,47.0,30.41,15.0,28.47,,,0.448,0.9091,0.0074,-0.2269,0.0809,0.0635,2026-05-06,312.195,316.23,312.11,314.865,227228.0,315.136835
2026-05-07T00:27:20.159,7,9,JPM260515C00290000,JPM,2026-05-15,call,290.0,24.27,206.0,26.9,79.0,25.585,24.28,1.0,0.3651,0.9296,0.0075,-0.1618,0.0667,0.0658,2026-05-06,312.195,316.23,312.11,314.865,227228.0,315.136835
2026-05-07T00:27:20.159,7,9,JPM260515C00292500,JPM,2026-05-15,call,292.5,21.74,1.0,24.69,20.0,23.215,18.04,3.0,0.3529,0.9142,0.009,-0.1782,0.0775,0.0652,2026-05-06,312.195,316.23,312.11,314.865,227228.0,315.136835
2026-05-07T00:27:20.159,7,9,JPM260515C00295000,JPM,2026-05-15,call,295.0,19.75,130.0,21.73,120.0,20.740000000000002,21.63,4.0,0.3249,0.9054,0.0105,-0.1766,0.0832,0.0652,2026-05-06,312.195,316.23,312.11,314.865,227228.0,315.136835
2026-05-07T00:27:20.159,7,9,JPM260515C00297500,JPM,2026-05-15,call,297.5,17.73,21.0,19.23,21.0,18.48,17.76,1.0,0.3189,0.8787,0.0128,-0.2022,0.0996,0.0636,2026-05-06,312.195,316.23,312.11,314.865,227228.0,315.136835
2026-05-07T00:27:20.159,7,9,JPM260515C00300000,JPM,2026-05-15,call,300.0,15.41,33.0,16.94,91.0,16.175,16.85,3.0,0.3032,0.8533,0.0153,-0.2163,0.1135,0.0622,2026-05-06,312.195,316.23,312.11,314.865,227228.0,315.136835
2026-05-07T00:27:20.159,7,9,JPM260515C00302500,JPM,2026-05-15,call,302.5,13.32,7.0,15.0,30.0,14.16,13.9,6.0,0.3056,0.8078,0.0181,-0.2532,0.1351,0.0592,2026-05-06,312.195,316.23,312.11,314.865,227228.0,315.136835
2026-05-07T00:27:20.159,7,9,JPM260515C00305000,JPM,2026-05-15,call,305.0,11.11,72.0,12.63,138.0,11.870000000000001,11.65,1.0,0.2812,0.7749,0.0216,-0.2547,0.1483,0.0572,2026-05-06,312.195,316.23,312.11,314.865,227228.0,315.136835
2026-05-07T00:27:20.159,7,9,JPM260515C00307500,JPM,2026-05-15,call,307.5,9.53,28.0,10.37,104.0,9.95,8.75,1.0,0.2756,0.7193,0.0247,-0.2766,0.1666,0.0534,2026-05-06,312.195,316.23,312.11,314.865,227228.0,315.136835
2026-05-07T00:27:20.159,7,9,JPM260515C00310000,JPM,2026-05-15,call,310.0,7.53,31.0,8.57,86.0,8.05,8.25,5.0,0.2633,0.6591,0.0282,-0.2851,0.1813,0.0492,2026-05-06,312.195,316.23,312.11,314.865,227228.0,315.136835
2026-05-07T00:27:20.159,7,9,JPM260515C00312500,JPM,2026-05-15,call,312.5,5.88,32.0,6.8,38.0,6.34,6.5,1.0,0.2533,0.5882,0.0311,-0.2884,0.1923,0.0441,2026-05-06,312.195,316.23,312.11,314.865,227228.0,315.136835
2026-05-07T00:27:20.159,7,9,JPM260515C00315000,JPM,2026-05-15,call,315.0,4.62,12.0,5.22,94.0,4.92,5.08,1.0,0.2487,0.5088,0.0324,-0.2879,0.1971,0.0383,2026-05-06,312.195,316.23,312.11,314.865,227228.0,315.136835
2026-05-07T00:27:20.159,7,9,JPM260515C00317500,JPM,2026-05-15,call,317.5,3.46,11.0,3.98,210.0,3.7199999999999998,3.7,1.0,0.2452,0.4272,0.0324,-0.2771,0.1939,0.0322,2026-05-06,312.195,316.23,312.11,314.865,227228.0,315.136835
2026-05-07T00:27:20.159,7,9,JPM260515C00320000,JPM,2026-05-15,call,320.0,2.5,53.0,2.83,30.0,2.665,2.66,83.0,0.2385,0.3449,0.0313,-0.2518,0.1821,0.0261,2026-05-06,312.195,316.23,312.11,314.865,227228.0,315.136835
2026-05-07T00:27:20.159,7,9,JPM260515C00322500,JPM,2026-05-15,call,322.5,1.65,54.0,2.15,119.0,1.9,2.03,2.0,0.2367,0.2704,0.0283,-0.2233,0.1635,0.0205,2026-05-06,312.195,316.23,312.11,314.865,227228.0,315.136835
2026-05-07T00:27:20.159,7,9,JPM260515C00325000,JPM,2026-05-15,call,325.0,1.18,1.0,1.37,1.0,1.275,1.3,1.0,0.2324,0.2018,0.0245,-0.1858,0.1391,0.0153,2026-05-06,312.195,316.23,312.11,314.865,227228.0,315.136835
2026-05-07T00:27:20.159,7,9,JPM260515C00327500,JPM,2026-05-15,call,327.5,0.67,89.0,1.11,147.0,0.8900000000000001,0.92,1.0,0.2347,0.1504,0.0201,-0.1552,0.1155,0.0115,2026-05-06,312.195,316.23,312.11,314.865,227228.0,315.136835
2026-05-07T00:27:20.159,7,9,JPM260515C00330000,JPM,2026-05-15,call,330.0,0.49,41.0,0.73,145.0,0.61,0.68,1.0,0.237,0.1096,0.016,-0.1254,0.0927,0.0084,2026-05-06,312.195,316.23,312.11,314.865,227228.0,315.136835
2026-05-07T00:27:20.159,7,9,JPM260515C00332500,JPM,2026-05-15,call,332.5,0.26,84.0,0.68,69.0,0.47000000000000003,0.4,10.0,0.2472,0.0852,0.0128,-0.1084,0.077,0.0065,2026-05-06,312.195,316.23,312.11,314.865,227228.0,315.136835
2026-05-07T00:27:20.159,7,9,JPM260515C00335000,JPM,2026-05-15,call,335.0,0.05,115.0,0.38,107.0,0.215,0.27,4.0,0.2303,0.0464,0.0085,-0.0628,0.048,0.0035,2026-05-06,312.195,316.23,312.11,314.865,227228.0,315.136835
2026-05-07T00:27:20.159,7,9,JPM260515C00337500,JPM,2026-05-15,call,337.5,0.0,0.0,0.56,68.0,0.28,0.16,20.0,,,,,,,2026-05-06,312.195,316.23,312.11,314.865,227228.0,315.136835
2026-05-07T00:27:20.159,7,9,JPM260515C00340000,JPM,2026-05-15,call,340.0,0.09,129.0,0.17,1.0,0.13,0.1,1.0,0.251,0.0277,0.0051,-0.0448,0.0315,0.0021,2026-05-06,312.195,316.23,312.11,314.865,227228.0,315.136835
2026-05-07T00:27:20.159,7,9,JPM260515C00345000,JPM,2026-05-15,call,345.0,0.06,1.0,0.11,1.0,0.08499999999999999,0.05,1.0,0.2723,0.0177,0.0032,-0.0332,0.0216,0.0014,2026-05-06,312.195,316.23,312.11,314.865,227228.0,315.136835
2026-05-07T00:27:20.159,7,9,JPM260515C00350000,JPM,2026-05-15,call,350.0,0.0,0.0,0.15,1.0,0.075,0.06,2.0,,,,,,,2026-05-06,312.195,316.23,312.11,314.865,227228.0,315.136835
2026-05-07T00:27:20.159,7,9,JPM260515C00355000,JPM,2026-05-15,call,355.0,0.0,0.0,0.15,90.0,0.075,0.18,1.0,,,,,,,2026-05-06,312.195,316.23,312.11,314.865,227228.0,315.136835
2026-05-07T00:27:20.159,7,9,JPM260515C00360000,JPM,2026-05-15,call,360.0,0.01,1.0,0.06,136.0,0.034999999999999996,0.06,2.0,0.3388,0.0065,0.0011,-0.0173,0.0091,0.0005,2026-05-06,312.195,316.23,312.11,314.865,227228.0,315.136835
2026-05-07T00:27:20.159,7,9,JPM260515C00365000,JPM,2026-05-15,call,365.0,0.0,0.0,0.48,154.0,0.24,0.04,20.0,,,,,,,2026-05-06,312.195,316.23,312.11,314.865,227228.0,315.136835
2026-05-07T00:27:20.159,7,9,JPM260515C00370000,JPM,2026-05-15,call,370.0,0.0,0.0,0.46,162.0,0.23,0.19,1.0,,,,,,,2026-05-06,312.195,316.23,312.11,314.865,227228.0,315.136835
2026-05-07T00:27:20.159,7,9,JPM260515C00375000,JPM,2026-05-15,call,375.0,0.0,0.0,2.17,3.0,1.085,0.31,12.0,,,,,,,2026-05-06,312.195,316.23,312.11,314.865,227228.0,315.136835
2026-05-07T00:27:20.159,7,9,JPM260515C00380000,JPM,2026-05-15,call,380.0,0.0,0.0,2.13,12.0,1.065,0.36,12.0,,,,,,,2026-05-06,312.195,316.23,312.11,314.865,227228.0,315.136835
2026-05-07T00:27:20.159,7,9,JPM260515C00385000,JPM,2026-05-15,call,385.0,0.0,0.0,2.13,76.0,1.065,,,,,,,,,2026-05-06,312.195,316.23,312.11,314.865,227228.0,315.136835
2026-05-07T00:27:20.159,7,9,JPM260515C00390000,JPM,2026-05-15,call,390.0,0.0,0.0,0.27,9.0,0.135,0.04,1.0,,,,,,,2026-05-06,312.195,316.23,312.11,314.865,227228.0,315.136835
2026-05-07T00:27:20.159,7,9,JPM260515C00395000,JPM,2026-05-15,call,395.0,0.0,0.0,2.12,142.0,1.06,0.17,1.0,,,,,,,2026-05-06,312.195,316.23,312.11,314.865,227228.0,315.136835
2026-05-07T00:27:20.159,7,9,JPM260515C00400000,JPM,2026-05-15,call,400.0,0.0,0.0,2.16,25.0,1.08,0.1,15.0,,,,,,,2026-05-06,312.195,316.23,312.11,314.865,227228.0,315.136835
2026-05-07T00:27:20.159,7,9,JPM260515C00405000,JPM,2026-05-15,call,405.0,0.0,0.0,2.18,134.0,1.09,0.1,1.0,,,,,,,2026-05-06,312.195,316.23,312.11,314.865,227228.0,315.136835
2026-05-07T00:27:20.159,7,9,JPM260515C00410000,JPM,2026-05-15,call,410.0,0.0,0.0,1.26,137.0,0.63,0.2,1.0,,,,,,,2026-05-06,312.195,316.23,312.11,314.865,227228.0,315.136835
2026-05-07T00:27:20.159,7,9,JPM260515C00415000,JPM,2026-05-15,call,415.0,0.0,0.0,2.12,157.0,1.06,0.11,1.0,,,,,,,2026-05-06,312.195,316.23,312.11,314.865,227228.0,315.136835
2026-05-07T00:27:20.159,7,9,JPM260515C00420000,JPM,2026-05-15,call,420.0,0.0,0.0,2.12,87.0,1.06,0.1,1.0,,,,,,,2026-05-06,312.195,316.23,312.11,314.865,227228.0,315.136835
2026-05-07T00:27:20.159,7,9,JPM260515C00425000,JPM,2026-05-15,call,425.0,0.01,100.0,0.38,170.0,0.195,0.17,1.0,0.8415,0.0139,0.0009,-0.0824,0.0175,0.001,2026-05-06,312.195,316.23,312.11,314.865,227228.0,315.136835
2026-05-07T00:27:20.159,7,9,JPM260515C00430000,JPM,2026-05-15,call,430.0,0.0,0.0,2.11,146.0,1.055,0.27,1.0,,,,,,,2026-05-06,312.195,316.23,312.11,314.865,227228.0,315.136835
2026-05-07T00:27:20.159,7,9,JPM260515C00435000,JPM,2026-05-15,call,435.0,0.0,0.0,2.1,18.0,1.05,,,,,,,,,2026-05-06,312.195,316.23,312.11,314.865,227228.0,315.136835
2026-05-07T00:27:20.159,7,9,JPM260515C00440000,JPM,2026-05-15,call,440.0,0.0,0.0,2.16,18.0,1.08,0.01,7.0,,,,,,,2026-05-06,312.195,316.23,312.11,314.865,227228.0,315.136835
2026-05-07T00:27:20.159,7,9,JPM260515C00445000,JPM,2026-05-15,call,445.0,0.0,0.0,2.15,39.0,1.075,0.01,1.0,,,,,,,2026-05-06,312.195,316.23,312.11,314.865,227228.0,315.136835
2026-05-07T00:27:20.159,7,9,JPM260515C00450000,JPM,2026-05-15,call,450.0,0.0,0.0,0.13,19.0,0.065,0.01,7.0,,,,,,,2026-05-06,312.195,316.23,312.11,314.865,227228.0,315.136835
2026-05-07T00:27:20.159,7,9,JPM260515P00145000,JPM,2026-05-15,put,145.0,0.0,0.0,0.22,25.0,0.11,0.1,1.0,,,,,,,2026-05-06,312.195,316.23,312.11,314.865,227228.0,315.136835
2026-05-07T00:27:20.159,7,9,JPM260515P00150000,JPM,2026-05-15,put,150.0,0.0,0.0,0.01,9.0,0.005,0.01,1.0,,,,,,,2026-05-06,312.195,316.23,312.11,314.865,227228.0,315.136835
2026-05-07T00:27:20.159,7,9,JPM260515P00155000,JPM,2026-05-15,put,155.0,0.0,0.0,0.29,1.0,0.145,0.27,1.0,,,,,,,2026-05-06,312.195,316.23,312.11,314.865,227228.0,315.136835
2026-05-07T00:27:20.159,7,9,JPM260515P00160000,JPM,2026-05-15,put,160.0,0.0,0.0,0.02,10.0,0.01,0.02,3.0,,,,,,,2026-05-06,312.195,316.23,312.11,314.865,227228.0,315.136835
2026-05-07T00:27:20.159,7,9,JPM260515P00165000,JPM,2026-05-15,put,165.0,0.0,0.0,0.01,10.0,0.005,0.01,1.0,,,,,,,2026-05-06,312.195,316.23,312.11,314.865,227228.0,315.136835
2026-05-07T00:27:20.159,7,9,JPM260515P00170000,JPM,2026-05-15,put,170.0,0.03,40.0,0.04,6.0,0.035,0.03,40.0,,,,,,,2026-05-06,312.195,316.23,312.11,314.865,227228.0,315.136835
2026-05-07T00:27:20.159,7,9,JPM260515P00175000,JPM,2026-05-15,put,175.0,0.0,0.0,0.29,1.0,0.145,0.22,1.0,,,,,,,2026-05-06,312.195,316.23,312.11,314.865,227228.0,315.136835
2026-05-07T00:27:20.159,7,9,JPM260515P00180000,JPM,2026-05-15,put,180.0,0.0,0.0,0.08,1.0,0.04,0.05,2.0,,,,,,,2026-05-06,312.195,316.23,312.11,314.865,227228.0,315.136835
2026-05-07T00:27:20.159,7,9,JPM260515P00185000,JPM,2026-05-15,put,185.0,0.0,0.0,0.28,1.0,0.14,0.27,1.0,,,,,,,2026-05-06,312.195,316.23,312.11,314.865,227228.0,315.136835
2026-05-07T00:27:20.159,7,9,JPM260515P00190000,JPM,2026-05-15,put,190.0,0.0,0.0,0.27,1.0,0.135,0.03,2.0,,,,,,,2026-05-06,312.195,316.23,312.11,314.865,227228.0,315.136835
2026-05-07T00:27:20.159,7,9,JPM260515P00195000,JPM,2026-05-15,put,195.0,0.0,0.0,0.01,3.0,0.005,0.01,2.0,,,,,,,2026-05-06,312.195,316.23,312.11,314.865,227228.0,315.136835
2026-05-07T00:27:20.159,7,9,JPM260515P00200000,JPM,2026-05-15,put,200.0,0.0,0.0,0.02,1.0,0.01,0.04,10.0,,,,,,,2026-05-06,312.195,316.23,312.11,314.865,227228.0,315.136835
2026-05-07T00:27:20.159,7,9,JPM260515P00205000,JPM,2026-05-15,put,205.0,0.0,0.0,0.29,1.0,0.145,0.07,1.0,,,,,,,2026-05-06,312.195,316.23,312.11,314.865,227228.0,315.136835
2026-05-07T00:27:20.159,7,9,JPM260515P00210000,JPM,2026-05-15,put,210.0,0.0,0.0,0.3,1.0,0.15,0.05,1.0,,,,,,,2026-05-06,312.195,316.23,312.11,314.865,227228.0,315.136835
2026-05-07T00:27:20.159,7,9,JPM260515P00215000,JPM,2026-05-15,put,215.0,0.0,0.0,0.42,10.0,0.21,0.22,1.0,,,,,,,2026-05-06,312.195,316.23,312.11,314.865,227228.0,315.136835
2026-05-07T00:27:20.159,7,9,JPM260515P00220000,JPM,2026-05-15,put,220.0,0.0,0.0,0.01,1.0,0.005,0.02,20.0,,,,,,,2026-05-06,312.195,316.23,312.11,314.865,227228.0,315.136835
2026-05-07T00:27:20.159,7,9,JPM260515P00225000,JPM,2026-05-15,put,225.0,0.0,0.0,0.22,1.0,0.11,0.19,15.0,,,,,,,2026-05-06,312.195,316.23,312.11,314.865,227228.0,315.136835
2026-05-07T00:27:20.159,7,9,JPM260515P00230000,JPM,2026-05-15,put,230.0,0.0,0.0,0.01,1.0,0.005,0.01,1.0,,,,,,,2026-05-06,312.195,316.23,312.11,314.865,227228.0,315.136835
2026-05-07T00:27:20.159,7,9,JPM260515P00235000,JPM,2026-05-15,put,235.0,0.0,0.0,0.06,1.0,0.03,0.13,1.0,,,,,,,2026-05-06,312.195,316.23,312.11,314.865,227228.0,315.136835
2026-05-07T00:27:20.159,7,9,JPM260515P00240000,JPM,2026-05-15,put,240.0,0.0,0.0,0.12,10.0,0.06,0.01,2.0,,,,,,,2026-05-06,312.195,316.23,312.11,314.865,227228.0,315.136835
2026-05-07T00:27:20.159,7,9,JPM260515P00245000,JPM,2026-05-15,put,245.0,0.0,0.0,0.35,1.0,0.175,0.04,5.0,,,,,,,2026-05-06,312.195,316.23,312.11,314.865,227228.0,315.136835
2026-05-07T00:27:20.159,7,9,JPM260515P00250000,JPM,2026-05-15,put,250.0,0.0,0.0,0.01,3.0,0.005,0.01,1.0,,,,,,,2026-05-06,312.195,316.23,312.11,314.865,227228.0,315.136835
2026-05-07T00:27:20.159,7,9,JPM260515P00255000,JPM,2026-05-15,put,255.0,0.0,0.0,0.07,1.0,0.035,0.01,11.0,,,,,,,2026-05-06,312.195,316.23,312.11,314.865,227228.0,315.136835
2026-05-07T00:27:20.159,7,9,JPM260515P00260000,JPM,2026-05-15,put,260.0,0.0,0.0,0.85,180.0,0.425,0.02,1.0,,,,,,,2026-05-06,312.195,316.23,312.11,314.865,227228.0,315.136835
2026-05-07T00:27:20.159,7,9,JPM260515P00265000,JPM,2026-05-15,put,265.0,0.0,0.0,0.07,1.0,0.035,0.03,1.0,,,,,,,2026-05-06,312.195,316.23,312.11,314.865,227228.0,315.136835
2026-05-07T00:27:20.159,7,9,JPM260515P00270000,JPM,2026-05-15,put,270.0,0.01,1.0,0.19,103.0,0.1,0.02,7.0,0.4466,-0.0127,0.0015,-0.0399,0.0162,-0.001,2026-05-06,312.195,316.23,312.11,314.865,227228.0,315.136835
2026-05-07T00:27:20.159,7,9,JPM260515P00275000,JPM,2026-05-15,put,275.0,0.01,2.0,0.15,15.0,0.08,0.05,10.0,0.3879,-0.0119,0.0016,-0.0325,0.0153,-0.0009,2026-05-06,312.195,316.23,312.11,314.865,227228.0,315.136835
2026-05-07T00:27:20.159,7,9,JPM260515P00280000,JPM,2026-05-15,put,280.0,0.04,76.0,0.15,103.0,0.095,0.04,1.0,0.351,-0.0151,0.0022,-0.0363,0.0189,-0.0012,2026-05-06,312.195,316.23,312.11,314.865,227228.0,315.136835
2026-05-07T00:27:20.159,7,9,JPM260515P00282500,JPM,2026-05-15,put,282.5,0.0,0.0,0.49,142.0,0.245,0.06,5.0,,,,,,,2026-05-06,312.195,316.23,312.11,314.865,227228.0,315.136835
2026-05-07T00:27:20.159,7,9,JPM260515P00285000,JPM,2026-05-15,put,285.0,0.08,122.0,0.1,2.0,0.09,0.09,1.0,0.3027,-0.0165,0.0027,-0.0337,0.0203,-0.0013,2026-05-06,312.195,316.23,312.11,314.865,227228.0,315.136835
2026-05-07T00:27:20.159,7,9,JPM260515P00287500,JPM,2026-05-15,put,287.5,0.0,0.0,0.5,127.0,0.25,0.26,1.0,,,,,,,2026-05-06,312.195,316.23,312.11,314.865,227228.0,315.136835
2026-05-07T00:27:20.159,7,9,JPM260515P00290000,JPM,2026-05-15,put,290.0,0.17,96.0,0.23,85.0,0.2,0.22,1.0,0.2934,-0.0344,0.0052,-0.0602,0.0376,-0.0027,2026-05-06,312.195,316.23,312.11,314.865,227228.0,315.136835
2026-05-07T00:27:20.159,7,9,JPM260515P00292500,JPM,2026-05-15,put,292.5,0.05,172.0,0.28,1.0,0.165,0.27,1.0,0.2589,-0.0325,0.0057,-0.0506,0.0359,-0.0026,2026-05-06,312.195,316.23,312.11,314.865,227228.0,315.136835
2026-05-07T00:27:20.159,7,9,JPM260515P00295000,JPM,2026-05-15,put,295.0,0.3,111.0,0.44,73.0,0.37,0.35,1.0,0.2755,-0.0617,0.0089,-0.0902,0.0602,-0.0049,2026-05-06,312.195,316.23,312.11,314.865,227228.0,315.136835
2026-05-07T00:27:20.159,7,9,JPM260515P00297500,JPM,2026-05-15,put,297.5,0.43,43.0,0.65,41.0,0.54,0.55,1.0,0.2713,-0.0861,0.0117,-0.1143,0.0777,-0.0068,2026-05-06,312.195,316.23,312.11,314.865,227228.0,315.136835
2026-05-07T00:27:20.159,7,9,JPM260515P00300000,JPM,2026-05-15,put,300.0,0.62,158.0,0.81,6.0,0.7150000000000001,0.75,5.0,0.2608,-0.1124,0.0148,-0.1331,0.0944,-0.0089,2026-05-06,312.195,316.23,312.11,314.865,227228.0,315.136835
2026-05-07T00:27:20.159,7,9,JPM260515P00302500,JPM,2026-05-15,put,302.5,0.89,111.0,1.1,14.0,0.9950000000000001,1.05,5.0,0.2544,-0.1501,0.0185,-0.1581,0.1153,-0.0119,2026-05-06,312.195,316.23,312.11,314.865,227228.0,315.136835
2026-05-07T00:27:20.159,7,9,JPM260515P00305000,JPM,2026-05-15,put,305.0,1.19,133.0,1.51,13.0,1.35,1.35,2.0,0.2464,-0.1961,0.0227,-0.1809,0.1367,-0.0155,2026-05-06,312.195,316.23,312.11,314.865,227228.0,315.136835
2026-05-07T00:27:20.159,7,9,JPM260515P00307500,JPM,2026-05-15,put,307.5,1.64,111.0,2.009,18.0,1.8245,1.84,1.0,0.2387,-0.2533,0.0271,-0.2016,0.1581,-0.0201,2026-05-06,312.195,316.23,312.11,314.865,227228.0,315.136835
2026-05-07T00:27:20.159,7,9,JPM260515P00310000,JPM,2026-05-15,put,310.0,2.32,41.0,2.73,12.0,2.525,2.36,4.0,0.2357,-0.325,0.0309,-0.2225,0.1779,-0.0258,2026-05-06,312.195,316.23,312.11,314.865,227228.0,315.136835
2026-05-07T00:27:20.159,7,9,JPM260515P00312500,JPM,2026-05-15,put,312.5,3.17,118.0,3.68,30.0,3.425,3.25,1.0,0.2332,-0.4057,0.0336,-0.2352,0.1916,-0.0323,2026-05-06,312.195,316.23,312.11,314.865,227228.0,315.136835
2026-05-07T00:27:20.159,7,9,JPM260515P00315000,JPM,2026-05-15,put,315.0,4.18,51.0,4.84,9.0,4.51,4.18,5.0,0.2296,-0.4917,0.0352,-0.2356,0.1971,-0.0393,2026-05-06,312.195,316.23,312.11,314.865,227228.0,315.136835
2026-05-07T00:27:20.159,7,9,JPM260515P00317500,JPM,2026-05-15,put,317.5,5.38,48.0,6.06,35.0,5.72,5.39,1.0,0.2211,-0.5821,0.0357,-0.2183,0.193,-0.0466,2026-05-06,312.195,316.23,312.11,314.865,227228.0,315.136835
2026-05-07T00:27:20.159,7,9,JPM260515P00320000,JPM,2026-05-15,put,320.0,6.9,33.0,7.7,31.0,7.300000000000001,7.21,1.0,0.2203,-0.6682,0.0333,-0.1979,0.1794,-0.0537,2026-05-06,312.195,316.23,312.11,314.865,227228.0,315.136835
2026-05-07T00:27:20.159,7,9,JPM260515P00322500,JPM,2026-05-15,put,322.5,8.38,32.0,9.72,21.0,9.05,9.11,5.0,0.2173,-0.7484,0.0297,-0.166,0.1576,-0.0603,2026-05-06,312.195,316.23,312.11,314.865,227228.0,315.136835
2026-05-07T00:27:20.159,7,9,JPM260515P00325000,JPM,2026-05-15,put,325.0,10.02,54.0,11.35,12.0,10.684999999999999,10.93,5.0,0.1896,-0.8488,0.025,-0.0944,0.1159,-0.0685,2026-05-06,312.195,316.23,312.11,314.865,227228.0,315.136835
2026-05-07T00:27:20.159,7,9,JPM260515P00327500,JPM,2026-05-15,put,327.5,11.83,29.0,13.79,19.0,12.809999999999999,,,0.1801,-0.9129,0.0178,-0.0485,0.0783,-0.074,2026-05-06,312.195,316.23,312.11,314.865,227228.0,315.136835
2026-05-07T00:27:20.159,7,9,JPM260515P00330000,JPM,2026-05-15,put,330.0,14.02,185.0,15.96,18.0,14.99,21.2,1.0,0.1355,-0.985,0.0056,0.0183,0.0187,-0.0801,2026-05-06,312.195,316.23,312.11,314.865,227228.0,315.136835
2026-05-07T00:27:20.159,7,9,JPM260515P00332500,JPM,2026-05-15,put,332.5,16.29,14.0,18.2,8.0,17.244999999999997,18.01,2.0,,,,,,,2026-05-06,312.195,316.23,312.11,314.865,227228.0,315.136835
2026-05-07T00:27:20.159,7,9,JPM260515P00335000,JPM,2026-05-15,put,335.0,17.79,46.0,22.22,5.0,20.005,28.34,5.0,0.1833,-0.983,0.0046,0.0116,0.0208,-0.0812,2026-05-06,312.195,316.23,312.11,314.865,227228.0,315.136835
2026-05-07T00:27:20.159,7,9,JPM260515P00337500,JPM,2026-05-15,put,337.5,20.38,53.0,23.57,10.0,21.975,,,,,,,,,2026-05-06,312.195,316.23,312.11,314.865,227228.0,315.136835
2026-05-07T00:27:20.159,7,9,JPM260515P00340000,JPM,2026-05-15,put,340.0,22.72,3.0,26.44,5.0,24.58,32.41,1.0,,,,,,,2026-05-06,312.195,316.23,312.11,314.865,227228.0,315.136835
2026-05-07T00:27:20.159,7,9,JPM260515P00345000,JPM,2026-05-15,put,345.0,27.91,51.0,30.76,8.0,29.335,32.7,1.0,,,,,,,2026-05-06,312.195,316.23,312.11,314.865,227228.0,315.136835
2026-05-07T00:27:20.159,7,9,JPM260515P00350000,JPM,2026-05-15,put,350.0,32.64,46.0,35.56,10.0,34.1,37.68,1.0,,,,,,,2026-05-06,312.195,316.23,312.11,314.865,227228.0,315.136835
2026-05-07T00:27:20.159,7,9,JPM260515P00355000,JPM,2026-05-15,put,355.0,38.18,50.0,40.38,14.0,39.28,42.75,5.0,,,,,,,2026-05-06,312.195,316.23,312.11,314.865,227228.0,315.136835
2026-05-07T00:27:20.159,7,9,JPM260515P00360000,JPM,2026-05-15,put,360.0,42.49,56.0,46.21,12.0,44.35,49.42,1.0,,,,,,,2026-05-06,312.195,316.23,312.11,314.865,227228.0,315.136835
2026-05-07T00:27:20.159,7,9,JPM260515P00365000,JPM,2026-05-15,put,365.0,47.7,42.0,51.5,12.0,49.6,,,,,,,,,2026-05-06,312.195,316.23,312.11,314.865,227228.0,315.136835
2026-05-07T00:27:20.159,7,9,JPM260515P00370000,JPM,2026-05-15,put,370.0,53.84,42.0,56.6,16.0,55.22,61.84,10.0,0.5339,-0.9697,0.0026,-0.0647,0.0339,-0.0889,2026-05-06,312.195,316.23,312.11,314.865,227228.0,315.136835
2026-05-07T00:27:20.159,7,9,JPM260515P00375000,JPM,2026-05-15,put,375.0,57.99,50.0,62.85,3.0,60.42,,,0.6238,-0.9582,0.0029,-0.117,0.0441,-0.0893,2026-05-06,312.195,316.23,312.11,314.865,227228.0,315.136835
2026-05-07T00:27:20.159,7,9,JPM260515P00380000,JPM,2026-05-15,put,380.0,63.28,20.0,66.0,6.0,64.64,60.28,1.0,,,,,,,2026-05-06,312.195,316.23,312.11,314.865,227228.0,315.136835
2026-05-07T00:27:20.159,7,9,JPM260515P00385000,JPM,2026-05-15,put,385.0,67.13,26.0,71.48,6.0,69.305,,,,,,,,,2026-05-06,312.195,316.23,312.11,314.865,227228.0,315.136835
2026-05-07T00:27:20.159,7,9,JPM260515P00390000,JPM,2026-05-15,put,390.0,73.71,50.0,78.31,5.0,76.00999999999999,82.8,1.0,0.8537,-0.9364,0.003,-0.2553,0.0616,-0.0914,2026-05-06,312.195,316.23,312.11,314.865,227228.0,315.136835
2026-05-07T00:27:20.159,7,9,JPM260515P00395000,JPM,2026-05-15,put,395.0,77.0,50.0,82.72,4.0,79.86,,,,,,,,,2026-05-06,312.195,316.23,312.11,314.865,227228.0,315.136835
2026-05-07T00:27:20.159,7,9,JPM260515P00400000,JPM,2026-05-15,put,400.0,82.6,20.0,87.06,9.0,84.83,71.0,1.0,,,,,,,2026-05-06,312.195,316.23,312.11,314.865,227228.0,315.136835
2026-05-07T00:27:20.159,7,9,JPM260515P00405000,JPM,2026-05-15,put,405.0,87.81,50.0,89.74,21.0,88.775,,,,,,,,,2026-05-06,312.195,316.23,312.11,314.865,227228.0,315.136835
2026-05-07T00:27:20.159,7,9,JPM260515P00410000,JPM,2026-05-15,put,410.0,93.06,52.0,95.22,15.0,94.14,98.88,1.0,,,,,,,2026-05-06,312.195,316.23,312.11,314.865,227228.0,315.136835
2026-05-07T00:27:20.159,7,9,JPM260515P00415000,JPM,2026-05-15,put,415.0,96.06,51.0,99.87,11.0,97.965,,,,,,,,,2026-05-06,312.195,316.23,312.11,314.865,227228.0,315.136835
2026-05-07T00:27:20.159,7,9,JPM260515P00420000,JPM,2026-05-15,put,420.0,104.17,45.0,105.58,10.0,104.875,,,0.5009,-0.9999,0.0,0.041,0.0003,-0.1035,2026-05-06,312.195,316.23,312.11,314.865,227228.0,315.136835
2026-05-07T00:27:20.159,7,9,JPM260515P00425000,JPM,2026-05-15,put,425.0,106.48,50.0,112.16,9.0,109.32,,,,,,,,,2026-05-06,312.195,316.23,312.11,314.865,227228.0,315.136835
2026-05-07T00:27:20.159,7,9,JPM260515P00430000,JPM,2026-05-15,put,430.0,111.95,51.0,114.93,9.0,113.44,,,,,,,,,2026-05-06,312.195,316.23,312.11,314.865,227228.0,315.136835
2026-05-07T00:27:20.159,7,9,JPM260515P00435000,JPM,2026-05-15,put,435.0,115.75,53.0,121.23,5.0,118.49000000000001,,,,,,,,,2026-05-06,312.195,316.23,312.11,314.865,227228.0,315.136835
2026-05-07T00:27:20.159,7,9,JPM260515P00440000,JPM,2026-05-15,put,440.0,123.83,45.0,125.84,6.0,124.83500000000001,,,,,,,,,2026-05-06,312.195,316.23,312.11,314.865,227228.0,315.136835
2026-05-07T00:27:20.159,7,9,JPM260515P00445000,JPM,2026-05-15,put,445.0,128.77,5.0,132.13,3.0,130.45,,,,,,,,,2026-05-06,312.195,316.23,312.11,314.865,227228.0,315.136835
2026-05-07T00:27:20.159,7,9,JPM260515P00450000,JPM,2026-05-15,put,450.0,134.62,51.0,138.52,5.0,136.57,,,,,,,,,2026-05-06,312.195,316.23,312.11,314.865,227228.0,315.136835
2026-05-07T00:27:20.159,14,16,JPM260522C00165000,JPM,2026-05-22,call,165.0,146.01,20.0,150.22,1.0,148.115,,,,,,,,,2026-05-06,312.195,316.23,312.11,314.865,227228.0,315.136835
2026-05-07T00:27:20.159,14,16,JPM260522C00170000,JPM,2026-05-22,call,170.0,145.33,53.0,148.95,76.0,147.14,,,,,,,,,2026-05-06,312.195,316.23,312.11,314.865,227228.0,315.136835
2026-05-07T00:27:20.159,14,16,JPM260522C00175000,JPM,2026-05-22,call,175.0,138.97,51.0,145.22,69.0,142.095,,,,,,,,,2026-05-06,312.195,316.23,312.11,314.865,227228.0,315.136835
2026-05-07T00:27:20.159,14,16,JPM260522C00180000,JPM,2026-05-22,call,180.0,131.4,20.0,137.38,22.0,134.39,,,,,,,,,2026-05-06,312.195,316.23,312.11,314.865,227228.0,315.136835
2026-05-07T00:27:20.159,14,16,JPM260522C00185000,JPM,2026-05-22,call,185.0,129.81,47.0,132.57,41.0,131.19,,,,,,,,,2026-05-06,312.195,316.23,312.11,314.865,227228.0,315.136835
2026-05-07T00:27:20.159,14,16,JPM260522C00190000,JPM,2026-05-22,call,190.0,122.05,20.0,128.4,4.0,125.225,118.26,1.0,,,,,,,2026-05-06,312.195,316.23,312.11,314.865,227228.0,315.136835
2026-05-07T00:27:20.159,14,16,JPM260522C00195000,JPM,2026-05-22,call,195.0,116.76,66.0,120.23,1.0,118.495,115.5,5.0,,,,,,,2026-05-06,312.195,316.23,312.11,314.865,227228.0,315.136835
2026-05-07T00:27:20.159,14,16,JPM260522C00200000,JPM,2026-05-22,call,200.0,113.95,16.0,118.59,45.0,116.27000000000001,110.4,5.0,,,,,,,2026-05-06,312.195,316.23,312.11,314.865,227228.0,315.136835
2026-05-07T00:27:20.159,14,16,JPM260522C00205000,JPM,2026-05-22,call,205.0,108.39,18.0,110.44,1.0,109.41499999999999,107.31,1.0,,,,,,,2026-05-06,312.195,316.23,312.11,314.865,227228.0,315.136835
2026-05-07T00:27:20.159,14,16,JPM260522C00210000,JPM,2026-05-22,call,210.0,104.17,13.0,107.0,68.0,105.58500000000001,99.11,10.0,,,,,,,2026-05-06,312.195,316.23,312.11,314.865,227228.0,315.136835
2026-05-07T00:27:20.159,14,16,JPM260522C00215000,JPM,2026-05-22,call,215.0,97.75,18.0,100.74,16.0,99.245,,,,,,,,,2026-05-06,312.195,316.23,312.11,314.865,227228.0,315.136835
2026-05-07T00:27:20.159,14,16,JPM260522C00220000,JPM,2026-05-22,call,220.0,95.67,12.0,98.66,1.0,97.16499999999999,,,,,,,,,2026-05-06,312.195,316.23,312.11,314.865,227228.0,315.136835
2026-05-07T00:27:20.159,14,16,JPM260522C00225000,JPM,2026-05-22,call,225.0,89.3,42.0,93.27,53.0,91.285,84.64,5.0,0.9867,0.9587,0.0014,-0.2006,0.0583,0.0923,2026-05-06,312.195,316.23,312.11,314.865,227228.0,315.136835
2026-05-07T00:27:20.159,14,16,JPM260522C00230000,JPM,2026-05-22,call,230.0,83.7,21.0,87.6,1.0,85.65,84.34,4.0,0.8038,0.9749,0.0011,-0.1192,0.0387,0.097,2026-05-06,312.195,316.23,312.11,314.865,227228.0,315.136835
2026-05-07T00:27:20.159,14,16,JPM260522C00235000,JPM,2026-05-22,call,235.0,79.0,48.0,82.32,20.0,80.66,75.65,10.0,0.7572,0.9733,0.0012,-0.1186,0.0406,0.0989,2026-05-06,312.195,316.23,312.11,314.865,227228.0,315.136835
2026-05-07T00:27:20.159,14,16,JPM260522C00240000,JPM,2026-05-22,call,240.0,75.09,20.0,77.07,45.0,76.08,,,0.7918,0.958,0.0017,-0.1686,0.0591,0.0988,2026-05-06,312.195,316.23,312.11,314.865,227228.0,315.136835
2026-05-07T00:27:20.159,14,16,JPM260522C00245000,JPM,2026-05-22,call,245.0,68.94,39.0,73.85,45.0,71.395,65.6,1.0,0.7881,0.9464,0.0021,-0.1995,0.0719,0.0993,2026-05-06,312.195,316.23,312.11,314.865,227228.0,315.136835
2026-05-07T00:27:20.159,14,16,JPM260522C00250000,JPM,2026-05-22,call,250.0,63.07,5.0,66.11,40.0,64.59,60.28,1.0,,,,,,,2026-05-06,312.195,316.23,312.11,314.865,227228.0,315.136835
2026-05-07T00:27:20.159,14,16,JPM260522C00255000,JPM,2026-05-22,call,255.0,59.35,11.0,62.07,70.0,60.71,56.06,1.0,0.5789,0.9649,0.002,-0.1165,0.0511,0.1065,2026-05-06,312.195,316.23,312.11,314.865,227228.0,315.136835
2026-05-07T00:27:20.159,14,16,JPM260522C00260000,JPM,2026-05-22,call,260.0,55.29,11.0,57.92,76.0,56.605000000000004,49.55,1.0,0.6575,0.929,0.0031,-0.2072,0.0894,0.1034,2026-05-06,312.195,316.23,312.11,314.865,227228.0,315.136835
2026-05-07T00:27:20.159,14,16,JPM260522C00265000,JPM,2026-05-22,call,265.0,48.88,11.0,52.61,42.0,50.745000000000005,35.48,10.0,0.4939,0.9583,0.0027,-0.1157,0.0588,0.11,2026-05-06,312.195,316.23,312.11,314.865,227228.0,315.136835
2026-05-07T00:27:20.159,14,16,JPM260522C00270000,JPM,2026-05-22,call,270.0,44.17,10.0,47.09,46.0,45.63,44.62,1.0,0.4292,0.9616,0.0029,-0.0993,0.055,0.1127,2026-05-06,312.195,316.23,312.11,314.865,227228.0,315.136835
2026-05-07T00:27:20.159,14,16,JPM260522C00275000,JPM,2026-05-22,call,275.0,39.88,5.0,43.11,45.0,41.495000000000005,37.15,1.0,0.4925,0.9156,0.0048,-0.1815,0.102,0.1081,2026-05-06,312.195,316.23,312.11,314.865,227228.0,315.136835
2026-05-07T00:27:20.159,14,16,JPM260522C00277500,JPM,2026-05-22,call,277.5,37.34,13.0,39.78,13.0,38.56,,,0.4221,0.9316,0.0047,-0.14,0.087,0.1116,2026-05-06,312.195,316.23,312.11,314.865,227228.0,315.136835
2026-05-07T00:27:20.159,14,16,JPM260522C00280000,JPM,2026-05-22,call,280.0,34.95,11.0,37.57,70.0,36.260000000000005,29.15,2.0,0.4195,0.9183,0.0055,-0.1556,0.0995,0.1108,2026-05-06,312.195,316.23,312.11,314.865,227228.0,315.136835
2026-05-07T00:27:20.159,14,16,JPM260522C00282500,JPM,2026-05-22,call,282.5,32.08,10.0,35.17,75.0,33.625,,,0.3816,0.9212,0.0058,-0.141,0.0969,0.1124,2026-05-06,312.195,316.23,312.11,314.865,227228.0,315.136835
2026-05-07T00:27:20.159,14,16,JPM260522C00285000,JPM,2026-05-22,call,285.0,29.49,14.0,31.44,23.0,30.465,26.95,1.0,0.2721,0.964,0.0044,-0.0714,0.0521,0.1197,2026-05-06,312.195,316.23,312.11,314.865,227228.0,315.136835
2026-05-07T00:27:20.159,14,16,JPM260522C00287500,JPM,2026-05-22,call,287.5,27.46,6.0,29.97,49.0,28.715,,,0.3421,0.907,0.0074,-0.1428,0.1096,0.1126,2026-05-06,312.195,316.23,312.11,314.865,227228.0,315.136835
2026-05-07T00:27:20.159,14,16,JPM260522C00290000,JPM,2026-05-22,call,290.0,25.66,15.0,26.9,33.0,26.28,25.6,2.0,0.3232,0.8975,0.0084,-0.1444,0.1177,0.1123,2026-05-06,312.195,316.23,312.11,314.865,227228.0,315.136835
2026-05-07T00:27:20.159,14,16,JPM260522C00292500,JPM,2026-05-22,call,292.5,22.68,12.0,24.49,10.0,23.585,19.55,1.0,0.2819,0.9029,0.0092,-0.1256,0.1132,0.1142,2026-05-06,312.195,316.23,312.11,314.865,227228.0,315.136835
2026-05-07T00:27:20.159,14,16,JPM260522C00295000,JPM,2026-05-22,call,295.0,20.35,18.0,22.21,17.0,21.28,16.2,5.0,0.2734,0.8827,0.0109,-0.1364,0.1297,0.1125,2026-05-06,312.195,316.23,312.11,314.865,227228.0,315.136835
2026-05-07T00:27:20.159,14,16,JPM260522C00297500,JPM,2026-05-22,call,297.5,18.26,26.0,20.17,20.0,19.215000000000003,14.3,1.0,0.2778,0.8474,0.0129,-0.1595,0.1554,0.1085,2026-05-06,312.195,316.23,312.11,314.865,227228.0,315.136835
2026-05-07T00:27:20.159,14,16,JPM260522C00300000,JPM,2026-05-22,call,300.0,16.32,24.0,17.97,20.0,17.145,17.55,5.0,0.2757,0.8127,0.0148,-0.1765,0.1773,0.1046,2026-05-06,312.195,316.23,312.11,314.865,227228.0,315.136835
2026-05-07T00:27:20.159,14,16,JPM260522C00302500,JPM,2026-05-22,call,302.5,14.42,43.0,16.05,42.0,15.235,11.3,1.0,0.277,0.7706,0.0166,-0.1956,0.1998,0.0996,2026-05-06,312.195,316.23,312.11,314.865,227228.0,315.136835
2026-05-07T00:27:20.159,14,16,JPM260522C00305000,JPM,2026-05-22,call,305.0,12.48,23.0,14.04,45.0,13.26,12.68,1.0,0.27,0.7301,0.0186,-0.2054,0.2179,0.0949,2026-05-06,312.195,316.23,312.11,314.865,227228.0,315.136835
2026-05-07T00:27:20.159,14,16,JPM260522C00307500,JPM,2026-05-22,call,307.5,10.87,12.0,11.98,47.0,11.425,10.77,1.0,0.2648,0.6833,0.0204,-0.2144,0.2346,0.0893,2026-05-06,312.195,316.23,312.11,314.865,227228.0,315.136835
2026-05-07T00:27:20.159,14,16,JPM260522C00310000,JPM,2026-05-22,call,310.0,8.69,23.0,9.93,46.0,9.309999999999999,9.77,1.0,0.2435,0.6387,0.0233,-0.2069,0.2468,0.084,2026-05-06,312.195,316.23,312.11,314.865,227228.0,315.136835
2026-05-07T00:27:20.159,14,16,JPM260522C00312500,JPM,2026-05-22,call,312.5,7.52,51.0,8.37,177.0,7.944999999999999,7.85,1.0,0.2476,0.5773,0.024,-0.2168,0.2579,0.0762,2026-05-06,312.195,316.23,312.11,314.865,227228.0,315.136835
2026-05-07T00:27:20.159,14,16,JPM260522C00315000,JPM,2026-05-22,call,315.0,6.08,18.0,6.48,37.0,6.28,7.03,2.0,0.2342,0.5163,0.0258,-0.2078,0.2627,0.0685,2026-05-06,312.195,316.23,312.11,314.865,227228.0,315.136835
2026-05-07T00:27:20.159,14,16,JPM260522C00317500,JPM,2026-05-22,call,317.5,4.82,30.0,5.39,41.0,5.105,5.39,1.0,0.2336,0.4519,0.0257,-0.2042,0.261,0.0601,2026-05-06,312.195,316.23,312.11,314.865,227228.0,315.136835
2026-05-07T00:27:20.159,14,16,JPM260522C00320000,JPM,2026-05-22,call,320.0,3.82,59.0,4.19,79.0,4.005,4.24,5.0,0.2297,0.3871,0.0253,-0.1928,0.2523,0.0517,2026-05-06,312.195,316.23,312.11,314.865,227228.0,315.136835
2026-05-07T00:27:20.159,14,16,JPM260522C00322500,JPM,2026-05-22,call,322.5,2.89,47.0,3.47,49.0,3.18,2.88,1.0,0.2306,0.3275,0.0238,-0.1814,0.2379,0.0438,2026-05-06,312.195,316.23,312.11,314.865,227228.0,315.136835
2026-05-07T00:27:20.159,14,16,JPM260522C00325000,JPM,2026-05-22,call,325.0,2.16,46.0,2.49,68.0,2.325,2.49,2.0,0.2237,0.2654,0.0222,-0.1591,0.216,0.0356,2026-05-06,312.195,316.23,312.11,314.865,227228.0,315.136835
2026-05-07T00:27:20.159,14,16,JPM260522C00327500,JPM,2026-05-22,call,327.5,1.54,47.0,1.99,58.0,1.7650000000000001,1.7,10.0,0.2238,0.2148,0.0198,-0.1412,0.1924,0.0289,2026-05-06,312.195,316.23,312.11,314.865,227228.0,315.136835
2026-05-07T00:27:20.159,14,16,JPM260522C00330000,JPM,2026-05-22,call,330.0,1.14,83.0,1.32,27.0,1.23,1.28,4.0,0.2186,0.1645,0.0172,-0.1166,0.1633,0.0222,2026-05-06,312.195,316.23,312.11,314.865,227228.0,315.136835
2026-05-07T00:27:20.159,14,16,JPM260522C00332500,JPM,2026-05-22,call,332.5,0.71,61.0,1.13,69.0,0.9199999999999999,1.0,2.0,0.2205,0.1291,0.0145,-0.0996,0.1388,0.0174,2026-05-06,312.195,316.23,312.11,314.865,227228.0,315.136835
2026-05-07T00:27:20.159,14,16,JPM260522C00335000,JPM,2026-05-22,call,335.0,0.43,71.0,0.85,132.0,0.64,0.63,1.0,0.2188,0.0963,0.0118,-0.0799,0.1125,0.013,2026-05-06,312.195,316.23,312.11,314.865,227228.0,315.136835
2026-05-07T00:27:20.159,14,16,JPM260522C00337500,JPM,2026-05-22,call,337.5,0.21,91.0,0.69,99.0,0.44999999999999996,0.38,1.0,0.219,0.0715,0.0095,-0.0637,0.0899,0.0097,2026-05-06,312.195,316.23,312.11,314.865,227228.0,315.136835
2026-05-07T00:27:20.159,14,16,JPM260522C00340000,JPM,2026-05-22,call,340.0,0.16,82.0,0.45,96.0,0.305,0.3,5.0,0.2182,0.0514,0.0073,-0.049,0.0695,0.007,2026-05-06,312.195,316.23,312.11,314.865,227228.0,315.136835
2026-05-07T00:27:20.159,14,16,JPM260522C00342500,JPM,2026-05-22,call,342.5,0.07,82.0,0.4,113.0,0.23500000000000001,0.21,2.0,0.2235,0.0402,0.0059,-0.041,0.057,0.0054,2026-05-06,312.195,316.23,312.11,314.865,227228.0,315.136835
2026-05-07T00:27:20.159,14,16,JPM260522C00345000,JPM,2026-05-22,call,345.0,0.01,94.0,0.23,80.0,0.12000000000000001,0.11,1.0,0.2137,0.0231,0.0039,-0.0248,0.0361,0.0031,2026-05-06,312.195,316.23,312.11,314.865,227228.0,315.136835
2026-05-07T00:27:20.159,14,16,JPM260522C00350000,JPM,2026-05-22,call,350.0,0.0,0.0,2.21,79.0,1.105,0.15,4.0,,,,,,,2026-05-06,312.195,316.23,312.11,314.865,227228.0,315.136835
2026-05-07T00:27:20.159,14,16,JPM260522C00355000,JPM,2026-05-22,call,355.0,0.0,0.0,1.98,2.0,0.99,,,,,,,,,2026-05-06,312.195,316.23,312.11,314.865,227228.0,315.136835
2026-05-07T00:27:20.159,14,16,JPM260522C00360000,JPM,2026-05-22,call,360.0,0.0,0.0,2.16,27.0,1.08,,,,,,,,,2026-05-06,312.195,316.23,312.11,314.865,227228.0,315.136835
2026-05-07T00:27:20.159,14,16,JPM260522C00365000,JPM,2026-05-22,call,365.0,0.0,0.0,2.16,32.0,1.08,,,,,,,,,2026-05-06,312.195,316.23,312.11,314.865,227228.0,315.136835
2026-05-07T00:27:20.159,14,16,JPM260522C00370000,JPM,2026-05-22,call,370.0,0.0,0.0,2.13,32.0,1.065,,,,,,,,,2026-05-06,312.195,316.23,312.11,314.865,227228.0,315.136835
2026-05-07T00:27:20.159,14,16,JPM260522C00375000,JPM,2026-05-22,call,375.0,0.0,0.0,2.14,15.0,1.07,,,,,,,,,2026-05-06,312.195,316.23,312.11,314.865,227228.0,315.136835
2026-05-07T00:27:20.159,14,16,JPM260522C00380000,JPM,2026-05-22,call,380.0,0.0,0.0,2.2,15.0,1.1,,,,,,,,,2026-05-06,312.195,316.23,312.11,314.865,227228.0,315.136835
2026-05-07T00:27:20.159,14,16,JPM260522C00385000,JPM,2026-05-22,call,385.0,0.0,0.0,2.14,10.0,1.07,,,,,,,,,2026-05-06,312.195,316.23,312.11,314.865,227228.0,315.136835
2026-05-07T00:27:20.159,14,16,JPM260522C00390000,JPM,2026-05-22,call,390.0,0.0,0.0,2.14,16.0,1.07,,,,,,,,,2026-05-06,312.195,316.23,312.11,314.865,227228.0,315.136835
2026-05-07T00:27:20.159,14,16,JPM260522C00395000,JPM,2026-05-22,call,395.0,0.0,0.0,2.13,10.0,1.065,,,,,,,,,2026-05-06,312.195,316.23,312.11,314.865,227228.0,315.136835
2026-05-07T00:27:20.159,14,16,JPM260522P00165000,JPM,2026-05-22,put,165.0,0.0,0.0,2.16,8.0,1.08,0.1,1.0,,,,,,,2026-05-06,312.195,316.23,312.11,314.865,227228.0,315.136835
2026-05-07T00:27:20.159,14,16,JPM260522P00170000,JPM,2026-05-22,put,170.0,0.0,0.0,2.15,8.0,1.075,0.08,1.0,,,,,,,2026-05-06,312.195,316.23,312.11,314.865,227228.0,315.136835
2026-05-07T00:27:20.159,14,16,JPM260522P00175000,JPM,2026-05-22,put,175.0,0.0,0.0,2.1,8.0,1.05,0.1,1.0,,,,,,,2026-05-06,312.195,316.23,312.11,314.865,227228.0,315.136835
2026-05-07T00:27:20.159,14,16,JPM260522P00180000,JPM,2026-05-22,put,180.0,0.0,0.0,2.11,8.0,1.055,0.08,1.0,,,,,,,2026-05-06,312.195,316.23,312.11,314.865,227228.0,315.136835
2026-05-07T00:27:20.159,14,16,JPM260522P00185000,JPM,2026-05-22,put,185.0,0.0,0.0,2.11,8.0,1.055,0.1,1.0,,,,,,,2026-05-06,312.195,316.23,312.11,314.865,227228.0,315.136835
2026-05-07T00:27:20.159,14,16,JPM260522P00190000,JPM,2026-05-22,put,190.0,0.0,0.0,2.17,8.0,1.085,,,,,,,,,2026-05-06,312.195,316.23,312.11,314.865,227228.0,315.136835
2026-05-07T00:27:20.159,14,16,JPM260522P00195000,JPM,2026-05-22,put,195.0,0.0,0.0,2.15,8.0,1.075,,,,,,,,,2026-05-06,312.195,316.23,312.11,314.865,227228.0,315.136835
2026-05-07T00:27:20.159,14,16,JPM260522P00200000,JPM,2026-05-22,put,200.0,0.0,0.0,2.16,8.0,1.08,0.2,1.0,,,,,,,2026-05-06,312.195,316.23,312.11,314.865,227228.0,315.136835
2026-05-07T00:27:20.159,14,16,JPM260522P00205000,JPM,2026-05-22,put,205.0,0.0,0.0,2.11,8.0,1.055,,,,,,,,,2026-05-06,312.195,316.23,312.11,314.865,227228.0,315.136835
2026-05-07T00:27:20.159,14,16,JPM260522P00210000,JPM,2026-05-22,put,210.0,0.0,0.0,2.16,9.0,1.08,,,,,,,,,2026-05-06,312.195,316.23,312.11,314.865,227228.0,315.136835
2026-05-07T00:27:20.159,14,16,JPM260522P00215000,JPM,2026-05-22,put,215.0,0.0,0.0,2.15,95.0,1.075,0.02,2.0,,,,,,,2026-05-06,312.195,316.23,312.11,314.865,227228.0,315.136835
2026-05-07T00:27:20.159,14,16,JPM260522P00220000,JPM,2026-05-22,put,220.0,0.0,0.0,2.1,11.0,1.05,0.06,1.0,,,,,,,2026-05-06,312.195,316.23,312.11,314.865,227228.0,315.136835
2026-05-07T00:27:20.159,14,16,JPM260522P00225000,JPM,2026-05-22,put,225.0,0.0,0.0,2.1,17.0,1.05,,,,,,,,,2026-05-06,312.195,316.23,312.11,314.865,227228.0,315.136835
2026-05-07T00:27:20.159,14,16,JPM260522P00230000,JPM,2026-05-22,put,230.0,0.0,0.0,2.15,16.0,1.075,0.03,5.0,,,,,,,2026-05-06,312.195,316.23,312.11,314.865,227228.0,315.136835
2026-05-07T00:27:20.159,14,16,JPM260522P00235000,JPM,2026-05-22,put,235.0,0.0,0.0,2.17,15.0,1.085,,,,,,,,,2026-05-06,312.195,316.23,312.11,314.865,227228.0,315.136835
2026-05-07T00:27:20.159,14,16,JPM260522P00240000,JPM,2026-05-22,put,240.0,0.0,0.0,0.17,4.0,0.085,0.02,1.0,,,,,,,2026-05-06,312.195,316.23,312.11,314.865,227228.0,315.136835
2026-05-07T00:27:20.159,14,16,JPM260522P00245000,JPM,2026-05-22,put,245.0,0.0,0.0,0.28,1.0,0.14,,,,,,,,,2026-05-06,312.195,316.23,312.11,314.865,227228.0,315.136835
2026-05-07T00:27:20.159,14,16,JPM260522P00250000,JPM,2026-05-22,put,250.0,0.0,0.0,0.77,1.0,0.385,0.14,1.0,,,,,,,2026-05-06,312.195,316.23,312.11,314.865,227228.0,315.136835
2026-05-07T00:27:20.159,14,16,JPM260522P00255000,JPM,2026-05-22,put,255.0,0.0,0.0,2.13,82.0,1.065,0.12,1.0,,,,,,,2026-05-06,312.195,316.23,312.11,314.865,227228.0,315.136835
2026-05-07T00:27:20.159,14,16,JPM260522P00260000,JPM,2026-05-22,put,260.0,0.0,0.0,0.85,191.0,0.425,0.24,1.0,,,,,,,2026-05-06,312.195,316.23,312.11,314.865,227228.0,315.136835
2026-05-07T00:27:20.159,14,16,JPM260522P00265000,JPM,2026-05-22,put,265.0,0.0,0.0,0.27,194.0,0.135,0.16,2.0,,,,,,,2026-05-06,312.195,316.23,312.11,314.865,227228.0,315.136835
2026-05-07T00:27:20.159,14,16,JPM260522P00270000,JPM,2026-05-22,put,270.0,0.0,0.0,0.41,77.0,0.205,0.35,10.0,,,,,,,2026-05-06,312.195,316.23,312.11,314.865,227228.0,315.136835
2026-05-07T00:27:20.159,14,16,JPM260522P00275000,JPM,2026-05-22,put,275.0,0.03,121.0,0.32,1.0,0.175,0.17,5.0,0.3276,-0.0214,0.0024,-0.0339,0.0338,-0.003,2026-05-06,312.195,316.23,312.11,314.865,227228.0,315.136835
2026-05-07T00:27:20.159,14,16,JPM260522P00277500,JPM,2026-05-22,put,277.5,0.05,146.0,0.24,113.0,0.145,0.2,4.0,0.3,-0.0196,0.0024,-0.0288,0.0314,-0.0028,2026-05-06,312.195,316.23,312.11,314.865,227228.0,315.136835
2026-05-07T00:27:20.159,14,16,JPM260522P00280000,JPM,2026-05-22,put,280.0,0.22,124.0,0.32,126.0,0.27,0.23,1.0,0.3128,-0.0326,0.0035,-0.046,0.0481,-0.0046,2026-05-06,312.195,316.23,312.11,314.865,227228.0,315.136835
2026-05-07T00:27:20.159,14,16,JPM260522P00282500,JPM,2026-05-22,put,282.5,0.16,113.0,0.43,113.0,0.295,0.32,1.0,0.2981,-0.0368,0.0041,-0.0483,0.0531,-0.0052,2026-05-06,312.195,316.23,312.11,314.865,227228.0,315.136835
2026-05-07T00:27:20.159,14,16,JPM260522P00285000,JPM,2026-05-22,put,285.0,0.36,83.0,0.51,162.0,0.435,0.36,1.0,0.3007,-0.0511,0.0053,-0.0634,0.0692,-0.0072,2026-05-06,312.195,316.23,312.11,314.865,227228.0,315.136835
2026-05-07T00:27:20.159,14,16,JPM260522P00287500,JPM,2026-05-22,put,287.5,0.45,97.0,0.53,144.0,0.49,0.47,1.0,0.287,-0.059,0.0062,-0.0676,0.0774,-0.0083,2026-05-06,312.195,316.23,312.11,314.865,227228.0,315.136835
2026-05-07T00:27:20.159,14,16,JPM260522P00290000,JPM,2026-05-22,put,290.0,0.54,22.0,0.66,90.0,0.6000000000000001,0.6,1.0,0.2784,-0.0719,0.0075,-0.0763,0.0903,-0.0102,2026-05-06,312.195,316.23,312.11,314.865,227228.0,315.136835
2026-05-07T00:27:20.159,14,16,JPM260522P00292500,JPM,2026-05-22,put,292.5,0.54,90.0,0.99,102.0,0.765,0.77,1.0,0.2724,-0.0898,0.009,-0.0881,0.1069,-0.0127,2026-05-06,312.195,316.23,312.11,314.865,227228.0,315.136835
2026-05-07T00:27:20.159,14,16,JPM260522P00295000,JPM,2026-05-22,put,295.0,0.85,147.0,1.12,51.0,0.9850000000000001,1.0,1.0,0.2675,-0.1125,0.0108,-0.1016,0.1259,-0.0159,2026-05-06,312.195,316.23,312.11,314.865,227228.0,315.136835
2026-05-07T00:27:20.159,14,16,JPM260522P00297500,JPM,2026-05-22,put,297.5,0.99,100.0,1.54,22.0,1.2650000000000001,1.2,9.0,0.2628,-0.1399,0.0128,-0.1159,0.1466,-0.0199,2026-05-06,312.195,316.23,312.11,314.865,227228.0,315.136835
2026-05-07T00:27:20.159,14,16,JPM260522P00300000,JPM,2026-05-22,put,300.0,1.34,103.0,1.65,47.0,1.495,1.49,1.0,0.251,-0.1661,0.0151,-0.1235,0.1643,-0.0236,2026-05-06,312.195,316.23,312.11,314.865,227228.0,315.136835
2026-05-07T00:27:20.159,14,16,JPM260522P00302500,JPM,2026-05-22,put,302.5,1.63,96.0,2.05,33.0,1.8399999999999999,2.03,2.0,0.2426,-0.2009,0.0176,-0.1338,0.185,-0.0285,2026-05-06,312.195,316.23,312.11,314.865,227228.0,315.136835
2026-05-07T00:27:20.159,14,16,JPM260522P00305000,JPM,2026-05-22,put,305.0,2.15,206.0,2.59,64.0,2.37,2.3,1.0,0.2393,-0.2467,0.02,-0.1475,0.2079,-0.0351,2026-05-06,312.195,316.23,312.11,314.865,227228.0,315.136835
2026-05-07T00:27:20.159,14,16,JPM260522P00307500,JPM,2026-05-22,put,307.5,2.63,109.0,3.21,19.0,2.92,3.0,2.0,0.2316,-0.2954,0.0226,-0.1552,0.2275,-0.042,2026-05-06,312.195,316.23,312.11,314.865,227228.0,315.136835
2026-05-07T00:27:20.159,14,16,JPM260522P00310000,JPM,2026-05-22,put,310.0,3.61,13.0,4.07,37.0,3.84,3.88,1.0,0.2343,-0.3568,0.0242,-0.1684,0.2458,-0.0509,2026-05-06,312.195,316.23,312.11,314.865,227228.0,315.136835
2026-05-07T00:27:20.159,14,16,JPM260522P00312500,JPM,2026-05-22,put,312.5,4.35,208.0,5.03,56.0,4.6899999999999995,4.6,7.0,0.2278,-0.4178,0.026,-0.1696,0.2573,-0.0597,2026-05-06,312.195,316.23,312.11,314.865,227228.0,315.136835
2026-05-07T00:27:20.159,14,16,JPM260522P00315000,JPM,2026-05-22,put,315.0,5.35,180.0,6.13,26.0,5.74,5.7,1.0,0.2232,-0.4839,0.0271,-0.1675,0.2627,-0.0693,2026-05-06,312.195,316.23,312.11,314.865,227228.0,315.136835
2026-05-07T00:27:20.159,14,16,JPM260522P00317500,JPM,2026-05-22,put,317.5,6.53,67.0,7.45,20.0,6.99,6.7,15.0,0.2198,-0.5523,0.0273,-0.161,0.2606,-0.0793,2026-05-06,312.195,316.23,312.11,314.865,227228.0,315.136835
2026-05-07T00:27:20.159,14,16,JPM260522P00320000,JPM,2026-05-22,put,320.0,7.74,50.0,8.88,51.0,8.31,8.12,7.0,0.2124,-0.6232,0.0271,-0.1457,0.2503,-0.0896,2026-05-06,312.195,316.23,312.11,314.865,227228.0,315.136835
2026-05-07T00:27:20.159,14,16,JPM260522P00322500,JPM,2026-05-22,put,322.5,9.4,41.0,11.0,50.0,10.2,,,0.2214,-0.6798,0.0245,-0.1408,0.2357,-0.0983,2026-05-06,312.195,316.23,312.11,314.865,227228.0,315.136835
2026-05-07T00:27:20.159,14,16,JPM260522P00325000,JPM,2026-05-22,put,325.0,11.29,47.0,12.26,14.0,11.774999999999999,12.82,1.0,0.2105,-0.7483,0.023,-0.1136,0.2102,-0.1084,2026-05-06,312.195,316.23,312.11,314.865,227228.0,315.136835
2026-05-07T00:27:20.159,14,16,JPM260522P00327500,JPM,2026-05-22,put,327.5,12.4,26.0,14.37,25.0,13.385,13.4,4.0,0.1903,-0.8255,0.0205,-0.0737,0.1695,-0.1198,2026-05-06,312.195,316.23,312.11,314.865,227228.0,315.136835
2026-05-07T00:27:20.159,14,16,JPM260522P00330000,JPM,2026-05-22,put,330.0,14.4,74.0,16.2,10.0,15.3,20.85,9.0,0.173,-0.8933,0.0161,-0.036,0.1212,-0.13,2026-05-06,312.195,316.23,312.11,314.865,227228.0,315.136835
2026-05-07T00:27:20.159,14,16,JPM260522P00332500,JPM,2026-05-22,put,332.5,16.52,63.0,18.89,48.0,17.705,,,0.1849,-0.9125,0.013,-0.0302,0.1048,-0.1337,2026-05-06,312.195,316.23,312.11,314.865,227228.0,315.136835
2026-05-07T00:27:20.159,14,16,JPM260522P00335000,JPM,2026-05-22,put,335.0,19.04,47.0,21.49,48.0,20.265,29.08,1.0,0.2104,-0.9127,0.0115,-0.0382,0.1046,-0.1348,2026-05-06,312.195,316.23,312.11,314.865,227228.0,315.136835
2026-05-07T00:27:20.159,14,16,JPM260522P00337500,JPM,2026-05-22,put,337.5,21.55,45.0,23.18,22.0,22.365000000000002,,,0.1762,-0.9664,0.0064,0.0053,0.0493,-0.1431,2026-05-06,312.195,316.23,312.11,314.865,227228.0,315.136835
2026-05-07T00:27:20.159,14,16,JPM260522P00340000,JPM,2026-05-22,put,340.0,23.26,50.0,26.24,5.0,24.75,,,0.1577,-0.9885,0.0029,0.0236,0.0199,-0.1472,2026-05-06,312.195,316.23,312.11,314.865,227228.0,315.136835
2026-05-07T00:27:20.159,14,16,JPM260522P00342500,JPM,2026-05-22,put,342.5,25.88,15.0,29.45,13.0,27.665,,,0.2556,-0.936,0.0074,-0.0339,0.0825,-0.1413,2026-05-06,312.195,316.23,312.11,314.865,227228.0,315.136835
2026-05-07T00:27:20.159,14,16,JPM260522P00345000,JPM,2026-05-22,put,345.0,28.18,45.0,30.97,45.0,29.575,,,,,,,,,2026-05-06,312.195,316.23,312.11,314.865,227228.0,315.136835
2026-05-07T00:27:20.159,14,16,JPM260522P00350000,JPM,2026-05-22,put,350.0,33.2,46.0,36.68,16.0,34.94,38.75,1.0,0.2721,-0.9646,0.0043,-0.01,0.0514,-0.1484,2026-05-06,312.195,316.23,312.11,314.865,227228.0,315.136835
2026-05-07T00:27:20.159,14,16,JPM260522P00355000,JPM,2026-05-22,put,355.0,37.74,40.0,41.12,40.0,39.43,,,,,,,,,2026-05-06,312.195,316.23,312.11,314.865,227228.0,315.136835
2026-05-07T00:27:20.159,14,16,JPM260522P00360000,JPM,2026-05-22,put,360.0,42.86,45.0,46.74,45.0,44.8,52.97,1.0,0.2969,-0.9823,0.0022,0.0086,0.0287,-0.1552,2026-05-06,312.195,316.23,312.11,314.865,227228.0,315.136835
2026-05-07T00:27:20.159,14,16,JPM260522P00365000,JPM,2026-05-22,put,365.0,48.77,20.0,50.81,11.0,49.790000000000006,,,0.3221,-0.9838,0.0019,0.0089,0.0267,-0.1576,2026-05-06,312.195,316.23,312.11,314.865,227228.0,315.136835
2026-05-07T00:27:20.159,14,16,JPM260522P00370000,JPM,2026-05-22,put,370.0,53.12,54.0,56.32,14.0,54.72,,,0.3165,-0.9914,0.0011,0.0213,0.0154,-0.1608,2026-05-06,312.195,316.23,312.11,314.865,227228.0,315.136835
2026-05-07T00:27:20.159,14,16,JPM260522P00375000,JPM,2026-05-22,put,375.0,57.04,33.0,61.25,29.0,59.144999999999996,,,,,,,,,2026-05-06,312.195,316.23,312.11,314.865,227228.0,315.136835
2026-05-07T00:27:20.159,14,16,JPM260522P00380000,JPM,2026-05-22,put,380.0,62.98,12.0,65.519,5.0,64.2495,,,,,,,,,2026-05-06,312.195,316.23,312.11,314.865,227228.0,315.136835
2026-05-07T00:27:20.159,14,16,JPM260522P00385000,JPM,2026-05-22,put,385.0,68.38,20.0,71.09,20.0,69.735,,,0.4084,-0.9891,0.0011,0.0138,0.0189,-0.167,2026-05-06,312.195,316.23,312.11,314.865,227228.0,315.136835
2026-05-07T00:27:20.159,14,16,JPM260522P00390000,JPM,2026-05-22,put,390.0,72.99,20.0,76.81,20.0,74.9,,,0.496,-0.9771,0.0017,-0.0175,0.0358,-0.1676,2026-05-06,312.195,316.23,312.11,314.865,227228.0,315.136835
2026-05-07T00:27:20.159,14,16,JPM260522P00395000,JPM,2026-05-22,put,395.0,77.04,53.0,82.9,52.0,79.97,,,0.5414,-0.9734,0.0017,-0.0303,0.0406,-0.1694,2026-05-06,312.195,316.23,312.11,314.865,227228.0,315.136835
2026-05-07T00:27:20.159,30,30,JPM260605C00165000,JPM,2026-06-05,call,165.0,149.41,1.0,151.85,1.0,150.63,,,,,,,,,2026-05-06,312.195,316.23,312.11,314.865,227228.0,315.136835
2026-05-07T00:27:20.159,30,30,JPM260605C00170000,JPM,2026-06-05,call,170.0,146.36,28.0,150.21,40.0,148.28500000000003,,,,,,,,,2026-05-06,312.195,316.23,312.11,314.865,227228.0,315.136835
2026-05-07T00:27:20.159,30,30,JPM260605C00175000,JPM,2026-06-05,call,175.0,138.44,6.0,140.46,1.0,139.45,,,,,,,,,2026-05-06,312.195,316.23,312.11,314.865,227228.0,315.136835
2026-05-07T00:27:20.159,30,30,JPM260605C00180000,JPM,2026-06-05,call,180.0,136.0,41.0,139.16,1.0,137.57999999999998,,,,,,,,,2026-05-06,312.195,316.23,312.11,314.865,227228.0,315.136835
2026-05-07T00:27:20.159,30,30,JPM260605C00185000,JPM,2026-06-05,call,185.0,128.919,45.0,133.87,1.0,131.3945,,,,,,,,,2026-05-06,312.195,316.23,312.11,314.865,227228.0,315.136835
2026-05-07T00:27:20.159,30,30,JPM260605C00190000,JPM,2026-06-05,call,190.0,123.99,41.0,125.47,1.0,124.72999999999999,,,,,,,,,2026-05-06,312.195,316.23,312.11,314.865,227228.0,315.136835
2026-05-07T00:27:20.159,30,30,JPM260605C00195000,JPM,2026-06-05,call,195.0,120.01,27.0,124.8,1.0,122.405,,,,,,,,,2026-05-06,312.195,316.23,312.11,314.865,227228.0,315.136835
2026-05-07T00:27:20.159,30,30,JPM260605C00200000,JPM,2026-06-05,call,200.0,111.71,40.0,120.05,41.0,115.88,,,0.8089,0.9814,0.0006,-0.0745,0.041,0.1587,2026-05-06,312.195,316.23,312.11,314.865,227228.0,315.136835
2026-05-07T00:27:20.159,30,30,JPM260605C00205000,JPM,2026-06-05,call,205.0,107.72,6.0,111.1,2.0,109.41,,,,,,,,,2026-05-06,312.195,316.23,312.11,314.865,227228.0,315.136835
2026-05-07T00:27:20.159,30,30,JPM260605C00210000,JPM,2026-06-05,call,210.0,104.88,29.0,108.0,1.0,106.44,,,0.8282,0.9668,0.001,-0.1119,0.0668,0.1626,2026-05-06,312.195,316.23,312.11,314.865,227228.0,315.136835
2026-05-07T00:27:20.159,30,30,JPM260605C00215000,JPM,2026-06-05,call,215.0,98.06,2.0,102.25,42.0,100.155,,,,,,,,,2026-05-06,312.195,316.23,312.11,314.865,227228.0,315.136835
2026-05-07T00:27:20.159,30,30,JPM260605C00220000,JPM,2026-06-05,call,220.0,95.58,29.0,97.05,2.0,96.315,,,0.7253,0.9672,0.0011,-0.1007,0.0661,0.171,2026-05-06,312.195,316.23,312.11,314.865,227228.0,315.136835
2026-05-07T00:27:20.159,30,30,JPM260605C00225000,JPM,2026-06-05,call,225.0,87.69,40.0,93.08,40.0,90.38499999999999,,,,,,,,,2026-05-06,312.195,316.23,312.11,314.865,227228.0,315.136835
2026-05-07T00:27:20.159,30,30,JPM260605C00230000,JPM,2026-06-05,call,230.0,85.37,41.0,87.2,1.0,86.285,,,0.6409,0.9653,0.0013,-0.0956,0.0693,0.1788,2026-05-06,312.195,316.23,312.11,314.865,227228.0,315.136835
2026-05-07T00:27:20.159,30,30,JPM260605C00235000,JPM,2026-06-05,call,235.0,79.96,41.0,83.53,41.0,81.745,,,0.6586,0.9513,0.0017,-0.1217,0.0911,0.1789,2026-05-06,312.195,316.23,312.11,314.865,227228.0,315.136835
2026-05-07T00:27:20.159,30,30,JPM260605C00240000,JPM,2026-06-05,call,240.0,73.79,6.0,77.54,1.0,75.665,70.83,1.0,0.4457,0.9864,0.0009,-0.0467,0.0314,0.193,2026-05-06,312.195,316.23,312.11,314.865,227228.0,315.136835
2026-05-07T00:27:20.159,30,30,JPM260605C00245000,JPM,2026-06-05,call,245.0,67.63,1.0,73.1,1.0,70.365,,,,,,,,,2026-05-06,312.195,316.23,312.11,314.865,227228.0,315.136835
2026-05-07T00:27:20.159,30,30,JPM260605C00250000,JPM,2026-06-05,call,250.0,63.85,5.0,67.14,1.0,65.495,,,,,,,,,2026-05-06,312.195,316.23,312.11,314.865,227228.0,315.136835
2026-05-07T00:27:20.159,30,30,JPM260605C00255000,JPM,2026-06-05,call,255.0,58.32,6.0,63.6,41.0,60.96,55.1,1.0,0.4092,0.9698,0.0019,-0.0664,0.0617,0.2008,2026-05-06,312.195,316.23,312.11,314.865,227228.0,315.136835
2026-05-07T00:27:20.159,30,30,JPM260605C00260000,JPM,2026-06-05,call,260.0,54.15,16.0,57.98,71.0,56.065,,,0.3908,0.9631,0.0023,-0.072,0.0727,0.2031,2026-05-06,312.195,316.23,312.11,314.865,227228.0,315.136835
2026-05-07T00:27:20.159,30,30,JPM260605C00265000,JPM,2026-06-05,call,265.0,49.56,19.0,53.93,43.0,51.745000000000005,47.07,1.0,0.4266,0.9322,0.0034,-0.1081,0.1182,0.1986,2026-05-06,312.195,316.23,312.11,314.865,227228.0,315.136835
2026-05-07T00:27:20.159,30,30,JPM260605C00270000,JPM,2026-06-05,call,270.0,43.86,49.0,47.59,51.0,45.725,,,0.2674,0.9811,0.0019,-0.0447,0.0416,0.2162,2026-05-06,312.195,316.23,312.11,314.865,227228.0,315.136835
2026-05-07T00:27:20.159,30,30,JPM260605C00275000,JPM,2026-06-05,call,275.0,40.76,10.0,43.0,20.0,41.879999999999995,,,0.3626,0.9161,0.0047,-0.1086,0.139,0.2026,2026-05-06,312.195,316.23,312.11,314.865,227228.0,315.136835
2026-05-07T00:27:20.159,30,30,JPM260605C00280000,JPM,2026-06-05,call,280.0,35.81,1.0,37.43,33.0,36.620000000000005,36.53,1.0,0.3069,0.9204,0.0053,-0.0936,0.1337,0.208,2026-05-06,312.195,316.23,312.11,314.865,227228.0,315.136835
2026-05-07T00:27:20.159,30,30,JPM260605C00285000,JPM,2026-06-05,call,285.0,31.45,15.0,33.68,30.0,32.565,26.02,3.0,0.3274,0.8721,0.0071,-0.1271,0.1887,0.1988,2026-05-06,312.195,316.23,312.11,314.865,227228.0,315.136835
2026-05-07T00:27:20.159,30,30,JPM260605C00290000,JPM,2026-06-05,call,290.0,26.61,15.0,28.78,81.0,27.695,21.93,2.0,0.2936,0.8533,0.0087,-0.1254,0.2073,0.198,2026-05-06,312.195,316.23,312.11,314.865,227228.0,315.136835
2026-05-07T00:27:20.159,30,30,JPM260605C00295000,JPM,2026-06-05,call,295.0,22.62,26.0,23.98,39.0,23.3,18.65,4.0,0.2783,0.8131,0.0107,-0.1356,0.2424,0.1912,2026-05-06,312.195,316.23,312.11,314.865,227228.0,315.136835
2026-05-07T00:27:20.159,30,30,JPM260605C00300000,JPM,2026-06-05,call,300.0,18.22,35.0,20.45,53.0,19.335,15.7,2.0,0.2719,0.7558,0.0128,-0.1501,0.2832,0.1796,2026-05-06,312.195,316.23,312.11,314.865,227228.0,315.136835
2026-05-07T00:27:20.159,30,30,JPM260605C00305000,JPM,2026-06-05,call,305.0,14.62,35.0,16.28,71.0,15.45,14.34,10.0,0.2586,0.6921,0.0151,-0.157,0.3174,0.1663,2026-05-06,312.195,316.23,312.11,314.865,227228.0,315.136835
2026-05-07T00:27:20.159,30,30,JPM260605C00310000,JPM,2026-06-05,call,310.0,11.68,14.0,12.69,89.0,12.184999999999999,12.3,2.0,0.2542,0.6126,0.0167,-0.1644,0.3456,0.1485,2026-05-06,312.195,316.23,312.11,314.865,227228.0,315.136835
2026-05-07T00:27:20.159,30,30,JPM260605C00315000,JPM,2026-06-05,call,315.0,8.26,33.0,9.67,67.0,8.965,9.24,7.0,0.2397,0.5264,0.0184,-0.1591,0.3592,0.1288,2026-05-06,312.195,316.23,312.11,314.865,227228.0,315.136835
2026-05-07T00:27:20.159,30,30,JPM260605C00320000,JPM,2026-06-05,call,320.0,5.92,43.0,6.59,129.0,6.255,6.59,1.0,0.227,0.4302,0.0192,-0.1469,0.3545,0.1062,2026-05-06,312.195,316.23,312.11,314.865,227228.0,315.136835
2026-05-07T00:27:20.159,30,30,JPM260605C00325000,JPM,2026-06-05,call,325.0,3.99,22.0,4.57,12.0,4.28,4.52,1.0,0.2214,0.3351,0.0182,-0.1314,0.3288,0.0832,2026-05-06,312.195,316.23,312.11,314.865,227228.0,315.136835
2026-05-07T00:27:20.159,30,30,JPM260605C00330000,JPM,2026-06-05,call,330.0,2.46,62.0,2.93,87.0,2.6950000000000003,2.93,1.0,0.2133,0.2438,0.0163,-0.1079,0.2829,0.0608,2026-05-06,312.195,316.23,312.11,314.865,227228.0,315.136835
2026-05-07T00:27:20.159,30,30,JPM260605C00335000,JPM,2026-06-05,call,335.0,1.55,26.0,1.86,36.0,1.705,1.85,1.0,0.2116,0.1714,0.0133,-0.0861,0.2296,0.0429,2026-05-06,312.195,316.23,312.11,314.865,227228.0,315.136835
2026-05-07T00:27:20.159,30,30,JPM260605C00340000,JPM,2026-06-05,call,340.0,0.85,92.0,1.38,116.0,1.115,1.12,1.0,0.2147,0.1201,0.0103,-0.0683,0.1806,0.0301,2026-05-06,312.195,316.23,312.11,314.865,227228.0,315.136835
2026-05-07T00:27:20.159,30,30,JPM260605C00345000,JPM,2026-06-05,call,345.0,0.42,74.0,0.99,79.0,0.705,0.64,2.0,0.2169,0.0812,0.0077,-0.0515,0.1357,0.0204,2026-05-06,312.195,316.23,312.11,314.865,227228.0,315.136835
2026-05-07T00:27:20.159,30,30,JPM260605C00350000,JPM,2026-06-05,call,350.0,0.02,133.0,0.64,63.0,0.33,0.34,2.0,0.2073,0.044,0.005,-0.0304,0.084,0.0111,2026-05-06,312.195,316.23,312.11,314.865,227228.0,315.136835
2026-05-07T00:27:20.159,30,30,JPM260605C00355000,JPM,2026-06-05,call,355.0,0.03,83.0,0.47,63.0,0.25,,,0.2189,0.033,0.0037,-0.0252,0.0664,0.0083,2026-05-06,312.195,316.23,312.11,314.865,227228.0,315.136835
2026-05-07T00:27:20.159,30,30,JPM260605C00360000,JPM,2026-06-05,call,360.0,0.03,7.0,0.43,5.0,0.22999999999999998,,,0.2367,0.0286,0.0031,-0.0242,0.0591,0.0072,2026-05-06,312.195,316.23,312.11,314.865,227228.0,315.136835
2026-05-07T00:27:20.159,30,30,JPM260605C00365000,JPM,2026-06-05,call,365.0,0.0,0.0,2.25,4.0,1.125,,,,,,,,,2026-05-06,312.195,316.23,312.11,314.865,227228.0,315.136835
2026-05-07T00:27:20.159,30,30,JPM260605C00370000,JPM,2026-06-05,call,370.0,0.0,0.0,2.18,27.0,1.09,,,,,,,,,2026-05-06,312.195,316.23,312.11,314.865,227228.0,315.136835
2026-05-07T00:27:20.159,30,30,JPM260605C00375000,JPM,2026-06-05,call,375.0,0.0,0.0,2.17,30.0,1.085,,,,,,,,,2026-05-06,312.195,316.23,312.11,314.865,227228.0,315.136835
2026-05-07T00:27:20.159,30,30,JPM260605C00380000,JPM,2026-06-05,call,380.0,0.0,0.0,2.15,18.0,1.075,,,,,,,,,2026-05-06,312.195,316.23,312.11,314.865,227228.0,315.136835
2026-05-07T00:27:20.159,30,30,JPM260605C00385000,JPM,2026-06-05,call,385.0,0.0,0.0,2.15,8.0,1.075,,,,,,,,,2026-05-06,312.195,316.23,312.11,314.865,227228.0,315.136835
2026-05-07T00:27:20.159,30,30,JPM260605C00390000,JPM,2026-06-05,call,390.0,0.0,0.0,2.15,8.0,1.075,,,,,,,,,2026-05-06,312.195,316.23,312.11,314.865,227228.0,315.136835
2026-05-07T00:27:20.159,30,30,JPM260605C00395000,JPM,2026-06-05,call,395.0,0.0,0.0,2.15,13.0,1.075,,,,,,,,,2026-05-06,312.195,316.23,312.11,314.865,227228.0,315.136835
2026-05-07T00:27:20.159,30,30,JPM260605P00165000,JPM,2026-06-05,put,165.0,0.0,0.0,2.09,8.0,1.045,,,,,,,,,2026-05-06,312.195,316.23,312.11,314.865,227228.0,315.136835
2026-05-07T00:27:20.159,30,30,JPM260605P00170000,JPM,2026-06-05,put,170.0,0.0,0.0,2.11,8.0,1.055,,,,,,,,,2026-05-06,312.195,316.23,312.11,314.865,227228.0,315.136835
2026-05-07T00:27:20.159,30,30,JPM260605P00175000,JPM,2026-06-05,put,175.0,0.0,0.0,2.1,2.0,1.05,,,,,,,,,2026-05-06,312.195,316.23,312.11,314.865,227228.0,315.136835
2026-05-07T00:27:20.159,30,30,JPM260605P00180000,JPM,2026-06-05,put,180.0,0.0,0.0,2.1,8.0,1.05,,,,,,,,,2026-05-06,312.195,316.23,312.11,314.865,227228.0,315.136835
2026-05-07T00:27:20.159,30,30,JPM260605P00185000,JPM,2026-06-05,put,185.0,0.0,0.0,2.16,8.0,1.08,,,,,,,,,2026-05-06,312.195,316.23,312.11,314.865,227228.0,315.136835
2026-05-07T00:27:20.159,30,30,JPM260605P00190000,JPM,2026-06-05,put,190.0,0.0,0.0,2.16,8.0,1.08,,,,,,,,,2026-05-06,312.195,316.23,312.11,314.865,227228.0,315.136835
2026-05-07T00:27:20.159,30,30,JPM260605P00195000,JPM,2026-06-05,put,195.0,0.0,0.0,2.16,8.0,1.08,,,,,,,,,2026-05-06,312.195,316.23,312.11,314.865,227228.0,315.136835
2026-05-07T00:27:20.159,30,30,JPM260605P00200000,JPM,2026-06-05,put,200.0,0.0,0.0,2.16,1.0,1.08,,,,,,,,,2026-05-06,312.195,316.23,312.11,314.865,227228.0,315.136835
2026-05-07T00:27:20.159,30,30,JPM260605P00205000,JPM,2026-06-05,put,205.0,0.0,0.0,2.19,8.0,1.095,,,,,,,,,2026-05-06,312.195,316.23,312.11,314.865,227228.0,315.136835
2026-05-07T00:27:20.159,30,30,JPM260605P00210000,JPM,2026-06-05,put,210.0,0.0,0.0,2.18,8.0,1.09,0.12,2.0,,,,,,,2026-05-06,312.195,316.23,312.11,314.865,227228.0,315.136835
2026-05-07T00:27:20.159,30,30,JPM260605P00215000,JPM,2026-06-05,put,215.0,0.0,0.0,2.19,8.0,1.095,,,,,,,,,2026-05-06,312.195,316.23,312.11,314.865,227228.0,315.136835
2026-05-07T00:27:20.159,30,30,JPM260605P00220000,JPM,2026-06-05,put,220.0,0.0,0.0,2.2,14.0,1.1,,,,,,,,,2026-05-06,312.195,316.23,312.11,314.865,227228.0,315.136835
2026-05-07T00:27:20.159,30,30,JPM260605P00225000,JPM,2026-06-05,put,225.0,0.0,0.0,2.15,15.0,1.075,,,,,,,,,2026-05-06,312.195,316.23,312.11,314.865,227228.0,315.136835
2026-05-07T00:27:20.159,30,30,JPM260605P00230000,JPM,2026-06-05,put,230.0,0.0,0.0,2.21,8.0,1.105,,,,,,,,,2026-05-06,312.195,316.23,312.11,314.865,227228.0,315.136835
2026-05-07T00:27:20.159,30,30,JPM260605P00235000,JPM,2026-06-05,put,235.0,0.0,0.0,2.23,15.0,1.115,,,,,,,,,2026-05-06,312.195,316.23,312.11,314.865,227228.0,315.136835
2026-05-07T00:27:20.159,30,30,JPM260605P00240000,JPM,2026-06-05,put,240.0,0.0,0.0,2.18,19.0,1.09,0.18,1.0,,,,,,,2026-05-06,312.195,316.23,312.11,314.865,227228.0,315.136835
2026-05-07T00:27:20.159,30,30,JPM260605P00245000,JPM,2026-06-05,put,245.0,0.0,0.0,1.27,6.0,0.635,1.22,5.0,,,,,,,2026-05-06,312.195,316.23,312.11,314.865,227228.0,315.136835
2026-05-07T00:27:20.159,30,30,JPM260605P00250000,JPM,2026-06-05,put,250.0,0.0,0.0,2.26,9.0,1.13,0.28,153.0,,,,,,,2026-05-06,312.195,316.23,312.11,314.865,227228.0,315.136835
2026-05-07T00:27:20.159,30,30,JPM260605P00255000,JPM,2026-06-05,put,255.0,0.0,0.0,2.35,3.0,1.175,0.35,20.0,,,,,,,2026-05-06,312.195,316.23,312.11,314.865,227228.0,315.136835
2026-05-07T00:27:20.159,30,30,JPM260605P00260000,JPM,2026-06-05,put,260.0,0.0,0.0,0.74,149.0,0.37,0.35,20.0,,,,,,,2026-05-06,312.195,316.23,312.11,314.865,227228.0,315.136835
2026-05-07T00:27:20.159,30,30,JPM260605P00265000,JPM,2026-06-05,put,265.0,0.17,80.0,0.59,14.0,0.38,0.36,1.0,0.3361,-0.0311,0.0023,-0.0344,0.0633,-0.0084,2026-05-06,312.195,316.23,312.11,314.865,227228.0,315.136835
2026-05-07T00:27:20.159,30,30,JPM260605P00270000,JPM,2026-06-05,put,270.0,0.12,96.0,0.6,52.0,0.36,0.73,1.0,0.3029,-0.0326,0.0027,-0.0321,0.0658,-0.0087,2026-05-06,312.195,316.23,312.11,314.865,227228.0,315.136835
2026-05-07T00:27:20.159,30,30,JPM260605P00275000,JPM,2026-06-05,put,275.0,0.42,151.0,0.82,52.0,0.62,0.6,43.0,0.3042,-0.052,0.0039,-0.047,0.096,-0.014,2026-05-06,312.195,316.23,312.11,314.865,227228.0,315.136835
2026-05-07T00:27:20.159,30,30,JPM260605P00280000,JPM,2026-06-05,put,280.0,0.44,128.0,1.12,59.0,0.78,0.77,1.0,0.2865,-0.0666,0.005,-0.0535,0.1166,-0.0179,2026-05-06,312.195,316.23,312.11,314.865,227228.0,315.136835
2026-05-07T00:27:20.159,30,30,JPM260605P00285000,JPM,2026-06-05,put,285.0,0.86,190.0,1.42,59.0,1.14,1.12,1.0,0.2791,-0.0937,0.0066,-0.0672,0.151,-0.0252,2026-05-06,312.195,316.23,312.11,314.865,227228.0,315.136835
2026-05-07T00:27:20.159,30,30,JPM260605P00290000,JPM,2026-06-05,put,290.0,1.39,115.0,1.72,51.0,1.555,1.63,1.0,0.2669,-0.1256,0.0086,-0.0788,0.1864,-0.0338,2026-05-06,312.195,316.23,312.11,314.865,227228.0,315.136835
2026-05-07T00:27:20.159,30,30,JPM260605P00295000,JPM,2026-06-05,put,295.0,1.98,116.0,2.27,18.0,2.125,2.27,1.0,0.2551,-0.1676,0.0109,-0.0907,0.2263,-0.0451,2026-05-06,312.195,316.23,312.11,314.865,227228.0,315.136835
2026-05-07T00:27:20.159,30,30,JPM260605P00300000,JPM,2026-06-05,put,300.0,2.73,183.0,3.24,46.0,2.9850000000000003,2.95,1.0,0.2465,-0.2246,0.0135,-0.1037,0.2703,-0.0605,2026-05-06,312.195,316.23,312.11,314.865,227228.0,315.136835
2026-05-07T00:27:20.159,30,30,JPM260605P00305000,JPM,2026-06-05,put,305.0,3.74,51.0,4.45,15.0,4.095000000000001,4.11,5.0,0.2365,-0.2939,0.0161,-0.1129,0.3108,-0.0794,2026-05-06,312.195,316.23,312.11,314.865,227228.0,315.136835
2026-05-07T00:27:20.159,30,30,JPM260605P00310000,JPM,2026-06-05,put,310.0,5.38,111.0,6.11,44.0,5.745,5.41,1.0,0.232,-0.3795,0.0182,-0.1203,0.3434,-0.1029,2026-05-06,312.195,316.23,312.11,314.865,227228.0,315.136835
2026-05-07T00:27:20.159,30,30,JPM260605P00315000,JPM,2026-06-05,put,315.0,7.12,99.0,8.029,13.0,7.5745000000000005,7.4,1.0,0.2201,-0.4736,0.02,-0.1162,0.3592,-0.1287,2026-05-06,312.195,316.23,312.11,314.865,227228.0,315.136835
2026-05-07T00:27:20.159,30,30,JPM260605P00320000,JPM,2026-06-05,put,320.0,9.55,49.0,10.57,19.0,10.06,10.6,10.0,0.2131,-0.5759,0.0204,-0.1065,0.3535,-0.1572,2026-05-06,312.195,316.23,312.11,314.865,227228.0,315.136835
2026-05-07T00:27:20.159,30,30,JPM260605P00325000,JPM,2026-06-05,put,325.0,12.34,68.0,14.01,29.0,13.175,19.2,1.0,0.2096,-0.6749,0.019,-0.091,0.3248,-0.1854,2026-05-06,312.195,316.23,312.11,314.865,227228.0,315.136835
2026-05-07T00:27:20.159,30,30,JPM260605P00330000,JPM,2026-06-05,put,330.0,15.99,23.0,17.76,22.0,16.875,,,0.2103,-0.7597,0.0164,-0.0729,0.2807,-0.2104,2026-05-06,312.195,316.23,312.11,314.865,227228.0,315.136835
2026-05-07T00:27:20.159,30,30,JPM260605P00335000,JPM,2026-06-05,put,335.0,19.27,98.0,21.85,27.0,20.560000000000002,,,0.1935,-0.8514,0.0133,-0.0387,0.2091,-0.2372,2026-05-06,312.195,316.23,312.11,314.865,227228.0,315.136835
2026-05-07T00:27:20.159,30,30,JPM260605P00340000,JPM,2026-06-05,put,340.0,24.26,21.0,26.35,21.0,25.305,,,0.2121,-0.8829,0.0103,-0.0325,0.1774,-0.2492,2026-05-06,312.195,316.23,312.11,314.865,227228.0,315.136835
2026-05-07T00:27:20.159,30,30,JPM260605P00345000,JPM,2026-06-05,put,345.0,29.07,17.0,31.93,43.0,30.5,,,0.2533,-0.8823,0.0086,-0.0445,0.1781,-0.2533,2026-05-06,312.195,316.23,312.11,314.865,227228.0,315.136835
2026-05-07T00:27:20.159,30,30,JPM260605P00350000,JPM,2026-06-05,put,350.0,33.39,41.0,36.11,42.0,34.75,,,0.2292,-0.9378,0.0059,-0.0094,0.1105,-0.2712,2026-05-06,312.195,316.23,312.11,314.865,227228.0,315.136835
2026-05-07T00:27:20.159,30,30,JPM260605P00355000,JPM,2026-06-05,put,355.0,37.62,6.0,42.33,5.0,39.974999999999994,,,0.2744,-0.9268,0.0056,-0.0243,0.1253,-0.2726,2026-05-06,312.195,316.23,312.11,314.865,227228.0,315.136835
2026-05-07T00:27:20.159,30,30,JPM260605P00360000,JPM,2026-06-05,put,360.0,43.26,5.0,47.86,41.0,45.56,,,0.3424,-0.9013,0.0056,-0.0567,0.1568,-0.2706,2026-05-06,312.195,316.23,312.11,314.865,227228.0,315.136835
2026-05-07T00:27:20.159,30,30,JPM260605P00365000,JPM,2026-06-05,put,365.0,48.6,41.0,52.16,41.0,50.379999999999995,,,0.3569,-0.9142,0.0049,-0.0504,0.1414,-0.2779,2026-05-06,312.195,316.23,312.11,314.865,227228.0,315.136835
2026-05-07T00:27:20.159,30,30,JPM260605P00370000,JPM,2026-06-05,put,370.0,52.81,1.0,56.24,41.0,54.525000000000006,,,0.3008,-0.9639,0.0029,-0.0002,0.0715,-0.2942,2026-05-06,312.195,316.23,312.11,314.865,227228.0,315.136835
2026-05-07T00:27:20.159,30,30,JPM260605P00375000,JPM,2026-06-05,put,375.0,58.09,1.0,63.18,41.0,60.635000000000005,,,0.4261,-0.9112,0.0042,-0.0684,0.145,-0.2856,2026-05-06,312.195,316.23,312.11,314.865,227228.0,315.136835
2026-05-07T00:27:20.159,30,30,JPM260605P00380000,JPM,2026-06-05,put,380.0,62.53,6.0,67.44,1.0,64.985,,,0.3985,-0.9413,0.0033,-0.0342,0.1057,-0.2969,2026-05-06,312.195,316.23,312.11,314.865,227228.0,315.136835
2026-05-07T00:27:20.159,30,30,JPM260605P00385000,JPM,2026-06-05,put,385.0,67.29,1.0,72.4,1.0,69.845,,,0.4074,-0.9496,0.0028,-0.0269,0.0937,-0.3031,2026-05-06,312.195,316.23,312.11,314.865,227228.0,315.136835
2026-05-07T00:27:20.159,30,30,JPM260605P00390000,JPM,2026-06-05,put,390.0,72.97,1.0,78.39,41.0,75.68,,,0.5029,-0.9184,0.0033,-0.0779,0.1362,-0.2998,2026-05-06,312.195,316.23,312.11,314.865,227228.0,315.136835
2026-05-07T00:27:20.159,30,30,JPM260605P00395000,JPM,2026-06-05,put,395.0,78.02,41.0,81.77,41.0,79.895,,,0.4572,-0.95,0.0025,-0.0333,0.0931,-0.3114,2026-05-06,312.195,316.23,312.11,314.865,227228.0,315.136835
2026-05-07T00:27:20.159,45,43,JPM260618C00105000,JPM,2026-06-18,call,105.0,209.86,45.0,213.81,1.0,211.835,189.49,1.0,,,,,,,2026-05-06,312.195,316.23,312.11,314.865,227228.0,315.136835
2026-05-07T00:27:20.159,45,43,JPM260618C00110000,JPM,2026-06-18,call,110.0,201.22,40.0,211.55,1.0,206.385,192.64,4.0,,,,,,,2026-05-06,312.195,316.23,312.11,314.865,227228.0,315.136835
2026-05-07T00:27:20.159,45,43,JPM260618C00115000,JPM,2026-06-18,call,115.0,198.63,1.0,199.57,1.0,199.1,,,,,,,,,2026-05-06,312.195,316.23,312.11,314.865,227228.0,315.136835
2026-05-07T00:27:20.159,45,43,JPM260618C00120000,JPM,2026-06-18,call,120.0,195.24,1.0,197.62,1.0,196.43,174.7,2.0,,,,,,,2026-05-06,312.195,316.23,312.11,314.865,227228.0,315.136835
2026-05-07T00:27:20.159,45,43,JPM260618C00125000,JPM,2026-06-18,call,125.0,186.1,41.0,195.22,1.0,190.66,169.8,2.0,,,,,,,2026-05-06,312.195,316.23,312.11,314.865,227228.0,315.136835
2026-05-07T00:27:20.159,45,43,JPM260618C00130000,JPM,2026-06-18,call,130.0,186.34,45.0,190.34,1.0,188.34,178.09,1.0,,,,,,,2026-05-06,312.195,316.23,312.11,314.865,227228.0,315.136835
2026-05-07T00:27:20.159,45,43,JPM260618C00135000,JPM,2026-06-18,call,135.0,180.04,1.0,185.31,1.0,182.675,178.29,1.0,,,,,,,2026-05-06,312.195,316.23,312.11,314.865,227228.0,315.136835
2026-05-07T00:27:20.159,45,43,JPM260618C00140000,JPM,2026-06-18,call,140.0,171.51,41.0,175.1,1.0,173.305,149.1,1.0,,,,,,,2026-05-06,312.195,316.23,312.11,314.865,227228.0,315.136835
2026-05-07T00:27:20.159,45,43,JPM260618C00145000,JPM,2026-06-18,call,145.0,170.05,41.0,174.63,2.0,172.34,137.08,1.0,,,,,,,2026-05-06,312.195,316.23,312.11,314.865,227228.0,315.136835
2026-05-07T00:27:20.159,45,43,JPM260618C00150000,JPM,2026-06-18,call,150.0,166.54,41.0,169.79,1.0,168.165,168.46,1.0,,,,,,,2026-05-06,312.195,316.23,312.11,314.865,227228.0,315.136835
2026-05-07T00:27:20.159,45,43,JPM260618C00155000,JPM,2026-06-18,call,155.0,160.06,41.0,165.26,1.0,162.66,149.5,10.0,,,,,,,2026-05-06,312.195,316.23,312.11,314.865,227228.0,315.136835
2026-05-07T00:27:20.159,45,43,JPM260618C00160000,JPM,2026-06-18,call,160.0,156.57,1.0,157.68,1.0,157.125,137.0,25.0,,,,,,,2026-05-06,312.195,316.23,312.11,314.865,227228.0,315.136835
2026-05-07T00:27:20.159,45,43,JPM260618C00165000,JPM,2026-06-18,call,165.0,151.47,1.0,155.42,1.0,153.445,150.04,1.0,,,,,,,2026-05-06,312.195,316.23,312.11,314.865,227228.0,315.136835
2026-05-07T00:27:20.159,45,43,JPM260618C00170000,JPM,2026-06-18,call,170.0,145.86,6.0,146.66,5.0,146.26,141.4,2.0,,,,,,,2026-05-06,312.195,316.23,312.11,314.865,227228.0,315.136835
2026-05-07T00:27:20.159,45,43,JPM260618C00175000,JPM,2026-06-18,call,175.0,138.47,182.0,142.74,1.0,140.60500000000002,111.3,1.0,0.6872,0.9957,0.0002,-0.0282,0.0138,0.2035,2026-05-06,312.195,316.23,312.11,314.865,227228.0,315.136835
2026-05-07T00:27:20.159,45,43,JPM260618C00180000,JPM,2026-06-18,call,180.0,133.2,6.0,139.55,1.0,136.375,113.25,1.0,,,,,,,2026-05-06,312.195,316.23,312.11,314.865,227228.0,315.136835
2026-05-07T00:27:20.159,45,43,JPM260618C00185000,JPM,2026-06-18,call,185.0,130.25,44.0,133.43,133.0,131.84,129.7,1.0,,,,,,,2026-05-06,312.195,316.23,312.11,314.865,227228.0,315.136835
2026-05-07T00:27:20.159,45,43,JPM260618C00190000,JPM,2026-06-18,call,190.0,125.47,2.0,129.68,1.0,127.575,123.4,1.0,0.9508,0.9576,0.0009,-0.1253,0.0977,0.2048,2026-05-06,312.195,316.23,312.11,314.865,227228.0,315.136835
2026-05-07T00:27:20.159,45,43,JPM260618C00195000,JPM,2026-06-18,call,195.0,120.42,5.0,124.82,5.0,122.62,119.86,1.0,0.9122,0.9554,0.001,-0.1256,0.1017,0.2098,2026-05-06,312.195,316.23,312.11,314.865,227228.0,315.136835
2026-05-07T00:27:20.159,45,43,JPM260618C00200000,JPM,2026-06-18,call,200.0,115.38,118.0,117.35,73.0,116.365,111.62,1.0,0.7187,0.9761,0.0007,-0.0698,0.0608,0.2248,2026-05-06,312.195,316.23,312.11,314.865,227228.0,315.136835
2026-05-07T00:27:20.159,45,43,JPM260618C00205000,JPM,2026-06-18,call,205.0,110.18,41.0,112.54,5.0,111.36000000000001,107.14,1.0,0.6808,0.9756,0.0008,-0.0685,0.0619,0.2306,2026-05-06,312.195,316.23,312.11,314.865,227228.0,315.136835
2026-05-07T00:27:20.159,45,43,JPM260618C00210000,JPM,2026-06-18,call,210.0,102.79,129.0,107.34,165.0,105.065,104.97,4.0,,,,,,,2026-05-06,312.195,316.23,312.11,314.865,227228.0,315.136835
2026-05-07T00:27:20.159,45,43,JPM260618C00215000,JPM,2026-06-18,call,215.0,98.25,44.0,103.51,1.0,100.88,99.7,1.0,0.5073,0.9893,0.0005,-0.039,0.0306,0.248,2026-05-06,312.195,316.23,312.11,314.865,227228.0,315.136835
2026-05-07T00:27:20.159,45,43,JPM260618C00220000,JPM,2026-06-18,call,220.0,93.76,5.0,97.65,65.0,95.70500000000001,91.62,1.0,0.3599,0.9986,0.0001,-0.0238,0.0048,0.2575,2026-05-06,312.195,316.23,312.11,314.865,227228.0,315.136835
2026-05-07T00:27:20.159,45,43,JPM260618C00225000,JPM,2026-06-18,call,225.0,90.08,46.0,91.59,62.0,90.83500000000001,91.5,3.0,0.4228,0.9921,0.0005,-0.0335,0.0233,0.2609,2026-05-06,312.195,316.23,312.11,314.865,227228.0,315.136835
2026-05-07T00:27:20.159,45,43,JPM260618C00230000,JPM,2026-06-18,call,230.0,85.14,8.0,88.65,81.0,86.89500000000001,86.87,1.0,0.5717,0.9571,0.0015,-0.0868,0.0984,0.2525,2026-05-06,312.195,316.23,312.11,314.865,227228.0,315.136835
2026-05-07T00:27:20.159,45,43,JPM260618C00235000,JPM,2026-06-18,call,235.0,79.81,7.0,82.01,63.0,80.91,76.18,5.0,0.3857,0.9894,0.0007,-0.0365,0.0302,0.2716,2026-05-06,312.195,316.23,312.11,314.865,227228.0,315.136835
2026-05-07T00:27:20.159,45,43,JPM260618C00240000,JPM,2026-06-18,call,240.0,73.83,155.0,77.27,1.0,75.55,71.45,4.0,,,,,,,2026-05-06,312.195,316.23,312.11,314.865,227228.0,315.136835
2026-05-07T00:27:20.159,45,43,JPM260618C00245000,JPM,2026-06-18,call,245.0,69.62,56.0,74.43,1.0,72.025,70.44,1.0,0.4826,0.9475,0.0021,-0.0875,0.1158,0.2665,2026-05-06,312.195,316.23,312.11,314.865,227228.0,315.136835
2026-05-07T00:27:20.159,45,43,JPM260618C00250000,JPM,2026-06-18,call,250.0,65.4,227.0,67.57,204.0,66.485,67.15,8.0,0.3978,0.963,0.0019,-0.064,0.0874,0.2788,2026-05-06,312.195,316.23,312.11,314.865,227228.0,315.136835
2026-05-07T00:27:20.159,45,43,JPM260618C00255000,JPM,2026-06-18,call,255.0,59.65,64.0,64.62,184.0,62.135000000000005,61.63,1.0,0.4259,0.9385,0.0026,-0.0882,0.1312,0.2748,2026-05-06,312.195,316.23,312.11,314.865,227228.0,315.136835
2026-05-07T00:27:20.159,45,43,JPM260618C00260000,JPM,2026-06-18,call,260.0,55.39,22.0,58.25,189.0,56.82,55.62,80.0,0.369,0.9458,0.0028,-0.0749,0.1187,0.2838,2026-05-06,312.195,316.23,312.11,314.865,227228.0,315.136835
2026-05-07T00:27:20.159,45,43,JPM260618C00265000,JPM,2026-06-18,call,265.0,52.23,8.0,53.0,117.0,52.614999999999995,51.89,2.0,0.3926,0.9156,0.0037,-0.0998,0.1673,0.2775,2026-05-06,312.195,316.23,312.11,314.865,227228.0,315.136835
2026-05-07T00:27:20.159,45,43,JPM260618C00270000,JPM,2026-06-18,call,270.0,46.91,7.0,48.46,126.0,47.685,41.28,10.0,0.3635,0.9076,0.0042,-0.0993,0.1789,0.2804,2026-05-06,312.195,316.23,312.11,314.865,227228.0,315.136835
2026-05-07T00:27:20.159,45,43,JPM260618C00275000,JPM,2026-06-18,call,275.0,42.36,18.0,43.23,119.0,42.795,36.57,1.0,0.3362,0.897,0.0049,-0.0995,0.1937,0.2822,2026-05-06,312.195,316.23,312.11,314.865,227228.0,315.136835
2026-05-07T00:27:20.159,45,43,JPM260618C00280000,JPM,2026-06-18,call,280.0,37.81,26.0,39.48,131.0,38.644999999999996,38.25,1.0,0.3413,0.863,0.0059,-0.1172,0.237,0.2745,2026-05-06,312.195,316.23,312.11,314.865,227228.0,315.136835
2026-05-07T00:27:20.159,45,43,JPM260618C00285000,JPM,2026-06-18,call,285.0,32.46,14.0,34.98,144.0,33.72,27.76,1.0,0.3088,0.8485,0.007,-0.1142,0.2535,0.2749,2026-05-06,312.195,316.23,312.11,314.865,227228.0,315.136835
2026-05-07T00:27:20.159,45,43,JPM260618C00290000,JPM,2026-06-18,call,290.0,28.43,42.0,30.43,141.0,29.43,30.05,2.0,0.2983,0.8141,0.0083,-0.1229,0.2893,0.2672,2026-05-06,312.195,316.23,312.11,314.865,227228.0,315.136835
2026-05-07T00:27:20.159,45,43,JPM260618C00295000,JPM,2026-06-18,call,295.0,24.85,17.0,26.11,129.0,25.48,25.25,1.0,0.2932,0.7694,0.0096,-0.1336,0.3285,0.2553,2026-05-06,312.195,316.23,312.11,314.865,227228.0,315.136835
2026-05-07T00:27:20.159,45,43,JPM260618C00300000,JPM,2026-06-18,call,300.0,20.53,15.0,22.37,71.0,21.450000000000003,21.8,1.0,0.2795,0.7234,0.0111,-0.138,0.3615,0.2429,2026-05-06,312.195,316.23,312.11,314.865,227228.0,315.136835
2026-05-07T00:27:20.159,45,43,JPM260618C00305000,JPM,2026-06-18,call,305.0,16.23,58.0,18.06,50.0,17.145,17.77,1.0,0.2534,0.6753,0.0131,-0.134,0.3887,0.2302,2026-05-06,312.195,316.23,312.11,314.865,227228.0,315.136835
2026-05-07T00:27:20.159,45,43,JPM260618C00310000,JPM,2026-06-18,call,310.0,13.29,36.0,14.13,22.0,13.71,14.13,1.0,0.2435,0.6083,0.0146,-0.1352,0.415,0.2094,2026-05-06,312.195,316.23,312.11,314.865,227228.0,315.136835
2026-05-07T00:27:20.159,45,43,JPM260618C00315000,JPM,2026-06-18,call,315.0,10.82,80.0,11.13,31.0,10.975000000000001,11.1,1.0,0.2422,0.5333,0.0152,-0.1366,0.4295,0.1848,2026-05-06,312.195,316.23,312.11,314.865,227228.0,315.136835
2026-05-07T00:27:20.159,45,43,JPM260618C00320000,JPM,2026-06-18,call,320.0,8.22,6.0,9.11,373.0,8.665,8.53,4.0,0.242,0.4578,0.0152,-0.1341,0.4286,0.1595,2026-05-06,312.195,316.23,312.11,314.865,227228.0,315.136835
2026-05-07T00:27:20.159,45,43,JPM260618C00325000,JPM,2026-06-18,call,325.0,5.99,59.0,6.69,207.0,6.34,6.57,1.0,0.2326,0.3791,0.0151,-0.1224,0.411,0.1331,2026-05-06,312.195,316.23,312.11,314.865,227228.0,315.136835
2026-05-07T00:27:20.159,45,43,JPM260618C00330000,JPM,2026-06-18,call,330.0,4.28,53.0,4.77,178.0,4.525,4.6,1.0,0.226,0.303,0.0143,-0.1082,0.3773,0.107,2026-05-06,312.195,316.23,312.11,314.865,227228.0,315.136835
2026-05-07T00:27:20.159,45,43,JPM260618C00335000,JPM,2026-06-18,call,335.0,3.04,103.0,3.29,81.0,3.165,3.15,1.0,0.2219,0.2344,0.0128,-0.0925,0.3315,0.0832,2026-05-06,312.195,316.23,312.11,314.865,227228.0,315.136835
2026-05-07T00:27:20.159,45,43,JPM260618C00340000,JPM,2026-06-18,call,340.0,1.97,49.0,2.26,53.0,2.1149999999999998,2.14,1.0,0.2172,0.1735,0.0109,-0.0752,0.277,0.0619,2026-05-06,312.195,316.23,312.11,314.865,227228.0,315.136835
2026-05-07T00:27:20.159,45,43,JPM260618C00345000,JPM,2026-06-18,call,345.0,1.32,55.0,1.56,152.0,1.44,1.47,1.0,0.2167,0.1274,0.0089,-0.0606,0.2253,0.0455,2026-05-06,312.195,316.23,312.11,314.865,227228.0,315.136835
2026-05-07T00:27:20.159,45,43,JPM260618C00350000,JPM,2026-06-18,call,350.0,0.9,5.0,0.97,10.0,0.935,0.94,1.0,0.215,0.0895,0.007,-0.0464,0.1748,0.0321,2026-05-06,312.195,316.23,312.11,314.865,227228.0,315.136835
2026-05-07T00:27:20.159,45,43,JPM260618C00355000,JPM,2026-06-18,call,355.0,0.51,133.0,0.66,107.0,0.585,0.54,1.0,0.2131,0.0606,0.0052,-0.034,0.1296,0.0218,2026-05-06,312.195,316.23,312.11,314.865,227228.0,315.136835
2026-05-07T00:27:20.159,45,43,JPM260618C00360000,JPM,2026-06-18,call,360.0,0.34,128.0,0.53,277.0,0.43500000000000005,0.39,8.0,0.2196,0.0457,0.004,-0.0279,0.1038,0.0164,2026-05-06,312.195,316.23,312.11,314.865,227228.0,315.136835
2026-05-07T00:27:20.159,45,43,JPM260618C00365000,JPM,2026-06-18,call,365.0,0.22,102.0,0.45,137.0,0.335,0.24,1.0,0.2271,0.0354,0.0032,-0.0233,0.0843,0.0127,2026-05-06,312.195,316.23,312.11,314.865,227228.0,315.136835
2026-05-07T00:27:20.159,45,43,JPM260618C00370000,JPM,2026-06-18,call,370.0,0.16,46.0,0.2,44.0,0.18,0.1,1.0,0.2213,0.0209,0.0021,-0.0146,0.0543,0.0075,2026-05-06,312.195,316.23,312.11,314.865,227228.0,315.136835
2026-05-07T00:27:20.159,45,43,JPM260618C00375000,JPM,2026-06-18,call,375.0,0.0,0.0,0.83,297.0,0.415,0.13,1.0,,,,,,,2026-05-06,312.195,316.23,312.11,314.865,227228.0,315.136835
2026-05-07T00:27:20.159,45,43,JPM260618C00380000,JPM,2026-06-18,call,380.0,0.0,0.0,0.22,14.0,0.11,0.1,70.0,,,,,,,2026-05-06,312.195,316.23,312.11,314.865,227228.0,315.136835
2026-05-07T00:27:20.159,45,43,JPM260618C00385000,JPM,2026-06-18,call,385.0,0.0,0.0,0.78,71.0,0.39,0.08,2.0,,,,,,,2026-05-06,312.195,316.23,312.11,314.865,227228.0,315.136835
2026-05-07T00:27:20.159,45,43,JPM260618C00390000,JPM,2026-06-18,call,390.0,0.0,0.0,1.12,98.0,0.56,0.01,1.0,,,,,,,2026-05-06,312.195,316.23,312.11,314.865,227228.0,315.136835
2026-05-07T00:27:20.159,45,43,JPM260618C00395000,JPM,2026-06-18,call,395.0,0.0,0.0,1.17,95.0,0.585,0.2,5.0,,,,,,,2026-05-06,312.195,316.23,312.11,314.865,227228.0,315.136835
2026-05-07T00:27:20.159,45,43,JPM260618C00400000,JPM,2026-06-18,call,400.0,0.0,0.0,0.08,3.0,0.04,0.07,1.0,,,,,,,2026-05-06,312.195,316.23,312.11,314.865,227228.0,315.136835
2026-05-07T00:27:20.159,45,43,JPM260618C00405000,JPM,2026-06-18,call,405.0,0.0,0.0,2.18,52.0,1.09,0.15,8.0,,,,,,,2026-05-06,312.195,316.23,312.11,314.865,227228.0,315.136835
2026-05-07T00:27:20.159,45,43,JPM260618C00410000,JPM,2026-06-18,call,410.0,0.0,0.0,2.17,74.0,1.085,0.04,4.0,,,,,,,2026-05-06,312.195,316.23,312.11,314.865,227228.0,315.136835
2026-05-07T00:27:20.159,45,43,JPM260618C00415000,JPM,2026-06-18,call,415.0,0.0,0.0,2.11,43.0,1.055,0.04,10.0,,,,,,,2026-05-06,312.195,316.23,312.11,314.865,227228.0,315.136835
2026-05-07T00:27:20.159,45,43,JPM260618C00420000,JPM,2026-06-18,call,420.0,0.0,0.0,2.12,43.0,1.06,0.05,15.0,,,,,,,2026-05-06,312.195,316.23,312.11,314.865,227228.0,315.136835
2026-05-07T00:27:20.159,45,43,JPM260618C00425000,JPM,2026-06-18,call,425.0,0.0,0.0,2.17,31.0,1.085,0.08,1.0,,,,,,,2026-05-06,312.195,316.23,312.11,314.865,227228.0,315.136835
2026-05-07T00:27:20.159,45,43,JPM260618C00430000,JPM,2026-06-18,call,430.0,0.0,0.0,1.06,68.0,0.53,0.06,10.0,,,,,,,2026-05-06,312.195,316.23,312.11,314.865,227228.0,315.136835
2026-05-07T00:27:20.159,45,43,JPM260618C00435000,JPM,2026-06-18,call,435.0,0.0,0.0,2.16,72.0,1.08,0.38,1.0,,,,,,,2026-05-06,312.195,316.23,312.11,314.865,227228.0,315.136835
2026-05-07T00:27:20.159,45,43,JPM260618C00440000,JPM,2026-06-18,call,440.0,0.0,0.0,2.17,79.0,1.085,0.15,1.0,,,,,,,2026-05-06,312.195,316.23,312.11,314.865,227228.0,315.136835
2026-05-07T00:27:20.159,45,43,JPM260618C00445000,JPM,2026-06-18,call,445.0,0.0,0.0,2.1,44.0,1.05,0.56,1.0,,,,,,,2026-05-06,312.195,316.23,312.11,314.865,227228.0,315.136835
2026-05-07T00:27:20.159,45,43,JPM260618C00450000,JPM,2026-06-18,call,450.0,0.0,0.0,2.17,94.0,1.085,0.12,7.0,,,,,,,2026-05-06,312.195,316.23,312.11,314.865,227228.0,315.136835
2026-05-07T00:27:20.159,45,43,JPM260618C00455000,JPM,2026-06-18,call,455.0,0.0,0.0,2.12,43.0,1.06,0.27,1.0,,,,,,,2026-05-06,312.195,316.23,312.11,314.865,227228.0,315.136835
2026-05-07T00:27:20.159,45,43,JPM260618C00460000,JPM,2026-06-18,call,460.0,0.0,0.0,2.16,71.0,1.08,0.12,1.0,,,,,,,2026-05-06,312.195,316.23,312.11,314.865,227228.0,315.136835
2026-05-07T00:27:20.159,45,43,JPM260618P00105000,JPM,2026-06-18,put,105.0,0.0,0.0,0.04,10.0,0.02,0.04,2.0,,,,,,,2026-05-06,312.195,316.23,312.11,314.865,227228.0,315.136835
2026-05-07T00:27:20.159,45,43,JPM260618P00110000,JPM,2026-06-18,put,110.0,0.0,0.0,0.01,1.0,0.005,0.01,6.0,,,,,,,2026-05-06,312.195,316.23,312.11,314.865,227228.0,315.136835
2026-05-07T00:27:20.159,45,43,JPM260618P00115000,JPM,2026-06-18,put,115.0,0.0,0.0,0.01,6.0,0.005,0.01,1.0,,,,,,,2026-05-06,312.195,316.23,312.11,314.865,227228.0,315.136835
2026-05-07T00:27:20.159,45,43,JPM260618P00120000,JPM,2026-06-18,put,120.0,0.0,0.0,2.15,8.0,1.075,0.1,3.0,,,,,,,2026-05-06,312.195,316.23,312.11,314.865,227228.0,315.136835
2026-05-07T00:27:20.159,45,43,JPM260618P00125000,JPM,2026-06-18,put,125.0,0.0,0.0,0.13,9.0,0.065,0.05,9.0,,,,,,,2026-05-06,312.195,316.23,312.11,314.865,227228.0,315.136835
2026-05-07T00:27:20.159,45,43,JPM260618P00130000,JPM,2026-06-18,put,130.0,0.0,0.0,0.28,1.0,0.14,0.01,1.0,,,,,,,2026-05-06,312.195,316.23,312.11,314.865,227228.0,315.136835
2026-05-07T00:27:20.159,45,43,JPM260618P00135000,JPM,2026-06-18,put,135.0,0.0,0.0,0.15,10.0,0.075,0.01,1.0,,,,,,,2026-05-06,312.195,316.23,312.11,314.865,227228.0,315.136835
2026-05-07T00:27:20.159,45,43,JPM260618P00140000,JPM,2026-06-18,put,140.0,0.0,0.0,2.16,8.0,1.08,0.01,2.0,,,,,,,2026-05-06,312.195,316.23,312.11,314.865,227228.0,315.136835
2026-05-07T00:27:20.159,45,43,JPM260618P00145000,JPM,2026-06-18,put,145.0,0.0,0.0,2.11,42.0,1.055,0.27,1.0,,,,,,,2026-05-06,312.195,316.23,312.11,314.865,227228.0,315.136835
2026-05-07T00:27:20.159,45,43,JPM260618P00150000,JPM,2026-06-18,put,150.0,0.0,0.0,0.02,10.0,0.01,0.02,1.0,,,,,,,2026-05-06,312.195,316.23,312.11,314.865,227228.0,315.136835
2026-05-07T00:27:20.159,45,43,JPM260618P00155000,JPM,2026-06-18,put,155.0,0.0,0.0,2.11,8.0,1.055,0.22,1.0,,,,,,,2026-05-06,312.195,316.23,312.11,314.865,227228.0,315.136835
2026-05-07T00:27:20.159,45,43,JPM260618P00160000,JPM,2026-06-18,put,160.0,0.0,0.0,1.18,11.0,0.59,0.04,2.0,,,,,,,2026-05-06,312.195,316.23,312.11,314.865,227228.0,315.136835
2026-05-07T00:27:20.159,45,43,JPM260618P00165000,JPM,2026-06-18,put,165.0,0.0,0.0,1.03,1.0,0.515,0.72,1.0,,,,,,,2026-05-06,312.195,316.23,312.11,314.865,227228.0,315.136835
2026-05-07T00:27:20.159,45,43,JPM260618P00170000,JPM,2026-06-18,put,170.0,0.0,0.0,2.11,42.0,1.055,0.15,1.0,,,,,,,2026-05-06,312.195,316.23,312.11,314.865,227228.0,315.136835
2026-05-07T00:27:20.159,45,43,JPM260618P00175000,JPM,2026-06-18,put,175.0,0.0,0.0,2.17,395.0,1.085,0.1,1.0,,,,,,,2026-05-06,312.195,316.23,312.11,314.865,227228.0,315.136835
2026-05-07T00:27:20.159,45,43,JPM260618P00180000,JPM,2026-06-18,put,180.0,0.0,0.0,0.27,1.0,0.135,0.21,1.0,,,,,,,2026-05-06,312.195,316.23,312.11,314.865,227228.0,315.136835
2026-05-07T00:27:20.159,45,43,JPM260618P00185000,JPM,2026-06-18,put,185.0,0.0,0.0,0.38,1.0,0.19,0.01,1.0,,,,,,,2026-05-06,312.195,316.23,312.11,314.865,227228.0,315.136835
2026-05-07T00:27:20.159,45,43,JPM260618P00190000,JPM,2026-06-18,put,190.0,0.0,0.0,2.11,104.0,1.055,0.02,1.0,,,,,,,2026-05-06,312.195,316.23,312.11,314.865,227228.0,315.136835
2026-05-07T00:27:20.159,45,43,JPM260618P00195000,JPM,2026-06-18,put,195.0,0.0,0.0,2.17,529.0,1.085,0.05,3.0,,,,,,,2026-05-06,312.195,316.23,312.11,314.865,227228.0,315.136835
2026-05-07T00:27:20.159,45,43,JPM260618P00200000,JPM,2026-06-18,put,200.0,0.01,1.0,0.18,406.0,0.095,0.08,1.0,0.5357,-0.0049,0.0002,-0.0094,0.0154,-0.0019,2026-05-06,312.195,316.23,312.11,314.865,227228.0,315.136835
2026-05-07T00:27:20.159,45,43,JPM260618P00205000,JPM,2026-06-18,put,205.0,0.0,0.0,0.57,475.0,0.285,0.09,2.0,,,,,,,2026-05-06,312.195,316.23,312.11,314.865,227228.0,315.136835
2026-05-07T00:27:20.159,45,43,JPM260618P00210000,JPM,2026-06-18,put,210.0,0.06,3.0,0.38,446.0,0.22,0.1,1.0,0.5376,-0.0105,0.0005,-0.0184,0.03,-0.0041,2026-05-06,312.195,316.23,312.11,314.865,227228.0,315.136835
2026-05-07T00:27:20.159,45,43,JPM260618P00215000,JPM,2026-06-18,put,215.0,0.07,80.0,0.22,1.0,0.14500000000000002,0.15,2.0,0.4826,-0.008,0.0004,-0.013,0.0236,-0.0031,2026-05-06,312.195,316.23,312.11,314.865,227228.0,315.136835
2026-05-07T00:27:20.159,45,43,JPM260618P00220000,JPM,2026-06-18,put,220.0,0.07,24.0,0.32,1.0,0.195,0.11,2.0,0.4749,-0.0106,0.0005,-0.0163,0.0302,-0.0042,2026-05-06,312.195,316.23,312.11,314.865,227228.0,315.136835
2026-05-07T00:27:20.159,45,43,JPM260618P00225000,JPM,2026-06-18,put,225.0,0.12,2.0,0.45,448.0,0.28500000000000003,0.11,2.0,0.4735,-0.0149,0.0007,-0.0219,0.0407,-0.0059,2026-05-06,312.195,316.23,312.11,314.865,227228.0,315.136835
2026-05-07T00:27:20.159,45,43,JPM260618P00230000,JPM,2026-06-18,put,230.0,0.03,58.0,0.56,450.0,0.29500000000000004,0.14,1.0,0.4489,-0.0161,0.0008,-0.0222,0.0436,-0.0063,2026-05-06,312.195,316.23,312.11,314.865,227228.0,315.136835
2026-05-07T00:27:20.159,45,43,JPM260618P00235000,JPM,2026-06-18,put,235.0,0.17,137.0,1.29,492.0,0.73,0.25,1.0,0.4921,-0.0329,0.0014,-0.0443,0.0794,-0.0131,2026-05-06,312.195,316.23,312.11,314.865,227228.0,315.136835
2026-05-07T00:27:20.159,45,43,JPM260618P00240000,JPM,2026-06-18,put,240.0,0.08,4.0,0.71,452.0,0.39499999999999996,0.2,1.0,0.415,-0.0225,0.0012,-0.0271,0.0578,-0.0088,2026-05-06,312.195,316.23,312.11,314.865,227228.0,315.136835
2026-05-07T00:27:20.159,45,43,JPM260618P00245000,JPM,2026-06-18,put,245.0,0.0,0.0,0.81,488.0,0.405,0.25,1.0,,,,,,,2026-05-06,312.195,316.23,312.11,314.865,227228.0,315.136835
2026-05-07T00:27:20.159,45,43,JPM260618P00250000,JPM,2026-06-18,put,250.0,0.23,157.0,0.57,514.0,0.39999999999999997,0.31,2.0,0.3626,-0.0258,0.0015,-0.0265,0.0648,-0.01,2026-05-06,312.195,316.23,312.11,314.865,227228.0,315.136835
2026-05-07T00:27:20.159,45,43,JPM260618P00255000,JPM,2026-06-18,put,255.0,0.21,145.0,0.68,477.0,0.445,0.34,2.0,0.3429,-0.0298,0.0018,-0.0281,0.0731,-0.0116,2026-05-06,312.195,316.23,312.11,314.865,227228.0,315.136835
2026-05-07T00:27:20.159,45,43,JPM260618P00260000,JPM,2026-06-18,put,260.0,0.29,111.0,0.61,76.0,0.44999999999999996,0.5,3.0,0.3173,-0.0323,0.0021,-0.0277,0.0781,-0.0125,2026-05-06,312.195,316.23,312.11,314.865,227228.0,315.136835
2026-05-07T00:27:20.159,45,43,JPM260618P00265000,JPM,2026-06-18,put,265.0,0.62,73.0,0.75,69.0,0.685,0.67,1.0,0.3162,-0.0466,0.0029,-0.0372,0.1053,-0.0181,2026-05-06,312.195,316.23,312.11,314.865,227228.0,315.136835
2026-05-07T00:27:20.159,45,43,JPM260618P00270000,JPM,2026-06-18,put,270.0,0.61,101.0,0.93,62.0,0.77,0.85,1.0,0.2961,-0.0546,0.0035,-0.0394,0.1195,-0.0212,2026-05-06,312.195,316.23,312.11,314.865,227228.0,315.136835
2026-05-07T00:27:20.159,45,43,JPM260618P00275000,JPM,2026-06-18,put,275.0,0.98,246.0,1.23,213.0,1.105,1.13,3.0,0.2922,-0.0751,0.0045,-0.0495,0.153,-0.0291,2026-05-06,312.195,316.23,312.11,314.865,227228.0,315.136835
2026-05-07T00:27:20.159,45,43,JPM260618P00280000,JPM,2026-06-18,put,280.0,1.49,12.0,1.75,74.0,1.62,1.57,1.0,0.2915,-0.1034,0.0057,-0.0625,0.1943,-0.0403,2026-05-06,312.195,316.23,312.11,314.865,227228.0,315.136835
2026-05-07T00:27:20.159,45,43,JPM260618P00285000,JPM,2026-06-18,put,285.0,1.91,6.0,2.22,95.0,2.065,1.97,10.0,0.2803,-0.1304,0.007,-0.0704,0.229,-0.0508,2026-05-06,312.195,316.23,312.11,314.865,227228.0,315.136835
2026-05-07T00:27:20.159,45,43,JPM260618P00290000,JPM,2026-06-18,put,290.0,2.58,8.0,2.62,1.0,2.6,2.58,5.0,0.268,-0.1628,0.0085,-0.0775,0.2659,-0.0634,2026-05-06,312.195,316.23,312.11,314.865,227228.0,315.136835
2026-05-07T00:27:20.159,45,43,JPM260618P00295000,JPM,2026-06-18,put,295.0,3.37,34.0,3.51,35.0,3.44,3.43,8.0,0.2609,-0.2072,0.0101,-0.0869,0.3089,-0.0809,2026-05-06,312.195,316.23,312.11,314.865,227228.0,315.136835
2026-05-07T00:27:20.159,45,43,JPM260618P00300000,JPM,2026-06-18,put,300.0,4.33,26.0,4.56,33.0,4.445,4.45,10.0,0.2522,-0.2587,0.0119,-0.0939,0.3495,-0.1012,2026-05-06,312.195,316.23,312.11,314.865,227228.0,315.136835
2026-05-07T00:27:20.159,45,43,JPM260618P00305000,JPM,2026-06-18,put,305.0,5.75,27.0,5.98,41.0,5.865,5.75,1.0,0.2475,-0.3216,0.0134,-0.1008,0.3871,-0.1262,2026-05-06,312.195,316.23,312.11,314.865,227228.0,315.136835
2026-05-07T00:27:20.159,45,43,JPM260618P00310000,JPM,2026-06-18,put,310.0,7.24,167.0,7.48,15.0,7.36,7.24,1.0,0.2369,-0.3896,0.015,-0.1012,0.4144,-0.1531,2026-05-06,312.195,316.23,312.11,314.865,227228.0,315.136835
2026-05-07T00:27:20.159,45,43,JPM260618P00315000,JPM,2026-06-18,put,315.0,8.94,124.0,9.52,55.0,9.23,9.34,1.0,0.2271,-0.4667,0.0162,-0.0979,0.4295,-0.1839,2026-05-06,312.195,316.23,312.11,314.865,227228.0,315.136835
2026-05-07T00:27:20.159,45,43,JPM260618P00320000,JPM,2026-06-18,put,320.0,11.01,57.0,12.31,12.0,11.66,11.7,7.0,0.2213,-0.5491,0.0166,-0.0917,0.4277,-0.2174,2026-05-06,312.195,316.23,312.11,314.865,227228.0,315.136835
2026-05-07T00:27:20.159,45,43,JPM260618P00325000,JPM,2026-06-18,put,325.0,13.57,103.0,15.14,13.0,14.355,14.1,10.0,0.2119,-0.6351,0.0164,-0.0787,0.406,-0.2524,2026-05-06,312.195,316.23,312.11,314.865,227228.0,315.136835
2026-05-07T00:27:20.159,45,43,JPM260618P00330000,JPM,2026-06-18,put,330.0,16.99,113.0,18.63,110.0,17.81,17.58,1.0,0.2111,-0.7114,0.015,-0.0665,0.3689,-0.2848,2026-05-06,312.195,316.23,312.11,314.865,227228.0,315.136835
2026-05-07T00:27:20.159,45,43,JPM260618P00335000,JPM,2026-06-18,put,335.0,20.36,124.0,23.12,102.0,21.740000000000002,23.75,1.0,0.2144,-0.7741,0.013,-0.0546,0.3248,-0.3126,2026-05-06,312.195,316.23,312.11,314.865,227228.0,315.136835
2026-05-07T00:27:20.159,45,43,JPM260618P00340000,JPM,2026-06-18,put,340.0,24.6,155.0,26.32,30.0,25.46,25.3,3.0,0.2002,-0.8476,0.0109,-0.0302,0.2545,-0.3443,2026-05-06,312.195,316.23,312.11,314.865,227228.0,315.136835
2026-05-07T00:27:20.159,45,43,JPM260618P00345000,JPM,2026-06-18,put,345.0,28.86,54.0,31.0,13.0,29.93,59.15,2.0,0.2034,-0.8884,0.0086,-0.0177,0.2052,-0.3647,2026-05-06,312.195,316.23,312.11,314.865,227228.0,315.136835
2026-05-07T00:27:20.159,45,43,JPM260618P00350000,JPM,2026-06-18,put,350.0,33.78,50.0,36.09,13.0,34.935,39.96,1.0,0.2282,-0.8964,0.0073,-0.0201,0.1945,-0.3735,2026-05-06,312.195,316.23,312.11,314.865,227228.0,315.136835
2026-05-07T00:27:20.159,45,43,JPM260618P00355000,JPM,2026-06-18,put,355.0,38.13,41.0,41.49,41.0,39.81,44.35,1.0,0.2451,-0.9094,0.0062,-0.0178,0.1762,-0.3841,2026-05-06,312.195,316.23,312.11,314.865,227228.0,315.136835
2026-05-07T00:27:20.159,45,43,JPM260618P00360000,JPM,2026-06-18,put,360.0,42.63,41.0,46.1,41.0,44.365,46.47,4.0,0.2382,-0.9394,0.0047,-0.0021,0.1297,-0.4006,2026-05-06,312.195,316.23,312.11,314.865,227228.0,315.136835
2026-05-07T00:27:20.159,45,43,JPM260618P00365000,JPM,2026-06-18,put,365.0,47.93,41.0,51.49,41.0,49.71,63.9,1.0,0.2839,-0.9233,0.0047,-0.0175,0.1556,-0.4009,2026-05-06,312.195,316.23,312.11,314.865,227228.0,315.136835
2026-05-07T00:27:20.159,45,43,JPM260618P00370000,JPM,2026-06-18,put,370.0,53.79,6.0,56.83,5.0,55.31,54.62,3.0,0.3407,-0.9011,0.0047,-0.0408,0.1881,-0.3993,2026-05-06,312.195,316.23,312.11,314.865,227228.0,315.136835
2026-05-07T00:27:20.159,45,43,JPM260618P00375000,JPM,2026-06-18,put,375.0,56.95,43.0,61.19,42.0,59.07,,,0.2718,-0.9629,0.0028,0.0083,0.0876,-0.4266,2026-05-06,312.195,316.23,312.11,314.865,227228.0,315.136835
2026-05-07T00:27:20.159,45,43,JPM260618P00380000,JPM,2026-06-18,put,380.0,63.25,6.0,66.84,41.0,65.045,62.32,1.0,0.3688,-0.9179,0.0038,-0.035,0.1638,-0.417,2026-05-06,312.195,316.23,312.11,314.865,227228.0,315.136835
2026-05-07T00:27:20.159,45,43,JPM260618P00385000,JPM,2026-06-18,put,385.0,67.4,5.0,72.08,1.0,69.74000000000001,,,0.3693,-0.9322,0.0033,-0.0247,0.1416,-0.4278,2026-05-06,312.195,316.23,312.11,314.865,227228.0,315.136835
2026-05-07T00:27:20.159,45,43,JPM260618P00390000,JPM,2026-06-18,put,390.0,73.44,5.0,75.42,1.0,74.43,69.5,1.0,0.365,-0.9468,0.0027,-0.0126,0.1171,-0.4388,2026-05-06,312.195,316.23,312.11,314.865,227228.0,315.136835
2026-05-07T00:27:20.159,45,43,JPM260618P00395000,JPM,2026-06-18,put,395.0,76.6,41.0,80.3,45.0,78.44999999999999,90.15,1.0,,,,,,,2026-05-06,312.195,316.23,312.11,314.865,227228.0,315.136835
2026-05-07T00:27:20.159,45,43,JPM260618P00400000,JPM,2026-06-18,put,400.0,81.67,41.0,86.83,40.0,84.25,87.85,1.0,0.3859,-0.9564,0.0022,-0.0064,0.0997,-0.4539,2026-05-06,312.195,316.23,312.11,314.865,227228.0,315.136835
2026-05-07T00:27:20.159,45,43,JPM260618P00405000,JPM,2026-06-18,put,405.0,86.87,5.0,93.04,41.0,89.95500000000001,101.05,1.0,0.4624,-0.9309,0.0027,-0.0391,0.1437,-0.4511,2026-05-06,312.195,316.23,312.11,314.865,227228.0,315.136835
2026-05-07T00:27:20.159,45,43,JPM260618P00410000,JPM,2026-06-18,put,410.0,94.14,41.0,98.65,41.0,96.39500000000001,,,0.5654,-0.8931,0.003,-0.0933,0.199,-0.4447,2026-05-06,312.195,316.23,312.11,314.865,227228.0,315.136835
2026-05-07T00:27:20.159,45,43,JPM260618P00415000,JPM,2026-06-18,put,415.0,96.48,1.0,102.76,1.0,99.62,,,0.474,-0.9443,0.0022,-0.0274,0.1214,-0.4675,2026-05-06,312.195,316.23,312.11,314.865,227228.0,315.136835
2026-05-07T00:27:20.159,45,43,JPM260618P00420000,JPM,2026-06-18,put,420.0,104.16,1.0,107.42,41.0,105.78999999999999,101.41,1.0,0.5715,-0.9116,0.0026,-0.0759,0.1731,-0.4627,2026-05-06,312.195,316.23,312.11,314.865,227228.0,315.136835
2026-05-07T00:27:20.159,45,43,JPM260618P00425000,JPM,2026-06-18,put,425.0,107.58,1.0,111.55,1.0,109.565,,,0.5048,-0.9476,0.002,-0.0273,0.1157,-0.4804,2026-05-06,312.195,316.23,312.11,314.865,227228.0,315.136835
2026-05-07T00:27:20.159,45,43,JPM260618P00430000,JPM,2026-06-18,put,430.0,114.56,1.0,115.3,41.0,114.93,,,0.5516,-0.9371,0.0021,-0.0449,0.1336,-0.4829,2026-05-06,312.195,316.23,312.11,314.865,227228.0,315.136835
2026-05-07T00:27:20.159,45,43,JPM260618P00435000,JPM,2026-06-18,put,435.0,115.72,1.0,121.22,1.0,118.47,,,0.3639,-0.9937,0.0005,0.0348,0.0192,-0.508,2026-05-06,312.195,316.23,312.11,314.865,227228.0,315.136835
2026-05-07T00:27:20.159,45,43,JPM260618P00440000,JPM,2026-06-18,put,440.0,122.59,1.0,124.91,45.0,123.75,,,0.4591,-0.9783,0.001,0.013,0.056,-0.5085,2026-05-06,312.195,316.23,312.11,314.865,227228.0,315.136835
2026-05-07T00:27:20.159,45,43,JPM260618P00445000,JPM,2026-06-18,put,445.0,129.72,41.0,133.51,41.0,131.615,,,0.7085,-0.9006,0.0023,-0.1142,0.1888,-0.489,2026-05-06,312.195,316.23,312.11,314.865,227228.0,315.136835
2026-05-07T00:27:20.159,45,43,JPM260618P00450000,JPM,2026-06-18,put,450.0,130.85,5.0,137.97,41.0,134.41,145.49,1.0,0.5749,-0.9546,0.0015,-0.0257,0.1032,-0.5123,2026-05-06,312.195,316.23,312.11,314.865,227228.0,315.136835
2026-05-07T00:27:20.159,45,43,JPM260618P00455000,JPM,2026-06-18,put,455.0,139.58,6.0,141.59,1.0,140.585,,,0.6828,-0.9246,0.0019,-0.0789,0.1535,-0.5085,2026-05-06,312.195,316.23,312.11,314.865,227228.0,315.136835
2026-05-07T00:27:20.159,45,43,JPM260618P00460000,JPM,2026-06-18,put,460.0,143.99,5.0,145.9,41.0,144.945,,,0.6537,-0.9406,0.0017,-0.0532,0.1277,-0.5195,2026-05-06,312.195,316.23,312.11,314.865,227228.0,315.136835
