capture_ts,target_dte,actual_dte,symbol,underlying,expiration,type,strike,bid,bid_size,ask,ask_size,mid,last_price,last_size,implied_vol,delta,gamma,theta,vega,rho,und_session_date,und_open,und_high,und_low,und_close,und_volume,und_vwap
2026-08-28T20:30:56.262,2,0,INTC260828C00045000,INTC,2026-08-28,call,45.0,44.29,116.0,45.16,29.0,44.724999999999994,44.85,1.0,,,,,,,2026-08-28,90.265,93.665,89.05,89.49,2.331123e6,90.778146
2026-08-28T20:30:56.262,2,0,INTC260828C00050000,INTC,2026-08-28,call,50.0,38.86,122.0,40.06,117.0,39.46,39.25,1.0,,,,,,,2026-08-28,90.265,93.665,89.05,89.49,2.331123e6,90.778146
2026-08-28T20:30:56.262,2,0,INTC260828C00055000,INTC,2026-08-28,call,55.0,33.5,125.0,35.54,69.0,34.519999999999996,34.78,1.0,,,,,,,2026-08-28,90.265,93.665,89.05,89.49,2.331123e6,90.778146
2026-08-28T20:30:56.262,2,0,INTC260828C00060000,INTC,2026-08-28,call,60.0,28.22,462.0,30.37,309.0,29.295,29.97,1.0,,,,,,,2026-08-28,90.265,93.665,89.05,89.49,2.331123e6,90.778146
2026-08-28T20:30:56.262,2,0,INTC260828C00065000,INTC,2026-08-28,call,65.0,23.72,487.0,25.88,257.0,24.799999999999997,24.36,1.0,,,,,,,2026-08-28,90.265,93.665,89.05,89.49,2.331123e6,90.778146
2026-08-28T20:30:56.262,2,0,INTC260828C00070000,INTC,2026-08-28,call,70.0,19.25,339.0,20.79,569.0,20.02,19.75,1.0,,,,,,,2026-08-28,90.265,93.665,89.05,89.49,2.331123e6,90.778146
2026-08-28T20:30:56.262,2,0,INTC260828C00073000,INTC,2026-08-28,call,73.0,16.149,128.0,17.91,72.0,17.0295,16.77,1.0,,,,,,,2026-08-28,90.265,93.665,89.05,89.49,2.331123e6,90.778146
2026-08-28T20:30:56.262,2,0,INTC260828C00074000,INTC,2026-08-28,call,74.0,14.85,81.0,16.91,103.0,15.879999999999999,15.3,1.0,,,,,,,2026-08-28,90.265,93.665,89.05,89.49,2.331123e6,90.778146
2026-08-28T20:30:56.262,2,0,INTC260828C00075000,INTC,2026-08-28,call,75.0,13.74,137.0,16.04,67.0,14.89,14.7,1.0,,,,,,,2026-08-28,90.265,93.665,89.05,89.49,2.331123e6,90.778146
2026-08-28T20:30:56.262,2,0,INTC260828C00076000,INTC,2026-08-28,call,76.0,13.46,9.0,14.89,21.0,14.175,13.7,1.0,,,,,,,2026-08-28,90.265,93.665,89.05,89.49,2.331123e6,90.778146
2026-08-28T20:30:56.262,2,0,INTC260828C00077000,INTC,2026-08-28,call,77.0,11.33,40.0,14.37,28.0,12.85,12.59,1.0,,,,,,,2026-08-28,90.265,93.665,89.05,89.49,2.331123e6,90.778146
2026-08-28T20:30:56.262,2,0,INTC260828C00078000,INTC,2026-08-28,call,78.0,10.76,192.0,13.33,197.0,12.045,11.48,1.0,,,,,,,2026-08-28,90.265,93.665,89.05,89.49,2.331123e6,90.778146
2026-08-28T20:30:56.262,2,0,INTC260828C00079000,INTC,2026-08-28,call,79.0,10.12,62.0,12.2,35.0,11.16,10.57,1.0,,,,,,,2026-08-28,90.265,93.665,89.05,89.49,2.331123e6,90.778146
2026-08-28T20:30:56.262,2,0,INTC260828C00080000,INTC,2026-08-28,call,80.0,9.36,156.0,9.81,217.0,9.585,9.49,3.0,,,,,,,2026-08-28,90.265,93.665,89.05,89.49,2.331123e6,90.778146
2026-08-28T20:30:56.262,2,0,INTC260828C00081000,INTC,2026-08-28,call,81.0,7.35,567.0,9.73,464.0,8.54,8.85,1.0,,,,,,,2026-08-28,90.265,93.665,89.05,89.49,2.331123e6,90.778146
2026-08-28T20:30:56.262,2,0,INTC260828C00082000,INTC,2026-08-28,call,82.0,6.29,330.0,8.65,213.0,7.470000000000001,7.6,1.0,,,,,,,2026-08-28,90.265,93.665,89.05,89.49,2.331123e6,90.778146
2026-08-28T20:30:56.262,2,0,INTC260828C00083000,INTC,2026-08-28,call,83.0,6.14,151.0,7.58,493.0,6.859999999999999,6.7,2.0,,,,,,,2026-08-28,90.265,93.665,89.05,89.49,2.331123e6,90.778146
2026-08-28T20:30:56.262,2,0,INTC260828C00084000,INTC,2026-08-28,call,84.0,5.12,512.0,6.75,1036.0,5.9350000000000005,5.54,1.0,,,,,,,2026-08-28,90.265,93.665,89.05,89.49,2.331123e6,90.778146
2026-08-28T20:30:56.262,2,0,INTC260828C00085000,INTC,2026-08-28,call,85.0,4.34,119.0,5.18,859.0,4.76,4.85,10.0,,,,,,,2026-08-28,90.265,93.665,89.05,89.49,2.331123e6,90.778146
2026-08-28T20:30:56.262,2,0,INTC260828C00086000,INTC,2026-08-28,call,86.0,3.2,138.0,3.53,133.0,3.365,3.53,1.0,,,,,,,2026-08-28,90.265,93.665,89.05,89.49,2.331123e6,90.778146
2026-08-28T20:30:56.262,2,0,INTC260828C00087000,INTC,2026-08-28,call,87.0,2.33,136.0,2.7,294.0,2.515,2.5,13.0,,,,,,,2026-08-28,90.265,93.665,89.05,89.49,2.331123e6,90.778146
2026-08-28T20:30:56.262,2,0,INTC260828C00088000,INTC,2026-08-28,call,88.0,1.18,569.0,1.64,162.0,1.41,1.51,1.0,,,,,,,2026-08-28,90.265,93.665,89.05,89.49,2.331123e6,90.778146
2026-08-28T20:30:56.262,2,0,INTC260828C00089000,INTC,2026-08-28,call,89.0,0.03,608.0,0.98,809.0,0.505,0.49,1.0,,,,,,,2026-08-28,90.265,93.665,89.05,89.49,2.331123e6,90.778146
2026-08-28T20:30:56.262,2,0,INTC260828C00090000,INTC,2026-08-28,call,90.0,0.03,88.0,0.04,5.0,0.035,0.03,1.0,,,,,,,2026-08-28,90.265,93.665,89.05,89.49,2.331123e6,90.778146
2026-08-28T20:30:56.262,2,0,INTC260828C00091000,INTC,2026-08-28,call,91.0,0.0,0.0,0.03,354.0,0.015,0.01,1.0,,,,,,,2026-08-28,90.265,93.665,89.05,89.49,2.331123e6,90.778146
2026-08-28T20:30:56.262,2,0,INTC260828C00092000,INTC,2026-08-28,call,92.0,0.0,0.0,0.01,274.0,0.005,0.01,5.0,,,,,,,2026-08-28,90.265,93.665,89.05,89.49,2.331123e6,90.778146
2026-08-28T20:30:56.262,2,0,INTC260828C00092500,INTC,2026-08-28,call,92.5,0.0,0.0,0.03,101.0,0.015,0.01,2.0,,,,,,,2026-08-28,90.265,93.665,89.05,89.49,2.331123e6,90.778146
2026-08-28T20:30:56.262,2,0,INTC260828C00093000,INTC,2026-08-28,call,93.0,0.0,0.0,0.01,222.0,0.005,0.01,1.0,,,,,,,2026-08-28,90.265,93.665,89.05,89.49,2.331123e6,90.778146
2026-08-28T20:30:56.262,2,0,INTC260828C00094000,INTC,2026-08-28,call,94.0,0.0,0.0,0.03,407.0,0.015,0.01,1.0,,,,,,,2026-08-28,90.265,93.665,89.05,89.49,2.331123e6,90.778146
2026-08-28T20:30:56.262,2,0,INTC260828C00095000,INTC,2026-08-28,call,95.0,0.0,0.0,0.01,374.0,0.005,0.01,1.0,,,,,,,2026-08-28,90.265,93.665,89.05,89.49,2.331123e6,90.778146
2026-08-28T20:30:56.262,2,0,INTC260828C00096000,INTC,2026-08-28,call,96.0,0.0,0.0,0.01,100.0,0.005,0.01,5.0,,,,,,,2026-08-28,90.265,93.665,89.05,89.49,2.331123e6,90.778146
2026-08-28T20:30:56.262,2,0,INTC260828C00097000,INTC,2026-08-28,call,97.0,0.0,0.0,0.01,15.0,0.005,0.01,1.0,,,,,,,2026-08-28,90.265,93.665,89.05,89.49,2.331123e6,90.778146
2026-08-28T20:30:56.262,2,0,INTC260828C00098000,INTC,2026-08-28,call,98.0,0.0,0.0,0.01,37.0,0.005,0.01,1.0,,,,,,,2026-08-28,90.265,93.665,89.05,89.49,2.331123e6,90.778146
2026-08-28T20:30:56.262,2,0,INTC260828C00099000,INTC,2026-08-28,call,99.0,0.0,0.0,0.01,20.0,0.005,0.01,1.0,,,,,,,2026-08-28,90.265,93.665,89.05,89.49,2.331123e6,90.778146
2026-08-28T20:30:56.262,2,0,INTC260828C00100000,INTC,2026-08-28,call,100.0,0.0,0.0,0.03,354.0,0.015,0.01,1.0,,,,,,,2026-08-28,90.265,93.665,89.05,89.49,2.331123e6,90.778146
2026-08-28T20:30:56.262,2,0,INTC260828C00101000,INTC,2026-08-28,call,101.0,0.0,0.0,0.03,101.0,0.015,0.01,1.0,,,,,,,2026-08-28,90.265,93.665,89.05,89.49,2.331123e6,90.778146
2026-08-28T20:30:56.262,2,0,INTC260828C00102000,INTC,2026-08-28,call,102.0,0.0,0.0,0.03,13.0,0.015,0.01,10.0,,,,,,,2026-08-28,90.265,93.665,89.05,89.49,2.331123e6,90.778146
2026-08-28T20:30:56.262,2,0,INTC260828C00103000,INTC,2026-08-28,call,103.0,0.0,0.0,0.01,31.0,0.005,0.01,1.0,,,,,,,2026-08-28,90.265,93.665,89.05,89.49,2.331123e6,90.778146
2026-08-28T20:30:56.262,2,0,INTC260828C00104000,INTC,2026-08-28,call,104.0,0.0,0.0,0.03,24.0,0.015,0.02,1.0,,,,,,,2026-08-28,90.265,93.665,89.05,89.49,2.331123e6,90.778146
2026-08-28T20:30:56.262,2,0,INTC260828C00105000,INTC,2026-08-28,call,105.0,0.0,0.0,0.03,482.0,0.015,0.01,4.0,,,,,,,2026-08-28,90.265,93.665,89.05,89.49,2.331123e6,90.778146
2026-08-28T20:30:56.262,2,0,INTC260828C00106000,INTC,2026-08-28,call,106.0,0.0,0.0,0.01,25.0,0.005,0.01,1.0,,,,,,,2026-08-28,90.265,93.665,89.05,89.49,2.331123e6,90.778146
2026-08-28T20:30:56.262,2,0,INTC260828C00107000,INTC,2026-08-28,call,107.0,0.0,0.0,0.03,175.0,0.015,0.01,2.0,,,,,,,2026-08-28,90.265,93.665,89.05,89.49,2.331123e6,90.778146
2026-08-28T20:30:56.262,2,0,INTC260828C00108000,INTC,2026-08-28,call,108.0,0.0,0.0,0.01,50.0,0.005,0.01,1.0,,,,,,,2026-08-28,90.265,93.665,89.05,89.49,2.331123e6,90.778146
2026-08-28T20:30:56.262,2,0,INTC260828C00109000,INTC,2026-08-28,call,109.0,0.0,0.0,0.03,10.0,0.015,0.01,1.0,,,,,,,2026-08-28,90.265,93.665,89.05,89.49,2.331123e6,90.778146
2026-08-28T20:30:56.262,2,0,INTC260828C00110000,INTC,2026-08-28,call,110.0,0.0,0.0,0.03,253.0,0.015,0.01,2.0,,,,,,,2026-08-28,90.265,93.665,89.05,89.49,2.331123e6,90.778146
2026-08-28T20:30:56.262,2,0,INTC260828C00111000,INTC,2026-08-28,call,111.0,0.0,0.0,0.03,1.0,0.015,0.01,2.0,,,,,,,2026-08-28,90.265,93.665,89.05,89.49,2.331123e6,90.778146
2026-08-28T20:30:56.262,2,0,INTC260828C00112000,INTC,2026-08-28,call,112.0,0.0,0.0,0.03,68.0,0.015,0.01,1.0,,,,,,,2026-08-28,90.265,93.665,89.05,89.49,2.331123e6,90.778146
2026-08-28T20:30:56.262,2,0,INTC260828C00113000,INTC,2026-08-28,call,113.0,0.0,0.0,0.01,8.0,0.005,0.03,3.0,,,,,,,2026-08-28,90.265,93.665,89.05,89.49,2.331123e6,90.778146
2026-08-28T20:30:56.262,2,0,INTC260828C00114000,INTC,2026-08-28,call,114.0,0.0,0.0,1.34,7.0,0.67,0.01,1.0,,,,,,,2026-08-28,90.265,93.665,89.05,89.49,2.331123e6,90.778146
2026-08-28T20:30:56.262,2,0,INTC260828C00115000,INTC,2026-08-28,call,115.0,0.0,0.0,0.03,302.0,0.015,0.01,1.0,,,,,,,2026-08-28,90.265,93.665,89.05,89.49,2.331123e6,90.778146
2026-08-28T20:30:56.262,2,0,INTC260828C00116000,INTC,2026-08-28,call,116.0,0.0,0.0,0.52,26.0,0.26,0.03,1.0,,,,,,,2026-08-28,90.265,93.665,89.05,89.49,2.331123e6,90.778146
2026-08-28T20:30:56.262,2,0,INTC260828C00117000,INTC,2026-08-28,call,117.0,0.0,0.0,0.01,1.0,0.005,0.01,1.0,,,,,,,2026-08-28,90.265,93.665,89.05,89.49,2.331123e6,90.778146
2026-08-28T20:30:56.262,2,0,INTC260828C00118000,INTC,2026-08-28,call,118.0,0.0,0.0,0.03,6.0,0.015,0.01,1.0,,,,,,,2026-08-28,90.265,93.665,89.05,89.49,2.331123e6,90.778146
2026-08-28T20:30:56.262,2,0,INTC260828C00119000,INTC,2026-08-28,call,119.0,0.0,0.0,0.01,6.0,0.005,0.01,1.0,,,,,,,2026-08-28,90.265,93.665,89.05,89.49,2.331123e6,90.778146
2026-08-28T20:30:56.262,2,0,INTC260828C00120000,INTC,2026-08-28,call,120.0,0.0,0.0,0.01,120.0,0.005,0.01,18.0,,,,,,,2026-08-28,90.265,93.665,89.05,89.49,2.331123e6,90.778146
2026-08-28T20:30:56.262,2,0,INTC260828C00121000,INTC,2026-08-28,call,121.0,0.0,0.0,0.03,200.0,0.015,0.01,5.0,,,,,,,2026-08-28,90.265,93.665,89.05,89.49,2.331123e6,90.778146
2026-08-28T20:30:56.262,2,0,INTC260828C00122000,INTC,2026-08-28,call,122.0,0.0,0.0,1.31,370.0,0.655,0.01,1.0,,,,,,,2026-08-28,90.265,93.665,89.05,89.49,2.331123e6,90.778146
2026-08-28T20:30:56.262,2,0,INTC260828C00123000,INTC,2026-08-28,call,123.0,0.0,0.0,0.24,152.0,0.12,0.02,2.0,,,,,,,2026-08-28,90.265,93.665,89.05,89.49,2.331123e6,90.778146
2026-08-28T20:30:56.262,2,0,INTC260828C00124000,INTC,2026-08-28,call,124.0,0.0,0.0,0.65,356.0,0.325,0.02,1.0,,,,,,,2026-08-28,90.265,93.665,89.05,89.49,2.331123e6,90.778146
2026-08-28T20:30:56.262,2,0,INTC260828C00125000,INTC,2026-08-28,call,125.0,0.0,0.0,0.01,50.0,0.005,0.01,48.0,,,,,,,2026-08-28,90.265,93.665,89.05,89.49,2.331123e6,90.778146
2026-08-28T20:30:56.262,2,0,INTC260828C00126000,INTC,2026-08-28,call,126.0,0.0,0.0,0.69,5.0,0.345,0.06,1.0,,,,,,,2026-08-28,90.265,93.665,89.05,89.49,2.331123e6,90.778146
2026-08-28T20:30:56.262,2,0,INTC260828C00127000,INTC,2026-08-28,call,127.0,0.0,0.0,0.01,10.0,0.005,0.01,1.0,,,,,,,2026-08-28,90.265,93.665,89.05,89.49,2.331123e6,90.778146
2026-08-28T20:30:56.262,2,0,INTC260828C00128000,INTC,2026-08-28,call,128.0,0.0,0.0,1.96,1.0,0.98,0.03,2.0,,,,,,,2026-08-28,90.265,93.665,89.05,89.49,2.331123e6,90.778146
2026-08-28T20:30:56.262,2,0,INTC260828C00129000,INTC,2026-08-28,call,129.0,0.0,0.0,1.96,1.0,0.98,0.02,2.0,,,,,,,2026-08-28,90.265,93.665,89.05,89.49,2.331123e6,90.778146
2026-08-28T20:30:56.262,2,0,INTC260828C00130000,INTC,2026-08-28,call,130.0,0.0,0.0,0.01,744.0,0.005,0.01,1.0,,,,,,,2026-08-28,90.265,93.665,89.05,89.49,2.331123e6,90.778146
2026-08-28T20:30:56.262,2,0,INTC260828C00131000,INTC,2026-08-28,call,131.0,0.0,0.0,0.15,117.0,0.075,0.02,1.0,,,,,,,2026-08-28,90.265,93.665,89.05,89.49,2.331123e6,90.778146
2026-08-28T20:30:56.262,2,0,INTC260828C00132000,INTC,2026-08-28,call,132.0,0.0,0.0,0.9,347.0,0.45,0.07,1.0,,,,,,,2026-08-28,90.265,93.665,89.05,89.49,2.331123e6,90.778146
2026-08-28T20:30:56.262,2,0,INTC260828C00133000,INTC,2026-08-28,call,133.0,0.0,0.0,0.06,1.0,0.03,0.02,1.0,,,,,,,2026-08-28,90.265,93.665,89.05,89.49,2.331123e6,90.778146
2026-08-28T20:30:56.262,2,0,INTC260828C00134000,INTC,2026-08-28,call,134.0,0.0,0.0,0.98,27.0,0.49,0.03,25.0,,,,,,,2026-08-28,90.265,93.665,89.05,89.49,2.331123e6,90.778146
2026-08-28T20:30:56.262,2,0,INTC260828C00135000,INTC,2026-08-28,call,135.0,0.0,0.0,0.01,50.0,0.005,0.01,5.0,,,,,,,2026-08-28,90.265,93.665,89.05,89.49,2.331123e6,90.778146
2026-08-28T20:30:56.262,2,0,INTC260828C00136000,INTC,2026-08-28,call,136.0,0.0,0.0,0.48,4.0,0.24,0.08,1.0,,,,,,,2026-08-28,90.265,93.665,89.05,89.49,2.331123e6,90.778146
2026-08-28T20:30:56.262,2,0,INTC260828C00137000,INTC,2026-08-28,call,137.0,0.0,0.0,1.92,2.0,0.96,0.05,1.0,,,,,,,2026-08-28,90.265,93.665,89.05,89.49,2.331123e6,90.778146
2026-08-28T20:30:56.262,2,0,INTC260828C00138000,INTC,2026-08-28,call,138.0,0.0,0.0,1.98,5.0,0.99,0.01,1.0,,,,,,,2026-08-28,90.265,93.665,89.05,89.49,2.331123e6,90.778146
2026-08-28T20:30:56.262,2,0,INTC260828C00139000,INTC,2026-08-28,call,139.0,0.0,0.0,0.04,1.0,0.02,0.06,1.0,,,,,,,2026-08-28,90.265,93.665,89.05,89.49,2.331123e6,90.778146
2026-08-28T20:30:56.262,2,0,INTC260828C00140000,INTC,2026-08-28,call,140.0,0.0,0.0,0.01,2005.0,0.005,0.01,1.0,,,,,,,2026-08-28,90.265,93.665,89.05,89.49,2.331123e6,90.778146
2026-08-28T20:30:56.262,2,0,INTC260828C00141000,INTC,2026-08-28,call,141.0,0.0,0.0,1.9,2.0,0.95,0.1,1.0,,,,,,,2026-08-28,90.265,93.665,89.05,89.49,2.331123e6,90.778146
2026-08-28T20:30:56.262,2,0,INTC260828C00142000,INTC,2026-08-28,call,142.0,0.0,0.0,0.08,11.0,0.04,0.05,1.0,,,,,,,2026-08-28,90.265,93.665,89.05,89.49,2.331123e6,90.778146
2026-08-28T20:30:56.262,2,0,INTC260828C00143000,INTC,2026-08-28,call,143.0,0.0,0.0,0.22,2.0,0.11,0.08,1.0,,,,,,,2026-08-28,90.265,93.665,89.05,89.49,2.331123e6,90.778146
2026-08-28T20:30:56.262,2,0,INTC260828C00144000,INTC,2026-08-28,call,144.0,0.0,0.0,0.17,2.0,0.085,0.05,1.0,,,,,,,2026-08-28,90.265,93.665,89.05,89.49,2.331123e6,90.778146
2026-08-28T20:30:56.262,2,0,INTC260828C00145000,INTC,2026-08-28,call,145.0,0.0,0.0,0.01,1995.0,0.005,0.03,1.0,,,,,,,2026-08-28,90.265,93.665,89.05,89.49,2.331123e6,90.778146
2026-08-28T20:30:56.262,2,0,INTC260828C00146000,INTC,2026-08-28,call,146.0,0.0,0.0,0.23,1.0,0.115,0.01,15.0,,,,,,,2026-08-28,90.265,93.665,89.05,89.49,2.331123e6,90.778146
2026-08-28T20:30:56.262,2,0,INTC260828C00147000,INTC,2026-08-28,call,147.0,0.0,0.0,0.03,1000.0,0.015,0.03,1.0,,,,,,,2026-08-28,90.265,93.665,89.05,89.49,2.331123e6,90.778146
2026-08-28T20:30:56.262,2,0,INTC260828C00148000,INTC,2026-08-28,call,148.0,0.0,0.0,0.01,1000.0,0.005,0.01,5.0,,,,,,,2026-08-28,90.265,93.665,89.05,89.49,2.331123e6,90.778146
2026-08-28T20:30:56.262,2,0,INTC260828C00149000,INTC,2026-08-28,call,149.0,0.0,0.0,0.01,1000.0,0.005,0.01,1.0,,,,,,,2026-08-28,90.265,93.665,89.05,89.49,2.331123e6,90.778146
2026-08-28T20:30:56.262,2,0,INTC260828C00150000,INTC,2026-08-28,call,150.0,0.0,0.0,0.03,1246.0,0.015,0.01,7.0,,,,,,,2026-08-28,90.265,93.665,89.05,89.49,2.331123e6,90.778146
2026-08-28T20:30:56.262,2,0,INTC260828C00155000,INTC,2026-08-28,call,155.0,0.0,0.0,0.03,990.0,0.015,0.01,1.0,,,,,,,2026-08-28,90.265,93.665,89.05,89.49,2.331123e6,90.778146
2026-08-28T20:30:56.262,2,0,INTC260828C00160000,INTC,2026-08-28,call,160.0,0.0,0.0,0.12,7.0,0.06,0.02,1.0,,,,,,,2026-08-28,90.265,93.665,89.05,89.49,2.331123e6,90.778146
2026-08-28T20:30:56.262,2,0,INTC260828C00165000,INTC,2026-08-28,call,165.0,0.0,0.0,0.08,4.0,0.04,0.01,1.0,,,,,,,2026-08-28,90.265,93.665,89.05,89.49,2.331123e6,90.778146
2026-08-28T20:30:56.262,2,0,INTC260828C00170000,INTC,2026-08-28,call,170.0,0.0,0.0,0.01,1.0,0.005,0.01,5.0,,,,,,,2026-08-28,90.265,93.665,89.05,89.49,2.331123e6,90.778146
2026-08-28T20:30:56.262,2,0,INTC260828C00175000,INTC,2026-08-28,call,175.0,0.0,0.0,0.01,998.0,0.005,0.01,1.0,,,,,,,2026-08-28,90.265,93.665,89.05,89.49,2.331123e6,90.778146
2026-08-28T20:30:56.262,2,0,INTC260828P00045000,INTC,2026-08-28,put,45.0,0.0,0.0,0.01,1000.0,0.005,0.01,1.0,,,,,,,2026-08-28,90.265,93.665,89.05,89.49,2.331123e6,90.778146
2026-08-28T20:30:56.262,2,0,INTC260828P00050000,INTC,2026-08-28,put,50.0,0.0,0.0,0.01,50.0,0.005,0.03,2.0,,,,,,,2026-08-28,90.265,93.665,89.05,89.49,2.331123e6,90.778146
2026-08-28T20:30:56.262,2,0,INTC260828P00055000,INTC,2026-08-28,put,55.0,0.0,0.0,0.03,50.0,0.015,0.01,2.0,,,,,,,2026-08-28,90.265,93.665,89.05,89.49,2.331123e6,90.778146
2026-08-28T20:30:56.262,2,0,INTC260828P00060000,INTC,2026-08-28,put,60.0,0.0,0.0,0.01,45.0,0.005,0.01,1.0,,,,,,,2026-08-28,90.265,93.665,89.05,89.49,2.331123e6,90.778146
2026-08-28T20:30:56.262,2,0,INTC260828P00065000,INTC,2026-08-28,put,65.0,0.0,0.0,0.03,50.0,0.015,0.01,1.0,,,,,,,2026-08-28,90.265,93.665,89.05,89.49,2.331123e6,90.778146
2026-08-28T20:30:56.262,2,0,INTC260828P00070000,INTC,2026-08-28,put,70.0,0.0,0.0,0.03,57.0,0.015,0.01,40.0,,,,,,,2026-08-28,90.265,93.665,89.05,89.49,2.331123e6,90.778146
2026-08-28T20:30:56.262,2,0,INTC260828P00073000,INTC,2026-08-28,put,73.0,0.0,0.0,0.01,104.0,0.005,0.01,2.0,,,,,,,2026-08-28,90.265,93.665,89.05,89.49,2.331123e6,90.778146
2026-08-28T20:30:56.262,2,0,INTC260828P00074000,INTC,2026-08-28,put,74.0,0.0,0.0,0.01,25.0,0.005,0.01,1.0,,,,,,,2026-08-28,90.265,93.665,89.05,89.49,2.331123e6,90.778146
2026-08-28T20:30:56.262,2,0,INTC260828P00075000,INTC,2026-08-28,put,75.0,0.0,0.0,0.03,50.0,0.015,0.01,8.0,,,,,,,2026-08-28,90.265,93.665,89.05,89.49,2.331123e6,90.778146
2026-08-28T20:30:56.262,2,0,INTC260828P00076000,INTC,2026-08-28,put,76.0,0.0,0.0,0.01,200.0,0.005,0.01,16.0,,,,,,,2026-08-28,90.265,93.665,89.05,89.49,2.331123e6,90.778146
2026-08-28T20:30:56.262,2,0,INTC260828P00077000,INTC,2026-08-28,put,77.0,0.0,0.0,0.01,20.0,0.005,0.01,1.0,,,,,,,2026-08-28,90.265,93.665,89.05,89.49,2.331123e6,90.778146
2026-08-28T20:30:56.262,2,0,INTC260828P00078000,INTC,2026-08-28,put,78.0,0.0,0.0,0.01,1.0,0.005,0.01,1.0,,,,,,,2026-08-28,90.265,93.665,89.05,89.49,2.331123e6,90.778146
2026-08-28T20:30:56.262,2,0,INTC260828P00079000,INTC,2026-08-28,put,79.0,0.0,0.0,0.01,2.0,0.005,0.01,1.0,,,,,,,2026-08-28,90.265,93.665,89.05,89.49,2.331123e6,90.778146
2026-08-28T20:30:56.262,2,0,INTC260828P00080000,INTC,2026-08-28,put,80.0,0.0,0.0,0.01,88.0,0.005,0.01,2.0,,,,,,,2026-08-28,90.265,93.665,89.05,89.49,2.331123e6,90.778146
2026-08-28T20:30:56.262,2,0,INTC260828P00081000,INTC,2026-08-28,put,81.0,0.0,0.0,0.01,25.0,0.005,0.01,5.0,,,,,,,2026-08-28,90.265,93.665,89.05,89.49,2.331123e6,90.778146
2026-08-28T20:30:56.262,2,0,INTC260828P00082000,INTC,2026-08-28,put,82.0,0.0,0.0,0.03,25.0,0.015,0.01,1.0,,,,,,,2026-08-28,90.265,93.665,89.05,89.49,2.331123e6,90.778146
2026-08-28T20:30:56.262,2,0,INTC260828P00083000,INTC,2026-08-28,put,83.0,0.0,0.0,0.01,10.0,0.005,0.01,5.0,,,,,,,2026-08-28,90.265,93.665,89.05,89.49,2.331123e6,90.778146
2026-08-28T20:30:56.262,2,0,INTC260828P00084000,INTC,2026-08-28,put,84.0,0.0,0.0,0.03,10.0,0.015,0.01,1.0,,,,,,,2026-08-28,90.265,93.665,89.05,89.49,2.331123e6,90.778146
2026-08-28T20:30:56.262,2,0,INTC260828P00085000,INTC,2026-08-28,put,85.0,0.0,0.0,0.01,7.0,0.005,0.01,3.0,,,,,,,2026-08-28,90.265,93.665,89.05,89.49,2.331123e6,90.778146
2026-08-28T20:30:56.262,2,0,INTC260828P00086000,INTC,2026-08-28,put,86.0,0.0,0.0,0.03,50.0,0.015,0.02,10.0,,,,,,,2026-08-28,90.265,93.665,89.05,89.49,2.331123e6,90.778146
2026-08-28T20:30:56.262,2,0,INTC260828P00087000,INTC,2026-08-28,put,87.0,0.0,0.0,0.01,44.0,0.005,0.01,1.0,,,,,,,2026-08-28,90.265,93.665,89.05,89.49,2.331123e6,90.778146
2026-08-28T20:30:56.262,2,0,INTC260828P00088000,INTC,2026-08-28,put,88.0,0.0,0.0,0.01,10.0,0.005,0.01,1.0,,,,,,,2026-08-28,90.265,93.665,89.05,89.49,2.331123e6,90.778146
2026-08-28T20:30:56.262,2,0,INTC260828P00089000,INTC,2026-08-28,put,89.0,0.03,115.0,0.05,293.0,0.04,0.03,6.0,,,,,,,2026-08-28,90.265,93.665,89.05,89.49,2.331123e6,90.778146
2026-08-28T20:30:56.262,2,0,INTC260828P00090000,INTC,2026-08-28,put,90.0,0.46,31.0,0.72,133.0,0.59,0.62,1.0,,,,,,,2026-08-28,90.265,93.665,89.05,89.49,2.331123e6,90.778146
2026-08-28T20:30:56.262,2,0,INTC260828P00091000,INTC,2026-08-28,put,91.0,1.18,524.0,1.89,335.0,1.535,1.52,1.0,,,,,,,2026-08-28,90.265,93.665,89.05,89.49,2.331123e6,90.778146
2026-08-28T20:30:56.262,2,0,INTC260828P00092000,INTC,2026-08-28,put,92.0,2.42,78.0,2.86,332.0,2.6399999999999997,2.6,1.0,,,,,,,2026-08-28,90.265,93.665,89.05,89.49,2.331123e6,90.778146
2026-08-28T20:30:56.262,2,0,INTC260828P00092500,INTC,2026-08-28,put,92.5,1.8,700.0,3.27,139.0,2.535,3.15,1.0,,,,,,,2026-08-28,90.265,93.665,89.05,89.49,2.331123e6,90.778146
2026-08-28T20:30:56.262,2,0,INTC260828P00093000,INTC,2026-08-28,put,93.0,2.92,598.0,3.82,140.0,3.37,3.55,1.0,,,,,,,2026-08-28,90.265,93.665,89.05,89.49,2.331123e6,90.778146
2026-08-28T20:30:56.262,2,0,INTC260828P00094000,INTC,2026-08-28,put,94.0,3.87,873.0,4.82,253.0,4.345000000000001,4.32,1.0,,,,,,,2026-08-28,90.265,93.665,89.05,89.49,2.331123e6,90.778146
2026-08-28T20:30:56.262,2,0,INTC260828P00095000,INTC,2026-08-28,put,95.0,5.32,218.0,5.85,160.0,5.585,5.52,1.0,,,,,,,2026-08-28,90.265,93.665,89.05,89.49,2.331123e6,90.778146
2026-08-28T20:30:56.262,2,0,INTC260828P00096000,INTC,2026-08-28,put,96.0,6.52,82.0,6.87,146.0,6.695,6.6,1.0,,,,,,,2026-08-28,90.265,93.665,89.05,89.49,2.331123e6,90.778146
2026-08-28T20:30:56.262,2,0,INTC260828P00097000,INTC,2026-08-28,put,97.0,6.66,434.0,7.8,145.0,7.23,7.33,49.0,,,,,,,2026-08-28,90.265,93.665,89.05,89.49,2.331123e6,90.778146
2026-08-28T20:30:56.262,2,0,INTC260828P00098000,INTC,2026-08-28,put,98.0,8.32,207.0,9.57,739.0,8.945,8.5,1.0,,,,,,,2026-08-28,90.265,93.665,89.05,89.49,2.331123e6,90.778146
2026-08-28T20:30:56.262,2,0,INTC260828P00099000,INTC,2026-08-28,put,99.0,9.41,87.0,10.5,581.0,9.955,9.5,7.0,,,,,,,2026-08-28,90.265,93.665,89.05,89.49,2.331123e6,90.778146
2026-08-28T20:30:56.262,2,0,INTC260828P00100000,INTC,2026-08-28,put,100.0,9.85,651.0,11.61,885.0,10.73,10.45,1.0,,,,,,,2026-08-28,90.265,93.665,89.05,89.49,2.331123e6,90.778146
2026-08-28T20:30:56.262,2,0,INTC260828P00101000,INTC,2026-08-28,put,101.0,11.08,79.0,12.37,79.0,11.725,11.75,2.0,,,,,,,2026-08-28,90.265,93.665,89.05,89.49,2.331123e6,90.778146
2026-08-28T20:30:56.262,2,0,INTC260828P00102000,INTC,2026-08-28,put,102.0,11.55,84.0,14.14,87.0,12.845,10.59,9.0,,,,,,,2026-08-28,90.265,93.665,89.05,89.49,2.331123e6,90.778146
2026-08-28T20:30:56.262,2,0,INTC260828P00103000,INTC,2026-08-28,put,103.0,12.69,176.0,14.99,561.0,13.84,10.83,3.0,,,,,,,2026-08-28,90.265,93.665,89.05,89.49,2.331123e6,90.778146
2026-08-28T20:30:56.262,2,0,INTC260828P00104000,INTC,2026-08-28,put,104.0,13.45,91.0,15.7,91.0,14.575,12.0,1.0,,,,,,,2026-08-28,90.265,93.665,89.05,89.49,2.331123e6,90.778146
2026-08-28T20:30:56.262,2,0,INTC260828P00105000,INTC,2026-08-28,put,105.0,14.28,129.0,17.33,127.0,15.805,15.22,5.0,,,,,,,2026-08-28,90.265,93.665,89.05,89.49,2.331123e6,90.778146
2026-08-28T20:30:56.262,2,0,INTC260828P00106000,INTC,2026-08-28,put,106.0,14.95,51.0,18.44,34.0,16.695,16.45,152.0,,,,,,,2026-08-28,90.265,93.665,89.05,89.49,2.331123e6,90.778146
2026-08-28T20:30:56.262,2,0,INTC260828P00107000,INTC,2026-08-28,put,107.0,15.84,44.0,19.31,24.0,17.575,15.81,84.0,,,,,,,2026-08-28,90.265,93.665,89.05,89.49,2.331123e6,90.778146
2026-08-28T20:30:56.262,2,0,INTC260828P00108000,INTC,2026-08-28,put,108.0,16.32,36.0,19.46,25.0,17.89,18.8,2.0,,,,,,,2026-08-28,90.265,93.665,89.05,89.49,2.331123e6,90.778146
2026-08-28T20:30:56.262,2,0,INTC260828P00109000,INTC,2026-08-28,put,109.0,17.84,26.0,20.88,34.0,19.36,20.6,1.0,,,,,,,2026-08-28,90.265,93.665,89.05,89.49,2.331123e6,90.778146
2026-08-28T20:30:56.262,2,0,INTC260828P00110000,INTC,2026-08-28,put,110.0,19.08,70.0,22.01,125.0,20.545,20.37,1.0,,,,,,,2026-08-28,90.265,93.665,89.05,89.49,2.331123e6,90.778146
2026-08-28T20:30:56.262,2,0,INTC260828P00111000,INTC,2026-08-28,put,111.0,20.38,27.0,23.65,63.0,22.015,21.43,2.0,,,,,,,2026-08-28,90.265,93.665,89.05,89.49,2.331123e6,90.778146
2026-08-28T20:30:56.262,2,0,INTC260828P00112000,INTC,2026-08-28,put,112.0,21.57,81.0,24.67,100.0,23.12,22.37,4.0,,,,,,,2026-08-28,90.265,93.665,89.05,89.49,2.331123e6,90.778146
2026-08-28T20:30:56.262,2,0,INTC260828P00113000,INTC,2026-08-28,put,113.0,21.73,42.0,25.42,37.0,23.575000000000003,22.06,1.0,,,,,,,2026-08-28,90.265,93.665,89.05,89.49,2.331123e6,90.778146
2026-08-28T20:30:56.262,2,0,INTC260828P00114000,INTC,2026-08-28,put,114.0,22.88,34.0,26.37,35.0,24.625,26.51,1.0,,,,,,,2026-08-28,90.265,93.665,89.05,89.49,2.331123e6,90.778146
2026-08-28T20:30:56.262,2,0,INTC260828P00115000,INTC,2026-08-28,put,115.0,23.9,29.0,26.02,24.0,24.96,28.6,3.0,,,,,,,2026-08-28,90.265,93.665,89.05,89.49,2.331123e6,90.778146
2026-08-28T20:30:56.262,2,0,INTC260828P00116000,INTC,2026-08-28,put,116.0,25.95,42.0,28.59,51.0,27.27,25.92,1.0,,,,,,,2026-08-28,90.265,93.665,89.05,89.49,2.331123e6,90.778146
2026-08-28T20:30:56.262,2,0,INTC260828P00117000,INTC,2026-08-28,put,117.0,25.73,42.0,28.91,55.0,27.32,13.63,1.0,,,,,,,2026-08-28,90.265,93.665,89.05,89.49,2.331123e6,90.778146
2026-08-28T20:30:56.262,2,0,INTC260828P00118000,INTC,2026-08-28,put,118.0,26.89,42.0,30.25,40.0,28.57,26.1,5.0,,,,,,,2026-08-28,90.265,93.665,89.05,89.49,2.331123e6,90.778146
2026-08-28T20:30:56.262,2,0,INTC260828P00119000,INTC,2026-08-28,put,119.0,28.07,49.0,30.66,41.0,29.365000000000002,26.94,6.0,,,,,,,2026-08-28,90.265,93.665,89.05,89.49,2.331123e6,90.778146
2026-08-28T20:30:56.262,2,0,INTC260828P00120000,INTC,2026-08-28,put,120.0,29.52,42.0,32.39,46.0,30.955,32.5,2.0,,,,,,,2026-08-28,90.265,93.665,89.05,89.49,2.331123e6,90.778146
2026-08-28T20:30:56.262,2,0,INTC260828P00121000,INTC,2026-08-28,put,121.0,29.28,34.0,32.81,38.0,31.045,29.59,2.0,,,,,,,2026-08-28,90.265,93.665,89.05,89.49,2.331123e6,90.778146
2026-08-28T20:30:56.262,2,0,INTC260828P00122000,INTC,2026-08-28,put,122.0,31.17,26.0,33.69,24.0,32.43,30.76,1.0,,,,,,,2026-08-28,90.265,93.665,89.05,89.49,2.331123e6,90.778146
2026-08-28T20:30:56.262,2,0,INTC260828P00123000,INTC,2026-08-28,put,123.0,31.4,41.0,35.02,24.0,33.21,27.03,2.0,,,,,,,2026-08-28,90.265,93.665,89.05,89.49,2.331123e6,90.778146
2026-08-28T20:30:56.262,2,0,INTC260828P00124000,INTC,2026-08-28,put,124.0,33.44,27.0,35.94,27.0,34.69,27.88,1.0,,,,,,,2026-08-28,90.265,93.665,89.05,89.49,2.331123e6,90.778146
2026-08-28T20:30:56.262,2,0,INTC260828P00125000,INTC,2026-08-28,put,125.0,33.43,30.0,36.15,25.0,34.79,39.47,5.0,,,,,,,2026-08-28,90.265,93.665,89.05,89.49,2.331123e6,90.778146
2026-08-28T20:30:56.262,2,0,INTC260828P00126000,INTC,2026-08-28,put,126.0,34.67,36.0,38.51,39.0,36.59,32.87,1.0,,,,,,,2026-08-28,90.265,93.665,89.05,89.49,2.331123e6,90.778146
2026-08-28T20:30:56.262,2,0,INTC260828P00127000,INTC,2026-08-28,put,127.0,35.97,28.0,39.38,38.0,37.675,41.45,1.0,,,,,,,2026-08-28,90.265,93.665,89.05,89.49,2.331123e6,90.778146
2026-08-28T20:30:56.262,2,0,INTC260828P00128000,INTC,2026-08-28,put,128.0,36.8,29.0,40.29,39.0,38.545,42.25,1.0,,,,,,,2026-08-28,90.265,93.665,89.05,89.49,2.331123e6,90.778146
2026-08-28T20:30:56.262,2,0,INTC260828P00129000,INTC,2026-08-28,put,129.0,38.47,42.0,40.92,33.0,39.695,43.28,1.0,,,,,,,2026-08-28,90.265,93.665,89.05,89.49,2.331123e6,90.778146
2026-08-28T20:30:56.262,2,0,INTC260828P00130000,INTC,2026-08-28,put,130.0,39.91,27.0,42.55,34.0,41.23,44.27,1.0,,,,,,,2026-08-28,90.265,93.665,89.05,89.49,2.331123e6,90.778146
2026-08-28T20:30:56.262,2,0,INTC260828P00131000,INTC,2026-08-28,put,131.0,39.9,48.0,43.65,44.0,41.775,45.18,1.0,,,,,,,2026-08-28,90.265,93.665,89.05,89.49,2.331123e6,90.778146
2026-08-28T20:30:56.262,2,0,INTC260828P00132000,INTC,2026-08-28,put,132.0,40.63,45.0,44.37,61.0,42.5,42.42,2.0,,,,,,,2026-08-28,90.265,93.665,89.05,89.49,2.331123e6,90.778146
2026-08-28T20:30:56.262,2,0,INTC260828P00133000,INTC,2026-08-28,put,133.0,42.06,24.0,45.12,34.0,43.59,45.12,1.0,,,,,,,2026-08-28,90.265,93.665,89.05,89.49,2.331123e6,90.778146
2026-08-28T20:30:56.262,2,0,INTC260828P00134000,INTC,2026-08-28,put,134.0,43.22,34.0,46.45,39.0,44.835,47.15,14.0,,,,,,,2026-08-28,90.265,93.665,89.05,89.49,2.331123e6,90.778146
2026-08-28T20:30:56.262,2,0,INTC260828P00135000,INTC,2026-08-28,put,135.0,43.19,24.0,47.04,27.0,45.114999999999995,47.29,1.0,,,,,,,2026-08-28,90.265,93.665,89.05,89.49,2.331123e6,90.778146
2026-08-28T20:30:56.262,2,0,INTC260828P00136000,INTC,2026-08-28,put,136.0,44.39,28.0,48.22,38.0,46.305,46.77,1.0,,,,,,,2026-08-28,90.265,93.665,89.05,89.49,2.331123e6,90.778146
2026-08-28T20:30:56.262,2,0,INTC260828P00137000,INTC,2026-08-28,put,137.0,45.88,24.0,49.53,40.0,47.705,47.7,1.0,,,,,,,2026-08-28,90.265,93.665,89.05,89.49,2.331123e6,90.778146
2026-08-28T20:30:56.262,2,0,INTC260828P00138000,INTC,2026-08-28,put,138.0,47.35,25.0,50.06,42.0,48.705,48.68,1.0,,,,,,,2026-08-28,90.265,93.665,89.05,89.49,2.331123e6,90.778146
2026-08-28T20:30:56.262,2,0,INTC260828P00139000,INTC,2026-08-28,put,139.0,48.39,24.0,52.14,38.0,50.265,49.73,1.0,,,,,,,2026-08-28,90.265,93.665,89.05,89.49,2.331123e6,90.778146
2026-08-28T20:30:56.262,2,0,INTC260828P00140000,INTC,2026-08-28,put,140.0,48.23,24.0,52.32,48.0,50.275,51.97,1.0,,,,,,,2026-08-28,90.265,93.665,89.05,89.49,2.331123e6,90.778146
2026-08-28T20:30:56.262,2,0,INTC260828P00141000,INTC,2026-08-28,put,141.0,50.36,24.0,52.16,39.0,51.26,51.74,1.0,,,,,,,2026-08-28,90.265,93.665,89.05,89.49,2.331123e6,90.778146
2026-08-28T20:30:56.262,2,0,INTC260828P00142000,INTC,2026-08-28,put,142.0,51.41,25.0,54.89,37.0,53.15,52.62,1.0,,,,,,,2026-08-28,90.265,93.665,89.05,89.49,2.331123e6,90.778146
2026-08-28T20:30:56.262,2,0,INTC260828P00143000,INTC,2026-08-28,put,143.0,51.02,23.0,56.15,39.0,53.585,54.07,1.0,,,,,,,2026-08-28,90.265,93.665,89.05,89.49,2.331123e6,90.778146
2026-08-28T20:30:56.262,2,0,INTC260828P00144000,INTC,2026-08-28,put,144.0,52.86,20.0,56.42,45.0,54.64,54.6,1.0,,,,,,,2026-08-28,90.265,93.665,89.05,89.49,2.331123e6,90.778146
2026-08-28T20:30:56.262,2,0,INTC260828P00145000,INTC,2026-08-28,put,145.0,53.44,24.0,58.3,27.0,55.87,57.4,1.0,,,,,,,2026-08-28,90.265,93.665,89.05,89.49,2.331123e6,90.778146
2026-08-28T20:30:56.262,2,0,INTC260828P00146000,INTC,2026-08-28,put,146.0,56.37,24.0,58.93,49.0,57.65,59.14,1.0,,,,,,,2026-08-28,90.265,93.665,89.05,89.49,2.331123e6,90.778146
2026-08-28T20:30:56.262,2,0,INTC260828P00147000,INTC,2026-08-28,put,147.0,56.11,20.0,58.81,32.0,57.46,59.53,1.0,,,,,,,2026-08-28,90.265,93.665,89.05,89.49,2.331123e6,90.778146
2026-08-28T20:30:56.262,2,0,INTC260828P00148000,INTC,2026-08-28,put,148.0,55.81,21.0,59.4,41.0,57.605000000000004,60.62,1.0,,,,,,,2026-08-28,90.265,93.665,89.05,89.49,2.331123e6,90.778146
2026-08-28T20:30:56.262,2,0,INTC260828P00149000,INTC,2026-08-28,put,149.0,58.02,18.0,60.38,42.0,59.2,61.43,1.0,,,,,,,2026-08-28,90.265,93.665,89.05,89.49,2.331123e6,90.778146
2026-08-28T20:30:56.262,2,0,INTC260828P00150000,INTC,2026-08-28,put,150.0,60.05,35.0,61.33,50.0,60.69,61.0,15.0,,,,,,,2026-08-28,90.265,93.665,89.05,89.49,2.331123e6,90.778146
2026-08-28T20:30:56.262,2,0,INTC260828P00155000,INTC,2026-08-28,put,155.0,65.099,23.0,67.38,48.0,66.23949999999999,,,,,,,,,2026-08-28,90.265,93.665,89.05,89.49,2.331123e6,90.778146
2026-08-28T20:30:56.262,2,0,INTC260828P00160000,INTC,2026-08-28,put,160.0,67.65,22.0,71.96,42.0,69.805,,,,,,,,,2026-08-28,90.265,93.665,89.05,89.49,2.331123e6,90.778146
2026-08-28T20:30:56.262,2,0,INTC260828P00165000,INTC,2026-08-28,put,165.0,73.27,24.0,76.02,24.0,74.645,,,,,,,,,2026-08-28,90.265,93.665,89.05,89.49,2.331123e6,90.778146
2026-08-28T20:30:56.262,2,0,INTC260828P00170000,INTC,2026-08-28,put,170.0,78.7,24.0,81.94,48.0,80.32,,,,,,,,,2026-08-28,90.265,93.665,89.05,89.49,2.331123e6,90.778146
2026-08-28T20:30:56.262,2,0,INTC260828P00175000,INTC,2026-08-28,put,175.0,83.76,24.0,85.5,24.0,84.63,,,,,,,,,2026-08-28,90.265,93.665,89.05,89.49,2.331123e6,90.778146
2026-08-28T20:30:56.262,2,3,INTC260831C00055000,INTC,2026-08-31,call,55.0,32.72,27.0,36.13,8.0,34.425,34.77,1.0,,,,,,,2026-08-28,90.265,93.665,89.05,89.49,2.331123e6,90.778146
2026-08-28T20:30:56.262,2,3,INTC260831C00060000,INTC,2026-08-31,call,60.0,28.42,47.0,30.94,7.0,29.68,29.96,1.0,,,,,,,2026-08-28,90.265,93.665,89.05,89.49,2.331123e6,90.778146
2026-08-28T20:30:56.262,2,3,INTC260831C00065000,INTC,2026-08-31,call,65.0,23.43,106.0,26.15,95.0,24.79,24.6,1.0,,,,,,,2026-08-28,90.265,93.665,89.05,89.49,2.331123e6,90.778146
2026-08-28T20:30:56.262,2,3,INTC260831C00070000,INTC,2026-08-31,call,70.0,19.09,68.0,21.11,65.0,20.1,19.8,1.0,,,,,,,2026-08-28,90.265,93.665,89.05,89.49,2.331123e6,90.778146
2026-08-28T20:30:56.262,2,3,INTC260831C00074000,INTC,2026-08-31,call,74.0,14.09,48.0,17.06,31.0,15.575,15.46,3.0,,,,,,,2026-08-28,90.265,93.665,89.05,89.49,2.331123e6,90.778146
2026-08-28T20:30:56.262,2,3,INTC260831C00075000,INTC,2026-08-31,call,75.0,13.01,70.0,16.32,32.0,14.665,14.27,1.0,,,,,,,2026-08-28,90.265,93.665,89.05,89.49,2.331123e6,90.778146
2026-08-28T20:30:56.262,2,3,INTC260831C00076000,INTC,2026-08-31,call,76.0,11.79,47.0,15.03,25.0,13.41,13.28,1.0,0.6868,0.9959,0.0022,-0.0189,0.001,0.0062,2026-08-28,90.265,93.665,89.05,89.49,2.331123e6,90.778146
2026-08-28T20:30:56.262,2,3,INTC260831C00077000,INTC,2026-08-31,call,77.0,10.73,46.0,14.37,27.0,12.55,12.94,1.0,0.9883,0.9566,0.0115,-0.1302,0.0075,0.006,2026-08-28,90.265,93.665,89.05,89.49,2.331123e6,90.778146
2026-08-28T20:30:56.262,2,3,INTC260831C00078000,INTC,2026-08-31,call,78.0,9.56,49.0,13.21,37.0,11.385000000000002,13.78,1.0,,,,,,,2026-08-28,90.265,93.665,89.05,89.49,2.331123e6,90.778146
2026-08-28T20:30:56.262,2,3,INTC260831C00079000,INTC,2026-08-31,call,79.0,8.86,46.0,11.73,30.0,10.295,10.37,1.0,,,,,,,2026-08-28,90.265,93.665,89.05,89.49,2.331123e6,90.778146
2026-08-28T20:30:56.262,2,3,INTC260831C00080000,INTC,2026-08-31,call,80.0,9.12,112.0,10.65,130.0,9.885,9.38,1.0,1.0496,0.888,0.0224,-0.2769,0.0154,0.0057,2026-08-28,90.265,93.665,89.05,89.49,2.331123e6,90.778146
2026-08-28T20:30:56.262,2,3,INTC260831C00081000,INTC,2026-08-31,call,81.0,6.83,189.0,9.94,95.0,8.385,8.71,7.0,,,,,,,2026-08-28,90.265,93.665,89.05,89.49,2.331123e6,90.778146
2026-08-28T20:30:56.262,2,3,INTC260831C00082000,INTC,2026-08-31,call,82.0,6.16,53.0,8.65,29.0,7.405,7.34,1.0,0.3017,0.9993,0.0011,-0.0092,0.0002,0.0067,2026-08-28,90.265,93.665,89.05,89.49,2.331123e6,90.778146
2026-08-28T20:30:56.262,2,3,INTC260831C00083000,INTC,2026-08-31,call,83.0,5.12,157.0,8.33,134.0,6.725,6.34,1.0,0.6971,0.8865,0.034,-0.1882,0.0156,0.006,2026-08-28,90.265,93.665,89.05,89.49,2.331123e6,90.778146
2026-08-28T20:30:56.262,2,3,INTC260831C00084000,INTC,2026-08-31,call,84.0,4.37,225.0,5.85,83.0,5.109999999999999,5.89,1.0,,,,,,,2026-08-28,90.265,93.665,89.05,89.49,2.331123e6,90.778146
2026-08-28T20:30:56.262,2,3,INTC260831C00085000,INTC,2026-08-31,call,85.0,4.39,78.0,4.72,129.0,4.555,4.6,5.0,0.4254,0.9082,0.0478,-0.1023,0.0134,0.0063,2026-08-28,90.265,93.665,89.05,89.49,2.331123e6,90.778146
2026-08-28T20:30:56.262,2,3,INTC260831C00086000,INTC,2026-08-31,call,86.0,3.5,91.0,3.97,360.0,3.7350000000000003,3.84,1.0,0.4516,0.8338,0.0681,-0.1592,0.0202,0.0058,2026-08-28,90.265,93.665,89.05,89.49,2.331123e6,90.778146
2026-08-28T20:30:56.262,2,3,INTC260831C00087000,INTC,2026-08-31,call,87.0,2.59,144.0,2.86,193.0,2.7249999999999996,2.76,1.0,0.3576,0.8045,0.0953,-0.1402,0.0224,0.0057,2026-08-28,90.265,93.665,89.05,89.49,2.331123e6,90.778146
2026-08-28T20:30:56.262,2,3,INTC260831C00088000,INTC,2026-08-31,call,88.0,1.9,129.0,1.99,6.0,1.9449999999999998,1.97,15.0,0.3436,0.7001,0.1249,-0.1674,0.0282,0.005,2026-08-28,90.265,93.665,89.05,89.49,2.331123e6,90.778146
2026-08-28T20:30:56.262,2,3,INTC260831C00089000,INTC,2026-08-31,call,89.0,1.23,10.0,1.33,51.0,1.28,1.32,2.0,0.33,0.5665,0.1471,-0.1802,0.0319,0.0041,2026-08-28,90.265,93.665,89.05,89.49,2.331123e6,90.778146
2026-08-28T20:30:56.262,2,3,INTC260831C00090000,INTC,2026-08-31,call,90.0,0.8,84.0,0.82,129.0,0.81,0.82,1.0,0.3332,0.4192,0.1447,-0.1795,0.0317,0.003,2026-08-28,90.265,93.665,89.05,89.49,2.331123e6,90.778146
2026-08-28T20:30:56.262,2,3,INTC260831C00091000,INTC,2026-08-31,call,91.0,0.49,100.0,0.53,77.0,0.51,0.49,3.0,0.3473,0.2928,0.1222,-0.1638,0.0279,0.0021,2026-08-28,90.265,93.665,89.05,89.49,2.331123e6,90.778146
2026-08-28T20:30:56.262,2,3,INTC260831C00092000,INTC,2026-08-31,call,92.0,0.25,136.0,0.28,16.0,0.265,0.26,5.0,0.3392,0.1802,0.0956,-0.1219,0.0213,0.0013,2026-08-28,90.265,93.665,89.05,89.49,2.331123e6,90.778146
2026-08-28T20:30:56.262,2,3,INTC260831C00093000,INTC,2026-08-31,call,93.0,0.17,193.0,0.2,557.0,0.185,0.17,3.0,0.3726,0.1252,0.0682,-0.1048,0.0167,0.0009,2026-08-28,90.265,93.665,89.05,89.49,2.331123e6,90.778146
2026-08-28T20:30:56.262,2,3,INTC260831C00094000,INTC,2026-08-31,call,94.0,0.07,231.0,0.09,580.0,0.08,0.09,1.0,0.3591,0.0639,0.043,-0.0613,0.0101,0.0005,2026-08-28,90.265,93.665,89.05,89.49,2.331123e6,90.778146
2026-08-28T20:30:56.262,2,3,INTC260831C00095000,INTC,2026-08-31,call,95.0,0.03,150.0,0.06,762.0,0.045,0.07,10.0,0.3729,0.0377,0.0272,-0.0417,0.0067,0.0003,2026-08-28,90.265,93.665,89.05,89.49,2.331123e6,90.778146
2026-08-28T20:30:56.262,2,3,INTC260831C00096000,INTC,2026-08-31,call,96.0,0.03,216.0,0.07,159.0,0.05,0.03,1.0,0.4326,0.0363,0.0227,-0.0469,0.0065,0.0003,2026-08-28,90.265,93.665,89.05,89.49,2.331123e6,90.778146
2026-08-28T20:30:56.262,2,3,INTC260831C00097000,INTC,2026-08-31,call,97.0,0.03,424.0,0.07,730.0,0.05,0.03,1.0,0.4834,0.033,0.0188,-0.0484,0.006,0.0002,2026-08-28,90.265,93.665,89.05,89.49,2.331123e6,90.778146
2026-08-28T20:30:56.262,2,3,INTC260831C00098000,INTC,2026-08-31,call,98.0,0.01,5.0,0.02,369.0,0.015,0.02,90.0,0.4455,0.0122,0.0088,-0.0191,0.0026,0.0001,2026-08-28,90.265,93.665,89.05,89.49,2.331123e6,90.778146
2026-08-28T20:30:56.262,2,3,INTC260831C00099000,INTC,2026-08-31,call,99.0,0.03,125.0,0.05,917.0,0.04,0.03,2.0,0.5606,0.0239,0.0124,-0.0428,0.0046,0.0002,2026-08-28,90.265,93.665,89.05,89.49,2.331123e6,90.778146
2026-08-28T20:30:56.262,2,3,INTC260831C00100000,INTC,2026-08-31,call,100.0,0.0,0.0,0.01,154.0,0.005,0.01,3.0,,,,,,,2026-08-28,90.265,93.665,89.05,89.49,2.331123e6,90.778146
2026-08-28T20:30:56.262,2,3,INTC260831C00101000,INTC,2026-08-31,call,101.0,0.0,0.0,0.01,142.0,0.005,0.01,11.0,,,,,,,2026-08-28,90.265,93.665,89.05,89.49,2.331123e6,90.778146
2026-08-28T20:30:56.262,2,3,INTC260831C00102000,INTC,2026-08-31,call,102.0,0.0,0.0,0.06,572.0,0.03,0.01,1.0,,,,,,,2026-08-28,90.265,93.665,89.05,89.49,2.331123e6,90.778146
2026-08-28T20:30:56.262,2,3,INTC260831C00103000,INTC,2026-08-31,call,103.0,0.0,0.0,0.07,416.0,0.035,0.01,9.0,,,,,,,2026-08-28,90.265,93.665,89.05,89.49,2.331123e6,90.778146
2026-08-28T20:30:56.262,2,3,INTC260831C00104000,INTC,2026-08-31,call,104.0,0.0,0.0,0.08,955.0,0.04,0.01,10.0,,,,,,,2026-08-28,90.265,93.665,89.05,89.49,2.331123e6,90.778146
2026-08-28T20:30:56.262,2,3,INTC260831C00105000,INTC,2026-08-31,call,105.0,0.0,0.0,0.01,1.0,0.005,0.01,1.0,,,,,,,2026-08-28,90.265,93.665,89.05,89.49,2.331123e6,90.778146
2026-08-28T20:30:56.262,2,3,INTC260831C00106000,INTC,2026-08-31,call,106.0,0.0,0.0,0.07,1030.0,0.035,0.03,4.0,,,,,,,2026-08-28,90.265,93.665,89.05,89.49,2.331123e6,90.778146
2026-08-28T20:30:56.262,2,3,INTC260831C00107000,INTC,2026-08-31,call,107.0,0.0,0.0,0.01,3.0,0.005,0.01,1.0,,,,,,,2026-08-28,90.265,93.665,89.05,89.49,2.331123e6,90.778146
2026-08-28T20:30:56.262,2,3,INTC260831C00108000,INTC,2026-08-31,call,108.0,0.0,0.0,0.19,1128.0,0.095,0.02,1.0,,,,,,,2026-08-28,90.265,93.665,89.05,89.49,2.331123e6,90.778146
2026-08-28T20:30:56.262,2,3,INTC260831C00109000,INTC,2026-08-31,call,109.0,0.0,0.0,0.05,1.0,0.025,0.03,1.0,,,,,,,2026-08-28,90.265,93.665,89.05,89.49,2.331123e6,90.778146
2026-08-28T20:30:56.262,2,3,INTC260831C00110000,INTC,2026-08-31,call,110.0,0.0,0.0,0.01,4.0,0.005,0.01,1.0,,,,,,,2026-08-28,90.265,93.665,89.05,89.49,2.331123e6,90.778146
2026-08-28T20:30:56.262,2,3,INTC260831C00111000,INTC,2026-08-31,call,111.0,0.0,0.0,0.05,172.0,0.025,0.03,3.0,,,,,,,2026-08-28,90.265,93.665,89.05,89.49,2.331123e6,90.778146
2026-08-28T20:30:56.262,2,3,INTC260831C00112000,INTC,2026-08-31,call,112.0,0.0,0.0,0.18,649.0,0.09,0.15,1.0,,,,,,,2026-08-28,90.265,93.665,89.05,89.49,2.331123e6,90.778146
2026-08-28T20:30:56.262,2,3,INTC260831C00113000,INTC,2026-08-31,call,113.0,0.0,0.0,0.22,12.0,0.11,0.02,3.0,,,,,,,2026-08-28,90.265,93.665,89.05,89.49,2.331123e6,90.778146
2026-08-28T20:30:56.262,2,3,INTC260831C00114000,INTC,2026-08-31,call,114.0,0.0,0.0,0.18,11.0,0.09,0.08,2.0,,,,,,,2026-08-28,90.265,93.665,89.05,89.49,2.331123e6,90.778146
2026-08-28T20:30:56.262,2,3,INTC260831C00115000,INTC,2026-08-31,call,115.0,0.0,0.0,0.01,1.0,0.005,0.02,5.0,,,,,,,2026-08-28,90.265,93.665,89.05,89.49,2.331123e6,90.778146
2026-08-28T20:30:56.262,2,3,INTC260831C00116000,INTC,2026-08-31,call,116.0,0.0,0.0,0.07,4.0,0.035,0.02,4.0,,,,,,,2026-08-28,90.265,93.665,89.05,89.49,2.331123e6,90.778146
2026-08-28T20:30:56.262,2,3,INTC260831C00117000,INTC,2026-08-31,call,117.0,0.03,2.0,0.04,2.0,0.035,0.03,2.0,,,,,,,2026-08-28,90.265,93.665,89.05,89.49,2.331123e6,90.778146
2026-08-28T20:30:56.262,2,3,INTC260831C00118000,INTC,2026-08-31,call,118.0,0.0,0.0,0.24,9.0,0.12,,,,,,,,,2026-08-28,90.265,93.665,89.05,89.49,2.331123e6,90.778146
2026-08-28T20:30:56.262,2,3,INTC260831C00119000,INTC,2026-08-31,call,119.0,0.0,0.0,0.18,15.0,0.09,,,,,,,,,2026-08-28,90.265,93.665,89.05,89.49,2.331123e6,90.778146
2026-08-28T20:30:56.262,2,3,INTC260831C00120000,INTC,2026-08-31,call,120.0,0.0,0.0,0.07,19.0,0.035,0.03,1.0,,,,,,,2026-08-28,90.265,93.665,89.05,89.49,2.331123e6,90.778146
2026-08-28T20:30:56.262,2,3,INTC260831C00121000,INTC,2026-08-31,call,121.0,0.0,0.0,0.18,132.0,0.09,0.28,1.0,,,,,,,2026-08-28,90.265,93.665,89.05,89.49,2.331123e6,90.778146
2026-08-28T20:30:56.262,2,3,INTC260831C00122000,INTC,2026-08-31,call,122.0,0.0,0.0,0.18,11.0,0.09,0.27,1.0,,,,,,,2026-08-28,90.265,93.665,89.05,89.49,2.331123e6,90.778146
2026-08-28T20:30:56.262,2,3,INTC260831C00123000,INTC,2026-08-31,call,123.0,0.0,0.0,0.18,11.0,0.09,0.27,1.0,,,,,,,2026-08-28,90.265,93.665,89.05,89.49,2.331123e6,90.778146
2026-08-28T20:30:56.262,2,3,INTC260831C00124000,INTC,2026-08-31,call,124.0,0.0,0.0,0.22,11.0,0.11,0.11,1.0,,,,,,,2026-08-28,90.265,93.665,89.05,89.49,2.331123e6,90.778146
2026-08-28T20:30:56.262,2,3,INTC260831C00125000,INTC,2026-08-31,call,125.0,0.0,0.0,0.04,1.0,0.02,0.03,1.0,,,,,,,2026-08-28,90.265,93.665,89.05,89.49,2.331123e6,90.778146
2026-08-28T20:30:56.262,2,3,INTC260831C00126000,INTC,2026-08-31,call,126.0,0.0,0.0,0.18,121.0,0.09,,,,,,,,,2026-08-28,90.265,93.665,89.05,89.49,2.331123e6,90.778146
2026-08-28T20:30:56.262,2,3,INTC260831C00127000,INTC,2026-08-31,call,127.0,0.0,0.0,0.18,135.0,0.09,0.09,1.0,,,,,,,2026-08-28,90.265,93.665,89.05,89.49,2.331123e6,90.778146
2026-08-28T20:30:56.262,2,3,INTC260831C00128000,INTC,2026-08-31,call,128.0,0.0,0.0,0.18,11.0,0.09,0.01,1.0,,,,,,,2026-08-28,90.265,93.665,89.05,89.49,2.331123e6,90.778146
2026-08-28T20:30:56.262,2,3,INTC260831C00129000,INTC,2026-08-31,call,129.0,0.0,0.0,0.18,11.0,0.09,0.1,1.0,,,,,,,2026-08-28,90.265,93.665,89.05,89.49,2.331123e6,90.778146
2026-08-28T20:30:56.262,2,3,INTC260831C00130000,INTC,2026-08-31,call,130.0,0.0,0.0,0.09,11.0,0.045,0.02,1.0,,,,,,,2026-08-28,90.265,93.665,89.05,89.49,2.331123e6,90.778146
2026-08-28T20:30:56.262,2,3,INTC260831C00131000,INTC,2026-08-31,call,131.0,0.0,0.0,0.22,15.0,0.11,0.08,1.0,,,,,,,2026-08-28,90.265,93.665,89.05,89.49,2.331123e6,90.778146
2026-08-28T20:30:56.262,2,3,INTC260831C00132000,INTC,2026-08-31,call,132.0,0.0,0.0,0.18,11.0,0.09,0.01,1.0,,,,,,,2026-08-28,90.265,93.665,89.05,89.49,2.331123e6,90.778146
2026-08-28T20:30:56.262,2,3,INTC260831C00135000,INTC,2026-08-31,call,135.0,0.0,0.0,0.22,14.0,0.11,,,,,,,,,2026-08-28,90.265,93.665,89.05,89.49,2.331123e6,90.778146
2026-08-28T20:30:56.262,2,3,INTC260831C00140000,INTC,2026-08-31,call,140.0,0.0,0.0,0.18,10.0,0.09,,,,,,,,,2026-08-28,90.265,93.665,89.05,89.49,2.331123e6,90.778146
2026-08-28T20:30:56.262,2,3,INTC260831C00145000,INTC,2026-08-31,call,145.0,0.0,0.0,0.18,10.0,0.09,,,,,,,,,2026-08-28,90.265,93.665,89.05,89.49,2.331123e6,90.778146
2026-08-28T20:30:56.262,2,3,INTC260831C00150000,INTC,2026-08-31,call,150.0,0.0,0.0,0.24,12.0,0.12,,,,,,,,,2026-08-28,90.265,93.665,89.05,89.49,2.331123e6,90.778146
2026-08-28T20:30:56.262,2,3,INTC260831C00155000,INTC,2026-08-31,call,155.0,0.0,0.0,0.22,10.0,0.11,,,,,,,,,2026-08-28,90.265,93.665,89.05,89.49,2.331123e6,90.778146
2026-08-28T20:30:56.262,2,3,INTC260831P00055000,INTC,2026-08-31,put,55.0,0.0,0.0,0.18,12.0,0.09,,,,,,,,,2026-08-28,90.265,93.665,89.05,89.49,2.331123e6,90.778146
2026-08-28T20:30:56.262,2,3,INTC260831P00060000,INTC,2026-08-31,put,60.0,0.0,0.0,0.04,4.0,0.02,0.03,4.0,,,,,,,2026-08-28,90.265,93.665,89.05,89.49,2.331123e6,90.778146
2026-08-28T20:30:56.262,2,3,INTC260831P00065000,INTC,2026-08-31,put,65.0,0.0,0.0,0.01,1.0,0.005,0.01,1.0,,,,,,,2026-08-28,90.265,93.665,89.05,89.49,2.331123e6,90.778146
2026-08-28T20:30:56.262,2,3,INTC260831P00070000,INTC,2026-08-31,put,70.0,0.0,0.0,0.03,750.0,0.015,0.01,3.0,,,,,,,2026-08-28,90.265,93.665,89.05,89.49,2.331123e6,90.778146
2026-08-28T20:30:56.262,2,3,INTC260831P00074000,INTC,2026-08-31,put,74.0,0.0,0.0,0.03,1189.0,0.015,0.02,1.0,,,,,,,2026-08-28,90.265,93.665,89.05,89.49,2.331123e6,90.778146
2026-08-28T20:30:56.262,2,3,INTC260831P00075000,INTC,2026-08-31,put,75.0,0.0,0.0,0.07,694.0,0.035,0.01,25.0,,,,,,,2026-08-28,90.265,93.665,89.05,89.49,2.331123e6,90.778146
2026-08-28T20:30:56.262,2,3,INTC260831P00076000,INTC,2026-08-31,put,76.0,0.0,0.0,0.03,3.0,0.015,0.01,1.0,,,,,,,2026-08-28,90.265,93.665,89.05,89.49,2.331123e6,90.778146
2026-08-28T20:30:56.262,2,3,INTC260831P00077000,INTC,2026-08-31,put,77.0,0.0,0.0,0.04,683.0,0.02,0.01,13.0,,,,,,,2026-08-28,90.265,93.665,89.05,89.49,2.331123e6,90.778146
2026-08-28T20:30:56.262,2,3,INTC260831P00078000,INTC,2026-08-31,put,78.0,0.0,0.0,0.06,1213.0,0.03,0.01,4.0,,,,,,,2026-08-28,90.265,93.665,89.05,89.49,2.331123e6,90.778146
2026-08-28T20:30:56.262,2,3,INTC260831P00079000,INTC,2026-08-31,put,79.0,0.0,0.0,0.01,1.0,0.005,0.02,1.0,,,,,,,2026-08-28,90.265,93.665,89.05,89.49,2.331123e6,90.778146
2026-08-28T20:30:56.262,2,3,INTC260831P00080000,INTC,2026-08-31,put,80.0,0.03,15.0,0.05,585.0,0.04,0.02,1.0,0.6134,-0.0213,0.0103,-0.0422,0.0041,-0.0002,2026-08-28,90.265,93.665,89.05,89.49,2.331123e6,90.778146
2026-08-28T20:30:56.262,2,3,INTC260831P00081000,INTC,2026-08-31,put,81.0,0.0,0.0,0.01,6.0,0.005,0.02,1.0,,,,,,,2026-08-28,90.265,93.665,89.05,89.49,2.331123e6,90.778146
2026-08-28T20:30:56.262,2,3,INTC260831P00082000,INTC,2026-08-31,put,82.0,0.01,242.0,0.07,965.0,0.04,0.01,4.0,0.4959,-0.0258,0.0149,-0.04,0.0049,-0.0002,2026-08-28,90.265,93.665,89.05,89.49,2.331123e6,90.778146
2026-08-28T20:30:56.262,2,3,INTC260831P00083000,INTC,2026-08-31,put,83.0,0.01,207.0,0.02,183.0,0.015,0.02,1.0,0.3756,-0.0139,0.0116,-0.0178,0.0029,-0.0001,2026-08-28,90.265,93.665,89.05,89.49,2.331123e6,90.778146
2026-08-28T20:30:56.262,2,3,INTC260831P00084000,INTC,2026-08-31,put,84.0,0.02,130.0,0.03,98.0,0.025,0.03,5.0,0.3488,-0.0234,0.0195,-0.0258,0.0045,-0.0002,2026-08-28,90.265,93.665,89.05,89.49,2.331123e6,90.778146
2026-08-28T20:30:56.262,2,3,INTC260831P00085000,INTC,2026-08-31,put,85.0,0.1,1.0,0.11,88.0,0.10500000000000001,0.1,1.0,0.3893,-0.0735,0.0442,-0.0727,0.0113,-0.0005,2026-08-28,90.265,93.665,89.05,89.49,2.331123e6,90.778146
2026-08-28T20:30:56.262,2,3,INTC260831P00086000,INTC,2026-08-31,put,86.0,0.11,277.0,0.14,34.0,0.125,0.14,1.0,0.3338,-0.097,0.0634,-0.0765,0.0139,-0.0007,2026-08-28,90.265,93.665,89.05,89.49,2.331123e6,90.778146
2026-08-28T20:30:56.262,2,3,INTC260831P00087000,INTC,2026-08-31,put,87.0,0.26,296.0,0.29,134.0,0.275,0.29,1.0,0.3375,-0.1822,0.0967,-0.1189,0.0214,-0.0014,2026-08-28,90.265,93.665,89.05,89.49,2.331123e6,90.778146
2026-08-28T20:30:56.262,2,3,INTC260831P00088000,INTC,2026-08-31,put,88.0,0.49,114.0,0.55,57.0,0.52,0.49,1.0,0.337,-0.2965,0.1267,-0.1547,0.028,-0.0022,2026-08-28,90.265,93.665,89.05,89.49,2.331123e6,90.778146
2026-08-28T20:30:56.262,2,3,INTC260831P00089000,INTC,2026-08-31,put,89.0,0.84,71.0,0.9,90.0,0.87,0.86,1.0,0.3289,-0.4334,0.1476,-0.1708,0.0319,-0.0033,2026-08-28,90.265,93.665,89.05,89.49,2.331123e6,90.778146
2026-08-28T20:30:56.262,2,3,INTC260831P00090000,INTC,2026-08-31,put,90.0,1.34,19.0,1.44,102.0,1.3900000000000001,1.37,2.0,0.3291,-0.5819,0.1464,-0.1682,0.0316,-0.0044,2026-08-28,90.265,93.665,89.05,89.49,2.331123e6,90.778146
2026-08-28T20:30:56.262,2,3,INTC260831P00091000,INTC,2026-08-31,put,91.0,1.94,45.0,2.14,114.0,2.04,1.96,1.0,0.3245,-0.7209,0.1278,-0.1407,0.0272,-0.0055,2026-08-28,90.265,93.665,89.05,89.49,2.331123e6,90.778146
2026-08-28T20:30:56.262,2,3,INTC260831P00092000,INTC,2026-08-31,put,92.0,2.02,1089.0,3.37,500.0,2.6950000000000003,2.68,2.0,0.2507,-0.8937,0.0903,-0.0539,0.0149,-0.0068,2026-08-28,90.265,93.665,89.05,89.49,2.331123e6,90.778146
2026-08-28T20:30:56.262,2,3,INTC260831P00093000,INTC,2026-08-31,put,93.0,2.7,940.0,4.52,669.0,3.61,3.7,1.0,0.2227,-0.9739,0.0336,-0.0092,0.0049,-0.0075,2026-08-28,90.265,93.665,89.05,89.49,2.331123e6,90.778146
2026-08-28T20:30:56.262,2,3,INTC260831P00094000,INTC,2026-08-31,put,94.0,4.43,54.0,5.62,121.0,5.025,4.5,300.0,0.5773,-0.8241,0.0553,-0.1938,0.021,-0.0065,2026-08-28,90.265,93.665,89.05,89.49,2.331123e6,90.778146
2026-08-28T20:30:56.262,2,3,INTC260831P00095000,INTC,2026-08-31,put,95.0,5.07,456.0,5.77,3.0,5.42,5.25,1.0,,,,,,,2026-08-28,90.265,93.665,89.05,89.49,2.331123e6,90.778146
2026-08-28T20:30:56.262,2,3,INTC260831P00096000,INTC,2026-08-31,put,96.0,6.28,24.0,7.34,36.0,6.8100000000000005,6.73,1.0,0.5952,-0.9017,0.0359,-0.1306,0.014,-0.0072,2026-08-28,90.265,93.665,89.05,89.49,2.331123e6,90.778146
2026-08-28T20:30:56.262,2,3,INTC260831P00097000,INTC,2026-08-31,put,97.0,5.76,33.0,8.02,26.0,6.89,7.22,1.0,,,,,,,2026-08-28,90.265,93.665,89.05,89.49,2.331123e6,90.778146
2026-08-28T20:30:56.262,2,3,INTC260831P00098000,INTC,2026-08-31,put,98.0,6.62,124.0,10.18,85.0,8.4,8.54,1.0,,,,,,,2026-08-28,90.265,93.665,89.05,89.49,2.331123e6,90.778146
2026-08-28T20:30:56.262,2,3,INTC260831P00099000,INTC,2026-08-31,put,99.0,8.57,343.0,11.08,385.0,9.825,9.5,1.0,0.79,-0.9173,0.0238,-0.1534,0.0123,-0.0075,2026-08-28,90.265,93.665,89.05,89.49,2.331123e6,90.778146
2026-08-28T20:30:56.262,2,3,INTC260831P00100000,INTC,2026-08-31,put,100.0,9.67,129.0,10.94,43.0,10.305,10.62,1.0,,,,,,,2026-08-28,90.265,93.665,89.05,89.49,2.331123e6,90.778146
2026-08-28T20:30:56.262,2,3,INTC260831P00101000,INTC,2026-08-31,put,101.0,9.55,41.0,13.16,31.0,11.355,12.63,1.0,,,,,,,2026-08-28,90.265,93.665,89.05,89.49,2.331123e6,90.778146
2026-08-28T20:30:56.262,2,3,INTC260831P00102000,INTC,2026-08-31,put,102.0,10.59,61.0,14.05,44.0,12.32,11.02,2.0,,,,,,,2026-08-28,90.265,93.665,89.05,89.49,2.331123e6,90.778146
2026-08-28T20:30:56.262,2,3,INTC260831P00103000,INTC,2026-08-31,put,103.0,11.69,27.0,14.89,24.0,13.29,15.8,1.0,,,,,,,2026-08-28,90.265,93.665,89.05,89.49,2.331123e6,90.778146
2026-08-28T20:30:56.262,2,3,INTC260831P00104000,INTC,2026-08-31,put,104.0,13.2,35.0,16.41,34.0,14.805,14.24,1.0,1.047,-0.9389,0.0142,-0.1611,0.0098,-0.0081,2026-08-28,90.265,93.665,89.05,89.49,2.331123e6,90.778146
2026-08-28T20:30:56.262,2,3,INTC260831P00105000,INTC,2026-08-31,put,105.0,13.44,27.0,17.22,35.0,15.329999999999998,14.8,1.0,,,,,,,2026-08-28,90.265,93.665,89.05,89.49,2.331123e6,90.778146
2026-08-28T20:30:56.262,2,3,INTC260831P00106000,INTC,2026-08-31,put,106.0,14.7,24.0,17.84,32.0,16.27,18.0,1.0,,,,,,,2026-08-28,90.265,93.665,89.05,89.49,2.331123e6,90.778146
2026-08-28T20:30:56.262,2,3,INTC260831P00107000,INTC,2026-08-31,put,107.0,15.94,26.0,19.07,32.0,17.505,16.24,1.0,,,,,,,2026-08-28,90.265,93.665,89.05,89.49,2.331123e6,90.778146
2026-08-28T20:30:56.262,2,3,INTC260831P00108000,INTC,2026-08-31,put,108.0,16.51,27.0,19.92,24.0,18.215000000000003,20.67,1.0,,,,,,,2026-08-28,90.265,93.665,89.05,89.49,2.331123e6,90.778146
2026-08-28T20:30:56.262,2,3,INTC260831P00109000,INTC,2026-08-31,put,109.0,17.39,26.0,21.14,26.0,19.265,,,,,,,,,2026-08-28,90.265,93.665,89.05,89.49,2.331123e6,90.778146
2026-08-28T20:30:56.262,2,3,INTC260831P00110000,INTC,2026-08-31,put,110.0,19.15,61.0,22.32,61.0,20.735,18.89,1.0,,,,,,,2026-08-28,90.265,93.665,89.05,89.49,2.331123e6,90.778146
2026-08-28T20:30:56.262,2,3,INTC260831P00111000,INTC,2026-08-31,put,111.0,19.63,48.0,23.0,27.0,21.314999999999998,,,,,,,,,2026-08-28,90.265,93.665,89.05,89.49,2.331123e6,90.778146
2026-08-28T20:30:56.262,2,3,INTC260831P00112000,INTC,2026-08-31,put,112.0,20.95,27.0,24.14,29.0,22.545,25.3,5.0,,,,,,,2026-08-28,90.265,93.665,89.05,89.49,2.331123e6,90.778146
2026-08-28T20:30:56.262,2,3,INTC260831P00113000,INTC,2026-08-31,put,113.0,21.75,21.0,25.23,33.0,23.490000000000002,,,,,,,,,2026-08-28,90.265,93.665,89.05,89.49,2.331123e6,90.778146
2026-08-28T20:30:56.262,2,3,INTC260831P00114000,INTC,2026-08-31,put,114.0,22.89,37.0,26.54,15.0,24.715,28.44,1.0,,,,,,,2026-08-28,90.265,93.665,89.05,89.49,2.331123e6,90.778146
2026-08-28T20:30:56.262,2,3,INTC260831P00115000,INTC,2026-08-31,put,115.0,24.09,20.0,27.14,41.0,25.615000000000002,18.5,1.0,,,,,,,2026-08-28,90.265,93.665,89.05,89.49,2.331123e6,90.778146
2026-08-28T20:30:56.262,2,3,INTC260831P00116000,INTC,2026-08-31,put,116.0,25.42,24.0,28.64,24.0,27.03,,,,,,,,,2026-08-28,90.265,93.665,89.05,89.49,2.331123e6,90.778146
2026-08-28T20:30:56.262,2,3,INTC260831P00117000,INTC,2026-08-31,put,117.0,26.07,27.0,29.67,49.0,27.87,,,,,,,,,2026-08-28,90.265,93.665,89.05,89.49,2.331123e6,90.778146
2026-08-28T20:30:56.262,2,3,INTC260831P00118000,INTC,2026-08-31,put,118.0,26.59,27.0,29.91,34.0,28.25,28.39,3.0,,,,,,,2026-08-28,90.265,93.665,89.05,89.49,2.331123e6,90.778146
2026-08-28T20:30:56.262,2,3,INTC260831P00119000,INTC,2026-08-31,put,119.0,28.9,25.0,31.27,46.0,30.085,,,,,,,,,2026-08-28,90.265,93.665,89.05,89.49,2.331123e6,90.778146
2026-08-28T20:30:56.262,2,3,INTC260831P00120000,INTC,2026-08-31,put,120.0,28.09,54.0,32.159,38.0,30.124499999999998,,,,,,,,,2026-08-28,90.265,93.665,89.05,89.49,2.331123e6,90.778146
2026-08-28T20:30:56.262,2,3,INTC260831P00121000,INTC,2026-08-31,put,121.0,30.1,24.0,33.15,27.0,31.625,,,,,,,,,2026-08-28,90.265,93.665,89.05,89.49,2.331123e6,90.778146
2026-08-28T20:30:56.262,2,3,INTC260831P00122000,INTC,2026-08-31,put,122.0,31.53,31.0,33.98,43.0,32.754999999999995,27.78,10.0,,,,,,,2026-08-28,90.265,93.665,89.05,89.49,2.331123e6,90.778146
2026-08-28T20:30:56.262,2,3,INTC260831P00123000,INTC,2026-08-31,put,123.0,31.53,42.0,35.61,33.0,33.57,,,,,,,,,2026-08-28,90.265,93.665,89.05,89.49,2.331123e6,90.778146
2026-08-28T20:30:56.262,2,3,INTC260831P00124000,INTC,2026-08-31,put,124.0,33.04,38.0,36.83,48.0,34.935,,,,,,,,,2026-08-28,90.265,93.665,89.05,89.49,2.331123e6,90.778146
2026-08-28T20:30:56.262,2,3,INTC260831P00125000,INTC,2026-08-31,put,125.0,34.1,38.0,36.93,48.0,35.515,32.22,1.0,,,,,,,2026-08-28,90.265,93.665,89.05,89.49,2.331123e6,90.778146
2026-08-28T20:30:56.262,2,3,INTC260831P00126000,INTC,2026-08-31,put,126.0,34.59,49.0,38.57,24.0,36.58,,,,,,,,,2026-08-28,90.265,93.665,89.05,89.49,2.331123e6,90.778146
2026-08-28T20:30:56.262,2,3,INTC260831P00127000,INTC,2026-08-31,put,127.0,36.1,42.0,39.07,41.0,37.585,,,,,,,,,2026-08-28,90.265,93.665,89.05,89.49,2.331123e6,90.778146
2026-08-28T20:30:56.262,2,3,INTC260831P00128000,INTC,2026-08-31,put,128.0,37.02,41.0,41.07,49.0,39.045,,,,,,,,,2026-08-28,90.265,93.665,89.05,89.49,2.331123e6,90.778146
2026-08-28T20:30:56.262,2,3,INTC260831P00129000,INTC,2026-08-31,put,129.0,38.43,49.0,40.73,27.0,39.58,,,,,,,,,2026-08-28,90.265,93.665,89.05,89.49,2.331123e6,90.778146
2026-08-28T20:30:56.262,2,3,INTC260831P00130000,INTC,2026-08-31,put,130.0,39.17,39.0,42.13,48.0,40.650000000000006,43.08,1.0,,,,,,,2026-08-28,90.265,93.665,89.05,89.49,2.331123e6,90.778146
2026-08-28T20:30:56.262,2,3,INTC260831P00131000,INTC,2026-08-31,put,131.0,39.91,32.0,44.06,42.0,41.985,,,,,,,,,2026-08-28,90.265,93.665,89.05,89.49,2.331123e6,90.778146
2026-08-28T20:30:56.262,2,3,INTC260831P00132000,INTC,2026-08-31,put,132.0,39.92,42.0,44.77,36.0,42.345,42.31,2.0,,,,,,,2026-08-28,90.265,93.665,89.05,89.49,2.331123e6,90.778146
2026-08-28T20:30:56.262,2,3,INTC260831P00135000,INTC,2026-08-31,put,135.0,44.9,36.0,47.51,48.0,46.205,,,,,,,,,2026-08-28,90.265,93.665,89.05,89.49,2.331123e6,90.778146
2026-08-28T20:30:56.262,2,3,INTC260831P00140000,INTC,2026-08-31,put,140.0,50.37,20.0,52.25,32.0,51.31,,,,,,,,,2026-08-28,90.265,93.665,89.05,89.49,2.331123e6,90.778146
2026-08-28T20:30:56.262,2,3,INTC260831P00145000,INTC,2026-08-31,put,145.0,53.55,31.0,58.26,33.0,55.905,,,,,,,,,2026-08-28,90.265,93.665,89.05,89.49,2.331123e6,90.778146
2026-08-28T20:30:56.262,2,3,INTC260831P00150000,INTC,2026-08-31,put,150.0,58.69,20.0,60.96,32.0,59.825,,,,,,,,,2026-08-28,90.265,93.665,89.05,89.49,2.331123e6,90.778146
2026-08-28T20:30:56.262,2,3,INTC260831P00155000,INTC,2026-08-31,put,155.0,64.099,20.0,67.07,32.0,65.58449999999999,,,,,,,,,2026-08-28,90.265,93.665,89.05,89.49,2.331123e6,90.778146
2026-08-28T20:30:56.262,7,5,INTC260902C00055000,INTC,2026-09-02,call,55.0,33.28,37.0,35.81,26.0,34.545,31.03,1.0,,,,,,,2026-08-28,90.265,93.665,89.05,89.49,2.331123e6,90.778146
2026-08-28T20:30:56.262,7,5,INTC260902C00060000,INTC,2026-09-02,call,60.0,27.35,55.0,31.58,42.0,29.465,29.71,1.0,,,,,,,2026-08-28,90.265,93.665,89.05,89.49,2.331123e6,90.778146
2026-08-28T20:30:56.262,7,5,INTC260902C00065000,INTC,2026-09-02,call,65.0,23.13,41.0,26.74,41.0,24.935,24.86,1.0,,,,,,,2026-08-28,90.265,93.665,89.05,89.49,2.331123e6,90.778146
2026-08-28T20:30:56.262,7,5,INTC260902C00070000,INTC,2026-09-02,call,70.0,17.65,23.0,21.38,40.0,19.515,17.2,1.0,,,,,,,2026-08-28,90.265,93.665,89.05,89.49,2.331123e6,90.778146
2026-08-28T20:30:56.262,7,5,INTC260902C00072000,INTC,2026-09-02,call,72.0,16.05,33.0,19.7,34.0,17.875,16.3,1.0,,,,,,,2026-08-28,90.265,93.665,89.05,89.49,2.331123e6,90.778146
2026-08-28T20:30:56.262,7,5,INTC260902C00073000,INTC,2026-09-02,call,73.0,15.16,33.0,18.57,42.0,16.865000000000002,16.83,1.0,,,,,,,2026-08-28,90.265,93.665,89.05,89.49,2.331123e6,90.778146
2026-08-28T20:30:56.262,7,5,INTC260902C00074000,INTC,2026-09-02,call,74.0,14.42,29.0,17.54,34.0,15.98,15.91,1.0,,,,,,,2026-08-28,90.265,93.665,89.05,89.49,2.331123e6,90.778146
2026-08-28T20:30:56.262,7,5,INTC260902C00075000,INTC,2026-09-02,call,75.0,12.87,44.0,15.62,23.0,14.245,14.81,1.0,,,,,,,2026-08-28,90.265,93.665,89.05,89.49,2.331123e6,90.778146
2026-08-28T20:30:56.262,7,5,INTC260902C00076000,INTC,2026-09-02,call,76.0,11.7,75.0,15.38,40.0,13.54,13.89,1.0,0.7922,0.9641,0.0095,-0.0726,0.0082,0.0099,2026-08-28,90.265,93.665,89.05,89.49,2.331123e6,90.778146
2026-08-28T20:30:56.262,7,5,INTC260902C00077000,INTC,2026-09-02,call,77.0,11.14,44.0,14.47,33.0,12.805,12.59,1.0,0.9539,0.9186,0.0151,-0.1572,0.0158,0.0095,2026-08-28,90.265,93.665,89.05,89.49,2.331123e6,90.778146
2026-08-28T20:30:56.262,7,5,INTC260902C00078000,INTC,2026-09-02,call,78.0,10.98,30.0,13.08,23.0,12.030000000000001,11.55,1.0,1.0134,0.8872,0.0181,-0.2097,0.02,0.0092,2026-08-28,90.265,93.665,89.05,89.49,2.331123e6,90.778146
2026-08-28T20:30:56.262,7,5,INTC260902C00079000,INTC,2026-09-02,call,79.0,10.19,41.0,11.86,23.0,11.024999999999999,10.63,1.0,0.9423,0.8808,0.0202,-0.203,0.0208,0.0093,2026-08-28,90.265,93.665,89.05,89.49,2.331123e6,90.778146
2026-08-28T20:30:56.262,7,5,INTC260902C00080000,INTC,2026-09-02,call,80.0,7.89,209.0,11.53,158.0,9.709999999999999,11.8,5.0,0.708,0.917,0.0206,-0.1204,0.016,0.0099,2026-08-28,90.265,93.665,89.05,89.49,2.331123e6,90.778146
2026-08-28T20:30:56.262,7,5,INTC260902C00081000,INTC,2026-09-02,call,81.0,7.4,90.0,10.44,100.0,8.92,8.5,21.0,0.7569,0.8772,0.0257,-0.1679,0.0213,0.0095,2026-08-28,90.265,93.665,89.05,89.49,2.331123e6,90.778146
2026-08-28T20:30:56.262,7,5,INTC260902C00082000,INTC,2026-09-02,call,82.0,6.53,109.0,9.12,109.0,7.824999999999999,7.76,1.0,0.6458,0.8819,0.0293,-0.1407,0.0207,0.0097,2026-08-28,90.265,93.665,89.05,89.49,2.331123e6,90.778146
2026-08-28T20:30:56.262,7,5,INTC260902C00083000,INTC,2026-09-02,call,83.0,5.42,195.0,8.0,179.0,6.71,9.95,22.0,0.525,0.8933,0.0335,-0.1083,0.0192,0.01,2026-08-28,90.265,93.665,89.05,89.49,2.331123e6,90.778146
2026-08-28T20:30:56.262,7,5,INTC260902C00084000,INTC,2026-09-02,call,84.0,4.71,454.0,6.99,317.0,5.85,5.9,1.0,0.5251,0.8529,0.0419,-0.1334,0.0241,0.0096,2026-08-28,90.265,93.665,89.05,89.49,2.331123e6,90.778146
2026-08-28T20:30:56.262,7,5,INTC260902C00085000,INTC,2026-09-02,call,85.0,4.33,662.0,5.43,474.0,4.88,5.6,1.0,0.4684,0.8297,0.0517,-0.1311,0.0265,0.0095,2026-08-28,90.265,93.665,89.05,89.49,2.331123e6,90.778146
2026-08-28T20:30:56.262,7,5,INTC260902C00086000,INTC,2026-09-02,call,86.0,3.98,36.0,4.36,153.0,4.17,4.3,1.0,0.4917,0.7603,0.0604,-0.1662,0.0325,0.0087,2026-08-28,90.265,93.665,89.05,89.49,2.331123e6,90.778146
2026-08-28T20:30:56.262,7,5,INTC260902C00087000,INTC,2026-09-02,call,87.0,3.31,64.0,3.53,108.0,3.42,3.55,1.0,0.4802,0.6975,0.0695,-0.1812,0.0365,0.0081,2026-08-28,90.265,93.665,89.05,89.49,2.331123e6,90.778146
2026-08-28T20:30:56.262,7,5,INTC260902C00088000,INTC,2026-09-02,call,88.0,2.64,80.0,2.85,78.0,2.745,2.8,2.0,0.4713,0.625,0.0769,-0.1922,0.0397,0.0073,2026-08-28,90.265,93.665,89.05,89.49,2.331123e6,90.778146
2026-08-28T20:30:56.262,7,5,INTC260902C00089000,INTC,2026-09-02,call,89.0,2.07,61.0,2.22,61.0,2.145,2.18,1.0,0.4625,0.5458,0.0819,-0.1964,0.0415,0.0064,2026-08-28,90.265,93.665,89.05,89.49,2.331123e6,90.778146
2026-08-28T20:30:56.262,7,5,INTC260902C00090000,INTC,2026-09-02,call,90.0,1.63,167.0,1.73,273.0,1.68,1.67,2.0,0.4668,0.4641,0.0814,-0.198,0.0416,0.0055,2026-08-28,90.265,93.665,89.05,89.49,2.331123e6,90.778146
2026-08-28T20:30:56.262,7,5,INTC260902C00091000,INTC,2026-09-02,call,91.0,1.25,170.0,1.37,355.0,1.31,1.27,1.0,0.475,0.3873,0.0771,-0.1936,0.0401,0.0046,2026-08-28,90.265,93.665,89.05,89.49,2.331123e6,90.778146
2026-08-28T20:30:56.262,7,5,INTC260902C00092000,INTC,2026-09-02,call,92.0,0.93,25.0,1.01,113.0,0.97,1.0,2.0,0.4723,0.3135,0.0718,-0.1778,0.0371,0.0037,2026-08-28,90.265,93.665,89.05,89.49,2.331123e6,90.778146
2026-08-28T20:30:56.262,7,5,INTC260902C00093000,INTC,2026-09-02,call,93.0,0.67,128.0,0.8,344.0,0.7350000000000001,0.76,1.0,0.4802,0.2516,0.0635,-0.1624,0.0334,0.003,2026-08-28,90.265,93.665,89.05,89.49,2.331123e6,90.778146
2026-08-28T20:30:56.262,7,5,INTC260902C00094000,INTC,2026-09-02,call,94.0,0.53,119.0,0.56,277.0,0.545,0.56,1.0,0.4858,0.1979,0.0547,-0.1431,0.0291,0.0023,2026-08-28,90.265,93.665,89.05,89.49,2.331123e6,90.778146
2026-08-28T20:30:56.262,7,5,INTC260902C00095000,INTC,2026-09-02,call,95.0,0.37,3.0,0.44,85.0,0.405,0.41,5.0,0.4936,0.1543,0.046,-0.124,0.0249,0.0018,2026-08-28,90.265,93.665,89.05,89.49,2.331123e6,90.778146
2026-08-28T20:30:56.262,7,5,INTC260902C00096000,INTC,2026-09-02,call,96.0,0.24,653.0,0.3,236.0,0.27,0.29,1.0,0.4871,0.112,0.0374,-0.098,0.0199,0.0013,2026-08-28,90.265,93.665,89.05,89.49,2.331123e6,90.778146
2026-08-28T20:30:56.262,7,5,INTC260902C00097000,INTC,2026-09-02,call,97.0,0.22,409.0,0.29,524.0,0.255,0.22,6.0,0.529,0.0999,0.0317,-0.0979,0.0183,0.0012,2026-08-28,90.265,93.665,89.05,89.49,2.331123e6,90.778146
2026-08-28T20:30:56.262,7,5,INTC260902C00098000,INTC,2026-09-02,call,98.0,0.18,289.0,0.21,680.0,0.195,0.18,1.0,0.5404,0.0783,0.0259,-0.0834,0.0153,0.0009,2026-08-28,90.265,93.665,89.05,89.49,2.331123e6,90.778146
2026-08-28T20:30:56.262,7,5,INTC260902C00099000,INTC,2026-09-02,call,99.0,0.14,229.0,0.15,14.0,0.14500000000000002,0.14,1.0,0.5481,0.0601,0.0208,-0.069,0.0125,0.0007,2026-08-28,90.265,93.665,89.05,89.49,2.331123e6,90.778146
2026-08-28T20:30:56.262,7,5,INTC260902C00100000,INTC,2026-09-02,call,100.0,0.06,1.0,0.12,154.0,0.09,0.09,50.0,0.5376,0.0405,0.0155,-0.0493,0.0091,0.0005,2026-08-28,90.265,93.665,89.05,89.49,2.331123e6,90.778146
2026-08-28T20:30:56.262,7,5,INTC260902C00101000,INTC,2026-09-02,call,101.0,0.01,163.0,0.1,7.0,0.055,0.06,1.0,0.5295,0.0266,0.0111,-0.0344,0.0064,0.0003,2026-08-28,90.265,93.665,89.05,89.49,2.331123e6,90.778146
2026-08-28T20:30:56.262,7,5,INTC260902C00102000,INTC,2026-09-02,call,102.0,0.0,0.0,0.17,213.0,0.085,0.05,1.0,,,,,,,2026-08-28,90.265,93.665,89.05,89.49,2.331123e6,90.778146
2026-08-28T20:30:56.262,7,5,INTC260902C00103000,INTC,2026-09-02,call,103.0,0.03,10.0,0.15,544.0,0.09,0.05,15.0,0.6501,0.0344,0.0112,-0.0521,0.008,0.0004,2026-08-28,90.265,93.665,89.05,89.49,2.331123e6,90.778146
2026-08-28T20:30:56.262,7,5,INTC260902C00104000,INTC,2026-09-02,call,104.0,0.0,0.0,0.1,860.0,0.05,0.03,1.0,,,,,,,2026-08-28,90.265,93.665,89.05,89.49,2.331123e6,90.778146
2026-08-28T20:30:56.262,7,5,INTC260902C00105000,INTC,2026-09-02,call,105.0,0.0,0.0,0.09,462.0,0.045,0.04,1.0,,,,,,,2026-08-28,90.265,93.665,89.05,89.49,2.331123e6,90.778146
2026-08-28T20:30:56.262,7,5,INTC260902C00106000,INTC,2026-09-02,call,106.0,0.0,0.0,0.12,600.0,0.06,0.05,1.0,,,,,,,2026-08-28,90.265,93.665,89.05,89.49,2.331123e6,90.778146
2026-08-28T20:30:56.262,7,5,INTC260902C00107000,INTC,2026-09-02,call,107.0,0.03,169.0,0.08,1018.0,0.055,0.03,1.0,0.732,0.0201,0.0064,-0.0374,0.0051,0.0002,2026-08-28,90.265,93.665,89.05,89.49,2.331123e6,90.778146
2026-08-28T20:30:56.262,7,5,INTC260902C00108000,INTC,2026-09-02,call,108.0,0.0,0.0,0.11,1203.0,0.055,0.03,1.0,,,,,,,2026-08-28,90.265,93.665,89.05,89.49,2.331123e6,90.778146
2026-08-28T20:30:56.262,7,5,INTC260902C00109000,INTC,2026-09-02,call,109.0,0.0,0.0,0.1,685.0,0.05,0.05,1.0,,,,,,,2026-08-28,90.265,93.665,89.05,89.49,2.331123e6,90.778146
2026-08-28T20:30:56.262,7,5,INTC260902C00110000,INTC,2026-09-02,call,110.0,0.03,23.0,0.04,100.0,0.035,0.03,5.0,0.7763,0.0127,0.0041,-0.0268,0.0034,0.0002,2026-08-28,90.265,93.665,89.05,89.49,2.331123e6,90.778146
2026-08-28T20:30:56.262,7,5,INTC260902C00111000,INTC,2026-09-02,call,111.0,0.0,0.0,0.09,932.0,0.045,0.08,1.0,,,,,,,2026-08-28,90.265,93.665,89.05,89.49,2.331123e6,90.778146
2026-08-28T20:30:56.262,7,5,INTC260902C00112000,INTC,2026-09-02,call,112.0,0.0,0.0,0.06,223.0,0.03,0.02,1.0,,,,,,,2026-08-28,90.265,93.665,89.05,89.49,2.331123e6,90.778146
2026-08-28T20:30:56.262,7,5,INTC260902C00113000,INTC,2026-09-02,call,113.0,0.0,0.0,0.08,178.0,0.04,0.39,1.0,,,,,,,2026-08-28,90.265,93.665,89.05,89.49,2.331123e6,90.778146
2026-08-28T20:30:56.262,7,5,INTC260902C00114000,INTC,2026-09-02,call,114.0,0.0,0.0,0.04,227.0,0.02,,,,,,,,,2026-08-28,90.265,93.665,89.05,89.49,2.331123e6,90.778146
2026-08-28T20:30:56.262,7,5,INTC260902C00115000,INTC,2026-09-02,call,115.0,0.0,0.0,0.03,6.0,0.015,0.01,1.0,,,,,,,2026-08-28,90.265,93.665,89.05,89.49,2.331123e6,90.778146
2026-08-28T20:30:56.262,7,5,INTC260902C00116000,INTC,2026-09-02,call,116.0,0.0,0.0,0.01,9.0,0.005,0.01,1.0,,,,,,,2026-08-28,90.265,93.665,89.05,89.49,2.331123e6,90.778146
2026-08-28T20:30:56.262,7,5,INTC260902C00117000,INTC,2026-09-02,call,117.0,0.0,0.0,0.12,1022.0,0.06,,,,,,,,,2026-08-28,90.265,93.665,89.05,89.49,2.331123e6,90.778146
2026-08-28T20:30:56.262,7,5,INTC260902C00118000,INTC,2026-09-02,call,118.0,0.0,0.0,0.09,925.0,0.045,0.14,1.0,,,,,,,2026-08-28,90.265,93.665,89.05,89.49,2.331123e6,90.778146
2026-08-28T20:30:56.262,7,5,INTC260902C00119000,INTC,2026-09-02,call,119.0,0.0,0.0,0.15,295.0,0.075,,,,,,,,,2026-08-28,90.265,93.665,89.05,89.49,2.331123e6,90.778146
2026-08-28T20:30:56.262,7,5,INTC260902C00120000,INTC,2026-09-02,call,120.0,0.0,0.0,0.09,1030.0,0.045,0.02,1.0,,,,,,,2026-08-28,90.265,93.665,89.05,89.49,2.331123e6,90.778146
2026-08-28T20:30:56.262,7,5,INTC260902C00121000,INTC,2026-09-02,call,121.0,0.0,0.0,0.13,581.0,0.065,0.08,1.0,,,,,,,2026-08-28,90.265,93.665,89.05,89.49,2.331123e6,90.778146
2026-08-28T20:30:56.262,7,5,INTC260902C00122000,INTC,2026-09-02,call,122.0,0.0,0.0,0.18,24.0,0.09,,,,,,,,,2026-08-28,90.265,93.665,89.05,89.49,2.331123e6,90.778146
2026-08-28T20:30:56.262,7,5,INTC260902C00123000,INTC,2026-09-02,call,123.0,0.0,0.0,0.15,110.0,0.075,,,,,,,,,2026-08-28,90.265,93.665,89.05,89.49,2.331123e6,90.778146
2026-08-28T20:30:56.262,7,5,INTC260902C00124000,INTC,2026-09-02,call,124.0,0.0,0.0,0.21,29.0,0.105,,,,,,,,,2026-08-28,90.265,93.665,89.05,89.49,2.331123e6,90.778146
2026-08-28T20:30:56.262,7,5,INTC260902C00125000,INTC,2026-09-02,call,125.0,0.0,0.0,0.13,628.0,0.065,0.02,1.0,,,,,,,2026-08-28,90.265,93.665,89.05,89.49,2.331123e6,90.778146
2026-08-28T20:30:56.262,7,5,INTC260902C00126000,INTC,2026-09-02,call,126.0,0.0,0.0,0.2,112.0,0.1,,,,,,,,,2026-08-28,90.265,93.665,89.05,89.49,2.331123e6,90.778146
2026-08-28T20:30:56.262,7,5,INTC260902C00127000,INTC,2026-09-02,call,127.0,0.0,0.0,0.01,2.0,0.005,,,,,,,,,2026-08-28,90.265,93.665,89.05,89.49,2.331123e6,90.778146
2026-08-28T20:30:56.262,7,5,INTC260902C00128000,INTC,2026-09-02,call,128.0,0.0,0.0,0.16,18.0,0.08,,,,,,,,,2026-08-28,90.265,93.665,89.05,89.49,2.331123e6,90.778146
2026-08-28T20:30:56.262,7,5,INTC260902C00129000,INTC,2026-09-02,call,129.0,0.0,0.0,0.22,29.0,0.11,,,,,,,,,2026-08-28,90.265,93.665,89.05,89.49,2.331123e6,90.778146
2026-08-28T20:30:56.262,7,5,INTC260902C00130000,INTC,2026-09-02,call,130.0,0.0,0.0,0.26,65.0,0.13,,,,,,,,,2026-08-28,90.265,93.665,89.05,89.49,2.331123e6,90.778146
2026-08-28T20:30:56.262,7,5,INTC260902C00131000,INTC,2026-09-02,call,131.0,0.0,0.0,0.17,29.0,0.085,,,,,,,,,2026-08-28,90.265,93.665,89.05,89.49,2.331123e6,90.778146
2026-08-28T20:30:56.262,7,5,INTC260902C00132000,INTC,2026-09-02,call,132.0,0.0,0.0,0.23,29.0,0.115,,,,,,,,,2026-08-28,90.265,93.665,89.05,89.49,2.331123e6,90.778146
2026-08-28T20:30:56.262,7,5,INTC260902C00135000,INTC,2026-09-02,call,135.0,0.0,0.0,0.23,31.0,0.115,,,,,,,,,2026-08-28,90.265,93.665,89.05,89.49,2.331123e6,90.778146
2026-08-28T20:30:56.262,7,5,INTC260902C00140000,INTC,2026-09-02,call,140.0,0.0,0.0,0.28,31.0,0.14,,,,,,,,,2026-08-28,90.265,93.665,89.05,89.49,2.331123e6,90.778146
2026-08-28T20:30:56.262,7,5,INTC260902C00145000,INTC,2026-09-02,call,145.0,0.0,0.0,0.24,31.0,0.12,,,,,,,,,2026-08-28,90.265,93.665,89.05,89.49,2.331123e6,90.778146
2026-08-28T20:30:56.262,7,5,INTC260902C00150000,INTC,2026-09-02,call,150.0,0.0,0.0,0.28,31.0,0.14,,,,,,,,,2026-08-28,90.265,93.665,89.05,89.49,2.331123e6,90.778146
2026-08-28T20:30:56.262,7,5,INTC260902C00155000,INTC,2026-09-02,call,155.0,0.0,0.0,0.28,123.0,0.14,,,,,,,,,2026-08-28,90.265,93.665,89.05,89.49,2.331123e6,90.778146
2026-08-28T20:30:56.262,7,5,INTC260902P00055000,INTC,2026-09-02,put,55.0,0.0,0.0,0.01,2500.0,0.005,0.01,2.0,,,,,,,2026-08-28,90.265,93.665,89.05,89.49,2.331123e6,90.778146
2026-08-28T20:30:56.262,7,5,INTC260902P00060000,INTC,2026-09-02,put,60.0,0.0,0.0,0.21,1.0,0.105,,,,,,,,,2026-08-28,90.265,93.665,89.05,89.49,2.331123e6,90.778146
2026-08-28T20:30:56.262,7,5,INTC260902P00065000,INTC,2026-09-02,put,65.0,0.0,0.0,0.06,714.0,0.03,0.02,1.0,,,,,,,2026-08-28,90.265,93.665,89.05,89.49,2.331123e6,90.778146
2026-08-28T20:30:56.262,7,5,INTC260902P00070000,INTC,2026-09-02,put,70.0,0.0,0.0,0.04,1189.0,0.02,0.03,6.0,,,,,,,2026-08-28,90.265,93.665,89.05,89.49,2.331123e6,90.778146
2026-08-28T20:30:56.262,7,5,INTC260902P00072000,INTC,2026-09-02,put,72.0,0.0,0.0,0.06,1265.0,0.03,0.03,4.0,,,,,,,2026-08-28,90.265,93.665,89.05,89.49,2.331123e6,90.778146
2026-08-28T20:30:56.262,7,5,INTC260902P00073000,INTC,2026-09-02,put,73.0,0.0,0.0,0.07,1358.0,0.035,0.08,2.0,,,,,,,2026-08-28,90.265,93.665,89.05,89.49,2.331123e6,90.778146
2026-08-28T20:30:56.262,7,5,INTC260902P00074000,INTC,2026-09-02,put,74.0,0.0,0.0,0.01,253.0,0.005,0.01,7.0,,,,,,,2026-08-28,90.265,93.665,89.05,89.49,2.331123e6,90.778146
2026-08-28T20:30:56.262,7,5,INTC260902P00075000,INTC,2026-09-02,put,75.0,0.0,0.0,0.08,652.0,0.04,0.02,1.0,,,,,,,2026-08-28,90.265,93.665,89.05,89.49,2.331123e6,90.778146
2026-08-28T20:30:56.262,7,5,INTC260902P00076000,INTC,2026-09-02,put,76.0,0.01,137.0,0.05,616.0,0.030000000000000002,0.04,3.0,0.6324,-0.0127,0.005,-0.0216,0.0034,-0.0002,2026-08-28,90.265,93.665,89.05,89.49,2.331123e6,90.778146
2026-08-28T20:30:56.262,7,5,INTC260902P00077000,INTC,2026-09-02,put,77.0,0.01,1.0,0.15,568.0,0.08,0.05,2.0,0.6846,-0.0283,0.009,-0.0461,0.0068,-0.0004,2026-08-28,90.265,93.665,89.05,89.49,2.331123e6,90.778146
2026-08-28T20:30:56.262,7,5,INTC260902P00078000,INTC,2026-09-02,put,78.0,0.04,993.0,0.08,1192.0,0.06,0.07,3.0,0.6044,-0.0246,0.0091,-0.0362,0.006,-0.0003,2026-08-28,90.265,93.665,89.05,89.49,2.331123e6,90.778146
2026-08-28T20:30:56.262,7,5,INTC260902P00079000,INTC,2026-09-02,put,79.0,0.01,304.0,0.1,494.0,0.055,0.08,1.0,0.5485,-0.0248,0.0101,-0.0331,0.0061,-0.0003,2026-08-28,90.265,93.665,89.05,89.49,2.331123e6,90.778146
2026-08-28T20:30:56.262,7,5,INTC260902P00080000,INTC,2026-09-02,put,80.0,0.03,277.0,0.13,435.0,0.08,0.03,8.0,0.5354,-0.0352,0.0139,-0.0432,0.0081,-0.0004,2026-08-28,90.265,93.665,89.05,89.49,2.331123e6,90.778146
2026-08-28T20:30:56.262,7,5,INTC260902P00081000,INTC,2026-09-02,put,81.0,0.05,907.0,0.1,141.0,0.07500000000000001,0.1,1.0,0.4798,-0.0367,0.016,-0.04,0.0084,-0.0005,2026-08-28,90.265,93.665,89.05,89.49,2.331123e6,90.778146
2026-08-28T20:30:56.262,7,5,INTC260902P00082000,INTC,2026-09-02,put,82.0,0.12,229.0,0.19,610.0,0.155,0.15,4.0,0.5014,-0.066,0.0245,-0.0667,0.0134,-0.0008,2026-08-28,90.265,93.665,89.05,89.49,2.331123e6,90.778146
2026-08-28T20:30:56.262,7,5,INTC260902P00083000,INTC,2026-09-02,put,83.0,0.17,431.0,0.27,699.0,0.22000000000000003,0.21,1.0,0.4872,-0.0908,0.0321,-0.0825,0.0171,-0.0011,2026-08-28,90.265,93.665,89.05,89.49,2.331123e6,90.778146
2026-08-28T20:30:56.262,7,5,INTC260902P00084000,INTC,2026-09-02,put,84.0,0.3,114.0,0.36,101.0,0.32999999999999996,0.32,9.0,0.4824,-0.1279,0.0414,-0.1044,0.0219,-0.0016,2026-08-28,90.265,93.665,89.05,89.49,2.331123e6,90.778146
2026-08-28T20:30:56.262,7,5,INTC260902P00085000,INTC,2026-09-02,put,85.0,0.43,288.0,0.51,237.0,0.47,0.45,2.0,0.4731,-0.1725,0.0516,-0.1248,0.0267,-0.0022,2026-08-28,90.265,93.665,89.05,89.49,2.331123e6,90.778146
2026-08-28T20:30:56.262,7,5,INTC260902P00086000,INTC,2026-09-02,put,86.0,0.61,576.0,0.71,73.0,0.6599999999999999,0.64,1.0,0.4645,-0.228,0.0622,-0.1447,0.0316,-0.0029,2026-08-28,90.265,93.665,89.05,89.49,2.331123e6,90.778146
2026-08-28T20:30:56.262,7,5,INTC260902P00087000,INTC,2026-09-02,put,87.0,0.83,373.0,0.94,127.0,0.885,0.9,1.0,0.4494,-0.2915,0.073,-0.1586,0.0359,-0.0037,2026-08-28,90.265,93.665,89.05,89.49,2.331123e6,90.778146
2026-08-28T20:30:56.262,7,5,INTC260902P00088000,INTC,2026-09-02,put,88.0,1.17,82.0,1.3,141.0,1.2349999999999999,1.24,1.0,0.4495,-0.3701,0.0803,-0.1742,0.0395,-0.0047,2026-08-28,90.265,93.665,89.05,89.49,2.331123e6,90.778146
2026-08-28T20:30:56.262,7,5,INTC260902P00089000,INTC,2026-09-02,put,89.0,1.58,274.0,1.78,79.0,1.6800000000000002,1.61,2.0,0.4527,-0.4537,0.0837,-0.1834,0.0415,-0.0058,2026-08-28,90.265,93.665,89.05,89.49,2.331123e6,90.778146
2026-08-28T20:30:56.262,7,5,INTC260902P00090000,INTC,2026-09-02,put,90.0,2.15,216.0,2.31,71.0,2.23,2.23,2.0,0.4607,-0.5366,0.0824,-0.1865,0.0416,-0.0069,2026-08-28,90.265,93.665,89.05,89.49,2.331123e6,90.778146
2026-08-28T20:30:56.262,7,5,INTC260902P00091000,INTC,2026-09-02,put,91.0,2.74,192.0,2.94,70.0,2.84,2.86,1.0,0.4638,-0.6158,0.0787,-0.1796,0.04,-0.0079,2026-08-28,90.265,93.665,89.05,89.49,2.331123e6,90.778146
2026-08-28T20:30:56.262,7,5,INTC260902P00092000,INTC,2026-09-02,put,92.0,3.4,121.0,3.62,106.0,3.51,3.4,2.0,0.463,-0.6903,0.0728,-0.1643,0.0369,-0.0089,2026-08-28,90.265,93.665,89.05,89.49,2.331123e6,90.778146
2026-08-28T20:30:56.262,7,5,INTC260902P00093000,INTC,2026-09-02,put,93.0,4.07,220.0,4.43,197.0,4.25,4.15,1.0,0.4625,-0.7572,0.0647,-0.1442,0.0327,-0.0099,2026-08-28,90.265,93.665,89.05,89.49,2.331123e6,90.778146
2026-08-28T20:30:56.262,7,5,INTC260902P00094000,INTC,2026-09-02,put,94.0,4.95,200.0,5.18,49.0,5.0649999999999995,4.95,1.0,0.4673,-0.812,0.0552,-0.1241,0.0282,-0.0106,2026-08-28,90.265,93.665,89.05,89.49,2.331123e6,90.778146
2026-08-28T20:30:56.262,7,5,INTC260902P00095000,INTC,2026-09-02,put,95.0,5.71,166.0,6.19,129.0,5.95,5.61,12.0,0.4823,-0.8516,0.0459,-0.1086,0.0242,-0.0112,2026-08-28,90.265,93.665,89.05,89.49,2.331123e6,90.778146
2026-08-28T20:30:56.262,7,5,INTC260902P00096000,INTC,2026-09-02,put,96.0,5.41,1124.0,7.84,876.0,6.625,6.6,1.0,0.3376,-0.9621,0.0233,-0.0199,0.0086,-0.0127,2026-08-28,90.265,93.665,89.05,89.49,2.331123e6,90.778146
2026-08-28T20:30:56.262,7,5,INTC260902P00097000,INTC,2026-09-02,put,97.0,7.17,33.0,8.15,19.0,7.66,7.36,1.0,0.4153,-0.9504,0.0236,-0.0353,0.0107,-0.0127,2026-08-28,90.265,93.665,89.05,89.49,2.331123e6,90.778146
2026-08-28T20:30:56.262,7,5,INTC260902P00098000,INTC,2026-09-02,put,98.0,7.38,168.0,9.63,153.0,8.505,8.7,30.0,,,,,,,2026-08-28,90.265,93.665,89.05,89.49,2.331123e6,90.778146
2026-08-28T20:30:56.262,7,5,INTC260902P00099000,INTC,2026-09-02,put,99.0,8.67,103.0,10.79,83.0,9.73,9.65,1.0,0.5593,-0.9359,0.0214,-0.0641,0.0131,-0.0128,2026-08-28,90.265,93.665,89.05,89.49,2.331123e6,90.778146
2026-08-28T20:30:56.262,7,5,INTC260902P00100000,INTC,2026-09-02,put,100.0,8.72,40.0,10.86,23.0,9.79,7.45,5.0,,,,,,,2026-08-28,90.265,93.665,89.05,89.49,2.331123e6,90.778146
2026-08-28T20:30:56.262,7,5,INTC260902P00101000,INTC,2026-09-02,put,101.0,9.72,37.0,13.35,31.0,11.535,9.98,2.0,,,,,,,2026-08-28,90.265,93.665,89.05,89.49,2.331123e6,90.778146
2026-08-28T20:30:56.262,7,5,INTC260902P00102000,INTC,2026-09-02,put,102.0,11.08,23.0,13.66,24.0,12.370000000000001,,,,,,,,,2026-08-28,90.265,93.665,89.05,89.49,2.331123e6,90.778146
2026-08-28T20:30:56.262,7,5,INTC260902P00103000,INTC,2026-09-02,put,103.0,11.93,23.0,15.08,38.0,13.504999999999999,12.36,1.0,,,,,,,2026-08-28,90.265,93.665,89.05,89.49,2.331123e6,90.778146
2026-08-28T20:30:56.262,7,5,INTC260902P00104000,INTC,2026-09-02,put,104.0,13.33,23.0,15.54,23.0,14.434999999999999,16.49,1.0,,,,,,,2026-08-28,90.265,93.665,89.05,89.49,2.331123e6,90.778146
2026-08-28T20:30:56.262,7,5,INTC260902P00105000,INTC,2026-09-02,put,105.0,13.75,37.0,17.36,23.0,15.555,16.68,3.0,,,,,,,2026-08-28,90.265,93.665,89.05,89.49,2.331123e6,90.778146
2026-08-28T20:30:56.262,7,5,INTC260902P00106000,INTC,2026-09-02,put,106.0,14.93,23.0,17.83,27.0,16.38,,,,,,,,,2026-08-28,90.265,93.665,89.05,89.49,2.331123e6,90.778146
2026-08-28T20:30:56.262,7,5,INTC260902P00107000,INTC,2026-09-02,put,107.0,15.42,29.0,18.71,16.0,17.065,,,,,,,,,2026-08-28,90.265,93.665,89.05,89.49,2.331123e6,90.778146
2026-08-28T20:30:56.262,7,5,INTC260902P00108000,INTC,2026-09-02,put,108.0,16.49,32.0,20.37,39.0,18.43,,,,,,,,,2026-08-28,90.265,93.665,89.05,89.49,2.331123e6,90.778146
2026-08-28T20:30:56.262,7,5,INTC260902P00109000,INTC,2026-09-02,put,109.0,17.62,23.0,21.18,22.0,19.4,,,,,,,,,2026-08-28,90.265,93.665,89.05,89.49,2.331123e6,90.778146
2026-08-28T20:30:56.262,7,5,INTC260902P00110000,INTC,2026-09-02,put,110.0,19.31,23.0,21.9,29.0,20.604999999999997,19.28,3.0,0.7895,-0.9859,0.0043,-0.0188,0.0038,-0.0149,2026-08-28,90.265,93.665,89.05,89.49,2.331123e6,90.778146
2026-08-28T20:30:56.262,7,5,INTC260902P00111000,INTC,2026-09-02,put,111.0,19.46,40.0,23.66,55.0,21.560000000000002,22.75,2.0,,,,,,,2026-08-28,90.265,93.665,89.05,89.49,2.331123e6,90.778146
2026-08-28T20:30:56.262,7,5,INTC260902P00112000,INTC,2026-09-02,put,112.0,21.27,32.0,24.63,27.0,22.95,,,,,,,,,2026-08-28,90.265,93.665,89.05,89.49,2.331123e6,90.778146
2026-08-28T20:30:56.262,7,5,INTC260902P00113000,INTC,2026-09-02,put,113.0,22.47,32.0,24.91,47.0,23.689999999999998,27.05,1.0,,,,,,,2026-08-28,90.265,93.665,89.05,89.49,2.331123e6,90.778146
2026-08-28T20:30:56.262,7,5,INTC260902P00114000,INTC,2026-09-02,put,114.0,23.53,44.0,26.02,23.0,24.775,,,,,,,,,2026-08-28,90.265,93.665,89.05,89.49,2.331123e6,90.778146
2026-08-28T20:30:56.262,7,5,INTC260902P00115000,INTC,2026-09-02,put,115.0,24.24,33.0,27.25,41.0,25.744999999999997,,,,,,,,,2026-08-28,90.265,93.665,89.05,89.49,2.331123e6,90.778146
2026-08-28T20:30:56.262,7,5,INTC260902P00116000,INTC,2026-09-02,put,116.0,24.39,47.0,28.22,23.0,26.305,24.68,1.0,,,,,,,2026-08-28,90.265,93.665,89.05,89.49,2.331123e6,90.778146
2026-08-28T20:30:56.262,7,5,INTC260902P00117000,INTC,2026-09-02,put,117.0,26.08,33.0,29.6,32.0,27.84,,,,,,,,,2026-08-28,90.265,93.665,89.05,89.49,2.331123e6,90.778146
2026-08-28T20:30:56.262,7,5,INTC260902P00118000,INTC,2026-09-02,put,118.0,26.14,35.0,30.28,36.0,28.21,26.57,1.0,,,,,,,2026-08-28,90.265,93.665,89.05,89.49,2.331123e6,90.778146
2026-08-28T20:30:56.262,7,5,INTC260902P00119000,INTC,2026-09-02,put,119.0,28.4,19.0,31.6,45.0,30.0,,,,,,,,,2026-08-28,90.265,93.665,89.05,89.49,2.331123e6,90.778146
2026-08-28T20:30:56.262,7,5,INTC260902P00120000,INTC,2026-09-02,put,120.0,29.05,19.0,32.64,20.0,30.845,26.99,1.0,,,,,,,2026-08-28,90.265,93.665,89.05,89.49,2.331123e6,90.778146
2026-08-28T20:30:56.262,7,5,INTC260902P00121000,INTC,2026-09-02,put,121.0,30.98,43.0,32.91,13.0,31.945,,,,,,,,,2026-08-28,90.265,93.665,89.05,89.49,2.331123e6,90.778146
2026-08-28T20:30:56.262,7,5,INTC260902P00122000,INTC,2026-09-02,put,122.0,31.76,19.0,34.79,16.0,33.275,,,,,,,,,2026-08-28,90.265,93.665,89.05,89.49,2.331123e6,90.778146
2026-08-28T20:30:56.262,7,5,INTC260902P00123000,INTC,2026-09-02,put,123.0,31.38,42.0,35.13,15.0,33.255,,,,,,,,,2026-08-28,90.265,93.665,89.05,89.49,2.331123e6,90.778146
2026-08-28T20:30:56.262,7,5,INTC260902P00124000,INTC,2026-09-02,put,124.0,32.38,27.0,36.69,44.0,34.535,,,,,,,,,2026-08-28,90.265,93.665,89.05,89.49,2.331123e6,90.778146
2026-08-28T20:30:56.262,7,5,INTC260902P00125000,INTC,2026-09-02,put,125.0,34.43,19.0,36.86,44.0,35.644999999999996,33.34,2.0,,,,,,,2026-08-28,90.265,93.665,89.05,89.49,2.331123e6,90.778146
2026-08-28T20:30:56.262,7,5,INTC260902P00126000,INTC,2026-09-02,put,126.0,35.74,18.0,37.61,13.0,36.675,,,,,,,,,2026-08-28,90.265,93.665,89.05,89.49,2.331123e6,90.778146
2026-08-28T20:30:56.262,7,5,INTC260902P00127000,INTC,2026-09-02,put,127.0,36.38,19.0,39.2,44.0,37.790000000000006,,,,,,,,,2026-08-28,90.265,93.665,89.05,89.49,2.331123e6,90.778146
2026-08-28T20:30:56.262,7,5,INTC260902P00128000,INTC,2026-09-02,put,128.0,37.84,19.0,39.45,15.0,38.645,,,,,,,,,2026-08-28,90.265,93.665,89.05,89.49,2.331123e6,90.778146
2026-08-28T20:30:56.262,7,5,INTC260902P00129000,INTC,2026-09-02,put,129.0,38.11,19.0,41.05,16.0,39.58,,,,,,,,,2026-08-28,90.265,93.665,89.05,89.49,2.331123e6,90.778146
2026-08-28T20:30:56.262,7,5,INTC260902P00130000,INTC,2026-09-02,put,130.0,38.73,19.0,41.62,12.0,40.175,36.93,2.0,,,,,,,2026-08-28,90.265,93.665,89.05,89.49,2.331123e6,90.778146
2026-08-28T20:30:56.262,7,5,INTC260902P00131000,INTC,2026-09-02,put,131.0,39.52,19.0,42.44,25.0,40.980000000000004,,,,,,,,,2026-08-28,90.265,93.665,89.05,89.49,2.331123e6,90.778146
2026-08-28T20:30:56.262,7,5,INTC260902P00132000,INTC,2026-09-02,put,132.0,40.92,32.0,44.42,18.0,42.67,,,,,,,,,2026-08-28,90.265,93.665,89.05,89.49,2.331123e6,90.778146
2026-08-28T20:30:56.262,7,5,INTC260902P00135000,INTC,2026-09-02,put,135.0,45.18,19.0,47.65,22.0,46.415,,,,,,,,,2026-08-28,90.265,93.665,89.05,89.49,2.331123e6,90.778146
2026-08-28T20:30:56.262,7,5,INTC260902P00140000,INTC,2026-09-02,put,140.0,48.74,19.0,52.85,16.0,50.795,,,,,,,,,2026-08-28,90.265,93.665,89.05,89.49,2.331123e6,90.778146
2026-08-28T20:30:56.262,7,5,INTC260902P00145000,INTC,2026-09-02,put,145.0,53.98,32.0,58.11,41.0,56.045,,,,,,,,,2026-08-28,90.265,93.665,89.05,89.49,2.331123e6,90.778146
2026-08-28T20:30:56.262,7,5,INTC260902P00150000,INTC,2026-09-02,put,150.0,59.61,33.0,61.28,20.0,60.445,,,,,,,,,2026-08-28,90.265,93.665,89.05,89.49,2.331123e6,90.778146
2026-08-28T20:30:56.262,7,5,INTC260902P00155000,INTC,2026-09-02,put,155.0,65.379,25.0,66.51,20.0,65.9445,,,,,,,,,2026-08-28,90.265,93.665,89.05,89.49,2.331123e6,90.778146
2026-08-28T20:30:56.262,7,7,INTC260904C00055000,INTC,2026-09-04,call,55.0,32.29,23.0,35.62,20.0,33.955,32.0,1.0,,,,,,,2026-08-28,90.265,93.665,89.05,89.49,2.331123e6,90.778146
2026-08-28T20:30:56.262,7,7,INTC260904C00060000,INTC,2026-09-04,call,60.0,28.96,237.0,31.37,334.0,30.165,30.85,1.0,,,,,,,2026-08-28,90.265,93.665,89.05,89.49,2.331123e6,90.778146
2026-08-28T20:30:56.262,7,7,INTC260904C00065000,INTC,2026-09-04,call,65.0,23.01,23.0,25.95,34.0,24.48,24.66,1.0,,,,,,,2026-08-28,90.265,93.665,89.05,89.49,2.331123e6,90.778146
2026-08-28T20:30:56.262,7,7,INTC260904C00070000,INTC,2026-09-04,call,70.0,18.09,617.0,21.41,429.0,19.75,21.71,2.0,,,,,,,2026-08-28,90.265,93.665,89.05,89.49,2.331123e6,90.778146
2026-08-28T20:30:56.262,7,7,INTC260904C00071000,INTC,2026-09-04,call,71.0,17.6,23.0,20.21,37.0,18.905,17.58,1.0,,,,,,,2026-08-28,90.265,93.665,89.05,89.49,2.331123e6,90.778146
2026-08-28T20:30:56.262,7,7,INTC260904C00072000,INTC,2026-09-04,call,72.0,17.21,23.0,19.15,32.0,18.18,16.07,1.0,,,,,,,2026-08-28,90.265,93.665,89.05,89.49,2.331123e6,90.778146
2026-08-28T20:30:56.262,7,7,INTC260904C00073000,INTC,2026-09-04,call,73.0,14.93,51.0,18.75,32.0,16.84,18.3,5.0,1.0358,0.9316,0.0103,-0.1274,0.0163,0.0127,2026-08-28,90.265,93.665,89.05,89.49,2.331123e6,90.778146
2026-08-28T20:30:56.262,7,7,INTC260904C00074000,INTC,2026-09-04,call,74.0,13.79,58.0,17.44,33.0,15.615,17.57,1.0,0.8214,0.9576,0.0089,-0.0726,0.0112,0.0134,2026-08-28,90.265,93.665,89.05,89.49,2.331123e6,90.778146
2026-08-28T20:30:56.262,7,7,INTC260904C00075000,INTC,2026-09-04,call,75.0,13.05,518.0,15.76,345.0,14.405000000000001,14.7,1.0,,,,,,,2026-08-28,90.265,93.665,89.05,89.49,2.331123e6,90.778146
2026-08-28T20:30:56.262,7,7,INTC260904C00076000,INTC,2026-09-04,call,76.0,12.17,126.0,15.53,109.0,13.85,15.18,5.0,0.8771,0.9195,0.0138,-0.1227,0.0185,0.0131,2026-08-28,90.265,93.665,89.05,89.49,2.331123e6,90.778146
2026-08-28T20:30:56.262,7,7,INTC260904C00077000,INTC,2026-09-04,call,77.0,11.63,57.0,14.46,49.0,13.045000000000002,15.26,1.0,0.9153,0.8935,0.0162,-0.1554,0.0227,0.0128,2026-08-28,90.265,93.665,89.05,89.49,2.331123e6,90.778146
2026-08-28T20:30:56.262,7,7,INTC260904C00078000,INTC,2026-09-04,call,78.0,11.2,53.0,13.81,139.0,12.504999999999999,14.37,1.0,1.0306,0.8486,0.0184,-0.2201,0.029,0.0121,2026-08-28,90.265,93.665,89.05,89.49,2.331123e6,90.778146
2026-08-28T20:30:56.262,7,7,INTC260904C00079000,INTC,2026-09-04,call,79.0,9.95,52.0,12.82,39.0,11.385,10.0,1.0,0.9252,0.8492,0.0204,-0.1978,0.029,0.0124,2026-08-28,90.265,93.665,89.05,89.49,2.331123e6,90.778146
2026-08-28T20:30:56.262,7,7,INTC260904C00080000,INTC,2026-09-04,call,80.0,9.44,326.0,11.02,1003.0,10.23,10.46,2.0,0.8089,0.8536,0.0229,-0.1706,0.0284,0.0127,2026-08-28,90.265,93.665,89.05,89.49,2.331123e6,90.778146
2026-08-28T20:30:56.262,7,7,INTC260904C00081000,INTC,2026-09-04,call,81.0,8.28,306.0,10.32,674.0,9.3,8.8,19.0,0.7707,0.837,0.0258,-0.1743,0.0305,0.0126,2026-08-28,90.265,93.665,89.05,89.49,2.331123e6,90.778146
2026-08-28T20:30:56.262,7,7,INTC260904C00082000,INTC,2026-09-04,call,82.0,7.17,567.0,8.27,413.0,7.72,8.11,1.0,0.4935,0.9041,0.0279,-0.0815,0.0211,0.014,2026-08-28,90.265,93.665,89.05,89.49,2.331123e6,90.778146
2026-08-28T20:30:56.262,7,7,INTC260904C00083000,INTC,2026-09-04,call,83.0,6.13,743.0,7.5,530.0,6.8149999999999995,8.2,12.0,0.4813,0.8759,0.0344,-0.0943,0.0253,0.0137,2026-08-28,90.265,93.665,89.05,89.49,2.331123e6,90.778146
2026-08-28T20:30:56.262,7,7,INTC260904C00084000,INTC,2026-09-04,call,84.0,5.75,311.0,6.57,238.0,6.16,6.34,1.0,0.5388,0.8102,0.0407,-0.1358,0.0336,0.0127,2026-08-28,90.265,93.665,89.05,89.49,2.331123e6,90.778146
2026-08-28T20:30:56.262,7,7,INTC260904C00085000,INTC,2026-09-04,call,85.0,5.24,375.0,5.69,802.0,5.465,5.3,2.0,0.557,0.7577,0.0453,-0.1601,0.0387,0.0119,2026-08-28,90.265,93.665,89.05,89.49,2.331123e6,90.778146
2026-08-28T20:30:56.262,7,7,INTC260904C00086000,INTC,2026-09-04,call,86.0,4.38,129.0,4.67,71.0,4.525,4.66,1.0,0.5013,0.7258,0.0537,-0.1537,0.0412,0.0116,2026-08-28,90.265,93.665,89.05,89.49,2.331123e6,90.778146
2026-08-28T20:30:56.262,7,7,INTC260904C00087000,INTC,2026-09-04,call,87.0,3.87,62.0,4.15,191.0,4.01,4.1,1.0,0.5361,0.6591,0.0553,-0.1793,0.0454,0.0105,2026-08-28,90.265,93.665,89.05,89.49,2.331123e6,90.778146
2026-08-28T20:30:56.262,7,7,INTC260904C00088000,INTC,2026-09-04,call,88.0,3.28,60.0,3.44,510.0,3.36,3.44,5.0,0.5259,0.6024,0.0593,-0.1844,0.0477,0.0097,2026-08-28,90.265,93.665,89.05,89.49,2.331123e6,90.778146
2026-08-28T20:30:56.262,7,7,INTC260904C00089000,INTC,2026-09-04,call,89.0,2.72,84.0,2.92,242.0,2.8200000000000003,2.8,1.0,0.5265,0.5416,0.0609,-0.1892,0.0491,0.0087,2026-08-28,90.265,93.665,89.05,89.49,2.331123e6,90.778146
2026-08-28T20:30:56.262,7,7,INTC260904C00090000,INTC,2026-09-04,call,90.0,2.28,66.0,2.44,216.0,2.36,2.3,1.0,0.5309,0.4809,0.0606,-0.1911,0.0493,0.0078,2026-08-28,90.265,93.665,89.05,89.49,2.331123e6,90.778146
2026-08-28T20:30:56.262,7,7,INTC260904C00091000,INTC,2026-09-04,call,91.0,1.88,436.0,2.029,244.0,1.9545,1.93,1.0,0.5343,0.4222,0.0592,-0.1884,0.0484,0.0069,2026-08-28,90.265,93.665,89.05,89.49,2.331123e6,90.778146
2026-08-28T20:30:56.262,7,7,INTC260904C00092000,INTC,2026-09-04,call,92.0,1.55,88.0,1.6,108.0,1.5750000000000002,1.58,5.0,0.5312,0.3645,0.0571,-0.1795,0.0465,0.0059,2026-08-28,90.265,93.665,89.05,89.49,2.331123e6,90.778146
2026-08-28T20:30:56.262,7,7,INTC260904C00093000,INTC,2026-09-04,call,93.0,1.24,3.0,1.3,10.0,1.27,1.29,1.0,0.5325,0.3113,0.0536,-0.1691,0.0438,0.0051,2026-08-28,90.265,93.665,89.05,89.49,2.331123e6,90.778146
2026-08-28T20:30:56.262,7,7,INTC260904C00094000,INTC,2026-09-04,call,94.0,1.02,57.0,1.06,115.0,1.04,1.03,1.0,0.5403,0.2654,0.049,-0.1589,0.0406,0.0043,2026-08-28,90.265,93.665,89.05,89.49,2.331123e6,90.778146
2026-08-28T20:30:56.262,7,7,INTC260904C00095000,INTC,2026-09-04,call,95.0,0.82,98.0,0.84,38.0,0.83,0.82,1.0,0.543,0.2224,0.0443,-0.145,0.0369,0.0037,2026-08-28,90.265,93.665,89.05,89.49,2.331123e6,90.778146
2026-08-28T20:30:56.262,7,7,INTC260904C00096000,INTC,2026-09-04,call,96.0,0.67,1.0,0.73,80.0,0.7,0.68,3.0,0.5586,0.1905,0.0393,-0.1359,0.0336,0.0031,2026-08-28,90.265,93.665,89.05,89.49,2.331123e6,90.778146
2026-08-28T20:30:56.262,7,7,INTC260904C00097000,INTC,2026-09-04,call,97.0,0.48,88.0,0.56,124.0,0.52,0.55,1.0,0.5497,0.1521,0.0346,-0.1157,0.0291,0.0025,2026-08-28,90.265,93.665,89.05,89.49,2.331123e6,90.778146
2026-08-28T20:30:56.262,7,7,INTC260904C00098000,INTC,2026-09-04,call,98.0,0.39,12.0,0.48,402.0,0.435,0.43,1.0,0.5637,0.1289,0.0301,-0.1059,0.026,0.0021,2026-08-28,90.265,93.665,89.05,89.49,2.331123e6,90.778146
2026-08-28T20:30:56.262,7,7,INTC260904C00099000,INTC,2026-09-04,call,99.0,0.33,474.0,0.4,561.0,0.365,0.35,10.0,0.5775,0.1094,0.0262,-0.0966,0.0232,0.0018,2026-08-28,90.265,93.665,89.05,89.49,2.331123e6,90.778146
2026-08-28T20:30:56.262,7,7,INTC260904C00100000,INTC,2026-09-04,call,100.0,0.24,53.0,0.28,200.0,0.26,0.27,7.0,0.5672,0.0836,0.0219,-0.0778,0.019,0.0014,2026-08-28,90.265,93.665,89.05,89.49,2.331123e6,90.778146
2026-08-28T20:30:56.262,7,7,INTC260904C00101000,INTC,2026-09-04,call,101.0,0.22,540.0,0.26,163.0,0.24,0.23,30.0,0.5935,0.0753,0.0193,-0.0751,0.0176,0.0012,2026-08-28,90.265,93.665,89.05,89.49,2.331123e6,90.778146
2026-08-28T20:30:56.262,7,7,INTC260904C00102000,INTC,2026-09-04,call,102.0,0.16,1212.0,0.23,753.0,0.195,0.2,1.0,0.6016,0.0624,0.0165,-0.0658,0.0152,0.001,2026-08-28,90.265,93.665,89.05,89.49,2.331123e6,90.778146
2026-08-28T20:30:56.262,7,7,INTC260904C00103000,INTC,2026-09-04,call,103.0,0.14,341.0,0.19,360.0,0.165,0.14,2.0,0.6145,0.0531,0.0142,-0.0592,0.0134,0.0009,2026-08-28,90.265,93.665,89.05,89.49,2.331123e6,90.778146
2026-08-28T20:30:56.262,7,7,INTC260904C00104000,INTC,2026-09-04,call,104.0,0.06,926.0,0.16,411.0,0.11,0.12,1.0,0.6,0.0381,0.0111,-0.0442,0.0102,0.0006,2026-08-28,90.265,93.665,89.05,89.49,2.331123e6,90.778146
2026-08-28T20:30:56.262,7,7,INTC260904C00105000,INTC,2026-09-04,call,105.0,0.1,132.0,0.11,54.0,0.10500000000000001,0.1,3.0,0.6254,0.0353,0.01,-0.0433,0.0096,0.0006,2026-08-28,90.265,93.665,89.05,89.49,2.331123e6,90.778146
2026-08-28T20:30:56.262,7,7,INTC260904C00106000,INTC,2026-09-04,call,106.0,0.03,770.0,0.13,1169.0,0.08,0.08,1.0,0.6263,0.0277,0.0082,-0.0355,0.0079,0.0005,2026-08-28,90.265,93.665,89.05,89.49,2.331123e6,90.778146
2026-08-28T20:30:56.262,7,7,INTC260904C00107000,INTC,2026-09-04,call,107.0,0.06,546.0,0.11,492.0,0.08499999999999999,0.07,1.0,0.6611,0.0279,0.0078,-0.0377,0.0079,0.0005,2026-08-28,90.265,93.665,89.05,89.49,2.331123e6,90.778146
2026-08-28T20:30:56.262,7,7,INTC260904C00108000,INTC,2026-09-04,call,108.0,0.06,118.0,0.08,219.0,0.07,0.06,1.0,0.6686,0.0233,0.0067,-0.0328,0.0068,0.0004,2026-08-28,90.265,93.665,89.05,89.49,2.331123e6,90.778146
2026-08-28T20:30:56.262,7,7,INTC260904C00109000,INTC,2026-09-04,call,109.0,0.04,821.0,0.05,975.0,0.045,0.05,10.0,0.6525,0.016,0.005,-0.0233,0.005,0.0003,2026-08-28,90.265,93.665,89.05,89.49,2.331123e6,90.778146
2026-08-28T20:30:56.262,7,7,INTC260904C00110000,INTC,2026-09-04,call,110.0,0.04,1032.0,0.05,910.0,0.045,0.04,2.0,0.678,0.0155,0.0046,-0.0235,0.0048,0.0003,2026-08-28,90.265,93.665,89.05,89.49,2.331123e6,90.778146
2026-08-28T20:30:56.262,7,7,INTC260904C00111000,INTC,2026-09-04,call,111.0,0.01,118.0,0.08,332.0,0.045,0.09,10.0,0.7031,0.015,0.0044,-0.0237,0.0047,0.0002,2026-08-28,90.265,93.665,89.05,89.49,2.331123e6,90.778146
2026-08-28T20:30:56.262,7,7,INTC260904C00112000,INTC,2026-09-04,call,112.0,0.01,192.0,0.08,869.0,0.045,0.04,1.0,0.7278,0.0146,0.0041,-0.0239,0.0046,0.0002,2026-08-28,90.265,93.665,89.05,89.49,2.331123e6,90.778146
2026-08-28T20:30:56.262,7,7,INTC260904C00113000,INTC,2026-09-04,call,113.0,0.04,134.0,0.07,445.0,0.05500000000000001,0.1,9.0,0.7731,0.0166,0.0043,-0.0284,0.0051,0.0003,2026-08-28,90.265,93.665,89.05,89.49,2.331123e6,90.778146
2026-08-28T20:30:56.262,7,7,INTC260904C00114000,INTC,2026-09-04,call,114.0,0.0,0.0,0.03,311.0,0.015,0.03,1.0,,,,,,,2026-08-28,90.265,93.665,89.05,89.49,2.331123e6,90.778146
2026-08-28T20:30:56.262,7,7,INTC260904C00115000,INTC,2026-09-04,call,115.0,0.01,29.0,0.02,381.0,0.015,0.02,1.0,0.7015,0.0056,0.0018,-0.0099,0.002,0.0001,2026-08-28,90.265,93.665,89.05,89.49,2.331123e6,90.778146
2026-08-28T20:30:56.262,7,7,INTC260904C00116000,INTC,2026-09-04,call,116.0,0.0,0.0,0.02,850.0,0.01,0.03,3.0,,,,,,,2026-08-28,90.265,93.665,89.05,89.49,2.331123e6,90.778146
2026-08-28T20:30:56.262,7,7,INTC260904C00117000,INTC,2026-09-04,call,117.0,0.0,0.0,0.02,285.0,0.01,0.1,1.0,,,,,,,2026-08-28,90.265,93.665,89.05,89.49,2.331123e6,90.778146
2026-08-28T20:30:56.262,7,7,INTC260904C00118000,INTC,2026-09-04,call,118.0,0.01,20.0,0.02,104.0,0.015,0.03,9.0,0.7643,0.0052,0.0016,-0.0101,0.0018,0.0001,2026-08-28,90.265,93.665,89.05,89.49,2.331123e6,90.778146
2026-08-28T20:30:56.262,7,7,INTC260904C00119000,INTC,2026-09-04,call,119.0,0.0,0.0,0.05,129.0,0.025,0.01,5.0,,,,,,,2026-08-28,90.265,93.665,89.05,89.49,2.331123e6,90.778146
2026-08-28T20:30:56.262,7,7,INTC260904C00120000,INTC,2026-09-04,call,120.0,0.01,108.0,0.04,65.0,0.025,0.03,4.0,,,,,,,2026-08-28,90.265,93.665,89.05,89.49,2.331123e6,90.778146
2026-08-28T20:30:56.262,7,7,INTC260904C00121000,INTC,2026-09-04,call,121.0,0.03,2.0,0.05,186.0,0.04,0.01,3.0,,,,,,,2026-08-28,90.265,93.665,89.05,89.49,2.331123e6,90.778146
2026-08-28T20:30:56.262,7,7,INTC260904C00122000,INTC,2026-09-04,call,122.0,0.0,0.0,0.05,87.0,0.025,0.04,1.0,,,,,,,2026-08-28,90.265,93.665,89.05,89.49,2.331123e6,90.778146
2026-08-28T20:30:56.262,7,7,INTC260904C00123000,INTC,2026-09-04,call,123.0,0.0,0.0,0.01,107.0,0.005,0.01,1.0,,,,,,,2026-08-28,90.265,93.665,89.05,89.49,2.331123e6,90.778146
2026-08-28T20:30:56.262,7,7,INTC260904C00124000,INTC,2026-09-04,call,124.0,0.0,0.0,0.01,203.0,0.005,0.02,1.0,,,,,,,2026-08-28,90.265,93.665,89.05,89.49,2.331123e6,90.778146
2026-08-28T20:30:56.262,7,7,INTC260904C00125000,INTC,2026-09-04,call,125.0,0.0,0.0,0.02,376.0,0.01,0.01,11.0,,,,,,,2026-08-28,90.265,93.665,89.05,89.49,2.331123e6,90.778146
2026-08-28T20:30:56.262,7,7,INTC260904C00126000,INTC,2026-09-04,call,126.0,0.0,0.0,0.02,1091.0,0.01,0.02,1.0,,,,,,,2026-08-28,90.265,93.665,89.05,89.49,2.331123e6,90.778146
2026-08-28T20:30:56.262,7,7,INTC260904C00127000,INTC,2026-09-04,call,127.0,0.0,0.0,0.03,18.0,0.015,0.01,1.0,,,,,,,2026-08-28,90.265,93.665,89.05,89.49,2.331123e6,90.778146
2026-08-28T20:30:56.262,7,7,INTC260904C00128000,INTC,2026-09-04,call,128.0,0.0,0.0,0.02,934.0,0.01,0.03,1.0,,,,,,,2026-08-28,90.265,93.665,89.05,89.49,2.331123e6,90.778146
2026-08-28T20:30:56.262,7,7,INTC260904C00129000,INTC,2026-09-04,call,129.0,0.0,0.0,0.02,206.0,0.01,0.03,1.0,,,,,,,2026-08-28,90.265,93.665,89.05,89.49,2.331123e6,90.778146
2026-08-28T20:30:56.262,7,7,INTC260904C00130000,INTC,2026-09-04,call,130.0,0.0,0.0,0.04,2.0,0.02,0.02,1.0,,,,,,,2026-08-28,90.265,93.665,89.05,89.49,2.331123e6,90.778146
2026-08-28T20:30:56.262,7,7,INTC260904C00131000,INTC,2026-09-04,call,131.0,0.0,0.0,0.02,601.0,0.01,0.01,1.0,,,,,,,2026-08-28,90.265,93.665,89.05,89.49,2.331123e6,90.778146
2026-08-28T20:30:56.262,7,7,INTC260904C00132000,INTC,2026-09-04,call,132.0,0.0,0.0,0.1,1158.0,0.05,0.01,1.0,,,,,,,2026-08-28,90.265,93.665,89.05,89.49,2.331123e6,90.778146
2026-08-28T20:30:56.262,7,7,INTC260904C00133000,INTC,2026-09-04,call,133.0,0.0,0.0,0.15,401.0,0.075,0.08,1.0,,,,,,,2026-08-28,90.265,93.665,89.05,89.49,2.331123e6,90.778146
2026-08-28T20:30:56.262,7,7,INTC260904C00134000,INTC,2026-09-04,call,134.0,0.0,0.0,0.1,59.0,0.05,0.02,2.0,,,,,,,2026-08-28,90.265,93.665,89.05,89.49,2.331123e6,90.778146
2026-08-28T20:30:56.262,7,7,INTC260904C00135000,INTC,2026-09-04,call,135.0,0.0,0.0,0.05,1096.0,0.025,0.01,1.0,,,,,,,2026-08-28,90.265,93.665,89.05,89.49,2.331123e6,90.778146
2026-08-28T20:30:56.262,7,7,INTC260904C00136000,INTC,2026-09-04,call,136.0,0.0,0.0,0.12,1156.0,0.06,0.01,1.0,,,,,,,2026-08-28,90.265,93.665,89.05,89.49,2.331123e6,90.778146
2026-08-28T20:30:56.262,7,7,INTC260904C00137000,INTC,2026-09-04,call,137.0,0.0,0.0,0.11,1120.0,0.055,0.03,15.0,,,,,,,2026-08-28,90.265,93.665,89.05,89.49,2.331123e6,90.778146
2026-08-28T20:30:56.262,7,7,INTC260904C00138000,INTC,2026-09-04,call,138.0,0.0,0.0,0.19,595.0,0.095,0.41,1.0,,,,,,,2026-08-28,90.265,93.665,89.05,89.49,2.331123e6,90.778146
2026-08-28T20:30:56.262,7,7,INTC260904C00139000,INTC,2026-09-04,call,139.0,0.0,0.0,0.12,1150.0,0.06,0.67,25.0,,,,,,,2026-08-28,90.265,93.665,89.05,89.49,2.331123e6,90.778146
2026-08-28T20:30:56.262,7,7,INTC260904C00140000,INTC,2026-09-04,call,140.0,0.0,0.0,0.08,578.0,0.04,0.02,1.0,,,,,,,2026-08-28,90.265,93.665,89.05,89.49,2.331123e6,90.778146
2026-08-28T20:30:56.262,7,7,INTC260904C00141000,INTC,2026-09-04,call,141.0,0.0,0.0,0.19,1165.0,0.095,0.1,5.0,,,,,,,2026-08-28,90.265,93.665,89.05,89.49,2.331123e6,90.778146
2026-08-28T20:30:56.262,7,7,INTC260904C00142000,INTC,2026-09-04,call,142.0,0.0,0.0,0.17,424.0,0.085,0.03,2.0,,,,,,,2026-08-28,90.265,93.665,89.05,89.49,2.331123e6,90.778146
2026-08-28T20:30:56.262,7,7,INTC260904C00143000,INTC,2026-09-04,call,143.0,0.0,0.0,0.21,131.0,0.105,0.68,1.0,,,,,,,2026-08-28,90.265,93.665,89.05,89.49,2.331123e6,90.778146
2026-08-28T20:30:56.262,7,7,INTC260904C00144000,INTC,2026-09-04,call,144.0,0.0,0.0,0.21,181.0,0.105,0.8,2.0,,,,,,,2026-08-28,90.265,93.665,89.05,89.49,2.331123e6,90.778146
2026-08-28T20:30:56.262,7,7,INTC260904C00145000,INTC,2026-09-04,call,145.0,0.0,0.0,0.21,203.0,0.105,0.01,2.0,,,,,,,2026-08-28,90.265,93.665,89.05,89.49,2.331123e6,90.778146
2026-08-28T20:30:56.262,7,7,INTC260904C00146000,INTC,2026-09-04,call,146.0,0.0,0.0,0.21,56.0,0.105,0.21,10.0,,,,,,,2026-08-28,90.265,93.665,89.05,89.49,2.331123e6,90.778146
2026-08-28T20:30:56.262,7,7,INTC260904C00147000,INTC,2026-09-04,call,147.0,0.0,0.0,0.08,24.0,0.04,0.05,1.0,,,,,,,2026-08-28,90.265,93.665,89.05,89.49,2.331123e6,90.778146
2026-08-28T20:30:56.262,7,7,INTC260904C00148000,INTC,2026-09-04,call,148.0,0.0,0.0,0.22,34.0,0.11,0.01,2.0,,,,,,,2026-08-28,90.265,93.665,89.05,89.49,2.331123e6,90.778146
2026-08-28T20:30:56.262,7,7,INTC260904C00149000,INTC,2026-09-04,call,149.0,0.0,0.0,0.18,442.0,0.09,0.24,1.0,,,,,,,2026-08-28,90.265,93.665,89.05,89.49,2.331123e6,90.778146
2026-08-28T20:30:56.262,7,7,INTC260904C00150000,INTC,2026-09-04,call,150.0,0.0,0.0,0.06,27.0,0.03,0.01,1.0,,,,,,,2026-08-28,90.265,93.665,89.05,89.49,2.331123e6,90.778146
2026-08-28T20:30:56.262,7,7,INTC260904C00155000,INTC,2026-09-04,call,155.0,0.0,0.0,0.08,20.0,0.04,0.01,5.0,,,,,,,2026-08-28,90.265,93.665,89.05,89.49,2.331123e6,90.778146
2026-08-28T20:30:56.262,7,7,INTC260904C00160000,INTC,2026-09-04,call,160.0,0.0,0.0,0.04,1.0,0.02,0.01,1.0,,,,,,,2026-08-28,90.265,93.665,89.05,89.49,2.331123e6,90.778146
2026-08-28T20:30:56.262,7,7,INTC260904C00165000,INTC,2026-09-04,call,165.0,0.0,0.0,4.83,21.0,2.415,0.04,2.0,,,,,,,2026-08-28,90.265,93.665,89.05,89.49,2.331123e6,90.778146
2026-08-28T20:30:56.262,7,7,INTC260904P00055000,INTC,2026-09-04,put,55.0,0.0,0.0,0.01,10.0,0.005,0.01,84.0,,,,,,,2026-08-28,90.265,93.665,89.05,89.49,2.331123e6,90.778146
2026-08-28T20:30:56.262,7,7,INTC260904P00060000,INTC,2026-09-04,put,60.0,0.0,0.0,0.01,55.0,0.005,0.02,1.0,,,,,,,2026-08-28,90.265,93.665,89.05,89.49,2.331123e6,90.778146
2026-08-28T20:30:56.262,7,7,INTC260904P00065000,INTC,2026-09-04,put,65.0,0.03,118.0,0.04,3.0,0.035,0.03,1.0,,,,,,,2026-08-28,90.265,93.665,89.05,89.49,2.331123e6,90.778146
2026-08-28T20:30:56.262,7,7,INTC260904P00070000,INTC,2026-09-04,put,70.0,0.04,122.0,0.06,32.0,0.05,0.05,1.0,0.8216,-0.0135,0.0034,-0.025,0.0043,-0.0002,2026-08-28,90.265,93.665,89.05,89.49,2.331123e6,90.778146
2026-08-28T20:30:56.262,7,7,INTC260904P00071000,INTC,2026-09-04,put,71.0,0.03,434.0,0.08,502.0,0.055,0.05,1.0,0.7907,-0.0153,0.0039,-0.0267,0.0048,-0.0003,2026-08-28,90.265,93.665,89.05,89.49,2.331123e6,90.778146
2026-08-28T20:30:56.262,7,7,INTC260904P00072000,INTC,2026-09-04,put,72.0,0.05,62.0,0.12,1065.0,0.08499999999999999,0.06,1.0,0.8012,-0.0222,0.0053,-0.0372,0.0065,-0.0004,2026-08-28,90.265,93.665,89.05,89.49,2.331123e6,90.778146
2026-08-28T20:30:56.262,7,7,INTC260904P00073000,INTC,2026-09-04,put,73.0,0.06,662.0,0.08,155.0,0.07,0.05,3.0,0.7341,-0.0202,0.0054,-0.0316,0.0061,-0.0004,2026-08-28,90.265,93.665,89.05,89.49,2.331123e6,90.778146
2026-08-28T20:30:56.262,7,7,INTC260904P00074000,INTC,2026-09-04,put,74.0,0.07,198.0,0.09,115.0,0.08,0.07,5.0,0.7069,-0.0236,0.0064,-0.0346,0.0069,-0.0004,2026-08-28,90.265,93.665,89.05,89.49,2.331123e6,90.778146
2026-08-28T20:30:56.262,7,7,INTC260904P00075000,INTC,2026-09-04,put,75.0,0.04,132.0,0.06,145.0,0.05,0.06,8.0,0.6164,-0.0176,0.0057,-0.0235,0.0054,-0.0003,2026-08-28,90.265,93.665,89.05,89.49,2.331123e6,90.778146
2026-08-28T20:30:56.262,7,7,INTC260904P00076000,INTC,2026-09-04,put,76.0,0.09,77.0,0.15,412.0,0.12,0.1,7.0,0.668,-0.0354,0.0094,-0.0457,0.0097,-0.0006,2026-08-28,90.265,93.665,89.05,89.49,2.331123e6,90.778146
2026-08-28T20:30:56.262,7,7,INTC260904P00077000,INTC,2026-09-04,put,77.0,0.06,1047.0,0.14,295.0,0.1,0.08,1.0,0.6026,-0.0331,0.0099,-0.039,0.0091,-0.0006,2026-08-28,90.265,93.665,89.05,89.49,2.331123e6,90.778146
2026-08-28T20:30:56.262,7,7,INTC260904P00078000,INTC,2026-09-04,put,78.0,0.1,129.0,0.12,61.0,0.11,0.12,20.0,0.5693,-0.0379,0.0117,-0.0411,0.0102,-0.0007,2026-08-28,90.265,93.665,89.05,89.49,2.331123e6,90.778146
2026-08-28T20:30:56.262,7,7,INTC260904P00079000,INTC,2026-09-04,put,79.0,0.12,34.0,0.18,28.0,0.15,0.15,1.0,0.5592,-0.0503,0.015,-0.0508,0.0128,-0.0009,2026-08-28,90.265,93.665,89.05,89.49,2.331123e6,90.778146
2026-08-28T20:30:56.262,7,7,INTC260904P00080000,INTC,2026-09-04,put,80.0,0.17,61.0,0.19,30.0,0.18,0.19,10.0,0.5343,-0.0612,0.0183,-0.0566,0.015,-0.0011,2026-08-28,90.265,93.665,89.05,89.49,2.331123e6,90.778146
2026-08-28T20:30:56.262,7,7,INTC260904P00081000,INTC,2026-09-04,put,81.0,0.23,39.0,0.32,384.0,0.275,0.25,2.0,0.5405,-0.0866,0.0236,-0.0746,0.0195,-0.0015,2026-08-28,90.265,93.665,89.05,89.49,2.331123e6,90.778146
2026-08-28T20:30:56.262,7,7,INTC260904P00082000,INTC,2026-09-04,put,82.0,0.31,136.0,0.4,277.0,0.355,0.35,2.0,0.526,-0.1095,0.0288,-0.0862,0.0232,-0.0019,2026-08-28,90.265,93.665,89.05,89.49,2.331123e6,90.778146
2026-08-28T20:30:56.262,7,7,INTC260904P00083000,INTC,2026-09-04,put,83.0,0.43,51.0,0.48,61.0,0.45499999999999996,0.47,4.0,0.5109,-0.1374,0.0348,-0.098,0.0272,-0.0024,2026-08-28,90.265,93.665,89.05,89.49,2.331123e6,90.778146
2026-08-28T20:30:56.262,7,7,INTC260904P00084000,INTC,2026-09-04,put,84.0,0.56,488.0,0.69,205.0,0.625,0.63,3.0,0.5094,-0.1775,0.0412,-0.1155,0.0322,-0.0032,2026-08-28,90.265,93.665,89.05,89.49,2.331123e6,90.778146
2026-08-28T20:30:56.262,7,7,INTC260904P00085000,INTC,2026-09-04,put,85.0,0.76,115.0,0.84,1.0,0.8,0.83,1.0,0.4971,-0.2193,0.048,-0.1279,0.0366,-0.0039,2026-08-28,90.265,93.665,89.05,89.49,2.331123e6,90.778146
2026-08-28T20:30:56.262,7,7,INTC260904P00086000,INTC,2026-09-04,put,86.0,1.09,18.0,1.19,135.0,1.1400000000000001,1.1,1.0,0.5146,-0.2788,0.0527,-0.1502,0.0416,-0.005,2026-08-28,90.265,93.665,89.05,89.49,2.331123e6,90.778146
2026-08-28T20:30:56.262,7,7,INTC260904P00087000,INTC,2026-09-04,put,87.0,1.34,322.0,1.49,73.0,1.415,1.38,1.0,0.5019,-0.3325,0.0585,-0.1581,0.045,-0.006,2026-08-28,90.265,93.665,89.05,89.49,2.331123e6,90.778146
2026-08-28T20:30:56.262,7,7,INTC260904P00088000,INTC,2026-09-04,put,88.0,1.71,508.0,1.85,45.0,1.78,1.82,1.0,0.4968,-0.3933,0.0625,-0.1653,0.0476,-0.0071,2026-08-28,90.265,93.665,89.05,89.49,2.331123e6,90.778146
2026-08-28T20:30:56.262,7,7,INTC260904P00089000,INTC,2026-09-04,put,89.0,2.16,161.0,2.36,44.0,2.26,2.27,2.0,0.5025,-0.4578,0.0638,-0.1719,0.0491,-0.0083,2026-08-28,90.265,93.665,89.05,89.49,2.331123e6,90.778146
2026-08-28T20:30:56.262,7,7,INTC260904P00090000,INTC,2026-09-04,put,90.0,2.73,412.0,2.81,6.0,2.77,2.77,5.0,0.5011,-0.5219,0.0642,-0.1715,0.0493,-0.0095,2026-08-28,90.265,93.665,89.05,89.49,2.331123e6,90.778146
2026-08-28T20:30:56.262,7,7,INTC260904P00091000,INTC,2026-09-04,put,91.0,3.22,475.0,3.55,99.0,3.385,3.3,10.0,0.5082,-0.5832,0.062,-0.1698,0.0483,-0.0106,2026-08-28,90.265,93.665,89.05,89.49,2.331123e6,90.778146
2026-08-28T20:30:56.262,7,7,INTC260904P00092000,INTC,2026-09-04,put,92.0,3.87,327.0,4.13,84.0,4.0,4.0,4.0,0.503,-0.6443,0.0598,-0.1595,0.0461,-0.0118,2026-08-28,90.265,93.665,89.05,89.49,2.331123e6,90.778146
2026-08-28T20:30:56.262,7,7,INTC260904P00093000,INTC,2026-09-04,put,93.0,4.6,232.0,4.92,137.0,4.76,4.76,1.0,0.5176,-0.6944,0.0547,-0.1538,0.0434,-0.0128,2026-08-28,90.265,93.665,89.05,89.49,2.331123e6,90.778146
2026-08-28T20:30:56.262,7,7,INTC260904P00094000,INTC,2026-09-04,put,94.0,5.2,502.0,5.83,412.0,5.515000000000001,5.49,1.0,0.5206,-0.7432,0.05,-0.1412,0.0399,-0.0138,2026-08-28,90.265,93.665,89.05,89.49,2.331123e6,90.778146
2026-08-28T20:30:56.262,7,7,INTC260904P00095000,INTC,2026-09-04,put,95.0,5.92,252.0,6.52,149.0,6.22,6.4,1.0,0.4973,-0.7998,0.0455,-0.1154,0.0347,-0.0149,2026-08-28,90.265,93.665,89.05,89.49,2.331123e6,90.778146
2026-08-28T20:30:56.262,7,7,INTC260904P00096000,INTC,2026-09-04,put,96.0,6.62,554.0,7.82,443.0,7.220000000000001,6.89,2.0,0.5487,-0.8141,0.0394,-0.1219,0.0331,-0.0153,2026-08-28,90.265,93.665,89.05,89.49,2.331123e6,90.778146
2026-08-28T20:30:56.262,7,7,INTC260904P00097000,INTC,2026-09-04,put,97.0,7.35,469.0,8.89,771.0,8.120000000000001,7.82,49.0,0.5658,-0.8404,0.0347,-0.1132,0.0301,-0.016,2026-08-28,90.265,93.665,89.05,89.49,2.331123e6,90.778146
2026-08-28T20:30:56.262,7,7,INTC260904P00098000,INTC,2026-09-04,put,98.0,8.13,493.0,9.58,291.0,8.855,8.72,10.0,0.5094,-0.8962,0.0286,-0.0724,0.0223,-0.0171,2026-08-28,90.265,93.665,89.05,89.49,2.331123e6,90.778146
2026-08-28T20:30:56.262,7,7,INTC260904P00099000,INTC,2026-09-04,put,99.0,8.53,1155.0,11.08,1252.0,9.805,9.79,7.0,0.5258,-0.9128,0.0244,-0.0646,0.0196,-0.0175,2026-08-28,90.265,93.665,89.05,89.49,2.331123e6,90.778146
2026-08-28T20:30:56.262,7,7,INTC260904P00100000,INTC,2026-09-04,put,100.0,10.1,923.0,11.65,1006.0,10.875,10.7,1.0,0.5994,-0.9037,0.023,-0.0814,0.0211,-0.0176,2026-08-28,90.265,93.665,89.05,89.49,2.331123e6,90.778146
2026-08-28T20:30:56.262,7,7,INTC260904P00101000,INTC,2026-09-04,put,101.0,10.28,1137.0,12.87,937.0,11.575,11.75,40.0,0.3984,-0.9852,0.0076,-0.0033,0.0046,-0.0191,2026-08-28,90.265,93.665,89.05,89.49,2.331123e6,90.778146
2026-08-28T20:30:56.262,7,7,INTC260904P00102000,INTC,2026-09-04,put,102.0,11.11,826.0,13.75,798.0,12.43,12.73,1.0,,,,,,,2026-08-28,90.265,93.665,89.05,89.49,2.331123e6,90.778146
2026-08-28T20:30:56.262,7,7,INTC260904P00103000,INTC,2026-09-04,put,103.0,12.44,469.0,14.87,449.0,13.655,13.5,1.0,0.5657,-0.961,0.0121,-0.0323,0.0105,-0.0191,2026-08-28,90.265,93.665,89.05,89.49,2.331123e6,90.778146
2026-08-28T20:30:56.262,7,7,INTC260904P00104000,INTC,2026-09-04,put,104.0,13.05,445.0,15.67,448.0,14.36,14.85,1.0,,,,,,,2026-08-28,90.265,93.665,89.05,89.49,2.331123e6,90.778146
2026-08-28T20:30:56.262,7,7,INTC260904P00105000,INTC,2026-09-04,put,105.0,14.34,546.0,16.2,439.0,15.27,15.43,2.0,,,,,,,2026-08-28,90.265,93.665,89.05,89.49,2.331123e6,90.778146
2026-08-28T20:30:56.262,7,7,INTC260904P00106000,INTC,2026-09-04,put,106.0,15.24,459.0,17.98,660.0,16.61,16.7,1.0,0.6045,-0.9765,0.0074,-0.0192,0.0069,-0.0199,2026-08-28,90.265,93.665,89.05,89.49,2.331123e6,90.778146
2026-08-28T20:30:56.262,7,7,INTC260904P00107000,INTC,2026-09-04,put,107.0,16.39,280.0,19.5,313.0,17.945,16.23,1.0,0.8945,-0.917,0.0138,-0.111,0.0189,-0.0192,2026-08-28,90.265,93.665,89.05,89.49,2.331123e6,90.778146
2026-08-28T20:30:56.262,7,7,INTC260904P00108000,INTC,2026-09-04,put,108.0,16.77,49.0,20.22,28.0,18.494999999999997,20.3,20.0,,,,,,,2026-08-28,90.265,93.665,89.05,89.49,2.331123e6,90.778146
2026-08-28T20:30:56.262,7,7,INTC260904P00109000,INTC,2026-09-04,put,109.0,17.8,28.0,20.92,28.0,19.36,17.1,1.0,,,,,,,2026-08-28,90.265,93.665,89.05,89.49,2.331123e6,90.778146
2026-08-28T20:30:56.262,7,7,INTC260904P00110000,INTC,2026-09-04,put,110.0,19.27,436.0,22.27,642.0,20.77,20.67,1.0,0.8837,-0.9484,0.0097,-0.0721,0.0131,-0.0202,2026-08-28,90.265,93.665,89.05,89.49,2.331123e6,90.778146
2026-08-28T20:30:56.262,7,7,INTC260904P00111000,INTC,2026-09-04,put,111.0,19.37,28.0,23.72,28.0,21.545,21.47,2.0,0.514,-0.9986,0.0007,0.009,0.0006,-0.0213,2026-08-28,90.265,93.665,89.05,89.49,2.331123e6,90.778146
2026-08-28T20:30:56.262,7,7,INTC260904P00112000,INTC,2026-09-04,put,112.0,20.24,55.0,24.18,36.0,22.21,22.39,4.0,,,,,,,2026-08-28,90.265,93.665,89.05,89.49,2.331123e6,90.778146
2026-08-28T20:30:56.262,7,7,INTC260904P00113000,INTC,2026-09-04,put,113.0,21.22,95.0,25.26,98.0,23.240000000000002,21.1,1.0,,,,,,,2026-08-28,90.265,93.665,89.05,89.49,2.331123e6,90.778146
2026-08-28T20:30:56.262,7,7,INTC260904P00114000,INTC,2026-09-04,put,114.0,22.42,26.0,26.23,17.0,24.325000000000003,23.6,2.0,,,,,,,2026-08-28,90.265,93.665,89.05,89.49,2.331123e6,90.778146
2026-08-28T20:30:56.262,7,7,INTC260904P00115000,INTC,2026-09-04,put,115.0,23.62,27.0,26.83,23.0,25.225,24.08,5.0,,,,,,,2026-08-28,90.265,93.665,89.05,89.49,2.331123e6,90.778146
2026-08-28T20:30:56.262,7,7,INTC260904P00116000,INTC,2026-09-04,put,116.0,24.76,55.0,28.21,61.0,26.485,23.9,1.0,,,,,,,2026-08-28,90.265,93.665,89.05,89.49,2.331123e6,90.778146
2026-08-28T20:30:56.262,7,7,INTC260904P00117000,INTC,2026-09-04,put,117.0,25.93,27.0,28.88,33.0,27.405,24.49,1.0,,,,,,,2026-08-28,90.265,93.665,89.05,89.49,2.331123e6,90.778146
2026-08-28T20:30:56.262,7,7,INTC260904P00118000,INTC,2026-09-04,put,118.0,27.01,46.0,29.6,31.0,28.305,28.32,1.0,,,,,,,2026-08-28,90.265,93.665,89.05,89.49,2.331123e6,90.778146
2026-08-28T20:30:56.262,7,7,INTC260904P00119000,INTC,2026-09-04,put,119.0,28.11,27.0,31.69,23.0,29.9,16.06,1.0,,,,,,,2026-08-28,90.265,93.665,89.05,89.49,2.331123e6,90.778146
2026-08-28T20:30:56.262,7,7,INTC260904P00120000,INTC,2026-09-04,put,120.0,29.09,26.0,32.1,43.0,30.595,32.95,1.0,,,,,,,2026-08-28,90.265,93.665,89.05,89.49,2.331123e6,90.778146
2026-08-28T20:30:56.262,7,7,INTC260904P00121000,INTC,2026-09-04,put,121.0,29.7,27.0,32.87,31.0,31.284999999999997,18.14,1.0,,,,,,,2026-08-28,90.265,93.665,89.05,89.49,2.331123e6,90.778146
2026-08-28T20:30:56.262,7,7,INTC260904P00122000,INTC,2026-09-04,put,122.0,30.63,23.0,34.14,36.0,32.385,33.91,4.0,,,,,,,2026-08-28,90.265,93.665,89.05,89.49,2.331123e6,90.778146
2026-08-28T20:30:56.262,7,7,INTC260904P00123000,INTC,2026-09-04,put,123.0,32.2,23.0,34.56,33.0,33.38,20.67,1.0,,,,,,,2026-08-28,90.265,93.665,89.05,89.49,2.331123e6,90.778146
2026-08-28T20:30:56.262,7,7,INTC260904P00124000,INTC,2026-09-04,put,124.0,33.21,23.0,36.43,45.0,34.82,33.83,1.0,,,,,,,2026-08-28,90.265,93.665,89.05,89.49,2.331123e6,90.778146
2026-08-28T20:30:56.262,7,7,INTC260904P00125000,INTC,2026-09-04,put,125.0,33.21,27.0,36.91,10.0,35.06,37.04,10.0,,,,,,,2026-08-28,90.265,93.665,89.05,89.49,2.331123e6,90.778146
2026-08-28T20:30:56.262,7,7,INTC260904P00126000,INTC,2026-09-04,put,126.0,34.56,27.0,37.68,36.0,36.120000000000005,29.26,2.0,,,,,,,2026-08-28,90.265,93.665,89.05,89.49,2.331123e6,90.778146
2026-08-28T20:30:56.262,7,7,INTC260904P00127000,INTC,2026-09-04,put,127.0,36.3,27.0,38.65,47.0,37.474999999999994,28.28,1.0,,,,,,,2026-08-28,90.265,93.665,89.05,89.49,2.331123e6,90.778146
2026-08-28T20:30:56.262,7,7,INTC260904P00128000,INTC,2026-09-04,put,128.0,37.84,23.0,39.53,24.0,38.685,37.94,3.0,,,,,,,2026-08-28,90.265,93.665,89.05,89.49,2.331123e6,90.778146
2026-08-28T20:30:56.262,7,7,INTC260904P00129000,INTC,2026-09-04,put,129.0,37.95,27.0,41.93,20.0,39.94,43.08,1.0,,,,,,,2026-08-28,90.265,93.665,89.05,89.49,2.331123e6,90.778146
2026-08-28T20:30:56.262,7,7,INTC260904P00130000,INTC,2026-09-04,put,130.0,38.92,42.0,41.91,47.0,40.415,42.38,2.0,,,,,,,2026-08-28,90.265,93.665,89.05,89.49,2.331123e6,90.778146
2026-08-28T20:30:56.262,7,7,INTC260904P00131000,INTC,2026-09-04,put,131.0,39.67,31.0,42.57,29.0,41.120000000000005,34.18,28.0,,,,,,,2026-08-28,90.265,93.665,89.05,89.49,2.331123e6,90.778146
2026-08-28T20:30:56.262,7,7,INTC260904P00132000,INTC,2026-09-04,put,132.0,40.54,31.0,44.36,45.0,42.45,26.36,59.0,,,,,,,2026-08-28,90.265,93.665,89.05,89.49,2.331123e6,90.778146
2026-08-28T20:30:56.262,7,7,INTC260904P00133000,INTC,2026-09-04,put,133.0,41.83,26.0,44.38,17.0,43.105000000000004,,,,,,,,,2026-08-28,90.265,93.665,89.05,89.49,2.331123e6,90.778146
2026-08-28T20:30:56.262,7,7,INTC260904P00134000,INTC,2026-09-04,put,134.0,42.22,30.0,46.71,33.0,44.465,,,,,,,,,2026-08-28,90.265,93.665,89.05,89.49,2.331123e6,90.778146
2026-08-28T20:30:56.262,7,7,INTC260904P00135000,INTC,2026-09-04,put,135.0,43.63,26.0,48.02,11.0,45.825,40.22,2.0,,,,,,,2026-08-28,90.265,93.665,89.05,89.49,2.331123e6,90.778146
2026-08-28T20:30:56.262,7,7,INTC260904P00136000,INTC,2026-09-04,put,136.0,45.94,19.0,48.67,10.0,47.305,,,,,,,,,2026-08-28,90.265,93.665,89.05,89.49,2.331123e6,90.778146
2026-08-28T20:30:56.262,7,7,INTC260904P00137000,INTC,2026-09-04,put,137.0,46.02,18.0,48.51,12.0,47.265,,,,,,,,,2026-08-28,90.265,93.665,89.05,89.49,2.331123e6,90.778146
2026-08-28T20:30:56.262,7,7,INTC260904P00138000,INTC,2026-09-04,put,138.0,46.48,26.0,49.33,22.0,47.905,,,,,,,,,2026-08-28,90.265,93.665,89.05,89.49,2.331123e6,90.778146
2026-08-28T20:30:56.262,7,7,INTC260904P00139000,INTC,2026-09-04,put,139.0,48.28,23.0,51.39,46.0,49.835,40.67,1.0,,,,,,,2026-08-28,90.265,93.665,89.05,89.49,2.331123e6,90.778146
2026-08-28T20:30:56.262,7,7,INTC260904P00140000,INTC,2026-09-04,put,140.0,48.26,30.0,52.11,47.0,50.185,50.16,1.0,,,,,,,2026-08-28,90.265,93.665,89.05,89.49,2.331123e6,90.778146
2026-08-28T20:30:56.262,7,7,INTC260904P00141000,INTC,2026-09-04,put,141.0,49.46,23.0,54.05,18.0,51.754999999999995,,,,,,,,,2026-08-28,90.265,93.665,89.05,89.49,2.331123e6,90.778146
2026-08-28T20:30:56.262,7,7,INTC260904P00142000,INTC,2026-09-04,put,142.0,51.38,19.0,53.72,26.0,52.55,,,,,,,,,2026-08-28,90.265,93.665,89.05,89.49,2.331123e6,90.778146
2026-08-28T20:30:56.262,7,7,INTC260904P00143000,INTC,2026-09-04,put,143.0,51.85,30.0,54.58,13.0,53.215,,,,,,,,,2026-08-28,90.265,93.665,89.05,89.49,2.331123e6,90.778146
2026-08-28T20:30:56.262,7,7,INTC260904P00144000,INTC,2026-09-04,put,144.0,52.25,19.0,56.63,12.0,54.44,,,,,,,,,2026-08-28,90.265,93.665,89.05,89.49,2.331123e6,90.778146
2026-08-28T20:30:56.262,7,7,INTC260904P00145000,INTC,2026-09-04,put,145.0,55.1,19.0,57.59,34.0,56.345,40.82,1.0,,,,,,,2026-08-28,90.265,93.665,89.05,89.49,2.331123e6,90.778146
2026-08-28T20:30:56.262,7,7,INTC260904P00146000,INTC,2026-09-04,put,146.0,55.27,19.0,59.17,11.0,57.22,,,,,,,,,2026-08-28,90.265,93.665,89.05,89.49,2.331123e6,90.778146
2026-08-28T20:30:56.262,7,7,INTC260904P00147000,INTC,2026-09-04,put,147.0,56.61,24.0,58.77,25.0,57.69,,,,,,,,,2026-08-28,90.265,93.665,89.05,89.49,2.331123e6,90.778146
2026-08-28T20:30:56.262,7,7,INTC260904P00148000,INTC,2026-09-04,put,148.0,56.63,19.0,60.17,41.0,58.400000000000006,,,,,,,,,2026-08-28,90.265,93.665,89.05,89.49,2.331123e6,90.778146
2026-08-28T20:30:56.262,7,7,INTC260904P00149000,INTC,2026-09-04,put,149.0,58.2,27.0,61.98,22.0,60.09,57.55,1.0,,,,,,,2026-08-28,90.265,93.665,89.05,89.49,2.331123e6,90.778146
2026-08-28T20:30:56.262,7,7,INTC260904P00150000,INTC,2026-09-04,put,150.0,60.27,23.0,61.14,46.0,60.705,,,,,,,,,2026-08-28,90.265,93.665,89.05,89.49,2.331123e6,90.778146
2026-08-28T20:30:56.262,7,7,INTC260904P00155000,INTC,2026-09-04,put,155.0,64.379,31.0,65.96,23.0,65.1695,,,,,,,,,2026-08-28,90.265,93.665,89.05,89.49,2.331123e6,90.778146
2026-08-28T20:30:56.262,7,7,INTC260904P00160000,INTC,2026-09-04,put,160.0,68.27,6.0,71.49,11.0,69.88,,,,,,,,,2026-08-28,90.265,93.665,89.05,89.49,2.331123e6,90.778146
2026-08-28T20:30:56.262,7,7,INTC260904P00165000,INTC,2026-09-04,put,165.0,74.15,5.0,77.62,5.0,75.885,,,,,,,,,2026-08-28,90.265,93.665,89.05,89.49,2.331123e6,90.778146
2026-08-28T20:30:56.262,14,12,INTC260909C00045000,INTC,2026-09-09,call,45.0,43.65,48.0,46.32,44.0,44.985,,,,,,,,,2026-08-28,90.265,93.665,89.05,89.49,2.331123e6,90.778146
2026-08-28T20:30:56.262,14,12,INTC260909C00050000,INTC,2026-09-09,call,50.0,37.37,63.0,41.05,57.0,39.209999999999994,41.4,1.0,,,,,,,2026-08-28,90.265,93.665,89.05,89.49,2.331123e6,90.778146
2026-08-28T20:30:56.262,14,12,INTC260909C00055000,INTC,2026-09-09,call,55.0,33.77,44.0,36.43,55.0,35.1,,,,,,,,,2026-08-28,90.265,93.665,89.05,89.49,2.331123e6,90.778146
2026-08-28T20:30:56.262,14,12,INTC260909C00060000,INTC,2026-09-09,call,60.0,28.64,43.0,30.5,52.0,29.57,30.26,1.0,,,,,,,2026-08-28,90.265,93.665,89.05,89.49,2.331123e6,90.778146
2026-08-28T20:30:56.262,14,12,INTC260909C00065000,INTC,2026-09-09,call,65.0,22.65,59.0,26.53,57.0,24.59,,,0.9178,0.9775,0.0036,-0.0394,0.0087,0.0206,2026-08-28,90.265,93.665,89.05,89.49,2.331123e6,90.778146
2026-08-28T20:30:56.262,14,12,INTC260909C00070000,INTC,2026-09-09,call,70.0,17.74,45.0,21.25,53.0,19.494999999999997,,,0.5899,0.9906,0.0026,-0.0169,0.0041,0.0227,2026-08-28,90.265,93.665,89.05,89.49,2.331123e6,90.778146
2026-08-28T20:30:56.262,14,12,INTC260909C00072000,INTC,2026-09-09,call,72.0,16.12,41.0,19.77,41.0,17.945,15.79,1.0,0.8671,0.9281,0.0098,-0.0868,0.0222,0.0214,2026-08-28,90.265,93.665,89.05,89.49,2.331123e6,90.778146
2026-08-28T20:30:56.262,14,12,INTC260909C00073000,INTC,2026-09-09,call,73.0,15.1,58.0,18.58,64.0,16.84,,,0.7752,0.9356,0.01,-0.0725,0.0204,0.022,2026-08-28,90.265,93.665,89.05,89.49,2.331123e6,90.778146
2026-08-28T20:30:56.262,14,12,INTC260909C00074000,INTC,2026-09-09,call,74.0,13.98,51.0,17.61,83.0,15.795,13.91,1.0,0.7116,0.9379,0.0106,-0.0656,0.0198,0.0224,2026-08-28,90.265,93.665,89.05,89.49,2.331123e6,90.778146
2026-08-28T20:30:56.262,14,12,INTC260909C00075000,INTC,2026-09-09,call,75.0,12.7,62.0,16.83,70.0,14.764999999999999,16.0,1.0,0.6562,0.9387,0.0114,-0.0606,0.0196,0.0227,2026-08-28,90.265,93.665,89.05,89.49,2.331123e6,90.778146
2026-08-28T20:30:56.262,14,12,INTC260909C00076000,INTC,2026-09-09,call,76.0,12.25,76.0,14.98,83.0,13.615,15.25,1.0,0.5296,0.9599,0.0101,-0.0381,0.014,0.0237,2026-08-28,90.265,93.665,89.05,89.49,2.331123e6,90.778146
2026-08-28T20:30:56.262,14,12,INTC260909C00077000,INTC,2026-09-09,call,77.0,11.41,52.0,14.91,96.0,13.16,,,0.7259,0.8864,0.0164,-0.1009,0.0312,0.0217,2026-08-28,90.265,93.665,89.05,89.49,2.331123e6,90.778146
2026-08-28T20:30:56.262,14,12,INTC260909C00078000,INTC,2026-09-09,call,78.0,10.74,86.0,13.35,88.0,12.045,,,0.6436,0.8917,0.0178,-0.0876,0.0301,0.0222,2026-08-28,90.265,93.665,89.05,89.49,2.331123e6,90.778146
2026-08-28T20:30:56.262,14,12,INTC260909C00079000,INTC,2026-09-09,call,79.0,9.68,207.0,12.13,130.0,10.905000000000001,8.65,1.0,0.5525,0.9022,0.0193,-0.0714,0.028,0.0229,2026-08-28,90.265,93.665,89.05,89.49,2.331123e6,90.778146
2026-08-28T20:30:56.262,14,12,INTC260909C00080000,INTC,2026-09-09,call,80.0,9.54,1.0,12.02,214.0,10.78,10.7,1.0,0.7459,0.8149,0.0221,-0.1407,0.0433,0.0204,2026-08-28,90.265,93.665,89.05,89.49,2.331123e6,90.778146
2026-08-28T20:30:56.262,14,12,INTC260909C00081000,INTC,2026-09-09,call,81.0,8.05,871.0,10.9,1114.0,9.475000000000001,10.83,1.0,0.6236,0.8258,0.0254,-0.1146,0.0416,0.0212,2026-08-28,90.265,93.665,89.05,89.49,2.331123e6,90.778146
2026-08-28T20:30:56.262,14,12,INTC260909C00082000,INTC,2026-09-09,call,82.0,7.09,1088.0,9.59,1202.0,8.34,8.3,1.0,0.5423,0.8258,0.0292,-0.1006,0.0416,0.0215,2026-08-28,90.265,93.665,89.05,89.49,2.331123e6,90.778146
2026-08-28T20:30:56.262,14,12,INTC260909C00083000,INTC,2026-09-09,call,83.0,6.09,669.0,9.3,615.0,7.695,6.97,1.0,0.571,0.7819,0.0318,-0.1198,0.0477,0.0204,2026-08-28,90.265,93.665,89.05,89.49,2.331123e6,90.778146
2026-08-28T20:30:56.262,14,12,INTC260909C00084000,INTC,2026-09-09,call,84.0,5.83,186.0,7.27,175.0,6.55,6.46,1.0,0.4886,0.7759,0.0378,-0.105,0.0485,0.0206,2026-08-28,90.265,93.665,89.05,89.49,2.331123e6,90.778146
2026-08-28T20:30:56.262,14,12,INTC260909C00085000,INTC,2026-09-09,call,85.0,5.38,225.0,6.71,478.0,6.045,5.57,1.0,0.5296,0.7203,0.0392,-0.1261,0.0545,0.0192,2026-08-28,90.265,93.665,89.05,89.49,2.331123e6,90.778146
2026-08-28T20:30:56.262,14,12,INTC260909C00086000,INTC,2026-09-09,call,86.0,4.93,195.0,5.89,978.0,5.41,7.5,1.0,0.5346,0.6767,0.0414,-0.1352,0.0582,0.0181,2026-08-28,90.265,93.665,89.05,89.49,2.331123e6,90.778146
2026-08-28T20:30:56.262,14,12,INTC260909C00087000,INTC,2026-09-09,call,87.0,4.0,1081.0,5.37,1458.0,4.6850000000000005,4.65,1.0,0.5171,0.6359,0.0448,-0.1363,0.0609,0.0171,2026-08-28,90.265,93.665,89.05,89.49,2.331123e6,90.778146
2026-08-28T20:30:56.262,14,12,INTC260909C00088000,INTC,2026-09-09,call,88.0,3.38,873.0,4.47,1348.0,3.925,5.68,2.0,0.4878,0.5924,0.0491,-0.1328,0.0629,0.0161,2026-08-28,90.265,93.665,89.05,89.49,2.331123e6,90.778146
2026-08-28T20:30:56.262,14,12,INTC260909C00089000,INTC,2026-09-09,call,89.0,2.82,1222.0,4.17,1546.0,3.495,3.59,9.0,0.5036,0.542,0.0486,-0.1394,0.0643,0.0148,2026-08-28,90.265,93.665,89.05,89.49,2.331123e6,90.778146
2026-08-28T20:30:56.262,14,12,INTC260909C00090000,INTC,2026-09-09,call,90.0,2.81,1.0,3.21,1216.0,3.01,3.21,2.0,0.5029,0.4932,0.0489,-0.1396,0.0646,0.0135,2026-08-28,90.265,93.665,89.05,89.49,2.331123e6,90.778146
2026-08-28T20:30:56.262,14,12,INTC260909C00091000,INTC,2026-09-09,call,91.0,2.45,4.0,2.74,905.0,2.595,2.5,8.0,0.5056,0.4455,0.0482,-0.1387,0.064,0.0122,2026-08-28,90.265,93.665,89.05,89.49,2.331123e6,90.778146
2026-08-28T20:30:56.262,14,12,INTC260909C00092000,INTC,2026-09-09,call,92.0,1.92,1053.0,2.78,1625.0,2.3499999999999996,2.76,1.0,0.5282,0.4047,0.0453,-0.1416,0.0628,0.0111,2026-08-28,90.265,93.665,89.05,89.49,2.331123e6,90.778146
2026-08-28T20:30:56.262,14,12,INTC260909C00093000,INTC,2026-09-09,call,93.0,1.72,5.0,2.36,1566.0,2.04,2.07,1.0,0.5342,0.3635,0.0434,-0.1384,0.0608,0.01,2026-08-28,90.265,93.665,89.05,89.49,2.331123e6,90.778146
2026-08-28T20:30:56.262,14,12,INTC260909C00094000,INTC,2026-09-09,call,94.0,1.37,269.0,2.23,945.0,1.8,1.56,1.0,0.5458,0.3272,0.0408,-0.1358,0.0585,0.009,2026-08-28,90.265,93.665,89.05,89.49,2.331123e6,90.778146
2026-08-28T20:30:56.262,14,12,INTC260909C00095000,INTC,2026-09-09,call,95.0,1.2,403.0,1.48,516.0,1.3399999999999999,1.48,10.0,0.5118,0.275,0.0402,-0.1176,0.0541,0.0076,2026-08-28,90.265,93.665,89.05,89.49,2.331123e6,90.778146
2026-08-28T20:30:56.262,14,12,INTC260909C00096000,INTC,2026-09-09,call,96.0,0.98,408.0,1.3,1073.0,1.1400000000000001,1.14,1.0,0.5173,0.2413,0.0372,-0.1109,0.0505,0.0067,2026-08-28,90.265,93.665,89.05,89.49,2.331123e6,90.778146
2026-08-28T20:30:56.262,14,12,INTC260909C00097000,INTC,2026-09-09,call,97.0,0.64,611.0,1.35,690.0,0.9950000000000001,1.03,2.0,0.5284,0.2137,0.034,-0.1057,0.0472,0.006,2026-08-28,90.265,93.665,89.05,89.49,2.331123e6,90.778146
2026-08-28T20:30:56.262,14,12,INTC260909C00098000,INTC,2026-09-09,call,98.0,0.65,901.0,1.36,1548.0,1.0050000000000001,0.91,1.0,0.5695,0.2037,0.0307,-0.1106,0.0459,0.0057,2026-08-28,90.265,93.665,89.05,89.49,2.331123e6,90.778146
2026-08-28T20:30:56.262,14,12,INTC260909C00099000,INTC,2026-09-09,call,99.0,0.41,1437.0,1.26,1588.0,0.835,0.91,1.0,0.5678,0.1763,0.0281,-0.1008,0.042,0.0049,2026-08-28,90.265,93.665,89.05,89.49,2.331123e6,90.778146
2026-08-28T20:30:56.262,14,12,INTC260909C00100000,INTC,2026-09-09,call,100.0,0.48,7.0,0.65,191.0,0.565,0.6,1.0,0.5323,0.1351,0.0252,-0.0792,0.0352,0.0038,2026-08-28,90.265,93.665,89.05,89.49,2.331123e6,90.778146
2026-08-28T20:30:56.262,14,12,INTC260909C00101000,INTC,2026-09-09,call,101.0,0.21,1332.0,0.93,1344.0,0.5700000000000001,0.48,1.0,0.566,0.1297,0.023,-0.0818,0.0342,0.0036,2026-08-28,90.265,93.665,89.05,89.49,2.331123e6,90.778146
2026-08-28T20:30:56.262,14,12,INTC260909C00102000,INTC,2026-09-09,call,102.0,0.12,1336.0,0.84,1452.0,0.48,0.42,1.0,0.5695,0.112,0.0206,-0.0742,0.0309,0.0031,2026-08-28,90.265,93.665,89.05,89.49,2.331123e6,90.778146
2026-08-28T20:30:56.262,14,12,INTC260909C00103000,INTC,2026-09-09,call,103.0,0.29,763.0,0.79,1330.0,0.54,0.4,1.0,0.6189,0.1156,0.0194,-0.0824,0.0316,0.0032,2026-08-28,90.265,93.665,89.05,89.49,2.331123e6,90.778146
2026-08-28T20:30:56.262,14,12,INTC260909C00104000,INTC,2026-09-09,call,104.0,0.13,528.0,0.5,425.0,0.315,0.33,1.0,0.5665,0.079,0.016,-0.057,0.0239,0.0022,2026-08-28,90.265,93.665,89.05,89.49,2.331123e6,90.778146
2026-08-28T20:30:56.262,14,12,INTC260909C00105000,INTC,2026-09-09,call,105.0,0.06,850.0,0.34,270.0,0.2,0.2,1.0,0.538,0.0559,0.0129,-0.0414,0.0183,0.0016,2026-08-28,90.265,93.665,89.05,89.49,2.331123e6,90.778146
2026-08-28T20:30:56.262,14,12,INTC260909C00106000,INTC,2026-09-09,call,106.0,0.12,514.0,0.21,5.0,0.16499999999999998,0.23,1.0,0.542,0.0471,0.0112,-0.0364,0.0159,0.0013,2026-08-28,90.265,93.665,89.05,89.49,2.331123e6,90.778146
2026-08-28T20:30:56.262,14,12,INTC260909C00107000,INTC,2026-09-09,call,107.0,0.13,40.0,0.38,1222.0,0.255,0.22,1.0,0.6169,0.0615,0.0122,-0.0511,0.0197,0.0017,2026-08-28,90.265,93.665,89.05,89.49,2.331123e6,90.778146
2026-08-28T20:30:56.262,14,12,INTC260909C00108000,INTC,2026-09-09,call,108.0,0.0,0.0,0.52,1113.0,0.26,0.2,1.0,,,,,,,2026-08-28,90.265,93.665,89.05,89.49,2.331123e6,90.778146
2026-08-28T20:30:56.262,14,12,INTC260909C00109000,INTC,2026-09-09,call,109.0,0.0,0.0,0.5,692.0,0.25,0.12,1.0,,,,,,,2026-08-28,90.265,93.665,89.05,89.49,2.331123e6,90.778146
2026-08-28T20:30:56.262,14,12,INTC260909C00110000,INTC,2026-09-09,call,110.0,0.01,457.0,0.25,558.0,0.13,0.24,4.0,0.6083,0.0347,0.0078,-0.0318,0.0124,0.001,2026-08-28,90.265,93.665,89.05,89.49,2.331123e6,90.778146
2026-08-28T20:30:56.262,14,12,INTC260909C00111000,INTC,2026-09-09,call,111.0,0.02,965.0,0.37,1035.0,0.195,0.23,4.0,0.6771,0.0452,0.0087,-0.0439,0.0154,0.0013,2026-08-28,90.265,93.665,89.05,89.49,2.331123e6,90.778146
2026-08-28T20:30:56.262,14,12,INTC260909C00112000,INTC,2026-09-09,call,112.0,0.0,0.0,0.55,632.0,0.275,0.3,1.0,,,,,,,2026-08-28,90.265,93.665,89.05,89.49,2.331123e6,90.778146
2026-08-28T20:30:56.262,14,12,INTC260909C00113000,INTC,2026-09-09,call,113.0,0.0,0.0,0.65,1089.0,0.325,0.26,7.0,,,,,,,2026-08-28,90.265,93.665,89.05,89.49,2.331123e6,90.778146
2026-08-28T20:30:56.262,14,12,INTC260909C00114000,INTC,2026-09-09,call,114.0,0.0,0.0,1.32,459.0,0.66,0.26,10.0,,,,,,,2026-08-28,90.265,93.665,89.05,89.49,2.331123e6,90.778146
2026-08-28T20:30:56.262,14,12,INTC260909C00115000,INTC,2026-09-09,call,115.0,0.0,0.0,0.24,468.0,0.12,0.18,20.0,,,,,,,2026-08-28,90.265,93.665,89.05,89.49,2.331123e6,90.778146
2026-08-28T20:30:56.262,14,12,INTC260909C00116000,INTC,2026-09-09,call,116.0,0.0,0.0,0.22,1178.0,0.11,0.16,3.0,,,,,,,2026-08-28,90.265,93.665,89.05,89.49,2.331123e6,90.778146
2026-08-28T20:30:56.262,14,12,INTC260909C00117000,INTC,2026-09-09,call,117.0,0.0,0.0,0.55,1319.0,0.275,0.1,1.0,,,,,,,2026-08-28,90.265,93.665,89.05,89.49,2.331123e6,90.778146
2026-08-28T20:30:56.262,14,12,INTC260909C00118000,INTC,2026-09-09,call,118.0,0.0,0.0,0.41,1080.0,0.205,0.11,6.0,,,,,,,2026-08-28,90.265,93.665,89.05,89.49,2.331123e6,90.778146
2026-08-28T20:30:56.262,14,12,INTC260909C00119000,INTC,2026-09-09,call,119.0,0.0,0.0,0.72,1011.0,0.36,,,,,,,,,2026-08-28,90.265,93.665,89.05,89.49,2.331123e6,90.778146
2026-08-28T20:30:56.262,14,12,INTC260909C00120000,INTC,2026-09-09,call,120.0,0.0,0.0,0.32,647.0,0.16,,,,,,,,,2026-08-28,90.265,93.665,89.05,89.49,2.331123e6,90.778146
2026-08-28T20:30:56.262,14,12,INTC260909C00121000,INTC,2026-09-09,call,121.0,0.0,0.0,2.1,512.0,1.05,,,,,,,,,2026-08-28,90.265,93.665,89.05,89.49,2.331123e6,90.778146
2026-08-28T20:30:56.262,14,12,INTC260909C00122000,INTC,2026-09-09,call,122.0,0.0,0.0,0.95,391.0,0.475,,,,,,,,,2026-08-28,90.265,93.665,89.05,89.49,2.331123e6,90.778146
2026-08-28T20:30:56.262,14,12,INTC260909C00123000,INTC,2026-09-09,call,123.0,0.0,0.0,2.15,430.0,1.075,,,,,,,,,2026-08-28,90.265,93.665,89.05,89.49,2.331123e6,90.778146
2026-08-28T20:30:56.262,14,12,INTC260909C00124000,INTC,2026-09-09,call,124.0,0.0,0.0,2.16,511.0,1.08,,,,,,,,,2026-08-28,90.265,93.665,89.05,89.49,2.331123e6,90.778146
2026-08-28T20:30:56.262,14,12,INTC260909C00125000,INTC,2026-09-09,call,125.0,0.0,0.0,2.11,579.0,1.055,,,,,,,,,2026-08-28,90.265,93.665,89.05,89.49,2.331123e6,90.778146
2026-08-28T20:30:56.262,14,12,INTC260909C00126000,INTC,2026-09-09,call,126.0,0.0,0.0,0.2,264.0,0.1,,,,,,,,,2026-08-28,90.265,93.665,89.05,89.49,2.331123e6,90.778146
2026-08-28T20:30:56.262,14,12,INTC260909C00127000,INTC,2026-09-09,call,127.0,0.0,0.0,2.16,549.0,1.08,,,,,,,,,2026-08-28,90.265,93.665,89.05,89.49,2.331123e6,90.778146
2026-08-28T20:30:56.262,14,12,INTC260909C00128000,INTC,2026-09-09,call,128.0,0.0,0.0,2.11,420.0,1.055,,,,,,,,,2026-08-28,90.265,93.665,89.05,89.49,2.331123e6,90.778146
2026-08-28T20:30:56.262,14,12,INTC260909C00130000,INTC,2026-09-09,call,130.0,0.0,0.0,0.99,365.0,0.495,,,,,,,,,2026-08-28,90.265,93.665,89.05,89.49,2.331123e6,90.778146
2026-08-28T20:30:56.262,14,12,INTC260909C00135000,INTC,2026-09-09,call,135.0,0.0,0.0,1.1,135.0,0.55,,,,,,,,,2026-08-28,90.265,93.665,89.05,89.49,2.331123e6,90.778146
2026-08-28T20:30:56.262,14,12,INTC260909P00045000,INTC,2026-09-09,put,45.0,0.0,0.0,2.11,1174.0,1.055,,,,,,,,,2026-08-28,90.265,93.665,89.05,89.49,2.331123e6,90.778146
2026-08-28T20:30:56.262,14,12,INTC260909P00050000,INTC,2026-09-09,put,50.0,0.0,0.0,0.49,1118.0,0.245,,,,,,,,,2026-08-28,90.265,93.665,89.05,89.49,2.331123e6,90.778146
2026-08-28T20:30:56.262,14,12,INTC260909P00055000,INTC,2026-09-09,put,55.0,0.0,0.0,2.17,1172.0,1.085,,,,,,,,,2026-08-28,90.265,93.665,89.05,89.49,2.331123e6,90.778146
2026-08-28T20:30:56.262,14,12,INTC260909P00060000,INTC,2026-09-09,put,60.0,0.0,0.0,2.15,1196.0,1.075,,,,,,,,,2026-08-28,90.265,93.665,89.05,89.49,2.331123e6,90.778146
2026-08-28T20:30:56.262,14,12,INTC260909P00065000,INTC,2026-09-09,put,65.0,0.0,0.0,0.04,825.0,0.02,0.04,10.0,,,,,,,2026-08-28,90.265,93.665,89.05,89.49,2.331123e6,90.778146
2026-08-28T20:30:56.262,14,12,INTC260909P00070000,INTC,2026-09-09,put,70.0,0.0,0.0,0.22,1177.0,0.11,0.2,5.0,,,,,,,2026-08-28,90.265,93.665,89.05,89.49,2.331123e6,90.778146
2026-08-28T20:30:56.262,14,12,INTC260909P00072000,INTC,2026-09-09,put,72.0,0.0,0.0,0.88,1184.0,0.44,0.17,1.0,,,,,,,2026-08-28,90.265,93.665,89.05,89.49,2.331123e6,90.778146
2026-08-28T20:30:56.262,14,12,INTC260909P00073000,INTC,2026-09-09,put,73.0,0.0,0.0,0.51,1265.0,0.255,0.12,1.0,,,,,,,2026-08-28,90.265,93.665,89.05,89.49,2.331123e6,90.778146
2026-08-28T20:30:56.262,14,12,INTC260909P00074000,INTC,2026-09-09,put,74.0,0.0,0.0,0.75,1216.0,0.375,0.39,1.0,,,,,,,2026-08-28,90.265,93.665,89.05,89.49,2.331123e6,90.778146
2026-08-28T20:30:56.262,14,12,INTC260909P00075000,INTC,2026-09-09,put,75.0,0.0,0.0,0.53,1244.0,0.265,0.2,1.0,,,,,,,2026-08-28,90.265,93.665,89.05,89.49,2.331123e6,90.778146
2026-08-28T20:30:56.262,14,12,INTC260909P00076000,INTC,2026-09-09,put,76.0,0.0,0.0,0.85,1109.0,0.425,,,,,,,,,2026-08-28,90.265,93.665,89.05,89.49,2.331123e6,90.778146
2026-08-28T20:30:56.262,14,12,INTC260909P00077000,INTC,2026-09-09,put,77.0,0.05,1351.0,0.64,1208.0,0.34500000000000003,0.19,1.0,0.6004,-0.0756,0.0146,-0.0571,0.0231,-0.0023,2026-08-28,90.265,93.665,89.05,89.49,2.331123e6,90.778146
2026-08-28T20:30:56.262,14,12,INTC260909P00078000,INTC,2026-09-09,put,78.0,0.08,301.0,0.63,358.0,0.355,0.27,1.0,0.5645,-0.0818,0.0165,-0.0568,0.0245,-0.0025,2026-08-28,90.265,93.665,89.05,89.49,2.331123e6,90.778146
2026-08-28T20:30:56.262,14,12,INTC260909P00079000,INTC,2026-09-09,put,79.0,0.16,1350.0,0.37,3.0,0.265,0.29,1.0,0.4871,-0.0728,0.0175,-0.0448,0.0224,-0.0022,2026-08-28,90.265,93.665,89.05,89.49,2.331123e6,90.778146
2026-08-28T20:30:56.262,14,12,INTC260909P00080000,INTC,2026-09-09,put,80.0,0.3,334.0,0.51,1290.0,0.405,0.39,1.0,0.5022,-0.1009,0.0217,-0.059,0.0286,-0.0031,2026-08-28,90.265,93.665,89.05,89.49,2.331123e6,90.778146
2026-08-28T20:30:56.262,14,12,INTC260909P00081000,INTC,2026-09-09,put,81.0,0.27,1345.0,0.67,1246.0,0.47000000000000003,0.47,2.0,0.4819,-0.1182,0.0253,-0.0633,0.0321,-0.0036,2026-08-28,90.265,93.665,89.05,89.49,2.331123e6,90.778146
2026-08-28T20:30:56.262,14,12,INTC260909P00082000,INTC,2026-09-09,put,82.0,0.56,305.0,0.75,1139.0,0.655,0.65,1.0,0.4905,-0.1522,0.0296,-0.0766,0.0382,-0.0047,2026-08-28,90.265,93.665,89.05,89.49,2.331123e6,90.778146
2026-08-28T20:30:56.262,14,12,INTC260909P00083000,INTC,2026-09-09,put,83.0,0.32,1422.0,0.98,1512.0,0.65,0.8,1.0,0.4434,-0.1645,0.0345,-0.0726,0.0401,-0.005,2026-08-28,90.265,93.665,89.05,89.49,2.331123e6,90.778146
2026-08-28T20:30:56.262,14,12,INTC260909P00084000,INTC,2026-09-09,put,84.0,0.45,810.0,1.2,255.0,0.825,0.98,30.0,0.4367,-0.2008,0.0397,-0.0809,0.0455,-0.0062,2026-08-28,90.265,93.665,89.05,89.49,2.331123e6,90.778146
2026-08-28T20:30:56.262,14,12,INTC260909P00085000,INTC,2026-09-09,put,85.0,0.66,1736.0,1.48,140.0,1.07,1.21,88.0,0.4363,-0.2452,0.0445,-0.0904,0.051,-0.0076,2026-08-28,90.265,93.665,89.05,89.49,2.331123e6,90.778146
2026-08-28T20:30:56.262,14,12,INTC260909P00086000,INTC,2026-09-09,put,86.0,1.53,2.0,1.84,104.0,1.685,1.53,1.0,0.4927,-0.3122,0.0443,-0.1148,0.0574,-0.0097,2026-08-28,90.265,93.665,89.05,89.49,2.331123e6,90.778146
2026-08-28T20:30:56.262,14,12,INTC260909P00087000,INTC,2026-09-09,put,87.0,1.29,1633.0,2.26,1072.0,1.775,1.86,88.0,0.4466,-0.3488,0.0511,-0.1083,0.06,-0.0108,2026-08-28,90.265,93.665,89.05,89.49,2.331123e6,90.778146
2026-08-28T20:30:56.262,14,12,INTC260909P00088000,INTC,2026-09-09,put,88.0,2.15,248.0,2.73,660.0,2.44,2.44,1.0,0.4878,-0.4076,0.0491,-0.124,0.0629,-0.0128,2026-08-28,90.265,93.665,89.05,89.49,2.331123e6,90.778146
2026-08-28T20:30:56.262,14,12,INTC260909P00089000,INTC,2026-09-09,put,89.0,2.17,491.0,3.24,235.0,2.705,2.78,1.0,0.4564,-0.4573,0.0536,-0.1179,0.0643,-0.0143,2026-08-28,90.265,93.665,89.05,89.49,2.331123e6,90.778146
2026-08-28T20:30:56.262,14,12,INTC260909P00090000,INTC,2026-09-09,put,90.0,3.15,769.0,3.51,1.0,3.33,3.34,1.0,0.4732,-0.5095,0.052,-0.1226,0.0646,-0.0161,2026-08-28,90.265,93.665,89.05,89.49,2.331123e6,90.778146
2026-08-28T20:30:56.262,14,12,INTC260909P00091000,INTC,2026-09-09,put,91.0,3.18,1586.0,4.73,1473.0,3.955,3.77,2.0,0.482,-0.5589,0.0505,-0.1231,0.0639,-0.0177,2026-08-28,90.265,93.665,89.05,89.49,2.331123e6,90.778146
2026-08-28T20:30:56.262,14,12,INTC260909P00092000,INTC,2026-09-09,put,92.0,3.72,1090.0,4.78,79.0,4.25,4.5,2.0,0.4301,-0.624,0.0544,-0.1042,0.0615,-0.0197,2026-08-28,90.265,93.665,89.05,89.49,2.331123e6,90.778146
2026-08-28T20:30:56.262,14,12,INTC260909P00093000,INTC,2026-09-09,put,93.0,4.45,819.0,5.59,96.0,5.02,5.2,1.0,0.4459,-0.6685,0.0502,-0.1028,0.0588,-0.0213,2026-08-28,90.265,93.665,89.05,89.49,2.331123e6,90.778146
2026-08-28T20:30:56.262,14,12,INTC260909P00094000,INTC,2026-09-09,put,94.0,5.13,815.0,6.54,306.0,5.835,5.77,1.0,0.4632,-0.7067,0.0458,-0.1008,0.0558,-0.0227,2026-08-28,90.265,93.665,89.05,89.49,2.331123e6,90.778146
2026-08-28T20:30:56.262,14,12,INTC260909P00095000,INTC,2026-09-09,put,95.0,5.93,1002.0,7.37,675.0,6.65,6.84,1.0,0.4749,-0.7425,0.0419,-0.0962,0.0523,-0.024,2026-08-28,90.265,93.665,89.05,89.49,2.331123e6,90.778146
2026-08-28T20:30:56.262,14,12,INTC260909P00096000,INTC,2026-09-09,put,96.0,6.82,659.0,8.23,743.0,7.525,6.02,4.0,0.4932,-0.7706,0.0379,-0.0933,0.0491,-0.0251,2026-08-28,90.265,93.665,89.05,89.49,2.331123e6,90.778146
2026-08-28T20:30:56.262,14,12,INTC260909P00097000,INTC,2026-09-09,put,97.0,7.4,706.0,9.28,671.0,8.34,8.23,3.0,0.4939,-0.8039,0.0346,-0.0843,0.0448,-0.0264,2026-08-28,90.265,93.665,89.05,89.49,2.331123e6,90.778146
2026-08-28T20:30:56.262,14,12,INTC260909P00098000,INTC,2026-09-09,put,98.0,8.22,1229.0,10.38,758.0,9.3,7.45,1.0,0.5226,-0.819,0.0311,-0.0847,0.0427,-0.0271,2026-08-28,90.265,93.665,89.05,89.49,2.331123e6,90.778146
2026-08-28T20:30:56.262,14,12,INTC260909P00099000,INTC,2026-09-09,put,99.0,8.99,727.0,11.25,657.0,10.120000000000001,8.77,2.0,0.5136,-0.8504,0.028,-0.0721,0.0377,-0.0283,2026-08-28,90.265,93.665,89.05,89.49,2.331123e6,90.778146
2026-08-28T20:30:56.262,14,12,INTC260909P00100000,INTC,2026-09-09,put,100.0,8.98,688.0,12.45,612.0,10.715,10.79,2.0,0.4127,-0.926,0.0209,-0.0297,0.0227,-0.0307,2026-08-28,90.265,93.665,89.05,89.49,2.331123e6,90.778146
2026-08-28T20:30:56.262,14,12,INTC260909P00101000,INTC,2026-09-09,put,101.0,10.49,667.0,13.19,579.0,11.84,10.24,1.0,0.4918,-0.9053,0.0212,-0.0467,0.0273,-0.0305,2026-08-28,90.265,93.665,89.05,89.49,2.331123e6,90.778146
2026-08-28T20:30:56.262,14,12,INTC260909P00102000,INTC,2026-09-09,put,102.0,11.7,124.0,14.05,169.0,12.875,11.97,3.0,0.5343,-0.9036,0.0197,-0.0523,0.0277,-0.0308,2026-08-28,90.265,93.665,89.05,89.49,2.331123e6,90.778146
2026-08-28T20:30:56.262,14,12,INTC260909P00103000,INTC,2026-09-09,put,103.0,11.79,124.0,14.86,122.0,13.325,,,,,,,,,2026-08-28,90.265,93.665,89.05,89.49,2.331123e6,90.778146
2026-08-28T20:30:56.262,14,12,INTC260909P00104000,INTC,2026-09-09,put,104.0,12.89,123.0,15.82,130.0,14.355,,,,,,,,,2026-08-28,90.265,93.665,89.05,89.49,2.331123e6,90.778146
2026-08-28T20:30:56.262,14,12,INTC260909P00105000,INTC,2026-09-09,put,105.0,14.23,65.0,16.379,47.0,15.3045,15.77,1.0,,,,,,,2026-08-28,90.265,93.665,89.05,89.49,2.331123e6,90.778146
2026-08-28T20:30:56.262,14,12,INTC260909P00106000,INTC,2026-09-09,put,106.0,14.45,38.0,18.3,37.0,16.375,,,,,,,,,2026-08-28,90.265,93.665,89.05,89.49,2.331123e6,90.778146
2026-08-28T20:30:56.262,14,12,INTC260909P00107000,INTC,2026-09-09,put,107.0,16.04,40.0,18.83,40.0,17.435,16.56,1.0,,,,,,,2026-08-28,90.265,93.665,89.05,89.49,2.331123e6,90.778146
2026-08-28T20:30:56.262,14,12,INTC260909P00108000,INTC,2026-09-09,put,108.0,16.95,45.0,20.75,53.0,18.85,,,0.6909,-0.9248,0.0127,-0.056,0.023,-0.0334,2026-08-28,90.265,93.665,89.05,89.49,2.331123e6,90.778146
2026-08-28T20:30:56.262,14,12,INTC260909P00109000,INTC,2026-09-09,put,109.0,18.17,40.0,21.13,40.0,19.65,,,0.6088,-0.9584,0.009,-0.0261,0.0144,-0.0346,2026-08-28,90.265,93.665,89.05,89.49,2.331123e6,90.778146
2026-08-28T20:30:56.262,14,12,INTC260909P00110000,INTC,2026-09-09,put,110.0,19.02,40.0,21.89,56.0,20.455,20.65,1.0,,,,,,,2026-08-28,90.265,93.665,89.05,89.49,2.331123e6,90.778146
2026-08-28T20:30:56.262,14,12,INTC260909P00111000,INTC,2026-09-09,put,111.0,19.85,40.0,23.49,40.0,21.67,,,0.669,-0.9569,0.0084,-0.0307,0.0148,-0.0352,2026-08-28,90.265,93.665,89.05,89.49,2.331123e6,90.778146
2026-08-28T20:30:56.262,14,12,INTC260909P00112000,INTC,2026-09-09,put,112.0,20.58,52.0,23.99,42.0,22.284999999999997,,,,,,,,,2026-08-28,90.265,93.665,89.05,89.49,2.331123e6,90.778146
2026-08-28T20:30:56.262,14,12,INTC260909P00113000,INTC,2026-09-09,put,113.0,21.82,46.0,24.9,39.0,23.36,,,,,,,,,2026-08-28,90.265,93.665,89.05,89.49,2.331123e6,90.778146
2026-08-28T20:30:56.262,14,12,INTC260909P00114000,INTC,2026-09-09,put,114.0,22.83,39.0,26.09,38.0,24.46,,,,,,,,,2026-08-28,90.265,93.665,89.05,89.49,2.331123e6,90.778146
2026-08-28T20:30:56.262,14,12,INTC260909P00115000,INTC,2026-09-09,put,115.0,23.69,40.0,27.79,48.0,25.740000000000002,,,0.8047,-0.9501,0.0079,-0.0449,0.0167,-0.0364,2026-08-28,90.265,93.665,89.05,89.49,2.331123e6,90.778146
2026-08-28T20:30:56.262,14,12,INTC260909P00116000,INTC,2026-09-09,put,116.0,24.47,45.0,28.11,42.0,26.29,,,,,,,,,2026-08-28,90.265,93.665,89.05,89.49,2.331123e6,90.778146
2026-08-28T20:30:56.262,14,12,INTC260909P00117000,INTC,2026-09-09,put,117.0,25.96,41.0,28.6,50.0,27.28,,,,,,,,,2026-08-28,90.265,93.665,89.05,89.49,2.331123e6,90.778146
2026-08-28T20:30:56.262,14,12,INTC260909P00118000,INTC,2026-09-09,put,118.0,25.99,43.0,29.84,47.0,27.915,,,,,,,,,2026-08-28,90.265,93.665,89.05,89.49,2.331123e6,90.778146
2026-08-28T20:30:56.262,14,12,INTC260909P00119000,INTC,2026-09-09,put,119.0,27.99,24.0,31.29,51.0,29.64,29.3,1.0,0.8205,-0.9672,0.0055,-0.029,0.0119,-0.0382,2026-08-28,90.265,93.665,89.05,89.49,2.331123e6,90.778146
2026-08-28T20:30:56.262,14,12,INTC260909P00120000,INTC,2026-09-09,put,120.0,29.19,41.0,31.25,36.0,30.22,33.23,1.0,,,,,,,2026-08-28,90.265,93.665,89.05,89.49,2.331123e6,90.778146
2026-08-28T20:30:56.262,14,12,INTC260909P00121000,INTC,2026-09-09,put,121.0,29.6,38.0,32.659,57.0,31.1295,,,,,,,,,2026-08-28,90.265,93.665,89.05,89.49,2.331123e6,90.778146
2026-08-28T20:30:56.262,14,12,INTC260909P00122000,INTC,2026-09-09,put,122.0,31.02,41.0,34.72,48.0,32.87,,,,,,,,,2026-08-28,90.265,93.665,89.05,89.49,2.331123e6,90.778146
2026-08-28T20:30:56.262,14,12,INTC260909P00123000,INTC,2026-09-09,put,123.0,31.79,38.0,35.76,46.0,33.775,,,,,,,,,2026-08-28,90.265,93.665,89.05,89.49,2.331123e6,90.778146
2026-08-28T20:30:56.262,14,12,INTC260909P00124000,INTC,2026-09-09,put,124.0,32.369,33.0,36.73,38.0,34.549499999999995,,,0.8203,-0.9829,0.0032,-0.0112,0.0069,-0.0402,2026-08-28,90.265,93.665,89.05,89.49,2.331123e6,90.778146
2026-08-28T20:30:56.262,14,12,INTC260909P00125000,INTC,2026-09-09,put,125.0,33.3,34.0,36.67,47.0,34.985,,,,,,,,,2026-08-28,90.265,93.665,89.05,89.49,2.331123e6,90.778146
2026-08-28T20:30:56.262,14,12,INTC260909P00126000,INTC,2026-09-09,put,126.0,35.24,32.0,38.94,32.0,37.09,,,,,,,,,2026-08-28,90.265,93.665,89.05,89.49,2.331123e6,90.778146
2026-08-28T20:30:56.262,14,12,INTC260909P00127000,INTC,2026-09-09,put,127.0,34.95,34.0,38.75,32.0,36.85,,,,,,,,,2026-08-28,90.265,93.665,89.05,89.49,2.331123e6,90.778146
2026-08-28T20:30:56.262,14,12,INTC260909P00128000,INTC,2026-09-09,put,128.0,36.71,39.0,40.36,50.0,38.535,,,,,,,,,2026-08-28,90.265,93.665,89.05,89.49,2.331123e6,90.778146
2026-08-28T20:30:56.262,14,12,INTC260909P00130000,INTC,2026-09-09,put,130.0,39.52,39.0,42.26,50.0,40.89,,,,,,,,,2026-08-28,90.265,93.665,89.05,89.49,2.331123e6,90.778146
2026-08-28T20:30:56.262,14,12,INTC260909P00135000,INTC,2026-09-09,put,135.0,42.68,24.0,47.18,36.0,44.93,,,,,,,,,2026-08-28,90.265,93.665,89.05,89.49,2.331123e6,90.778146
2026-08-28T20:30:56.262,14,14,INTC260911C00055000,INTC,2026-09-11,call,55.0,32.77,42.0,35.79,78.0,34.28,36.27,1.0,,,,,,,2026-08-28,90.265,93.665,89.05,89.49,2.331123e6,90.778146
2026-08-28T20:30:56.262,14,14,INTC260911C00060000,INTC,2026-09-11,call,60.0,28.09,714.0,31.36,506.0,29.725,29.2,16.0,,,,,,,2026-08-28,90.265,93.665,89.05,89.49,2.331123e6,90.778146
2026-08-28T20:30:56.262,14,14,INTC260911C00065000,INTC,2026-09-11,call,65.0,23.23,112.0,26.05,91.0,24.64,24.97,3.0,0.8868,0.9731,0.004,-0.0406,0.0109,0.0239,2026-08-28,90.265,93.665,89.05,89.49,2.331123e6,90.778146
2026-08-28T20:30:56.262,14,14,INTC260911C00070000,INTC,2026-09-11,call,70.0,17.96,737.0,20.72,517.0,19.34,19.68,1.0,,,,,,,2026-08-28,90.265,93.665,89.05,89.49,2.331123e6,90.778146
2026-08-28T20:30:56.262,14,14,INTC260911C00072000,INTC,2026-09-11,call,72.0,15.93,64.0,19.49,107.0,17.71,,,0.6806,0.9554,0.0079,-0.0468,0.0165,0.026,2026-08-28,90.265,93.665,89.05,89.49,2.331123e6,90.778146
2026-08-28T20:30:56.262,14,14,INTC260911C00073000,INTC,2026-09-11,call,73.0,14.95,70.0,18.68,100.0,16.814999999999998,16.4,1.0,0.6998,0.9401,0.0097,-0.0587,0.0208,0.0258,2026-08-28,90.265,93.665,89.05,89.49,2.331123e6,90.778146
2026-08-28T20:30:56.262,14,14,INTC260911C00074000,INTC,2026-09-11,call,74.0,14.93,54.0,17.63,100.0,16.28,17.69,2.0,0.8334,0.8938,0.0126,-0.1019,0.0321,0.0244,2026-08-28,90.265,93.665,89.05,89.49,2.331123e6,90.778146
2026-08-28T20:30:56.262,14,14,INTC260911C00075000,INTC,2026-09-11,call,75.0,13.67,55.0,16.97,111.0,15.32,16.71,1.0,0.8017,0.8858,0.0138,-0.1032,0.0338,0.0245,2026-08-28,90.265,93.665,89.05,89.49,2.331123e6,90.778146
2026-08-28T20:30:56.262,14,14,INTC260911C00076000,INTC,2026-09-11,call,76.0,12.49,113.0,15.14,100.0,13.815000000000001,12.05,1.0,0.5866,0.9307,0.013,-0.0558,0.0233,0.0266,2026-08-28,90.265,93.665,89.05,89.49,2.331123e6,90.778146
2026-08-28T20:30:56.262,14,14,INTC260911C00077000,INTC,2026-09-11,call,77.0,11.47,264.0,14.35,398.0,12.91,15.2,1.0,0.586,0.9144,0.0152,-0.0642,0.0274,0.0264,2026-08-28,90.265,93.665,89.05,89.49,2.331123e6,90.778146
2026-08-28T20:30:56.262,14,14,INTC260911C00078000,INTC,2026-09-11,call,78.0,10.6,195.0,13.63,267.0,12.115,9.72,1.0,0.6129,0.8861,0.018,-0.0806,0.0337,0.0257,2026-08-28,90.265,93.665,89.05,89.49,2.331123e6,90.778146
2026-08-28T20:30:56.262,14,14,INTC260911C00079000,INTC,2026-09-11,call,79.0,10.25,703.0,12.6,690.0,11.425,10.07,1.0,0.653,0.8509,0.0203,-0.1013,0.0407,0.0248,2026-08-28,90.265,93.665,89.05,89.49,2.331123e6,90.778146
2026-08-28T20:30:56.262,14,14,INTC260911C00080000,INTC,2026-09-11,call,80.0,9.62,809.0,10.62,974.0,10.12,10.2,3.0,0.5313,0.871,0.0226,-0.0767,0.0368,0.026,2026-08-28,90.265,93.665,89.05,89.49,2.331123e6,90.778146
2026-08-28T20:30:56.262,14,14,INTC260911C00081000,INTC,2026-09-11,call,81.0,8.45,961.0,10.31,1261.0,9.379999999999999,9.36,1.0,0.5529,0.8355,0.0256,-0.0921,0.0434,0.025,2026-08-28,90.265,93.665,89.05,89.49,2.331123e6,90.778146
2026-08-28T20:30:56.262,14,14,INTC260911C00082000,INTC,2026-09-11,call,82.0,7.29,943.0,9.72,941.0,8.505,9.66,1.0,0.535,0.8128,0.0287,-0.0964,0.0471,0.0246,2026-08-28,90.265,93.665,89.05,89.49,2.331123e6,90.778146
2026-08-28T20:30:56.262,14,14,INTC260911C00083000,INTC,2026-09-11,call,83.0,7.26,192.0,8.039,622.0,7.6495,8.81,1.0,0.5174,0.7868,0.0321,-0.1003,0.0509,0.024,2026-08-28,90.265,93.665,89.05,89.49,2.331123e6,90.778146
2026-08-28T20:30:56.262,14,14,INTC260911C00084000,INTC,2026-09-11,call,84.0,6.74,314.0,7.33,593.0,7.035,7.4,1.0,0.5391,0.7435,0.0341,-0.1145,0.0564,0.0228,2026-08-28,90.265,93.665,89.05,89.49,2.331123e6,90.778146
2026-08-28T20:30:56.262,14,14,INTC260911C00085000,INTC,2026-09-11,call,85.0,5.88,256.0,6.53,650.0,6.205,6.28,2.0,0.5154,0.713,0.0378,-0.1155,0.0596,0.0221,2026-08-28,90.265,93.665,89.05,89.49,2.331123e6,90.778146
2026-08-28T20:30:56.262,14,14,INTC260911C00086000,INTC,2026-09-11,call,86.0,5.32,573.0,5.87,537.0,5.595000000000001,6.89,3.0,0.5226,0.6706,0.0396,-0.1236,0.0633,0.0208,2026-08-28,90.265,93.665,89.05,89.49,2.331123e6,90.778146
2026-08-28T20:30:56.262,14,14,INTC260911C00087000,INTC,2026-09-11,call,87.0,4.72,620.0,5.27,547.0,4.994999999999999,6.97,1.0,0.5241,0.6285,0.0412,-0.129,0.0662,0.0196,2026-08-28,90.265,93.665,89.05,89.49,2.331123e6,90.778146
2026-08-28T20:30:56.262,14,14,INTC260911C00088000,INTC,2026-09-11,call,88.0,4.18,534.0,4.51,621.0,4.345,4.4,1.0,0.5119,0.5868,0.0435,-0.1294,0.0682,0.0184,2026-08-28,90.265,93.665,89.05,89.49,2.331123e6,90.778146
2026-08-28T20:30:56.262,14,14,INTC260911C00089000,INTC,2026-09-11,call,89.0,3.73,75.0,4.0,541.0,3.865,3.85,1.0,0.5182,0.5424,0.0437,-0.133,0.0694,0.0171,2026-08-28,90.265,93.665,89.05,89.49,2.331123e6,90.778146
2026-08-28T20:30:56.262,14,14,INTC260911C00090000,INTC,2026-09-11,call,90.0,3.27,349.0,3.64,203.0,3.455,3.45,4.0,0.5282,0.4994,0.0432,-0.1358,0.0698,0.0158,2026-08-28,90.265,93.665,89.05,89.49,2.331123e6,90.778146
2026-08-28T20:30:56.262,14,14,INTC260911C00091000,INTC,2026-09-11,call,91.0,2.78,535.0,3.13,312.0,2.955,3.05,1.0,0.519,0.4554,0.0436,-0.1324,0.0694,0.0145,2026-08-28,90.265,93.665,89.05,89.49,2.331123e6,90.778146
2026-08-28T20:30:56.262,14,14,INTC260911C00092000,INTC,2026-09-11,call,92.0,2.46,108.0,2.79,899.0,2.625,2.6,10.0,0.5284,0.4153,0.0422,-0.1322,0.0683,0.0132,2026-08-28,90.265,93.665,89.05,89.49,2.331123e6,90.778146
2026-08-28T20:30:56.262,14,14,INTC260911C00093000,INTC,2026-09-11,call,93.0,2.15,27.0,2.34,403.0,2.245,2.3,1.0,0.5247,0.374,0.0413,-0.1274,0.0663,0.012,2026-08-28,90.265,93.665,89.05,89.49,2.331123e6,90.778146
2026-08-28T20:30:56.262,14,14,INTC260911C00094000,INTC,2026-09-11,call,94.0,1.81,432.0,2.04,494.0,1.925,2.0,1.0,0.5241,0.335,0.0397,-0.1222,0.0638,0.0107,2026-08-28,90.265,93.665,89.05,89.49,2.331123e6,90.778146
2026-08-28T20:30:56.262,14,14,INTC260911C00095000,INTC,2026-09-11,call,95.0,1.64,20.0,1.81,650.0,1.725,1.7,3.0,0.5373,0.3038,0.0372,-0.12,0.0612,0.0098,2026-08-28,90.265,93.665,89.05,89.49,2.331123e6,90.778146
2026-08-28T20:30:56.262,14,14,INTC260911C00096000,INTC,2026-09-11,call,96.0,1.33,662.0,1.58,795.0,1.455,1.55,5.0,0.5342,0.2685,0.0353,-0.1124,0.0577,0.0086,2026-08-28,90.265,93.665,89.05,89.49,2.331123e6,90.778146
2026-08-28T20:30:56.262,14,14,INTC260911C00097000,INTC,2026-09-11,call,97.0,1.14,303.0,1.33,145.0,1.2349999999999999,1.33,1.0,0.5342,0.2369,0.033,-0.1051,0.054,0.0076,2026-08-28,90.265,93.665,89.05,89.49,2.331123e6,90.778146
2026-08-28T20:30:56.262,14,14,INTC260911C00098000,INTC,2026-09-11,call,98.0,1.05,88.0,1.15,374.0,1.1,1.1,1.0,0.5454,0.2132,0.0305,-0.1009,0.0509,0.0069,2026-08-28,90.265,93.665,89.05,89.49,2.331123e6,90.778146
2026-08-28T20:30:56.262,14,14,INTC260911C00099000,INTC,2026-09-11,call,99.0,0.95,2.0,1.03,157.0,0.99,0.99,1.0,0.5583,0.1928,0.028,-0.0972,0.0479,0.0062,2026-08-28,90.265,93.665,89.05,89.49,2.331123e6,90.778146
2026-08-28T20:30:56.262,14,14,INTC260911C00100000,INTC,2026-09-11,call,100.0,0.78,5.0,0.83,7.0,0.8049999999999999,0.83,1.0,0.551,0.1651,0.0258,-0.0869,0.0435,0.0054,2026-08-28,90.265,93.665,89.05,89.49,2.331123e6,90.778146
2026-08-28T20:30:56.262,14,14,INTC260911C00101000,INTC,2026-09-11,call,101.0,0.68,96.0,0.74,332.0,0.71,0.74,1.0,0.5596,0.1474,0.0235,-0.0819,0.0403,0.0048,2026-08-28,90.265,93.665,89.05,89.49,2.331123e6,90.778146
2026-08-28T20:30:56.262,14,14,INTC260911C00102000,INTC,2026-09-11,call,102.0,0.62,2.0,0.68,347.0,0.65,0.65,1.0,0.5743,0.1344,0.0215,-0.0789,0.0379,0.0044,2026-08-28,90.265,93.665,89.05,89.49,2.331123e6,90.778146
2026-08-28T20:30:56.262,14,14,INTC260911C00103000,INTC,2026-09-11,call,103.0,0.47,152.0,0.6,488.0,0.5349999999999999,0.54,1.0,0.5709,0.1151,0.0194,-0.0703,0.034,0.0037,2026-08-28,90.265,93.665,89.05,89.49,2.331123e6,90.778146
2026-08-28T20:30:56.262,14,14,INTC260911C00104000,INTC,2026-09-11,call,104.0,0.44,109.0,0.49,396.0,0.46499999999999997,0.49,1.0,0.5766,0.1016,0.0176,-0.0649,0.0311,0.0033,2026-08-28,90.265,93.665,89.05,89.49,2.331123e6,90.778146
2026-08-28T20:30:56.262,14,14,INTC260911C00105000,INTC,2026-09-11,call,105.0,0.32,438.0,0.42,122.0,0.37,0.42,2.0,0.5699,0.0846,0.0155,-0.056,0.0271,0.0028,2026-08-28,90.265,93.665,89.05,89.49,2.331123e6,90.778146
2026-08-28T20:30:56.262,14,14,INTC260911C00106000,INTC,2026-09-11,call,106.0,0.33,170.0,0.38,181.0,0.355,0.36,1.0,0.5892,0.0795,0.0144,-0.0552,0.0259,0.0026,2026-08-28,90.265,93.665,89.05,89.49,2.331123e6,90.778146
2026-08-28T20:30:56.262,14,14,INTC260911C00107000,INTC,2026-09-11,call,107.0,0.27,788.0,0.34,869.0,0.30500000000000005,0.46,1.0,0.593,0.0695,0.0129,-0.0501,0.0234,0.0023,2026-08-28,90.265,93.665,89.05,89.49,2.331123e6,90.778146
2026-08-28T20:30:56.262,14,14,INTC260911C00108000,INTC,2026-09-11,call,108.0,0.24,1.0,0.3,355.0,0.27,0.32,1.0,0.6006,0.062,0.0116,-0.0464,0.0214,0.002,2026-08-28,90.265,93.665,89.05,89.49,2.331123e6,90.778146
2026-08-28T20:30:56.262,14,14,INTC260911C00109000,INTC,2026-09-11,call,109.0,0.22,337.0,0.31,418.0,0.265,0.26,1.0,0.6208,0.0594,0.0109,-0.0464,0.0207,0.0019,2026-08-28,90.265,93.665,89.05,89.49,2.331123e6,90.778146
2026-08-28T20:30:56.262,14,14,INTC260911C00110000,INTC,2026-09-11,call,110.0,0.18,1.0,0.24,364.0,0.21,0.24,2.0,0.614,0.049,0.0094,-0.0394,0.0178,0.0016,2026-08-28,90.265,93.665,89.05,89.49,2.331123e6,90.778146
2026-08-28T20:30:56.262,14,14,INTC260911C00111000,INTC,2026-09-11,call,111.0,0.12,767.0,0.26,932.0,0.19,0.19,1.0,0.6233,0.0444,0.0086,-0.0369,0.0164,0.0014,2026-08-28,90.265,93.665,89.05,89.49,2.331123e6,90.778146
2026-08-28T20:30:56.262,14,14,INTC260911C00112000,INTC,2026-09-11,call,112.0,0.15,3.0,0.2,311.0,0.175,0.17,1.0,0.6344,0.0407,0.0079,-0.035,0.0153,0.0013,2026-08-28,90.265,93.665,89.05,89.49,2.331123e6,90.778146
2026-08-28T20:30:56.262,14,14,INTC260911C00113000,INTC,2026-09-11,call,113.0,0.09,603.0,0.18,933.0,0.135,0.28,1.0,0.6256,0.0328,0.0067,-0.0289,0.0128,0.0011,2026-08-28,90.265,93.665,89.05,89.49,2.331123e6,90.778146
2026-08-28T20:30:56.262,14,14,INTC260911C00114000,INTC,2026-09-11,call,114.0,0.12,780.0,0.16,903.0,0.14,0.21,1.0,0.6487,0.0329,0.0065,-0.03,0.0128,0.0011,2026-08-28,90.265,93.665,89.05,89.49,2.331123e6,90.778146
2026-08-28T20:30:56.262,14,14,INTC260911C00115000,INTC,2026-09-11,call,115.0,0.1,798.0,0.15,5.0,0.125,0.13,1.0,0.6554,0.0295,0.0058,-0.0277,0.0117,0.001,2026-08-28,90.265,93.665,89.05,89.49,2.331123e6,90.778146
2026-08-28T20:30:56.262,14,14,INTC260911C00116000,INTC,2026-09-11,call,116.0,0.01,1209.0,0.21,1326.0,0.11,0.15,1.0,0.6603,0.0262,0.0053,-0.0253,0.0106,0.0009,2026-08-28,90.265,93.665,89.05,89.49,2.331123e6,90.778146
2026-08-28T20:30:56.262,14,14,INTC260911C00117000,INTC,2026-09-11,call,117.0,0.04,508.0,0.12,619.0,0.08,0.1,1.0,0.6465,0.0201,0.0043,-0.0198,0.0085,0.0007,2026-08-28,90.265,93.665,89.05,89.49,2.331123e6,90.778146
2026-08-28T20:30:56.262,14,14,INTC260911C00118000,INTC,2026-09-11,call,118.0,0.07,441.0,0.11,444.0,0.09,0.09,1.0,0.6751,0.0215,0.0044,-0.0219,0.009,0.0007,2026-08-28,90.265,93.665,89.05,89.49,2.331123e6,90.778146
2026-08-28T20:30:56.262,14,14,INTC260911C00119000,INTC,2026-09-11,call,119.0,0.06,989.0,0.14,1044.0,0.1,0.09,3.0,0.7032,0.0228,0.0044,-0.024,0.0095,0.0007,2026-08-28,90.265,93.665,89.05,89.49,2.331123e6,90.778146
2026-08-28T20:30:56.262,14,14,INTC260911C00120000,INTC,2026-09-11,call,120.0,0.08,2.0,0.14,716.0,0.11000000000000001,0.08,5.0,0.7307,0.024,0.0044,-0.026,0.0099,0.0008,2026-08-28,90.265,93.665,89.05,89.49,2.331123e6,90.778146
2026-08-28T20:30:56.262,14,14,INTC260911C00121000,INTC,2026-09-11,call,121.0,0.0,0.0,0.16,1148.0,0.08,0.14,1.0,,,,,,,2026-08-28,90.265,93.665,89.05,89.49,2.331123e6,90.778146
2026-08-28T20:30:56.262,14,14,INTC260911C00122000,INTC,2026-09-11,call,122.0,0.01,609.0,0.12,1010.0,0.065,0.16,2.0,0.7094,0.0154,0.0031,-0.0173,0.0068,0.0005,2026-08-28,90.265,93.665,89.05,89.49,2.331123e6,90.778146
2026-08-28T20:30:56.262,14,14,INTC260911C00123000,INTC,2026-09-11,call,123.0,0.0,0.0,0.15,1152.0,0.075,0.09,8.0,,,,,,,2026-08-28,90.265,93.665,89.05,89.49,2.331123e6,90.778146
2026-08-28T20:30:56.262,14,14,INTC260911C00124000,INTC,2026-09-11,call,124.0,0.03,1201.0,0.11,1005.0,0.07,0.06,3.0,0.7481,0.0157,0.003,-0.0186,0.0069,0.0005,2026-08-28,90.265,93.665,89.05,89.49,2.331123e6,90.778146
2026-08-28T20:30:56.262,14,14,INTC260911C00125000,INTC,2026-09-11,call,125.0,0.03,415.0,0.11,418.0,0.07,0.1,3.0,0.7636,0.0154,0.0029,-0.0187,0.0068,0.0005,2026-08-28,90.265,93.665,89.05,89.49,2.331123e6,90.778146
2026-08-28T20:30:56.262,14,14,INTC260911C00126000,INTC,2026-09-11,call,126.0,0.0,0.0,0.13,1133.0,0.065,0.09,1.0,,,,,,,2026-08-28,90.265,93.665,89.05,89.49,2.331123e6,90.778146
2026-08-28T20:30:56.262,14,14,INTC260911C00127000,INTC,2026-09-11,call,127.0,0.01,414.0,0.1,801.0,0.055,0.1,2.0,0.7695,0.0123,0.0024,-0.0155,0.0056,0.0004,2026-08-28,90.265,93.665,89.05,89.49,2.331123e6,90.778146
2026-08-28T20:30:56.262,14,14,INTC260911C00128000,INTC,2026-09-11,call,128.0,0.01,90.0,0.05,171.0,0.030000000000000002,0.09,1.0,0.729,0.0075,0.0016,-0.0095,0.0036,0.0002,2026-08-28,90.265,93.665,89.05,89.49,2.331123e6,90.778146
2026-08-28T20:30:56.262,14,14,INTC260911C00129000,INTC,2026-09-11,call,129.0,0.0,0.0,0.08,476.0,0.04,0.08,3.0,,,,,,,2026-08-28,90.265,93.665,89.05,89.49,2.331123e6,90.778146
2026-08-28T20:30:56.262,14,14,INTC260911C00130000,INTC,2026-09-11,call,130.0,0.0,0.0,0.09,285.0,0.045,0.08,2.0,,,,,,,2026-08-28,90.265,93.665,89.05,89.49,2.331123e6,90.778146
2026-08-28T20:30:56.262,14,14,INTC260911C00131000,INTC,2026-09-11,call,131.0,0.01,1.0,0.11,141.0,0.06,0.09,1.0,0.8363,0.0124,0.0022,-0.0169,0.0056,0.0004,2026-08-28,90.265,93.665,89.05,89.49,2.331123e6,90.778146
2026-08-28T20:30:56.262,14,14,INTC260911C00132000,INTC,2026-09-11,call,132.0,0.0,0.0,0.11,446.0,0.055,0.11,1.0,,,,,,,2026-08-28,90.265,93.665,89.05,89.49,2.331123e6,90.778146
2026-08-28T20:30:56.262,14,14,INTC260911C00133000,INTC,2026-09-11,call,133.0,0.0,0.0,0.06,326.0,0.03,0.05,2.0,,,,,,,2026-08-28,90.265,93.665,89.05,89.49,2.331123e6,90.778146
2026-08-28T20:30:56.262,14,14,INTC260911C00134000,INTC,2026-09-11,call,134.0,0.0,0.0,0.06,390.0,0.03,0.08,1.0,,,,,,,2026-08-28,90.265,93.665,89.05,89.49,2.331123e6,90.778146
2026-08-28T20:30:56.262,14,14,INTC260911C00135000,INTC,2026-09-11,call,135.0,0.01,3.0,0.06,99.0,0.034999999999999996,0.02,10.0,,,,,,,2026-08-28,90.265,93.665,89.05,89.49,2.331123e6,90.778146
2026-08-28T20:30:56.262,14,14,INTC260911C00136000,INTC,2026-09-11,call,136.0,0.0,0.0,0.09,317.0,0.045,0.05,5.0,,,,,,,2026-08-28,90.265,93.665,89.05,89.49,2.331123e6,90.778146
2026-08-28T20:30:56.262,14,14,INTC260911C00137000,INTC,2026-09-11,call,137.0,0.0,0.0,0.09,335.0,0.045,0.05,1.0,,,,,,,2026-08-28,90.265,93.665,89.05,89.49,2.331123e6,90.778146
2026-08-28T20:30:56.262,14,14,INTC260911C00138000,INTC,2026-09-11,call,138.0,0.0,0.0,0.05,451.0,0.025,0.09,2.0,,,,,,,2026-08-28,90.265,93.665,89.05,89.49,2.331123e6,90.778146
2026-08-28T20:30:56.262,14,14,INTC260911C00139000,INTC,2026-09-11,call,139.0,0.0,0.0,0.04,139.0,0.02,0.19,1.0,,,,,,,2026-08-28,90.265,93.665,89.05,89.49,2.331123e6,90.778146
2026-08-28T20:30:56.262,14,14,INTC260911C00140000,INTC,2026-09-11,call,140.0,0.0,0.0,0.06,130.0,0.03,0.03,1.0,,,,,,,2026-08-28,90.265,93.665,89.05,89.49,2.331123e6,90.778146
2026-08-28T20:30:56.262,14,14,INTC260911C00141000,INTC,2026-09-11,call,141.0,0.0,0.0,0.08,313.0,0.04,0.2,1.0,,,,,,,2026-08-28,90.265,93.665,89.05,89.49,2.331123e6,90.778146
2026-08-28T20:30:56.262,14,14,INTC260911C00142000,INTC,2026-09-11,call,142.0,0.0,0.0,0.08,111.0,0.04,0.25,1.0,,,,,,,2026-08-28,90.265,93.665,89.05,89.49,2.331123e6,90.778146
2026-08-28T20:30:56.262,14,14,INTC260911C00143000,INTC,2026-09-11,call,143.0,0.0,0.0,0.04,291.0,0.02,1.32,1.0,,,,,,,2026-08-28,90.265,93.665,89.05,89.49,2.331123e6,90.778146
2026-08-28T20:30:56.262,14,14,INTC260911C00144000,INTC,2026-09-11,call,144.0,0.0,0.0,0.08,131.0,0.04,1.31,1.0,,,,,,,2026-08-28,90.265,93.665,89.05,89.49,2.331123e6,90.778146
2026-08-28T20:30:56.262,14,14,INTC260911C00145000,INTC,2026-09-11,call,145.0,0.0,0.0,0.06,104.0,0.03,0.03,1.0,,,,,,,2026-08-28,90.265,93.665,89.05,89.49,2.331123e6,90.778146
2026-08-28T20:30:56.262,14,14,INTC260911C00146000,INTC,2026-09-11,call,146.0,0.0,0.0,0.08,111.0,0.04,0.49,1.0,,,,,,,2026-08-28,90.265,93.665,89.05,89.49,2.331123e6,90.778146
2026-08-28T20:30:56.262,14,14,INTC260911C00147000,INTC,2026-09-11,call,147.0,0.0,0.0,0.04,124.0,0.02,0.01,1.0,,,,,,,2026-08-28,90.265,93.665,89.05,89.49,2.331123e6,90.778146
2026-08-28T20:30:56.262,14,14,INTC260911C00148000,INTC,2026-09-11,call,148.0,0.0,0.0,0.04,40.0,0.02,0.69,1.0,,,,,,,2026-08-28,90.265,93.665,89.05,89.49,2.331123e6,90.778146
2026-08-28T20:30:56.262,14,14,INTC260911C00149000,INTC,2026-09-11,call,149.0,0.0,0.0,0.04,136.0,0.02,0.49,1.0,,,,,,,2026-08-28,90.265,93.665,89.05,89.49,2.331123e6,90.778146
2026-08-28T20:30:56.262,14,14,INTC260911C00150000,INTC,2026-09-11,call,150.0,0.0,0.0,0.02,240.0,0.01,0.01,30.0,,,,,,,2026-08-28,90.265,93.665,89.05,89.49,2.331123e6,90.778146
2026-08-28T20:30:56.262,14,14,INTC260911P00055000,INTC,2026-09-11,put,55.0,0.03,24.0,0.07,1077.0,0.05,0.03,10.0,,,,,,,2026-08-28,90.265,93.665,89.05,89.49,2.331123e6,90.778146
2026-08-28T20:30:56.262,14,14,INTC260911P00060000,INTC,2026-09-11,put,60.0,0.01,62.0,0.03,399.0,0.02,0.03,1.0,0.8025,-0.0044,0.0009,-0.0064,0.0022,-0.0002,2026-08-28,90.265,93.665,89.05,89.49,2.331123e6,90.778146
2026-08-28T20:30:56.262,14,14,INTC260911P00065000,INTC,2026-09-11,put,65.0,0.07,64.0,0.09,1.0,0.08,0.05,9.0,0.7855,-0.0155,0.0028,-0.019,0.0068,-0.0006,2026-08-28,90.265,93.665,89.05,89.49,2.331123e6,90.778146
2026-08-28T20:30:56.262,14,14,INTC260911P00070000,INTC,2026-09-11,put,70.0,0.11,122.0,0.16,140.0,0.135,0.1,1.0,0.6812,-0.0281,0.0054,-0.0272,0.0113,-0.001,2026-08-28,90.265,93.665,89.05,89.49,2.331123e6,90.778146
2026-08-28T20:30:56.262,14,14,INTC260911P00072000,INTC,2026-09-11,put,72.0,0.05,584.0,0.24,715.0,0.145,0.16,1.0,0.6228,-0.0325,0.0067,-0.028,0.0127,-0.0012,2026-08-28,90.265,93.665,89.05,89.49,2.331123e6,90.778146
2026-08-28T20:30:56.262,14,14,INTC260911P00073000,INTC,2026-09-11,put,73.0,0.15,870.0,0.22,330.0,0.185,0.19,5.0,0.6177,-0.0405,0.008,-0.0332,0.0152,-0.0015,2026-08-28,90.265,93.665,89.05,89.49,2.331123e6,90.778146
2026-08-28T20:30:56.262,14,14,INTC260911P00074000,INTC,2026-09-11,put,74.0,0.18,352.0,0.22,718.0,0.2,0.19,2.0,0.5929,-0.0449,0.0091,-0.0347,0.0166,-0.0016,2026-08-28,90.265,93.665,89.05,89.49,2.331123e6,90.778146
2026-08-28T20:30:56.262,14,14,INTC260911P00075000,INTC,2026-09-11,put,75.0,0.17,348.0,0.28,535.0,0.22500000000000003,0.19,10.0,0.5726,-0.0513,0.0105,-0.0372,0.0184,-0.0018,2026-08-28,90.265,93.665,89.05,89.49,2.331123e6,90.778146
2026-08-28T20:30:56.262,14,14,INTC260911P00076000,INTC,2026-09-11,put,76.0,0.25,926.0,0.32,1211.0,0.28500000000000003,0.29,1.0,0.5671,-0.0632,0.0125,-0.0434,0.0217,-0.0023,2026-08-28,90.265,93.665,89.05,89.49,2.331123e6,90.778146
2026-08-28T20:30:56.262,14,14,INTC260911P00077000,INTC,2026-09-11,put,77.0,0.3,209.0,0.36,630.0,0.32999999999999996,0.36,2.0,0.5503,-0.0735,0.0145,-0.0473,0.0244,-0.0026,2026-08-28,90.265,93.665,89.05,89.49,2.331123e6,90.778146
2026-08-28T20:30:56.262,14,14,INTC260911P00078000,INTC,2026-09-11,put,78.0,0.36,678.0,0.43,786.0,0.395,0.41,1.0,0.538,-0.0872,0.0168,-0.0525,0.0278,-0.0031,2026-08-28,90.265,93.665,89.05,89.49,2.331123e6,90.778146
2026-08-28T20:30:56.262,14,14,INTC260911P00079000,INTC,2026-09-11,put,79.0,0.44,649.0,0.49,81.0,0.46499999999999997,0.48,3.0,0.5234,-0.1022,0.0195,-0.0574,0.0312,-0.0037,2026-08-28,90.265,93.665,89.05,89.49,2.331123e6,90.778146
2026-08-28T20:30:56.262,14,14,INTC260911P00080000,INTC,2026-09-11,put,80.0,0.51,366.0,0.61,119.0,0.56,0.59,1.0,0.5123,-0.1212,0.0225,-0.0634,0.0353,-0.0044,2026-08-28,90.265,93.665,89.05,89.49,2.331123e6,90.778146
2026-08-28T20:30:56.262,14,14,INTC260911P00081000,INTC,2026-09-11,put,81.0,0.64,396.0,0.79,92.0,0.7150000000000001,0.74,1.0,0.5119,-0.1478,0.0258,-0.0725,0.0404,-0.0053,2026-08-28,90.265,93.665,89.05,89.49,2.331123e6,90.778146
2026-08-28T20:30:56.262,14,14,INTC260911P00082000,INTC,2026-09-11,put,82.0,0.84,412.0,0.97,743.0,0.905,0.87,3.0,0.5123,-0.178,0.0291,-0.0818,0.0456,-0.0064,2026-08-28,90.265,93.665,89.05,89.49,2.331123e6,90.778146
2026-08-28T20:30:56.262,14,14,INTC260911P00083000,INTC,2026-09-11,put,83.0,1.04,291.0,1.2,96.0,1.12,1.08,10.0,0.5107,-0.2106,0.0323,-0.0902,0.0505,-0.0076,2026-08-28,90.265,93.665,89.05,89.49,2.331123e6,90.778146
2026-08-28T20:30:56.262,14,14,INTC260911P00084000,INTC,2026-09-11,put,84.0,1.28,323.0,1.41,100.0,1.345,1.32,1.0,0.5045,-0.2445,0.0356,-0.0967,0.055,-0.0089,2026-08-28,90.265,93.665,89.05,89.49,2.331123e6,90.778146
2026-08-28T20:30:56.262,14,14,INTC260911P00085000,INTC,2026-09-11,put,85.0,1.6,307.0,1.75,581.0,1.675,1.62,1.0,0.5101,-0.2854,0.038,-0.1056,0.0595,-0.0104,2026-08-28,90.265,93.665,89.05,89.49,2.331123e6,90.778146
2026-08-28T20:30:56.262,14,14,INTC260911P00086000,INTC,2026-09-11,put,86.0,1.85,804.0,2.07,2.0,1.96,1.87,2.0,0.5012,-0.3242,0.041,-0.1096,0.0629,-0.0119,2026-08-28,90.265,93.665,89.05,89.49,2.331123e6,90.778146
2026-08-28T20:30:56.262,14,14,INTC260911P00087000,INTC,2026-09-11,put,87.0,2.22,269.0,2.42,20.0,2.3200000000000003,2.35,10.0,0.4978,-0.367,0.0432,-0.1137,0.0659,-0.0135,2026-08-28,90.265,93.665,89.05,89.49,2.331123e6,90.778146
2026-08-28T20:30:56.262,14,14,INTC260911P00088000,INTC,2026-09-11,put,88.0,2.75,120.0,3.01,201.0,2.88,2.82,1.0,0.5174,-0.4137,0.043,-0.122,0.0682,-0.0153,2026-08-28,90.265,93.665,89.05,89.49,2.331123e6,90.778146
2026-08-28T20:30:56.262,14,14,INTC260911P00089000,INTC,2026-09-11,put,89.0,3.18,69.0,3.42,198.0,3.3,3.32,4.0,0.5095,-0.4576,0.0445,-0.1219,0.0694,-0.017,2026-08-28,90.265,93.665,89.05,89.49,2.331123e6,90.778146
2026-08-28T20:30:56.262,14,14,INTC260911P00090000,INTC,2026-09-11,put,90.0,3.65,509.0,4.019,227.0,3.8345000000000002,3.65,3.0,0.5117,-0.502,0.0445,-0.1228,0.0698,-0.0187,2026-08-28,90.265,93.665,89.05,89.49,2.331123e6,90.778146
2026-08-28T20:30:56.262,14,14,INTC260911P00091000,INTC,2026-09-11,put,91.0,4.22,856.0,4.62,544.0,4.42,4.35,1.0,0.515,-0.5453,0.044,-0.1223,0.0694,-0.0204,2026-08-28,90.265,93.665,89.05,89.49,2.331123e6,90.778146
2026-08-28T20:30:56.262,14,14,INTC260911P00092000,INTC,2026-09-11,put,92.0,4.78,250.0,5.31,157.0,5.045,4.87,1.0,0.5179,-0.5872,0.043,-0.1203,0.0682,-0.0221,2026-08-28,90.265,93.665,89.05,89.49,2.331123e6,90.778146
2026-08-28T20:30:56.262,14,14,INTC260911P00093000,INTC,2026-09-11,put,93.0,5.35,544.0,5.88,266.0,5.615,5.5,2.0,0.5065,-0.6318,0.0425,-0.1132,0.066,-0.0238,2026-08-28,90.265,93.665,89.05,89.49,2.331123e6,90.778146
2026-08-28T20:30:56.262,14,14,INTC260911P00094000,INTC,2026-09-11,put,94.0,6.02,308.0,6.61,50.0,6.3149999999999995,6.16,2.0,0.5086,-0.6708,0.0406,-0.1084,0.0633,-0.0254,2026-08-28,90.265,93.665,89.05,89.49,2.331123e6,90.778146
2026-08-28T20:30:56.262,14,14,INTC260911P00095000,INTC,2026-09-11,put,95.0,6.69,958.0,7.36,44.0,7.025,7.04,1.0,0.5064,-0.7092,0.0387,-0.1015,0.06,-0.027,2026-08-28,90.265,93.665,89.05,89.49,2.331123e6,90.778146
2026-08-28T20:30:56.262,14,14,INTC260911P00096000,INTC,2026-09-11,put,96.0,7.42,852.0,8.0,45.0,7.71,7.5,1.0,0.4934,-0.7507,0.0367,-0.0904,0.0555,-0.0287,2026-08-28,90.265,93.665,89.05,89.49,2.331123e6,90.778146
2026-08-28T20:30:56.262,14,14,INTC260911P00097000,INTC,2026-09-11,put,97.0,8.09,380.0,9.05,331.0,8.57,8.6,1.0,0.506,-0.7769,0.0337,-0.0866,0.0522,-0.0299,2026-08-28,90.265,93.665,89.05,89.49,2.331123e6,90.778146
2026-08-28T20:30:56.262,14,14,INTC260911P00098000,INTC,2026-09-11,put,98.0,9.04,667.0,9.76,480.0,9.399999999999999,9.57,1.0,0.5085,-0.8053,0.0309,-0.0794,0.0482,-0.0312,2026-08-28,90.265,93.665,89.05,89.49,2.331123e6,90.778146
2026-08-28T20:30:56.262,14,14,INTC260911P00099000,INTC,2026-09-11,put,99.0,9.05,917.0,11.98,1066.0,10.515,8.88,2.0,0.5672,-0.8029,0.0279,-0.0902,0.0486,-0.0316,2026-08-28,90.265,93.665,89.05,89.49,2.331123e6,90.778146
2026-08-28T20:30:56.262,14,14,INTC260911P00100000,INTC,2026-09-11,put,100.0,9.18,1313.0,11.98,539.0,10.58,11.11,1.0,0.3253,-0.9562,0.0163,-0.0093,0.0162,-0.0368,2026-08-28,90.265,93.665,89.05,89.49,2.331123e6,90.778146
2026-08-28T20:30:56.262,14,14,INTC260911P00101000,INTC,2026-09-11,put,101.0,10.63,928.0,13.81,1078.0,12.22,12.05,1.0,0.5673,-0.849,0.0236,-0.0743,0.041,-0.0338,2026-08-28,90.265,93.665,89.05,89.49,2.331123e6,90.778146
2026-08-28T20:30:56.262,14,14,INTC260911P00102000,INTC,2026-09-11,put,102.0,11.78,455.0,14.88,588.0,13.33,10.89,1.0,0.6248,-0.843,0.022,-0.085,0.0421,-0.034,2026-08-28,90.265,93.665,89.05,89.49,2.331123e6,90.778146
2026-08-28T20:30:56.262,14,14,INTC260911P00103000,INTC,2026-09-11,put,103.0,12.61,881.0,14.94,729.0,13.774999999999999,14.0,1.0,0.4924,-0.9205,0.0172,-0.036,0.0259,-0.0368,2026-08-28,90.265,93.665,89.05,89.49,2.331123e6,90.778146
2026-08-28T20:30:56.262,14,14,INTC260911P00104000,INTC,2026-09-11,put,104.0,12.96,260.0,16.25,325.0,14.605,17.5,1.0,0.4359,-0.9569,0.012,-0.015,0.016,-0.0384,2026-08-28,90.265,93.665,89.05,89.49,2.331123e6,90.778146
2026-08-28T20:30:56.262,14,14,INTC260911P00105000,INTC,2026-09-11,put,105.0,14.1,763.0,16.82,800.0,15.46,14.86,1.0,,,,,,,2026-08-28,90.265,93.665,89.05,89.49,2.331123e6,90.778146
2026-08-28T20:30:56.262,14,14,INTC260911P00106000,INTC,2026-09-11,put,106.0,15.71,121.0,17.85,156.0,16.78,15.0,1.0,0.5704,-0.9276,0.0138,-0.0392,0.0241,-0.0382,2026-08-28,90.265,93.665,89.05,89.49,2.331123e6,90.778146
2026-08-28T20:30:56.262,14,14,INTC260911P00107000,INTC,2026-09-11,put,107.0,15.87,183.0,19.89,318.0,17.88,15.51,11.0,0.6343,-0.9154,0.014,-0.0515,0.0271,-0.0382,2026-08-28,90.265,93.665,89.05,89.49,2.331123e6,90.778146
2026-08-28T20:30:56.262,14,14,INTC260911P00108000,INTC,2026-09-11,put,108.0,17.54,81.0,20.11,42.0,18.825,18.37,1.0,0.6378,-0.9253,0.0126,-0.0462,0.0247,-0.0389,2026-08-28,90.265,93.665,89.05,89.49,2.331123e6,90.778146
2026-08-28T20:30:56.262,14,14,INTC260911P00109000,INTC,2026-09-11,put,109.0,18.36,58.0,21.4,62.0,19.88,18.19,1.0,0.6837,-0.9199,0.0124,-0.0534,0.026,-0.0392,2026-08-28,90.265,93.665,89.05,89.49,2.331123e6,90.778146
2026-08-28T20:30:56.262,14,14,INTC260911P00110000,INTC,2026-09-11,put,110.0,18.83,407.0,21.58,434.0,20.205,17.95,2.0,,,,,,,2026-08-28,90.265,93.665,89.05,89.49,2.331123e6,90.778146
2026-08-28T20:30:56.262,14,14,INTC260911P00111000,INTC,2026-09-11,put,111.0,19.52,115.0,23.03,87.0,21.275,20.5,1.0,,,,,,,2026-08-28,90.265,93.665,89.05,89.49,2.331123e6,90.778146
2026-08-28T20:30:56.262,14,14,INTC260911P00112000,INTC,2026-09-11,put,112.0,20.81,47.0,23.97,60.0,22.39,23.79,1.0,,,,,,,2026-08-28,90.265,93.665,89.05,89.49,2.331123e6,90.778146
2026-08-28T20:30:56.262,14,14,INTC260911P00113000,INTC,2026-09-11,put,113.0,22.37,44.0,24.48,44.0,23.425,25.63,1.0,,,,,,,2026-08-28,90.265,93.665,89.05,89.49,2.331123e6,90.778146
2026-08-28T20:30:56.262,14,14,INTC260911P00114000,INTC,2026-09-11,put,114.0,23.13,47.0,26.78,47.0,24.955,21.49,1.0,0.8306,-0.9201,0.0102,-0.0664,0.026,-0.0411,2026-08-28,90.265,93.665,89.05,89.49,2.331123e6,90.778146
2026-08-28T20:30:56.262,14,14,INTC260911P00115000,INTC,2026-09-11,put,115.0,23.74,58.0,26.5,77.0,25.119999999999997,24.2,50.0,,,,,,,2026-08-28,90.265,93.665,89.05,89.49,2.331123e6,90.778146
2026-08-28T20:30:56.262,14,14,INTC260911P00116000,INTC,2026-09-11,put,116.0,24.34,50.0,28.22,44.0,26.28,28.93,1.0,,,,,,,2026-08-28,90.265,93.665,89.05,89.49,2.331123e6,90.778146
2026-08-28T20:30:56.262,14,14,INTC260911P00117000,INTC,2026-09-11,put,117.0,26.14,44.0,28.92,55.0,27.53,26.35,1.0,0.6384,-0.9812,0.0041,-0.0068,0.008,-0.0442,2026-08-28,90.265,93.665,89.05,89.49,2.331123e6,90.778146
2026-08-28T20:30:56.262,14,14,INTC260911P00118000,INTC,2026-09-11,put,118.0,26.99,85.0,29.7,94.0,28.345,31.05,12.0,,,,,,,2026-08-28,90.265,93.665,89.05,89.49,2.331123e6,90.778146
2026-08-28T20:30:56.262,14,14,INTC260911P00119000,INTC,2026-09-11,put,119.0,28.13,49.0,31.87,38.0,30.0,22.8,1.0,0.9596,-0.9224,0.0086,-0.0759,0.0254,-0.0431,2026-08-28,90.265,93.665,89.05,89.49,2.331123e6,90.778146
2026-08-28T20:30:56.262,14,14,INTC260911P00120000,INTC,2026-09-11,put,120.0,29.03,43.0,31.84,56.0,30.435000000000002,28.9,1.0,,,,,,,2026-08-28,90.265,93.665,89.05,89.49,2.331123e6,90.778146
2026-08-28T20:30:56.262,14,14,INTC260911P00121000,INTC,2026-09-11,put,121.0,29.39,39.0,33.66,39.0,31.525,29.91,2.0,0.7058,-0.9827,0.0035,-0.007,0.0075,-0.0458,2026-08-28,90.265,93.665,89.05,89.49,2.331123e6,90.778146
2026-08-28T20:30:56.262,14,14,INTC260911P00122000,INTC,2026-09-11,put,122.0,30.98,33.0,33.61,32.0,32.295,31.11,1.0,,,,,,,2026-08-28,90.265,93.665,89.05,89.49,2.331123e6,90.778146
2026-08-28T20:30:56.262,14,14,INTC260911P00123000,INTC,2026-09-11,put,123.0,32.229,33.0,34.87,33.0,33.549499999999995,36.52,10.0,0.7717,-0.9787,0.0038,-0.0125,0.0089,-0.0464,2026-08-28,90.265,93.665,89.05,89.49,2.331123e6,90.778146
2026-08-28T20:30:56.262,14,14,INTC260911P00124000,INTC,2026-09-11,put,124.0,33.07,36.0,36.45,35.0,34.760000000000005,33.7,2.0,0.9496,-0.9515,0.0061,-0.0478,0.0176,-0.046,2026-08-28,90.265,93.665,89.05,89.49,2.331123e6,90.778146
2026-08-28T20:30:56.262,14,14,INTC260911P00125000,INTC,2026-09-11,put,125.0,33.6,34.0,36.54,37.0,35.07,32.85,3.0,,,,,,,2026-08-28,90.265,93.665,89.05,89.49,2.331123e6,90.778146
2026-08-28T20:30:56.262,14,14,INTC260911P00126000,INTC,2026-09-11,put,126.0,35.09,34.0,37.52,34.0,36.30500000000001,36.71,2.0,,,,,,,2026-08-28,90.265,93.665,89.05,89.49,2.331123e6,90.778146
2026-08-28T20:30:56.262,14,14,INTC260911P00127000,INTC,2026-09-11,put,127.0,35.86,34.0,39.37,50.0,37.614999999999995,24.53,4.0,0.906,-0.9702,0.0043,-0.026,0.0119,-0.0477,2026-08-28,90.265,93.665,89.05,89.49,2.331123e6,90.778146
2026-08-28T20:30:56.262,14,14,INTC260911P00128000,INTC,2026-09-11,put,128.0,37.63,32.0,40.99,33.0,39.31,35.1,1.0,,,,,,,2026-08-28,90.265,93.665,89.05,89.49,2.331123e6,90.778146
2026-08-28T20:30:56.262,14,14,INTC260911P00129000,INTC,2026-09-11,put,129.0,37.94,32.0,40.66,35.0,39.3,32.28,2.0,,,,,,,2026-08-28,90.265,93.665,89.05,89.49,2.331123e6,90.778146
2026-08-28T20:30:56.262,14,14,INTC260911P00130000,INTC,2026-09-11,put,130.0,38.59,32.0,42.63,32.0,40.61,43.1,1.0,,,,,,,2026-08-28,90.265,93.665,89.05,89.49,2.331123e6,90.778146
2026-08-28T20:30:56.262,14,14,INTC260911P00131000,INTC,2026-09-11,put,131.0,38.88,31.0,43.5,31.0,41.19,33.96,2.0,,,,,,,2026-08-28,90.265,93.665,89.05,89.49,2.331123e6,90.778146
2026-08-28T20:30:56.262,14,14,INTC260911P00132000,INTC,2026-09-11,put,132.0,41.59,33.0,45.04,34.0,43.315,34.89,2.0,,,,,,,2026-08-28,90.265,93.665,89.05,89.49,2.331123e6,90.778146
2026-08-28T20:30:56.262,14,14,INTC260911P00133000,INTC,2026-09-11,put,133.0,41.25,32.0,44.82,35.0,43.035,35.73,2.0,,,,,,,2026-08-28,90.265,93.665,89.05,89.49,2.331123e6,90.778146
2026-08-28T20:30:56.262,14,14,INTC260911P00134000,INTC,2026-09-11,put,134.0,43.36,40.0,45.69,53.0,44.525,36.63,2.0,,,,,,,2026-08-28,90.265,93.665,89.05,89.49,2.331123e6,90.778146
2026-08-28T20:30:56.262,14,14,INTC260911P00135000,INTC,2026-09-11,put,135.0,44.65,35.0,46.89,35.0,45.769999999999996,38.03,1.0,,,,,,,2026-08-28,90.265,93.665,89.05,89.49,2.331123e6,90.778146
2026-08-28T20:30:56.262,14,14,INTC260911P00136000,INTC,2026-09-11,put,136.0,43.97,40.0,48.9,53.0,46.435,38.55,2.0,0.7009,-0.9986,0.0004,0.0115,0.0008,-0.052,2026-08-28,90.265,93.665,89.05,89.49,2.331123e6,90.778146
2026-08-28T20:30:56.262,14,14,INTC260911P00137000,INTC,2026-09-11,put,137.0,46.24,33.0,49.27,35.0,47.755,39.4,2.0,,,,,,,2026-08-28,90.265,93.665,89.05,89.49,2.331123e6,90.778146
2026-08-28T20:30:56.262,14,14,INTC260911P00138000,INTC,2026-09-11,put,138.0,46.67,32.0,49.54,30.0,48.105000000000004,52.23,1.0,,,,,,,2026-08-28,90.265,93.665,89.05,89.49,2.331123e6,90.778146
2026-08-28T20:30:56.262,14,14,INTC260911P00139000,INTC,2026-09-11,put,139.0,48.48,35.0,52.09,35.0,50.285,41.23,2.0,,,,,,,2026-08-28,90.265,93.665,89.05,89.49,2.331123e6,90.778146
2026-08-28T20:30:56.262,14,14,INTC260911P00140000,INTC,2026-09-11,put,140.0,48.27,34.0,52.14,34.0,50.205,51.45,1.0,,,,,,,2026-08-28,90.265,93.665,89.05,89.49,2.331123e6,90.778146
2026-08-28T20:30:56.262,14,14,INTC260911P00141000,INTC,2026-09-11,put,141.0,49.76,35.0,53.74,34.0,51.75,,,,,,,,,2026-08-28,90.265,93.665,89.05,89.49,2.331123e6,90.778146
2026-08-28T20:30:56.262,14,14,INTC260911P00142000,INTC,2026-09-11,put,142.0,51.93,31.0,54.45,31.0,53.19,,,,,,,,,2026-08-28,90.265,93.665,89.05,89.49,2.331123e6,90.778146
2026-08-28T20:30:56.262,14,14,INTC260911P00143000,INTC,2026-09-11,put,143.0,50.78,42.0,54.97,30.0,52.875,,,,,,,,,2026-08-28,90.265,93.665,89.05,89.49,2.331123e6,90.778146
2026-08-28T20:30:56.262,14,14,INTC260911P00144000,INTC,2026-09-11,put,144.0,53.59,33.0,56.69,33.0,55.14,,,,,,,,,2026-08-28,90.265,93.665,89.05,89.49,2.331123e6,90.778146
2026-08-28T20:30:56.262,14,14,INTC260911P00145000,INTC,2026-09-11,put,145.0,53.43,32.0,56.57,32.0,55.0,,,,,,,,,2026-08-28,90.265,93.665,89.05,89.49,2.331123e6,90.778146
2026-08-28T20:30:56.262,14,14,INTC260911P00146000,INTC,2026-09-11,put,146.0,55.04,30.0,57.25,49.0,56.144999999999996,,,,,,,,,2026-08-28,90.265,93.665,89.05,89.49,2.331123e6,90.778146
2026-08-28T20:30:56.262,14,14,INTC260911P00147000,INTC,2026-09-11,put,147.0,54.79,33.0,59.02,33.0,56.905,,,,,,,,,2026-08-28,90.265,93.665,89.05,89.49,2.331123e6,90.778146
2026-08-28T20:30:56.262,14,14,INTC260911P00148000,INTC,2026-09-11,put,148.0,57.88,31.0,59.43,31.0,58.655,,,,,,,,,2026-08-28,90.265,93.665,89.05,89.49,2.331123e6,90.778146
2026-08-28T20:30:56.262,14,14,INTC260911P00149000,INTC,2026-09-11,put,149.0,57.2,35.0,60.21,35.0,58.705,,,,,,,,,2026-08-28,90.265,93.665,89.05,89.49,2.331123e6,90.778146
2026-08-28T20:30:56.262,14,14,INTC260911P00150000,INTC,2026-09-11,put,150.0,59.67,34.0,63.27,34.0,61.47,,,,,,,,,2026-08-28,90.265,93.665,89.05,89.49,2.331123e6,90.778146
2026-08-28T20:30:56.262,30,28,INTC260925C00055000,INTC,2026-09-25,call,55.0,32.85,29.0,36.82,25.0,34.835,35.41,4.0,,,,,,,2026-08-28,90.265,93.665,89.05,89.49,2.331123e6,90.778146
2026-08-28T20:30:56.262,30,28,INTC260925C00060000,INTC,2026-09-25,call,60.0,28.53,42.0,31.68,105.0,30.105,32.72,3.0,0.961,0.9496,0.0044,-0.0496,0.0257,0.042,2026-08-28,90.265,93.665,89.05,89.49,2.331123e6,90.778146
2026-08-28T20:30:56.262,30,28,INTC260925C00065000,INTC,2026-09-25,call,65.0,23.5,193.0,25.7,160.0,24.6,26.4,1.0,0.5025,0.9913,0.0019,-0.0117,0.0058,0.0491,2026-08-28,90.265,93.665,89.05,89.49,2.331123e6,90.778146
2026-08-28T20:30:56.262,30,28,INTC260925C00070000,INTC,2026-09-25,call,70.0,18.66,99.0,22.33,168.0,20.494999999999997,23.05,1.0,0.7459,0.9032,0.0093,-0.0626,0.0424,0.0462,2026-08-28,90.265,93.665,89.05,89.49,2.331123e6,90.778146
2026-08-28T20:30:56.262,30,28,INTC260925C00075000,INTC,2026-09-25,call,75.0,14.57,627.0,16.88,977.0,15.725,15.8,1.0,0.6293,0.8664,0.0138,-0.0662,0.0534,0.0473,2026-08-28,90.265,93.665,89.05,89.49,2.331123e6,90.778146
2026-08-28T20:30:56.262,30,28,INTC260925C00076000,INTC,2026-09-25,call,76.0,13.29,638.0,15.36,626.0,14.325,16.48,1.0,0.5179,0.8891,0.0148,-0.0498,0.0468,0.05,2026-08-28,90.265,93.665,89.05,89.49,2.331123e6,90.778146
2026-08-28T20:30:56.262,30,28,INTC260925C00077000,INTC,2026-09-25,call,77.0,12.63,575.0,14.71,608.0,13.670000000000002,,,0.5534,0.8572,0.0165,-0.0615,0.0559,0.0483,2026-08-28,90.265,93.665,89.05,89.49,2.331123e6,90.778146
2026-08-28T20:30:56.262,30,28,INTC260925C00078000,INTC,2026-09-25,call,78.0,12.54,475.0,13.78,586.0,13.16,,,0.6005,0.8209,0.0176,-0.0755,0.0647,0.0462,2026-08-28,90.265,93.665,89.05,89.49,2.331123e6,90.778146
2026-08-28T20:30:56.262,30,28,INTC260925C00079000,INTC,2026-09-25,call,79.0,10.97,604.0,13.21,639.0,12.09,,,0.5547,0.8156,0.0194,-0.0714,0.066,0.0466,2026-08-28,90.265,93.665,89.05,89.49,2.331123e6,90.778146
2026-08-28T20:30:56.262,30,28,INTC260925C00080000,INTC,2026-09-25,call,80.0,10.97,690.0,11.76,820.0,11.365,11.35,1.0,0.5592,0.7914,0.0207,-0.0769,0.0711,0.0455,2026-08-28,90.265,93.665,89.05,89.49,2.331123e6,90.778146
2026-08-28T20:30:56.262,30,28,INTC260925C00081000,INTC,2026-09-25,call,81.0,10.16,145.0,10.94,915.0,10.55,11.0,2.0,0.5478,0.7713,0.0223,-0.0792,0.0749,0.0448,2026-08-28,90.265,93.665,89.05,89.49,2.331123e6,90.778146
2026-08-28T20:30:56.262,30,28,INTC260925C00082000,INTC,2026-09-25,call,82.0,9.77,139.0,10.39,925.0,10.08,10.15,6.0,0.5775,0.7377,0.0228,-0.0888,0.0807,0.0428,2026-08-28,90.265,93.665,89.05,89.49,2.331123e6,90.778146
2026-08-28T20:30:56.262,30,28,INTC260925C00083000,INTC,2026-09-25,call,83.0,8.75,675.0,9.59,704.0,9.17,10.55,1.0,0.5486,0.7197,0.0248,-0.0872,0.0834,0.0423,2026-08-28,90.265,93.665,89.05,89.49,2.331123e6,90.778146
2026-08-28T20:30:56.262,30,28,INTC260925C00084000,INTC,2026-09-25,call,84.0,8.37,380.0,8.96,1064.0,8.665,8.75,1.0,0.5652,0.6889,0.0253,-0.0936,0.0875,0.0406,2026-08-28,90.265,93.665,89.05,89.49,2.331123e6,90.778146
2026-08-28T20:30:56.262,30,28,INTC260925C00085000,INTC,2026-09-25,call,85.0,7.71,345.0,8.29,470.0,8.0,7.95,1.0,0.5597,0.6627,0.0264,-0.0955,0.0904,0.0393,2026-08-28,90.265,93.665,89.05,89.49,2.331123e6,90.778146
2026-08-28T20:30:56.262,30,28,INTC260925C00086000,INTC,2026-09-25,call,86.0,7.01,141.0,7.75,487.0,7.38,7.45,1.0,0.5563,0.6351,0.0273,-0.0974,0.093,0.0379,2026-08-28,90.265,93.665,89.05,89.49,2.331123e6,90.778146
2026-08-28T20:30:56.262,30,28,INTC260925C00087000,INTC,2026-09-25,call,87.0,6.53,100.0,6.87,169.0,6.7,6.75,1.0,0.5436,0.6076,0.0286,-0.0971,0.0951,0.0365,2026-08-28,90.265,93.665,89.05,89.49,2.331123e6,90.778146
2026-08-28T20:30:56.262,30,28,INTC260925C00088000,INTC,2026-09-25,call,88.0,6.04,201.0,6.37,470.0,6.205,6.25,2.0,0.5475,0.5781,0.0289,-0.0993,0.0969,0.0349,2026-08-28,90.265,93.665,89.05,89.49,2.331123e6,90.778146
2026-08-28T20:30:56.262,30,28,INTC260925C00089000,INTC,2026-09-25,call,89.0,5.48,340.0,5.97,796.0,5.725,5.7,1.0,0.5497,0.5488,0.0291,-0.1006,0.098,0.0332,2026-08-28,90.265,93.665,89.05,89.49,2.331123e6,90.778146
2026-08-28T20:30:56.262,30,28,INTC260925C00090000,INTC,2026-09-25,call,90.0,5.21,69.0,5.43,262.0,5.32,5.3,1.0,0.5565,0.5201,0.0289,-0.1021,0.0986,0.0316,2026-08-28,90.265,93.665,89.05,89.49,2.331123e6,90.778146
2026-08-28T20:30:56.262,30,28,INTC260925C00091000,INTC,2026-09-25,call,91.0,4.66,167.0,4.87,130.0,4.765000000000001,4.85,6.0,0.5452,0.4901,0.0296,-0.1,0.0987,0.0299,2026-08-28,90.265,93.665,89.05,89.49,2.331123e6,90.778146
2026-08-28T20:30:56.262,30,28,INTC260925C00092000,INTC,2026-09-25,call,92.0,4.33,382.0,4.56,370.0,4.445,4.6,1.0,0.5548,0.463,0.0289,-0.1011,0.0983,0.0283,2026-08-28,90.265,93.665,89.05,89.49,2.331123e6,90.778146
2026-08-28T20:30:56.262,30,28,INTC260925C00093000,INTC,2026-09-25,call,93.0,3.82,447.0,4.13,240.0,3.9749999999999996,4.2,1.0,0.5464,0.4332,0.0291,-0.0985,0.0974,0.0267,2026-08-28,90.265,93.665,89.05,89.49,2.331123e6,90.778146
2026-08-28T20:30:56.262,30,28,INTC260925C00094000,INTC,2026-09-25,call,94.0,3.58,208.0,3.82,63.0,3.7,3.8,1.0,0.5553,0.4081,0.0282,-0.0986,0.0961,0.0251,2026-08-28,90.265,93.665,89.05,89.49,2.331123e6,90.778146
2026-08-28T20:30:56.262,30,28,INTC260925C00095000,INTC,2026-09-25,call,95.0,3.38,1.0,3.62,257.0,3.5,3.5,17.0,0.5697,0.386,0.0271,-0.0994,0.0947,0.0238,2026-08-28,90.265,93.665,89.05,89.49,2.331123e6,90.778146
2026-08-28T20:30:56.262,30,28,INTC260925C00096000,INTC,2026-09-25,call,96.0,2.97,465.0,3.27,475.0,3.12,3.2,1.0,0.5626,0.3585,0.0268,-0.0958,0.0925,0.0222,2026-08-28,90.265,93.665,89.05,89.49,2.331123e6,90.778146
2026-08-28T20:30:56.262,30,28,INTC260925C00097000,INTC,2026-09-25,call,97.0,2.75,454.0,2.96,587.0,2.855,2.96,1.0,0.5654,0.335,0.026,-0.0938,0.0902,0.0208,2026-08-28,90.265,93.665,89.05,89.49,2.331123e6,90.778146
2026-08-28T20:30:56.262,30,28,INTC260925C00098000,INTC,2026-09-25,call,98.0,2.5,519.0,2.63,563.0,2.565,2.6,1.0,0.5629,0.3104,0.0253,-0.0904,0.0874,0.0193,2026-08-28,90.265,93.665,89.05,89.49,2.331123e6,90.778146
2026-08-28T20:30:56.262,30,28,INTC260925C00099000,INTC,2026-09-25,call,99.0,2.24,493.0,2.48,505.0,2.3600000000000003,2.43,1.0,0.5678,0.29,0.0244,-0.0883,0.0847,0.0181,2026-08-28,90.265,93.665,89.05,89.49,2.331123e6,90.778146
2026-08-28T20:30:56.262,30,28,INTC260925C00100000,INTC,2026-09-25,call,100.0,2.11,132.0,2.25,328.0,2.1799999999999997,2.15,2.0,0.5737,0.2711,0.0233,-0.0862,0.082,0.0169,2026-08-28,90.265,93.665,89.05,89.49,2.331123e6,90.778146
2026-08-28T20:30:56.262,30,28,INTC260925C00101000,INTC,2026-09-25,call,101.0,1.86,163.0,2.07,101.0,1.9649999999999999,1.96,1.0,0.5732,0.2506,0.0224,-0.0827,0.0788,0.0157,2026-08-28,90.265,93.665,89.05,89.49,2.331123e6,90.778146
2026-08-28T20:30:56.262,30,28,INTC260925C00102000,INTC,2026-09-25,call,102.0,1.65,539.0,1.9,270.0,1.775,1.83,1.0,0.5737,0.2315,0.0215,-0.0792,0.0754,0.0145,2026-08-28,90.265,93.665,89.05,89.49,2.331123e6,90.778146
2026-08-28T20:30:56.262,30,28,INTC260925C00103000,INTC,2026-09-25,call,103.0,1.55,149.0,1.74,186.0,1.645,1.56,1.0,0.5803,0.2163,0.0204,-0.077,0.0726,0.0136,2026-08-28,90.265,93.665,89.05,89.49,2.331123e6,90.778146
2026-08-28T20:30:56.262,30,28,INTC260925C00104000,INTC,2026-09-25,call,104.0,1.36,236.0,1.59,120.0,1.475,1.51,1.0,0.5794,0.1987,0.0194,-0.0731,0.069,0.0125,2026-08-28,90.265,93.665,89.05,89.49,2.331123e6,90.778146
2026-08-28T20:30:56.262,30,28,INTC260925C00105000,INTC,2026-09-25,call,105.0,1.32,290.0,1.41,91.0,1.365,1.39,1.0,0.5854,0.1854,0.0184,-0.0707,0.0662,0.0117,2026-08-28,90.265,93.665,89.05,89.49,2.331123e6,90.778146
2026-08-28T20:30:56.262,30,28,INTC260925C00106000,INTC,2026-09-25,call,106.0,1.17,136.0,1.29,74.0,1.23,1.29,1.0,0.586,0.1705,0.0175,-0.0671,0.0628,0.0107,2026-08-28,90.265,93.665,89.05,89.49,2.331123e6,90.778146
2026-08-28T20:30:56.262,30,28,INTC260925C00107000,INTC,2026-09-25,call,107.0,1.06,330.0,1.18,140.0,1.12,1.15,2.0,0.5887,0.1575,0.0165,-0.064,0.0596,0.0099,2026-08-28,90.265,93.665,89.05,89.49,2.331123e6,90.778146
2026-08-28T20:30:56.262,30,28,INTC260925C00108000,INTC,2026-09-25,call,108.0,0.96,386.0,1.12,112.0,1.04,1.06,1.0,0.5949,0.1471,0.0156,-0.0617,0.057,0.0093,2026-08-28,90.265,93.665,89.05,89.49,2.331123e6,90.778146
2026-08-28T20:30:56.262,30,28,INTC260925C00109000,INTC,2026-09-25,call,109.0,0.77,975.0,1.12,506.0,0.9450000000000001,1.0,1.0,0.5972,0.1356,0.0147,-0.0586,0.0539,0.0086,2026-08-28,90.265,93.665,89.05,89.49,2.331123e6,90.778146
2026-08-28T20:30:56.262,30,28,INTC260925C00110000,INTC,2026-09-25,call,110.0,0.87,5.0,0.88,6.0,0.875,0.88,1.0,0.6026,0.1264,0.0139,-0.0563,0.0514,0.008,2026-08-28,90.265,93.665,89.05,89.49,2.331123e6,90.778146
2026-08-28T20:30:56.262,30,28,INTC260925C00111000,INTC,2026-09-25,call,111.0,0.63,956.0,0.96,478.0,0.7949999999999999,0.81,1.0,0.6047,0.1165,0.0131,-0.0533,0.0485,0.0074,2026-08-28,90.265,93.665,89.05,89.49,2.331123e6,90.778146
2026-08-28T20:30:56.262,30,28,INTC260925C00112000,INTC,2026-09-25,call,112.0,0.67,422.0,0.85,861.0,0.76,0.97,1.0,0.615,0.1107,0.0124,-0.0523,0.0468,0.007,2026-08-28,90.265,93.665,89.05,89.49,2.331123e6,90.778146
2026-08-28T20:30:56.262,30,28,INTC260925C00113000,INTC,2026-09-25,call,113.0,0.6,481.0,0.75,141.0,0.675,0.71,1.0,0.6134,0.1005,0.0116,-0.0486,0.0436,0.0064,2026-08-28,90.265,93.665,89.05,89.49,2.331123e6,90.778146
2026-08-28T20:30:56.262,30,28,INTC260925C00114000,INTC,2026-09-25,call,114.0,0.55,506.0,0.66,187.0,0.605,0.69,1.0,0.6134,0.0916,0.0108,-0.0454,0.0407,0.0058,2026-08-28,90.265,93.665,89.05,89.49,2.331123e6,90.778146
2026-08-28T20:30:56.262,30,28,INTC260925C00115000,INTC,2026-09-25,call,115.0,0.58,1.0,0.61,587.0,0.595,0.61,64.0,0.6271,0.0888,0.0104,-0.0453,0.0398,0.0056,2026-08-28,90.265,93.665,89.05,89.49,2.331123e6,90.778146
2026-08-28T20:30:56.262,30,28,INTC260925C00116000,INTC,2026-09-25,call,116.0,0.46,465.0,0.6,280.0,0.53,0.52,1.0,0.6259,0.0806,0.0097,-0.042,0.037,0.0051,2026-08-28,90.265,93.665,89.05,89.49,2.331123e6,90.778146
2026-08-28T20:30:56.262,30,28,INTC260925C00120000,INTC,2026-09-25,call,120.0,0.3,531.0,0.42,196.0,0.36,0.39,1.0,0.6328,0.0574,0.0073,-0.0327,0.0285,0.0037,2026-08-28,90.265,93.665,89.05,89.49,2.331123e6,90.778146
2026-08-28T20:30:56.262,30,28,INTC260925C00125000,INTC,2026-09-25,call,125.0,0.19,923.0,0.34,243.0,0.265,0.3,1.0,0.6616,0.0424,0.0055,-0.0268,0.0224,0.0027,2026-08-28,90.265,93.665,89.05,89.49,2.331123e6,90.778146
2026-08-28T20:30:56.262,30,28,INTC260925C00130000,INTC,2026-09-25,call,130.0,0.17,422.0,0.22,336.0,0.195,0.2,10.0,0.6866,0.0314,0.0042,-0.0217,0.0175,0.002,2026-08-28,90.265,93.665,89.05,89.49,2.331123e6,90.778146
2026-08-28T20:30:56.262,30,28,INTC260925C00135000,INTC,2026-09-25,call,135.0,0.11,2.0,0.21,640.0,0.16,0.15,36.0,0.72,0.0253,0.0033,-0.019,0.0146,0.0016,2026-08-28,90.265,93.665,89.05,89.49,2.331123e6,90.778146
2026-08-28T20:30:56.262,30,28,INTC260925C00140000,INTC,2026-09-25,call,140.0,0.09,981.0,0.13,959.0,0.11,0.11,1.0,0.7317,0.0179,0.0024,-0.0144,0.0109,0.0011,2026-08-28,90.265,93.665,89.05,89.49,2.331123e6,90.778146
2026-08-28T20:30:56.262,30,28,INTC260925C00145000,INTC,2026-09-25,call,145.0,0.06,952.0,0.1,745.0,0.08,0.08,3.0,0.7474,0.0132,0.0018,-0.0113,0.0084,0.0008,2026-08-28,90.265,93.665,89.05,89.49,2.331123e6,90.778146
2026-08-28T20:30:56.262,30,28,INTC260925C00150000,INTC,2026-09-25,call,150.0,0.08,43.0,0.12,628.0,0.1,0.08,2.0,,,,,,,2026-08-28,90.265,93.665,89.05,89.49,2.331123e6,90.778146
2026-08-28T20:30:56.262,30,28,INTC260925P00055000,INTC,2026-09-25,put,55.0,0.02,680.0,0.13,1208.0,0.075,0.13,5.0,0.8006,-0.0104,0.0014,-0.0096,0.0068,-0.0008,2026-08-28,90.265,93.665,89.05,89.49,2.331123e6,90.778146
2026-08-28T20:30:56.262,30,28,INTC260925P00060000,INTC,2026-09-25,put,60.0,0.1,166.0,0.18,961.0,0.14,0.11,1.0,0.7386,-0.0195,0.0026,-0.0153,0.0117,-0.0014,2026-08-28,90.265,93.665,89.05,89.49,2.331123e6,90.778146
2026-08-28T20:30:56.262,30,28,INTC260925P00065000,INTC,2026-09-25,put,65.0,0.2,10.0,0.27,724.0,0.23500000000000001,0.27,5.0,0.6682,-0.0337,0.0045,-0.0218,0.0186,-0.0025,2026-08-28,90.265,93.665,89.05,89.49,2.331123e6,90.778146
2026-08-28T20:30:56.262,30,28,INTC260925P00070000,INTC,2026-09-25,put,70.0,0.28,808.0,0.4,187.0,0.34,0.37,1.0,0.5803,-0.0528,0.0075,-0.0271,0.0267,-0.0039,2026-08-28,90.265,93.665,89.05,89.49,2.331123e6,90.778146
2026-08-28T20:30:56.262,30,28,INTC260925P00075000,INTC,2026-09-25,put,75.0,0.72,157.0,0.84,164.0,0.78,0.75,1.0,0.5584,-0.1094,0.0136,-0.0452,0.0464,-0.0081,2026-08-28,90.265,93.665,89.05,89.49,2.331123e6,90.778146
2026-08-28T20:30:56.262,30,28,INTC260925P00076000,INTC,2026-09-25,put,76.0,0.84,248.0,0.95,785.0,0.895,0.9,1.0,0.5514,-0.1237,0.015,-0.0486,0.0506,-0.0092,2026-08-28,90.265,93.665,89.05,89.49,2.331123e6,90.778146
2026-08-28T20:30:56.262,30,28,INTC260925P00077000,INTC,2026-09-25,put,77.0,0.94,190.0,1.07,174.0,1.005,1.02,2.0,0.5409,-0.1381,0.0165,-0.0514,0.0546,-0.0102,2026-08-28,90.265,93.665,89.05,89.49,2.331123e6,90.778146
2026-08-28T20:30:56.262,30,28,INTC260925P00078000,INTC,2026-09-25,put,78.0,1.11,381.0,1.28,620.0,1.195,1.18,1.0,0.5418,-0.1583,0.018,-0.0563,0.0598,-0.0118,2026-08-28,90.265,93.665,89.05,89.49,2.331123e6,90.778146
2026-08-28T20:30:56.262,30,28,INTC260925P00079000,INTC,2026-09-25,put,79.0,1.35,115.0,1.61,786.0,1.48,1.56,1.0,0.5534,-0.184,0.0194,-0.0633,0.0659,-0.0137,2026-08-28,90.265,93.665,89.05,89.49,2.331123e6,90.778146
2026-08-28T20:30:56.262,30,28,INTC260925P00080000,INTC,2026-09-25,put,80.0,1.54,48.0,1.67,83.0,1.605,1.56,2.0,0.5371,-0.2009,0.0211,-0.0647,0.0695,-0.015,2026-08-28,90.265,93.665,89.05,89.49,2.331123e6,90.778146
2026-08-28T20:30:56.262,30,28,INTC260925P00081000,INTC,2026-09-25,put,81.0,1.83,165.0,1.96,5.0,1.895,1.83,1.0,0.5414,-0.2266,0.0225,-0.0698,0.0745,-0.017,2026-08-28,90.265,93.665,89.05,89.49,2.331123e6,90.778146
2026-08-28T20:30:56.262,30,28,INTC260925P00082000,INTC,2026-09-25,put,82.0,2.12,71.0,2.17,1.0,2.145,2.1,1.0,0.5367,-0.2505,0.0239,-0.073,0.0787,-0.0188,2026-08-28,90.265,93.665,89.05,89.49,2.331123e6,90.778146
2026-08-28T20:30:56.262,30,28,INTC260925P00083000,INTC,2026-09-25,put,83.0,2.38,270.0,2.62,547.0,2.5,2.5,1.0,0.5417,-0.2785,0.025,-0.0776,0.0831,-0.021,2026-08-28,90.265,93.665,89.05,89.49,2.331123e6,90.778146
2026-08-28T20:30:56.262,30,28,INTC260925P00084000,INTC,2026-09-25,put,84.0,2.66,84.0,2.9,124.0,2.7800000000000002,2.72,1.0,0.5342,-0.3041,0.0265,-0.0796,0.0866,-0.023,2026-08-28,90.265,93.665,89.05,89.49,2.331123e6,90.778146
2026-08-28T20:30:56.262,30,28,INTC260925P00085000,INTC,2026-09-25,put,85.0,3.0,419.0,3.31,2.0,3.1550000000000002,3.19,1.0,0.5346,-0.3327,0.0275,-0.0826,0.0899,-0.0252,2026-08-28,90.265,93.665,89.05,89.49,2.331123e6,90.778146
2026-08-28T20:30:56.262,30,28,INTC260925P00086000,INTC,2026-09-25,put,86.0,3.47,249.0,3.78,108.0,3.625,3.47,1.0,0.5419,-0.3629,0.028,-0.0863,0.0929,-0.0277,2026-08-28,90.265,93.665,89.05,89.49,2.331123e6,90.778146
2026-08-28T20:30:56.262,30,28,INTC260925P00087000,INTC,2026-09-25,put,87.0,3.73,534.0,4.23,626.0,3.9800000000000004,3.9,1.0,0.5335,-0.3915,0.0291,-0.0867,0.0951,-0.0299,2026-08-28,90.265,93.665,89.05,89.49,2.331123e6,90.778146
2026-08-28T20:30:56.262,30,28,INTC260925P00088000,INTC,2026-09-25,put,88.0,4.32,545.0,4.74,142.0,4.53,4.5,1.0,0.5425,-0.4218,0.0291,-0.0896,0.0969,-0.0324,2026-08-28,90.265,93.665,89.05,89.49,2.331123e6,90.778146
2026-08-28T20:30:56.262,30,28,INTC260925P00089000,INTC,2026-09-25,put,89.0,4.82,279.0,5.22,157.0,5.02,4.9,1.0,0.542,-0.4514,0.0295,-0.0903,0.098,-0.0348,2026-08-28,90.265,93.665,89.05,89.49,2.331123e6,90.778146
2026-08-28T20:30:56.262,30,28,INTC260925P00090000,INTC,2026-09-25,put,90.0,5.32,170.0,5.61,104.0,5.465,5.4,1.0,0.5339,-0.4816,0.0302,-0.0892,0.0987,-0.0372,2026-08-28,90.265,93.665,89.05,89.49,2.331123e6,90.778146
2026-08-28T20:30:56.262,30,28,INTC260925P00091000,INTC,2026-09-25,put,91.0,5.87,541.0,6.37,134.0,6.12,5.92,1.0,0.5442,-0.51,0.0296,-0.0908,0.0987,-0.0397,2026-08-28,90.265,93.665,89.05,89.49,2.331123e6,90.778146
2026-08-28T20:30:56.262,30,28,INTC260925P00092000,INTC,2026-09-25,put,92.0,6.49,598.0,7.0,151.0,6.745,6.7,1.0,0.5485,-0.5381,0.0292,-0.0908,0.0983,-0.0421,2026-08-28,90.265,93.665,89.05,89.49,2.331123e6,90.778146
2026-08-28T20:30:56.262,30,28,INTC260925P00093000,INTC,2026-09-25,put,93.0,7.06,305.0,7.52,124.0,7.289999999999999,7.3,4.0,0.5419,-0.5678,0.0293,-0.0884,0.0973,-0.0445,2026-08-28,90.265,93.665,89.05,89.49,2.331123e6,90.778146
2026-08-28T20:30:56.262,30,28,INTC260925P00094000,INTC,2026-09-25,put,94.0,7.6,385.0,8.07,64.0,7.835,8.0,2.0,0.5322,-0.5984,0.0294,-0.0848,0.0957,-0.047,2026-08-28,90.265,93.665,89.05,89.49,2.331123e6,90.778146
2026-08-28T20:30:56.262,30,28,INTC260925P00095000,INTC,2026-09-25,put,95.0,8.25,472.0,8.83,105.0,8.54,8.84,1.0,0.5364,-0.6245,0.0286,-0.0835,0.0939,-0.0494,2026-08-28,90.265,93.665,89.05,89.49,2.331123e6,90.778146
2026-08-28T20:30:56.262,30,28,INTC260925P00096000,INTC,2026-09-25,put,96.0,9.19,725.0,9.81,105.0,9.5,9.18,1.0,0.5658,-0.6405,0.0267,-0.0868,0.0926,-0.0512,2026-08-28,90.265,93.665,89.05,89.49,2.331123e6,90.778146
2026-08-28T20:30:56.262,30,28,INTC260925P00097000,INTC,2026-09-25,put,97.0,9.59,723.0,10.33,84.0,9.96,10.12,13.0,0.5382,-0.6756,0.027,-0.0785,0.089,-0.054,2026-08-28,90.265,93.665,89.05,89.49,2.331123e6,90.778146
2026-08-28T20:30:56.262,30,28,INTC260925P00098000,INTC,2026-09-25,put,98.0,10.45,659.0,11.2,535.0,10.825,10.99,1.0,0.5531,-0.6936,0.0256,-0.0785,0.0869,-0.0559,2026-08-28,90.265,93.665,89.05,89.49,2.331123e6,90.778146
2026-08-28T20:30:56.262,30,28,INTC260925P00099000,INTC,2026-09-25,put,99.0,11.07,499.0,12.01,345.0,11.54,12.85,1.0,0.5485,-0.7185,0.0249,-0.0742,0.0835,-0.0581,2026-08-28,90.265,93.665,89.05,89.49,2.331123e6,90.778146
2026-08-28T20:30:56.262,30,28,INTC260925P00100000,INTC,2026-09-25,put,100.0,11.72,711.0,12.64,404.0,12.18,12.3,1.0,0.5315,-0.7486,0.0242,-0.067,0.0789,-0.0607,2026-08-28,90.265,93.665,89.05,89.49,2.331123e6,90.778146
2026-08-28T20:30:56.262,30,28,INTC260925P00101000,INTC,2026-09-25,put,101.0,12.37,498.0,13.6,525.0,12.985,13.05,1.0,0.5321,-0.7693,0.0231,-0.0634,0.0753,-0.0627,2026-08-28,90.265,93.665,89.05,89.49,2.331123e6,90.778146
2026-08-28T20:30:56.262,30,28,INTC260925P00102000,INTC,2026-09-25,put,102.0,13.29,589.0,14.65,644.0,13.969999999999999,13.9,1.0,0.5551,-0.7775,0.0217,-0.0647,0.0738,-0.064,2026-08-28,90.265,93.665,89.05,89.49,2.331123e6,90.778146
2026-08-28T20:30:56.262,30,28,INTC260925P00103000,INTC,2026-09-25,put,103.0,14.13,416.0,15.7,477.0,14.915,13.91,1.0,0.5718,-0.7878,0.0205,-0.0647,0.0718,-0.0655,2026-08-28,90.265,93.665,89.05,89.49,2.331123e6,90.778146
2026-08-28T20:30:56.262,30,28,INTC260925P00104000,INTC,2026-09-25,put,104.0,14.89,837.0,16.53,538.0,15.71,14.05,1.0,0.5658,-0.808,0.0195,-0.0595,0.0676,-0.0675,2026-08-28,90.265,93.665,89.05,89.49,2.331123e6,90.778146
2026-08-28T20:30:56.262,30,28,INTC260925P00105000,INTC,2026-09-25,put,105.0,15.09,468.0,17.69,409.0,16.39,16.89,1.0,0.5381,-0.8383,0.0184,-0.0491,0.0607,-0.07,2026-08-28,90.265,93.665,89.05,89.49,2.331123e6,90.778146
2026-08-28T20:30:56.262,30,28,INTC260925P00106000,INTC,2026-09-25,put,106.0,16.39,522.0,19.37,574.0,17.880000000000003,15.65,1.0,0.636,-0.8063,0.0174,-0.0682,0.068,-0.069,2026-08-28,90.265,93.665,89.05,89.49,2.331123e6,90.778146
2026-08-28T20:30:56.262,30,28,INTC260925P00107000,INTC,2026-09-25,put,107.0,16.23,602.0,19.76,535.0,17.995,20.15,2.0,0.5067,-0.8833,0.0156,-0.0342,0.0485,-0.0744,2026-08-28,90.265,93.665,89.05,89.49,2.331123e6,90.778146
2026-08-28T20:30:56.262,30,28,INTC260925P00108000,INTC,2026-09-25,put,108.0,17.22,618.0,21.35,546.0,19.285,19.15,1.0,0.5821,-0.859,0.0155,-0.0479,0.0554,-0.0737,2026-08-28,90.265,93.665,89.05,89.49,2.331123e6,90.778146
2026-08-28T20:30:56.262,30,28,INTC260925P00109000,INTC,2026-09-25,put,109.0,19.36,527.0,21.73,501.0,20.545,18.7,1.0,0.6473,-0.8417,0.0151,-0.0595,0.0598,-0.0735,2026-08-28,90.265,93.665,89.05,89.49,2.331123e6,90.778146
2026-08-28T20:30:56.262,30,28,INTC260925P00110000,INTC,2026-09-25,put,110.0,19.99,1003.0,22.28,662.0,21.134999999999998,21.15,1.0,0.5924,-0.8782,0.0138,-0.043,0.05,-0.0764,2026-08-28,90.265,93.665,89.05,89.49,2.331123e6,90.778146
2026-08-28T20:30:56.262,30,28,INTC260925P00111000,INTC,2026-09-25,put,111.0,21.31,398.0,24.04,446.0,22.674999999999997,20.79,1.0,0.7091,-0.839,0.0139,-0.0668,0.0605,-0.0749,2026-08-28,90.265,93.665,89.05,89.49,2.331123e6,90.778146
2026-08-28T20:30:56.262,30,28,INTC260925P00112000,INTC,2026-09-25,put,112.0,21.57,355.0,24.15,176.0,22.86,20.95,1.0,0.5678,-0.9096,0.0116,-0.0305,0.0403,-0.0799,2026-08-28,90.265,93.665,89.05,89.49,2.331123e6,90.778146
2026-08-28T20:30:56.262,30,28,INTC260925P00113000,INTC,2026-09-25,put,113.0,21.99,174.0,24.95,192.0,23.47,23.63,1.0,0.4566,-0.9615,0.0074,-0.0059,0.0207,-0.0839,2026-08-28,90.265,93.665,89.05,89.49,2.331123e6,90.778146
2026-08-28T20:30:56.262,30,28,INTC260925P00114000,INTC,2026-09-25,put,114.0,23.36,179.0,26.68,186.0,25.02,28.21,12.0,0.6403,-0.8975,0.0113,-0.04,0.0442,-0.0807,2026-08-28,90.265,93.665,89.05,89.49,2.331123e6,90.778146
2026-08-28T20:30:56.262,30,28,INTC260925P00115000,INTC,2026-09-25,put,115.0,24.47,138.0,27.35,139.0,25.91,28.0,2.0,0.6314,-0.9095,0.0104,-0.0348,0.0404,-0.0822,2026-08-28,90.265,93.665,89.05,89.49,2.331123e6,90.778146
2026-08-28T20:30:56.262,30,28,INTC260925P00116000,INTC,2026-09-25,put,116.0,24.69,145.0,28.01,139.0,26.35,24.7,1.0,0.4203,-0.9845,0.0037,0.0042,0.0096,-0.0877,2026-08-28,90.265,93.665,89.05,89.49,2.331123e6,90.778146
2026-08-28T20:30:56.262,30,28,INTC260925P00120000,INTC,2026-09-25,put,120.0,28.58,63.0,32.59,73.0,30.585,29.77,1.0,0.6113,-0.9494,0.0069,-0.0166,0.0258,-0.0886,2026-08-28,90.265,93.665,89.05,89.49,2.331123e6,90.778146
2026-08-28T20:30:56.262,30,28,INTC260925P00125000,INTC,2026-09-25,put,125.0,35.21,207.0,37.02,376.0,36.115,37.15,20.0,0.8415,-0.905,0.0081,-0.0511,0.0418,-0.0898,2026-08-28,90.265,93.665,89.05,89.49,2.331123e6,90.778146
2026-08-28T20:30:56.262,30,28,INTC260925P00130000,INTC,2026-09-25,put,130.0,39.45,30.0,42.2,38.0,40.825,32.04,3.0,0.8363,-0.9318,0.0064,-0.0362,0.0326,-0.0952,2026-08-28,90.265,93.665,89.05,89.49,2.331123e6,90.778146
2026-08-28T20:30:56.262,30,28,INTC260925P00135000,INTC,2026-09-25,put,135.0,44.52,33.0,46.49,32.0,45.505,33.57,2.0,0.78,-0.9631,0.0042,-0.0146,0.02,-0.1009,2026-08-28,90.265,93.665,89.05,89.49,2.331123e6,90.778146
2026-08-28T20:30:56.262,30,28,INTC260925P00140000,INTC,2026-09-25,put,140.0,48.19,30.0,51.93,11.0,50.06,48.4,1.0,,,,,,,2026-08-28,90.265,93.665,89.05,89.49,2.331123e6,90.778146
2026-08-28T20:30:56.262,30,28,INTC260925P00145000,INTC,2026-09-25,put,145.0,53.14,27.0,57.6,27.0,55.370000000000005,,,0.8189,-0.9776,0.0026,-0.0049,0.0132,-0.1095,2026-08-28,90.265,93.665,89.05,89.49,2.331123e6,90.778146
2026-08-28T20:30:56.262,30,28,INTC260925P00150000,INTC,2026-09-25,put,150.0,58.16,5.0,61.05,32.0,59.605,44.22,4.0,,,,,,,2026-08-28,90.265,93.665,89.05,89.49,2.331123e6,90.778146
2026-08-28T20:30:56.262,45,42,INTC261009C00055000,INTC,2026-10-09,call,55.0,32.42,6.0,35.99,6.0,34.205,34.88,3.0,,,,,,,2026-08-28,90.265,93.665,89.05,89.49,2.331123e6,90.778146
2026-08-28T20:30:56.262,45,42,INTC261009C00060000,INTC,2026-10-09,call,60.0,27.66,24.0,32.27,23.0,29.965000000000003,,,0.7055,0.9643,0.0037,-0.0257,0.0238,0.0647,2026-08-28,90.265,93.665,89.05,89.49,2.331123e6,90.778146
2026-08-28T20:30:56.262,45,42,INTC261009C00065000,INTC,2026-10-09,call,65.0,23.76,26.0,26.96,8.0,25.36,,,0.6963,0.9312,0.0063,-0.0391,0.0402,0.0666,2026-08-28,90.265,93.665,89.05,89.49,2.331123e6,90.778146
2026-08-28T20:30:56.262,45,42,INTC261009C00070000,INTC,2026-10-09,call,70.0,19.17,116.0,22.21,126.0,20.69,,,0.6297,0.8981,0.0093,-0.0465,0.0539,0.0686,2026-08-28,90.265,93.665,89.05,89.49,2.331123e6,90.778146
2026-08-28T20:30:56.262,45,42,INTC261009C00075000,INTC,2026-10-09,call,75.0,15.03,135.0,18.05,135.0,16.54,,,0.6166,0.8324,0.0134,-0.0616,0.076,0.0666,2026-08-28,90.265,93.665,89.05,89.49,2.331123e6,90.778146
2026-08-28T20:30:56.262,45,42,INTC261009C00076000,INTC,2026-10-09,call,76.0,14.76,181.0,17.14,188.0,15.95,16.53,1.0,0.6376,0.8099,0.014,-0.0682,0.0823,0.0649,2026-08-28,90.265,93.665,89.05,89.49,2.331123e6,90.778146
2026-08-28T20:30:56.262,45,42,INTC261009C00077000,INTC,2026-10-09,call,77.0,12.74,156.0,16.56,147.0,14.649999999999999,,,0.5702,0.8131,0.0155,-0.0611,0.0814,0.0668,2026-08-28,90.265,93.665,89.05,89.49,2.331123e6,90.778146
2026-08-28T20:30:56.262,45,42,INTC261009C00078000,INTC,2026-10-09,call,78.0,12.18,221.0,15.5,234.0,13.84,15.4,1.0,0.5624,0.7971,0.0166,-0.0631,0.0856,0.0661,2026-08-28,90.265,93.665,89.05,89.49,2.331123e6,90.778146
2026-08-28T20:30:56.262,45,42,INTC261009C00079000,INTC,2026-10-09,call,79.0,12.57,204.0,14.05,98.0,13.31,14.75,8.0,0.5839,0.7715,0.0171,-0.0694,0.0917,0.064,2026-08-28,90.265,93.665,89.05,89.49,2.331123e6,90.778146
2026-08-28T20:30:56.262,45,42,INTC261009C00080000,INTC,2026-10-09,call,80.0,11.9,235.0,13.49,269.0,12.695,14.91,1.0,0.592,0.7497,0.0177,-0.0734,0.0964,0.0625,2026-08-28,90.265,93.665,89.05,89.49,2.331123e6,90.778146
2026-08-28T20:30:56.262,45,42,INTC261009C00081000,INTC,2026-10-09,call,81.0,10.97,206.0,12.79,258.0,11.879999999999999,,,0.5773,0.7331,0.0188,-0.0739,0.0997,0.0617,2026-08-28,90.265,93.665,89.05,89.49,2.331123e6,90.778146
2026-08-28T20:30:56.262,45,42,INTC261009C00082000,INTC,2026-10-09,call,82.0,10.73,206.0,11.86,278.0,11.295,,,0.5836,0.7108,0.0193,-0.0773,0.1037,0.0601,2026-08-28,90.265,93.665,89.05,89.49,2.331123e6,90.778146
2026-08-28T20:30:56.262,45,42,INTC261009C00083000,INTC,2026-10-09,call,83.0,10.34,53.0,11.45,214.0,10.895,,,0.6047,0.6859,0.0194,-0.0825,0.1076,0.058,2026-08-28,90.265,93.665,89.05,89.49,2.331123e6,90.778146
2026-08-28T20:30:56.262,45,42,INTC261009C00084000,INTC,2026-10-09,call,84.0,9.51,5.0,10.64,126.0,10.075,,,0.5844,0.6677,0.0205,-0.0816,0.1101,0.0571,2026-08-28,90.265,93.665,89.05,89.49,2.331123e6,90.778146
2026-08-28T20:30:56.262,45,42,INTC261009C00085000,INTC,2026-10-09,call,85.0,8.82,129.0,10.02,445.0,9.42,10.2,5.0,0.5776,0.6465,0.0212,-0.0824,0.1127,0.0557,2026-08-28,90.265,93.665,89.05,89.49,2.331123e6,90.778146
2026-08-28T20:30:56.262,45,42,INTC261009C00086000,INTC,2026-10-09,call,86.0,8.01,278.0,9.58,334.0,8.795,,,0.5717,0.6246,0.0219,-0.083,0.115,0.0541,2026-08-28,90.265,93.665,89.05,89.49,2.331123e6,90.778146
2026-08-28T20:30:56.262,45,42,INTC261009C00087000,INTC,2026-10-09,call,87.0,7.55,325.0,9.07,294.0,8.31,8.85,1.0,0.576,0.6016,0.0221,-0.0848,0.117,0.0523,2026-08-28,90.265,93.665,89.05,89.49,2.331123e6,90.778146
2026-08-28T20:30:56.262,45,42,INTC261009C00088000,INTC,2026-10-09,call,88.0,7.29,393.0,8.07,272.0,7.68,8.0,5.0,0.566,0.5789,0.0228,-0.0843,0.1186,0.0507,2026-08-28,90.265,93.665,89.05,89.49,2.331123e6,90.778146
2026-08-28T20:30:56.262,45,42,INTC261009C00089000,INTC,2026-10-09,call,89.0,6.59,340.0,7.97,299.0,7.279999999999999,7.76,1.0,0.5734,0.556,0.0227,-0.086,0.1198,0.0488,2026-08-28,90.265,93.665,89.05,89.49,2.331123e6,90.778146
2026-08-28T20:30:56.262,45,42,INTC261009C00090000,INTC,2026-10-09,call,90.0,6.37,511.0,7.3,5.0,6.835,6.98,1.0,0.5751,0.5334,0.0228,-0.0866,0.1205,0.047,2026-08-28,90.265,93.665,89.05,89.49,2.331123e6,90.778146
2026-08-28T20:30:56.262,45,42,INTC261009C00091000,INTC,2026-10-09,call,91.0,6.01,314.0,7.07,588.0,6.54,6.54,1.0,0.5873,0.5122,0.0224,-0.0885,0.1209,0.0452,2026-08-28,90.265,93.665,89.05,89.49,2.331123e6,90.778146
2026-08-28T20:30:56.262,45,42,INTC261009C00092000,INTC,2026-10-09,call,92.0,5.39,480.0,6.45,435.0,5.92,6.33,1.0,0.5708,0.4878,0.023,-0.086,0.1209,0.0434,2026-08-28,90.265,93.665,89.05,89.49,2.331123e6,90.778146
2026-08-28T20:30:56.262,45,42,INTC261009C00093000,INTC,2026-10-09,call,93.0,4.97,389.0,6.13,268.0,5.55,6.25,1.0,0.5732,0.466,0.0229,-0.0859,0.1205,0.0415,2026-08-28,90.265,93.665,89.05,89.49,2.331123e6,90.778146
2026-08-28T20:30:56.262,45,42,INTC261009C00094000,INTC,2026-10-09,call,94.0,4.68,497.0,5.82,288.0,5.25,5.25,1.0,0.5797,0.4457,0.0225,-0.0862,0.1198,0.0398,2026-08-28,90.265,93.665,89.05,89.49,2.331123e6,90.778146
2026-08-28T20:30:56.262,45,42,INTC261009C00095000,INTC,2026-10-09,call,95.0,4.32,620.0,5.08,5.0,4.7,4.94,1.0,0.5635,0.4202,0.0229,-0.0828,0.1185,0.0378,2026-08-28,90.265,93.665,89.05,89.49,2.331123e6,90.778146
2026-08-28T20:30:56.262,45,42,INTC261009C00096000,INTC,2026-10-09,call,96.0,4.01,500.0,5.19,332.0,4.6,4.83,1.0,0.5836,0.4049,0.0219,-0.0848,0.1175,0.0364,2026-08-28,90.265,93.665,89.05,89.49,2.331123e6,90.778146
2026-08-28T20:30:56.262,45,42,INTC261009C00097000,INTC,2026-10-09,call,97.0,3.63,497.0,4.94,324.0,4.285,4.88,1.0,0.584,0.3849,0.0216,-0.0836,0.1159,0.0347,2026-08-28,90.265,93.665,89.05,89.49,2.331123e6,90.778146
2026-08-28T20:30:56.262,45,42,INTC261009C00098000,INTC,2026-10-09,call,98.0,3.56,482.0,4.47,559.0,4.015,5.4,1.0,0.5868,0.3663,0.0212,-0.0826,0.1141,0.033,2026-08-28,90.265,93.665,89.05,89.49,2.331123e6,90.778146
2026-08-28T20:30:56.262,45,42,INTC261009C00099000,INTC,2026-10-09,call,99.0,3.16,639.0,4.23,339.0,3.6950000000000003,3.8,20.0,0.5836,0.346,0.0208,-0.0804,0.1118,0.0313,2026-08-28,90.265,93.665,89.05,89.49,2.331123e6,90.778146
2026-08-28T20:30:56.262,45,42,INTC261009C00100000,INTC,2026-10-09,call,100.0,2.91,689.0,4.019,546.0,3.4645,3.5,1.0,0.5869,0.3288,0.0203,-0.0792,0.1096,0.0298,2026-08-28,90.265,93.665,89.05,89.49,2.331123e6,90.778146
2026-08-28T20:30:56.262,45,42,INTC261009C00101000,INTC,2026-10-09,call,101.0,2.87,413.0,3.76,335.0,3.315,3.47,1.0,0.5964,0.3149,0.0196,-0.079,0.1077,0.0286,2026-08-28,90.265,93.665,89.05,89.49,2.331123e6,90.778146
2026-08-28T20:30:56.262,45,42,INTC261009C00102000,INTC,2026-10-09,call,102.0,2.41,511.0,3.5,326.0,2.955,3.26,1.0,0.5847,0.2928,0.0194,-0.0749,0.1042,0.0267,2026-08-28,90.265,93.665,89.05,89.49,2.331123e6,90.778146
2026-08-28T20:30:56.262,45,42,INTC261009C00103000,INTC,2026-10-09,call,103.0,2.22,527.0,2.95,1.0,2.585,3.0,1.0,0.5699,0.2692,0.0191,-0.0701,0.1001,0.0247,2026-08-28,90.265,93.665,89.05,89.49,2.331123e6,90.778146
2026-08-28T20:30:56.262,45,42,INTC261009C00105000,INTC,2026-10-09,call,105.0,1.89,626.0,2.73,179.0,2.31,2.55,1.0,0.582,0.2433,0.0177,-0.0677,0.095,0.0224,2026-08-28,90.265,93.665,89.05,89.49,2.331123e6,90.778146
2026-08-28T20:30:56.262,45,42,INTC261009C00110000,INTC,2026-10-09,call,110.0,1.58,384.0,2.13,813.0,1.855,1.66,3.0,0.6219,0.1953,0.0146,-0.0635,0.0837,0.018,2026-08-28,90.265,93.665,89.05,89.49,2.331123e6,90.778146
2026-08-28T20:30:56.262,45,42,INTC261009C00115000,INTC,2026-10-09,call,115.0,1.22,2.0,1.51,678.0,1.365,1.3,4.0,0.6375,0.1497,0.012,-0.0548,0.0706,0.0138,2026-08-28,90.265,93.665,89.05,89.49,2.331123e6,90.778146
2026-08-28T20:30:56.262,45,42,INTC261009C00120000,INTC,2026-10-09,call,120.0,0.79,600.0,1.01,49.0,0.9,0.98,3.0,0.6331,0.1066,0.0096,-0.0429,0.0557,0.0099,2026-08-28,90.265,93.665,89.05,89.49,2.331123e6,90.778146
2026-08-28T20:30:56.262,45,42,INTC261009C00125000,INTC,2026-10-09,call,125.0,0.29,854.0,0.75,53.0,0.52,0.75,1.0,0.6139,0.0686,0.0071,-0.0299,0.0401,0.0065,2026-08-28,90.265,93.665,89.05,89.49,2.331123e6,90.778146
2026-08-28T20:30:56.262,45,42,INTC261009C00130000,INTC,2026-10-09,call,130.0,0.46,527.0,0.91,1009.0,0.685,0.77,10.0,0.7084,0.0776,0.0068,-0.0378,0.044,0.0072,2026-08-28,90.265,93.665,89.05,89.49,2.331123e6,90.778146
2026-08-28T20:30:56.262,45,42,INTC261009C00135000,INTC,2026-10-09,call,135.0,0.15,799.0,0.81,850.0,0.48000000000000004,0.6,1.0,0.7081,0.0572,0.0053,-0.0298,0.0348,0.0053,2026-08-28,90.265,93.665,89.05,89.49,2.331123e6,90.778146
2026-08-28T20:30:56.262,45,42,INTC261009P00055000,INTC,2026-10-09,put,55.0,0.0,0.0,0.21,712.0,0.105,,,,,,,,,2026-08-28,90.265,93.665,89.05,89.49,2.331123e6,90.778146
2026-08-28T20:30:56.262,45,42,INTC261009P00060000,INTC,2026-10-09,put,60.0,0.12,534.0,0.36,823.0,0.24,0.19,8.0,0.6636,-0.0286,0.0032,-0.0154,0.0198,-0.0032,2026-08-28,90.265,93.665,89.05,89.49,2.331123e6,90.778146
2026-08-28T20:30:56.262,45,42,INTC261009P00065000,INTC,2026-10-09,put,65.0,0.17,710.0,0.56,454.0,0.36500000000000005,0.33,5.0,0.598,-0.0453,0.0053,-0.0201,0.0289,-0.0051,2026-08-28,90.265,93.665,89.05,89.49,2.331123e6,90.778146
2026-08-28T20:30:56.262,45,42,INTC261009P00070000,INTC,2026-10-09,put,70.0,0.58,683.0,0.81,128.0,0.6950000000000001,0.66,2.0,0.566,-0.0821,0.0088,-0.0302,0.046,-0.0092,2026-08-28,90.265,93.665,89.05,89.49,2.331123e6,90.778146
2026-08-28T20:30:56.262,45,42,INTC261009P00075000,INTC,2026-10-09,put,75.0,1.29,666.0,1.5,79.0,1.395,1.42,1.0,0.5552,-0.1473,0.0137,-0.0447,0.0698,-0.0168,2026-08-28,90.265,93.665,89.05,89.49,2.331123e6,90.778146
2026-08-28T20:30:56.262,45,42,INTC261009P00076000,INTC,2026-10-09,put,76.0,1.5,444.0,1.71,5.0,1.605,1.59,1.0,0.556,-0.1644,0.0147,-0.0481,0.0751,-0.0188,2026-08-28,90.265,93.665,89.05,89.49,2.331123e6,90.778146
2026-08-28T20:30:56.262,45,42,INTC261009P00077000,INTC,2026-10-09,put,77.0,1.75,5.0,2.35,453.0,2.05,1.8,1.0,0.5831,-0.191,0.0154,-0.0554,0.0826,-0.022,2026-08-28,90.265,93.665,89.05,89.49,2.331123e6,90.778146
2026-08-28T20:30:56.262,45,42,INTC261009P00078000,INTC,2026-10-09,put,78.0,1.77,821.0,2.19,2.0,1.98,2.05,2.0,0.5447,-0.197,0.0168,-0.0526,0.0841,-0.0225,2026-08-28,90.265,93.665,89.05,89.49,2.331123e6,90.778146
2026-08-28T20:30:56.262,45,42,INTC261009P00079000,INTC,2026-10-09,put,79.0,1.77,895.0,2.67,245.0,2.2199999999999998,2.39,2.0,0.5422,-0.2159,0.0178,-0.0552,0.0888,-0.0248,2026-08-28,90.265,93.665,89.05,89.49,2.331123e6,90.778146
2026-08-28T20:30:56.262,45,42,INTC261009P00080000,INTC,2026-10-09,put,80.0,2.37,724.0,2.78,1.0,2.575,2.75,1.0,0.5498,-0.2387,0.0186,-0.0591,0.094,-0.0275,2026-08-28,90.265,93.665,89.05,89.49,2.331123e6,90.778146
2026-08-28T20:30:56.262,45,42,INTC261009P00081000,INTC,2026-10-09,put,81.0,2.35,762.0,3.57,528.0,2.96,2.88,3.0,0.5574,-0.2619,0.0193,-0.0628,0.0987,-0.0303,2026-08-28,90.265,93.665,89.05,89.49,2.331123e6,90.778146
2026-08-28T20:30:56.262,45,42,INTC261009P00082000,INTC,2026-10-09,put,82.0,2.68,636.0,3.76,405.0,3.2199999999999998,3.29,1.0,0.5498,-0.2816,0.0203,-0.0641,0.1023,-0.0327,2026-08-28,90.265,93.665,89.05,89.49,2.331123e6,90.778146
2026-08-28T20:30:56.262,45,42,INTC261009P00083000,INTC,2026-10-09,put,83.0,3.37,669.0,4.04,423.0,3.705,3.37,105.0,0.5617,-0.3064,0.0206,-0.068,0.1064,-0.0358,2026-08-28,90.265,93.665,89.05,89.49,2.331123e6,90.778146
2026-08-28T20:30:56.262,45,42,INTC261009P00084000,INTC,2026-10-09,put,84.0,3.71,277.0,4.08,1.0,3.895,4.06,1.0,0.5438,-0.3257,0.0219,-0.0674,0.1092,-0.038,2026-08-28,90.265,93.665,89.05,89.49,2.331123e6,90.778146
2026-08-28T20:30:56.262,45,42,INTC261009P00085000,INTC,2026-10-09,put,85.0,4.25,1024.0,4.58,5.0,4.415,4.42,1.0,0.554,-0.3505,0.0221,-0.0705,0.1124,-0.0411,2026-08-28,90.265,93.665,89.05,89.49,2.331123e6,90.778146
2026-08-28T20:30:56.262,45,42,INTC261009P00086000,INTC,2026-10-09,put,86.0,4.22,670.0,5.53,304.0,4.875,4.8,1.0,0.5564,-0.3741,0.0225,-0.0722,0.1149,-0.0441,2026-08-28,90.265,93.665,89.05,89.49,2.331123e6,90.778146
2026-08-28T20:30:56.262,45,42,INTC261009P00087000,INTC,2026-10-09,put,87.0,4.67,577.0,5.55,2.0,5.109999999999999,5.52,1.0,0.5373,-0.3965,0.0237,-0.0707,0.1169,-0.0467,2026-08-28,90.265,93.665,89.05,89.49,2.331123e6,90.778146
2026-08-28T20:30:56.262,45,42,INTC261009P00088000,INTC,2026-10-09,put,88.0,5.17,631.0,6.3,247.0,5.734999999999999,5.68,2.0,0.5497,-0.421,0.0235,-0.0732,0.1186,-0.0499,2026-08-28,90.265,93.665,89.05,89.49,2.331123e6,90.778146
2026-08-28T20:30:56.262,45,42,INTC261009P00089000,INTC,2026-10-09,put,89.0,5.74,698.0,6.95,321.0,6.345000000000001,6.39,3.0,0.5585,-0.4445,0.0233,-0.075,0.1198,-0.053,2026-08-28,90.265,93.665,89.05,89.49,2.331123e6,90.778146
2026-08-28T20:30:56.262,45,42,INTC261009P00090000,INTC,2026-10-09,put,90.0,6.49,236.0,7.2,1.0,6.845000000000001,6.8,1.0,0.556,-0.4681,0.0236,-0.0749,0.1206,-0.056,2026-08-28,90.265,93.665,89.05,89.49,2.331123e6,90.778146
2026-08-28T20:30:56.262,45,42,INTC261009P00091000,INTC,2026-10-09,put,91.0,7.22,186.0,8.02,208.0,7.619999999999999,6.83,1.0,0.5744,-0.4892,0.0229,-0.0775,0.1209,-0.0591,2026-08-28,90.265,93.665,89.05,89.49,2.331123e6,90.778146
2026-08-28T20:30:56.262,45,42,INTC261009P00092000,INTC,2026-10-09,put,92.0,7.27,384.0,8.64,255.0,7.955,8.12,1.0,0.5545,-0.5148,0.0237,-0.0744,0.1209,-0.0621,2026-08-28,90.265,93.665,89.05,89.49,2.331123e6,90.778146
2026-08-28T20:30:56.262,45,42,INTC261009P00093000,INTC,2026-10-09,put,93.0,7.83,302.0,9.39,179.0,8.61,8.35,1.0,0.5593,-0.5367,0.0234,-0.0745,0.1204,-0.0651,2026-08-28,90.265,93.665,89.05,89.49,2.331123e6,90.778146
2026-08-28T20:30:56.262,45,42,INTC261009P00094000,INTC,2026-10-09,put,94.0,8.84,255.0,9.65,171.0,9.245000000000001,8.89,4.0,0.5606,-0.5587,0.0232,-0.0739,0.1196,-0.0681,2026-08-28,90.265,93.665,89.05,89.49,2.331123e6,90.778146
2026-08-28T20:30:56.262,45,42,INTC261009P00095000,INTC,2026-10-09,put,95.0,9.11,418.0,10.27,5.0,9.69,8.78,1.0,0.5442,-0.5852,0.0236,-0.0703,0.1182,-0.0713,2026-08-28,90.265,93.665,89.05,89.49,2.331123e6,90.778146
2026-08-28T20:30:56.262,45,42,INTC261009P00096000,INTC,2026-10-09,put,96.0,9.83,300.0,11.58,184.0,10.705,10.35,1.0,0.5743,-0.5978,0.0222,-0.0737,0.1173,-0.0738,2026-08-28,90.265,93.665,89.05,89.49,2.331123e6,90.778146
2026-08-28T20:30:56.262,45,42,INTC261009P00097000,INTC,2026-10-09,put,97.0,10.35,342.0,11.94,167.0,11.145,11.86,1.0,0.5537,-0.6252,0.0226,-0.069,0.1149,-0.0771,2026-08-28,90.265,93.665,89.05,89.49,2.331123e6,90.778146
2026-08-28T20:30:56.262,45,42,INTC261009P00098000,INTC,2026-10-09,put,98.0,11.35,335.0,12.47,166.0,11.91,,,0.5594,-0.6436,0.022,-0.0683,0.113,-0.0799,2026-08-28,90.265,93.665,89.05,89.49,2.331123e6,90.778146
2026-08-28T20:30:56.262,45,42,INTC261009P00099000,INTC,2026-10-09,put,99.0,11.93,378.0,13.39,188.0,12.66,11.6,1.0,0.5623,-0.6622,0.0214,-0.0669,0.1108,-0.0827,2026-08-28,90.265,93.665,89.05,89.49,2.331123e6,90.778146
2026-08-28T20:30:56.262,45,42,INTC261009P00100000,INTC,2026-10-09,put,100.0,12.77,454.0,14.52,265.0,13.645,13.42,8.0,0.5853,-0.6718,0.0204,-0.0689,0.1096,-0.0848,2026-08-28,90.265,93.665,89.05,89.49,2.331123e6,90.778146
2026-08-28T20:30:56.262,45,42,INTC261009P00101000,INTC,2026-10-09,put,101.0,13.5,192.0,15.04,144.0,14.27,14.13,8.0,0.5741,-0.6945,0.0201,-0.0649,0.1063,-0.0878,2026-08-28,90.265,93.665,89.05,89.49,2.331123e6,90.778146
2026-08-28T20:30:56.262,45,42,INTC261009P00102000,INTC,2026-10-09,put,102.0,14.33,202.0,15.6,143.0,14.965,15.04,1.0,0.5674,-0.715,0.0197,-0.0616,0.1029,-0.0908,2026-08-28,90.265,93.665,89.05,89.49,2.331123e6,90.778146
2026-08-28T20:30:56.262,45,42,INTC261009P00103000,INTC,2026-10-09,put,103.0,15.17,252.0,16.81,231.0,15.989999999999998,,,0.5916,-0.7208,0.0187,-0.0637,0.1019,-0.0925,2026-08-28,90.265,93.665,89.05,89.49,2.331123e6,90.778146
2026-08-28T20:30:56.262,45,42,INTC261009P00105000,INTC,2026-10-09,put,105.0,16.98,250.0,18.52,240.0,17.75,17.52,1.0,0.6093,-0.7439,0.0174,-0.0623,0.0976,-0.0969,2026-08-28,90.265,93.665,89.05,89.49,2.331123e6,90.778146
2026-08-28T20:30:56.262,45,42,INTC261009P00110000,INTC,2026-10-09,put,110.0,19.47,156.0,23.8,152.0,21.634999999999998,,,0.5753,-0.8275,0.0146,-0.0434,0.0774,-0.11,2026-08-28,90.265,93.665,89.05,89.49,2.331123e6,90.778146
2026-08-28T20:30:56.262,45,42,INTC261009P00115000,INTC,2026-10-09,put,115.0,24.37,160.0,28.48,157.0,26.425,24.4,5.0,0.6269,-0.8552,0.012,-0.0412,0.069,-0.1184,2026-08-28,90.265,93.665,89.05,89.49,2.331123e6,90.778146
2026-08-28T20:30:56.262,45,42,INTC261009P00120000,INTC,2026-10-09,put,120.0,28.64,46.0,32.97,46.0,30.805,,,0.5935,-0.9101,0.009,-0.0234,0.0492,-0.1291,2026-08-28,90.265,93.665,89.05,89.49,2.331123e6,90.778146
2026-08-28T20:30:56.262,45,42,INTC261009P00125000,INTC,2026-10-09,put,125.0,34.12,81.0,37.67,46.0,35.894999999999996,,,0.6766,-0.908,0.008,-0.0285,0.0501,-0.1347,2026-08-28,90.265,93.665,89.05,89.49,2.331123e6,90.778146
2026-08-28T20:30:56.262,45,42,INTC261009P00130000,INTC,2026-10-09,put,130.0,39.08,3.0,42.66,8.0,40.87,,,0.7333,-0.9138,0.0071,-0.0293,0.0477,-0.141,2026-08-28,90.265,93.665,89.05,89.49,2.331123e6,90.778146
2026-08-28T20:30:56.262,45,42,INTC261009P00135000,INTC,2026-10-09,put,135.0,43.89,9.0,48.19,9.0,46.04,,,0.8269,-0.9057,0.0067,-0.0374,0.051,-0.1461,2026-08-28,90.265,93.665,89.05,89.49,2.331123e6,90.778146
