capture_ts,target_dte,actual_dte,symbol,underlying,expiration,type,strike,bid,bid_size,ask,ask_size,mid,last_price,last_size,implied_vol,delta,gamma,theta,vega,rho,und_session_date,und_open,und_high,und_low,und_close,und_volume,und_vwap
2026-08-28T20:31:06.801,2,0,META260828C00100000,META,2026-08-28,call,100.0,481.33,15.0,486.03,13.0,483.67999999999995,475.4,1.0,,,,,,,2026-08-28,571.835,589.035,571.525,577.9,411753.0,579.376165
2026-08-28T20:31:06.801,2,0,META260828C00110000,META,2026-08-28,call,110.0,459.58,10.0,463.84,30.0,461.71,467.9,1.0,,,,,,,2026-08-28,571.835,589.035,571.525,577.9,411753.0,579.376165
2026-08-28T20:31:06.801,2,0,META260828C00120000,META,2026-08-28,call,120.0,462.05,12.0,465.65,28.0,463.85,458.93,1.0,,,,,,,2026-08-28,571.835,589.035,571.525,577.9,411753.0,579.376165
2026-08-28T20:31:06.801,2,0,META260828C00130000,META,2026-08-28,call,130.0,441.75,13.0,447.33,31.0,444.53999999999996,438.02,1.0,,,,,,,2026-08-28,571.835,589.035,571.525,577.9,411753.0,579.376165
2026-08-28T20:31:06.801,2,0,META260828C00140000,META,2026-08-28,call,140.0,438.64,16.0,445.69,13.0,442.16499999999996,421.21,1.0,,,,,,,2026-08-28,571.835,589.035,571.525,577.9,411753.0,579.376165
2026-08-28T20:31:06.801,2,0,META260828C00150000,META,2026-08-28,call,150.0,417.19,12.0,435.57,28.0,426.38,430.47,1.0,,,,,,,2026-08-28,571.835,589.035,571.525,577.9,411753.0,579.376165
2026-08-28T20:31:06.801,2,0,META260828C00160000,META,2026-08-28,call,160.0,407.18,10.0,423.4,28.0,415.28999999999996,420.47,1.0,,,,,,,2026-08-28,571.835,589.035,571.525,577.9,411753.0,579.376165
2026-08-28T20:31:06.801,2,0,META260828C00170000,META,2026-08-28,call,170.0,398.83,16.0,414.87,29.0,406.85,387.88,1.0,,,,,,,2026-08-28,571.835,589.035,571.525,577.9,411753.0,579.376165
2026-08-28T20:31:06.801,2,0,META260828C00180000,META,2026-08-28,call,180.0,391.07,14.0,395.13,29.0,393.1,389.92,1.0,,,,,,,2026-08-28,571.835,589.035,571.525,577.9,411753.0,579.376165
2026-08-28T20:31:06.801,2,0,META260828C00190000,META,2026-08-28,call,190.0,385.84,12.0,387.86,13.0,386.85,379.92,1.0,,,,,,,2026-08-28,571.835,589.035,571.525,577.9,411753.0,579.376165
2026-08-28T20:31:06.801,2,0,META260828C00200000,META,2026-08-28,call,200.0,370.36,25.0,385.81,27.0,378.08500000000004,373.45,1.0,,,,,,,2026-08-28,571.835,589.035,571.525,577.9,411753.0,579.376165
2026-08-28T20:31:06.801,2,0,META260828C00210000,META,2026-08-28,call,210.0,369.04,21.0,378.11,18.0,373.57500000000005,367.18,1.0,,,,,,,2026-08-28,571.835,589.035,571.525,577.9,411753.0,579.376165
2026-08-28T20:31:06.801,2,0,META260828C00220000,META,2026-08-28,call,220.0,353.42,6.0,368.1,28.0,360.76,345.44,1.0,,,,,,,2026-08-28,571.835,589.035,571.525,577.9,411753.0,579.376165
2026-08-28T20:31:06.801,2,0,META260828C00230000,META,2026-08-28,call,230.0,340.35,10.0,354.36,4.0,347.355,348.32,1.0,,,,,,,2026-08-28,571.835,589.035,571.525,577.9,411753.0,579.376165
2026-08-28T20:31:06.801,2,0,META260828C00240000,META,2026-08-28,call,240.0,336.48,27.0,343.83,30.0,340.155,335.61,1.0,,,,,,,2026-08-28,571.835,589.035,571.525,577.9,411753.0,579.376165
2026-08-28T20:31:06.801,2,0,META260828C00250000,META,2026-08-28,call,250.0,321.69,13.0,329.63,28.0,325.65999999999997,315.79,1.0,,,,,,,2026-08-28,571.835,589.035,571.525,577.9,411753.0,579.376165
2026-08-28T20:31:06.801,2,0,META260828C00260000,META,2026-08-28,call,260.0,319.17,11.0,326.52,7.0,322.845,307.47,1.0,,,,,,,2026-08-28,571.835,589.035,571.525,577.9,411753.0,579.376165
2026-08-28T20:31:06.801,2,0,META260828C00270000,META,2026-08-28,call,270.0,299.84,12.0,313.25,8.0,306.54499999999996,295.6,1.0,,,,,,,2026-08-28,571.835,589.035,571.525,577.9,411753.0,579.376165
2026-08-28T20:31:06.801,2,0,META260828C00280000,META,2026-08-28,call,280.0,293.67,11.0,303.25,28.0,298.46000000000004,275.8,1.0,,,,,,,2026-08-28,571.835,589.035,571.525,577.9,411753.0,579.376165
2026-08-28T20:31:06.801,2,0,META260828C00290000,META,2026-08-28,call,290.0,288.7,25.0,291.74,31.0,290.22,270.4,7.0,,,,,,,2026-08-28,571.835,589.035,571.525,577.9,411753.0,579.376165
2026-08-28T20:31:06.801,2,0,META260828C00300000,META,2026-08-28,call,300.0,278.7,13.0,281.23,28.0,279.96500000000003,272.81,1.0,,,,,,,2026-08-28,571.835,589.035,571.525,577.9,411753.0,579.376165
2026-08-28T20:31:06.801,2,0,META260828C00310000,META,2026-08-28,call,310.0,260.709,14.0,266.71,29.0,263.7095,249.6,2.0,,,,,,,2026-08-28,571.835,589.035,571.525,577.9,411753.0,579.376165
2026-08-28T20:31:06.801,2,0,META260828C00320000,META,2026-08-28,call,320.0,254.92,19.0,263.87,31.0,259.395,245.16,1.0,,,,,,,2026-08-28,571.835,589.035,571.525,577.9,411753.0,579.376165
2026-08-28T20:31:06.801,2,0,META260828C00330000,META,2026-08-28,call,330.0,246.44,19.0,247.14,12.0,246.79,235.81,1.0,,,,,,,2026-08-28,571.835,589.035,571.525,577.9,411753.0,579.376165
2026-08-28T20:31:06.801,2,0,META260828C00340000,META,2026-08-28,call,340.0,236.26,8.0,242.35,19.0,239.305,210.77,1.0,,,,,,,2026-08-28,571.835,589.035,571.525,577.9,411753.0,579.376165
2026-08-28T20:31:06.801,2,0,META260828C00350000,META,2026-08-28,call,350.0,228.62,6.0,234.11,7.0,231.365,210.07,1.0,,,,,,,2026-08-28,571.835,589.035,571.525,577.9,411753.0,579.376165
2026-08-28T20:31:06.801,2,0,META260828C00360000,META,2026-08-28,call,360.0,213.28,14.0,218.91,29.0,216.095,214.1,1.0,,,,,,,2026-08-28,571.835,589.035,571.525,577.9,411753.0,579.376165
2026-08-28T20:31:06.801,2,0,META260828C00370000,META,2026-08-28,call,370.0,201.71,15.0,209.42,31.0,205.565,203.14,1.0,,,,,,,2026-08-28,571.835,589.035,571.525,577.9,411753.0,579.376165
2026-08-28T20:31:06.801,2,0,META260828C00380000,META,2026-08-28,call,380.0,194.02,13.0,201.46,19.0,197.74,206.88,1.0,,,,,,,2026-08-28,571.835,589.035,571.525,577.9,411753.0,579.376165
2026-08-28T20:31:06.801,2,0,META260828C00390000,META,2026-08-28,call,390.0,181.89,19.0,190.97,29.0,186.43,196.69,1.0,,,,,,,2026-08-28,571.835,589.035,571.525,577.9,411753.0,579.376165
2026-08-28T20:31:06.801,2,0,META260828C00400000,META,2026-08-28,call,400.0,173.21,14.0,184.16,13.0,178.685,175.53,1.0,,,,,,,2026-08-28,571.835,589.035,571.525,577.9,411753.0,579.376165
2026-08-28T20:31:06.801,2,0,META260828C00405000,META,2026-08-28,call,405.0,168.37,11.0,178.4,18.0,173.385,171.49,1.0,,,,,,,2026-08-28,571.835,589.035,571.525,577.9,411753.0,579.376165
2026-08-28T20:31:06.801,2,0,META260828C00410000,META,2026-08-28,call,410.0,167.08,22.0,173.47,34.0,170.275,165.87,1.0,,,,,,,2026-08-28,571.835,589.035,571.525,577.9,411753.0,579.376165
2026-08-28T20:31:06.801,2,0,META260828C00415000,META,2026-08-28,call,415.0,160.02,19.0,169.45,32.0,164.735,161.7,1.0,,,,,,,2026-08-28,571.835,589.035,571.525,577.9,411753.0,579.376165
2026-08-28T20:31:06.801,2,0,META260828C00420000,META,2026-08-28,call,420.0,153.84,13.0,159.78,13.0,156.81,156.79,1.0,,,,,,,2026-08-28,571.835,589.035,571.525,577.9,411753.0,579.376165
2026-08-28T20:31:06.801,2,0,META260828C00425000,META,2026-08-28,call,425.0,152.13,28.0,154.76,28.0,153.445,151.79,1.0,,,,,,,2026-08-28,571.835,589.035,571.525,577.9,411753.0,579.376165
2026-08-28T20:31:06.801,2,0,META260828C00430000,META,2026-08-28,call,430.0,146.66,13.0,154.83,21.0,150.745,153.83,1.0,,,,,,,2026-08-28,571.835,589.035,571.525,577.9,411753.0,579.376165
2026-08-28T20:31:06.801,2,0,META260828C00435000,META,2026-08-28,call,435.0,138.98,14.0,143.36,21.0,141.17000000000002,140.86,1.0,,,,,,,2026-08-28,571.835,589.035,571.525,577.9,411753.0,579.376165
2026-08-28T20:31:06.801,2,0,META260828C00440000,META,2026-08-28,call,440.0,134.79,10.0,139.46,19.0,137.125,136.88,1.0,,,,,,,2026-08-28,571.835,589.035,571.525,577.9,411753.0,579.376165
2026-08-28T20:31:06.801,2,0,META260828C00445000,META,2026-08-28,call,445.0,130.63,16.0,135.43,15.0,133.03,130.92,1.0,,,,,,,2026-08-28,571.835,589.035,571.525,577.9,411753.0,579.376165
2026-08-28T20:31:06.801,2,0,META260828C00450000,META,2026-08-28,call,450.0,122.19,10.0,129.949,13.0,126.0695,126.52,1.0,,,,,,,2026-08-28,571.835,589.035,571.525,577.9,411753.0,579.376165
2026-08-28T20:31:06.801,2,0,META260828C00455000,META,2026-08-28,call,455.0,120.21,12.0,126.01,22.0,123.11,120.75,1.0,,,,,,,2026-08-28,571.835,589.035,571.525,577.9,411753.0,579.376165
2026-08-28T20:31:06.801,2,0,META260828C00460000,META,2026-08-28,call,460.0,113.0,12.0,119.6,1.0,116.3,118.14,2.0,,,,,,,2026-08-28,571.835,589.035,571.525,577.9,411753.0,579.376165
2026-08-28T20:31:06.801,2,0,META260828C00465000,META,2026-08-28,call,465.0,110.06,35.0,116.21,73.0,113.13499999999999,112.0,1.0,,,,,,,2026-08-28,571.835,589.035,571.525,577.9,411753.0,579.376165
2026-08-28T20:31:06.801,2,0,META260828C00470000,META,2026-08-28,call,470.0,107.68,15.0,112.04,18.0,109.86000000000001,106.27,1.0,,,,,,,2026-08-28,571.835,589.035,571.525,577.9,411753.0,579.376165
2026-08-28T20:31:06.801,2,0,META260828C00475000,META,2026-08-28,call,475.0,102.07,21.0,105.76,21.0,103.91499999999999,101.27,1.0,,,,,,,2026-08-28,571.835,589.035,571.525,577.9,411753.0,579.376165
2026-08-28T20:31:06.801,2,0,META260828C00480000,META,2026-08-28,call,480.0,92.99,63.0,103.82,62.0,98.405,96.2,1.0,,,,,,,2026-08-28,571.835,589.035,571.525,577.9,411753.0,579.376165
2026-08-28T20:31:06.801,2,0,META260828C00485000,META,2026-08-28,call,485.0,89.9,15.0,95.06,16.0,92.48,90.71,1.0,,,,,,,2026-08-28,571.835,589.035,571.525,577.9,411753.0,579.376165
2026-08-28T20:31:06.801,2,0,META260828C00490000,META,2026-08-28,call,490.0,85.21,23.0,91.98,35.0,88.595,85.68,1.0,,,,,,,2026-08-28,571.835,589.035,571.525,577.9,411753.0,579.376165
2026-08-28T20:31:06.801,2,0,META260828C00492500,META,2026-08-28,call,492.5,80.72,53.0,90.72,50.0,85.72,83.77,1.0,,,,,,,2026-08-28,571.835,589.035,571.525,577.9,411753.0,579.376165
2026-08-28T20:31:06.801,2,0,META260828C00495000,META,2026-08-28,call,495.0,80.52,41.0,86.5,89.0,83.50999999999999,79.9,1.0,,,,,,,2026-08-28,571.835,589.035,571.525,577.9,411753.0,579.376165
2026-08-28T20:31:06.801,2,0,META260828C00497500,META,2026-08-28,call,497.5,77.85,8.0,83.04,14.0,80.445,78.39,1.0,,,,,,,2026-08-28,571.835,589.035,571.525,577.9,411753.0,579.376165
2026-08-28T20:31:06.801,2,0,META260828C00500000,META,2026-08-28,call,500.0,76.17,59.0,82.86,75.0,79.515,77.05,50.0,,,,,,,2026-08-28,571.835,589.035,571.525,577.9,411753.0,579.376165
2026-08-28T20:31:06.801,2,0,META260828C00502500,META,2026-08-28,call,502.5,72.4,20.0,80.27,74.0,76.33500000000001,73.92,1.0,,,,,,,2026-08-28,571.835,589.035,571.525,577.9,411753.0,579.376165
2026-08-28T20:31:06.801,2,0,META260828C00505000,META,2026-08-28,call,505.0,69.68,34.0,76.38,66.0,73.03,72.31,1.0,,,,,,,2026-08-28,571.835,589.035,571.525,577.9,411753.0,579.376165
2026-08-28T20:31:06.801,2,0,META260828C00507500,META,2026-08-28,call,507.5,68.3,24.0,73.71,38.0,71.005,68.38,6.0,,,,,,,2026-08-28,571.835,589.035,571.525,577.9,411753.0,579.376165
2026-08-28T20:31:06.801,2,0,META260828C00510000,META,2026-08-28,call,510.0,65.85,73.0,70.21,76.0,68.03,65.77,1.0,,,,,,,2026-08-28,571.835,589.035,571.525,577.9,411753.0,579.376165
2026-08-28T20:31:06.801,2,0,META260828C00512500,META,2026-08-28,call,512.5,62.43,14.0,69.01,32.0,65.72,64.37,8.0,,,,,,,2026-08-28,571.835,589.035,571.525,577.9,411753.0,579.376165
2026-08-28T20:31:06.801,2,0,META260828C00515000,META,2026-08-28,call,515.0,62.04,12.0,68.07,11.0,65.05499999999999,61.95,8.0,,,,,,,2026-08-28,571.835,589.035,571.525,577.9,411753.0,579.376165
2026-08-28T20:31:06.801,2,0,META260828C00517500,META,2026-08-28,call,517.5,59.01,15.0,64.16,16.0,61.584999999999994,58.67,25.0,,,,,,,2026-08-28,571.835,589.035,571.525,577.9,411753.0,579.376165
2026-08-28T20:31:06.801,2,0,META260828C00520000,META,2026-08-28,call,520.0,56.07,101.0,61.85,218.0,58.96,57.2,10.0,,,,,,,2026-08-28,571.835,589.035,571.525,577.9,411753.0,579.376165
2026-08-28T20:31:06.801,2,0,META260828C00522500,META,2026-08-28,call,522.5,52.45,17.0,58.24,34.0,55.345,54.28,9.0,,,,,,,2026-08-28,571.835,589.035,571.525,577.9,411753.0,579.376165
2026-08-28T20:31:06.801,2,0,META260828C00525000,META,2026-08-28,call,525.0,50.39,39.0,56.9,92.0,53.644999999999996,51.8,9.0,,,,,,,2026-08-28,571.835,589.035,571.525,577.9,411753.0,579.376165
2026-08-28T20:31:06.801,2,0,META260828C00527500,META,2026-08-28,call,527.5,49.12,28.0,53.87,31.0,51.495,48.41,4.0,,,,,,,2026-08-28,571.835,589.035,571.525,577.9,411753.0,579.376165
2026-08-28T20:31:06.801,2,0,META260828C00530000,META,2026-08-28,call,530.0,46.38,20.0,51.97,73.0,49.175,46.7,2.0,,,,,,,2026-08-28,571.835,589.035,571.525,577.9,411753.0,579.376165
2026-08-28T20:31:06.801,2,0,META260828C00532500,META,2026-08-28,call,532.5,41.36,16.0,48.05,26.0,44.705,43.0,1.0,,,,,,,2026-08-28,571.835,589.035,571.525,577.9,411753.0,579.376165
2026-08-28T20:31:06.801,2,0,META260828C00535000,META,2026-08-28,call,535.0,39.14,191.0,47.19,264.0,43.165,41.2,1.0,,,,,,,2026-08-28,571.835,589.035,571.525,577.9,411753.0,579.376165
2026-08-28T20:31:06.801,2,0,META260828C00537500,META,2026-08-28,call,537.5,37.58,16.0,44.47,18.0,41.025,38.56,1.0,,,,,,,2026-08-28,571.835,589.035,571.525,577.9,411753.0,579.376165
2026-08-28T20:31:06.801,2,0,META260828C00540000,META,2026-08-28,call,540.0,36.42,116.0,39.55,113.0,37.985,38.8,1.0,,,,,,,2026-08-28,571.835,589.035,571.525,577.9,411753.0,579.376165
2026-08-28T20:31:06.801,2,0,META260828C00542500,META,2026-08-28,call,542.5,34.7,50.0,36.59,129.0,35.645,34.63,1.0,,,,,,,2026-08-28,571.835,589.035,571.525,577.9,411753.0,579.376165
2026-08-28T20:31:06.801,2,0,META260828C00545000,META,2026-08-28,call,545.0,31.87,48.0,34.26,111.0,33.065,30.46,1.0,,,,,,,2026-08-28,571.835,589.035,571.525,577.9,411753.0,579.376165
2026-08-28T20:31:06.801,2,0,META260828C00547500,META,2026-08-28,call,547.5,28.93,60.0,32.31,231.0,30.62,29.45,1.0,,,,,,,2026-08-28,571.835,589.035,571.525,577.9,411753.0,579.376165
2026-08-28T20:31:06.801,2,0,META260828C00550000,META,2026-08-28,call,550.0,26.96,50.0,28.5,91.0,27.73,26.96,1.0,,,,,,,2026-08-28,571.835,589.035,571.525,577.9,411753.0,579.376165
2026-08-28T20:31:06.801,2,0,META260828C00552500,META,2026-08-28,call,552.5,24.64,74.0,27.27,221.0,25.955,24.15,2.0,,,,,,,2026-08-28,571.835,589.035,571.525,577.9,411753.0,579.376165
2026-08-28T20:31:06.801,2,0,META260828C00555000,META,2026-08-28,call,555.0,21.67,73.0,23.77,139.0,22.72,21.49,2.0,,,,,,,2026-08-28,571.835,589.035,571.525,577.9,411753.0,579.376165
2026-08-28T20:31:06.801,2,0,META260828C00557500,META,2026-08-28,call,557.5,19.16,121.0,21.33,63.0,20.244999999999997,21.33,3.0,,,,,,,2026-08-28,571.835,589.035,571.525,577.9,411753.0,579.376165
2026-08-28T20:31:06.801,2,0,META260828C00560000,META,2026-08-28,call,560.0,16.18,106.0,19.28,173.0,17.73,18.54,1.0,,,,,,,2026-08-28,571.835,589.035,571.525,577.9,411753.0,579.376165
2026-08-28T20:31:06.801,2,0,META260828C00562500,META,2026-08-28,call,562.5,14.62,48.0,17.0,105.0,15.809999999999999,14.58,1.0,,,,,,,2026-08-28,571.835,589.035,571.525,577.9,411753.0,579.376165
2026-08-28T20:31:06.801,2,0,META260828C00565000,META,2026-08-28,call,565.0,11.21,108.0,13.77,156.0,12.49,13.25,1.0,,,,,,,2026-08-28,571.835,589.035,571.525,577.9,411753.0,579.376165
2026-08-28T20:31:06.801,2,0,META260828C00567500,META,2026-08-28,call,567.5,9.29,94.0,11.42,183.0,10.355,11.01,3.0,,,,,,,2026-08-28,571.835,589.035,571.525,577.9,411753.0,579.376165
2026-08-28T20:31:06.801,2,0,META260828C00570000,META,2026-08-28,call,570.0,6.74,134.0,8.47,148.0,7.605,8.47,3.0,,,,,,,2026-08-28,571.835,589.035,571.525,577.9,411753.0,579.376165
2026-08-28T20:31:06.801,2,0,META260828C00572500,META,2026-08-28,call,572.5,4.89,79.0,6.05,148.0,5.47,5.54,1.0,,,,,,,2026-08-28,571.835,589.035,571.525,577.9,411753.0,579.376165
2026-08-28T20:31:06.801,2,0,META260828C00575000,META,2026-08-28,call,575.0,2.4,58.0,3.27,136.0,2.835,2.99,10.0,,,,,,,2026-08-28,571.835,589.035,571.525,577.9,411753.0,579.376165
2026-08-28T20:31:06.801,2,0,META260828C00577500,META,2026-08-28,call,577.5,0.64,21.0,1.04,16.0,0.8400000000000001,0.86,4.0,,,,,,,2026-08-28,571.835,589.035,571.525,577.9,411753.0,579.376165
2026-08-28T20:31:06.801,2,0,META260828C00580000,META,2026-08-28,call,580.0,0.01,2.0,0.02,504.0,0.015,0.02,2.0,,,,,,,2026-08-28,571.835,589.035,571.525,577.9,411753.0,579.376165
2026-08-28T20:31:06.801,2,0,META260828C00582500,META,2026-08-28,call,582.5,0.0,0.0,0.03,33.0,0.015,0.01,1.0,,,,,,,2026-08-28,571.835,589.035,571.525,577.9,411753.0,579.376165
2026-08-28T20:31:06.801,2,0,META260828C00585000,META,2026-08-28,call,585.0,0.0,0.0,0.01,359.0,0.005,0.01,1.0,,,,,,,2026-08-28,571.835,589.035,571.525,577.9,411753.0,579.376165
2026-08-28T20:31:06.801,2,0,META260828C00587500,META,2026-08-28,call,587.5,0.0,0.0,0.01,838.0,0.005,0.01,2.0,,,,,,,2026-08-28,571.835,589.035,571.525,577.9,411753.0,579.376165
2026-08-28T20:31:06.801,2,0,META260828C00590000,META,2026-08-28,call,590.0,0.0,0.0,0.01,134.0,0.005,0.01,5.0,,,,,,,2026-08-28,571.835,589.035,571.525,577.9,411753.0,579.376165
2026-08-28T20:31:06.801,2,0,META260828C00592500,META,2026-08-28,call,592.5,0.0,0.0,0.01,48.0,0.005,0.01,1.0,,,,,,,2026-08-28,571.835,589.035,571.525,577.9,411753.0,579.376165
2026-08-28T20:31:06.801,2,0,META260828C00595000,META,2026-08-28,call,595.0,0.0,0.0,0.01,3.0,0.005,0.01,3.0,,,,,,,2026-08-28,571.835,589.035,571.525,577.9,411753.0,579.376165
2026-08-28T20:31:06.801,2,0,META260828C00597500,META,2026-08-28,call,597.5,0.0,0.0,0.03,46.0,0.015,0.02,3.0,,,,,,,2026-08-28,571.835,589.035,571.525,577.9,411753.0,579.376165
2026-08-28T20:31:06.801,2,0,META260828C00600000,META,2026-08-28,call,600.0,0.0,0.0,0.03,338.0,0.015,0.03,17.0,,,,,,,2026-08-28,571.835,589.035,571.525,577.9,411753.0,579.376165
2026-08-28T20:31:06.801,2,0,META260828C00602500,META,2026-08-28,call,602.5,0.0,0.0,0.03,7.0,0.015,0.01,1.0,,,,,,,2026-08-28,571.835,589.035,571.525,577.9,411753.0,579.376165
2026-08-28T20:31:06.801,2,0,META260828C00605000,META,2026-08-28,call,605.0,0.0,0.0,0.03,8.0,0.015,0.01,1.0,,,,,,,2026-08-28,571.835,589.035,571.525,577.9,411753.0,579.376165
2026-08-28T20:31:06.801,2,0,META260828C00607500,META,2026-08-28,call,607.5,0.0,0.0,0.01,2.0,0.005,0.01,5.0,,,,,,,2026-08-28,571.835,589.035,571.525,577.9,411753.0,579.376165
2026-08-28T20:31:06.801,2,0,META260828C00610000,META,2026-08-28,call,610.0,0.0,0.0,0.03,101.0,0.015,0.01,1.0,,,,,,,2026-08-28,571.835,589.035,571.525,577.9,411753.0,579.376165
2026-08-28T20:31:06.801,2,0,META260828C00612500,META,2026-08-28,call,612.5,0.0,0.0,0.01,70.0,0.005,0.01,1.0,,,,,,,2026-08-28,571.835,589.035,571.525,577.9,411753.0,579.376165
2026-08-28T20:31:06.801,2,0,META260828C00615000,META,2026-08-28,call,615.0,0.0,0.0,0.01,15.0,0.005,0.01,1.0,,,,,,,2026-08-28,571.835,589.035,571.525,577.9,411753.0,579.376165
2026-08-28T20:31:06.801,2,0,META260828C00617500,META,2026-08-28,call,617.5,0.0,0.0,0.01,79.0,0.005,0.01,1.0,,,,,,,2026-08-28,571.835,589.035,571.525,577.9,411753.0,579.376165
2026-08-28T20:31:06.801,2,0,META260828C00620000,META,2026-08-28,call,620.0,0.0,0.0,0.01,211.0,0.005,0.01,1.0,,,,,,,2026-08-28,571.835,589.035,571.525,577.9,411753.0,579.376165
2026-08-28T20:31:06.801,2,0,META260828C00622500,META,2026-08-28,call,622.5,0.0,0.0,0.03,3.0,0.015,0.01,1.0,,,,,,,2026-08-28,571.835,589.035,571.525,577.9,411753.0,579.376165
2026-08-28T20:31:06.801,2,0,META260828C00625000,META,2026-08-28,call,625.0,0.0,0.0,0.01,3.0,0.005,0.01,1.0,,,,,,,2026-08-28,571.835,589.035,571.525,577.9,411753.0,579.376165
2026-08-28T20:31:06.801,2,0,META260828C00630000,META,2026-08-28,call,630.0,0.0,0.0,0.03,6.0,0.015,0.01,1.0,,,,,,,2026-08-28,571.835,589.035,571.525,577.9,411753.0,579.376165
2026-08-28T20:31:06.801,2,0,META260828C00635000,META,2026-08-28,call,635.0,0.0,0.0,0.01,216.0,0.005,0.01,2.0,,,,,,,2026-08-28,571.835,589.035,571.525,577.9,411753.0,579.376165
2026-08-28T20:31:06.801,2,0,META260828C00640000,META,2026-08-28,call,640.0,0.0,0.0,0.03,100.0,0.015,0.01,2.0,,,,,,,2026-08-28,571.835,589.035,571.525,577.9,411753.0,579.376165
2026-08-28T20:31:06.801,2,0,META260828C00645000,META,2026-08-28,call,645.0,0.0,0.0,0.01,189.0,0.005,0.01,5.0,,,,,,,2026-08-28,571.835,589.035,571.525,577.9,411753.0,579.376165
2026-08-28T20:31:06.801,2,0,META260828C00650000,META,2026-08-28,call,650.0,0.0,0.0,0.03,131.0,0.015,0.01,2.0,,,,,,,2026-08-28,571.835,589.035,571.525,577.9,411753.0,579.376165
2026-08-28T20:31:06.801,2,0,META260828C00655000,META,2026-08-28,call,655.0,0.0,0.0,0.01,20.0,0.005,0.01,1.0,,,,,,,2026-08-28,571.835,589.035,571.525,577.9,411753.0,579.376165
2026-08-28T20:31:06.801,2,0,META260828C00660000,META,2026-08-28,call,660.0,0.0,0.0,0.03,10.0,0.015,0.03,1.0,,,,,,,2026-08-28,571.835,589.035,571.525,577.9,411753.0,579.376165
2026-08-28T20:31:06.801,2,0,META260828C00665000,META,2026-08-28,call,665.0,0.0,0.0,0.03,1.0,0.015,0.01,1.0,,,,,,,2026-08-28,571.835,589.035,571.525,577.9,411753.0,579.376165
2026-08-28T20:31:06.801,2,0,META260828C00670000,META,2026-08-28,call,670.0,0.0,0.0,0.04,5.0,0.02,0.02,1.0,,,,,,,2026-08-28,571.835,589.035,571.525,577.9,411753.0,579.376165
2026-08-28T20:31:06.801,2,0,META260828C00675000,META,2026-08-28,call,675.0,0.0,0.0,0.03,6.0,0.015,0.01,1.0,,,,,,,2026-08-28,571.835,589.035,571.525,577.9,411753.0,579.376165
2026-08-28T20:31:06.801,2,0,META260828C00680000,META,2026-08-28,call,680.0,0.0,0.0,0.01,13.0,0.005,0.01,2.0,,,,,,,2026-08-28,571.835,589.035,571.525,577.9,411753.0,579.376165
2026-08-28T20:31:06.801,2,0,META260828C00685000,META,2026-08-28,call,685.0,0.0,0.0,0.03,11.0,0.015,0.01,1.0,,,,,,,2026-08-28,571.835,589.035,571.525,577.9,411753.0,579.376165
2026-08-28T20:31:06.801,2,0,META260828C00690000,META,2026-08-28,call,690.0,0.0,0.0,0.01,3.0,0.005,0.01,15.0,,,,,,,2026-08-28,571.835,589.035,571.525,577.9,411753.0,579.376165
2026-08-28T20:31:06.801,2,0,META260828C00695000,META,2026-08-28,call,695.0,0.0,0.0,0.19,47.0,0.095,0.01,1.0,,,,,,,2026-08-28,571.835,589.035,571.525,577.9,411753.0,579.376165
2026-08-28T20:31:06.801,2,0,META260828C00700000,META,2026-08-28,call,700.0,0.0,0.0,0.01,39.0,0.005,0.01,5.0,,,,,,,2026-08-28,571.835,589.035,571.525,577.9,411753.0,579.376165
2026-08-28T20:31:06.801,2,0,META260828C00705000,META,2026-08-28,call,705.0,0.0,0.0,0.01,11.0,0.005,0.01,1.0,,,,,,,2026-08-28,571.835,589.035,571.525,577.9,411753.0,579.376165
2026-08-28T20:31:06.801,2,0,META260828C00710000,META,2026-08-28,call,710.0,0.0,0.0,0.11,16.0,0.055,0.01,1.0,,,,,,,2026-08-28,571.835,589.035,571.525,577.9,411753.0,579.376165
2026-08-28T20:31:06.801,2,0,META260828C00715000,META,2026-08-28,call,715.0,0.0,0.0,0.03,11.0,0.015,0.01,1.0,,,,,,,2026-08-28,571.835,589.035,571.525,577.9,411753.0,579.376165
2026-08-28T20:31:06.801,2,0,META260828C00720000,META,2026-08-28,call,720.0,0.0,0.0,0.03,1034.0,0.015,0.01,4.0,,,,,,,2026-08-28,571.835,589.035,571.525,577.9,411753.0,579.376165
2026-08-28T20:31:06.801,2,0,META260828C00725000,META,2026-08-28,call,725.0,0.0,0.0,0.03,1000.0,0.015,0.01,1.0,,,,,,,2026-08-28,571.835,589.035,571.525,577.9,411753.0,579.376165
2026-08-28T20:31:06.801,2,0,META260828C00730000,META,2026-08-28,call,730.0,0.0,0.0,0.03,1000.0,0.015,0.01,1.0,,,,,,,2026-08-28,571.835,589.035,571.525,577.9,411753.0,579.376165
2026-08-28T20:31:06.801,2,0,META260828C00735000,META,2026-08-28,call,735.0,0.0,0.0,0.03,1005.0,0.015,0.01,1.0,,,,,,,2026-08-28,571.835,589.035,571.525,577.9,411753.0,579.376165
2026-08-28T20:31:06.801,2,0,META260828C00740000,META,2026-08-28,call,740.0,0.0,0.0,0.01,1034.0,0.005,0.01,1.0,,,,,,,2026-08-28,571.835,589.035,571.525,577.9,411753.0,579.376165
2026-08-28T20:31:06.801,2,0,META260828C00745000,META,2026-08-28,call,745.0,0.0,0.0,0.01,1000.0,0.005,0.02,10.0,,,,,,,2026-08-28,571.835,589.035,571.525,577.9,411753.0,579.376165
2026-08-28T20:31:06.801,2,0,META260828C00750000,META,2026-08-28,call,750.0,0.0,0.0,0.03,1034.0,0.015,0.01,2.0,,,,,,,2026-08-28,571.835,589.035,571.525,577.9,411753.0,579.376165
2026-08-28T20:31:06.801,2,0,META260828C00755000,META,2026-08-28,call,755.0,0.0,0.0,0.01,10.0,0.005,0.13,1.0,,,,,,,2026-08-28,571.835,589.035,571.525,577.9,411753.0,579.376165
2026-08-28T20:31:06.801,2,0,META260828C00760000,META,2026-08-28,call,760.0,0.0,0.0,0.01,10.0,0.005,0.05,1.0,,,,,,,2026-08-28,571.835,589.035,571.525,577.9,411753.0,579.376165
2026-08-28T20:31:06.801,2,0,META260828C00765000,META,2026-08-28,call,765.0,0.0,0.0,0.45,1.0,0.225,0.01,1.0,,,,,,,2026-08-28,571.835,589.035,571.525,577.9,411753.0,579.376165
2026-08-28T20:31:06.801,2,0,META260828C00770000,META,2026-08-28,call,770.0,0.0,0.0,0.03,6.0,0.015,0.02,19.0,,,,,,,2026-08-28,571.835,589.035,571.525,577.9,411753.0,579.376165
2026-08-28T20:31:06.801,2,0,META260828C00775000,META,2026-08-28,call,775.0,0.0,0.0,0.03,10.0,0.015,0.12,1.0,,,,,,,2026-08-28,571.835,589.035,571.525,577.9,411753.0,579.376165
2026-08-28T20:31:06.801,2,0,META260828C00780000,META,2026-08-28,call,780.0,0.0,0.0,0.01,10.0,0.005,0.02,1.0,,,,,,,2026-08-28,571.835,589.035,571.525,577.9,411753.0,579.376165
2026-08-28T20:31:06.801,2,0,META260828C00785000,META,2026-08-28,call,785.0,0.0,0.0,0.03,999.0,0.015,0.01,1.0,,,,,,,2026-08-28,571.835,589.035,571.525,577.9,411753.0,579.376165
2026-08-28T20:31:06.801,2,0,META260828C00790000,META,2026-08-28,call,790.0,0.0,0.0,0.03,1000.0,0.015,0.01,14.0,,,,,,,2026-08-28,571.835,589.035,571.525,577.9,411753.0,579.376165
2026-08-28T20:31:06.801,2,0,META260828C00795000,META,2026-08-28,call,795.0,0.0,0.0,0.03,1000.0,0.015,0.05,1.0,,,,,,,2026-08-28,571.835,589.035,571.525,577.9,411753.0,579.376165
2026-08-28T20:31:06.801,2,0,META260828C00800000,META,2026-08-28,call,800.0,0.0,0.0,0.03,999.0,0.015,0.01,1.0,,,,,,,2026-08-28,571.835,589.035,571.525,577.9,411753.0,579.376165
2026-08-28T20:31:06.801,2,0,META260828C00805000,META,2026-08-28,call,805.0,0.0,0.0,0.01,1034.0,0.005,0.01,1.0,,,,,,,2026-08-28,571.835,589.035,571.525,577.9,411753.0,579.376165
2026-08-28T20:31:06.801,2,0,META260828C00810000,META,2026-08-28,call,810.0,0.0,0.0,0.03,1000.0,0.015,0.01,1.0,,,,,,,2026-08-28,571.835,589.035,571.525,577.9,411753.0,579.376165
2026-08-28T20:31:06.801,2,0,META260828C00815000,META,2026-08-28,call,815.0,0.0,0.0,0.03,1000.0,0.015,0.01,1.0,,,,,,,2026-08-28,571.835,589.035,571.525,577.9,411753.0,579.376165
2026-08-28T20:31:06.801,2,0,META260828C00820000,META,2026-08-28,call,820.0,0.0,0.0,0.03,1000.0,0.015,0.01,2.0,,,,,,,2026-08-28,571.835,589.035,571.525,577.9,411753.0,579.376165
2026-08-28T20:31:06.801,2,0,META260828C00825000,META,2026-08-28,call,825.0,0.0,0.0,0.01,1000.0,0.005,0.01,1.0,,,,,,,2026-08-28,571.835,589.035,571.525,577.9,411753.0,579.376165
2026-08-28T20:31:06.801,2,0,META260828C00830000,META,2026-08-28,call,830.0,0.0,0.0,0.01,1000.0,0.005,0.01,1.0,,,,,,,2026-08-28,571.835,589.035,571.525,577.9,411753.0,579.376165
2026-08-28T20:31:06.801,2,0,META260828C00835000,META,2026-08-28,call,835.0,0.0,0.0,0.03,1000.0,0.015,0.01,1.0,,,,,,,2026-08-28,571.835,589.035,571.525,577.9,411753.0,579.376165
2026-08-28T20:31:06.801,2,0,META260828C00840000,META,2026-08-28,call,840.0,0.0,0.0,0.03,1000.0,0.015,0.01,2.0,,,,,,,2026-08-28,571.835,589.035,571.525,577.9,411753.0,579.376165
2026-08-28T20:31:06.801,2,0,META260828C00845000,META,2026-08-28,call,845.0,0.0,0.0,0.01,1000.0,0.005,0.01,1.0,,,,,,,2026-08-28,571.835,589.035,571.525,577.9,411753.0,579.376165
2026-08-28T20:31:06.801,2,0,META260828C00850000,META,2026-08-28,call,850.0,0.0,0.0,0.01,1000.0,0.005,0.07,1.0,,,,,,,2026-08-28,571.835,589.035,571.525,577.9,411753.0,579.376165
2026-08-28T20:31:06.801,2,0,META260828C00855000,META,2026-08-28,call,855.0,0.0,0.0,0.03,1000.0,0.015,0.01,1.0,,,,,,,2026-08-28,571.835,589.035,571.525,577.9,411753.0,579.376165
2026-08-28T20:31:06.801,2,0,META260828C00860000,META,2026-08-28,call,860.0,0.0,0.0,0.03,1000.0,0.015,0.01,1.0,,,,,,,2026-08-28,571.835,589.035,571.525,577.9,411753.0,579.376165
2026-08-28T20:31:06.801,2,0,META260828C00865000,META,2026-08-28,call,865.0,0.0,0.0,0.01,1000.0,0.005,0.01,2.0,,,,,,,2026-08-28,571.835,589.035,571.525,577.9,411753.0,579.376165
2026-08-28T20:31:06.801,2,0,META260828C00870000,META,2026-08-28,call,870.0,0.0,0.0,0.03,1000.0,0.015,0.01,1.0,,,,,,,2026-08-28,571.835,589.035,571.525,577.9,411753.0,579.376165
2026-08-28T20:31:06.801,2,0,META260828C00875000,META,2026-08-28,call,875.0,0.0,0.0,0.03,995.0,0.015,0.01,2.0,,,,,,,2026-08-28,571.835,589.035,571.525,577.9,411753.0,579.376165
2026-08-28T20:31:06.801,2,0,META260828C00880000,META,2026-08-28,call,880.0,0.0,0.0,0.03,1000.0,0.015,0.01,3.0,,,,,,,2026-08-28,571.835,589.035,571.525,577.9,411753.0,579.376165
2026-08-28T20:31:06.801,2,0,META260828C00885000,META,2026-08-28,call,885.0,0.0,0.0,0.03,977.0,0.015,0.01,1.0,,,,,,,2026-08-28,571.835,589.035,571.525,577.9,411753.0,579.376165
2026-08-28T20:31:06.801,2,0,META260828C00890000,META,2026-08-28,call,890.0,0.0,0.0,0.03,1000.0,0.015,0.01,20.0,,,,,,,2026-08-28,571.835,589.035,571.525,577.9,411753.0,579.376165
2026-08-28T20:31:06.801,2,0,META260828C00895000,META,2026-08-28,call,895.0,0.0,0.0,0.01,1000.0,0.005,0.01,8.0,,,,,,,2026-08-28,571.835,589.035,571.525,577.9,411753.0,579.376165
2026-08-28T20:31:06.801,2,0,META260828C00900000,META,2026-08-28,call,900.0,0.0,0.0,0.03,1000.0,0.015,0.01,2.0,,,,,,,2026-08-28,571.835,589.035,571.525,577.9,411753.0,579.376165
2026-08-28T20:31:06.801,2,0,META260828C00905000,META,2026-08-28,call,905.0,0.0,0.0,0.01,1000.0,0.005,0.01,5.0,,,,,,,2026-08-28,571.835,589.035,571.525,577.9,411753.0,579.376165
2026-08-28T20:31:06.801,2,0,META260828C00910000,META,2026-08-28,call,910.0,0.0,0.0,0.03,1000.0,0.015,0.07,2.0,,,,,,,2026-08-28,571.835,589.035,571.525,577.9,411753.0,579.376165
2026-08-28T20:31:06.801,2,0,META260828C00915000,META,2026-08-28,call,915.0,0.0,0.0,0.03,1000.0,0.015,0.02,10.0,,,,,,,2026-08-28,571.835,589.035,571.525,577.9,411753.0,579.376165
2026-08-28T20:31:06.801,2,0,META260828C00920000,META,2026-08-28,call,920.0,0.0,0.0,0.03,1000.0,0.015,0.01,16.0,,,,,,,2026-08-28,571.835,589.035,571.525,577.9,411753.0,579.376165
2026-08-28T20:31:06.801,2,0,META260828C00925000,META,2026-08-28,call,925.0,0.0,0.0,0.03,1000.0,0.015,0.01,1.0,,,,,,,2026-08-28,571.835,589.035,571.525,577.9,411753.0,579.376165
2026-08-28T20:31:06.801,2,0,META260828C00930000,META,2026-08-28,call,930.0,0.0,0.0,0.01,1034.0,0.005,0.01,5.0,,,,,,,2026-08-28,571.835,589.035,571.525,577.9,411753.0,579.376165
2026-08-28T20:31:06.801,2,0,META260828C00935000,META,2026-08-28,call,935.0,0.0,0.0,0.01,1000.0,0.005,0.01,2.0,,,,,,,2026-08-28,571.835,589.035,571.525,577.9,411753.0,579.376165
2026-08-28T20:31:06.801,2,0,META260828C00940000,META,2026-08-28,call,940.0,0.0,0.0,0.03,1000.0,0.015,0.01,2.0,,,,,,,2026-08-28,571.835,589.035,571.525,577.9,411753.0,579.376165
2026-08-28T20:31:06.801,2,0,META260828C00945000,META,2026-08-28,call,945.0,0.0,0.0,0.03,1000.0,0.015,0.03,2.0,,,,,,,2026-08-28,571.835,589.035,571.525,577.9,411753.0,579.376165
2026-08-28T20:31:06.801,2,0,META260828C00950000,META,2026-08-28,call,950.0,0.0,0.0,0.03,1000.0,0.015,0.01,2.0,,,,,,,2026-08-28,571.835,589.035,571.525,577.9,411753.0,579.376165
2026-08-28T20:31:06.801,2,0,META260828C00955000,META,2026-08-28,call,955.0,0.0,0.0,0.03,2030.0,0.015,0.01,2.0,,,,,,,2026-08-28,571.835,589.035,571.525,577.9,411753.0,579.376165
2026-08-28T20:31:06.801,2,0,META260828C00960000,META,2026-08-28,call,960.0,0.0,0.0,0.03,1000.0,0.015,0.04,6.0,,,,,,,2026-08-28,571.835,589.035,571.525,577.9,411753.0,579.376165
2026-08-28T20:31:06.801,2,0,META260828C00965000,META,2026-08-28,call,965.0,0.0,0.0,0.03,1000.0,0.015,0.01,4.0,,,,,,,2026-08-28,571.835,589.035,571.525,577.9,411753.0,579.376165
2026-08-28T20:31:06.801,2,0,META260828C00970000,META,2026-08-28,call,970.0,0.0,0.0,0.01,1000.0,0.005,0.02,3.0,,,,,,,2026-08-28,571.835,589.035,571.525,577.9,411753.0,579.376165
2026-08-28T20:31:06.801,2,0,META260828C00975000,META,2026-08-28,call,975.0,0.0,0.0,0.01,1000.0,0.005,0.01,1.0,,,,,,,2026-08-28,571.835,589.035,571.525,577.9,411753.0,579.376165
2026-08-28T20:31:06.801,2,0,META260828C00980000,META,2026-08-28,call,980.0,0.0,0.0,0.01,1000.0,0.005,0.01,1.0,,,,,,,2026-08-28,571.835,589.035,571.525,577.9,411753.0,579.376165
2026-08-28T20:31:06.801,2,0,META260828C00985000,META,2026-08-28,call,985.0,0.0,0.0,0.01,1034.0,0.005,0.01,3.0,,,,,,,2026-08-28,571.835,589.035,571.525,577.9,411753.0,579.376165
2026-08-28T20:31:06.801,2,0,META260828C00990000,META,2026-08-28,call,990.0,0.0,0.0,0.03,1250.0,0.015,0.01,1.0,,,,,,,2026-08-28,571.835,589.035,571.525,577.9,411753.0,579.376165
2026-08-28T20:31:06.801,2,0,META260828C00995000,META,2026-08-28,call,995.0,0.0,0.0,0.01,995.0,0.005,0.01,1.0,,,,,,,2026-08-28,571.835,589.035,571.525,577.9,411753.0,579.376165
2026-08-28T20:31:06.801,2,0,META260828C01000000,META,2026-08-28,call,1000.0,0.0,0.0,0.01,1000.0,0.005,0.01,1.0,,,,,,,2026-08-28,571.835,589.035,571.525,577.9,411753.0,579.376165
2026-08-28T20:31:06.801,2,0,META260828C01010000,META,2026-08-28,call,1010.0,0.0,0.0,0.01,250.0,0.005,0.01,1.0,,,,,,,2026-08-28,571.835,589.035,571.525,577.9,411753.0,579.376165
2026-08-28T20:31:06.801,2,0,META260828C01020000,META,2026-08-28,call,1020.0,0.0,0.0,0.03,249.0,0.015,0.01,1.0,,,,,,,2026-08-28,571.835,589.035,571.525,577.9,411753.0,579.376165
2026-08-28T20:31:06.801,2,0,META260828C01030000,META,2026-08-28,call,1030.0,0.0,0.0,0.01,1000.0,0.005,0.01,1.0,,,,,,,2026-08-28,571.835,589.035,571.525,577.9,411753.0,579.376165
2026-08-28T20:31:06.801,2,0,META260828C01040000,META,2026-08-28,call,1040.0,0.0,0.0,0.01,251.0,0.005,0.01,1.0,,,,,,,2026-08-28,571.835,589.035,571.525,577.9,411753.0,579.376165
2026-08-28T20:31:06.801,2,0,META260828C01050000,META,2026-08-28,call,1050.0,0.0,0.0,0.03,1000.0,0.015,0.01,1.0,,,,,,,2026-08-28,571.835,589.035,571.525,577.9,411753.0,579.376165
2026-08-28T20:31:06.801,2,0,META260828C01060000,META,2026-08-28,call,1060.0,0.0,0.0,0.01,1000.0,0.005,0.01,1.0,,,,,,,2026-08-28,571.835,589.035,571.525,577.9,411753.0,579.376165
2026-08-28T20:31:06.801,2,0,META260828C01070000,META,2026-08-28,call,1070.0,0.0,0.0,0.03,1000.0,0.015,0.01,5.0,,,,,,,2026-08-28,571.835,589.035,571.525,577.9,411753.0,579.376165
2026-08-28T20:31:06.801,2,0,META260828C01080000,META,2026-08-28,call,1080.0,0.0,0.0,0.01,250.0,0.005,0.01,1.0,,,,,,,2026-08-28,571.835,589.035,571.525,577.9,411753.0,579.376165
2026-08-28T20:31:06.801,2,0,META260828C01090000,META,2026-08-28,call,1090.0,0.0,0.0,0.03,998.0,0.015,0.01,2.0,,,,,,,2026-08-28,571.835,589.035,571.525,577.9,411753.0,579.376165
2026-08-28T20:31:06.801,2,0,META260828C01100000,META,2026-08-28,call,1100.0,0.0,0.0,0.03,1000.0,0.015,0.01,1.0,,,,,,,2026-08-28,571.835,589.035,571.525,577.9,411753.0,579.376165
2026-08-28T20:31:06.801,2,0,META260828C01110000,META,2026-08-28,call,1110.0,0.0,0.0,0.03,999.0,0.015,0.01,27.0,,,,,,,2026-08-28,571.835,589.035,571.525,577.9,411753.0,579.376165
2026-08-28T20:31:06.801,2,0,META260828P00100000,META,2026-08-28,put,100.0,0.0,0.0,0.01,500.0,0.005,0.01,9.0,,,,,,,2026-08-28,571.835,589.035,571.525,577.9,411753.0,579.376165
2026-08-28T20:31:06.801,2,0,META260828P00110000,META,2026-08-28,put,110.0,0.0,0.0,0.03,1000.0,0.015,0.01,1.0,,,,,,,2026-08-28,571.835,589.035,571.525,577.9,411753.0,579.376165
2026-08-28T20:31:06.801,2,0,META260828P00120000,META,2026-08-28,put,120.0,0.0,0.0,0.03,1000.0,0.015,0.04,10.0,,,,,,,2026-08-28,571.835,589.035,571.525,577.9,411753.0,579.376165
2026-08-28T20:31:06.801,2,0,META260828P00130000,META,2026-08-28,put,130.0,0.0,0.0,0.01,1000.0,0.005,0.01,1.0,,,,,,,2026-08-28,571.835,589.035,571.525,577.9,411753.0,579.376165
2026-08-28T20:31:06.801,2,0,META260828P00140000,META,2026-08-28,put,140.0,0.0,0.0,0.03,500.0,0.015,0.01,1.0,,,,,,,2026-08-28,571.835,589.035,571.525,577.9,411753.0,579.376165
2026-08-28T20:31:06.801,2,0,META260828P00150000,META,2026-08-28,put,150.0,0.0,0.0,0.01,500.0,0.005,0.01,1.0,,,,,,,2026-08-28,571.835,589.035,571.525,577.9,411753.0,579.376165
2026-08-28T20:31:06.801,2,0,META260828P00160000,META,2026-08-28,put,160.0,0.0,0.0,0.03,1000.0,0.015,0.03,3.0,,,,,,,2026-08-28,571.835,589.035,571.525,577.9,411753.0,579.376165
2026-08-28T20:31:06.801,2,0,META260828P00170000,META,2026-08-28,put,170.0,0.0,0.0,1.7,1.0,0.85,0.04,7.0,,,,,,,2026-08-28,571.835,589.035,571.525,577.9,411753.0,579.376165
2026-08-28T20:31:06.801,2,0,META260828P00180000,META,2026-08-28,put,180.0,0.0,0.0,0.01,500.0,0.005,0.04,1.0,,,,,,,2026-08-28,571.835,589.035,571.525,577.9,411753.0,579.376165
2026-08-28T20:31:06.801,2,0,META260828P00190000,META,2026-08-28,put,190.0,0.0,0.0,0.01,250.0,0.005,0.01,1.0,,,,,,,2026-08-28,571.835,589.035,571.525,577.9,411753.0,579.376165
2026-08-28T20:31:06.801,2,0,META260828P00200000,META,2026-08-28,put,200.0,0.0,0.0,0.03,250.0,0.015,1.71,1.0,,,,,,,2026-08-28,571.835,589.035,571.525,577.9,411753.0,579.376165
2026-08-28T20:31:06.801,2,0,META260828P00210000,META,2026-08-28,put,210.0,0.0,0.0,0.03,284.0,0.015,0.01,1.0,,,,,,,2026-08-28,571.835,589.035,571.525,577.9,411753.0,579.376165
2026-08-28T20:31:06.801,2,0,META260828P00220000,META,2026-08-28,put,220.0,0.0,0.0,0.01,250.0,0.005,0.01,8.0,,,,,,,2026-08-28,571.835,589.035,571.525,577.9,411753.0,579.376165
2026-08-28T20:31:06.801,2,0,META260828P00230000,META,2026-08-28,put,230.0,0.0,0.0,0.01,250.0,0.005,0.03,2.0,,,,,,,2026-08-28,571.835,589.035,571.525,577.9,411753.0,579.376165
2026-08-28T20:31:06.801,2,0,META260828P00240000,META,2026-08-28,put,240.0,0.0,0.0,0.01,250.0,0.005,0.02,2.0,,,,,,,2026-08-28,571.835,589.035,571.525,577.9,411753.0,579.376165
2026-08-28T20:31:06.801,2,0,META260828P00250000,META,2026-08-28,put,250.0,0.0,0.0,0.03,250.0,0.015,0.19,1.0,,,,,,,2026-08-28,571.835,589.035,571.525,577.9,411753.0,579.376165
2026-08-28T20:31:06.801,2,0,META260828P00260000,META,2026-08-28,put,260.0,0.0,0.0,0.01,250.0,0.005,0.04,1.0,,,,,,,2026-08-28,571.835,589.035,571.525,577.9,411753.0,579.376165
2026-08-28T20:31:06.801,2,0,META260828P00270000,META,2026-08-28,put,270.0,0.0,0.0,0.03,1.0,0.015,0.19,1.0,,,,,,,2026-08-28,571.835,589.035,571.525,577.9,411753.0,579.376165
2026-08-28T20:31:06.801,2,0,META260828P00280000,META,2026-08-28,put,280.0,0.0,0.0,0.01,11.0,0.005,0.03,1.0,,,,,,,2026-08-28,571.835,589.035,571.525,577.9,411753.0,579.376165
2026-08-28T20:31:06.801,2,0,META260828P00290000,META,2026-08-28,put,290.0,0.0,0.0,0.03,12.0,0.015,0.03,250.0,,,,,,,2026-08-28,571.835,589.035,571.525,577.9,411753.0,579.376165
2026-08-28T20:31:06.801,2,0,META260828P00300000,META,2026-08-28,put,300.0,0.0,0.0,0.03,103.0,0.015,0.01,6.0,,,,,,,2026-08-28,571.835,589.035,571.525,577.9,411753.0,579.376165
2026-08-28T20:31:06.801,2,0,META260828P00310000,META,2026-08-28,put,310.0,0.0,0.0,0.68,3.0,0.34,0.01,1.0,,,,,,,2026-08-28,571.835,589.035,571.525,577.9,411753.0,579.376165
2026-08-28T20:31:06.801,2,0,META260828P00320000,META,2026-08-28,put,320.0,0.0,0.0,0.03,13.0,0.015,0.01,2.0,,,,,,,2026-08-28,571.835,589.035,571.525,577.9,411753.0,579.376165
2026-08-28T20:31:06.801,2,0,META260828P00330000,META,2026-08-28,put,330.0,0.0,0.0,0.64,3.0,0.32,0.05,1.0,,,,,,,2026-08-28,571.835,589.035,571.525,577.9,411753.0,579.376165
2026-08-28T20:31:06.801,2,0,META260828P00340000,META,2026-08-28,put,340.0,0.0,0.0,0.64,3.0,0.32,0.03,5.0,,,,,,,2026-08-28,571.835,589.035,571.525,577.9,411753.0,579.376165
2026-08-28T20:31:06.801,2,0,META260828P00350000,META,2026-08-28,put,350.0,0.0,0.0,0.03,15.0,0.015,0.01,7.0,,,,,,,2026-08-28,571.835,589.035,571.525,577.9,411753.0,579.376165
2026-08-28T20:31:06.801,2,0,META260828P00360000,META,2026-08-28,put,360.0,0.0,0.0,0.01,10.0,0.005,0.01,1.0,,,,,,,2026-08-28,571.835,589.035,571.525,577.9,411753.0,579.376165
2026-08-28T20:31:06.801,2,0,META260828P00370000,META,2026-08-28,put,370.0,0.0,0.0,0.01,10.0,0.005,0.01,1.0,,,,,,,2026-08-28,571.835,589.035,571.525,577.9,411753.0,579.376165
2026-08-28T20:31:06.801,2,0,META260828P00380000,META,2026-08-28,put,380.0,0.0,0.0,0.03,11.0,0.015,0.01,2.0,,,,,,,2026-08-28,571.835,589.035,571.525,577.9,411753.0,579.376165
2026-08-28T20:31:06.801,2,0,META260828P00390000,META,2026-08-28,put,390.0,0.0,0.0,0.01,1000.0,0.005,0.01,1.0,,,,,,,2026-08-28,571.835,589.035,571.525,577.9,411753.0,579.376165
2026-08-28T20:31:06.801,2,0,META260828P00400000,META,2026-08-28,put,400.0,0.0,0.0,0.01,1000.0,0.005,0.01,1.0,,,,,,,2026-08-28,571.835,589.035,571.525,577.9,411753.0,579.376165
2026-08-28T20:31:06.801,2,0,META260828P00405000,META,2026-08-28,put,405.0,0.0,0.0,0.01,33.0,0.005,0.01,2.0,,,,,,,2026-08-28,571.835,589.035,571.525,577.9,411753.0,579.376165
2026-08-28T20:31:06.801,2,0,META260828P00410000,META,2026-08-28,put,410.0,0.0,0.0,0.01,33.0,0.005,0.01,1.0,,,,,,,2026-08-28,571.835,589.035,571.525,577.9,411753.0,579.376165
2026-08-28T20:31:06.801,2,0,META260828P00415000,META,2026-08-28,put,415.0,0.0,0.0,0.01,33.0,0.005,0.01,13.0,,,,,,,2026-08-28,571.835,589.035,571.525,577.9,411753.0,579.376165
2026-08-28T20:31:06.801,2,0,META260828P00420000,META,2026-08-28,put,420.0,0.0,0.0,0.01,33.0,0.005,0.03,1.0,,,,,,,2026-08-28,571.835,589.035,571.525,577.9,411753.0,579.376165
2026-08-28T20:31:06.801,2,0,META260828P00425000,META,2026-08-28,put,425.0,0.0,0.0,0.03,33.0,0.015,0.01,2.0,,,,,,,2026-08-28,571.835,589.035,571.525,577.9,411753.0,579.376165
2026-08-28T20:31:06.801,2,0,META260828P00430000,META,2026-08-28,put,430.0,0.0,0.0,0.01,28.0,0.005,0.01,5.0,,,,,,,2026-08-28,571.835,589.035,571.525,577.9,411753.0,579.376165
2026-08-28T20:31:06.801,2,0,META260828P00435000,META,2026-08-28,put,435.0,0.0,0.0,0.01,33.0,0.005,0.01,5.0,,,,,,,2026-08-28,571.835,589.035,571.525,577.9,411753.0,579.376165
2026-08-28T20:31:06.801,2,0,META260828P00440000,META,2026-08-28,put,440.0,0.0,0.0,0.01,33.0,0.005,0.01,5.0,,,,,,,2026-08-28,571.835,589.035,571.525,577.9,411753.0,579.376165
2026-08-28T20:31:06.801,2,0,META260828P00445000,META,2026-08-28,put,445.0,0.0,0.0,0.01,11.0,0.005,0.01,1.0,,,,,,,2026-08-28,571.835,589.035,571.525,577.9,411753.0,579.376165
2026-08-28T20:31:06.801,2,0,META260828P00450000,META,2026-08-28,put,450.0,0.0,0.0,0.03,11.0,0.015,0.01,1.0,,,,,,,2026-08-28,571.835,589.035,571.525,577.9,411753.0,579.376165
2026-08-28T20:31:06.801,2,0,META260828P00455000,META,2026-08-28,put,455.0,0.0,0.0,0.03,11.0,0.015,0.01,2.0,,,,,,,2026-08-28,571.835,589.035,571.525,577.9,411753.0,579.376165
2026-08-28T20:31:06.801,2,0,META260828P00460000,META,2026-08-28,put,460.0,0.0,0.0,0.03,11.0,0.015,0.01,5.0,,,,,,,2026-08-28,571.835,589.035,571.525,577.9,411753.0,579.376165
2026-08-28T20:31:06.801,2,0,META260828P00465000,META,2026-08-28,put,465.0,0.0,0.0,1.14,6.0,0.57,0.03,1.0,,,,,,,2026-08-28,571.835,589.035,571.525,577.9,411753.0,579.376165
2026-08-28T20:31:06.801,2,0,META260828P00470000,META,2026-08-28,put,470.0,0.0,0.0,0.01,20.0,0.005,0.01,1.0,,,,,,,2026-08-28,571.835,589.035,571.525,577.9,411753.0,579.376165
2026-08-28T20:31:06.801,2,0,META260828P00475000,META,2026-08-28,put,475.0,0.0,0.0,0.01,52.0,0.005,0.01,5.0,,,,,,,2026-08-28,571.835,589.035,571.525,577.9,411753.0,579.376165
2026-08-28T20:31:06.801,2,0,META260828P00480000,META,2026-08-28,put,480.0,0.0,0.0,0.01,11.0,0.005,0.01,3.0,,,,,,,2026-08-28,571.835,589.035,571.525,577.9,411753.0,579.376165
2026-08-28T20:31:06.801,2,0,META260828P00485000,META,2026-08-28,put,485.0,0.0,0.0,0.01,1031.0,0.005,0.01,3.0,,,,,,,2026-08-28,571.835,589.035,571.525,577.9,411753.0,579.376165
2026-08-28T20:31:06.801,2,0,META260828P00490000,META,2026-08-28,put,490.0,0.0,0.0,0.03,132.0,0.015,0.01,1.0,,,,,,,2026-08-28,571.835,589.035,571.525,577.9,411753.0,579.376165
2026-08-28T20:31:06.801,2,0,META260828P00492500,META,2026-08-28,put,492.5,0.0,0.0,0.01,132.0,0.005,0.01,1.0,,,,,,,2026-08-28,571.835,589.035,571.525,577.9,411753.0,579.376165
2026-08-28T20:31:06.801,2,0,META260828P00495000,META,2026-08-28,put,495.0,0.0,0.0,0.03,200.0,0.015,0.01,2.0,,,,,,,2026-08-28,571.835,589.035,571.525,577.9,411753.0,579.376165
2026-08-28T20:31:06.801,2,0,META260828P00497500,META,2026-08-28,put,497.5,0.0,0.0,0.01,999.0,0.005,0.01,15.0,,,,,,,2026-08-28,571.835,589.035,571.525,577.9,411753.0,579.376165
2026-08-28T20:31:06.801,2,0,META260828P00500000,META,2026-08-28,put,500.0,0.0,0.0,0.01,1034.0,0.005,0.01,2.0,,,,,,,2026-08-28,571.835,589.035,571.525,577.9,411753.0,579.376165
2026-08-28T20:31:06.801,2,0,META260828P00502500,META,2026-08-28,put,502.5,0.0,0.0,0.01,11.0,0.005,0.07,1.0,,,,,,,2026-08-28,571.835,589.035,571.525,577.9,411753.0,579.376165
2026-08-28T20:31:06.801,2,0,META260828P00505000,META,2026-08-28,put,505.0,0.0,0.0,0.01,3.0,0.005,0.01,5.0,,,,,,,2026-08-28,571.835,589.035,571.525,577.9,411753.0,579.376165
2026-08-28T20:31:06.801,2,0,META260828P00507500,META,2026-08-28,put,507.5,0.0,0.0,0.03,20.0,0.015,0.01,9.0,,,,,,,2026-08-28,571.835,589.035,571.525,577.9,411753.0,579.376165
2026-08-28T20:31:06.801,2,0,META260828P00510000,META,2026-08-28,put,510.0,0.0,0.0,0.01,77.0,0.005,0.01,2.0,,,,,,,2026-08-28,571.835,589.035,571.525,577.9,411753.0,579.376165
2026-08-28T20:31:06.801,2,0,META260828P00512500,META,2026-08-28,put,512.5,0.0,0.0,0.03,77.0,0.015,0.01,1.0,,,,,,,2026-08-28,571.835,589.035,571.525,577.9,411753.0,579.376165
2026-08-28T20:31:06.801,2,0,META260828P00515000,META,2026-08-28,put,515.0,0.0,0.0,0.01,7.0,0.005,0.01,2.0,,,,,,,2026-08-28,571.835,589.035,571.525,577.9,411753.0,579.376165
2026-08-28T20:31:06.801,2,0,META260828P00517500,META,2026-08-28,put,517.5,0.0,0.0,0.01,31.0,0.005,0.03,1.0,,,,,,,2026-08-28,571.835,589.035,571.525,577.9,411753.0,579.376165
2026-08-28T20:31:06.801,2,0,META260828P00520000,META,2026-08-28,put,520.0,0.0,0.0,0.03,19.0,0.015,0.01,1.0,,,,,,,2026-08-28,571.835,589.035,571.525,577.9,411753.0,579.376165
2026-08-28T20:31:06.801,2,0,META260828P00522500,META,2026-08-28,put,522.5,0.0,0.0,0.01,3.0,0.005,0.01,1.0,,,,,,,2026-08-28,571.835,589.035,571.525,577.9,411753.0,579.376165
2026-08-28T20:31:06.801,2,0,META260828P00525000,META,2026-08-28,put,525.0,0.0,0.0,0.01,3.0,0.005,0.01,1.0,,,,,,,2026-08-28,571.835,589.035,571.525,577.9,411753.0,579.376165
2026-08-28T20:31:06.801,2,0,META260828P00527500,META,2026-08-28,put,527.5,0.0,0.0,0.01,55.0,0.005,0.01,2.0,,,,,,,2026-08-28,571.835,589.035,571.525,577.9,411753.0,579.376165
2026-08-28T20:31:06.801,2,0,META260828P00530000,META,2026-08-28,put,530.0,0.0,0.0,0.01,19.0,0.005,0.01,1.0,,,,,,,2026-08-28,571.835,589.035,571.525,577.9,411753.0,579.376165
2026-08-28T20:31:06.801,2,0,META260828P00532500,META,2026-08-28,put,532.5,0.0,0.0,0.03,3.0,0.015,0.01,1.0,,,,,,,2026-08-28,571.835,589.035,571.525,577.9,411753.0,579.376165
2026-08-28T20:31:06.801,2,0,META260828P00535000,META,2026-08-28,put,535.0,0.0,0.0,0.03,3.0,0.015,0.01,1.0,,,,,,,2026-08-28,571.835,589.035,571.525,577.9,411753.0,579.376165
2026-08-28T20:31:06.801,2,0,META260828P00537500,META,2026-08-28,put,537.5,0.0,0.0,0.03,3.0,0.015,0.01,5.0,,,,,,,2026-08-28,571.835,589.035,571.525,577.9,411753.0,579.376165
2026-08-28T20:31:06.801,2,0,META260828P00540000,META,2026-08-28,put,540.0,0.0,0.0,0.03,3.0,0.015,0.01,1.0,,,,,,,2026-08-28,571.835,589.035,571.525,577.9,411753.0,579.376165
2026-08-28T20:31:06.801,2,0,META260828P00542500,META,2026-08-28,put,542.5,0.0,0.0,0.15,80.0,0.075,0.02,1.0,,,,,,,2026-08-28,571.835,589.035,571.525,577.9,411753.0,579.376165
2026-08-28T20:31:06.801,2,0,META260828P00545000,META,2026-08-28,put,545.0,0.0,0.0,0.03,50.0,0.015,0.01,1.0,,,,,,,2026-08-28,571.835,589.035,571.525,577.9,411753.0,579.376165
2026-08-28T20:31:06.801,2,0,META260828P00547500,META,2026-08-28,put,547.5,0.0,0.0,0.01,3.0,0.005,0.01,1.0,,,,,,,2026-08-28,571.835,589.035,571.525,577.9,411753.0,579.376165
2026-08-28T20:31:06.801,2,0,META260828P00550000,META,2026-08-28,put,550.0,0.0,0.0,0.01,9.0,0.005,0.01,1.0,,,,,,,2026-08-28,571.835,589.035,571.525,577.9,411753.0,579.376165
2026-08-28T20:31:06.801,2,0,META260828P00552500,META,2026-08-28,put,552.5,0.0,0.0,0.01,8.0,0.005,0.01,1.0,,,,,,,2026-08-28,571.835,589.035,571.525,577.9,411753.0,579.376165
2026-08-28T20:31:06.801,2,0,META260828P00555000,META,2026-08-28,put,555.0,0.0,0.0,0.03,10.0,0.015,0.01,1.0,,,,,,,2026-08-28,571.835,589.035,571.525,577.9,411753.0,579.376165
2026-08-28T20:31:06.801,2,0,META260828P00557500,META,2026-08-28,put,557.5,0.0,0.0,0.1,81.0,0.05,0.01,1.0,,,,,,,2026-08-28,571.835,589.035,571.525,577.9,411753.0,579.376165
2026-08-28T20:31:06.801,2,0,META260828P00560000,META,2026-08-28,put,560.0,0.0,0.0,0.03,5.0,0.015,0.01,1.0,,,,,,,2026-08-28,571.835,589.035,571.525,577.9,411753.0,579.376165
2026-08-28T20:31:06.801,2,0,META260828P00562500,META,2026-08-28,put,562.5,0.0,0.0,0.03,38.0,0.015,0.01,1.0,,,,,,,2026-08-28,571.835,589.035,571.525,577.9,411753.0,579.376165
2026-08-28T20:31:06.801,2,0,META260828P00565000,META,2026-08-28,put,565.0,0.0,0.0,0.01,3.0,0.005,0.01,1.0,,,,,,,2026-08-28,571.835,589.035,571.525,577.9,411753.0,579.376165
2026-08-28T20:31:06.801,2,0,META260828P00567500,META,2026-08-28,put,567.5,0.0,0.0,0.03,60.0,0.015,0.01,1.0,,,,,,,2026-08-28,571.835,589.035,571.525,577.9,411753.0,579.376165
2026-08-28T20:31:06.801,2,0,META260828P00570000,META,2026-08-28,put,570.0,0.0,0.0,0.03,31.0,0.015,0.01,1.0,,,,,,,2026-08-28,571.835,589.035,571.525,577.9,411753.0,579.376165
2026-08-28T20:31:06.801,2,0,META260828P00572500,META,2026-08-28,put,572.5,0.0,0.0,0.01,13.0,0.005,0.01,1.0,,,,,,,2026-08-28,571.835,589.035,571.525,577.9,411753.0,579.376165
2026-08-28T20:31:06.801,2,0,META260828P00575000,META,2026-08-28,put,575.0,0.01,42.0,0.08,117.0,0.045,0.02,1.0,,,,,,,2026-08-28,571.835,589.035,571.525,577.9,411753.0,579.376165
2026-08-28T20:31:06.801,2,0,META260828P00577500,META,2026-08-28,put,577.5,0.33,1.0,0.47,14.0,0.4,0.36,1.0,,,,,,,2026-08-28,571.835,589.035,571.525,577.9,411753.0,579.376165
2026-08-28T20:31:06.801,2,0,META260828P00580000,META,2026-08-28,put,580.0,1.56,71.0,2.64,58.0,2.1,1.56,20.0,,,,,,,2026-08-28,571.835,589.035,571.525,577.9,411753.0,579.376165
2026-08-28T20:31:06.801,2,0,META260828P00582500,META,2026-08-28,put,582.5,2.92,191.0,5.57,78.0,4.245,4.3,1.0,,,,,,,2026-08-28,571.835,589.035,571.525,577.9,411753.0,579.376165
2026-08-28T20:31:06.801,2,0,META260828P00585000,META,2026-08-28,put,585.0,6.33,123.0,8.45,134.0,7.39,6.5,1.0,,,,,,,2026-08-28,571.835,589.035,571.525,577.9,411753.0,579.376165
2026-08-28T20:31:06.801,2,0,META260828P00587500,META,2026-08-28,put,587.5,7.82,102.0,10.52,44.0,9.17,9.55,2.0,,,,,,,2026-08-28,571.835,589.035,571.525,577.9,411753.0,579.376165
2026-08-28T20:31:06.801,2,0,META260828P00590000,META,2026-08-28,put,590.0,10.33,122.0,13.28,151.0,11.805,11.49,1.0,,,,,,,2026-08-28,571.835,589.035,571.525,577.9,411753.0,579.376165
2026-08-28T20:31:06.801,2,0,META260828P00592500,META,2026-08-28,put,592.5,12.83,56.0,15.43,37.0,14.129999999999999,14.05,1.0,,,,,,,2026-08-28,571.835,589.035,571.525,577.9,411753.0,579.376165
2026-08-28T20:31:06.801,2,0,META260828P00595000,META,2026-08-28,put,595.0,15.27,131.0,18.33,21.0,16.799999999999997,18.2,10.0,,,,,,,2026-08-28,571.835,589.035,571.525,577.9,411753.0,579.376165
2026-08-28T20:31:06.801,2,0,META260828P00597500,META,2026-08-28,put,597.5,17.55,37.0,20.87,20.0,19.21,20.5,1.0,,,,,,,2026-08-28,571.835,589.035,571.525,577.9,411753.0,579.376165
2026-08-28T20:31:06.801,2,0,META260828P00600000,META,2026-08-28,put,600.0,20.46,128.0,22.82,37.0,21.64,22.48,1.0,,,,,,,2026-08-28,571.835,589.035,571.525,577.9,411753.0,579.376165
2026-08-28T20:31:06.801,2,0,META260828P00602500,META,2026-08-28,put,602.5,22.67,6.0,25.61,8.0,24.14,20.06,1.0,,,,,,,2026-08-28,571.835,589.035,571.525,577.9,411753.0,579.376165
2026-08-28T20:31:06.801,2,0,META260828P00605000,META,2026-08-28,put,605.0,25.69,8.0,28.63,7.0,27.16,29.13,1.0,,,,,,,2026-08-28,571.835,589.035,571.525,577.9,411753.0,579.376165
2026-08-28T20:31:06.801,2,0,META260828P00607500,META,2026-08-28,put,607.5,28.34,31.0,30.08,18.0,29.21,28.7,10.0,,,,,,,2026-08-28,571.835,589.035,571.525,577.9,411753.0,579.376165
2026-08-28T20:31:06.801,2,0,META260828P00610000,META,2026-08-28,put,610.0,29.75,34.0,32.94,37.0,31.345,32.94,1.0,,,,,,,2026-08-28,571.835,589.035,571.525,577.9,411753.0,579.376165
2026-08-28T20:31:06.801,2,0,META260828P00612500,META,2026-08-28,put,612.5,32.759,13.0,35.72,15.0,34.2395,45.3,3.0,,,,,,,2026-08-28,571.835,589.035,571.525,577.9,411753.0,579.376165
2026-08-28T20:31:06.801,2,0,META260828P00615000,META,2026-08-28,put,615.0,35.03,20.0,38.77,22.0,36.900000000000006,45.37,1.0,,,,,,,2026-08-28,571.835,589.035,571.525,577.9,411753.0,579.376165
2026-08-28T20:31:06.801,2,0,META260828P00617500,META,2026-08-28,put,617.5,36.32,14.0,42.29,13.0,39.305,42.2,1.0,,,,,,,2026-08-28,571.835,589.035,571.525,577.9,411753.0,579.376165
2026-08-28T20:31:06.801,2,0,META260828P00620000,META,2026-08-28,put,620.0,38.14,13.0,44.59,16.0,41.365,44.63,1.0,,,,,,,2026-08-28,571.835,589.035,571.525,577.9,411753.0,579.376165
2026-08-28T20:31:06.801,2,0,META260828P00622500,META,2026-08-28,put,622.5,40.52,14.0,48.26,14.0,44.39,47.04,1.0,,,,,,,2026-08-28,571.835,589.035,571.525,577.9,411753.0,579.376165
2026-08-28T20:31:06.801,2,0,META260828P00625000,META,2026-08-28,put,625.0,42.93,12.0,50.75,12.0,46.84,46.86,1.0,,,,,,,2026-08-28,571.835,589.035,571.525,577.9,411753.0,579.376165
2026-08-28T20:31:06.801,2,0,META260828P00630000,META,2026-08-28,put,630.0,48.72,16.0,55.87,16.0,52.295,65.58,2.0,,,,,,,2026-08-28,571.835,589.035,571.525,577.9,411753.0,579.376165
2026-08-28T20:31:06.801,2,0,META260828P00635000,META,2026-08-28,put,635.0,52.76,22.0,59.54,12.0,56.15,60.01,1.0,,,,,,,2026-08-28,571.835,589.035,571.525,577.9,411753.0,579.376165
2026-08-28T20:31:06.801,2,0,META260828P00640000,META,2026-08-28,put,640.0,57.68,13.0,65.47,21.0,61.575,64.04,1.0,,,,,,,2026-08-28,571.835,589.035,571.525,577.9,411753.0,579.376165
2026-08-28T20:31:06.801,2,0,META260828P00645000,META,2026-08-28,put,645.0,64.5,97.0,68.3,38.0,66.4,68.71,1.0,,,,,,,2026-08-28,571.835,589.035,571.525,577.9,411753.0,579.376165
2026-08-28T20:31:06.801,2,0,META260828P00650000,META,2026-08-28,put,650.0,69.72,22.0,74.43,23.0,72.075,73.64,1.0,,,,,,,2026-08-28,571.835,589.035,571.525,577.9,411753.0,579.376165
2026-08-28T20:31:06.801,2,0,META260828P00655000,META,2026-08-28,put,655.0,77.89,12.0,80.01,12.0,78.95,87.32,21.0,,,,,,,2026-08-28,571.835,589.035,571.525,577.9,411753.0,579.376165
2026-08-28T20:31:06.801,2,0,META260828P00660000,META,2026-08-28,put,660.0,80.18,29.0,82.83,45.0,81.505,75.35,1.0,,,,,,,2026-08-28,571.835,589.035,571.525,577.9,411753.0,579.376165
2026-08-28T20:31:06.801,2,0,META260828P00665000,META,2026-08-28,put,665.0,85.53,19.0,89.95,23.0,87.74000000000001,88.23,1.0,,,,,,,2026-08-28,571.835,589.035,571.525,577.9,411753.0,579.376165
2026-08-28T20:31:06.801,2,0,META260828P00670000,META,2026-08-28,put,670.0,91.67,13.0,95.06,15.0,93.36500000000001,75.77,1.0,,,,,,,2026-08-28,571.835,589.035,571.525,577.9,411753.0,579.376165
2026-08-28T20:31:06.801,2,0,META260828P00675000,META,2026-08-28,put,675.0,95.2,18.0,99.5,17.0,97.35,98.9,1.0,,,,,,,2026-08-28,571.835,589.035,571.525,577.9,411753.0,579.376165
2026-08-28T20:31:06.801,2,0,META260828P00680000,META,2026-08-28,put,680.0,102.65,22.0,105.4,18.0,104.025,94.99,1.0,,,,,,,2026-08-28,571.835,589.035,571.525,577.9,411753.0,579.376165
2026-08-28T20:31:06.801,2,0,META260828P00685000,META,2026-08-28,put,685.0,103.94,17.0,108.51,16.0,106.225,118.5,3.0,,,,,,,2026-08-28,571.835,589.035,571.525,577.9,411753.0,579.376165
2026-08-28T20:31:06.801,2,0,META260828P00690000,META,2026-08-28,put,690.0,109.53,7.0,116.5,15.0,113.015,99.31,1.0,,,,,,,2026-08-28,571.835,589.035,571.525,577.9,411753.0,579.376165
2026-08-28T20:31:06.801,2,0,META260828P00695000,META,2026-08-28,put,695.0,116.51,12.0,121.57,27.0,119.03999999999999,118.9,1.0,,,,,,,2026-08-28,571.835,589.035,571.525,577.9,411753.0,579.376165
2026-08-28T20:31:06.801,2,0,META260828P00700000,META,2026-08-28,put,700.0,121.85,12.0,123.74,16.0,122.79499999999999,122.39,6.0,,,,,,,2026-08-28,571.835,589.035,571.525,577.9,411753.0,579.376165
2026-08-28T20:31:06.801,2,0,META260828P00705000,META,2026-08-28,put,705.0,124.27,15.0,128.139,12.0,126.2045,113.95,10.0,,,,,,,2026-08-28,571.835,589.035,571.525,577.9,411753.0,579.376165
2026-08-28T20:31:06.801,2,0,META260828P00710000,META,2026-08-28,put,710.0,133.9,12.0,137.52,13.0,135.71,65.9,1.0,,,,,,,2026-08-28,571.835,589.035,571.525,577.9,411753.0,579.376165
2026-08-28T20:31:06.801,2,0,META260828P00715000,META,2026-08-28,put,715.0,134.29,17.0,141.17,8.0,137.73,72.57,7.0,,,,,,,2026-08-28,571.835,589.035,571.525,577.9,411753.0,579.376165
2026-08-28T20:31:06.801,2,0,META260828P00720000,META,2026-08-28,put,720.0,139.05,12.0,146.03,13.0,142.54000000000002,127.4,1.0,,,,,,,2026-08-28,571.835,589.035,571.525,577.9,411753.0,579.376165
2026-08-28T20:31:06.801,2,0,META260828P00725000,META,2026-08-28,put,725.0,149.07,7.0,153.07,19.0,151.07,150.9,1.0,,,,,,,2026-08-28,571.835,589.035,571.525,577.9,411753.0,579.376165
2026-08-28T20:31:06.801,2,0,META260828P00730000,META,2026-08-28,put,730.0,151.38,7.0,158.39,8.0,154.885,155.81,1.0,,,,,,,2026-08-28,571.835,589.035,571.525,577.9,411753.0,579.376165
2026-08-28T20:31:06.801,2,0,META260828P00735000,META,2026-08-28,put,735.0,154.71,9.0,162.91,20.0,158.81,160.14,1.0,,,,,,,2026-08-28,571.835,589.035,571.525,577.9,411753.0,579.376165
2026-08-28T20:31:06.801,2,0,META260828P00740000,META,2026-08-28,put,740.0,159.38,26.0,166.11,18.0,162.745,165.76,1.0,,,,,,,2026-08-28,571.835,589.035,571.525,577.9,411753.0,579.376165
2026-08-28T20:31:06.801,2,0,META260828P00745000,META,2026-08-28,put,745.0,161.17,29.0,169.95,22.0,165.56,170.18,1.0,,,,,,,2026-08-28,571.835,589.035,571.525,577.9,411753.0,579.376165
2026-08-28T20:31:06.801,2,0,META260828P00750000,META,2026-08-28,put,750.0,169.29,15.0,174.48,21.0,171.885,175.11,1.0,,,,,,,2026-08-28,571.835,589.035,571.525,577.9,411753.0,579.376165
2026-08-28T20:31:06.801,2,0,META260828P00755000,META,2026-08-28,put,755.0,175.2,12.0,182.87,12.0,179.035,184.56,5.0,,,,,,,2026-08-28,571.835,589.035,571.525,577.9,411753.0,579.376165
2026-08-28T20:31:06.801,2,0,META260828P00760000,META,2026-08-28,put,760.0,175.51,9.0,185.4,7.0,180.45499999999998,181.42,2.0,,,,,,,2026-08-28,571.835,589.035,571.525,577.9,411753.0,579.376165
2026-08-28T20:31:06.801,2,0,META260828P00765000,META,2026-08-28,put,765.0,180.66,7.0,191.52,12.0,186.09,115.33,1.0,,,,,,,2026-08-28,571.835,589.035,571.525,577.9,411753.0,579.376165
2026-08-28T20:31:06.801,2,0,META260828P00770000,META,2026-08-28,put,770.0,188.47,15.0,196.97,21.0,192.72,117.53,1.0,,,,,,,2026-08-28,571.835,589.035,571.525,577.9,411753.0,579.376165
2026-08-28T20:31:06.801,2,0,META260828P00775000,META,2026-08-28,put,775.0,194.92,14.0,203.04,17.0,198.98,,,,,,,,,2026-08-28,571.835,589.035,571.525,577.9,411753.0,579.376165
2026-08-28T20:31:06.801,2,0,META260828P00780000,META,2026-08-28,put,780.0,200.68,28.0,204.99,27.0,202.835,,,,,,,,,2026-08-28,571.835,589.035,571.525,577.9,411753.0,579.376165
2026-08-28T20:31:06.801,2,0,META260828P00785000,META,2026-08-28,put,785.0,205.36,29.0,211.94,22.0,208.65,,,,,,,,,2026-08-28,571.835,589.035,571.525,577.9,411753.0,579.376165
2026-08-28T20:31:06.801,2,0,META260828P00790000,META,2026-08-28,put,790.0,204.45,7.0,216.03,7.0,210.24,203.81,5.0,,,,,,,2026-08-28,571.835,589.035,571.525,577.9,411753.0,579.376165
2026-08-28T20:31:06.801,2,0,META260828P00795000,META,2026-08-28,put,795.0,213.45,6.0,219.99,5.0,216.72,,,,,,,,,2026-08-28,571.835,589.035,571.525,577.9,411753.0,579.376165
2026-08-28T20:31:06.801,2,0,META260828P00800000,META,2026-08-28,put,800.0,220.79,27.0,223.12,24.0,221.95499999999998,,,,,,,,,2026-08-28,571.835,589.035,571.525,577.9,411753.0,579.376165
2026-08-28T20:31:06.801,2,0,META260828P00805000,META,2026-08-28,put,805.0,221.77,26.0,229.79,12.0,225.78,,,,,,,,,2026-08-28,571.835,589.035,571.525,577.9,411753.0,579.376165
2026-08-28T20:31:06.801,2,0,META260828P00810000,META,2026-08-28,put,810.0,229.3,18.0,234.0,12.0,231.65,216.76,3.0,,,,,,,2026-08-28,571.835,589.035,571.525,577.9,411753.0,579.376165
2026-08-28T20:31:06.801,2,0,META260828P00815000,META,2026-08-28,put,815.0,237.59,28.0,243.1,24.0,240.345,221.9,1.0,,,,,,,2026-08-28,571.835,589.035,571.525,577.9,411753.0,579.376165
2026-08-28T20:31:06.801,2,0,META260828P00820000,META,2026-08-28,put,820.0,233.91,27.0,249.6,21.0,241.755,,,,,,,,,2026-08-28,571.835,589.035,571.525,577.9,411753.0,579.376165
2026-08-28T20:31:06.801,2,0,META260828P00825000,META,2026-08-28,put,825.0,241.94,21.0,247.87,7.0,244.905,,,,,,,,,2026-08-28,571.835,589.035,571.525,577.9,411753.0,579.376165
2026-08-28T20:31:06.801,2,0,META260828P00830000,META,2026-08-28,put,830.0,250.07,21.0,253.5,11.0,251.785,,,,,,,,,2026-08-28,571.835,589.035,571.525,577.9,411753.0,579.376165
2026-08-28T20:31:06.801,2,0,META260828P00835000,META,2026-08-28,put,835.0,254.83,9.0,264.69,5.0,259.76,,,,,,,,,2026-08-28,571.835,589.035,571.525,577.9,411753.0,579.376165
2026-08-28T20:31:06.801,2,0,META260828P00840000,META,2026-08-28,put,840.0,257.97,21.0,266.14,7.0,262.055,,,,,,,,,2026-08-28,571.835,589.035,571.525,577.9,411753.0,579.376165
2026-08-28T20:31:06.801,2,0,META260828P00845000,META,2026-08-28,put,845.0,261.23,20.0,267.04,10.0,264.135,,,,,,,,,2026-08-28,571.835,589.035,571.525,577.9,411753.0,579.376165
2026-08-28T20:31:06.801,2,0,META260828P00850000,META,2026-08-28,put,850.0,270.97,7.0,279.12,7.0,275.045,,,,,,,,,2026-08-28,571.835,589.035,571.525,577.9,411753.0,579.376165
2026-08-28T20:31:06.801,2,0,META260828P00855000,META,2026-08-28,put,855.0,267.72,7.0,285.68,5.0,276.70000000000005,,,,,,,,,2026-08-28,571.835,589.035,571.525,577.9,411753.0,579.376165
2026-08-28T20:31:06.801,2,0,META260828P00860000,META,2026-08-28,put,860.0,278.46,8.0,282.79,7.0,280.625,,,,,,,,,2026-08-28,571.835,589.035,571.525,577.9,411753.0,579.376165
2026-08-28T20:31:06.801,2,0,META260828P00865000,META,2026-08-28,put,865.0,282.1,7.0,287.36,5.0,284.73,,,,,,,,,2026-08-28,571.835,589.035,571.525,577.9,411753.0,579.376165
2026-08-28T20:31:06.801,2,0,META260828P00870000,META,2026-08-28,put,870.0,293.62,29.0,293.7,26.0,293.65999999999997,,,,,,,,,2026-08-28,571.835,589.035,571.525,577.9,411753.0,579.376165
2026-08-28T20:31:06.801,2,0,META260828P00875000,META,2026-08-28,put,875.0,289.81,14.0,303.09,8.0,296.45,,,,,,,,,2026-08-28,571.835,589.035,571.525,577.9,411753.0,579.376165
2026-08-28T20:31:06.801,2,0,META260828P00880000,META,2026-08-28,put,880.0,302.06,8.0,302.66,12.0,302.36,,,,,,,,,2026-08-28,571.835,589.035,571.525,577.9,411753.0,579.376165
2026-08-28T20:31:06.801,2,0,META260828P00885000,META,2026-08-28,put,885.0,306.94,7.0,309.25,7.0,308.095,,,,,,,,,2026-08-28,571.835,589.035,571.525,577.9,411753.0,579.376165
2026-08-28T20:31:06.801,2,0,META260828P00890000,META,2026-08-28,put,890.0,302.53,7.0,320.61,7.0,311.57,,,,,,,,,2026-08-28,571.835,589.035,571.525,577.9,411753.0,579.376165
2026-08-28T20:31:06.801,2,0,META260828P00895000,META,2026-08-28,put,895.0,313.36,28.0,321.58,12.0,317.47,,,,,,,,,2026-08-28,571.835,589.035,571.525,577.9,411753.0,579.376165
2026-08-28T20:31:06.801,2,0,META260828P00900000,META,2026-08-28,put,900.0,313.7,29.0,329.83,27.0,321.765,,,,,,,,,2026-08-28,571.835,589.035,571.525,577.9,411753.0,579.376165
2026-08-28T20:31:06.801,2,0,META260828P00905000,META,2026-08-28,put,905.0,317.19,12.0,328.79,9.0,322.99,,,,,,,,,2026-08-28,571.835,589.035,571.525,577.9,411753.0,579.376165
2026-08-28T20:31:06.801,2,0,META260828P00910000,META,2026-08-28,put,910.0,328.03,5.0,339.1,5.0,333.565,,,,,,,,,2026-08-28,571.835,589.035,571.525,577.9,411753.0,579.376165
2026-08-28T20:31:06.801,2,0,META260828P00915000,META,2026-08-28,put,915.0,330.4,8.0,343.03,6.0,336.715,,,,,,,,,2026-08-28,571.835,589.035,571.525,577.9,411753.0,579.376165
2026-08-28T20:31:06.801,2,0,META260828P00920000,META,2026-08-28,put,920.0,341.31,18.0,342.39,5.0,341.85,,,,,,,,,2026-08-28,571.835,589.035,571.525,577.9,411753.0,579.376165
2026-08-28T20:31:06.801,2,0,META260828P00925000,META,2026-08-28,put,925.0,339.49,30.0,354.08,9.0,346.78499999999997,,,,,,,,,2026-08-28,571.835,589.035,571.525,577.9,411753.0,579.376165
2026-08-28T20:31:06.801,2,0,META260828P00930000,META,2026-08-28,put,930.0,350.83,5.0,356.98,7.0,353.905,,,,,,,,,2026-08-28,571.835,589.035,571.525,577.9,411753.0,579.376165
2026-08-28T20:31:06.801,2,0,META260828P00935000,META,2026-08-28,put,935.0,349.07,16.0,363.98,12.0,356.525,,,,,,,,,2026-08-28,571.835,589.035,571.525,577.9,411753.0,579.376165
2026-08-28T20:31:06.801,2,0,META260828P00940000,META,2026-08-28,put,940.0,362.58,28.0,369.93,9.0,366.255,,,,,,,,,2026-08-28,571.835,589.035,571.525,577.9,411753.0,579.376165
2026-08-28T20:31:06.801,2,0,META260828P00945000,META,2026-08-28,put,945.0,368.23,28.0,370.29,12.0,369.26,,,,,,,,,2026-08-28,571.835,589.035,571.525,577.9,411753.0,579.376165
2026-08-28T20:31:06.801,2,0,META260828P00950000,META,2026-08-28,put,950.0,371.28,17.0,378.38,19.0,374.83,,,,,,,,,2026-08-28,571.835,589.035,571.525,577.9,411753.0,579.376165
2026-08-28T20:31:06.801,2,0,META260828P00955000,META,2026-08-28,put,955.0,375.06,28.0,379.11,9.0,377.08500000000004,,,,,,,,,2026-08-28,571.835,589.035,571.525,577.9,411753.0,579.376165
2026-08-28T20:31:06.801,2,0,META260828P00960000,META,2026-08-28,put,960.0,384.53,29.0,389.14,12.0,386.835,,,,,,,,,2026-08-28,571.835,589.035,571.525,577.9,411753.0,579.376165
2026-08-28T20:31:06.801,2,0,META260828P00965000,META,2026-08-28,put,965.0,377.96,8.0,387.66,8.0,382.81,,,,,,,,,2026-08-28,571.835,589.035,571.525,577.9,411753.0,579.376165
2026-08-28T20:31:06.801,2,0,META260828P00970000,META,2026-08-28,put,970.0,384.73,8.0,397.63,6.0,391.18,,,,,,,,,2026-08-28,571.835,589.035,571.525,577.9,411753.0,579.376165
2026-08-28T20:31:06.801,2,0,META260828P00975000,META,2026-08-28,put,975.0,395.42,15.0,402.77,15.0,399.095,,,,,,,,,2026-08-28,571.835,589.035,571.525,577.9,411753.0,579.376165
2026-08-28T20:31:06.801,2,0,META260828P00980000,META,2026-08-28,put,980.0,400.0,29.0,400.77,12.0,400.385,,,,,,,,,2026-08-28,571.835,589.035,571.525,577.9,411753.0,579.376165
2026-08-28T20:31:06.801,2,0,META260828P00985000,META,2026-08-28,put,985.0,407.72,7.0,409.32,11.0,408.52,,,,,,,,,2026-08-28,571.835,589.035,571.525,577.9,411753.0,579.376165
2026-08-28T20:31:06.801,2,0,META260828P00990000,META,2026-08-28,put,990.0,402.06,29.0,419.44,25.0,410.75,,,,,,,,,2026-08-28,571.835,589.035,571.525,577.9,411753.0,579.376165
2026-08-28T20:31:06.801,2,0,META260828P00995000,META,2026-08-28,put,995.0,416.54,7.0,426.25,7.0,421.395,,,,,,,,,2026-08-28,571.835,589.035,571.525,577.9,411753.0,579.376165
2026-08-28T20:31:06.801,2,0,META260828P01000000,META,2026-08-28,put,1000.0,421.6,15.0,432.57,15.0,427.08500000000004,,,,,,,,,2026-08-28,571.835,589.035,571.525,577.9,411753.0,579.376165
2026-08-28T20:31:06.801,2,0,META260828P01010000,META,2026-08-28,put,1010.0,430.07,8.0,443.62,8.0,436.845,,,,,,,,,2026-08-28,571.835,589.035,571.525,577.9,411753.0,579.376165
2026-08-28T20:31:06.801,2,0,META260828P01020000,META,2026-08-28,put,1020.0,444.48,19.0,453.06,14.0,448.77,,,,,,,,,2026-08-28,571.835,589.035,571.525,577.9,411753.0,579.376165
2026-08-28T20:31:06.801,2,0,META260828P01030000,META,2026-08-28,put,1030.0,452.93,7.0,458.75,7.0,455.84000000000003,,,,,,,,,2026-08-28,571.835,589.035,571.525,577.9,411753.0,579.376165
2026-08-28T20:31:06.801,2,0,META260828P01040000,META,2026-08-28,put,1040.0,457.45,7.0,468.75,7.0,463.1,,,,,,,,,2026-08-28,571.835,589.035,571.525,577.9,411753.0,579.376165
2026-08-28T20:31:06.801,2,0,META260828P01050000,META,2026-08-28,put,1050.0,458.91,8.0,469.7,7.0,464.305,,,,,,,,,2026-08-28,571.835,589.035,571.525,577.9,411753.0,579.376165
2026-08-28T20:31:06.801,2,0,META260828P01060000,META,2026-08-28,put,1060.0,475.03,7.0,485.07,5.0,480.04999999999995,,,,,,,,,2026-08-28,571.835,589.035,571.525,577.9,411753.0,579.376165
2026-08-28T20:31:06.801,2,0,META260828P01070000,META,2026-08-28,put,1070.0,478.71,8.0,487.92,12.0,483.315,,,,,,,,,2026-08-28,571.835,589.035,571.525,577.9,411753.0,579.376165
2026-08-28T20:31:06.801,2,0,META260828P01080000,META,2026-08-28,put,1080.0,490.8,7.0,512.5,21.0,501.65,,,,,,,,,2026-08-28,571.835,589.035,571.525,577.9,411753.0,579.376165
2026-08-28T20:31:06.801,2,0,META260828P01090000,META,2026-08-28,put,1090.0,516.4,12.0,519.52,11.0,517.96,,,,,,,,,2026-08-28,571.835,589.035,571.525,577.9,411753.0,579.376165
2026-08-28T20:31:06.801,2,0,META260828P01100000,META,2026-08-28,put,1100.0,513.909,11.0,520.97,5.0,517.4395,,,,,,,,,2026-08-28,571.835,589.035,571.525,577.9,411753.0,579.376165
2026-08-28T20:31:06.801,2,0,META260828P01110000,META,2026-08-28,put,1110.0,520.049,7.0,529.71,5.0,524.8795,,,,,,,,,2026-08-28,571.835,589.035,571.525,577.9,411753.0,579.376165
2026-08-28T20:31:06.801,2,3,META260831C00400000,META,2026-08-31,call,400.0,173.43,7.0,181.27,8.0,177.35000000000002,147.5,1.0,,,,,,,2026-08-28,571.835,589.035,571.525,577.9,411753.0,579.376165
2026-08-28T20:31:06.801,2,3,META260831C00405000,META,2026-08-31,call,405.0,172.3,5.0,178.26,17.0,175.28,,,,,,,,,2026-08-28,571.835,589.035,571.525,577.9,411753.0,579.376165
2026-08-28T20:31:06.801,2,3,META260831C00410000,META,2026-08-31,call,410.0,164.97,8.0,169.38,22.0,167.175,,,,,,,,,2026-08-28,571.835,589.035,571.525,577.9,411753.0,579.376165
2026-08-28T20:31:06.801,2,3,META260831C00415000,META,2026-08-31,call,415.0,162.96,4.0,167.12,12.0,165.04000000000002,162.96,1.0,,,,,,,2026-08-28,571.835,589.035,571.525,577.9,411753.0,579.376165
2026-08-28T20:31:06.801,2,3,META260831C00420000,META,2026-08-31,call,420.0,151.91,7.0,159.51,8.0,155.70999999999998,156.7,1.0,,,,,,,2026-08-28,571.835,589.035,571.525,577.9,411753.0,579.376165
2026-08-28T20:31:06.801,2,3,META260831C00425000,META,2026-08-31,call,425.0,146.44,28.0,156.91,8.0,151.675,152.01,1.0,,,,,,,2026-08-28,571.835,589.035,571.525,577.9,411753.0,579.376165
2026-08-28T20:31:06.801,2,3,META260831C00430000,META,2026-08-31,call,430.0,147.58,14.0,152.15,17.0,149.865,148.12,1.0,,,,,,,2026-08-28,571.835,589.035,571.525,577.9,411753.0,579.376165
2026-08-28T20:31:06.801,2,3,META260831C00435000,META,2026-08-31,call,435.0,139.74,22.0,146.65,9.0,143.195,142.07,1.0,,,,,,,2026-08-28,571.835,589.035,571.525,577.9,411753.0,579.376165
2026-08-28T20:31:06.801,2,3,META260831C00440000,META,2026-08-31,call,440.0,136.77,5.0,141.23,16.0,139.0,138.18,1.0,,,,,,,2026-08-28,571.835,589.035,571.525,577.9,411753.0,579.376165
2026-08-28T20:31:06.801,2,3,META260831C00445000,META,2026-08-31,call,445.0,128.91,6.0,135.87,8.0,132.39,,,,,,,,,2026-08-28,571.835,589.035,571.525,577.9,411753.0,579.376165
2026-08-28T20:31:06.801,2,3,META260831C00450000,META,2026-08-31,call,450.0,123.96,6.0,131.32,7.0,127.63999999999999,126.97,1.0,,,,,,,2026-08-28,571.835,589.035,571.525,577.9,411753.0,579.376165
2026-08-28T20:31:06.801,2,3,META260831C00460000,META,2026-08-31,call,460.0,116.44,8.0,123.55,8.0,119.995,118.28,1.0,,,,,,,2026-08-28,571.835,589.035,571.525,577.9,411753.0,579.376165
2026-08-28T20:31:06.801,2,3,META260831C00465000,META,2026-08-31,call,465.0,107.98,7.0,116.18,8.0,112.08000000000001,113.29,1.0,,,,,,,2026-08-28,571.835,589.035,571.525,577.9,411753.0,579.376165
2026-08-28T20:31:06.801,2,3,META260831C00470000,META,2026-08-31,call,470.0,106.67,3.0,111.35,13.0,109.00999999999999,108.34,1.0,,,,,,,2026-08-28,571.835,589.035,571.525,577.9,411753.0,579.376165
2026-08-28T20:31:06.801,2,3,META260831C00475000,META,2026-08-31,call,475.0,100.93,20.0,106.47,6.0,103.7,103.35,1.0,,,,,,,2026-08-28,571.835,589.035,571.525,577.9,411753.0,579.376165
2026-08-28T20:31:06.801,2,3,META260831C00480000,META,2026-08-31,call,480.0,95.41,11.0,100.13,8.0,97.77,,,0.7068,0.9983,0.0001,-0.0818,0.0029,0.0394,2026-08-28,571.835,589.035,571.525,577.9,411753.0,579.376165
2026-08-28T20:31:06.801,2,3,META260831C00485000,META,2026-08-31,call,485.0,91.05,7.0,95.77,8.0,93.41,80.81,1.0,,,,,,,2026-08-28,571.835,589.035,571.525,577.9,411753.0,579.376165
2026-08-28T20:31:06.801,2,3,META260831C00487500,META,2026-08-31,call,487.5,86.56,7.0,93.27,31.0,89.91499999999999,88.61,4.0,,,,,,,2026-08-28,571.835,589.035,571.525,577.9,411753.0,579.376165
2026-08-28T20:31:06.801,2,3,META260831C00490000,META,2026-08-31,call,490.0,86.4,20.0,91.94,27.0,89.17,86.12,4.0,,,,,,,2026-08-28,571.835,589.035,571.525,577.9,411753.0,579.376165
2026-08-28T20:31:06.801,2,3,META260831C00492500,META,2026-08-31,call,492.5,83.83,14.0,89.58,17.0,86.705,61.98,1.0,,,,,,,2026-08-28,571.835,589.035,571.525,577.9,411753.0,579.376165
2026-08-28T20:31:06.801,2,3,META260831C00495000,META,2026-08-31,call,495.0,78.51,13.0,85.68,18.0,82.095,81.2,1.0,,,,,,,2026-08-28,571.835,589.035,571.525,577.9,411753.0,579.376165
2026-08-28T20:31:06.801,2,3,META260831C00497500,META,2026-08-31,call,497.5,77.03,17.0,83.44,21.0,80.235,78.71,1.0,,,,,,,2026-08-28,571.835,589.035,571.525,577.9,411753.0,579.376165
2026-08-28T20:31:06.801,2,3,META260831C00500000,META,2026-08-31,call,500.0,75.08,19.0,83.26,26.0,79.17,69.7,10.0,1.0464,0.942,0.0021,-1.1062,0.0608,0.0382,2026-08-28,571.835,589.035,571.525,577.9,411753.0,579.376165
2026-08-28T20:31:06.801,2,3,META260831C00502500,META,2026-08-31,call,502.5,72.28,16.0,79.46,13.0,75.87,75.45,1.0,0.8596,0.9664,0.0017,-0.6085,0.0391,0.0396,2026-08-28,571.835,589.035,571.525,577.9,411753.0,579.376165
2026-08-28T20:31:06.801,2,3,META260831C00505000,META,2026-08-31,call,505.0,69.38,28.0,75.73,27.0,72.555,60.41,1.0,,,,,,,2026-08-28,571.835,589.035,571.525,577.9,411753.0,579.376165
2026-08-28T20:31:06.801,2,3,META260831C00507500,META,2026-08-31,call,507.5,66.16,14.0,74.54,32.0,70.35,57.94,1.0,0.6056,0.9916,0.0007,-0.1713,0.012,0.0413,2026-08-28,571.835,589.035,571.525,577.9,411753.0,579.376165
2026-08-28T20:31:06.801,2,3,META260831C00510000,META,2026-08-31,call,510.0,63.88,27.0,72.73,22.0,68.305,55.32,1.0,0.7667,0.9664,0.0019,-0.5491,0.0392,0.0403,2026-08-28,571.835,589.035,571.525,577.9,411753.0,579.376165
2026-08-28T20:31:06.801,2,3,META260831C00512500,META,2026-08-31,call,512.5,62.05,14.0,70.1,17.0,66.07499999999999,53.49,1.0,0.8012,0.9542,0.0023,-0.7207,0.0504,0.0399,2026-08-28,571.835,589.035,571.525,577.9,411753.0,579.376165
2026-08-28T20:31:06.801,2,3,META260831C00515000,META,2026-08-31,call,515.0,59.08,14.0,67.99,13.0,63.535,62.99,1.0,0.7668,0.9544,0.0024,-0.6893,0.0501,0.0401,2026-08-28,571.835,589.035,571.525,577.9,411753.0,579.376165
2026-08-28T20:31:06.801,2,3,META260831C00517500,META,2026-08-31,call,517.5,56.83,27.0,63.77,26.0,60.3,60.46,1.0,0.4726,0.9952,0.0006,-0.1083,0.0072,0.0423,2026-08-28,571.835,589.035,571.525,577.9,411753.0,579.376165
2026-08-28T20:31:06.801,2,3,META260831C00520000,META,2026-08-31,call,520.0,54.18,21.0,61.97,18.0,58.075,58.14,1.0,0.6041,0.9745,0.0019,-0.3638,0.0311,0.0415,2026-08-28,571.835,589.035,571.525,577.9,411753.0,579.376165
2026-08-28T20:31:06.801,2,3,META260831C00522500,META,2026-08-31,call,522.5,52.74,14.0,59.33,18.0,56.035,47.5,1.0,0.6876,0.95,0.0029,-0.6684,0.054,0.0405,2026-08-28,571.835,589.035,571.525,577.9,411753.0,579.376165
2026-08-28T20:31:06.801,2,3,META260831C00525000,META,2026-08-31,call,525.0,50.19,21.0,56.19,16.0,53.19,54.91,1.0,0.5888,0.9657,0.0025,-0.4407,0.0398,0.0415,2026-08-28,571.835,589.035,571.525,577.9,411753.0,579.376165
2026-08-28T20:31:06.801,2,3,META260831C00527500,META,2026-08-31,call,527.5,47.84,12.0,55.38,19.0,51.61,52.26,1.0,0.7212,0.923,0.0038,-0.9574,0.0757,0.0396,2026-08-28,571.835,589.035,571.525,577.9,411753.0,579.376165
2026-08-28T20:31:06.801,2,3,META260831C00530000,META,2026-08-31,call,530.0,43.78,25.0,52.66,43.0,48.22,45.0,4.0,0.5469,0.9613,0.0029,-0.4512,0.044,0.0417,2026-08-28,571.835,589.035,571.525,577.9,411753.0,579.376165
2026-08-28T20:31:06.801,2,3,META260831C00532500,META,2026-08-31,call,532.5,42.95,13.0,48.71,16.0,45.83,40.16,2.0,0.545,0.9532,0.0034,-0.5158,0.0513,0.0415,2026-08-28,571.835,589.035,571.525,577.9,411753.0,579.376165
2026-08-28T20:31:06.801,2,3,META260831C00535000,META,2026-08-31,call,535.0,39.81,22.0,47.86,17.0,43.835,40.32,1.0,0.5991,0.9256,0.0045,-0.7847,0.0737,0.0403,2026-08-28,571.835,589.035,571.525,577.9,411753.0,579.376165
2026-08-28T20:31:06.801,2,3,META260831C00537500,META,2026-08-31,call,537.5,37.06,14.0,43.65,22.0,40.355000000000004,37.82,1.0,0.3607,0.987,0.0018,-0.1581,0.0175,0.0435,2026-08-28,571.835,589.035,571.525,577.9,411753.0,579.376165
2026-08-28T20:31:06.801,2,3,META260831C00540000,META,2026-08-31,call,540.0,35.58,94.0,40.89,94.0,38.235,36.0,1.0,0.4508,0.953,0.0042,-0.437,0.0514,0.0421,2026-08-28,571.835,589.035,571.525,577.9,411753.0,579.376165
2026-08-28T20:31:06.801,2,3,META260831C00542500,META,2026-08-31,call,542.5,32.99,30.0,38.28,50.0,35.635000000000005,33.6,1.0,0.4058,0.9583,0.0042,-0.3674,0.0467,0.0426,2026-08-28,571.835,589.035,571.525,577.9,411753.0,579.376165
2026-08-28T20:31:06.801,2,3,META260831C00545000,META,2026-08-31,call,545.0,29.83,109.0,37.19,233.0,33.51,31.83,1.0,0.444,0.9294,0.0058,-0.5741,0.0708,0.0414,2026-08-28,571.835,589.035,571.525,577.9,411753.0,579.376165
2026-08-28T20:31:06.801,2,3,META260831C00547500,META,2026-08-31,call,547.5,27.05,22.0,34.28,80.0,30.665,29.36,1.0,0.3627,0.9509,0.0054,-0.3735,0.0532,0.0426,2026-08-28,571.835,589.035,571.525,577.9,411753.0,579.376165
2026-08-28T20:31:06.801,2,3,META260831C00550000,META,2026-08-31,call,550.0,26.28,94.0,31.22,198.0,28.75,26.27,3.0,0.4187,0.9061,0.0076,-0.6617,0.0878,0.0407,2026-08-28,571.835,589.035,571.525,577.9,411753.0,579.376165
2026-08-28T20:31:06.801,2,3,META260831C00552500,META,2026-08-31,call,552.5,23.82,45.0,30.14,80.0,26.98,25.5,1.0,0.4602,0.8629,0.0091,-0.9284,0.1149,0.0387,2026-08-28,571.835,589.035,571.525,577.9,411753.0,579.376165
2026-08-28T20:31:06.801,2,3,META260831C00555000,META,2026-08-31,call,555.0,21.55,110.0,25.94,192.0,23.745,24.17,1.0,0.3602,0.894,0.0097,-0.6246,0.0959,0.0405,2026-08-28,571.835,589.035,571.525,577.9,411753.0,579.376165
2026-08-28T20:31:06.801,2,3,META260831C00557500,META,2026-08-31,call,557.5,17.84,47.0,24.85,87.0,21.345,19.7,1.0,0.3404,0.8796,0.0112,-0.6441,0.105,0.04,2026-08-28,571.835,589.035,571.525,577.9,411753.0,579.376165
2026-08-28T20:31:06.801,2,3,META260831C00560000,META,2026-08-31,call,560.0,16.62,68.0,21.46,144.0,19.04,17.65,5.0,0.327,0.8575,0.0132,-0.6902,0.118,0.0391,2026-08-28,571.835,589.035,571.525,577.9,411753.0,579.376165
2026-08-28T20:31:06.801,2,3,META260831C00562500,META,2026-08-31,call,562.5,15.41,19.0,19.48,125.0,17.445,15.41,1.0,0.3611,0.7982,0.0149,-0.9312,0.1474,0.0365,2026-08-28,571.835,589.035,571.525,577.9,411753.0,579.376165
2026-08-28T20:31:06.801,2,3,META260831C00565000,META,2026-08-31,call,565.0,12.45,146.0,14.83,133.0,13.64,13.2,1.0,0.2301,0.8605,0.0184,-0.4939,0.1162,0.0397,2026-08-28,571.835,589.035,571.525,577.9,411753.0,579.376165
2026-08-28T20:31:06.801,2,3,META260831C00567500,META,2026-08-31,call,567.5,10.91,54.0,12.72,44.0,11.815000000000001,12.5,1.0,0.2471,0.7918,0.0222,-0.6628,0.1502,0.0366,2026-08-28,571.835,589.035,571.525,577.9,411753.0,579.376165
2026-08-28T20:31:06.801,2,3,META260831C00570000,META,2026-08-31,call,570.0,9.52,31.0,10.26,7.0,9.89,10.26,1.0,0.2449,0.7329,0.0256,-0.7441,0.1722,0.034,2026-08-28,571.835,589.035,571.525,577.9,411753.0,579.376165
2026-08-28T20:31:06.801,2,3,META260831C00572500,META,2026-08-31,call,572.5,7.67,38.0,8.6,50.0,8.135,8.2,3.0,0.2435,0.6653,0.0286,-0.8115,0.1907,0.0309,2026-08-28,571.835,589.035,571.525,577.9,411753.0,579.376165
2026-08-28T20:31:06.801,2,3,META260831C00575000,META,2026-08-31,call,575.0,6.26,24.0,7.0,64.0,6.63,6.45,4.0,0.2457,0.5901,0.0302,-0.8669,0.2036,0.0275,2026-08-28,571.835,589.035,571.525,577.9,411753.0,579.376165
2026-08-28T20:31:06.801,2,3,META260831C00577500,META,2026-08-31,call,577.5,5.09,32.0,5.34,1.0,5.215,5.16,1.0,0.2429,0.5132,0.0313,-0.8744,0.2088,0.0239,2026-08-28,571.835,589.035,571.525,577.9,411753.0,579.376165
2026-08-28T20:31:06.801,2,3,META260831C00580000,META,2026-08-31,call,580.0,3.63,178.0,4.25,84.0,3.94,3.95,1.0,0.2375,0.4336,0.0316,-0.84,0.206,0.0203,2026-08-28,571.835,589.035,571.525,577.9,411753.0,579.376165
2026-08-28T20:31:06.801,2,3,META260831C00582500,META,2026-08-31,call,582.5,2.72,53.0,3.19,169.0,2.955,3.05,1.0,0.2365,0.3562,0.0301,-0.7896,0.1952,0.0167,2026-08-28,571.835,589.035,571.525,577.9,411753.0,579.376165
2026-08-28T20:31:06.801,2,3,META260831C00585000,META,2026-08-31,call,585.0,2.28,8.0,2.48,174.0,2.38,2.33,10.0,0.248,0.2942,0.0265,-0.7626,0.1805,0.0138,2026-08-28,571.835,589.035,571.525,577.9,411753.0,579.376165
2026-08-28T20:31:06.801,2,3,META260831C00587500,META,2026-08-31,call,587.5,1.52,137.0,1.77,63.0,1.645,1.77,1.0,0.2419,0.2267,0.0238,-0.6489,0.1577,0.0106,2026-08-28,571.835,589.035,571.525,577.9,411753.0,579.376165
2026-08-28T20:31:06.801,2,3,META260831C00590000,META,2026-08-31,call,590.0,1.07,153.0,1.31,168.0,1.19,1.27,1.0,0.2439,0.1748,0.0202,-0.5584,0.1349,0.0082,2026-08-28,571.835,589.035,571.525,577.9,411753.0,579.376165
2026-08-28T20:31:06.801,2,3,META260831C00592500,META,2026-08-31,call,592.5,0.87,1.0,0.97,148.0,0.9199999999999999,0.92,1.0,0.2524,0.1384,0.0167,-0.4943,0.1156,0.0065,2026-08-28,571.835,589.035,571.525,577.9,411753.0,579.376165
2026-08-28T20:31:06.801,2,3,META260831C00595000,META,2026-08-31,call,595.0,0.63,24.0,0.77,257.0,0.7,0.7,1.0,0.2595,0.1081,0.0137,-0.4268,0.0973,0.0051,2026-08-28,571.835,589.035,571.525,577.9,411753.0,579.376165
2026-08-28T20:31:06.801,2,3,META260831C00597500,META,2026-08-31,call,597.5,0.35,282.0,0.55,48.0,0.45,0.53,1.0,0.2558,0.0756,0.0106,-0.3222,0.0746,0.0036,2026-08-28,571.835,589.035,571.525,577.9,411753.0,579.376165
2026-08-28T20:31:06.801,2,3,META260831C00600000,META,2026-08-31,call,600.0,0.37,38.0,0.38,107.0,0.375,0.38,5.0,0.2686,0.0621,0.0087,-0.2905,0.0641,0.0029,2026-08-28,571.835,589.035,571.525,577.9,411753.0,579.376165
2026-08-28T20:31:06.801,2,3,META260831C00602500,META,2026-08-31,call,602.5,0.27,38.0,0.29,208.0,0.28,0.29,1.0,0.2746,0.0474,0.0069,-0.2397,0.0518,0.0022,2026-08-28,571.835,589.035,571.525,577.9,411753.0,579.376165
2026-08-28T20:31:06.801,2,3,META260831C00605000,META,2026-08-31,call,605.0,0.2,50.0,0.25,103.0,0.225,0.22,9.0,0.2842,0.0381,0.0056,-0.2075,0.0433,0.0018,2026-08-28,571.835,589.035,571.525,577.9,411753.0,579.376165
2026-08-28T20:31:06.801,2,3,META260831C00607500,META,2026-08-31,call,607.5,0.12,42.0,0.19,23.0,0.155,0.17,1.0,0.286,0.0273,0.0042,-0.1586,0.033,0.0013,2026-08-28,571.835,589.035,571.525,577.9,411753.0,579.376165
2026-08-28T20:31:06.801,2,3,META260831C00610000,META,2026-08-31,call,610.0,0.12,85.0,0.16,143.0,0.14,0.12,4.0,0.3004,0.0239,0.0036,-0.149,0.0295,0.0011,2026-08-28,571.835,589.035,571.525,577.9,411753.0,579.376165
2026-08-28T20:31:06.801,2,3,META260831C00612500,META,2026-08-31,call,612.5,0.06,132.0,0.13,95.0,0.095,0.1,1.0,0.3013,0.0169,0.0027,-0.1112,0.022,0.0008,2026-08-28,571.835,589.035,571.525,577.9,411753.0,579.376165
2026-08-28T20:31:06.801,2,3,META260831C00615000,META,2026-08-31,call,615.0,0.04,138.0,0.11,66.0,0.075,0.1,1.0,0.3089,0.0134,0.0021,-0.0932,0.018,0.0006,2026-08-28,571.835,589.035,571.525,577.9,411753.0,579.376165
2026-08-28T20:31:06.801,2,3,META260831C00617500,META,2026-08-31,call,617.5,0.07,53.0,0.1,104.0,0.085,0.08,20.0,0.3317,0.014,0.0021,-0.1044,0.0187,0.0007,2026-08-28,571.835,589.035,571.525,577.9,411753.0,579.376165
2026-08-28T20:31:06.801,2,3,META260831C00620000,META,2026-08-31,call,620.0,0.06,49.0,0.11,333.0,0.08499999999999999,0.09,10.0,0.3489,0.0134,0.0019,-0.1056,0.018,0.0006,2026-08-28,571.835,589.035,571.525,577.9,411753.0,579.376165
2026-08-28T20:31:06.801,2,3,META260831C00622500,META,2026-08-31,call,622.5,0.05,54.0,0.06,133.0,0.055,0.06,1.0,0.3461,0.0091,0.0014,-0.0749,0.0129,0.0004,2026-08-28,571.835,589.035,571.525,577.9,411753.0,579.376165
2026-08-28T20:31:06.801,2,3,META260831C00625000,META,2026-08-31,call,625.0,0.01,163.0,0.26,353.0,0.135,0.04,1.0,0.4082,0.0177,0.002,-0.1563,0.0228,0.0008,2026-08-28,571.835,589.035,571.525,577.9,411753.0,579.376165
2026-08-28T20:31:06.801,2,3,META260831C00627500,META,2026-08-31,call,627.5,0.01,2.0,0.03,44.0,0.02,0.03,1.0,0.3381,0.0037,0.0006,-0.0328,0.0058,0.0002,2026-08-28,571.835,589.035,571.525,577.9,411753.0,579.376165
2026-08-28T20:31:06.801,2,3,META260831C00630000,META,2026-08-31,call,630.0,0.01,135.0,0.03,163.0,0.02,0.02,1.0,0.3526,0.0036,0.0006,-0.0331,0.0056,0.0002,2026-08-28,571.835,589.035,571.525,577.9,411753.0,579.376165
2026-08-28T20:31:06.801,2,3,META260831C00632500,META,2026-08-31,call,632.5,0.01,51.0,0.07,169.0,0.04,0.03,1.0,0.3951,0.0061,0.0008,-0.0596,0.009,0.0003,2026-08-28,571.835,589.035,571.525,577.9,411753.0,579.376165
2026-08-28T20:31:06.801,2,3,META260831C00635000,META,2026-08-31,call,635.0,0.03,43.0,0.08,188.0,0.055,0.04,1.0,0.4256,0.0076,0.0009,-0.0781,0.011,0.0004,2026-08-28,571.835,589.035,571.525,577.9,411753.0,579.376165
2026-08-28T20:31:06.801,2,3,META260831C00637500,META,2026-08-31,call,637.5,0.0,0.0,0.24,201.0,0.12,0.04,3.0,,,,,,,2026-08-28,571.835,589.035,571.525,577.9,411753.0,579.376165
2026-08-28T20:31:06.801,2,3,META260831C00640000,META,2026-08-31,call,640.0,0.0,0.0,0.09,235.0,0.045,0.05,1.0,,,,,,,2026-08-28,571.835,589.035,571.525,577.9,411753.0,579.376165
2026-08-28T20:31:06.801,2,3,META260831C00642500,META,2026-08-31,call,642.5,0.0,0.0,0.03,198.0,0.015,0.01,1.0,,,,,,,2026-08-28,571.835,589.035,571.525,577.9,411753.0,579.376165
2026-08-28T20:31:06.801,2,3,META260831C00645000,META,2026-08-31,call,645.0,0.0,0.0,0.03,20.0,0.015,0.09,1.0,,,,,,,2026-08-28,571.835,589.035,571.525,577.9,411753.0,579.376165
2026-08-28T20:31:06.801,2,3,META260831C00650000,META,2026-08-31,call,650.0,0.0,0.0,0.03,20.0,0.015,0.01,1.0,,,,,,,2026-08-28,571.835,589.035,571.525,577.9,411753.0,579.376165
2026-08-28T20:31:06.801,2,3,META260831C00655000,META,2026-08-31,call,655.0,0.0,0.0,0.38,179.0,0.19,0.01,1.0,,,,,,,2026-08-28,571.835,589.035,571.525,577.9,411753.0,579.376165
2026-08-28T20:31:06.801,2,3,META260831C00660000,META,2026-08-31,call,660.0,0.0,0.0,0.1,12.0,0.05,0.08,1.0,,,,,,,2026-08-28,571.835,589.035,571.525,577.9,411753.0,579.376165
2026-08-28T20:31:06.801,2,3,META260831C00665000,META,2026-08-31,call,665.0,0.0,0.0,0.99,35.0,0.495,0.01,1.0,,,,,,,2026-08-28,571.835,589.035,571.525,577.9,411753.0,579.376165
2026-08-28T20:31:06.801,2,3,META260831C00670000,META,2026-08-31,call,670.0,0.0,0.0,0.12,78.0,0.06,0.05,1.0,,,,,,,2026-08-28,571.835,589.035,571.525,577.9,411753.0,579.376165
2026-08-28T20:31:06.801,2,3,META260831C00675000,META,2026-08-31,call,675.0,0.0,0.0,0.97,119.0,0.485,0.01,2.0,,,,,,,2026-08-28,571.835,589.035,571.525,577.9,411753.0,579.376165
2026-08-28T20:31:06.801,2,3,META260831C00680000,META,2026-08-31,call,680.0,0.0,0.0,0.01,20.0,0.005,0.04,1.0,,,,,,,2026-08-28,571.835,589.035,571.525,577.9,411753.0,579.376165
2026-08-28T20:31:06.801,2,3,META260831C00685000,META,2026-08-31,call,685.0,0.0,0.0,1.02,81.0,0.51,0.02,10.0,,,,,,,2026-08-28,571.835,589.035,571.525,577.9,411753.0,579.376165
2026-08-28T20:31:06.801,2,3,META260831C00690000,META,2026-08-31,call,690.0,0.0,0.0,0.03,11.0,0.015,0.05,2.0,,,,,,,2026-08-28,571.835,589.035,571.525,577.9,411753.0,579.376165
2026-08-28T20:31:06.801,2,3,META260831C00695000,META,2026-08-31,call,695.0,0.0,0.0,0.03,1000.0,0.015,0.03,10.0,,,,,,,2026-08-28,571.835,589.035,571.525,577.9,411753.0,579.376165
2026-08-28T20:31:06.801,2,3,META260831C00700000,META,2026-08-31,call,700.0,0.0,0.0,0.01,2000.0,0.005,0.01,1000.0,,,,,,,2026-08-28,571.835,589.035,571.525,577.9,411753.0,579.376165
2026-08-28T20:31:06.801,2,3,META260831C00705000,META,2026-08-31,call,705.0,0.0,0.0,0.03,1000.0,0.015,0.03,2.0,,,,,,,2026-08-28,571.835,589.035,571.525,577.9,411753.0,579.376165
2026-08-28T20:31:06.801,2,3,META260831C00710000,META,2026-08-31,call,710.0,0.0,0.0,0.01,1000.0,0.005,0.03,1.0,,,,,,,2026-08-28,571.835,589.035,571.525,577.9,411753.0,579.376165
2026-08-28T20:31:06.801,2,3,META260831C00715000,META,2026-08-31,call,715.0,0.0,0.0,0.01,1000.0,0.005,0.05,1.0,,,,,,,2026-08-28,571.835,589.035,571.525,577.9,411753.0,579.376165
2026-08-28T20:31:06.801,2,3,META260831C00720000,META,2026-08-31,call,720.0,0.0,0.0,0.01,9.0,0.005,0.07,10.0,,,,,,,2026-08-28,571.835,589.035,571.525,577.9,411753.0,579.376165
2026-08-28T20:31:06.801,2,3,META260831C00725000,META,2026-08-31,call,725.0,0.0,0.0,1.0,1.0,0.5,0.07,1.0,,,,,,,2026-08-28,571.835,589.035,571.525,577.9,411753.0,579.376165
2026-08-28T20:31:06.801,2,3,META260831C00730000,META,2026-08-31,call,730.0,0.0,0.0,1.0,1.0,0.5,0.01,1.0,,,,,,,2026-08-28,571.835,589.035,571.525,577.9,411753.0,579.376165
2026-08-28T20:31:06.801,2,3,META260831C00735000,META,2026-08-31,call,735.0,0.0,0.0,1.03,1.0,0.515,0.08,2.0,,,,,,,2026-08-28,571.835,589.035,571.525,577.9,411753.0,579.376165
2026-08-28T20:31:06.801,2,3,META260831C00740000,META,2026-08-31,call,740.0,0.0,0.0,0.03,1000.0,0.015,0.01,1.0,,,,,,,2026-08-28,571.835,589.035,571.525,577.9,411753.0,579.376165
2026-08-28T20:31:06.801,2,3,META260831C00745000,META,2026-08-31,call,745.0,0.0,0.0,0.03,1000.0,0.015,0.18,1.0,,,,,,,2026-08-28,571.835,589.035,571.525,577.9,411753.0,579.376165
2026-08-28T20:31:06.801,2,3,META260831C00750000,META,2026-08-31,call,750.0,0.0,0.0,0.01,1000.0,0.005,0.03,5.0,,,,,,,2026-08-28,571.835,589.035,571.525,577.9,411753.0,579.376165
2026-08-28T20:31:06.801,2,3,META260831C00755000,META,2026-08-31,call,755.0,0.0,0.0,0.01,1000.0,0.005,0.09,1.0,,,,,,,2026-08-28,571.835,589.035,571.525,577.9,411753.0,579.376165
2026-08-28T20:31:06.801,2,3,META260831C00760000,META,2026-08-31,call,760.0,0.0,0.0,0.03,1000.0,0.015,0.05,1.0,,,,,,,2026-08-28,571.835,589.035,571.525,577.9,411753.0,579.376165
2026-08-28T20:31:06.801,2,3,META260831C00765000,META,2026-08-31,call,765.0,0.0,0.0,0.22,1.0,0.11,,,,,,,,,2026-08-28,571.835,589.035,571.525,577.9,411753.0,579.376165
2026-08-28T20:31:06.801,2,3,META260831C00770000,META,2026-08-31,call,770.0,0.0,0.0,1.03,1.0,0.515,,,,,,,,,2026-08-28,571.835,589.035,571.525,577.9,411753.0,579.376165
2026-08-28T20:31:06.801,2,3,META260831C00775000,META,2026-08-31,call,775.0,0.0,0.0,0.03,2.0,0.015,,,,,,,,,2026-08-28,571.835,589.035,571.525,577.9,411753.0,579.376165
2026-08-28T20:31:06.801,2,3,META260831C00780000,META,2026-08-31,call,780.0,0.0,0.0,1.19,3.0,0.595,,,,,,,,,2026-08-28,571.835,589.035,571.525,577.9,411753.0,579.376165
2026-08-28T20:31:06.801,2,3,META260831C00785000,META,2026-08-31,call,785.0,0.0,0.0,1.04,1.0,0.52,,,,,,,,,2026-08-28,571.835,589.035,571.525,577.9,411753.0,579.376165
2026-08-28T20:31:06.801,2,3,META260831C00790000,META,2026-08-31,call,790.0,0.0,0.0,1.0,1.0,0.5,,,,,,,,,2026-08-28,571.835,589.035,571.525,577.9,411753.0,579.376165
2026-08-28T20:31:06.801,2,3,META260831C00795000,META,2026-08-31,call,795.0,0.0,0.0,1.0,1.0,0.5,,,,,,,,,2026-08-28,571.835,589.035,571.525,577.9,411753.0,579.376165
2026-08-28T20:31:06.801,2,3,META260831C00800000,META,2026-08-31,call,800.0,0.0,0.0,0.07,20.0,0.035,0.6,1.0,,,,,,,2026-08-28,571.835,589.035,571.525,577.9,411753.0,579.376165
2026-08-28T20:31:06.801,2,3,META260831C00805000,META,2026-08-31,call,805.0,0.0,0.0,1.0,1.0,0.5,,,,,,,,,2026-08-28,571.835,589.035,571.525,577.9,411753.0,579.376165
2026-08-28T20:31:06.801,2,3,META260831C00810000,META,2026-08-31,call,810.0,0.0,0.0,1.04,1.0,0.52,0.53,1.0,,,,,,,2026-08-28,571.835,589.035,571.525,577.9,411753.0,579.376165
2026-08-28T20:31:06.801,2,3,META260831C00815000,META,2026-08-31,call,815.0,0.0,0.0,1.04,1.0,0.52,0.53,1.0,,,,,,,2026-08-28,571.835,589.035,571.525,577.9,411753.0,579.376165
2026-08-28T20:31:06.801,2,3,META260831C00820000,META,2026-08-31,call,820.0,0.0,0.0,1.04,8.0,0.52,0.01,1.0,,,,,,,2026-08-28,571.835,589.035,571.525,577.9,411753.0,579.376165
2026-08-28T20:31:06.801,2,3,META260831C00825000,META,2026-08-31,call,825.0,0.0,0.0,0.07,1.0,0.035,0.01,1.0,,,,,,,2026-08-28,571.835,589.035,571.525,577.9,411753.0,579.376165
2026-08-28T20:31:06.801,2,3,META260831C00830000,META,2026-08-31,call,830.0,0.0,0.0,1.0,8.0,0.5,0.01,1.0,,,,,,,2026-08-28,571.835,589.035,571.525,577.9,411753.0,579.376165
2026-08-28T20:31:06.801,2,3,META260831C00835000,META,2026-08-31,call,835.0,0.0,0.0,1.04,8.0,0.52,0.01,1.0,,,,,,,2026-08-28,571.835,589.035,571.525,577.9,411753.0,579.376165
2026-08-28T20:31:06.801,2,3,META260831C00840000,META,2026-08-31,call,840.0,0.0,0.0,1.2,5.0,0.6,0.01,1.0,,,,,,,2026-08-28,571.835,589.035,571.525,577.9,411753.0,579.376165
2026-08-28T20:31:06.801,2,3,META260831C00845000,META,2026-08-31,call,845.0,0.0,0.0,1.04,8.0,0.52,0.01,1.0,,,,,,,2026-08-28,571.835,589.035,571.525,577.9,411753.0,579.376165
2026-08-28T20:31:06.801,2,3,META260831C00850000,META,2026-08-31,call,850.0,0.0,0.0,0.03,1.0,0.015,0.34,2.0,,,,,,,2026-08-28,571.835,589.035,571.525,577.9,411753.0,579.376165
2026-08-28T20:31:06.801,2,3,META260831C00855000,META,2026-08-31,call,855.0,0.0,0.0,0.84,9.0,0.42,0.01,1.0,,,,,,,2026-08-28,571.835,589.035,571.525,577.9,411753.0,579.376165
2026-08-28T20:31:06.801,2,3,META260831C00860000,META,2026-08-31,call,860.0,0.0,0.0,0.84,14.0,0.42,0.01,1.0,,,,,,,2026-08-28,571.835,589.035,571.525,577.9,411753.0,579.376165
2026-08-28T20:31:06.801,2,3,META260831C00865000,META,2026-08-31,call,865.0,0.0,0.0,1.04,15.0,0.52,0.01,1.0,,,,,,,2026-08-28,571.835,589.035,571.525,577.9,411753.0,579.376165
2026-08-28T20:31:06.801,2,3,META260831C00870000,META,2026-08-31,call,870.0,0.0,0.0,0.03,20.0,0.015,0.29,2.0,,,,,,,2026-08-28,571.835,589.035,571.525,577.9,411753.0,579.376165
2026-08-28T20:31:06.801,2,3,META260831C00875000,META,2026-08-31,call,875.0,0.0,0.0,0.03,1000.0,0.015,0.01,1.0,,,,,,,2026-08-28,571.835,589.035,571.525,577.9,411753.0,579.376165
2026-08-28T20:31:06.801,2,3,META260831C00880000,META,2026-08-31,call,880.0,0.0,0.0,0.01,1000.0,0.005,0.01,1.0,,,,,,,2026-08-28,571.835,589.035,571.525,577.9,411753.0,579.376165
2026-08-28T20:31:06.801,2,3,META260831C00885000,META,2026-08-31,call,885.0,0.0,0.0,0.03,1000.0,0.015,0.01,1.0,,,,,,,2026-08-28,571.835,589.035,571.525,577.9,411753.0,579.376165
2026-08-28T20:31:06.801,2,3,META260831C00890000,META,2026-08-31,call,890.0,0.0,0.0,0.01,1000.0,0.005,0.01,4.0,,,,,,,2026-08-28,571.835,589.035,571.525,577.9,411753.0,579.376165
2026-08-28T20:31:06.801,2,3,META260831C00895000,META,2026-08-31,call,895.0,0.0,0.0,0.01,993.0,0.005,0.01,1.0,,,,,,,2026-08-28,571.835,589.035,571.525,577.9,411753.0,579.376165
2026-08-28T20:31:06.801,2,3,META260831C00900000,META,2026-08-31,call,900.0,0.0,0.0,0.03,1000.0,0.015,0.01,1.0,,,,,,,2026-08-28,571.835,589.035,571.525,577.9,411753.0,579.376165
2026-08-28T20:31:06.801,2,3,META260831P00400000,META,2026-08-31,put,400.0,0.0,0.0,0.07,20.0,0.035,0.02,1.0,,,,,,,2026-08-28,571.835,589.035,571.525,577.9,411753.0,579.376165
2026-08-28T20:31:06.801,2,3,META260831P00405000,META,2026-08-31,put,405.0,0.0,0.0,0.03,1.0,0.015,0.03,1.0,,,,,,,2026-08-28,571.835,589.035,571.525,577.9,411753.0,579.376165
2026-08-28T20:31:06.801,2,3,META260831P00410000,META,2026-08-31,put,410.0,0.0,0.0,0.01,13.0,0.005,0.01,1.0,,,,,,,2026-08-28,571.835,589.035,571.525,577.9,411753.0,579.376165
2026-08-28T20:31:06.801,2,3,META260831P00415000,META,2026-08-31,put,415.0,0.0,0.0,0.03,5.0,0.015,,,,,,,,,2026-08-28,571.835,589.035,571.525,577.9,411753.0,579.376165
2026-08-28T20:31:06.801,2,3,META260831P00420000,META,2026-08-31,put,420.0,0.0,0.0,0.07,20.0,0.035,0.01,4.0,,,,,,,2026-08-28,571.835,589.035,571.525,577.9,411753.0,579.376165
2026-08-28T20:31:06.801,2,3,META260831P00425000,META,2026-08-31,put,425.0,0.0,0.0,0.07,5.0,0.035,,,,,,,,,2026-08-28,571.835,589.035,571.525,577.9,411753.0,579.376165
2026-08-28T20:31:06.801,2,3,META260831P00430000,META,2026-08-31,put,430.0,0.0,0.0,0.07,20.0,0.035,,,,,,,,,2026-08-28,571.835,589.035,571.525,577.9,411753.0,579.376165
2026-08-28T20:31:06.801,2,3,META260831P00435000,META,2026-08-31,put,435.0,0.0,0.0,0.07,20.0,0.035,,,,,,,,,2026-08-28,571.835,589.035,571.525,577.9,411753.0,579.376165
2026-08-28T20:31:06.801,2,3,META260831P00440000,META,2026-08-31,put,440.0,0.0,0.0,0.07,5.0,0.035,0.03,1.0,,,,,,,2026-08-28,571.835,589.035,571.525,577.9,411753.0,579.376165
2026-08-28T20:31:06.801,2,3,META260831P00445000,META,2026-08-31,put,445.0,0.0,0.0,0.07,20.0,0.035,0.03,1.0,,,,,,,2026-08-28,571.835,589.035,571.525,577.9,411753.0,579.376165
2026-08-28T20:31:06.801,2,3,META260831P00450000,META,2026-08-31,put,450.0,0.0,0.0,1.04,1.0,0.52,0.25,10.0,,,,,,,2026-08-28,571.835,589.035,571.525,577.9,411753.0,579.376165
2026-08-28T20:31:06.801,2,3,META260831P00460000,META,2026-08-31,put,460.0,0.0,0.0,1.04,1.0,0.52,0.51,1.0,,,,,,,2026-08-28,571.835,589.035,571.525,577.9,411753.0,579.376165
2026-08-28T20:31:06.801,2,3,META260831P00465000,META,2026-08-31,put,465.0,0.0,0.0,1.0,1.0,0.5,0.05,1.0,,,,,,,2026-08-28,571.835,589.035,571.525,577.9,411753.0,579.376165
2026-08-28T20:31:06.801,2,3,META260831P00470000,META,2026-08-31,put,470.0,0.0,0.0,0.25,1.0,0.125,0.56,1.0,,,,,,,2026-08-28,571.835,589.035,571.525,577.9,411753.0,579.376165
2026-08-28T20:31:06.801,2,3,META260831P00475000,META,2026-08-31,put,475.0,0.0,0.0,1.0,8.0,0.5,0.06,1.0,,,,,,,2026-08-28,571.835,589.035,571.525,577.9,411753.0,579.376165
2026-08-28T20:31:06.801,2,3,META260831P00480000,META,2026-08-31,put,480.0,0.0,0.0,1.03,8.0,0.515,0.11,1.0,,,,,,,2026-08-28,571.835,589.035,571.525,577.9,411753.0,579.376165
2026-08-28T20:31:06.801,2,3,META260831P00485000,META,2026-08-31,put,485.0,0.0,0.0,1.02,45.0,0.51,0.06,1.0,,,,,,,2026-08-28,571.835,589.035,571.525,577.9,411753.0,579.376165
2026-08-28T20:31:06.801,2,3,META260831P00487500,META,2026-08-31,put,487.5,0.0,0.0,0.87,117.0,0.435,0.02,6.0,,,,,,,2026-08-28,571.835,589.035,571.525,577.9,411753.0,579.376165
2026-08-28T20:31:06.801,2,3,META260831P00490000,META,2026-08-31,put,490.0,0.0,0.0,0.01,119.0,0.005,0.01,1.0,,,,,,,2026-08-28,571.835,589.035,571.525,577.9,411753.0,579.376165
2026-08-28T20:31:06.801,2,3,META260831P00492500,META,2026-08-31,put,492.5,0.0,0.0,0.49,107.0,0.245,0.03,1.0,,,,,,,2026-08-28,571.835,589.035,571.525,577.9,411753.0,579.376165
2026-08-28T20:31:06.801,2,3,META260831P00495000,META,2026-08-31,put,495.0,0.0,0.0,0.92,111.0,0.46,0.11,1.0,,,,,,,2026-08-28,571.835,589.035,571.525,577.9,411753.0,579.376165
2026-08-28T20:31:06.801,2,3,META260831P00497500,META,2026-08-31,put,497.5,0.0,0.0,0.95,127.0,0.475,0.1,1.0,,,,,,,2026-08-28,571.835,589.035,571.525,577.9,411753.0,579.376165
2026-08-28T20:31:06.801,2,3,META260831P00500000,META,2026-08-31,put,500.0,0.0,0.0,0.04,1.0,0.02,0.02,1.0,,,,,,,2026-08-28,571.835,589.035,571.525,577.9,411753.0,579.376165
2026-08-28T20:31:06.801,2,3,META260831P00502500,META,2026-08-31,put,502.5,0.0,0.0,0.5,203.0,0.25,0.06,2.0,,,,,,,2026-08-28,571.835,589.035,571.525,577.9,411753.0,579.376165
2026-08-28T20:31:06.801,2,3,META260831P00505000,META,2026-08-31,put,505.0,0.0,0.0,0.53,269.0,0.265,0.11,1.0,,,,,,,2026-08-28,571.835,589.035,571.525,577.9,411753.0,579.376165
2026-08-28T20:31:06.801,2,3,META260831P00507500,META,2026-08-31,put,507.5,0.0,0.0,0.08,206.0,0.04,0.01,1.0,,,,,,,2026-08-28,571.835,589.035,571.525,577.9,411753.0,579.376165
2026-08-28T20:31:06.801,2,3,META260831P00510000,META,2026-08-31,put,510.0,0.01,12.0,0.06,65.0,0.034999999999999996,0.01,1.0,0.5246,-0.0041,0.0004,-0.0546,0.0063,-0.0002,2026-08-28,571.835,589.035,571.525,577.9,411753.0,579.376165
2026-08-28T20:31:06.801,2,3,META260831P00512500,META,2026-08-31,put,512.5,0.01,8.0,0.03,137.0,0.02,0.03,1.0,0.4779,-0.0026,0.0003,-0.0339,0.0043,-0.0001,2026-08-28,571.835,589.035,571.525,577.9,411753.0,579.376165
2026-08-28T20:31:06.801,2,3,META260831P00515000,META,2026-08-31,put,515.0,0.03,29.0,0.05,139.0,0.04,0.03,1.0,0.4947,-0.0048,0.0005,-0.0603,0.0073,-0.0002,2026-08-28,571.835,589.035,571.525,577.9,411753.0,579.376165
2026-08-28T20:31:06.801,2,3,META260831P00517500,META,2026-08-31,put,517.5,0.03,30.0,0.05,106.0,0.04,0.04,10.0,0.476,-0.005,0.0006,-0.0599,0.0076,-0.0002,2026-08-28,571.835,589.035,571.525,577.9,411753.0,579.376165
2026-08-28T20:31:06.801,2,3,META260831P00520000,META,2026-08-31,put,520.0,0.03,48.0,0.07,116.0,0.05,0.03,10.0,0.469,-0.0062,0.0007,-0.0716,0.0092,-0.0003,2026-08-28,571.835,589.035,571.525,577.9,411753.0,579.376165
2026-08-28T20:31:06.801,2,3,META260831P00522500,META,2026-08-31,put,522.5,0.01,52.0,0.05,77.0,0.030000000000000002,0.04,1.0,0.425,-0.0043,0.0006,-0.0464,0.0066,-0.0002,2026-08-28,571.835,589.035,571.525,577.9,411753.0,579.376165
2026-08-28T20:31:06.801,2,3,META260831P00525000,META,2026-08-31,put,525.0,0.02,15.0,0.07,61.0,0.045000000000000005,0.06,1.0,0.4257,-0.0062,0.0008,-0.0645,0.0091,-0.0003,2026-08-28,571.835,589.035,571.525,577.9,411753.0,579.376165
2026-08-28T20:31:06.801,2,3,META260831P00527500,META,2026-08-31,put,527.5,0.03,13.0,0.09,50.0,0.06,0.03,1.0,0.4211,-0.0081,0.001,-0.0811,0.0116,-0.0004,2026-08-28,571.835,589.035,571.525,577.9,411753.0,579.376165
2026-08-28T20:31:06.801,2,3,META260831P00530000,META,2026-08-31,put,530.0,0.01,52.0,0.05,82.0,0.030000000000000002,0.06,9.0,0.3706,-0.0049,0.0007,-0.0453,0.0074,-0.0002,2026-08-28,571.835,589.035,571.525,577.9,411753.0,579.376165
2026-08-28T20:31:06.801,2,3,META260831P00532500,META,2026-08-31,put,532.5,0.01,129.0,0.05,124.0,0.030000000000000002,0.07,1.0,0.3525,-0.0051,0.0008,-0.0449,0.0077,-0.0002,2026-08-28,571.835,589.035,571.525,577.9,411753.0,579.376165
2026-08-28T20:31:06.801,2,3,META260831P00535000,META,2026-08-31,put,535.0,0.03,3.0,0.05,50.0,0.04,0.05,3.0,0.3455,-0.0067,0.001,-0.0564,0.0099,-0.0003,2026-08-28,571.835,589.035,571.525,577.9,411753.0,579.376165
2026-08-28T20:31:06.801,2,3,META260831P00537500,META,2026-08-31,put,537.5,0.03,58.0,0.08,74.0,0.055,0.08,1.0,0.3399,-0.0091,0.0014,-0.0724,0.0129,-0.0004,2026-08-28,571.835,589.035,571.525,577.9,411753.0,579.376165
2026-08-28T20:31:06.801,2,3,META260831P00540000,META,2026-08-31,put,540.0,0.03,49.0,0.09,98.0,0.06,0.06,85.0,0.3242,-0.0103,0.0016,-0.0768,0.0143,-0.0005,2026-08-28,571.835,589.035,571.525,577.9,411753.0,579.376165
2026-08-28T20:31:06.801,2,3,META260831P00542500,META,2026-08-31,put,542.5,0.01,65.0,0.09,36.0,0.049999999999999996,0.07,1.0,0.2977,-0.0094,0.0016,-0.0653,0.0133,-0.0005,2026-08-28,571.835,589.035,571.525,577.9,411753.0,579.376165
2026-08-28T20:31:06.801,2,3,META260831P00545000,META,2026-08-31,put,545.0,0.09,50.0,0.13,46.0,0.11,0.09,1.0,0.3107,-0.0184,0.0028,-0.1214,0.0236,-0.0009,2026-08-28,571.835,589.035,571.525,577.9,411753.0,579.376165
2026-08-28T20:31:06.801,2,3,META260831P00547500,META,2026-08-31,put,547.5,0.06,47.0,0.17,112.0,0.115,0.12,1.0,0.2918,-0.0203,0.0032,-0.1236,0.0257,-0.001,2026-08-28,571.835,589.035,571.525,577.9,411753.0,579.376165
2026-08-28T20:31:06.801,2,3,META260831P00550000,META,2026-08-31,put,550.0,0.09,40.0,0.13,74.0,0.11,0.12,1.0,0.2688,-0.021,0.0036,-0.1171,0.0264,-0.001,2026-08-28,571.835,589.035,571.525,577.9,411753.0,579.376165
2026-08-28T20:31:06.801,2,3,META260831P00552500,META,2026-08-31,put,552.5,0.09,80.0,0.28,50.0,0.185,0.16,1.0,0.2703,-0.033,0.0052,-0.1718,0.0386,-0.0016,2026-08-28,571.835,589.035,571.525,577.9,411753.0,579.376165
2026-08-28T20:31:06.801,2,3,META260831P00555000,META,2026-08-31,put,555.0,0.14,157.0,0.27,14.0,0.20500000000000002,0.25,1.0,0.2523,-0.0384,0.0063,-0.1812,0.0436,-0.0018,2026-08-28,571.835,589.035,571.525,577.9,411753.0,579.376165
2026-08-28T20:31:06.801,2,3,META260831P00557500,META,2026-08-31,put,557.5,0.21,116.0,0.37,85.0,0.29,0.31,1.0,0.2455,-0.053,0.0084,-0.2285,0.0566,-0.0025,2026-08-28,571.835,589.035,571.525,577.9,411753.0,579.376165
2026-08-28T20:31:06.801,2,3,META260831P00560000,META,2026-08-31,put,560.0,0.38,269.0,0.46,20.0,0.42000000000000004,0.4,1.0,0.2402,-0.0741,0.0111,-0.2897,0.0734,-0.0036,2026-08-28,571.835,589.035,571.525,577.9,411753.0,579.376165
2026-08-28T20:31:06.801,2,3,META260831P00562500,META,2026-08-31,put,562.5,0.61,17.0,0.71,42.0,0.6599999999999999,0.67,1.0,0.2409,-0.1078,0.0147,-0.3834,0.0971,-0.0052,2026-08-28,571.835,589.035,571.525,577.9,411753.0,579.376165
2026-08-28T20:31:06.801,2,3,META260831P00565000,META,2026-08-31,put,565.0,0.87,72.0,1.0,1.0,0.935,0.95,1.0,0.2362,-0.1456,0.0185,-0.4627,0.1197,-0.007,2026-08-28,571.835,589.035,571.525,577.9,411753.0,579.376165
2026-08-28T20:31:06.801,2,3,META260831P00567500,META,2026-08-31,put,567.5,1.32,59.0,1.61,3.0,1.465,1.38,1.0,0.2422,-0.2037,0.0223,-0.5865,0.1482,-0.0098,2026-08-28,571.835,589.035,571.525,577.9,411753.0,579.376165
2026-08-28T20:31:06.801,2,3,META260831P00570000,META,2026-08-31,put,570.0,1.82,30.0,2.06,1.0,1.94,1.94,1.0,0.2349,-0.2587,0.0263,-0.6481,0.1694,-0.0124,2026-08-28,571.835,589.035,571.525,577.9,411753.0,579.376165
2026-08-28T20:31:06.801,2,3,META260831P00572500,META,2026-08-31,put,572.5,2.45,179.0,2.77,27.0,2.6100000000000003,2.62,1.0,0.2305,-0.3265,0.0299,-0.7065,0.1888,-0.0157,2026-08-28,571.835,589.035,571.525,577.9,411753.0,579.376165
2026-08-28T20:31:06.801,2,3,META260831P00575000,META,2026-08-31,put,575.0,3.35,116.0,3.74,30.0,3.545,3.5,1.0,0.2307,-0.4047,0.0321,-0.7565,0.2029,-0.0195,2026-08-28,571.835,589.035,571.525,577.9,411753.0,579.376165
2026-08-28T20:31:06.801,2,3,META260831P00577500,META,2026-08-31,put,577.5,4.41,181.0,5.08,51.0,4.745,4.8,1.0,0.2338,-0.4866,0.0326,-0.7853,0.2088,-0.0235,2026-08-28,571.835,589.035,571.525,577.9,411753.0,579.376165
2026-08-28T20:31:06.801,2,3,META260831P00580000,META,2026-08-31,put,580.0,5.62,65.0,6.2,21.0,5.91,5.7,1.0,0.2254,-0.5704,0.0333,-0.7391,0.2056,-0.0276,2026-08-28,571.835,589.035,571.525,577.9,411753.0,579.376165
2026-08-28T20:31:06.801,2,3,META260831P00582500,META,2026-08-31,put,582.5,7.14,63.0,8.31,37.0,7.725,8.25,1.0,0.2392,-0.6422,0.0298,-0.7416,0.1955,-0.0311,2026-08-28,571.835,589.035,571.525,577.9,411753.0,579.376165
2026-08-28T20:31:06.801,2,3,META260831P00585000,META,2026-08-31,put,585.0,8.78,60.0,9.83,35.0,9.305,9.0,2.0,0.2316,-0.7193,0.0278,-0.639,0.1765,-0.0349,2026-08-28,571.835,589.035,571.525,577.9,411753.0,579.376165
2026-08-28T20:31:06.801,2,3,META260831P00587500,META,2026-08-31,put,587.5,10.55,76.0,11.94,37.0,11.245000000000001,11.05,1.0,0.2345,-0.7806,0.0241,-0.5589,0.1548,-0.038,2026-08-28,571.835,589.035,571.525,577.9,411753.0,579.376165
2026-08-28T20:31:06.801,2,3,META260831P00590000,META,2026-08-31,put,590.0,12.53,98.0,14.15,49.0,13.34,13.75,10.0,0.239,-0.8302,0.0202,-0.4784,0.1324,-0.0405,2026-08-28,571.835,589.035,571.525,577.9,411753.0,579.376165
2026-08-28T20:31:06.801,2,3,META260831P00592500,META,2026-08-31,put,592.5,14.39,50.0,16.309,35.0,15.3495,16.309,1.0,0.226,-0.8884,0.0161,-0.3221,0.0995,-0.0434,2026-08-28,571.835,589.035,571.525,577.9,411753.0,579.376165
2026-08-28T20:31:06.801,2,3,META260831P00595000,META,2026-08-31,put,595.0,14.7,72.0,19.52,37.0,17.11,19.74,12.0,,,,,,,2026-08-28,571.835,589.035,571.525,577.9,411753.0,579.376165
2026-08-28T20:31:06.801,2,3,META260831P00597500,META,2026-08-31,put,597.5,16.07,15.0,23.45,15.0,19.759999999999998,20.33,1.0,0.1696,-0.9852,0.0042,0.0031,0.0196,-0.0484,2026-08-28,571.835,589.035,571.525,577.9,411753.0,579.376165
2026-08-28T20:31:06.801,2,3,META260831P00600000,META,2026-08-31,put,600.0,20.88,38.0,23.19,29.0,22.035,22.07,1.0,,,,,,,2026-08-28,571.835,589.035,571.525,577.9,411753.0,579.376165
2026-08-28T20:31:06.801,2,3,META260831P00602500,META,2026-08-31,put,602.5,22.48,18.0,28.61,13.0,25.545,23.24,5.0,0.3519,-0.9027,0.0093,-0.4737,0.0901,-0.045,2026-08-28,571.835,589.035,571.525,577.9,411753.0,579.376165
2026-08-28T20:31:06.801,2,3,META260831P00605000,META,2026-08-31,put,605.0,23.25,19.0,30.54,19.0,26.895,28.15,18.0,,,,,,,2026-08-28,571.835,589.035,571.525,577.9,411753.0,579.376165
2026-08-28T20:31:06.801,2,3,META260831P00607500,META,2026-08-31,put,607.5,27.99,17.0,32.78,11.0,30.384999999999998,32.59,1.0,0.3819,-0.9239,0.0072,-0.421,0.075,-0.0464,2026-08-28,571.835,589.035,571.525,577.9,411753.0,579.376165
2026-08-28T20:31:06.801,2,3,META260831P00610000,META,2026-08-31,put,610.0,28.8,57.0,35.33,57.0,32.065,25.02,1.0,,,,,,,2026-08-28,571.835,589.035,571.525,577.9,411753.0,579.376165
2026-08-28T20:31:06.801,2,3,META260831P00612500,META,2026-08-31,put,612.5,31.23,27.0,38.2,34.0,34.715,26.19,1.0,0.2201,-0.9982,0.0005,0.0499,0.003,-0.0502,2026-08-28,571.835,589.035,571.525,577.9,411753.0,579.376165
2026-08-28T20:31:06.801,2,3,META260831P00615000,META,2026-08-31,put,615.0,33.22,14.0,40.38,24.0,36.8,59.85,1.0,,,,,,,2026-08-28,571.835,589.035,571.525,577.9,411753.0,579.376165
2026-08-28T20:31:06.801,2,3,META260831P00617500,META,2026-08-31,put,617.5,36.58,12.0,43.68,10.0,40.129999999999995,62.15,1.0,0.4305,-0.9539,0.0043,-0.3041,0.0506,-0.0486,2026-08-28,571.835,589.035,571.525,577.9,411753.0,579.376165
2026-08-28T20:31:06.801,2,3,META260831P00620000,META,2026-08-31,put,620.0,37.89,12.0,46.05,9.0,41.97,47.55,1.0,,,,,,,2026-08-28,571.835,589.035,571.525,577.9,411753.0,579.376165
2026-08-28T20:31:06.801,2,3,META260831P00622500,META,2026-08-31,put,622.5,40.58,16.0,48.88,12.0,44.730000000000004,,,0.3145,-0.9953,0.0008,0.0245,0.0071,-0.0509,2026-08-28,571.835,589.035,571.525,577.9,411753.0,579.376165
2026-08-28T20:31:06.801,2,3,META260831P00625000,META,2026-08-31,put,625.0,43.27,22.0,50.51,22.0,46.89,50.5,1.0,,,,,,,2026-08-28,571.835,589.035,571.525,577.9,411753.0,579.376165
2026-08-28T20:31:06.801,2,3,META260831P00627500,META,2026-08-31,put,627.5,47.41,31.0,51.93,27.0,49.67,42.99,1.0,,,,,,,2026-08-28,571.835,589.035,571.525,577.9,411753.0,579.376165
2026-08-28T20:31:06.801,2,3,META260831P00630000,META,2026-08-31,put,630.0,48.79,15.0,55.16,12.0,51.974999999999994,,,,,,,,,2026-08-28,571.835,589.035,571.525,577.9,411753.0,579.376165
2026-08-28T20:31:06.801,2,3,META260831P00632500,META,2026-08-31,put,632.5,51.89,12.0,57.53,8.0,54.71,,,0.3323,-0.9986,0.0003,0.0496,0.0024,-0.0519,2026-08-28,571.835,589.035,571.525,577.9,411753.0,579.376165
2026-08-28T20:31:06.801,2,3,META260831P00635000,META,2026-08-31,put,635.0,53.54,16.0,59.69,12.0,56.614999999999995,,,,,,,,,2026-08-28,571.835,589.035,571.525,577.9,411753.0,579.376165
2026-08-28T20:31:06.801,2,3,META260831P00637500,META,2026-08-31,put,637.5,55.94,8.0,62.44,12.0,59.19,,,,,,,,,2026-08-28,571.835,589.035,571.525,577.9,411753.0,579.376165
2026-08-28T20:31:06.801,2,3,META260831P00640000,META,2026-08-31,put,640.0,58.96,17.0,65.65,27.0,62.30500000000001,67.22,7.0,0.4937,-0.9882,0.0012,-0.0699,0.0162,-0.052,2026-08-28,571.835,589.035,571.525,577.9,411753.0,579.376165
2026-08-28T20:31:06.801,2,3,META260831P00642500,META,2026-08-31,put,642.5,60.6,13.0,66.71,17.0,63.655,,,,,,,,,2026-08-28,571.835,589.035,571.525,577.9,411753.0,579.376165
2026-08-28T20:31:06.801,2,3,META260831P00645000,META,2026-08-31,put,645.0,63.64,8.0,71.5,13.0,67.57,75.97,8.0,0.6333,-0.9705,0.002,-0.3084,0.0351,-0.0516,2026-08-28,571.835,589.035,571.525,577.9,411753.0,579.376165
2026-08-28T20:31:06.801,2,3,META260831P00650000,META,2026-08-31,put,650.0,68.44,34.0,76.54,31.0,72.49000000000001,74.19,1.0,0.6448,-0.9765,0.0016,-0.2493,0.0291,-0.0523,2026-08-28,571.835,589.035,571.525,577.9,411753.0,579.376165
2026-08-28T20:31:06.801,2,3,META260831P00655000,META,2026-08-31,put,655.0,73.58,12.0,80.54,15.0,77.06,,,,,,,,,2026-08-28,571.835,589.035,571.525,577.9,411753.0,579.376165
2026-08-28T20:31:06.801,2,3,META260831P00660000,META,2026-08-31,put,660.0,77.62,10.0,83.78,12.0,80.7,,,,,,,,,2026-08-28,571.835,589.035,571.525,577.9,411753.0,579.376165
2026-08-28T20:31:06.801,2,3,META260831P00665000,META,2026-08-31,put,665.0,84.73,12.0,91.09,15.0,87.91,,,0.8674,-0.9598,0.0019,-0.5907,0.0453,-0.0528,2026-08-28,571.835,589.035,571.525,577.9,411753.0,579.376165
2026-08-28T20:31:06.801,2,3,META260831P00670000,META,2026-08-31,put,670.0,87.59,13.0,95.42,17.0,91.505,,,,,,,,,2026-08-28,571.835,589.035,571.525,577.9,411753.0,579.376165
2026-08-28T20:31:06.801,2,3,META260831P00675000,META,2026-08-31,put,675.0,92.76,13.0,100.26,8.0,96.51,,,,,,,,,2026-08-28,571.835,589.035,571.525,577.9,411753.0,579.376165
2026-08-28T20:31:06.801,2,3,META260831P00680000,META,2026-08-31,put,680.0,98.89,13.0,105.87,18.0,102.38,,,0.7981,-0.9866,0.0008,-0.1719,0.018,-0.0553,2026-08-28,571.835,589.035,571.525,577.9,411753.0,579.376165
2026-08-28T20:31:06.801,2,3,META260831P00685000,META,2026-08-31,put,685.0,105.85,13.0,109.95,12.0,107.9,,,,,,,,,2026-08-28,571.835,589.035,571.525,577.9,411753.0,579.376165
2026-08-28T20:31:06.801,2,3,META260831P00690000,META,2026-08-31,put,690.0,108.03,13.0,113.19,12.0,110.61,,,,,,,,,2026-08-28,571.835,589.035,571.525,577.9,411753.0,579.376165
2026-08-28T20:31:06.801,2,3,META260831P00695000,META,2026-08-31,put,695.0,113.2,15.0,118.11,13.0,115.655,,,,,,,,,2026-08-28,571.835,589.035,571.525,577.9,411753.0,579.376165
2026-08-28T20:31:06.801,2,3,META260831P00700000,META,2026-08-31,put,700.0,118.29,8.0,123.58,7.0,120.935,,,,,,,,,2026-08-28,571.835,589.035,571.525,577.9,411753.0,579.376165
2026-08-28T20:31:06.801,2,3,META260831P00705000,META,2026-08-31,put,705.0,122.55,16.0,130.53,12.0,126.53999999999999,,,,,,,,,2026-08-28,571.835,589.035,571.525,577.9,411753.0,579.376165
2026-08-28T20:31:06.801,2,3,META260831P00710000,META,2026-08-31,put,710.0,127.72,8.0,136.88,6.0,132.3,,,,,,,,,2026-08-28,571.835,589.035,571.525,577.9,411753.0,579.376165
2026-08-28T20:31:06.801,2,3,META260831P00715000,META,2026-08-31,put,715.0,134.09,13.0,139.26,12.0,136.675,,,,,,,,,2026-08-28,571.835,589.035,571.525,577.9,411753.0,579.376165
2026-08-28T20:31:06.801,2,3,META260831P00720000,META,2026-08-31,put,720.0,137.63,22.0,143.09,12.0,140.36,,,,,,,,,2026-08-28,571.835,589.035,571.525,577.9,411753.0,579.376165
2026-08-28T20:31:06.801,2,3,META260831P00725000,META,2026-08-31,put,725.0,140.79,13.0,149.61,19.0,145.2,,,,,,,,,2026-08-28,571.835,589.035,571.525,577.9,411753.0,579.376165
2026-08-28T20:31:06.801,2,3,META260831P00730000,META,2026-08-31,put,730.0,146.44,2.0,157.79,1.0,152.115,,,,,,,,,2026-08-28,571.835,589.035,571.525,577.9,411753.0,579.376165
2026-08-28T20:31:06.801,2,3,META260831P00735000,META,2026-08-31,put,735.0,153.65,21.0,159.86,12.0,156.755,,,,,,,,,2026-08-28,571.835,589.035,571.525,577.9,411753.0,579.376165
2026-08-28T20:31:06.801,2,3,META260831P00740000,META,2026-08-31,put,740.0,156.61,5.0,163.5,8.0,160.055,,,,,,,,,2026-08-28,571.835,589.035,571.525,577.9,411753.0,579.376165
2026-08-28T20:31:06.801,2,3,META260831P00745000,META,2026-08-31,put,745.0,161.76,8.0,169.79,8.0,165.77499999999998,,,,,,,,,2026-08-28,571.835,589.035,571.525,577.9,411753.0,579.376165
2026-08-28T20:31:06.801,2,3,META260831P00750000,META,2026-08-31,put,750.0,166.23,4.0,177.15,7.0,171.69,,,,,,,,,2026-08-28,571.835,589.035,571.525,577.9,411753.0,579.376165
2026-08-28T20:31:06.801,2,3,META260831P00755000,META,2026-08-31,put,755.0,170.82,6.0,177.83,11.0,174.325,,,,,,,,,2026-08-28,571.835,589.035,571.525,577.9,411753.0,579.376165
2026-08-28T20:31:06.801,2,3,META260831P00760000,META,2026-08-31,put,760.0,176.13,12.0,186.17,9.0,181.14999999999998,,,,,,,,,2026-08-28,571.835,589.035,571.525,577.9,411753.0,579.376165
2026-08-28T20:31:06.801,2,3,META260831P00765000,META,2026-08-31,put,765.0,183.67,6.0,193.61,6.0,188.64,,,,,,,,,2026-08-28,571.835,589.035,571.525,577.9,411753.0,579.376165
2026-08-28T20:31:06.801,2,3,META260831P00770000,META,2026-08-31,put,770.0,185.1,7.0,192.52,7.0,188.81,,,,,,,,,2026-08-28,571.835,589.035,571.525,577.9,411753.0,579.376165
2026-08-28T20:31:06.801,2,3,META260831P00775000,META,2026-08-31,put,775.0,194.51,4.0,200.76,5.0,197.635,,,,,,,,,2026-08-28,571.835,589.035,571.525,577.9,411753.0,579.376165
2026-08-28T20:31:06.801,2,3,META260831P00780000,META,2026-08-31,put,780.0,198.47,9.0,204.26,9.0,201.365,,,,,,,,,2026-08-28,571.835,589.035,571.525,577.9,411753.0,579.376165
2026-08-28T20:31:06.801,2,3,META260831P00785000,META,2026-08-31,put,785.0,205.44,9.0,206.77,9.0,206.10500000000002,,,,,,,,,2026-08-28,571.835,589.035,571.525,577.9,411753.0,579.376165
2026-08-28T20:31:06.801,2,3,META260831P00790000,META,2026-08-31,put,790.0,207.21,13.0,217.67,8.0,212.44,,,,,,,,,2026-08-28,571.835,589.035,571.525,577.9,411753.0,579.376165
2026-08-28T20:31:06.801,2,3,META260831P00795000,META,2026-08-31,put,795.0,210.85,2.0,223.1,4.0,216.975,,,,,,,,,2026-08-28,571.835,589.035,571.525,577.9,411753.0,579.376165
2026-08-28T20:31:06.801,2,3,META260831P00800000,META,2026-08-31,put,800.0,221.77,20.0,225.14,10.0,223.45499999999998,,,,,,,,,2026-08-28,571.835,589.035,571.525,577.9,411753.0,579.376165
2026-08-28T20:31:06.801,2,3,META260831P00805000,META,2026-08-31,put,805.0,222.15,9.0,228.84,7.0,225.495,,,,,,,,,2026-08-28,571.835,589.035,571.525,577.9,411753.0,579.376165
2026-08-28T20:31:06.801,2,3,META260831P00810000,META,2026-08-31,put,810.0,225.45,8.0,234.22,8.0,229.83499999999998,,,,,,,,,2026-08-28,571.835,589.035,571.525,577.9,411753.0,579.376165
2026-08-28T20:31:06.801,2,3,META260831P00815000,META,2026-08-31,put,815.0,236.74,17.0,239.87,18.0,238.305,,,,,,,,,2026-08-28,571.835,589.035,571.525,577.9,411753.0,579.376165
2026-08-28T20:31:06.801,2,3,META260831P00820000,META,2026-08-31,put,820.0,236.12,23.0,244.99,20.0,240.555,,,,,,,,,2026-08-28,571.835,589.035,571.525,577.9,411753.0,579.376165
2026-08-28T20:31:06.801,2,3,META260831P00825000,META,2026-08-31,put,825.0,243.95,25.0,247.08,25.0,245.515,,,,,,,,,2026-08-28,571.835,589.035,571.525,577.9,411753.0,579.376165
2026-08-28T20:31:06.801,2,3,META260831P00830000,META,2026-08-31,put,830.0,253.1,19.0,260.399,23.0,256.7495,,,,,,,,,2026-08-28,571.835,589.035,571.525,577.9,411753.0,579.376165
2026-08-28T20:31:06.801,2,3,META260831P00835000,META,2026-08-31,put,835.0,250.48,16.0,259.12,15.0,254.8,,,,,,,,,2026-08-28,571.835,589.035,571.525,577.9,411753.0,579.376165
2026-08-28T20:31:06.801,2,3,META260831P00840000,META,2026-08-31,put,840.0,261.649,18.0,264.77,20.0,263.2095,,,,,,,,,2026-08-28,571.835,589.035,571.525,577.9,411753.0,579.376165
2026-08-28T20:31:06.801,2,3,META260831P00845000,META,2026-08-31,put,845.0,266.68,24.0,268.38,23.0,267.53,,,,,,,,,2026-08-28,571.835,589.035,571.525,577.9,411753.0,579.376165
2026-08-28T20:31:06.801,2,3,META260831P00850000,META,2026-08-31,put,850.0,267.95,13.0,272.98,9.0,270.46500000000003,,,,,,,,,2026-08-28,571.835,589.035,571.525,577.9,411753.0,579.376165
2026-08-28T20:31:06.801,2,3,META260831P00855000,META,2026-08-31,put,855.0,273.29,18.0,280.27,18.0,276.78,,,,,,,,,2026-08-28,571.835,589.035,571.525,577.9,411753.0,579.376165
2026-08-28T20:31:06.801,2,3,META260831P00860000,META,2026-08-31,put,860.0,277.72,13.0,288.92,14.0,283.32000000000005,,,,,,,,,2026-08-28,571.835,589.035,571.525,577.9,411753.0,579.376165
2026-08-28T20:31:06.801,2,3,META260831P00865000,META,2026-08-31,put,865.0,285.33,12.0,293.76,12.0,289.54499999999996,,,,,,,,,2026-08-28,571.835,589.035,571.525,577.9,411753.0,579.376165
2026-08-28T20:31:06.801,2,3,META260831P00870000,META,2026-08-31,put,870.0,282.78,16.0,297.25,19.0,290.015,,,,,,,,,2026-08-28,571.835,589.035,571.525,577.9,411753.0,579.376165
2026-08-28T20:31:06.801,2,3,META260831P00875000,META,2026-08-31,put,875.0,295.21,3.0,303.6,3.0,299.405,,,,,,,,,2026-08-28,571.835,589.035,571.525,577.9,411753.0,579.376165
2026-08-28T20:31:06.801,2,3,META260831P00880000,META,2026-08-31,put,880.0,298.83,7.0,303.6,5.0,301.21500000000003,,,,,,,,,2026-08-28,571.835,589.035,571.525,577.9,411753.0,579.376165
2026-08-28T20:31:06.801,2,3,META260831P00885000,META,2026-08-31,put,885.0,298.88,8.0,304.84,7.0,301.86,,,,,,,,,2026-08-28,571.835,589.035,571.525,577.9,411753.0,579.376165
2026-08-28T20:31:06.801,2,3,META260831P00890000,META,2026-08-31,put,890.0,313.76,20.0,320.41,7.0,317.08500000000004,,,,,,,,,2026-08-28,571.835,589.035,571.525,577.9,411753.0,579.376165
2026-08-28T20:31:06.801,2,3,META260831P00895000,META,2026-08-31,put,895.0,308.35,7.0,326.53,7.0,317.44,,,,,,,,,2026-08-28,571.835,589.035,571.525,577.9,411753.0,579.376165
2026-08-28T20:31:06.801,2,3,META260831P00900000,META,2026-08-31,put,900.0,314.17,8.0,324.01,5.0,319.09000000000003,,,,,,,,,2026-08-28,571.835,589.035,571.525,577.9,411753.0,579.376165
2026-08-28T20:31:06.801,7,5,META260902C00400000,META,2026-09-02,call,400.0,176.61,18.0,181.63,10.0,179.12,146.9,1.0,,,,,,,2026-08-28,571.835,589.035,571.525,577.9,411753.0,579.376165
2026-08-28T20:31:06.801,7,5,META260902C00405000,META,2026-09-02,call,405.0,170.38,1.0,176.67,17.0,173.52499999999998,,,,,,,,,2026-08-28,571.835,589.035,571.525,577.9,411753.0,579.376165
2026-08-28T20:31:06.801,7,5,META260902C00410000,META,2026-09-02,call,410.0,164.36,25.0,174.18,12.0,169.27,,,,,,,,,2026-08-28,571.835,589.035,571.525,577.9,411753.0,579.376165
2026-08-28T20:31:06.801,7,5,META260902C00415000,META,2026-09-02,call,415.0,157.52,6.0,170.14,6.0,163.82999999999998,,,,,,,,,2026-08-28,571.835,589.035,571.525,577.9,411753.0,579.376165
2026-08-28T20:31:06.801,7,5,META260902C00420000,META,2026-09-02,call,420.0,156.06,25.0,162.59,20.0,159.325,,,,,,,,,2026-08-28,571.835,589.035,571.525,577.9,411753.0,579.376165
2026-08-28T20:31:06.801,7,5,META260902C00425000,META,2026-09-02,call,425.0,150.04,5.0,154.5,12.0,152.26999999999998,,,,,,,,,2026-08-28,571.835,589.035,571.525,577.9,411753.0,579.376165
2026-08-28T20:31:06.801,7,5,META260902C00430000,META,2026-09-02,call,430.0,146.31,11.0,150.1,11.0,148.20499999999998,,,,,,,,,2026-08-28,571.835,589.035,571.525,577.9,411753.0,579.376165
2026-08-28T20:31:06.801,7,5,META260902C00435000,META,2026-09-02,call,435.0,140.57,4.0,145.98,5.0,143.27499999999998,,,,,,,,,2026-08-28,571.835,589.035,571.525,577.9,411753.0,579.376165
2026-08-28T20:31:06.801,7,5,META260902C00440000,META,2026-09-02,call,440.0,135.66,11.0,141.92,12.0,138.79,,,,,,,,,2026-08-28,571.835,589.035,571.525,577.9,411753.0,579.376165
2026-08-28T20:31:06.801,7,5,META260902C00445000,META,2026-09-02,call,445.0,128.919,6.0,136.09,19.0,132.5045,,,,,,,,,2026-08-28,571.835,589.035,571.525,577.9,411753.0,579.376165
2026-08-28T20:31:06.801,7,5,META260902C00450000,META,2026-09-02,call,450.0,126.88,8.0,130.35,6.0,128.615,,,,,,,,,2026-08-28,571.835,589.035,571.525,577.9,411753.0,579.376165
2026-08-28T20:31:06.801,7,5,META260902C00460000,META,2026-09-02,call,460.0,112.93,15.0,122.94,11.0,117.935,,,0.7834,0.9944,0.0003,-0.1306,0.0109,0.0625,2026-08-28,571.835,589.035,571.525,577.9,411753.0,579.376165
2026-08-28T20:31:06.801,7,5,META260902C00465000,META,2026-09-02,call,465.0,108.45,11.0,117.46,25.0,112.955,,,0.7646,0.9933,0.0004,-0.1427,0.0127,0.0631,2026-08-28,571.835,589.035,571.525,577.9,411753.0,579.376165
2026-08-28T20:31:06.801,7,5,META260902C00470000,META,2026-09-02,call,470.0,104.97,11.0,109.44,11.0,107.205,74.35,1.0,,,,,,,2026-08-28,571.835,589.035,571.525,577.9,411753.0,579.376165
2026-08-28T20:31:06.801,7,5,META260902C00475000,META,2026-09-02,call,475.0,101.04,21.0,107.32,23.0,104.18,,,1.0237,0.9551,0.0014,-0.6994,0.064,0.0613,2026-08-28,571.835,589.035,571.525,577.9,411753.0,579.376165
2026-08-28T20:31:06.801,7,5,META260902C00480000,META,2026-09-02,call,480.0,96.87,30.0,99.8,20.0,98.33500000000001,73.43,1.0,0.8139,0.977,0.001,-0.3459,0.0368,0.0638,2026-08-28,571.835,589.035,571.525,577.9,411753.0,579.376165
2026-08-28T20:31:06.801,7,5,META260902C00482500,META,2026-09-02,call,482.5,93.06,11.0,101.0,11.0,97.03,72.1,1.0,1.005,0.9444,0.0017,-0.8073,0.0759,0.0614,2026-08-28,571.835,589.035,571.525,577.9,411753.0,579.376165
2026-08-28T20:31:06.801,7,5,META260902C00485000,META,2026-09-02,call,485.0,90.3,13.0,95.29,16.0,92.795,69.62,1.0,,,,,,,2026-08-28,571.835,589.035,571.525,577.9,411753.0,579.376165
2026-08-28T20:31:06.801,7,5,META260902C00487500,META,2026-09-02,call,487.5,89.01,31.0,95.42,26.0,92.215,77.52,1.0,0.9816,0.938,0.0018,-0.8559,0.0826,0.0616,2026-08-28,571.835,589.035,571.525,577.9,411753.0,579.376165
2026-08-28T20:31:06.801,7,5,META260902C00490000,META,2026-09-02,call,490.0,84.45,16.0,92.57,16.0,88.50999999999999,75.22,1.0,0.7754,0.9688,0.0013,-0.4155,0.0475,0.0645,2026-08-28,571.835,589.035,571.525,577.9,411753.0,579.376165
2026-08-28T20:31:06.801,7,5,META260902C00492500,META,2026-09-02,call,492.5,82.32,21.0,87.76,19.0,85.03999999999999,73.69,1.0,,,,,,,2026-08-28,571.835,589.035,571.525,577.9,411753.0,579.376165
2026-08-28T20:31:06.801,7,5,META260902C00495000,META,2026-09-02,call,495.0,78.39,17.0,86.24,21.0,82.315,69.62,1.0,,,,,,,2026-08-28,571.835,589.035,571.525,577.9,411753.0,579.376165
2026-08-28T20:31:06.801,7,5,META260902C00497500,META,2026-09-02,call,497.5,77.9,14.0,83.34,13.0,80.62,68.09,1.0,0.6156,0.9828,0.001,-0.2258,0.0288,0.0667,2026-08-28,571.835,589.035,571.525,577.9,411753.0,579.376165
2026-08-28T20:31:06.801,7,5,META260902C00500000,META,2026-09-02,call,500.0,74.27,72.0,82.86,52.0,78.565,78.0,3.0,0.705,0.9638,0.0017,-0.4266,0.0538,0.0655,2026-08-28,571.835,589.035,571.525,577.9,411753.0,579.376165
2026-08-28T20:31:06.801,7,5,META260902C00502500,META,2026-09-02,call,502.5,71.65,27.0,78.64,19.0,75.14500000000001,78.42,1.0,,,,,,,2026-08-28,571.835,589.035,571.525,577.9,411753.0,579.376165
2026-08-28T20:31:06.801,7,5,META260902C00505000,META,2026-09-02,call,505.0,70.53,32.0,76.97,26.0,73.75,76.06,1.0,0.6952,0.9552,0.002,-0.4912,0.0638,0.0655,2026-08-28,571.835,589.035,571.525,577.9,411753.0,579.376165
2026-08-28T20:31:06.801,7,5,META260902C00507500,META,2026-09-02,call,507.5,68.11,34.0,74.19,39.0,71.15,80.12,1.0,0.6584,0.9577,0.002,-0.4496,0.061,0.066,2026-08-28,571.835,589.035,571.525,577.9,411753.0,579.376165
2026-08-28T20:31:06.801,7,5,META260902C00510000,META,2026-09-02,call,510.0,65.75,30.0,72.5,33.0,69.125,63.17,1.0,0.7044,0.9403,0.0025,-0.6123,0.0802,0.0649,2026-08-28,571.835,589.035,571.525,577.9,411753.0,579.376165
2026-08-28T20:31:06.801,7,5,META260902C00512500,META,2026-09-02,call,512.5,62.44,39.0,67.82,39.0,65.13,61.18,1.0,,,,,,,2026-08-28,571.835,589.035,571.525,577.9,411753.0,579.376165
2026-08-28T20:31:06.801,7,5,META260902C00515000,META,2026-09-02,call,515.0,60.64,15.0,67.78,17.0,64.21000000000001,57.64,1.0,0.6704,0.9342,0.0028,-0.6275,0.0865,0.0651,2026-08-28,571.835,589.035,571.525,577.9,411753.0,579.376165
2026-08-28T20:31:06.801,7,5,META260902C00517500,META,2026-09-02,call,517.5,58.35,21.0,65.42,22.0,61.885000000000005,55.71,1.0,0.6673,0.9268,0.0031,-0.6741,0.0939,0.0649,2026-08-28,571.835,589.035,571.525,577.9,411753.0,579.376165
2026-08-28T20:31:06.801,7,5,META260902C00520000,META,2026-09-02,call,520.0,55.59,21.0,61.5,27.0,58.545,52.73,1.0,0.5396,0.9557,0.0026,-0.3906,0.0633,0.0676,2026-08-28,571.835,589.035,571.525,577.9,411753.0,579.376165
2026-08-28T20:31:06.801,7,5,META260902C00522500,META,2026-09-02,call,522.5,52.71,19.0,59.66,26.0,56.185,50.77,1.0,0.54,0.948,0.0029,-0.4371,0.0719,0.0673,2026-08-28,571.835,589.035,571.525,577.9,411753.0,579.376165
2026-08-28T20:31:06.801,7,5,META260902C00525000,META,2026-09-02,call,525.0,50.01,30.0,58.02,27.0,54.015,51.11,1.0,0.56,0.9328,0.0034,-0.5406,0.0879,0.0664,2026-08-28,571.835,589.035,571.525,577.9,411753.0,579.376165
2026-08-28T20:31:06.801,7,5,META260902C00527500,META,2026-09-02,call,527.5,47.64,31.0,55.12,37.0,51.379999999999995,48.5,1.0,0.5228,0.936,0.0035,-0.4917,0.0847,0.067,2026-08-28,571.835,589.035,571.525,577.9,411753.0,579.376165
2026-08-28T20:31:06.801,7,5,META260902C00530000,META,2026-09-02,call,530.0,44.09,21.0,51.76,25.0,47.925,46.16,1.0,0.3072,0.9923,0.001,-0.0962,0.0143,0.072,2026-08-28,571.835,589.035,571.525,577.9,411753.0,579.376165
2026-08-28T20:31:06.801,7,5,META260902C00532500,META,2026-09-02,call,532.5,43.24,23.0,49.67,22.0,46.455,43.68,1.0,0.4881,0.9279,0.0042,-0.5019,0.0928,0.0671,2026-08-28,571.835,589.035,571.525,577.9,411753.0,579.376165
2026-08-28T20:31:06.801,7,5,META260902C00535000,META,2026-09-02,call,535.0,39.56,21.0,46.6,39.0,43.08,41.2,1.0,0.336,0.9762,0.0025,-0.1792,0.0379,0.0713,2026-08-28,571.835,589.035,571.525,577.9,411753.0,579.376165
2026-08-28T20:31:06.801,7,5,META260902C00537500,META,2026-09-02,call,537.5,37.38,22.0,43.38,33.0,40.38,38.74,1.0,0.2037,0.9989,0.0003,-0.0587,0.0026,0.0735,2026-08-28,571.835,589.035,571.525,577.9,411753.0,579.376165
2026-08-28T20:31:06.801,7,5,META260902C00540000,META,2026-09-02,call,540.0,37.12,57.0,41.62,54.0,39.37,35.9,1.0,0.4603,0.9008,0.0056,-0.591,0.118,0.0659,2026-08-28,571.835,589.035,571.525,577.9,411753.0,579.376165
2026-08-28T20:31:06.801,7,5,META260902C00542500,META,2026-09-02,call,542.5,32.159,29.0,39.79,45.0,35.9745,33.45,1.0,0.3484,0.9418,0.0049,-0.3245,0.0786,0.0696,2026-08-28,571.835,589.035,571.525,577.9,411753.0,579.376165
2026-08-28T20:31:06.801,7,5,META260902C00545000,META,2026-09-02,call,545.0,32.229,32.0,37.4,100.0,34.814499999999995,34.25,1.0,0.4471,0.8741,0.0068,-0.672,0.1398,0.0644,2026-08-28,571.835,589.035,571.525,577.9,411753.0,579.376165
2026-08-28T20:31:06.801,7,5,META260902C00547500,META,2026-09-02,call,547.5,27.63,17.0,35.39,25.0,31.509999999999998,29.4,1.0,0.3609,0.9033,0.007,-0.4667,0.1158,0.0672,2026-08-28,571.835,589.035,571.525,577.9,411753.0,579.376165
2026-08-28T20:31:06.801,7,5,META260902C00550000,META,2026-09-02,call,550.0,26.61,77.0,32.02,138.0,29.315,27.53,1.0,0.3622,0.8826,0.008,-0.5301,0.1331,0.0658,2026-08-28,571.835,589.035,571.525,577.9,411753.0,579.376165
2026-08-28T20:31:06.801,7,5,META260902C00552500,META,2026-09-02,call,552.5,23.64,172.0,30.31,197.0,26.975,25.14,1.0,0.3497,0.8683,0.009,-0.5518,0.1443,0.065,2026-08-28,571.835,589.035,571.525,577.9,411753.0,579.376165
2026-08-28T20:31:06.801,7,5,META260902C00555000,META,2026-09-02,call,555.0,22.82,67.0,26.01,146.0,24.415,22.2,1.0,0.3211,0.8631,0.0101,-0.5229,0.1482,0.065,2026-08-28,571.835,589.035,571.525,577.9,411753.0,579.376165
2026-08-28T20:31:06.801,7,5,META260902C00557500,META,2026-09-02,call,557.5,22.1,16.0,25.63,164.0,23.865000000000002,21.64,6.0,0.4051,0.7828,0.0107,-0.8476,0.1987,0.0587,2026-08-28,571.835,589.035,571.525,577.9,411753.0,579.376165
2026-08-28T20:31:06.801,7,5,META260902C00560000,META,2026-09-02,call,560.0,19.41,41.0,21.5,141.0,20.455,20.07,1.0,0.3297,0.798,0.0126,-0.6718,0.1904,0.0603,2026-08-28,571.835,589.035,571.525,577.9,411753.0,579.376165
2026-08-28T20:31:06.801,7,5,META260902C00562500,META,2026-09-02,call,562.5,16.59,27.0,18.97,49.0,17.78,17.65,3.0,0.2925,0.7898,0.0146,-0.6139,0.1949,0.0601,2026-08-28,571.835,589.035,571.525,577.9,411753.0,579.376165
2026-08-28T20:31:06.801,7,5,META260902C00565000,META,2026-09-02,call,565.0,15.49,39.0,17.28,128.0,16.385,15.63,10.0,0.3156,0.7354,0.0153,-0.739,0.2212,0.0559,2026-08-28,571.835,589.035,571.525,577.9,411753.0,579.376165
2026-08-28T20:31:06.801,7,5,META260902C00567500,META,2026-09-02,call,567.5,14.01,115.0,15.57,123.0,14.79,14.04,15.0,0.3224,0.6914,0.0162,-0.8057,0.238,0.0527,2026-08-28,571.835,589.035,571.525,577.9,411753.0,579.376165
2026-08-28T20:31:06.801,7,5,META260902C00570000,META,2026-09-02,call,570.0,12.16,80.0,13.46,180.0,12.81,13.34,1.0,0.3088,0.6549,0.0176,-0.8057,0.2491,0.0501,2026-08-28,571.835,589.035,571.525,577.9,411753.0,579.376165
2026-08-28T20:31:06.801,7,5,META260902C00572500,META,2026-09-02,call,572.5,10.8,199.0,12.37,249.0,11.585,10.99,1.0,0.3212,0.6058,0.0177,-0.8693,0.2602,0.0463,2026-08-28,571.835,589.035,571.525,577.9,411753.0,579.376165
2026-08-28T20:31:06.801,7,5,META260902C00575000,META,2026-09-02,call,575.0,9.44,5.0,10.0,38.0,9.719999999999999,10.0,1.0,0.3045,0.5631,0.0191,-0.8424,0.2663,0.0432,2026-08-28,571.835,589.035,571.525,577.9,411753.0,579.376165
2026-08-28T20:31:06.801,7,5,META260902C00577500,META,2026-09-02,call,577.5,8.38,37.0,8.9,16.0,8.64,8.72,10.0,0.3131,0.5148,0.0188,-0.8726,0.2695,0.0395,2026-08-28,571.835,589.035,571.525,577.9,411753.0,579.376165
2026-08-28T20:31:06.801,7,5,META260902C00580000,META,2026-09-02,call,580.0,7.25,38.0,7.82,87.0,7.535,7.52,1.0,0.3163,0.4682,0.0186,-0.8765,0.2688,0.036,2026-08-28,571.835,589.035,571.525,577.9,411753.0,579.376165
2026-08-28T20:31:06.801,7,5,META260902C00582500,META,2026-09-02,call,582.5,5.93,200.0,6.64,147.0,6.285,6.42,1.0,0.3097,0.4204,0.0187,-0.8422,0.2643,0.0324,2026-08-28,571.835,589.035,571.525,577.9,411753.0,579.376165
2026-08-28T20:31:06.801,7,5,META260902C00585000,META,2026-09-02,call,585.0,5.13,190.0,5.72,194.0,5.425,5.49,1.0,0.3136,0.3765,0.0179,-0.826,0.2567,0.0291,2026-08-28,571.835,589.035,571.525,577.9,411753.0,579.376165
2026-08-28T20:31:06.801,7,5,META260902C00587500,META,2026-09-02,call,587.5,4.33,65.0,4.7,16.0,4.515000000000001,4.5,1.0,0.3112,0.332,0.0173,-0.7825,0.2454,0.0257,2026-08-28,571.835,589.035,571.525,577.9,411753.0,579.376165
2026-08-28T20:31:06.801,7,5,META260902C00590000,META,2026-09-02,call,590.0,3.79,1.0,3.93,2.0,3.8600000000000003,3.93,1.0,0.3151,0.2934,0.0162,-0.7497,0.2327,0.0227,2026-08-28,571.835,589.035,571.525,577.9,411753.0,579.376165
2026-08-28T20:31:06.801,7,5,META260902C00592500,META,2026-09-02,call,592.5,3.2,13.0,3.57,172.0,3.385,3.35,1.0,0.3233,0.2609,0.0149,-0.725,0.2197,0.0202,2026-08-28,571.835,589.035,571.525,577.9,411753.0,579.376165
2026-08-28T20:31:06.801,7,5,META260902C00595000,META,2026-09-02,call,595.0,2.65,37.0,3.15,225.0,2.9,2.83,1.0,0.3279,0.2294,0.0137,-0.6851,0.205,0.0178,2026-08-28,571.835,589.035,571.525,577.9,411753.0,579.376165
2026-08-28T20:31:06.801,7,5,META260902C00597500,META,2026-09-02,call,597.5,2.22,37.0,2.47,119.0,2.345,2.3,1.0,0.3253,0.1957,0.0126,-0.6186,0.1868,0.0152,2026-08-28,571.835,589.035,571.525,577.9,411753.0,579.376165
2026-08-28T20:31:06.801,7,5,META260902C00600000,META,2026-09-02,call,600.0,1.82,36.0,1.96,2.0,1.8900000000000001,1.93,1.0,0.3237,0.1655,0.0114,-0.5537,0.1682,0.0128,2026-08-28,571.835,589.035,571.525,577.9,411753.0,579.376165
2026-08-28T20:31:06.801,7,5,META260902C00602500,META,2026-09-02,call,602.5,1.56,30.0,1.75,304.0,1.655,1.56,1.0,0.3318,0.1459,0.0102,-0.5216,0.1547,0.0113,2026-08-28,571.835,589.035,571.525,577.9,411753.0,579.376165
2026-08-28T20:31:06.801,7,5,META260902C00605000,META,2026-09-02,call,605.0,1.23,58.0,1.43,54.0,1.33,1.38,1.0,0.331,0.1223,0.0091,-0.4606,0.137,0.0095,2026-08-28,571.835,589.035,571.525,577.9,411753.0,579.376165
2026-08-28T20:31:06.801,7,5,META260902C00607500,META,2026-09-02,call,607.5,1.03,48.0,1.16,118.0,1.095,1.16,1.0,0.3332,0.1036,0.008,-0.4115,0.1217,0.008,2026-08-28,571.835,589.035,571.525,577.9,411753.0,579.376165
2026-08-28T20:31:06.801,7,5,META260902C00610000,META,2026-09-02,call,610.0,0.86,43.0,0.92,2.0,0.89,0.91,1.0,0.3347,0.0868,0.007,-0.3626,0.1069,0.0067,2026-08-28,571.835,589.035,571.525,577.9,411753.0,579.376165
2026-08-28T20:31:06.801,7,5,META260902C00612500,META,2026-09-02,call,612.5,0.73,1.0,0.83,56.0,0.78,0.78,1.0,0.3424,0.0762,0.0062,-0.336,0.0969,0.0059,2026-08-28,571.835,589.035,571.525,577.9,411753.0,579.376165
2026-08-28T20:31:06.801,7,5,META260902C00615000,META,2026-09-02,call,615.0,0.51,365.0,0.7,59.0,0.605,0.63,3.0,0.3406,0.0617,0.0053,-0.2837,0.0823,0.0048,2026-08-28,571.835,589.035,571.525,577.9,411753.0,579.376165
2026-08-28T20:31:06.801,7,5,META260902C00617500,META,2026-09-02,call,617.5,0.52,22.0,0.54,342.0,0.53,0.54,1.0,0.3481,0.054,0.0047,-0.2612,0.0742,0.0042,2026-08-28,571.835,589.035,571.525,577.9,411753.0,579.376165
2026-08-28T20:31:06.801,7,5,META260902C00620000,META,2026-09-02,call,620.0,0.43,52.0,0.51,101.0,0.47,0.46,1.0,0.3561,0.0478,0.0041,-0.2422,0.0673,0.0037,2026-08-28,571.835,589.035,571.525,577.9,411753.0,579.376165
2026-08-28T20:31:06.801,7,5,META260902C00622500,META,2026-09-02,call,622.5,0.26,211.0,0.5,222.0,0.38,0.45,1.0,0.3576,0.0396,0.0035,-0.2088,0.0578,0.0031,2026-08-28,571.835,589.035,571.525,577.9,411753.0,579.376165
2026-08-28T20:31:06.801,7,5,META260902C00625000,META,2026-09-02,call,625.0,0.28,1.0,0.34,30.0,0.31000000000000005,0.34,1.0,0.3599,0.033,0.003,-0.1808,0.0497,0.0026,2026-08-28,571.835,589.035,571.525,577.9,411753.0,579.376165
2026-08-28T20:31:06.801,7,5,META260902C00627500,META,2026-09-02,call,627.5,0.2,136.0,0.36,86.0,0.28,0.28,1.0,0.3685,0.0295,0.0027,-0.169,0.0454,0.0023,2026-08-28,571.835,589.035,571.525,577.9,411753.0,579.376165
2026-08-28T20:31:06.801,7,5,META260902C00630000,META,2026-09-02,call,630.0,0.17,44.0,0.35,232.0,0.26,0.26,3.0,0.3785,0.027,0.0024,-0.1611,0.0422,0.0021,2026-08-28,571.835,589.035,571.525,577.9,411753.0,579.376165
2026-08-28T20:31:06.801,7,5,META260902C00632500,META,2026-09-02,call,632.5,0.18,60.0,0.32,104.0,0.25,0.23,1.0,0.3904,0.0254,0.0022,-0.1578,0.0401,0.002,2026-08-28,571.835,589.035,571.525,577.9,411753.0,579.376165
2026-08-28T20:31:06.801,7,5,META260902C00635000,META,2026-09-02,call,635.0,0.13,23.0,0.2,83.0,0.165,0.2,1.0,0.3799,0.018,0.0017,-0.1147,0.0299,0.0014,2026-08-28,571.835,589.035,571.525,577.9,411753.0,579.376165
2026-08-28T20:31:06.801,7,5,META260902C00637500,META,2026-09-02,call,637.5,0.15,58.0,0.22,86.0,0.185,0.17,1.0,0.3999,0.019,0.0017,-0.1266,0.0314,0.0015,2026-08-28,571.835,589.035,571.525,577.9,411753.0,579.376165
2026-08-28T20:31:06.801,7,5,META260902C00640000,META,2026-09-02,call,640.0,0.08,249.0,0.22,75.0,0.15,0.16,10.0,0.4011,0.0157,0.0015,-0.108,0.0267,0.0012,2026-08-28,571.835,589.035,571.525,577.9,411753.0,579.376165
2026-08-28T20:31:06.801,7,5,META260902C00642500,META,2026-09-02,call,642.5,0.06,84.0,0.17,56.0,0.115,0.16,21.0,0.3995,0.0124,0.0012,-0.0878,0.0218,0.001,2026-08-28,571.835,589.035,571.525,577.9,411753.0,579.376165
2026-08-28T20:31:06.801,7,5,META260902C00645000,META,2026-09-02,call,645.0,0.05,54.0,0.19,92.0,0.12,0.18,1.0,0.4144,0.0125,0.0012,-0.0915,0.0219,0.001,2026-08-28,571.835,589.035,571.525,577.9,411753.0,579.376165
2026-08-28T20:31:06.801,7,5,META260902C00647500,META,2026-09-02,call,647.5,0.01,186.0,0.23,60.0,0.12000000000000001,0.21,3.0,0.4269,0.0122,0.0011,-0.0921,0.0214,0.0009,2026-08-28,571.835,589.035,571.525,577.9,411753.0,579.376165
2026-08-28T20:31:06.801,7,5,META260902C00650000,META,2026-09-02,call,650.0,0.08,83.0,0.15,73.0,0.11499999999999999,0.12,1.0,0.437,0.0115,0.001,-0.0896,0.0203,0.0009,2026-08-28,571.835,589.035,571.525,577.9,411753.0,579.376165
2026-08-28T20:31:06.801,7,5,META260902C00655000,META,2026-09-02,call,655.0,0.01,57.0,0.23,173.0,0.12000000000000001,0.06,2.0,0.464,0.0113,0.0009,-0.0938,0.0201,0.0009,2026-08-28,571.835,589.035,571.525,577.9,411753.0,579.376165
2026-08-28T20:31:06.801,7,5,META260902C00660000,META,2026-09-02,call,660.0,0.05,198.0,0.14,83.0,0.095,0.09,1.0,0.4742,0.009,0.0008,-0.0784,0.0164,0.0007,2026-08-28,571.835,589.035,571.525,577.9,411753.0,579.376165
2026-08-28T20:31:06.801,7,5,META260902C00665000,META,2026-09-02,call,665.0,0.04,171.0,0.17,234.0,0.10500000000000001,0.07,2.0,0.5037,0.0093,0.0007,-0.086,0.017,0.0007,2026-08-28,571.835,589.035,571.525,577.9,411753.0,579.376165
2026-08-28T20:31:06.801,7,5,META260902C00670000,META,2026-09-02,call,670.0,0.01,164.0,0.09,107.0,0.049999999999999996,0.07,1.0,0.4842,0.0049,0.0004,-0.0469,0.0096,0.0004,2026-08-28,571.835,589.035,571.525,577.9,411753.0,579.376165
2026-08-28T20:31:06.801,7,5,META260902C00675000,META,2026-09-02,call,675.0,0.01,96.0,0.12,187.0,0.065,0.06,1.0,0.5203,0.0059,0.0005,-0.0589,0.0113,0.0005,2026-08-28,571.835,589.035,571.525,577.9,411753.0,579.376165
2026-08-28T20:31:06.801,7,5,META260902C00680000,META,2026-09-02,call,680.0,0.01,18.0,0.08,103.0,0.045,0.08,1.0,0.5211,0.0042,0.0003,-0.0437,0.0083,0.0003,2026-08-28,571.835,589.035,571.525,577.9,411753.0,579.376165
2026-08-28T20:31:06.801,7,5,META260902C00685000,META,2026-09-02,call,685.0,0.0,0.0,0.16,207.0,0.08,0.12,1.0,,,,,,,2026-08-28,571.835,589.035,571.525,577.9,411753.0,579.376165
2026-08-28T20:31:06.801,7,5,META260902C00690000,META,2026-09-02,call,690.0,0.0,0.0,0.08,65.0,0.04,0.03,1.0,,,,,,,2026-08-28,571.835,589.035,571.525,577.9,411753.0,579.376165
2026-08-28T20:31:06.801,7,5,META260902C00695000,META,2026-09-02,call,695.0,0.0,0.0,0.08,97.0,0.04,0.05,1.0,,,,,,,2026-08-28,571.835,589.035,571.525,577.9,411753.0,579.376165
2026-08-28T20:31:06.801,7,5,META260902C00700000,META,2026-09-02,call,700.0,0.0,0.0,0.14,102.0,0.07,0.12,1.0,,,,,,,2026-08-28,571.835,589.035,571.525,577.9,411753.0,579.376165
2026-08-28T20:31:06.801,7,5,META260902C00705000,META,2026-09-02,call,705.0,0.0,0.0,0.15,218.0,0.075,0.17,1.0,,,,,,,2026-08-28,571.835,589.035,571.525,577.9,411753.0,579.376165
2026-08-28T20:31:06.801,7,5,META260902C00710000,META,2026-09-02,call,710.0,0.0,0.0,0.81,163.0,0.405,0.04,10.0,,,,,,,2026-08-28,571.835,589.035,571.525,577.9,411753.0,579.376165
2026-08-28T20:31:06.801,7,5,META260902C00715000,META,2026-09-02,call,715.0,0.0,0.0,0.83,130.0,0.415,0.07,1.0,,,,,,,2026-08-28,571.835,589.035,571.525,577.9,411753.0,579.376165
2026-08-28T20:31:06.801,7,5,META260902C00720000,META,2026-09-02,call,720.0,0.0,0.0,0.88,224.0,0.44,0.01,6.0,,,,,,,2026-08-28,571.835,589.035,571.525,577.9,411753.0,579.376165
2026-08-28T20:31:06.801,7,5,META260902C00725000,META,2026-09-02,call,725.0,0.0,0.0,0.87,168.0,0.435,0.1,1.0,,,,,,,2026-08-28,571.835,589.035,571.525,577.9,411753.0,579.376165
2026-08-28T20:31:06.801,7,5,META260902C00730000,META,2026-09-02,call,730.0,0.0,0.0,0.92,6.0,0.46,0.1,1.0,,,,,,,2026-08-28,571.835,589.035,571.525,577.9,411753.0,579.376165
2026-08-28T20:31:06.801,7,5,META260902C00735000,META,2026-09-02,call,735.0,0.0,0.0,0.92,5.0,0.46,0.11,1.0,,,,,,,2026-08-28,571.835,589.035,571.525,577.9,411753.0,579.376165
2026-08-28T20:31:06.801,7,5,META260902C00740000,META,2026-09-02,call,740.0,0.0,0.0,0.89,66.0,0.445,0.03,5.0,,,,,,,2026-08-28,571.835,589.035,571.525,577.9,411753.0,579.376165
2026-08-28T20:31:06.801,7,5,META260902C00745000,META,2026-09-02,call,745.0,0.0,0.0,0.03,13.0,0.015,0.01,1.0,,,,,,,2026-08-28,571.835,589.035,571.525,577.9,411753.0,579.376165
2026-08-28T20:31:06.801,7,5,META260902C00750000,META,2026-09-02,call,750.0,0.0,0.0,0.01,18.0,0.005,0.01,20.0,,,,,,,2026-08-28,571.835,589.035,571.525,577.9,411753.0,579.376165
2026-08-28T20:31:06.801,7,5,META260902C00755000,META,2026-09-02,call,755.0,0.0,0.0,0.18,58.0,0.09,0.01,1.0,,,,,,,2026-08-28,571.835,589.035,571.525,577.9,411753.0,579.376165
2026-08-28T20:31:06.801,7,5,META260902C00760000,META,2026-09-02,call,760.0,0.0,0.0,0.73,47.0,0.365,0.01,1.0,,,,,,,2026-08-28,571.835,589.035,571.525,577.9,411753.0,579.376165
2026-08-28T20:31:06.801,7,5,META260902C00765000,META,2026-09-02,call,765.0,0.0,0.0,0.97,36.0,0.485,0.01,1.0,,,,,,,2026-08-28,571.835,589.035,571.525,577.9,411753.0,579.376165
2026-08-28T20:31:06.801,7,5,META260902C00770000,META,2026-09-02,call,770.0,0.0,0.0,0.01,1.0,0.005,0.01,1.0,,,,,,,2026-08-28,571.835,589.035,571.525,577.9,411753.0,579.376165
2026-08-28T20:31:06.801,7,5,META260902C00775000,META,2026-09-02,call,775.0,0.0,0.0,0.58,289.0,0.29,0.01,1.0,,,,,,,2026-08-28,571.835,589.035,571.525,577.9,411753.0,579.376165
2026-08-28T20:31:06.801,7,5,META260902C00780000,META,2026-09-02,call,780.0,0.0,0.0,0.03,20.0,0.015,0.01,1.0,,,,,,,2026-08-28,571.835,589.035,571.525,577.9,411753.0,579.376165
2026-08-28T20:31:06.801,7,5,META260902C00785000,META,2026-09-02,call,785.0,0.0,0.0,0.01,78.0,0.005,0.01,1.0,,,,,,,2026-08-28,571.835,589.035,571.525,577.9,411753.0,579.376165
2026-08-28T20:31:06.801,7,5,META260902C00790000,META,2026-09-02,call,790.0,0.0,0.0,0.95,426.0,0.475,0.01,1.0,,,,,,,2026-08-28,571.835,589.035,571.525,577.9,411753.0,579.376165
2026-08-28T20:31:06.801,7,5,META260902C00795000,META,2026-09-02,call,795.0,0.0,0.0,1.02,3.0,0.51,0.03,1.0,,,,,,,2026-08-28,571.835,589.035,571.525,577.9,411753.0,579.376165
2026-08-28T20:31:06.801,7,5,META260902C00800000,META,2026-09-02,call,800.0,0.0,0.0,0.01,20.0,0.005,0.01,3.0,,,,,,,2026-08-28,571.835,589.035,571.525,577.9,411753.0,579.376165
2026-08-28T20:31:06.801,7,5,META260902C00805000,META,2026-09-02,call,805.0,0.0,0.0,1.03,2.0,0.515,,,,,,,,,2026-08-28,571.835,589.035,571.525,577.9,411753.0,579.376165
2026-08-28T20:31:06.801,7,5,META260902C00810000,META,2026-09-02,call,810.0,0.0,0.0,1.0,2.0,0.5,,,,,,,,,2026-08-28,571.835,589.035,571.525,577.9,411753.0,579.376165
2026-08-28T20:31:06.801,7,5,META260902C00815000,META,2026-09-02,call,815.0,0.0,0.0,0.01,1000.0,0.005,0.02,4.0,,,,,,,2026-08-28,571.835,589.035,571.525,577.9,411753.0,579.376165
2026-08-28T20:31:06.801,7,5,META260902C00820000,META,2026-09-02,call,820.0,0.0,0.0,0.01,1217.0,0.005,0.02,4.0,,,,,,,2026-08-28,571.835,589.035,571.525,577.9,411753.0,579.376165
2026-08-28T20:31:06.801,7,5,META260902C00825000,META,2026-09-02,call,825.0,0.0,0.0,0.01,1034.0,0.005,0.01,1.0,,,,,,,2026-08-28,571.835,589.035,571.525,577.9,411753.0,579.376165
2026-08-28T20:31:06.801,7,5,META260902C00830000,META,2026-09-02,call,830.0,0.0,0.0,0.03,1034.0,0.015,0.01,1.0,,,,,,,2026-08-28,571.835,589.035,571.525,577.9,411753.0,579.376165
2026-08-28T20:31:06.801,7,5,META260902C00835000,META,2026-09-02,call,835.0,0.0,0.0,1.0,30.0,0.5,0.01,1.0,,,,,,,2026-08-28,571.835,589.035,571.525,577.9,411753.0,579.376165
2026-08-28T20:31:06.801,7,5,META260902C00840000,META,2026-09-02,call,840.0,0.0,0.0,1.04,1.0,0.52,0.01,1.0,,,,,,,2026-08-28,571.835,589.035,571.525,577.9,411753.0,579.376165
2026-08-28T20:31:06.801,7,5,META260902C00845000,META,2026-09-02,call,845.0,0.0,0.0,1.0,1.0,0.5,0.01,1.0,,,,,,,2026-08-28,571.835,589.035,571.525,577.9,411753.0,579.376165
2026-08-28T20:31:06.801,7,5,META260902C00850000,META,2026-09-02,call,850.0,0.0,0.0,1.04,1.0,0.52,0.01,1.0,,,,,,,2026-08-28,571.835,589.035,571.525,577.9,411753.0,579.376165
2026-08-28T20:31:06.801,7,5,META260902C00855000,META,2026-09-02,call,855.0,0.0,0.0,1.04,1.0,0.52,0.01,1.0,,,,,,,2026-08-28,571.835,589.035,571.525,577.9,411753.0,579.376165
2026-08-28T20:31:06.801,7,5,META260902C00860000,META,2026-09-02,call,860.0,0.0,0.0,1.04,1.0,0.52,0.01,1.0,,,,,,,2026-08-28,571.835,589.035,571.525,577.9,411753.0,579.376165
2026-08-28T20:31:06.801,7,5,META260902C00865000,META,2026-09-02,call,865.0,0.0,0.0,1.0,1.0,0.5,0.01,1.0,,,,,,,2026-08-28,571.835,589.035,571.525,577.9,411753.0,579.376165
2026-08-28T20:31:06.801,7,5,META260902C00870000,META,2026-09-02,call,870.0,0.0,0.0,1.0,1.0,0.5,0.01,1.0,,,,,,,2026-08-28,571.835,589.035,571.525,577.9,411753.0,579.376165
2026-08-28T20:31:06.801,7,5,META260902C00875000,META,2026-09-02,call,875.0,0.0,0.0,1.04,1.0,0.52,0.01,1.0,,,,,,,2026-08-28,571.835,589.035,571.525,577.9,411753.0,579.376165
2026-08-28T20:31:06.801,7,5,META260902C00880000,META,2026-09-02,call,880.0,0.0,0.0,1.0,1.0,0.5,0.01,1.0,,,,,,,2026-08-28,571.835,589.035,571.525,577.9,411753.0,579.376165
2026-08-28T20:31:06.801,7,5,META260902C00885000,META,2026-09-02,call,885.0,0.0,0.0,0.83,4.0,0.415,0.01,1.0,,,,,,,2026-08-28,571.835,589.035,571.525,577.9,411753.0,579.376165
2026-08-28T20:31:06.801,7,5,META260902C00890000,META,2026-09-02,call,890.0,0.0,0.0,1.0,1.0,0.5,0.01,3.0,,,,,,,2026-08-28,571.835,589.035,571.525,577.9,411753.0,579.376165
2026-08-28T20:31:06.801,7,5,META260902C00895000,META,2026-09-02,call,895.0,0.0,0.0,0.01,1000.0,0.005,0.01,1.0,,,,,,,2026-08-28,571.835,589.035,571.525,577.9,411753.0,579.376165
2026-08-28T20:31:06.801,7,5,META260902C00900000,META,2026-09-02,call,900.0,0.0,0.0,0.03,1000.0,0.015,0.01,1.0,,,,,,,2026-08-28,571.835,589.035,571.525,577.9,411753.0,579.376165
2026-08-28T20:31:06.801,7,5,META260902P00400000,META,2026-09-02,put,400.0,0.0,0.0,1.0,2.0,0.5,,,,,,,,,2026-08-28,571.835,589.035,571.525,577.9,411753.0,579.376165
2026-08-28T20:31:06.801,7,5,META260902P00405000,META,2026-09-02,put,405.0,0.0,0.0,1.0,2.0,0.5,,,,,,,,,2026-08-28,571.835,589.035,571.525,577.9,411753.0,579.376165
2026-08-28T20:31:06.801,7,5,META260902P00410000,META,2026-09-02,put,410.0,0.0,0.0,1.0,1.0,0.5,,,,,,,,,2026-08-28,571.835,589.035,571.525,577.9,411753.0,579.376165
2026-08-28T20:31:06.801,7,5,META260902P00415000,META,2026-09-02,put,415.0,0.0,0.0,1.0,1.0,0.5,,,,,,,,,2026-08-28,571.835,589.035,571.525,577.9,411753.0,579.376165
2026-08-28T20:31:06.801,7,5,META260902P00420000,META,2026-09-02,put,420.0,0.0,0.0,1.03,9.0,0.515,,,,,,,,,2026-08-28,571.835,589.035,571.525,577.9,411753.0,579.376165
2026-08-28T20:31:06.801,7,5,META260902P00425000,META,2026-09-02,put,425.0,0.0,0.0,0.98,5.0,0.49,,,,,,,,,2026-08-28,571.835,589.035,571.525,577.9,411753.0,579.376165
2026-08-28T20:31:06.801,7,5,META260902P00430000,META,2026-09-02,put,430.0,0.0,0.0,0.97,9.0,0.485,0.05,1.0,,,,,,,2026-08-28,571.835,589.035,571.525,577.9,411753.0,579.376165
2026-08-28T20:31:06.801,7,5,META260902P00435000,META,2026-09-02,put,435.0,0.0,0.0,0.95,25.0,0.475,0.06,1.0,,,,,,,2026-08-28,571.835,589.035,571.525,577.9,411753.0,579.376165
2026-08-28T20:31:06.801,7,5,META260902P00440000,META,2026-09-02,put,440.0,0.0,0.0,0.97,24.0,0.485,0.01,1.0,,,,,,,2026-08-28,571.835,589.035,571.525,577.9,411753.0,579.376165
2026-08-28T20:31:06.801,7,5,META260902P00445000,META,2026-09-02,put,445.0,0.0,0.0,0.95,66.0,0.475,0.07,1.0,,,,,,,2026-08-28,571.835,589.035,571.525,577.9,411753.0,579.376165
2026-08-28T20:31:06.801,7,5,META260902P00450000,META,2026-09-02,put,450.0,0.0,0.0,0.93,24.0,0.465,0.08,1.0,,,,,,,2026-08-28,571.835,589.035,571.525,577.9,411753.0,579.376165
2026-08-28T20:31:06.801,7,5,META260902P00460000,META,2026-09-02,put,460.0,0.0,0.0,0.87,120.0,0.435,0.11,1.0,,,,,,,2026-08-28,571.835,589.035,571.525,577.9,411753.0,579.376165
2026-08-28T20:31:06.801,7,5,META260902P00465000,META,2026-09-02,put,465.0,0.0,0.0,0.83,133.0,0.415,0.03,1.0,,,,,,,2026-08-28,571.835,589.035,571.525,577.9,411753.0,579.376165
2026-08-28T20:31:06.801,7,5,META260902P00470000,META,2026-09-02,put,470.0,0.0,0.0,0.09,124.0,0.045,0.01,45.0,,,,,,,2026-08-28,571.835,589.035,571.525,577.9,411753.0,579.376165
2026-08-28T20:31:06.801,7,5,META260902P00475000,META,2026-09-02,put,475.0,0.0,0.0,0.44,201.0,0.22,0.06,4.0,,,,,,,2026-08-28,571.835,589.035,571.525,577.9,411753.0,579.376165
2026-08-28T20:31:06.801,7,5,META260902P00480000,META,2026-09-02,put,480.0,0.03,1.0,0.17,191.0,0.1,0.08,1.0,0.6527,-0.0068,0.0004,-0.0834,0.0128,-0.0006,2026-08-28,571.835,589.035,571.525,577.9,411753.0,579.376165
2026-08-28T20:31:06.801,7,5,META260902P00482500,META,2026-09-02,put,482.5,0.0,0.0,0.11,122.0,0.055,0.04,1.0,,,,,,,2026-08-28,571.835,589.035,571.525,577.9,411753.0,579.376165
2026-08-28T20:31:06.801,7,5,META260902P00485000,META,2026-09-02,put,485.0,0.0,0.0,0.16,221.0,0.08,0.14,1.0,,,,,,,2026-08-28,571.835,589.035,571.525,577.9,411753.0,579.376165
2026-08-28T20:31:06.801,7,5,META260902P00487500,META,2026-09-02,put,487.5,0.0,0.0,0.15,105.0,0.075,0.13,1.0,,,,,,,2026-08-28,571.835,589.035,571.525,577.9,411753.0,579.376165
2026-08-28T20:31:06.801,7,5,META260902P00490000,META,2026-09-02,put,490.0,0.0,0.0,0.09,128.0,0.045,0.04,1.0,,,,,,,2026-08-28,571.835,589.035,571.525,577.9,411753.0,579.376165
2026-08-28T20:31:06.801,7,5,META260902P00492500,META,2026-09-02,put,492.5,0.0,0.0,0.12,217.0,0.06,0.14,1.0,,,,,,,2026-08-28,571.835,589.035,571.525,577.9,411753.0,579.376165
2026-08-28T20:31:06.801,7,5,META260902P00495000,META,2026-09-02,put,495.0,0.0,0.0,0.08,116.0,0.04,0.05,1.0,,,,,,,2026-08-28,571.835,589.035,571.525,577.9,411753.0,579.376165
2026-08-28T20:31:06.801,7,5,META260902P00497500,META,2026-09-02,put,497.5,0.0,0.0,0.27,293.0,0.135,0.05,1.0,,,,,,,2026-08-28,571.835,589.035,571.525,577.9,411753.0,579.376165
2026-08-28T20:31:06.801,7,5,META260902P00500000,META,2026-09-02,put,500.0,0.03,65.0,0.12,80.0,0.075,0.04,1.0,0.5056,-0.0066,0.0005,-0.0631,0.0126,-0.0005,2026-08-28,571.835,589.035,571.525,577.9,411753.0,579.376165
2026-08-28T20:31:06.801,7,5,META260902P00502500,META,2026-09-02,put,502.5,0.03,19.0,0.09,142.0,0.06,0.06,10.0,0.4775,-0.0057,0.0005,-0.0522,0.011,-0.0005,2026-08-28,571.835,589.035,571.525,577.9,411753.0,579.376165
2026-08-28T20:31:06.801,7,5,META260902P00505000,META,2026-09-02,put,505.0,0.01,34.0,0.13,96.0,0.07,0.05,1.0,0.4707,-0.0067,0.0006,-0.0589,0.0126,-0.0005,2026-08-28,571.835,589.035,571.525,577.9,411753.0,579.376165
2026-08-28T20:31:06.801,7,5,META260902P00507500,META,2026-09-02,put,507.5,0.0,0.0,0.14,82.0,0.07,0.06,1.0,,,,,,,2026-08-28,571.835,589.035,571.525,577.9,411753.0,579.376165
2026-08-28T20:31:06.801,7,5,META260902P00510000,META,2026-09-02,put,510.0,0.01,104.0,0.14,153.0,0.07500000000000001,0.08,1.0,0.4436,-0.0075,0.0007,-0.0616,0.014,-0.0006,2026-08-28,571.835,589.035,571.525,577.9,411753.0,579.376165
2026-08-28T20:31:06.801,7,5,META260902P00512500,META,2026-09-02,put,512.5,0.06,14.0,0.15,140.0,0.105,0.08,1.0,0.4467,-0.0101,0.0009,-0.0805,0.0182,-0.0008,2026-08-28,571.835,589.035,571.525,577.9,411753.0,579.376165
2026-08-28T20:31:06.801,7,5,META260902P00515000,META,2026-09-02,put,515.0,0.0,0.0,0.16,74.0,0.08,0.11,1.0,,,,,,,2026-08-28,571.835,589.035,571.525,577.9,411753.0,579.376165
2026-08-28T20:31:06.801,7,5,META260902P00517500,META,2026-09-02,put,517.5,0.0,0.0,0.17,81.0,0.085,0.11,1.0,,,,,,,2026-08-28,571.835,589.035,571.525,577.9,411753.0,579.376165
2026-08-28T20:31:06.801,7,5,META260902P00520000,META,2026-09-02,put,520.0,0.09,21.0,0.15,102.0,0.12,0.11,10.0,0.4062,-0.0124,0.0012,-0.0875,0.0217,-0.001,2026-08-28,571.835,589.035,571.525,577.9,411753.0,579.376165
2026-08-28T20:31:06.801,7,5,META260902P00522500,META,2026-09-02,put,522.5,0.03,88.0,0.21,149.0,0.12,0.12,1.0,0.3901,-0.0129,0.0013,-0.0868,0.0224,-0.001,2026-08-28,571.835,589.035,571.525,577.9,411753.0,579.376165
2026-08-28T20:31:06.801,7,5,META260902P00525000,META,2026-09-02,put,525.0,0.11,63.0,0.21,143.0,0.16,0.16,90.0,0.3896,-0.0167,0.0016,-0.1082,0.028,-0.0013,2026-08-28,571.835,589.035,571.525,577.9,411753.0,579.376165
2026-08-28T20:31:06.801,7,5,META260902P00527500,META,2026-09-02,put,527.5,0.06,227.0,0.25,173.0,0.155,0.15,5.0,0.3712,-0.0169,0.0017,-0.1044,0.0284,-0.0014,2026-08-28,571.835,589.035,571.525,577.9,411753.0,579.376165
2026-08-28T20:31:06.801,7,5,META260902P00530000,META,2026-09-02,put,530.0,0.15,28.0,0.23,88.0,0.19,0.23,5.0,0.3658,-0.0206,0.002,-0.1213,0.0335,-0.0017,2026-08-28,571.835,589.035,571.525,577.9,411753.0,579.376165
2026-08-28T20:31:06.801,7,5,META260902P00532500,META,2026-09-02,put,532.5,0.08,58.0,0.3,72.0,0.19,0.26,1.0,0.3488,-0.0215,0.0022,-0.1199,0.0347,-0.0017,2026-08-28,571.835,589.035,571.525,577.9,411753.0,579.376165
2026-08-28T20:31:06.801,7,5,META260902P00535000,META,2026-09-02,put,535.0,0.18,11.0,0.32,120.0,0.25,0.24,8.0,0.347,-0.0275,0.0027,-0.1467,0.0427,-0.0022,2026-08-28,571.835,589.035,571.525,577.9,411753.0,579.376165
2026-08-28T20:31:06.801,7,5,META260902P00537500,META,2026-09-02,put,537.5,0.22,42.0,0.4,129.0,0.31,0.37,1.0,0.342,-0.0336,0.0032,-0.1708,0.0505,-0.0027,2026-08-28,571.835,589.035,571.525,577.9,411753.0,579.376165
2026-08-28T20:31:06.801,7,5,META260902P00540000,META,2026-09-02,put,540.0,0.31,112.0,0.38,72.0,0.345,0.38,1.0,0.3303,-0.038,0.0037,-0.1824,0.0559,-0.0031,2026-08-28,571.835,589.035,571.525,577.9,411753.0,579.376165
2026-08-28T20:31:06.801,7,5,META260902P00542500,META,2026-09-02,put,542.5,0.4,34.0,0.49,36.0,0.445,0.46,1.0,0.3277,-0.0477,0.0045,-0.2174,0.0672,-0.0038,2026-08-28,571.835,589.035,571.525,577.9,411753.0,579.376165
2026-08-28T20:31:06.801,7,5,META260902P00545000,META,2026-09-02,put,545.0,0.43,204.0,0.57,30.0,0.5,0.52,1.0,0.316,-0.0545,0.0052,-0.2326,0.0746,-0.0044,2026-08-28,571.835,589.035,571.525,577.9,411753.0,579.376165
2026-08-28T20:31:06.801,7,5,META260902P00547500,META,2026-09-02,put,547.5,0.65,14.0,0.75,40.0,0.7,0.69,1.0,0.3197,-0.0718,0.0063,-0.2918,0.0926,-0.0058,2026-08-28,571.835,589.035,571.525,577.9,411753.0,579.376165
2026-08-28T20:31:06.801,7,5,META260902P00550000,META,2026-09-02,put,550.0,0.86,2.0,0.92,34.0,0.89,0.86,1.0,0.3174,-0.0884,0.0075,-0.3387,0.1084,-0.0071,2026-08-28,571.835,589.035,571.525,577.9,411753.0,579.376165
2026-08-28T20:31:06.801,7,5,META260902P00552500,META,2026-09-02,put,552.5,0.93,157.0,1.28,69.0,1.105,0.95,3.0,0.3135,-0.1069,0.0087,-0.3843,0.1246,-0.0086,2026-08-28,571.835,589.035,571.525,577.9,411753.0,579.376165
2026-08-28T20:31:06.801,7,5,META260902P00555000,META,2026-09-02,put,555.0,1.23,325.0,1.52,225.0,1.375,1.32,1.0,0.3103,-0.129,0.01,-0.4339,0.1423,-0.0104,2026-08-28,571.835,589.035,571.525,577.9,411753.0,579.376165
2026-08-28T20:31:06.801,7,5,META260902P00557500,META,2026-09-02,put,557.5,1.51,96.0,1.86,30.0,1.685,1.65,2.0,0.3062,-0.1537,0.0114,-0.4815,0.1602,-0.0124,2026-08-28,571.835,589.035,571.525,577.9,411753.0,579.376165
2026-08-28T20:31:06.801,7,5,META260902P00560000,META,2026-09-02,put,560.0,1.93,100.0,2.34,37.0,2.135,2.06,1.0,0.3064,-0.1854,0.0129,-0.5428,0.1807,-0.015,2026-08-28,571.835,589.035,571.525,577.9,411753.0,579.376165
2026-08-28T20:31:06.801,7,5,META260902P00562500,META,2026-09-02,put,562.5,2.37,60.0,2.82,16.0,2.5949999999999998,2.56,4.0,0.3028,-0.2178,0.0144,-0.5899,0.199,-0.0176,2026-08-28,571.835,589.035,571.525,577.9,411753.0,579.376165
2026-08-28T20:31:06.801,7,5,META260902P00565000,META,2026-09-02,put,565.0,3.02,56.0,3.47,74.0,3.245,3.15,2.0,0.3042,-0.2573,0.0157,-0.6484,0.2181,-0.0208,2026-08-28,571.835,589.035,571.525,577.9,411753.0,579.376165
2026-08-28T20:31:06.801,7,5,META260902P00567500,META,2026-09-02,put,567.5,3.52,274.0,4.29,43.0,3.9050000000000002,3.8,10.0,0.3015,-0.2973,0.017,-0.6882,0.2341,-0.0241,2026-08-28,571.835,589.035,571.525,577.9,411753.0,579.376165
2026-08-28T20:31:06.801,7,5,META260902P00570000,META,2026-09-02,put,570.0,4.44,144.0,5.08,55.0,4.76,4.68,1.0,0.3025,-0.3423,0.018,-0.731,0.2483,-0.0277,2026-08-28,571.835,589.035,571.525,577.9,411753.0,579.376165
2026-08-28T20:31:06.801,7,5,META260902P00572500,META,2026-09-02,put,572.5,5.35,61.0,6.14,32.0,5.744999999999999,5.53,2.0,0.304,-0.3892,0.0187,-0.765,0.2592,-0.0316,2026-08-28,571.835,589.035,571.525,577.9,411753.0,579.376165
2026-08-28T20:31:06.801,7,5,META260902P00575000,META,2026-09-02,put,575.0,6.43,40.0,7.12,13.0,6.775,7.12,1.0,0.3026,-0.4366,0.0193,-0.78,0.2663,-0.0355,2026-08-28,571.835,589.035,571.525,577.9,411753.0,579.376165
2026-08-28T20:31:06.801,7,5,META260902P00577500,META,2026-09-02,put,577.5,7.65,58.0,8.37,30.0,8.01,7.75,1.0,0.3044,-0.4852,0.0194,-0.7917,0.2695,-0.0395,2026-08-28,571.835,589.035,571.525,577.9,411753.0,579.376165
2026-08-28T20:31:06.801,7,5,META260902P00580000,META,2026-09-02,put,580.0,8.88,71.0,9.67,12.0,9.275,10.75,10.0,0.3028,-0.5338,0.0194,-0.782,0.2687,-0.0435,2026-08-28,571.835,589.035,571.525,577.9,411753.0,579.376165
2026-08-28T20:31:06.801,7,5,META260902P00582500,META,2026-09-02,put,582.5,10.1,152.0,11.1,2.0,10.6,12.45,1.0,0.2988,-0.5829,0.0193,-0.7539,0.2639,-0.0476,2026-08-28,571.835,589.035,571.525,577.9,411753.0,579.376165
2026-08-28T20:31:06.801,7,5,META260902P00585000,META,2026-09-02,put,585.0,11.77,117.0,12.58,33.0,12.175,12.58,1.0,0.2999,-0.6295,0.0186,-0.7283,0.2554,-0.0515,2026-08-28,571.835,589.035,571.525,577.9,411753.0,579.376165
2026-08-28T20:31:06.801,7,5,META260902P00587500,META,2026-09-02,put,587.5,13.48,50.0,14.65,36.0,14.065000000000001,14.03,1.0,0.3092,-0.6691,0.0173,-0.718,0.2451,-0.0549,2026-08-28,571.835,589.035,571.525,577.9,411753.0,579.376165
2026-08-28T20:31:06.801,7,5,META260902P00590000,META,2026-09-02,put,590.0,14.95,108.0,16.49,45.0,15.719999999999999,13.67,1.0,0.3048,-0.7133,0.0165,-0.659,0.2302,-0.0586,2026-08-28,571.835,589.035,571.525,577.9,411753.0,579.376165
2026-08-28T20:31:06.801,7,5,META260902P00592500,META,2026-09-02,put,592.5,16.91,185.0,18.82,38.0,17.865000000000002,14.78,250.0,0.318,-0.7428,0.015,-0.6489,0.2181,-0.0612,2026-08-28,571.835,589.035,571.525,577.9,411753.0,579.376165
2026-08-28T20:31:06.801,7,5,META260902P00595000,META,2026-09-02,put,595.0,19.21,67.0,20.81,37.0,20.009999999999998,20.55,10.0,0.3286,-0.7701,0.0137,-0.6282,0.2052,-0.0637,2026-08-28,571.835,589.035,571.525,577.9,411753.0,579.376165
2026-08-28T20:31:06.801,7,5,META260902P00597500,META,2026-09-02,put,597.5,20.44,143.0,22.84,79.0,21.64,22.8,6.0,0.3089,-0.8172,0.0127,-0.5042,0.1791,-0.0676,2026-08-28,571.835,589.035,571.525,577.9,411753.0,579.376165
2026-08-28T20:31:06.801,7,5,META260902P00600000,META,2026-09-02,put,600.0,23.03,117.0,24.93,77.0,23.98,26.72,1.0,0.3235,-0.8346,0.0114,-0.4933,0.1681,-0.0693,2026-08-28,571.835,589.035,571.525,577.9,411753.0,579.376165
2026-08-28T20:31:06.801,7,5,META260902P00602500,META,2026-09-02,put,602.5,23.12,133.0,28.19,81.0,25.655,,,0.2903,-0.8869,0.0098,-0.3229,0.1297,-0.0737,2026-08-28,571.835,589.035,571.525,577.9,411753.0,579.376165
2026-08-28T20:31:06.801,7,5,META260902P00605000,META,2026-09-02,put,605.0,25.24,94.0,30.58,70.0,27.909999999999997,37.21,1.0,0.29,-0.9088,0.0084,-0.2663,0.1108,-0.0757,2026-08-28,571.835,589.035,571.525,577.9,411753.0,579.376165
2026-08-28T20:31:06.801,7,5,META260902P00607500,META,2026-09-02,put,607.5,27.26,38.0,33.03,24.0,30.145000000000003,,,0.282,-0.9328,0.0068,-0.1914,0.088,-0.0779,2026-08-28,571.835,589.035,571.525,577.9,411753.0,579.376165
2026-08-28T20:31:06.801,7,5,META260902P00610000,META,2026-09-02,put,610.0,29.34,26.0,35.95,25.0,32.645,30.12,1.0,0.2999,-0.9361,0.0062,-0.1967,0.0846,-0.0785,2026-08-28,571.835,589.035,571.525,577.9,411753.0,579.376165
2026-08-28T20:31:06.801,7,5,META260902P00612500,META,2026-09-02,put,612.5,31.67,21.0,38.33,25.0,35.0,,,0.2984,-0.9503,0.0051,-0.1488,0.0694,-0.08,2026-08-28,571.835,589.035,571.525,577.9,411753.0,579.376165
2026-08-28T20:31:06.801,7,5,META260902P00615000,META,2026-09-02,put,615.0,33.2,77.0,41.1,46.0,37.150000000000006,35.98,1.0,0.2337,-0.9881,0.002,0.0117,0.0209,-0.0833,2026-08-28,571.835,589.035,571.525,577.9,411753.0,579.376165
2026-08-28T20:31:06.801,7,5,META260902P00617500,META,2026-09-02,put,617.5,36.5,11.0,43.09,11.0,39.795,,,0.2936,-0.972,0.0032,-0.0675,0.0434,-0.0824,2026-08-28,571.835,589.035,571.525,577.9,411753.0,579.376165
2026-08-28T20:31:06.801,7,5,META260902P00620000,META,2026-09-02,put,620.0,38.5,15.0,45.43,12.0,41.965,38.81,1.0,,,,,,,2026-08-28,571.835,589.035,571.525,577.9,411753.0,579.376165
2026-08-28T20:31:06.801,7,5,META260902P00622500,META,2026-09-02,put,622.5,40.68,14.0,48.79,26.0,44.735,43.56,1.0,0.3074,-0.9797,0.0024,-0.0409,0.0331,-0.0837,2026-08-28,571.835,589.035,571.525,577.9,411753.0,579.376165
2026-08-28T20:31:06.801,7,5,META260902P00625000,META,2026-09-02,put,625.0,42.74,31.0,50.97,15.0,46.855000000000004,,,,,,,,,2026-08-28,571.835,589.035,571.525,577.9,411753.0,579.376165
2026-08-28T20:31:06.801,7,5,META260902P00627500,META,2026-09-02,put,627.5,45.2,12.0,53.63,26.0,49.415000000000006,,,,,,,,,2026-08-28,571.835,589.035,571.525,577.9,411753.0,579.376165
2026-08-28T20:31:06.801,7,5,META260902P00630000,META,2026-09-02,put,630.0,47.84,24.0,55.49,11.0,51.665000000000006,,,,,,,,,2026-08-28,571.835,589.035,571.525,577.9,411753.0,579.376165
2026-08-28T20:31:06.801,7,5,META260902P00632500,META,2026-09-02,put,632.5,50.55,17.0,57.56,17.0,54.055,,,,,,,,,2026-08-28,571.835,589.035,571.525,577.9,411753.0,579.376165
2026-08-28T20:31:06.801,7,5,META260902P00635000,META,2026-09-02,put,635.0,52.55,16.0,60.95,31.0,56.75,,,,,,,,,2026-08-28,571.835,589.035,571.525,577.9,411753.0,579.376165
2026-08-28T20:31:06.801,7,5,META260902P00637500,META,2026-09-02,put,637.5,56.3,16.0,63.08,11.0,59.69,,,0.3742,-0.9868,0.0013,-0.0233,0.023,-0.0863,2026-08-28,571.835,589.035,571.525,577.9,411753.0,579.376165
2026-08-28T20:31:06.801,7,5,META260902P00640000,META,2026-09-02,put,640.0,59.39,21.0,66.2,24.0,62.795,,,0.521,-0.9499,0.0029,-0.3031,0.0699,-0.0838,2026-08-28,571.835,589.035,571.525,577.9,411753.0,579.376165
2026-08-28T20:31:06.801,7,5,META260902P00642500,META,2026-09-02,put,642.5,59.98,31.0,68.29,27.0,64.135,,,,,,,,,2026-08-28,571.835,589.035,571.525,577.9,411753.0,579.376165
2026-08-28T20:31:06.801,7,5,META260902P00645000,META,2026-09-02,put,645.0,62.65,21.0,70.95,6.0,66.8,66.45,7.0,,,,,,,2026-08-28,571.835,589.035,571.525,577.9,411753.0,579.376165
2026-08-28T20:31:06.801,7,5,META260902P00647500,META,2026-09-02,put,647.5,65.69,30.0,73.91,14.0,69.8,,,0.4677,-0.9798,0.0015,-0.091,0.033,-0.0871,2026-08-28,571.835,589.035,571.525,577.9,411753.0,579.376165
2026-08-28T20:31:06.801,7,5,META260902P00650000,META,2026-09-02,put,650.0,71.13,2.0,76.16,8.0,73.645,78.21,1.0,0.6875,-0.9223,0.0031,-0.6153,0.0983,-0.0831,2026-08-28,571.835,589.035,571.525,577.9,411753.0,579.376165
2026-08-28T20:31:06.801,7,5,META260902P00655000,META,2026-09-02,put,655.0,74.59,12.0,81.81,26.0,78.2,78.4,1.0,0.6708,-0.9401,0.0026,-0.4773,0.0804,-0.0851,2026-08-28,571.835,589.035,571.525,577.9,411753.0,579.376165
2026-08-28T20:31:06.801,7,5,META260902P00660000,META,2026-09-02,put,660.0,77.84,4.0,87.25,5.0,82.545,,,0.5984,-0.9687,0.0017,-0.2212,0.0477,-0.088,2026-08-28,571.835,589.035,571.525,577.9,411753.0,579.376165
2026-08-28T20:31:06.801,7,5,META260902P00665000,META,2026-09-02,put,665.0,83.96,18.0,90.56,17.0,87.25999999999999,,,0.5475,-0.9846,0.001,-0.0783,0.0262,-0.0899,2026-08-28,571.835,589.035,571.525,577.9,411753.0,579.376165
2026-08-28T20:31:06.801,7,5,META260902P00670000,META,2026-09-02,put,670.0,87.83,35.0,95.01,12.0,91.42,,,,,,,,,2026-08-28,571.835,589.035,571.525,577.9,411753.0,579.376165
2026-08-28T20:31:06.801,7,5,META260902P00675000,META,2026-09-02,put,675.0,92.16,31.0,98.63,27.0,95.395,,,,,,,,,2026-08-28,571.835,589.035,571.525,577.9,411753.0,579.376165
2026-08-28T20:31:06.801,7,5,META260902P00680000,META,2026-09-02,put,680.0,98.11,19.0,104.41,18.0,101.25999999999999,,,,,,,,,2026-08-28,571.835,589.035,571.525,577.9,411753.0,579.376165
2026-08-28T20:31:06.801,7,5,META260902P00685000,META,2026-09-02,put,685.0,103.77,34.0,111.1,26.0,107.435,,,0.7079,-0.9778,0.0011,-0.1859,0.0357,-0.0921,2026-08-28,571.835,589.035,571.525,577.9,411753.0,579.376165
2026-08-28T20:31:06.801,7,5,META260902P00690000,META,2026-09-02,put,690.0,106.56,32.0,115.16,30.0,110.86,,,,,,,,,2026-08-28,571.835,589.035,571.525,577.9,411753.0,579.376165
2026-08-28T20:31:06.801,7,5,META260902P00695000,META,2026-09-02,put,695.0,115.12,17.0,121.84,16.0,118.48,,,0.952,-0.9452,0.0017,-0.6473,0.075,-0.091,2026-08-28,571.835,589.035,571.525,577.9,411753.0,579.376165
2026-08-28T20:31:06.801,7,5,META260902P00700000,META,2026-09-02,put,700.0,120.41,19.0,125.53,32.0,122.97,,,0.9032,-0.9608,0.0014,-0.4496,0.0573,-0.0929,2026-08-28,571.835,589.035,571.525,577.9,411753.0,579.376165
2026-08-28T20:31:06.801,7,5,META260902P00705000,META,2026-09-02,put,705.0,125.12,22.0,132.93,17.0,129.025,,,1.0787,-0.9347,0.0017,-0.8616,0.0861,-0.0916,2026-08-28,571.835,589.035,571.525,577.9,411753.0,579.376165
2026-08-28T20:31:06.801,7,5,META260902P00710000,META,2026-09-02,put,710.0,128.82,17.0,135.61,23.0,132.215,,,0.7482,-0.9895,0.0006,-0.0708,0.0188,-0.0964,2026-08-28,571.835,589.035,571.525,577.9,411753.0,579.376165
2026-08-28T20:31:06.801,7,5,META260902P00715000,META,2026-09-02,put,715.0,131.61,32.0,139.32,27.0,135.465,,,,,,,,,2026-08-28,571.835,589.035,571.525,577.9,411753.0,579.376165
2026-08-28T20:31:06.801,7,5,META260902P00720000,META,2026-09-02,put,720.0,140.58,16.0,144.41,17.0,142.495,,,0.902,-0.9788,0.0008,-0.2396,0.0344,-0.097,2026-08-28,571.835,589.035,571.525,577.9,411753.0,579.376165
2026-08-28T20:31:06.801,7,5,META260902P00725000,META,2026-09-02,put,725.0,145.74,16.0,149.42,15.0,147.57999999999998,,,,,,,,,2026-08-28,571.835,589.035,571.525,577.9,411753.0,579.376165
2026-08-28T20:31:06.801,7,5,META260902P00730000,META,2026-09-02,put,730.0,148.36,11.0,156.29,13.0,152.325,,,,,,,,,2026-08-28,571.835,589.035,571.525,577.9,411753.0,579.376165
2026-08-28T20:31:06.801,7,5,META260902P00735000,META,2026-09-02,put,735.0,150.65,16.0,161.01,11.0,155.82999999999998,,,,,,,,,2026-08-28,571.835,589.035,571.525,577.9,411753.0,579.376165
2026-08-28T20:31:06.801,7,5,META260902P00740000,META,2026-09-02,put,740.0,156.39,14.0,165.85,30.0,161.12,,,,,,,,,2026-08-28,571.835,589.035,571.525,577.9,411753.0,579.376165
2026-08-28T20:31:06.801,7,5,META260902P00745000,META,2026-09-02,put,745.0,165.79,31.0,170.25,24.0,168.01999999999998,,,,,,,,,2026-08-28,571.835,589.035,571.525,577.9,411753.0,579.376165
2026-08-28T20:31:06.801,7,5,META260902P00750000,META,2026-09-02,put,750.0,171.67,28.0,176.49,16.0,174.07999999999998,,,,,,,,,2026-08-28,571.835,589.035,571.525,577.9,411753.0,579.376165
2026-08-28T20:31:06.801,7,5,META260902P00755000,META,2026-09-02,put,755.0,171.4,35.0,182.1,18.0,176.75,,,,,,,,,2026-08-28,571.835,589.035,571.525,577.9,411753.0,579.376165
2026-08-28T20:31:06.801,7,5,META260902P00760000,META,2026-09-02,put,760.0,179.26,28.0,183.27,28.0,181.265,,,,,,,,,2026-08-28,571.835,589.035,571.525,577.9,411753.0,579.376165
2026-08-28T20:31:06.801,7,5,META260902P00765000,META,2026-09-02,put,765.0,181.52,28.0,192.99,29.0,187.255,,,,,,,,,2026-08-28,571.835,589.035,571.525,577.9,411753.0,579.376165
2026-08-28T20:31:06.801,7,5,META260902P00770000,META,2026-09-02,put,770.0,190.32,18.0,197.12,21.0,193.72,,,,,,,,,2026-08-28,571.835,589.035,571.525,577.9,411753.0,579.376165
2026-08-28T20:31:06.801,7,5,META260902P00775000,META,2026-09-02,put,775.0,195.25,26.0,197.99,16.0,196.62,,,,,,,,,2026-08-28,571.835,589.035,571.525,577.9,411753.0,579.376165
2026-08-28T20:31:06.801,7,5,META260902P00780000,META,2026-09-02,put,780.0,197.58,33.0,202.37,7.0,199.97500000000002,,,,,,,,,2026-08-28,571.835,589.035,571.525,577.9,411753.0,579.376165
2026-08-28T20:31:06.801,7,5,META260902P00785000,META,2026-09-02,put,785.0,203.41,31.0,213.13,26.0,208.26999999999998,,,,,,,,,2026-08-28,571.835,589.035,571.525,577.9,411753.0,579.376165
2026-08-28T20:31:06.801,7,5,META260902P00790000,META,2026-09-02,put,790.0,211.17,31.0,215.16,26.0,213.165,,,,,,,,,2026-08-28,571.835,589.035,571.525,577.9,411753.0,579.376165
2026-08-28T20:31:06.801,7,5,META260902P00795000,META,2026-09-02,put,795.0,210.22,34.0,219.77,16.0,214.995,,,,,,,,,2026-08-28,571.835,589.035,571.525,577.9,411753.0,579.376165
2026-08-28T20:31:06.801,7,5,META260902P00800000,META,2026-09-02,put,800.0,213.93,28.0,225.4,27.0,219.66500000000002,,,,,,,,,2026-08-28,571.835,589.035,571.525,577.9,411753.0,579.376165
2026-08-28T20:31:06.801,7,5,META260902P00805000,META,2026-09-02,put,805.0,222.14,17.0,235.01,28.0,228.575,,,,,,,,,2026-08-28,571.835,589.035,571.525,577.9,411753.0,579.376165
2026-08-28T20:31:06.801,7,5,META260902P00810000,META,2026-09-02,put,810.0,229.45,5.0,236.3,7.0,232.875,,,,,,,,,2026-08-28,571.835,589.035,571.525,577.9,411753.0,579.376165
2026-08-28T20:31:06.801,7,5,META260902P00815000,META,2026-09-02,put,815.0,236.59,12.0,244.37,9.0,240.48000000000002,,,,,,,,,2026-08-28,571.835,589.035,571.525,577.9,411753.0,579.376165
2026-08-28T20:31:06.801,7,5,META260902P00820000,META,2026-09-02,put,820.0,242.5,17.0,250.09,30.0,246.29500000000002,,,,,,,,,2026-08-28,571.835,589.035,571.525,577.9,411753.0,579.376165
2026-08-28T20:31:06.801,7,5,META260902P00825000,META,2026-09-02,put,825.0,240.69,24.0,254.13,16.0,247.41,,,,,,,,,2026-08-28,571.835,589.035,571.525,577.9,411753.0,579.376165
2026-08-28T20:31:06.801,7,5,META260902P00830000,META,2026-09-02,put,830.0,252.56,14.0,260.11,16.0,256.33500000000004,,,,,,,,,2026-08-28,571.835,589.035,571.525,577.9,411753.0,579.376165
2026-08-28T20:31:06.801,7,5,META260902P00835000,META,2026-09-02,put,835.0,255.86,27.0,261.94,19.0,258.9,,,,,,,,,2026-08-28,571.835,589.035,571.525,577.9,411753.0,579.376165
2026-08-28T20:31:06.801,7,5,META260902P00840000,META,2026-09-02,put,840.0,256.86,16.0,266.71,16.0,261.78499999999997,,,,,,,,,2026-08-28,571.835,589.035,571.525,577.9,411753.0,579.376165
2026-08-28T20:31:06.801,7,5,META260902P00845000,META,2026-09-02,put,845.0,261.399,5.0,267.33,7.0,264.3645,,,,,,,,,2026-08-28,571.835,589.035,571.525,577.9,411753.0,579.376165
2026-08-28T20:31:06.801,7,5,META260902P00850000,META,2026-09-02,put,850.0,268.47,10.0,278.93,10.0,273.70000000000005,,,,,,,,,2026-08-28,571.835,589.035,571.525,577.9,411753.0,579.376165
2026-08-28T20:31:06.801,7,5,META260902P00855000,META,2026-09-02,put,855.0,277.98,11.0,279.98,5.0,278.98,,,,,,,,,2026-08-28,571.835,589.035,571.525,577.9,411753.0,579.376165
2026-08-28T20:31:06.801,7,5,META260902P00860000,META,2026-09-02,put,860.0,278.2,8.0,281.57,3.0,279.885,,,,,,,,,2026-08-28,571.835,589.035,571.525,577.9,411753.0,579.376165
2026-08-28T20:31:06.801,7,5,META260902P00865000,META,2026-09-02,put,865.0,289.01,5.0,293.07,14.0,291.03999999999996,,,,,,,,,2026-08-28,571.835,589.035,571.525,577.9,411753.0,579.376165
2026-08-28T20:31:06.801,7,5,META260902P00870000,META,2026-09-02,put,870.0,292.47,11.0,294.89,9.0,293.68,,,,,,,,,2026-08-28,571.835,589.035,571.525,577.9,411753.0,579.376165
2026-08-28T20:31:06.801,7,5,META260902P00875000,META,2026-09-02,put,875.0,297.08,9.0,297.97,7.0,297.525,,,,,,,,,2026-08-28,571.835,589.035,571.525,577.9,411753.0,579.376165
2026-08-28T20:31:06.801,7,5,META260902P00880000,META,2026-09-02,put,880.0,301.12,19.0,308.47,11.0,304.795,,,,,,,,,2026-08-28,571.835,589.035,571.525,577.9,411753.0,579.376165
2026-08-28T20:31:06.801,7,5,META260902P00885000,META,2026-09-02,put,885.0,298.21,31.0,312.2,31.0,305.205,,,,,,,,,2026-08-28,571.835,589.035,571.525,577.9,411753.0,579.376165
2026-08-28T20:31:06.801,7,5,META260902P00890000,META,2026-09-02,put,890.0,311.25,15.0,315.69,26.0,313.47,,,,,,,,,2026-08-28,571.835,589.035,571.525,577.9,411753.0,579.376165
2026-08-28T20:31:06.801,7,5,META260902P00895000,META,2026-09-02,put,895.0,319.25,9.0,325.26,10.0,322.255,,,,,,,,,2026-08-28,571.835,589.035,571.525,577.9,411753.0,579.376165
2026-08-28T20:31:06.801,7,5,META260902P00900000,META,2026-09-02,put,900.0,315.89,20.0,319.42,10.0,317.655,,,,,,,,,2026-08-28,571.835,589.035,571.525,577.9,411753.0,579.376165
2026-08-28T20:31:06.801,7,7,META260904C00100000,META,2026-09-04,call,100.0,464.77,1.0,473.54,1.0,469.155,475.6,1.0,,,,,,,2026-08-28,571.835,589.035,571.525,577.9,411753.0,579.376165
2026-08-28T20:31:06.801,7,7,META260904C00110000,META,2026-09-04,call,110.0,471.94,4.0,475.14,6.0,473.53999999999996,,,,,,,,,2026-08-28,571.835,589.035,571.525,577.9,411753.0,579.376165
2026-08-28T20:31:06.801,7,7,META260904C00120000,META,2026-09-04,call,120.0,448.58,11.0,457.25,11.0,452.91499999999996,,,,,,,,,2026-08-28,571.835,589.035,571.525,577.9,411753.0,579.376165
2026-08-28T20:31:06.801,7,7,META260904C00130000,META,2026-09-04,call,130.0,447.37,7.0,452.5,7.0,449.935,,,,,,,,,2026-08-28,571.835,589.035,571.525,577.9,411753.0,579.376165
2026-08-28T20:31:06.801,7,7,META260904C00140000,META,2026-09-04,call,140.0,435.79,18.0,436.11,11.0,435.95000000000005,,,,,,,,,2026-08-28,571.835,589.035,571.525,577.9,411753.0,579.376165
2026-08-28T20:31:06.801,7,7,META260904C00150000,META,2026-09-04,call,150.0,432.83,3.0,439.98,2.0,436.405,407.0,1.0,,,,,,,2026-08-28,571.835,589.035,571.525,577.9,411753.0,579.376165
2026-08-28T20:31:06.801,7,7,META260904C00160000,META,2026-09-04,call,160.0,407.23,18.0,429.24,17.0,418.235,,,,,,,,,2026-08-28,571.835,589.035,571.525,577.9,411753.0,579.376165
2026-08-28T20:31:06.801,7,7,META260904C00170000,META,2026-09-04,call,170.0,411.72,4.0,418.57,4.0,415.145,,,,,,,,,2026-08-28,571.835,589.035,571.525,577.9,411753.0,579.376165
2026-08-28T20:31:06.801,7,7,META260904C00180000,META,2026-09-04,call,180.0,387.77,11.0,408.07,11.0,397.91999999999996,,,,,,,,,2026-08-28,571.835,589.035,571.525,577.9,411753.0,579.376165
2026-08-28T20:31:06.801,7,7,META260904C00190000,META,2026-09-04,call,190.0,378.24,5.0,391.52,7.0,384.88,,,,,,,,,2026-08-28,571.835,589.035,571.525,577.9,411753.0,579.376165
2026-08-28T20:31:06.801,7,7,META260904C00200000,META,2026-09-04,call,200.0,375.9,10.0,383.0,11.0,379.45,,,,,,,,,2026-08-28,571.835,589.035,571.525,577.9,411753.0,579.376165
2026-08-28T20:31:06.801,7,7,META260904C00210000,META,2026-09-04,call,210.0,366.81,4.0,369.86,4.0,368.33500000000004,,,,,,,,,2026-08-28,571.835,589.035,571.525,577.9,411753.0,579.376165
2026-08-28T20:31:06.801,7,7,META260904C00220000,META,2026-09-04,call,220.0,360.42,9.0,360.71,9.0,360.565,,,,,,,,,2026-08-28,571.835,589.035,571.525,577.9,411753.0,579.376165
2026-08-28T20:31:06.801,7,7,META260904C00230000,META,2026-09-04,call,230.0,346.01,17.0,354.01,9.0,350.01,,,,,,,,,2026-08-28,571.835,589.035,571.525,577.9,411753.0,579.376165
2026-08-28T20:31:06.801,7,7,META260904C00240000,META,2026-09-04,call,240.0,328.64,9.0,337.09,11.0,332.865,,,,,,,,,2026-08-28,571.835,589.035,571.525,577.9,411753.0,579.376165
2026-08-28T20:31:06.801,7,7,META260904C00250000,META,2026-09-04,call,250.0,322.28,17.0,329.25,10.0,325.765,,,,,,,,,2026-08-28,571.835,589.035,571.525,577.9,411753.0,579.376165
2026-08-28T20:31:06.801,7,7,META260904C00260000,META,2026-09-04,call,260.0,320.63,4.0,327.23,7.0,323.93,327.94,1.0,,,,,,,2026-08-28,571.835,589.035,571.525,577.9,411753.0,579.376165
2026-08-28T20:31:06.801,7,7,META260904C00270000,META,2026-09-04,call,270.0,303.16,9.0,307.67,19.0,305.415,,,,,,,,,2026-08-28,571.835,589.035,571.525,577.9,411753.0,579.376165
2026-08-28T20:31:06.801,7,7,META260904C00280000,META,2026-09-04,call,280.0,294.01,7.0,302.84,7.0,298.42499999999995,,,,,,,,,2026-08-28,571.835,589.035,571.525,577.9,411753.0,579.376165
2026-08-28T20:31:06.801,7,7,META260904C00290000,META,2026-09-04,call,290.0,290.48,20.0,296.31,11.0,293.395,287.0,1.0,,,,,,,2026-08-28,571.835,589.035,571.525,577.9,411753.0,579.376165
2026-08-28T20:31:06.801,7,7,META260904C00300000,META,2026-09-04,call,300.0,273.51,7.0,281.82,22.0,277.66499999999996,275.1,1.0,,,,,,,2026-08-28,571.835,589.035,571.525,577.9,411753.0,579.376165
2026-08-28T20:31:06.801,7,7,META260904C00310000,META,2026-09-04,call,310.0,269.46,11.0,274.4,11.0,271.92999999999995,269.99,2.0,,,,,,,2026-08-28,571.835,589.035,571.525,577.9,411753.0,579.376165
2026-08-28T20:31:06.801,7,7,META260904C00320000,META,2026-09-04,call,320.0,250.43,7.0,262.33,7.0,256.38,265.65,2.0,,,,,,,2026-08-28,571.835,589.035,571.525,577.9,411753.0,579.376165
2026-08-28T20:31:06.801,7,7,META260904C00330000,META,2026-09-04,call,330.0,246.6,22.0,256.47,11.0,251.53500000000003,255.55,2.0,,,,,,,2026-08-28,571.835,589.035,571.525,577.9,411753.0,579.376165
2026-08-28T20:31:06.801,7,7,META260904C00340000,META,2026-09-04,call,340.0,234.78,7.0,240.53,11.0,237.655,245.47,2.0,,,,,,,2026-08-28,571.835,589.035,571.525,577.9,411753.0,579.376165
2026-08-28T20:31:06.801,7,7,META260904C00350000,META,2026-09-04,call,350.0,225.76,10.0,227.85,10.0,226.805,,,,,,,,,2026-08-28,571.835,589.035,571.525,577.9,411753.0,579.376165
2026-08-28T20:31:06.801,7,7,META260904C00360000,META,2026-09-04,call,360.0,215.91,17.0,224.59,10.0,220.25,190.59,2.0,,,,,,,2026-08-28,571.835,589.035,571.525,577.9,411753.0,579.376165
2026-08-28T20:31:06.801,7,7,META260904C00370000,META,2026-09-04,call,370.0,207.18,11.0,208.35,20.0,207.765,162.02,2.0,,,,,,,2026-08-28,571.835,589.035,571.525,577.9,411753.0,579.376165
2026-08-28T20:31:06.801,7,7,META260904C00380000,META,2026-09-04,call,380.0,198.99,19.0,200.4,20.0,199.695,,,,,,,,,2026-08-28,571.835,589.035,571.525,577.9,411753.0,579.376165
2026-08-28T20:31:06.801,7,7,META260904C00390000,META,2026-09-04,call,390.0,183.57,18.0,194.34,10.0,188.95499999999998,142.71,2.0,,,,,,,2026-08-28,571.835,589.035,571.525,577.9,411753.0,579.376165
2026-08-28T20:31:06.801,7,7,META260904C00400000,META,2026-09-04,call,400.0,173.38,19.0,183.44,17.0,178.41,145.1,1.0,,,,,,,2026-08-28,571.835,589.035,571.525,577.9,411753.0,579.376165
2026-08-28T20:31:06.801,7,7,META260904C00405000,META,2026-09-04,call,405.0,168.84,8.0,174.41,11.0,171.625,128.21,2.0,,,,,,,2026-08-28,571.835,589.035,571.525,577.9,411753.0,579.376165
2026-08-28T20:31:06.801,7,7,META260904C00410000,META,2026-09-04,call,410.0,166.38,8.0,170.34,18.0,168.36,123.02,2.0,,,,,,,2026-08-28,571.835,589.035,571.525,577.9,411753.0,579.376165
2026-08-28T20:31:06.801,7,7,META260904C00415000,META,2026-09-04,call,415.0,157.98,18.0,167.31,9.0,162.64499999999998,119.29,2.0,,,,,,,2026-08-28,571.835,589.035,571.525,577.9,411753.0,579.376165
2026-08-28T20:31:06.801,7,7,META260904C00420000,META,2026-09-04,call,420.0,157.49,4.0,161.68,7.0,159.585,132.63,1.0,,,,,,,2026-08-28,571.835,589.035,571.525,577.9,411753.0,579.376165
2026-08-28T20:31:06.801,7,7,META260904C00425000,META,2026-09-04,call,425.0,151.1,9.0,154.15,8.0,152.625,152.59,2.0,,,,,,,2026-08-28,571.835,589.035,571.525,577.9,411753.0,579.376165
2026-08-28T20:31:06.801,7,7,META260904C00430000,META,2026-09-04,call,430.0,146.57,20.0,154.75,17.0,150.66,,,,,,,,,2026-08-28,571.835,589.035,571.525,577.9,411753.0,579.376165
2026-08-28T20:31:06.801,7,7,META260904C00435000,META,2026-09-04,call,435.0,141.55,11.0,146.04,11.0,143.79500000000002,114.37,1.0,,,,,,,2026-08-28,571.835,589.035,571.525,577.9,411753.0,579.376165
2026-08-28T20:31:06.801,7,7,META260904C00440000,META,2026-09-04,call,440.0,136.77,22.0,140.2,25.0,138.485,,,,,,,,,2026-08-28,571.835,589.035,571.525,577.9,411753.0,579.376165
2026-08-28T20:31:06.801,7,7,META260904C00445000,META,2026-09-04,call,445.0,130.09,23.0,135.58,23.0,132.835,89.79,1.0,,,,,,,2026-08-28,571.835,589.035,571.525,577.9,411753.0,579.376165
2026-08-28T20:31:06.801,7,7,META260904C00450000,META,2026-09-04,call,450.0,124.98,20.0,133.23,25.0,129.105,111.0,1.0,,,,,,,2026-08-28,571.835,589.035,571.525,577.9,411753.0,579.376165
2026-08-28T20:31:06.801,7,7,META260904C00455000,META,2026-09-04,call,455.0,119.54,18.0,124.91,26.0,122.225,96.32,1.0,,,,,,,2026-08-28,571.835,589.035,571.525,577.9,411753.0,579.376165
2026-08-28T20:31:06.801,7,7,META260904C00460000,META,2026-09-04,call,460.0,114.98,24.0,124.45,26.0,119.715,91.3,1.0,1.0407,0.9512,0.0012,-0.6443,0.0809,0.0824,2026-08-28,571.835,589.035,571.525,577.9,411753.0,579.376165
2026-08-28T20:31:06.801,7,7,META260904C00465000,META,2026-09-04,call,465.0,111.76,22.0,119.33,30.0,115.545,84.98,1.0,1.0901,0.9353,0.0014,-0.8291,0.101,0.0814,2026-08-28,571.835,589.035,571.525,577.9,411753.0,579.376165
2026-08-28T20:31:06.801,7,7,META260904C00470000,META,2026-09-04,call,470.0,107.2,20.0,112.4,24.0,109.80000000000001,80.92,1.0,0.9696,0.946,0.0014,-0.6505,0.0876,0.0837,2026-08-28,571.835,589.035,571.525,577.9,411753.0,579.376165
2026-08-28T20:31:06.801,7,7,META260904C00475000,META,2026-09-04,call,475.0,99.71,21.0,105.48,26.0,102.595,102.77,2.0,,,,,,,2026-08-28,571.835,589.035,571.525,577.9,411753.0,579.376165
2026-08-28T20:31:06.801,7,7,META260904C00477500,META,2026-09-04,call,477.5,96.03,23.0,104.74,11.0,100.38499999999999,78.92,1.0,,,,,,,2026-08-28,571.835,589.035,571.525,577.9,411753.0,579.376165
2026-08-28T20:31:06.801,7,7,META260904C00480000,META,2026-09-04,call,480.0,96.39,24.0,103.55,24.0,99.97,76.59,1.0,0.9069,0.9385,0.0017,-0.6735,0.0972,0.0848,2026-08-28,571.835,589.035,571.525,577.9,411753.0,579.376165
2026-08-28T20:31:06.801,7,7,META260904C00482500,META,2026-09-04,call,482.5,91.82,12.0,100.98,23.0,96.4,75.22,1.0,0.757,0.9621,0.0014,-0.4026,0.066,0.0881,2026-08-28,571.835,589.035,571.525,577.9,411753.0,579.376165
2026-08-28T20:31:06.801,7,7,META260904C00485000,META,2026-09-04,call,485.0,88.82,23.0,95.33,23.0,92.07499999999999,79.53,1.0,,,,,,,2026-08-28,571.835,589.035,571.525,577.9,411753.0,579.376165
2026-08-28T20:31:06.801,7,7,META260904C00487500,META,2026-09-04,call,487.5,86.13,14.0,93.53,7.0,89.83,77.9,1.0,,,,,,,2026-08-28,571.835,589.035,571.525,577.9,411753.0,579.376165
2026-08-28T20:31:06.801,7,7,META260904C00490000,META,2026-09-04,call,490.0,84.33,12.0,93.02,12.0,88.675,86.6,1.0,0.6677,0.9666,0.0014,-0.3305,0.0595,0.0901,2026-08-28,571.835,589.035,571.525,577.9,411753.0,579.376165
2026-08-28T20:31:06.801,7,7,META260904C00492500,META,2026-09-04,call,492.5,82.96,11.0,88.75,12.0,85.85499999999999,73.15,1.0,0.5881,0.9776,0.0011,-0.2268,0.0426,0.0918,2026-08-28,571.835,589.035,571.525,577.9,411753.0,579.376165
2026-08-28T20:31:06.801,7,7,META260904C00495000,META,2026-09-04,call,495.0,81.59,22.0,86.35,22.0,83.97,70.65,1.0,0.676,0.9557,0.0017,-0.4081,0.0749,0.0898,2026-08-28,571.835,589.035,571.525,577.9,411753.0,579.376165
2026-08-28T20:31:06.801,7,7,META260904C00497500,META,2026-09-04,call,497.5,78.59,12.0,85.67,12.0,82.13,81.65,1.0,0.733,0.9368,0.0021,-0.5652,0.0992,0.088,2026-08-28,571.835,589.035,571.525,577.9,411753.0,579.376165
2026-08-28T20:31:06.801,7,7,META260904C00500000,META,2026-09-04,call,500.0,75.07,16.0,81.51,16.0,78.28999999999999,75.65,1.0,0.5242,0.979,0.0012,-0.1997,0.0404,0.0934,2026-08-28,571.835,589.035,571.525,577.9,411753.0,579.376165
2026-08-28T20:31:06.801,7,7,META260904C00502500,META,2026-09-04,call,502.5,73.41,15.0,79.73,14.0,76.57,73.89,1.0,0.6339,0.9494,0.0021,-0.4244,0.0833,0.0905,2026-08-28,571.835,589.035,571.525,577.9,411753.0,579.376165
2026-08-28T20:31:06.801,7,7,META260904C00505000,META,2026-09-04,call,505.0,70.03,17.0,77.22,20.0,73.625,71.69,1.0,0.5559,0.9635,0.0018,-0.3022,0.064,0.0926,2026-08-28,571.835,589.035,571.525,577.9,411753.0,579.376165
2026-08-28T20:31:06.801,7,7,META260904C00507500,META,2026-09-04,call,507.5,66.8,16.0,73.32,14.0,70.06,69.19,1.0,,,,,,,2026-08-28,571.835,589.035,571.525,577.9,411753.0,579.376165
2026-08-28T20:31:06.801,7,7,META260904C00510000,META,2026-09-04,call,510.0,64.2,45.0,72.95,22.0,68.575,65.85,1.0,0.5141,0.9636,0.0019,-0.283,0.0638,0.0936,2026-08-28,571.835,589.035,571.525,577.9,411753.0,579.376165
2026-08-28T20:31:06.801,7,7,META260904C00512500,META,2026-09-04,call,512.5,62.03,35.0,70.74,24.0,66.38499999999999,63.35,1.0,0.5392,0.9503,0.0024,-0.3641,0.0821,0.0925,2026-08-28,571.835,589.035,571.525,577.9,411753.0,579.376165
2026-08-28T20:31:06.801,7,7,META260904C00515000,META,2026-09-04,call,515.0,60.37,42.0,67.15,24.0,63.760000000000005,61.3,1.0,0.506,0.9538,0.0024,-0.3286,0.0775,0.0934,2026-08-28,571.835,589.035,571.525,577.9,411753.0,579.376165
2026-08-28T20:31:06.801,7,7,META260904C00517500,META,2026-09-04,call,517.5,58.17,30.0,63.88,13.0,61.025000000000006,58.8,1.0,0.456,0.9627,0.0022,-0.2614,0.0651,0.0949,2026-08-28,571.835,589.035,571.525,577.9,411753.0,579.376165
2026-08-28T20:31:06.801,7,7,META260904C00520000,META,2026-09-04,call,520.0,54.64,45.0,61.39,25.0,58.015,56.73,1.0,0.304,0.9943,0.0007,-0.0795,0.0129,0.099,2026-08-28,571.835,589.035,571.525,577.9,411753.0,579.376165
2026-08-28T20:31:06.801,7,7,META260904C00522500,META,2026-09-04,call,522.5,51.78,21.0,59.86,23.0,55.82,54.23,1.0,0.3887,0.9715,0.0021,-0.1953,0.0522,0.0969,2026-08-28,571.835,589.035,571.525,577.9,411753.0,579.376165
2026-08-28T20:31:06.801,7,7,META260904C00525000,META,2026-09-04,call,525.0,50.67,34.0,57.82,17.0,54.245000000000005,53.5,1.0,0.4858,0.9283,0.0035,-0.4276,0.1094,0.0924,2026-08-28,571.835,589.035,571.525,577.9,411753.0,579.376165
2026-08-28T20:31:06.801,7,7,META260904C00527500,META,2026-09-04,call,527.5,48.72,37.0,55.84,19.0,52.28,49.13,1.0,0.5108,0.9079,0.004,-0.5291,0.1321,0.0905,2026-08-28,571.835,589.035,571.525,577.9,411753.0,579.376165
2026-08-28T20:31:06.801,7,7,META260904C00530000,META,2026-09-04,call,530.0,47.78,16.0,51.62,13.0,49.7,48.65,1.0,0.485,0.9074,0.0043,-0.5069,0.1327,0.091,2026-08-28,571.835,589.035,571.525,577.9,411753.0,579.376165
2026-08-28T20:31:06.801,7,7,META260904C00532500,META,2026-09-04,call,532.5,42.84,16.0,49.9,14.0,46.370000000000005,44.42,1.0,0.3951,0.9365,0.0039,-0.3302,0.0996,0.0949,2026-08-28,571.835,589.035,571.525,577.9,411753.0,579.376165
2026-08-28T20:31:06.801,7,7,META260904C00535000,META,2026-09-04,call,535.0,41.38,302.0,46.99,312.0,44.185,43.0,1.0,0.4056,0.92,0.0046,-0.3932,0.119,0.0934,2026-08-28,571.835,589.035,571.525,577.9,411753.0,579.376165
2026-08-28T20:31:06.801,7,7,META260904C00537500,META,2026-09-04,call,537.5,37.5,17.0,46.43,33.0,41.965,39.79,1.0,0.4085,0.9054,0.0052,-0.4413,0.1348,0.0922,2026-08-28,571.835,589.035,571.525,577.9,411753.0,579.376165
2026-08-28T20:31:06.801,7,7,META260904C00540000,META,2026-09-04,call,540.0,37.58,92.0,41.7,124.0,39.64,38.35,1.0,0.4013,0.8947,0.0057,-0.4653,0.1457,0.0915,2026-08-28,571.835,589.035,571.525,577.9,411753.0,579.376165
2026-08-28T20:31:06.801,7,7,META260904C00542500,META,2026-09-04,call,542.5,33.43,48.0,38.74,38.0,36.085,36.0,1.0,0.2955,0.9418,0.0049,-0.247,0.0931,0.0974,2026-08-28,571.835,589.035,571.525,577.9,411753.0,579.376165
2026-08-28T20:31:06.801,7,7,META260904C00545000,META,2026-09-04,call,545.0,33.45,82.0,38.57,223.0,36.010000000000005,33.0,1.0,0.439,0.8408,0.0069,-0.6532,0.194,0.0862,2026-08-28,571.835,589.035,571.525,577.9,411753.0,579.376165
2026-08-28T20:31:06.801,7,7,META260904C00547500,META,2026-09-04,call,547.5,31.56,115.0,35.41,231.0,33.485,31.56,2.0,0.4151,0.8345,0.0075,-0.6347,0.199,0.086,2026-08-28,571.835,589.035,571.525,577.9,411753.0,579.376165
2026-08-28T20:31:06.801,7,7,META260904C00550000,META,2026-09-04,call,550.0,29.3,153.0,32.52,204.0,30.910000000000004,30.77,2.0,0.3886,0.8289,0.0082,-0.6088,0.2032,0.0859,2026-08-28,571.835,589.035,571.525,577.9,411753.0,579.376165
2026-08-28T20:31:06.801,7,7,META260904C00552500,META,2026-09-04,call,552.5,27.09,5.0,30.66,196.0,28.875,28.57,2.0,0.3873,0.8074,0.0088,-0.6492,0.2189,0.0839,2026-08-28,571.835,589.035,571.525,577.9,411753.0,579.376165
2026-08-28T20:31:06.801,7,7,META260904C00555000,META,2026-09-04,call,555.0,24.66,27.0,28.55,106.0,26.605,26.73,2.0,0.3735,0.7914,0.0096,-0.6556,0.2296,0.0826,2026-08-28,571.835,589.035,571.525,577.9,411753.0,579.376165
2026-08-28T20:31:06.801,7,7,META260904C00557500,META,2026-09-04,call,557.5,23.81,38.0,25.89,251.0,24.85,21.59,12.0,0.3796,0.7622,0.0102,-0.7123,0.2474,0.0797,2026-08-28,571.835,589.035,571.525,577.9,411753.0,579.376165
2026-08-28T20:31:06.801,7,7,META260904C00560000,META,2026-09-04,call,560.0,20.19,94.0,23.43,71.0,21.810000000000002,22.7,2.0,0.3322,0.7615,0.0117,-0.6296,0.2478,0.0802,2026-08-28,571.835,589.035,571.525,577.9,411753.0,579.376165
2026-08-28T20:31:06.801,7,7,META260904C00562500,META,2026-09-04,call,562.5,19.66,37.0,20.96,42.0,20.310000000000002,20.61,3.0,0.3445,0.7238,0.0121,-0.6978,0.2675,0.0763,2026-08-28,571.835,589.035,571.525,577.9,411753.0,579.376165
2026-08-28T20:31:06.801,7,7,META260904C00565000,META,2026-09-04,call,565.0,17.52,45.0,19.54,299.0,18.53,18.85,1.0,0.3426,0.6927,0.0128,-0.7259,0.2811,0.0732,2026-08-28,571.835,589.035,571.525,577.9,411753.0,579.376165
2026-08-28T20:31:06.801,7,7,META260904C00567500,META,2026-09-04,call,567.5,16.35,10.0,17.5,141.0,16.925,17.1,1.0,0.344,0.6588,0.0133,-0.7574,0.2935,0.0697,2026-08-28,571.835,589.035,571.525,577.9,411753.0,579.376165
2026-08-28T20:31:06.801,7,7,META260904C00570000,META,2026-09-04,call,570.0,14.84,11.0,15.59,182.0,15.215,15.59,1.0,0.339,0.6258,0.014,-0.7684,0.3031,0.0664,2026-08-28,571.835,589.035,571.525,577.9,411753.0,579.376165
2026-08-28T20:31:06.801,7,7,META260904C00572500,META,2026-09-04,call,572.5,13.28,1.0,14.26,303.0,13.77,14.0,1.0,0.3399,0.5898,0.0143,-0.7876,0.311,0.0627,2026-08-28,571.835,589.035,571.525,577.9,411753.0,579.376165
2026-08-28T20:31:06.801,7,7,META260904C00575000,META,2026-09-04,call,575.0,11.55,147.0,12.5,1.0,12.025,12.4,1.0,0.3284,0.5547,0.015,-0.7722,0.3161,0.0591,2026-08-28,571.835,589.035,571.525,577.9,411753.0,579.376165
2026-08-28T20:31:06.801,7,7,META260904C00577500,META,2026-09-04,call,577.5,10.7,17.0,11.07,11.0,10.885,11.0,1.0,0.3332,0.5168,0.015,-0.7875,0.3188,0.0552,2026-08-28,571.835,589.035,571.525,577.9,411753.0,579.376165
2026-08-28T20:31:06.801,7,7,META260904C00580000,META,2026-09-04,call,580.0,9.51,30.0,10.05,7.0,9.780000000000001,9.75,4.0,0.3362,0.4799,0.0148,-0.7919,0.3187,0.0513,2026-08-28,571.835,589.035,571.525,577.9,411753.0,579.376165
2026-08-28T20:31:06.801,7,7,META260904C00582500,META,2026-09-04,call,582.5,8.41,37.0,9.17,148.0,8.79,8.9,1.0,0.3399,0.444,0.0145,-0.7917,0.316,0.0475,2026-08-28,571.835,589.035,571.525,577.9,411753.0,579.376165
2026-08-28T20:31:06.801,7,7,META260904C00585000,META,2026-09-04,call,585.0,7.63,6.0,7.75,39.0,7.6899999999999995,7.7,1.0,0.3372,0.4075,0.0144,-0.7706,0.3105,0.0437,2026-08-28,571.835,589.035,571.525,577.9,411753.0,579.376165
2026-08-28T20:31:06.801,7,7,META260904C00587500,META,2026-09-04,call,587.5,6.53,68.0,7.14,227.0,6.835,7.1,1.0,0.3397,0.3735,0.0139,-0.7558,0.3029,0.0401,2026-08-28,571.835,589.035,571.525,577.9,411753.0,579.376165
2026-08-28T20:31:06.801,7,7,META260904C00590000,META,2026-09-04,call,590.0,5.78,33.0,6.17,145.0,5.975,6.0,1.0,0.3393,0.3396,0.0135,-0.7289,0.293,0.0365,2026-08-28,571.835,589.035,571.525,577.9,411753.0,579.376165
2026-08-28T20:31:06.801,7,7,META260904C00592500,META,2026-09-04,call,592.5,5.03,30.0,5.43,118.0,5.23,5.32,7.0,0.34,0.3077,0.0129,-0.7004,0.2813,0.0331,2026-08-28,571.835,589.035,571.525,577.9,411753.0,579.376165
2026-08-28T20:31:06.801,7,7,META260904C00595000,META,2026-09-04,call,595.0,4.39,25.0,4.75,8.0,4.57,4.66,6.0,0.3411,0.2777,0.0123,-0.6691,0.2682,0.0299,2026-08-28,571.835,589.035,571.525,577.9,411753.0,579.376165
2026-08-28T20:31:06.801,7,7,META260904C00597500,META,2026-09-04,call,597.5,3.94,38.0,4.27,144.0,4.1049999999999995,4.09,1.0,0.3472,0.2528,0.0115,-0.6483,0.2557,0.0272,2026-08-28,571.835,589.035,571.525,577.9,411753.0,579.376165
2026-08-28T20:31:06.801,7,7,META260904C00600000,META,2026-09-04,call,600.0,3.45,1.0,3.55,37.0,3.5,3.52,1.0,0.3454,0.2246,0.0108,-0.6038,0.2397,0.0242,2026-08-28,571.835,589.035,571.525,577.9,411753.0,579.376165
2026-08-28T20:31:06.801,7,7,META260904C00602500,META,2026-09-04,call,602.5,2.91,162.0,3.36,228.0,3.135,3.2,1.0,0.3512,0.2036,0.0101,-0.5791,0.2263,0.0219,2026-08-28,571.835,589.035,571.525,577.9,411753.0,579.376165
2026-08-28T20:31:06.801,7,7,META260904C00605000,META,2026-09-04,call,605.0,2.43,253.0,2.74,351.0,2.585,2.7,3.0,0.3462,0.1768,0.0094,-0.5231,0.2075,0.0191,2026-08-28,571.835,589.035,571.525,577.9,411753.0,579.376165
2026-08-28T20:31:06.801,7,7,META260904C00607500,META,2026-09-04,call,607.5,2.1,258.0,2.5,328.0,2.3,2.42,1.0,0.3514,0.1591,0.0086,-0.4957,0.1939,0.0172,2026-08-28,571.835,589.035,571.525,577.9,411753.0,579.376165
2026-08-28T20:31:06.801,7,7,META260904C00610000,META,2026-09-04,call,610.0,1.96,53.0,2.02,37.0,1.99,2.02,1.0,0.3534,0.1409,0.0079,-0.4594,0.1788,0.0152,2026-08-28,571.835,589.035,571.525,577.9,411753.0,579.376165
2026-08-28T20:31:06.801,7,7,META260904C00612500,META,2026-09-04,call,612.5,1.6,375.0,1.84,246.0,1.7200000000000002,1.81,3.0,0.3555,0.1245,0.0072,-0.424,0.1642,0.0135,2026-08-28,571.835,589.035,571.525,577.9,411753.0,579.376165
2026-08-28T20:31:06.801,7,7,META260904C00615000,META,2026-09-04,call,615.0,1.35,425.0,1.56,225.0,1.455,1.53,1.0,0.3556,0.1084,0.0065,-0.3843,0.1489,0.0117,2026-08-28,571.835,589.035,571.525,577.9,411753.0,579.376165
2026-08-28T20:31:06.801,7,7,META260904C00617500,META,2026-09-04,call,617.5,1.25,79.0,1.42,209.0,1.335,1.35,5.0,0.3638,0.0991,0.006,-0.368,0.1395,0.0107,2026-08-28,571.835,589.035,571.525,577.9,411753.0,579.376165
2026-08-28T20:31:06.801,7,7,META260904C00620000,META,2026-09-04,call,620.0,1.1,44.0,1.12,3.0,1.11,1.12,3.0,0.3626,0.0851,0.0054,-0.3276,0.1246,0.0092,2026-08-28,571.835,589.035,571.525,577.9,411753.0,579.376165
2026-08-28T20:31:06.801,7,7,META260904C00622500,META,2026-09-04,call,622.5,0.94,33.0,1.12,159.0,1.03,1.0,1.0,0.3714,0.0784,0.0049,-0.315,0.1171,0.0085,2026-08-28,571.835,589.035,571.525,577.9,411753.0,579.376165
2026-08-28T20:31:06.801,7,7,META260904C00625000,META,2026-09-04,call,625.0,0.83,18.0,0.89,200.0,0.86,0.86,1.0,0.3709,0.0673,0.0044,-0.2799,0.1042,0.0073,2026-08-28,571.835,589.035,571.525,577.9,411753.0,579.376165
2026-08-28T20:31:06.801,7,7,META260904C00627500,META,2026-09-04,call,627.5,0.71,62.0,0.74,53.0,0.725,0.74,1.0,0.3715,0.0581,0.0039,-0.2498,0.0929,0.0063,2026-08-28,571.835,589.035,571.525,577.9,411753.0,579.376165
2026-08-28T20:31:06.801,7,7,META260904C00630000,META,2026-09-04,call,630.0,0.62,26.0,0.68,31.0,0.65,0.65,1.0,0.377,0.0522,0.0035,-0.2329,0.0854,0.0057,2026-08-28,571.835,589.035,571.525,577.9,411753.0,579.376165
2026-08-28T20:31:06.801,7,7,META260904C00632500,META,2026-09-04,call,632.5,0.54,57.0,0.63,171.0,0.585,0.63,1.0,0.3826,0.0471,0.0032,-0.2176,0.0786,0.0051,2026-08-28,571.835,589.035,571.525,577.9,411753.0,579.376165
2026-08-28T20:31:06.801,7,7,META260904C00635000,META,2026-09-04,call,635.0,0.44,32.0,0.54,110.0,0.49,0.49,2.0,0.3829,0.0403,0.0028,-0.1921,0.0694,0.0044,2026-08-28,571.835,589.035,571.525,577.9,411753.0,579.376165
2026-08-28T20:31:06.801,7,7,META260904C00637500,META,2026-09-04,call,637.5,0.37,53.0,0.52,134.0,0.445,0.44,1.0,0.389,0.0366,0.0026,-0.1802,0.0641,0.004,2026-08-28,571.835,589.035,571.525,577.9,411753.0,579.376165
2026-08-28T20:31:06.801,7,7,META260904C00640000,META,2026-09-04,call,640.0,0.33,48.0,0.37,1.0,0.35,0.35,1.0,0.3853,0.0299,0.0022,-0.151,0.0543,0.0032,2026-08-28,571.835,589.035,571.525,577.9,411753.0,579.376165
2026-08-28T20:31:06.801,7,7,META260904C00642500,META,2026-09-04,call,642.5,0.32,58.0,0.41,203.0,0.365,0.32,1.0,0.4002,0.03,0.0021,-0.1573,0.0544,0.0033,2026-08-28,571.835,589.035,571.525,577.9,411753.0,579.376165
2026-08-28T20:31:06.801,7,7,META260904C00645000,META,2026-09-04,call,645.0,0.25,119.0,0.37,162.0,0.31,0.27,1.0,0.4015,0.0259,0.0019,-0.1396,0.0482,0.0028,2026-08-28,571.835,589.035,571.525,577.9,411753.0,579.376165
2026-08-28T20:31:06.801,7,7,META260904C00647500,META,2026-09-04,call,647.5,0.19,85.0,0.27,380.0,0.23,0.27,1.0,0.3946,0.0202,0.0015,-0.1112,0.039,0.0022,2026-08-28,571.835,589.035,571.525,577.9,411753.0,579.376165
2026-08-28T20:31:06.801,7,7,META260904C00650000,META,2026-09-04,call,650.0,0.21,222.0,0.25,110.0,0.22999999999999998,0.21,1.0,0.4059,0.0197,0.0015,-0.1119,0.0382,0.0021,2026-08-28,571.835,589.035,571.525,577.9,411753.0,579.376165
2026-08-28T20:31:06.801,7,7,META260904C00652500,META,2026-09-04,call,652.5,0.14,187.0,0.31,87.0,0.225,0.24,1.0,0.4157,0.0189,0.0014,-0.1107,0.0369,0.0021,2026-08-28,571.835,589.035,571.525,577.9,411753.0,579.376165
2026-08-28T20:31:06.801,7,7,META260904C00655000,META,2026-09-04,call,655.0,0.16,115.0,0.26,156.0,0.21000000000000002,0.18,1.0,0.4225,0.0175,0.0013,-0.1055,0.0346,0.0019,2026-08-28,571.835,589.035,571.525,577.9,411753.0,579.376165
2026-08-28T20:31:06.801,7,7,META260904C00657500,META,2026-09-04,call,657.5,0.13,207.0,0.22,188.0,0.175,0.15,1.0,0.4225,0.0149,0.0011,-0.0917,0.0301,0.0016,2026-08-28,571.835,589.035,571.525,577.9,411753.0,579.376165
2026-08-28T20:31:06.801,7,7,META260904C00660000,META,2026-09-04,call,660.0,0.12,192.0,0.27,156.0,0.195,0.14,1.0,0.4396,0.0158,0.0011,-0.1006,0.0318,0.0017,2026-08-28,571.835,589.035,571.525,577.9,411753.0,579.376165
2026-08-28T20:31:06.801,7,7,META260904C00662500,META,2026-09-04,call,662.5,0.13,58.0,0.14,55.0,0.135,0.17,3.0,0.4286,0.0116,0.0009,-0.0752,0.0243,0.0013,2026-08-28,571.835,589.035,571.525,577.9,411753.0,579.376165
2026-08-28T20:31:06.801,7,7,META260904C00665000,META,2026-09-04,call,665.0,0.07,160.0,0.14,78.0,0.10500000000000001,0.14,1.0,0.4252,0.0093,0.0007,-0.0615,0.0201,0.001,2026-08-28,571.835,589.035,571.525,577.9,411753.0,579.376165
2026-08-28T20:31:06.801,7,7,META260904C00670000,META,2026-09-04,call,670.0,0.1,62.0,0.15,235.0,0.125,0.1,2.0,0.4545,0.0103,0.0008,-0.0717,0.0219,0.0011,2026-08-28,571.835,589.035,571.525,577.9,411753.0,579.376165
2026-08-28T20:31:06.801,7,7,META260904C00675000,META,2026-09-04,call,675.0,0.09,54.0,0.12,37.0,0.105,0.09,1.0,0.4642,0.0086,0.0006,-0.0627,0.0188,0.0009,2026-08-28,571.835,589.035,571.525,577.9,411753.0,579.376165
2026-08-28T20:31:06.801,7,7,META260904C00680000,META,2026-09-04,call,680.0,0.03,217.0,0.11,57.0,0.07,0.09,1.0,0.4613,0.006,0.0005,-0.0452,0.0136,0.0007,2026-08-28,571.835,589.035,571.525,577.9,411753.0,579.376165
2026-08-28T20:31:06.801,7,7,META260904C00685000,META,2026-09-04,call,685.0,0.02,110.0,0.11,134.0,0.065,0.07,1.0,0.4757,0.0055,0.0004,-0.0428,0.0125,0.0006,2026-08-28,571.835,589.035,571.525,577.9,411753.0,579.376165
2026-08-28T20:31:06.801,7,7,META260904C00690000,META,2026-09-04,call,690.0,0.02,29.0,0.11,289.0,0.065,0.05,1.0,0.4936,0.0053,0.0004,-0.0431,0.0122,0.0006,2026-08-28,571.835,589.035,571.525,577.9,411753.0,579.376165
2026-08-28T20:31:06.801,7,7,META260904C00695000,META,2026-09-04,call,695.0,0.01,106.0,0.11,150.0,0.06,0.05,30.0,0.507,0.0048,0.0003,-0.0406,0.0111,0.0005,2026-08-28,571.835,589.035,571.525,577.9,411753.0,579.376165
2026-08-28T20:31:06.801,7,7,META260904C00700000,META,2026-09-04,call,700.0,0.06,10.0,0.07,200.0,0.065,0.06,10.0,0.5288,0.005,0.0003,-0.0437,0.0115,0.0005,2026-08-28,571.835,589.035,571.525,577.9,411753.0,579.376165
2026-08-28T20:31:06.801,7,7,META260904C00705000,META,2026-09-04,call,705.0,0.01,5.0,0.05,102.0,0.030000000000000002,0.05,5.0,0.5055,0.0025,0.0002,-0.0229,0.0063,0.0003,2026-08-28,571.835,589.035,571.525,577.9,411753.0,579.376165
2026-08-28T20:31:06.801,7,7,META260904C00710000,META,2026-09-04,call,710.0,0.03,169.0,0.08,140.0,0.055,0.05,1.0,0.5536,0.0041,0.0003,-0.0385,0.0097,0.0004,2026-08-28,571.835,589.035,571.525,577.9,411753.0,579.376165
2026-08-28T20:31:06.801,7,7,META260904C00715000,META,2026-09-04,call,715.0,0.01,78.0,0.07,125.0,0.04,0.01,1.0,0.5525,0.0031,0.0002,-0.0296,0.0074,0.0003,2026-08-28,571.835,589.035,571.525,577.9,411753.0,579.376165
2026-08-28T20:31:06.801,7,7,META260904C00720000,META,2026-09-04,call,720.0,0.01,19.0,0.08,37.0,0.045,0.03,1.0,0.5752,0.0033,0.0002,-0.0328,0.0079,0.0004,2026-08-28,571.835,589.035,571.525,577.9,411753.0,579.376165
2026-08-28T20:31:06.801,7,7,META260904C00725000,META,2026-09-04,call,725.0,0.0,0.0,0.04,207.0,0.02,0.03,5.0,,,,,,,2026-08-28,571.835,589.035,571.525,577.9,411753.0,579.376165
2026-08-28T20:31:06.801,7,7,META260904C00730000,META,2026-09-04,call,730.0,0.03,23.0,0.24,283.0,0.135,0.04,1.0,0.6826,0.0077,0.0004,-0.0832,0.017,0.0008,2026-08-28,571.835,589.035,571.525,577.9,411753.0,579.376165
2026-08-28T20:31:06.801,7,7,META260904C00735000,META,2026-09-04,call,735.0,0.0,0.0,0.09,2.0,0.045,0.03,1.0,,,,,,,2026-08-28,571.835,589.035,571.525,577.9,411753.0,579.376165
2026-08-28T20:31:06.801,7,7,META260904C00740000,META,2026-09-04,call,740.0,0.0,0.0,0.23,4.0,0.115,0.08,1.0,,,,,,,2026-08-28,571.835,589.035,571.525,577.9,411753.0,579.376165
2026-08-28T20:31:06.801,7,7,META260904C00745000,META,2026-09-04,call,745.0,0.01,3.0,0.03,15.0,0.02,0.12,1.0,0.6079,0.0015,0.0001,-0.0168,0.0038,0.0002,2026-08-28,571.835,589.035,571.525,577.9,411753.0,579.376165
2026-08-28T20:31:06.801,7,7,META260904C00750000,META,2026-09-04,call,750.0,0.0,0.0,0.23,195.0,0.115,0.1,1.0,,,,,,,2026-08-28,571.835,589.035,571.525,577.9,411753.0,579.376165
2026-08-28T20:31:06.801,7,7,META260904C00755000,META,2026-09-04,call,755.0,0.0,0.0,0.01,297.0,0.005,0.01,3.0,,,,,,,2026-08-28,571.835,589.035,571.525,577.9,411753.0,579.376165
2026-08-28T20:31:06.801,7,7,META260904C00760000,META,2026-09-04,call,760.0,0.0,0.0,0.03,20.0,0.015,0.1,1.0,,,,,,,2026-08-28,571.835,589.035,571.525,577.9,411753.0,579.376165
2026-08-28T20:31:06.801,7,7,META260904C00765000,META,2026-09-04,call,765.0,0.0,0.0,0.01,17.0,0.005,0.01,1.0,,,,,,,2026-08-28,571.835,589.035,571.525,577.9,411753.0,579.376165
2026-08-28T20:31:06.801,7,7,META260904C00770000,META,2026-09-04,call,770.0,0.0,0.0,0.03,20.0,0.015,0.06,2.0,,,,,,,2026-08-28,571.835,589.035,571.525,577.9,411753.0,579.376165
2026-08-28T20:31:06.801,7,7,META260904C00775000,META,2026-09-04,call,775.0,0.0,0.0,0.01,19.0,0.005,0.01,1.0,,,,,,,2026-08-28,571.835,589.035,571.525,577.9,411753.0,579.376165
2026-08-28T20:31:06.801,7,7,META260904C00780000,META,2026-09-04,call,780.0,0.0,0.0,0.03,19.0,0.015,0.01,1.0,,,,,,,2026-08-28,571.835,589.035,571.525,577.9,411753.0,579.376165
2026-08-28T20:31:06.801,7,7,META260904C00785000,META,2026-09-04,call,785.0,0.0,0.0,0.12,2.0,0.06,0.12,1.0,,,,,,,2026-08-28,571.835,589.035,571.525,577.9,411753.0,579.376165
2026-08-28T20:31:06.801,7,7,META260904C00790000,META,2026-09-04,call,790.0,0.0,0.0,0.08,2.0,0.04,0.12,1.0,,,,,,,2026-08-28,571.835,589.035,571.525,577.9,411753.0,579.376165
2026-08-28T20:31:06.801,7,7,META260904C00795000,META,2026-09-04,call,795.0,0.0,0.0,0.52,1.0,0.26,0.05,5.0,,,,,,,2026-08-28,571.835,589.035,571.525,577.9,411753.0,579.376165
2026-08-28T20:31:06.801,7,7,META260904C00800000,META,2026-09-04,call,800.0,0.0,0.0,0.03,20.0,0.015,0.01,3.0,,,,,,,2026-08-28,571.835,589.035,571.525,577.9,411753.0,579.376165
2026-08-28T20:31:06.801,7,7,META260904C00805000,META,2026-09-04,call,805.0,0.0,0.0,0.74,85.0,0.37,0.03,1.0,,,,,,,2026-08-28,571.835,589.035,571.525,577.9,411753.0,579.376165
2026-08-28T20:31:06.801,7,7,META260904C00810000,META,2026-09-04,call,810.0,0.0,0.0,0.13,17.0,0.065,0.01,3.0,,,,,,,2026-08-28,571.835,589.035,571.525,577.9,411753.0,579.376165
2026-08-28T20:31:06.801,7,7,META260904C00815000,META,2026-09-04,call,815.0,0.0,0.0,0.95,13.0,0.475,0.06,2.0,,,,,,,2026-08-28,571.835,589.035,571.525,577.9,411753.0,579.376165
2026-08-28T20:31:06.801,7,7,META260904C00820000,META,2026-09-04,call,820.0,0.0,0.0,0.77,14.0,0.385,0.08,2.0,,,,,,,2026-08-28,571.835,589.035,571.525,577.9,411753.0,579.376165
2026-08-28T20:31:06.801,7,7,META260904C00825000,META,2026-09-04,call,825.0,0.0,0.0,1.01,13.0,0.505,0.09,1.0,,,,,,,2026-08-28,571.835,589.035,571.525,577.9,411753.0,579.376165
2026-08-28T20:31:06.801,7,7,META260904C00830000,META,2026-09-04,call,830.0,0.0,0.0,0.98,13.0,0.49,0.17,1.0,,,,,,,2026-08-28,571.835,589.035,571.525,577.9,411753.0,579.376165
2026-08-28T20:31:06.801,7,7,META260904C00835000,META,2026-09-04,call,835.0,0.0,0.0,1.02,10.0,0.51,0.04,1.0,,,,,,,2026-08-28,571.835,589.035,571.525,577.9,411753.0,579.376165
2026-08-28T20:31:06.801,7,7,META260904C00840000,META,2026-09-04,call,840.0,0.0,0.0,1.02,143.0,0.51,0.01,1.0,,,,,,,2026-08-28,571.835,589.035,571.525,577.9,411753.0,579.376165
2026-08-28T20:31:06.801,7,7,META260904C00845000,META,2026-09-04,call,845.0,0.0,0.0,0.98,258.0,0.49,0.01,1.0,,,,,,,2026-08-28,571.835,589.035,571.525,577.9,411753.0,579.376165
2026-08-28T20:31:06.801,7,7,META260904C00850000,META,2026-09-04,call,850.0,0.0,0.0,0.88,1.0,0.44,0.01,1.0,,,,,,,2026-08-28,571.835,589.035,571.525,577.9,411753.0,579.376165
2026-08-28T20:31:06.801,7,7,META260904C00855000,META,2026-09-04,call,855.0,0.0,0.0,1.03,13.0,0.515,0.01,1.0,,,,,,,2026-08-28,571.835,589.035,571.525,577.9,411753.0,579.376165
2026-08-28T20:31:06.801,7,7,META260904C00860000,META,2026-09-04,call,860.0,0.0,0.0,0.79,140.0,0.395,0.01,1.0,,,,,,,2026-08-28,571.835,589.035,571.525,577.9,411753.0,579.376165
2026-08-28T20:31:06.801,7,7,META260904C00865000,META,2026-09-04,call,865.0,0.0,0.0,0.01,196.0,0.005,0.01,1.0,,,,,,,2026-08-28,571.835,589.035,571.525,577.9,411753.0,579.376165
2026-08-28T20:31:06.801,7,7,META260904C00870000,META,2026-09-04,call,870.0,0.0,0.0,0.01,90.0,0.005,0.01,1.0,,,,,,,2026-08-28,571.835,589.035,571.525,577.9,411753.0,579.376165
2026-08-28T20:31:06.801,7,7,META260904C00875000,META,2026-09-04,call,875.0,0.0,0.0,0.01,16.0,0.005,0.01,4.0,,,,,,,2026-08-28,571.835,589.035,571.525,577.9,411753.0,579.376165
2026-08-28T20:31:06.801,7,7,META260904C00880000,META,2026-09-04,call,880.0,0.0,0.0,0.8,289.0,0.4,0.01,1.0,,,,,,,2026-08-28,571.835,589.035,571.525,577.9,411753.0,579.376165
2026-08-28T20:31:06.801,7,7,META260904C00885000,META,2026-09-04,call,885.0,0.0,0.0,0.79,191.0,0.395,0.01,9.0,,,,,,,2026-08-28,571.835,589.035,571.525,577.9,411753.0,579.376165
2026-08-28T20:31:06.801,7,7,META260904C00890000,META,2026-09-04,call,890.0,0.0,0.0,0.99,13.0,0.495,0.01,1.0,,,,,,,2026-08-28,571.835,589.035,571.525,577.9,411753.0,579.376165
2026-08-28T20:31:06.801,7,7,META260904C00895000,META,2026-09-04,call,895.0,0.0,0.0,0.83,45.0,0.415,0.01,1.0,,,,,,,2026-08-28,571.835,589.035,571.525,577.9,411753.0,579.376165
2026-08-28T20:31:06.801,7,7,META260904C00900000,META,2026-09-04,call,900.0,0.0,0.0,0.14,3.0,0.07,0.01,2.0,,,,,,,2026-08-28,571.835,589.035,571.525,577.9,411753.0,579.376165
2026-08-28T20:31:06.801,7,7,META260904C00905000,META,2026-09-04,call,905.0,0.0,0.0,1.12,5.0,0.56,0.01,1.0,,,,,,,2026-08-28,571.835,589.035,571.525,577.9,411753.0,579.376165
2026-08-28T20:31:06.801,7,7,META260904C00910000,META,2026-09-04,call,910.0,0.0,0.0,0.83,24.0,0.415,0.01,10.0,,,,,,,2026-08-28,571.835,589.035,571.525,577.9,411753.0,579.376165
2026-08-28T20:31:06.801,7,7,META260904C00915000,META,2026-09-04,call,915.0,0.0,0.0,1.03,13.0,0.515,0.01,1.0,,,,,,,2026-08-28,571.835,589.035,571.525,577.9,411753.0,579.376165
2026-08-28T20:31:06.801,7,7,META260904C00920000,META,2026-09-04,call,920.0,0.0,0.0,0.15,1.0,0.075,0.01,4.0,,,,,,,2026-08-28,571.835,589.035,571.525,577.9,411753.0,579.376165
2026-08-28T20:31:06.801,7,7,META260904C00925000,META,2026-09-04,call,925.0,0.0,0.0,0.79,28.0,0.395,0.01,5.0,,,,,,,2026-08-28,571.835,589.035,571.525,577.9,411753.0,579.376165
2026-08-28T20:31:06.801,7,7,META260904C00930000,META,2026-09-04,call,930.0,0.0,0.0,0.84,25.0,0.42,0.01,1.0,,,,,,,2026-08-28,571.835,589.035,571.525,577.9,411753.0,579.376165
2026-08-28T20:31:06.801,7,7,META260904C00935000,META,2026-09-04,call,935.0,0.0,0.0,0.84,24.0,0.42,0.01,9.0,,,,,,,2026-08-28,571.835,589.035,571.525,577.9,411753.0,579.376165
2026-08-28T20:31:06.801,7,7,META260904C00940000,META,2026-09-04,call,940.0,0.0,0.0,0.84,23.0,0.42,0.01,2.0,,,,,,,2026-08-28,571.835,589.035,571.525,577.9,411753.0,579.376165
2026-08-28T20:31:06.801,7,7,META260904C00945000,META,2026-09-04,call,945.0,0.0,0.0,0.06,1.0,0.03,0.03,1.0,,,,,,,2026-08-28,571.835,589.035,571.525,577.9,411753.0,579.376165
2026-08-28T20:31:06.801,7,7,META260904C00950000,META,2026-09-04,call,950.0,0.0,0.0,0.84,14.0,0.42,0.01,7.0,,,,,,,2026-08-28,571.835,589.035,571.525,577.9,411753.0,579.376165
2026-08-28T20:31:06.801,7,7,META260904C00955000,META,2026-09-04,call,955.0,0.0,0.0,0.84,25.0,0.42,0.01,1.0,,,,,,,2026-08-28,571.835,589.035,571.525,577.9,411753.0,579.376165
2026-08-28T20:31:06.801,7,7,META260904C00960000,META,2026-09-04,call,960.0,0.0,0.0,0.8,39.0,0.4,0.01,1.0,,,,,,,2026-08-28,571.835,589.035,571.525,577.9,411753.0,579.376165
2026-08-28T20:31:06.801,7,7,META260904C00965000,META,2026-09-04,call,965.0,0.0,0.0,0.8,145.0,0.4,0.01,1.0,,,,,,,2026-08-28,571.835,589.035,571.525,577.9,411753.0,579.376165
2026-08-28T20:31:06.801,7,7,META260904C00970000,META,2026-09-04,call,970.0,0.0,0.0,0.84,86.0,0.42,0.02,1.0,,,,,,,2026-08-28,571.835,589.035,571.525,577.9,411753.0,579.376165
2026-08-28T20:31:06.801,7,7,META260904C00975000,META,2026-09-04,call,975.0,0.0,0.0,1.39,1.0,0.695,0.01,3.0,,,,,,,2026-08-28,571.835,589.035,571.525,577.9,411753.0,579.376165
2026-08-28T20:31:06.801,7,7,META260904C00980000,META,2026-09-04,call,980.0,0.0,0.0,0.8,134.0,0.4,0.01,1.0,,,,,,,2026-08-28,571.835,589.035,571.525,577.9,411753.0,579.376165
2026-08-28T20:31:06.801,7,7,META260904C00985000,META,2026-09-04,call,985.0,0.0,0.0,0.13,13.0,0.065,0.01,1.0,,,,,,,2026-08-28,571.835,589.035,571.525,577.9,411753.0,579.376165
2026-08-28T20:31:06.801,7,7,META260904C00990000,META,2026-09-04,call,990.0,0.0,0.0,0.78,29.0,0.39,0.01,5.0,,,,,,,2026-08-28,571.835,589.035,571.525,577.9,411753.0,579.376165
2026-08-28T20:31:06.801,7,7,META260904C00995000,META,2026-09-04,call,995.0,0.0,0.0,0.72,25.0,0.36,0.02,1.0,,,,,,,2026-08-28,571.835,589.035,571.525,577.9,411753.0,579.376165
2026-08-28T20:31:06.801,7,7,META260904C01000000,META,2026-09-04,call,1000.0,0.0,0.0,0.03,1000.0,0.015,0.01,1.0,,,,,,,2026-08-28,571.835,589.035,571.525,577.9,411753.0,579.376165
2026-08-28T20:31:06.801,7,7,META260904C01010000,META,2026-09-04,call,1010.0,0.0,0.0,0.01,1034.0,0.005,0.01,1.0,,,,,,,2026-08-28,571.835,589.035,571.525,577.9,411753.0,579.376165
2026-08-28T20:31:06.801,7,7,META260904C01020000,META,2026-09-04,call,1020.0,0.0,0.0,0.03,1000.0,0.015,0.06,1.0,,,,,,,2026-08-28,571.835,589.035,571.525,577.9,411753.0,579.376165
2026-08-28T20:31:06.801,7,7,META260904C01030000,META,2026-09-04,call,1030.0,0.0,0.0,0.01,1034.0,0.005,0.01,1.0,,,,,,,2026-08-28,571.835,589.035,571.525,577.9,411753.0,579.376165
2026-08-28T20:31:06.801,7,7,META260904C01040000,META,2026-09-04,call,1040.0,0.0,0.0,0.01,1000.0,0.005,0.01,1.0,,,,,,,2026-08-28,571.835,589.035,571.525,577.9,411753.0,579.376165
2026-08-28T20:31:06.801,7,7,META260904C01050000,META,2026-09-04,call,1050.0,0.0,0.0,0.01,1000.0,0.005,0.01,1.0,,,,,,,2026-08-28,571.835,589.035,571.525,577.9,411753.0,579.376165
2026-08-28T20:31:06.801,7,7,META260904C01060000,META,2026-09-04,call,1060.0,0.0,0.0,0.03,1000.0,0.015,0.06,1.0,,,,,,,2026-08-28,571.835,589.035,571.525,577.9,411753.0,579.376165
2026-08-28T20:31:06.801,7,7,META260904C01070000,META,2026-09-04,call,1070.0,0.0,0.0,0.03,1000.0,0.015,0.11,1.0,,,,,,,2026-08-28,571.835,589.035,571.525,577.9,411753.0,579.376165
2026-08-28T20:31:06.801,7,7,META260904C01080000,META,2026-09-04,call,1080.0,0.0,0.0,0.03,1000.0,0.015,0.01,1.0,,,,,,,2026-08-28,571.835,589.035,571.525,577.9,411753.0,579.376165
2026-08-28T20:31:06.801,7,7,META260904C01090000,META,2026-09-04,call,1090.0,0.0,0.0,0.03,1000.0,0.015,0.01,1.0,,,,,,,2026-08-28,571.835,589.035,571.525,577.9,411753.0,579.376165
2026-08-28T20:31:06.801,7,7,META260904C01100000,META,2026-09-04,call,1100.0,0.0,0.0,0.03,1000.0,0.015,0.01,1.0,,,,,,,2026-08-28,571.835,589.035,571.525,577.9,411753.0,579.376165
2026-08-28T20:31:06.801,7,7,META260904C01110000,META,2026-09-04,call,1110.0,0.0,0.0,0.03,1000.0,0.015,0.03,8.0,,,,,,,2026-08-28,571.835,589.035,571.525,577.9,411753.0,579.376165
2026-08-28T20:31:06.801,7,7,META260904P00100000,META,2026-09-04,put,100.0,0.0,0.0,0.03,1000.0,0.015,0.01,8.0,,,,,,,2026-08-28,571.835,589.035,571.525,577.9,411753.0,579.376165
2026-08-28T20:31:06.801,7,7,META260904P00110000,META,2026-09-04,put,110.0,0.0,0.0,0.01,1000.0,0.005,0.01,1.0,,,,,,,2026-08-28,571.835,589.035,571.525,577.9,411753.0,579.376165
2026-08-28T20:31:06.801,7,7,META260904P00120000,META,2026-09-04,put,120.0,0.0,0.0,0.03,1000.0,0.015,0.12,1.0,,,,,,,2026-08-28,571.835,589.035,571.525,577.9,411753.0,579.376165
2026-08-28T20:31:06.801,7,7,META260904P00130000,META,2026-09-04,put,130.0,0.0,0.0,1.0,13.0,0.5,,,,,,,,,2026-08-28,571.835,589.035,571.525,577.9,411753.0,579.376165
2026-08-28T20:31:06.801,7,7,META260904P00140000,META,2026-09-04,put,140.0,0.0,0.0,1.04,14.0,0.52,0.02,1.0,,,,,,,2026-08-28,571.835,589.035,571.525,577.9,411753.0,579.376165
2026-08-28T20:31:06.801,7,7,META260904P00150000,META,2026-09-04,put,150.0,0.0,0.0,1.04,10.0,0.52,0.13,1.0,,,,,,,2026-08-28,571.835,589.035,571.525,577.9,411753.0,579.376165
2026-08-28T20:31:06.801,7,7,META260904P00160000,META,2026-09-04,put,160.0,0.0,0.0,1.04,13.0,0.52,,,,,,,,,2026-08-28,571.835,589.035,571.525,577.9,411753.0,579.376165
2026-08-28T20:31:06.801,7,7,META260904P00170000,META,2026-09-04,put,170.0,0.0,0.0,1.04,13.0,0.52,0.12,1.0,,,,,,,2026-08-28,571.835,589.035,571.525,577.9,411753.0,579.376165
2026-08-28T20:31:06.801,7,7,META260904P00180000,META,2026-09-04,put,180.0,0.0,0.0,1.04,13.0,0.52,,,,,,,,,2026-08-28,571.835,589.035,571.525,577.9,411753.0,579.376165
2026-08-28T20:31:06.801,7,7,META260904P00190000,META,2026-09-04,put,190.0,0.0,0.0,1.0,13.0,0.5,0.01,8.0,,,,,,,2026-08-28,571.835,589.035,571.525,577.9,411753.0,579.376165
2026-08-28T20:31:06.801,7,7,META260904P00200000,META,2026-09-04,put,200.0,0.0,0.0,1.0,13.0,0.5,2.13,1.0,,,,,,,2026-08-28,571.835,589.035,571.525,577.9,411753.0,579.376165
2026-08-28T20:31:06.801,7,7,META260904P00210000,META,2026-09-04,put,210.0,0.0,0.0,1.04,13.0,0.52,0.01,9.0,,,,,,,2026-08-28,571.835,589.035,571.525,577.9,411753.0,579.376165
2026-08-28T20:31:06.801,7,7,META260904P00220000,META,2026-09-04,put,220.0,0.0,0.0,1.04,13.0,0.52,0.1,1.0,,,,,,,2026-08-28,571.835,589.035,571.525,577.9,411753.0,579.376165
2026-08-28T20:31:06.801,7,7,META260904P00230000,META,2026-09-04,put,230.0,0.0,0.0,1.04,13.0,0.52,,,,,,,,,2026-08-28,571.835,589.035,571.525,577.9,411753.0,579.376165
2026-08-28T20:31:06.801,7,7,META260904P00240000,META,2026-09-04,put,240.0,0.0,0.0,1.0,13.0,0.5,,,,,,,,,2026-08-28,571.835,589.035,571.525,577.9,411753.0,579.376165
2026-08-28T20:31:06.801,7,7,META260904P00250000,META,2026-09-04,put,250.0,0.0,0.0,0.01,1.0,0.005,0.03,4.0,,,,,,,2026-08-28,571.835,589.035,571.525,577.9,411753.0,579.376165
2026-08-28T20:31:06.801,7,7,META260904P00260000,META,2026-09-04,put,260.0,0.0,0.0,0.05,9.0,0.025,0.05,1.0,,,,,,,2026-08-28,571.835,589.035,571.525,577.9,411753.0,579.376165
2026-08-28T20:31:06.801,7,7,META260904P00270000,META,2026-09-04,put,270.0,0.0,0.0,1.0,13.0,0.5,0.02,5.0,,,,,,,2026-08-28,571.835,589.035,571.525,577.9,411753.0,579.376165
2026-08-28T20:31:06.801,7,7,META260904P00280000,META,2026-09-04,put,280.0,0.0,0.0,0.05,1.0,0.025,0.04,1.0,,,,,,,2026-08-28,571.835,589.035,571.525,577.9,411753.0,579.376165
2026-08-28T20:31:06.801,7,7,META260904P00290000,META,2026-09-04,put,290.0,0.0,0.0,0.98,2.0,0.49,0.05,1.0,,,,,,,2026-08-28,571.835,589.035,571.525,577.9,411753.0,579.376165
2026-08-28T20:31:06.801,7,7,META260904P00300000,META,2026-09-04,put,300.0,0.0,0.0,0.07,10.0,0.035,0.05,1.0,,,,,,,2026-08-28,571.835,589.035,571.525,577.9,411753.0,579.376165
2026-08-28T20:31:06.801,7,7,META260904P00310000,META,2026-09-04,put,310.0,0.0,0.0,0.8,27.0,0.4,0.54,1.0,,,,,,,2026-08-28,571.835,589.035,571.525,577.9,411753.0,579.376165
2026-08-28T20:31:06.801,7,7,META260904P00320000,META,2026-09-04,put,320.0,0.0,0.0,0.84,99.0,0.42,0.52,1.0,,,,,,,2026-08-28,571.835,589.035,571.525,577.9,411753.0,579.376165
2026-08-28T20:31:06.801,7,7,META260904P00330000,META,2026-09-04,put,330.0,0.0,0.0,0.33,1.0,0.165,0.06,1.0,,,,,,,2026-08-28,571.835,589.035,571.525,577.9,411753.0,579.376165
2026-08-28T20:31:06.801,7,7,META260904P00340000,META,2026-09-04,put,340.0,0.0,0.0,0.33,1.0,0.165,0.05,1.0,,,,,,,2026-08-28,571.835,589.035,571.525,577.9,411753.0,579.376165
2026-08-28T20:31:06.801,7,7,META260904P00350000,META,2026-09-04,put,350.0,0.0,0.0,0.03,2.0,0.015,0.03,1.0,,,,,,,2026-08-28,571.835,589.035,571.525,577.9,411753.0,579.376165
2026-08-28T20:31:06.801,7,7,META260904P00360000,META,2026-09-04,put,360.0,0.0,0.0,0.03,4.0,0.015,0.01,1.0,,,,,,,2026-08-28,571.835,589.035,571.525,577.9,411753.0,579.376165
2026-08-28T20:31:06.801,7,7,META260904P00370000,META,2026-09-04,put,370.0,0.0,0.0,0.07,2.0,0.035,0.01,1.0,,,,,,,2026-08-28,571.835,589.035,571.525,577.9,411753.0,579.376165
2026-08-28T20:31:06.801,7,7,META260904P00380000,META,2026-09-04,put,380.0,0.0,0.0,0.33,1.0,0.165,0.15,1.0,,,,,,,2026-08-28,571.835,589.035,571.525,577.9,411753.0,579.376165
2026-08-28T20:31:06.801,7,7,META260904P00390000,META,2026-09-04,put,390.0,0.0,0.0,0.07,2.0,0.035,0.15,1.0,,,,,,,2026-08-28,571.835,589.035,571.525,577.9,411753.0,579.376165
2026-08-28T20:31:06.801,7,7,META260904P00400000,META,2026-09-04,put,400.0,0.01,200.0,0.03,43.0,0.02,0.03,2.0,,,,,,,2026-08-28,571.835,589.035,571.525,577.9,411753.0,579.376165
2026-08-28T20:31:06.801,7,7,META260904P00405000,META,2026-09-04,put,405.0,0.03,1.0,0.48,141.0,0.255,0.1,1.0,,,,,,,2026-08-28,571.835,589.035,571.525,577.9,411753.0,579.376165
2026-08-28T20:31:06.801,7,7,META260904P00410000,META,2026-09-04,put,410.0,0.03,1.0,0.76,173.0,0.395,0.03,1.0,,,,,,,2026-08-28,571.835,589.035,571.525,577.9,411753.0,579.376165
2026-08-28T20:31:06.801,7,7,META260904P00415000,META,2026-09-04,put,415.0,0.01,1.0,0.48,330.0,0.245,0.04,3.0,,,,,,,2026-08-28,571.835,589.035,571.525,577.9,411753.0,579.376165
2026-08-28T20:31:06.801,7,7,META260904P00420000,META,2026-09-04,put,420.0,0.01,1.0,0.1,174.0,0.055,0.06,1.0,,,,,,,2026-08-28,571.835,589.035,571.525,577.9,411753.0,579.376165
2026-08-28T20:31:06.801,7,7,META260904P00425000,META,2026-09-04,put,425.0,0.0,0.0,0.16,204.0,0.08,0.02,5.0,,,,,,,2026-08-28,571.835,589.035,571.525,577.9,411753.0,579.376165
2026-08-28T20:31:06.801,7,7,META260904P00430000,META,2026-09-04,put,430.0,0.0,0.0,0.06,12.0,0.03,0.02,2.0,,,,,,,2026-08-28,571.835,589.035,571.525,577.9,411753.0,579.376165
2026-08-28T20:31:06.801,7,7,META260904P00435000,META,2026-09-04,put,435.0,0.0,0.0,0.55,52.0,0.275,0.07,20.0,,,,,,,2026-08-28,571.835,589.035,571.525,577.9,411753.0,579.376165
2026-08-28T20:31:06.801,7,7,META260904P00440000,META,2026-09-04,put,440.0,0.0,0.0,0.04,5.0,0.02,0.03,18.0,,,,,,,2026-08-28,571.835,589.035,571.525,577.9,411753.0,579.376165
2026-08-28T20:31:06.801,7,7,META260904P00445000,META,2026-09-04,put,445.0,0.01,5.0,0.5,350.0,0.255,0.05,1.0,,,,,,,2026-08-28,571.835,589.035,571.525,577.9,411753.0,579.376165
2026-08-28T20:31:06.801,7,7,META260904P00450000,META,2026-09-04,put,450.0,0.04,14.0,0.11,6.0,0.075,0.04,2.0,0.6986,-0.0042,0.0002,-0.0491,0.0099,-0.0005,2026-08-28,571.835,589.035,571.525,577.9,411753.0,579.376165
2026-08-28T20:31:06.801,7,7,META260904P00455000,META,2026-09-04,put,455.0,0.0,0.0,0.53,302.0,0.265,0.06,1.0,,,,,,,2026-08-28,571.835,589.035,571.525,577.9,411753.0,579.376165
2026-08-28T20:31:06.801,7,7,META260904P00460000,META,2026-09-04,put,460.0,0.01,66.0,0.11,232.0,0.06,0.03,1.0,0.6276,-0.0038,0.0002,-0.0402,0.009,-0.0004,2026-08-28,571.835,589.035,571.525,577.9,411753.0,579.376165
2026-08-28T20:31:06.801,7,7,META260904P00465000,META,2026-09-04,put,465.0,0.03,78.0,0.08,5.0,0.055,0.06,1.0,0.5951,-0.0037,0.0002,-0.0371,0.0088,-0.0004,2026-08-28,571.835,589.035,571.525,577.9,411753.0,579.376165
2026-08-28T20:31:06.801,7,7,META260904P00470000,META,2026-09-04,put,470.0,0.04,51.0,0.22,254.0,0.13,0.07,1.0,0.6272,-0.0077,0.0004,-0.0751,0.0169,-0.0009,2026-08-28,571.835,589.035,571.525,577.9,411753.0,579.376165
2026-08-28T20:31:06.801,7,7,META260904P00475000,META,2026-09-04,put,475.0,0.05,64.0,0.1,75.0,0.07500000000000001,0.06,30.0,0.561,-0.0052,0.0003,-0.0473,0.0119,-0.0006,2026-08-28,571.835,589.035,571.525,577.9,411753.0,579.376165
2026-08-28T20:31:06.801,7,7,META260904P00477500,META,2026-09-04,put,477.5,0.01,153.0,0.06,44.0,0.034999999999999996,0.05,30.0,0.5049,-0.0028,0.0002,-0.0249,0.0069,-0.0003,2026-08-28,571.835,589.035,571.525,577.9,411753.0,579.376165
2026-08-28T20:31:06.801,7,7,META260904P00480000,META,2026-09-04,put,480.0,0.03,152.0,0.08,67.0,0.055,0.06,1.0,0.516,-0.0042,0.0003,-0.0362,0.0099,-0.0005,2026-08-28,571.835,589.035,571.525,577.9,411753.0,579.376165
2026-08-28T20:31:06.801,7,7,META260904P00482500,META,2026-09-04,put,482.5,0.03,200.0,0.1,260.0,0.065,0.08,30.0,0.5123,-0.0049,0.0003,-0.0414,0.0114,-0.0006,2026-08-28,571.835,589.035,571.525,577.9,411753.0,579.376165
2026-08-28T20:31:06.801,7,7,META260904P00485000,META,2026-09-04,put,485.0,0.05,85.0,0.19,380.0,0.12,0.06,1.0,0.5365,-0.0082,0.0005,-0.0684,0.018,-0.0009,2026-08-28,571.835,589.035,571.525,577.9,411753.0,579.376165
2026-08-28T20:31:06.801,7,7,META260904P00487500,META,2026-09-04,put,487.5,0.01,98.0,0.2,99.0,0.10500000000000001,0.18,1.0,0.514,-0.0076,0.0005,-0.061,0.0167,-0.0009,2026-08-28,571.835,589.035,571.525,577.9,411753.0,579.376165
2026-08-28T20:31:06.801,7,7,META260904P00490000,META,2026-09-04,put,490.0,0.01,265.0,0.09,16.0,0.049999999999999996,0.09,2.0,0.4593,-0.0043,0.0003,-0.0328,0.0101,-0.0005,2026-08-28,571.835,589.035,571.525,577.9,411753.0,579.376165
2026-08-28T20:31:06.801,7,7,META260904P00492500,META,2026-09-04,put,492.5,0.03,138.0,0.16,121.0,0.095,0.09,5.0,0.4807,-0.0074,0.0005,-0.0556,0.0163,-0.0008,2026-08-28,571.835,589.035,571.525,577.9,411753.0,579.376165
2026-08-28T20:31:06.801,7,7,META260904P00495000,META,2026-09-04,put,495.0,0.01,216.0,0.14,34.0,0.07500000000000001,0.07,4.0,0.4541,-0.0063,0.0005,-0.0455,0.0141,-0.0007,2026-08-28,571.835,589.035,571.525,577.9,411753.0,579.376165
2026-08-28T20:31:06.801,7,7,META260904P00497500,META,2026-09-04,put,497.5,0.05,153.0,0.13,124.0,0.09,0.11,1.0,0.4507,-0.0075,0.0006,-0.0526,0.0165,-0.0008,2026-08-28,571.835,589.035,571.525,577.9,411753.0,579.376165
2026-08-28T20:31:06.801,7,7,META260904P00500000,META,2026-09-04,put,500.0,0.12,2.0,0.15,27.0,0.135,0.12,1.0,0.4603,-0.0105,0.0008,-0.0728,0.0223,-0.0012,2026-08-28,571.835,589.035,571.525,577.9,411753.0,579.376165
2026-08-28T20:31:06.801,7,7,META260904P00502500,META,2026-09-04,put,502.5,0.08,5.0,0.23,103.0,0.155,0.15,1.0,0.4547,-0.0121,0.0009,-0.0809,0.0251,-0.0014,2026-08-28,571.835,589.035,571.525,577.9,411753.0,579.376165
2026-08-28T20:31:06.801,7,7,META260904P00505000,META,2026-09-04,put,505.0,0.05,218.0,0.14,36.0,0.095,0.13,1.0,0.4133,-0.0085,0.0007,-0.054,0.0184,-0.001,2026-08-28,571.835,589.035,571.525,577.9,411753.0,579.376165
2026-08-28T20:31:06.801,7,7,META260904P00507500,META,2026-09-04,put,507.5,0.15,4.0,0.22,56.0,0.185,0.15,1.0,0.4372,-0.0147,0.0011,-0.0919,0.0297,-0.0017,2026-08-28,571.835,589.035,571.525,577.9,411753.0,579.376165
2026-08-28T20:31:06.801,7,7,META260904P00510000,META,2026-09-04,put,510.0,0.13,1.0,0.24,155.0,0.185,0.16,1.0,0.4229,-0.0151,0.0011,-0.0912,0.0305,-0.0017,2026-08-28,571.835,589.035,571.525,577.9,411753.0,579.376165
2026-08-28T20:31:06.801,7,7,META260904P00512500,META,2026-09-04,put,512.5,0.1,207.0,0.22,16.0,0.16,0.19,1.0,0.4002,-0.014,0.0011,-0.0806,0.0285,-0.0016,2026-08-28,571.835,589.035,571.525,577.9,411753.0,579.376165
2026-08-28T20:31:06.801,7,7,META260904P00515000,META,2026-09-04,put,515.0,0.19,16.0,0.23,63.0,0.21000000000000002,0.21,5.0,0.4017,-0.0177,0.0014,-0.0993,0.035,-0.002,2026-08-28,571.835,589.035,571.525,577.9,411753.0,579.376165
2026-08-28T20:31:06.801,7,7,META260904P00517500,META,2026-09-04,put,517.5,0.14,307.0,0.3,144.0,0.22,0.24,1.0,0.3899,-0.019,0.0015,-0.1021,0.0371,-0.0021,2026-08-28,571.835,589.035,571.525,577.9,411753.0,579.376165
2026-08-28T20:31:06.801,7,7,META260904P00520000,META,2026-09-04,put,520.0,0.22,114.0,0.29,82.0,0.255,0.23,5.0,0.3841,-0.0219,0.0017,-0.1136,0.0419,-0.0025,2026-08-28,571.835,589.035,571.525,577.9,411753.0,579.376165
2026-08-28T20:31:06.801,7,7,META260904P00522500,META,2026-09-04,put,522.5,0.21,236.0,0.36,180.0,0.285,0.33,3.0,0.3759,-0.0247,0.0019,-0.1227,0.0462,-0.0028,2026-08-28,571.835,589.035,571.525,577.9,411753.0,579.376165
2026-08-28T20:31:06.801,7,7,META260904P00525000,META,2026-09-04,put,525.0,0.26,229.0,0.38,136.0,0.32,0.34,1.0,0.368,-0.0279,0.0022,-0.1329,0.0512,-0.0031,2026-08-28,571.835,589.035,571.525,577.9,411753.0,579.376165
2026-08-28T20:31:06.801,7,7,META260904P00527500,META,2026-09-04,put,527.5,0.28,173.0,0.43,134.0,0.355,0.46,2.0,0.3591,-0.0312,0.0024,-0.1423,0.0562,-0.0035,2026-08-28,571.835,589.035,571.525,577.9,411753.0,579.376165
2026-08-28T20:31:06.801,7,7,META260904P00530000,META,2026-09-04,put,530.0,0.42,1.0,0.59,115.0,0.505,0.45,1.0,0.3668,-0.0416,0.003,-0.184,0.0712,-0.0047,2026-08-28,571.835,589.035,571.525,577.9,411753.0,579.376165
2026-08-28T20:31:06.801,7,7,META260904P00532500,META,2026-09-04,put,532.5,0.41,367.0,0.67,493.0,0.54,0.66,1.0,0.3552,-0.0453,0.0034,-0.1909,0.0763,-0.0051,2026-08-28,571.835,589.035,571.525,577.9,411753.0,579.376165
2026-08-28T20:31:06.801,7,7,META260904P00535000,META,2026-09-04,put,535.0,0.49,99.0,0.64,34.0,0.565,0.64,1.0,0.3419,-0.0488,0.0037,-0.1946,0.0809,-0.0055,2026-08-28,571.835,589.035,571.525,577.9,411753.0,579.376165
2026-08-28T20:31:06.801,7,7,META260904P00537500,META,2026-09-04,put,537.5,0.65,83.0,0.76,57.0,0.7050000000000001,0.76,1.0,0.341,-0.0591,0.0043,-0.2259,0.0942,-0.0067,2026-08-28,571.835,589.035,571.525,577.9,411753.0,579.376165
2026-08-28T20:31:06.801,7,7,META260904P00540000,META,2026-09-04,put,540.0,0.75,90.0,0.93,64.0,0.8400000000000001,0.88,6.0,0.337,-0.0693,0.0049,-0.2524,0.1066,-0.0078,2026-08-28,571.835,589.035,571.525,577.9,411753.0,579.376165
2026-08-28T20:31:06.801,7,7,META260904P00542500,META,2026-09-04,put,542.5,0.92,69.0,1.16,92.0,1.04,1.04,1.0,0.3363,-0.0831,0.0057,-0.2891,0.1224,-0.0094,2026-08-28,571.835,589.035,571.525,577.9,411753.0,579.376165
2026-08-28T20:31:06.801,7,7,META260904P00545000,META,2026-09-04,put,545.0,1.24,84.0,1.37,42.0,1.3050000000000002,1.3,10.0,0.3376,-0.1001,0.0065,-0.3328,0.1405,-0.0113,2026-08-28,571.835,589.035,571.525,577.9,411753.0,579.376165
2026-08-28T20:31:06.801,7,7,META260904P00547500,META,2026-09-04,put,547.5,1.42,148.0,1.63,12.0,1.525,1.59,1.0,0.3329,-0.1152,0.0073,-0.3627,0.1554,-0.013,2026-08-28,571.835,589.035,571.525,577.9,411753.0,579.376165
2026-08-28T20:31:06.801,7,7,META260904P00550000,META,2026-09-04,put,550.0,1.73,84.0,1.95,25.0,1.8399999999999999,1.84,2.0,0.3316,-0.1346,0.0082,-0.4027,0.1734,-0.0153,2026-08-28,571.835,589.035,571.525,577.9,411753.0,579.376165
2026-08-28T20:31:06.801,7,7,META260904P00552500,META,2026-09-04,put,552.5,2.12,120.0,2.44,65.0,2.2800000000000002,2.17,14.0,0.3341,-0.159,0.0091,-0.4532,0.1938,-0.018,2026-08-28,571.835,589.035,571.525,577.9,411753.0,579.376165
2026-08-28T20:31:06.801,7,7,META260904P00555000,META,2026-09-04,put,555.0,2.46,38.0,2.78,28.0,2.62,2.56,1.0,0.3286,-0.1799,0.01,-0.4819,0.2098,-0.0204,2026-08-28,571.835,589.035,571.525,577.9,411753.0,579.376165
2026-08-28T20:31:06.801,7,7,META260904P00557500,META,2026-09-04,put,557.5,2.9,15.0,3.33,11.0,3.115,3.48,1.0,0.3277,-0.2064,0.0109,-0.522,0.2282,-0.0235,2026-08-28,571.835,589.035,571.525,577.9,411753.0,579.376165
2026-08-28T20:31:06.801,7,7,META260904P00560000,META,2026-09-04,put,560.0,3.6,11.0,3.74,1.0,3.67,3.65,2.0,0.3264,-0.2349,0.0118,-0.5591,0.2457,-0.0267,2026-08-28,571.835,589.035,571.525,577.9,411753.0,579.376165
2026-08-28T20:31:06.801,7,7,META260904P00562500,META,2026-09-04,put,562.5,4.04,128.0,4.72,106.0,4.38,4.23,1.0,0.3283,-0.2673,0.0125,-0.6012,0.2631,-0.0304,2026-08-28,571.835,589.035,571.525,577.9,411753.0,579.376165
2026-08-28T20:31:06.801,7,7,META260904P00565000,META,2026-09-04,put,565.0,4.71,85.0,5.32,25.0,5.015000000000001,5.0,1.0,0.3242,-0.2982,0.0134,-0.6247,0.2774,-0.034,2026-08-28,571.835,589.035,571.525,577.9,411753.0,579.376165
2026-08-28T20:31:06.801,7,7,META260904P00567500,META,2026-09-04,put,567.5,5.58,72.0,6.0,24.0,5.79,6.43,1.0,0.3224,-0.3324,0.0141,-0.6492,0.2905,-0.0379,2026-08-28,571.835,589.035,571.525,577.9,411753.0,579.376165
2026-08-28T20:31:06.801,7,7,META260904P00570000,META,2026-09-04,put,570.0,6.58,38.0,6.98,38.0,6.78,6.73,1.0,0.3248,-0.3696,0.0145,-0.6784,0.3019,-0.0422,2026-08-28,571.835,589.035,571.525,577.9,411753.0,579.376165
2026-08-28T20:31:06.801,7,7,META260904P00572500,META,2026-09-04,put,572.5,7.37,238.0,8.189,32.0,7.7795000000000005,7.8,1.0,0.3243,-0.4068,0.015,-0.6948,0.3104,-0.0466,2026-08-28,571.835,589.035,571.525,577.9,411753.0,579.376165
2026-08-28T20:31:06.801,7,7,META260904P00575000,META,2026-09-04,put,575.0,8.71,63.0,9.17,93.0,8.940000000000001,8.87,10.0,0.326,-0.445,0.0152,-0.7095,0.3161,-0.051,2026-08-28,571.835,589.035,571.525,577.9,411753.0,579.376165
2026-08-28T20:31:06.801,7,7,META260904P00577500,META,2026-09-04,put,577.5,9.54,119.0,10.53,37.0,10.035,9.9,2.0,0.3226,-0.4832,0.0154,-0.7058,0.3188,-0.0555,2026-08-28,571.835,589.035,571.525,577.9,411753.0,579.376165
2026-08-28T20:31:06.801,7,7,META260904P00580000,META,2026-09-04,put,580.0,11.11,74.0,12.09,57.0,11.6,11.33,2.0,0.3309,-0.5208,0.0151,-0.7221,0.3187,-0.0599,2026-08-28,571.835,589.035,571.525,577.9,411753.0,579.376165
2026-08-28T20:31:06.801,7,7,META260904P00582500,META,2026-09-04,put,582.5,12.17,126.0,13.29,3.0,12.73,13.29,2.0,0.3226,-0.56,0.0153,-0.6934,0.3155,-0.0645,2026-08-28,571.835,589.035,571.525,577.9,411753.0,579.376165
2026-08-28T20:31:06.801,7,7,META260904P00585000,META,2026-09-04,put,585.0,13.78,112.0,15.18,56.0,14.48,14.22,10.0,0.331,-0.5946,0.0146,-0.6975,0.3101,-0.0686,2026-08-28,571.835,589.035,571.525,577.9,411753.0,579.376165
2026-08-28T20:31:06.801,7,7,META260904P00587500,META,2026-09-04,put,587.5,15.01,67.0,16.59,30.0,15.8,15.92,1.0,0.3226,-0.6339,0.0146,-0.6554,0.301,-0.0732,2026-08-28,571.835,589.035,571.525,577.9,411753.0,579.376165
2026-08-28T20:31:06.801,7,7,META260904P00590000,META,2026-09-04,put,590.0,17.1,101.0,18.03,52.0,17.565,17.1,1.0,0.3259,-0.6673,0.0139,-0.6364,0.2906,-0.0773,2026-08-28,571.835,589.035,571.525,577.9,411753.0,579.376165
2026-08-28T20:31:06.801,7,7,META260904P00592500,META,2026-09-04,put,592.5,18.85,307.0,20.15,98.0,19.5,20.67,10.0,0.3326,-0.6966,0.0131,-0.622,0.2795,-0.0809,2026-08-28,571.835,589.035,571.525,577.9,411753.0,579.376165
2026-08-28T20:31:06.801,7,7,META260904P00595000,META,2026-09-04,put,595.0,20.0,145.0,21.63,3.0,20.814999999999998,21.63,7.0,0.3134,-0.7408,0.0129,-0.5352,0.2591,-0.0861,2026-08-28,571.835,589.035,571.525,577.9,411753.0,579.376165
2026-08-28T20:31:06.801,7,7,META260904P00597500,META,2026-09-04,put,597.5,22.04,75.0,24.29,12.0,23.165,22.73,13.0,0.3308,-0.7584,0.0118,-0.5437,0.2496,-0.0884,2026-08-28,571.835,589.035,571.525,577.9,411753.0,579.376165
2026-08-28T20:31:06.801,7,7,META260904P00600000,META,2026-09-04,put,600.0,24.03,236.0,26.03,178.0,25.03,25.78,1.0,0.3265,-0.789,0.0111,-0.4912,0.2312,-0.0922,2026-08-28,571.835,589.035,571.525,577.9,411753.0,579.376165
2026-08-28T20:31:06.801,7,7,META260904P00602500,META,2026-09-04,put,602.5,25.17,55.0,28.83,43.0,27.0,36.72,5.0,0.3235,-0.8169,0.0102,-0.4404,0.2121,-0.0957,2026-08-28,571.835,589.035,571.525,577.9,411753.0,579.376165
2026-08-28T20:31:06.801,7,7,META260904P00605000,META,2026-09-04,put,605.0,25.97,155.0,31.77,81.0,28.869999999999997,28.89,1.0,0.3115,-0.85,0.0094,-0.3632,0.1865,-0.0997,2026-08-28,571.835,589.035,571.525,577.9,411753.0,579.376165
2026-08-28T20:31:06.801,7,7,META260904P00607500,META,2026-09-04,put,607.5,27.99,240.0,34.1,196.0,31.045,34.0,1.0,0.3116,-0.8711,0.0084,-0.3212,0.1682,-0.1024,2026-08-28,571.835,589.035,571.525,577.9,411753.0,579.376165
2026-08-28T20:31:06.801,7,7,META260904P00610000,META,2026-09-04,put,610.0,30.15,267.0,35.1,119.0,32.625,26.55,1.0,0.2624,-0.9284,0.0065,-0.1482,0.1093,-0.1091,2026-08-28,571.835,589.035,571.525,577.9,411753.0,579.376165
2026-08-28T20:31:06.801,7,7,META260904P00612500,META,2026-09-04,put,612.5,34.0,62.0,38.39,51.0,36.195,,,0.3561,-0.875,0.0072,-0.3647,0.1646,-0.1039,2026-08-28,571.835,589.035,571.525,577.9,411753.0,579.376165
2026-08-28T20:31:06.801,7,7,META260904P00615000,META,2026-09-04,put,615.0,34.89,136.0,40.03,66.0,37.46,32.53,1.0,0.2755,-0.946,0.005,-0.1145,0.0878,-0.112,2026-08-28,571.835,589.035,571.525,577.9,411753.0,579.376165
2026-08-28T20:31:06.801,7,7,META260904P00617500,META,2026-09-04,put,617.5,36.87,12.0,44.76,19.0,40.815,,,0.3651,-0.9,0.006,-0.3101,0.1403,-0.1075,2026-08-28,571.835,589.035,571.525,577.9,411753.0,579.376165
2026-08-28T20:31:06.801,7,7,META260904P00620000,META,2026-09-04,put,620.0,39.49,231.0,45.7,216.0,42.595,44.9,1.0,0.3193,-0.9411,0.0046,-0.1558,0.0939,-0.1124,2026-08-28,571.835,589.035,571.525,577.9,411753.0,579.376165
2026-08-28T20:31:06.801,7,7,META260904P00622500,META,2026-09-04,put,622.5,41.71,83.0,48.74,78.0,45.225,46.65,18.0,0.3472,-0.9355,0.0045,-0.1917,0.1008,-0.1123,2026-08-28,571.835,589.035,571.525,577.9,411753.0,579.376165
2026-08-28T20:31:06.801,7,7,META260904P00625000,META,2026-09-04,put,625.0,45.81,22.0,51.98,12.0,48.894999999999996,49.44,1.0,0.4541,-0.8871,0.0053,-0.441,0.1532,-0.1076,2026-08-28,571.835,589.035,571.525,577.9,411753.0,579.376165
2026-08-28T20:31:06.801,7,7,META260904P00627500,META,2026-09-04,put,627.5,46.68,15.0,53.74,15.0,50.21,61.37,1.0,0.3748,-0.9403,0.004,-0.1951,0.095,-0.1138,2026-08-28,571.835,589.035,571.525,577.9,411753.0,579.376165
2026-08-28T20:31:06.801,7,7,META260904P00630000,META,2026-09-04,put,630.0,49.33,12.0,55.06,12.0,52.195,54.41,1.0,0.3156,-0.9743,0.0024,-0.0465,0.0478,-0.1179,2026-08-28,571.835,589.035,571.525,577.9,411753.0,579.376165
2026-08-28T20:31:06.801,7,7,META260904P00632500,META,2026-09-04,put,632.5,50.55,21.0,58.97,19.0,54.76,57.77,1.0,0.341,-0.9702,0.0025,-0.0704,0.0541,-0.118,2026-08-28,571.835,589.035,571.525,577.9,411753.0,579.376165
2026-08-28T20:31:06.801,7,7,META260904P00635000,META,2026-09-04,put,635.0,54.34,15.0,61.56,16.0,57.95,60.3,1.0,0.4422,-0.9338,0.0036,-0.2652,0.1028,-0.1146,2026-08-28,571.835,589.035,571.525,577.9,411753.0,579.376165
2026-08-28T20:31:06.801,7,7,META260904P00637500,META,2026-09-04,put,637.5,56.01,17.0,62.6,16.0,59.305,62.71,1.0,,,,,,,2026-08-28,571.835,589.035,571.525,577.9,411753.0,579.376165
2026-08-28T20:31:06.801,7,7,META260904P00640000,META,2026-09-04,put,640.0,58.21,16.0,66.53,16.0,62.370000000000005,64.19,1.0,0.3982,-0.9656,0.0024,-0.1115,0.0609,-0.1189,2026-08-28,571.835,589.035,571.525,577.9,411753.0,579.376165
2026-08-28T20:31:06.801,7,7,META260904P00642500,META,2026-09-04,put,642.5,62.02,9.0,68.69,9.0,65.355,66.55,1.0,0.4747,-0.9425,0.003,-0.2518,0.0922,-0.1169,2026-08-28,571.835,589.035,571.525,577.9,411753.0,579.376165
2026-08-28T20:31:06.801,7,7,META260904P00645000,META,2026-09-04,put,645.0,62.29,16.0,70.34,16.0,66.315,65.92,1.0,,,,,,,2026-08-28,571.835,589.035,571.525,577.9,411753.0,579.376165
2026-08-28T20:31:06.801,7,7,META260904P00647500,META,2026-09-04,put,647.5,66.22,14.0,74.33,14.0,70.275,72.18,1.0,0.4929,-0.9483,0.0027,-0.2366,0.0847,-0.1185,2026-08-28,571.835,589.035,571.525,577.9,411753.0,579.376165
2026-08-28T20:31:06.801,7,7,META260904P00650000,META,2026-09-04,put,650.0,67.21,7.0,76.65,7.0,71.93,72.8,1.0,,,,,,,2026-08-28,571.835,589.035,571.525,577.9,411753.0,579.376165
2026-08-28T20:31:06.801,7,7,META260904P00652500,META,2026-09-04,put,652.5,70.87,12.0,79.14,10.0,75.005,76.69,1.0,0.483,-0.9624,0.0021,-0.1634,0.0656,-0.121,2026-08-28,571.835,589.035,571.525,577.9,411753.0,579.376165
2026-08-28T20:31:06.801,7,7,META260904P00655000,META,2026-09-04,put,655.0,73.9,14.0,81.28,14.0,77.59,78.46,1.0,0.5082,-0.9592,0.0022,-0.1913,0.07,-0.1211,2026-08-28,571.835,589.035,571.525,577.9,411753.0,579.376165
2026-08-28T20:31:06.801,7,7,META260904P00657500,META,2026-09-04,put,657.5,74.44,13.0,84.24,7.0,79.34,,,,,,,,,2026-08-28,571.835,589.035,571.525,577.9,411753.0,579.376165
2026-08-28T20:31:06.801,7,7,META260904P00660000,META,2026-09-04,put,660.0,79.32,7.0,84.78,7.0,82.05,83.32,1.0,0.4113,-0.9893,0.0009,-0.0014,0.0226,-0.1253,2026-08-28,571.835,589.035,571.525,577.9,411753.0,579.376165
2026-08-28T20:31:06.801,7,7,META260904P00662500,META,2026-09-04,put,662.5,81.63,18.0,89.62,12.0,85.625,,,0.6126,-0.9413,0.0024,-0.3471,0.0937,-0.1207,2026-08-28,571.835,589.035,571.525,577.9,411753.0,579.376165
2026-08-28T20:31:06.801,7,7,META260904P00665000,META,2026-09-04,put,665.0,84.41,20.0,88.87,12.0,86.64,95.37,2.0,,,,,,,2026-08-28,571.835,589.035,571.525,577.9,411753.0,579.376165
2026-08-28T20:31:06.801,7,7,META260904P00670000,META,2026-09-04,put,670.0,87.01,9.0,96.14,11.0,91.575,92.54,1.0,,,,,,,2026-08-28,571.835,589.035,571.525,577.9,411753.0,579.376165
2026-08-28T20:31:06.801,7,7,META260904P00675000,META,2026-09-04,put,675.0,95.55,13.0,99.05,10.0,97.3,145.39,1.0,0.553,-0.9766,0.0013,-0.109,0.0443,-0.1268,2026-08-28,571.835,589.035,571.525,577.9,411753.0,579.376165
2026-08-28T20:31:06.801,7,7,META260904P00680000,META,2026-09-04,put,680.0,97.81,23.0,105.36,12.0,101.58500000000001,110.15,1.0,,,,,,,2026-08-28,571.835,589.035,571.525,577.9,411753.0,579.376165
2026-08-28T20:31:06.801,7,7,META260904P00685000,META,2026-09-04,put,685.0,105.11,7.0,108.96,7.0,107.035,86.91,1.0,0.5107,-0.991,0.0006,-0.0032,0.0194,-0.1303,2026-08-28,571.835,589.035,571.525,577.9,411753.0,579.376165
2026-08-28T20:31:06.801,7,7,META260904P00690000,META,2026-09-04,put,690.0,107.39,27.0,113.38,25.0,110.38499999999999,145.11,1.0,,,,,,,2026-08-28,571.835,589.035,571.525,577.9,411753.0,579.376165
2026-08-28T20:31:06.801,7,7,META260904P00695000,META,2026-09-04,put,695.0,113.49,9.0,119.92,8.0,116.705,161.02,1.0,,,,,,,2026-08-28,571.835,589.035,571.525,577.9,411753.0,579.376165
2026-08-28T20:31:06.801,7,7,META260904P00700000,META,2026-09-04,put,700.0,117.24,8.0,127.07,7.0,122.155,154.06,1.0,0.6222,-0.9853,0.0007,-0.0631,0.0297,-0.1326,2026-08-28,571.835,589.035,571.525,577.9,411753.0,579.376165
2026-08-28T20:31:06.801,7,7,META260904P00705000,META,2026-09-04,put,705.0,120.79,11.0,132.87,7.0,126.83000000000001,,,,,,,,,2026-08-28,571.835,589.035,571.525,577.9,411753.0,579.376165
2026-08-28T20:31:06.801,7,7,META260904P00710000,META,2026-09-04,put,710.0,130.9,13.0,134.26,13.0,132.57999999999998,,,0.767,-0.9702,0.0011,-0.2278,0.0542,-0.1329,2026-08-28,571.835,589.035,571.525,577.9,411753.0,579.376165
2026-08-28T20:31:06.801,7,7,META260904P00715000,META,2026-09-04,put,715.0,134.62,11.0,142.69,12.0,138.655,,,0.9368,-0.9423,0.0015,-0.5502,0.0924,-0.131,2026-08-28,571.835,589.035,571.525,577.9,411753.0,579.376165
2026-08-28T20:31:06.801,7,7,META260904P00720000,META,2026-09-04,put,720.0,136.35,26.0,143.58,23.0,139.965,,,,,,,,,2026-08-28,571.835,589.035,571.525,577.9,411753.0,579.376165
2026-08-28T20:31:06.801,7,7,META260904P00725000,META,2026-09-04,put,725.0,142.45,8.0,147.89,7.0,145.17,125.0,1.0,,,,,,,2026-08-28,571.835,589.035,571.525,577.9,411753.0,579.376165
2026-08-28T20:31:06.801,7,7,META260904P00730000,META,2026-09-04,put,730.0,149.86,9.0,154.63,12.0,152.245,,,0.7741,-0.9832,0.0007,-0.1132,0.0334,-0.1381,2026-08-28,571.835,589.035,571.525,577.9,411753.0,579.376165
2026-08-28T20:31:06.801,7,7,META260904P00735000,META,2026-09-04,put,735.0,151.56,13.0,159.84,12.0,155.7,,,,,,,,,2026-08-28,571.835,589.035,571.525,577.9,411753.0,579.376165
2026-08-28T20:31:06.801,7,7,META260904P00740000,META,2026-09-04,put,740.0,155.54,10.0,165.91,7.0,160.725,,,,,,,,,2026-08-28,571.835,589.035,571.525,577.9,411753.0,579.376165
2026-08-28T20:31:06.801,7,7,META260904P00745000,META,2026-09-04,put,745.0,164.88,10.0,169.0,12.0,166.94,,,0.681,-0.9959,0.0002,0.0269,0.0097,-0.1423,2026-08-28,571.835,589.035,571.525,577.9,411753.0,579.376165
2026-08-28T20:31:06.801,7,7,META260904P00750000,META,2026-09-04,put,750.0,165.38,23.0,172.04,20.0,168.70999999999998,,,,,,,,,2026-08-28,571.835,589.035,571.525,577.9,411753.0,579.376165
2026-08-28T20:31:06.801,7,7,META260904P00755000,META,2026-09-04,put,755.0,173.8,10.0,179.04,7.0,176.42000000000002,,,,,,,,,2026-08-28,571.835,589.035,571.525,577.9,411753.0,579.376165
2026-08-28T20:31:06.801,7,7,META260904P00760000,META,2026-09-04,put,760.0,174.96,11.0,184.0,12.0,179.48000000000002,,,,,,,,,2026-08-28,571.835,589.035,571.525,577.9,411753.0,579.376165
2026-08-28T20:31:06.801,7,7,META260904P00765000,META,2026-09-04,put,765.0,182.72,9.0,190.31,7.0,186.515,,,,,,,,,2026-08-28,571.835,589.035,571.525,577.9,411753.0,579.376165
2026-08-28T20:31:06.801,7,7,META260904P00770000,META,2026-09-04,put,770.0,184.88,10.0,192.08,12.0,188.48000000000002,,,,,,,,,2026-08-28,571.835,589.035,571.525,577.9,411753.0,579.376165
2026-08-28T20:31:06.801,7,7,META260904P00775000,META,2026-09-04,put,775.0,195.8,22.0,199.17,21.0,197.485,,,,,,,,,2026-08-28,571.835,589.035,571.525,577.9,411753.0,579.376165
2026-08-28T20:31:06.801,7,7,META260904P00780000,META,2026-09-04,put,780.0,196.7,9.0,204.95,11.0,200.825,,,,,,,,,2026-08-28,571.835,589.035,571.525,577.9,411753.0,579.376165
2026-08-28T20:31:06.801,7,7,META260904P00785000,META,2026-09-04,put,785.0,205.48,24.0,208.18,22.0,206.82999999999998,,,,,,,,,2026-08-28,571.835,589.035,571.525,577.9,411753.0,579.376165
2026-08-28T20:31:06.801,7,7,META260904P00790000,META,2026-09-04,put,790.0,208.13,17.0,212.02,16.0,210.075,199.71,5.0,,,,,,,2026-08-28,571.835,589.035,571.525,577.9,411753.0,579.376165
2026-08-28T20:31:06.801,7,7,META260904P00795000,META,2026-09-04,put,795.0,216.74,10.0,218.45,7.0,217.595,,,,,,,,,2026-08-28,571.835,589.035,571.525,577.9,411753.0,579.376165
2026-08-28T20:31:06.801,7,7,META260904P00800000,META,2026-09-04,put,800.0,213.79,9.0,226.04,12.0,219.915,,,,,,,,,2026-08-28,571.835,589.035,571.525,577.9,411753.0,579.376165
2026-08-28T20:31:06.801,7,7,META260904P00805000,META,2026-09-04,put,805.0,220.71,7.0,226.43,7.0,223.57,,,,,,,,,2026-08-28,571.835,589.035,571.525,577.9,411753.0,579.376165
2026-08-28T20:31:06.801,7,7,META260904P00810000,META,2026-09-04,put,810.0,231.31,7.0,233.44,7.0,232.375,,,,,,,,,2026-08-28,571.835,589.035,571.525,577.9,411753.0,579.376165
2026-08-28T20:31:06.801,7,7,META260904P00815000,META,2026-09-04,put,815.0,237.46,10.0,243.82,10.0,240.64,,,,,,,,,2026-08-28,571.835,589.035,571.525,577.9,411753.0,579.376165
2026-08-28T20:31:06.801,7,7,META260904P00820000,META,2026-09-04,put,820.0,236.85,8.0,244.39,7.0,240.62,,,,,,,,,2026-08-28,571.835,589.035,571.525,577.9,411753.0,579.376165
2026-08-28T20:31:06.801,7,7,META260904P00825000,META,2026-09-04,put,825.0,243.83,8.0,245.49,7.0,244.66000000000003,,,,,,,,,2026-08-28,571.835,589.035,571.525,577.9,411753.0,579.376165
2026-08-28T20:31:06.801,7,7,META260904P00830000,META,2026-09-04,put,830.0,244.49,10.0,252.25,8.0,248.37,,,,,,,,,2026-08-28,571.835,589.035,571.525,577.9,411753.0,579.376165
2026-08-28T20:31:06.801,7,7,META260904P00835000,META,2026-09-04,put,835.0,253.44,16.0,265.1,14.0,259.27,,,,,,,,,2026-08-28,571.835,589.035,571.525,577.9,411753.0,579.376165
2026-08-28T20:31:06.801,7,7,META260904P00840000,META,2026-09-04,put,840.0,253.83,13.0,262.56,12.0,258.195,,,,,,,,,2026-08-28,571.835,589.035,571.525,577.9,411753.0,579.376165
2026-08-28T20:31:06.801,7,7,META260904P00845000,META,2026-09-04,put,845.0,258.69,12.0,271.35,10.0,265.02,,,,,,,,,2026-08-28,571.835,589.035,571.525,577.9,411753.0,579.376165
2026-08-28T20:31:06.801,7,7,META260904P00850000,META,2026-09-04,put,850.0,272.84,21.0,276.41,15.0,274.625,,,,,,,,,2026-08-28,571.835,589.035,571.525,577.9,411753.0,579.376165
2026-08-28T20:31:06.801,7,7,META260904P00855000,META,2026-09-04,put,855.0,271.71,12.0,285.29,22.0,278.5,,,,,,,,,2026-08-28,571.835,589.035,571.525,577.9,411753.0,579.376165
2026-08-28T20:31:06.801,7,7,META260904P00860000,META,2026-09-04,put,860.0,282.61,9.0,287.13,9.0,284.87,,,,,,,,,2026-08-28,571.835,589.035,571.525,577.9,411753.0,579.376165
2026-08-28T20:31:06.801,7,7,META260904P00865000,META,2026-09-04,put,865.0,281.6,10.0,291.07,9.0,286.33500000000004,,,,,,,,,2026-08-28,571.835,589.035,571.525,577.9,411753.0,579.376165
2026-08-28T20:31:06.801,7,7,META260904P00870000,META,2026-09-04,put,870.0,285.13,8.0,293.39,7.0,289.26,,,,,,,,,2026-08-28,571.835,589.035,571.525,577.9,411753.0,579.376165
2026-08-28T20:31:06.801,7,7,META260904P00875000,META,2026-09-04,put,875.0,288.95,12.0,304.47,22.0,296.71000000000004,,,,,,,,,2026-08-28,571.835,589.035,571.525,577.9,411753.0,579.376165
2026-08-28T20:31:06.801,7,7,META260904P00880000,META,2026-09-04,put,880.0,299.94,7.0,304.99,7.0,302.46500000000003,,,,,,,,,2026-08-28,571.835,589.035,571.525,577.9,411753.0,579.376165
2026-08-28T20:31:06.801,7,7,META260904P00885000,META,2026-09-04,put,885.0,300.74,16.0,313.27,11.0,307.005,,,,,,,,,2026-08-28,571.835,589.035,571.525,577.9,411753.0,579.376165
2026-08-28T20:31:06.801,7,7,META260904P00890000,META,2026-09-04,put,890.0,307.54,10.0,315.81,10.0,311.675,,,,,,,,,2026-08-28,571.835,589.035,571.525,577.9,411753.0,579.376165
2026-08-28T20:31:06.801,7,7,META260904P00895000,META,2026-09-04,put,895.0,318.69,10.0,324.64,7.0,321.66499999999996,,,,,,,,,2026-08-28,571.835,589.035,571.525,577.9,411753.0,579.376165
2026-08-28T20:31:06.801,7,7,META260904P00900000,META,2026-09-04,put,900.0,312.45,6.0,321.32,4.0,316.885,,,,,,,,,2026-08-28,571.835,589.035,571.525,577.9,411753.0,579.376165
2026-08-28T20:31:06.801,7,7,META260904P00905000,META,2026-09-04,put,905.0,322.93,10.0,330.61,12.0,326.77,,,,,,,,,2026-08-28,571.835,589.035,571.525,577.9,411753.0,579.376165
2026-08-28T20:31:06.801,7,7,META260904P00910000,META,2026-09-04,put,910.0,335.61,4.0,341.26,4.0,338.435,,,,,,,,,2026-08-28,571.835,589.035,571.525,577.9,411753.0,579.376165
2026-08-28T20:31:06.801,7,7,META260904P00915000,META,2026-09-04,put,915.0,334.4,5.0,337.02,7.0,335.71,,,,,,,,,2026-08-28,571.835,589.035,571.525,577.9,411753.0,579.376165
2026-08-28T20:31:06.801,7,7,META260904P00920000,META,2026-09-04,put,920.0,344.22,10.0,349.63,8.0,346.925,,,,,,,,,2026-08-28,571.835,589.035,571.525,577.9,411753.0,579.376165
2026-08-28T20:31:06.801,7,7,META260904P00925000,META,2026-09-04,put,925.0,346.61,5.0,356.5,16.0,351.555,,,,,,,,,2026-08-28,571.835,589.035,571.525,577.9,411753.0,579.376165
2026-08-28T20:31:06.801,7,7,META260904P00930000,META,2026-09-04,put,930.0,343.15,8.0,357.39,7.0,350.27,,,,,,,,,2026-08-28,571.835,589.035,571.525,577.9,411753.0,579.376165
2026-08-28T20:31:06.801,7,7,META260904P00935000,META,2026-09-04,put,935.0,352.23,6.0,362.87,9.0,357.55,346.6,1.0,,,,,,,2026-08-28,571.835,589.035,571.525,577.9,411753.0,579.376165
2026-08-28T20:31:06.801,7,7,META260904P00940000,META,2026-09-04,put,940.0,352.81,8.0,370.08,8.0,361.445,,,,,,,,,2026-08-28,571.835,589.035,571.525,577.9,411753.0,579.376165
2026-08-28T20:31:06.801,7,7,META260904P00945000,META,2026-09-04,put,945.0,359.9,11.0,377.62,11.0,368.76,353.27,1.0,,,,,,,2026-08-28,571.835,589.035,571.525,577.9,411753.0,579.376165
2026-08-28T20:31:06.801,7,7,META260904P00950000,META,2026-09-04,put,950.0,366.96,8.0,375.98,7.0,371.47,,,,,,,,,2026-08-28,571.835,589.035,571.525,577.9,411753.0,579.376165
2026-08-28T20:31:06.801,7,7,META260904P00955000,META,2026-09-04,put,955.0,366.93,12.0,384.1,5.0,375.515,,,,,,,,,2026-08-28,571.835,589.035,571.525,577.9,411753.0,579.376165
2026-08-28T20:31:06.801,7,7,META260904P00960000,META,2026-09-04,put,960.0,385.4,13.0,391.8,14.0,388.6,,,,,,,,,2026-08-28,571.835,589.035,571.525,577.9,411753.0,579.376165
2026-08-28T20:31:06.801,7,7,META260904P00965000,META,2026-09-04,put,965.0,384.73,12.0,386.08,12.0,385.405,,,,,,,,,2026-08-28,571.835,589.035,571.525,577.9,411753.0,579.376165
2026-08-28T20:31:06.801,7,7,META260904P00970000,META,2026-09-04,put,970.0,390.83,13.0,398.42,12.0,394.625,,,,,,,,,2026-08-28,571.835,589.035,571.525,577.9,411753.0,579.376165
2026-08-28T20:31:06.801,7,7,META260904P00975000,META,2026-09-04,put,975.0,386.22,11.0,406.93,11.0,396.57500000000005,,,,,,,,,2026-08-28,571.835,589.035,571.525,577.9,411753.0,579.376165
2026-08-28T20:31:06.801,7,7,META260904P00980000,META,2026-09-04,put,980.0,400.43,10.0,410.87,12.0,405.65,,,,,,,,,2026-08-28,571.835,589.035,571.525,577.9,411753.0,579.376165
2026-08-28T20:31:06.801,7,7,META260904P00985000,META,2026-09-04,put,985.0,413.02,19.0,414.92,18.0,413.97,,,,,,,,,2026-08-28,571.835,589.035,571.525,577.9,411753.0,579.376165
2026-08-28T20:31:06.801,7,7,META260904P00990000,META,2026-09-04,put,990.0,417.31,8.0,422.69,8.0,420.0,,,,,,,,,2026-08-28,571.835,589.035,571.525,577.9,411753.0,579.376165
2026-08-28T20:31:06.801,7,7,META260904P00995000,META,2026-09-04,put,995.0,413.46,18.0,421.18,9.0,417.32,,,,,,,,,2026-08-28,571.835,589.035,571.525,577.9,411753.0,579.376165
2026-08-28T20:31:06.801,7,7,META260904P01000000,META,2026-09-04,put,1000.0,410.75,12.0,421.71,19.0,416.23,,,,,,,,,2026-08-28,571.835,589.035,571.525,577.9,411753.0,579.376165
2026-08-28T20:31:06.801,7,7,META260904P01010000,META,2026-09-04,put,1010.0,435.98,26.0,436.88,11.0,436.43,,,,,,,,,2026-08-28,571.835,589.035,571.525,577.9,411753.0,579.376165
2026-08-28T20:31:06.801,7,7,META260904P01020000,META,2026-09-04,put,1020.0,440.82,8.0,447.67,7.0,444.245,,,,,,,,,2026-08-28,571.835,589.035,571.525,577.9,411753.0,579.376165
2026-08-28T20:31:06.801,7,7,META260904P01030000,META,2026-09-04,put,1030.0,445.59,20.0,453.97,13.0,449.78,,,,,,,,,2026-08-28,571.835,589.035,571.525,577.9,411753.0,579.376165
2026-08-28T20:31:06.801,7,7,META260904P01040000,META,2026-09-04,put,1040.0,456.56,17.0,468.51,17.0,462.53499999999997,,,,,,,,,2026-08-28,571.835,589.035,571.525,577.9,411753.0,579.376165
2026-08-28T20:31:06.801,7,7,META260904P01050000,META,2026-09-04,put,1050.0,460.39,8.0,477.95,5.0,469.16999999999996,,,,,,,,,2026-08-28,571.835,589.035,571.525,577.9,411753.0,579.376165
2026-08-28T20:31:06.801,7,7,META260904P01060000,META,2026-09-04,put,1060.0,474.25,11.0,485.47,11.0,479.86,,,,,,,,,2026-08-28,571.835,589.035,571.525,577.9,411753.0,579.376165
2026-08-28T20:31:06.801,7,7,META260904P01070000,META,2026-09-04,put,1070.0,498.26,11.0,500.8,8.0,499.53,,,,,,,,,2026-08-28,571.835,589.035,571.525,577.9,411753.0,579.376165
2026-08-28T20:31:06.801,7,7,META260904P01080000,META,2026-09-04,put,1080.0,493.37,11.0,509.39,9.0,501.38,,,,,,,,,2026-08-28,571.835,589.035,571.525,577.9,411753.0,579.376165
2026-08-28T20:31:06.801,7,7,META260904P01090000,META,2026-09-04,put,1090.0,513.69,7.0,522.809,7.0,518.2495,,,,,,,,,2026-08-28,571.835,589.035,571.525,577.9,411753.0,579.376165
2026-08-28T20:31:06.801,7,7,META260904P01100000,META,2026-09-04,put,1100.0,524.2,9.0,528.37,5.0,526.2850000000001,,,,,,,,,2026-08-28,571.835,589.035,571.525,577.9,411753.0,579.376165
2026-08-28T20:31:06.801,7,7,META260904P01110000,META,2026-09-04,put,1110.0,535.59,7.0,543.34,4.0,539.465,,,,,,,,,2026-08-28,571.835,589.035,571.525,577.9,411753.0,579.376165
2026-08-28T20:31:06.801,14,12,META260909C00400000,META,2026-09-09,call,400.0,176.17,8.0,178.98,3.0,177.575,,,,,,,,,2026-08-28,571.835,589.035,571.525,577.9,411753.0,579.376165
2026-08-28T20:31:06.801,14,12,META260909C00405000,META,2026-09-09,call,405.0,168.15,41.0,174.87,7.0,171.51,,,,,,,,,2026-08-28,571.835,589.035,571.525,577.9,411753.0,579.376165
2026-08-28T20:31:06.801,14,12,META260909C00410000,META,2026-09-09,call,410.0,161.72,7.0,170.83,1.0,166.275,,,,,,,,,2026-08-28,571.835,589.035,571.525,577.9,411753.0,579.376165
2026-08-28T20:31:06.801,14,12,META260909C00415000,META,2026-09-09,call,415.0,160.52,9.0,167.21,10.0,163.865,,,,,,,,,2026-08-28,571.835,589.035,571.525,577.9,411753.0,579.376165
2026-08-28T20:31:06.801,14,12,META260909C00420000,META,2026-09-09,call,420.0,152.1,6.0,161.21,5.0,156.655,,,,,,,,,2026-08-28,571.835,589.035,571.525,577.9,411753.0,579.376165
2026-08-28T20:31:06.801,14,12,META260909C00425000,META,2026-09-09,call,425.0,149.85,5.0,158.4,7.0,154.125,,,,,,,,,2026-08-28,571.835,589.035,571.525,577.9,411753.0,579.376165
2026-08-28T20:31:06.801,14,12,META260909C00430000,META,2026-09-09,call,430.0,146.86,8.0,153.74,8.0,150.3,,,1.0254,0.9542,0.0009,-0.4705,0.1008,0.1318,2026-08-28,571.835,589.035,571.525,577.9,411753.0,579.376165
2026-08-28T20:31:06.801,14,12,META260909C00435000,META,2026-09-09,call,435.0,141.46,39.0,147.7,5.0,144.57999999999998,,,0.9144,0.9641,0.0008,-0.356,0.0826,0.1355,2026-08-28,571.835,589.035,571.525,577.9,411753.0,579.376165
2026-08-28T20:31:06.801,14,12,META260909C00440000,META,2026-09-09,call,440.0,135.79,6.0,142.53,7.0,139.16,,,0.8284,0.9709,0.0008,-0.2816,0.0694,0.1386,2026-08-28,571.835,589.035,571.525,577.9,411753.0,579.376165
2026-08-28T20:31:06.801,14,12,META260909C00445000,META,2026-09-09,call,445.0,129.06,7.0,138.98,12.0,134.01999999999998,,,0.7779,0.9731,0.0008,-0.2538,0.0651,0.1407,2026-08-28,571.835,589.035,571.525,577.9,411753.0,579.376165
2026-08-28T20:31:06.801,14,12,META260909C00450000,META,2026-09-09,call,450.0,126.43,6.0,129.83,6.0,128.13,,,,,,,,,2026-08-28,571.835,589.035,571.525,577.9,411753.0,579.376165
2026-08-28T20:31:06.801,14,12,META260909C00460000,META,2026-09-09,call,460.0,116.21,3.0,122.56,1.0,119.38499999999999,,,0.738,0.9622,0.0011,-0.3083,0.0861,0.1435,2026-08-28,571.835,589.035,571.525,577.9,411753.0,579.376165
2026-08-28T20:31:06.801,14,12,META260909C00465000,META,2026-09-09,call,465.0,109.11,5.0,117.2,7.0,113.155,,,,,,,,,2026-08-28,571.835,589.035,571.525,577.9,411753.0,579.376165
2026-08-28T20:31:06.801,14,12,META260909C00470000,META,2026-09-09,call,470.0,106.81,8.0,112.59,8.0,109.7,,,0.7113,0.9528,0.0013,-0.3498,0.1032,0.1449,2026-08-28,571.835,589.035,571.525,577.9,411753.0,579.376165
2026-08-28T20:31:06.801,14,12,META260909C00475000,META,2026-09-09,call,475.0,99.53,7.0,107.18,7.0,103.355,,,0.4773,0.9898,0.0005,-0.1034,0.0285,0.154,2026-08-28,571.835,589.035,571.525,577.9,411753.0,579.376165
2026-08-28T20:31:06.801,14,12,META260909C00480000,META,2026-09-09,call,480.0,95.81,16.0,103.88,12.0,99.845,,,0.664,0.946,0.0016,-0.3621,0.1148,0.1468,2026-08-28,571.835,589.035,571.525,577.9,411753.0,579.376165
2026-08-28T20:31:06.801,14,12,META260909C00485000,META,2026-09-09,call,485.0,88.57,12.0,96.5,13.0,92.535,,,,,,,,,2026-08-28,571.835,589.035,571.525,577.9,411753.0,579.376165
2026-08-28T20:31:06.801,14,12,META260909C00490000,META,2026-09-09,call,490.0,85.91,14.0,93.32,9.0,89.615,88.71,1.0,0.5841,0.9471,0.0018,-0.3205,0.113,0.1504,2026-08-28,571.835,589.035,571.525,577.9,411753.0,579.376165
2026-08-28T20:31:06.801,14,12,META260909C00495000,META,2026-09-09,call,495.0,81.61,17.0,85.77,13.0,83.69,83.9,1.0,0.4525,0.9736,0.0013,-0.1685,0.0641,0.1574,2026-08-28,571.835,589.035,571.525,577.9,411753.0,579.376165
2026-08-28T20:31:06.801,14,12,META260909C00500000,META,2026-09-09,call,500.0,73.76,15.0,82.69,15.0,78.225,78.94,1.0,0.2836,0.9979,0.0002,-0.0581,0.0071,0.1638,2026-08-28,571.835,589.035,571.525,577.9,411753.0,579.376165
2026-08-28T20:31:06.801,14,12,META260909C00505000,META,2026-09-09,call,505.0,70.76,26.0,76.92,14.0,73.84,60.65,1.0,0.4214,0.965,0.0018,-0.1902,0.0809,0.159,2026-08-28,571.835,589.035,571.525,577.9,411753.0,579.376165
2026-08-28T20:31:06.801,14,12,META260909C00510000,META,2026-09-09,call,510.0,64.16,14.0,72.01,14.0,68.08500000000001,67.59,1.0,,,,,,,2026-08-28,571.835,589.035,571.525,577.9,411753.0,579.376165
2026-08-28T20:31:06.801,14,12,META260909C00512500,META,2026-09-09,call,512.5,63.1,15.0,69.31,14.0,66.205,68.01,1.0,0.3653,0.9683,0.0019,-0.1626,0.0745,0.1621,2026-08-28,571.835,589.035,571.525,577.9,411753.0,579.376165
2026-08-28T20:31:06.801,14,12,META260909C00515000,META,2026-09-09,call,515.0,61.31,11.0,66.08,12.0,63.695,62.64,1.0,0.3513,0.968,0.002,-0.1595,0.0752,0.1629,2026-08-28,571.835,589.035,571.525,577.9,411753.0,579.376165
2026-08-28T20:31:06.801,14,12,META260909C00517500,META,2026-09-09,call,517.5,57.64,12.0,64.61,12.0,61.125,61.69,1.0,0.3291,0.9707,0.0019,-0.1456,0.0699,0.1642,2026-08-28,571.835,589.035,571.525,577.9,411753.0,579.376165
2026-08-28T20:31:06.801,14,12,META260909C00520000,META,2026-09-09,call,520.0,55.9,34.0,62.0,39.0,58.95,60.82,1.0,0.3544,0.9541,0.0026,-0.1981,0.1009,0.1618,2026-08-28,571.835,589.035,571.525,577.9,411753.0,579.376165
2026-08-28T20:31:06.801,14,12,META260909C00522500,META,2026-09-09,call,522.5,54.03,14.0,59.67,24.0,56.85,56.81,1.0,0.3753,0.9364,0.0032,-0.2525,0.1306,0.1591,2026-08-28,571.835,589.035,571.525,577.9,411753.0,579.376165
2026-08-28T20:31:06.801,14,12,META260909C00525000,META,2026-09-09,call,525.0,51.37,11.0,57.76,11.0,54.565,46.43,1.0,0.3766,0.9265,0.0035,-0.277,0.146,0.158,2026-08-28,571.835,589.035,571.525,577.9,411753.0,579.376165
2026-08-28T20:31:06.801,14,12,META260909C00527500,META,2026-09-09,call,527.5,47.63,13.0,54.76,12.0,51.195,,,0.2883,0.9629,0.0027,-0.1524,0.0849,0.166,2026-08-28,571.835,589.035,571.525,577.9,411753.0,579.376165
2026-08-28T20:31:06.801,14,12,META260909C00530000,META,2026-09-09,call,530.0,45.11,12.0,51.43,12.0,48.269999999999996,,,0.1857,0.9954,0.0007,-0.0633,0.014,0.1732,2026-08-28,571.835,589.035,571.525,577.9,411753.0,579.376165
2026-08-28T20:31:06.801,14,12,META260909C00532500,META,2026-09-09,call,532.5,42.65,8.0,50.84,9.0,46.745000000000005,,,0.3113,0.9319,0.004,-0.2277,0.1377,0.1616,2026-08-28,571.835,589.035,571.525,577.9,411753.0,579.376165
2026-08-28T20:31:06.801,14,12,META260909C00535000,META,2026-09-09,call,535.0,41.71,8.0,47.67,17.0,44.69,39.11,3.0,0.326,0.9109,0.0047,-0.2773,0.1688,0.1583,2026-08-28,571.835,589.035,571.525,577.9,411753.0,579.376165
2026-08-28T20:31:06.801,14,12,META260909C00537500,META,2026-09-09,call,537.5,41.04,31.0,44.81,31.0,42.925,48.65,1.0,0.3497,0.8821,0.0054,-0.3479,0.2069,0.1534,2026-08-28,571.835,589.035,571.525,577.9,411753.0,579.376165
2026-08-28T20:31:06.801,14,12,META260909C00540000,META,2026-09-09,call,540.0,39.19,11.0,43.27,35.0,41.230000000000004,35.37,3.0,0.3693,0.8547,0.0059,-0.4129,0.239,0.1488,2026-08-28,571.835,589.035,571.525,577.9,411753.0,579.376165
2026-08-28T20:31:06.801,14,12,META260909C00542500,META,2026-09-09,call,542.5,36.47,6.0,41.89,68.0,39.18,,,0.3702,0.8379,0.0063,-0.4408,0.2571,0.1462,2026-08-28,571.835,589.035,571.525,577.9,411753.0,579.376165
2026-08-28T20:31:06.801,14,12,META260909C00545000,META,2026-09-09,call,545.0,34.91,9.0,38.52,31.0,36.715,,,0.3539,0.8305,0.0068,-0.4342,0.2645,0.1456,2026-08-28,571.835,589.035,571.525,577.9,411753.0,579.376165
2026-08-28T20:31:06.801,14,12,META260909C00547500,META,2026-09-09,call,547.5,33.39,4.0,37.68,46.0,35.535,,,0.3824,0.795,0.0071,-0.5164,0.2976,0.1393,2026-08-28,571.835,589.035,571.525,577.9,411753.0,579.376165
2026-08-28T20:31:06.801,14,12,META260909C00550000,META,2026-09-09,call,550.0,30.33,5.0,33.31,49.0,31.82,29.84,5.0,0.322,0.8129,0.008,-0.4213,0.2815,0.1439,2026-08-28,571.835,589.035,571.525,577.9,411753.0,579.376165
2026-08-28T20:31:06.801,14,12,META260909C00552500,META,2026-09-09,call,552.5,28.32,9.0,33.37,25.0,30.845,36.27,1.0,0.3539,0.7714,0.0082,-0.5087,0.317,0.1363,2026-08-28,571.835,589.035,571.525,577.9,411753.0,579.376165
2026-08-28T20:31:06.801,14,12,META260909C00555000,META,2026-09-09,call,555.0,27.48,10.0,31.0,20.0,29.240000000000002,23.55,1.0,0.3611,0.7456,0.0085,-0.5455,0.3359,0.132,2026-08-28,571.835,589.035,571.525,577.9,411753.0,579.376165
2026-08-28T20:31:06.801,14,12,META260909C00557500,META,2026-09-09,call,557.5,24.15,27.0,28.6,43.0,26.375,23.45,58.0,0.3297,0.7398,0.0094,-0.5069,0.3399,0.1318,2026-08-28,571.835,589.035,571.525,577.9,411753.0,579.376165
2026-08-28T20:31:06.801,14,12,META260909C00560000,META,2026-09-09,call,560.0,22.7,28.0,27.49,154.0,25.095,22.82,10.0,0.3433,0.7081,0.0096,-0.5527,0.3596,0.1262,2026-08-28,571.835,589.035,571.525,577.9,411753.0,579.376165
2026-08-28T20:31:06.801,14,12,META260909C00562500,META,2026-09-09,call,562.5,21.75,6.0,24.99,19.0,23.369999999999997,21.23,2.0,0.3421,0.6835,0.0099,-0.5685,0.3728,0.1221,2026-08-28,571.835,589.035,571.525,577.9,411753.0,579.376165
2026-08-28T20:31:06.801,14,12,META260909C00565000,META,2026-09-09,call,565.0,18.23,273.0,23.54,231.0,20.884999999999998,19.72,2.0,0.3195,0.6666,0.0109,-0.5433,0.3808,0.1197,2026-08-28,571.835,589.035,571.525,577.9,411753.0,579.376165
2026-08-28T20:31:06.801,14,12,META260909C00567500,META,2026-09-09,call,567.5,18.18,76.0,21.53,179.0,19.855,15.19,1.0,0.3334,0.6339,0.0108,-0.5819,0.3941,0.1138,2026-08-28,571.835,589.035,571.525,577.9,411753.0,579.376165
2026-08-28T20:31:06.801,14,12,META260909C00570000,META,2026-09-09,call,570.0,16.8,21.0,19.43,341.0,18.115000000000002,16.85,1.0,0.3272,0.6077,0.0112,-0.5819,0.4025,0.1094,2026-08-28,571.835,589.035,571.525,577.9,411753.0,579.376165
2026-08-28T20:31:06.801,14,12,META260909C00572500,META,2026-09-09,call,572.5,15.24,209.0,17.74,245.0,16.49,14.75,2.0,0.3223,0.5799,0.0116,-0.5815,0.4094,0.1047,2026-08-28,571.835,589.035,571.525,577.9,411753.0,579.376165
2026-08-28T20:31:06.801,14,12,META260909C00575000,META,2026-09-09,call,575.0,13.69,285.0,15.98,196.0,14.835,15.08,1.0,0.315,0.5512,0.012,-0.5741,0.4144,0.0998,2026-08-28,571.835,589.035,571.525,577.9,411753.0,579.376165
2026-08-28T20:31:06.801,14,12,META260909C00577500,META,2026-09-09,call,577.5,12.3,179.0,14.44,32.0,13.370000000000001,12.8,1.0,0.3106,0.521,0.0122,-0.5687,0.4172,0.0945,2026-08-28,571.835,589.035,571.525,577.9,411753.0,579.376165
2026-08-28T20:31:06.801,14,12,META260909C00580000,META,2026-09-09,call,580.0,10.89,104.0,14.8,387.0,12.845,11.65,1.0,0.3269,0.4921,0.0116,-0.5961,0.4177,0.0892,2026-08-28,571.835,589.035,571.525,577.9,411753.0,579.376165
2026-08-28T20:31:06.801,14,12,META260909C00582500,META,2026-09-09,call,582.5,9.53,124.0,14.29,297.0,11.91,10.35,1.0,0.3317,0.464,0.0114,-0.6007,0.4161,0.0842,2026-08-28,571.835,589.035,571.525,577.9,411753.0,579.376165
2026-08-28T20:31:06.801,14,12,META260909C00585000,META,2026-09-09,call,585.0,8.94,24.0,11.24,167.0,10.09,9.5,1.0,0.3134,0.4308,0.012,-0.5611,0.4115,0.0785,2026-08-28,571.835,589.035,571.525,577.9,411753.0,579.376165
2026-08-28T20:31:06.801,14,12,META260909C00587500,META,2026-09-09,call,587.5,7.75,454.0,11.17,304.0,9.46,8.8,2.0,0.3221,0.4047,0.0115,-0.567,0.4059,0.0738,2026-08-28,571.835,589.035,571.525,577.9,411753.0,579.376165
2026-08-28T20:31:06.801,14,12,META260909C00590000,META,2026-09-09,call,590.0,7.02,313.0,10.27,319.0,8.645,8.05,1.0,0.3247,0.378,0.0112,-0.5596,0.3981,0.0689,2026-08-28,571.835,589.035,571.525,577.9,411753.0,579.376165
2026-08-28T20:31:06.801,14,12,META260909C00592500,META,2026-09-09,call,592.5,5.22,427.0,10.89,401.0,8.055,7.06,1.0,0.3316,0.3544,0.0107,-0.5579,0.3897,0.0647,2026-08-28,571.835,589.035,571.525,577.9,411753.0,579.376165
2026-08-28T20:31:06.801,14,12,META260909C00595000,META,2026-09-09,call,595.0,4.08,383.0,8.58,209.0,6.33,6.3,2.0,0.3069,0.3142,0.011,-0.4927,0.3717,0.0576,2026-08-28,571.835,589.035,571.525,577.9,411753.0,579.376165
2026-08-28T20:31:06.801,14,12,META260909C00597500,META,2026-09-09,call,597.5,3.59,355.0,6.44,5.0,5.015000000000001,5.75,1.0,0.2896,0.2757,0.011,-0.4375,0.3499,0.0507,2026-08-28,571.835,589.035,571.525,577.9,411753.0,579.376165
2026-08-28T20:31:06.801,14,12,META260909C00600000,META,2026-09-09,call,600.0,4.77,5.0,5.95,170.0,5.359999999999999,5.2,1.0,0.3178,0.2708,0.0099,-0.4742,0.3468,0.0497,2026-08-28,571.835,589.035,571.525,577.9,411753.0,579.376165
2026-08-28T20:31:06.801,14,12,META260909C00602500,META,2026-09-09,call,602.5,3.99,379.0,5.29,1.0,4.640000000000001,4.8,1.0,0.3142,0.2447,0.0095,-0.4444,0.329,0.0449,2026-08-28,571.835,589.035,571.525,577.9,411753.0,579.376165
2026-08-28T20:31:06.801,14,12,META260909C00605000,META,2026-09-09,call,605.0,2.95,395.0,6.06,391.0,4.505,3.9,1.0,0.327,0.2322,0.0089,-0.4486,0.3197,0.0426,2026-08-28,571.835,589.035,571.525,577.9,411753.0,579.376165
2026-08-28T20:31:06.801,14,12,META260909C00607500,META,2026-09-09,call,607.5,2.17,247.0,5.89,353.0,4.029999999999999,3.8,1.0,0.3282,0.2124,0.0084,-0.4274,0.3039,0.039,2026-08-28,571.835,589.035,571.525,577.9,411753.0,579.376165
2026-08-28T20:31:06.801,14,12,META260909C00610000,META,2026-09-09,call,610.0,2.58,253.0,6.92,393.0,4.75,3.75,1.0,0.3677,0.2215,0.0077,-0.4893,0.3113,0.0405,2026-08-28,571.835,589.035,571.525,577.9,411753.0,579.376165
2026-08-28T20:31:06.801,14,12,META260909C00612500,META,2026-09-09,call,612.5,1.41,330.0,5.29,392.0,3.35,2.94,1.0,0.3357,0.1805,0.0075,-0.3952,0.2753,0.0332,2026-08-28,571.835,589.035,571.525,577.9,411753.0,579.376165
2026-08-28T20:31:06.801,14,12,META260909C00615000,META,2026-09-09,call,615.0,1.63,337.0,4.13,395.0,2.88,2.6,1.0,0.3327,0.1611,0.007,-0.3638,0.256,0.0296,2026-08-28,571.835,589.035,571.525,577.9,411753.0,579.376165
2026-08-28T20:31:06.801,14,12,META260909C00617500,META,2026-09-09,call,617.5,1.15,152.0,4.07,248.0,2.6100000000000003,2.28,1.0,0.3359,0.1477,0.0066,-0.3465,0.2417,0.0272,2026-08-28,571.835,589.035,571.525,577.9,411753.0,579.376165
2026-08-28T20:31:06.801,14,12,META260909C00620000,META,2026-09-09,call,620.0,1.45,346.0,2.25,1.0,1.85,2.12,1.0,0.3154,0.1172,0.006,-0.2774,0.2061,0.0217,2026-08-28,571.835,589.035,571.525,577.9,411753.0,579.376165
2026-08-28T20:31:06.801,14,12,META260909C00622500,META,2026-09-09,call,622.5,1.32,90.0,2.55,217.0,1.935,1.78,4.0,0.3324,0.1166,0.0056,-0.2909,0.2053,0.0215,2026-08-28,571.835,589.035,571.525,577.9,411753.0,579.376165
2026-08-28T20:31:06.801,14,12,META260909C00625000,META,2026-09-09,call,625.0,0.78,248.0,2.17,207.0,1.475,1.5,1.0,0.3208,0.0958,0.0051,-0.2434,0.1781,0.0177,2026-08-28,571.835,589.035,571.525,577.9,411753.0,579.376165
2026-08-28T20:31:06.801,14,12,META260909C00627500,META,2026-09-09,call,627.5,0.0,0.0,2.72,103.0,1.36,,,,,,,,,2026-08-28,571.835,589.035,571.525,577.9,411753.0,579.376165
2026-08-28T20:31:06.801,14,12,META260909C00630000,META,2026-09-09,call,630.0,0.5,446.0,1.77,422.0,1.135,1.2,1.0,0.3235,0.0763,0.0042,-0.2068,0.1502,0.0141,2026-08-28,571.835,589.035,571.525,577.9,411753.0,579.376165
2026-08-28T20:31:06.801,14,12,META260909C00632500,META,2026-09-09,call,632.5,0.01,211.0,5.43,236.0,2.7199999999999998,,,0.4206,0.1279,0.0047,-0.3909,0.219,0.0234,2026-08-28,571.835,589.035,571.525,577.9,411753.0,579.376165
2026-08-28T20:31:06.801,14,12,META260909C00635000,META,2026-09-09,call,635.0,0.03,213.0,1.86,226.0,0.9450000000000001,1.03,2.0,0.3321,0.0639,0.0036,-0.1849,0.131,0.0118,2026-08-28,571.835,589.035,571.525,577.9,411753.0,579.376165
2026-08-28T20:31:06.801,14,12,META260909C00637500,META,2026-09-09,call,637.5,0.55,1.0,1.46,111.0,1.005,0.91,9.0,0.3475,0.0648,0.0035,-0.1955,0.1325,0.012,2026-08-28,571.835,589.035,571.525,577.9,411753.0,579.376165
2026-08-28T20:31:06.801,14,12,META260909C00640000,META,2026-09-09,call,640.0,0.12,278.0,1.99,359.0,1.055,0.76,1.0,0.362,0.0653,0.0034,-0.2047,0.1333,0.0121,2026-08-28,571.835,589.035,571.525,577.9,411753.0,579.376165
2026-08-28T20:31:06.801,14,12,META260909C00642500,META,2026-09-09,call,642.5,0.0,0.0,4.93,155.0,2.465,,,,,,,,,2026-08-28,571.835,589.035,571.525,577.9,411753.0,579.376165
2026-08-28T20:31:06.801,14,12,META260909C00645000,META,2026-09-09,call,645.0,0.1,295.0,1.2,294.0,0.65,0.6,1.0,0.3476,0.0445,0.0026,-0.1451,0.0984,0.0082,2026-08-28,571.835,589.035,571.525,577.9,411753.0,579.376165
2026-08-28T20:31:06.801,14,12,META260909C00647500,META,2026-09-09,call,647.5,0.0,0.0,4.78,246.0,2.39,,,,,,,,,2026-08-28,571.835,589.035,571.525,577.9,411753.0,579.376165
2026-08-28T20:31:06.801,14,12,META260909C00650000,META,2026-09-09,call,650.0,0.03,193.0,0.88,224.0,0.455,0.42,2.0,0.3444,0.0329,0.002,-0.1121,0.0768,0.0061,2026-08-28,571.835,589.035,571.525,577.9,411753.0,579.376165
2026-08-28T20:31:06.801,14,12,META260909C00652500,META,2026-09-09,call,652.5,0.0,0.0,4.67,180.0,2.335,,,,,,,,,2026-08-28,571.835,589.035,571.525,577.9,411753.0,579.376165
2026-08-28T20:31:06.801,14,12,META260909C00655000,META,2026-09-09,call,655.0,0.0,0.0,1.29,223.0,0.645,0.62,1.0,,,,,,,2026-08-28,571.835,589.035,571.525,577.9,411753.0,579.376165
2026-08-28T20:31:06.801,14,12,META260909C00657500,META,2026-09-09,call,657.5,0.0,0.0,4.49,136.0,2.245,,,,,,,,,2026-08-28,571.835,589.035,571.525,577.9,411753.0,579.376165
2026-08-28T20:31:06.801,14,12,META260909C00660000,META,2026-09-09,call,660.0,0.0,0.0,0.98,33.0,0.49,1.06,1.0,,,,,,,2026-08-28,571.835,589.035,571.525,577.9,411753.0,579.376165
2026-08-28T20:31:06.801,14,12,META260909C00662500,META,2026-09-09,call,662.5,0.0,0.0,4.48,77.0,2.24,,,,,,,,,2026-08-28,571.835,589.035,571.525,577.9,411753.0,579.376165
2026-08-28T20:31:06.801,14,12,META260909C00665000,META,2026-09-09,call,665.0,0.0,0.0,4.47,116.0,2.235,,,,,,,,,2026-08-28,571.835,589.035,571.525,577.9,411753.0,579.376165
2026-08-28T20:31:06.801,14,12,META260909C00667500,META,2026-09-09,call,667.5,0.0,0.0,4.43,139.0,2.215,,,,,,,,,2026-08-28,571.835,589.035,571.525,577.9,411753.0,579.376165
2026-08-28T20:31:06.801,14,12,META260909C00670000,META,2026-09-09,call,670.0,0.0,0.0,1.06,235.0,0.53,0.34,3.0,,,,,,,2026-08-28,571.835,589.035,571.525,577.9,411753.0,579.376165
2026-08-28T20:31:06.801,14,12,META260909C00672500,META,2026-09-09,call,672.5,0.0,0.0,4.34,220.0,2.17,,,,,,,,,2026-08-28,571.835,589.035,571.525,577.9,411753.0,579.376165
2026-08-28T20:31:06.801,14,12,META260909C00675000,META,2026-09-09,call,675.0,0.0,0.0,1.83,95.0,0.915,,,,,,,,,2026-08-28,571.835,589.035,571.525,577.9,411753.0,579.376165
2026-08-28T20:31:06.801,14,12,META260909C00680000,META,2026-09-09,call,680.0,0.03,1.0,0.93,238.0,0.48000000000000004,0.01,1.0,0.4545,0.0271,0.0013,-0.1257,0.0656,0.005,2026-08-28,571.835,589.035,571.525,577.9,411753.0,579.376165
2026-08-28T20:31:06.801,14,12,META260909C00685000,META,2026-09-09,call,685.0,0.0,0.0,3.18,70.0,1.59,,,,,,,,,2026-08-28,571.835,589.035,571.525,577.9,411753.0,579.376165
2026-08-28T20:31:06.801,14,12,META260909C00690000,META,2026-09-09,call,690.0,0.0,0.0,3.1,275.0,1.55,,,,,,,,,2026-08-28,571.835,589.035,571.525,577.9,411753.0,579.376165
2026-08-28T20:31:06.801,14,12,META260909C00695000,META,2026-09-09,call,695.0,0.0,0.0,0.57,360.0,0.285,3.55,1.0,,,,,,,2026-08-28,571.835,589.035,571.525,577.9,411753.0,579.376165
2026-08-28T20:31:06.801,14,12,META260909C00700000,META,2026-09-09,call,700.0,0.0,0.0,0.48,299.0,0.24,,,,,,,,,2026-08-28,571.835,589.035,571.525,577.9,411753.0,579.376165
2026-08-28T20:31:06.801,14,12,META260909C00705000,META,2026-09-09,call,705.0,0.0,0.0,0.81,209.0,0.405,0.18,1.0,,,,,,,2026-08-28,571.835,589.035,571.525,577.9,411753.0,579.376165
2026-08-28T20:31:06.801,14,12,META260909C00710000,META,2026-09-09,call,710.0,0.0,0.0,4.22,306.0,2.11,,,,,,,,,2026-08-28,571.835,589.035,571.525,577.9,411753.0,579.376165
2026-08-28T20:31:06.801,14,12,META260909C00715000,META,2026-09-09,call,715.0,0.0,0.0,1.53,51.0,0.765,,,,,,,,,2026-08-28,571.835,589.035,571.525,577.9,411753.0,579.376165
2026-08-28T20:31:06.801,14,12,META260909C00720000,META,2026-09-09,call,720.0,0.0,0.0,4.22,51.0,2.11,,,,,,,,,2026-08-28,571.835,589.035,571.525,577.9,411753.0,579.376165
2026-08-28T20:31:06.801,14,12,META260909C00725000,META,2026-09-09,call,725.0,0.0,0.0,4.34,51.0,2.17,,,,,,,,,2026-08-28,571.835,589.035,571.525,577.9,411753.0,579.376165
2026-08-28T20:31:06.801,14,12,META260909C00730000,META,2026-09-09,call,730.0,0.0,0.0,4.27,62.0,2.135,,,,,,,,,2026-08-28,571.835,589.035,571.525,577.9,411753.0,579.376165
2026-08-28T20:31:06.801,14,12,META260909C00735000,META,2026-09-09,call,735.0,0.0,0.0,4.37,103.0,2.185,,,,,,,,,2026-08-28,571.835,589.035,571.525,577.9,411753.0,579.376165
2026-08-28T20:31:06.801,14,12,META260909C00740000,META,2026-09-09,call,740.0,0.0,0.0,4.36,44.0,2.18,,,,,,,,,2026-08-28,571.835,589.035,571.525,577.9,411753.0,579.376165
2026-08-28T20:31:06.801,14,12,META260909C00745000,META,2026-09-09,call,745.0,0.0,0.0,4.23,95.0,2.115,,,,,,,,,2026-08-28,571.835,589.035,571.525,577.9,411753.0,579.376165
2026-08-28T20:31:06.801,14,12,META260909C00750000,META,2026-09-09,call,750.0,0.0,0.0,4.36,41.0,2.18,,,,,,,,,2026-08-28,571.835,589.035,571.525,577.9,411753.0,579.376165
2026-08-28T20:31:06.801,14,12,META260909C00755000,META,2026-09-09,call,755.0,0.0,0.0,4.26,67.0,2.13,,,,,,,,,2026-08-28,571.835,589.035,571.525,577.9,411753.0,579.376165
2026-08-28T20:31:06.801,14,12,META260909C00760000,META,2026-09-09,call,760.0,0.0,0.0,4.28,55.0,2.14,,,,,,,,,2026-08-28,571.835,589.035,571.525,577.9,411753.0,579.376165
2026-08-28T20:31:06.801,14,12,META260909C00765000,META,2026-09-09,call,765.0,0.0,0.0,4.35,90.0,2.175,,,,,,,,,2026-08-28,571.835,589.035,571.525,577.9,411753.0,579.376165
2026-08-28T20:31:06.801,14,12,META260909C00770000,META,2026-09-09,call,770.0,0.0,0.0,4.27,44.0,2.135,,,,,,,,,2026-08-28,571.835,589.035,571.525,577.9,411753.0,579.376165
2026-08-28T20:31:06.801,14,12,META260909C00775000,META,2026-09-09,call,775.0,0.0,0.0,4.28,3.0,2.14,,,,,,,,,2026-08-28,571.835,589.035,571.525,577.9,411753.0,579.376165
2026-08-28T20:31:06.801,14,12,META260909C00780000,META,2026-09-09,call,780.0,0.0,0.0,4.32,48.0,2.16,,,,,,,,,2026-08-28,571.835,589.035,571.525,577.9,411753.0,579.376165
2026-08-28T20:31:06.801,14,12,META260909C00785000,META,2026-09-09,call,785.0,0.0,0.0,4.2,63.0,2.1,,,,,,,,,2026-08-28,571.835,589.035,571.525,577.9,411753.0,579.376165
2026-08-28T20:31:06.801,14,12,META260909C00790000,META,2026-09-09,call,790.0,0.0,0.0,4.17,50.0,2.085,,,,,,,,,2026-08-28,571.835,589.035,571.525,577.9,411753.0,579.376165
2026-08-28T20:31:06.801,14,12,META260909C00795000,META,2026-09-09,call,795.0,0.0,0.0,4.19,52.0,2.095,,,,,,,,,2026-08-28,571.835,589.035,571.525,577.9,411753.0,579.376165
2026-08-28T20:31:06.801,14,12,META260909C00800000,META,2026-09-09,call,800.0,0.0,0.0,4.32,209.0,2.16,4.29,1.0,,,,,,,2026-08-28,571.835,589.035,571.525,577.9,411753.0,579.376165
2026-08-28T20:31:06.801,14,12,META260909C00805000,META,2026-09-09,call,805.0,0.0,0.0,4.23,50.0,2.115,,,,,,,,,2026-08-28,571.835,589.035,571.525,577.9,411753.0,579.376165
2026-08-28T20:31:06.801,14,12,META260909C00810000,META,2026-09-09,call,810.0,0.0,0.0,4.27,54.0,2.135,,,,,,,,,2026-08-28,571.835,589.035,571.525,577.9,411753.0,579.376165
2026-08-28T20:31:06.801,14,12,META260909C00815000,META,2026-09-09,call,815.0,0.0,0.0,4.31,51.0,2.155,,,,,,,,,2026-08-28,571.835,589.035,571.525,577.9,411753.0,579.376165
2026-08-28T20:31:06.801,14,12,META260909C00820000,META,2026-09-09,call,820.0,0.0,0.0,4.27,66.0,2.135,,,,,,,,,2026-08-28,571.835,589.035,571.525,577.9,411753.0,579.376165
2026-08-28T20:31:06.801,14,12,META260909C00825000,META,2026-09-09,call,825.0,0.0,0.0,4.17,63.0,2.085,,,,,,,,,2026-08-28,571.835,589.035,571.525,577.9,411753.0,579.376165
2026-08-28T20:31:06.801,14,12,META260909C00830000,META,2026-09-09,call,830.0,0.0,0.0,4.33,58.0,2.165,,,,,,,,,2026-08-28,571.835,589.035,571.525,577.9,411753.0,579.376165
2026-08-28T20:31:06.801,14,12,META260909C00835000,META,2026-09-09,call,835.0,0.0,0.0,4.22,50.0,2.11,,,,,,,,,2026-08-28,571.835,589.035,571.525,577.9,411753.0,579.376165
2026-08-28T20:31:06.801,14,12,META260909C00840000,META,2026-09-09,call,840.0,0.0,0.0,4.17,19.0,2.085,,,,,,,,,2026-08-28,571.835,589.035,571.525,577.9,411753.0,579.376165
2026-08-28T20:31:06.801,14,12,META260909C00845000,META,2026-09-09,call,845.0,0.0,0.0,4.21,42.0,2.105,,,,,,,,,2026-08-28,571.835,589.035,571.525,577.9,411753.0,579.376165
2026-08-28T20:31:06.801,14,12,META260909C00850000,META,2026-09-09,call,850.0,0.0,0.0,4.27,41.0,2.135,,,,,,,,,2026-08-28,571.835,589.035,571.525,577.9,411753.0,579.376165
2026-08-28T20:31:06.801,14,12,META260909C00855000,META,2026-09-09,call,855.0,0.0,0.0,4.22,46.0,2.11,,,,,,,,,2026-08-28,571.835,589.035,571.525,577.9,411753.0,579.376165
2026-08-28T20:31:06.801,14,12,META260909C00860000,META,2026-09-09,call,860.0,0.0,0.0,4.27,38.0,2.135,,,,,,,,,2026-08-28,571.835,589.035,571.525,577.9,411753.0,579.376165
2026-08-28T20:31:06.801,14,12,META260909C00865000,META,2026-09-09,call,865.0,0.0,0.0,4.23,52.0,2.115,,,,,,,,,2026-08-28,571.835,589.035,571.525,577.9,411753.0,579.376165
2026-08-28T20:31:06.801,14,12,META260909C00870000,META,2026-09-09,call,870.0,0.0,0.0,4.2,47.0,2.1,,,,,,,,,2026-08-28,571.835,589.035,571.525,577.9,411753.0,579.376165
2026-08-28T20:31:06.801,14,12,META260909C00875000,META,2026-09-09,call,875.0,0.0,0.0,4.28,1.0,2.14,,,,,,,,,2026-08-28,571.835,589.035,571.525,577.9,411753.0,579.376165
2026-08-28T20:31:06.801,14,12,META260909C00880000,META,2026-09-09,call,880.0,0.0,0.0,4.27,1.0,2.135,,,,,,,,,2026-08-28,571.835,589.035,571.525,577.9,411753.0,579.376165
2026-08-28T20:31:06.801,14,12,META260909C00885000,META,2026-09-09,call,885.0,0.0,0.0,4.3,1.0,2.15,,,,,,,,,2026-08-28,571.835,589.035,571.525,577.9,411753.0,579.376165
2026-08-28T20:31:06.801,14,12,META260909C00890000,META,2026-09-09,call,890.0,0.0,0.0,4.33,2.0,2.165,,,,,,,,,2026-08-28,571.835,589.035,571.525,577.9,411753.0,579.376165
2026-08-28T20:31:06.801,14,12,META260909C00895000,META,2026-09-09,call,895.0,0.0,0.0,4.33,1.0,2.165,,,,,,,,,2026-08-28,571.835,589.035,571.525,577.9,411753.0,579.376165
2026-08-28T20:31:06.801,14,12,META260909C00900000,META,2026-09-09,call,900.0,0.0,0.0,4.23,2.0,2.115,,,,,,,,,2026-08-28,571.835,589.035,571.525,577.9,411753.0,579.376165
2026-08-28T20:31:06.801,14,12,META260909P00400000,META,2026-09-09,put,400.0,0.0,0.0,4.36,1.0,2.18,,,,,,,,,2026-08-28,571.835,589.035,571.525,577.9,411753.0,579.376165
2026-08-28T20:31:06.801,14,12,META260909P00405000,META,2026-09-09,put,405.0,0.0,0.0,4.34,1.0,2.17,,,,,,,,,2026-08-28,571.835,589.035,571.525,577.9,411753.0,579.376165
2026-08-28T20:31:06.801,14,12,META260909P00410000,META,2026-09-09,put,410.0,0.0,0.0,4.33,1.0,2.165,,,,,,,,,2026-08-28,571.835,589.035,571.525,577.9,411753.0,579.376165
2026-08-28T20:31:06.801,14,12,META260909P00415000,META,2026-09-09,put,415.0,0.0,0.0,4.37,21.0,2.185,,,,,,,,,2026-08-28,571.835,589.035,571.525,577.9,411753.0,579.376165
2026-08-28T20:31:06.801,14,12,META260909P00420000,META,2026-09-09,put,420.0,0.0,0.0,4.33,50.0,2.165,,,,,,,,,2026-08-28,571.835,589.035,571.525,577.9,411753.0,579.376165
2026-08-28T20:31:06.801,14,12,META260909P00425000,META,2026-09-09,put,425.0,0.0,0.0,4.24,56.0,2.12,,,,,,,,,2026-08-28,571.835,589.035,571.525,577.9,411753.0,579.376165
2026-08-28T20:31:06.801,14,12,META260909P00430000,META,2026-09-09,put,430.0,0.0,0.0,4.33,85.0,2.165,,,,,,,,,2026-08-28,571.835,589.035,571.525,577.9,411753.0,579.376165
2026-08-28T20:31:06.801,14,12,META260909P00435000,META,2026-09-09,put,435.0,0.0,0.0,4.33,51.0,2.165,,,,,,,,,2026-08-28,571.835,589.035,571.525,577.9,411753.0,579.376165
2026-08-28T20:31:06.801,14,12,META260909P00440000,META,2026-09-09,put,440.0,0.0,0.0,4.32,106.0,2.16,,,,,,,,,2026-08-28,571.835,589.035,571.525,577.9,411753.0,579.376165
2026-08-28T20:31:06.801,14,12,META260909P00445000,META,2026-09-09,put,445.0,0.0,0.0,4.33,37.0,2.165,,,,,,,,,2026-08-28,571.835,589.035,571.525,577.9,411753.0,579.376165
2026-08-28T20:31:06.801,14,12,META260909P00450000,META,2026-09-09,put,450.0,0.0,0.0,4.38,48.0,2.19,,,,,,,,,2026-08-28,571.835,589.035,571.525,577.9,411753.0,579.376165
2026-08-28T20:31:06.801,14,12,META260909P00460000,META,2026-09-09,put,460.0,0.0,0.0,4.33,58.0,2.165,,,,,,,,,2026-08-28,571.835,589.035,571.525,577.9,411753.0,579.376165
2026-08-28T20:31:06.801,14,12,META260909P00465000,META,2026-09-09,put,465.0,0.0,0.0,1.23,48.0,0.615,1.07,1.0,,,,,,,2026-08-28,571.835,589.035,571.525,577.9,411753.0,579.376165
2026-08-28T20:31:06.801,14,12,META260909P00470000,META,2026-09-09,put,470.0,0.0,0.0,4.48,52.0,2.24,,,,,,,,,2026-08-28,571.835,589.035,571.525,577.9,411753.0,579.376165
2026-08-28T20:31:06.801,14,12,META260909P00475000,META,2026-09-09,put,475.0,0.0,0.0,2.48,57.0,1.24,,,,,,,,,2026-08-28,571.835,589.035,571.525,577.9,411753.0,579.376165
2026-08-28T20:31:06.801,14,12,META260909P00480000,META,2026-09-09,put,480.0,0.0,0.0,1.73,69.0,0.865,1.1,1.0,,,,,,,2026-08-28,571.835,589.035,571.525,577.9,411753.0,579.376165
2026-08-28T20:31:06.801,14,12,META260909P00485000,META,2026-09-09,put,485.0,0.0,0.0,4.3,181.0,2.15,0.37,1.0,,,,,,,2026-08-28,571.835,589.035,571.525,577.9,411753.0,579.376165
2026-08-28T20:31:06.801,14,12,META260909P00490000,META,2026-09-09,put,490.0,0.0,0.0,1.83,253.0,0.915,0.4,1.0,,,,,,,2026-08-28,571.835,589.035,571.525,577.9,411753.0,579.376165
2026-08-28T20:31:06.801,14,12,META260909P00495000,META,2026-09-09,put,495.0,0.0,0.0,2.63,160.0,1.315,,,,,,,,,2026-08-28,571.835,589.035,571.525,577.9,411753.0,579.376165
2026-08-28T20:31:06.801,14,12,META260909P00500000,META,2026-09-09,put,500.0,0.0,0.0,0.94,52.0,0.47,0.32,1.0,,,,,,,2026-08-28,571.835,589.035,571.525,577.9,411753.0,579.376165
2026-08-28T20:31:06.801,14,12,META260909P00505000,META,2026-09-09,put,505.0,0.0,0.0,0.78,165.0,0.39,0.23,1.0,,,,,,,2026-08-28,571.835,589.035,571.525,577.9,411753.0,579.376165
2026-08-28T20:31:06.801,14,12,META260909P00510000,META,2026-09-09,put,510.0,0.0,0.0,2.8,180.0,1.4,0.82,2.0,,,,,,,2026-08-28,571.835,589.035,571.525,577.9,411753.0,579.376165
2026-08-28T20:31:06.801,14,12,META260909P00512500,META,2026-09-09,put,512.5,0.0,0.0,1.78,59.0,0.89,,,,,,,,,2026-08-28,571.835,589.035,571.525,577.9,411753.0,579.376165
2026-08-28T20:31:06.801,14,12,META260909P00515000,META,2026-09-09,put,515.0,0.0,0.0,1.25,267.0,0.625,0.13,14.0,,,,,,,2026-08-28,571.835,589.035,571.525,577.9,411753.0,579.376165
2026-08-28T20:31:06.801,14,12,META260909P00517500,META,2026-09-09,put,517.5,0.0,0.0,1.77,69.0,0.885,,,,,,,,,2026-08-28,571.835,589.035,571.525,577.9,411753.0,579.376165
2026-08-28T20:31:06.801,14,12,META260909P00520000,META,2026-09-09,put,520.0,0.0,0.0,1.71,250.0,0.855,1.21,2.0,,,,,,,2026-08-28,571.835,589.035,571.525,577.9,411753.0,579.376165
2026-08-28T20:31:06.801,14,12,META260909P00522500,META,2026-09-09,put,522.5,0.0,0.0,4.79,141.0,2.395,,,,,,,,,2026-08-28,571.835,589.035,571.525,577.9,411753.0,579.376165
2026-08-28T20:31:06.801,14,12,META260909P00525000,META,2026-09-09,put,525.0,0.13,200.0,1.34,278.0,0.7350000000000001,0.76,10.0,0.3298,-0.0498,0.003,-0.1451,0.1077,-0.0097,2026-08-28,571.835,589.035,571.525,577.9,411753.0,579.376165
2026-08-28T20:31:06.801,14,12,META260909P00527500,META,2026-09-09,put,527.5,0.58,1.0,1.64,232.0,1.1099999999999999,0.94,1.0,0.347,-0.0677,0.0036,-0.1942,0.1371,-0.0132,2026-08-28,571.835,589.035,571.525,577.9,411753.0,579.376165
2026-08-28T20:31:06.801,14,12,META260909P00530000,META,2026-09-09,put,530.0,0.74,1.0,1.33,128.0,1.0350000000000001,1.25,4.0,0.3277,-0.0671,0.0038,-0.1819,0.1361,-0.0131,2026-08-28,571.835,589.035,571.525,577.9,411753.0,579.376165
2026-08-28T20:31:06.801,14,12,META260909P00532500,META,2026-09-09,put,532.5,0.0,0.0,2.32,100.0,1.16,0.98,1.0,,,,,,,2026-08-28,571.835,589.035,571.525,577.9,411753.0,579.376165
2026-08-28T20:31:06.801,14,12,META260909P00535000,META,2026-09-09,put,535.0,0.0,0.0,4.34,254.0,2.17,1.34,1.0,,,,,,,2026-08-28,571.835,589.035,571.525,577.9,411753.0,579.376165
2026-08-28T20:31:06.801,14,12,META260909P00537500,META,2026-09-09,put,537.5,0.74,298.0,2.63,327.0,1.685,0.93,14.0,0.3248,-0.1017,0.0052,-0.2458,0.1861,-0.0199,2026-08-28,571.835,589.035,571.525,577.9,411753.0,579.376165
2026-08-28T20:31:06.801,14,12,META260909P00540000,META,2026-09-09,put,540.0,0.0,0.0,2.58,113.0,1.29,1.3,1.0,,,,,,,2026-08-28,571.835,589.035,571.525,577.9,411753.0,579.376165
2026-08-28T20:31:06.801,14,12,META260909P00542500,META,2026-09-09,put,542.5,1.5,45.0,3.04,335.0,2.27,1.95,1.0,0.3222,-0.1307,0.0063,-0.2908,0.2224,-0.0256,2026-08-28,571.835,589.035,571.525,577.9,411753.0,579.376165
2026-08-28T20:31:06.801,14,12,META260909P00545000,META,2026-09-09,put,545.0,1.32,322.0,4.0,311.0,2.66,2.62,10.0,0.3226,-0.1484,0.0069,-0.3171,0.2425,-0.0291,2026-08-28,571.835,589.035,571.525,577.9,411753.0,579.376165
2026-08-28T20:31:06.801,14,12,META260909P00547500,META,2026-09-09,put,547.5,0.0,0.0,6.92,92.0,3.46,2.34,2.0,,,,,,,2026-08-28,571.835,589.035,571.525,577.9,411753.0,579.376165
2026-08-28T20:31:06.801,14,12,META260909P00550000,META,2026-09-09,put,550.0,1.28,266.0,4.04,133.0,2.66,3.45,12.0,0.2888,-0.1625,0.0081,-0.3002,0.2574,-0.0317,2026-08-28,571.835,589.035,571.525,577.9,411753.0,579.376165
2026-08-28T20:31:06.801,14,12,META260909P00552500,META,2026-09-09,put,552.5,0.73,271.0,7.06,286.0,3.8949999999999996,3.24,2.0,0.3154,-0.2043,0.0086,-0.3781,0.2969,-0.0401,2026-08-28,571.835,589.035,571.525,577.9,411753.0,579.376165
2026-08-28T20:31:06.801,14,12,META260909P00555000,META,2026-09-09,put,555.0,2.97,375.0,7.17,380.0,5.07,4.48,1.0,0.334,-0.239,0.0089,-0.4378,0.3249,-0.0471,2026-08-28,571.835,589.035,571.525,577.9,411753.0,579.376165
2026-08-28T20:31:06.801,14,12,META260909P00557500,META,2026-09-09,put,557.5,2.95,259.0,7.08,289.0,5.015000000000001,5.98,2.0,0.3123,-0.2498,0.0097,-0.418,0.3327,-0.0491,2026-08-28,571.835,589.035,571.525,577.9,411753.0,579.376165
2026-08-28T20:31:06.801,14,12,META260909P00560000,META,2026-09-09,put,560.0,2.58,470.0,7.38,391.0,4.98,6.3,7.0,0.291,-0.2624,0.0107,-0.3982,0.3413,-0.0515,2026-08-28,571.835,589.035,571.525,577.9,411753.0,579.376165
2026-08-28T20:31:06.801,14,12,META260909P00562500,META,2026-09-09,put,562.5,3.37,195.0,9.6,137.0,6.484999999999999,7.35,9.0,0.3122,-0.3024,0.0107,-0.4574,0.3654,-0.0596,2026-08-28,571.835,589.035,571.525,577.9,411753.0,579.376165
2026-08-28T20:31:06.801,14,12,META260909P00565000,META,2026-09-09,put,565.0,4.32,175.0,10.61,83.0,7.465,5.48,3.0,0.3159,-0.3318,0.011,-0.4805,0.3801,-0.0655,2026-08-28,571.835,589.035,571.525,577.9,411753.0,579.376165
2026-08-28T20:31:06.801,14,12,META260909P00567500,META,2026-09-09,put,567.5,5.05,150.0,9.51,71.0,7.279999999999999,8.91,1.0,0.2876,-0.3492,0.0123,-0.4437,0.3876,-0.0687,2026-08-28,571.835,589.035,571.525,577.9,411753.0,579.376165
2026-08-28T20:31:06.801,14,12,META260909P00570000,META,2026-09-09,put,570.0,8.06,78.0,10.72,273.0,9.39,8.15,1.0,0.3163,-0.3895,0.0116,-0.5061,0.4017,-0.077,2026-08-28,571.835,589.035,571.525,577.9,411753.0,579.376165
2026-08-28T20:31:06.801,14,12,META260909P00572500,META,2026-09-09,put,572.5,7.09,173.0,10.79,1.0,8.94,10.76,10.0,0.2792,-0.4112,0.0133,-0.4495,0.4074,-0.081,2026-08-28,571.835,589.035,571.525,577.9,411753.0,579.376165
2026-08-28T20:31:06.801,14,12,META260909P00575000,META,2026-09-09,put,575.0,8.78,250.0,12.7,83.0,10.739999999999998,11.14,1.0,0.2957,-0.4469,0.0128,-0.4834,0.4141,-0.0884,2026-08-28,571.835,589.035,571.525,577.9,411753.0,579.376165
2026-08-28T20:31:06.801,14,12,META260909P00577500,META,2026-09-09,put,577.5,9.42,223.0,14.3,106.0,11.86,15.1,3.0,0.2936,-0.479,0.013,-0.4816,0.4172,-0.0949,2026-08-28,571.835,589.035,571.525,577.9,411753.0,579.376165
2026-08-28T20:31:06.801,14,12,META260909P00580000,META,2026-09-09,put,580.0,10.73,356.0,16.51,276.0,13.620000000000001,14.97,1.0,0.3048,-0.5102,0.0125,-0.4997,0.4177,-0.1014,2026-08-28,571.835,589.035,571.525,577.9,411753.0,579.376165
2026-08-28T20:31:06.801,14,12,META260909P00582500,META,2026-09-09,put,582.5,12.54,220.0,17.04,176.0,14.79,15.73,10.0,0.3001,-0.5421,0.0126,-0.4868,0.4155,-0.1078,2026-08-28,571.835,589.035,571.525,577.9,411753.0,579.376165
2026-08-28T20:31:06.801,14,12,META260909P00585000,META,2026-09-09,put,585.0,13.26,194.0,18.73,96.0,15.995000000000001,19.0,1.0,0.2942,-0.5751,0.0127,-0.4683,0.4104,-0.1145,2026-08-28,571.835,589.035,571.525,577.9,411753.0,579.376165
2026-08-28T20:31:06.801,14,12,META260909P00587500,META,2026-09-09,put,587.5,14.82,133.0,20.46,81.0,17.64,15.94,2.0,0.2971,-0.6049,0.0124,-0.4627,0.4033,-0.1207,2026-08-28,571.835,589.035,571.525,577.9,411753.0,579.376165
2026-08-28T20:31:06.801,14,12,META260909P00590000,META,2026-09-09,put,590.0,16.53,165.0,21.99,183.0,19.259999999999998,20.7,1.0,0.2977,-0.6346,0.0121,-0.45,0.3938,-0.1268,2026-08-28,571.835,589.035,571.525,577.9,411753.0,579.376165
2026-08-28T20:31:06.801,14,12,META260909P00592500,META,2026-09-09,put,592.5,18.22,293.0,24.25,197.0,21.235,22.0,1.0,0.3056,-0.6591,0.0115,-0.4491,0.3841,-0.1321,2026-08-28,571.835,589.035,571.525,577.9,411753.0,579.376165
2026-08-28T20:31:06.801,14,12,META260909P00595000,META,2026-09-09,put,595.0,19.76,278.0,23.71,3.0,21.735,23.71,7.0,0.272,-0.7098,0.012,-0.3634,0.3586,-0.1419,2026-08-28,571.835,589.035,571.525,577.9,411753.0,579.376165
2026-08-28T20:31:06.801,14,12,META260909P00597500,META,2026-09-09,put,597.5,22.0,41.0,27.64,20.0,24.82,26.26,1.0,0.3073,-0.7117,0.0106,-0.4143,0.3575,-0.1433,2026-08-28,571.835,589.035,571.525,577.9,411753.0,579.376165
2026-08-28T20:31:06.801,14,12,META260909P00600000,META,2026-09-09,put,600.0,24.6,165.0,29.26,132.0,26.93,26.11,1.0,0.3148,-0.7314,0.01,-0.4082,0.3454,-0.1477,2026-08-28,571.835,589.035,571.525,577.9,411753.0,579.376165
2026-08-28T20:31:06.801,14,12,META260909P00602500,META,2026-09-09,put,602.5,25.55,96.0,31.62,38.0,28.585,,,0.3073,-0.7605,0.0096,-0.3697,0.3252,-0.1538,2026-08-28,571.835,589.035,571.525,577.9,411753.0,579.376165
2026-08-28T20:31:06.801,14,12,META260909P00605000,META,2026-09-09,put,605.0,27.05,157.0,32.659,70.0,29.8545,25.21,10.0,0.2839,-0.8026,0.0093,-0.2949,0.2909,-0.1622,2026-08-28,571.835,589.035,571.525,577.9,411753.0,579.376165
2026-08-28T20:31:06.801,14,12,META260909P00607500,META,2026-09-09,put,607.5,29.54,29.0,35.95,24.0,32.745000000000005,,,0.3131,-0.7993,0.0086,-0.334,0.2938,-0.1626,2026-08-28,571.835,589.035,571.525,577.9,411753.0,579.376165
2026-08-28T20:31:06.801,14,12,META260909P00610000,META,2026-09-09,put,610.0,32.71,23.0,37.27,40.0,34.99,33.41,1.0,0.3198,-0.8136,0.008,-0.3239,0.2809,-0.166,2026-08-28,571.835,589.035,571.525,577.9,411753.0,579.376165
2026-08-28T20:31:06.801,14,12,META260909P00612500,META,2026-09-09,put,612.5,34.83,29.0,39.31,29.0,37.07,,,0.3194,-0.8323,0.0075,-0.298,0.2627,-0.1702,2026-08-28,571.835,589.035,571.525,577.9,411753.0,579.376165
2026-08-28T20:31:06.801,14,12,META260909P00615000,META,2026-09-09,put,615.0,35.29,37.0,41.46,18.0,38.375,47.73,1.0,0.283,-0.8797,0.0068,-0.1931,0.2099,-0.1797,2026-08-28,571.835,589.035,571.525,577.9,411753.0,579.376165
2026-08-28T20:31:06.801,14,12,META260909P00617500,META,2026-09-09,put,617.5,38.67,44.0,46.05,25.0,42.36,,,0.3597,-0.8348,0.0066,-0.3377,0.2602,-0.1724,2026-08-28,571.835,589.035,571.525,577.9,411753.0,579.376165
2026-08-28T20:31:06.801,14,12,META260909P00620000,META,2026-09-09,put,620.0,41.21,40.0,46.38,22.0,43.795,41.67,1.0,0.3292,-0.8721,0.0061,-0.2459,0.219,-0.18,2026-08-28,571.835,589.035,571.525,577.9,411753.0,579.376165
2026-08-28T20:31:06.801,14,12,META260909P00622500,META,2026-09-09,put,622.5,42.22,17.0,48.83,21.0,45.525,,,0.3032,-0.9053,0.0053,-0.1665,0.1766,-0.1869,2026-08-28,571.835,589.035,571.525,577.9,411753.0,579.376165
2026-08-28T20:31:06.801,14,12,META260909P00625000,META,2026-09-09,put,625.0,46.67,14.0,51.72,12.0,49.195,,,0.3739,-0.8668,0.0055,-0.2961,0.2253,-0.1808,2026-08-28,571.835,589.035,571.525,577.9,411753.0,579.376165
2026-08-28T20:31:06.801,14,12,META260909P00627500,META,2026-09-09,put,627.5,46.58,16.0,53.86,21.0,50.22,,,0.3084,-0.924,0.0044,-0.1342,0.1498,-0.192,2026-08-28,571.835,589.035,571.525,577.9,411753.0,579.376165
2026-08-28T20:31:06.801,14,12,META260909P00630000,META,2026-09-09,put,630.0,48.6,15.0,56.84,15.0,52.72,,,0.3199,-0.9261,0.0042,-0.1368,0.1466,-0.1932,2026-08-28,571.835,589.035,571.525,577.9,411753.0,579.376165
2026-08-28T20:31:06.801,14,12,META260909P00632500,META,2026-09-09,put,632.5,51.5,16.0,57.68,16.0,54.59,,,0.2774,-0.9605,0.0029,-0.0425,0.0894,-0.2003,2026-08-28,571.835,589.035,571.525,577.9,411753.0,579.376165
2026-08-28T20:31:06.801,14,12,META260909P00635000,META,2026-09-09,put,635.0,54.85,12.0,61.43,12.0,58.14,,,0.37,-0.9132,0.0041,-0.1968,0.1656,-0.1925,2026-08-28,571.835,589.035,571.525,577.9,411753.0,579.376165
2026-08-28T20:31:06.801,14,12,META260909P00637500,META,2026-09-09,put,637.5,55.41,15.0,64.79,16.0,60.1,,,0.3448,-0.9367,0.0034,-0.127,0.1301,-0.1976,2026-08-28,571.835,589.035,571.525,577.9,411753.0,579.376165
2026-08-28T20:31:06.801,14,12,META260909P00640000,META,2026-09-09,put,640.0,59.31,12.0,65.74,16.0,62.525,,,0.3498,-0.9414,0.0032,-0.118,0.1224,-0.1993,2026-08-28,571.835,589.035,571.525,577.9,411753.0,579.376165
2026-08-28T20:31:06.801,14,12,META260909P00642500,META,2026-09-09,put,642.5,60.31,14.0,69.15,14.0,64.73,,,0.3333,-0.9565,0.0026,-0.0724,0.0965,-0.2029,2026-08-28,571.835,589.035,571.525,577.9,411753.0,579.376165
2026-08-28T20:31:06.801,14,12,META260909P00645000,META,2026-09-09,put,645.0,63.93,12.0,71.07,12.0,67.5,,,0.369,-0.945,0.0029,-0.1179,0.1165,-0.2016,2026-08-28,571.835,589.035,571.525,577.9,411753.0,579.376165
2026-08-28T20:31:06.801,14,12,META260909P00647500,META,2026-09-09,put,647.5,65.2,13.0,74.0,15.0,69.6,,,0.3386,-0.9649,0.0022,-0.0519,0.0811,-0.2061,2026-08-28,571.835,589.035,571.525,577.9,411753.0,579.376165
2026-08-28T20:31:06.801,14,12,META260909P00650000,META,2026-09-09,put,650.0,68.6,11.0,75.99,15.0,72.29499999999999,,,0.3703,-0.9561,0.0024,-0.0879,0.0973,-0.2053,2026-08-28,571.835,589.035,571.525,577.9,411753.0,579.376165
2026-08-28T20:31:06.801,14,12,META260909P00652500,META,2026-09-09,put,652.5,70.64,15.0,77.81,14.0,74.225,,,0.288,-0.9889,0.001,0.0276,0.0307,-0.2122,2026-08-28,571.835,589.035,571.525,577.9,411753.0,579.376165
2026-08-28T20:31:06.801,14,12,META260909P00655000,META,2026-09-09,put,655.0,73.5,14.0,80.72,14.0,77.11,,,0.3689,-0.9663,0.0019,-0.0574,0.0785,-0.2088,2026-08-28,571.835,589.035,571.525,577.9,411753.0,579.376165
2026-08-28T20:31:06.801,14,12,META260909P00657500,META,2026-09-09,put,657.5,78.46,14.0,81.52,5.0,79.99,,,0.4196,-0.9504,0.0023,-0.1249,0.1073,-0.2068,2026-08-28,571.835,589.035,571.525,577.9,411753.0,579.376165
2026-08-28T20:31:06.801,14,12,META260909P00660000,META,2026-09-09,put,660.0,77.69,12.0,85.26,11.0,81.475,,,,,,,,,2026-08-28,571.835,589.035,571.525,577.9,411753.0,579.376165
2026-08-28T20:31:06.801,14,12,META260909P00662500,META,2026-09-09,put,662.5,82.48,5.0,88.53,14.0,85.505,,,0.4829,-0.9343,0.0025,-0.2071,0.1339,-0.2055,2026-08-28,571.835,589.035,571.525,577.9,411753.0,579.376165
2026-08-28T20:31:06.801,14,12,META260909P00665000,META,2026-09-09,put,665.0,82.23,7.0,89.0,7.0,85.61500000000001,,,,,,,,,2026-08-28,571.835,589.035,571.525,577.9,411753.0,579.376165
2026-08-28T20:31:06.801,14,12,META260909P00667500,META,2026-09-09,put,667.5,87.29,12.0,91.51,11.0,89.4,,,0.383,-0.9789,0.0013,-0.0195,0.0531,-0.2153,2026-08-28,571.835,589.035,571.525,577.9,411753.0,579.376165
2026-08-28T20:31:06.801,14,12,META260909P00670000,META,2026-09-09,put,670.0,86.97,28.0,96.56,14.0,91.765,,,0.3614,-0.9866,0.0009,0.0117,0.0361,-0.2175,2026-08-28,571.835,589.035,571.525,577.9,411753.0,579.376165
2026-08-28T20:31:06.801,14,12,META260909P00672500,META,2026-09-09,put,672.5,91.84,12.0,97.45,12.0,94.64500000000001,,,0.4395,-0.9681,0.0016,-0.072,0.0749,-0.215,2026-08-28,571.835,589.035,571.525,577.9,411753.0,579.376165
2026-08-28T20:31:06.801,14,12,META260909P00675000,META,2026-09-09,put,675.0,94.13,6.0,101.25,6.0,97.69,,,0.5079,-0.9488,0.002,-0.1687,0.1102,-0.2123,2026-08-28,571.835,589.035,571.525,577.9,411753.0,579.376165
2026-08-28T20:31:06.801,14,12,META260909P00680000,META,2026-09-09,put,680.0,100.77,7.0,105.47,6.0,103.12,,,0.5638,-0.9374,0.0021,-0.2385,0.1289,-0.2119,2026-08-28,571.835,589.035,571.525,577.9,411753.0,579.376165
2026-08-28T20:31:06.801,14,12,META260909P00685000,META,2026-09-09,put,685.0,102.88,8.0,108.51,6.0,105.695,,,,,,,,,2026-08-28,571.835,589.035,571.525,577.9,411753.0,579.376165
2026-08-28T20:31:06.801,14,12,META260909P00690000,META,2026-09-09,put,690.0,106.72,9.0,113.91,8.0,110.315,,,,,,,,,2026-08-28,571.835,589.035,571.525,577.9,411753.0,579.376165
2026-08-28T20:31:06.801,14,12,META260909P00695000,META,2026-09-09,put,695.0,116.19,13.0,119.21,13.0,117.69999999999999,,,0.5857,-0.9533,0.0016,-0.183,0.1023,-0.2197,2026-08-28,571.835,589.035,571.525,577.9,411753.0,579.376165
2026-08-28T20:31:06.801,14,12,META260909P00700000,META,2026-09-09,put,700.0,119.86,12.0,125.92,13.0,122.89,,,0.6225,-0.9491,0.0016,-0.2174,0.1096,-0.2206,2026-08-28,571.835,589.035,571.525,577.9,411753.0,579.376165
2026-08-28T20:31:06.801,14,12,META260909P00705000,META,2026-09-09,put,705.0,121.86,7.0,132.97,12.0,127.41499999999999,,,0.5916,-0.9635,0.0013,-0.1381,0.0837,-0.2249,2026-08-28,571.835,589.035,571.525,577.9,411753.0,579.376165
2026-08-28T20:31:06.801,14,12,META260909P00710000,META,2026-09-09,put,710.0,127.59,14.0,135.27,13.0,131.43,,,,,,,,,2026-08-28,571.835,589.035,571.525,577.9,411753.0,579.376165
2026-08-28T20:31:06.801,14,12,META260909P00715000,META,2026-09-09,put,715.0,132.75,8.0,137.91,7.0,135.32999999999998,,,,,,,,,2026-08-28,571.835,589.035,571.525,577.9,411753.0,579.376165
2026-08-28T20:31:06.801,14,12,META260909P00720000,META,2026-09-09,put,720.0,140.81,7.0,143.09,8.0,141.95,,,0.5725,-0.9803,0.0008,-0.049,0.0501,-0.2328,2026-08-28,571.835,589.035,571.525,577.9,411753.0,579.376165
2026-08-28T20:31:06.801,14,12,META260909P00725000,META,2026-09-09,put,725.0,140.73,8.0,149.16,12.0,144.945,,,,,,,,,2026-08-28,571.835,589.035,571.525,577.9,411753.0,579.376165
2026-08-28T20:31:06.801,14,12,META260909P00730000,META,2026-09-09,put,730.0,146.77,7.0,158.3,12.0,152.53500000000003,,,0.6933,-0.9633,0.0011,-0.1724,0.0841,-0.2331,2026-08-28,571.835,589.035,571.525,577.9,411753.0,579.376165
2026-08-28T20:31:06.801,14,12,META260909P00735000,META,2026-09-09,put,735.0,153.78,7.0,158.58,9.0,156.18,,,,,,,,,2026-08-28,571.835,589.035,571.525,577.9,411753.0,579.376165
2026-08-28T20:31:06.801,14,12,META260909P00740000,META,2026-09-09,put,740.0,161.15,7.0,167.72,7.0,164.435,,,0.8924,-0.9255,0.0015,-0.479,0.1476,-0.2298,2026-08-28,571.835,589.035,571.525,577.9,411753.0,579.376165
2026-08-28T20:31:06.801,14,12,META260909P00745000,META,2026-09-09,put,745.0,165.87,8.0,173.1,5.0,169.485,,,0.9145,-0.9257,0.0015,-0.4906,0.1472,-0.2315,2026-08-28,571.835,589.035,571.525,577.9,411753.0,579.376165
2026-08-28T20:31:06.801,14,12,META260909P00750000,META,2026-09-09,put,750.0,172.66,8.0,178.66,8.0,175.66,,,1.007,-0.9087,0.0016,-0.6516,0.1719,-0.2303,2026-08-28,571.835,589.035,571.525,577.9,411753.0,579.376165
2026-08-28T20:31:06.801,14,12,META260909P00755000,META,2026-09-09,put,755.0,176.63,16.0,179.11,12.0,177.87,,,0.8157,-0.9581,0.001,-0.2457,0.0938,-0.2404,2026-08-28,571.835,589.035,571.525,577.9,411753.0,579.376165
2026-08-28T20:31:06.801,14,12,META260909P00760000,META,2026-09-09,put,760.0,180.23,5.0,186.55,11.0,183.39,,,0.8833,-0.948,0.0012,-0.3372,0.1114,-0.2403,2026-08-28,571.835,589.035,571.525,577.9,411753.0,579.376165
2026-08-28T20:31:06.801,14,12,META260909P00765000,META,2026-09-09,put,765.0,181.97,11.0,192.12,12.0,187.04500000000002,,,0.7341,-0.9791,0.0007,-0.086,0.0527,-0.2474,2026-08-28,571.835,589.035,571.525,577.9,411753.0,579.376165
2026-08-28T20:31:06.801,14,12,META260909P00770000,META,2026-09-09,put,770.0,191.38,6.0,196.23,5.0,193.805,,,0.9532,-0.9418,0.0012,-0.4102,0.1218,-0.2426,2026-08-28,571.835,589.035,571.525,577.9,411753.0,579.376165
2026-08-28T20:31:06.801,14,12,META260909P00775000,META,2026-09-09,put,775.0,196.3,6.0,197.01,7.0,196.655,,,0.6605,-0.9915,0.0003,0.0098,0.0243,-0.2529,2026-08-28,571.835,589.035,571.525,577.9,411753.0,579.376165
2026-08-28T20:31:06.801,14,12,META260909P00780000,META,2026-09-09,put,780.0,196.19,7.0,209.03,7.0,202.61,,,0.8667,-0.966,0.0008,-0.2094,0.079,-0.2501,2026-08-28,571.835,589.035,571.525,577.9,411753.0,579.376165
2026-08-28T20:31:06.801,14,12,META260909P00785000,META,2026-09-09,put,785.0,202.44,8.0,210.21,8.0,206.325,,,,,,,,,2026-08-28,571.835,589.035,571.525,577.9,411753.0,579.376165
2026-08-28T20:31:06.801,14,12,META260909P00790000,META,2026-09-09,put,790.0,207.34,7.0,216.36,6.0,211.85000000000002,,,0.7665,-0.9852,0.0005,-0.0474,0.0392,-0.2567,2026-08-28,571.835,589.035,571.525,577.9,411753.0,579.376165
2026-08-28T20:31:06.801,14,12,META260909P00795000,META,2026-09-09,put,795.0,211.57,11.0,218.13,33.0,214.85,,,,,,,,,2026-08-28,571.835,589.035,571.525,577.9,411753.0,579.376165
2026-08-28T20:31:06.801,14,12,META260909P00800000,META,2026-09-09,put,800.0,219.96,8.0,222.25,8.0,221.10500000000002,,,,,,,,,2026-08-28,571.835,589.035,571.525,577.9,411753.0,579.376165
2026-08-28T20:31:06.801,14,12,META260909P00805000,META,2026-09-09,put,805.0,226.73,6.0,230.99,6.0,228.86,,,,,,,,,2026-08-28,571.835,589.035,571.525,577.9,411753.0,579.376165
2026-08-28T20:31:06.801,14,12,META260909P00810000,META,2026-09-09,put,810.0,225.38,15.0,236.73,35.0,231.055,,,,,,,,,2026-08-28,571.835,589.035,571.525,577.9,411753.0,579.376165
2026-08-28T20:31:06.801,14,12,META260909P00815000,META,2026-09-09,put,815.0,235.75,6.0,237.93,5.0,236.84,,,0.8361,-0.9856,0.0004,-0.0527,0.0382,-0.265,2026-08-28,571.835,589.035,571.525,577.9,411753.0,579.376165
2026-08-28T20:31:06.801,14,12,META260909P00820000,META,2026-09-09,put,820.0,241.98,7.0,244.73,5.0,243.355,,,,,,,,,2026-08-28,571.835,589.035,571.525,577.9,411753.0,579.376165
2026-08-28T20:31:06.801,14,12,META260909P00825000,META,2026-09-09,put,825.0,245.39,12.0,251.35,5.0,248.37,,,,,,,,,2026-08-28,571.835,589.035,571.525,577.9,411753.0,579.376165
2026-08-28T20:31:06.801,14,12,META260909P00830000,META,2026-09-09,put,830.0,247.98,7.0,255.3,5.0,251.64,,,0.8145,-0.9912,0.0003,-0.0027,0.025,-0.271,2026-08-28,571.835,589.035,571.525,577.9,411753.0,579.376165
2026-08-28T20:31:06.801,14,12,META260909P00835000,META,2026-09-09,put,835.0,250.02,6.0,261.279,2.0,255.6495,,,,,,,,,2026-08-28,571.835,589.035,571.525,577.9,411753.0,579.376165
2026-08-28T20:31:06.801,14,12,META260909P00840000,META,2026-09-09,put,840.0,257.5,8.0,269.63,8.0,263.565,,,,,,,,,2026-08-28,571.835,589.035,571.525,577.9,411753.0,579.376165
2026-08-28T20:31:06.801,14,12,META260909P00845000,META,2026-09-09,put,845.0,268.07,5.0,275.74,1.0,271.905,,,,,,,,,2026-08-28,571.835,589.035,571.525,577.9,411753.0,579.376165
2026-08-28T20:31:06.801,14,12,META260909P00850000,META,2026-09-09,put,850.0,266.81,7.0,278.29,5.0,272.55,,,,,,,,,2026-08-28,571.835,589.035,571.525,577.9,411753.0,579.376165
2026-08-28T20:31:06.801,14,12,META260909P00855000,META,2026-09-09,put,855.0,278.38,33.0,284.98,1.0,281.68,,,,,,,,,2026-08-28,571.835,589.035,571.525,577.9,411753.0,579.376165
2026-08-28T20:31:06.801,14,12,META260909P00860000,META,2026-09-09,put,860.0,276.22,5.0,280.3,5.0,278.26,,,,,,,,,2026-08-28,571.835,589.035,571.525,577.9,411753.0,579.376165
2026-08-28T20:31:06.801,14,12,META260909P00865000,META,2026-09-09,put,865.0,288.62,6.0,293.91,5.0,291.265,,,,,,,,,2026-08-28,571.835,589.035,571.525,577.9,411753.0,579.376165
2026-08-28T20:31:06.801,14,12,META260909P00870000,META,2026-09-09,put,870.0,283.23,8.0,292.86,7.0,288.045,,,,,,,,,2026-08-28,571.835,589.035,571.525,577.9,411753.0,579.376165
2026-08-28T20:31:06.801,14,12,META260909P00875000,META,2026-09-09,put,875.0,294.7,7.0,297.54,7.0,296.12,,,,,,,,,2026-08-28,571.835,589.035,571.525,577.9,411753.0,579.376165
2026-08-28T20:31:06.801,14,12,META260909P00880000,META,2026-09-09,put,880.0,296.84,6.0,307.78,3.0,302.30999999999995,,,,,,,,,2026-08-28,571.835,589.035,571.525,577.9,411753.0,579.376165
2026-08-28T20:31:06.801,14,12,META260909P00885000,META,2026-09-09,put,885.0,299.87,13.0,312.14,12.0,306.005,,,,,,,,,2026-08-28,571.835,589.035,571.525,577.9,411753.0,579.376165
2026-08-28T20:31:06.801,14,12,META260909P00890000,META,2026-09-09,put,890.0,310.49,7.0,320.85,6.0,315.67,,,,,,,,,2026-08-28,571.835,589.035,571.525,577.9,411753.0,579.376165
2026-08-28T20:31:06.801,14,12,META260909P00895000,META,2026-09-09,put,895.0,309.98,16.0,318.68,8.0,314.33000000000004,,,,,,,,,2026-08-28,571.835,589.035,571.525,577.9,411753.0,579.376165
2026-08-28T20:31:06.801,14,12,META260909P00900000,META,2026-09-09,put,900.0,322.73,36.0,324.1,13.0,323.415,,,,,,,,,2026-08-28,571.835,589.035,571.525,577.9,411753.0,579.376165
2026-08-28T20:31:06.801,14,14,META260911C00100000,META,2026-09-11,call,100.0,478.81,1.0,486.46,9.0,482.635,,,,,,,,,2026-08-28,571.835,589.035,571.525,577.9,411753.0,579.376165
2026-08-28T20:31:06.801,14,14,META260911C00110000,META,2026-09-11,call,110.0,471.43,1.0,478.83,2.0,475.13,,,,,,,,,2026-08-28,571.835,589.035,571.525,577.9,411753.0,579.376165
2026-08-28T20:31:06.801,14,14,META260911C00120000,META,2026-09-11,call,120.0,456.37,5.0,458.35,5.0,457.36,,,,,,,,,2026-08-28,571.835,589.035,571.525,577.9,411753.0,579.376165
2026-08-28T20:31:06.801,14,14,META260911C00130000,META,2026-09-11,call,130.0,442.4,8.0,455.24,12.0,448.82,,,,,,,,,2026-08-28,571.835,589.035,571.525,577.9,411753.0,579.376165
2026-08-28T20:31:06.801,14,14,META260911C00140000,META,2026-09-11,call,140.0,434.08,9.0,441.4,12.0,437.74,,,,,,,,,2026-08-28,571.835,589.035,571.525,577.9,411753.0,579.376165
2026-08-28T20:31:06.801,14,14,META260911C00150000,META,2026-09-11,call,150.0,430.88,8.0,438.05,5.0,434.46500000000003,,,,,,,,,2026-08-28,571.835,589.035,571.525,577.9,411753.0,579.376165
2026-08-28T20:31:06.801,14,14,META260911C00160000,META,2026-09-11,call,160.0,417.8,7.0,424.5,10.0,421.15,,,,,,,,,2026-08-28,571.835,589.035,571.525,577.9,411753.0,579.376165
2026-08-28T20:31:06.801,14,14,META260911C00170000,META,2026-09-11,call,170.0,399.27,11.0,408.24,10.0,403.755,,,,,,,,,2026-08-28,571.835,589.035,571.525,577.9,411753.0,579.376165
2026-08-28T20:31:06.801,14,14,META260911C00180000,META,2026-09-11,call,180.0,399.41,6.0,403.3,9.0,401.355,,,,,,,,,2026-08-28,571.835,589.035,571.525,577.9,411753.0,579.376165
2026-08-28T20:31:06.801,14,14,META260911C00190000,META,2026-09-11,call,190.0,379.33,5.0,394.29,10.0,386.81,,,,,,,,,2026-08-28,571.835,589.035,571.525,577.9,411753.0,579.376165
2026-08-28T20:31:06.801,14,14,META260911C00200000,META,2026-09-11,call,200.0,380.18,7.0,386.93,8.0,383.555,,,,,,,,,2026-08-28,571.835,589.035,571.525,577.9,411753.0,579.376165
2026-08-28T20:31:06.801,14,14,META260911C00210000,META,2026-09-11,call,210.0,360.44,7.0,369.28,7.0,364.86,,,,,,,,,2026-08-28,571.835,589.035,571.525,577.9,411753.0,579.376165
2026-08-28T20:31:06.801,14,14,META260911C00220000,META,2026-09-11,call,220.0,353.06,13.0,359.17,12.0,356.115,,,,,,,,,2026-08-28,571.835,589.035,571.525,577.9,411753.0,579.376165
2026-08-28T20:31:06.801,14,14,META260911C00230000,META,2026-09-11,call,230.0,350.17,41.0,357.37,9.0,353.77,,,,,,,,,2026-08-28,571.835,589.035,571.525,577.9,411753.0,579.376165
2026-08-28T20:31:06.801,14,14,META260911C00240000,META,2026-09-11,call,240.0,328.45,7.0,347.83,7.0,338.14,341.77,3.0,,,,,,,2026-08-28,571.835,589.035,571.525,577.9,411753.0,579.376165
2026-08-28T20:31:06.801,14,14,META260911C00250000,META,2026-09-11,call,250.0,330.45,7.0,337.7,9.0,334.075,,,,,,,,,2026-08-28,571.835,589.035,571.525,577.9,411753.0,579.376165
2026-08-28T20:31:06.801,14,14,META260911C00260000,META,2026-09-11,call,260.0,319.3,36.0,321.98,7.0,320.64,292.07,2.0,,,,,,,2026-08-28,571.835,589.035,571.525,577.9,411753.0,579.376165
2026-08-28T20:31:06.801,14,14,META260911C00270000,META,2026-09-11,call,270.0,300.98,7.0,312.65,7.0,306.815,,,,,,,,,2026-08-28,571.835,589.035,571.525,577.9,411753.0,579.376165
2026-08-28T20:31:06.801,14,14,META260911C00280000,META,2026-09-11,call,280.0,294.57,9.0,298.19,1.0,296.38,,,,,,,,,2026-08-28,571.835,589.035,571.525,577.9,411753.0,579.376165
2026-08-28T20:31:06.801,14,14,META260911C00290000,META,2026-09-11,call,290.0,281.93,9.0,289.04,4.0,285.485,266.54,2.0,,,,,,,2026-08-28,571.835,589.035,571.525,577.9,411753.0,579.376165
2026-08-28T20:31:06.801,14,14,META260911C00300000,META,2026-09-11,call,300.0,274.86,35.0,278.9,35.0,276.88,278.0,1.0,,,,,,,2026-08-28,571.835,589.035,571.525,577.9,411753.0,579.376165
2026-08-28T20:31:06.801,14,14,META260911C00310000,META,2026-09-11,call,310.0,267.49,37.0,272.24,5.0,269.865,241.83,2.0,,,,,,,2026-08-28,571.835,589.035,571.525,577.9,411753.0,579.376165
2026-08-28T20:31:06.801,14,14,META260911C00320000,META,2026-09-11,call,320.0,251.39,40.0,264.73,7.0,258.06,254.26,2.0,,,,,,,2026-08-28,571.835,589.035,571.525,577.9,411753.0,579.376165
2026-08-28T20:31:06.801,14,14,META260911C00330000,META,2026-09-11,call,330.0,245.48,8.0,256.0,8.0,250.74,243.52,2.0,,,,,,,2026-08-28,571.835,589.035,571.525,577.9,411753.0,579.376165
2026-08-28T20:31:06.801,14,14,META260911C00340000,META,2026-09-11,call,340.0,237.79,37.0,239.04,14.0,238.415,235.6,2.0,,,,,,,2026-08-28,571.835,589.035,571.525,577.9,411753.0,579.376165
2026-08-28T20:31:06.801,14,14,META260911C00350000,META,2026-09-11,call,350.0,225.58,40.0,231.17,3.0,228.375,226.61,2.0,,,,,,,2026-08-28,571.835,589.035,571.525,577.9,411753.0,579.376165
2026-08-28T20:31:06.801,14,14,META260911C00360000,META,2026-09-11,call,360.0,218.99,2.0,221.44,42.0,220.215,216.63,2.0,,,,,,,2026-08-28,571.835,589.035,571.525,577.9,411753.0,579.376165
2026-08-28T20:31:06.801,14,14,META260911C00370000,META,2026-09-11,call,370.0,203.72,9.0,214.11,5.0,208.91500000000002,208.29,2.0,,,,,,,2026-08-28,571.835,589.035,571.525,577.9,411753.0,579.376165
2026-08-28T20:31:06.801,14,14,META260911C00380000,META,2026-09-11,call,380.0,196.19,39.0,202.45,10.0,199.32,196.96,2.0,,,,,,,2026-08-28,571.835,589.035,571.525,577.9,411753.0,579.376165
2026-08-28T20:31:06.801,14,14,META260911C00390000,META,2026-09-11,call,390.0,187.59,45.0,194.8,8.0,191.195,186.5,2.0,,,,,,,2026-08-28,571.835,589.035,571.525,577.9,411753.0,579.376165
2026-08-28T20:31:06.801,14,14,META260911C00400000,META,2026-09-11,call,400.0,174.08,6.0,183.52,77.0,178.8,185.26,1.0,,,,,,,2026-08-28,571.835,589.035,571.525,577.9,411753.0,579.376165
2026-08-28T20:31:06.801,14,14,META260911C00405000,META,2026-09-11,call,405.0,167.37,41.0,180.61,40.0,173.99,173.29,2.0,,,,,,,2026-08-28,571.835,589.035,571.525,577.9,411753.0,579.376165
2026-08-28T20:31:06.801,14,14,META260911C00410000,META,2026-09-11,call,410.0,164.47,6.0,173.03,10.0,168.75,141.53,1.0,0.8496,0.9843,0.0004,-0.1753,0.0446,0.1533,2026-08-28,571.835,589.035,571.525,577.9,411753.0,579.376165
2026-08-28T20:31:06.801,14,14,META260911C00415000,META,2026-09-11,call,415.0,159.54,9.0,164.53,14.0,162.035,135.99,1.0,,,,,,,2026-08-28,571.835,589.035,571.525,577.9,411753.0,579.376165
2026-08-28T20:31:06.801,14,14,META260911C00420000,META,2026-09-11,call,420.0,152.41,10.0,160.81,10.0,156.61,132.62,2.0,,,,,,,2026-08-28,571.835,589.035,571.525,577.9,411753.0,579.376165
2026-08-28T20:31:06.801,14,14,META260911C00425000,META,2026-09-11,call,425.0,151.63,10.0,159.65,15.0,155.64,128.28,1.0,,,,,,,2026-08-28,571.835,589.035,571.525,577.9,411753.0,579.376165
2026-08-28T20:31:06.801,14,14,META260911C00430000,META,2026-09-11,call,430.0,144.63,22.0,154.62,26.0,149.625,160.92,4.0,0.8717,0.9658,0.0008,-0.3078,0.0858,0.1566,2026-08-28,571.835,589.035,571.525,577.9,411753.0,579.376165
2026-08-28T20:31:06.801,14,14,META260911C00435000,META,2026-09-11,call,435.0,141.39,7.0,146.1,10.0,143.745,143.72,1.0,0.7127,0.9826,0.0005,-0.166,0.0486,0.1626,2026-08-28,571.835,589.035,571.525,577.9,411753.0,579.376165
2026-08-28T20:31:06.801,14,14,META260911C00440000,META,2026-09-11,call,440.0,136.22,8.0,144.92,10.0,140.57,,,0.9037,0.9489,0.001,-0.4241,0.1188,0.1563,2026-08-28,571.835,589.035,571.525,577.9,411753.0,579.376165
2026-08-28T20:31:06.801,14,14,META260911C00445000,META,2026-09-11,call,445.0,132.16,10.0,136.96,10.0,134.56,,,0.7772,0.964,0.0009,-0.2905,0.0895,0.162,2026-08-28,571.835,589.035,571.525,577.9,411753.0,579.376165
2026-08-28T20:31:06.801,14,14,META260911C00450000,META,2026-09-11,call,450.0,125.62,12.0,133.88,9.0,129.75,101.5,1.0,0.7687,0.9593,0.001,-0.3136,0.0988,0.1628,2026-08-28,571.835,589.035,571.525,577.9,411753.0,579.376165
2026-08-28T20:31:06.801,14,14,META260911C00455000,META,2026-09-11,call,455.0,120.44,8.0,126.57,8.0,123.505,102.36,1.0,0.5539,0.9883,0.0005,-0.1131,0.0346,0.1716,2026-08-28,571.835,589.035,571.525,577.9,411753.0,579.376165
2026-08-28T20:31:06.801,14,14,META260911C00460000,META,2026-09-11,call,460.0,113.84,7.0,122.69,5.0,118.265,97.39,1.0,0.3896,0.9988,0.0001,-0.0519,0.0044,0.1759,2026-08-28,571.835,589.035,571.525,577.9,411753.0,579.376165
2026-08-28T20:31:06.801,14,14,META260911C00465000,META,2026-09-11,call,465.0,112.52,10.0,119.47,9.0,115.995,101.07,1.0,0.7815,0.9335,0.0015,-0.4496,0.1459,0.1623,2026-08-28,571.835,589.035,571.525,577.9,411753.0,579.376165
2026-08-28T20:31:06.801,14,14,META260911C00470000,META,2026-09-11,call,470.0,103.99,13.0,113.91,10.0,108.94999999999999,112.04,1.0,0.5662,0.973,0.001,-0.1877,0.0705,0.1738,2026-08-28,571.835,589.035,571.525,577.9,411753.0,579.376165
2026-08-28T20:31:06.801,14,14,META260911C00475000,META,2026-09-11,call,475.0,99.21,12.0,108.97,10.0,104.09,106.1,1.0,0.559,0.9681,0.0011,-0.207,0.0809,0.1746,2026-08-28,571.835,589.035,571.525,577.9,411753.0,579.376165
2026-08-28T20:31:06.801,14,14,META260911C00480000,META,2026-09-11,call,480.0,97.05,10.0,103.89,9.0,100.47,93.1,1.0,0.655,0.9355,0.0017,-0.3774,0.1426,0.1687,2026-08-28,571.835,589.035,571.525,577.9,411753.0,579.376165
2026-08-28T20:31:06.801,14,14,META260911C00485000,META,2026-09-11,call,485.0,90.73,12.0,98.93,45.0,94.83000000000001,87.57,1.0,0.5784,0.9465,0.0017,-0.2994,0.1231,0.1733,2026-08-28,571.835,589.035,571.525,577.9,411753.0,579.376165
2026-08-28T20:31:06.801,14,14,META260911C00490000,META,2026-09-11,call,490.0,86.07,11.0,90.86,13.0,88.465,85.37,1.0,0.3786,0.9885,0.0007,-0.0941,0.034,0.1851,2026-08-28,571.835,589.035,571.525,577.9,411753.0,579.376165
2026-08-28T20:31:06.801,14,14,META260911C00495000,META,2026-09-11,call,495.0,81.0,30.0,88.94,19.0,84.97,83.19,1.0,0.5336,0.9385,0.002,-0.3073,0.1373,0.1753,2026-08-28,571.835,589.035,571.525,577.9,411753.0,579.376165
2026-08-28T20:31:06.801,14,14,META260911C00500000,META,2026-09-11,call,500.0,74.88,11.0,82.94,12.0,78.91,76.0,1.0,0.4113,0.9678,0.0016,-0.1679,0.0817,0.1841,2026-08-28,571.835,589.035,571.525,577.9,411753.0,579.376165
2026-08-28T20:31:06.801,14,14,META260911C00505000,META,2026-09-11,call,505.0,70.43,75.0,77.22,71.0,73.825,73.2,1.0,0.3765,0.9698,0.0016,-0.1526,0.0774,0.1865,2026-08-28,571.835,589.035,571.525,577.9,411753.0,579.376165
2026-08-28T20:31:06.801,14,14,META260911C00510000,META,2026-09-11,call,510.0,66.97,12.0,71.7,13.0,69.33500000000001,75.53,1.0,0.4037,0.9486,0.0023,-0.2197,0.1192,0.1836,2026-08-28,571.835,589.035,571.525,577.9,411753.0,579.376165
2026-08-28T20:31:06.801,14,14,META260911C00512500,META,2026-09-11,call,512.5,62.81,11.0,69.25,11.0,66.03,71.14,1.0,0.295,0.9831,0.0013,-0.1,0.0474,0.1925,2026-08-28,571.835,589.035,571.525,577.9,411753.0,579.376165
2026-08-28T20:31:06.801,14,14,META260911C00515000,META,2026-09-11,call,515.0,59.91,12.0,67.23,11.0,63.57,70.08,1.0,0.2919,0.9803,0.0014,-0.1065,0.0541,0.1928,2026-08-28,571.835,589.035,571.525,577.9,411753.0,579.376165
2026-08-28T20:31:06.801,14,14,META260911C00517500,META,2026-09-11,call,517.5,57.43,14.0,65.519,40.0,61.474500000000006,66.45,1.0,0.3333,0.9589,0.0023,-0.1679,0.0997,0.1889,2026-08-28,571.835,589.035,571.525,577.9,411753.0,579.376165
2026-08-28T20:31:06.801,14,14,META260911C00520000,META,2026-09-11,call,520.0,56.79,13.0,62.58,43.0,59.685,58.04,1.0,0.377,0.9304,0.0031,-0.2513,0.1512,0.1832,2026-08-28,571.835,589.035,571.525,577.9,411753.0,579.376165
2026-08-28T20:31:06.801,14,14,META260911C00522500,META,2026-09-11,call,522.5,54.19,14.0,61.74,14.0,57.965,60.86,1.0,0.4086,0.905,0.0037,-0.3254,0.1912,0.1783,2026-08-28,571.835,589.035,571.525,577.9,411753.0,579.376165
2026-08-28T20:31:06.801,14,14,META260911C00525000,META,2026-09-11,call,525.0,51.07,14.0,58.24,61.0,54.655,57.63,1.0,0.3482,0.9271,0.0035,-0.2428,0.1566,0.1844,2026-08-28,571.835,589.035,571.525,577.9,411753.0,579.376165
2026-08-28T20:31:06.801,14,14,META260911C00527500,META,2026-09-11,call,527.5,49.79,29.0,56.25,35.0,53.019999999999996,53.23,1.0,0.3824,0.8976,0.0041,-0.3223,0.202,0.1785,2026-08-28,571.835,589.035,571.525,577.9,411753.0,579.376165
2026-08-28T20:31:06.801,14,14,META260911C00530000,META,2026-09-11,call,530.0,46.98,19.0,53.04,9.0,50.01,50.77,1.0,0.3417,0.9098,0.0042,-0.272,0.184,0.1824,2026-08-28,571.835,589.035,571.525,577.9,411753.0,579.376165
2026-08-28T20:31:06.801,14,14,META260911C00532500,META,2026-09-11,call,532.5,44.21,12.0,51.2,17.0,47.705,37.18,1.0,0.3378,0.9003,0.0046,-0.2861,0.1981,0.1812,2026-08-28,571.835,589.035,571.525,577.9,411753.0,579.376165
2026-08-28T20:31:06.801,14,14,META260911C00535000,META,2026-09-11,call,535.0,44.09,45.0,48.48,87.0,46.285,44.0,1.0,0.3716,0.8662,0.0051,-0.3694,0.2442,0.1741,2026-08-28,571.835,589.035,571.525,577.9,411753.0,579.376165
2026-08-28T20:31:06.801,14,14,META260911C00537500,META,2026-09-11,call,537.5,42.01,37.0,46.13,59.0,44.07,41.37,2.0,0.3673,0.8545,0.0055,-0.3839,0.2585,0.1724,2026-08-28,571.835,589.035,571.525,577.9,411753.0,579.376165
2026-08-28T20:31:06.801,14,14,META260911C00540000,META,2026-09-11,call,540.0,39.83,69.0,44.67,145.0,42.25,40.87,3.0,0.3763,0.8338,0.0059,-0.4229,0.2821,0.1685,2026-08-28,571.835,589.035,571.525,577.9,411753.0,579.376165
2026-08-28T20:31:06.801,14,14,META260911C00542500,META,2026-09-11,call,542.5,35.39,50.0,43.05,54.0,39.22,28.24,1.0,0.3409,0.8398,0.0063,-0.38,0.2755,0.171,2026-08-28,571.835,589.035,571.525,577.9,411753.0,579.376165
2026-08-28T20:31:06.801,14,14,META260911C00545000,META,2026-09-11,call,545.0,34.7,46.0,41.11,117.0,37.905,35.87,3.0,0.3647,0.8076,0.0066,-0.4457,0.3094,0.1644,2026-08-28,571.835,589.035,571.525,577.9,411753.0,579.376165
2026-08-28T20:31:06.801,14,14,META260911C00547500,META,2026-09-11,call,547.5,33.53,24.0,38.42,69.0,35.975,29.77,2.0,0.365,0.7893,0.007,-0.4677,0.3266,0.1611,2026-08-28,571.835,589.035,571.525,577.9,411753.0,579.376165
2026-08-28T20:31:06.801,14,14,META260911C00550000,META,2026-09-11,call,550.0,32.67,28.0,33.95,147.0,33.31,32.67,1.0,0.3422,0.7838,0.0076,-0.447,0.3316,0.1609,2026-08-28,571.835,589.035,571.525,577.9,411753.0,579.376165
2026-08-28T20:31:06.801,14,14,META260911C00552500,META,2026-09-11,call,552.5,30.33,28.0,32.659,166.0,31.4945,30.33,1.0,0.344,0.7624,0.0079,-0.4705,0.3497,0.1568,2026-08-28,571.835,589.035,571.525,577.9,411753.0,579.376165
2026-08-28T20:31:06.801,14,14,META260911C00555000,META,2026-09-11,call,555.0,28.79,34.0,30.84,145.0,29.814999999999998,27.71,1.0,0.3479,0.7391,0.0083,-0.4964,0.3676,0.1523,2026-08-28,571.835,589.035,571.525,577.9,411753.0,579.376165
2026-08-28T20:31:06.801,14,14,META260911C00557500,META,2026-09-11,call,557.5,26.92,32.0,28.21,250.0,27.565,28.0,1.0,0.335,0.7238,0.0088,-0.4916,0.3783,0.1498,2026-08-28,571.835,589.035,571.525,577.9,411753.0,579.376165
2026-08-28T20:31:06.801,14,14,META260911C00560000,META,2026-09-11,call,560.0,24.97,21.0,26.4,16.0,25.685,23.8,1.0,0.331,0.7025,0.0093,-0.5011,0.3918,0.1458,2026-08-28,571.835,589.035,571.525,577.9,411753.0,579.376165
2026-08-28T20:31:06.801,14,14,META260911C00562500,META,2026-09-11,call,562.5,22.53,128.0,24.36,157.0,23.445,32.0,1.0,0.3168,0.6847,0.0099,-0.492,0.402,0.1427,2026-08-28,571.835,589.035,571.525,577.9,411753.0,579.376165
2026-08-28T20:31:06.801,14,14,META260911C00565000,META,2026-09-11,call,565.0,21.75,245.0,23.3,224.0,22.525,20.85,1.0,0.3336,0.6524,0.0098,-0.5333,0.4179,0.1359,2026-08-28,571.835,589.035,571.525,577.9,411753.0,579.376165
2026-08-28T20:31:06.801,14,14,META260911C00567500,META,2026-09-11,call,567.5,20.65,20.0,21.55,84.0,21.1,24.18,1.0,0.3362,0.6264,0.01,-0.5484,0.4285,0.1307,2026-08-28,571.835,589.035,571.525,577.9,411753.0,579.376165
2026-08-28T20:31:06.801,14,14,META260911C00570000,META,2026-09-11,call,570.0,18.15,279.0,19.78,287.0,18.965,19.65,1.0,0.3209,0.6044,0.0106,-0.5324,0.4358,0.1266,2026-08-28,571.835,589.035,571.525,577.9,411753.0,579.376165
2026-08-28T20:31:06.801,14,14,META260911C00572500,META,2026-09-11,call,572.5,17.09,34.0,18.84,188.0,17.965,18.2,1.0,0.3302,0.5758,0.0105,-0.554,0.4431,0.1207,2026-08-28,571.835,589.035,571.525,577.9,411753.0,579.376165
2026-08-28T20:31:06.801,14,14,META260911C00575000,META,2026-09-11,call,575.0,15.93,100.0,16.57,63.0,16.25,16.57,4.0,0.3219,0.5499,0.0109,-0.5448,0.4478,0.1156,2026-08-28,571.835,589.035,571.525,577.9,411753.0,579.376165
2026-08-28T20:31:06.801,14,14,META260911C00577500,META,2026-09-11,call,577.5,14.58,146.0,15.59,206.0,15.085,15.25,10.0,0.3243,0.5226,0.0109,-0.5505,0.4506,0.11,2026-08-28,571.835,589.035,571.525,577.9,411753.0,579.376165
2026-08-28T20:31:06.801,14,14,META260911C00580000,META,2026-09-11,call,580.0,13.41,110.0,14.55,266.0,13.98,14.01,1.0,0.3266,0.4957,0.0108,-0.5536,0.4513,0.1045,2026-08-28,571.835,589.035,571.525,577.9,411753.0,579.376165
2026-08-28T20:31:06.801,14,14,META260911C00582500,META,2026-09-11,call,582.5,12.37,51.0,13.45,238.0,12.91,12.37,1.0,0.3282,0.4692,0.0107,-0.5531,0.4499,0.099,2026-08-28,571.835,589.035,571.525,577.9,411753.0,579.376165
2026-08-28T20:31:06.801,14,14,META260911C00585000,META,2026-09-11,call,585.0,11.47,42.0,12.42,241.0,11.945,12.06,1.0,0.3306,0.4434,0.0106,-0.5519,0.4467,0.0936,2026-08-28,571.835,589.035,571.525,577.9,411753.0,579.376165
2026-08-28T20:31:06.801,14,14,META260911C00587500,META,2026-09-11,call,587.5,10.37,86.0,11.27,181.0,10.82,10.37,10.0,0.3281,0.4167,0.0105,-0.5401,0.4414,0.0882,2026-08-28,571.835,589.035,571.525,577.9,411753.0,579.376165
2026-08-28T20:31:06.801,14,14,META260911C00590000,META,2026-09-11,call,590.0,9.69,16.0,10.45,337.0,10.07,10.11,1.0,0.3326,0.3929,0.0102,-0.5383,0.4349,0.0832,2026-08-28,571.835,589.035,571.525,577.9,411753.0,579.376165
2026-08-28T20:31:06.801,14,14,META260911C00592500,META,2026-09-11,call,592.5,8.65,27.0,9.64,103.0,9.145,8.44,10.0,0.3317,0.3678,0.01,-0.5253,0.4263,0.078,2026-08-28,571.835,589.035,571.525,577.9,411753.0,579.376165
2026-08-28T20:31:06.801,14,14,META260911C00595000,META,2026-09-11,call,595.0,8.02,12.0,8.68,199.0,8.35,8.4,2.0,0.3325,0.344,0.0098,-0.5135,0.4163,0.073,2026-08-28,571.835,589.035,571.525,577.9,411753.0,579.376165
2026-08-28T20:31:06.801,14,14,META260911C00597500,META,2026-09-11,call,597.5,7.13,110.0,7.84,302.0,7.484999999999999,6.88,1.0,0.3302,0.3193,0.0096,-0.4943,0.4042,0.0679,2026-08-28,571.835,589.035,571.525,577.9,411753.0,579.376165
2026-08-28T20:31:06.801,14,14,META260911C00600000,META,2026-09-11,call,600.0,6.66,68.0,6.92,3.0,6.79,6.92,1.0,0.3307,0.2969,0.0093,-0.4788,0.3915,0.0632,2026-08-28,571.835,589.035,571.525,577.9,411753.0,579.376165
2026-08-28T20:31:06.801,14,14,META260911C00602500,META,2026-09-11,call,602.5,5.84,23.0,6.32,62.0,6.08,5.77,1.0,0.3293,0.2742,0.0089,-0.4585,0.3769,0.0584,2026-08-28,571.835,589.035,571.525,577.9,411753.0,579.376165
2026-08-28T20:31:06.801,14,14,META260911C00605000,META,2026-09-11,call,605.0,5.24,38.0,5.96,294.0,5.6,5.4,1.0,0.3328,0.2557,0.0085,-0.4466,0.3637,0.0545,2026-08-28,571.835,589.035,571.525,577.9,411753.0,579.376165
2026-08-28T20:31:06.801,14,14,META260911C00607500,META,2026-09-11,call,607.5,4.76,5.0,5.35,252.0,5.055,5.0,1.0,0.3334,0.2361,0.0082,-0.4281,0.3486,0.0504,2026-08-28,571.835,589.035,571.525,577.9,411753.0,579.376165
2026-08-28T20:31:06.801,14,14,META260911C00610000,META,2026-09-11,call,610.0,4.46,3.0,4.73,5.0,4.595000000000001,4.55,1.0,0.3351,0.2185,0.0078,-0.4114,0.3336,0.0466,2026-08-28,571.835,589.035,571.525,577.9,411753.0,579.376165
2026-08-28T20:31:06.801,14,14,META260911C00612500,META,2026-09-11,call,612.5,3.92,8.0,4.54,166.0,4.23,3.89,1.0,0.3386,0.2032,0.0074,-0.3979,0.3197,0.0434,2026-08-28,571.835,589.035,571.525,577.9,411753.0,579.376165
2026-08-28T20:31:06.801,14,14,META260911C00615000,META,2026-09-11,call,615.0,3.48,31.0,3.97,336.0,3.725,3.84,1.0,0.3365,0.1847,0.007,-0.3728,0.3017,0.0395,2026-08-28,571.835,589.035,571.525,577.9,411753.0,579.376165
2026-08-28T20:31:06.801,14,14,META260911C00617500,META,2026-09-11,call,617.5,3.25,8.0,3.76,164.0,3.505,3.2,1.0,0.3428,0.1735,0.0066,-0.3647,0.29,0.0371,2026-08-28,571.835,589.035,571.525,577.9,411753.0,579.376165
2026-08-28T20:31:06.801,14,14,META260911C00620000,META,2026-09-11,call,620.0,2.91,5.0,3.23,387.0,3.0700000000000003,3.15,3.0,0.3405,0.1568,0.0062,-0.3391,0.2716,0.0336,2026-08-28,571.835,589.035,571.525,577.9,411753.0,579.376165
2026-08-28T20:31:06.801,14,14,META260911C00622500,META,2026-09-11,call,622.5,2.47,96.0,3.01,205.0,2.74,2.76,17.0,0.3408,0.1429,0.0059,-0.3187,0.2554,0.0306,2026-08-28,571.835,589.035,571.525,577.9,411753.0,579.376165
2026-08-28T20:31:06.801,14,14,META260911C00625000,META,2026-09-11,call,625.0,2.33,42.0,2.63,285.0,2.48,2.38,5.0,0.3427,0.1312,0.0055,-0.302,0.2408,0.0281,2026-08-28,571.835,589.035,571.525,577.9,411753.0,579.376165
2026-08-28T20:31:06.801,14,14,META260911C00627500,META,2026-09-11,call,627.5,2.02,126.0,2.47,274.0,2.245,2.1,10.0,0.3446,0.1204,0.0051,-0.2858,0.2268,0.0258,2026-08-28,571.835,589.035,571.525,577.9,411753.0,579.376165
2026-08-28T20:31:06.801,14,14,META260911C00630000,META,2026-09-11,call,630.0,1.81,54.0,2.24,253.0,2.0250000000000004,1.93,1.0,0.3462,0.1101,0.0048,-0.2694,0.2129,0.0236,2026-08-28,571.835,589.035,571.525,577.9,411753.0,579.376165
2026-08-28T20:31:06.801,14,14,META260911C00632500,META,2026-09-11,call,632.5,1.77,15.0,1.96,71.0,1.865,1.84,5.0,0.3498,0.102,0.0045,-0.2573,0.2014,0.0219,2026-08-28,571.835,589.035,571.525,577.9,411753.0,579.376165
2026-08-28T20:31:06.801,14,14,META260911C00635000,META,2026-09-11,call,635.0,1.59,60.0,1.8,225.0,1.695,1.59,7.0,0.3522,0.0936,0.0042,-0.2432,0.1892,0.0201,2026-08-28,571.835,589.035,571.525,577.9,411753.0,579.376165
2026-08-28T20:31:06.801,14,14,META260911C00637500,META,2026-09-11,call,637.5,1.36,60.0,1.66,239.0,1.51,1.42,1.0,0.3528,0.0849,0.0039,-0.2263,0.1758,0.0182,2026-08-28,571.835,589.035,571.525,577.9,411753.0,579.376165
2026-08-28T20:31:06.801,14,14,META260911C00640000,META,2026-09-11,call,640.0,1.26,17.0,1.39,33.0,1.325,1.32,10.0,0.3523,0.0761,0.0036,-0.2079,0.1619,0.0163,2026-08-28,571.835,589.035,571.525,577.9,411753.0,579.376165
2026-08-28T20:31:06.801,14,14,META260911C00642500,META,2026-09-11,call,642.5,1.12,236.0,1.38,293.0,1.25,1.11,3.0,0.3577,0.0715,0.0034,-0.2012,0.1544,0.0154,2026-08-28,571.835,589.035,571.525,577.9,411753.0,579.376165
2026-08-28T20:31:06.801,14,14,META260911C00645000,META,2026-09-11,call,645.0,0.95,108.0,1.15,38.0,1.0499999999999998,1.08,10.0,0.354,0.0622,0.0031,-0.1786,0.1385,0.0134,2026-08-28,571.835,589.035,571.525,577.9,411753.0,579.376165
2026-08-28T20:31:06.801,14,14,META260911C00647500,META,2026-09-11,call,647.5,0.9,125.0,1.15,205.0,1.025,0.99,2.0,0.3618,0.0598,0.0029,-0.177,0.1344,0.0128,2026-08-28,571.835,589.035,571.525,577.9,411753.0,579.376165
2026-08-28T20:31:06.801,14,14,META260911C00650000,META,2026-09-11,call,650.0,0.79,242.0,0.98,225.0,0.885,0.94,1.0,0.3604,0.0529,0.0026,-0.1599,0.1219,0.0114,2026-08-28,571.835,589.035,571.525,577.9,411753.0,579.376165
2026-08-28T20:31:06.801,14,14,META260911C00652500,META,2026-09-11,call,652.5,0.7,167.0,0.96,162.0,0.83,1.22,1.0,0.365,0.0495,0.0025,-0.1536,0.1157,0.0106,2026-08-28,571.835,589.035,571.525,577.9,411753.0,579.376165
2026-08-28T20:31:06.801,14,14,META260911C00655000,META,2026-09-11,call,655.0,0.67,305.0,0.75,67.0,0.71,0.71,1.0,0.3632,0.0434,0.0022,-0.1375,0.1041,0.0093,2026-08-28,571.835,589.035,571.525,577.9,411753.0,579.376165
2026-08-28T20:31:06.801,14,14,META260911C00657500,META,2026-09-11,call,657.5,0.66,1.0,0.82,207.0,0.74,0.68,2.0,0.375,0.0438,0.0022,-0.1429,0.1049,0.0094,2026-08-28,571.835,589.035,571.525,577.9,411753.0,579.376165
2026-08-28T20:31:06.801,14,14,META260911C00660000,META,2026-09-11,call,660.0,0.56,157.0,0.69,107.0,0.625,0.61,5.0,0.3721,0.038,0.002,-0.1265,0.0936,0.0082,2026-08-28,571.835,589.035,571.525,577.9,411753.0,579.376165
2026-08-28T20:31:06.801,14,14,META260911C00662500,META,2026-09-11,call,662.5,0.48,141.0,0.69,179.0,0.585,0.56,5.0,0.3763,0.0356,0.0018,-0.121,0.0885,0.0077,2026-08-28,571.835,589.035,571.525,577.9,411753.0,579.376165
2026-08-28T20:31:06.801,14,14,META260911C00665000,META,2026-09-11,call,665.0,0.48,146.0,0.6,194.0,0.54,0.5,1.0,0.3795,0.0329,0.0017,-0.1145,0.0831,0.0071,2026-08-28,571.835,589.035,571.525,577.9,411753.0,579.376165
2026-08-28T20:31:06.801,14,14,META260911C00667500,META,2026-09-11,call,667.5,0.35,126.0,0.6,65.0,0.475,,,0.3796,0.0294,0.0016,-0.1042,0.0757,0.0063,2026-08-28,571.835,589.035,571.525,577.9,411753.0,579.376165
2026-08-28T20:31:06.801,14,14,META260911C00670000,META,2026-09-11,call,670.0,0.39,253.0,0.52,93.0,0.455,0.45,3.0,0.385,0.028,0.0015,-0.1014,0.0726,0.006,2026-08-28,571.835,589.035,571.525,577.9,411753.0,579.376165
2026-08-28T20:31:06.801,14,14,META260911C00672500,META,2026-09-11,call,672.5,0.27,110.0,0.53,106.0,0.4,0.73,1.0,0.385,0.0249,0.0013,-0.0921,0.066,0.0054,2026-08-28,571.835,589.035,571.525,577.9,411753.0,579.376165
2026-08-28T20:31:06.801,14,14,META260911C00675000,META,2026-09-11,call,675.0,0.27,252.0,0.48,138.0,0.375,0.38,1.0,0.389,0.0234,0.0013,-0.088,0.0624,0.005,2026-08-28,571.835,589.035,571.525,577.9,411753.0,579.376165
2026-08-28T20:31:06.801,14,14,META260911C00677500,META,2026-09-11,call,677.5,0.32,52.0,0.47,262.0,0.395,0.55,1.0,0.3999,0.0239,0.0012,-0.0922,0.0636,0.0051,2026-08-28,571.835,589.035,571.525,577.9,411753.0,579.376165
2026-08-28T20:31:06.801,14,14,META260911C00680000,META,2026-09-11,call,680.0,0.3,73.0,0.44,171.0,0.37,0.36,3.0,0.4036,0.0223,0.0012,-0.088,0.0602,0.0048,2026-08-28,571.835,589.035,571.525,577.9,411753.0,579.376165
2026-08-28T20:31:06.801,14,14,META260911C00682500,META,2026-09-11,call,682.5,0.28,45.0,0.38,202.0,0.33,,,0.4042,0.0202,0.0011,-0.0807,0.0551,0.0043,2026-08-28,571.835,589.035,571.525,577.9,411753.0,579.376165
2026-08-28T20:31:06.801,14,14,META260911C00685000,META,2026-09-11,call,685.0,0.26,92.0,0.35,150.0,0.305,0.33,19.0,0.407,0.0187,0.001,-0.0762,0.0517,0.004,2026-08-28,571.835,589.035,571.525,577.9,411753.0,579.376165
2026-08-28T20:31:06.801,14,14,META260911C00687500,META,2026-09-11,call,687.5,0.19,44.0,0.33,56.0,0.26,,,0.4051,0.0163,0.0009,-0.0673,0.0459,0.0035,2026-08-28,571.835,589.035,571.525,577.9,411753.0,579.376165
2026-08-28T20:31:06.801,14,14,META260911C00690000,META,2026-09-11,call,690.0,0.19,8.0,0.36,198.0,0.275,0.26,5.0,0.4156,0.0167,0.0009,-0.0707,0.047,0.0036,2026-08-28,571.835,589.035,571.525,577.9,411753.0,579.376165
2026-08-28T20:31:06.801,14,14,META260911C00695000,META,2026-09-11,call,695.0,0.2,16.0,0.32,318.0,0.26,0.25,3.0,0.4266,0.0155,0.0008,-0.0682,0.0442,0.0033,2026-08-28,571.835,589.035,571.525,577.9,411753.0,579.376165
2026-08-28T20:31:06.801,14,14,META260911C00700000,META,2026-09-11,call,700.0,0.14,24.0,0.25,42.0,0.195,0.18,1.0,0.4242,0.0121,0.0007,-0.0544,0.0355,0.0026,2026-08-28,571.835,589.035,571.525,577.9,411753.0,579.376165
2026-08-28T20:31:06.801,14,14,META260911C00705000,META,2026-09-11,call,705.0,0.16,91.0,0.22,32.0,0.19,0.18,1.0,0.4362,0.0115,0.0006,-0.0537,0.034,0.0025,2026-08-28,571.835,589.035,571.525,577.9,411753.0,579.376165
2026-08-28T20:31:06.801,14,14,META260911C00710000,META,2026-09-11,call,710.0,0.1,16.0,0.26,280.0,0.18,0.2,1.0,0.4465,0.0107,0.0006,-0.0517,0.032,0.0023,2026-08-28,571.835,589.035,571.525,577.9,411753.0,579.376165
2026-08-28T20:31:06.801,14,14,META260911C00715000,META,2026-09-11,call,715.0,0.08,24.0,0.28,133.0,0.18000000000000002,0.24,1.0,0.4597,0.0105,0.0005,-0.052,0.0313,0.0022,2026-08-28,571.835,589.035,571.525,577.9,411753.0,579.376165
2026-08-28T20:31:06.801,14,14,META260911C00720000,META,2026-09-11,call,720.0,0.02,291.0,0.26,203.0,0.14,0.12,2.0,0.4585,0.0083,0.0004,-0.0426,0.0257,0.0018,2026-08-28,571.835,589.035,571.525,577.9,411753.0,579.376165
2026-08-28T20:31:06.801,14,14,META260911C00725000,META,2026-09-11,call,725.0,0.05,300.0,0.19,110.0,0.12,0.13,1.0,0.4627,0.0072,0.0004,-0.0377,0.0226,0.0015,2026-08-28,571.835,589.035,571.525,577.9,411753.0,579.376165
2026-08-28T20:31:06.801,14,14,META260911C00730000,META,2026-09-11,call,730.0,0.01,199.0,0.24,177.0,0.125,0.14,2.0,0.4772,0.0073,0.0004,-0.0392,0.0228,0.0016,2026-08-28,571.835,589.035,571.525,577.9,411753.0,579.376165
2026-08-28T20:31:06.801,14,14,META260911C00735000,META,2026-09-11,call,735.0,0.01,183.0,0.17,66.0,0.09000000000000001,0.11,3.0,0.4718,0.0054,0.0003,-0.03,0.0176,0.0012,2026-08-28,571.835,589.035,571.525,577.9,411753.0,579.376165
2026-08-28T20:31:06.801,14,14,META260911C00740000,META,2026-09-11,call,740.0,0.03,255.0,0.18,265.0,0.105,0.13,1.0,0.4917,0.006,0.0003,-0.0343,0.0193,0.0013,2026-08-28,571.835,589.035,571.525,577.9,411753.0,579.376165
2026-08-28T20:31:06.801,14,14,META260911C00745000,META,2026-09-11,call,745.0,0.01,169.0,0.18,172.0,0.095,0.1,1.0,0.498,0.0054,0.0003,-0.0317,0.0176,0.0012,2026-08-28,571.835,589.035,571.525,577.9,411753.0,579.376165
2026-08-28T20:31:06.801,14,14,META260911C00750000,META,2026-09-11,call,750.0,0.06,159.0,0.17,260.0,0.115,0.09,10.0,0.5203,0.0062,0.0003,-0.0373,0.0199,0.0013,2026-08-28,571.835,589.035,571.525,577.9,411753.0,579.376165
2026-08-28T20:31:06.801,14,14,META260911C00755000,META,2026-09-11,call,755.0,0.01,155.0,0.18,154.0,0.095,0.13,1.0,0.521,0.0052,0.0003,-0.032,0.017,0.0011,2026-08-28,571.835,589.035,571.525,577.9,411753.0,579.376165
2026-08-28T20:31:06.801,14,14,META260911C00760000,META,2026-09-11,call,760.0,0.03,194.0,0.27,239.0,0.15000000000000002,0.08,1.0,0.5599,0.0074,0.0003,-0.047,0.0233,0.0016,2026-08-28,571.835,589.035,571.525,577.9,411753.0,579.376165
2026-08-28T20:31:06.801,14,14,META260911C00765000,META,2026-09-11,call,765.0,0.03,113.0,0.14,130.0,0.085,0.1,1.0,0.5372,0.0046,0.0002,-0.0294,0.0152,0.001,2026-08-28,571.835,589.035,571.525,577.9,411753.0,579.376165
2026-08-28T20:31:06.801,14,14,META260911C00770000,META,2026-09-11,call,770.0,0.01,55.0,0.12,75.0,0.065,0.07,1.0,0.5335,0.0036,0.0002,-0.0235,0.0122,0.0008,2026-08-28,571.835,589.035,571.525,577.9,411753.0,579.376165
2026-08-28T20:31:06.801,14,14,META260911C00775000,META,2026-09-11,call,775.0,0.04,28.0,0.11,73.0,0.075,0.07,3.0,0.552,0.004,0.0002,-0.0266,0.0134,0.0009,2026-08-28,571.835,589.035,571.525,577.9,411753.0,579.376165
2026-08-28T20:31:06.801,14,14,META260911C00780000,META,2026-09-11,call,780.0,0.01,288.0,0.14,280.0,0.07500000000000001,0.1,1.0,0.5627,0.0039,0.0002,-0.0267,0.0132,0.0008,2026-08-28,571.835,589.035,571.525,577.9,411753.0,579.376165
2026-08-28T20:31:06.801,14,14,META260911C00785000,META,2026-09-11,call,785.0,0.01,196.0,0.13,276.0,0.07,0.15,1.0,0.5694,0.0037,0.0002,-0.0253,0.0123,0.0008,2026-08-28,571.835,589.035,571.525,577.9,411753.0,579.376165
2026-08-28T20:31:06.801,14,14,META260911C00790000,META,2026-09-11,call,790.0,0.01,77.0,0.07,239.0,0.04,0.04,2.0,0.5498,0.0022,0.0001,-0.0158,0.008,0.0005,2026-08-28,571.835,589.035,571.525,577.9,411753.0,579.376165
2026-08-28T20:31:06.801,14,14,META260911C00795000,META,2026-09-11,call,795.0,0.03,195.0,0.14,308.0,0.085,0.08,1.0,0.6019,0.0042,0.0002,-0.03,0.0139,0.0009,2026-08-28,571.835,589.035,571.525,577.9,411753.0,579.376165
2026-08-28T20:31:06.801,14,14,META260911C00800000,META,2026-09-11,call,800.0,0.01,119.0,0.18,427.0,0.095,0.08,1.0,0.6193,0.0045,0.0002,-0.0331,0.0148,0.001,2026-08-28,571.835,589.035,571.525,577.9,411753.0,579.376165
2026-08-28T20:31:06.801,14,14,META260911C00805000,META,2026-09-11,call,805.0,0.0,0.0,0.1,124.0,0.05,0.15,1.0,,,,,,,2026-08-28,571.835,589.035,571.525,577.9,411753.0,579.376165
2026-08-28T20:31:06.801,14,14,META260911C00810000,META,2026-09-11,call,810.0,0.0,0.0,0.17,247.0,0.085,0.13,1.0,,,,,,,2026-08-28,571.835,589.035,571.525,577.9,411753.0,579.376165
2026-08-28T20:31:06.801,14,14,META260911C00815000,META,2026-09-11,call,815.0,0.0,0.0,0.33,252.0,0.165,0.15,1.0,,,,,,,2026-08-28,571.835,589.035,571.525,577.9,411753.0,579.376165
2026-08-28T20:31:06.801,14,14,META260911C00820000,META,2026-09-11,call,820.0,0.0,0.0,0.52,317.0,0.26,0.06,1.0,,,,,,,2026-08-28,571.835,589.035,571.525,577.9,411753.0,579.376165
2026-08-28T20:31:06.801,14,14,META260911C00825000,META,2026-09-11,call,825.0,0.0,0.0,0.16,221.0,0.08,0.14,1.0,,,,,,,2026-08-28,571.835,589.035,571.525,577.9,411753.0,579.376165
2026-08-28T20:31:06.801,14,14,META260911C00830000,META,2026-09-11,call,830.0,0.0,0.0,0.32,259.0,0.16,0.12,1.0,,,,,,,2026-08-28,571.835,589.035,571.525,577.9,411753.0,579.376165
2026-08-28T20:31:06.801,14,14,META260911C00835000,META,2026-09-11,call,835.0,0.0,0.0,0.32,287.0,0.16,0.12,1.0,,,,,,,2026-08-28,571.835,589.035,571.525,577.9,411753.0,579.376165
2026-08-28T20:31:06.801,14,14,META260911C00840000,META,2026-09-11,call,840.0,0.0,0.0,0.34,260.0,0.17,0.16,1.0,,,,,,,2026-08-28,571.835,589.035,571.525,577.9,411753.0,579.376165
2026-08-28T20:31:06.801,14,14,META260911C00845000,META,2026-09-11,call,845.0,0.0,0.0,0.78,163.0,0.39,0.16,1.0,,,,,,,2026-08-28,571.835,589.035,571.525,577.9,411753.0,579.376165
2026-08-28T20:31:06.801,14,14,META260911C00850000,META,2026-09-11,call,850.0,0.0,0.0,0.79,5.0,0.395,0.05,4.0,,,,,,,2026-08-28,571.835,589.035,571.525,577.9,411753.0,579.376165
2026-08-28T20:31:06.801,14,14,META260911C00855000,META,2026-09-11,call,855.0,0.0,0.0,0.85,12.0,0.425,0.09,1.0,,,,,,,2026-08-28,571.835,589.035,571.525,577.9,411753.0,579.376165
2026-08-28T20:31:06.801,14,14,META260911C00860000,META,2026-09-11,call,860.0,0.0,0.0,0.86,12.0,0.43,0.11,1.0,,,,,,,2026-08-28,571.835,589.035,571.525,577.9,411753.0,579.376165
2026-08-28T20:31:06.801,14,14,META260911C00865000,META,2026-09-11,call,865.0,0.0,0.0,0.83,10.0,0.415,0.05,49.0,,,,,,,2026-08-28,571.835,589.035,571.525,577.9,411753.0,579.376165
2026-08-28T20:31:06.801,14,14,META260911C00870000,META,2026-09-11,call,870.0,0.0,0.0,0.67,89.0,0.335,0.05,10.0,,,,,,,2026-08-28,571.835,589.035,571.525,577.9,411753.0,579.376165
2026-08-28T20:31:06.801,14,14,META260911C00875000,META,2026-09-11,call,875.0,0.0,0.0,0.08,22.0,0.04,0.02,3.0,,,,,,,2026-08-28,571.835,589.035,571.525,577.9,411753.0,579.376165
2026-08-28T20:31:06.801,14,14,META260911C00880000,META,2026-09-11,call,880.0,0.0,0.0,0.12,4.0,0.06,0.1,1.0,,,,,,,2026-08-28,571.835,589.035,571.525,577.9,411753.0,579.376165
2026-08-28T20:31:06.801,14,14,META260911C00885000,META,2026-09-11,call,885.0,0.0,0.0,0.12,2.0,0.06,0.04,1.0,,,,,,,2026-08-28,571.835,589.035,571.525,577.9,411753.0,579.376165
2026-08-28T20:31:06.801,14,14,META260911C00890000,META,2026-09-11,call,890.0,0.0,0.0,0.12,3.0,0.06,0.02,1.0,,,,,,,2026-08-28,571.835,589.035,571.525,577.9,411753.0,579.376165
2026-08-28T20:31:06.801,14,14,META260911C00895000,META,2026-09-11,call,895.0,0.0,0.0,0.08,14.0,0.04,0.02,6.0,,,,,,,2026-08-28,571.835,589.035,571.525,577.9,411753.0,579.376165
2026-08-28T20:31:06.801,14,14,META260911C00900000,META,2026-09-11,call,900.0,0.0,0.0,0.12,11.0,0.06,0.02,1.0,,,,,,,2026-08-28,571.835,589.035,571.525,577.9,411753.0,579.376165
2026-08-28T20:31:06.801,14,14,META260911C00905000,META,2026-09-11,call,905.0,0.0,0.0,0.75,136.0,0.375,0.07,2.0,,,,,,,2026-08-28,571.835,589.035,571.525,577.9,411753.0,579.376165
2026-08-28T20:31:06.801,14,14,META260911C00910000,META,2026-09-11,call,910.0,0.0,0.0,1.13,7.0,0.565,0.08,2.0,,,,,,,2026-08-28,571.835,589.035,571.525,577.9,411753.0,579.376165
2026-08-28T20:31:06.801,14,14,META260911C00915000,META,2026-09-11,call,915.0,0.0,0.0,0.9,13.0,0.45,0.12,1.0,,,,,,,2026-08-28,571.835,589.035,571.525,577.9,411753.0,579.376165
2026-08-28T20:31:06.801,14,14,META260911C00920000,META,2026-09-11,call,920.0,0.0,0.0,0.84,139.0,0.42,0.02,1.0,,,,,,,2026-08-28,571.835,589.035,571.525,577.9,411753.0,579.376165
2026-08-28T20:31:06.801,14,14,META260911C00925000,META,2026-09-11,call,925.0,0.0,0.0,0.73,121.0,0.365,0.06,2.0,,,,,,,2026-08-28,571.835,589.035,571.525,577.9,411753.0,579.376165
2026-08-28T20:31:06.801,14,14,META260911C00930000,META,2026-09-11,call,930.0,0.0,0.0,0.53,104.0,0.265,0.02,1.0,,,,,,,2026-08-28,571.835,589.035,571.525,577.9,411753.0,579.376165
2026-08-28T20:31:06.801,14,14,META260911C00935000,META,2026-09-11,call,935.0,0.0,0.0,0.74,81.0,0.37,0.04,2.0,,,,,,,2026-08-28,571.835,589.035,571.525,577.9,411753.0,579.376165
2026-08-28T20:31:06.801,14,14,META260911C00940000,META,2026-09-11,call,940.0,0.0,0.0,0.81,34.0,0.405,0.01,1.0,,,,,,,2026-08-28,571.835,589.035,571.525,577.9,411753.0,579.376165
2026-08-28T20:31:06.801,14,14,META260911C00945000,META,2026-09-11,call,945.0,0.0,0.0,0.52,90.0,0.26,0.02,3.0,,,,,,,2026-08-28,571.835,589.035,571.525,577.9,411753.0,579.376165
2026-08-28T20:31:06.801,14,14,META260911C00950000,META,2026-09-11,call,950.0,0.0,0.0,0.53,208.0,0.265,0.07,2.0,,,,,,,2026-08-28,571.835,589.035,571.525,577.9,411753.0,579.376165
2026-08-28T20:31:06.801,14,14,META260911C00955000,META,2026-09-11,call,955.0,0.0,0.0,0.81,195.0,0.405,0.04,10.0,,,,,,,2026-08-28,571.835,589.035,571.525,577.9,411753.0,579.376165
2026-08-28T20:31:06.801,14,14,META260911C00960000,META,2026-09-11,call,960.0,0.0,0.0,0.5,115.0,0.25,0.02,1.0,,,,,,,2026-08-28,571.835,589.035,571.525,577.9,411753.0,579.376165
2026-08-28T20:31:06.801,14,14,META260911C00965000,META,2026-09-11,call,965.0,0.0,0.0,1.02,213.0,0.51,0.16,1.0,,,,,,,2026-08-28,571.835,589.035,571.525,577.9,411753.0,579.376165
2026-08-28T20:31:06.801,14,14,META260911C00970000,META,2026-09-11,call,970.0,0.0,0.0,0.17,189.0,0.085,0.01,1.0,,,,,,,2026-08-28,571.835,589.035,571.525,577.9,411753.0,579.376165
2026-08-28T20:31:06.801,14,14,META260911C00975000,META,2026-09-11,call,975.0,0.0,0.0,0.01,99.0,0.005,0.01,1.0,,,,,,,2026-08-28,571.835,589.035,571.525,577.9,411753.0,579.376165
2026-08-28T20:31:06.801,14,14,META260911C00980000,META,2026-09-11,call,980.0,0.0,0.0,0.01,20.0,0.005,0.05,1.0,,,,,,,2026-08-28,571.835,589.035,571.525,577.9,411753.0,579.376165
2026-08-28T20:31:06.801,14,14,META260911C00985000,META,2026-09-11,call,985.0,0.0,0.0,0.03,18.0,0.015,0.01,2.0,,,,,,,2026-08-28,571.835,589.035,571.525,577.9,411753.0,579.376165
2026-08-28T20:31:06.801,14,14,META260911C00990000,META,2026-09-11,call,990.0,0.0,0.0,0.03,20.0,0.015,0.06,1.0,,,,,,,2026-08-28,571.835,589.035,571.525,577.9,411753.0,579.376165
2026-08-28T20:31:06.801,14,14,META260911C00995000,META,2026-09-11,call,995.0,0.0,0.0,0.66,101.0,0.33,0.01,1.0,,,,,,,2026-08-28,571.835,589.035,571.525,577.9,411753.0,579.376165
2026-08-28T20:31:06.801,14,14,META260911C01000000,META,2026-09-11,call,1000.0,0.0,0.0,0.03,20.0,0.015,0.01,6.0,,,,,,,2026-08-28,571.835,589.035,571.525,577.9,411753.0,579.376165
2026-08-28T20:31:06.801,14,14,META260911C01010000,META,2026-09-11,call,1010.0,0.0,0.0,0.8,15.0,0.4,0.04,1.0,,,,,,,2026-08-28,571.835,589.035,571.525,577.9,411753.0,579.376165
2026-08-28T20:31:06.801,14,14,META260911C01020000,META,2026-09-11,call,1020.0,0.0,0.0,1.24,12.0,0.62,0.15,1.0,,,,,,,2026-08-28,571.835,589.035,571.525,577.9,411753.0,579.376165
2026-08-28T20:31:06.801,14,14,META260911C01030000,META,2026-09-11,call,1030.0,0.0,0.0,1.2,20.0,0.6,0.05,1.0,,,,,,,2026-08-28,571.835,589.035,571.525,577.9,411753.0,579.376165
2026-08-28T20:31:06.801,14,14,META260911C01040000,META,2026-09-11,call,1040.0,0.0,0.0,1.0,12.0,0.5,0.15,1.0,,,,,,,2026-08-28,571.835,589.035,571.525,577.9,411753.0,579.376165
2026-08-28T20:31:06.801,14,14,META260911C01050000,META,2026-09-11,call,1050.0,0.0,0.0,1.2,11.0,0.6,0.15,1.0,,,,,,,2026-08-28,571.835,589.035,571.525,577.9,411753.0,579.376165
2026-08-28T20:31:06.801,14,14,META260911C01060000,META,2026-09-11,call,1060.0,0.0,0.0,1.0,1.0,0.5,0.15,1.0,,,,,,,2026-08-28,571.835,589.035,571.525,577.9,411753.0,579.376165
2026-08-28T20:31:06.801,14,14,META260911C01070000,META,2026-09-11,call,1070.0,0.0,0.0,0.01,20.0,0.005,0.15,1.0,,,,,,,2026-08-28,571.835,589.035,571.525,577.9,411753.0,579.376165
2026-08-28T20:31:06.801,14,14,META260911P00100000,META,2026-09-11,put,100.0,0.0,0.0,1.0,10.0,0.5,0.01,1.0,,,,,,,2026-08-28,571.835,589.035,571.525,577.9,411753.0,579.376165
2026-08-28T20:31:06.801,14,14,META260911P00110000,META,2026-09-11,put,110.0,0.0,0.0,1.2,16.0,0.6,0.01,9.0,,,,,,,2026-08-28,571.835,589.035,571.525,577.9,411753.0,579.376165
2026-08-28T20:31:06.801,14,14,META260911P00120000,META,2026-09-11,put,120.0,0.0,0.0,1.0,33.0,0.5,0.04,10.0,,,,,,,2026-08-28,571.835,589.035,571.525,577.9,411753.0,579.376165
2026-08-28T20:31:06.801,14,14,META260911P00130000,META,2026-09-11,put,130.0,0.0,0.0,1.04,4.0,0.52,,,,,,,,,2026-08-28,571.835,589.035,571.525,577.9,411753.0,579.376165
2026-08-28T20:31:06.801,14,14,META260911P00140000,META,2026-09-11,put,140.0,0.0,0.0,0.01,1.0,0.005,0.01,1.0,,,,,,,2026-08-28,571.835,589.035,571.525,577.9,411753.0,579.376165
2026-08-28T20:31:06.801,14,14,META260911P00150000,META,2026-09-11,put,150.0,0.0,0.0,1.04,11.0,0.52,,,,,,,,,2026-08-28,571.835,589.035,571.525,577.9,411753.0,579.376165
2026-08-28T20:31:06.801,14,14,META260911P00160000,META,2026-09-11,put,160.0,0.0,0.0,1.04,13.0,0.52,,,,,,,,,2026-08-28,571.835,589.035,571.525,577.9,411753.0,579.376165
2026-08-28T20:31:06.801,14,14,META260911P00170000,META,2026-09-11,put,170.0,0.0,0.0,1.0,1.0,0.5,,,,,,,,,2026-08-28,571.835,589.035,571.525,577.9,411753.0,579.376165
2026-08-28T20:31:06.801,14,14,META260911P00180000,META,2026-09-11,put,180.0,0.0,0.0,1.0,8.0,0.5,,,,,,,,,2026-08-28,571.835,589.035,571.525,577.9,411753.0,579.376165
2026-08-28T20:31:06.801,14,14,META260911P00190000,META,2026-09-11,put,190.0,0.0,0.0,1.24,7.0,0.62,0.13,1.0,,,,,,,2026-08-28,571.835,589.035,571.525,577.9,411753.0,579.376165
2026-08-28T20:31:06.801,14,14,META260911P00200000,META,2026-09-11,put,200.0,0.0,0.0,1.04,12.0,0.52,,,,,,,,,2026-08-28,571.835,589.035,571.525,577.9,411753.0,579.376165
2026-08-28T20:31:06.801,14,14,META260911P00210000,META,2026-09-11,put,210.0,0.0,0.0,1.0,8.0,0.5,,,,,,,,,2026-08-28,571.835,589.035,571.525,577.9,411753.0,579.376165
2026-08-28T20:31:06.801,14,14,META260911P00220000,META,2026-09-11,put,220.0,0.0,0.0,1.0,12.0,0.5,,,,,,,,,2026-08-28,571.835,589.035,571.525,577.9,411753.0,579.376165
2026-08-28T20:31:06.801,14,14,META260911P00230000,META,2026-09-11,put,230.0,0.0,0.0,1.0,20.0,0.5,0.01,1.0,,,,,,,2026-08-28,571.835,589.035,571.525,577.9,411753.0,579.376165
2026-08-28T20:31:06.801,14,14,META260911P00240000,META,2026-09-11,put,240.0,0.0,0.0,1.04,12.0,0.52,0.01,3.0,,,,,,,2026-08-28,571.835,589.035,571.525,577.9,411753.0,579.376165
2026-08-28T20:31:06.801,14,14,META260911P00250000,META,2026-09-11,put,250.0,0.0,0.0,0.09,1.0,0.045,0.13,1.0,,,,,,,2026-08-28,571.835,589.035,571.525,577.9,411753.0,579.376165
2026-08-28T20:31:06.801,14,14,META260911P00260000,META,2026-09-11,put,260.0,0.0,0.0,0.33,1.0,0.165,0.12,1.0,,,,,,,2026-08-28,571.835,589.035,571.525,577.9,411753.0,579.376165
2026-08-28T20:31:06.801,14,14,META260911P00270000,META,2026-09-11,put,270.0,0.0,0.0,1.5,5.0,0.75,0.03,36.0,,,,,,,2026-08-28,571.835,589.035,571.525,577.9,411753.0,579.376165
2026-08-28T20:31:06.801,14,14,META260911P00280000,META,2026-09-11,put,280.0,0.0,0.0,0.07,2.0,0.035,0.01,1.0,,,,,,,2026-08-28,571.835,589.035,571.525,577.9,411753.0,579.376165
2026-08-28T20:31:06.801,14,14,META260911P00290000,META,2026-09-11,put,290.0,0.03,70.0,0.04,10.0,0.035,0.03,10.0,,,,,,,2026-08-28,571.835,589.035,571.525,577.9,411753.0,579.376165
2026-08-28T20:31:06.801,14,14,META260911P00300000,META,2026-09-11,put,300.0,0.0,0.0,0.03,55.0,0.015,0.05,498.0,,,,,,,2026-08-28,571.835,589.035,571.525,577.9,411753.0,579.376165
2026-08-28T20:31:06.801,14,14,META260911P00310000,META,2026-09-11,put,310.0,0.0,0.0,0.33,1.0,0.165,0.47,1.0,,,,,,,2026-08-28,571.835,589.035,571.525,577.9,411753.0,579.376165
2026-08-28T20:31:06.801,14,14,META260911P00320000,META,2026-09-11,put,320.0,0.0,0.0,0.37,1.0,0.185,0.45,1.0,,,,,,,2026-08-28,571.835,589.035,571.525,577.9,411753.0,579.376165
2026-08-28T20:31:06.801,14,14,META260911P00330000,META,2026-09-11,put,330.0,0.0,0.0,0.95,64.0,0.475,0.44,1.0,,,,,,,2026-08-28,571.835,589.035,571.525,577.9,411753.0,579.376165
2026-08-28T20:31:06.801,14,14,META260911P00340000,META,2026-09-11,put,340.0,0.0,0.0,0.98,69.0,0.49,0.02,2.0,,,,,,,2026-08-28,571.835,589.035,571.525,577.9,411753.0,579.376165
2026-08-28T20:31:06.801,14,14,META260911P00350000,META,2026-09-11,put,350.0,0.0,0.0,0.12,5.0,0.06,0.18,1.0,,,,,,,2026-08-28,571.835,589.035,571.525,577.9,411753.0,579.376165
2026-08-28T20:31:06.801,14,14,META260911P00360000,META,2026-09-11,put,360.0,0.0,0.0,0.83,62.0,0.415,0.3,1.0,,,,,,,2026-08-28,571.835,589.035,571.525,577.9,411753.0,579.376165
2026-08-28T20:31:06.801,14,14,META260911P00370000,META,2026-09-11,put,370.0,0.0,0.0,0.89,109.0,0.445,0.17,1.0,,,,,,,2026-08-28,571.835,589.035,571.525,577.9,411753.0,579.376165
2026-08-28T20:31:06.801,14,14,META260911P00380000,META,2026-09-11,put,380.0,0.0,0.0,0.85,76.0,0.425,0.25,1.0,,,,,,,2026-08-28,571.835,589.035,571.525,577.9,411753.0,579.376165
2026-08-28T20:31:06.801,14,14,META260911P00390000,META,2026-09-11,put,390.0,0.0,0.0,0.76,222.0,0.38,0.04,15.0,,,,,,,2026-08-28,571.835,589.035,571.525,577.9,411753.0,579.376165
2026-08-28T20:31:06.801,14,14,META260911P00400000,META,2026-09-11,put,400.0,0.01,219.0,0.34,225.0,0.17500000000000002,0.11,1.0,0.772,-0.006,0.0002,-0.0523,0.0191,-0.0014,2026-08-28,571.835,589.035,571.525,577.9,411753.0,579.376165
2026-08-28T20:31:06.801,14,14,META260911P00405000,META,2026-09-11,put,405.0,0.0,0.0,0.57,318.0,0.285,0.05,1.0,,,,,,,2026-08-28,571.835,589.035,571.525,577.9,411753.0,579.376165
2026-08-28T20:31:06.801,14,14,META260911P00410000,META,2026-09-11,put,410.0,0.0,0.0,0.09,79.0,0.045,0.05,18.0,,,,,,,2026-08-28,571.835,589.035,571.525,577.9,411753.0,579.376165
2026-08-28T20:31:06.801,14,14,META260911P00415000,META,2026-09-11,put,415.0,0.0,0.0,0.33,217.0,0.165,0.14,1.0,,,,,,,2026-08-28,571.835,589.035,571.525,577.9,411753.0,579.376165
2026-08-28T20:31:06.801,14,14,META260911P00420000,META,2026-09-11,put,420.0,0.0,0.0,0.09,114.0,0.045,0.06,1.0,,,,,,,2026-08-28,571.835,589.035,571.525,577.9,411753.0,579.376165
2026-08-28T20:31:06.801,14,14,META260911P00425000,META,2026-09-11,put,425.0,0.01,50.0,0.09,104.0,0.049999999999999996,0.05,49.0,0.5724,-0.0025,0.0001,-0.0179,0.0088,-0.0006,2026-08-28,571.835,589.035,571.525,577.9,411753.0,579.376165
2026-08-28T20:31:06.801,14,14,META260911P00430000,META,2026-09-11,put,430.0,0.03,102.0,0.14,175.0,0.085,0.08,2.0,0.5838,-0.004,0.0002,-0.0278,0.0135,-0.0009,2026-08-28,571.835,589.035,571.525,577.9,411753.0,579.376165
2026-08-28T20:31:06.801,14,14,META260911P00435000,META,2026-09-11,put,435.0,0.03,48.0,0.13,173.0,0.08,0.16,1.0,0.5594,-0.004,0.0002,-0.0263,0.0133,-0.0009,2026-08-28,571.835,589.035,571.525,577.9,411753.0,579.376165
2026-08-28T20:31:06.801,14,14,META260911P00440000,META,2026-09-11,put,440.0,0.03,134.0,0.14,212.0,0.085,0.1,1.0,0.5426,-0.0043,0.0002,-0.0275,0.0143,-0.001,2026-08-28,571.835,589.035,571.525,577.9,411753.0,579.376165
2026-08-28T20:31:06.801,14,14,META260911P00445000,META,2026-09-11,put,445.0,0.01,160.0,0.21,238.0,0.11,0.12,1.0,0.5376,-0.0055,0.0003,-0.0338,0.0178,-0.0013,2026-08-28,571.835,589.035,571.525,577.9,411753.0,579.376165
2026-08-28T20:31:06.801,14,14,META260911P00450000,META,2026-09-11,put,450.0,0.06,63.0,0.09,45.0,0.075,0.06,1.0,0.4952,-0.0042,0.0002,-0.0244,0.014,-0.001,2026-08-28,571.835,589.035,571.525,577.9,411753.0,579.376165
2026-08-28T20:31:06.801,14,14,META260911P00455000,META,2026-09-11,put,455.0,0.02,257.0,0.15,180.0,0.08499999999999999,0.11,1.0,0.4821,-0.0048,0.0003,-0.0269,0.0158,-0.0011,2026-08-28,571.835,589.035,571.525,577.9,411753.0,579.376165
2026-08-28T20:31:06.801,14,14,META260911P00460000,META,2026-09-11,put,460.0,0.05,245.0,0.17,239.0,0.11000000000000001,0.05,1.0,0.4761,-0.0062,0.0003,-0.0331,0.0197,-0.0014,2026-08-28,571.835,589.035,571.525,577.9,411753.0,579.376165
2026-08-28T20:31:06.801,14,14,META260911P00465000,META,2026-09-11,put,465.0,0.05,98.0,0.22,133.0,0.135,0.16,20.0,0.4674,-0.0075,0.0004,-0.0389,0.0235,-0.0017,2026-08-28,571.835,589.035,571.525,577.9,411753.0,579.376165
2026-08-28T20:31:06.801,14,14,META260911P00470000,META,2026-09-11,put,470.0,0.08,1.0,0.16,23.0,0.12,0.12,1.0,0.4405,-0.0072,0.0004,-0.035,0.0225,-0.0016,2026-08-28,571.835,589.035,571.525,577.9,411753.0,579.376165
2026-08-28T20:31:06.801,14,14,META260911P00475000,META,2026-09-11,put,475.0,0.09,74.0,0.21,75.0,0.15,0.14,2.0,0.4323,-0.0089,0.0005,-0.0416,0.0273,-0.002,2026-08-28,571.835,589.035,571.525,577.9,411753.0,579.376165
2026-08-28T20:31:06.801,14,14,META260911P00480000,META,2026-09-11,put,480.0,0.08,167.0,0.24,98.0,0.16,0.16,1.0,0.4154,-0.0098,0.0006,-0.0434,0.0297,-0.0022,2026-08-28,571.835,589.035,571.525,577.9,411753.0,579.376165
2026-08-28T20:31:06.801,14,14,META260911P00485000,META,2026-09-11,put,485.0,0.08,229.0,0.24,218.0,0.16,0.2,1.0,0.395,-0.0103,0.0006,-0.043,0.0309,-0.0023,2026-08-28,571.835,589.035,571.525,577.9,411753.0,579.376165
2026-08-28T20:31:06.801,14,14,META260911P00490000,META,2026-09-11,put,490.0,0.16,166.0,0.24,166.0,0.2,0.21,1.0,0.3861,-0.0128,0.0008,-0.0509,0.0374,-0.0029,2026-08-28,571.835,589.035,571.525,577.9,411753.0,579.376165
2026-08-28T20:31:06.801,14,14,META260911P00495000,META,2026-09-11,put,495.0,0.24,1.0,0.37,129.0,0.305,0.28,5.0,0.3887,-0.0186,0.001,-0.0703,0.0515,-0.0042,2026-08-28,571.835,589.035,571.525,577.9,411753.0,579.376165
2026-08-28T20:31:06.801,14,14,META260911P00500000,META,2026-09-11,put,500.0,0.32,1.0,0.37,70.0,0.345,0.35,18.0,0.3742,-0.0215,0.0012,-0.0764,0.0581,-0.0049,2026-08-28,571.835,589.035,571.525,577.9,411753.0,579.376165
2026-08-28T20:31:06.801,14,14,META260911P00505000,META,2026-09-11,put,505.0,0.27,257.0,0.46,44.0,0.365,0.45,1.0,0.3555,-0.0236,0.0014,-0.0787,0.063,-0.0054,2026-08-28,571.835,589.035,571.525,577.9,411753.0,579.376165
2026-08-28T20:31:06.801,14,14,META260911P00510000,META,2026-09-11,put,510.0,0.37,189.0,0.63,160.0,0.5,0.5,2.0,0.3521,-0.0314,0.0018,-0.0987,0.08,-0.0072,2026-08-28,571.835,589.035,571.525,577.9,411753.0,579.376165
2026-08-28T20:31:06.801,14,14,META260911P00512500,META,2026-09-11,put,512.5,0.44,159.0,0.74,129.0,0.59,0.67,4.0,0.3511,-0.0364,0.002,-0.111,0.0903,-0.0083,2026-08-28,571.835,589.035,571.525,577.9,411753.0,579.376165
2026-08-28T20:31:06.801,14,14,META260911P00515000,META,2026-09-11,put,515.0,0.59,234.0,0.8,288.0,0.6950000000000001,0.65,2.0,0.3502,-0.0421,0.0023,-0.1245,0.1015,-0.0096,2026-08-28,571.835,589.035,571.525,577.9,411753.0,579.376165
2026-08-28T20:31:06.801,14,14,META260911P00517500,META,2026-09-11,put,517.5,0.61,104.0,0.95,126.0,0.78,0.92,1.0,0.3462,-0.0469,0.0025,-0.1344,0.1109,-0.0107,2026-08-28,571.835,589.035,571.525,577.9,411753.0,579.376165
2026-08-28T20:31:06.801,14,14,META260911P00520000,META,2026-09-11,put,520.0,0.79,50.0,0.96,165.0,0.875,0.89,2.0,0.3421,-0.0524,0.0028,-0.1448,0.121,-0.0119,2026-08-28,571.835,589.035,571.525,577.9,411753.0,579.376165
2026-08-28T20:31:06.801,14,14,META260911P00522500,META,2026-09-11,put,522.5,0.79,74.0,1.16,45.0,0.975,1.18,2.0,0.3376,-0.0581,0.003,-0.155,0.1314,-0.0132,2026-08-28,571.835,589.035,571.525,577.9,411753.0,579.376165
2026-08-28T20:31:06.801,14,14,META260911P00525000,META,2026-09-11,put,525.0,1.1,27.0,1.26,223.0,1.1800000000000002,1.15,2.0,0.3395,-0.068,0.0034,-0.1761,0.1486,-0.0155,2026-08-28,571.835,589.035,571.525,577.9,411753.0,579.376165
2026-08-28T20:31:06.801,14,14,META260911P00527500,META,2026-09-11,put,527.5,1.08,183.0,1.41,185.0,1.245,1.41,1.0,0.3307,-0.0728,0.0037,-0.1806,0.1565,-0.0166,2026-08-28,571.835,589.035,571.525,577.9,411753.0,579.376165
2026-08-28T20:31:06.801,14,14,META260911P00530000,META,2026-09-11,put,530.0,1.33,253.0,1.63,216.0,1.48,1.61,1.0,0.3316,-0.084,0.0041,-0.2016,0.1745,-0.0192,2026-08-28,571.835,589.035,571.525,577.9,411753.0,579.376165
2026-08-28T20:31:06.801,14,14,META260911P00532500,META,2026-09-11,put,532.5,1.49,224.0,1.83,177.0,1.6600000000000001,2.08,11.0,0.3278,-0.0933,0.0045,-0.2154,0.1887,-0.0213,2026-08-28,571.835,589.035,571.525,577.9,411753.0,579.376165
2026-08-28T20:31:06.801,14,14,META260911P00535000,META,2026-09-11,put,535.0,1.86,57.0,2.06,77.0,1.96,1.91,1.0,0.3289,-0.1068,0.0049,-0.2383,0.2083,-0.0244,2026-08-28,571.835,589.035,571.525,577.9,411753.0,579.376165
2026-08-28T20:31:06.801,14,14,META260911P00537500,META,2026-09-11,put,537.5,1.94,218.0,2.36,3.0,2.15,2.39,1.0,0.3233,-0.1169,0.0054,-0.2496,0.2222,-0.0267,2026-08-28,571.835,589.035,571.525,577.9,411753.0,579.376165
2026-08-28T20:31:06.801,14,14,META260911P00540000,META,2026-09-11,put,540.0,2.32,386.0,2.83,203.0,2.575,2.47,1.0,0.3266,-0.1343,0.0059,-0.2774,0.2447,-0.0307,2026-08-28,571.835,589.035,571.525,577.9,411753.0,579.376165
2026-08-28T20:31:06.801,14,14,META260911P00542500,META,2026-09-11,put,542.5,2.62,160.0,3.09,103.0,2.855,2.4,1.0,0.3223,-0.1475,0.0063,-0.2915,0.2608,-0.0338,2026-08-28,571.835,589.035,571.525,577.9,411753.0,579.376165
2026-08-28T20:31:06.801,14,14,META260911P00545000,META,2026-09-11,put,545.0,3.07,226.0,3.47,33.0,3.27,3.8,1.0,0.3218,-0.1646,0.0068,-0.3125,0.2804,-0.0377,2026-08-28,571.835,589.035,571.525,577.9,411753.0,579.376165
2026-08-28T20:31:06.801,14,14,META260911P00547500,META,2026-09-11,put,547.5,3.38,246.0,3.93,160.0,3.6550000000000002,4.02,1.0,0.3188,-0.1811,0.0073,-0.3285,0.298,-0.0415,2026-08-28,571.835,589.035,571.525,577.9,411753.0,579.376165
2026-08-28T20:31:06.801,14,14,META260911P00550000,META,2026-09-11,put,550.0,4.03,193.0,4.57,129.0,4.300000000000001,4.2,1.0,0.3227,-0.2036,0.0078,-0.3568,0.3201,-0.0468,2026-08-28,571.835,589.035,571.525,577.9,411753.0,579.376165
2026-08-28T20:31:06.801,14,14,META260911P00552500,META,2026-09-11,put,552.5,4.42,36.0,5.07,46.0,4.745,5.06,1.0,0.3187,-0.2219,0.0083,-0.3698,0.3366,-0.051,2026-08-28,571.835,589.035,571.525,577.9,411753.0,579.376165
2026-08-28T20:31:06.801,14,14,META260911P00555000,META,2026-09-11,put,555.0,5.04,60.0,5.61,12.0,5.325,5.95,1.0,0.3172,-0.2432,0.0087,-0.3867,0.3542,-0.0559,2026-08-28,571.835,589.035,571.525,577.9,411753.0,579.376165
2026-08-28T20:31:06.801,14,14,META260911P00557500,META,2026-09-11,put,557.5,5.73,262.0,6.34,111.0,6.035,6.4,10.0,0.3179,-0.2667,0.0091,-0.4061,0.3718,-0.0614,2026-08-28,571.835,589.035,571.525,577.9,411753.0,579.376165
2026-08-28T20:31:06.801,14,14,META260911P00560000,META,2026-09-11,put,560.0,6.62,62.0,6.94,42.0,6.78,6.94,1.0,0.3178,-0.2908,0.0095,-0.4226,0.3877,-0.067,2026-08-28,571.835,589.035,571.525,577.9,411753.0,579.376165
2026-08-28T20:31:06.801,14,14,META260911P00562500,META,2026-09-11,put,562.5,7.13,92.0,7.71,30.0,7.42,7.71,1.0,0.3135,-0.3138,0.01,-0.4304,0.4012,-0.0724,2026-08-28,571.835,589.035,571.525,577.9,411753.0,579.376165
2026-08-28T20:31:06.801,14,14,META260911P00565000,META,2026-09-11,put,565.0,8.22,69.0,8.83,15.0,8.525,8.92,1.0,0.3191,-0.3421,0.0102,-0.4529,0.4155,-0.0791,2026-08-28,571.835,589.035,571.525,577.9,411753.0,579.376165
2026-08-28T20:31:06.801,14,14,META260911P00567500,META,2026-09-11,put,567.5,9.18,59.0,9.7,33.0,9.44,9.7,1.0,0.3184,-0.3682,0.0105,-0.4627,0.4264,-0.0852,2026-08-28,571.835,589.035,571.525,577.9,411753.0,579.376165
2026-08-28T20:31:06.801,14,14,META260911P00570000,META,2026-09-11,put,570.0,10.1,134.0,10.85,70.0,10.475,10.76,1.0,0.3189,-0.3952,0.0107,-0.4723,0.4356,-0.0916,2026-08-28,571.835,589.035,571.525,577.9,411753.0,579.376165
2026-08-28T20:31:06.801,14,14,META260911P00572500,META,2026-09-11,put,572.5,10.9,25.0,11.93,23.0,11.415,12.13,4.0,0.3157,-0.4218,0.011,-0.4736,0.4426,-0.0978,2026-08-28,571.835,589.035,571.525,577.9,411753.0,579.376165
2026-08-28T20:31:06.801,14,14,META260911P00575000,META,2026-09-11,put,575.0,12.38,119.0,12.83,37.0,12.605,12.4,1.0,0.3166,-0.4497,0.011,-0.4791,0.4477,-0.1045,2026-08-28,571.835,589.035,571.525,577.9,411753.0,579.376165
2026-08-28T20:31:06.801,14,14,META260911P00577500,META,2026-09-11,put,577.5,13.54,120.0,14.08,5.0,13.809999999999999,14.25,1.0,0.3163,-0.4775,0.0111,-0.4801,0.4506,-0.1111,2026-08-28,571.835,589.035,571.525,577.9,411753.0,579.376165
2026-08-28T20:31:06.801,14,14,META260911P00580000,META,2026-09-11,put,580.0,14.92,61.0,15.58,64.0,15.25,14.92,1.0,0.3197,-0.5049,0.011,-0.4846,0.4513,-0.1177,2026-08-28,571.835,589.035,571.525,577.9,411753.0,579.376165
2026-08-28T20:31:06.801,14,14,META260911P00582500,META,2026-09-11,put,582.5,15.77,51.0,16.69,34.0,16.23,16.96,1.0,0.3113,-0.5338,0.0113,-0.4676,0.4497,-0.1245,2026-08-28,571.835,589.035,571.525,577.9,411753.0,579.376165
2026-08-28T20:31:06.801,14,14,META260911P00585000,META,2026-09-11,put,585.0,16.88,138.0,18.78,33.0,17.83,18.7,1.0,0.3152,-0.5606,0.0111,-0.468,0.4461,-0.131,2026-08-28,571.835,589.035,571.525,577.9,411753.0,579.376165
2026-08-28T20:31:06.801,14,14,META260911P00587500,META,2026-09-11,put,587.5,18.52,46.0,20.77,75.0,19.645,21.04,3.0,0.3225,-0.5852,0.0107,-0.4722,0.441,-0.1372,2026-08-28,571.835,589.035,571.525,577.9,411753.0,579.376165
2026-08-28T20:31:06.801,14,14,META260911P00590000,META,2026-09-11,put,590.0,20.35,125.0,21.56,76.0,20.955,21.56,1.0,0.3168,-0.6135,0.0107,-0.4524,0.4329,-0.144,2026-08-28,571.835,589.035,571.525,577.9,411753.0,579.376165
2026-08-28T20:31:06.801,14,14,META260911P00592500,META,2026-09-11,put,592.5,21.22,79.0,23.58,33.0,22.4,24.4,1.0,0.3127,-0.6414,0.0106,-0.4327,0.4226,-0.1507,2026-08-28,571.835,589.035,571.525,577.9,411753.0,579.376165
2026-08-28T20:31:06.801,14,14,META260911P00595000,META,2026-09-11,put,595.0,22.96,201.0,25.43,55.0,24.195,26.27,7.0,0.3152,-0.6653,0.0102,-0.4231,0.412,-0.1567,2026-08-28,571.835,589.035,571.525,577.9,411753.0,579.376165
2026-08-28T20:31:06.801,14,14,META260911P00597500,META,2026-09-11,put,597.5,25.09,20.0,26.63,20.0,25.86,,,0.3132,-0.6909,0.0099,-0.4034,0.3986,-0.163,2026-08-28,571.835,589.035,571.525,577.9,411753.0,579.376165
2026-08-28T20:31:06.801,14,14,META260911P00600000,META,2026-09-11,put,600.0,26.51,85.0,29.38,11.0,27.945,30.0,1.0,0.3204,-0.7097,0.0094,-0.3997,0.3874,-0.1679,2026-08-28,571.835,589.035,571.525,577.9,411753.0,579.376165
2026-08-28T20:31:06.801,14,14,META260911P00602500,META,2026-09-11,put,602.5,28.55,15.0,30.5,15.0,29.525,,,0.3131,-0.7372,0.0092,-0.3672,0.369,-0.1746,2026-08-28,571.835,589.035,571.525,577.9,411753.0,579.376165
2026-08-28T20:31:06.801,14,14,META260911P00605000,META,2026-09-11,put,605.0,29.58,55.0,32.409,22.0,30.9945,38.52,1.0,0.3003,-0.7687,0.009,-0.3222,0.3446,-0.1822,2026-08-28,571.835,589.035,571.525,577.9,411753.0,579.376165
2026-08-28T20:31:06.801,14,14,META260911P00607500,META,2026-09-11,put,607.5,31.38,25.0,34.75,21.0,33.065,,,0.3028,-0.7874,0.0085,-0.3065,0.3284,-0.1871,2026-08-28,571.835,589.035,571.525,577.9,411753.0,579.376165
2026-08-28T20:31:06.801,14,14,META260911P00610000,META,2026-09-11,put,610.0,33.25,45.0,37.8,26.0,35.525,37.4,1.0,0.3164,-0.7959,0.0079,-0.3129,0.3206,-0.1899,2026-08-28,571.835,589.035,571.525,577.9,411753.0,579.376165
2026-08-28T20:31:06.801,14,14,META260911P00612500,META,2026-09-11,put,612.5,35.72,24.0,39.55,17.0,37.635,,,0.3184,-0.8125,0.0075,-0.2956,0.3045,-0.1944,2026-08-28,571.835,589.035,571.525,577.9,411753.0,579.376165
2026-08-28T20:31:06.801,14,14,META260911P00615000,META,2026-09-11,put,615.0,36.95,301.0,42.34,132.0,39.645,37.41,1.0,0.3156,-0.8318,0.007,-0.2685,0.2843,-0.1995,2026-08-28,571.835,589.035,571.525,577.9,411753.0,579.376165
2026-08-28T20:31:06.801,14,14,META260911P00617500,META,2026-09-11,put,617.5,39.93,37.0,45.75,45.0,42.84,,,0.3531,-0.8188,0.0066,-0.3244,0.2981,-0.1978,2026-08-28,571.835,589.035,571.525,577.9,411753.0,579.376165
2026-08-28T20:31:06.801,14,14,META260911P00620000,META,2026-09-11,put,620.0,40.84,224.0,45.81,104.0,43.325,45.31,1.0,0.2891,-0.8845,0.006,-0.172,0.2202,-0.2126,2026-08-28,571.835,589.035,571.525,577.9,411753.0,579.376165
2026-08-28T20:31:06.801,14,14,META260911P00622500,META,2026-09-11,put,622.5,45.07,31.0,48.17,27.0,46.620000000000005,,,0.3351,-0.8613,0.0058,-0.2451,0.2501,-0.2087,2026-08-28,571.835,589.035,571.525,577.9,411753.0,579.376165
2026-08-28T20:31:06.801,14,14,META260911P00625000,META,2026-09-11,put,625.0,44.48,62.0,50.02,57.0,47.25,50.73,7.0,0.2513,-0.9393,0.0042,-0.0632,0.1359,-0.2262,2026-08-28,571.835,589.035,571.525,577.9,411753.0,579.376165
2026-08-28T20:31:06.801,14,14,META260911P00627500,META,2026-09-11,put,627.5,47.71,38.0,53.55,41.0,50.629999999999995,,,0.3148,-0.9015,0.0049,-0.1637,0.1963,-0.2191,2026-08-28,571.835,589.035,571.525,577.9,411753.0,579.376165
2026-08-28T20:31:06.801,14,14,META260911P00630000,META,2026-09-11,put,630.0,50.74,14.0,56.61,16.0,53.675,49.26,1.0,0.3526,-0.8854,0.0049,-0.2194,0.219,-0.2168,2026-08-28,571.835,589.035,571.525,577.9,411753.0,579.376165
2026-08-28T20:31:06.801,14,14,META260911P00632500,META,2026-09-11,put,632.5,51.34,12.0,58.64,10.0,54.99,,,0.2994,-0.9326,0.0039,-0.0985,0.1476,-0.2277,2026-08-28,571.835,589.035,571.525,577.9,411753.0,579.376165
2026-08-28T20:31:06.801,14,14,META260911P00635000,META,2026-09-11,put,635.0,53.7,36.0,61.93,39.0,57.815,56.49,1.0,0.3306,-0.9206,0.004,-0.1385,0.1672,-0.2261,2026-08-28,571.835,589.035,571.525,577.9,411753.0,579.376165
2026-08-28T20:31:06.801,14,14,META260911P00637500,META,2026-09-11,put,637.5,57.38,11.0,64.14,12.0,60.760000000000005,,,0.3664,-0.9065,0.004,-0.1889,0.189,-0.2241,2026-08-28,571.835,589.035,571.525,577.9,411753.0,579.376165
2026-08-28T20:31:06.801,14,14,META260911P00640000,META,2026-09-11,put,640.0,59.88,95.0,63.19,9.0,61.535,62.65,1.0,0.1998,-0.9949,0.0007,0.0515,0.0168,-0.244,2026-08-28,571.835,589.035,571.525,577.9,411753.0,579.376165
2026-08-28T20:31:06.801,14,14,META260911P00642500,META,2026-09-11,put,642.5,60.52,13.0,68.6,12.0,64.56,,,0.304,-0.9586,0.0026,-0.0471,0.1002,-0.2371,2026-08-28,571.835,589.035,571.525,577.9,411753.0,579.376165
2026-08-28T20:31:06.801,14,14,META260911P00645000,META,2026-09-11,put,645.0,64.489,109.0,69.79,55.0,67.1395,69.0,1.0,0.3211,-0.9555,0.0026,-0.0601,0.1062,-0.2374,2026-08-28,571.835,589.035,571.525,577.9,411753.0,579.376165
2026-08-28T20:31:06.801,14,14,META260911P00647500,META,2026-09-11,put,647.5,66.69,15.0,74.39,13.0,70.53999999999999,,,0.3968,-0.9211,0.0033,-0.1756,0.1664,-0.2311,2026-08-28,571.835,589.035,571.525,577.9,411753.0,579.376165
2026-08-28T20:31:06.801,14,14,META260911P00650000,META,2026-09-11,put,650.0,69.06,10.0,76.36,10.0,72.71000000000001,74.76,5.0,0.3859,-0.934,0.0029,-0.139,0.1452,-0.2348,2026-08-28,571.835,589.035,571.525,577.9,411753.0,579.376165
2026-08-28T20:31:06.801,14,14,META260911P00652500,META,2026-09-11,put,652.5,72.27,17.0,77.6,11.0,74.935,77.78,1.0,0.3753,-0.9455,0.0026,-0.1055,0.1249,-0.2382,2026-08-28,571.835,589.035,571.525,577.9,411753.0,579.376165
2026-08-28T20:31:06.801,14,14,META260911P00655000,META,2026-09-11,put,655.0,73.21,11.0,81.3,11.0,77.255,80.29,1.0,0.3695,-0.9537,0.0023,-0.082,0.1096,-0.2409,2026-08-28,571.835,589.035,571.525,577.9,411753.0,579.376165
2026-08-28T20:31:06.801,14,14,META260911P00657500,META,2026-09-11,put,657.5,76.57,16.0,82.01,16.0,79.28999999999999,82.71,1.0,0.3242,-0.9765,0.0015,-0.0084,0.0627,-0.2468,2026-08-28,571.835,589.035,571.525,577.9,411753.0,579.376165
2026-08-28T20:31:06.801,14,14,META260911P00660000,META,2026-09-11,put,660.0,78.85,10.0,87.14,44.0,82.995,85.24,1.0,0.4449,-0.9293,0.0027,-0.1814,0.153,-0.2377,2026-08-28,571.835,589.035,571.525,577.9,411753.0,579.376165
2026-08-28T20:31:06.801,14,14,META260911P00662500,META,2026-09-11,put,662.5,79.38,11.0,86.87,11.0,83.125,87.64,1.0,,,,,,,2026-08-28,571.835,589.035,571.525,577.9,411753.0,579.376165
2026-08-28T20:31:06.801,14,14,META260911P00665000,META,2026-09-11,put,665.0,81.74,45.0,90.57,11.0,86.155,90.22,1.0,,,,,,,2026-08-28,571.835,589.035,571.525,577.9,411753.0,579.376165
2026-08-28T20:31:06.801,14,14,META260911P00667500,META,2026-09-11,put,667.5,87.29,13.0,93.35,13.0,90.32,92.62,1.0,0.4622,-0.9379,0.0023,-0.1655,0.1385,-0.2424,2026-08-28,571.835,589.035,571.525,577.9,411753.0,579.376165
2026-08-28T20:31:06.801,14,14,META260911P00670000,META,2026-09-11,put,670.0,88.48,19.0,95.14,16.0,91.81,116.75,1.0,0.3699,-0.9769,0.0013,-0.0164,0.0619,-0.2516,2026-08-28,571.835,589.035,571.525,577.9,411753.0,579.376165
2026-08-28T20:31:06.801,14,14,META260911P00672500,META,2026-09-11,put,672.5,89.43,41.0,98.14,10.0,93.785,,,,,,,,,2026-08-28,571.835,589.035,571.525,577.9,411753.0,579.376165
2026-08-28T20:31:06.801,14,14,META260911P00675000,META,2026-09-11,put,675.0,95.57,21.0,99.95,25.0,97.75999999999999,,,0.4862,-0.9423,0.0021,-0.1629,0.1307,-0.2463,2026-08-28,571.835,589.035,571.525,577.9,411753.0,579.376165
2026-08-28T20:31:06.801,14,14,META260911P00677500,META,2026-09-11,put,677.5,94.59,15.0,103.62,14.0,99.105,,,0.3514,-0.9882,0.0008,0.0231,0.0349,-0.2569,2026-08-28,571.835,589.035,571.525,577.9,411753.0,579.376165
2026-08-28T20:31:06.801,14,14,META260911P00680000,META,2026-09-11,put,680.0,99.51,9.0,107.01,8.0,103.26,132.34,1.0,0.5404,-0.93,0.0022,-0.2293,0.1519,-0.2456,2026-08-28,571.835,589.035,571.525,577.9,411753.0,579.376165
2026-08-28T20:31:06.801,14,14,META260911P00682500,META,2026-09-11,put,682.5,100.38,10.0,106.85,10.0,103.615,,,,,,,,,2026-08-28,571.835,589.035,571.525,577.9,411753.0,579.376165
2026-08-28T20:31:06.801,14,14,META260911P00685000,META,2026-09-11,put,685.0,102.24,12.0,108.57,8.0,105.405,102.85,1.0,,,,,,,2026-08-28,571.835,589.035,571.525,577.9,411753.0,579.376165
2026-08-28T20:31:06.801,14,14,META260911P00687500,META,2026-09-11,put,687.5,106.45,9.0,110.85,5.0,108.65,,,,,,,,,2026-08-28,571.835,589.035,571.525,577.9,411753.0,579.376165
2026-08-28T20:31:06.801,14,14,META260911P00690000,META,2026-09-11,put,690.0,108.89,9.0,117.44,10.0,113.16499999999999,144.61,1.0,0.5716,-0.9357,0.0019,-0.2251,0.1422,-0.2507,2026-08-28,571.835,589.035,571.525,577.9,411753.0,579.376165
2026-08-28T20:31:06.801,14,14,META260911P00695000,META,2026-09-11,put,695.0,113.23,10.0,118.27,10.0,115.75,,,,,,,,,2026-08-28,571.835,589.035,571.525,577.9,411753.0,579.376165
2026-08-28T20:31:06.801,14,14,META260911P00700000,META,2026-09-11,put,700.0,116.63,12.0,125.17,12.0,120.9,125.0,2.0,,,,,,,2026-08-28,571.835,589.035,571.525,577.9,411753.0,579.376165
2026-08-28T20:31:06.801,14,14,META260911P00705000,META,2026-09-11,put,705.0,120.94,12.0,129.96,12.0,125.45,,,,,,,,,2026-08-28,571.835,589.035,571.525,577.9,411753.0,579.376165
2026-08-28T20:31:06.801,14,14,META260911P00710000,META,2026-09-11,put,710.0,129.789,10.0,136.5,10.0,133.1445,116.35,1.0,0.6424,-0.9414,0.0016,-0.2361,0.1324,-0.2596,2026-08-28,571.835,589.035,571.525,577.9,411753.0,579.376165
2026-08-28T20:31:06.801,14,14,META260911P00715000,META,2026-09-11,put,715.0,131.88,8.0,141.21,9.0,136.54500000000002,,,0.4499,-0.9909,0.0005,0.0262,0.0277,-0.2719,2026-08-28,571.835,589.035,571.525,577.9,411753.0,579.376165
2026-08-28T20:31:06.801,14,14,META260911P00720000,META,2026-09-11,put,720.0,139.34,45.0,144.35,12.0,141.845,,,0.5366,-0.9789,0.0008,-0.0394,0.0574,-0.2713,2026-08-28,571.835,589.035,571.525,577.9,411753.0,579.376165
2026-08-28T20:31:06.801,14,14,META260911P00725000,META,2026-09-11,put,725.0,141.45,8.0,151.49,5.0,146.47,,,0.448,-0.9943,0.0003,0.0425,0.0184,-0.2765,2026-08-28,571.835,589.035,571.525,577.9,411753.0,579.376165
2026-08-28T20:31:06.801,14,14,META260911P00730000,META,2026-09-11,put,730.0,150.8,5.0,156.23,6.0,153.515,,,0.7394,-0.9376,0.0015,-0.2975,0.1389,-0.2666,2026-08-28,571.835,589.035,571.525,577.9,411753.0,579.376165
2026-08-28T20:31:06.801,14,14,META260911P00735000,META,2026-09-11,put,735.0,156.2,43.0,158.08,15.0,157.14,,,0.6272,-0.9705,0.0009,-0.0982,0.0758,-0.2753,2026-08-28,571.835,589.035,571.525,577.9,411753.0,579.376165
2026-08-28T20:31:06.801,14,14,META260911P00740000,META,2026-09-11,put,740.0,155.56,10.0,162.19,5.0,158.875,,,,,,,,,2026-08-28,571.835,589.035,571.525,577.9,411753.0,579.376165
2026-08-28T20:31:06.801,14,14,META260911P00745000,META,2026-09-11,put,745.0,164.93,10.0,168.79,5.0,166.86,,,0.615,-0.9794,0.0007,-0.0503,0.0562,-0.281,2026-08-28,571.835,589.035,571.525,577.9,411753.0,579.376165
2026-08-28T20:31:06.801,14,14,META260911P00750000,META,2026-09-11,put,750.0,168.67,10.0,176.53,5.0,172.6,,,0.7271,-0.9602,0.001,-0.1795,0.0971,-0.2789,2026-08-28,571.835,589.035,571.525,577.9,411753.0,579.376165
2026-08-28T20:31:06.801,14,14,META260911P00755000,META,2026-09-11,put,755.0,173.35,12.0,177.96,12.0,175.655,,,,,,,,,2026-08-28,571.835,589.035,571.525,577.9,411753.0,579.376165
2026-08-28T20:31:06.801,14,14,META260911P00760000,META,2026-09-11,put,760.0,180.96,43.0,184.33,12.0,182.645,,,0.7628,-0.9602,0.001,-0.1909,0.0971,-0.2828,2026-08-28,571.835,589.035,571.525,577.9,411753.0,579.376165
2026-08-28T20:31:06.801,14,14,META260911P00765000,META,2026-09-11,put,765.0,180.18,5.0,192.19,5.0,186.185,,,,,,,,,2026-08-28,571.835,589.035,571.525,577.9,411753.0,579.376165
2026-08-28T20:31:06.801,14,14,META260911P00770000,META,2026-09-11,put,770.0,190.47,45.0,198.86,17.0,194.66500000000002,,,0.9516,-0.9253,0.0013,-0.4696,0.1596,-0.2797,2026-08-28,571.835,589.035,571.525,577.9,411753.0,579.376165
2026-08-28T20:31:06.801,14,14,META260911P00775000,META,2026-09-11,put,775.0,190.48,41.0,203.6,12.0,197.04,,,0.7324,-0.9755,0.0007,-0.0943,0.0651,-0.2917,2026-08-28,571.835,589.035,571.525,577.9,411753.0,579.376165
2026-08-28T20:31:06.801,14,14,META260911P00780000,META,2026-09-11,put,780.0,196.35,7.0,208.02,10.0,202.185,,,0.7679,-0.9721,0.0007,-0.1223,0.0724,-0.2929,2026-08-28,571.835,589.035,571.525,577.9,411753.0,579.376165
2026-08-28T20:31:06.801,14,14,META260911P00785000,META,2026-09-11,put,785.0,204.87,12.0,210.76,12.0,207.815,,,0.8558,-0.9589,0.0009,-0.2285,0.0996,-0.2922,2026-08-28,571.835,589.035,571.525,577.9,411753.0,579.376165
2026-08-28T20:31:06.801,14,14,META260911P00790000,META,2026-09-11,put,790.0,205.71,6.0,211.74,10.0,208.72500000000002,195.8,1.0,,,,,,,2026-08-28,571.835,589.035,571.525,577.9,411753.0,579.376165
2026-08-28T20:31:06.801,14,14,META260911P00795000,META,2026-09-11,put,795.0,215.31,12.0,221.8,13.0,218.555,,,,,,,,,2026-08-28,571.835,589.035,571.525,577.9,411753.0,579.376165
2026-08-28T20:31:06.801,14,14,META260911P00800000,META,2026-09-11,put,800.0,213.92,11.0,228.31,6.0,221.115,,,,,,,,,2026-08-28,571.835,589.035,571.525,577.9,411753.0,579.376165
2026-08-28T20:31:06.801,14,14,META260911P00805000,META,2026-09-11,put,805.0,226.88,11.0,228.27,8.0,227.575,,,0.8883,-0.9651,0.0008,-0.1984,0.0872,-0.3011,2026-08-28,571.835,589.035,571.525,577.9,411753.0,579.376165
2026-08-28T20:31:06.801,14,14,META260911P00810000,META,2026-09-11,put,810.0,230.4,11.0,236.1,5.0,233.25,,,0.9709,-0.9531,0.0009,-0.306,0.1108,-0.3006,2026-08-28,571.835,589.035,571.525,577.9,411753.0,579.376165
2026-08-28T20:31:06.801,14,14,META260911P00815000,META,2026-09-11,put,815.0,234.29,10.0,238.86,12.0,236.575,,,0.7466,-0.9885,0.0004,-0.0105,0.0342,-0.3097,2026-08-28,571.835,589.035,571.525,577.9,411753.0,579.376165
2026-08-28T20:31:06.801,14,14,META260911P00820000,META,2026-09-11,put,820.0,235.54,11.0,248.9,6.0,242.22,,,0.885,-0.973,0.0006,-0.1425,0.0705,-0.3085,2026-08-28,571.835,589.035,571.525,577.9,411753.0,579.376165
2026-08-28T20:31:06.801,14,14,META260911P00825000,META,2026-09-11,put,825.0,241.09,10.0,252.56,6.0,246.825,,,0.8327,-0.982,0.0005,-0.068,0.0502,-0.3122,2026-08-28,571.835,589.035,571.525,577.9,411753.0,579.376165
2026-08-28T20:31:06.801,14,14,META260911P00830000,META,2026-09-11,put,830.0,246.18,12.0,259.86,14.0,253.02,,,,,,,,,2026-08-28,571.835,589.035,571.525,577.9,411753.0,579.376165
2026-08-28T20:31:06.801,14,14,META260911P00835000,META,2026-09-11,put,835.0,256.24,11.0,259.0,6.0,257.62,,,,,,,,,2026-08-28,571.835,589.035,571.525,577.9,411753.0,579.376165
2026-08-28T20:31:06.801,14,14,META260911P00840000,META,2026-09-11,put,840.0,254.46,11.0,268.52,5.0,261.49,,,0.786,-0.9905,0.0003,0.0025,0.0287,-0.3197,2026-08-28,571.835,589.035,571.525,577.9,411753.0,579.376165
2026-08-28T20:31:06.801,14,14,META260911P00845000,META,2026-09-11,put,845.0,259.69,10.0,264.86,10.0,262.275,,,,,,,,,2026-08-28,571.835,589.035,571.525,577.9,411753.0,579.376165
2026-08-28T20:31:06.801,14,14,META260911P00850000,META,2026-09-11,put,850.0,269.62,9.0,279.34,12.0,274.48,,,,,,,,,2026-08-28,571.835,589.035,571.525,577.9,411753.0,579.376165
2026-08-28T20:31:06.801,14,14,META260911P00855000,META,2026-09-11,put,855.0,272.57,5.0,282.57,5.0,277.57,,,,,,,,,2026-08-28,571.835,589.035,571.525,577.9,411753.0,579.376165
2026-08-28T20:31:06.801,14,14,META260911P00860000,META,2026-09-11,put,860.0,280.51,8.0,285.61,7.0,283.06,,,,,,,,,2026-08-28,571.835,589.035,571.525,577.9,411753.0,579.376165
2026-08-28T20:31:06.801,14,14,META260911P00865000,META,2026-09-11,put,865.0,287.48,8.0,294.28,7.0,290.88,,,,,,,,,2026-08-28,571.835,589.035,571.525,577.9,411753.0,579.376165
2026-08-28T20:31:06.801,14,14,META260911P00870000,META,2026-09-11,put,870.0,287.86,13.0,293.47,10.0,290.665,,,,,,,,,2026-08-28,571.835,589.035,571.525,577.9,411753.0,579.376165
2026-08-28T20:31:06.801,14,14,META260911P00875000,META,2026-09-11,put,875.0,293.96,45.0,294.24,13.0,294.1,,,,,,,,,2026-08-28,571.835,589.035,571.525,577.9,411753.0,579.376165
2026-08-28T20:31:06.801,14,14,META260911P00880000,META,2026-09-11,put,880.0,293.7,13.0,302.95,14.0,298.325,,,,,,,,,2026-08-28,571.835,589.035,571.525,577.9,411753.0,579.376165
2026-08-28T20:31:06.801,14,14,META260911P00885000,META,2026-09-11,put,885.0,303.89,12.0,310.78,6.0,307.335,,,,,,,,,2026-08-28,571.835,589.035,571.525,577.9,411753.0,579.376165
2026-08-28T20:31:06.801,14,14,META260911P00890000,META,2026-09-11,put,890.0,309.96,11.0,315.06,6.0,312.51,,,,,,,,,2026-08-28,571.835,589.035,571.525,577.9,411753.0,579.376165
2026-08-28T20:31:06.801,14,14,META260911P00895000,META,2026-09-11,put,895.0,310.95,8.0,317.47,10.0,314.21000000000004,,,,,,,,,2026-08-28,571.835,589.035,571.525,577.9,411753.0,579.376165
2026-08-28T20:31:06.801,14,14,META260911P00900000,META,2026-09-11,put,900.0,324.17,12.0,325.15,5.0,324.65999999999997,,,,,,,,,2026-08-28,571.835,589.035,571.525,577.9,411753.0,579.376165
2026-08-28T20:31:06.801,14,14,META260911P00905000,META,2026-09-11,put,905.0,327.92,42.0,334.6,12.0,331.26,,,,,,,,,2026-08-28,571.835,589.035,571.525,577.9,411753.0,579.376165
2026-08-28T20:31:06.801,14,14,META260911P00910000,META,2026-09-11,put,910.0,333.83,5.0,340.28,5.0,337.05499999999995,,,,,,,,,2026-08-28,571.835,589.035,571.525,577.9,411753.0,579.376165
2026-08-28T20:31:06.801,14,14,META260911P00915000,META,2026-09-11,put,915.0,329.3,10.0,341.4,11.0,335.35,,,,,,,,,2026-08-28,571.835,589.035,571.525,577.9,411753.0,579.376165
2026-08-28T20:31:06.801,14,14,META260911P00920000,META,2026-09-11,put,920.0,344.17,8.0,350.22,9.0,347.19500000000005,,,,,,,,,2026-08-28,571.835,589.035,571.525,577.9,411753.0,579.376165
2026-08-28T20:31:06.801,14,14,META260911P00925000,META,2026-09-11,put,925.0,337.71,5.0,347.47,5.0,342.59000000000003,,,,,,,,,2026-08-28,571.835,589.035,571.525,577.9,411753.0,579.376165
2026-08-28T20:31:06.801,14,14,META260911P00930000,META,2026-09-11,put,930.0,348.17,44.0,357.07,10.0,352.62,,,,,,,,,2026-08-28,571.835,589.035,571.525,577.9,411753.0,579.376165
2026-08-28T20:31:06.801,14,14,META260911P00935000,META,2026-09-11,put,935.0,358.33,7.0,363.52,5.0,360.92499999999995,,,,,,,,,2026-08-28,571.835,589.035,571.525,577.9,411753.0,579.376165
2026-08-28T20:31:06.801,14,14,META260911P00940000,META,2026-09-11,put,940.0,352.7,8.0,365.46,10.0,359.08,,,,,,,,,2026-08-28,571.835,589.035,571.525,577.9,411753.0,579.376165
2026-08-28T20:31:06.801,14,14,META260911P00945000,META,2026-09-11,put,945.0,357.41,8.0,368.96,10.0,363.185,,,,,,,,,2026-08-28,571.835,589.035,571.525,577.9,411753.0,579.376165
2026-08-28T20:31:06.801,14,14,META260911P00950000,META,2026-09-11,put,950.0,367.71,10.0,371.26,40.0,369.485,,,,,,,,,2026-08-28,571.835,589.035,571.525,577.9,411753.0,579.376165
2026-08-28T20:31:06.801,14,14,META260911P00955000,META,2026-09-11,put,955.0,370.36,16.0,376.84,10.0,373.6,,,,,,,,,2026-08-28,571.835,589.035,571.525,577.9,411753.0,579.376165
2026-08-28T20:31:06.801,14,14,META260911P00960000,META,2026-09-11,put,960.0,384.11,6.0,391.21,5.0,387.65999999999997,,,,,,,,,2026-08-28,571.835,589.035,571.525,577.9,411753.0,579.376165
2026-08-28T20:31:06.801,14,14,META260911P00965000,META,2026-09-11,put,965.0,379.89,11.0,391.75,10.0,385.82,,,,,,,,,2026-08-28,571.835,589.035,571.525,577.9,411753.0,579.376165
2026-08-28T20:31:06.801,14,14,META260911P00970000,META,2026-09-11,put,970.0,394.59,41.0,396.05,14.0,395.32,,,,,,,,,2026-08-28,571.835,589.035,571.525,577.9,411753.0,579.376165
2026-08-28T20:31:06.801,14,14,META260911P00975000,META,2026-09-11,put,975.0,386.62,44.0,398.91,41.0,392.765,,,,,,,,,2026-08-28,571.835,589.035,571.525,577.9,411753.0,579.376165
2026-08-28T20:31:06.801,14,14,META260911P00980000,META,2026-09-11,put,980.0,399.94,6.0,406.45,6.0,403.195,,,,,,,,,2026-08-28,571.835,589.035,571.525,577.9,411753.0,579.376165
2026-08-28T20:31:06.801,14,14,META260911P00985000,META,2026-09-11,put,985.0,406.51,7.0,417.83,8.0,412.16999999999996,,,,,,,,,2026-08-28,571.835,589.035,571.525,577.9,411753.0,579.376165
2026-08-28T20:31:06.801,14,14,META260911P00990000,META,2026-09-11,put,990.0,401.85,11.0,414.61,5.0,408.23,,,,,,,,,2026-08-28,571.835,589.035,571.525,577.9,411753.0,579.376165
2026-08-28T20:31:06.801,14,14,META260911P00995000,META,2026-09-11,put,995.0,409.68,34.0,421.09,31.0,415.385,,,,,,,,,2026-08-28,571.835,589.035,571.525,577.9,411753.0,579.376165
2026-08-28T20:31:06.801,14,14,META260911P01000000,META,2026-09-11,put,1000.0,412.47,33.0,430.32,37.0,421.395,,,,,,,,,2026-08-28,571.835,589.035,571.525,577.9,411753.0,579.376165
2026-08-28T20:31:06.801,14,14,META260911P01010000,META,2026-09-11,put,1010.0,420.2,22.0,440.92,33.0,430.56,,,,,,,,,2026-08-28,571.835,589.035,571.525,577.9,411753.0,579.376165
2026-08-28T20:31:06.801,14,14,META260911P01020000,META,2026-09-11,put,1020.0,441.66,34.0,448.87,31.0,445.265,,,,,,,,,2026-08-28,571.835,589.035,571.525,577.9,411753.0,579.376165
2026-08-28T20:31:06.801,14,14,META260911P01030000,META,2026-09-11,put,1030.0,443.82,22.0,462.11,36.0,452.96500000000003,,,,,,,,,2026-08-28,571.835,589.035,571.525,577.9,411753.0,579.376165
2026-08-28T20:31:06.801,14,14,META260911P01040000,META,2026-09-11,put,1040.0,458.14,37.0,467.92,7.0,463.03,,,,,,,,,2026-08-28,571.835,589.035,571.525,577.9,411753.0,579.376165
2026-08-28T20:31:06.801,14,14,META260911P01050000,META,2026-09-11,put,1050.0,475.13,33.0,478.94,30.0,477.03499999999997,,,,,,,,,2026-08-28,571.835,589.035,571.525,577.9,411753.0,579.376165
2026-08-28T20:31:06.801,14,14,META260911P01060000,META,2026-09-11,put,1060.0,486.29,8.0,493.09,3.0,489.69,,,,,,,,,2026-08-28,571.835,589.035,571.525,577.9,411753.0,579.376165
2026-08-28T20:31:06.801,14,14,META260911P01070000,META,2026-09-11,put,1070.0,488.8,22.0,496.55,35.0,492.675,,,,,,,,,2026-08-28,571.835,589.035,571.525,577.9,411753.0,579.376165
2026-08-28T20:31:06.801,30,28,META260925C00100000,META,2026-09-25,call,100.0,474.28,1.0,474.29,1.0,474.28499999999997,,,,,,,,,2026-08-28,571.835,589.035,571.525,577.9,411753.0,579.376165
2026-08-28T20:31:06.801,30,28,META260925C00110000,META,2026-09-25,call,110.0,456.41,2.0,462.62,1.0,459.515,,,,,,,,,2026-08-28,571.835,589.035,571.525,577.9,411753.0,579.376165
2026-08-28T20:31:06.801,30,28,META260925C00120000,META,2026-09-25,call,120.0,450.13,1.0,457.01,1.0,453.57,,,,,,,,,2026-08-28,571.835,589.035,571.525,577.9,411753.0,579.376165
2026-08-28T20:31:06.801,30,28,META260925C00130000,META,2026-09-25,call,130.0,453.38,1.0,460.78,1.0,457.08,437.48,4.0,,,,,,,2026-08-28,571.835,589.035,571.525,577.9,411753.0,579.376165
2026-08-28T20:31:06.801,30,28,META260925C00140000,META,2026-09-25,call,140.0,440.11,1.0,447.31,1.0,443.71000000000004,,,,,,,,,2026-08-28,571.835,589.035,571.525,577.9,411753.0,579.376165
2026-08-28T20:31:06.801,30,28,META260925C00150000,META,2026-09-25,call,150.0,424.53,1.0,427.0,1.0,425.765,,,,,,,,,2026-08-28,571.835,589.035,571.525,577.9,411753.0,579.376165
2026-08-28T20:31:06.801,30,28,META260925C00160000,META,2026-09-25,call,160.0,413.22,1.0,413.71,1.0,413.46500000000003,,,,,,,,,2026-08-28,571.835,589.035,571.525,577.9,411753.0,579.376165
2026-08-28T20:31:06.801,30,28,META260925C00170000,META,2026-09-25,call,170.0,412.02,1.0,416.41,1.0,414.21500000000003,,,,,,,,,2026-08-28,571.835,589.035,571.525,577.9,411753.0,579.376165
2026-08-28T20:31:06.801,30,28,META260925C00180000,META,2026-09-25,call,180.0,397.77,1.0,403.34,1.0,400.55499999999995,,,,,,,,,2026-08-28,571.835,589.035,571.525,577.9,411753.0,579.376165
2026-08-28T20:31:06.801,30,28,META260925C00190000,META,2026-09-25,call,190.0,377.78,1.0,387.35,1.0,382.565,,,,,,,,,2026-08-28,571.835,589.035,571.525,577.9,411753.0,579.376165
2026-08-28T20:31:06.801,30,28,META260925C00200000,META,2026-09-25,call,200.0,378.37,28.0,387.94,1.0,383.155,,,,,,,,,2026-08-28,571.835,589.035,571.525,577.9,411753.0,579.376165
2026-08-28T20:31:06.801,30,28,META260925C00210000,META,2026-09-25,call,210.0,365.2,1.0,374.51,1.0,369.855,,,,,,,,,2026-08-28,571.835,589.035,571.525,577.9,411753.0,579.376165
2026-08-28T20:31:06.801,30,28,META260925C00220000,META,2026-09-25,call,220.0,352.16,1.0,364.22,1.0,358.19000000000005,,,,,,,,,2026-08-28,571.835,589.035,571.525,577.9,411753.0,579.376165
2026-08-28T20:31:06.801,30,28,META260925C00230000,META,2026-09-25,call,230.0,342.47,1.0,350.48,1.0,346.475,,,,,,,,,2026-08-28,571.835,589.035,571.525,577.9,411753.0,579.376165
2026-08-28T20:31:06.801,30,28,META260925C00240000,META,2026-09-25,call,240.0,333.04,26.0,337.8,1.0,335.42,,,,,,,,,2026-08-28,571.835,589.035,571.525,577.9,411753.0,579.376165
2026-08-28T20:31:06.801,30,28,META260925C00250000,META,2026-09-25,call,250.0,322.66,1.0,333.16,6.0,327.91,,,,,,,,,2026-08-28,571.835,589.035,571.525,577.9,411753.0,579.376165
2026-08-28T20:31:06.801,30,28,META260925C00260000,META,2026-09-25,call,260.0,309.98,1.0,324.78,1.0,317.38,296.5,2.0,,,,,,,2026-08-28,571.835,589.035,571.525,577.9,411753.0,579.376165
2026-08-28T20:31:06.801,30,28,META260925C00270000,META,2026-09-25,call,270.0,310.12,2.0,315.79,1.0,312.95500000000004,,,,,,,,,2026-08-28,571.835,589.035,571.525,577.9,411753.0,579.376165
2026-08-28T20:31:06.801,30,28,META260925C00280000,META,2026-09-25,call,280.0,289.4,1.0,303.85,1.0,296.625,,,,,,,,,2026-08-28,571.835,589.035,571.525,577.9,411753.0,579.376165
2026-08-28T20:31:06.801,30,28,META260925C00290000,META,2026-09-25,call,290.0,286.14,7.0,291.04,1.0,288.59000000000003,,,,,,,,,2026-08-28,571.835,589.035,571.525,577.9,411753.0,579.376165
2026-08-28T20:31:06.801,30,28,META260925C00300000,META,2026-09-25,call,300.0,274.03,1.0,277.88,1.0,275.955,,,,,,,,,2026-08-28,571.835,589.035,571.525,577.9,411753.0,579.376165
2026-08-28T20:31:06.801,30,28,META260925C00310000,META,2026-09-25,call,310.0,259.66,1.0,277.09,1.0,268.375,,,,,,,,,2026-08-28,571.835,589.035,571.525,577.9,411753.0,579.376165
2026-08-28T20:31:06.801,30,28,META260925C00320000,META,2026-09-25,call,320.0,255.03,1.0,261.019,1.0,258.0245,,,,,,,,,2026-08-28,571.835,589.035,571.525,577.9,411753.0,579.376165
2026-08-28T20:31:06.801,30,28,META260925C00330000,META,2026-09-25,call,330.0,249.77,1.0,253.72,7.0,251.745,,,,,,,,,2026-08-28,571.835,589.035,571.525,577.9,411753.0,579.376165
2026-08-28T20:31:06.801,30,28,META260925C00340000,META,2026-09-25,call,340.0,238.54,1.0,238.82,1.0,238.68,,,0.7314,0.9968,0.0001,-0.0538,0.0153,0.2586,2026-08-28,571.835,589.035,571.525,577.9,411753.0,579.376165
2026-08-28T20:31:06.801,30,28,META260925C00350000,META,2026-09-25,call,350.0,221.44,2.0,231.62,1.0,226.53,,,,,,,,,2026-08-28,571.835,589.035,571.525,577.9,411753.0,579.376165
2026-08-28T20:31:06.801,30,28,META260925C00360000,META,2026-09-25,call,360.0,213.94,1.0,227.01,7.0,220.475,,,,,,,,,2026-08-28,571.835,589.035,571.525,577.9,411753.0,579.376165
2026-08-28T20:31:06.801,30,28,META260925C00370000,META,2026-09-25,call,370.0,203.0,1.0,216.24,1.0,209.62,,,0.8233,0.9812,0.0003,-0.1438,0.0734,0.274,2026-08-28,571.835,589.035,571.525,577.9,411753.0,579.376165
2026-08-28T20:31:06.801,30,28,META260925C00380000,META,2026-09-25,call,380.0,191.31,1.0,205.55,1.0,198.43,,,,,,,,,2026-08-28,571.835,589.035,571.525,577.9,411753.0,579.376165
2026-08-28T20:31:06.801,30,28,META260925C00390000,META,2026-09-25,call,390.0,184.41,3.0,195.33,1.0,189.87,,,0.7611,0.9763,0.0005,-0.1592,0.0895,0.2869,2026-08-28,571.835,589.035,571.525,577.9,411753.0,579.376165
2026-08-28T20:31:06.801,30,28,META260925C00400000,META,2026-09-25,call,400.0,175.64,1.0,180.1,7.0,177.87,178.68,1.0,,,,,,,2026-08-28,571.835,589.035,571.525,577.9,411753.0,579.376165
2026-08-28T20:31:06.801,30,28,META260925C00405000,META,2026-09-25,call,405.0,168.3,5.0,176.73,1.0,172.515,,,,,,,,,2026-08-28,571.835,589.035,571.525,577.9,411753.0,579.376165
2026-08-28T20:31:06.801,30,28,META260925C00410000,META,2026-09-25,call,410.0,166.37,5.0,170.13,1.0,168.25,,,,,,,,,2026-08-28,571.835,589.035,571.525,577.9,411753.0,579.376165
2026-08-28T20:31:06.801,30,28,META260925C00415000,META,2026-09-25,call,415.0,158.52,1.0,170.04,1.0,164.28,,,0.5745,0.9852,0.0004,-0.1021,0.0599,0.3105,2026-08-28,571.835,589.035,571.525,577.9,411753.0,579.376165
2026-08-28T20:31:06.801,30,28,META260925C00420000,META,2026-09-25,call,420.0,153.32,1.0,160.35,1.0,156.83499999999998,,,,,,,,,2026-08-28,571.835,589.035,571.525,577.9,411753.0,579.376165
2026-08-28T20:31:06.801,30,28,META260925C00425000,META,2026-09-25,call,425.0,150.61,1.0,159.94,1.0,155.275,,,0.6441,0.966,0.0007,-0.1793,0.1208,0.3089,2026-08-28,571.835,589.035,571.525,577.9,411753.0,579.376165
2026-08-28T20:31:06.801,30,28,META260925C00430000,META,2026-09-25,call,430.0,142.2,1.0,152.12,1.0,147.16,,,,,,,,,2026-08-28,571.835,589.035,571.525,577.9,411753.0,579.376165
2026-08-28T20:31:06.801,30,28,META260925C00435000,META,2026-09-25,call,435.0,140.21,2.0,150.5,1.0,145.35500000000002,144.19,1.0,0.6074,0.963,0.0008,-0.1816,0.1294,0.3152,2026-08-28,571.835,589.035,571.525,577.9,411753.0,579.376165
2026-08-28T20:31:06.801,30,28,META260925C00440000,META,2026-09-25,call,440.0,137.96,13.0,142.43,40.0,140.195,141.6,9.0,0.5735,0.9649,0.0008,-0.1688,0.124,0.32,2026-08-28,571.835,589.035,571.525,577.9,411753.0,579.376165
2026-08-28T20:31:06.801,30,28,META260925C00445000,META,2026-09-25,call,445.0,128.21,1.0,136.85,1.0,132.53,,,,,,,,,2026-08-28,571.835,589.035,571.525,577.9,411753.0,579.376165
2026-08-28T20:31:06.801,30,28,META260925C00450000,META,2026-09-25,call,450.0,127.66,1.0,131.23,6.0,129.445,126.3,1.0,0.4597,0.9796,0.0007,-0.1083,0.0786,0.3348,2026-08-28,571.835,589.035,571.525,577.9,411753.0,579.376165
2026-08-28T20:31:06.801,30,28,META260925C00455000,META,2026-09-25,call,455.0,118.28,1.0,126.75,1.0,122.515,,,,,,,,,2026-08-28,571.835,589.035,571.525,577.9,411753.0,579.376165
2026-08-28T20:31:06.801,30,28,META260925C00460000,META,2026-09-25,call,460.0,113.82,5.0,122.71,5.0,118.26499999999999,111.3,1.0,,,,,,,2026-08-28,571.835,589.035,571.525,577.9,411753.0,579.376165
2026-08-28T20:31:06.801,30,28,META260925C00465000,META,2026-09-25,call,465.0,109.2,5.0,116.99,14.0,113.095,,,,,,,,,2026-08-28,571.835,589.035,571.525,577.9,411753.0,579.376165
2026-08-28T20:31:06.801,30,28,META260925C00470000,META,2026-09-25,call,470.0,107.25,10.0,114.93,16.0,111.09,117.94,10.0,0.5053,0.941,0.0015,-0.2131,0.1881,0.3317,2026-08-28,571.835,589.035,571.525,577.9,411753.0,579.376165
2026-08-28T20:31:06.801,30,28,META260925C00475000,META,2026-09-25,call,475.0,100.42,9.0,108.05,15.0,104.235,95.56,5.0,0.3372,0.985,0.0007,-0.083,0.0605,0.3565,2026-08-28,571.835,589.035,571.525,577.9,411753.0,579.376165
2026-08-28T20:31:06.801,30,28,META260925C00480000,META,2026-09-25,call,480.0,95.19,12.0,102.44,13.0,98.815,105.64,2.0,,,,,,,2026-08-28,571.835,589.035,571.525,577.9,411753.0,579.376165
2026-08-28T20:31:06.801,30,28,META260925C00485000,META,2026-09-25,call,485.0,93.04,35.0,97.11,22.0,95.075,96.0,10.0,0.3841,0.9575,0.0015,-0.1453,0.1448,0.3513,2026-08-28,571.835,589.035,571.525,577.9,411753.0,579.376165
2026-08-28T20:31:06.801,30,28,META260925C00490000,META,2026-09-25,call,490.0,89.86,35.0,93.07,42.0,91.465,94.82,2.0,0.4385,0.9248,0.002,-0.2221,0.2269,0.3396,2026-08-28,571.835,589.035,571.525,577.9,411753.0,579.376165
2026-08-28T20:31:06.801,30,28,META260925C00495000,META,2026-09-25,call,495.0,81.32,2.0,89.5,2.0,85.41,86.52,1.0,0.3661,0.9452,0.0019,-0.1621,0.1773,0.3533,2026-08-28,571.835,589.035,571.525,577.9,411753.0,579.376165
2026-08-28T20:31:06.801,30,28,META260925C00500000,META,2026-09-25,call,500.0,76.53,35.0,84.31,31.0,80.42,78.6,5.0,0.3471,0.9427,0.0021,-0.1604,0.1837,0.356,2026-08-28,571.835,589.035,571.525,577.9,411753.0,579.376165
2026-08-28T20:31:06.801,30,28,META260925C00505000,META,2026-09-25,call,505.0,73.13,16.0,79.15,14.0,76.14,66.2,1.0,0.3616,0.9221,0.0025,-0.1963,0.233,0.3502,2026-08-28,571.835,589.035,571.525,577.9,411753.0,579.376165
2026-08-28T20:31:06.801,30,28,META260925C00510000,META,2026-09-25,call,510.0,66.69,14.0,76.41,9.0,71.55,67.04,1.0,0.3573,0.9092,0.0029,-0.2124,0.2615,0.348,2026-08-28,571.835,589.035,571.525,577.9,411753.0,579.376165
2026-08-28T20:31:06.801,30,28,META260925C00515000,META,2026-09-25,call,515.0,66.11,64.0,70.89,101.0,68.5,65.0,1.0,0.3995,0.8681,0.0033,-0.2872,0.3418,0.3321,2026-08-28,571.835,589.035,571.525,577.9,411753.0,579.376165
2026-08-28T20:31:06.801,30,28,META260925C00520000,META,2026-09-25,call,520.0,61.79,8.0,64.709,54.0,63.2495,67.0,1.0,0.369,0.8658,0.0037,-0.2718,0.346,0.3351,2026-08-28,571.835,589.035,571.525,577.9,411753.0,579.376165
2026-08-28T20:31:06.801,30,28,META260925C00525000,META,2026-09-25,call,525.0,55.65,30.0,60.88,36.0,58.265,52.0,10.0,0.3463,0.8584,0.004,-0.2658,0.3589,0.3356,2026-08-28,571.835,589.035,571.525,577.9,411753.0,579.376165
2026-08-28T20:31:06.801,30,28,META260925C00530000,META,2026-09-25,call,530.0,52.96,25.0,55.24,71.0,54.1,53.32,5.0,0.3447,0.836,0.0045,-0.2865,0.3956,0.3289,2026-08-28,571.835,589.035,571.525,577.9,411753.0,579.376165
2026-08-28T20:31:06.801,30,28,META260925C00535000,META,2026-09-25,call,535.0,49.14,40.0,52.12,81.0,50.629999999999995,52.38,1.0,0.3563,0.8035,0.0049,-0.3234,0.4431,0.3172,2026-08-28,571.835,589.035,571.525,577.9,411753.0,579.376165
2026-08-28T20:31:06.801,30,28,META260925C00540000,META,2026-09-25,call,540.0,44.9,30.0,47.81,123.0,46.355000000000004,46.3,2.0,0.3461,0.7822,0.0053,-0.3318,0.471,0.311,2026-08-28,571.835,589.035,571.525,577.9,411753.0,579.376165
2026-08-28T20:31:06.801,30,28,META260925C00545000,META,2026-09-25,call,545.0,41.18,19.0,43.32,116.0,42.25,42.6,2.0,0.3376,0.7575,0.0058,-0.3411,0.5001,0.3032,2026-08-28,571.835,589.035,571.525,577.9,411753.0,579.376165
2026-08-28T20:31:06.801,30,28,META260925C00550000,META,2026-09-25,call,550.0,38.05,4.0,40.13,145.0,39.09,38.35,1.0,0.3448,0.7224,0.0061,-0.3681,0.5363,0.2901,2026-08-28,571.835,589.035,571.525,577.9,411753.0,579.376165
2026-08-28T20:31:06.801,30,28,META260925C00555000,META,2026-09-25,call,555.0,34.73,14.0,36.85,200.0,35.79,34.95,1.0,0.3457,0.6894,0.0064,-0.3851,0.5649,0.278,2026-08-28,571.835,589.035,571.525,577.9,411753.0,579.376165
2026-08-28T20:31:06.801,30,28,META260925C00560000,META,2026-09-25,call,560.0,31.19,85.0,33.47,99.0,32.33,31.6,1.0,0.3409,0.6572,0.0067,-0.3928,0.588,0.2664,2026-08-28,571.835,589.035,571.525,577.9,411753.0,579.376165
2026-08-28T20:31:06.801,30,28,META260925C00565000,META,2026-09-25,call,565.0,28.05,40.0,29.92,88.0,28.985,28.95,10.0,0.3354,0.6233,0.0071,-0.397,0.6075,0.254,2026-08-28,571.835,589.035,571.525,577.9,411753.0,579.376165
2026-08-28T20:31:06.801,30,28,META260925C00570000,META,2026-09-25,call,570.0,25.54,86.0,27.46,144.0,26.5,27.06,2.0,0.3411,0.586,0.0071,-0.4109,0.6233,0.2393,2026-08-28,571.835,589.035,571.525,577.9,411753.0,579.376165
2026-08-28T20:31:06.801,30,28,META260925C00575000,META,2026-09-25,call,575.0,23.15,57.0,24.3,102.0,23.725,24.0,1.0,0.339,0.5498,0.0073,-0.4128,0.6333,0.2254,2026-08-28,571.835,589.035,571.525,577.9,411753.0,579.376165
2026-08-28T20:31:06.801,30,28,META260925C00580000,META,2026-09-25,call,580.0,20.8,17.0,21.97,144.0,21.384999999999998,21.63,10.0,0.3409,0.5132,0.0073,-0.4159,0.6379,0.211,2026-08-28,571.835,589.035,571.525,577.9,411753.0,579.376165
2026-08-28T20:31:06.801,30,28,META260925C00585000,META,2026-09-25,call,585.0,18.84,84.0,19.39,150.0,19.115000000000002,19.3,2.0,0.3411,0.477,0.0073,-0.4138,0.6372,0.1967,2026-08-28,571.835,589.035,571.525,577.9,411753.0,579.376165
2026-08-28T20:31:06.801,30,28,META260925C00590000,META,2026-09-25,call,590.0,16.43,82.0,17.23,97.0,16.83,17.23,1.0,0.3382,0.4405,0.0073,-0.405,0.6311,0.1823,2026-08-28,571.835,589.035,571.525,577.9,411753.0,579.376165
2026-08-28T20:31:06.801,30,28,META260925C00595000,META,2026-09-25,call,595.0,14.9,63.0,15.6,227.0,15.25,15.0,1.0,0.3438,0.4073,0.0071,-0.4033,0.6209,0.1688,2026-08-28,571.835,589.035,571.525,577.9,411753.0,579.376165
2026-08-28T20:31:06.801,30,28,META260925C00600000,META,2026-09-25,call,600.0,13.1,121.0,13.72,181.0,13.41,13.71,1.0,0.3426,0.3731,0.0069,-0.3908,0.6056,0.155,2026-08-28,571.835,589.035,571.525,577.9,411753.0,579.376165
2026-08-28T20:31:06.801,30,28,META260925C00605000,META,2026-09-25,call,605.0,11.4,66.0,12.24,64.0,11.82,11.25,2.0,0.3429,0.3406,0.0067,-0.3777,0.5866,0.1418,2026-08-28,571.835,589.035,571.525,577.9,411753.0,579.376165
2026-08-28T20:31:06.801,30,28,META260925C00610000,META,2026-09-25,call,610.0,10.08,45.0,10.95,95.0,10.515,10.7,1.0,0.3455,0.311,0.0064,-0.3657,0.5652,0.1297,2026-08-28,571.835,589.035,571.525,577.9,411753.0,579.376165
2026-08-28T20:31:06.801,30,28,META260925C00615000,META,2026-09-25,call,615.0,9.09,37.0,9.51,98.0,9.3,9.09,2.0,0.3474,0.2828,0.0061,-0.3511,0.5411,0.1182,2026-08-28,571.835,589.035,571.525,577.9,411753.0,579.376165
2026-08-28T20:31:06.801,30,28,META260925C00620000,META,2026-09-25,call,620.0,7.88,17.0,8.33,69.0,8.105,8.09,1.0,0.3472,0.2549,0.0058,-0.3324,0.5136,0.1067,2026-08-28,571.835,589.035,571.525,577.9,411753.0,579.376165
2026-08-28T20:31:06.801,30,28,META260925C00625000,META,2026-09-25,call,625.0,7.02,28.0,7.54,160.0,7.279999999999999,7.05,1.0,0.3521,0.2323,0.0054,-0.3199,0.4885,0.0974,2026-08-28,571.835,589.035,571.525,577.9,411753.0,579.376165
2026-08-28T20:31:06.801,30,28,META260925C00630000,META,2026-09-25,call,630.0,5.99,68.0,6.39,167.0,6.1899999999999995,6.1,4.0,0.3492,0.206,0.0051,-0.2956,0.4559,0.0865,2026-08-28,571.835,589.035,571.525,577.9,411753.0,579.376165
2026-08-28T20:31:06.801,30,28,META260925C00635000,META,2026-09-25,call,635.0,5.41,16.0,5.79,131.0,5.6,5.48,1.0,0.3551,0.188,0.0047,-0.2838,0.4313,0.079,2026-08-28,571.835,589.035,571.525,577.9,411753.0,579.376165
2026-08-28T20:31:06.801,30,28,META260925C00640000,META,2026-09-25,call,640.0,4.79,3.0,4.96,232.0,4.875,4.93,1.0,0.3561,0.1679,0.0044,-0.2646,0.4017,0.0707,2026-08-28,571.835,589.035,571.525,577.9,411753.0,579.376165
2026-08-28T20:31:06.801,30,28,META260925C00645000,META,2026-09-25,call,645.0,4.07,27.0,4.35,147.0,4.21,4.11,1.0,0.3564,0.1491,0.0041,-0.2446,0.3715,0.0628,2026-08-28,571.835,589.035,571.525,577.9,411753.0,579.376165
2026-08-28T20:31:06.801,30,28,META260925C00650000,META,2026-09-25,call,650.0,3.56,108.0,3.83,195.0,3.6950000000000003,3.75,1.0,0.3587,0.1334,0.0038,-0.228,0.3445,0.0563,2026-08-28,571.835,589.035,571.525,577.9,411753.0,579.376165
2026-08-28T20:31:06.801,30,28,META260925C00655000,META,2026-09-25,call,655.0,3.2,8.0,3.44,164.0,3.3200000000000003,3.2,2.0,0.3635,0.1209,0.0035,-0.2155,0.3217,0.051,2026-08-28,571.835,589.035,571.525,577.9,411753.0,579.376165
2026-08-28T20:31:06.801,30,28,META260925C00660000,META,2026-09-25,call,660.0,2.66,130.0,2.94,140.0,2.8,2.62,1.0,0.362,0.1053,0.0031,-0.1943,0.2915,0.0445,2026-08-28,571.835,589.035,571.525,577.9,411753.0,579.376165
2026-08-28T20:31:06.801,30,28,META260925C00665000,META,2026-09-25,call,665.0,2.34,88.0,2.59,167.0,2.465,2.37,1.0,0.3648,0.0941,0.0029,-0.1801,0.2685,0.0398,2026-08-28,571.835,589.035,571.525,577.9,411753.0,579.376165
2026-08-28T20:31:06.801,30,28,META260925C00670000,META,2026-09-25,call,670.0,2.11,121.0,2.27,145.0,2.19,2.02,30.0,0.3684,0.0845,0.0026,-0.1677,0.2478,0.0358,2026-08-28,571.835,589.035,571.525,577.9,411753.0,579.376165
2026-08-28T20:31:06.801,30,28,META260925C00675000,META,2026-09-25,call,675.0,1.8,88.0,1.99,91.0,1.895,1.88,15.0,0.3698,0.0745,0.0024,-0.1529,0.2254,0.0316,2026-08-28,571.835,589.035,571.525,577.9,411753.0,579.376165
2026-08-28T20:31:06.801,30,28,META260925C00680000,META,2026-09-25,call,680.0,1.59,91.0,1.81,153.0,1.7000000000000002,1.69,1.0,0.3741,0.0673,0.0022,-0.1429,0.2084,0.0285,2026-08-28,571.835,589.035,571.525,577.9,411753.0,579.376165
2026-08-28T20:31:06.801,30,28,META260925C00685000,META,2026-09-25,call,685.0,1.4,45.0,1.55,88.0,1.475,1.98,1.0,0.3756,0.0594,0.002,-0.1301,0.189,0.0252,2026-08-28,571.835,589.035,571.525,577.9,411753.0,579.376165
2026-08-28T20:31:06.801,30,28,META260925C00690000,META,2026-09-25,call,690.0,1.19,154.0,1.39,83.0,1.29,1.27,1.0,0.3779,0.0526,0.0018,-0.1189,0.1719,0.0223,2026-08-28,571.835,589.035,571.525,577.9,411753.0,579.376165
2026-08-28T20:31:06.801,30,28,META260925C00695000,META,2026-09-25,call,695.0,1.12,90.0,1.21,71.0,1.165,1.12,4.0,0.3824,0.0477,0.0016,-0.1112,0.159,0.0203,2026-08-28,571.835,589.035,571.525,577.9,411753.0,579.376165
2026-08-28T20:31:06.801,30,28,META260925C00700000,META,2026-09-25,call,700.0,0.93,130.0,1.07,156.0,1.0,1.06,2.0,0.3832,0.0417,0.0015,-0.0999,0.1426,0.0177,2026-08-28,571.835,589.035,571.525,577.9,411753.0,579.376165
2026-08-28T20:31:06.801,30,28,META260925C00705000,META,2026-09-25,call,705.0,0.84,85.0,0.97,77.0,0.905,1.08,2.0,0.3877,0.0379,0.0013,-0.0934,0.1318,0.0161,2026-08-28,571.835,589.035,571.525,577.9,411753.0,579.376165
2026-08-28T20:31:06.801,30,28,META260925C00710000,META,2026-09-25,call,710.0,0.72,97.0,0.87,32.0,0.7949999999999999,0.92,1.0,0.3901,0.0336,0.0012,-0.0852,0.1196,0.0143,2026-08-28,571.835,589.035,571.525,577.9,411753.0,579.376165
2026-08-28T20:31:06.801,30,28,META260925C00715000,META,2026-09-25,call,715.0,0.7,53.0,0.83,35.0,0.7649999999999999,0.74,1.0,0.3984,0.0319,0.0011,-0.0833,0.1146,0.0136,2026-08-28,571.835,589.035,571.525,577.9,411753.0,579.376165
2026-08-28T20:31:06.801,30,28,META260925C00720000,META,2026-09-25,call,720.0,0.62,1.0,0.72,29.0,0.6699999999999999,0.84,1.0,0.4003,0.0283,0.001,-0.0757,0.1037,0.012,2026-08-28,571.835,589.035,571.525,577.9,411753.0,579.376165
2026-08-28T20:31:06.801,30,28,META260925C00725000,META,2026-09-25,call,725.0,0.53,119.0,0.68,21.0,0.605,0.6,10.0,0.4042,0.0256,0.0009,-0.0703,0.0955,0.0109,2026-08-28,571.835,589.035,571.525,577.9,411753.0,579.376165
2026-08-28T20:31:06.801,30,28,META260925C00730000,META,2026-09-25,call,730.0,0.46,31.0,0.59,37.0,0.525,1.07,1.0,0.4055,0.0225,0.0008,-0.0633,0.0857,0.0096,2026-08-28,571.835,589.035,571.525,577.9,411753.0,579.376165
2026-08-28T20:31:06.801,30,28,META260925C00735000,META,2026-09-25,call,735.0,0.44,42.0,0.53,29.0,0.485,0.69,1.0,0.4105,0.0208,0.0008,-0.0598,0.08,0.0088,2026-08-28,571.835,589.035,571.525,577.9,411753.0,579.376165
2026-08-28T20:31:06.801,30,28,META260925C00740000,META,2026-09-25,call,740.0,0.45,38.0,0.56,75.0,0.505,0.43,2.0,0.4228,0.021,0.0007,-0.0621,0.0808,0.0089,2026-08-28,571.835,589.035,571.525,577.9,411753.0,579.376165
2026-08-28T20:31:06.801,30,28,META260925C00745000,META,2026-09-25,call,745.0,0.4,41.0,0.55,90.0,0.47500000000000003,0.57,1.0,0.4286,0.0197,0.0007,-0.0595,0.0763,0.0083,2026-08-28,571.835,589.035,571.525,577.9,411753.0,579.376165
2026-08-28T20:31:06.801,30,28,META260925C00750000,META,2026-09-25,call,750.0,0.37,38.0,0.41,40.0,0.39,0.37,1.0,0.4261,0.0166,0.0006,-0.0511,0.066,0.007,2026-08-28,571.835,589.035,571.525,577.9,411753.0,579.376165
2026-08-28T20:31:06.801,30,28,META260925C00755000,META,2026-09-25,call,755.0,0.29,19.0,0.42,25.0,0.355,0.57,5.0,0.4297,0.0151,0.0006,-0.0476,0.061,0.0064,2026-08-28,571.835,589.035,571.525,577.9,411753.0,579.376165
2026-08-28T20:31:06.801,30,28,META260925C00760000,META,2026-09-25,call,760.0,0.27,39.0,0.44,77.0,0.355,0.36,1.0,0.4388,0.0148,0.0005,-0.0479,0.06,0.0063,2026-08-28,571.835,589.035,571.525,577.9,411753.0,579.376165
2026-08-28T20:31:06.801,30,28,META260925C00765000,META,2026-09-25,call,765.0,0.26,62.0,0.38,47.0,0.32,0.27,1.0,0.4416,0.0134,0.0005,-0.0442,0.0551,0.0057,2026-08-28,571.835,589.035,571.525,577.9,411753.0,579.376165
2026-08-28T20:31:06.801,30,28,META260925C00770000,META,2026-09-25,call,770.0,0.24,115.0,0.39,128.0,0.315,0.29,1.0,0.4495,0.0131,0.0005,-0.0439,0.0537,0.0055,2026-08-28,571.835,589.035,571.525,577.9,411753.0,579.376165
2026-08-28T20:31:06.801,30,28,META260925C00775000,META,2026-09-25,call,775.0,0.21,84.0,0.33,123.0,0.27,0.27,1.0,0.4492,0.0114,0.0004,-0.0389,0.0477,0.0048,2026-08-28,571.835,589.035,571.525,577.9,411753.0,579.376165
2026-08-28T20:31:06.801,30,28,META260925C00780000,META,2026-09-25,call,780.0,0.16,66.0,0.33,75.0,0.245,0.43,1.0,0.4522,0.0103,0.0004,-0.0361,0.0439,0.0044,2026-08-28,571.835,589.035,571.525,577.9,411753.0,579.376165
2026-08-28T20:31:06.801,30,28,META260925C00785000,META,2026-09-25,call,785.0,0.13,26.0,0.35,21.0,0.24,0.37,2.0,0.4594,0.01,0.0004,-0.0356,0.0427,0.0043,2026-08-28,571.835,589.035,571.525,577.9,411753.0,579.376165
2026-08-28T20:31:06.801,30,28,META260925C00790000,META,2026-09-25,call,790.0,0.15,16.0,0.28,8.0,0.21500000000000002,0.39,1.0,0.4614,0.009,0.0003,-0.0326,0.039,0.0038,2026-08-28,571.835,589.035,571.525,577.9,411753.0,579.376165
2026-08-28T20:31:06.801,30,28,META260925C00795000,META,2026-09-25,call,795.0,0.07,142.0,0.28,85.0,0.17500000000000002,0.33,1.0,0.4584,0.0075,0.0003,-0.0276,0.0333,0.0032,2026-08-28,571.835,589.035,571.525,577.9,411753.0,579.376165
2026-08-28T20:31:06.801,30,28,META260925C00800000,META,2026-09-25,call,800.0,0.12,228.0,0.25,102.0,0.185,0.18,1.0,0.4692,0.0078,0.0003,-0.0291,0.0342,0.0033,2026-08-28,571.835,589.035,571.525,577.9,411753.0,579.376165
2026-08-28T20:31:06.801,30,28,META260925C00805000,META,2026-09-25,call,805.0,0.09,110.0,0.29,82.0,0.19,0.19,1.0,0.4785,0.0078,0.0003,-0.0298,0.0344,0.0033,2026-08-28,571.835,589.035,571.525,577.9,411753.0,579.376165
2026-08-28T20:31:06.801,30,28,META260925C00810000,META,2026-09-25,call,810.0,0.08,15.0,0.28,12.0,0.18000000000000002,0.25,2.0,0.4833,0.0074,0.0003,-0.0286,0.0327,0.0031,2026-08-28,571.835,589.035,571.525,577.9,411753.0,579.376165
2026-08-28T20:31:06.801,30,28,META260925C00815000,META,2026-09-25,call,815.0,0.04,8.0,0.28,15.0,0.16,0.23,10.0,0.4845,0.0066,0.0002,-0.026,0.0296,0.0028,2026-08-28,571.835,589.035,571.525,577.9,411753.0,579.376165
2026-08-28T20:31:06.801,30,28,META260925C00820000,META,2026-09-25,call,820.0,0.03,12.0,0.26,11.0,0.14500000000000002,0.19,1.0,0.4867,0.006,0.0002,-0.024,0.0273,0.0026,2026-08-28,571.835,589.035,571.525,577.9,411753.0,579.376165
2026-08-28T20:31:06.801,30,28,META260925C00825000,META,2026-09-25,call,825.0,0.06,12.0,0.26,23.0,0.16,0.17,1.0,0.4995,0.0064,0.0002,-0.0262,0.029,0.0027,2026-08-28,571.835,589.035,571.525,577.9,411753.0,579.376165
2026-08-28T20:31:06.801,30,28,META260925C00830000,META,2026-09-25,call,830.0,0.02,138.0,0.21,106.0,0.11499999999999999,0.19,2.0,0.4893,0.0048,0.0002,-0.0199,0.0225,0.0021,2026-08-28,571.835,589.035,571.525,577.9,411753.0,579.376165
2026-08-28T20:31:06.801,30,28,META260925C00835000,META,2026-09-25,call,835.0,0.01,247.0,0.2,102.0,0.10500000000000001,0.14,2.0,0.4918,0.0044,0.0002,-0.0185,0.0208,0.0019,2026-08-28,571.835,589.035,571.525,577.9,411753.0,579.376165
2026-08-28T20:31:06.801,30,28,META260925C00840000,META,2026-09-25,call,840.0,0.05,167.0,0.23,86.0,0.14,0.15,1.0,0.5141,0.0056,0.0002,-0.0236,0.0254,0.0024,2026-08-28,571.835,589.035,571.525,577.9,411753.0,579.376165
2026-08-28T20:31:06.801,30,28,META260925C00845000,META,2026-09-25,call,845.0,0.01,171.0,0.23,98.0,0.12000000000000001,0.13,3.0,0.5129,0.0048,0.0002,-0.0208,0.0225,0.0021,2026-08-28,571.835,589.035,571.525,577.9,411753.0,579.376165
2026-08-28T20:31:06.801,30,28,META260925C00850000,META,2026-09-25,call,850.0,0.06,230.0,0.17,121.0,0.115,0.15,1.0,0.5176,0.0046,0.0002,-0.0202,0.0215,0.002,2026-08-28,571.835,589.035,571.525,577.9,411753.0,579.376165
2026-08-28T20:31:06.801,30,28,META260925C00855000,META,2026-09-25,call,855.0,0.01,65.0,0.18,85.0,0.095,0.14,1.0,0.5145,0.0039,0.0001,-0.0172,0.0185,0.0017,2026-08-28,571.835,589.035,571.525,577.9,411753.0,579.376165
2026-08-28T20:31:06.801,30,28,META260925C00860000,META,2026-09-25,call,860.0,0.04,23.0,0.21,21.0,0.125,0.13,2.0,0.536,0.0048,0.0002,-0.0217,0.0224,0.002,2026-08-28,571.835,589.035,571.525,577.9,411753.0,579.376165
2026-08-28T20:31:06.801,30,28,META260925C00865000,META,2026-09-25,call,865.0,0.01,15.0,0.21,17.0,0.11,0.14,1.0,0.5358,0.0043,0.0001,-0.0196,0.0202,0.0018,2026-08-28,571.835,589.035,571.525,577.9,411753.0,579.376165
2026-08-28T20:31:06.801,30,28,META260925C00870000,META,2026-09-25,call,870.0,0.01,20.0,0.16,27.0,0.085,0.19,1.0,0.5289,0.0034,0.0001,-0.0158,0.0165,0.0015,2026-08-28,571.835,589.035,571.525,577.9,411753.0,579.376165
2026-08-28T20:31:06.801,30,28,META260925C00875000,META,2026-09-25,call,875.0,0.03,14.0,0.2,14.0,0.115,0.12,1.0,0.5518,0.0044,0.0001,-0.0204,0.0205,0.0018,2026-08-28,571.835,589.035,571.525,577.9,411753.0,579.376165
2026-08-28T20:31:06.801,30,28,META260925C00880000,META,2026-09-25,call,880.0,0.03,26.0,0.19,15.0,0.11,0.08,2.0,0.556,0.0042,0.0001,-0.0197,0.0196,0.0018,2026-08-28,571.835,589.035,571.525,577.9,411753.0,579.376165
2026-08-28T20:31:06.801,30,28,META260925C00885000,META,2026-09-25,call,885.0,0.01,102.0,0.18,71.0,0.095,0.12,1.0,0.5544,0.0036,0.0001,-0.0175,0.0174,0.0015,2026-08-28,571.835,589.035,571.525,577.9,411753.0,579.376165
2026-08-28T20:31:06.801,30,28,META260925C00890000,META,2026-09-25,call,890.0,0.01,52.0,0.18,9.0,0.095,0.1,1.0,0.5609,0.0036,0.0001,-0.0175,0.0173,0.0015,2026-08-28,571.835,589.035,571.525,577.9,411753.0,579.376165
2026-08-28T20:31:06.801,30,28,META260925C00895000,META,2026-09-25,call,895.0,0.01,17.0,0.25,89.0,0.13,0.08,20.0,0.5855,0.0046,0.0001,-0.0228,0.0216,0.002,2026-08-28,571.835,589.035,571.525,577.9,411753.0,579.376165
2026-08-28T20:31:06.801,30,28,META260925C00900000,META,2026-09-25,call,900.0,0.03,12.0,0.22,4.0,0.125,0.08,1.0,0.5897,0.0044,0.0001,-0.0222,0.0208,0.0019,2026-08-28,571.835,589.035,571.525,577.9,411753.0,579.376165
2026-08-28T20:31:06.801,30,28,META260925C00905000,META,2026-09-25,call,905.0,0.03,4.0,0.35,12.0,0.19,0.11,1.0,0.623,0.0062,0.0002,-0.0315,0.0281,0.0026,2026-08-28,571.835,589.035,571.525,577.9,411753.0,579.376165
2026-08-28T20:31:06.801,30,28,META260925C00910000,META,2026-09-25,call,910.0,0.03,5.0,0.38,12.0,0.20500000000000002,0.1,10.0,0.6349,0.0066,0.0002,-0.0337,0.0294,0.0027,2026-08-28,571.835,589.035,571.525,577.9,411753.0,579.376165
2026-08-28T20:31:06.801,30,28,META260925C00915000,META,2026-09-25,call,915.0,0.03,1.0,0.35,14.0,0.19,0.1,10.0,0.6363,0.0061,0.0002,-0.0317,0.0276,0.0026,2026-08-28,571.835,589.035,571.525,577.9,411753.0,579.376165
2026-08-28T20:31:06.801,30,28,META260925C00920000,META,2026-09-25,call,920.0,0.01,35.0,0.18,49.0,0.095,0.08,1.0,0.5989,0.0034,0.0001,-0.0177,0.0164,0.0014,2026-08-28,571.835,589.035,571.525,577.9,411753.0,579.376165
2026-08-28T20:31:06.801,30,28,META260925C00925000,META,2026-09-25,call,925.0,0.0,0.0,0.16,15.0,0.08,0.06,2.0,,,,,,,2026-08-28,571.835,589.035,571.525,577.9,411753.0,579.376165
2026-08-28T20:31:06.801,30,28,META260925C00930000,META,2026-09-25,call,930.0,0.03,38.0,0.17,45.0,0.1,0.06,3.0,0.6143,0.0035,0.0001,-0.0186,0.0168,0.0015,2026-08-28,571.835,589.035,571.525,577.9,411753.0,579.376165
2026-08-28T20:31:06.801,30,28,META260925C00935000,META,2026-09-25,call,935.0,0.0,0.0,0.37,5.0,0.185,0.08,1.0,,,,,,,2026-08-28,571.835,589.035,571.525,577.9,411753.0,579.376165
2026-08-28T20:31:06.801,30,28,META260925C00940000,META,2026-09-25,call,940.0,0.01,38.0,0.19,66.0,0.1,0.07,1.0,0.6265,0.0034,0.0001,-0.0187,0.0165,0.0014,2026-08-28,571.835,589.035,571.525,577.9,411753.0,579.376165
2026-08-28T20:31:06.801,30,28,META260925C00945000,META,2026-09-25,call,945.0,0.03,1.0,0.16,52.0,0.095,0.08,2.0,0.6294,0.0033,0.0001,-0.0179,0.0158,0.0014,2026-08-28,571.835,589.035,571.525,577.9,411753.0,579.376165
2026-08-28T20:31:06.801,30,28,META260925C00950000,META,2026-09-25,call,950.0,0.0,0.0,0.16,18.0,0.08,0.07,1.0,,,,,,,2026-08-28,571.835,589.035,571.525,577.9,411753.0,579.376165
2026-08-28T20:31:06.801,30,28,META260925C00955000,META,2026-09-25,call,955.0,0.07,1.0,0.36,138.0,0.215,0.16,1.0,0.6968,0.0063,0.0002,-0.0357,0.0285,0.0026,2026-08-28,571.835,589.035,571.525,577.9,411753.0,579.376165
2026-08-28T20:31:06.801,30,28,META260925C00960000,META,2026-09-25,call,960.0,0.03,3.0,0.5,201.0,0.265,0.07,1.0,0.7195,0.0074,0.0002,-0.0426,0.0329,0.0031,2026-08-28,571.835,589.035,571.525,577.9,411753.0,579.376165
2026-08-28T20:31:06.801,30,28,META260925C00965000,META,2026-09-25,call,965.0,0.0,0.0,0.62,135.0,0.31,0.07,1.0,,,,,,,2026-08-28,571.835,589.035,571.525,577.9,411753.0,579.376165
2026-08-28T20:31:06.801,30,28,META260925C00970000,META,2026-09-25,call,970.0,0.0,0.0,0.48,191.0,0.24,0.06,1.0,,,,,,,2026-08-28,571.835,589.035,571.525,577.9,411753.0,579.376165
2026-08-28T20:31:06.801,30,28,META260925C00975000,META,2026-09-25,call,975.0,0.0,0.0,0.5,143.0,0.25,0.06,1.0,,,,,,,2026-08-28,571.835,589.035,571.525,577.9,411753.0,579.376165
2026-08-28T20:31:06.801,30,28,META260925C00980000,META,2026-09-25,call,980.0,0.0,0.0,0.51,159.0,0.255,0.06,3.0,,,,,,,2026-08-28,571.835,589.035,571.525,577.9,411753.0,579.376165
2026-08-28T20:31:06.801,30,28,META260925C00985000,META,2026-09-25,call,985.0,0.0,0.0,0.65,97.0,0.325,0.07,1.0,,,,,,,2026-08-28,571.835,589.035,571.525,577.9,411753.0,579.376165
2026-08-28T20:31:06.801,30,28,META260925C00990000,META,2026-09-25,call,990.0,0.0,0.0,0.62,133.0,0.31,0.06,3.0,,,,,,,2026-08-28,571.835,589.035,571.525,577.9,411753.0,579.376165
2026-08-28T20:31:06.801,30,28,META260925C00995000,META,2026-09-25,call,995.0,0.0,0.0,0.72,197.0,0.36,0.06,1.0,,,,,,,2026-08-28,571.835,589.035,571.525,577.9,411753.0,579.376165
2026-08-28T20:31:06.801,30,28,META260925C01000000,META,2026-09-25,call,1000.0,0.0,0.0,0.73,20.0,0.365,0.06,3.0,,,,,,,2026-08-28,571.835,589.035,571.525,577.9,411753.0,579.376165
2026-08-28T20:31:06.801,30,28,META260925C01010000,META,2026-09-25,call,1010.0,0.0,0.0,0.76,12.0,0.38,0.16,1.0,,,,,,,2026-08-28,571.835,589.035,571.525,577.9,411753.0,579.376165
2026-08-28T20:31:06.801,30,28,META260925C01020000,META,2026-09-25,call,1020.0,0.01,7.0,0.63,171.0,0.32,0.05,1.0,,,,,,,2026-08-28,571.835,589.035,571.525,577.9,411753.0,579.376165
2026-08-28T20:31:06.801,30,28,META260925C01030000,META,2026-09-25,call,1030.0,0.01,1.0,0.66,118.0,0.335,0.06,2.0,,,,,,,2026-08-28,571.835,589.035,571.525,577.9,411753.0,579.376165
2026-08-28T20:31:06.801,30,28,META260925C01040000,META,2026-09-25,call,1040.0,0.04,9.0,0.71,148.0,0.375,0.05,2.0,,,,,,,2026-08-28,571.835,589.035,571.525,577.9,411753.0,579.376165
2026-08-28T20:31:06.801,30,28,META260925C01050000,META,2026-09-25,call,1050.0,0.03,3.0,0.07,2.0,0.05,0.08,1.0,0.7062,0.0016,0.0,-0.0107,0.0084,0.0007,2026-08-28,571.835,589.035,571.525,577.9,411753.0,579.376165
2026-08-28T20:31:06.801,30,28,META260925C01060000,META,2026-09-25,call,1060.0,0.0,0.0,0.83,54.0,0.415,0.15,1.0,,,,,,,2026-08-28,571.835,589.035,571.525,577.9,411753.0,579.376165
2026-08-28T20:31:06.801,30,28,META260925C01070000,META,2026-09-25,call,1070.0,0.03,5.0,0.13,29.0,0.08,0.08,1.0,,,,,,,2026-08-28,571.835,589.035,571.525,577.9,411753.0,579.376165
2026-08-28T20:31:06.801,30,28,META260925P00100000,META,2026-09-25,put,100.0,0.0,0.0,1.01,7.0,0.505,,,,,,,,,2026-08-28,571.835,589.035,571.525,577.9,411753.0,579.376165
2026-08-28T20:31:06.801,30,28,META260925P00110000,META,2026-09-25,put,110.0,0.0,0.0,1.0,4.0,0.5,,,,,,,,,2026-08-28,571.835,589.035,571.525,577.9,411753.0,579.376165
2026-08-28T20:31:06.801,30,28,META260925P00120000,META,2026-09-25,put,120.0,0.0,0.0,1.2,3.0,0.6,,,,,,,,,2026-08-28,571.835,589.035,571.525,577.9,411753.0,579.376165
2026-08-28T20:31:06.801,30,28,META260925P00130000,META,2026-09-25,put,130.0,0.0,0.0,1.2,3.0,0.6,0.13,1.0,,,,,,,2026-08-28,571.835,589.035,571.525,577.9,411753.0,579.376165
2026-08-28T20:31:06.801,30,28,META260925P00140000,META,2026-09-25,put,140.0,0.0,0.0,1.0,5.0,0.5,,,,,,,,,2026-08-28,571.835,589.035,571.525,577.9,411753.0,579.376165
2026-08-28T20:31:06.801,30,28,META260925P00150000,META,2026-09-25,put,150.0,0.0,0.0,1.04,1.0,0.52,,,,,,,,,2026-08-28,571.835,589.035,571.525,577.9,411753.0,579.376165
2026-08-28T20:31:06.801,30,28,META260925P00160000,META,2026-09-25,put,160.0,0.0,0.0,1.04,1.0,0.52,,,,,,,,,2026-08-28,571.835,589.035,571.525,577.9,411753.0,579.376165
2026-08-28T20:31:06.801,30,28,META260925P00170000,META,2026-09-25,put,170.0,0.0,0.0,1.0,14.0,0.5,,,,,,,,,2026-08-28,571.835,589.035,571.525,577.9,411753.0,579.376165
2026-08-28T20:31:06.801,30,28,META260925P00180000,META,2026-09-25,put,180.0,0.0,0.0,1.0,1.0,0.5,,,,,,,,,2026-08-28,571.835,589.035,571.525,577.9,411753.0,579.376165
2026-08-28T20:31:06.801,30,28,META260925P00190000,META,2026-09-25,put,190.0,0.0,0.0,1.0,1.0,0.5,,,,,,,,,2026-08-28,571.835,589.035,571.525,577.9,411753.0,579.376165
2026-08-28T20:31:06.801,30,28,META260925P00200000,META,2026-09-25,put,200.0,0.0,0.0,1.2,3.0,0.6,0.03,5.0,,,,,,,2026-08-28,571.835,589.035,571.525,577.9,411753.0,579.376165
2026-08-28T20:31:06.801,30,28,META260925P00210000,META,2026-09-25,put,210.0,0.0,0.0,1.23,3.0,0.615,0.03,1.0,,,,,,,2026-08-28,571.835,589.035,571.525,577.9,411753.0,579.376165
2026-08-28T20:31:06.801,30,28,META260925P00220000,META,2026-09-25,put,220.0,0.0,0.0,0.97,12.0,0.485,0.14,1.0,,,,,,,2026-08-28,571.835,589.035,571.525,577.9,411753.0,579.376165
2026-08-28T20:31:06.801,30,28,META260925P00230000,META,2026-09-25,put,230.0,0.0,0.0,1.2,3.0,0.6,0.12,1.0,,,,,,,2026-08-28,571.835,589.035,571.525,577.9,411753.0,579.376165
2026-08-28T20:31:06.801,30,28,META260925P00240000,META,2026-09-25,put,240.0,0.0,0.0,0.99,4.0,0.495,0.05,23.0,,,,,,,2026-08-28,571.835,589.035,571.525,577.9,411753.0,579.376165
2026-08-28T20:31:06.801,30,28,META260925P00250000,META,2026-09-25,put,250.0,0.0,0.0,0.92,26.0,0.46,0.06,1.0,,,,,,,2026-08-28,571.835,589.035,571.525,577.9,411753.0,579.376165
2026-08-28T20:31:06.801,30,28,META260925P00260000,META,2026-09-25,put,260.0,0.0,0.0,0.94,9.0,0.47,,,,,,,,,2026-08-28,571.835,589.035,571.525,577.9,411753.0,579.376165
2026-08-28T20:31:06.801,30,28,META260925P00270000,META,2026-09-25,put,270.0,0.0,0.0,0.91,16.0,0.455,0.11,1.0,,,,,,,2026-08-28,571.835,589.035,571.525,577.9,411753.0,579.376165
2026-08-28T20:31:06.801,30,28,META260925P00280000,META,2026-09-25,put,280.0,0.0,0.0,0.88,1.0,0.44,,,,,,,,,2026-08-28,571.835,589.035,571.525,577.9,411753.0,579.376165
2026-08-28T20:31:06.801,30,28,META260925P00290000,META,2026-09-25,put,290.0,0.0,0.0,0.79,10.0,0.395,,,,,,,,,2026-08-28,571.835,589.035,571.525,577.9,411753.0,579.376165
2026-08-28T20:31:06.801,30,28,META260925P00300000,META,2026-09-25,put,300.0,0.0,0.0,0.95,3.0,0.475,0.13,1.0,,,,,,,2026-08-28,571.835,589.035,571.525,577.9,411753.0,579.376165
2026-08-28T20:31:06.801,30,28,META260925P00310000,META,2026-09-25,put,310.0,0.0,0.0,0.73,19.0,0.365,0.05,1.0,,,,,,,2026-08-28,571.835,589.035,571.525,577.9,411753.0,579.376165
2026-08-28T20:31:06.801,30,28,META260925P00320000,META,2026-09-25,put,320.0,0.0,0.0,0.67,12.0,0.335,0.07,2.0,,,,,,,2026-08-28,571.835,589.035,571.525,577.9,411753.0,579.376165
2026-08-28T20:31:06.801,30,28,META260925P00330000,META,2026-09-25,put,330.0,0.0,0.0,0.57,20.0,0.285,0.15,1.0,,,,,,,2026-08-28,571.835,589.035,571.525,577.9,411753.0,579.376165
2026-08-28T20:31:06.801,30,28,META260925P00340000,META,2026-09-25,put,340.0,0.0,0.0,0.49,12.0,0.245,0.06,1.0,,,,,,,2026-08-28,571.835,589.035,571.525,577.9,411753.0,579.376165
2026-08-28T20:31:06.801,30,28,META260925P00350000,META,2026-09-25,put,350.0,0.0,0.0,0.41,12.0,0.205,0.16,1.0,,,,,,,2026-08-28,571.835,589.035,571.525,577.9,411753.0,579.376165
2026-08-28T20:31:06.801,30,28,META260925P00360000,META,2026-09-25,put,360.0,0.0,0.0,0.35,12.0,0.175,0.11,1.0,,,,,,,2026-08-28,571.835,589.035,571.525,577.9,411753.0,579.376165
2026-08-28T20:31:06.801,30,28,META260925P00370000,META,2026-09-25,put,370.0,0.03,12.0,0.22,12.0,0.125,0.08,1.0,0.6274,-0.0038,0.0001,-0.0202,0.0183,-0.0018,2026-08-28,571.835,589.035,571.525,577.9,411753.0,579.376165
2026-08-28T20:31:06.801,30,28,META260925P00380000,META,2026-09-25,put,380.0,0.05,12.0,0.15,39.0,0.1,0.05,1.0,0.579,-0.0034,0.0001,-0.0166,0.0163,-0.0016,2026-08-28,571.835,589.035,571.525,577.9,411753.0,579.376165
2026-08-28T20:31:06.801,30,28,META260925P00390000,META,2026-09-25,put,390.0,0.01,44.0,0.17,54.0,0.09000000000000001,0.11,1.0,0.5402,-0.0033,0.0001,-0.0151,0.0159,-0.0015,2026-08-28,571.835,589.035,571.525,577.9,411753.0,579.376165
2026-08-28T20:31:06.801,30,28,META260925P00400000,META,2026-09-25,put,400.0,0.03,33.0,0.22,158.0,0.125,0.1,1.0,0.527,-0.0045,0.0002,-0.0197,0.0212,-0.0021,2026-08-28,571.835,589.035,571.525,577.9,411753.0,579.376165
2026-08-28T20:31:06.801,30,28,META260925P00405000,META,2026-09-25,put,405.0,0.03,155.0,0.2,72.0,0.115,0.12,1.0,0.5062,-0.0044,0.0002,-0.0183,0.0205,-0.002,2026-08-28,571.835,589.035,571.525,577.9,411753.0,579.376165
2026-08-28T20:31:06.801,30,28,META260925P00410000,META,2026-09-25,put,410.0,0.06,38.0,0.22,163.0,0.14,0.14,1.0,0.5014,-0.0053,0.0002,-0.0214,0.0242,-0.0024,2026-08-28,571.835,589.035,571.525,577.9,411753.0,579.376165
2026-08-28T20:31:06.801,30,28,META260925P00415000,META,2026-09-25,put,415.0,0.05,128.0,0.23,166.0,0.14,0.16,1.0,0.4855,-0.0054,0.0002,-0.0213,0.0249,-0.0025,2026-08-28,571.835,589.035,571.525,577.9,411753.0,579.376165
2026-08-28T20:31:06.801,30,28,META260925P00420000,META,2026-09-25,put,420.0,0.1,134.0,0.25,215.0,0.175,0.18,4.0,0.4823,-0.0067,0.0002,-0.0254,0.03,-0.0031,2026-08-28,571.835,589.035,571.525,577.9,411753.0,579.376165
2026-08-28T20:31:06.801,30,28,META260925P00425000,META,2026-09-25,put,425.0,0.11,90.0,0.31,150.0,0.21,0.19,1.0,0.477,-0.008,0.0003,-0.0293,0.035,-0.0037,2026-08-28,571.835,589.035,571.525,577.9,411753.0,579.376165
2026-08-28T20:31:06.801,30,28,META260925P00430000,META,2026-09-25,put,430.0,0.17,49.0,0.31,152.0,0.24,0.17,10.0,0.4688,-0.0092,0.0003,-0.0325,0.0395,-0.0042,2026-08-28,571.835,589.035,571.525,577.9,411753.0,579.376165
2026-08-28T20:31:06.801,30,28,META260925P00435000,META,2026-09-25,put,435.0,0.11,81.0,0.36,112.0,0.235,0.9,1.0,0.4513,-0.0093,0.0003,-0.0317,0.04,-0.0043,2026-08-28,571.835,589.035,571.525,577.9,411753.0,579.376165
2026-08-28T20:31:06.801,30,28,META260925P00440000,META,2026-09-25,put,440.0,0.2,5.0,0.35,139.0,0.275,0.45,3.0,0.4445,-0.0109,0.0004,-0.0357,0.0459,-0.005,2026-08-28,571.835,589.035,571.525,577.9,411753.0,579.376165
2026-08-28T20:31:06.801,30,28,META260925P00445000,META,2026-09-25,put,445.0,0.15,147.0,0.39,151.0,0.27,0.36,2.0,0.4272,-0.0111,0.0004,-0.0349,0.0467,-0.0051,2026-08-28,571.835,589.035,571.525,577.9,411753.0,579.376165
2026-08-28T20:31:06.801,30,28,META260925P00450000,META,2026-09-25,put,450.0,0.29,78.0,0.42,50.0,0.355,0.36,1.0,0.4273,-0.0142,0.0005,-0.0432,0.0577,-0.0066,2026-08-28,571.835,589.035,571.525,577.9,411753.0,579.376165
2026-08-28T20:31:06.801,30,28,META260925P00455000,META,2026-09-25,put,455.0,0.25,181.0,0.51,178.0,0.38,0.51,1.0,0.415,-0.0155,0.0006,-0.0452,0.0622,-0.0072,2026-08-28,571.835,589.035,571.525,577.9,411753.0,579.376165
2026-08-28T20:31:06.801,30,28,META260925P00460000,META,2026-09-25,put,460.0,0.4,46.0,0.5,45.0,0.45,0.44,1.0,0.4089,-0.0182,0.0007,-0.0512,0.0716,-0.0084,2026-08-28,571.835,589.035,571.525,577.9,411753.0,579.376165
2026-08-28T20:31:06.801,30,28,META260925P00465000,META,2026-09-25,put,465.0,0.52,1.0,0.56,46.0,0.54,0.57,1.0,0.4038,-0.0217,0.0008,-0.0585,0.083,-0.01,2026-08-28,571.835,589.035,571.525,577.9,411753.0,579.376165
2026-08-28T20:31:06.801,30,28,META260925P00470000,META,2026-09-25,put,470.0,0.49,52.0,0.64,45.0,0.565,0.71,1.0,0.3898,-0.0233,0.0009,-0.06,0.0882,-0.0108,2026-08-28,571.835,589.035,571.525,577.9,411753.0,579.376165
2026-08-28T20:31:06.801,30,28,META260925P00475000,META,2026-09-25,put,475.0,0.61,29.0,0.75,20.0,0.6799999999999999,0.71,3.0,0.3848,-0.0278,0.001,-0.0685,0.1021,-0.0128,2026-08-28,571.835,589.035,571.525,577.9,411753.0,579.376165
2026-08-28T20:31:06.801,30,28,META260925P00480000,META,2026-09-25,put,480.0,0.69,109.0,0.87,15.0,0.78,0.86,1.0,0.3767,-0.0319,0.0012,-0.0751,0.1146,-0.0147,2026-08-28,571.835,589.035,571.525,577.9,411753.0,579.376165
2026-08-28T20:31:06.801,30,28,META260925P00485000,META,2026-09-25,put,485.0,0.86,217.0,1.03,39.0,0.9450000000000001,0.96,3.0,0.3724,-0.0381,0.0014,-0.0858,0.1325,-0.0176,2026-08-28,571.835,589.035,571.525,577.9,411753.0,579.376165
2026-08-28T20:31:06.801,30,28,META260925P00490000,META,2026-09-25,put,490.0,1.03,172.0,1.22,32.0,1.125,1.16,3.0,0.367,-0.0449,0.0016,-0.0965,0.1514,-0.0208,2026-08-28,571.835,589.035,571.525,577.9,411753.0,579.376165
2026-08-28T20:31:06.801,30,28,META260925P00495000,META,2026-09-25,put,495.0,1.27,107.0,1.54,116.0,1.405,1.49,1.0,0.3656,-0.0545,0.0019,-0.1121,0.1767,-0.0252,2026-08-28,571.835,589.035,571.525,577.9,411753.0,579.376165
2026-08-28T20:31:06.801,30,28,META260925P00500000,META,2026-09-25,put,500.0,1.51,50.0,1.77,129.0,1.6400000000000001,1.73,1.0,0.3591,-0.0632,0.0022,-0.1234,0.1984,-0.0293,2026-08-28,571.835,589.035,571.525,577.9,411753.0,579.376165
2026-08-28T20:31:06.801,30,28,META260925P00505000,META,2026-09-25,put,505.0,1.87,243.0,2.13,91.0,2.0,2.12,3.0,0.3565,-0.0752,0.0025,-0.1399,0.2269,-0.0349,2026-08-28,571.835,589.035,571.525,577.9,411753.0,579.376165
2026-08-28T20:31:06.801,30,28,META260925P00510000,META,2026-09-25,put,510.0,2.31,153.0,2.62,204.0,2.465,2.53,1.0,0.3555,-0.0898,0.0029,-0.1592,0.2593,-0.0417,2026-08-28,571.835,589.035,571.525,577.9,411753.0,579.376165
2026-08-28T20:31:06.801,30,28,META260925P00515000,META,2026-09-25,put,515.0,2.76,188.0,3.07,136.0,2.915,3.0,1.0,0.351,-0.1043,0.0032,-0.1751,0.2895,-0.0484,2026-08-28,571.835,589.035,571.525,577.9,411753.0,579.376165
2026-08-28T20:31:06.801,30,28,META260925P00520000,META,2026-09-25,put,520.0,3.33,198.0,3.63,28.0,3.48,3.6,3.0,0.3479,-0.1215,0.0036,-0.1932,0.3228,-0.0565,2026-08-28,571.835,589.035,571.525,577.9,411753.0,579.376165
2026-08-28T20:31:06.801,30,28,META260925P00525000,META,2026-09-25,put,525.0,4.08,285.0,4.43,150.0,4.255,4.15,2.0,0.3482,-0.1429,0.0041,-0.2158,0.361,-0.0666,2026-08-28,571.835,589.035,571.525,577.9,411753.0,579.376165
2026-08-28T20:31:06.801,30,28,META260925P00530000,META,2026-09-25,put,530.0,4.76,103.0,5.18,34.0,4.97,4.97,1.0,0.3438,-0.1634,0.0045,-0.2323,0.3947,-0.0762,2026-08-28,571.835,589.035,571.525,577.9,411753.0,579.376165
2026-08-28T20:31:06.801,30,28,META260925P00535000,META,2026-09-25,put,535.0,5.84,201.0,6.12,64.0,5.98,6.3,5.0,0.3439,-0.189,0.0049,-0.2542,0.4327,-0.0883,2026-08-28,571.835,589.035,571.525,577.9,411753.0,579.376165
2026-08-28T20:31:06.801,30,28,META260925P00540000,META,2026-09-25,put,540.0,6.74,14.0,7.45,172.0,7.095000000000001,7.45,1.0,0.3432,-0.2161,0.0053,-0.2741,0.4688,-0.1012,2026-08-28,571.835,589.035,571.525,577.9,411753.0,579.376165
2026-08-28T20:31:06.801,30,28,META260925P00545000,META,2026-09-25,put,545.0,8.07,94.0,8.67,20.0,8.370000000000001,8.5,2.0,0.3427,-0.2453,0.0057,-0.2929,0.5033,-0.1151,2026-08-28,571.835,589.035,571.525,577.9,411753.0,579.376165
2026-08-28T20:31:06.801,30,28,META260925P00550000,META,2026-09-25,put,550.0,9.57,86.0,9.97,3.0,9.77,9.83,2.0,0.3416,-0.276,0.0061,-0.3092,0.5348,-0.1298,2026-08-28,571.835,589.035,571.525,577.9,411753.0,579.376165
2026-08-28T20:31:06.801,30,28,META260925P00555000,META,2026-09-25,put,555.0,11.07,52.0,11.63,26.0,11.350000000000001,11.23,3.0,0.3408,-0.3086,0.0065,-0.3238,0.5633,-0.1454,2026-08-28,571.835,589.035,571.525,577.9,411753.0,579.376165
2026-08-28T20:31:06.801,30,28,META260925P00560000,META,2026-09-25,put,560.0,12.85,43.0,13.36,17.0,13.105,14.06,1.0,0.3401,-0.3425,0.0068,-0.3359,0.5878,-0.1618,2026-08-28,571.835,589.035,571.525,577.9,411753.0,579.376165
2026-08-28T20:31:06.801,30,28,META260925P00565000,META,2026-09-25,put,565.0,14.85,103.0,15.77,82.0,15.309999999999999,14.87,3.0,0.3439,-0.3787,0.0069,-0.3502,0.6085,-0.1796,2026-08-28,571.835,589.035,571.525,577.9,411753.0,579.376165
2026-08-28T20:31:06.801,30,28,META260925P00570000,META,2026-09-25,put,570.0,17.19,18.0,17.57,20.0,17.380000000000003,18.86,1.0,0.3424,-0.4142,0.0071,-0.3555,0.6234,-0.1969,2026-08-28,571.835,589.035,571.525,577.9,411753.0,579.376165
2026-08-28T20:31:06.801,30,28,META260925P00575000,META,2026-09-25,put,575.0,18.88,35.0,20.21,7.0,19.545,19.82,1.0,0.3396,-0.4503,0.0073,-0.356,0.6333,-0.2145,2026-08-28,571.835,589.035,571.525,577.9,411753.0,579.376165
2026-08-28T20:31:06.801,30,28,META260925P00580000,META,2026-09-25,put,580.0,21.44,64.0,22.1,9.0,21.770000000000003,22.65,2.0,0.335,-0.4872,0.0074,-0.3512,0.6379,-0.2326,2026-08-28,571.835,589.035,571.525,577.9,411753.0,579.376165
2026-08-28T20:31:06.801,30,28,META260925P00585000,META,2026-09-25,put,585.0,24.28,60.0,24.81,24.0,24.545,24.5,1.0,0.3361,-0.5239,0.0074,-0.3495,0.6371,-0.251,2026-08-28,571.835,589.035,571.525,577.9,411753.0,579.376165
2026-08-28T20:31:06.801,30,28,META260925P00590000,META,2026-09-25,put,590.0,27.45,3.0,28.17,62.0,27.810000000000002,29.06,4.0,0.3421,-0.5584,0.0072,-0.3505,0.6314,-0.2688,2026-08-28,571.835,589.035,571.525,577.9,411753.0,579.376165
2026-08-28T20:31:06.801,30,28,META260925P00595000,META,2026-09-25,put,595.0,30.23,82.0,32.229,39.0,31.2295,32.759,1.0,0.3479,-0.5912,0.007,-0.3488,0.6215,-0.2859,2026-08-28,571.835,589.035,571.525,577.9,411753.0,579.376165
2026-08-28T20:31:06.801,30,28,META260925P00600000,META,2026-09-25,put,600.0,32.619,89.0,34.61,54.0,33.6145,35.75,2.0,0.3343,-0.6309,0.0071,-0.3203,0.6036,-0.3053,2026-08-28,571.835,589.035,571.525,577.9,411753.0,579.376165
2026-08-28T20:31:06.801,30,28,META260925P00605000,META,2026-09-25,put,605.0,36.4,25.0,39.05,25.0,37.724999999999994,36.89,1.0,0.3464,-0.6575,0.0066,-0.3218,0.5878,-0.3203,2026-08-28,571.835,589.035,571.525,577.9,411753.0,579.376165
2026-08-28T20:31:06.801,30,28,META260925P00610000,META,2026-09-25,put,610.0,39.01,112.0,43.07,66.0,41.04,36.82,1.0,0.3427,-0.6907,0.0064,-0.301,0.5639,-0.3375,2026-08-28,571.835,589.035,571.525,577.9,411753.0,579.376165
2026-08-28T20:31:06.801,30,28,META260925P00615000,META,2026-09-25,put,615.0,42.33,53.0,45.83,24.0,44.08,50.22,1.0,0.3308,-0.7285,0.0063,-0.2668,0.5305,-0.3566,2026-08-28,571.835,589.035,571.525,577.9,411753.0,579.376165
2026-08-28T20:31:06.801,30,28,META260925P00620000,META,2026-09-25,put,620.0,46.77,14.0,49.06,10.0,47.915000000000006,51.55,1.0,0.3306,-0.7571,0.0059,-0.2468,0.5006,-0.3722,2026-08-28,571.835,589.035,571.525,577.9,411753.0,579.376165
2026-08-28T20:31:06.801,30,28,META260925P00625000,META,2026-09-25,put,625.0,51.86,24.0,53.42,26.0,52.64,53.42,1.0,0.3463,-0.7718,0.0055,-0.2491,0.4836,-0.3824,2026-08-28,571.835,589.035,571.525,577.9,411753.0,579.376165
2026-08-28T20:31:06.801,30,28,META260925P00630000,META,2026-09-25,put,630.0,55.87,13.0,58.72,7.0,57.295,61.23,2.0,0.3596,-0.7863,0.0051,-0.2478,0.4658,-0.3924,2026-08-28,571.835,589.035,571.525,577.9,411753.0,579.376165
2026-08-28T20:31:06.801,30,28,META260925P00635000,META,2026-09-25,put,635.0,57.47,42.0,62.36,18.0,59.915,71.4,1.0,0.3238,-0.8365,0.0048,-0.1737,0.3947,-0.4166,2026-08-28,571.835,589.035,571.525,577.9,411753.0,579.376165
2026-08-28T20:31:06.801,30,28,META260925P00640000,META,2026-09-25,put,640.0,62.25,16.0,65.92,6.0,64.08500000000001,65.28,1.0,0.3195,-0.8607,0.0043,-0.1462,0.3549,-0.4305,2026-08-28,571.835,589.035,571.525,577.9,411753.0,579.376165
2026-08-28T20:31:06.801,30,28,META260925P00645000,META,2026-09-25,put,645.0,67.93,39.0,71.24,22.0,69.58500000000001,97.0,1.0,0.3507,-0.8551,0.0041,-0.1717,0.3644,-0.4323,2026-08-28,571.835,589.035,571.525,577.9,411753.0,579.376165
2026-08-28T20:31:06.801,30,28,META260925P00650000,META,2026-09-25,put,650.0,71.44,30.0,75.4,22.0,73.42,77.11,5.0,0.3329,-0.8857,0.0036,-0.1251,0.3091,-0.4488,2026-08-28,571.835,589.035,571.525,577.9,411753.0,579.376165
2026-08-28T20:31:06.801,30,28,META260925P00655000,META,2026-09-25,put,655.0,76.84,32.0,80.93,6.0,78.885,105.07,2.0,0.3638,-0.8789,0.0035,-0.1504,0.3221,-0.45,2026-08-28,571.835,589.035,571.525,577.9,411753.0,579.376165
2026-08-28T20:31:06.801,30,28,META260925P00660000,META,2026-09-25,put,660.0,82.53,6.0,84.37,7.0,83.45,109.58,2.0,0.3657,-0.8922,0.0032,-0.1336,0.2965,-0.4593,2026-08-28,571.835,589.035,571.525,577.9,411753.0,579.376165
2026-08-28T20:31:06.801,30,28,META260925P00665000,META,2026-09-25,put,665.0,83.04,10.0,90.44,14.0,86.74000000000001,89.32,3.0,0.3101,-0.9412,0.0024,-0.0407,0.1877,-0.4836,2026-08-28,571.835,589.035,571.525,577.9,411753.0,579.376165
2026-08-28T20:31:06.801,30,28,META260925P00670000,META,2026-09-25,put,670.0,88.79,11.0,98.39,1.0,93.59,103.14,1.0,0.4013,-0.8951,0.0028,-0.1471,0.2907,-0.4684,2026-08-28,571.835,589.035,571.525,577.9,411753.0,579.376165
2026-08-28T20:31:06.801,30,28,META260925P00675000,META,2026-09-25,put,675.0,92.73,10.0,103.09,1.0,97.91,115.82,10.0,0.3913,-0.9127,0.0025,-0.1147,0.2539,-0.4795,2026-08-28,571.835,589.035,571.525,577.9,411753.0,579.376165
2026-08-28T20:31:06.801,30,28,META260925P00680000,META,2026-09-25,put,680.0,98.63,35.0,105.85,35.0,102.24,105.5,10.0,0.3767,-0.9313,0.0022,-0.0783,0.2118,-0.4911,2026-08-28,571.835,589.035,571.525,577.9,411753.0,579.376165
2026-08-28T20:31:06.801,30,28,META260925P00685000,META,2026-09-25,put,685.0,104.01,11.0,112.98,10.0,108.495,92.4,1.0,0.4426,-0.9044,0.0024,-0.1515,0.2717,-0.4839,2026-08-28,571.835,589.035,571.525,577.9,411753.0,579.376165
2026-08-28T20:31:06.801,30,28,META260925P00690000,META,2026-09-25,put,690.0,106.82,10.0,115.69,10.0,111.255,130.38,2.0,0.3453,-0.9626,0.0015,-0.0135,0.1305,-0.5119,2026-08-28,571.835,589.035,571.525,577.9,411753.0,579.376165
2026-08-28T20:31:06.801,30,28,META260925P00695000,META,2026-09-25,put,695.0,114.41,10.0,123.55,6.0,118.97999999999999,124.0,1.0,0.4891,-0.8993,0.0023,-0.1825,0.2823,-0.4897,2026-08-28,571.835,589.035,571.525,577.9,411753.0,579.376165
2026-08-28T20:31:06.801,30,28,META260925P00700000,META,2026-09-25,put,700.0,116.84,14.0,125.37,8.0,121.105,149.58,1.0,0.3578,-0.9686,0.0012,-0.0039,0.1129,-0.5221,2026-08-28,571.835,589.035,571.525,577.9,411753.0,579.376165
2026-08-28T20:31:06.801,30,28,META260925P00705000,META,2026-09-25,put,705.0,126.51,8.0,132.5,11.0,129.505,120.02,1.0,0.5361,-0.8942,0.0021,-0.2152,0.2925,-0.4956,2026-08-28,571.835,589.035,571.525,577.9,411753.0,579.376165
2026-08-28T20:31:06.801,30,28,META260925P00710000,META,2026-09-25,put,710.0,127.46,5.0,134.08,1.0,130.77,,,0.3458,-0.9811,0.0008,0.0244,0.0737,-0.535,2026-08-28,571.835,589.035,571.525,577.9,411753.0,579.376165
2026-08-28T20:31:06.801,30,28,META260925P00715000,META,2026-09-25,put,715.0,130.94,1.0,140.9,1.0,135.92000000000002,127.95,2.0,0.3759,-0.9756,0.001,0.0087,0.0915,-0.5366,2026-08-28,571.835,589.035,571.525,577.9,411753.0,579.376165
2026-08-28T20:31:06.801,30,28,META260925P00720000,META,2026-09-25,put,720.0,136.64,1.0,146.56,2.0,141.6,125.2,5.0,0.4445,-0.956,0.0013,-0.0487,0.149,-0.5322,2026-08-28,571.835,589.035,571.525,577.9,411753.0,579.376165
2026-08-28T20:31:06.801,30,28,META260925P00725000,META,2026-09-25,put,725.0,145.44,1.0,152.15,1.0,148.79500000000002,132.8,1.0,0.5653,-0.9124,0.0018,-0.1894,0.2547,-0.5184,2026-08-28,571.835,589.035,571.525,577.9,411753.0,579.376165
2026-08-28T20:31:06.801,30,28,META260925P00730000,META,2026-09-25,put,730.0,146.74,1.0,156.04,1.0,151.39,161.14,1.0,0.4536,-0.9624,0.0011,-0.0353,0.1312,-0.5426,2026-08-28,571.835,589.035,571.525,577.9,411753.0,579.376165
2026-08-28T20:31:06.801,30,28,META260925P00735000,META,2026-09-25,put,735.0,155.08,6.0,160.33,1.0,157.705,166.14,1.0,0.5437,-0.934,0.0015,-0.1294,0.2053,-0.5348,2026-08-28,571.835,589.035,571.525,577.9,411753.0,579.376165
2026-08-28T20:31:06.801,30,28,META260925P00740000,META,2026-09-25,put,740.0,160.03,1.0,165.79,1.0,162.91,,,0.5661,-0.9311,0.0015,-0.1443,0.2122,-0.5375,2026-08-28,571.835,589.035,571.525,577.9,411753.0,579.376165
2026-08-28T20:31:06.801,30,28,META260925P00745000,META,2026-09-25,put,745.0,161.13,1.0,171.21,1.0,166.17000000000002,,,0.4704,-0.969,0.0009,-0.0211,0.1118,-0.5568,2026-08-28,571.835,589.035,571.525,577.9,411753.0,579.376165
2026-08-28T20:31:06.801,30,28,META260925P00750000,META,2026-09-25,put,750.0,167.01,7.0,177.32,1.0,172.165,,,0.5518,-0.9467,0.0012,-0.0988,0.1735,-0.5516,2026-08-28,571.835,589.035,571.525,577.9,411753.0,579.376165
2026-08-28T20:31:06.801,30,28,META260925P00755000,META,2026-09-25,put,755.0,172.82,7.0,183.07,5.0,177.945,,,0.6048,-0.933,0.0013,-0.1524,0.2077,-0.5499,2026-08-28,571.835,589.035,571.525,577.9,411753.0,579.376165
2026-08-28T20:31:06.801,30,28,META260925P00760000,META,2026-09-25,put,760.0,175.56,6.0,184.75,1.0,180.155,,,,,,,,,2026-08-28,571.835,589.035,571.525,577.9,411753.0,579.376165
2026-08-28T20:31:06.801,30,28,META260925P00765000,META,2026-09-25,put,765.0,182.32,6.0,193.18,1.0,187.75,,,0.6191,-0.9378,0.0012,-0.1436,0.196,-0.5596,2026-08-28,571.835,589.035,571.525,577.9,411753.0,579.376165
2026-08-28T20:31:06.801,30,28,META260925P00770000,META,2026-09-25,put,770.0,189.2,2.0,196.28,1.0,192.74,222.5,1.0,0.6304,-0.9386,0.0012,-0.1447,0.194,-0.5637,2026-08-28,571.835,589.035,571.525,577.9,411753.0,579.376165
2026-08-28T20:31:06.801,30,28,META260925P00775000,META,2026-09-25,put,775.0,189.79,6.0,202.27,1.0,196.03,,,0.5243,-0.9733,0.0007,-0.0163,0.0987,-0.5817,2026-08-28,571.835,589.035,571.525,577.9,411753.0,579.376165
2026-08-28T20:31:06.801,30,28,META260925P00780000,META,2026-09-25,put,780.0,194.85,1.0,206.21,1.0,200.53,,,0.4687,-0.987,0.0004,0.0326,0.0534,-0.5912,2026-08-28,571.835,589.035,571.525,577.9,411753.0,579.376165
2026-08-28T20:31:06.801,30,28,META260925P00785000,META,2026-09-25,put,785.0,200.93,1.0,209.77,1.0,205.35000000000002,,,0.4376,-0.9928,0.0003,0.0531,0.0319,-0.5974,2026-08-28,571.835,589.035,571.525,577.9,411753.0,579.376165
2026-08-28T20:31:06.801,30,28,META260925P00790000,META,2026-09-25,put,790.0,210.31,6.0,215.25,1.0,212.78,,,0.6787,-0.9402,0.0011,-0.1544,0.19,-0.5798,2026-08-28,571.835,589.035,571.525,577.9,411753.0,579.376165
2026-08-28T20:31:06.801,30,28,META260925P00795000,META,2026-09-25,put,795.0,215.08,2.0,221.44,1.0,218.26,,,0.7143,-0.9334,0.0011,-0.1877,0.2067,-0.581,2026-08-28,571.835,589.035,571.525,577.9,411753.0,579.376165
2026-08-28T20:31:06.801,30,28,META260925P00800000,META,2026-09-25,put,800.0,220.76,6.0,222.01,1.0,221.385,,,0.6107,-0.966,0.0008,-0.0536,0.1208,-0.5978,2026-08-28,571.835,589.035,571.525,577.9,411753.0,579.376165
2026-08-28T20:31:06.801,30,28,META260925P00805000,META,2026-09-25,put,805.0,227.43,5.0,231.56,5.0,229.495,,,0.7923,-0.9178,0.0012,-0.2673,0.2428,-0.5827,2026-08-28,571.835,589.035,571.525,577.9,411753.0,579.376165
2026-08-28T20:31:06.801,30,28,META260925P00810000,META,2026-09-25,put,810.0,233.25,2.0,237.5,1.0,235.375,,,0.8386,-0.9078,0.0012,-0.3198,0.2644,-0.5828,2026-08-28,571.835,589.035,571.525,577.9,411753.0,579.376165
2026-08-28T20:31:06.801,30,28,META260925P00815000,META,2026-09-25,put,815.0,235.38,1.0,238.16,1.0,236.76999999999998,,,0.6721,-0.9592,0.0008,-0.0889,0.1401,-0.6066,2026-08-28,571.835,589.035,571.525,577.9,411753.0,579.376165
2026-08-28T20:31:06.801,30,28,META260925P00820000,META,2026-09-25,put,820.0,235.07,6.0,242.96,1.0,239.015,,,,,,,,,2026-08-28,571.835,589.035,571.525,577.9,411753.0,579.376165
2026-08-28T20:31:06.801,30,28,META260925P00825000,META,2026-09-25,put,825.0,245.88,1.0,253.3,1.0,249.59,,,0.8419,-0.9193,0.0011,-0.2817,0.2395,-0.5988,2026-08-28,571.835,589.035,571.525,577.9,411753.0,579.376165
2026-08-28T20:31:06.801,30,28,META260925P00830000,META,2026-09-25,put,830.0,252.33,6.0,254.91,2.0,253.62,,,0.8098,-0.9321,0.001,-0.2239,0.2098,-0.6076,2026-08-28,571.835,589.035,571.525,577.9,411753.0,579.376165
2026-08-28T20:31:06.801,30,28,META260925P00835000,META,2026-09-25,put,835.0,252.15,5.0,258.99,5.0,255.57,,,0.5938,-0.9839,0.0004,0.0143,0.0644,-0.632,2026-08-28,571.835,589.035,571.525,577.9,411753.0,579.376165
2026-08-28T20:31:06.801,30,28,META260925P00840000,META,2026-09-25,put,840.0,254.59,6.0,260.82,11.0,257.705,,,,,,,,,2026-08-28,571.835,589.035,571.525,577.9,411753.0,579.376165
2026-08-28T20:31:06.801,30,28,META260925P00845000,META,2026-09-25,put,845.0,263.5,1.0,272.53,6.0,268.015,,,0.8114,-0.9416,0.0009,-0.189,0.1867,-0.6228,2026-08-28,571.835,589.035,571.525,577.9,411753.0,579.376165
2026-08-28T20:31:06.801,30,28,META260925P00850000,META,2026-09-25,put,850.0,272.53,6.0,280.23,2.0,276.38,,,0.9674,-0.9028,0.0011,-0.3952,0.2751,-0.612,2026-08-28,571.835,589.035,571.525,577.9,411753.0,579.376165
2026-08-28T20:31:06.801,30,28,META260925P00855000,META,2026-09-25,put,855.0,270.32,2.0,283.95,1.0,277.135,,,0.7799,-0.9549,0.0008,-0.1284,0.1518,-0.6357,2026-08-28,571.835,589.035,571.525,577.9,411753.0,579.376165
2026-08-28T20:31:06.801,30,28,META260925P00860000,META,2026-09-25,put,860.0,273.41,2.0,281.92,1.0,277.665,,,,,,,,,2026-08-28,571.835,589.035,571.525,577.9,411753.0,579.376165
2026-08-28T20:31:06.801,30,28,META260925P00865000,META,2026-09-25,put,865.0,282.6,6.0,294.54,11.0,288.57000000000005,,,0.8816,-0.9358,0.0009,-0.2333,0.201,-0.636,2026-08-28,571.835,589.035,571.525,577.9,411753.0,579.376165
2026-08-28T20:31:06.801,30,28,META260925P00870000,META,2026-09-25,put,870.0,283.69,6.0,299.25,1.0,291.47,,,0.7609,-0.966,0.0006,-0.0789,0.1207,-0.6516,2026-08-28,571.835,589.035,571.525,577.9,411753.0,579.376165
2026-08-28T20:31:06.801,30,28,META260925P00875000,META,2026-09-25,put,875.0,295.99,2.0,299.15,1.0,297.57,,,0.8475,-0.9495,0.0008,-0.1668,0.1663,-0.649,2026-08-28,571.835,589.035,571.525,577.9,411753.0,579.376165
2026-08-28T20:31:06.801,30,28,META260925P00880000,META,2026-09-25,put,880.0,295.27,2.0,305.01,1.0,300.14,,,0.5972,-0.9928,0.0002,0.0534,0.0321,-0.6701,2026-08-28,571.835,589.035,571.525,577.9,411753.0,579.376165
2026-08-28T20:31:06.801,30,28,META260925P00885000,META,2026-09-25,put,885.0,302.88,6.0,311.51,6.0,307.195,,,0.8435,-0.9552,0.0007,-0.1414,0.1511,-0.6589,2026-08-28,571.835,589.035,571.525,577.9,411753.0,579.376165
2026-08-28T20:31:06.801,30,28,META260925P00890000,META,2026-09-25,put,890.0,303.65,6.0,321.76,1.0,312.705,,,0.8851,-0.9484,0.0007,-0.1811,0.1692,-0.6601,2026-08-28,571.835,589.035,571.525,577.9,411753.0,579.376165
2026-08-28T20:31:06.801,30,28,META260925P00895000,META,2026-09-25,put,895.0,314.81,2.0,320.93,8.0,317.87,,,0.9045,-0.9465,0.0008,-0.1946,0.1742,-0.6632,2026-08-28,571.835,589.035,571.525,577.9,411753.0,579.376165
2026-08-28T20:31:06.801,30,28,META260925P00900000,META,2026-09-25,put,900.0,319.77,2.0,326.74,1.0,323.255,,,,,,,,,2026-08-28,571.835,589.035,571.525,577.9,411753.0,579.376165
2026-08-28T20:31:06.801,30,28,META260925P00905000,META,2026-09-25,put,905.0,323.91,5.0,330.31,1.0,327.11,,,0.8763,-0.957,0.0007,-0.1403,0.1461,-0.675,2026-08-28,571.835,589.035,571.525,577.9,411753.0,579.376165
2026-08-28T20:31:06.801,30,28,META260925P00910000,META,2026-09-25,put,910.0,328.02,1.0,339.61,1.0,333.815,,,,,,,,,2026-08-28,571.835,589.035,571.525,577.9,411753.0,579.376165
2026-08-28T20:31:06.801,30,28,META260925P00915000,META,2026-09-25,put,915.0,336.94,1.0,343.57,6.0,340.255,,,,,,,,,2026-08-28,571.835,589.035,571.525,577.9,411753.0,579.376165
2026-08-28T20:31:06.801,30,28,META260925P00920000,META,2026-09-25,put,920.0,344.76,5.0,351.96,1.0,348.36,,,,,,,,,2026-08-28,571.835,589.035,571.525,577.9,411753.0,579.376165
2026-08-28T20:31:06.801,30,28,META260925P00925000,META,2026-09-25,put,925.0,337.0,1.0,351.57,1.0,344.28499999999997,,,,,,,,,2026-08-28,571.835,589.035,571.525,577.9,411753.0,579.376165
2026-08-28T20:31:06.801,30,28,META260925P00930000,META,2026-09-25,put,930.0,343.79,8.0,360.17,1.0,351.98,,,0.9139,-0.9594,0.0006,-0.1367,0.1395,-0.6951,2026-08-28,571.835,589.035,571.525,577.9,411753.0,579.376165
2026-08-28T20:31:06.801,30,28,META260925P00935000,META,2026-09-25,put,935.0,348.65,1.0,363.53,7.0,356.09,,,,,,,,,2026-08-28,571.835,589.035,571.525,577.9,411753.0,579.376165
2026-08-28T20:31:06.801,30,28,META260925P00940000,META,2026-09-25,put,940.0,356.9,1.0,361.23,1.0,359.065,,,,,,,,,2026-08-28,571.835,589.035,571.525,577.9,411753.0,579.376165
2026-08-28T20:31:06.801,30,28,META260925P00945000,META,2026-09-25,put,945.0,362.53,1.0,369.48,1.0,366.005,,,,,,,,,2026-08-28,571.835,589.035,571.525,577.9,411753.0,579.376165
2026-08-28T20:31:06.801,30,28,META260925P00950000,META,2026-09-25,put,950.0,361.5,2.0,383.0,1.0,372.25,,,,,,,,,2026-08-28,571.835,589.035,571.525,577.9,411753.0,579.376165
2026-08-28T20:31:06.801,30,28,META260925P00955000,META,2026-09-25,put,955.0,370.28,1.0,379.11,7.0,374.695,,,,,,,,,2026-08-28,571.835,589.035,571.525,577.9,411753.0,579.376165
2026-08-28T20:31:06.801,30,28,META260925P00960000,META,2026-09-25,put,960.0,381.32,1.0,387.11,1.0,384.21500000000003,,,,,,,,,2026-08-28,571.835,589.035,571.525,577.9,411753.0,579.376165
2026-08-28T20:31:06.801,30,28,META260925P00965000,META,2026-09-25,put,965.0,383.28,1.0,387.8,1.0,385.53999999999996,,,0.8395,-0.9812,0.0003,-0.0147,0.0735,-0.7305,2026-08-28,571.835,589.035,571.525,577.9,411753.0,579.376165
2026-08-28T20:31:06.801,30,28,META260925P00970000,META,2026-09-25,put,970.0,384.42,5.0,399.19,5.0,391.805,,,,,,,,,2026-08-28,571.835,589.035,571.525,577.9,411753.0,579.376165
2026-08-28T20:31:06.801,30,28,META260925P00975000,META,2026-09-25,put,975.0,396.43,1.0,398.95,7.0,397.69,,,,,,,,,2026-08-28,571.835,589.035,571.525,577.9,411753.0,579.376165
2026-08-28T20:31:06.801,30,28,META260925P00980000,META,2026-09-25,put,980.0,401.13,2.0,407.27,1.0,404.2,,,,,,,,,2026-08-28,571.835,589.035,571.525,577.9,411753.0,579.376165
2026-08-28T20:31:06.801,30,28,META260925P00985000,META,2026-09-25,put,985.0,411.15,5.0,418.4,1.0,414.775,,,,,,,,,2026-08-28,571.835,589.035,571.525,577.9,411753.0,579.376165
2026-08-28T20:31:06.801,30,28,META260925P00990000,META,2026-09-25,put,990.0,402.47,5.0,421.63,1.0,412.05,,,,,,,,,2026-08-28,571.835,589.035,571.525,577.9,411753.0,579.376165
2026-08-28T20:31:06.801,30,28,META260925P00995000,META,2026-09-25,put,995.0,418.8,6.0,429.18,1.0,423.99,,,,,,,,,2026-08-28,571.835,589.035,571.525,577.9,411753.0,579.376165
2026-08-28T20:31:06.801,30,28,META260925P01000000,META,2026-09-25,put,1000.0,420.18,1.0,431.13,7.0,425.655,,,,,,,,,2026-08-28,571.835,589.035,571.525,577.9,411753.0,579.376165
2026-08-28T20:31:06.801,30,28,META260925P01010000,META,2026-09-25,put,1010.0,434.01,6.0,441.21,1.0,437.61,,,,,,,,,2026-08-28,571.835,589.035,571.525,577.9,411753.0,579.376165
2026-08-28T20:31:06.801,30,28,META260925P01020000,META,2026-09-25,put,1020.0,438.67,5.0,452.9,1.0,445.78499999999997,,,,,,,,,2026-08-28,571.835,589.035,571.525,577.9,411753.0,579.376165
2026-08-28T20:31:06.801,30,28,META260925P01030000,META,2026-09-25,put,1030.0,440.44,5.0,462.53,1.0,451.485,,,,,,,,,2026-08-28,571.835,589.035,571.525,577.9,411753.0,579.376165
2026-08-28T20:31:06.801,30,28,META260925P01040000,META,2026-09-25,put,1040.0,462.16,5.0,472.94,7.0,467.55,,,,,,,,,2026-08-28,571.835,589.035,571.525,577.9,411753.0,579.376165
2026-08-28T20:31:06.801,30,28,META260925P01050000,META,2026-09-25,put,1050.0,473.7,5.0,480.9,1.0,477.29999999999995,,,,,,,,,2026-08-28,571.835,589.035,571.525,577.9,411753.0,579.376165
2026-08-28T20:31:06.801,30,28,META260925P01060000,META,2026-09-25,put,1060.0,481.1,2.0,490.15,1.0,485.625,,,,,,,,,2026-08-28,571.835,589.035,571.525,577.9,411753.0,579.376165
2026-08-28T20:31:06.801,30,28,META260925P01070000,META,2026-09-25,put,1070.0,496.78,6.0,502.27,1.0,499.525,,,,,,,,,2026-08-28,571.835,589.035,571.525,577.9,411753.0,579.376165
2026-08-28T20:31:06.801,45,42,META261009C00100000,META,2026-10-09,call,100.0,470.38,1.0,476.92,1.0,473.65,,,,,,,,,2026-08-28,571.835,589.035,571.525,577.9,411753.0,579.376165
2026-08-28T20:31:06.801,45,42,META261009C00110000,META,2026-10-09,call,110.0,460.65,1.0,470.23,1.0,465.44,,,,,,,,,2026-08-28,571.835,589.035,571.525,577.9,411753.0,579.376165
2026-08-28T20:31:06.801,45,42,META261009C00120000,META,2026-10-09,call,120.0,449.12,1.0,455.13,2.0,452.125,,,,,,,,,2026-08-28,571.835,589.035,571.525,577.9,411753.0,579.376165
2026-08-28T20:31:06.801,45,42,META261009C00130000,META,2026-10-09,call,130.0,445.31,6.0,447.95,1.0,446.63,,,,,,,,,2026-08-28,571.835,589.035,571.525,577.9,411753.0,579.376165
2026-08-28T20:31:06.801,45,42,META261009C00140000,META,2026-10-09,call,140.0,427.71,1.0,446.64,1.0,437.17499999999995,,,,,,,,,2026-08-28,571.835,589.035,571.525,577.9,411753.0,579.376165
2026-08-28T20:31:06.801,45,42,META261009C00150000,META,2026-10-09,call,150.0,423.89,1.0,424.26,1.0,424.075,,,,,,,,,2026-08-28,571.835,589.035,571.525,577.9,411753.0,579.376165
2026-08-28T20:31:06.801,45,42,META261009C00160000,META,2026-10-09,call,160.0,408.08,1.0,415.91,1.0,411.995,,,,,,,,,2026-08-28,571.835,589.035,571.525,577.9,411753.0,579.376165
2026-08-28T20:31:06.801,45,42,META261009C00170000,META,2026-10-09,call,170.0,409.48,2.0,418.08,1.0,413.78,,,,,,,,,2026-08-28,571.835,589.035,571.525,577.9,411753.0,579.376165
2026-08-28T20:31:06.801,45,42,META261009C00180000,META,2026-10-09,call,180.0,388.5,2.0,403.15,1.0,395.825,,,,,,,,,2026-08-28,571.835,589.035,571.525,577.9,411753.0,579.376165
2026-08-28T20:31:06.801,45,42,META261009C00190000,META,2026-10-09,call,190.0,385.37,2.0,390.31,1.0,387.84000000000003,,,,,,,,,2026-08-28,571.835,589.035,571.525,577.9,411753.0,579.376165
2026-08-28T20:31:06.801,45,42,META261009C00200000,META,2026-10-09,call,200.0,379.43,2.0,385.46,1.0,382.445,,,,,,,,,2026-08-28,571.835,589.035,571.525,577.9,411753.0,579.376165
2026-08-28T20:31:06.801,45,42,META261009C00210000,META,2026-10-09,call,210.0,360.44,1.0,372.71,1.0,366.575,,,,,,,,,2026-08-28,571.835,589.035,571.525,577.9,411753.0,579.376165
2026-08-28T20:31:06.801,45,42,META261009C00220000,META,2026-10-09,call,220.0,353.19,6.0,357.25,1.0,355.22,,,,,,,,,2026-08-28,571.835,589.035,571.525,577.9,411753.0,579.376165
2026-08-28T20:31:06.801,45,42,META261009C00230000,META,2026-10-09,call,230.0,344.87,1.0,357.7,1.0,351.28499999999997,,,,,,,,,2026-08-28,571.835,589.035,571.525,577.9,411753.0,579.376165
2026-08-28T20:31:06.801,45,42,META261009C00240000,META,2026-10-09,call,240.0,338.6,1.0,340.79,1.0,339.69500000000005,,,,,,,,,2026-08-28,571.835,589.035,571.525,577.9,411753.0,579.376165
2026-08-28T20:31:06.801,45,42,META261009C00250000,META,2026-10-09,call,250.0,319.34,1.0,332.58,1.0,325.96,,,,,,,,,2026-08-28,571.835,589.035,571.525,577.9,411753.0,579.376165
2026-08-28T20:31:06.801,45,42,META261009C00260000,META,2026-10-09,call,260.0,309.24,2.0,324.2,1.0,316.72,,,,,,,,,2026-08-28,571.835,589.035,571.525,577.9,411753.0,579.376165
2026-08-28T20:31:06.801,45,42,META261009C00270000,META,2026-10-09,call,270.0,310.31,1.0,310.66,1.0,310.485,,,,,,,,,2026-08-28,571.835,589.035,571.525,577.9,411753.0,579.376165
2026-08-28T20:31:06.801,45,42,META261009C00280000,META,2026-10-09,call,280.0,295.84,1.0,306.05,1.0,300.945,,,,,,,,,2026-08-28,571.835,589.035,571.525,577.9,411753.0,579.376165
2026-08-28T20:31:06.801,45,42,META261009C00290000,META,2026-10-09,call,290.0,288.88,2.0,296.75,1.0,292.815,,,,,,,,,2026-08-28,571.835,589.035,571.525,577.9,411753.0,579.376165
2026-08-28T20:31:06.801,45,42,META261009C00300000,META,2026-10-09,call,300.0,271.0,1.0,278.08,1.0,274.53999999999996,,,,,,,,,2026-08-28,571.835,589.035,571.525,577.9,411753.0,579.376165
2026-08-28T20:31:06.801,45,42,META261009C00310000,META,2026-10-09,call,310.0,268.7,1.0,275.89,3.0,272.29499999999996,,,,,,,,,2026-08-28,571.835,589.035,571.525,577.9,411753.0,579.376165
2026-08-28T20:31:06.801,45,42,META261009C00320000,META,2026-10-09,call,320.0,250.94,1.0,266.89,1.0,258.91499999999996,,,,,,,,,2026-08-28,571.835,589.035,571.525,577.9,411753.0,579.376165
2026-08-28T20:31:06.801,45,42,META261009C00330000,META,2026-10-09,call,330.0,240.72,1.0,251.48,1.0,246.1,,,,,,,,,2026-08-28,571.835,589.035,571.525,577.9,411753.0,579.376165
2026-08-28T20:31:06.801,45,42,META261009C00340000,META,2026-10-09,call,340.0,232.45,1.0,248.23,1.0,240.33999999999997,,,0.8217,0.9801,0.0003,-0.1252,0.0945,0.3749,2026-08-28,571.835,589.035,571.525,577.9,411753.0,579.376165
2026-08-28T20:31:06.801,45,42,META261009C00350000,META,2026-10-09,call,350.0,221.8,2.0,235.13,1.0,228.465,,,,,,,,,2026-08-28,571.835,589.035,571.525,577.9,411753.0,579.376165
2026-08-28T20:31:06.801,45,42,META261009C00360000,META,2026-10-09,call,360.0,216.51,2.0,226.69,1.0,221.6,,,0.8377,0.9657,0.0005,-0.1824,0.149,0.3868,2026-08-28,571.835,589.035,571.525,577.9,411753.0,579.376165
2026-08-28T20:31:06.801,45,42,META261009C00370000,META,2026-10-09,call,370.0,203.06,1.0,215.17,1.0,209.115,,,,,,,,,2026-08-28,571.835,589.035,571.525,577.9,411753.0,579.376165
2026-08-28T20:31:06.801,45,42,META261009C00380000,META,2026-10-09,call,380.0,196.45,1.0,205.08,1.0,200.765,,,0.692,0.9725,0.0005,-0.1385,0.124,0.4154,2026-08-28,571.835,589.035,571.525,577.9,411753.0,579.376165
2026-08-28T20:31:06.801,45,42,META261009C00390000,META,2026-10-09,call,390.0,185.46,1.0,196.35,1.0,190.905,,,0.6629,0.9698,0.0005,-0.143,0.134,0.4249,2026-08-28,571.835,589.035,571.525,577.9,411753.0,579.376165
2026-08-28T20:31:06.801,45,42,META261009C00400000,META,2026-10-09,call,400.0,173.05,1.0,186.94,1.0,179.995,,,0.5411,0.9828,0.0004,-0.0927,0.0832,0.4461,2026-08-28,571.835,589.035,571.525,577.9,411753.0,579.376165
2026-08-28T20:31:06.801,45,42,META261009C00405000,META,2026-10-09,call,405.0,172.57,1.0,178.48,1.0,175.52499999999998,,,0.5751,0.9737,0.0005,-0.1207,0.1193,0.4452,2026-08-28,571.835,589.035,571.525,577.9,411753.0,579.376165
2026-08-28T20:31:06.801,45,42,META261009C00410000,META,2026-10-09,call,410.0,162.33,1.0,171.45,1.0,166.89,,,,,,,,,2026-08-28,571.835,589.035,571.525,577.9,411753.0,579.376165
2026-08-28T20:31:06.801,45,42,META261009C00415000,META,2026-10-09,call,415.0,158.11,1.0,170.49,1.0,164.3,,,,,,,,,2026-08-28,571.835,589.035,571.525,577.9,411753.0,579.376165
2026-08-28T20:31:06.801,45,42,META261009C00420000,META,2026-10-09,call,420.0,154.66,5.0,161.18,5.0,157.92000000000002,,,,,,,,,2026-08-28,571.835,589.035,571.525,577.9,411753.0,579.376165
2026-08-28T20:31:06.801,45,42,META261009C00425000,META,2026-10-09,call,425.0,153.01,1.0,158.0,1.0,155.505,,,0.5005,0.9724,0.0006,-0.1151,0.1245,0.4674,2026-08-28,571.835,589.035,571.525,577.9,411753.0,579.376165
2026-08-28T20:31:06.801,45,42,META261009C00430000,META,2026-10-09,call,430.0,147.12,1.0,153.36,6.0,150.24,,,0.46,0.9771,0.0006,-0.1001,0.1065,0.4765,2026-08-28,571.835,589.035,571.525,577.9,411753.0,579.376165
2026-08-28T20:31:06.801,45,42,META261009C00435000,META,2026-10-09,call,435.0,140.29,5.0,148.45,6.0,144.37,,,,,,,,,2026-08-28,571.835,589.035,571.525,577.9,411753.0,579.376165
2026-08-28T20:31:06.801,45,42,META261009C00440000,META,2026-10-09,call,440.0,136.21,6.0,143.63,1.0,139.92000000000002,,,0.3913,0.9842,0.0005,-0.0794,0.0778,0.4931,2026-08-28,571.835,589.035,571.525,577.9,411753.0,579.376165
2026-08-28T20:31:06.801,45,42,META261009C00445000,META,2026-10-09,call,445.0,131.009,13.0,140.29,6.0,135.6495,,,0.4413,0.9675,0.0008,-0.1175,0.1424,0.487,2026-08-28,571.835,589.035,571.525,577.9,411753.0,579.376165
2026-08-28T20:31:06.801,45,42,META261009C00450000,META,2026-10-09,call,450.0,124.54,8.0,136.37,8.0,130.455,,,0.41,0.9709,0.0008,-0.1068,0.1298,0.4952,2026-08-28,571.835,589.035,571.525,577.9,411753.0,579.376165
2026-08-28T20:31:06.801,45,42,META261009C00455000,META,2026-10-09,call,455.0,120.37,3.0,128.87,5.0,124.62,,,0.283,0.995,0.0003,-0.0549,0.0282,0.5179,2026-08-28,571.835,589.035,571.525,577.9,411753.0,579.376165
2026-08-28T20:31:06.801,45,42,META261009C00460000,META,2026-10-09,call,460.0,117.01,3.0,124.85,7.0,120.93,,,0.408,0.9595,0.0011,-0.1265,0.1706,0.4986,2026-08-28,571.835,589.035,571.525,577.9,411753.0,579.376165
2026-08-28T20:31:06.801,45,42,META261009C00465000,META,2026-10-09,call,465.0,112.46,5.0,118.05,9.0,115.255,,,0.3446,0.9744,0.0009,-0.093,0.1168,0.515,2026-08-28,571.835,589.035,571.525,577.9,411753.0,579.376165
2026-08-28T20:31:06.801,45,42,META261009C00470000,META,2026-10-09,call,470.0,109.1,6.0,115.55,3.0,112.32499999999999,,,0.4381,0.9319,0.0015,-0.1773,0.2576,0.4901,2026-08-28,571.835,589.035,571.525,577.9,411753.0,579.376165
2026-08-28T20:31:06.801,45,42,META261009C00475000,META,2026-10-09,call,475.0,104.89,6.0,109.66,4.0,107.275,,,0.4181,0.9305,0.0016,-0.1735,0.2615,0.495,2026-08-28,571.835,589.035,571.525,577.9,411753.0,579.376165
2026-08-28T20:31:06.801,45,42,META261009C00480000,META,2026-10-09,call,480.0,96.85,7.0,106.25,8.0,101.55,,,0.371,0.9415,0.0016,-0.1456,0.2288,0.5089,2026-08-28,571.835,589.035,571.525,577.9,411753.0,579.376165
2026-08-28T20:31:06.801,45,42,META261009C00485000,META,2026-10-09,call,485.0,92.7,6.0,100.09,5.0,96.39500000000001,,,0.3471,0.9428,0.0017,-0.138,0.2247,0.5157,2026-08-28,571.835,589.035,571.525,577.9,411753.0,579.376165
2026-08-28T20:31:06.801,45,42,META261009C00490000,META,2026-10-09,call,490.0,88.61,6.0,95.51,3.0,92.06,,,0.3567,0.9271,0.002,-0.1599,0.2713,0.5103,2026-08-28,571.835,589.035,571.525,577.9,411753.0,579.376165
2026-08-28T20:31:06.801,45,42,META261009C00495000,META,2026-10-09,call,495.0,84.07,5.0,91.23,2.0,87.65,,,0.3593,0.9134,0.0022,-0.1766,0.3092,0.5062,2026-08-28,571.835,589.035,571.525,577.9,411753.0,579.376165
2026-08-28T20:31:06.801,45,42,META261009C00500000,META,2026-10-09,call,500.0,79.72,2.0,86.03,5.0,82.875,,,0.3483,0.9059,0.0025,-0.1807,0.3288,0.5068,2026-08-28,571.835,589.035,571.525,577.9,411753.0,579.376165
2026-08-28T20:31:06.801,45,42,META261009C00505000,META,2026-10-09,call,505.0,75.76,30.0,83.19,6.0,79.475,,,0.3734,0.8764,0.0028,-0.2209,0.4001,0.4911,2026-08-28,571.835,589.035,571.525,577.9,411753.0,579.376165
2026-08-28T20:31:06.801,45,42,META261009C00510000,META,2026-10-09,call,510.0,70.78,8.0,80.22,5.0,75.5,,,0.378,0.8572,0.003,-0.2412,0.442,0.4829,2026-08-28,571.835,589.035,571.525,577.9,411753.0,579.376165
2026-08-28T20:31:06.801,45,42,META261009C00515000,META,2026-10-09,call,515.0,66.15,9.0,74.04,5.0,70.095,,,0.349,0.8564,0.0033,-0.2271,0.4437,0.4885,2026-08-28,571.835,589.035,571.525,577.9,411753.0,579.376165
2026-08-28T20:31:06.801,45,42,META261009C00520000,META,2026-10-09,call,520.0,63.38,17.0,70.05,2.0,66.715,,,0.363,0.8287,0.0036,-0.2568,0.4982,0.474,2026-08-28,571.835,589.035,571.525,577.9,411753.0,579.376165
2026-08-28T20:31:06.801,45,42,META261009C00525000,META,2026-10-09,call,525.0,58.01,71.0,65.75,34.0,61.879999999999995,59.29,3.0,0.3453,0.8186,0.0039,-0.2538,0.5167,0.4729,2026-08-28,571.835,589.035,571.525,577.9,411753.0,579.376165
2026-08-28T20:31:06.801,45,42,META261009C00530000,META,2026-10-09,call,530.0,53.99,20.0,62.41,42.0,58.2,55.32,2.0,0.3484,0.7946,0.0042,-0.2716,0.5573,0.4612,2026-08-28,571.835,589.035,571.525,577.9,411753.0,579.376165
2026-08-28T20:31:06.801,45,42,META261009C00535000,META,2026-10-09,call,535.0,51.98,32.0,57.95,24.0,54.965,59.95,1.0,0.3566,0.767,0.0044,-0.2935,0.5993,0.4465,2026-08-28,571.835,589.035,571.525,577.9,411753.0,579.376165
2026-08-28T20:31:06.801,45,42,META261009C00540000,META,2026-10-09,call,540.0,47.14,8.0,53.84,9.0,50.49,,,0.342,0.7501,0.0047,-0.292,0.6225,0.4405,2026-08-28,571.835,589.035,571.525,577.9,411753.0,579.376165
2026-08-28T20:31:06.801,45,42,META261009C00545000,META,2026-10-09,call,545.0,44.04,14.0,51.14,9.0,47.59,,,0.3508,0.7202,0.0049,-0.3125,0.6593,0.4239,2026-08-28,571.835,589.035,571.525,577.9,411753.0,579.376165
2026-08-28T20:31:06.801,45,42,META261009C00550000,META,2026-10-09,call,550.0,39.81,100.0,48.73,22.0,44.269999999999996,44.0,3.0,0.3506,0.6939,0.0051,-0.3229,0.6874,0.4102,2026-08-28,571.835,589.035,571.525,577.9,411753.0,579.376165
2026-08-28T20:31:06.801,45,42,META261009C00555000,META,2026-10-09,call,555.0,37.01,34.0,45.39,34.0,41.2,38.4,43.0,0.352,0.6662,0.0053,-0.3334,0.7128,0.3954,2026-08-28,571.835,589.035,571.525,577.9,411753.0,579.376165
2026-08-28T20:31:06.801,45,42,META261009C00560000,META,2026-10-09,call,560.0,34.15,86.0,42.83,29.0,38.489999999999995,37.6,2.0,0.3563,0.6374,0.0054,-0.3449,0.7348,0.3794,2026-08-28,571.835,589.035,571.525,577.9,411753.0,579.376165
2026-08-28T20:31:06.801,45,42,META261009C00565000,META,2026-10-09,call,565.0,31.47,37.0,39.75,25.0,35.61,39.55,10.0,0.3562,0.6095,0.0055,-0.3508,0.752,0.3641,2026-08-28,571.835,589.035,571.525,577.9,411753.0,579.376165
2026-08-28T20:31:06.801,45,42,META261009C00570000,META,2026-10-09,call,570.0,29.97,18.0,34.91,40.0,32.44,31.41,2.0,0.3504,0.5818,0.0057,-0.3498,0.7652,0.3494,2026-08-28,571.835,589.035,571.525,577.9,411753.0,579.376165
2026-08-28T20:31:06.801,45,42,META261009C00575000,META,2026-10-09,call,575.0,27.65,52.0,31.4,62.0,29.525,28.68,5.0,0.3462,0.553,0.0058,-0.3486,0.7748,0.3336,2026-08-28,571.835,589.035,571.525,577.9,411753.0,579.376165
2026-08-28T20:31:06.801,45,42,META261009C00580000,META,2026-10-09,call,580.0,23.77,89.0,31.23,107.0,27.5,27.1,2.0,0.3517,0.5241,0.0058,-0.3544,0.7802,0.3167,2026-08-28,571.835,589.035,571.525,577.9,411753.0,579.376165
2026-08-28T20:31:06.801,45,42,META261009C00585000,META,2026-10-09,call,585.0,21.01,82.0,28.94,16.0,24.975,24.57,3.0,0.3488,0.495,0.0058,-0.3509,0.7816,0.3003,2026-08-28,571.835,589.035,571.525,577.9,411753.0,579.376165
2026-08-28T20:31:06.801,45,42,META261009C00590000,META,2026-10-09,call,590.0,18.92,47.0,26.94,21.0,22.93,21.9,2.0,0.3503,0.4667,0.0058,-0.3497,0.7789,0.2838,2026-08-28,571.835,589.035,571.525,577.9,411753.0,579.376165
2026-08-28T20:31:06.801,45,42,META261009C00595000,META,2026-10-09,call,595.0,19.24,53.0,22.68,34.0,20.96,22.59,1.0,0.3509,0.4388,0.0057,-0.3461,0.7724,0.2675,2026-08-28,571.835,589.035,571.525,577.9,411753.0,579.376165
2026-08-28T20:31:06.801,45,42,META261009C00600000,META,2026-10-09,call,600.0,17.9,2.0,21.43,117.0,19.665,19.0,1.0,0.3587,0.4141,0.0055,-0.3482,0.7635,0.2526,2026-08-28,571.835,589.035,571.525,577.9,411753.0,579.376165
2026-08-28T20:31:06.801,45,42,META261009C00605000,META,2026-10-09,call,605.0,15.16,89.0,19.13,48.0,17.145,17.3,1.0,0.3486,0.3833,0.0056,-0.331,0.748,0.235,2026-08-28,571.835,589.035,571.525,577.9,411753.0,579.376165
2026-08-28T20:31:06.801,45,42,META261009C00610000,META,2026-10-09,call,610.0,14.49,3.0,17.91,102.0,16.2,15.2,1.0,0.3579,0.3617,0.0053,-0.3323,0.7342,0.2218,2026-08-28,571.835,589.035,571.525,577.9,411753.0,579.376165
2026-08-28T20:31:06.801,45,42,META261009C00615000,META,2026-10-09,call,615.0,12.13,21.0,18.08,56.0,15.105,15.0,1.0,0.3639,0.3401,0.0051,-0.3293,0.718,0.2087,2026-08-28,571.835,589.035,571.525,577.9,411753.0,579.376165
2026-08-28T20:31:06.801,45,42,META261009C00620000,META,2026-10-09,call,620.0,11.63,65.0,15.12,84.0,13.375,13.35,1.0,0.3594,0.3137,0.005,-0.3142,0.6948,0.1931,2026-08-28,571.835,589.035,571.525,577.9,411753.0,579.376165
2026-08-28T20:31:06.801,45,42,META261009C00625000,META,2026-10-09,call,625.0,7.63,40.0,14.5,18.0,11.065,13.15,1.0,0.3442,0.2807,0.005,-0.2858,0.6604,0.1738,2026-08-28,571.835,589.035,571.525,577.9,411753.0,579.376165
2026-08-28T20:31:06.801,45,42,META261009C00630000,META,2026-10-09,call,630.0,7.95,51.0,12.7,42.0,10.325,10.3,1.0,0.3508,0.2628,0.0047,-0.2811,0.6391,0.1628,2026-08-28,571.835,589.035,571.525,577.9,411753.0,579.376165
2026-08-28T20:31:06.801,45,42,META261009C00635000,META,2026-10-09,call,635.0,7.99,82.0,11.22,58.0,9.605,9.0,1.0,0.3565,0.2458,0.0045,-0.2752,0.617,0.1523,2026-08-28,571.835,589.035,571.525,577.9,411753.0,579.376165
2026-08-28T20:31:06.801,45,42,META261009C00640000,META,2026-10-09,call,640.0,6.87,90.0,10.66,83.0,8.765,8.56,2.0,0.3592,0.2278,0.0043,-0.2654,0.5917,0.1413,2026-08-28,571.835,589.035,571.525,577.9,411753.0,579.376165
2026-08-28T20:31:06.801,45,42,META261009C00645000,META,2026-10-09,call,645.0,5.48,10.0,12.02,88.0,8.75,9.8,1.0,0.3749,0.2204,0.004,-0.2712,0.5808,0.1364,2026-08-28,571.835,589.035,571.525,577.9,411753.0,579.376165
2026-08-28T20:31:06.801,45,42,META261009C00650000,META,2026-10-09,call,650.0,5.07,284.0,7.56,1.0,6.3149999999999995,7.0,1.0,0.3459,0.181,0.0039,-0.2223,0.5159,0.113,2026-08-28,571.835,589.035,571.525,577.9,411753.0,579.376165
2026-08-28T20:31:06.801,45,42,META261009C00655000,META,2026-10-09,call,655.0,3.98,101.0,8.85,39.0,6.415,6.2,5.0,0.3623,0.1769,0.0037,-0.229,0.5086,0.1102,2026-08-28,571.835,589.035,571.525,577.9,411753.0,579.376165
2026-08-28T20:31:06.801,45,42,META261009C00660000,META,2026-10-09,call,660.0,3.28,65.0,6.74,10.0,5.01,5.15,1.0,0.3472,0.1498,0.0034,-0.1968,0.4564,0.0938,2026-08-28,571.835,589.035,571.525,577.9,411753.0,579.376165
2026-08-28T20:31:06.801,45,42,META261009C00665000,META,2026-10-09,call,665.0,1.03,71.0,9.24,52.0,5.135,5.41,1.0,0.3634,0.1475,0.0032,-0.2035,0.4518,0.0921,2026-08-28,571.835,589.035,571.525,577.9,411753.0,579.376165
2026-08-28T20:31:06.801,45,42,META261009C00670000,META,2026-10-09,call,670.0,3.08,70.0,6.52,51.0,4.8,4.35,1.0,0.3689,0.138,0.003,-0.1972,0.4319,0.0862,2026-08-28,571.835,589.035,571.525,577.9,411753.0,579.376165
2026-08-28T20:31:06.801,45,42,META261009C00675000,META,2026-10-09,call,675.0,2.95,45.0,4.93,52.0,3.94,2.95,3.0,0.3606,0.1194,0.0028,-0.1743,0.3906,0.0748,2026-08-28,571.835,589.035,571.525,577.9,411753.0,579.376165
2026-08-28T20:31:06.801,45,42,META261009C00680000,META,2026-10-09,call,680.0,1.98,51.0,8.02,5.0,5.0,,,0.3991,0.1343,0.0028,-0.2087,0.4238,0.0835,2026-08-28,571.835,589.035,571.525,577.9,411753.0,579.376165
2026-08-28T20:31:06.801,45,42,META261009C00685000,META,2026-10-09,call,685.0,2.35,115.0,4.92,142.0,3.635,2.88,10.0,0.3767,0.1079,0.0025,-0.1689,0.3635,0.0676,2026-08-28,571.835,589.035,571.525,577.9,411753.0,579.376165
2026-08-28T20:31:06.801,45,42,META261009C00690000,META,2026-10-09,call,690.0,2.07,84.0,3.8,54.0,2.9349999999999996,2.99,3.0,0.3678,0.092,0.0023,-0.1466,0.3233,0.0578,2026-08-28,571.835,589.035,571.525,577.9,411753.0,579.376165
2026-08-28T20:31:06.801,45,42,META261009C00695000,META,2026-10-09,call,695.0,1.27,148.0,7.08,108.0,4.175,,,0.4148,0.1123,0.0023,-0.1907,0.3739,0.0698,2026-08-28,571.835,589.035,571.525,577.9,411753.0,579.376165
2026-08-28T20:31:06.801,45,42,META261009C00700000,META,2026-10-09,call,700.0,1.86,105.0,3.39,159.0,2.625,2.38,1.0,0.3798,0.0816,0.002,-0.1381,0.2956,0.0512,2026-08-28,571.835,589.035,571.525,577.9,411753.0,579.376165
2026-08-28T20:31:06.801,45,42,META261009C00705000,META,2026-10-09,call,705.0,0.98,51.0,3.66,47.0,2.3200000000000003,,,0.3796,0.0735,0.0019,-0.1274,0.273,0.0462,2026-08-28,571.835,589.035,571.525,577.9,411753.0,579.376165
2026-08-28T20:31:06.801,45,42,META261009C00710000,META,2026-10-09,call,710.0,0.0,0.0,6.28,39.0,3.14,,,,,,,,,2026-08-28,571.835,589.035,571.525,577.9,411753.0,579.376165
2026-08-28T20:31:06.801,45,42,META261009C00715000,META,2026-10-09,call,715.0,1.39,46.0,2.55,61.0,1.9699999999999998,1.87,1.0,0.3864,0.063,0.0016,-0.115,0.2424,0.0396,2026-08-28,571.835,589.035,571.525,577.9,411753.0,579.376165
2026-08-28T20:31:06.801,45,42,META261009C00720000,META,2026-10-09,call,720.0,0.0,0.0,5.78,56.0,2.89,,,,,,,,,2026-08-28,571.835,589.035,571.525,577.9,411753.0,579.376165
2026-08-28T20:31:06.801,45,42,META261009C00725000,META,2026-10-09,call,725.0,0.0,0.0,5.73,57.0,2.865,1.47,10.0,,,,,,,2026-08-28,571.835,589.035,571.525,577.9,411753.0,579.376165
2026-08-28T20:31:06.801,45,42,META261009C00730000,META,2026-10-09,call,730.0,0.0,0.0,5.47,66.0,2.735,,,,,,,,,2026-08-28,571.835,589.035,571.525,577.9,411753.0,579.376165
2026-08-28T20:31:06.801,45,42,META261009C00735000,META,2026-10-09,call,735.0,0.0,0.0,2.42,14.0,1.21,,,,,,,,,2026-08-28,571.835,589.035,571.525,577.9,411753.0,579.376165
2026-08-28T20:31:06.801,45,42,META261009C00740000,META,2026-10-09,call,740.0,0.0,0.0,2.43,28.0,1.215,,,,,,,,,2026-08-28,571.835,589.035,571.525,577.9,411753.0,579.376165
2026-08-28T20:31:06.801,45,42,META261009C00745000,META,2026-10-09,call,745.0,0.0,0.0,3.39,58.0,1.695,,,,,,,,,2026-08-28,571.835,589.035,571.525,577.9,411753.0,579.376165
2026-08-28T20:31:06.801,45,42,META261009C00750000,META,2026-10-09,call,750.0,0.0,0.0,5.18,61.0,2.59,,,,,,,,,2026-08-28,571.835,589.035,571.525,577.9,411753.0,579.376165
2026-08-28T20:31:06.801,45,42,META261009C00755000,META,2026-10-09,call,755.0,0.07,74.0,1.48,28.0,0.775,,,0.3917,0.0276,0.0008,-0.0595,0.1244,0.0174,2026-08-28,571.835,589.035,571.525,577.9,411753.0,579.376165
2026-08-28T20:31:06.801,45,42,META261009C00760000,META,2026-10-09,call,760.0,0.0,0.0,2.07,112.0,1.035,,,,,,,,,2026-08-28,571.835,589.035,571.525,577.9,411753.0,579.376165
2026-08-28T20:31:06.801,45,42,META261009C00765000,META,2026-10-09,call,765.0,0.0,0.0,1.51,15.0,0.755,,,,,,,,,2026-08-28,571.835,589.035,571.525,577.9,411753.0,579.376165
2026-08-28T20:31:06.801,45,42,META261009C00770000,META,2026-10-09,call,770.0,0.0,0.0,4.97,45.0,2.485,,,,,,,,,2026-08-28,571.835,589.035,571.525,577.9,411753.0,579.376165
2026-08-28T20:31:06.801,45,42,META261009C00775000,META,2026-10-09,call,775.0,0.0,0.0,4.73,50.0,2.365,,,,,,,,,2026-08-28,571.835,589.035,571.525,577.9,411753.0,579.376165
2026-08-28T20:31:06.801,45,42,META261009C00780000,META,2026-10-09,call,780.0,0.0,0.0,4.81,91.0,2.405,,,,,,,,,2026-08-28,571.835,589.035,571.525,577.9,411753.0,579.376165
2026-08-28T20:31:06.801,45,42,META261009C00785000,META,2026-10-09,call,785.0,0.0,0.0,4.67,96.0,2.335,,,,,,,,,2026-08-28,571.835,589.035,571.525,577.9,411753.0,579.376165
2026-08-28T20:31:06.801,45,42,META261009C00790000,META,2026-10-09,call,790.0,0.0,0.0,1.53,16.0,0.765,,,,,,,,,2026-08-28,571.835,589.035,571.525,577.9,411753.0,579.376165
2026-08-28T20:31:06.801,45,42,META261009C00795000,META,2026-10-09,call,795.0,0.0,0.0,4.69,61.0,2.345,,,,,,,,,2026-08-28,571.835,589.035,571.525,577.9,411753.0,579.376165
2026-08-28T20:31:06.801,45,42,META261009C00800000,META,2026-10-09,call,800.0,0.0,0.0,4.67,55.0,2.335,,,,,,,,,2026-08-28,571.835,589.035,571.525,577.9,411753.0,579.376165
2026-08-28T20:31:06.801,45,42,META261009C00805000,META,2026-10-09,call,805.0,0.0,0.0,4.62,86.0,2.31,,,,,,,,,2026-08-28,571.835,589.035,571.525,577.9,411753.0,579.376165
2026-08-28T20:31:06.801,45,42,META261009C00810000,META,2026-10-09,call,810.0,0.0,0.0,4.48,71.0,2.24,,,,,,,,,2026-08-28,571.835,589.035,571.525,577.9,411753.0,579.376165
2026-08-28T20:31:06.801,45,42,META261009C00815000,META,2026-10-09,call,815.0,0.0,0.0,1.37,36.0,0.685,,,,,,,,,2026-08-28,571.835,589.035,571.525,577.9,411753.0,579.376165
2026-08-28T20:31:06.801,45,42,META261009C00820000,META,2026-10-09,call,820.0,0.0,0.0,4.57,81.0,2.285,,,,,,,,,2026-08-28,571.835,589.035,571.525,577.9,411753.0,579.376165
2026-08-28T20:31:06.801,45,42,META261009C00825000,META,2026-10-09,call,825.0,0.0,0.0,4.45,63.0,2.225,,,,,,,,,2026-08-28,571.835,589.035,571.525,577.9,411753.0,579.376165
2026-08-28T20:31:06.801,45,42,META261009C00830000,META,2026-10-09,call,830.0,0.0,0.0,4.52,48.0,2.26,,,,,,,,,2026-08-28,571.835,589.035,571.525,577.9,411753.0,579.376165
2026-08-28T20:31:06.801,45,42,META261009C00835000,META,2026-10-09,call,835.0,0.0,0.0,4.42,45.0,2.21,,,,,,,,,2026-08-28,571.835,589.035,571.525,577.9,411753.0,579.376165
2026-08-28T20:31:06.801,45,42,META261009C00840000,META,2026-10-09,call,840.0,0.0,0.0,3.28,55.0,1.64,,,,,,,,,2026-08-28,571.835,589.035,571.525,577.9,411753.0,579.376165
2026-08-28T20:31:06.801,45,42,META261009C00845000,META,2026-10-09,call,845.0,0.0,0.0,4.41,55.0,2.205,,,,,,,,,2026-08-28,571.835,589.035,571.525,577.9,411753.0,579.376165
2026-08-28T20:31:06.801,45,42,META261009C00850000,META,2026-10-09,call,850.0,0.0,0.0,1.0,20.0,0.5,,,,,,,,,2026-08-28,571.835,589.035,571.525,577.9,411753.0,579.376165
2026-08-28T20:31:06.801,45,42,META261009C00855000,META,2026-10-09,call,855.0,0.0,0.0,4.36,81.0,2.18,,,,,,,,,2026-08-28,571.835,589.035,571.525,577.9,411753.0,579.376165
2026-08-28T20:31:06.801,45,42,META261009C00860000,META,2026-10-09,call,860.0,0.0,0.0,4.38,52.0,2.19,,,,,,,,,2026-08-28,571.835,589.035,571.525,577.9,411753.0,579.376165
2026-08-28T20:31:06.801,45,42,META261009C00865000,META,2026-10-09,call,865.0,0.0,0.0,4.38,111.0,2.19,,,,,,,,,2026-08-28,571.835,589.035,571.525,577.9,411753.0,579.376165
2026-08-28T20:31:06.801,45,42,META261009C00870000,META,2026-10-09,call,870.0,0.0,0.0,1.33,54.0,0.665,,,,,,,,,2026-08-28,571.835,589.035,571.525,577.9,411753.0,579.376165
2026-08-28T20:31:06.801,45,42,META261009C00875000,META,2026-10-09,call,875.0,0.0,0.0,4.42,38.0,2.21,,,,,,,,,2026-08-28,571.835,589.035,571.525,577.9,411753.0,579.376165
2026-08-28T20:31:06.801,45,42,META261009C00880000,META,2026-10-09,call,880.0,0.0,0.0,1.31,68.0,0.655,,,,,,,,,2026-08-28,571.835,589.035,571.525,577.9,411753.0,579.376165
2026-08-28T20:31:06.801,45,42,META261009C00885000,META,2026-10-09,call,885.0,0.0,0.0,4.37,99.0,2.185,,,,,,,,,2026-08-28,571.835,589.035,571.525,577.9,411753.0,579.376165
2026-08-28T20:31:06.801,45,42,META261009C00890000,META,2026-10-09,call,890.0,0.0,0.0,4.41,70.0,2.205,,,,,,,,,2026-08-28,571.835,589.035,571.525,577.9,411753.0,579.376165
2026-08-28T20:31:06.801,45,42,META261009C00895000,META,2026-10-09,call,895.0,0.0,0.0,1.33,29.0,0.665,,,,,,,,,2026-08-28,571.835,589.035,571.525,577.9,411753.0,579.376165
2026-08-28T20:31:06.801,45,42,META261009C00900000,META,2026-10-09,call,900.0,0.0,0.0,0.87,11.0,0.435,,,,,,,,,2026-08-28,571.835,589.035,571.525,577.9,411753.0,579.376165
2026-08-28T20:31:06.801,45,42,META261009C00905000,META,2026-10-09,call,905.0,0.0,0.0,4.37,109.0,2.185,,,,,,,,,2026-08-28,571.835,589.035,571.525,577.9,411753.0,579.376165
2026-08-28T20:31:06.801,45,42,META261009C00910000,META,2026-10-09,call,910.0,0.0,0.0,4.3,72.0,2.15,,,,,,,,,2026-08-28,571.835,589.035,571.525,577.9,411753.0,579.376165
2026-08-28T20:31:06.801,45,42,META261009C00915000,META,2026-10-09,call,915.0,0.0,0.0,4.32,56.0,2.16,,,,,,,,,2026-08-28,571.835,589.035,571.525,577.9,411753.0,579.376165
2026-08-28T20:31:06.801,45,42,META261009C00920000,META,2026-10-09,call,920.0,0.0,0.0,4.28,54.0,2.14,,,,,,,,,2026-08-28,571.835,589.035,571.525,577.9,411753.0,579.376165
2026-08-28T20:31:06.801,45,42,META261009C00925000,META,2026-10-09,call,925.0,0.0,0.0,4.36,89.0,2.18,,,,,,,,,2026-08-28,571.835,589.035,571.525,577.9,411753.0,579.376165
2026-08-28T20:31:06.801,45,42,META261009C00930000,META,2026-10-09,call,930.0,0.0,0.0,4.22,51.0,2.11,,,,,,,,,2026-08-28,571.835,589.035,571.525,577.9,411753.0,579.376165
2026-08-28T20:31:06.801,45,42,META261009C00935000,META,2026-10-09,call,935.0,0.0,0.0,4.32,35.0,2.16,,,,,,,,,2026-08-28,571.835,589.035,571.525,577.9,411753.0,579.376165
2026-08-28T20:31:06.801,45,42,META261009C00940000,META,2026-10-09,call,940.0,0.0,0.0,4.28,38.0,2.14,,,,,,,,,2026-08-28,571.835,589.035,571.525,577.9,411753.0,579.376165
2026-08-28T20:31:06.801,45,42,META261009C00945000,META,2026-10-09,call,945.0,0.0,0.0,4.38,93.0,2.19,,,,,,,,,2026-08-28,571.835,589.035,571.525,577.9,411753.0,579.376165
2026-08-28T20:31:06.801,45,42,META261009C00950000,META,2026-10-09,call,950.0,0.0,0.0,4.27,52.0,2.135,,,,,,,,,2026-08-28,571.835,589.035,571.525,577.9,411753.0,579.376165
2026-08-28T20:31:06.801,45,42,META261009C00955000,META,2026-10-09,call,955.0,0.0,0.0,2.06,37.0,1.03,,,,,,,,,2026-08-28,571.835,589.035,571.525,577.9,411753.0,579.376165
2026-08-28T20:31:06.801,45,42,META261009C00960000,META,2026-10-09,call,960.0,0.0,0.0,4.22,55.0,2.11,,,,,,,,,2026-08-28,571.835,589.035,571.525,577.9,411753.0,579.376165
2026-08-28T20:31:06.801,45,42,META261009C00965000,META,2026-10-09,call,965.0,0.0,0.0,4.32,51.0,2.16,,,,,,,,,2026-08-28,571.835,589.035,571.525,577.9,411753.0,579.376165
2026-08-28T20:31:06.801,45,42,META261009C00970000,META,2026-10-09,call,970.0,0.0,0.0,4.34,54.0,2.17,,,,,,,,,2026-08-28,571.835,589.035,571.525,577.9,411753.0,579.376165
2026-08-28T20:31:06.801,45,42,META261009C00975000,META,2026-10-09,call,975.0,0.0,0.0,4.36,28.0,2.18,,,,,,,,,2026-08-28,571.835,589.035,571.525,577.9,411753.0,579.376165
2026-08-28T20:31:06.801,45,42,META261009C00980000,META,2026-10-09,call,980.0,0.0,0.0,4.23,109.0,2.115,,,,,,,,,2026-08-28,571.835,589.035,571.525,577.9,411753.0,579.376165
2026-08-28T20:31:06.801,45,42,META261009C00985000,META,2026-10-09,call,985.0,0.0,0.0,4.35,64.0,2.175,,,,,,,,,2026-08-28,571.835,589.035,571.525,577.9,411753.0,579.376165
2026-08-28T20:31:06.801,45,42,META261009C00990000,META,2026-10-09,call,990.0,0.0,0.0,4.35,111.0,2.175,,,,,,,,,2026-08-28,571.835,589.035,571.525,577.9,411753.0,579.376165
2026-08-28T20:31:06.801,45,42,META261009C00995000,META,2026-10-09,call,995.0,0.0,0.0,4.38,54.0,2.19,,,,,,,,,2026-08-28,571.835,589.035,571.525,577.9,411753.0,579.376165
2026-08-28T20:31:06.801,45,42,META261009C01000000,META,2026-10-09,call,1000.0,0.0,0.0,4.36,45.0,2.18,,,,,,,,,2026-08-28,571.835,589.035,571.525,577.9,411753.0,579.376165
2026-08-28T20:31:06.801,45,42,META261009C01010000,META,2026-10-09,call,1010.0,0.0,0.0,4.34,44.0,2.17,,,,,,,,,2026-08-28,571.835,589.035,571.525,577.9,411753.0,579.376165
2026-08-28T20:31:06.801,45,42,META261009C01020000,META,2026-10-09,call,1020.0,0.0,0.0,4.34,1.0,2.17,,,,,,,,,2026-08-28,571.835,589.035,571.525,577.9,411753.0,579.376165
2026-08-28T20:31:06.801,45,42,META261009C01030000,META,2026-10-09,call,1030.0,0.0,0.0,4.24,1.0,2.12,,,,,,,,,2026-08-28,571.835,589.035,571.525,577.9,411753.0,579.376165
2026-08-28T20:31:06.801,45,42,META261009C01040000,META,2026-10-09,call,1040.0,0.0,0.0,4.28,1.0,2.14,,,,,,,,,2026-08-28,571.835,589.035,571.525,577.9,411753.0,579.376165
2026-08-28T20:31:06.801,45,42,META261009C01050000,META,2026-10-09,call,1050.0,0.0,0.0,4.33,1.0,2.165,,,,,,,,,2026-08-28,571.835,589.035,571.525,577.9,411753.0,579.376165
2026-08-28T20:31:06.801,45,42,META261009C01060000,META,2026-10-09,call,1060.0,0.0,0.0,4.27,1.0,2.135,,,,,,,,,2026-08-28,571.835,589.035,571.525,577.9,411753.0,579.376165
2026-08-28T20:31:06.801,45,42,META261009C01070000,META,2026-10-09,call,1070.0,0.0,0.0,4.27,1.0,2.135,,,,,,,,,2026-08-28,571.835,589.035,571.525,577.9,411753.0,579.376165
2026-08-28T20:31:06.801,45,42,META261009P00100000,META,2026-10-09,put,100.0,0.0,0.0,4.24,1.0,2.12,,,,,,,,,2026-08-28,571.835,589.035,571.525,577.9,411753.0,579.376165
2026-08-28T20:31:06.801,45,42,META261009P00110000,META,2026-10-09,put,110.0,0.0,0.0,4.23,25.0,2.115,,,,,,,,,2026-08-28,571.835,589.035,571.525,577.9,411753.0,579.376165
2026-08-28T20:31:06.801,45,42,META261009P00120000,META,2026-10-09,put,120.0,0.0,0.0,4.32,1.0,2.16,,,,,,,,,2026-08-28,571.835,589.035,571.525,577.9,411753.0,579.376165
2026-08-28T20:31:06.801,45,42,META261009P00130000,META,2026-10-09,put,130.0,0.0,0.0,4.38,25.0,2.19,,,,,,,,,2026-08-28,571.835,589.035,571.525,577.9,411753.0,579.376165
2026-08-28T20:31:06.801,45,42,META261009P00140000,META,2026-10-09,put,140.0,0.0,0.0,4.33,1.0,2.165,,,,,,,,,2026-08-28,571.835,589.035,571.525,577.9,411753.0,579.376165
2026-08-28T20:31:06.801,45,42,META261009P00150000,META,2026-10-09,put,150.0,0.0,0.0,4.24,25.0,2.12,,,,,,,,,2026-08-28,571.835,589.035,571.525,577.9,411753.0,579.376165
2026-08-28T20:31:06.801,45,42,META261009P00160000,META,2026-10-09,put,160.0,0.0,0.0,4.27,25.0,2.135,,,,,,,,,2026-08-28,571.835,589.035,571.525,577.9,411753.0,579.376165
2026-08-28T20:31:06.801,45,42,META261009P00170000,META,2026-10-09,put,170.0,0.0,0.0,4.28,1.0,2.14,,,,,,,,,2026-08-28,571.835,589.035,571.525,577.9,411753.0,579.376165
2026-08-28T20:31:06.801,45,42,META261009P00180000,META,2026-10-09,put,180.0,0.0,0.0,4.27,25.0,2.135,,,,,,,,,2026-08-28,571.835,589.035,571.525,577.9,411753.0,579.376165
2026-08-28T20:31:06.801,45,42,META261009P00190000,META,2026-10-09,put,190.0,0.0,0.0,4.22,1.0,2.11,,,,,,,,,2026-08-28,571.835,589.035,571.525,577.9,411753.0,579.376165
2026-08-28T20:31:06.801,45,42,META261009P00200000,META,2026-10-09,put,200.0,0.0,0.0,4.26,1.0,2.13,,,,,,,,,2026-08-28,571.835,589.035,571.525,577.9,411753.0,579.376165
2026-08-28T20:31:06.801,45,42,META261009P00210000,META,2026-10-09,put,210.0,0.0,0.0,4.34,1.0,2.17,,,,,,,,,2026-08-28,571.835,589.035,571.525,577.9,411753.0,579.376165
2026-08-28T20:31:06.801,45,42,META261009P00220000,META,2026-10-09,put,220.0,0.0,0.0,4.32,1.0,2.16,,,,,,,,,2026-08-28,571.835,589.035,571.525,577.9,411753.0,579.376165
2026-08-28T20:31:06.801,45,42,META261009P00230000,META,2026-10-09,put,230.0,0.0,0.0,4.32,1.0,2.16,,,,,,,,,2026-08-28,571.835,589.035,571.525,577.9,411753.0,579.376165
2026-08-28T20:31:06.801,45,42,META261009P00240000,META,2026-10-09,put,240.0,0.0,0.0,4.28,1.0,2.14,,,,,,,,,2026-08-28,571.835,589.035,571.525,577.9,411753.0,579.376165
2026-08-28T20:31:06.801,45,42,META261009P00250000,META,2026-10-09,put,250.0,0.0,0.0,4.24,1.0,2.12,,,,,,,,,2026-08-28,571.835,589.035,571.525,577.9,411753.0,579.376165
2026-08-28T20:31:06.801,45,42,META261009P00260000,META,2026-10-09,put,260.0,0.0,0.0,4.28,1.0,2.14,,,,,,,,,2026-08-28,571.835,589.035,571.525,577.9,411753.0,579.376165
2026-08-28T20:31:06.801,45,42,META261009P00270000,META,2026-10-09,put,270.0,0.0,0.0,4.35,5.0,2.175,,,,,,,,,2026-08-28,571.835,589.035,571.525,577.9,411753.0,579.376165
2026-08-28T20:31:06.801,45,42,META261009P00280000,META,2026-10-09,put,280.0,0.0,0.0,4.32,25.0,2.16,,,,,,,,,2026-08-28,571.835,589.035,571.525,577.9,411753.0,579.376165
2026-08-28T20:31:06.801,45,42,META261009P00290000,META,2026-10-09,put,290.0,0.0,0.0,4.25,2.0,2.125,,,,,,,,,2026-08-28,571.835,589.035,571.525,577.9,411753.0,579.376165
2026-08-28T20:31:06.801,45,42,META261009P00300000,META,2026-10-09,put,300.0,0.0,0.0,4.28,1.0,2.14,,,,,,,,,2026-08-28,571.835,589.035,571.525,577.9,411753.0,579.376165
2026-08-28T20:31:06.801,45,42,META261009P00310000,META,2026-10-09,put,310.0,0.0,0.0,4.28,1.0,2.14,,,,,,,,,2026-08-28,571.835,589.035,571.525,577.9,411753.0,579.376165
2026-08-28T20:31:06.801,45,42,META261009P00320000,META,2026-10-09,put,320.0,0.0,0.0,4.34,1.0,2.17,,,,,,,,,2026-08-28,571.835,589.035,571.525,577.9,411753.0,579.376165
2026-08-28T20:31:06.801,45,42,META261009P00330000,META,2026-10-09,put,330.0,0.0,0.0,4.34,1.0,2.17,,,,,,,,,2026-08-28,571.835,589.035,571.525,577.9,411753.0,579.376165
2026-08-28T20:31:06.801,45,42,META261009P00340000,META,2026-10-09,put,340.0,0.0,0.0,4.28,32.0,2.14,,,,,,,,,2026-08-28,571.835,589.035,571.525,577.9,411753.0,579.376165
2026-08-28T20:31:06.801,45,42,META261009P00350000,META,2026-10-09,put,350.0,0.0,0.0,4.32,40.0,2.16,,,,,,,,,2026-08-28,571.835,589.035,571.525,577.9,411753.0,579.376165
2026-08-28T20:31:06.801,45,42,META261009P00360000,META,2026-10-09,put,360.0,0.0,0.0,4.37,65.0,2.185,,,,,,,,,2026-08-28,571.835,589.035,571.525,577.9,411753.0,579.376165
2026-08-28T20:31:06.801,45,42,META261009P00370000,META,2026-10-09,put,370.0,0.0,0.0,2.13,50.0,1.065,,,,,,,,,2026-08-28,571.835,589.035,571.525,577.9,411753.0,579.376165
2026-08-28T20:31:06.801,45,42,META261009P00380000,META,2026-10-09,put,380.0,0.0,0.0,4.41,135.0,2.205,,,,,,,,,2026-08-28,571.835,589.035,571.525,577.9,411753.0,579.376165
2026-08-28T20:31:06.801,45,42,META261009P00390000,META,2026-10-09,put,390.0,0.0,0.0,4.35,32.0,2.175,,,,,,,,,2026-08-28,571.835,589.035,571.525,577.9,411753.0,579.376165
2026-08-28T20:31:06.801,45,42,META261009P00400000,META,2026-10-09,put,400.0,0.0,0.0,4.53,62.0,2.265,,,,,,,,,2026-08-28,571.835,589.035,571.525,577.9,411753.0,579.376165
2026-08-28T20:31:06.801,45,42,META261009P00405000,META,2026-10-09,put,405.0,0.0,0.0,4.48,38.0,2.24,,,,,,,,,2026-08-28,571.835,589.035,571.525,577.9,411753.0,579.376165
2026-08-28T20:31:06.801,45,42,META261009P00410000,META,2026-10-09,put,410.0,0.0,0.0,1.07,18.0,0.535,,,,,,,,,2026-08-28,571.835,589.035,571.525,577.9,411753.0,579.376165
2026-08-28T20:31:06.801,45,42,META261009P00415000,META,2026-10-09,put,415.0,0.0,0.0,1.03,24.0,0.515,,,,,,,,,2026-08-28,571.835,589.035,571.525,577.9,411753.0,579.376165
2026-08-28T20:31:06.801,45,42,META261009P00420000,META,2026-10-09,put,420.0,0.0,0.0,0.95,18.0,0.475,,,,,,,,,2026-08-28,571.835,589.035,571.525,577.9,411753.0,579.376165
2026-08-28T20:31:06.801,45,42,META261009P00425000,META,2026-10-09,put,425.0,0.0,0.0,1.24,18.0,0.62,,,,,,,,,2026-08-28,571.835,589.035,571.525,577.9,411753.0,579.376165
2026-08-28T20:31:06.801,45,42,META261009P00430000,META,2026-10-09,put,430.0,0.0,0.0,1.01,24.0,0.505,,,,,,,,,2026-08-28,571.835,589.035,571.525,577.9,411753.0,579.376165
2026-08-28T20:31:06.801,45,42,META261009P00435000,META,2026-10-09,put,435.0,0.22,62.0,0.9,147.0,0.56,0.63,1.0,0.4186,-0.018,0.0005,-0.042,0.0866,-0.0126,2026-08-28,571.835,589.035,571.525,577.9,411753.0,579.376165
2026-08-28T20:31:06.801,45,42,META261009P00440000,META,2026-10-09,put,440.0,0.0,0.0,0.83,55.0,0.415,,,,,,,,,2026-08-28,571.835,589.035,571.525,577.9,411753.0,579.376165
2026-08-28T20:31:06.801,45,42,META261009P00445000,META,2026-10-09,put,445.0,0.3,96.0,4.88,68.0,2.59,,,0.5199,-0.0558,0.0011,-0.1329,0.2204,-0.0401,2026-08-28,571.835,589.035,571.525,577.9,411753.0,579.376165
2026-08-28T20:31:06.801,45,42,META261009P00450000,META,2026-10-09,put,450.0,0.43,137.0,1.09,118.0,0.76,,,0.3948,-0.0248,0.0008,-0.052,0.1139,-0.0174,2026-08-28,571.835,589.035,571.525,577.9,411753.0,579.376165
2026-08-28T20:31:06.801,45,42,META261009P00455000,META,2026-10-09,put,455.0,0.45,91.0,1.6,55.0,1.0250000000000001,,,0.4007,-0.0318,0.0009,-0.0648,0.14,-0.0223,2026-08-28,571.835,589.035,571.525,577.9,411753.0,579.376165
2026-08-28T20:31:06.801,45,42,META261009P00460000,META,2026-10-09,put,460.0,0.24,164.0,1.32,54.0,0.78,1.02,10.0,0.3672,-0.0272,0.0009,-0.052,0.1227,-0.0189,2026-08-28,571.835,589.035,571.525,577.9,411753.0,579.376165
2026-08-28T20:31:06.801,45,42,META261009P00465000,META,2026-10-09,put,465.0,0.72,47.0,1.8,43.0,1.26,,,0.3853,-0.0395,0.0011,-0.0742,0.167,-0.0277,2026-08-28,571.835,589.035,571.525,577.9,411753.0,579.376165
2026-08-28T20:31:06.801,45,42,META261009P00470000,META,2026-10-09,put,470.0,0.79,137.0,1.73,50.0,1.26,1.18,5.0,0.3699,-0.041,0.0012,-0.0733,0.1721,-0.0287,2026-08-28,571.835,589.035,571.525,577.9,411753.0,579.376165
2026-08-28T20:31:06.801,45,42,META261009P00475000,META,2026-10-09,put,475.0,0.95,159.0,2.21,77.0,1.58,1.6,1.0,0.3714,-0.0496,0.0014,-0.0857,0.2007,-0.0348,2026-08-28,571.835,589.035,571.525,577.9,411753.0,579.376165
2026-08-28T20:31:06.801,45,42,META261009P00480000,META,2026-10-09,put,480.0,1.15,110.0,2.43,101.0,1.79,1.94,5.0,0.3654,-0.056,0.0016,-0.0927,0.221,-0.0393,2026-08-28,571.835,589.035,571.525,577.9,411753.0,579.376165
2026-08-28T20:31:06.801,45,42,META261009P00485000,META,2026-10-09,put,485.0,1.37,90.0,4.28,40.0,2.825,,,0.3896,-0.0778,0.0019,-0.1274,0.2851,-0.0549,2026-08-28,571.835,589.035,571.525,577.9,411753.0,579.376165
2026-08-28T20:31:06.801,45,42,META261009P00490000,META,2026-10-09,put,490.0,1.65,98.0,3.28,65.0,2.465,2.63,1.0,0.3598,-0.0744,0.002,-0.1135,0.2757,-0.0523,2026-08-28,571.835,589.035,571.525,577.9,411753.0,579.376165
2026-08-28T20:31:06.801,45,42,META261009P00495000,META,2026-10-09,put,495.0,2.28,78.0,3.71,85.0,2.995,3.27,1.0,0.3607,-0.0874,0.0022,-0.1283,0.3113,-0.0615,2026-08-28,571.835,589.035,571.525,577.9,411753.0,579.376165
2026-08-28T20:31:06.801,45,42,META261009P00500000,META,2026-10-09,put,500.0,2.78,96.0,4.33,100.0,3.5549999999999997,3.42,3.0,0.3602,-0.1009,0.0025,-0.1421,0.346,-0.0711,2026-08-28,571.835,589.035,571.525,577.9,411753.0,579.376165
2026-08-28T20:31:06.801,45,42,META261009P00505000,META,2026-10-09,put,505.0,1.03,47.0,8.34,12.0,4.685,4.45,1.0,0.3722,-0.1229,0.0028,-0.1689,0.3985,-0.0871,2026-08-28,571.835,589.035,571.525,577.9,411753.0,579.376165
2026-08-28T20:31:06.801,45,42,META261009P00510000,META,2026-10-09,put,510.0,3.48,64.0,5.39,1.0,4.435,4.93,4.0,0.3472,-0.1247,0.003,-0.1588,0.4027,-0.088,2026-08-28,571.835,589.035,571.525,577.9,411753.0,579.376165
2026-08-28T20:31:06.801,45,42,META261009P00515000,META,2026-10-09,put,515.0,4.57,88.0,6.26,81.0,5.415,5.8,1.0,0.3513,-0.1451,0.0033,-0.1778,0.4467,-0.1026,2026-08-28,571.835,589.035,571.525,577.9,411753.0,579.376165
2026-08-28T20:31:06.801,45,42,META261009P00520000,META,2026-10-09,put,520.0,4.22,175.0,8.41,145.0,6.3149999999999995,7.0,100.0,0.3509,-0.1641,0.0036,-0.1923,0.4846,-0.1163,2026-08-28,571.835,589.035,571.525,577.9,411753.0,579.376165
2026-08-28T20:31:06.801,45,42,META261009P00525000,META,2026-10-09,put,525.0,5.81,87.0,8.57,95.0,7.1899999999999995,7.95,1.0,0.3479,-0.183,0.0039,-0.2038,0.5195,-0.1299,2026-08-28,571.835,589.035,571.525,577.9,411753.0,579.376165
2026-08-28T20:31:06.801,45,42,META261009P00530000,META,2026-10-09,put,530.0,6.58,128.0,10.03,123.0,8.305,9.1,1.0,0.3476,-0.2049,0.0042,-0.2175,0.5565,-0.1457,2026-08-28,571.835,589.035,571.525,577.9,411753.0,579.376165
2026-08-28T20:31:06.801,45,42,META261009P00535000,META,2026-10-09,put,535.0,7.56,72.0,11.9,82.0,9.73,10.31,1.0,0.3504,-0.2297,0.0044,-0.2337,0.5946,-0.1639,2026-08-28,571.835,589.035,571.525,577.9,411753.0,579.376165
2026-08-28T20:31:06.801,45,42,META261009P00540000,META,2026-10-09,put,540.0,9.52,52.0,13.02,108.0,11.27,11.19,4.0,0.3527,-0.2553,0.0046,-0.2483,0.6295,-0.1826,2026-08-28,571.835,589.035,571.525,577.9,411753.0,579.376165
2026-08-28T20:31:06.801,45,42,META261009P00545000,META,2026-10-09,put,545.0,10.14,72.0,13.4,15.0,11.77,12.8,1.0,0.3369,-0.2734,0.005,-0.2443,0.6519,-0.1952,2026-08-28,571.835,589.035,571.525,577.9,411753.0,579.376165
2026-08-28T20:31:06.801,45,42,META261009P00550000,META,2026-10-09,put,550.0,11.93,112.0,15.47,2.0,13.7,12.65,1.0,0.3413,-0.3024,0.0052,-0.2588,0.6837,-0.2168,2026-08-28,571.835,589.035,571.525,577.9,411753.0,579.376165
2026-08-28T20:31:06.801,45,42,META261009P00555000,META,2026-10-09,put,555.0,11.79,122.0,18.92,85.0,15.355,16.25,1.0,0.3395,-0.3296,0.0054,-0.2659,0.7092,-0.2367,2026-08-28,571.835,589.035,571.525,577.9,411753.0,579.376165
2026-08-28T20:31:06.801,45,42,META261009P00560000,META,2026-10-09,put,560.0,14.3,114.0,21.52,104.0,17.91,19.21,1.0,0.3481,-0.3605,0.0055,-0.2811,0.7334,-0.2602,2026-08-28,571.835,589.035,571.525,577.9,411753.0,579.376165
2026-08-28T20:31:06.801,45,42,META261009P00565000,META,2026-10-09,put,565.0,16.93,73.0,23.52,61.0,20.225,21.1,3.0,0.351,-0.3896,0.0056,-0.2893,0.7515,-0.2822,2026-08-28,571.835,589.035,571.525,577.9,411753.0,579.376165
2026-08-28T20:31:06.801,45,42,META261009P00570000,META,2026-10-09,put,570.0,19.28,69.0,25.28,64.0,22.28,23.55,3.0,0.3486,-0.418,0.0057,-0.2909,0.7651,-0.3034,2026-08-28,571.835,589.035,571.525,577.9,411753.0,579.376165
2026-08-28T20:31:06.801,45,42,META261009P00575000,META,2026-10-09,put,575.0,22.48,67.0,28.72,79.0,25.6,26.2,3.0,0.3606,-0.4472,0.0056,-0.304,0.7748,-0.3267,2026-08-28,571.835,589.035,571.525,577.9,411753.0,579.376165
2026-08-28T20:31:06.801,45,42,META261009P00580000,META,2026-10-09,put,580.0,23.12,118.0,31.35,70.0,27.235,28.54,1.0,0.349,-0.4761,0.0058,-0.2937,0.7803,-0.3477,2026-08-28,571.835,589.035,571.525,577.9,411753.0,579.376165
2026-08-28T20:31:06.801,45,42,META261009P00585000,META,2026-10-09,put,585.0,25.35,69.0,34.15,35.0,29.75,31.89,2.0,0.3469,-0.5053,0.0059,-0.2904,0.7816,-0.3701,2026-08-28,571.835,589.035,571.525,577.9,411753.0,579.376165
2026-08-28T20:31:06.801,45,42,META261009P00590000,META,2026-10-09,put,590.0,28.89,104.0,36.89,55.0,32.89,33.3,1.0,0.3511,-0.5331,0.0058,-0.2912,0.779,-0.3922,2026-08-28,571.835,589.035,571.525,577.9,411753.0,579.376165
2026-08-28T20:31:06.801,45,42,META261009P00595000,META,2026-10-09,put,595.0,31.82,65.0,39.03,36.0,35.425,,,0.3456,-0.5629,0.0058,-0.2812,0.7719,-0.4149,2026-08-28,571.835,589.035,571.525,577.9,411753.0,579.376165
2026-08-28T20:31:06.801,45,42,META261009P00600000,META,2026-10-09,put,600.0,34.32,109.0,42.06,58.0,38.19,39.21,1.0,0.3412,-0.5926,0.0058,-0.2706,0.7605,-0.4378,2026-08-28,571.835,589.035,571.525,577.9,411753.0,579.376165
2026-08-28T20:31:06.801,45,42,META261009P00605000,META,2026-10-09,put,605.0,37.91,71.0,45.93,50.0,41.92,,,0.3478,-0.6171,0.0056,-0.2695,0.7478,-0.4584,2026-08-28,571.835,589.035,571.525,577.9,411753.0,579.376165
2026-08-28T20:31:06.801,45,42,META261009P00610000,META,2026-10-09,put,610.0,40.98,53.0,47.12,8.0,44.05,46.37,1.0,0.331,-0.6525,0.0057,-0.2428,0.7238,-0.4844,2026-08-28,571.835,589.035,571.525,577.9,411753.0,579.376165
2026-08-28T20:31:06.801,45,42,META261009P00615000,META,2026-10-09,put,615.0,44.44,119.0,52.92,66.0,48.68,42.7,1.0,0.3468,-0.6695,0.0053,-0.2492,0.71,-0.501,2026-08-28,571.835,589.035,571.525,577.9,411753.0,579.376165
2026-08-28T20:31:06.801,45,42,META261009P00620000,META,2026-10-09,put,620.0,47.64,40.0,57.46,20.0,52.55,53.68,1.0,0.3507,-0.6915,0.0051,-0.2424,0.6898,-0.5201,2026-08-28,571.835,589.035,571.525,577.9,411753.0,579.376165
2026-08-28T20:31:06.801,45,42,META261009P00625000,META,2026-10-09,put,625.0,53.57,34.0,59.97,25.0,56.769999999999996,62.92,4.0,0.3585,-0.7098,0.0049,-0.2393,0.6709,-0.5371,2026-08-28,571.835,589.035,571.525,577.9,411753.0,579.376165
2026-08-28T20:31:06.801,45,42,META261009P00630000,META,2026-10-09,put,630.0,55.74,108.0,65.16,61.0,60.45,57.55,1.0,0.3569,-0.7329,0.0047,-0.225,0.6443,-0.5567,2026-08-28,571.835,589.035,571.525,577.9,411753.0,579.376165
2026-08-28T20:31:06.801,45,42,META261009P00635000,META,2026-10-09,put,635.0,61.19,3.0,67.78,9.0,64.485,,,0.3593,-0.7523,0.0045,-0.2147,0.6196,-0.5742,2026-08-28,571.835,589.035,571.525,577.9,411753.0,579.376165
2026-08-28T20:31:06.801,45,42,META261009P00640000,META,2026-10-09,put,640.0,64.59,7.0,72.1,5.0,68.345,,,0.3573,-0.7736,0.0043,-0.1989,0.5897,-0.5928,2026-08-28,571.835,589.035,571.525,577.9,411753.0,579.376165
2026-08-28T20:31:06.801,45,42,META261009P00645000,META,2026-10-09,put,645.0,69.05,9.0,76.01,9.0,72.53,,,0.3594,-0.7909,0.0041,-0.1877,0.5633,-0.6091,2026-08-28,571.835,589.035,571.525,577.9,411753.0,579.376165
2026-08-28T20:31:06.801,45,42,META261009P00650000,META,2026-10-09,put,650.0,73.36,9.0,79.93,9.0,76.64500000000001,,,0.3589,-0.809,0.0039,-0.1731,0.5334,-0.6259,2026-08-28,571.835,589.035,571.525,577.9,411753.0,579.376165
2026-08-28T20:31:06.801,45,42,META261009P00655000,META,2026-10-09,put,655.0,76.97,3.0,83.6,9.0,80.285,,,0.3472,-0.8347,0.0037,-0.1446,0.4869,-0.6472,2026-08-28,571.835,589.035,571.525,577.9,411753.0,579.376165
2026-08-28T20:31:06.801,45,42,META261009P00660000,META,2026-10-09,put,660.0,82.53,4.0,90.8,4.0,86.66499999999999,,,0.3893,-0.819,0.0035,-0.1826,0.5159,-0.6441,2026-08-28,571.835,589.035,571.525,577.9,411753.0,579.376165
2026-08-28T20:31:06.801,45,42,META261009P00665000,META,2026-10-09,put,665.0,86.43,4.0,94.63,4.0,90.53,,,0.3808,-0.8397,0.0033,-0.1584,0.4773,-0.6623,2026-08-28,571.835,589.035,571.525,577.9,411753.0,579.376165
2026-08-28T20:31:06.801,45,42,META261009P00670000,META,2026-10-09,put,670.0,90.22,5.0,98.6,5.0,94.41,,,0.37,-0.8612,0.0031,-0.1314,0.4336,-0.681,2026-08-28,571.835,589.035,571.525,577.9,411753.0,579.376165
2026-08-28T20:31:06.801,45,42,META261009P00675000,META,2026-10-09,put,675.0,94.44,1.0,103.29,1.0,98.86500000000001,,,0.3703,-0.8737,0.0029,-0.1183,0.4063,-0.6944,2026-08-28,571.835,589.035,571.525,577.9,411753.0,579.376165
2026-08-28T20:31:06.801,45,42,META261009P00680000,META,2026-10-09,put,680.0,100.06,10.0,105.8,5.0,102.93,,,0.3586,-0.8936,0.0026,-0.0912,0.3597,-0.7124,2026-08-28,571.835,589.035,571.525,577.9,411753.0,579.376165
2026-08-28T20:31:06.801,45,42,META261009P00685000,META,2026-10-09,put,685.0,104.47,11.0,114.16,5.0,109.315,,,0.4072,-0.8718,0.0026,-0.1372,0.4105,-0.7052,2026-08-28,571.835,589.035,571.525,577.9,411753.0,579.376165
2026-08-28T20:31:06.801,45,42,META261009P00690000,META,2026-10-09,put,690.0,108.2,3.0,119.18,3.0,113.69,,,0.404,-0.8845,0.0025,-0.1205,0.3814,-0.7187,2026-08-28,571.835,589.035,571.525,577.9,411753.0,579.376165
2026-08-28T20:31:06.801,45,42,META261009P00695000,META,2026-10-09,put,695.0,115.76,9.0,121.42,14.0,118.59,,,0.4137,-0.8884,0.0023,-0.1196,0.3722,-0.7269,2026-08-28,571.835,589.035,571.525,577.9,411753.0,579.376165
2026-08-28T20:31:06.801,45,42,META261009P00700000,META,2026-10-09,put,700.0,120.33,7.0,125.91,2.0,123.12,,,0.4127,-0.8984,0.0022,-0.1062,0.3478,-0.7388,2026-08-28,571.835,589.035,571.525,577.9,411753.0,579.376165
2026-08-28T20:31:06.801,45,42,META261009P00705000,META,2026-10-09,put,705.0,122.96,8.0,129.75,1.0,126.35499999999999,,,0.3651,-0.9349,0.0018,-0.041,0.2488,-0.7667,2026-08-28,571.835,589.035,571.525,577.9,411753.0,579.376165
2026-08-28T20:31:06.801,45,42,META261009P00710000,META,2026-10-09,put,710.0,126.71,1.0,138.08,9.0,132.395,,,0.4137,-0.9147,0.0019,-0.084,0.3058,-0.7603,2026-08-28,571.835,589.035,571.525,577.9,411753.0,579.376165
2026-08-28T20:31:06.801,45,42,META261009P00715000,META,2026-10-09,put,715.0,132.43,5.0,141.8,5.0,137.115,,,0.4155,-0.9212,0.0018,-0.075,0.2879,-0.7701,2026-08-28,571.835,589.035,571.525,577.9,411753.0,579.376165
2026-08-28T20:31:06.801,45,42,META261009P00720000,META,2026-10-09,put,720.0,137.34,6.0,148.41,15.0,142.875,,,0.4517,-0.9089,0.0019,-0.1053,0.3211,-0.7685,2026-08-28,571.835,589.035,571.525,577.9,411753.0,579.376165
2026-08-28T20:31:06.801,45,42,META261009P00725000,META,2026-10-09,put,725.0,140.9,5.0,151.7,10.0,146.3,,,0.406,-0.9395,0.0015,-0.0441,0.2349,-0.7928,2026-08-28,571.835,589.035,571.525,577.9,411753.0,579.376165
2026-08-28T20:31:06.801,45,42,META261009P00730000,META,2026-10-09,put,730.0,150.85,5.0,156.19,5.0,153.51999999999998,,,0.4937,-0.9013,0.0018,-0.1322,0.3405,-0.7757,2026-08-28,571.835,589.035,571.525,577.9,411753.0,579.376165
2026-08-28T20:31:06.801,45,42,META261009P00735000,META,2026-10-09,put,735.0,150.96,1.0,158.97,1.0,154.965,,,0.3511,-0.9731,0.0009,0.0214,0.1218,-0.8251,2026-08-28,571.835,589.035,571.525,577.9,411753.0,579.376165
2026-08-28T20:31:06.801,45,42,META261009P00740000,META,2026-10-09,put,740.0,157.71,5.0,164.57,5.0,161.14,,,0.4302,-0.9447,0.0013,-0.0408,0.2188,-0.8133,2026-08-28,571.835,589.035,571.525,577.9,411753.0,579.376165
2026-08-28T20:31:06.801,45,42,META261009P00745000,META,2026-10-09,put,745.0,165.36,1.0,172.69,1.0,169.025,,,0.5417,-0.898,0.0017,-0.1557,0.349,-0.7913,2026-08-28,571.835,589.035,571.525,577.9,411753.0,579.376165
2026-08-28T20:31:06.801,45,42,META261009P00750000,META,2026-10-09,put,750.0,165.72,6.0,174.23,1.0,169.975,,,0.3817,-0.9726,0.0008,0.0175,0.1238,-0.842,2026-08-28,571.835,589.035,571.525,577.9,411753.0,579.376165
2026-08-28T20:31:06.801,45,42,META261009P00755000,META,2026-10-09,put,755.0,171.05,1.0,181.56,1.0,176.305,,,0.4681,-0.943,0.0012,-0.0522,0.2241,-0.8296,2026-08-28,571.835,589.035,571.525,577.9,411753.0,579.376165
2026-08-28T20:31:06.801,45,42,META261009P00760000,META,2026-10-09,put,760.0,179.69,1.0,187.25,1.0,183.47,,,0.5575,-0.9089,0.0015,-0.1416,0.321,-0.8152,2026-08-28,571.835,589.035,571.525,577.9,411753.0,579.376165
2026-08-28T20:31:06.801,45,42,META261009P00765000,META,2026-10-09,put,765.0,182.25,1.0,193.85,2.0,188.05,,,0.5545,-0.9158,0.0014,-0.1276,0.3028,-0.8251,2026-08-28,571.835,589.035,571.525,577.9,411753.0,579.376165
2026-08-28T20:31:06.801,45,42,META261009P00770000,META,2026-10-09,put,770.0,185.95,6.0,196.27,1.0,191.11,,,0.4887,-0.948,0.0011,-0.0469,0.2085,-0.85,2026-08-28,571.835,589.035,571.525,577.9,411753.0,579.376165
2026-08-28T20:31:06.801,45,42,META261009P00775000,META,2026-10-09,put,775.0,192.77,1.0,204.9,1.0,198.835,,,0.6001,-0.9068,0.0014,-0.1604,0.3265,-0.8315,2026-08-28,571.835,589.035,571.525,577.9,411753.0,579.376165
2026-08-28T20:31:06.801,45,42,META261009P00780000,META,2026-10-09,put,780.0,198.55,5.0,203.4,5.0,200.97500000000002,,,0.5014,-0.9512,0.001,-0.0428,0.1984,-0.8634,2026-08-28,571.835,589.035,571.525,577.9,411753.0,579.376165
2026-08-28T20:31:06.801,45,42,META261009P00785000,META,2026-10-09,put,785.0,204.58,1.0,207.52,1.0,206.05,,,0.5147,-0.9501,0.001,-0.0476,0.2019,-0.8686,2026-08-28,571.835,589.035,571.525,577.9,411753.0,579.376165
2026-08-28T20:31:06.801,45,42,META261009P00790000,META,2026-10-09,put,790.0,205.9,1.0,214.82,1.0,210.36,,,0.4856,-0.9635,0.0008,-0.0133,0.1567,-0.8824,2026-08-28,571.835,589.035,571.525,577.9,411753.0,579.376165
2026-08-28T20:31:06.801,45,42,META261009P00795000,META,2026-10-09,put,795.0,216.64,5.0,217.9,5.0,217.26999999999998,,,0.5867,-0.9311,0.0012,-0.1053,0.2597,-0.8689,2026-08-28,571.835,589.035,571.525,577.9,411753.0,579.376165
2026-08-28T20:31:06.801,45,42,META261009P00800000,META,2026-10-09,put,800.0,222.01,1.0,222.15,1.0,222.07999999999998,,,0.5888,-0.9344,0.0011,-0.0985,0.2501,-0.8766,2026-08-28,571.835,589.035,571.525,577.9,411753.0,579.376165
2026-08-28T20:31:06.801,45,42,META261009P00805000,META,2026-10-09,put,805.0,222.48,5.0,229.17,5.0,225.825,,,0.5406,-0.955,0.0009,-0.0411,0.1857,-0.8946,2026-08-28,571.835,589.035,571.525,577.9,411753.0,579.376165
2026-08-28T20:31:06.801,45,42,META261009P00810000,META,2026-10-09,put,810.0,228.67,6.0,235.53,1.0,232.1,,,0.6086,-0.935,0.0011,-0.1021,0.2484,-0.8885,2026-08-28,571.835,589.035,571.525,577.9,411753.0,579.376165
2026-08-28T20:31:06.801,45,42,META261009P00815000,META,2026-10-09,put,815.0,228.33,5.0,237.59,1.0,232.96,,,,,,,,,2026-08-28,571.835,589.035,571.525,577.9,411753.0,579.376165
2026-08-28T20:31:06.801,45,42,META261009P00820000,META,2026-10-09,put,820.0,241.9,5.0,248.08,5.0,244.99,,,0.7251,-0.9005,0.0012,-0.2186,0.3426,-0.8804,2026-08-28,571.835,589.035,571.525,577.9,411753.0,579.376165
2026-08-28T20:31:06.801,45,42,META261009P00825000,META,2026-10-09,put,825.0,246.29,1.0,254.96,1.0,250.625,,,0.753,-0.8946,0.0012,-0.243,0.3573,-0.883,2026-08-28,571.835,589.035,571.525,577.9,411753.0,579.376165
2026-08-28T20:31:06.801,45,42,META261009P00830000,META,2026-10-09,put,830.0,246.04,1.0,255.26,1.0,250.64999999999998,,,0.5761,-0.9587,0.0008,-0.0378,0.1733,-0.9256,2026-08-28,571.835,589.035,571.525,577.9,411753.0,579.376165
2026-08-28T20:31:06.801,45,42,META261009P00835000,META,2026-10-09,put,835.0,251.08,1.0,265.01,1.0,258.045,,,0.691,-0.9247,0.001,-0.1491,0.2783,-0.9115,2026-08-28,571.835,589.035,571.525,577.9,411753.0,579.376165
2026-08-28T20:31:06.801,45,42,META261009P00840000,META,2026-10-09,put,840.0,262.01,1.0,262.32,1.0,262.16499999999996,,,0.6664,-0.9364,0.001,-0.1129,0.2444,-0.924,2026-08-28,571.835,589.035,571.525,577.9,411753.0,579.376165
2026-08-28T20:31:06.801,45,42,META261009P00845000,META,2026-10-09,put,845.0,265.61,1.0,272.14,1.0,268.875,,,0.738,-0.9158,0.0011,-0.1854,0.3026,-0.9181,2026-08-28,571.835,589.035,571.525,577.9,411753.0,579.376165
2026-08-28T20:31:06.801,45,42,META261009P00850000,META,2026-10-09,put,850.0,264.75,5.0,273.3,1.0,269.025,,,0.453,-0.992,0.0002,0.0618,0.0429,-0.9689,2026-08-28,571.835,589.035,571.525,577.9,411753.0,579.376165
2026-08-28T20:31:06.801,45,42,META261009P00855000,META,2026-10-09,put,855.0,268.6,1.0,286.36,1.0,277.48,,,0.7059,-0.9333,0.0009,-0.1308,0.2536,-0.9396,2026-08-28,571.835,589.035,571.525,577.9,411753.0,579.376165
2026-08-28T20:31:06.801,45,42,META261009P00860000,META,2026-10-09,put,860.0,277.92,5.0,291.44,5.0,284.68,,,0.7913,-0.9087,0.0011,-0.2212,0.3215,-0.9316,2026-08-28,571.835,589.035,571.525,577.9,411753.0,579.376165
2026-08-28T20:31:06.801,45,42,META261009P00865000,META,2026-10-09,put,865.0,284.51,1.0,286.84,1.0,285.67499999999995,,,0.6385,-0.9588,0.0007,-0.0469,0.173,-0.966,2026-08-28,571.835,589.035,571.525,577.9,411753.0,579.376165
2026-08-28T20:31:06.801,45,42,META261009P00870000,META,2026-10-09,put,870.0,282.91,1.0,292.3,1.0,287.605,,,,,,,,,2026-08-28,571.835,589.035,571.525,577.9,411753.0,579.376165
2026-08-28T20:31:06.801,45,42,META261009P00875000,META,2026-10-09,put,875.0,293.37,1.0,298.23,5.0,295.8,,,0.6626,-0.957,0.0007,-0.0557,0.1791,-0.9764,2026-08-28,571.835,589.035,571.525,577.9,411753.0,579.376165
2026-08-28T20:31:06.801,45,42,META261009P00880000,META,2026-10-09,put,880.0,294.52,1.0,300.3,1.0,297.40999999999997,,,,,,,,,2026-08-28,571.835,589.035,571.525,577.9,411753.0,579.376165
2026-08-28T20:31:06.801,45,42,META261009P00885000,META,2026-10-09,put,885.0,302.55,1.0,313.48,1.0,308.015,,,0.7788,-0.9288,0.0009,-0.162,0.2665,-0.9718,2026-08-28,571.835,589.035,571.525,577.9,411753.0,579.376165
2026-08-28T20:31:06.801,45,42,META261009P00890000,META,2026-10-09,put,890.0,311.05,1.0,320.99,1.0,316.02,,,0.8853,-0.8989,0.001,-0.2811,0.3466,-0.9611,2026-08-28,571.835,589.035,571.525,577.9,411753.0,579.376165
2026-08-28T20:31:06.801,45,42,META261009P00895000,META,2026-10-09,put,895.0,316.75,1.0,320.85,1.0,318.8,,,0.8242,-0.9209,0.0009,-0.1975,0.2887,-0.9789,2026-08-28,571.835,589.035,571.525,577.9,411753.0,579.376165
2026-08-28T20:31:06.801,45,42,META261009P00900000,META,2026-10-09,put,900.0,322.11,5.0,330.19,5.0,326.15,,,0.9067,-0.8987,0.001,-0.2894,0.347,-0.9726,2026-08-28,571.835,589.035,571.525,577.9,411753.0,579.376165
2026-08-28T20:31:06.801,45,42,META261009P00905000,META,2026-10-09,put,905.0,324.43,6.0,328.56,1.0,326.495,,,0.7483,-0.948,0.0007,-0.0977,0.2086,-1.0058,2026-08-28,571.835,589.035,571.525,577.9,411753.0,579.376165
2026-08-28T20:31:06.801,45,42,META261009P00910000,META,2026-10-09,put,910.0,330.86,1.0,337.09,1.0,333.975,,,0.8557,-0.9202,0.0009,-0.209,0.2908,-0.9959,2026-08-28,571.835,589.035,571.525,577.9,411753.0,579.376165
2026-08-28T20:31:06.801,45,42,META261009P00915000,META,2026-10-09,put,915.0,328.28,5.0,345.84,5.0,337.05999999999995,,,0.7904,-0.9413,0.0008,-0.1271,0.2294,-1.0135,2026-08-28,571.835,589.035,571.525,577.9,411753.0,579.376165
2026-08-28T20:31:06.801,45,42,META261009P00920000,META,2026-10-09,put,920.0,341.42,1.0,344.29,1.0,342.855,,,0.8313,-0.9325,0.0008,-0.1643,0.2558,-1.0143,2026-08-28,571.835,589.035,571.525,577.9,411753.0,579.376165
2026-08-28T20:31:06.801,45,42,META261009P00925000,META,2026-10-09,put,925.0,344.19,5.0,348.08,5.0,346.135,,,0.7627,-0.953,0.0007,-0.0843,0.1924,-1.0317,2026-08-28,571.835,589.035,571.525,577.9,411753.0,579.376165
2026-08-28T20:31:06.801,45,42,META261009P00930000,META,2026-10-09,put,930.0,350.42,1.0,359.02,1.0,354.72,,,0.914,-0.9143,0.0009,-0.2449,0.3069,-1.0158,2026-08-28,571.835,589.035,571.525,577.9,411753.0,579.376165
2026-08-28T20:31:06.801,45,42,META261009P00935000,META,2026-10-09,put,935.0,352.86,1.0,356.71,1.0,354.78499999999997,,,0.6933,-0.9721,0.0005,-0.0112,0.1255,-1.0543,2026-08-28,571.835,589.035,571.525,577.9,411753.0,579.376165
2026-08-28T20:31:06.801,45,42,META261009P00940000,META,2026-10-09,put,940.0,360.79,2.0,370.0,5.0,365.395,,,0.952,-0.9088,0.0009,-0.2744,0.3213,-1.0245,2026-08-28,571.835,589.035,571.525,577.9,411753.0,579.376165
2026-08-28T20:31:06.801,45,42,META261009P00945000,META,2026-10-09,put,945.0,368.06,6.0,376.71,1.0,372.385,,,,,,,,,2026-08-28,571.835,589.035,571.525,577.9,411753.0,579.376165
2026-08-28T20:31:06.801,45,42,META261009P00950000,META,2026-10-09,put,950.0,363.58,5.0,379.26,1.0,371.41999999999996,,,0.8165,-0.9498,0.0006,-0.1044,0.2028,-1.0587,2026-08-28,571.835,589.035,571.525,577.9,411753.0,579.376165
2026-08-28T20:31:06.801,45,42,META261009P00955000,META,2026-10-09,put,955.0,378.44,5.0,387.09,5.0,382.765,,,1.0454,-0.8904,0.0009,-0.367,0.3675,-1.0322,2026-08-28,571.835,589.035,571.525,577.9,411753.0,579.376165
2026-08-28T20:31:06.801,45,42,META261009P00960000,META,2026-10-09,put,960.0,374.41,1.0,379.89,5.0,377.15,,,,,,,,,2026-08-28,571.835,589.035,571.525,577.9,411753.0,579.376165
2026-08-28T20:31:06.801,45,42,META261009P00965000,META,2026-10-09,put,965.0,380.71,1.0,393.45,5.0,387.08,,,0.8705,-0.9425,0.0007,-0.14,0.2257,-1.0718,2026-08-28,571.835,589.035,571.525,577.9,411753.0,579.376165
2026-08-28T20:31:06.801,45,42,META261009P00970000,META,2026-10-09,put,970.0,384.64,1.0,402.92,1.0,393.78,,,,,,,,,2026-08-28,571.835,589.035,571.525,577.9,411753.0,579.376165
2026-08-28T20:31:06.801,45,42,META261009P00975000,META,2026-10-09,put,975.0,395.09,6.0,400.74,1.0,397.91499999999996,,,0.9208,-0.934,0.0007,-0.1811,0.2514,-1.0787,2026-08-28,571.835,589.035,571.525,577.9,411753.0,579.376165
2026-08-28T20:31:06.801,45,42,META261009P00980000,META,2026-10-09,put,980.0,393.04,1.0,401.68,1.0,397.36,,,,,,,,,2026-08-28,571.835,589.035,571.525,577.9,411753.0,579.376165
2026-08-28T20:31:06.801,45,42,META261009P00985000,META,2026-10-09,put,985.0,402.3,1.0,413.06,2.0,407.68,,,,,,,,,2026-08-28,571.835,589.035,571.525,577.9,411753.0,579.376165
2026-08-28T20:31:06.801,45,42,META261009P00990000,META,2026-10-09,put,990.0,409.4,1.0,420.42,1.0,414.90999999999997,,,,,,,,,2026-08-28,571.835,589.035,571.525,577.9,411753.0,579.376165
2026-08-28T20:31:06.801,45,42,META261009P00995000,META,2026-10-09,put,995.0,419.42,5.0,428.07,5.0,423.745,,,,,,,,,2026-08-28,571.835,589.035,571.525,577.9,411753.0,579.376165
2026-08-28T20:31:06.801,45,42,META261009P01000000,META,2026-10-09,put,1000.0,409.76,1.0,428.81,1.0,419.28499999999997,,,0.751,-0.9778,0.0004,0.0066,0.1036,-1.1324,2026-08-28,571.835,589.035,571.525,577.9,411753.0,579.376165
2026-08-28T20:31:06.801,45,42,META261009P01010000,META,2026-10-09,put,1010.0,430.11,1.0,433.93,1.0,432.02,,,0.9354,-0.944,0.0006,-0.1477,0.2211,-1.1245,2026-08-28,571.835,589.035,571.525,577.9,411753.0,579.376165
2026-08-28T20:31:06.801,45,42,META261009P01020000,META,2026-10-09,put,1020.0,445.78,5.0,446.83,5.0,446.30499999999995,,,,,,,,,2026-08-28,571.835,589.035,571.525,577.9,411753.0,579.376165
2026-08-28T20:31:06.801,45,42,META261009P01030000,META,2026-10-09,put,1030.0,439.39,5.0,447.5,5.0,443.445,,,,,,,,,2026-08-28,571.835,589.035,571.525,577.9,411753.0,579.376165
2026-08-28T20:31:06.801,45,42,META261009P01040000,META,2026-10-09,put,1040.0,465.15,1.0,470.57,1.0,467.86,,,,,,,,,2026-08-28,571.835,589.035,571.525,577.9,411753.0,579.376165
2026-08-28T20:31:06.801,45,42,META261009P01050000,META,2026-10-09,put,1050.0,470.7,5.0,472.1,5.0,471.4,,,,,,,,,2026-08-28,571.835,589.035,571.525,577.9,411753.0,579.376165
2026-08-28T20:31:06.801,45,42,META261009P01060000,META,2026-10-09,put,1060.0,481.72,5.0,491.31,5.0,486.515,,,,,,,,,2026-08-28,571.835,589.035,571.525,577.9,411753.0,579.376165
2026-08-28T20:31:06.801,45,42,META261009P01070000,META,2026-10-09,put,1070.0,482.3,6.0,501.75,1.0,492.025,,,,,,,,,2026-08-28,571.835,589.035,571.525,577.9,411753.0,579.376165
