capture_ts,target_dte,actual_dte,symbol,underlying,expiration,type,strike,bid,bid_size,ask,ask_size,mid,last_price,last_size,implied_vol,delta,gamma,theta,vega,rho,und_session_date,und_open,und_high,und_low,und_close,und_volume,und_vwap
2026-08-28T20:32:48.448,2,0,MRNA260828C00030000,MRNA,2026-08-28,call,30.0,105.38,17.0,109.92,15.0,107.65,107.0,1.0,,,,,,,2026-08-28,137.205,138.64,133.35,137.93,569884.0,136.637447
2026-08-28T20:32:48.448,2,0,MRNA260828C00035000,MRNA,2026-08-28,call,35.0,101.65,9.0,103.86,16.0,102.755,102.09,1.0,,,,,,,2026-08-28,137.205,138.64,133.35,137.93,569884.0,136.637447
2026-08-28T20:32:48.448,2,0,MRNA260828C00040000,MRNA,2026-08-28,call,40.0,95.71,9.0,98.81,15.0,97.25999999999999,97.42,1.0,,,,,,,2026-08-28,137.205,138.64,133.35,137.93,569884.0,136.637447
2026-08-28T20:32:48.448,2,0,MRNA260828C00043000,MRNA,2026-08-28,call,43.0,92.15,14.0,95.1,12.0,93.625,94.51,1.0,,,,,,,2026-08-28,137.205,138.64,133.35,137.93,569884.0,136.637447
2026-08-28T20:32:48.448,2,0,MRNA260828C00044000,MRNA,2026-08-28,call,44.0,93.33,21.0,95.23,8.0,94.28,93.4,1.0,,,,,,,2026-08-28,137.205,138.64,133.35,137.93,569884.0,136.637447
2026-08-28T20:32:48.448,2,0,MRNA260828C00045000,MRNA,2026-08-28,call,45.0,91.28,14.0,95.75,14.0,93.515,92.46,1.0,,,,,,,2026-08-28,137.205,138.64,133.35,137.93,569884.0,136.637447
2026-08-28T20:32:48.448,2,0,MRNA260828C00046000,MRNA,2026-08-28,call,46.0,89.58,15.0,91.86,15.0,90.72,91.49,1.0,,,,,,,2026-08-28,137.205,138.64,133.35,137.93,569884.0,136.637447
2026-08-28T20:32:48.448,2,0,MRNA260828C00047000,MRNA,2026-08-28,call,47.0,90.74,15.0,92.89,13.0,91.815,90.86,1.0,,,,,,,2026-08-28,137.205,138.64,133.35,137.93,569884.0,136.637447
2026-08-28T20:32:48.448,2,0,MRNA260828C00048000,MRNA,2026-08-28,call,48.0,87.37,20.0,89.56,13.0,88.465,89.38,1.0,,,,,,,2026-08-28,137.205,138.64,133.35,137.93,569884.0,136.637447
2026-08-28T20:32:48.448,2,0,MRNA260828C00049000,MRNA,2026-08-28,call,49.0,86.96,9.0,89.82,15.0,88.38999999999999,88.79,1.0,,,,,,,2026-08-28,137.205,138.64,133.35,137.93,569884.0,136.637447
2026-08-28T20:32:48.448,2,0,MRNA260828C00050000,MRNA,2026-08-28,call,50.0,86.54,9.0,90.37,16.0,88.45500000000001,87.3,1.0,,,,,,,2026-08-28,137.205,138.64,133.35,137.93,569884.0,136.637447
2026-08-28T20:32:48.448,2,0,MRNA260828C00051000,MRNA,2026-08-28,call,51.0,86.31,10.0,88.43,15.0,87.37,86.35,1.0,,,,,,,2026-08-28,137.205,138.64,133.35,137.93,569884.0,136.637447
2026-08-28T20:32:48.448,2,0,MRNA260828C00052000,MRNA,2026-08-28,call,52.0,85.38,26.0,86.35,12.0,85.865,85.42,1.0,,,,,,,2026-08-28,137.205,138.64,133.35,137.93,569884.0,136.637447
2026-08-28T20:32:48.448,2,0,MRNA260828C00053000,MRNA,2026-08-28,call,53.0,84.06,9.0,84.59,13.0,84.325,84.19,1.0,,,,,,,2026-08-28,137.205,138.64,133.35,137.93,569884.0,136.637447
2026-08-28T20:32:48.448,2,0,MRNA260828C00054000,MRNA,2026-08-28,call,54.0,81.94,15.0,83.95,20.0,82.945,83.73,1.0,,,,,,,2026-08-28,137.205,138.64,133.35,137.93,569884.0,136.637447
2026-08-28T20:32:48.448,2,0,MRNA260828C00055000,MRNA,2026-08-28,call,55.0,82.26,125.0,85.84,52.0,84.05000000000001,82.37,1.0,,,,,,,2026-08-28,137.205,138.64,133.35,137.93,569884.0,136.637447
2026-08-28T20:32:48.448,2,0,MRNA260828C00056000,MRNA,2026-08-28,call,56.0,79.38,10.0,83.72,18.0,81.55,81.04,2.0,,,,,,,2026-08-28,137.205,138.64,133.35,137.93,569884.0,136.637447
2026-08-28T20:32:48.448,2,0,MRNA260828C00057000,MRNA,2026-08-28,call,57.0,80.54,24.0,83.01,9.0,81.775,80.64,1.0,,,,,,,2026-08-28,137.205,138.64,133.35,137.93,569884.0,136.637447
2026-08-28T20:32:48.448,2,0,MRNA260828C00058000,MRNA,2026-08-28,call,58.0,78.12,13.0,81.07,20.0,79.595,79.63,1.0,,,,,,,2026-08-28,137.205,138.64,133.35,137.93,569884.0,136.637447
2026-08-28T20:32:48.448,2,0,MRNA260828C00059000,MRNA,2026-08-28,call,59.0,76.84,86.0,81.8,55.0,79.32,78.69,1.0,,,,,,,2026-08-28,137.205,138.64,133.35,137.93,569884.0,136.637447
2026-08-28T20:32:48.448,2,0,MRNA260828C00060000,MRNA,2026-08-28,call,60.0,76.39,84.0,78.06,44.0,77.225,77.11,1.0,,,,,,,2026-08-28,137.205,138.64,133.35,137.93,569884.0,136.637447
2026-08-28T20:32:48.448,2,0,MRNA260828C00061000,MRNA,2026-08-28,call,61.0,76.34,69.0,77.79,47.0,77.065,76.71,1.0,,,,,,,2026-08-28,137.205,138.64,133.35,137.93,569884.0,136.637447
2026-08-28T20:32:48.448,2,0,MRNA260828C00062000,MRNA,2026-08-28,call,62.0,76.22,10.0,77.25,13.0,76.735,75.8,1.0,,,,,,,2026-08-28,137.205,138.64,133.35,137.93,569884.0,136.637447
2026-08-28T20:32:48.448,2,0,MRNA260828C00063000,MRNA,2026-08-28,call,63.0,73.4,13.0,76.01,13.0,74.70500000000001,75.21,1.0,,,,,,,2026-08-28,137.205,138.64,133.35,137.93,569884.0,136.637447
2026-08-28T20:32:48.448,2,0,MRNA260828C00064000,MRNA,2026-08-28,call,64.0,72.91,67.0,75.38,33.0,74.145,73.31,1.0,,,,,,,2026-08-28,137.205,138.64,133.35,137.93,569884.0,136.637447
2026-08-28T20:32:48.448,2,0,MRNA260828C00065000,MRNA,2026-08-28,call,65.0,71.88,95.0,75.05,47.0,73.465,72.14,1.0,,,,,,,2026-08-28,137.205,138.64,133.35,137.93,569884.0,136.637447
2026-08-28T20:32:48.448,2,0,MRNA260828C00066000,MRNA,2026-08-28,call,66.0,70.58,90.0,73.77,101.0,72.175,77.35,1.0,,,,,,,2026-08-28,137.205,138.64,133.35,137.93,569884.0,136.637447
2026-08-28T20:32:48.448,2,0,MRNA260828C00067000,MRNA,2026-08-28,call,67.0,70.08,11.0,72.95,18.0,71.515,71.3,1.0,,,,,,,2026-08-28,137.205,138.64,133.35,137.93,569884.0,136.637447
2026-08-28T20:32:48.448,2,0,MRNA260828C00068000,MRNA,2026-08-28,call,68.0,70.26,10.0,70.79,18.0,70.525,68.51,1.0,,,,,,,2026-08-28,137.205,138.64,133.35,137.93,569884.0,136.637447
2026-08-28T20:32:48.448,2,0,MRNA260828C00069000,MRNA,2026-08-28,call,69.0,68.48,19.0,68.63,10.0,68.555,67.58,1.0,,,,,,,2026-08-28,137.205,138.64,133.35,137.93,569884.0,136.637447
2026-08-28T20:32:48.448,2,0,MRNA260828C00070000,MRNA,2026-08-28,call,70.0,65.89,134.0,69.15,68.0,67.52000000000001,67.32,10.0,,,,,,,2026-08-28,137.205,138.64,133.35,137.93,569884.0,136.637447
2026-08-28T20:32:48.448,2,0,MRNA260828C00071000,MRNA,2026-08-28,call,71.0,63.95,85.0,69.01,54.0,66.48,66.33,1.0,,,,,,,2026-08-28,137.205,138.64,133.35,137.93,569884.0,136.637447
2026-08-28T20:32:48.448,2,0,MRNA260828C00072000,MRNA,2026-08-28,call,72.0,64.239,43.0,67.06,43.0,65.6495,65.42,1.0,,,,,,,2026-08-28,137.205,138.64,133.35,137.93,569884.0,136.637447
2026-08-28T20:32:48.448,2,0,MRNA260828C00073000,MRNA,2026-08-28,call,73.0,64.26,8.0,66.12,8.0,65.19,61.14,1.0,,,,,,,2026-08-28,137.205,138.64,133.35,137.93,569884.0,136.637447
2026-08-28T20:32:48.448,2,0,MRNA260828C00074000,MRNA,2026-08-28,call,74.0,63.68,10.0,64.769,12.0,64.2245,63.39,1.0,,,,,,,2026-08-28,137.205,138.64,133.35,137.93,569884.0,136.637447
2026-08-28T20:32:48.448,2,0,MRNA260828C00075000,MRNA,2026-08-28,call,75.0,60.99,89.0,65.58,71.0,63.285,62.11,1.0,,,,,,,2026-08-28,137.205,138.64,133.35,137.93,569884.0,136.637447
2026-08-28T20:32:48.448,2,0,MRNA260828C00076000,MRNA,2026-08-28,call,76.0,60.52,11.0,63.57,9.0,62.045,61.34,1.0,,,,,,,2026-08-28,137.205,138.64,133.35,137.93,569884.0,136.637447
2026-08-28T20:32:48.448,2,0,MRNA260828C00077000,MRNA,2026-08-28,call,77.0,59.72,11.0,62.03,7.0,60.875,59.88,1.0,,,,,,,2026-08-28,137.205,138.64,133.35,137.93,569884.0,136.637447
2026-08-28T20:32:48.448,2,0,MRNA260828C00078000,MRNA,2026-08-28,call,78.0,57.53,16.0,61.26,9.0,59.394999999999996,59.37,1.0,,,,,,,2026-08-28,137.205,138.64,133.35,137.93,569884.0,136.637447
2026-08-28T20:32:48.448,2,0,MRNA260828C00079000,MRNA,2026-08-28,call,79.0,56.69,32.0,60.46,22.0,58.575,54.9,1.0,,,,,,,2026-08-28,137.205,138.64,133.35,137.93,569884.0,136.637447
2026-08-28T20:32:48.448,2,0,MRNA260828C00080000,MRNA,2026-08-28,call,80.0,56.51,135.0,59.9,99.0,58.205,56.79,1.0,,,,,,,2026-08-28,137.205,138.64,133.35,137.93,569884.0,136.637447
2026-08-28T20:32:48.448,2,0,MRNA260828C00081000,MRNA,2026-08-28,call,81.0,54.27,9.0,57.84,6.0,56.05500000000001,55.7,1.0,,,,,,,2026-08-28,137.205,138.64,133.35,137.93,569884.0,136.637447
2026-08-28T20:32:48.448,2,0,MRNA260828C00082000,MRNA,2026-08-28,call,82.0,53.7,10.0,57.27,9.0,55.485,55.23,1.0,,,,,,,2026-08-28,137.205,138.64,133.35,137.93,569884.0,136.637447
2026-08-28T20:32:48.448,2,0,MRNA260828C00083000,MRNA,2026-08-28,call,83.0,52.86,10.0,55.81,10.0,54.335,54.11,1.0,,,,,,,2026-08-28,137.205,138.64,133.35,137.93,569884.0,136.637447
2026-08-28T20:32:48.448,2,0,MRNA260828C00084000,MRNA,2026-08-28,call,84.0,53.24,16.0,55.77,9.0,54.505,53.21,1.0,,,,,,,2026-08-28,137.205,138.64,133.35,137.93,569884.0,136.637447
2026-08-28T20:32:48.448,2,0,MRNA260828C00085000,MRNA,2026-08-28,call,85.0,52.05,16.0,53.36,7.0,52.705,52.17,1.0,,,,,,,2026-08-28,137.205,138.64,133.35,137.93,569884.0,136.637447
2026-08-28T20:32:48.448,2,0,MRNA260828C00086000,MRNA,2026-08-28,call,86.0,51.05,15.0,52.53,16.0,51.79,57.14,2.0,,,,,,,2026-08-28,137.205,138.64,133.35,137.93,569884.0,136.637447
2026-08-28T20:32:48.448,2,0,MRNA260828C00090000,MRNA,2026-08-28,call,90.0,46.42,58.0,49.86,28.0,48.14,46.73,10.0,,,,,,,2026-08-28,137.205,138.64,133.35,137.93,569884.0,136.637447
2026-08-28T20:32:48.448,2,0,MRNA260828C00095000,MRNA,2026-08-28,call,95.0,42.21,22.0,43.41,9.0,42.81,41.73,10.0,,,,,,,2026-08-28,137.205,138.64,133.35,137.93,569884.0,136.637447
2026-08-28T20:32:48.448,2,0,MRNA260828C00097000,MRNA,2026-08-28,call,97.0,38.92,15.0,42.68,12.0,40.8,37.51,10.0,,,,,,,2026-08-28,137.205,138.64,133.35,137.93,569884.0,136.637447
2026-08-28T20:32:48.448,2,0,MRNA260828C00098000,MRNA,2026-08-28,call,98.0,38.53,20.0,40.44,13.0,39.485,36.57,10.0,,,,,,,2026-08-28,137.205,138.64,133.35,137.93,569884.0,136.637447
2026-08-28T20:32:48.448,2,0,MRNA260828C00099000,MRNA,2026-08-28,call,99.0,38.07,22.0,39.33,16.0,38.7,37.8,15.0,,,,,,,2026-08-28,137.205,138.64,133.35,137.93,569884.0,136.637447
2026-08-28T20:32:48.448,2,0,MRNA260828C00100000,MRNA,2026-08-28,call,100.0,35.9,121.0,39.29,99.0,37.595,37.0,1.0,,,,,,,2026-08-28,137.205,138.64,133.35,137.93,569884.0,136.637447
2026-08-28T20:32:48.448,2,0,MRNA260828C00101000,MRNA,2026-08-28,call,101.0,35.27,22.0,38.07,12.0,36.67,35.6,20.0,,,,,,,2026-08-28,137.205,138.64,133.35,137.93,569884.0,136.637447
2026-08-28T20:32:48.448,2,0,MRNA260828C00102000,MRNA,2026-08-28,call,102.0,35.29,10.0,38.0,18.0,36.644999999999996,34.81,1.0,,,,,,,2026-08-28,137.205,138.64,133.35,137.93,569884.0,136.637447
2026-08-28T20:32:48.448,2,0,MRNA260828C00103000,MRNA,2026-08-28,call,103.0,33.61,9.0,36.05,14.0,34.83,33.75,10.0,,,,,,,2026-08-28,137.205,138.64,133.35,137.93,569884.0,136.637447
2026-08-28T20:32:48.448,2,0,MRNA260828C00104000,MRNA,2026-08-28,call,104.0,32.17,18.0,34.68,19.0,33.425,32.75,10.0,,,,,,,2026-08-28,137.205,138.64,133.35,137.93,569884.0,136.637447
2026-08-28T20:32:48.448,2,0,MRNA260828C00105000,MRNA,2026-08-28,call,105.0,31.29,13.0,33.32,13.0,32.305,32.57,2.0,,,,,,,2026-08-28,137.205,138.64,133.35,137.93,569884.0,136.637447
2026-08-28T20:32:48.448,2,0,MRNA260828C00106000,MRNA,2026-08-28,call,106.0,30.34,11.0,33.02,11.0,31.68,53.88,1.0,,,,,,,2026-08-28,137.205,138.64,133.35,137.93,569884.0,136.637447
2026-08-28T20:32:48.448,2,0,MRNA260828C00107000,MRNA,2026-08-28,call,107.0,29.46,10.0,32.42,18.0,30.94,28.41,1.0,,,,,,,2026-08-28,137.205,138.64,133.35,137.93,569884.0,136.637447
2026-08-28T20:32:48.448,2,0,MRNA260828C00108000,MRNA,2026-08-28,call,108.0,29.3,22.0,30.49,15.0,29.895,27.4,1.0,,,,,,,2026-08-28,137.205,138.64,133.35,137.93,569884.0,136.637447
2026-08-28T20:32:48.448,2,0,MRNA260828C00109000,MRNA,2026-08-28,call,109.0,27.69,18.0,29.86,13.0,28.775,50.76,1.0,,,,,,,2026-08-28,137.205,138.64,133.35,137.93,569884.0,136.637447
2026-08-28T20:32:48.448,2,0,MRNA260828C00110000,MRNA,2026-08-28,call,110.0,26.58,148.0,29.57,119.0,28.075,28.0,1.0,,,,,,,2026-08-28,137.205,138.64,133.35,137.93,569884.0,136.637447
2026-08-28T20:32:48.448,2,0,MRNA260828C00111000,MRNA,2026-08-28,call,111.0,24.95,8.0,29.05,8.0,27.0,35.79,1.0,,,,,,,2026-08-28,137.205,138.64,133.35,137.93,569884.0,136.637447
2026-08-28T20:32:48.448,2,0,MRNA260828C00112000,MRNA,2026-08-28,call,112.0,23.76,22.0,26.45,13.0,25.105,30.17,1.0,,,,,,,2026-08-28,137.205,138.64,133.35,137.93,569884.0,136.637447
2026-08-28T20:32:48.448,2,0,MRNA260828C00113000,MRNA,2026-08-28,call,113.0,22.86,8.0,26.19,8.0,24.525,30.22,1.0,,,,,,,2026-08-28,137.205,138.64,133.35,137.93,569884.0,136.637447
2026-08-28T20:32:48.448,2,0,MRNA260828C00114000,MRNA,2026-08-28,call,114.0,22.43,8.0,25.27,8.0,23.85,29.23,1.0,,,,,,,2026-08-28,137.205,138.64,133.35,137.93,569884.0,136.637447
2026-08-28T20:32:48.448,2,0,MRNA260828C00115000,MRNA,2026-08-28,call,115.0,21.0,32.0,25.09,32.0,23.045,28.09,1.0,,,,,,,2026-08-28,137.205,138.64,133.35,137.93,569884.0,136.637447
2026-08-28T20:32:48.448,2,0,MRNA260828C00116000,MRNA,2026-08-28,call,116.0,20.09,8.0,23.8,8.0,21.945,26.15,1.0,,,,,,,2026-08-28,137.205,138.64,133.35,137.93,569884.0,136.637447
2026-08-28T20:32:48.448,2,0,MRNA260828C00117000,MRNA,2026-08-28,call,117.0,19.87,10.0,21.62,8.0,20.745,26.35,1.0,,,,,,,2026-08-28,137.205,138.64,133.35,137.93,569884.0,136.637447
2026-08-28T20:32:48.448,2,0,MRNA260828C00118000,MRNA,2026-08-28,call,118.0,18.75,12.0,20.8,7.0,19.775,25.15,1.0,,,,,,,2026-08-28,137.205,138.64,133.35,137.93,569884.0,136.637447
2026-08-28T20:32:48.448,2,0,MRNA260828C00119000,MRNA,2026-08-28,call,119.0,17.63,11.0,20.19,7.0,18.91,17.85,1.0,,,,,,,2026-08-28,137.205,138.64,133.35,137.93,569884.0,136.637447
2026-08-28T20:32:48.448,2,0,MRNA260828C00120000,MRNA,2026-08-28,call,120.0,16.23,131.0,19.12,109.0,17.675,17.84,2.0,,,,,,,2026-08-28,137.205,138.64,133.35,137.93,569884.0,136.637447
2026-08-28T20:32:48.448,2,0,MRNA260828C00121000,MRNA,2026-08-28,call,121.0,14.91,15.0,17.93,9.0,16.42,15.75,10.0,,,,,,,2026-08-28,137.205,138.64,133.35,137.93,569884.0,136.637447
2026-08-28T20:32:48.448,2,0,MRNA260828C00122000,MRNA,2026-08-28,call,122.0,14.42,9.0,17.39,9.0,15.905000000000001,14.79,10.0,,,,,,,2026-08-28,137.205,138.64,133.35,137.93,569884.0,136.637447
2026-08-28T20:32:48.448,2,0,MRNA260828C00123000,MRNA,2026-08-28,call,123.0,12.99,38.0,16.71,38.0,14.850000000000001,13.78,10.0,,,,,,,2026-08-28,137.205,138.64,133.35,137.93,569884.0,136.637447
2026-08-28T20:32:48.448,2,0,MRNA260828C00124000,MRNA,2026-08-28,call,124.0,12.12,9.0,15.67,10.0,13.895,12.77,10.0,,,,,,,2026-08-28,137.205,138.64,133.35,137.93,569884.0,136.637447
2026-08-28T20:32:48.448,2,0,MRNA260828C00125000,MRNA,2026-08-28,call,125.0,11.15,133.0,14.66,114.0,12.905000000000001,11.77,10.0,,,,,,,2026-08-28,137.205,138.64,133.35,137.93,569884.0,136.637447
2026-08-28T20:32:48.448,2,0,MRNA260828C00126000,MRNA,2026-08-28,call,126.0,10.24,8.0,13.28,8.0,11.76,10.65,2.0,,,,,,,2026-08-28,137.205,138.64,133.35,137.93,569884.0,136.637447
2026-08-28T20:32:48.448,2,0,MRNA260828C00127000,MRNA,2026-08-28,call,127.0,9.22,33.0,12.18,33.0,10.7,16.68,5.0,,,,,,,2026-08-28,137.205,138.64,133.35,137.93,569884.0,136.637447
2026-08-28T20:32:48.448,2,0,MRNA260828C00128000,MRNA,2026-08-28,call,128.0,8.23,35.0,12.02,35.0,10.125,9.2,1.0,,,,,,,2026-08-28,137.205,138.64,133.35,137.93,569884.0,136.637447
2026-08-28T20:32:48.448,2,0,MRNA260828C00129000,MRNA,2026-08-28,call,129.0,7.72,27.0,9.72,30.0,8.72,7.81,1.0,,,,,,,2026-08-28,137.205,138.64,133.35,137.93,569884.0,136.637447
2026-08-28T20:32:48.448,2,0,MRNA260828C00130000,MRNA,2026-08-28,call,130.0,6.13,155.0,9.77,115.0,7.949999999999999,7.64,3.0,,,,,,,2026-08-28,137.205,138.64,133.35,137.93,569884.0,136.637447
2026-08-28T20:32:48.448,2,0,MRNA260828C00131000,MRNA,2026-08-28,call,131.0,5.9,14.0,7.97,11.0,6.9350000000000005,4.88,1.0,,,,,,,2026-08-28,137.205,138.64,133.35,137.93,569884.0,136.637447
2026-08-28T20:32:48.448,2,0,MRNA260828C00132000,MRNA,2026-08-28,call,132.0,4.68,86.0,7.69,92.0,6.1850000000000005,4.0,1.0,,,,,,,2026-08-28,137.205,138.64,133.35,137.93,569884.0,136.637447
2026-08-28T20:32:48.448,2,0,MRNA260828C00133000,MRNA,2026-08-28,call,133.0,3.78,118.0,6.74,118.0,5.26,3.8,1.0,,,,,,,2026-08-28,137.205,138.64,133.35,137.93,569884.0,136.637447
2026-08-28T20:32:48.448,2,0,MRNA260828C00134000,MRNA,2026-08-28,call,134.0,2.72,121.0,5.58,127.0,4.15,4.22,1.0,,,,,,,2026-08-28,137.205,138.64,133.35,137.93,569884.0,136.637447
2026-08-28T20:32:48.448,2,0,MRNA260828C00135000,MRNA,2026-08-28,call,135.0,2.74,24.0,3.32,20.0,3.0300000000000002,2.97,1.0,,,,,,,2026-08-28,137.205,138.64,133.35,137.93,569884.0,136.637447
2026-08-28T20:32:48.448,2,0,MRNA260828C00136000,MRNA,2026-08-28,call,136.0,1.52,57.0,2.5,88.0,2.01,2.0,1.0,,,,,,,2026-08-28,137.205,138.64,133.35,137.93,569884.0,136.637447
2026-08-28T20:32:48.448,2,0,MRNA260828C00137000,MRNA,2026-08-28,call,137.0,0.98,2.0,1.34,19.0,1.1600000000000001,0.98,1.0,,,,,,,2026-08-28,137.205,138.64,133.35,137.93,569884.0,136.637447
2026-08-28T20:32:48.448,2,0,MRNA260828C00138000,MRNA,2026-08-28,call,138.0,0.38,25.0,0.7,87.0,0.54,0.53,1.0,,,,,,,2026-08-28,137.205,138.64,133.35,137.93,569884.0,136.637447
2026-08-28T20:32:48.448,2,0,MRNA260828C00139000,MRNA,2026-08-28,call,139.0,0.07,2.0,0.17,11.0,0.12000000000000001,0.14,1.0,,,,,,,2026-08-28,137.205,138.64,133.35,137.93,569884.0,136.637447
2026-08-28T20:32:48.448,2,0,MRNA260828C00140000,MRNA,2026-08-28,call,140.0,0.03,14.0,0.06,1.0,0.045,0.03,3.0,,,,,,,2026-08-28,137.205,138.64,133.35,137.93,569884.0,136.637447
2026-08-28T20:32:48.448,2,0,MRNA260828C00141000,MRNA,2026-08-28,call,141.0,0.0,0.0,0.05,80.0,0.025,0.03,5.0,,,,,,,2026-08-28,137.205,138.64,133.35,137.93,569884.0,136.637447
2026-08-28T20:32:48.448,2,0,MRNA260828C00142000,MRNA,2026-08-28,call,142.0,0.0,0.0,0.01,24.0,0.005,0.01,20.0,,,,,,,2026-08-28,137.205,138.64,133.35,137.93,569884.0,136.637447
2026-08-28T20:32:48.448,2,0,MRNA260828C00143000,MRNA,2026-08-28,call,143.0,0.0,0.0,0.01,5.0,0.005,0.01,1.0,,,,,,,2026-08-28,137.205,138.64,133.35,137.93,569884.0,136.637447
2026-08-28T20:32:48.448,2,0,MRNA260828C00144000,MRNA,2026-08-28,call,144.0,0.0,0.0,0.03,11.0,0.015,0.01,1.0,,,,,,,2026-08-28,137.205,138.64,133.35,137.93,569884.0,136.637447
2026-08-28T20:32:48.448,2,0,MRNA260828C00145000,MRNA,2026-08-28,call,145.0,0.0,0.0,0.01,10.0,0.005,0.01,5.0,,,,,,,2026-08-28,137.205,138.64,133.35,137.93,569884.0,136.637447
2026-08-28T20:32:48.448,2,0,MRNA260828C00146000,MRNA,2026-08-28,call,146.0,0.0,0.0,0.03,136.0,0.015,0.01,16.0,,,,,,,2026-08-28,137.205,138.64,133.35,137.93,569884.0,136.637447
2026-08-28T20:32:48.448,2,0,MRNA260828C00147000,MRNA,2026-08-28,call,147.0,0.0,0.0,0.01,38.0,0.005,0.04,1.0,,,,,,,2026-08-28,137.205,138.64,133.35,137.93,569884.0,136.637447
2026-08-28T20:32:48.448,2,0,MRNA260828C00148000,MRNA,2026-08-28,call,148.0,0.0,0.0,0.03,220.0,0.015,0.02,1.0,,,,,,,2026-08-28,137.205,138.64,133.35,137.93,569884.0,136.637447
2026-08-28T20:32:48.448,2,0,MRNA260828C00149000,MRNA,2026-08-28,call,149.0,0.0,0.0,0.03,1.0,0.015,0.01,1.0,,,,,,,2026-08-28,137.205,138.64,133.35,137.93,569884.0,136.637447
2026-08-28T20:32:48.448,2,0,MRNA260828C00150000,MRNA,2026-08-28,call,150.0,0.0,0.0,0.03,60.0,0.015,0.01,5.0,,,,,,,2026-08-28,137.205,138.64,133.35,137.93,569884.0,136.637447
2026-08-28T20:32:48.448,2,0,MRNA260828C00152500,MRNA,2026-08-28,call,152.5,0.0,0.0,0.03,17.0,0.015,0.01,1.0,,,,,,,2026-08-28,137.205,138.64,133.35,137.93,569884.0,136.637447
2026-08-28T20:32:48.448,2,0,MRNA260828C00155000,MRNA,2026-08-28,call,155.0,0.0,0.0,0.03,96.0,0.015,0.01,10.0,,,,,,,2026-08-28,137.205,138.64,133.35,137.93,569884.0,136.637447
2026-08-28T20:32:48.448,2,0,MRNA260828C00157500,MRNA,2026-08-28,call,157.5,0.0,0.0,0.01,11.0,0.005,0.01,1.0,,,,,,,2026-08-28,137.205,138.64,133.35,137.93,569884.0,136.637447
2026-08-28T20:32:48.448,2,0,MRNA260828C00160000,MRNA,2026-08-28,call,160.0,0.0,0.0,0.01,50.0,0.005,0.01,3.0,,,,,,,2026-08-28,137.205,138.64,133.35,137.93,569884.0,136.637447
2026-08-28T20:32:48.448,2,0,MRNA260828C00162500,MRNA,2026-08-28,call,162.5,0.0,0.0,0.01,1.0,0.005,0.01,8.0,,,,,,,2026-08-28,137.205,138.64,133.35,137.93,569884.0,136.637447
2026-08-28T20:32:48.448,2,0,MRNA260828C00165000,MRNA,2026-08-28,call,165.0,0.0,0.0,0.03,47.0,0.015,0.03,1.0,,,,,,,2026-08-28,137.205,138.64,133.35,137.93,569884.0,136.637447
2026-08-28T20:32:48.448,2,0,MRNA260828C00167500,MRNA,2026-08-28,call,167.5,0.0,0.0,0.03,12.0,0.015,0.03,1.0,,,,,,,2026-08-28,137.205,138.64,133.35,137.93,569884.0,136.637447
2026-08-28T20:32:48.448,2,0,MRNA260828C00170000,MRNA,2026-08-28,call,170.0,0.0,0.0,0.03,75.0,0.015,0.01,3.0,,,,,,,2026-08-28,137.205,138.64,133.35,137.93,569884.0,136.637447
2026-08-28T20:32:48.448,2,0,MRNA260828C00172500,MRNA,2026-08-28,call,172.5,0.0,0.0,0.03,20.0,0.015,0.03,1.0,,,,,,,2026-08-28,137.205,138.64,133.35,137.93,569884.0,136.637447
2026-08-28T20:32:48.448,2,0,MRNA260828C00175000,MRNA,2026-08-28,call,175.0,0.0,0.0,0.01,87.0,0.005,0.01,10.0,,,,,,,2026-08-28,137.205,138.64,133.35,137.93,569884.0,136.637447
2026-08-28T20:32:48.448,2,0,MRNA260828C00177500,MRNA,2026-08-28,call,177.5,0.0,0.0,0.03,97.0,0.015,0.01,1.0,,,,,,,2026-08-28,137.205,138.64,133.35,137.93,569884.0,136.637447
2026-08-28T20:32:48.448,2,0,MRNA260828C00180000,MRNA,2026-08-28,call,180.0,0.0,0.0,0.01,97.0,0.005,0.01,1.0,,,,,,,2026-08-28,137.205,138.64,133.35,137.93,569884.0,136.637447
2026-08-28T20:32:48.448,2,0,MRNA260828C00182500,MRNA,2026-08-28,call,182.5,0.0,0.0,0.01,50.0,0.005,0.01,1.0,,,,,,,2026-08-28,137.205,138.64,133.35,137.93,569884.0,136.637447
2026-08-28T20:32:48.448,2,0,MRNA260828C00185000,MRNA,2026-08-28,call,185.0,0.0,0.0,0.03,197.0,0.015,0.01,1.0,,,,,,,2026-08-28,137.205,138.64,133.35,137.93,569884.0,136.637447
2026-08-28T20:32:48.448,2,0,MRNA260828C00187500,MRNA,2026-08-28,call,187.5,0.0,0.0,0.01,150.0,0.005,0.01,1.0,,,,,,,2026-08-28,137.205,138.64,133.35,137.93,569884.0,136.637447
2026-08-28T20:32:48.448,2,0,MRNA260828C00190000,MRNA,2026-08-28,call,190.0,0.0,0.0,0.01,197.0,0.005,0.01,1.0,,,,,,,2026-08-28,137.205,138.64,133.35,137.93,569884.0,136.637447
2026-08-28T20:32:48.448,2,0,MRNA260828C00192500,MRNA,2026-08-28,call,192.5,0.0,0.0,0.01,196.0,0.005,0.01,2.0,,,,,,,2026-08-28,137.205,138.64,133.35,137.93,569884.0,136.637447
2026-08-28T20:32:48.448,2,0,MRNA260828C00195000,MRNA,2026-08-28,call,195.0,0.0,0.0,0.26,1.0,0.13,0.01,3.0,,,,,,,2026-08-28,137.205,138.64,133.35,137.93,569884.0,136.637447
2026-08-28T20:32:48.448,2,0,MRNA260828C00197500,MRNA,2026-08-28,call,197.5,0.0,0.0,0.01,100.0,0.005,0.01,1.0,,,,,,,2026-08-28,137.205,138.64,133.35,137.93,569884.0,136.637447
2026-08-28T20:32:48.448,2,0,MRNA260828C00200000,MRNA,2026-08-28,call,200.0,0.0,0.0,0.03,147.0,0.015,0.01,1.0,,,,,,,2026-08-28,137.205,138.64,133.35,137.93,569884.0,136.637447
2026-08-28T20:32:48.448,2,0,MRNA260828C00202500,MRNA,2026-08-28,call,202.5,0.0,0.0,0.01,99.0,0.005,0.01,1.0,,,,,,,2026-08-28,137.205,138.64,133.35,137.93,569884.0,136.637447
2026-08-28T20:32:48.448,2,0,MRNA260828C00205000,MRNA,2026-08-28,call,205.0,0.0,0.0,0.01,147.0,0.005,0.01,10.0,,,,,,,2026-08-28,137.205,138.64,133.35,137.93,569884.0,136.637447
2026-08-28T20:32:48.448,2,0,MRNA260828C00207500,MRNA,2026-08-28,call,207.5,0.0,0.0,0.03,147.0,0.015,0.01,4.0,,,,,,,2026-08-28,137.205,138.64,133.35,137.93,569884.0,136.637447
2026-08-28T20:32:48.448,2,0,MRNA260828C00210000,MRNA,2026-08-28,call,210.0,0.0,0.0,0.03,147.0,0.015,0.01,2.0,,,,,,,2026-08-28,137.205,138.64,133.35,137.93,569884.0,136.637447
2026-08-28T20:32:48.448,2,0,MRNA260828C00212500,MRNA,2026-08-28,call,212.5,0.0,0.0,0.03,145.0,0.015,0.01,2.0,,,,,,,2026-08-28,137.205,138.64,133.35,137.93,569884.0,136.637447
2026-08-28T20:32:48.448,2,0,MRNA260828C00215000,MRNA,2026-08-28,call,215.0,0.0,0.0,0.42,1.0,0.21,0.03,1.0,,,,,,,2026-08-28,137.205,138.64,133.35,137.93,569884.0,136.637447
2026-08-28T20:32:48.448,2,0,MRNA260828C00217500,MRNA,2026-08-28,call,217.5,0.0,0.0,0.01,147.0,0.005,0.01,1.0,,,,,,,2026-08-28,137.205,138.64,133.35,137.93,569884.0,136.637447
2026-08-28T20:32:48.448,2,0,MRNA260828C00220000,MRNA,2026-08-28,call,220.0,0.0,0.0,0.01,144.0,0.005,0.01,3.0,,,,,,,2026-08-28,137.205,138.64,133.35,137.93,569884.0,136.637447
2026-08-28T20:32:48.448,2,0,MRNA260828C00222500,MRNA,2026-08-28,call,222.5,0.0,0.0,0.03,100.0,0.015,0.08,1.0,,,,,,,2026-08-28,137.205,138.64,133.35,137.93,569884.0,136.637447
2026-08-28T20:32:48.448,2,0,MRNA260828C00225000,MRNA,2026-08-28,call,225.0,0.0,0.0,0.01,147.0,0.005,0.01,1.0,,,,,,,2026-08-28,137.205,138.64,133.35,137.93,569884.0,136.637447
2026-08-28T20:32:48.448,2,0,MRNA260828C00227500,MRNA,2026-08-28,call,227.5,0.0,0.0,2.5,1.0,1.25,0.04,3.0,,,,,,,2026-08-28,137.205,138.64,133.35,137.93,569884.0,136.637447
2026-08-28T20:32:48.448,2,0,MRNA260828C00230000,MRNA,2026-08-28,call,230.0,0.0,0.0,0.46,1.0,0.23,0.03,4.0,,,,,,,2026-08-28,137.205,138.64,133.35,137.93,569884.0,136.637447
2026-08-28T20:32:48.448,2,0,MRNA260828C00232500,MRNA,2026-08-28,call,232.5,0.0,0.0,2.54,1.0,1.27,0.01,1.0,,,,,,,2026-08-28,137.205,138.64,133.35,137.93,569884.0,136.637447
2026-08-28T20:32:48.448,2,0,MRNA260828C00235000,MRNA,2026-08-28,call,235.0,0.0,0.0,0.01,1136.0,0.005,0.01,1.0,,,,,,,2026-08-28,137.205,138.64,133.35,137.93,569884.0,136.637447
2026-08-28T20:32:48.448,2,0,MRNA260828C00240000,MRNA,2026-08-28,call,240.0,0.0,0.0,0.03,625.0,0.015,0.01,14.0,,,,,,,2026-08-28,137.205,138.64,133.35,137.93,569884.0,136.637447
2026-08-28T20:32:48.448,2,0,MRNA260828C00245000,MRNA,2026-08-28,call,245.0,0.0,0.0,0.01,209.0,0.005,0.01,2.0,,,,,,,2026-08-28,137.205,138.64,133.35,137.93,569884.0,136.637447
2026-08-28T20:32:48.448,2,0,MRNA260828C00250000,MRNA,2026-08-28,call,250.0,0.0,0.0,0.26,1.0,0.13,0.01,1.0,,,,,,,2026-08-28,137.205,138.64,133.35,137.93,569884.0,136.637447
2026-08-28T20:32:48.448,2,0,MRNA260828C00255000,MRNA,2026-08-28,call,255.0,0.0,0.0,0.01,450.0,0.005,0.01,1.0,,,,,,,2026-08-28,137.205,138.64,133.35,137.93,569884.0,136.637447
2026-08-28T20:32:48.448,2,0,MRNA260828C00260000,MRNA,2026-08-28,call,260.0,0.0,0.0,0.03,427.0,0.015,0.01,2.0,,,,,,,2026-08-28,137.205,138.64,133.35,137.93,569884.0,136.637447
2026-08-28T20:32:48.448,2,0,MRNA260828P00030000,MRNA,2026-08-28,put,30.0,0.0,0.0,0.01,2100.0,0.005,0.01,2.0,,,,,,,2026-08-28,137.205,138.64,133.35,137.93,569884.0,136.637447
2026-08-28T20:32:48.448,2,0,MRNA260828P00035000,MRNA,2026-08-28,put,35.0,0.0,0.0,0.01,1000.0,0.005,0.03,3.0,,,,,,,2026-08-28,137.205,138.64,133.35,137.93,569884.0,136.637447
2026-08-28T20:32:48.448,2,0,MRNA260828P00040000,MRNA,2026-08-28,put,40.0,0.0,0.0,0.01,1000.0,0.005,0.01,2.0,,,,,,,2026-08-28,137.205,138.64,133.35,137.93,569884.0,136.637447
2026-08-28T20:32:48.448,2,0,MRNA260828P00043000,MRNA,2026-08-28,put,43.0,0.0,0.0,0.01,25.0,0.005,0.01,1.0,,,,,,,2026-08-28,137.205,138.64,133.35,137.93,569884.0,136.637447
2026-08-28T20:32:48.448,2,0,MRNA260828P00044000,MRNA,2026-08-28,put,44.0,0.0,0.0,0.08,2.0,0.04,0.06,1.0,,,,,,,2026-08-28,137.205,138.64,133.35,137.93,569884.0,136.637447
2026-08-28T20:32:48.448,2,0,MRNA260828P00045000,MRNA,2026-08-28,put,45.0,0.0,0.0,0.03,75.0,0.015,0.01,1.0,,,,,,,2026-08-28,137.205,138.64,133.35,137.93,569884.0,136.637447
2026-08-28T20:32:48.448,2,0,MRNA260828P00046000,MRNA,2026-08-28,put,46.0,0.0,0.0,0.01,1.0,0.005,0.03,1.0,,,,,,,2026-08-28,137.205,138.64,133.35,137.93,569884.0,136.637447
2026-08-28T20:32:48.448,2,0,MRNA260828P00047000,MRNA,2026-08-28,put,47.0,0.0,0.0,0.1,2.0,0.05,0.08,1.0,,,,,,,2026-08-28,137.205,138.64,133.35,137.93,569884.0,136.637447
2026-08-28T20:32:48.448,2,0,MRNA260828P00048000,MRNA,2026-08-28,put,48.0,0.0,0.0,0.01,75.0,0.005,0.46,1.0,,,,,,,2026-08-28,137.205,138.64,133.35,137.93,569884.0,136.637447
2026-08-28T20:32:48.448,2,0,MRNA260828P00049000,MRNA,2026-08-28,put,49.0,0.0,0.0,2.11,2.0,1.055,0.01,1.0,,,,,,,2026-08-28,137.205,138.64,133.35,137.93,569884.0,136.637447
2026-08-28T20:32:48.448,2,0,MRNA260828P00050000,MRNA,2026-08-28,put,50.0,0.0,0.0,0.22,1.0,0.11,0.01,1.0,,,,,,,2026-08-28,137.205,138.64,133.35,137.93,569884.0,136.637447
2026-08-28T20:32:48.448,2,0,MRNA260828P00051000,MRNA,2026-08-28,put,51.0,0.0,0.0,0.31,3.0,0.155,0.01,1.0,,,,,,,2026-08-28,137.205,138.64,133.35,137.93,569884.0,136.637447
2026-08-28T20:32:48.448,2,0,MRNA260828P00052000,MRNA,2026-08-28,put,52.0,0.0,0.0,0.01,1.0,0.005,0.01,1.0,,,,,,,2026-08-28,137.205,138.64,133.35,137.93,569884.0,136.637447
2026-08-28T20:32:48.448,2,0,MRNA260828P00053000,MRNA,2026-08-28,put,53.0,0.0,0.0,0.03,75.0,0.015,0.06,1.0,,,,,,,2026-08-28,137.205,138.64,133.35,137.93,569884.0,136.637447
2026-08-28T20:32:48.448,2,0,MRNA260828P00054000,MRNA,2026-08-28,put,54.0,0.0,0.0,0.01,5.0,0.005,0.09,1.0,,,,,,,2026-08-28,137.205,138.64,133.35,137.93,569884.0,136.637447
2026-08-28T20:32:48.448,2,0,MRNA260828P00055000,MRNA,2026-08-28,put,55.0,0.0,0.0,0.01,7.0,0.005,0.01,1.0,,,,,,,2026-08-28,137.205,138.64,133.35,137.93,569884.0,136.637447
2026-08-28T20:32:48.448,2,0,MRNA260828P00056000,MRNA,2026-08-28,put,56.0,0.0,0.0,0.11,1.0,0.055,0.01,1.0,,,,,,,2026-08-28,137.205,138.64,133.35,137.93,569884.0,136.637447
2026-08-28T20:32:48.448,2,0,MRNA260828P00057000,MRNA,2026-08-28,put,57.0,0.0,0.0,0.23,3.0,0.115,0.05,1.0,,,,,,,2026-08-28,137.205,138.64,133.35,137.93,569884.0,136.637447
2026-08-28T20:32:48.448,2,0,MRNA260828P00058000,MRNA,2026-08-28,put,58.0,0.0,0.0,2.54,1.0,1.27,0.01,12.0,,,,,,,2026-08-28,137.205,138.64,133.35,137.93,569884.0,136.637447
2026-08-28T20:32:48.448,2,0,MRNA260828P00059000,MRNA,2026-08-28,put,59.0,0.0,0.0,0.01,12.0,0.005,0.01,1.0,,,,,,,2026-08-28,137.205,138.64,133.35,137.93,569884.0,136.637447
2026-08-28T20:32:48.448,2,0,MRNA260828P00060000,MRNA,2026-08-28,put,60.0,0.0,0.0,0.42,1.0,0.21,0.01,1.0,,,,,,,2026-08-28,137.205,138.64,133.35,137.93,569884.0,136.637447
2026-08-28T20:32:48.448,2,0,MRNA260828P00061000,MRNA,2026-08-28,put,61.0,0.0,0.0,0.03,8.0,0.015,0.01,12.0,,,,,,,2026-08-28,137.205,138.64,133.35,137.93,569884.0,136.637447
2026-08-28T20:32:48.448,2,0,MRNA260828P00062000,MRNA,2026-08-28,put,62.0,0.0,0.0,0.03,1.0,0.015,0.01,1.0,,,,,,,2026-08-28,137.205,138.64,133.35,137.93,569884.0,136.637447
2026-08-28T20:32:48.448,2,0,MRNA260828P00063000,MRNA,2026-08-28,put,63.0,0.0,0.0,2.11,1.0,1.055,0.01,12.0,,,,,,,2026-08-28,137.205,138.64,133.35,137.93,569884.0,136.637447
2026-08-28T20:32:48.448,2,0,MRNA260828P00064000,MRNA,2026-08-28,put,64.0,0.0,0.0,2.11,2.0,1.055,0.01,2.0,,,,,,,2026-08-28,137.205,138.64,133.35,137.93,569884.0,136.637447
2026-08-28T20:32:48.448,2,0,MRNA260828P00065000,MRNA,2026-08-28,put,65.0,0.0,0.0,0.01,21.0,0.005,0.01,6.0,,,,,,,2026-08-28,137.205,138.64,133.35,137.93,569884.0,136.637447
2026-08-28T20:32:48.448,2,0,MRNA260828P00066000,MRNA,2026-08-28,put,66.0,0.0,0.0,0.05,7.0,0.025,0.01,2.0,,,,,,,2026-08-28,137.205,138.64,133.35,137.93,569884.0,136.637447
2026-08-28T20:32:48.448,2,0,MRNA260828P00067000,MRNA,2026-08-28,put,67.0,0.0,0.0,0.03,2.0,0.015,0.01,3.0,,,,,,,2026-08-28,137.205,138.64,133.35,137.93,569884.0,136.637447
2026-08-28T20:32:48.448,2,0,MRNA260828P00068000,MRNA,2026-08-28,put,68.0,0.0,0.0,0.01,35.0,0.005,0.01,2.0,,,,,,,2026-08-28,137.205,138.64,133.35,137.93,569884.0,136.637447
2026-08-28T20:32:48.448,2,0,MRNA260828P00069000,MRNA,2026-08-28,put,69.0,0.0,0.0,0.23,1.0,0.115,0.01,1.0,,,,,,,2026-08-28,137.205,138.64,133.35,137.93,569884.0,136.637447
2026-08-28T20:32:48.448,2,0,MRNA260828P00070000,MRNA,2026-08-28,put,70.0,0.0,0.0,0.27,1.0,0.135,0.01,3.0,,,,,,,2026-08-28,137.205,138.64,133.35,137.93,569884.0,136.637447
2026-08-28T20:32:48.448,2,0,MRNA260828P00071000,MRNA,2026-08-28,put,71.0,0.0,0.0,0.03,100.0,0.015,0.01,5.0,,,,,,,2026-08-28,137.205,138.64,133.35,137.93,569884.0,136.637447
2026-08-28T20:32:48.448,2,0,MRNA260828P00072000,MRNA,2026-08-28,put,72.0,0.0,0.0,2.54,1.0,1.27,0.01,1.0,,,,,,,2026-08-28,137.205,138.64,133.35,137.93,569884.0,136.637447
2026-08-28T20:32:48.448,2,0,MRNA260828P00073000,MRNA,2026-08-28,put,73.0,0.0,0.0,0.27,1.0,0.135,0.01,1.0,,,,,,,2026-08-28,137.205,138.64,133.35,137.93,569884.0,136.637447
2026-08-28T20:32:48.448,2,0,MRNA260828P00074000,MRNA,2026-08-28,put,74.0,0.0,0.0,0.01,100.0,0.005,0.01,7.0,,,,,,,2026-08-28,137.205,138.64,133.35,137.93,569884.0,136.637447
2026-08-28T20:32:48.448,2,0,MRNA260828P00075000,MRNA,2026-08-28,put,75.0,0.0,0.0,0.01,100.0,0.005,0.01,1.0,,,,,,,2026-08-28,137.205,138.64,133.35,137.93,569884.0,136.637447
2026-08-28T20:32:48.448,2,0,MRNA260828P00076000,MRNA,2026-08-28,put,76.0,0.0,0.0,0.03,100.0,0.015,0.03,1.0,,,,,,,2026-08-28,137.205,138.64,133.35,137.93,569884.0,136.637447
2026-08-28T20:32:48.448,2,0,MRNA260828P00077000,MRNA,2026-08-28,put,77.0,0.0,0.0,2.5,1.0,1.25,0.01,1.0,,,,,,,2026-08-28,137.205,138.64,133.35,137.93,569884.0,136.637447
2026-08-28T20:32:48.448,2,0,MRNA260828P00078000,MRNA,2026-08-28,put,78.0,0.0,0.0,0.03,100.0,0.015,0.01,1.0,,,,,,,2026-08-28,137.205,138.64,133.35,137.93,569884.0,136.637447
2026-08-28T20:32:48.448,2,0,MRNA260828P00079000,MRNA,2026-08-28,put,79.0,0.0,0.0,0.03,100.0,0.015,0.01,6.0,,,,,,,2026-08-28,137.205,138.64,133.35,137.93,569884.0,136.637447
2026-08-28T20:32:48.448,2,0,MRNA260828P00080000,MRNA,2026-08-28,put,80.0,0.0,0.0,0.03,457.0,0.015,0.01,1.0,,,,,,,2026-08-28,137.205,138.64,133.35,137.93,569884.0,136.637447
2026-08-28T20:32:48.448,2,0,MRNA260828P00081000,MRNA,2026-08-28,put,81.0,0.0,0.0,0.01,100.0,0.005,0.01,4.0,,,,,,,2026-08-28,137.205,138.64,133.35,137.93,569884.0,136.637447
2026-08-28T20:32:48.448,2,0,MRNA260828P00082000,MRNA,2026-08-28,put,82.0,0.0,0.0,0.03,100.0,0.015,0.01,1.0,,,,,,,2026-08-28,137.205,138.64,133.35,137.93,569884.0,136.637447
2026-08-28T20:32:48.448,2,0,MRNA260828P00083000,MRNA,2026-08-28,put,83.0,0.0,0.0,0.23,1.0,0.115,0.01,2.0,,,,,,,2026-08-28,137.205,138.64,133.35,137.93,569884.0,136.637447
2026-08-28T20:32:48.448,2,0,MRNA260828P00084000,MRNA,2026-08-28,put,84.0,0.0,0.0,0.01,100.0,0.005,0.01,6.0,,,,,,,2026-08-28,137.205,138.64,133.35,137.93,569884.0,136.637447
2026-08-28T20:32:48.448,2,0,MRNA260828P00085000,MRNA,2026-08-28,put,85.0,0.0,0.0,0.03,100.0,0.015,0.01,4.0,,,,,,,2026-08-28,137.205,138.64,133.35,137.93,569884.0,136.637447
2026-08-28T20:32:48.448,2,0,MRNA260828P00086000,MRNA,2026-08-28,put,86.0,0.0,0.0,0.03,99.0,0.015,0.01,42.0,,,,,,,2026-08-28,137.205,138.64,133.35,137.93,569884.0,136.637447
2026-08-28T20:32:48.448,2,0,MRNA260828P00090000,MRNA,2026-08-28,put,90.0,0.0,0.0,0.03,106.0,0.015,0.01,5.0,,,,,,,2026-08-28,137.205,138.64,133.35,137.93,569884.0,136.637447
2026-08-28T20:32:48.448,2,0,MRNA260828P00095000,MRNA,2026-08-28,put,95.0,0.0,0.0,0.27,1.0,0.135,0.01,3.0,,,,,,,2026-08-28,137.205,138.64,133.35,137.93,569884.0,136.637447
2026-08-28T20:32:48.448,2,0,MRNA260828P00097000,MRNA,2026-08-28,put,97.0,0.0,0.0,0.03,100.0,0.015,0.01,2.0,,,,,,,2026-08-28,137.205,138.64,133.35,137.93,569884.0,136.637447
2026-08-28T20:32:48.448,2,0,MRNA260828P00098000,MRNA,2026-08-28,put,98.0,0.0,0.0,0.03,100.0,0.015,0.02,1.0,,,,,,,2026-08-28,137.205,138.64,133.35,137.93,569884.0,136.637447
2026-08-28T20:32:48.448,2,0,MRNA260828P00099000,MRNA,2026-08-28,put,99.0,0.0,0.0,0.01,150.0,0.005,0.01,2.0,,,,,,,2026-08-28,137.205,138.64,133.35,137.93,569884.0,136.637447
2026-08-28T20:32:48.448,2,0,MRNA260828P00100000,MRNA,2026-08-28,put,100.0,0.0,0.0,0.03,1379.0,0.015,0.01,4.0,,,,,,,2026-08-28,137.205,138.64,133.35,137.93,569884.0,136.637447
2026-08-28T20:32:48.448,2,0,MRNA260828P00101000,MRNA,2026-08-28,put,101.0,0.0,0.0,0.01,150.0,0.005,0.02,1.0,,,,,,,2026-08-28,137.205,138.64,133.35,137.93,569884.0,136.637447
2026-08-28T20:32:48.448,2,0,MRNA260828P00102000,MRNA,2026-08-28,put,102.0,0.0,0.0,0.01,195.0,0.005,0.01,1.0,,,,,,,2026-08-28,137.205,138.64,133.35,137.93,569884.0,136.637447
2026-08-28T20:32:48.448,2,0,MRNA260828P00103000,MRNA,2026-08-28,put,103.0,0.0,0.0,0.01,150.0,0.005,0.01,9.0,,,,,,,2026-08-28,137.205,138.64,133.35,137.93,569884.0,136.637447
2026-08-28T20:32:48.448,2,0,MRNA260828P00104000,MRNA,2026-08-28,put,104.0,0.0,0.0,0.03,150.0,0.015,0.03,1.0,,,,,,,2026-08-28,137.205,138.64,133.35,137.93,569884.0,136.637447
2026-08-28T20:32:48.448,2,0,MRNA260828P00105000,MRNA,2026-08-28,put,105.0,0.0,0.0,0.01,223.0,0.005,0.01,1.0,,,,,,,2026-08-28,137.205,138.64,133.35,137.93,569884.0,136.637447
2026-08-28T20:32:48.448,2,0,MRNA260828P00106000,MRNA,2026-08-28,put,106.0,0.0,0.0,0.03,50.0,0.015,0.01,2.0,,,,,,,2026-08-28,137.205,138.64,133.35,137.93,569884.0,136.637447
2026-08-28T20:32:48.448,2,0,MRNA260828P00107000,MRNA,2026-08-28,put,107.0,0.0,0.0,0.01,95.0,0.005,0.01,1.0,,,,,,,2026-08-28,137.205,138.64,133.35,137.93,569884.0,136.637447
2026-08-28T20:32:48.448,2,0,MRNA260828P00108000,MRNA,2026-08-28,put,108.0,0.0,0.0,0.01,50.0,0.005,0.01,3.0,,,,,,,2026-08-28,137.205,138.64,133.35,137.93,569884.0,136.637447
2026-08-28T20:32:48.448,2,0,MRNA260828P00109000,MRNA,2026-08-28,put,109.0,0.0,0.0,0.03,147.0,0.015,0.01,1.0,,,,,,,2026-08-28,137.205,138.64,133.35,137.93,569884.0,136.637447
2026-08-28T20:32:48.448,2,0,MRNA260828P00110000,MRNA,2026-08-28,put,110.0,0.0,0.0,0.01,287.0,0.005,0.01,3.0,,,,,,,2026-08-28,137.205,138.64,133.35,137.93,569884.0,136.637447
2026-08-28T20:32:48.448,2,0,MRNA260828P00111000,MRNA,2026-08-28,put,111.0,0.0,0.0,0.01,50.0,0.005,0.02,2.0,,,,,,,2026-08-28,137.205,138.64,133.35,137.93,569884.0,136.637447
2026-08-28T20:32:48.448,2,0,MRNA260828P00112000,MRNA,2026-08-28,put,112.0,0.0,0.0,0.03,50.0,0.015,0.01,2.0,,,,,,,2026-08-28,137.205,138.64,133.35,137.93,569884.0,136.637447
2026-08-28T20:32:48.448,2,0,MRNA260828P00113000,MRNA,2026-08-28,put,113.0,0.0,0.0,0.03,50.0,0.015,0.01,1.0,,,,,,,2026-08-28,137.205,138.64,133.35,137.93,569884.0,136.637447
2026-08-28T20:32:48.448,2,0,MRNA260828P00114000,MRNA,2026-08-28,put,114.0,0.0,0.0,0.01,50.0,0.005,0.01,1.0,,,,,,,2026-08-28,137.205,138.64,133.35,137.93,569884.0,136.637447
2026-08-28T20:32:48.448,2,0,MRNA260828P00115000,MRNA,2026-08-28,put,115.0,0.0,0.0,0.03,50.0,0.015,0.01,1.0,,,,,,,2026-08-28,137.205,138.64,133.35,137.93,569884.0,136.637447
2026-08-28T20:32:48.448,2,0,MRNA260828P00116000,MRNA,2026-08-28,put,116.0,0.0,0.0,0.03,1.0,0.015,0.03,5.0,,,,,,,2026-08-28,137.205,138.64,133.35,137.93,569884.0,136.637447
2026-08-28T20:32:48.448,2,0,MRNA260828P00117000,MRNA,2026-08-28,put,117.0,0.0,0.0,0.03,60.0,0.015,0.01,1.0,,,,,,,2026-08-28,137.205,138.64,133.35,137.93,569884.0,136.637447
2026-08-28T20:32:48.448,2,0,MRNA260828P00118000,MRNA,2026-08-28,put,118.0,0.0,0.0,0.02,1.0,0.01,0.01,8.0,,,,,,,2026-08-28,137.205,138.64,133.35,137.93,569884.0,136.637447
2026-08-28T20:32:48.448,2,0,MRNA260828P00119000,MRNA,2026-08-28,put,119.0,0.0,0.0,0.03,20.0,0.015,0.01,10.0,,,,,,,2026-08-28,137.205,138.64,133.35,137.93,569884.0,136.637447
2026-08-28T20:32:48.448,2,0,MRNA260828P00120000,MRNA,2026-08-28,put,120.0,0.0,0.0,0.03,53.0,0.015,0.01,1.0,,,,,,,2026-08-28,137.205,138.64,133.35,137.93,569884.0,136.637447
2026-08-28T20:32:48.448,2,0,MRNA260828P00121000,MRNA,2026-08-28,put,121.0,0.0,0.0,0.01,1.0,0.005,0.03,6.0,,,,,,,2026-08-28,137.205,138.64,133.35,137.93,569884.0,136.637447
2026-08-28T20:32:48.448,2,0,MRNA260828P00122000,MRNA,2026-08-28,put,122.0,0.0,0.0,0.01,3.0,0.005,0.01,2.0,,,,,,,2026-08-28,137.205,138.64,133.35,137.93,569884.0,136.637447
2026-08-28T20:32:48.448,2,0,MRNA260828P00123000,MRNA,2026-08-28,put,123.0,0.0,0.0,0.03,9.0,0.015,0.03,1.0,,,,,,,2026-08-28,137.205,138.64,133.35,137.93,569884.0,136.637447
2026-08-28T20:32:48.448,2,0,MRNA260828P00124000,MRNA,2026-08-28,put,124.0,0.0,0.0,0.67,4.0,0.335,0.06,1.0,,,,,,,2026-08-28,137.205,138.64,133.35,137.93,569884.0,136.637447
2026-08-28T20:32:48.448,2,0,MRNA260828P00125000,MRNA,2026-08-28,put,125.0,0.0,0.0,0.01,8.0,0.005,0.01,1.0,,,,,,,2026-08-28,137.205,138.64,133.35,137.93,569884.0,136.637447
2026-08-28T20:32:48.448,2,0,MRNA260828P00126000,MRNA,2026-08-28,put,126.0,0.0,0.0,0.68,2.0,0.34,0.08,1.0,,,,,,,2026-08-28,137.205,138.64,133.35,137.93,569884.0,136.637447
2026-08-28T20:32:48.448,2,0,MRNA260828P00127000,MRNA,2026-08-28,put,127.0,0.0,0.0,0.01,3.0,0.005,0.01,4.0,,,,,,,2026-08-28,137.205,138.64,133.35,137.93,569884.0,136.637447
2026-08-28T20:32:48.448,2,0,MRNA260828P00128000,MRNA,2026-08-28,put,128.0,0.0,0.0,0.03,1.0,0.015,0.06,2.0,,,,,,,2026-08-28,137.205,138.64,133.35,137.93,569884.0,136.637447
2026-08-28T20:32:48.448,2,0,MRNA260828P00129000,MRNA,2026-08-28,put,129.0,0.0,0.0,0.03,1.0,0.015,0.07,1.0,,,,,,,2026-08-28,137.205,138.64,133.35,137.93,569884.0,136.637447
2026-08-28T20:32:48.448,2,0,MRNA260828P00130000,MRNA,2026-08-28,put,130.0,0.0,0.0,0.01,121.0,0.005,0.01,1.0,,,,,,,2026-08-28,137.205,138.64,133.35,137.93,569884.0,136.637447
2026-08-28T20:32:48.448,2,0,MRNA260828P00131000,MRNA,2026-08-28,put,131.0,0.0,0.0,0.03,2.0,0.015,0.01,1.0,,,,,,,2026-08-28,137.205,138.64,133.35,137.93,569884.0,136.637447
2026-08-28T20:32:48.448,2,0,MRNA260828P00132000,MRNA,2026-08-28,put,132.0,0.0,0.0,0.01,12.0,0.005,0.01,11.0,,,,,,,2026-08-28,137.205,138.64,133.35,137.93,569884.0,136.637447
2026-08-28T20:32:48.448,2,0,MRNA260828P00133000,MRNA,2026-08-28,put,133.0,0.0,0.0,0.03,7.0,0.015,0.01,1.0,,,,,,,2026-08-28,137.205,138.64,133.35,137.93,569884.0,136.637447
2026-08-28T20:32:48.448,2,0,MRNA260828P00134000,MRNA,2026-08-28,put,134.0,0.0,0.0,0.03,1.0,0.015,0.03,10.0,,,,,,,2026-08-28,137.205,138.64,133.35,137.93,569884.0,136.637447
2026-08-28T20:32:48.448,2,0,MRNA260828P00135000,MRNA,2026-08-28,put,135.0,0.0,0.0,0.03,12.0,0.015,0.01,1.0,,,,,,,2026-08-28,137.205,138.64,133.35,137.93,569884.0,136.637447
2026-08-28T20:32:48.448,2,0,MRNA260828P00136000,MRNA,2026-08-28,put,136.0,0.0,0.0,0.05,27.0,0.025,0.04,12.0,,,,,,,2026-08-28,137.205,138.64,133.35,137.93,569884.0,136.637447
2026-08-28T20:32:48.448,2,0,MRNA260828P00137000,MRNA,2026-08-28,put,137.0,0.03,79.0,0.25,5.0,0.14,0.15,2.0,,,,,,,2026-08-28,137.205,138.64,133.35,137.93,569884.0,136.637447
2026-08-28T20:32:48.448,2,0,MRNA260828P00138000,MRNA,2026-08-28,put,138.0,0.4,24.0,0.73,18.0,0.565,0.5,2.0,,,,,,,2026-08-28,137.205,138.64,133.35,137.93,569884.0,136.637447
2026-08-28T20:32:48.448,2,0,MRNA260828P00139000,MRNA,2026-08-28,put,139.0,0.89,17.0,1.53,24.0,1.21,0.9,1.0,,,,,,,2026-08-28,137.205,138.64,133.35,137.93,569884.0,136.637447
2026-08-28T20:32:48.448,2,0,MRNA260828P00140000,MRNA,2026-08-28,put,140.0,1.77,3.0,2.95,93.0,2.3600000000000003,2.27,5.0,,,,,,,2026-08-28,137.205,138.64,133.35,137.93,569884.0,136.637447
2026-08-28T20:32:48.448,2,0,MRNA260828P00141000,MRNA,2026-08-28,put,141.0,1.16,88.0,4.81,86.0,2.985,3.22,1.0,,,,,,,2026-08-28,137.205,138.64,133.35,137.93,569884.0,136.637447
2026-08-28T20:32:48.448,2,0,MRNA260828P00142000,MRNA,2026-08-28,put,142.0,3.37,60.0,5.03,88.0,4.2,4.7,1.0,,,,,,,2026-08-28,137.205,138.64,133.35,137.93,569884.0,136.637447
2026-08-28T20:32:48.448,2,0,MRNA260828P00143000,MRNA,2026-08-28,put,143.0,3.12,86.0,6.91,91.0,5.015000000000001,5.0,1.0,,,,,,,2026-08-28,137.205,138.64,133.35,137.93,569884.0,136.637447
2026-08-28T20:32:48.448,2,0,MRNA260828P00144000,MRNA,2026-08-28,put,144.0,4.22,86.0,7.78,83.0,6.0,5.97,1.0,,,,,,,2026-08-28,137.205,138.64,133.35,137.93,569884.0,136.637447
2026-08-28T20:32:48.448,2,0,MRNA260828P00145000,MRNA,2026-08-28,put,145.0,5.73,114.0,8.3,87.0,7.015000000000001,7.09,1.0,,,,,,,2026-08-28,137.205,138.64,133.35,137.93,569884.0,136.637447
2026-08-28T20:32:48.448,2,0,MRNA260828P00146000,MRNA,2026-08-28,put,146.0,6.09,86.0,8.96,77.0,7.525,8.44,1.0,,,,,,,2026-08-28,137.205,138.64,133.35,137.93,569884.0,136.637447
2026-08-28T20:32:48.448,2,0,MRNA260828P00147000,MRNA,2026-08-28,put,147.0,7.21,86.0,9.78,70.0,8.495,9.3,1.0,,,,,,,2026-08-28,137.205,138.64,133.35,137.93,569884.0,136.637447
2026-08-28T20:32:48.448,2,0,MRNA260828P00148000,MRNA,2026-08-28,put,148.0,8.31,89.0,12.06,89.0,10.185,11.17,2.0,,,,,,,2026-08-28,137.205,138.64,133.35,137.93,569884.0,136.637447
2026-08-28T20:32:48.448,2,0,MRNA260828P00149000,MRNA,2026-08-28,put,149.0,9.74,91.0,12.59,86.0,11.165,12.65,1.0,,,,,,,2026-08-28,137.205,138.64,133.35,137.93,569884.0,136.637447
2026-08-28T20:32:48.448,2,0,MRNA260828P00150000,MRNA,2026-08-28,put,150.0,11.06,91.0,13.29,89.0,12.175,12.33,5.0,,,,,,,2026-08-28,137.205,138.64,133.35,137.93,569884.0,136.637447
2026-08-28T20:32:48.448,2,0,MRNA260828P00152500,MRNA,2026-08-28,put,152.5,12.65,93.0,15.34,77.0,13.995000000000001,14.55,10.0,,,,,,,2026-08-28,137.205,138.64,133.35,137.93,569884.0,136.637447
2026-08-28T20:32:48.448,2,0,MRNA260828P00155000,MRNA,2026-08-28,put,155.0,15.76,91.0,18.97,85.0,17.365,16.9,10.0,,,,,,,2026-08-28,137.205,138.64,133.35,137.93,569884.0,136.637447
2026-08-28T20:32:48.448,2,0,MRNA260828P00157500,MRNA,2026-08-28,put,157.5,18.17,78.0,21.3,87.0,19.735,19.94,1.0,,,,,,,2026-08-28,137.205,138.64,133.35,137.93,569884.0,136.637447
2026-08-28T20:32:48.448,2,0,MRNA260828P00160000,MRNA,2026-08-28,put,160.0,20.02,86.0,23.43,92.0,21.725,22.59,10.0,,,,,,,2026-08-28,137.205,138.64,133.35,137.93,569884.0,136.637447
2026-08-28T20:32:48.448,2,0,MRNA260828P00162500,MRNA,2026-08-28,put,162.5,22.38,41.0,26.28,31.0,24.33,27.18,50.0,,,,,,,2026-08-28,137.205,138.64,133.35,137.93,569884.0,136.637447
2026-08-28T20:32:48.448,2,0,MRNA260828P00165000,MRNA,2026-08-28,put,165.0,26.11,86.0,28.7,89.0,27.405,27.26,5.0,,,,,,,2026-08-28,137.205,138.64,133.35,137.93,569884.0,136.637447
2026-08-28T20:32:48.448,2,0,MRNA260828P00167500,MRNA,2026-08-28,put,167.5,27.66,8.0,31.47,8.0,29.564999999999998,21.5,10.0,,,,,,,2026-08-28,137.205,138.64,133.35,137.93,569884.0,136.637447
2026-08-28T20:32:48.448,2,0,MRNA260828P00170000,MRNA,2026-08-28,put,170.0,30.93,28.0,33.14,27.0,32.035,33.0,5.0,,,,,,,2026-08-28,137.205,138.64,133.35,137.93,569884.0,136.637447
2026-08-28T20:32:48.448,2,0,MRNA260828P00172500,MRNA,2026-08-28,put,172.5,32.52,8.0,35.99,8.0,34.255,21.47,1.0,,,,,,,2026-08-28,137.205,138.64,133.35,137.93,569884.0,136.637447
2026-08-28T20:32:48.448,2,0,MRNA260828P00175000,MRNA,2026-08-28,put,175.0,35.71,8.0,39.04,8.0,37.375,27.0,10.0,,,,,,,2026-08-28,137.205,138.64,133.35,137.93,569884.0,136.637447
2026-08-28T20:32:48.448,2,0,MRNA260828P00177500,MRNA,2026-08-28,put,177.5,38.66,8.0,42.05,8.0,40.355,33.5,1.0,,,,,,,2026-08-28,137.205,138.64,133.35,137.93,569884.0,136.637447
2026-08-28T20:32:48.448,2,0,MRNA260828P00180000,MRNA,2026-08-28,put,180.0,39.81,8.0,43.72,8.0,41.765,37.35,37.0,,,,,,,2026-08-28,137.205,138.64,133.35,137.93,569884.0,136.637447
2026-08-28T20:32:48.448,2,0,MRNA260828P00182500,MRNA,2026-08-28,put,182.5,43.47,6.0,45.55,6.0,44.51,31.58,2.0,,,,,,,2026-08-28,137.205,138.64,133.35,137.93,569884.0,136.637447
2026-08-28T20:32:48.448,2,0,MRNA260828P00185000,MRNA,2026-08-28,put,185.0,45.59,8.0,49.64,8.0,47.615,42.55,13.0,,,,,,,2026-08-28,137.205,138.64,133.35,137.93,569884.0,136.637447
2026-08-28T20:32:48.448,2,0,MRNA260828P00187500,MRNA,2026-08-28,put,187.5,48.86,8.0,52.03,8.0,50.445,47.0,3.0,,,,,,,2026-08-28,137.205,138.64,133.35,137.93,569884.0,136.637447
2026-08-28T20:32:48.448,2,0,MRNA260828P00190000,MRNA,2026-08-28,put,190.0,51.07,8.0,54.28,8.0,52.675,41.0,1.0,,,,,,,2026-08-28,137.205,138.64,133.35,137.93,569884.0,136.637447
2026-08-28T20:32:48.448,2,0,MRNA260828P00192500,MRNA,2026-08-28,put,192.5,52.67,8.0,56.09,8.0,54.38,,,,,,,,,2026-08-28,137.205,138.64,133.35,137.93,569884.0,136.637447
2026-08-28T20:32:48.448,2,0,MRNA260828P00195000,MRNA,2026-08-28,put,195.0,55.36,8.0,59.13,8.0,57.245000000000005,51.91,3.0,,,,,,,2026-08-28,137.205,138.64,133.35,137.93,569884.0,136.637447
2026-08-28T20:32:48.448,2,0,MRNA260828P00197500,MRNA,2026-08-28,put,197.5,56.68,8.0,61.0,8.0,58.84,,,,,,,,,2026-08-28,137.205,138.64,133.35,137.93,569884.0,136.637447
2026-08-28T20:32:48.448,2,0,MRNA260828P00200000,MRNA,2026-08-28,put,200.0,60.95,8.0,62.97,8.0,61.96,57.06,10.0,,,,,,,2026-08-28,137.205,138.64,133.35,137.93,569884.0,136.637447
2026-08-28T20:32:48.448,2,0,MRNA260828P00202500,MRNA,2026-08-28,put,202.5,63.08,8.0,65.09,8.0,64.08500000000001,62.25,9.0,,,,,,,2026-08-28,137.205,138.64,133.35,137.93,569884.0,136.637447
2026-08-28T20:32:48.448,2,0,MRNA260828P00205000,MRNA,2026-08-28,put,205.0,65.099,8.0,68.31,8.0,66.7045,60.79,5.0,,,,,,,2026-08-28,137.205,138.64,133.35,137.93,569884.0,136.637447
2026-08-28T20:32:48.448,2,0,MRNA260828P00207500,MRNA,2026-08-28,put,207.5,67.48,8.0,71.06,8.0,69.27000000000001,,,,,,,,,2026-08-28,137.205,138.64,133.35,137.93,569884.0,136.637447
2026-08-28T20:32:48.448,2,0,MRNA260828P00210000,MRNA,2026-08-28,put,210.0,70.24,8.0,73.4,8.0,71.82,60.15,1.0,,,,,,,2026-08-28,137.205,138.64,133.35,137.93,569884.0,136.637447
2026-08-28T20:32:48.448,2,0,MRNA260828P00212500,MRNA,2026-08-28,put,212.5,72.13,8.0,75.76,8.0,73.945,,,,,,,,,2026-08-28,137.205,138.64,133.35,137.93,569884.0,136.637447
2026-08-28T20:32:48.448,2,0,MRNA260828P00215000,MRNA,2026-08-28,put,215.0,75.38,8.0,77.77,8.0,76.57499999999999,,,,,,,,,2026-08-28,137.205,138.64,133.35,137.93,569884.0,136.637447
2026-08-28T20:32:48.448,2,0,MRNA260828P00217500,MRNA,2026-08-28,put,217.5,78.99,8.0,80.22,8.0,79.60499999999999,,,,,,,,,2026-08-28,137.205,138.64,133.35,137.93,569884.0,136.637447
2026-08-28T20:32:48.448,2,0,MRNA260828P00220000,MRNA,2026-08-28,put,220.0,79.66,8.0,84.99,8.0,82.32499999999999,,,,,,,,,2026-08-28,137.205,138.64,133.35,137.93,569884.0,136.637447
2026-08-28T20:32:48.448,2,0,MRNA260828P00222500,MRNA,2026-08-28,put,222.5,82.75,8.0,85.93,8.0,84.34,,,,,,,,,2026-08-28,137.205,138.64,133.35,137.93,569884.0,136.637447
2026-08-28T20:32:48.448,2,0,MRNA260828P00225000,MRNA,2026-08-28,put,225.0,85.06,16.0,87.15,15.0,86.105,89.2,1.0,,,,,,,2026-08-28,137.205,138.64,133.35,137.93,569884.0,136.637447
2026-08-28T20:32:48.448,2,0,MRNA260828P00227500,MRNA,2026-08-28,put,227.5,88.42,8.0,89.32,8.0,88.87,,,,,,,,,2026-08-28,137.205,138.64,133.35,137.93,569884.0,136.637447
2026-08-28T20:32:48.448,2,0,MRNA260828P00230000,MRNA,2026-08-28,put,230.0,91.2,3.0,92.52,2.0,91.86,,,,,,,,,2026-08-28,137.205,138.64,133.35,137.93,569884.0,136.637447
2026-08-28T20:32:48.448,2,0,MRNA260828P00232500,MRNA,2026-08-28,put,232.5,91.03,8.0,96.87,8.0,93.95,,,,,,,,,2026-08-28,137.205,138.64,133.35,137.93,569884.0,136.637447
2026-08-28T20:32:48.448,2,0,MRNA260828P00235000,MRNA,2026-08-28,put,235.0,96.52,8.0,100.77,8.0,98.645,,,,,,,,,2026-08-28,137.205,138.64,133.35,137.93,569884.0,136.637447
2026-08-28T20:32:48.448,2,0,MRNA260828P00240000,MRNA,2026-08-28,put,240.0,100.0,9.0,103.73,9.0,101.86500000000001,102.65,1.0,,,,,,,2026-08-28,137.205,138.64,133.35,137.93,569884.0,136.637447
2026-08-28T20:32:48.448,2,0,MRNA260828P00245000,MRNA,2026-08-28,put,245.0,106.17,8.0,106.87,8.0,106.52000000000001,,,,,,,,,2026-08-28,137.205,138.64,133.35,137.93,569884.0,136.637447
2026-08-28T20:32:48.448,2,0,MRNA260828P00250000,MRNA,2026-08-28,put,250.0,112.77,2.0,114.02,1.0,113.395,92.38,3.0,,,,,,,2026-08-28,137.205,138.64,133.35,137.93,569884.0,136.637447
2026-08-28T20:32:48.448,2,0,MRNA260828P00255000,MRNA,2026-08-28,put,255.0,116.08,8.0,118.01,8.0,117.045,,,,,,,,,2026-08-28,137.205,138.64,133.35,137.93,569884.0,136.637447
2026-08-28T20:32:48.448,2,0,MRNA260828P00260000,MRNA,2026-08-28,put,260.0,120.67,8.0,123.99,8.0,122.33,113.51,1.0,,,,,,,2026-08-28,137.205,138.64,133.35,137.93,569884.0,136.637447
2026-08-28T20:32:48.448,7,7,MRNA260904C00035000,MRNA,2026-09-04,call,35.0,102.93,2.0,104.86,2.0,103.89500000000001,108.21,1.0,,,,,,,2026-08-28,137.205,138.64,133.35,137.93,569884.0,136.637447
2026-08-28T20:32:48.448,7,7,MRNA260904C00040000,MRNA,2026-09-04,call,40.0,97.91,1.0,99.04,2.0,98.475,99.21,1.0,,,,,,,2026-08-28,137.205,138.64,133.35,137.93,569884.0,136.637447
2026-08-28T20:32:48.448,7,7,MRNA260904C00043000,MRNA,2026-09-04,call,43.0,91.49,3.0,98.44,2.0,94.965,102.38,1.0,,,,,,,2026-08-28,137.205,138.64,133.35,137.93,569884.0,136.637447
2026-08-28T20:32:48.448,7,7,MRNA260904C00044000,MRNA,2026-09-04,call,44.0,91.51,2.0,96.75,2.0,94.13,,,,,,,,,2026-08-28,137.205,138.64,133.35,137.93,569884.0,136.637447
2026-08-28T20:32:48.448,7,7,MRNA260904C00045000,MRNA,2026-09-04,call,45.0,89.59,1.0,93.7,2.0,91.64500000000001,90.03,1.0,,,,,,,2026-08-28,137.205,138.64,133.35,137.93,569884.0,136.637447
2026-08-28T20:32:48.448,7,7,MRNA260904C00046000,MRNA,2026-09-04,call,46.0,90.39,3.0,92.91,2.0,91.65,,,,,,,,,2026-08-28,137.205,138.64,133.35,137.93,569884.0,136.637447
2026-08-28T20:32:48.448,7,7,MRNA260904C00047000,MRNA,2026-09-04,call,47.0,90.62,4.0,94.08,2.0,92.35,102.08,1.0,,,,,,,2026-08-28,137.205,138.64,133.35,137.93,569884.0,136.637447
2026-08-28T20:32:48.448,7,7,MRNA260904C00048000,MRNA,2026-09-04,call,48.0,86.4,2.0,91.63,3.0,89.015,,,,,,,,,2026-08-28,137.205,138.64,133.35,137.93,569884.0,136.637447
2026-08-28T20:32:48.448,7,7,MRNA260904C00049000,MRNA,2026-09-04,call,49.0,86.31,2.0,92.2,3.0,89.255,104.63,1.0,,,,,,,2026-08-28,137.205,138.64,133.35,137.93,569884.0,136.637447
2026-08-28T20:32:48.448,7,7,MRNA260904C00050000,MRNA,2026-09-04,call,50.0,86.63,3.0,90.49,2.0,88.56,85.71,3.0,,,,,,,2026-08-28,137.205,138.64,133.35,137.93,569884.0,136.637447
2026-08-28T20:32:48.448,7,7,MRNA260904C00051000,MRNA,2026-09-04,call,51.0,83.58,3.0,89.72,2.0,86.65,108.67,1.0,,,,,,,2026-08-28,137.205,138.64,133.35,137.93,569884.0,136.637447
2026-08-28T20:32:48.448,7,7,MRNA260904C00052000,MRNA,2026-09-04,call,52.0,83.48,2.0,87.72,3.0,85.6,103.33,5.0,,,,,,,2026-08-28,137.205,138.64,133.35,137.93,569884.0,136.637447
2026-08-28T20:32:48.448,7,7,MRNA260904C00053000,MRNA,2026-09-04,call,53.0,81.6,1.0,86.58,1.0,84.09,99.1,1.0,,,,,,,2026-08-28,137.205,138.64,133.35,137.93,569884.0,136.637447
2026-08-28T20:32:48.448,7,7,MRNA260904C00054000,MRNA,2026-09-04,call,54.0,81.15,2.0,84.43,2.0,82.79,11.55,1.0,,,,,,,2026-08-28,137.205,138.64,133.35,137.93,569884.0,136.637447
2026-08-28T20:32:48.448,7,7,MRNA260904C00055000,MRNA,2026-09-04,call,55.0,82.57,77.0,83.99,47.0,83.28,95.5,1.0,,,,,,,2026-08-28,137.205,138.64,133.35,137.93,569884.0,136.637447
2026-08-28T20:32:48.448,7,7,MRNA260904C00056000,MRNA,2026-09-04,call,56.0,81.09,3.0,85.05,3.0,83.07,78.78,1.0,,,,,,,2026-08-28,137.205,138.64,133.35,137.93,569884.0,136.637447
2026-08-28T20:32:48.448,7,7,MRNA260904C00057000,MRNA,2026-09-04,call,57.0,79.28,2.0,81.89,3.0,80.58500000000001,80.04,2.0,,,,,,,2026-08-28,137.205,138.64,133.35,137.93,569884.0,136.637447
2026-08-28T20:32:48.448,7,7,MRNA260904C00058000,MRNA,2026-09-04,call,58.0,79.16,2.0,80.63,3.0,79.895,79.78,1.0,,,,,,,2026-08-28,137.205,138.64,133.35,137.93,569884.0,136.637447
2026-08-28T20:32:48.448,7,7,MRNA260904C00059000,MRNA,2026-09-04,call,59.0,75.81,5.0,81.48,2.0,78.64500000000001,98.96,1.0,,,,,,,2026-08-28,137.205,138.64,133.35,137.93,569884.0,136.637447
2026-08-28T20:32:48.448,7,7,MRNA260904C00060000,MRNA,2026-09-04,call,60.0,75.69,2.0,79.17,3.0,77.43,90.0,2.0,,,,,,,2026-08-28,137.205,138.64,133.35,137.93,569884.0,136.637447
2026-08-28T20:32:48.448,7,7,MRNA260904C00061000,MRNA,2026-09-04,call,61.0,75.84,2.0,79.8,3.0,77.82,76.11,1.0,,,,,,,2026-08-28,137.205,138.64,133.35,137.93,569884.0,136.637447
2026-08-28T20:32:48.448,7,7,MRNA260904C00062000,MRNA,2026-09-04,call,62.0,74.68,54.0,78.46,25.0,76.57,96.2,2.0,,,,,,,2026-08-28,137.205,138.64,133.35,137.93,569884.0,136.637447
2026-08-28T20:32:48.448,7,7,MRNA260904C00063000,MRNA,2026-09-04,call,63.0,74.17,4.0,75.76,3.0,74.965,73.73,1.0,,,,,,,2026-08-28,137.205,138.64,133.35,137.93,569884.0,136.637447
2026-08-28T20:32:48.448,7,7,MRNA260904C00064000,MRNA,2026-09-04,call,64.0,73.92,98.0,75.87,105.0,74.89500000000001,86.73,1.0,,,,,,,2026-08-28,137.205,138.64,133.35,137.93,569884.0,136.637447
2026-08-28T20:32:48.448,7,7,MRNA260904C00065000,MRNA,2026-09-04,call,65.0,71.56,3.0,76.46,3.0,74.00999999999999,72.24,1.0,,,,,,,2026-08-28,137.205,138.64,133.35,137.93,569884.0,136.637447
2026-08-28T20:32:48.448,7,7,MRNA260904C00066000,MRNA,2026-09-04,call,66.0,71.38,3.0,75.3,3.0,73.34,73.76,1.0,,,,,,,2026-08-28,137.205,138.64,133.35,137.93,569884.0,136.637447
2026-08-28T20:32:48.448,7,7,MRNA260904C00067000,MRNA,2026-09-04,call,67.0,70.18,2.0,71.75,2.0,70.965,73.5,1.0,,,,,,,2026-08-28,137.205,138.64,133.35,137.93,569884.0,136.637447
2026-08-28T20:32:48.448,7,7,MRNA260904C00068000,MRNA,2026-09-04,call,68.0,69.6,22.0,71.02,10.0,70.31,72.25,1.0,,,,,,,2026-08-28,137.205,138.64,133.35,137.93,569884.0,136.637447
2026-08-28T20:32:48.448,7,7,MRNA260904C00069000,MRNA,2026-09-04,call,69.0,67.5,3.0,71.9,2.0,69.7,71.01,3.0,,,,,,,2026-08-28,137.205,138.64,133.35,137.93,569884.0,136.637447
2026-08-28T20:32:48.448,7,7,MRNA260904C00070000,MRNA,2026-09-04,call,70.0,65.61,101.0,69.74,94.0,67.675,66.68,1.0,,,,,,,2026-08-28,137.205,138.64,133.35,137.93,569884.0,136.637447
2026-08-28T20:32:48.448,7,7,MRNA260904C00071000,MRNA,2026-09-04,call,71.0,65.37,87.0,68.32,79.0,66.845,69.55,1.0,,,,,,,2026-08-28,137.205,138.64,133.35,137.93,569884.0,136.637447
2026-08-28T20:32:48.448,7,7,MRNA260904C00072000,MRNA,2026-09-04,call,72.0,64.65,2.0,68.8,2.0,66.725,65.47,1.0,,,,,,,2026-08-28,137.205,138.64,133.35,137.93,569884.0,136.637447
2026-08-28T20:32:48.448,7,7,MRNA260904C00073000,MRNA,2026-09-04,call,73.0,62.83,1.0,68.16,6.0,65.495,61.19,1.0,,,,,,,2026-08-28,137.205,138.64,133.35,137.93,569884.0,136.637447
2026-08-28T20:32:48.448,7,7,MRNA260904C00074000,MRNA,2026-09-04,call,74.0,61.58,2.0,65.67,3.0,63.625,63.62,1.0,,,,,,,2026-08-28,137.205,138.64,133.35,137.93,569884.0,136.637447
2026-08-28T20:32:48.448,7,7,MRNA260904C00075000,MRNA,2026-09-04,call,75.0,61.22,87.0,63.79,85.0,62.504999999999995,62.55,1.0,,,,,,,2026-08-28,137.205,138.64,133.35,137.93,569884.0,136.637447
2026-08-28T20:32:48.448,7,7,MRNA260904C00076000,MRNA,2026-09-04,call,76.0,61.05,2.0,64.61,2.0,62.83,77.3,1.0,,,,,,,2026-08-28,137.205,138.64,133.35,137.93,569884.0,136.637447
2026-08-28T20:32:48.448,7,7,MRNA260904C00080000,MRNA,2026-09-04,call,80.0,55.85,2.0,60.97,1.0,58.41,56.83,1.0,,,,,,,2026-08-28,137.205,138.64,133.35,137.93,569884.0,136.637447
2026-08-28T20:32:48.448,7,7,MRNA260904C00085000,MRNA,2026-09-04,call,85.0,51.35,8.0,55.31,11.0,53.33,73.83,1.0,,,,,,,2026-08-28,137.205,138.64,133.35,137.93,569884.0,136.637447
2026-08-28T20:32:48.448,7,7,MRNA260904C00090000,MRNA,2026-09-04,call,90.0,47.35,8.0,50.15,8.0,48.75,55.1,2.0,,,,,,,2026-08-28,137.205,138.64,133.35,137.93,569884.0,136.637447
2026-08-28T20:32:48.448,7,7,MRNA260904C00095000,MRNA,2026-09-04,call,95.0,42.1,32.0,45.44,32.0,43.769999999999996,41.8,1.0,,,,,,,2026-08-28,137.205,138.64,133.35,137.93,569884.0,136.637447
2026-08-28T20:32:48.448,7,7,MRNA260904C00097000,MRNA,2026-09-04,call,97.0,38.74,9.0,42.44,9.0,40.59,55.69,1.0,,,,,,,2026-08-28,137.205,138.64,133.35,137.93,569884.0,136.637447
2026-08-28T20:32:48.448,7,7,MRNA260904C00098000,MRNA,2026-09-04,call,98.0,38.25,9.0,41.72,9.0,39.985,54.68,1.0,,,,,,,2026-08-28,137.205,138.64,133.35,137.93,569884.0,136.637447
2026-08-28T20:32:48.448,7,7,MRNA260904C00099000,MRNA,2026-09-04,call,99.0,37.54,8.0,40.45,8.0,38.995000000000005,,,,,,,,,2026-08-28,137.205,138.64,133.35,137.93,569884.0,136.637447
2026-08-28T20:32:48.448,7,7,MRNA260904C00100000,MRNA,2026-09-04,call,100.0,37.33,11.0,38.81,10.0,38.07,41.88,1.0,,,,,,,2026-08-28,137.205,138.64,133.35,137.93,569884.0,136.637447
2026-08-28T20:32:48.448,7,7,MRNA260904C00101000,MRNA,2026-09-04,call,101.0,35.53,9.0,38.48,9.0,37.004999999999995,52.33,1.0,,,,,,,2026-08-28,137.205,138.64,133.35,137.93,569884.0,136.637447
2026-08-28T20:32:48.448,7,7,MRNA260904C00102000,MRNA,2026-09-04,call,102.0,33.81,9.0,37.5,9.0,35.655,40.2,1.0,,,,,,,2026-08-28,137.205,138.64,133.35,137.93,569884.0,136.637447
2026-08-28T20:32:48.448,7,7,MRNA260904C00103000,MRNA,2026-09-04,call,103.0,34.17,9.0,36.07,9.0,35.120000000000005,39.26,1.0,,,,,,,2026-08-28,137.205,138.64,133.35,137.93,569884.0,136.637447
2026-08-28T20:32:48.448,7,7,MRNA260904C00104000,MRNA,2026-09-04,call,104.0,32.32,9.0,35.32,9.0,33.82,37.77,1.0,,,,,,,2026-08-28,137.205,138.64,133.35,137.93,569884.0,136.637447
2026-08-28T20:32:48.448,7,7,MRNA260904C00105000,MRNA,2026-09-04,call,105.0,31.87,10.0,33.69,10.0,32.78,32.38,2.0,,,,,,,2026-08-28,137.205,138.64,133.35,137.93,569884.0,136.637447
2026-08-28T20:32:48.448,7,7,MRNA260904C00106000,MRNA,2026-09-04,call,106.0,30.97,9.0,33.14,9.0,32.055,33.65,1.0,,,,,,,2026-08-28,137.205,138.64,133.35,137.93,569884.0,136.637447
2026-08-28T20:32:48.448,7,7,MRNA260904C00107000,MRNA,2026-09-04,call,107.0,30.1,9.0,33.01,9.0,31.555,32.67,1.0,,,,,,,2026-08-28,137.205,138.64,133.35,137.93,569884.0,136.637447
2026-08-28T20:32:48.448,7,7,MRNA260904C00108000,MRNA,2026-09-04,call,108.0,28.2,9.0,31.5,9.0,29.85,27.77,1.0,,,,,,,2026-08-28,137.205,138.64,133.35,137.93,569884.0,136.637447
2026-08-28T20:32:48.448,7,7,MRNA260904C00109000,MRNA,2026-09-04,call,109.0,28.61,9.0,30.24,9.0,29.424999999999997,26.77,1.0,,,,,,,2026-08-28,137.205,138.64,133.35,137.93,569884.0,136.637447
2026-08-28T20:32:48.448,7,7,MRNA260904C00110000,MRNA,2026-09-04,call,110.0,26.65,10.0,28.75,7.0,27.7,27.8,1.0,0.9571,0.9595,0.0048,-0.1236,0.0166,0.02,2026-08-28,137.205,138.64,133.35,137.93,569884.0,136.637447
2026-08-28T20:32:48.448,7,7,MRNA260904C00111000,MRNA,2026-09-04,call,111.0,25.04,8.0,29.52,9.0,27.28,24.04,10.0,1.1759,0.918,0.0068,-0.2517,0.0288,0.0189,2026-08-28,137.205,138.64,133.35,137.93,569884.0,136.637447
2026-08-28T20:32:48.448,7,7,MRNA260904C00112000,MRNA,2026-09-04,call,112.0,25.43,9.0,27.12,7.0,26.275,25.15,10.0,,,,,,,2026-08-28,137.205,138.64,133.35,137.93,569884.0,136.637447
2026-08-28T20:32:48.448,7,7,MRNA260904C00113000,MRNA,2026-09-04,call,113.0,24.24,28.0,26.91,28.0,25.575,25.0,1.0,1.1917,0.8975,0.0079,-0.2989,0.034,0.0187,2026-08-28,137.205,138.64,133.35,137.93,569884.0,136.637447
2026-08-28T20:32:48.448,7,7,MRNA260904C00114000,MRNA,2026-09-04,call,114.0,22.48,8.0,25.85,8.0,24.165,,,1.0233,0.9175,0.0078,-0.2216,0.0289,0.0195,2026-08-28,137.205,138.64,133.35,137.93,569884.0,136.637447
2026-08-28T20:32:48.448,7,7,MRNA260904C00115000,MRNA,2026-09-04,call,115.0,21.96,7.0,24.48,7.0,23.22,37.23,1.0,1.0047,0.9113,0.0084,-0.2293,0.0305,0.0195,2026-08-28,137.205,138.64,133.35,137.93,569884.0,136.637447
2026-08-28T20:32:48.448,7,7,MRNA260904C00116000,MRNA,2026-09-04,call,116.0,21.44,8.0,23.32,8.0,22.380000000000003,30.82,2.0,1.0167,0.8985,0.0092,-0.255,0.0337,0.0194,2026-08-28,137.205,138.64,133.35,137.93,569884.0,136.637447
2026-08-28T20:32:48.448,7,7,MRNA260904C00117000,MRNA,2026-09-04,call,117.0,19.36,8.0,23.06,7.0,21.21,,,0.9272,0.9059,0.0095,-0.2216,0.0319,0.0198,2026-08-28,137.205,138.64,133.35,137.93,569884.0,136.637447
2026-08-28T20:32:48.448,7,7,MRNA260904C00118000,MRNA,2026-09-04,call,118.0,19.47,18.0,21.92,10.0,20.695,,,1.0242,0.8738,0.0106,-0.2982,0.0394,0.019,2026-08-28,137.205,138.64,133.35,137.93,569884.0,136.637447
2026-08-28T20:32:48.448,7,7,MRNA260904C00119000,MRNA,2026-09-04,call,119.0,17.53,16.0,20.73,10.0,19.130000000000003,28.88,1.0,0.829,0.9049,0.0107,-0.2009,0.0322,0.0202,2026-08-28,137.205,138.64,133.35,137.93,569884.0,136.637447
2026-08-28T20:32:48.448,7,7,MRNA260904C00120000,MRNA,2026-09-04,call,120.0,17.1,120.0,20.56,95.0,18.83,19.65,1.0,0.9758,0.8577,0.0121,-0.3082,0.0428,0.019,2026-08-28,137.205,138.64,133.35,137.93,569884.0,136.637447
2026-08-28T20:32:48.448,7,7,MRNA260904C00121000,MRNA,2026-09-04,call,121.0,16.42,8.0,18.99,8.0,17.705,20.65,6.0,0.9058,0.8591,0.013,-0.285,0.0425,0.0192,2026-08-28,137.205,138.64,133.35,137.93,569884.0,136.637447
2026-08-28T20:32:48.448,7,7,MRNA260904C00122000,MRNA,2026-09-04,call,122.0,15.72,22.0,18.38,15.0,17.05,26.5,1.0,0.9415,0.8358,0.0138,-0.3262,0.0471,0.0187,2026-08-28,137.205,138.64,133.35,137.93,569884.0,136.637447
2026-08-28T20:32:48.448,7,7,MRNA260904C00123000,MRNA,2026-09-04,call,123.0,14.82,60.0,17.81,69.0,16.314999999999998,15.82,1.0,0.9529,0.8173,0.0146,-0.3523,0.0504,0.0184,2026-08-28,137.205,138.64,133.35,137.93,569884.0,136.637447
2026-08-28T20:32:48.448,7,7,MRNA260904C00124000,MRNA,2026-09-04,call,124.0,13.63,17.0,16.14,14.0,14.885000000000002,15.57,1.0,0.8228,0.831,0.0161,-0.2917,0.0479,0.019,2026-08-28,137.205,138.64,133.35,137.93,569884.0,136.637447
2026-08-28T20:32:48.448,7,7,MRNA260904C00125000,MRNA,2026-09-04,call,125.0,13.25,106.0,15.35,91.0,14.3,15.06,2.0,0.8622,0.8029,0.0169,-0.3345,0.0528,0.0184,2026-08-28,137.205,138.64,133.35,137.93,569884.0,136.637447
2026-08-28T20:32:48.448,7,7,MRNA260904C00126000,MRNA,2026-09-04,call,126.0,12.35,17.0,15.01,22.0,13.68,13.68,1.0,0.8867,0.7785,0.0176,-0.3673,0.0565,0.0179,2026-08-28,137.205,138.64,133.35,137.93,569884.0,136.637447
2026-08-28T20:32:48.448,7,7,MRNA260904C00127000,MRNA,2026-09-04,call,127.0,11.3,96.0,14.16,64.0,12.73,12.9,1.0,0.8491,0.7669,0.0189,-0.3621,0.0582,0.0178,2026-08-28,137.205,138.64,133.35,137.93,569884.0,136.637447
2026-08-28T20:32:48.448,7,7,MRNA260904C00128000,MRNA,2026-09-04,call,128.0,10.76,21.0,13.22,15.0,11.99,16.6,1.0,0.8454,0.7467,0.0199,-0.3764,0.0608,0.0174,2026-08-28,137.205,138.64,133.35,137.93,569884.0,136.637447
2026-08-28T20:32:48.448,7,7,MRNA260904C00129000,MRNA,2026-09-04,call,129.0,9.82,97.0,13.26,107.0,11.54,11.1,1.0,0.8839,0.718,0.0201,-0.4142,0.0642,0.0167,2026-08-28,137.205,138.64,133.35,137.93,569884.0,136.637447
2026-08-28T20:32:48.448,7,7,MRNA260904C00130000,MRNA,2026-09-04,call,130.0,9.63,89.0,10.88,53.0,10.255,10.53,1.0,0.7893,0.7128,0.0227,-0.374,0.0648,0.0168,2026-08-28,137.205,138.64,133.35,137.93,569884.0,136.637447
2026-08-28T20:32:48.448,7,7,MRNA260904C00131000,MRNA,2026-09-04,call,131.0,8.62,110.0,11.53,156.0,10.075,9.9,1.0,0.8603,0.6773,0.0219,-0.4276,0.0682,0.0159,2026-08-28,137.205,138.64,133.35,137.93,569884.0,136.637447
2026-08-28T20:32:48.448,7,7,MRNA260904C00132000,MRNA,2026-09-04,call,132.0,7.73,124.0,10.8,160.0,9.265,8.59,4.0,0.8333,0.6574,0.0232,-0.424,0.0699,0.0155,2026-08-28,137.205,138.64,133.35,137.93,569884.0,136.637447
2026-08-28T20:32:48.448,7,7,MRNA260904C00133000,MRNA,2026-09-04,call,133.0,7.11,104.0,10.42,140.0,8.765,8.1,1.0,0.8474,0.6317,0.0234,-0.4417,0.0717,0.015,2026-08-28,137.205,138.64,133.35,137.93,569884.0,136.637447
2026-08-28T20:32:48.448,7,7,MRNA260904C00134000,MRNA,2026-09-04,call,134.0,7.64,16.0,8.48,121.0,8.06,7.75,5.0,0.8294,0.6087,0.0243,-0.4402,0.073,0.0145,2026-08-28,137.205,138.64,133.35,137.93,569884.0,136.637447
2026-08-28T20:32:48.448,7,7,MRNA260904C00135000,MRNA,2026-09-04,call,135.0,6.79,100.0,7.68,71.0,7.234999999999999,7.2,2.0,0.7925,0.5854,0.0259,-0.4268,0.0741,0.014,2026-08-28,137.205,138.64,133.35,137.93,569884.0,136.637447
2026-08-28T20:32:48.448,7,7,MRNA260904C00136000,MRNA,2026-09-04,call,136.0,6.25,66.0,7.66,103.0,6.955,6.87,1.0,0.8256,0.5585,0.0251,-0.4495,0.075,0.0134,2026-08-28,137.205,138.64,133.35,137.93,569884.0,136.637447
2026-08-28T20:32:48.448,7,7,MRNA260904C00137000,MRNA,2026-09-04,call,137.0,6.0,13.0,6.41,57.0,6.205,6.25,2.0,0.7925,0.5326,0.0264,-0.4347,0.0756,0.0128,2026-08-28,137.205,138.64,133.35,137.93,569884.0,136.637447
2026-08-28T20:32:48.448,7,7,MRNA260904C00138000,MRNA,2026-09-04,call,138.0,5.42,26.0,5.76,10.0,5.59,5.6,38.0,0.7741,0.5053,0.0271,-0.4258,0.0759,0.0122,2026-08-28,137.205,138.64,133.35,137.93,569884.0,136.637447
2026-08-28T20:32:48.448,7,7,MRNA260904C00139000,MRNA,2026-09-04,call,139.0,4.47,122.0,5.47,13.0,4.97,5.15,1.0,0.7515,0.4766,0.0279,-0.4125,0.0757,0.0116,2026-08-28,137.205,138.64,133.35,137.93,569884.0,136.637447
2026-08-28T20:32:48.448,7,7,MRNA260904C00140000,MRNA,2026-09-04,call,140.0,4.14,113.0,5.07,62.0,4.605,4.79,1.0,0.759,0.4501,0.0274,-0.4138,0.0753,0.011,2026-08-28,137.205,138.64,133.35,137.93,569884.0,136.637447
2026-08-28T20:32:48.448,7,7,MRNA260904C00141000,MRNA,2026-09-04,call,141.0,3.98,122.0,4.61,3.0,4.295,4.56,1.0,0.7705,0.4252,0.0267,-0.4155,0.0745,0.0104,2026-08-28,137.205,138.64,133.35,137.93,569884.0,136.637447
2026-08-28T20:32:48.448,7,7,MRNA260904C00142000,MRNA,2026-09-04,call,142.0,3.79,30.0,4.73,101.0,4.26,4.0,1.0,0.8161,0.4073,0.025,-0.4354,0.0738,0.0099,2026-08-28,137.205,138.64,133.35,137.93,569884.0,136.637447
2026-08-28T20:32:48.448,7,7,MRNA260904C00143000,MRNA,2026-09-04,call,143.0,3.37,29.0,4.04,15.0,3.705,3.58,1.0,0.7881,0.3779,0.0254,-0.4117,0.0723,0.0092,2026-08-28,137.205,138.64,133.35,137.93,569884.0,136.637447
2026-08-28T20:32:48.448,7,7,MRNA260904C00144000,MRNA,2026-09-04,call,144.0,2.79,60.0,4.84,156.0,3.815,3.3,2.0,0.8493,0.367,0.0233,-0.439,0.0716,0.0089,2026-08-28,137.205,138.64,133.35,137.93,569884.0,136.637447
2026-08-28T20:32:48.448,7,7,MRNA260904C00145000,MRNA,2026-09-04,call,145.0,2.89,19.0,3.2,1.0,3.045,3.05,1.0,0.7835,0.3294,0.0243,-0.3893,0.0688,0.0081,2026-08-28,137.205,138.64,133.35,137.93,569884.0,136.637447
2026-08-28T20:32:48.448,7,7,MRNA260904C00146000,MRNA,2026-09-04,call,146.0,2.49,72.0,3.06,76.0,2.7750000000000004,2.68,1.0,0.785,0.3072,0.0235,-0.3786,0.0668,0.0076,2026-08-28,137.205,138.64,133.35,137.93,569884.0,136.637447
2026-08-28T20:32:48.448,7,7,MRNA260904C00147000,MRNA,2026-09-04,call,147.0,2.0,183.0,2.88,20.0,2.44,2.42,1.0,0.7734,0.2821,0.023,-0.3585,0.0642,0.007,2026-08-28,137.205,138.64,133.35,137.93,569884.0,136.637447
2026-08-28T20:32:48.448,7,7,MRNA260904C00148000,MRNA,2026-09-04,call,148.0,1.89,119.0,2.46,10.0,2.175,2.46,1.0,0.7688,0.2597,0.0222,-0.3418,0.0616,0.0064,2026-08-28,137.205,138.64,133.35,137.93,569884.0,136.637447
2026-08-28T20:32:48.448,7,7,MRNA260904C00149000,MRNA,2026-09-04,call,149.0,1.87,31.0,2.4,1.0,2.135,2.3,1.0,0.7985,0.2491,0.0209,-0.3472,0.0603,0.0062,2026-08-28,137.205,138.64,133.35,137.93,569884.0,136.637447
2026-08-28T20:32:48.448,7,7,MRNA260904C00150000,MRNA,2026-09-04,call,150.0,1.81,7.0,1.95,7.0,1.88,1.95,1.0,0.79,0.2276,0.0201,-0.3268,0.0574,0.0056,2026-08-28,137.205,138.64,133.35,137.93,569884.0,136.637447
2026-08-28T20:32:48.448,7,7,MRNA260904C00152500,MRNA,2026-09-04,call,152.5,1.42,8.0,1.65,7.0,1.535,1.48,1.0,0.8085,0.1908,0.0177,-0.3012,0.0517,0.0047,2026-08-28,137.205,138.64,133.35,137.93,569884.0,136.637447
2026-08-28T20:32:48.448,7,7,MRNA260904C00155000,MRNA,2026-09-04,call,155.0,1.18,1.0,1.34,64.0,1.26,1.34,1.0,0.8275,0.1601,0.0155,-0.2756,0.0463,0.004,2026-08-28,137.205,138.64,133.35,137.93,569884.0,136.637447
2026-08-28T20:32:48.448,7,7,MRNA260904C00157500,MRNA,2026-09-04,call,157.5,0.81,35.0,1.38,144.0,1.095,0.88,12.0,0.86,0.1387,0.0135,-0.2601,0.042,0.0034,2026-08-28,137.205,138.64,133.35,137.93,569884.0,136.637447
2026-08-28T20:32:48.448,7,7,MRNA260904C00160000,MRNA,2026-09-04,call,160.0,0.73,81.0,0.81,11.0,0.77,0.77,1.0,0.8402,0.1056,0.0114,-0.2097,0.0347,0.0026,2026-08-28,137.205,138.64,133.35,137.93,569884.0,136.637447
2026-08-28T20:32:48.448,7,7,MRNA260904C00162500,MRNA,2026-09-04,call,162.5,0.58,1.0,0.7,7.0,0.6399999999999999,0.64,1.0,0.8602,0.0888,0.0098,-0.1889,0.0306,0.0022,2026-08-28,137.205,138.64,133.35,137.93,569884.0,136.637447
2026-08-28T20:32:48.448,7,7,MRNA260904C00165000,MRNA,2026-09-04,call,165.0,0.48,10.0,0.61,38.0,0.5449999999999999,0.61,1.0,0.8838,0.0758,0.0085,-0.1723,0.0271,0.0019,2026-08-28,137.205,138.64,133.35,137.93,569884.0,136.637447
2026-08-28T20:32:48.448,7,7,MRNA260904C00167500,MRNA,2026-09-04,call,167.5,0.27,58.0,0.5,61.0,0.385,0.44,3.0,0.8713,0.0569,0.0069,-0.1361,0.0217,0.0014,2026-08-28,137.205,138.64,133.35,137.93,569884.0,136.637447
2026-08-28T20:32:48.448,7,7,MRNA260904C00170000,MRNA,2026-09-04,call,170.0,0.36,1.0,0.37,9.0,0.365,0.36,1.0,0.912,0.0524,0.0062,-0.1333,0.0204,0.0013,2026-08-28,137.205,138.64,133.35,137.93,569884.0,136.637447
2026-08-28T20:32:48.448,7,7,MRNA260904C00172500,MRNA,2026-09-04,call,172.5,0.03,126.0,0.43,63.0,0.22999999999999998,0.43,1.0,0.8829,0.036,0.0047,-0.0953,0.015,0.0009,2026-08-28,137.205,138.64,133.35,137.93,569884.0,136.637447
2026-08-28T20:32:48.448,7,7,MRNA260904C00175000,MRNA,2026-09-04,call,175.0,0.18,5.0,0.26,1.0,0.22,0.26,9.0,,,,,,,2026-08-28,137.205,138.64,133.35,137.93,569884.0,136.637447
2026-08-28T20:32:48.448,7,7,MRNA260904C00177500,MRNA,2026-09-04,call,177.5,0.07,29.0,0.53,197.0,0.30000000000000004,0.3,1.0,,,,,,,2026-08-28,137.205,138.64,133.35,137.93,569884.0,136.637447
2026-08-28T20:32:48.448,7,7,MRNA260904C00180000,MRNA,2026-09-04,call,180.0,0.19,1.0,0.23,26.0,0.21000000000000002,0.18,5.0,,,,,,,2026-08-28,137.205,138.64,133.35,137.93,569884.0,136.637447
2026-08-28T20:32:48.448,7,7,MRNA260904C00182500,MRNA,2026-09-04,call,182.5,0.0,0.0,0.71,197.0,0.355,0.18,1.0,,,,,,,2026-08-28,137.205,138.64,133.35,137.93,569884.0,136.637447
2026-08-28T20:32:48.448,7,7,MRNA260904C00185000,MRNA,2026-09-04,call,185.0,0.11,1.0,0.13,15.0,0.12,0.13,2.0,,,,,,,2026-08-28,137.205,138.64,133.35,137.93,569884.0,136.637447
2026-08-28T20:32:48.448,7,7,MRNA260904C00187500,MRNA,2026-09-04,call,187.5,0.07,1.0,2.2,361.0,1.135,0.12,5.0,,,,,,,2026-08-28,137.205,138.64,133.35,137.93,569884.0,136.637447
2026-08-28T20:32:48.448,7,7,MRNA260904C00190000,MRNA,2026-09-04,call,190.0,0.11,1.0,0.31,240.0,0.21,0.11,1.0,,,,,,,2026-08-28,137.205,138.64,133.35,137.93,569884.0,136.637447
2026-08-28T20:32:48.448,7,7,MRNA260904C00192500,MRNA,2026-09-04,call,192.5,0.01,2.0,0.94,205.0,0.475,0.3,10.0,,,,,,,2026-08-28,137.205,138.64,133.35,137.93,569884.0,136.637447
2026-08-28T20:32:48.448,7,7,MRNA260904C00195000,MRNA,2026-09-04,call,195.0,0.0,0.0,0.27,1.0,0.135,0.11,1.0,,,,,,,2026-08-28,137.205,138.64,133.35,137.93,569884.0,136.637447
2026-08-28T20:32:48.448,7,7,MRNA260904C00197500,MRNA,2026-09-04,call,197.5,0.06,1.0,0.32,293.0,0.19,0.17,1.0,,,,,,,2026-08-28,137.205,138.64,133.35,137.93,569884.0,136.637447
2026-08-28T20:32:48.448,7,7,MRNA260904C00200000,MRNA,2026-09-04,call,200.0,0.07,11.0,0.26,8.0,0.165,0.07,5.0,,,,,,,2026-08-28,137.205,138.64,133.35,137.93,569884.0,136.637447
2026-08-28T20:32:48.448,7,7,MRNA260904C00202500,MRNA,2026-09-04,call,202.5,0.03,5.0,0.04,31.0,0.035,0.04,10.0,,,,,,,2026-08-28,137.205,138.64,133.35,137.93,569884.0,136.637447
2026-08-28T20:32:48.448,7,7,MRNA260904C00205000,MRNA,2026-09-04,call,205.0,0.01,2.0,0.06,12.0,0.034999999999999996,0.06,1.0,,,,,,,2026-08-28,137.205,138.64,133.35,137.93,569884.0,136.637447
2026-08-28T20:32:48.448,7,7,MRNA260904C00207500,MRNA,2026-09-04,call,207.5,0.03,1.0,2.2,267.0,1.115,2.16,1.0,,,,,,,2026-08-28,137.205,138.64,133.35,137.93,569884.0,136.637447
2026-08-28T20:32:48.448,7,7,MRNA260904C00210000,MRNA,2026-09-04,call,210.0,0.06,4.0,0.08,1.0,0.07,0.06,1.0,,,,,,,2026-08-28,137.205,138.64,133.35,137.93,569884.0,136.637447
2026-08-28T20:32:48.448,7,7,MRNA260904C00212500,MRNA,2026-09-04,call,212.5,0.0,0.0,1.24,101.0,0.62,0.1,1.0,,,,,,,2026-08-28,137.205,138.64,133.35,137.93,569884.0,136.637447
2026-08-28T20:32:48.448,7,7,MRNA260904C00215000,MRNA,2026-09-04,call,215.0,0.0,0.0,0.62,218.0,0.31,0.03,1.0,,,,,,,2026-08-28,137.205,138.64,133.35,137.93,569884.0,136.637447
2026-08-28T20:32:48.448,7,7,MRNA260904C00217500,MRNA,2026-09-04,call,217.5,0.0,0.0,2.12,8.0,1.06,,,,,,,,,2026-08-28,137.205,138.64,133.35,137.93,569884.0,136.637447
2026-08-28T20:32:48.448,7,7,MRNA260904C00220000,MRNA,2026-09-04,call,220.0,0.0,0.0,1.31,1.0,0.655,0.24,1.0,,,,,,,2026-08-28,137.205,138.64,133.35,137.93,569884.0,136.637447
2026-08-28T20:32:48.448,7,7,MRNA260904C00222500,MRNA,2026-09-04,call,222.5,0.0,0.0,2.17,8.0,1.085,,,,,,,,,2026-08-28,137.205,138.64,133.35,137.93,569884.0,136.637447
2026-08-28T20:32:48.448,7,7,MRNA260904C00225000,MRNA,2026-09-04,call,225.0,0.03,2.0,0.05,5.0,0.04,0.03,1.0,,,,,,,2026-08-28,137.205,138.64,133.35,137.93,569884.0,136.637447
2026-08-28T20:32:48.448,7,7,MRNA260904C00227500,MRNA,2026-09-04,call,227.5,0.0,0.0,2.16,9.0,1.08,,,,,,,,,2026-08-28,137.205,138.64,133.35,137.93,569884.0,136.637447
2026-08-28T20:32:48.448,7,7,MRNA260904C00230000,MRNA,2026-09-04,call,230.0,0.0,0.0,0.57,127.0,0.285,0.16,1.0,,,,,,,2026-08-28,137.205,138.64,133.35,137.93,569884.0,136.637447
2026-08-28T20:32:48.448,7,7,MRNA260904C00232500,MRNA,2026-09-04,call,232.5,0.0,0.0,2.18,10.0,1.09,,,,,,,,,2026-08-28,137.205,138.64,133.35,137.93,569884.0,136.637447
2026-08-28T20:32:48.448,7,7,MRNA260904C00235000,MRNA,2026-09-04,call,235.0,0.0,0.0,0.66,263.0,0.33,0.05,1.0,,,,,,,2026-08-28,137.205,138.64,133.35,137.93,569884.0,136.637447
2026-08-28T20:32:48.448,7,7,MRNA260904C00240000,MRNA,2026-09-04,call,240.0,0.0,0.0,0.26,185.0,0.13,0.03,4.0,,,,,,,2026-08-28,137.205,138.64,133.35,137.93,569884.0,136.637447
2026-08-28T20:32:48.448,7,7,MRNA260904C00245000,MRNA,2026-09-04,call,245.0,0.0,0.0,0.51,1.0,0.255,0.01,9.0,,,,,,,2026-08-28,137.205,138.64,133.35,137.93,569884.0,136.637447
2026-08-28T20:32:48.448,7,7,MRNA260904C00250000,MRNA,2026-09-04,call,250.0,0.0,0.0,0.07,50.0,0.035,0.03,4.0,,,,,,,2026-08-28,137.205,138.64,133.35,137.93,569884.0,136.637447
2026-08-28T20:32:48.448,7,7,MRNA260904C00255000,MRNA,2026-09-04,call,255.0,0.0,0.0,0.76,328.0,0.38,0.01,1.0,,,,,,,2026-08-28,137.205,138.64,133.35,137.93,569884.0,136.637447
2026-08-28T20:32:48.448,7,7,MRNA260904C00260000,MRNA,2026-09-04,call,260.0,0.0,0.0,0.15,10.0,0.075,0.01,2.0,,,,,,,2026-08-28,137.205,138.64,133.35,137.93,569884.0,136.637447
2026-08-28T20:32:48.448,7,7,MRNA260904P00035000,MRNA,2026-09-04,put,35.0,0.0,0.0,0.01,500.0,0.005,0.01,1.0,,,,,,,2026-08-28,137.205,138.64,133.35,137.93,569884.0,136.637447
2026-08-28T20:32:48.448,7,7,MRNA260904P00040000,MRNA,2026-09-04,put,40.0,0.0,0.0,0.01,1000.0,0.005,0.01,1.0,,,,,,,2026-08-28,137.205,138.64,133.35,137.93,569884.0,136.637447
2026-08-28T20:32:48.448,7,7,MRNA260904P00043000,MRNA,2026-09-04,put,43.0,0.0,0.0,0.03,494.0,0.015,0.01,6.0,,,,,,,2026-08-28,137.205,138.64,133.35,137.93,569884.0,136.637447
2026-08-28T20:32:48.448,7,7,MRNA260904P00044000,MRNA,2026-09-04,put,44.0,0.0,0.0,0.01,500.0,0.005,0.01,1.0,,,,,,,2026-08-28,137.205,138.64,133.35,137.93,569884.0,136.637447
2026-08-28T20:32:48.448,7,7,MRNA260904P00045000,MRNA,2026-09-04,put,45.0,0.0,0.0,0.01,500.0,0.005,0.01,1.0,,,,,,,2026-08-28,137.205,138.64,133.35,137.93,569884.0,136.637447
2026-08-28T20:32:48.448,7,7,MRNA260904P00046000,MRNA,2026-09-04,put,46.0,0.0,0.0,0.04,500.0,0.02,0.01,1.0,,,,,,,2026-08-28,137.205,138.64,133.35,137.93,569884.0,136.637447
2026-08-28T20:32:48.448,7,7,MRNA260904P00047000,MRNA,2026-09-04,put,47.0,0.0,0.0,0.01,500.0,0.005,0.01,4.0,,,,,,,2026-08-28,137.205,138.64,133.35,137.93,569884.0,136.637447
2026-08-28T20:32:48.448,7,7,MRNA260904P00048000,MRNA,2026-09-04,put,48.0,0.0,0.0,0.03,747.0,0.015,0.01,3.0,,,,,,,2026-08-28,137.205,138.64,133.35,137.93,569884.0,136.637447
2026-08-28T20:32:48.448,7,7,MRNA260904P00049000,MRNA,2026-09-04,put,49.0,0.0,0.0,0.03,750.0,0.015,0.01,1.0,,,,,,,2026-08-28,137.205,138.64,133.35,137.93,569884.0,136.637447
2026-08-28T20:32:48.448,7,7,MRNA260904P00050000,MRNA,2026-09-04,put,50.0,0.0,0.0,0.01,737.0,0.005,0.01,1.0,,,,,,,2026-08-28,137.205,138.64,133.35,137.93,569884.0,136.637447
2026-08-28T20:32:48.448,7,7,MRNA260904P00051000,MRNA,2026-09-04,put,51.0,0.0,0.0,0.07,2.0,0.035,0.03,12.0,,,,,,,2026-08-28,137.205,138.64,133.35,137.93,569884.0,136.637447
2026-08-28T20:32:48.448,7,7,MRNA260904P00052000,MRNA,2026-09-04,put,52.0,0.0,0.0,0.03,7.0,0.015,0.01,2.0,,,,,,,2026-08-28,137.205,138.64,133.35,137.93,569884.0,136.637447
2026-08-28T20:32:48.448,7,7,MRNA260904P00053000,MRNA,2026-09-04,put,53.0,0.0,0.0,0.05,3.0,0.025,0.02,3.0,,,,,,,2026-08-28,137.205,138.64,133.35,137.93,569884.0,136.637447
2026-08-28T20:32:48.448,7,7,MRNA260904P00054000,MRNA,2026-09-04,put,54.0,0.0,0.0,0.01,1.0,0.005,0.03,1.0,,,,,,,2026-08-28,137.205,138.64,133.35,137.93,569884.0,136.637447
2026-08-28T20:32:48.448,7,7,MRNA260904P00055000,MRNA,2026-09-04,put,55.0,0.0,0.0,0.1,1.0,0.05,0.01,9.0,,,,,,,2026-08-28,137.205,138.64,133.35,137.93,569884.0,136.637447
2026-08-28T20:32:48.448,7,7,MRNA260904P00056000,MRNA,2026-09-04,put,56.0,0.0,0.0,0.07,9.0,0.035,0.02,1.0,,,,,,,2026-08-28,137.205,138.64,133.35,137.93,569884.0,136.637447
2026-08-28T20:32:48.448,7,7,MRNA260904P00057000,MRNA,2026-09-04,put,57.0,0.0,0.0,0.12,10.0,0.06,0.02,1.0,,,,,,,2026-08-28,137.205,138.64,133.35,137.93,569884.0,136.637447
2026-08-28T20:32:48.448,7,7,MRNA260904P00058000,MRNA,2026-09-04,put,58.0,0.0,0.0,0.1,2.0,0.05,0.02,2.0,,,,,,,2026-08-28,137.205,138.64,133.35,137.93,569884.0,136.637447
2026-08-28T20:32:48.448,7,7,MRNA260904P00059000,MRNA,2026-09-04,put,59.0,0.0,0.0,0.01,1.0,0.005,0.02,1.0,,,,,,,2026-08-28,137.205,138.64,133.35,137.93,569884.0,136.637447
2026-08-28T20:32:48.448,7,7,MRNA260904P00060000,MRNA,2026-09-04,put,60.0,0.0,0.0,0.11,5.0,0.055,0.02,1.0,,,,,,,2026-08-28,137.205,138.64,133.35,137.93,569884.0,136.637447
2026-08-28T20:32:48.448,7,7,MRNA260904P00061000,MRNA,2026-09-04,put,61.0,0.0,0.0,0.86,11.0,0.43,0.01,1.0,,,,,,,2026-08-28,137.205,138.64,133.35,137.93,569884.0,136.637447
2026-08-28T20:32:48.448,7,7,MRNA260904P00062000,MRNA,2026-09-04,put,62.0,0.0,0.0,0.09,1.0,0.045,0.02,2.0,,,,,,,2026-08-28,137.205,138.64,133.35,137.93,569884.0,136.637447
2026-08-28T20:32:48.448,7,7,MRNA260904P00063000,MRNA,2026-09-04,put,63.0,0.0,0.0,0.07,14.0,0.035,0.01,1.0,,,,,,,2026-08-28,137.205,138.64,133.35,137.93,569884.0,136.637447
2026-08-28T20:32:48.448,7,7,MRNA260904P00064000,MRNA,2026-09-04,put,64.0,0.0,0.0,0.38,1.0,0.19,0.02,1.0,,,,,,,2026-08-28,137.205,138.64,133.35,137.93,569884.0,136.637447
2026-08-28T20:32:48.448,7,7,MRNA260904P00065000,MRNA,2026-09-04,put,65.0,0.0,0.0,0.03,10.0,0.015,0.01,1.0,,,,,,,2026-08-28,137.205,138.64,133.35,137.93,569884.0,136.637447
2026-08-28T20:32:48.448,7,7,MRNA260904P00066000,MRNA,2026-09-04,put,66.0,0.0,0.0,0.68,3.0,0.34,0.05,2.0,,,,,,,2026-08-28,137.205,138.64,133.35,137.93,569884.0,136.637447
2026-08-28T20:32:48.448,7,7,MRNA260904P00067000,MRNA,2026-09-04,put,67.0,0.0,0.0,0.04,10.0,0.02,0.02,1.0,,,,,,,2026-08-28,137.205,138.64,133.35,137.93,569884.0,136.637447
2026-08-28T20:32:48.448,7,7,MRNA260904P00068000,MRNA,2026-09-04,put,68.0,0.0,0.0,0.96,8.0,0.48,0.13,1.0,,,,,,,2026-08-28,137.205,138.64,133.35,137.93,569884.0,136.637447
2026-08-28T20:32:48.448,7,7,MRNA260904P00069000,MRNA,2026-09-04,put,69.0,0.0,0.0,0.96,8.0,0.48,0.08,1.0,,,,,,,2026-08-28,137.205,138.64,133.35,137.93,569884.0,136.637447
2026-08-28T20:32:48.448,7,7,MRNA260904P00070000,MRNA,2026-09-04,put,70.0,0.0,0.0,0.03,6.0,0.015,0.02,1.0,,,,,,,2026-08-28,137.205,138.64,133.35,137.93,569884.0,136.637447
2026-08-28T20:32:48.448,7,7,MRNA260904P00071000,MRNA,2026-09-04,put,71.0,0.0,0.0,0.04,10.0,0.02,0.02,1.0,,,,,,,2026-08-28,137.205,138.64,133.35,137.93,569884.0,136.637447
2026-08-28T20:32:48.448,7,7,MRNA260904P00072000,MRNA,2026-09-04,put,72.0,0.0,0.0,0.77,4.0,0.385,0.01,1.0,,,,,,,2026-08-28,137.205,138.64,133.35,137.93,569884.0,136.637447
2026-08-28T20:32:48.448,7,7,MRNA260904P00073000,MRNA,2026-09-04,put,73.0,0.0,0.0,0.76,2.0,0.38,0.06,2.0,,,,,,,2026-08-28,137.205,138.64,133.35,137.93,569884.0,136.637447
2026-08-28T20:32:48.448,7,7,MRNA260904P00074000,MRNA,2026-09-04,put,74.0,0.0,0.0,0.23,6.0,0.115,0.02,6.0,,,,,,,2026-08-28,137.205,138.64,133.35,137.93,569884.0,136.637447
2026-08-28T20:32:48.448,7,7,MRNA260904P00075000,MRNA,2026-09-04,put,75.0,0.0,0.0,0.01,1.0,0.005,0.01,2.0,,,,,,,2026-08-28,137.205,138.64,133.35,137.93,569884.0,136.637447
2026-08-28T20:32:48.448,7,7,MRNA260904P00076000,MRNA,2026-09-04,put,76.0,0.0,0.0,0.57,300.0,0.285,0.03,2.0,,,,,,,2026-08-28,137.205,138.64,133.35,137.93,569884.0,136.637447
2026-08-28T20:32:48.448,7,7,MRNA260904P00080000,MRNA,2026-09-04,put,80.0,0.03,10.0,0.07,61.0,0.05,0.03,2.0,,,,,,,2026-08-28,137.205,138.64,133.35,137.93,569884.0,136.637447
2026-08-28T20:32:48.448,7,7,MRNA260904P00085000,MRNA,2026-09-04,put,85.0,0.01,2.0,0.12,2.0,0.065,0.05,2.0,,,,,,,2026-08-28,137.205,138.64,133.35,137.93,569884.0,136.637447
2026-08-28T20:32:48.448,7,7,MRNA260904P00090000,MRNA,2026-09-04,put,90.0,0.03,13.0,0.06,11.0,0.045,0.03,19.0,,,,,,,2026-08-28,137.205,138.64,133.35,137.93,569884.0,136.637447
2026-08-28T20:32:48.448,7,7,MRNA260904P00095000,MRNA,2026-09-04,put,95.0,0.04,1.0,0.07,1.0,0.05500000000000001,0.04,1.0,,,,,,,2026-08-28,137.205,138.64,133.35,137.93,569884.0,136.637447
2026-08-28T20:32:48.448,7,7,MRNA260904P00097000,MRNA,2026-09-04,put,97.0,0.03,10.0,0.17,1.0,0.1,0.05,1.0,,,,,,,2026-08-28,137.205,138.64,133.35,137.93,569884.0,136.637447
2026-08-28T20:32:48.448,7,7,MRNA260904P00098000,MRNA,2026-09-04,put,98.0,0.0,0.0,1.17,22.0,0.585,0.17,1.0,,,,,,,2026-08-28,137.205,138.64,133.35,137.93,569884.0,136.637447
2026-08-28T20:32:48.448,7,7,MRNA260904P00099000,MRNA,2026-09-04,put,99.0,0.0,0.0,0.24,159.0,0.12,0.05,2.0,,,,,,,2026-08-28,137.205,138.64,133.35,137.93,569884.0,136.637447
2026-08-28T20:32:48.448,7,7,MRNA260904P00100000,MRNA,2026-09-04,put,100.0,0.01,20.0,0.08,11.0,0.045,0.04,3.0,,,,,,,2026-08-28,137.205,138.64,133.35,137.93,569884.0,136.637447
2026-08-28T20:32:48.448,7,7,MRNA260904P00101000,MRNA,2026-09-04,put,101.0,0.0,0.0,2.12,135.0,1.06,0.1,1.0,,,,,,,2026-08-28,137.205,138.64,133.35,137.93,569884.0,136.637447
2026-08-28T20:32:48.448,7,7,MRNA260904P00102000,MRNA,2026-09-04,put,102.0,0.0,0.0,0.31,158.0,0.155,0.1,1.0,,,,,,,2026-08-28,137.205,138.64,133.35,137.93,569884.0,136.637447
2026-08-28T20:32:48.448,7,7,MRNA260904P00103000,MRNA,2026-09-04,put,103.0,0.0,0.0,0.82,8.0,0.41,0.2,1.0,,,,,,,2026-08-28,137.205,138.64,133.35,137.93,569884.0,136.637447
2026-08-28T20:32:48.448,7,7,MRNA260904P00104000,MRNA,2026-09-04,put,104.0,0.0,0.0,2.23,240.0,1.115,0.06,1.0,,,,,,,2026-08-28,137.205,138.64,133.35,137.93,569884.0,136.637447
2026-08-28T20:32:48.448,7,7,MRNA260904P00105000,MRNA,2026-09-04,put,105.0,0.03,11.0,0.18,17.0,0.105,0.05,1.0,,,,,,,2026-08-28,137.205,138.64,133.35,137.93,569884.0,136.637447
2026-08-28T20:32:48.448,7,7,MRNA260904P00106000,MRNA,2026-09-04,put,106.0,0.0,0.0,0.21,3.0,0.105,0.08,1.0,,,,,,,2026-08-28,137.205,138.64,133.35,137.93,569884.0,136.637447
2026-08-28T20:32:48.448,7,7,MRNA260904P00107000,MRNA,2026-09-04,put,107.0,0.0,0.0,0.86,119.0,0.43,0.13,1.0,,,,,,,2026-08-28,137.205,138.64,133.35,137.93,569884.0,136.637447
2026-08-28T20:32:48.448,7,7,MRNA260904P00108000,MRNA,2026-09-04,put,108.0,0.06,10.0,0.32,1.0,0.19,0.1,1.0,,,,,,,2026-08-28,137.205,138.64,133.35,137.93,569884.0,136.637447
2026-08-28T20:32:48.448,7,7,MRNA260904P00109000,MRNA,2026-09-04,put,109.0,0.04,6.0,0.44,225.0,0.24,0.27,1.0,0.9406,-0.0327,0.0041,-0.0928,0.0139,-0.0009,2026-08-28,137.205,138.64,133.35,137.93,569884.0,136.637447
2026-08-28T20:32:48.448,7,7,MRNA260904P00110000,MRNA,2026-09-04,put,110.0,0.09,95.0,0.18,22.0,0.135,0.15,1.0,0.823,-0.0223,0.0034,-0.059,0.0101,-0.0006,2026-08-28,137.205,138.64,133.35,137.93,569884.0,136.637447
2026-08-28T20:32:48.448,7,7,MRNA260904P00111000,MRNA,2026-09-04,put,111.0,0.0,0.0,0.46,148.0,0.23,0.13,1.0,,,,,,,2026-08-28,137.205,138.64,133.35,137.93,569884.0,136.637447
2026-08-28T20:32:48.448,7,7,MRNA260904P00112000,MRNA,2026-09-04,put,112.0,0.01,91.0,0.54,220.0,0.275,0.19,3.0,0.8701,-0.0395,0.0052,-0.1002,0.0162,-0.0011,2026-08-28,137.205,138.64,133.35,137.93,569884.0,136.637447
2026-08-28T20:32:48.448,7,7,MRNA260904P00113000,MRNA,2026-09-04,put,113.0,0.0,0.0,0.44,111.0,0.22,0.2,3.0,,,,,,,2026-08-28,137.205,138.64,133.35,137.93,569884.0,136.637447
2026-08-28T20:32:48.448,7,7,MRNA260904P00114000,MRNA,2026-09-04,put,114.0,0.24,1.0,0.45,152.0,0.345,0.25,15.0,0.846,-0.0492,0.0063,-0.1163,0.0194,-0.0014,2026-08-28,137.205,138.64,133.35,137.93,569884.0,136.637447
2026-08-28T20:32:48.448,7,7,MRNA260904P00115000,MRNA,2026-09-04,put,115.0,0.1,98.0,0.52,111.0,0.31,0.29,1.0,0.7958,-0.0474,0.0065,-0.1062,0.0188,-0.0013,2026-08-28,137.205,138.64,133.35,137.93,569884.0,136.637447
2026-08-28T20:32:48.448,7,7,MRNA260904P00116000,MRNA,2026-09-04,put,116.0,0.03,86.0,0.7,137.0,0.365,0.35,1.0,0.7915,-0.0548,0.0074,-0.1185,0.0211,-0.0015,2026-08-28,137.205,138.64,133.35,137.93,569884.0,136.637447
2026-08-28T20:32:48.448,7,7,MRNA260904P00117000,MRNA,2026-09-04,put,117.0,0.03,118.0,0.62,1.0,0.325,0.44,3.0,0.7403,-0.0527,0.0076,-0.1073,0.0204,-0.0014,2026-08-28,137.205,138.64,133.35,137.93,569884.0,136.637447
2026-08-28T20:32:48.448,7,7,MRNA260904P00118000,MRNA,2026-09-04,put,118.0,0.18,156.0,0.7,5.0,0.43999999999999995,0.44,1.0,0.759,-0.0667,0.009,-0.1324,0.0246,-0.0018,2026-08-28,137.205,138.64,133.35,137.93,569884.0,136.637447
2026-08-28T20:32:48.448,7,7,MRNA260904P00119000,MRNA,2026-09-04,put,119.0,0.0,0.0,1.17,149.0,0.585,0.41,1.0,,,,,,,2026-08-28,137.205,138.64,133.35,137.93,569884.0,136.637447
2026-08-28T20:32:48.448,7,7,MRNA260904P00120000,MRNA,2026-09-04,put,120.0,0.59,1.0,0.67,24.0,0.63,0.6,1.0,0.7595,-0.0901,0.0113,-0.1663,0.0309,-0.0025,2026-08-28,137.205,138.64,133.35,137.93,569884.0,136.637447
2026-08-28T20:32:48.448,7,7,MRNA260904P00121000,MRNA,2026-09-04,put,121.0,0.55,83.0,0.76,9.0,0.655,0.7,1.0,0.7322,-0.096,0.0122,-0.168,0.0324,-0.0027,2026-08-28,137.205,138.64,133.35,137.93,569884.0,136.637447
2026-08-28T20:32:48.448,7,7,MRNA260904P00122000,MRNA,2026-09-04,put,122.0,0.57,51.0,1.31,233.0,0.94,0.89,2.0,0.7758,-0.1229,0.0138,-0.2126,0.0387,-0.0034,2026-08-28,137.205,138.64,133.35,137.93,569884.0,136.637447
2026-08-28T20:32:48.448,7,7,MRNA260904P00123000,MRNA,2026-09-04,put,123.0,0.73,23.0,1.34,126.0,1.0350000000000001,0.99,1.0,0.7614,-0.135,0.015,-0.2226,0.0413,-0.0038,2026-08-28,137.205,138.64,133.35,137.93,569884.0,136.637447
2026-08-28T20:32:48.448,7,7,MRNA260904P00124000,MRNA,2026-09-04,put,124.0,0.98,20.0,1.72,162.0,1.35,1.12,1.0,0.7934,-0.1613,0.0162,-0.2612,0.0465,-0.0045,2026-08-28,137.205,138.64,133.35,137.93,569884.0,136.637447
2026-08-28T20:32:48.448,7,7,MRNA260904P00125000,MRNA,2026-09-04,put,125.0,1.13,11.0,1.43,56.0,1.2799999999999998,1.15,1.0,0.7379,-0.1643,0.0176,-0.2457,0.0471,-0.0046,2026-08-28,137.205,138.64,133.35,137.93,569884.0,136.637447
2026-08-28T20:32:48.448,7,7,MRNA260904P00126000,MRNA,2026-09-04,put,126.0,0.95,166.0,1.54,10.0,1.245,1.31,1.0,0.69,-0.1699,0.0193,-0.2346,0.0481,-0.0047,2026-08-28,137.205,138.64,133.35,137.93,569884.0,136.637447
2026-08-28T20:32:48.448,7,7,MRNA260904P00127000,MRNA,2026-09-04,put,127.0,1.47,21.0,1.81,48.0,1.6400000000000001,1.47,1.0,0.7257,-0.2022,0.0204,-0.2748,0.0536,-0.0056,2026-08-28,137.205,138.64,133.35,137.93,569884.0,136.637447
2026-08-28T20:32:48.448,7,7,MRNA260904P00128000,MRNA,2026-09-04,put,128.0,1.67,1.0,2.2,79.0,1.935,1.85,1.0,0.7347,-0.2273,0.0216,-0.2977,0.0574,-0.0064,2026-08-28,137.205,138.64,133.35,137.93,569884.0,136.637447
2026-08-28T20:32:48.448,7,7,MRNA260904P00129000,MRNA,2026-09-04,put,129.0,1.64,133.0,2.29,9.0,1.9649999999999999,1.66,1.0,0.6943,-0.2405,0.0236,-0.29,0.0592,-0.0067,2026-08-28,137.205,138.64,133.35,137.93,569884.0,136.637447
2026-08-28T20:32:48.448,7,7,MRNA260904P00130000,MRNA,2026-09-04,put,130.0,2.17,26.0,2.49,1.0,2.33,2.43,5.0,0.7071,-0.2694,0.0246,-0.3133,0.0628,-0.0075,2026-08-28,137.205,138.64,133.35,137.93,569884.0,136.637447
2026-08-28T20:32:48.448,7,7,MRNA260904P00131000,MRNA,2026-09-04,put,131.0,2.06,153.0,2.88,15.0,2.4699999999999998,2.79,1.0,0.6802,-0.2898,0.0265,-0.3119,0.0651,-0.0081,2026-08-28,137.205,138.64,133.35,137.93,569884.0,136.637447
2026-08-28T20:32:48.448,7,7,MRNA260904P00132000,MRNA,2026-09-04,put,132.0,2.52,63.0,3.22,14.0,2.87,2.9,1.0,0.6894,-0.3198,0.0273,-0.3301,0.068,-0.009,2026-08-28,137.205,138.64,133.35,137.93,569884.0,136.637447
2026-08-28T20:32:48.448,7,7,MRNA260904P00133000,MRNA,2026-09-04,put,133.0,2.99,65.0,3.56,14.0,3.2750000000000004,3.3,1.0,0.6945,-0.3494,0.028,-0.3441,0.0704,-0.0098,2026-08-28,137.205,138.64,133.35,137.93,569884.0,136.637447
2026-08-28T20:32:48.448,7,7,MRNA260904P00134000,MRNA,2026-09-04,put,134.0,2.98,58.0,4.98,155.0,3.9800000000000004,3.5,1.0,0.7365,-0.3832,0.0273,-0.3762,0.0726,-0.0109,2026-08-28,137.205,138.64,133.35,137.93,569884.0,136.637447
2026-08-28T20:32:48.448,7,7,MRNA260904P00135000,MRNA,2026-09-04,put,135.0,4.059,7.0,4.56,1.0,4.3095,4.15,2.0,0.722,-0.4103,0.0283,-0.3753,0.0739,-0.0116,2026-08-28,137.205,138.64,133.35,137.93,569884.0,136.637447
2026-08-28T20:32:48.448,7,7,MRNA260904P00136000,MRNA,2026-09-04,put,136.0,4.12,66.0,5.42,112.0,4.77,4.12,1.0,0.7216,-0.4392,0.0287,-0.38,0.075,-0.0125,2026-08-28,137.205,138.64,133.35,137.93,569884.0,136.637447
2026-08-28T20:32:48.448,7,7,MRNA260904P00137000,MRNA,2026-09-04,put,137.0,4.78,2.0,5.48,64.0,5.130000000000001,5.06,1.0,0.704,-0.4685,0.0297,-0.3733,0.0756,-0.0133,2026-08-28,137.205,138.64,133.35,137.93,569884.0,136.637447
2026-08-28T20:32:48.448,7,7,MRNA260904P00138000,MRNA,2026-09-04,put,138.0,5.6,2.0,5.91,1.0,5.755,5.6,8.0,0.7176,-0.4975,0.0292,-0.3814,0.0759,-0.0142,2026-08-28,137.205,138.64,133.35,137.93,569884.0,136.637447
2026-08-28T20:32:48.448,7,7,MRNA260904P00139000,MRNA,2026-09-04,put,139.0,5.58,89.0,6.7,80.0,6.140000000000001,6.2,1.0,0.6956,-0.5285,0.0301,-0.3681,0.0757,-0.0151,2026-08-28,137.205,138.64,133.35,137.93,569884.0,136.637447
2026-08-28T20:32:48.448,7,7,MRNA260904P00140000,MRNA,2026-09-04,put,140.0,5.69,97.0,7.3,79.0,6.495,6.7,10.0,0.6655,-0.5623,0.0311,-0.3479,0.0749,-0.0161,2026-08-28,137.205,138.64,133.35,137.93,569884.0,136.637447
2026-08-28T20:32:48.448,7,7,MRNA260904P00141000,MRNA,2026-09-04,put,141.0,6.39,84.0,8.74,85.0,7.5649999999999995,7.4,1.0,0.7272,-0.5816,0.0282,-0.3771,0.0743,-0.0168,2026-08-28,137.205,138.64,133.35,137.93,569884.0,136.637447
2026-08-28T20:32:48.448,7,7,MRNA260904P00142000,MRNA,2026-09-04,put,142.0,7.43,62.0,9.33,88.0,8.379999999999999,8.05,1.0,0.7521,-0.604,0.0269,-0.3845,0.0733,-0.0175,2026-08-28,137.205,138.64,133.35,137.93,569884.0,136.637447
2026-08-28T20:32:48.448,7,7,MRNA260904P00143000,MRNA,2026-09-04,put,143.0,7.63,65.0,9.93,68.0,8.78,8.58,1.0,0.7164,-0.6378,0.0275,-0.3552,0.0713,-0.0185,2026-08-28,137.205,138.64,133.35,137.93,569884.0,136.637447
2026-08-28T20:32:48.448,7,7,MRNA260904P00144000,MRNA,2026-09-04,put,144.0,8.07,67.0,10.61,64.0,9.34,9.29,1.0,0.6981,-0.6688,0.0273,-0.3338,0.069,-0.0194,2026-08-28,137.205,138.64,133.35,137.93,569884.0,136.637447
2026-08-28T20:32:48.448,7,7,MRNA260904P00145000,MRNA,2026-09-04,put,145.0,8.73,129.0,11.71,95.0,10.22,10.08,1.0,0.7228,-0.687,0.0258,-0.3374,0.0674,-0.0201,2026-08-28,137.205,138.64,133.35,137.93,569884.0,136.637447
2026-08-28T20:32:48.448,7,7,MRNA260904P00146000,MRNA,2026-09-04,put,146.0,9.49,84.0,12.03,77.0,10.76,11.25,2.0,0.6929,-0.7205,0.0255,-0.3056,0.064,-0.021,2026-08-28,137.205,138.64,133.35,137.93,569884.0,136.637447
2026-08-28T20:32:48.448,7,7,MRNA260904P00147000,MRNA,2026-09-04,put,147.0,9.91,88.0,12.41,64.0,11.16,12.6,1.0,0.6323,-0.7664,0.0255,-0.2514,0.0582,-0.0223,2026-08-28,137.205,138.64,133.35,137.93,569884.0,136.637447
2026-08-28T20:32:48.448,7,7,MRNA260904P00148000,MRNA,2026-09-04,put,148.0,10.72,111.0,14.23,84.0,12.475000000000001,11.95,1.0,0.7216,-0.7559,0.0229,-0.2959,0.0597,-0.0223,2026-08-28,137.205,138.64,133.35,137.93,569884.0,136.637447
2026-08-28T20:32:48.448,7,7,MRNA260904P00149000,MRNA,2026-09-04,put,149.0,11.48,92.0,14.62,64.0,13.05,14.32,3.0,0.682,-0.7912,0.0221,-0.254,0.0546,-0.0233,2026-08-28,137.205,138.64,133.35,137.93,569884.0,136.637447
2026-08-28T20:32:48.448,7,7,MRNA260904P00150000,MRNA,2026-09-04,put,150.0,13.13,54.0,14.67,70.0,13.9,13.98,5.0,0.6867,-0.8091,0.0208,-0.2414,0.0518,-0.024,2026-08-28,137.205,138.64,133.35,137.93,569884.0,136.637447
2026-08-28T20:32:48.448,7,7,MRNA260904P00152500,MRNA,2026-09-04,put,152.5,15.12,22.0,17.76,75.0,16.44,16.72,1.0,0.7733,-0.8211,0.0178,-0.2616,0.0497,-0.0248,2026-08-28,137.205,138.64,133.35,137.93,569884.0,136.637447
2026-08-28T20:32:48.448,7,7,MRNA260904P00155000,MRNA,2026-09-04,put,155.0,16.48,97.0,19.79,69.0,18.134999999999998,19.2,1.0,0.6509,-0.9017,0.014,-0.139,0.0329,-0.0272,2026-08-28,137.205,138.64,133.35,137.93,569884.0,136.637447
2026-08-28T20:32:48.448,7,7,MRNA260904P00157500,MRNA,2026-09-04,put,157.5,19.26,17.0,22.15,13.0,20.705,20.53,1.0,0.7354,-0.9013,0.0124,-0.1592,0.033,-0.0277,2026-08-28,137.205,138.64,133.35,137.93,569884.0,136.637447
2026-08-28T20:32:48.448,7,7,MRNA260904P00160000,MRNA,2026-09-04,put,160.0,21.32,111.0,24.32,70.0,22.82,23.23,10.0,0.6462,-0.9512,0.0082,-0.0735,0.0192,-0.0294,2026-08-28,137.205,138.64,133.35,137.93,569884.0,136.637447
2026-08-28T20:32:48.448,7,7,MRNA260904P00162500,MRNA,2026-09-04,put,162.5,23.46,7.0,27.26,7.0,25.36,16.23,1.0,0.7197,-0.9488,0.0077,-0.0872,0.02,-0.0298,2026-08-28,137.205,138.64,133.35,137.93,569884.0,136.637447
2026-08-28T20:32:48.448,7,7,MRNA260904P00165000,MRNA,2026-09-04,put,165.0,26.41,65.0,29.06,71.0,27.735,28.71,1.0,0.6955,-0.968,0.0054,-0.0518,0.0137,-0.0308,2026-08-28,137.205,138.64,133.35,137.93,569884.0,136.637447
2026-08-28T20:32:48.448,7,7,MRNA260904P00167500,MRNA,2026-09-04,put,167.5,28.26,7.0,31.39,7.0,29.825000000000003,15.78,1.0,,,,,,,2026-08-28,137.205,138.64,133.35,137.93,569884.0,136.637447
2026-08-28T20:32:48.448,7,7,MRNA260904P00170000,MRNA,2026-09-04,put,170.0,30.85,32.0,32.94,16.0,31.895,25.0,10.0,,,,,,,2026-08-28,137.205,138.64,133.35,137.93,569884.0,136.637447
2026-08-28T20:32:48.448,7,7,MRNA260904P00172500,MRNA,2026-09-04,put,172.5,33.12,7.0,35.47,7.0,34.295,21.25,1.0,,,,,,,2026-08-28,137.205,138.64,133.35,137.93,569884.0,136.637447
2026-08-28T20:32:48.448,7,7,MRNA260904P00175000,MRNA,2026-09-04,put,175.0,35.54,19.0,39.51,19.0,37.525,40.8,1.0,,,,,,,2026-08-28,137.205,138.64,133.35,137.93,569884.0,136.637447
2026-08-28T20:32:48.448,7,7,MRNA260904P00177500,MRNA,2026-09-04,put,177.5,38.7,7.0,41.25,7.0,39.975,31.0,1.0,,,,,,,2026-08-28,137.205,138.64,133.35,137.93,569884.0,136.637447
2026-08-28T20:32:48.448,7,7,MRNA260904P00180000,MRNA,2026-09-04,put,180.0,40.37,20.0,43.82,21.0,42.095,43.45,1.0,,,,,,,2026-08-28,137.205,138.64,133.35,137.93,569884.0,136.637447
2026-08-28T20:32:48.448,7,7,MRNA260904P00182500,MRNA,2026-09-04,put,182.5,42.9,7.0,45.22,7.0,44.06,40.78,3.0,,,,,,,2026-08-28,137.205,138.64,133.35,137.93,569884.0,136.637447
2026-08-28T20:32:48.448,7,7,MRNA260904P00185000,MRNA,2026-09-04,put,185.0,44.44,7.0,49.07,7.0,46.754999999999995,,,,,,,,,2026-08-28,137.205,138.64,133.35,137.93,569884.0,136.637447
2026-08-28T20:32:48.448,7,7,MRNA260904P00187500,MRNA,2026-09-04,put,187.5,48.66,7.0,51.3,7.0,49.98,,,,,,,,,2026-08-28,137.205,138.64,133.35,137.93,569884.0,136.637447
2026-08-28T20:32:48.448,7,7,MRNA260904P00190000,MRNA,2026-09-04,put,190.0,49.59,7.0,53.94,7.0,51.765,,,,,,,,,2026-08-28,137.205,138.64,133.35,137.93,569884.0,136.637447
2026-08-28T20:32:48.448,7,7,MRNA260904P00192500,MRNA,2026-09-04,put,192.5,53.29,7.0,55.51,7.0,54.4,,,,,,,,,2026-08-28,137.205,138.64,133.35,137.93,569884.0,136.637447
2026-08-28T20:32:48.448,7,7,MRNA260904P00195000,MRNA,2026-09-04,put,195.0,55.23,7.0,57.97,7.0,56.599999999999994,,,,,,,,,2026-08-28,137.205,138.64,133.35,137.93,569884.0,136.637447
2026-08-28T20:32:48.448,7,7,MRNA260904P00197500,MRNA,2026-09-04,put,197.5,58.38,7.0,61.39,7.0,59.885000000000005,,,,,,,,,2026-08-28,137.205,138.64,133.35,137.93,569884.0,136.637447
2026-08-28T20:32:48.448,7,7,MRNA260904P00200000,MRNA,2026-09-04,put,200.0,60.83,7.0,63.64,7.0,62.235,60.25,1.0,,,,,,,2026-08-28,137.205,138.64,133.35,137.93,569884.0,136.637447
2026-08-28T20:32:48.448,7,7,MRNA260904P00202500,MRNA,2026-09-04,put,202.5,63.25,7.0,66.27,7.0,64.75999999999999,60.5,1.0,,,,,,,2026-08-28,137.205,138.64,133.35,137.93,569884.0,136.637447
2026-08-28T20:32:48.448,7,7,MRNA260904P00205000,MRNA,2026-09-04,put,205.0,66.5,8.0,68.94,7.0,67.72,65.34,1.0,,,,,,,2026-08-28,137.205,138.64,133.35,137.93,569884.0,136.637447
2026-08-28T20:32:48.448,7,7,MRNA260904P00207500,MRNA,2026-09-04,put,207.5,67.83,7.0,69.89,7.0,68.86,,,,,,,,,2026-08-28,137.205,138.64,133.35,137.93,569884.0,136.637447
2026-08-28T20:32:48.448,7,7,MRNA260904P00210000,MRNA,2026-09-04,put,210.0,68.75,3.0,73.7,2.0,71.225,,,,,,,,,2026-08-28,137.205,138.64,133.35,137.93,569884.0,136.637447
2026-08-28T20:32:48.448,7,7,MRNA260904P00212500,MRNA,2026-09-04,put,212.5,73.47,8.0,76.92,7.0,75.195,,,,,,,,,2026-08-28,137.205,138.64,133.35,137.93,569884.0,136.637447
2026-08-28T20:32:48.448,7,7,MRNA260904P00215000,MRNA,2026-09-04,put,215.0,74.58,1.0,79.85,1.0,77.215,,,,,,,,,2026-08-28,137.205,138.64,133.35,137.93,569884.0,136.637447
2026-08-28T20:32:48.448,7,7,MRNA260904P00217500,MRNA,2026-09-04,put,217.5,77.6,7.0,82.49,7.0,80.04499999999999,,,,,,,,,2026-08-28,137.205,138.64,133.35,137.93,569884.0,136.637447
2026-08-28T20:32:48.448,7,7,MRNA260904P00220000,MRNA,2026-09-04,put,220.0,78.87,2.0,83.45,2.0,81.16,83.06,1.0,,,,,,,2026-08-28,137.205,138.64,133.35,137.93,569884.0,136.637447
2026-08-28T20:32:48.448,7,7,MRNA260904P00222500,MRNA,2026-09-04,put,222.5,83.77,8.0,86.8,7.0,85.285,,,,,,,,,2026-08-28,137.205,138.64,133.35,137.93,569884.0,136.637447
2026-08-28T20:32:48.448,7,7,MRNA260904P00225000,MRNA,2026-09-04,put,225.0,86.67,7.0,90.04,7.0,88.355,93.34,1.0,,,,,,,2026-08-28,137.205,138.64,133.35,137.93,569884.0,136.637447
2026-08-28T20:32:48.448,7,7,MRNA260904P00227500,MRNA,2026-09-04,put,227.5,88.24,7.0,90.16,7.0,89.19999999999999,,,,,,,,,2026-08-28,137.205,138.64,133.35,137.93,569884.0,136.637447
2026-08-28T20:32:48.448,7,7,MRNA260904P00230000,MRNA,2026-09-04,put,230.0,92.41,7.0,93.13,7.0,92.77,,,,,,,,,2026-08-28,137.205,138.64,133.35,137.93,569884.0,136.637447
2026-08-28T20:32:48.448,7,7,MRNA260904P00232500,MRNA,2026-09-04,put,232.5,91.93,7.0,93.8,7.0,92.86500000000001,,,,,,,,,2026-08-28,137.205,138.64,133.35,137.93,569884.0,136.637447
2026-08-28T20:32:48.448,7,7,MRNA260904P00235000,MRNA,2026-09-04,put,235.0,96.77,8.0,99.33,7.0,98.05,,,,,,,,,2026-08-28,137.205,138.64,133.35,137.93,569884.0,136.637447
2026-08-28T20:32:48.448,7,7,MRNA260904P00240000,MRNA,2026-09-04,put,240.0,99.54,7.0,103.9,7.0,101.72,,,,,,,,,2026-08-28,137.205,138.64,133.35,137.93,569884.0,136.637447
2026-08-28T20:32:48.448,7,7,MRNA260904P00245000,MRNA,2026-09-04,put,245.0,105.93,7.0,109.43,7.0,107.68,,,,,,,,,2026-08-28,137.205,138.64,133.35,137.93,569884.0,136.637447
2026-08-28T20:32:48.448,7,7,MRNA260904P00250000,MRNA,2026-09-04,put,250.0,111.31,7.0,115.04,7.0,113.17500000000001,,,,,,,,,2026-08-28,137.205,138.64,133.35,137.93,569884.0,136.637447
2026-08-28T20:32:48.448,7,7,MRNA260904P00255000,MRNA,2026-09-04,put,255.0,115.97,7.0,118.04,7.0,117.005,,,,,,,,,2026-08-28,137.205,138.64,133.35,137.93,569884.0,136.637447
2026-08-28T20:32:48.448,7,7,MRNA260904P00260000,MRNA,2026-09-04,put,260.0,119.12,8.0,124.56,7.0,121.84,109.27,1.0,,,,,,,2026-08-28,137.205,138.64,133.35,137.93,569884.0,136.637447
2026-08-28T20:32:48.448,14,14,MRNA260911C00040000,MRNA,2026-09-11,call,40.0,97.69,1.0,101.65,2.0,99.67,109.1,1.0,,,,,,,2026-08-28,137.205,138.64,133.35,137.93,569884.0,136.637447
2026-08-28T20:32:48.448,14,14,MRNA260911C00043000,MRNA,2026-09-11,call,43.0,93.27,2.0,98.11,3.0,95.69,,,,,,,,,2026-08-28,137.205,138.64,133.35,137.93,569884.0,136.637447
2026-08-28T20:32:48.448,14,14,MRNA260911C00044000,MRNA,2026-09-11,call,44.0,92.02,2.0,97.66,3.0,94.84,,,,,,,,,2026-08-28,137.205,138.64,133.35,137.93,569884.0,136.637447
2026-08-28T20:32:48.448,14,14,MRNA260911C00045000,MRNA,2026-09-11,call,45.0,89.65,2.0,96.92,2.0,93.285,,,,,,,,,2026-08-28,137.205,138.64,133.35,137.93,569884.0,136.637447
2026-08-28T20:32:48.448,14,14,MRNA260911C00046000,MRNA,2026-09-11,call,46.0,88.29,3.0,92.76,3.0,90.525,,,,,,,,,2026-08-28,137.205,138.64,133.35,137.93,569884.0,136.637447
2026-08-28T20:32:48.448,14,14,MRNA260911C00047000,MRNA,2026-09-11,call,47.0,89.17,2.0,94.81,1.0,91.99000000000001,96.64,1.0,,,,,,,2026-08-28,137.205,138.64,133.35,137.93,569884.0,136.637447
2026-08-28T20:32:48.448,14,14,MRNA260911C00048000,MRNA,2026-09-11,call,48.0,87.81,2.0,91.89,2.0,89.85,,,,,,,,,2026-08-28,137.205,138.64,133.35,137.93,569884.0,136.637447
2026-08-28T20:32:48.448,14,14,MRNA260911C00049000,MRNA,2026-09-11,call,49.0,88.83,1.0,89.89,2.0,89.36,,,,,,,,,2026-08-28,137.205,138.64,133.35,137.93,569884.0,136.637447
2026-08-28T20:32:48.448,14,14,MRNA260911C00050000,MRNA,2026-09-11,call,50.0,87.22,1.0,88.95,2.0,88.08500000000001,10.61,1.0,,,,,,,2026-08-28,137.205,138.64,133.35,137.93,569884.0,136.637447
2026-08-28T20:32:48.448,14,14,MRNA260911C00051000,MRNA,2026-09-11,call,51.0,86.67,1.0,87.91,1.0,87.28999999999999,,,,,,,,,2026-08-28,137.205,138.64,133.35,137.93,569884.0,136.637447
2026-08-28T20:32:48.448,14,14,MRNA260911C00052000,MRNA,2026-09-11,call,52.0,84.03,1.0,87.79,2.0,85.91,89.74,1.0,,,,,,,2026-08-28,137.205,138.64,133.35,137.93,569884.0,136.637447
2026-08-28T20:32:48.448,14,14,MRNA260911C00053000,MRNA,2026-09-11,call,53.0,82.03,1.0,88.28,2.0,85.155,106.76,1.0,,,,,,,2026-08-28,137.205,138.64,133.35,137.93,569884.0,136.637447
2026-08-28T20:32:48.448,14,14,MRNA260911C00054000,MRNA,2026-09-11,call,54.0,83.49,2.0,86.09,3.0,84.78999999999999,,,,,,,,,2026-08-28,137.205,138.64,133.35,137.93,569884.0,136.637447
2026-08-28T20:32:48.448,14,14,MRNA260911C00055000,MRNA,2026-09-11,call,55.0,81.44,82.0,85.46,67.0,83.44999999999999,10.78,1.0,,,,,,,2026-08-28,137.205,138.64,133.35,137.93,569884.0,136.637447
2026-08-28T20:32:48.448,14,14,MRNA260911C00056000,MRNA,2026-09-11,call,56.0,79.81,2.0,85.13,3.0,82.47,90.53,1.0,,,,,,,2026-08-28,137.205,138.64,133.35,137.93,569884.0,136.637447
2026-08-28T20:32:48.448,14,14,MRNA260911C00057000,MRNA,2026-09-11,call,57.0,77.65,1.0,83.6,1.0,80.625,89.45,1.0,,,,,,,2026-08-28,137.205,138.64,133.35,137.93,569884.0,136.637447
2026-08-28T20:32:48.448,14,14,MRNA260911C00058000,MRNA,2026-09-11,call,58.0,77.13,5.0,83.08,3.0,80.10499999999999,98.58,1.0,,,,,,,2026-08-28,137.205,138.64,133.35,137.93,569884.0,136.637447
2026-08-28T20:32:48.448,14,14,MRNA260911C00059000,MRNA,2026-09-11,call,59.0,77.2,1.0,82.25,2.0,79.725,85.42,1.0,,,,,,,2026-08-28,137.205,138.64,133.35,137.93,569884.0,136.637447
2026-08-28T20:32:48.448,14,14,MRNA260911C00060000,MRNA,2026-09-11,call,60.0,75.07,1.0,80.46,2.0,77.76499999999999,86.95,5.0,,,,,,,2026-08-28,137.205,138.64,133.35,137.93,569884.0,136.637447
2026-08-28T20:32:48.448,14,14,MRNA260911C00061000,MRNA,2026-09-11,call,61.0,73.56,2.0,78.92,2.0,76.24000000000001,90.9,1.0,,,,,,,2026-08-28,137.205,138.64,133.35,137.93,569884.0,136.637447
2026-08-28T20:32:48.448,14,14,MRNA260911C00062000,MRNA,2026-09-11,call,62.0,73.08,2.0,79.68,2.0,76.38,69.88,1.0,,,,,,,2026-08-28,137.205,138.64,133.35,137.93,569884.0,136.637447
2026-08-28T20:32:48.448,14,14,MRNA260911C00063000,MRNA,2026-09-11,call,63.0,71.65,5.0,76.98,3.0,74.315,82.91,2.0,,,,,,,2026-08-28,137.205,138.64,133.35,137.93,569884.0,136.637447
2026-08-28T20:32:48.448,14,14,MRNA260911C00064000,MRNA,2026-09-11,call,64.0,70.71,1.0,74.85,2.0,72.78,79.23,1.0,,,,,,,2026-08-28,137.205,138.64,133.35,137.93,569884.0,136.637447
2026-08-28T20:32:48.448,14,14,MRNA260911C00065000,MRNA,2026-09-11,call,65.0,70.91,101.0,75.77,102.0,73.34,74.8,1.0,,,,,,,2026-08-28,137.205,138.64,133.35,137.93,569884.0,136.637447
2026-08-28T20:32:48.448,14,14,MRNA260911C00066000,MRNA,2026-09-11,call,66.0,69.95,9.0,73.04,9.0,71.495,67.82,1.0,,,,,,,2026-08-28,137.205,138.64,133.35,137.93,569884.0,136.637447
2026-08-28T20:32:48.448,14,14,MRNA260911C00067000,MRNA,2026-09-11,call,67.0,69.24,5.0,73.89,2.0,71.565,3.13,1.0,,,,,,,2026-08-28,137.205,138.64,133.35,137.93,569884.0,136.637447
2026-08-28T20:32:48.448,14,14,MRNA260911C00068000,MRNA,2026-09-11,call,68.0,67.63,1.0,71.19,4.0,69.41,90.59,1.0,,,,,,,2026-08-28,137.205,138.64,133.35,137.93,569884.0,136.637447
2026-08-28T20:32:48.448,14,14,MRNA260911C00069000,MRNA,2026-09-11,call,69.0,67.32,8.0,69.29,8.0,68.305,88.22,2.0,,,,,,,2026-08-28,137.205,138.64,133.35,137.93,569884.0,136.637447
2026-08-28T20:32:48.448,14,14,MRNA260911C00070000,MRNA,2026-09-11,call,70.0,66.77,16.0,68.61,13.0,67.69,70.12,1.0,,,,,,,2026-08-28,137.205,138.64,133.35,137.93,569884.0,136.637447
2026-08-28T20:32:48.448,14,14,MRNA260911C00071000,MRNA,2026-09-11,call,71.0,66.1,8.0,68.82,8.0,67.46,2.09,1.0,,,,,,,2026-08-28,137.205,138.64,133.35,137.93,569884.0,136.637447
2026-08-28T20:32:48.448,14,14,MRNA260911C00072000,MRNA,2026-09-11,call,72.0,64.379,8.0,66.85,8.0,65.61449999999999,2.27,2.0,,,,,,,2026-08-28,137.205,138.64,133.35,137.93,569884.0,136.637447
2026-08-28T20:32:48.448,14,14,MRNA260911C00073000,MRNA,2026-09-11,call,73.0,62.75,7.0,67.62,7.0,65.185,65.09,1.0,,,,,,,2026-08-28,137.205,138.64,133.35,137.93,569884.0,136.637447
2026-08-28T20:32:48.448,14,14,MRNA260911C00074000,MRNA,2026-09-11,call,74.0,62.53,8.0,64.39,8.0,63.46,64.08,1.0,,,,,,,2026-08-28,137.205,138.64,133.35,137.93,569884.0,136.637447
2026-08-28T20:32:48.448,14,14,MRNA260911C00075000,MRNA,2026-09-11,call,75.0,60.75,95.0,63.54,120.0,62.144999999999996,65.489,3.0,,,,,,,2026-08-28,137.205,138.64,133.35,137.93,569884.0,136.637447
2026-08-28T20:32:48.448,14,14,MRNA260911C00076000,MRNA,2026-09-11,call,76.0,60.65,8.0,63.57,8.0,62.11,64.8,1.0,,,,,,,2026-08-28,137.205,138.64,133.35,137.93,569884.0,136.637447
2026-08-28T20:32:48.448,14,14,MRNA260911C00080000,MRNA,2026-09-11,call,80.0,57.07,86.0,59.51,67.0,58.29,56.85,1.0,,,,,,,2026-08-28,137.205,138.64,133.35,137.93,569884.0,136.637447
2026-08-28T20:32:48.448,14,14,MRNA260911C00085000,MRNA,2026-09-11,call,85.0,51.54,8.0,54.31,8.0,52.925,,,,,,,,,2026-08-28,137.205,138.64,133.35,137.93,569884.0,136.637447
2026-08-28T20:32:48.448,14,14,MRNA260911C00090000,MRNA,2026-09-11,call,90.0,45.64,8.0,49.65,8.0,47.644999999999996,47.29,1.0,,,,,,,2026-08-28,137.205,138.64,133.35,137.93,569884.0,136.637447
2026-08-28T20:32:48.448,14,14,MRNA260911C00095000,MRNA,2026-09-11,call,95.0,42.2,8.0,43.84,8.0,43.02,51.66,1.0,,,,,,,2026-08-28,137.205,138.64,133.35,137.93,569884.0,136.637447
2026-08-28T20:32:48.448,14,14,MRNA260911C00100000,MRNA,2026-09-11,call,100.0,37.04,8.0,38.98,8.0,38.01,51.16,1.0,1.0244,0.9543,0.0035,-0.1038,0.0258,0.0357,2026-08-28,137.205,138.64,133.35,137.93,569884.0,136.637447
2026-08-28T20:32:48.448,14,14,MRNA260911C00104000,MRNA,2026-09-11,call,104.0,32.5,8.0,36.32,8.0,34.41,,,1.0422,0.9292,0.0048,-0.1448,0.0364,0.0357,2026-08-28,137.205,138.64,133.35,137.93,569884.0,136.637447
2026-08-28T20:32:48.448,14,14,MRNA260911C00105000,MRNA,2026-09-11,call,105.0,32.17,8.0,35.32,8.0,33.745000000000005,,,1.0978,0.9134,0.0053,-0.1756,0.0424,0.0352,2026-08-28,137.205,138.64,133.35,137.93,569884.0,136.637447
2026-08-28T20:32:48.448,14,14,MRNA260911C00106000,MRNA,2026-09-11,call,106.0,30.67,8.0,34.23,8.0,32.45,,,0.9959,0.9239,0.0053,-0.1464,0.0385,0.0362,2026-08-28,137.205,138.64,133.35,137.93,569884.0,136.637447
2026-08-28T20:32:48.448,14,14,MRNA260911C00107000,MRNA,2026-09-11,call,107.0,29.36,8.0,32.85,8.0,31.105,,,0.8709,0.9401,0.0051,-0.1093,0.032,0.0376,2026-08-28,137.205,138.64,133.35,137.93,569884.0,136.637447
2026-08-28T20:32:48.448,14,14,MRNA260911C00108000,MRNA,2026-09-11,call,108.0,29.56,8.0,31.98,8.0,30.77,,,1.0144,0.9057,0.0062,-0.1731,0.0452,0.0359,2026-08-28,137.205,138.64,133.35,137.93,569884.0,136.637447
2026-08-28T20:32:48.448,14,14,MRNA260911C00109000,MRNA,2026-09-11,call,109.0,27.94,8.0,30.53,8.0,29.235,,,0.8557,0.9292,0.0059,-0.1211,0.0364,0.0377,2026-08-28,137.205,138.64,133.35,137.93,569884.0,136.637447
2026-08-28T20:32:48.448,14,14,MRNA260911C00110000,MRNA,2026-09-11,call,110.0,26.63,8.0,29.94,8.0,28.285,24.75,1.0,0.8422,0.9244,0.0063,-0.125,0.0383,0.0378,2026-08-28,137.205,138.64,133.35,137.93,569884.0,136.637447
2026-08-28T20:32:48.448,14,14,MRNA260911C00111000,MRNA,2026-09-11,call,111.0,25.94,8.0,29.85,8.0,27.895000000000003,,,0.9522,0.8928,0.0072,-0.1783,0.0496,0.0363,2026-08-28,137.205,138.64,133.35,137.93,569884.0,136.637447
2026-08-28T20:32:48.448,14,14,MRNA260911C00112000,MRNA,2026-09-11,call,112.0,24.97,8.0,27.8,8.0,26.384999999999998,,,0.813,0.9143,0.0072,-0.1321,0.0421,0.038,2026-08-28,137.205,138.64,133.35,137.93,569884.0,136.637447
2026-08-28T20:32:48.448,14,14,MRNA260911C00113000,MRNA,2026-09-11,call,113.0,24.19,8.0,26.96,8.0,25.575000000000003,,,0.8282,0.9017,0.0078,-0.1477,0.0466,0.0377,2026-08-28,137.205,138.64,133.35,137.93,569884.0,136.637447
2026-08-28T20:32:48.448,14,14,MRNA260911C00114000,MRNA,2026-09-11,call,114.0,23.22,8.0,26.66,7.0,24.939999999999998,,,0.8724,0.8815,0.0085,-0.1757,0.0533,0.0369,2026-08-28,137.205,138.64,133.35,137.93,569884.0,136.637447
2026-08-28T20:32:48.448,14,14,MRNA260911C00115000,MRNA,2026-09-11,call,115.0,21.8,82.0,26.34,31.0,24.07,26.99,1.0,0.8665,0.8724,0.009,-0.1833,0.0562,0.0367,2026-08-28,137.205,138.64,133.35,137.93,569884.0,136.637447
2026-08-28T20:32:48.448,14,14,MRNA260911C00116000,MRNA,2026-09-11,call,116.0,21.45,17.0,24.1,20.0,22.775,,,0.7833,0.882,0.0094,-0.1585,0.0532,0.0377,2026-08-28,137.205,138.64,133.35,137.93,569884.0,136.637447
2026-08-28T20:32:48.448,14,14,MRNA260911C00117000,MRNA,2026-09-11,call,117.0,20.47,24.0,23.75,14.0,22.11,,,0.8137,0.8628,0.01,-0.1812,0.059,0.037,2026-08-28,137.205,138.64,133.35,137.93,569884.0,136.637447
2026-08-28T20:32:48.448,14,14,MRNA260911C00118000,MRNA,2026-09-11,call,118.0,19.7,43.0,22.82,14.0,21.259999999999998,,,0.8084,0.8521,0.0106,-0.1889,0.0621,0.0367,2026-08-28,137.205,138.64,133.35,137.93,569884.0,136.637447
2026-08-28T20:32:48.448,14,14,MRNA260911C00119000,MRNA,2026-09-11,call,119.0,18.3,41.0,22.07,11.0,20.185000000000002,,,0.7661,0.8504,0.0113,-0.1809,0.0626,0.037,2026-08-28,137.205,138.64,133.35,137.93,569884.0,136.637447
2026-08-28T20:32:48.448,14,14,MRNA260911C00120000,MRNA,2026-09-11,call,120.0,17.97,106.0,21.07,71.0,19.52,19.05,5.0,0.7869,0.8316,0.0119,-0.1995,0.0676,0.0363,2026-08-28,137.205,138.64,133.35,137.93,569884.0,136.637447
2026-08-28T20:32:48.448,14,14,MRNA260911C00121000,MRNA,2026-09-11,call,121.0,17.1,30.0,20.34,11.0,18.72,,,0.7842,0.8184,0.0125,-0.2081,0.071,0.0359,2026-08-28,137.205,138.64,133.35,137.93,569884.0,136.637447
2026-08-28T20:32:48.448,14,14,MRNA260911C00122000,MRNA,2026-09-11,call,122.0,15.93,16.0,19.17,13.0,17.55,,,0.7286,0.8185,0.0135,-0.1941,0.0709,0.0364,2026-08-28,137.205,138.64,133.35,137.93,569884.0,136.637447
2026-08-28T20:32:48.448,14,14,MRNA260911C00123000,MRNA,2026-09-11,call,123.0,15.49,27.0,19.1,21.0,17.295,,,0.7957,0.7861,0.0136,-0.2317,0.0783,0.0348,2026-08-28,137.205,138.64,133.35,137.93,569884.0,136.637447
2026-08-28T20:32:48.448,14,14,MRNA260911C00124000,MRNA,2026-09-11,call,124.0,15.29,20.0,18.42,15.0,16.855,14.8,1.0,0.8308,0.7632,0.0138,-0.255,0.083,0.0337,2026-08-28,137.205,138.64,133.35,137.93,569884.0,136.637447
2026-08-28T20:32:48.448,14,14,MRNA260911C00125000,MRNA,2026-09-11,call,125.0,13.88,175.0,17.55,124.0,15.715,14.96,1.0,0.7791,0.7584,0.0149,-0.2423,0.0839,0.0339,2026-08-28,137.205,138.64,133.35,137.93,569884.0,136.637447
2026-08-28T20:32:48.448,14,14,MRNA260911C00126000,MRNA,2026-09-11,call,126.0,13.7,34.0,16.3,19.0,15.0,14.47,1.0,0.7771,0.7422,0.0155,-0.2497,0.0868,0.0333,2026-08-28,137.205,138.64,133.35,137.93,569884.0,136.637447
2026-08-28T20:32:48.448,14,14,MRNA260911C00127000,MRNA,2026-09-11,call,127.0,12.91,20.0,15.49,15.0,14.2,13.65,1.0,0.7638,0.7277,0.0162,-0.2521,0.0893,0.0329,2026-08-28,137.205,138.64,133.35,137.93,569884.0,136.637447
2026-08-28T20:32:48.448,14,14,MRNA260911C00128000,MRNA,2026-09-11,call,128.0,12.09,25.0,14.73,21.0,13.41,13.03,1.0,0.7502,0.7125,0.0169,-0.254,0.0917,0.0324,2026-08-28,137.205,138.64,133.35,137.93,569884.0,136.637447
2026-08-28T20:32:48.448,14,14,MRNA260911C00129000,MRNA,2026-09-11,call,129.0,11.74,27.0,13.44,23.0,12.59,12.59,1.0,0.7321,0.6974,0.0177,-0.2538,0.0939,0.0319,2026-08-28,137.205,138.64,133.35,137.93,569884.0,136.637447
2026-08-28T20:32:48.448,14,14,MRNA260911C00130000,MRNA,2026-09-11,call,130.0,10.57,143.0,14.31,140.0,12.440000000000001,12.48,2.0,0.7822,0.6711,0.0172,-0.2797,0.0973,0.0306,2026-08-28,137.205,138.64,133.35,137.93,569884.0,136.637447
2026-08-28T20:32:48.448,14,14,MRNA260911C00131000,MRNA,2026-09-11,call,131.0,10.11,111.0,12.19,70.0,11.149999999999999,11.15,1.0,0.7127,0.6616,0.0191,-0.2583,0.0984,0.0306,2026-08-28,137.205,138.64,133.35,137.93,569884.0,136.637447
2026-08-28T20:32:48.448,14,14,MRNA260911C00132000,MRNA,2026-09-11,call,132.0,9.46,130.0,11.96,59.0,10.71,10.53,1.0,0.7284,0.6397,0.0191,-0.2695,0.1006,0.0296,2026-08-28,137.205,138.64,133.35,137.93,569884.0,136.637447
2026-08-28T20:32:48.448,14,14,MRNA260911C00133000,MRNA,2026-09-11,call,133.0,8.92,105.0,11.8,110.0,10.36,10.27,1.0,0.7503,0.6179,0.0189,-0.2823,0.1026,0.0286,2026-08-28,137.205,138.64,133.35,137.93,569884.0,136.637447
2026-08-28T20:32:48.448,14,14,MRNA260911C00134000,MRNA,2026-09-11,call,134.0,8.17,91.0,10.95,92.0,9.559999999999999,9.55,1.0,0.7262,0.5997,0.0198,-0.2768,0.1039,0.0279,2026-08-28,137.205,138.64,133.35,137.93,569884.0,136.637447
2026-08-28T20:32:48.448,14,14,MRNA260911C00135000,MRNA,2026-09-11,call,135.0,7.59,150.0,10.67,147.0,9.129999999999999,9.4,3.0,0.736,0.5791,0.0198,-0.2835,0.1052,0.027,2026-08-28,137.205,138.64,133.35,137.93,569884.0,136.637447
2026-08-28T20:32:48.448,14,14,MRNA260911C00136000,MRNA,2026-09-11,call,136.0,7.18,55.0,10.07,29.0,8.625,8.77,1.0,0.7366,0.5589,0.0199,-0.2859,0.1061,0.0261,2026-08-28,137.205,138.64,133.35,137.93,569884.0,136.637447
2026-08-28T20:32:48.448,14,14,MRNA260911C00137000,MRNA,2026-09-11,call,137.0,7.57,67.0,9.81,188.0,8.690000000000001,8.5,1.0,0.7886,0.5402,0.0187,-0.3072,0.1067,0.0251,2026-08-28,137.205,138.64,133.35,137.93,569884.0,136.637447
2026-08-28T20:32:48.448,14,14,MRNA260911C00138000,MRNA,2026-09-11,call,138.0,7.11,116.0,8.15,6.0,7.630000000000001,7.69,1.0,0.7335,0.5186,0.0202,-0.2871,0.1072,0.0244,2026-08-28,137.205,138.64,133.35,137.93,569884.0,136.637447
2026-08-28T20:32:48.448,14,14,MRNA260911C00139000,MRNA,2026-09-11,call,139.0,5.85,105.0,9.26,144.0,7.555,7.15,4.0,0.7685,0.5013,0.0193,-0.3006,0.1073,0.0235,2026-08-28,137.205,138.64,133.35,137.93,569884.0,136.637447
2026-08-28T20:32:48.448,14,14,MRNA260911C00140000,MRNA,2026-09-11,call,140.0,6.44,38.0,7.63,168.0,7.035,6.84,1.0,0.7602,0.4815,0.0195,-0.2969,0.1072,0.0227,2026-08-28,137.205,138.64,133.35,137.93,569884.0,136.637447
2026-08-28T20:32:48.448,14,14,MRNA260911C00141000,MRNA,2026-09-11,call,141.0,5.04,146.0,7.28,58.0,6.16,6.22,5.0,0.7169,0.4567,0.0206,-0.2787,0.1067,0.0217,2026-08-28,137.205,138.64,133.35,137.93,569884.0,136.637447
2026-08-28T20:32:48.448,14,14,MRNA260911C00142000,MRNA,2026-09-11,call,142.0,5.22,57.0,7.51,196.0,6.365,5.5,10.0,0.7731,0.4456,0.019,-0.2989,0.1063,0.021,2026-08-28,137.205,138.64,133.35,137.93,569884.0,136.637447
2026-08-28T20:32:48.448,14,14,MRNA260911C00143000,MRNA,2026-09-11,call,143.0,4.38,87.0,7.38,178.0,5.88,5.5,1.0,0.7629,0.4256,0.0191,-0.2924,0.1054,0.0202,2026-08-28,137.205,138.64,133.35,137.93,569884.0,136.637447
2026-08-28T20:32:48.448,14,14,MRNA260911C00144000,MRNA,2026-09-11,call,144.0,4.03,139.0,6.42,41.0,5.225,5.23,1.0,0.7344,0.4016,0.0196,-0.2778,0.104,0.0191,2026-08-28,137.205,138.64,133.35,137.93,569884.0,136.637447
2026-08-28T20:32:48.448,14,14,MRNA260911C00145000,MRNA,2026-09-11,call,145.0,3.68,170.0,5.18,1.0,4.43,4.87,1.0,0.6897,0.3724,0.0204,-0.2553,0.1017,0.0179,2026-08-28,137.205,138.64,133.35,137.93,569884.0,136.637447
2026-08-28T20:32:48.448,14,14,MRNA260911C00146000,MRNA,2026-09-11,call,146.0,3.05,106.0,6.57,235.0,4.8100000000000005,4.4,1.0,0.7585,0.3709,0.0185,-0.2799,0.1016,0.0177,2026-08-28,137.205,138.64,133.35,137.93,569884.0,136.637447
2026-08-28T20:32:48.448,14,14,MRNA260911C00147000,MRNA,2026-09-11,call,147.0,4.03,14.0,5.42,178.0,4.725,3.9,1.0,0.7807,0.3593,0.0178,-0.2848,0.1005,0.0171,2026-08-28,137.205,138.64,133.35,137.93,569884.0,136.637447
2026-08-28T20:32:48.448,14,14,MRNA260911C00148000,MRNA,2026-09-11,call,148.0,3.54,49.0,5.17,153.0,4.355,2.7,1.0,0.7732,0.3408,0.0176,-0.2766,0.0986,0.0163,2026-08-28,137.205,138.64,133.35,137.93,569884.0,136.637447
2026-08-28T20:32:48.448,14,14,MRNA260911C00149000,MRNA,2026-09-11,call,149.0,3.31,24.0,4.92,59.0,4.115,3.6,1.0,0.7772,0.3258,0.0172,-0.273,0.0969,0.0156,2026-08-28,137.205,138.64,133.35,137.93,569884.0,136.637447
2026-08-28T20:32:48.448,14,14,MRNA260911C00150000,MRNA,2026-09-11,call,150.0,3.31,5.0,4.05,48.0,3.6799999999999997,3.7,1.0,0.7593,0.3048,0.0171,-0.2592,0.0942,0.0146,2026-08-28,137.205,138.64,133.35,137.93,569884.0,136.637447
2026-08-28T20:32:48.448,14,14,MRNA260911C00152500,MRNA,2026-09-11,call,152.5,1.7,158.0,4.26,116.0,2.98,3.05,1.0,0.7471,0.2629,0.0162,-0.2374,0.0877,0.0127,2026-08-28,137.205,138.64,133.35,137.93,569884.0,136.637447
2026-08-28T20:32:48.448,14,14,MRNA260911C00155000,MRNA,2026-09-11,call,155.0,1.54,183.0,2.77,2.0,2.1550000000000002,2.7,1.0,0.7067,0.2129,0.0153,-0.1999,0.0781,0.0104,2026-08-28,137.205,138.64,133.35,137.93,569884.0,136.637447
2026-08-28T20:32:48.448,14,14,MRNA260911C00157500,MRNA,2026-09-11,call,157.5,0.9,157.0,2.52,22.0,1.71,2.0,1.0,0.7005,0.1785,0.0139,-0.1779,0.0702,0.0087,2026-08-28,137.205,138.64,133.35,137.93,569884.0,136.637447
2026-08-28T20:32:48.448,14,14,MRNA260911C00160000,MRNA,2026-09-11,call,160.0,1.6,1.0,1.98,1.0,1.79,1.65,1.0,0.7627,0.1737,0.0125,-0.1901,0.069,0.0085,2026-08-28,137.205,138.64,133.35,137.93,569884.0,136.637447
2026-08-28T20:32:48.448,14,14,MRNA260911C00162500,MRNA,2026-09-11,call,162.5,0.29,195.0,3.5,332.0,1.895,1.55,1.0,0.8273,0.1711,0.0114,-0.204,0.0683,0.0083,2026-08-28,137.205,138.64,133.35,137.93,569884.0,136.637447
2026-08-28T20:32:48.448,14,14,MRNA260911C00165000,MRNA,2026-09-11,call,165.0,0.98,83.0,1.83,104.0,1.405,1.41,1.0,0.7973,0.138,0.0103,-0.1705,0.0593,0.0067,2026-08-28,137.205,138.64,133.35,137.93,569884.0,136.637447
2026-08-28T20:32:48.448,14,14,MRNA260911C00167500,MRNA,2026-09-11,call,167.5,0.09,27.0,3.08,14.0,1.585,2.13,4.0,0.8719,0.1422,0.0096,-0.1902,0.0605,0.0069,2026-08-28,137.205,138.64,133.35,137.93,569884.0,136.637447
2026-08-28T20:32:48.448,14,14,MRNA260911C00170000,MRNA,2026-09-11,call,170.0,0.83,13.0,1.47,139.0,1.15,1.1,2.0,0.8369,0.1127,0.0085,-0.1552,0.0514,0.0055,2026-08-28,137.205,138.64,133.35,137.93,569884.0,136.637447
2026-08-28T20:32:48.448,14,14,MRNA260911C00172500,MRNA,2026-09-11,call,172.5,0.14,108.0,1.64,90.0,0.8899999999999999,0.8,1.0,0.8223,0.0922,0.0075,-0.1317,0.0444,0.0045,2026-08-28,137.205,138.64,133.35,137.93,569884.0,136.637447
2026-08-28T20:32:48.448,14,14,MRNA260911C00175000,MRNA,2026-09-11,call,175.0,0.04,188.0,1.67,257.0,0.855,0.79,1.0,0.852,0.0866,0.0069,-0.1302,0.0424,0.0042,2026-08-28,137.205,138.64,133.35,137.93,569884.0,136.637447
2026-08-28T20:32:48.448,14,14,MRNA260911C00177500,MRNA,2026-09-11,call,177.5,0.03,174.0,1.8,260.0,0.915,0.66,1.0,0.9029,0.0876,0.0066,-0.1392,0.0428,0.0043,2026-08-28,137.205,138.64,133.35,137.93,569884.0,136.637447
2026-08-28T20:32:48.448,14,14,MRNA260911C00180000,MRNA,2026-09-11,call,180.0,0.49,33.0,0.91,138.0,0.7,0.71,1.0,0.8841,0.0709,0.0057,-0.1161,0.0365,0.0035,2026-08-28,137.205,138.64,133.35,137.93,569884.0,136.637447
2026-08-28T20:32:48.448,14,14,MRNA260911C00182500,MRNA,2026-09-11,call,182.5,0.0,0.0,1.36,104.0,0.68,0.71,1.0,,,,,,,2026-08-28,137.205,138.64,133.35,137.93,569884.0,136.637447
2026-08-28T20:32:48.448,14,14,MRNA260911C00185000,MRNA,2026-09-11,call,185.0,0.23,22.0,1.16,298.0,0.695,0.6,1.0,0.95,0.0666,0.0051,-0.1187,0.0347,0.0032,2026-08-28,137.205,138.64,133.35,137.93,569884.0,136.637447
2026-08-28T20:32:48.448,14,14,MRNA260911C00187500,MRNA,2026-09-11,call,187.5,0.0,0.0,1.23,107.0,0.615,0.4,1.0,,,,,,,2026-08-28,137.205,138.64,133.35,137.93,569884.0,136.637447
2026-08-28T20:32:48.448,14,14,MRNA260911C00190000,MRNA,2026-09-11,call,190.0,0.16,47.0,1.36,230.0,0.76,0.71,1.0,1.0333,0.0672,0.0047,-0.13,0.035,0.0032,2026-08-28,137.205,138.64,133.35,137.93,569884.0,136.637447
2026-08-28T20:32:48.448,14,14,MRNA260911C00192500,MRNA,2026-09-11,call,192.5,0.06,16.0,0.67,10.0,0.365,4.33,1.0,0.9263,0.0389,0.0034,-0.0754,0.0226,0.0019,2026-08-28,137.205,138.64,133.35,137.93,569884.0,136.637447
2026-08-28T20:32:48.448,14,14,MRNA260911C00195000,MRNA,2026-09-11,call,195.0,0.0,0.0,2.41,264.0,1.205,1.15,2.0,,,,,,,2026-08-28,137.205,138.64,133.35,137.93,569884.0,136.637447
2026-08-28T20:32:48.448,14,14,MRNA260911C00197500,MRNA,2026-09-11,call,197.5,0.0,0.0,1.59,8.0,0.795,1.0,1.0,,,,,,,2026-08-28,137.205,138.64,133.35,137.93,569884.0,136.637447
2026-08-28T20:32:48.448,14,14,MRNA260911C00200000,MRNA,2026-09-11,call,200.0,0.27,5.0,0.8,266.0,0.535,0.3,2.0,,,,,,,2026-08-28,137.205,138.64,133.35,137.93,569884.0,136.637447
2026-08-28T20:32:48.448,14,14,MRNA260911C00202500,MRNA,2026-09-11,call,202.5,0.0,0.0,2.37,8.0,1.185,,,,,,,,,2026-08-28,137.205,138.64,133.35,137.93,569884.0,136.637447
2026-08-28T20:32:48.448,14,14,MRNA260911C00205000,MRNA,2026-09-11,call,205.0,0.0,0.0,1.12,226.0,0.56,0.29,1.0,,,,,,,2026-08-28,137.205,138.64,133.35,137.93,569884.0,136.637447
2026-08-28T20:32:48.448,14,14,MRNA260911C00207500,MRNA,2026-09-11,call,207.5,0.0,0.0,1.17,122.0,0.585,0.19,1.0,,,,,,,2026-08-28,137.205,138.64,133.35,137.93,569884.0,136.637447
2026-08-28T20:32:48.448,14,14,MRNA260911C00210000,MRNA,2026-09-11,call,210.0,0.13,1.0,0.92,163.0,0.525,0.26,1.0,,,,,,,2026-08-28,137.205,138.64,133.35,137.93,569884.0,136.637447
2026-08-28T20:32:48.448,14,14,MRNA260911C00212500,MRNA,2026-09-11,call,212.5,0.0,0.0,0.84,109.0,0.42,0.26,1.0,,,,,,,2026-08-28,137.205,138.64,133.35,137.93,569884.0,136.637447
2026-08-28T20:32:48.448,14,14,MRNA260911C00215000,MRNA,2026-09-11,call,215.0,0.0,0.0,0.77,92.0,0.385,0.22,1.0,,,,,,,2026-08-28,137.205,138.64,133.35,137.93,569884.0,136.637447
2026-08-28T20:32:48.448,14,14,MRNA260911C00217500,MRNA,2026-09-11,call,217.5,0.0,0.0,2.25,111.0,1.125,0.2,1.0,,,,,,,2026-08-28,137.205,138.64,133.35,137.93,569884.0,136.637447
2026-08-28T20:32:48.448,14,14,MRNA260911C00220000,MRNA,2026-09-11,call,220.0,0.08,83.0,0.22,95.0,0.15,0.22,1.0,,,,,,,2026-08-28,137.205,138.64,133.35,137.93,569884.0,136.637447
2026-08-28T20:32:48.448,14,14,MRNA260911C00222500,MRNA,2026-09-11,call,222.5,0.0,0.0,2.26,9.0,1.13,1.72,4.0,,,,,,,2026-08-28,137.205,138.64,133.35,137.93,569884.0,136.637447
2026-08-28T20:32:48.448,14,14,MRNA260911C00225000,MRNA,2026-09-11,call,225.0,0.04,121.0,0.22,17.0,0.13,0.16,1.0,,,,,,,2026-08-28,137.205,138.64,133.35,137.93,569884.0,136.637447
2026-08-28T20:32:48.448,14,14,MRNA260911C00227500,MRNA,2026-09-11,call,227.5,0.0,0.0,2.26,13.0,1.13,0.71,3.0,,,,,,,2026-08-28,137.205,138.64,133.35,137.93,569884.0,136.637447
2026-08-28T20:32:48.448,14,14,MRNA260911C00230000,MRNA,2026-09-11,call,230.0,0.0,0.0,2.17,26.0,1.085,0.7,4.0,,,,,,,2026-08-28,137.205,138.64,133.35,137.93,569884.0,136.637447
2026-08-28T20:32:48.448,14,14,MRNA260911C00232500,MRNA,2026-09-11,call,232.5,0.0,0.0,2.18,6.0,1.09,0.52,1.0,,,,,,,2026-08-28,137.205,138.64,133.35,137.93,569884.0,136.637447
2026-08-28T20:32:48.448,14,14,MRNA260911C00235000,MRNA,2026-09-11,call,235.0,0.0,0.0,2.22,6.0,1.11,0.48,1.0,,,,,,,2026-08-28,137.205,138.64,133.35,137.93,569884.0,136.637447
2026-08-28T20:32:48.448,14,14,MRNA260911C00240000,MRNA,2026-09-11,call,240.0,0.0,0.0,2.16,24.0,1.08,2.08,2.0,,,,,,,2026-08-28,137.205,138.64,133.35,137.93,569884.0,136.637447
2026-08-28T20:32:48.448,14,14,MRNA260911C00245000,MRNA,2026-09-11,call,245.0,0.0,0.0,2.19,7.0,1.095,0.54,1.0,,,,,,,2026-08-28,137.205,138.64,133.35,137.93,569884.0,136.637447
2026-08-28T20:32:48.448,14,14,MRNA260911C00250000,MRNA,2026-09-11,call,250.0,0.01,65.0,0.09,28.0,0.049999999999999996,0.09,1.0,,,,,,,2026-08-28,137.205,138.64,133.35,137.93,569884.0,136.637447
2026-08-28T20:32:48.448,14,14,MRNA260911C00255000,MRNA,2026-09-11,call,255.0,0.0,0.0,2.13,11.0,1.065,0.55,3.0,,,,,,,2026-08-28,137.205,138.64,133.35,137.93,569884.0,136.637447
2026-08-28T20:32:48.448,14,14,MRNA260911C00260000,MRNA,2026-09-11,call,260.0,0.01,61.0,0.12,45.0,0.065,0.06,5.0,,,,,,,2026-08-28,137.205,138.64,133.35,137.93,569884.0,136.637447
2026-08-28T20:32:48.448,14,14,MRNA260911P00040000,MRNA,2026-09-11,put,40.0,0.0,0.0,0.23,5.0,0.115,0.01,1.0,,,,,,,2026-08-28,137.205,138.64,133.35,137.93,569884.0,136.637447
2026-08-28T20:32:48.448,14,14,MRNA260911P00043000,MRNA,2026-09-11,put,43.0,0.0,0.0,0.02,1.0,0.01,0.01,1.0,,,,,,,2026-08-28,137.205,138.64,133.35,137.93,569884.0,136.637447
2026-08-28T20:32:48.448,14,14,MRNA260911P00044000,MRNA,2026-09-11,put,44.0,0.0,0.0,0.18,1.0,0.09,0.02,4.0,,,,,,,2026-08-28,137.205,138.64,133.35,137.93,569884.0,136.637447
2026-08-28T20:32:48.448,14,14,MRNA260911P00045000,MRNA,2026-09-11,put,45.0,0.0,0.0,1.63,3.0,0.815,0.13,1.0,,,,,,,2026-08-28,137.205,138.64,133.35,137.93,569884.0,136.637447
2026-08-28T20:32:48.448,14,14,MRNA260911P00046000,MRNA,2026-09-11,put,46.0,0.0,0.0,1.54,1.0,0.77,0.01,10.0,,,,,,,2026-08-28,137.205,138.64,133.35,137.93,569884.0,136.637447
2026-08-28T20:32:48.448,14,14,MRNA260911P00047000,MRNA,2026-09-11,put,47.0,0.0,0.0,0.34,289.0,0.17,0.03,5.0,,,,,,,2026-08-28,137.205,138.64,133.35,137.93,569884.0,136.637447
2026-08-28T20:32:48.448,14,14,MRNA260911P00048000,MRNA,2026-09-11,put,48.0,0.0,0.0,0.06,1.0,0.03,0.06,1.0,,,,,,,2026-08-28,137.205,138.64,133.35,137.93,569884.0,136.637447
2026-08-28T20:32:48.448,14,14,MRNA260911P00049000,MRNA,2026-09-11,put,49.0,0.0,0.0,2.1,1.0,1.05,0.35,2.0,,,,,,,2026-08-28,137.205,138.64,133.35,137.93,569884.0,136.637447
2026-08-28T20:32:48.448,14,14,MRNA260911P00050000,MRNA,2026-09-11,put,50.0,0.0,0.0,0.22,4.0,0.11,0.02,21.0,,,,,,,2026-08-28,137.205,138.64,133.35,137.93,569884.0,136.637447
2026-08-28T20:32:48.448,14,14,MRNA260911P00051000,MRNA,2026-09-11,put,51.0,0.0,0.0,2.11,2.0,1.055,0.03,1.0,,,,,,,2026-08-28,137.205,138.64,133.35,137.93,569884.0,136.637447
2026-08-28T20:32:48.448,14,14,MRNA260911P00052000,MRNA,2026-09-11,put,52.0,0.01,10.0,0.02,1.0,0.015,0.03,15.0,,,,,,,2026-08-28,137.205,138.64,133.35,137.93,569884.0,136.637447
2026-08-28T20:32:48.448,14,14,MRNA260911P00053000,MRNA,2026-09-11,put,53.0,0.0,0.0,0.03,4.0,0.015,0.02,3.0,,,,,,,2026-08-28,137.205,138.64,133.35,137.93,569884.0,136.637447
2026-08-28T20:32:48.448,14,14,MRNA260911P00054000,MRNA,2026-09-11,put,54.0,0.0,0.0,2.15,1.0,1.075,0.09,1.0,,,,,,,2026-08-28,137.205,138.64,133.35,137.93,569884.0,136.637447
2026-08-28T20:32:48.448,14,14,MRNA260911P00055000,MRNA,2026-09-11,put,55.0,0.0,0.0,0.03,4.0,0.015,0.02,1.0,,,,,,,2026-08-28,137.205,138.64,133.35,137.93,569884.0,136.637447
2026-08-28T20:32:48.448,14,14,MRNA260911P00056000,MRNA,2026-09-11,put,56.0,0.0,0.0,2.16,2.0,1.08,0.12,1.0,,,,,,,2026-08-28,137.205,138.64,133.35,137.93,569884.0,136.637447
2026-08-28T20:32:48.448,14,14,MRNA260911P00057000,MRNA,2026-09-11,put,57.0,0.0,0.0,0.33,2.0,0.165,0.15,1.0,,,,,,,2026-08-28,137.205,138.64,133.35,137.93,569884.0,136.637447
2026-08-28T20:32:48.448,14,14,MRNA260911P00058000,MRNA,2026-09-11,put,58.0,0.0,0.0,0.38,2.0,0.19,0.03,2.0,,,,,,,2026-08-28,137.205,138.64,133.35,137.93,569884.0,136.637447
2026-08-28T20:32:48.448,14,14,MRNA260911P00059000,MRNA,2026-09-11,put,59.0,0.0,0.0,2.15,9.0,1.075,0.27,1.0,,,,,,,2026-08-28,137.205,138.64,133.35,137.93,569884.0,136.637447
2026-08-28T20:32:48.448,14,14,MRNA260911P00060000,MRNA,2026-09-11,put,60.0,0.0,0.0,0.06,1.0,0.03,0.01,2.0,,,,,,,2026-08-28,137.205,138.64,133.35,137.93,569884.0,136.637447
2026-08-28T20:32:48.448,14,14,MRNA260911P00061000,MRNA,2026-09-11,put,61.0,0.0,0.0,0.86,8.0,0.43,0.37,1.0,,,,,,,2026-08-28,137.205,138.64,133.35,137.93,569884.0,136.637447
2026-08-28T20:32:48.448,14,14,MRNA260911P00062000,MRNA,2026-09-11,put,62.0,0.0,0.0,0.17,1.0,0.085,0.03,4.0,,,,,,,2026-08-28,137.205,138.64,133.35,137.93,569884.0,136.637447
2026-08-28T20:32:48.448,14,14,MRNA260911P00063000,MRNA,2026-09-11,put,63.0,0.0,0.0,0.1,308.0,0.05,0.02,6.0,,,,,,,2026-08-28,137.205,138.64,133.35,137.93,569884.0,136.637447
2026-08-28T20:32:48.448,14,14,MRNA260911P00064000,MRNA,2026-09-11,put,64.0,0.0,0.0,0.69,1.0,0.345,0.11,6.0,,,,,,,2026-08-28,137.205,138.64,133.35,137.93,569884.0,136.637447
2026-08-28T20:32:48.448,14,14,MRNA260911P00065000,MRNA,2026-09-11,put,65.0,0.0,0.0,0.29,332.0,0.145,0.01,1.0,,,,,,,2026-08-28,137.205,138.64,133.35,137.93,569884.0,136.637447
2026-08-28T20:32:48.448,14,14,MRNA260911P00066000,MRNA,2026-09-11,put,66.0,0.0,0.0,0.7,13.0,0.35,0.15,1.0,,,,,,,2026-08-28,137.205,138.64,133.35,137.93,569884.0,136.637447
2026-08-28T20:32:48.448,14,14,MRNA260911P00067000,MRNA,2026-09-11,put,67.0,0.0,0.0,0.69,1.0,0.345,0.02,1.0,,,,,,,2026-08-28,137.205,138.64,133.35,137.93,569884.0,136.637447
2026-08-28T20:32:48.448,14,14,MRNA260911P00068000,MRNA,2026-09-11,put,68.0,0.0,0.0,1.19,1.0,0.595,0.28,1.0,,,,,,,2026-08-28,137.205,138.64,133.35,137.93,569884.0,136.637447
2026-08-28T20:32:48.448,14,14,MRNA260911P00069000,MRNA,2026-09-11,put,69.0,0.0,0.0,1.71,8.0,0.855,0.02,1.0,,,,,,,2026-08-28,137.205,138.64,133.35,137.93,569884.0,136.637447
2026-08-28T20:32:48.448,14,14,MRNA260911P00070000,MRNA,2026-09-11,put,70.0,0.0,0.0,0.07,162.0,0.035,0.02,3.0,,,,,,,2026-08-28,137.205,138.64,133.35,137.93,569884.0,136.637447
2026-08-28T20:32:48.448,14,14,MRNA260911P00071000,MRNA,2026-09-11,put,71.0,0.0,0.0,0.38,1.0,0.19,0.02,1.0,,,,,,,2026-08-28,137.205,138.64,133.35,137.93,569884.0,136.637447
2026-08-28T20:32:48.448,14,14,MRNA260911P00072000,MRNA,2026-09-11,put,72.0,0.0,0.0,0.55,12.0,0.275,0.13,1.0,,,,,,,2026-08-28,137.205,138.64,133.35,137.93,569884.0,136.637447
2026-08-28T20:32:48.448,14,14,MRNA260911P00073000,MRNA,2026-09-11,put,73.0,0.0,0.0,0.56,11.0,0.28,0.02,1.0,,,,,,,2026-08-28,137.205,138.64,133.35,137.93,569884.0,136.637447
2026-08-28T20:32:48.448,14,14,MRNA260911P00074000,MRNA,2026-09-11,put,74.0,0.0,0.0,0.02,10.0,0.01,0.04,5.0,,,,,,,2026-08-28,137.205,138.64,133.35,137.93,569884.0,136.637447
2026-08-28T20:32:48.448,14,14,MRNA260911P00075000,MRNA,2026-09-11,put,75.0,0.03,7.0,0.13,50.0,0.08,0.09,1.0,,,,,,,2026-08-28,137.205,138.64,133.35,137.93,569884.0,136.637447
2026-08-28T20:32:48.448,14,14,MRNA260911P00076000,MRNA,2026-09-11,put,76.0,0.03,5.0,0.05,12.0,0.04,0.03,1.0,,,,,,,2026-08-28,137.205,138.64,133.35,137.93,569884.0,136.637447
2026-08-28T20:32:48.448,14,14,MRNA260911P00080000,MRNA,2026-09-11,put,80.0,0.03,254.0,0.07,1.0,0.05,0.03,1.0,,,,,,,2026-08-28,137.205,138.64,133.35,137.93,569884.0,136.637447
2026-08-28T20:32:48.448,14,14,MRNA260911P00085000,MRNA,2026-09-11,put,85.0,0.0,0.0,0.32,334.0,0.16,0.03,1.0,,,,,,,2026-08-28,137.205,138.64,133.35,137.93,569884.0,136.637447
2026-08-28T20:32:48.448,14,14,MRNA260911P00090000,MRNA,2026-09-11,put,90.0,0.01,24.0,0.21,390.0,0.11,0.06,2.0,,,,,,,2026-08-28,137.205,138.64,133.35,137.93,569884.0,136.637447
2026-08-28T20:32:48.448,14,14,MRNA260911P00095000,MRNA,2026-09-11,put,95.0,0.0,0.0,0.22,5.0,0.11,0.1,1.0,,,,,,,2026-08-28,137.205,138.64,133.35,137.93,569884.0,136.637447
2026-08-28T20:32:48.448,14,14,MRNA260911P00100000,MRNA,2026-09-11,put,100.0,0.13,2.0,0.19,1.0,0.16,0.18,4.0,0.8147,-0.019,0.0021,-0.0359,0.0124,-0.0011,2026-08-28,137.205,138.64,133.35,137.93,569884.0,136.637447
2026-08-28T20:32:48.448,14,14,MRNA260911P00104000,MRNA,2026-09-11,put,104.0,0.0,0.0,0.67,114.0,0.335,0.25,1.0,,,,,,,2026-08-28,137.205,138.64,133.35,137.93,569884.0,136.637447
2026-08-28T20:32:48.448,14,14,MRNA260911P00105000,MRNA,2026-09-11,put,105.0,0.13,60.0,0.52,219.0,0.325,0.28,1.0,0.7997,-0.0359,0.0037,-0.0601,0.0212,-0.002,2026-08-28,137.205,138.64,133.35,137.93,569884.0,136.637447
2026-08-28T20:32:48.448,14,14,MRNA260911P00106000,MRNA,2026-09-11,put,106.0,0.0,0.0,0.79,103.0,0.395,0.24,1.0,,,,,,,2026-08-28,137.205,138.64,133.35,137.93,569884.0,136.637447
2026-08-28T20:32:48.448,14,14,MRNA260911P00107000,MRNA,2026-09-11,put,107.0,0.0,0.0,2.18,1.0,1.09,,,,,,,,,2026-08-28,137.205,138.64,133.35,137.93,569884.0,136.637447
2026-08-28T20:32:48.448,14,14,MRNA260911P00108000,MRNA,2026-09-11,put,108.0,0.0,0.0,2.22,1.0,1.11,,,,,,,,,2026-08-28,137.205,138.64,133.35,137.93,569884.0,136.637447
2026-08-28T20:32:48.448,14,14,MRNA260911P00109000,MRNA,2026-09-11,put,109.0,0.04,18.0,2.08,103.0,1.06,1.87,1.0,0.9288,-0.0857,0.0063,-0.1383,0.0421,-0.0049,2026-08-28,137.205,138.64,133.35,137.93,569884.0,136.637447
2026-08-28T20:32:48.448,14,14,MRNA260911P00110000,MRNA,2026-09-11,put,110.0,0.0,0.0,0.61,1.0,0.305,0.44,1.0,,,,,,,2026-08-28,137.205,138.64,133.35,137.93,569884.0,136.637447
2026-08-28T20:32:48.448,14,14,MRNA260911P00111000,MRNA,2026-09-11,put,111.0,0.0,0.0,1.18,11.0,0.59,0.61,1.0,,,,,,,2026-08-28,137.205,138.64,133.35,137.93,569884.0,136.637447
2026-08-28T20:32:48.448,14,14,MRNA260911P00112000,MRNA,2026-09-11,put,112.0,0.0,0.0,2.13,6.0,1.065,,,,,,,,,2026-08-28,137.205,138.64,133.35,137.93,569884.0,136.637447
2026-08-28T20:32:48.448,14,14,MRNA260911P00113000,MRNA,2026-09-11,put,113.0,0.0,0.0,2.81,8.0,1.405,,,,,,,,,2026-08-28,137.205,138.64,133.35,137.93,569884.0,136.637447
2026-08-28T20:32:48.448,14,14,MRNA260911P00114000,MRNA,2026-09-11,put,114.0,0.0,0.0,2.87,6.0,1.435,,,,,,,,,2026-08-28,137.205,138.64,133.35,137.93,569884.0,136.637447
2026-08-28T20:32:48.448,14,14,MRNA260911P00115000,MRNA,2026-09-11,put,115.0,0.41,164.0,1.25,63.0,0.83,0.79,1.0,0.7126,-0.0885,0.0084,-0.1084,0.0431,-0.005,2026-08-28,137.205,138.64,133.35,137.93,569884.0,136.637447
2026-08-28T20:32:48.448,14,14,MRNA260911P00116000,MRNA,2026-09-11,put,116.0,0.16,21.0,1.67,1.0,0.9149999999999999,,,0.7053,-0.0968,0.009,-0.1146,0.0461,-0.0054,2026-08-28,137.205,138.64,133.35,137.93,569884.0,136.637447
2026-08-28T20:32:48.448,14,14,MRNA260911P00117000,MRNA,2026-09-11,put,117.0,0.55,78.0,2.1,62.0,1.3250000000000002,1.14,1.0,0.759,-0.1229,0.01,-0.1465,0.0547,-0.007,2026-08-28,137.205,138.64,133.35,137.93,569884.0,136.637447
2026-08-28T20:32:48.448,14,14,MRNA260911P00118000,MRNA,2026-09-11,put,118.0,0.5,115.0,1.68,29.0,1.0899999999999999,1.08,1.0,0.687,-0.1143,0.0105,-0.1258,0.052,-0.0064,2026-08-28,137.205,138.64,133.35,137.93,569884.0,136.637447
2026-08-28T20:32:48.448,14,14,MRNA260911P00119000,MRNA,2026-09-11,put,119.0,1.16,50.0,2.68,187.0,1.92,1.55,4.0,0.7992,-0.1583,0.0112,-0.1831,0.065,-0.0091,2026-08-28,137.205,138.64,133.35,137.93,569884.0,136.637447
2026-08-28T20:32:48.448,14,14,MRNA260911P00120000,MRNA,2026-09-11,put,120.0,1.24,45.0,1.68,54.0,1.46,1.46,10.0,0.6963,-0.1431,0.0121,-0.149,0.0607,-0.0081,2026-08-28,137.205,138.64,133.35,137.93,569884.0,136.637447
2026-08-28T20:32:48.448,14,14,MRNA260911P00121000,MRNA,2026-09-11,put,121.0,0.42,94.0,3.02,95.0,1.72,1.73,1.0,0.708,-0.1608,0.0128,-0.1636,0.0656,-0.0091,2026-08-28,137.205,138.64,133.35,137.93,569884.0,136.637447
2026-08-28T20:32:48.448,14,14,MRNA260911P00122000,MRNA,2026-09-11,put,122.0,0.67,64.0,3.54,15.0,2.105,1.89,26.0,0.7336,-0.1829,0.0134,-0.184,0.0713,-0.0104,2026-08-28,137.205,138.64,133.35,137.93,569884.0,136.637447
2026-08-28T20:32:48.448,14,14,MRNA260911P00123000,MRNA,2026-09-11,put,123.0,0.6,81.0,3.6,30.0,2.1,2.12,26.0,0.7015,-0.1895,0.0144,-0.1797,0.0728,-0.0108,2026-08-28,137.205,138.64,133.35,137.93,569884.0,136.637447
2026-08-28T20:32:48.448,14,14,MRNA260911P00124000,MRNA,2026-09-11,put,124.0,0.82,24.0,3.72,15.0,2.27,3.0,3.0,0.6927,-0.2034,0.0152,-0.1851,0.076,-0.0116,2026-08-28,137.205,138.64,133.35,137.93,569884.0,136.637447
2026-08-28T20:32:48.448,14,14,MRNA260911P00125000,MRNA,2026-09-11,put,125.0,2.02,101.0,2.79,70.0,2.4050000000000002,2.6,1.0,0.6778,-0.2164,0.0161,-0.1877,0.0789,-0.0123,2026-08-28,137.205,138.64,133.35,137.93,569884.0,136.637447
2026-08-28T20:32:48.448,14,14,MRNA260911P00126000,MRNA,2026-09-11,put,126.0,2.029,22.0,4.0,8.0,3.0145,,,0.7189,-0.2448,0.0163,-0.2133,0.0845,-0.0141,2026-08-28,137.205,138.64,133.35,137.93,569884.0,136.637447
2026-08-28T20:32:48.448,14,14,MRNA260911P00127000,MRNA,2026-09-11,put,127.0,1.54,95.0,5.05,85.0,3.295,4.2,1.0,0.7166,-0.2623,0.0169,-0.2203,0.0876,-0.0151,2026-08-28,137.205,138.64,133.35,137.93,569884.0,136.637447
2026-08-28T20:32:48.448,14,14,MRNA260911P00128000,MRNA,2026-09-11,put,128.0,1.94,73.0,4.59,58.0,3.2649999999999997,3.7,1.0,0.6777,-0.2723,0.0182,-0.2121,0.0893,-0.0156,2026-08-28,137.205,138.64,133.35,137.93,569884.0,136.637447
2026-08-28T20:32:48.448,14,14,MRNA260911P00129000,MRNA,2026-09-11,put,129.0,2.02,118.0,3.93,18.0,2.975,3.92,1.0,0.61,-0.2763,0.0204,-0.1918,0.0899,-0.0157,2026-08-28,137.205,138.64,133.35,137.93,569884.0,136.637447
2026-08-28T20:32:48.448,14,14,MRNA260911P00130000,MRNA,2026-09-11,put,130.0,2.89,172.0,4.18,7.0,3.535,3.95,1.0,0.6347,-0.3038,0.0205,-0.2086,0.094,-0.0174,2026-08-28,137.205,138.64,133.35,137.93,569884.0,136.637447
2026-08-28T20:32:48.448,14,14,MRNA260911P00131000,MRNA,2026-09-11,put,131.0,2.42,44.0,5.61,25.0,4.015000000000001,4.95,1.0,0.6471,-0.3279,0.0208,-0.2196,0.0971,-0.0188,2026-08-28,137.205,138.64,133.35,137.93,569884.0,136.637447
2026-08-28T20:32:48.448,14,14,MRNA260911P00132000,MRNA,2026-09-11,put,132.0,3.4,83.0,6.03,89.0,4.715,6.14,1.0,0.6785,-0.3543,0.0204,-0.2371,0.1,-0.0205,2026-08-28,137.205,138.64,133.35,137.93,569884.0,136.637447
2026-08-28T20:32:48.448,14,14,MRNA260911P00133000,MRNA,2026-09-11,put,133.0,3.88,127.0,5.67,69.0,4.775,6.0,1.0,0.6437,-0.3718,0.0218,-0.2282,0.1017,-0.0214,2026-08-28,137.205,138.64,133.35,137.93,569884.0,136.637447
2026-08-28T20:32:48.448,14,14,MRNA260911P00134000,MRNA,2026-09-11,put,134.0,3.73,105.0,7.48,106.0,5.605,6.05,5.0,0.6821,-0.3975,0.021,-0.2467,0.1037,-0.0231,2026-08-28,137.205,138.64,133.35,137.93,569884.0,136.637447
2026-08-28T20:32:48.448,14,14,MRNA260911P00135000,MRNA,2026-09-11,put,135.0,4.15,273.0,7.92,144.0,6.035,6.23,1.0,0.6793,-0.419,0.0214,-0.2485,0.1051,-0.0244,2026-08-28,137.205,138.64,133.35,137.93,569884.0,136.637447
2026-08-28T20:32:48.448,14,14,MRNA260911P00136000,MRNA,2026-09-11,put,136.0,6.05,53.0,7.32,103.0,6.6850000000000005,6.45,1.0,0.6951,-0.4409,0.0211,-0.2567,0.1061,-0.0258,2026-08-28,137.205,138.64,133.35,137.93,569884.0,136.637447
2026-08-28T20:32:48.448,14,14,MRNA260911P00137000,MRNA,2026-09-11,put,137.0,6.43,54.0,8.0,48.0,7.215,7.0,5.0,0.6974,-0.4621,0.0212,-0.259,0.1068,-0.0271,2026-08-28,137.205,138.64,133.35,137.93,569884.0,136.637447
2026-08-28T20:32:48.448,14,14,MRNA260911P00138000,MRNA,2026-09-11,put,138.0,6.29,107.0,8.87,92.0,7.58,7.6,8.0,0.6824,-0.4841,0.0217,-0.2539,0.1072,-0.0284,2026-08-28,137.205,138.64,133.35,137.93,569884.0,136.637447
2026-08-28T20:32:48.448,14,14,MRNA260911P00139000,MRNA,2026-09-11,put,139.0,6.98,83.0,9.48,65.0,8.23,8.72,15.0,0.692,-0.5049,0.0214,-0.2574,0.1073,-0.0297,2026-08-28,137.205,138.64,133.35,137.93,569884.0,136.637447
2026-08-28T20:32:48.448,14,14,MRNA260911P00140000,MRNA,2026-09-11,put,140.0,8.02,54.0,8.86,3.0,8.44,8.71,1.0,0.6585,-0.5299,0.0225,-0.2435,0.107,-0.0311,2026-08-28,137.205,138.64,133.35,137.93,569884.0,136.637447
2026-08-28T20:32:48.448,14,14,MRNA260911P00141000,MRNA,2026-09-11,put,141.0,8.1,27.0,10.79,63.0,9.445,9.6,10.0,0.6974,-0.546,0.0211,-0.257,0.1066,-0.0324,2026-08-28,137.205,138.64,133.35,137.93,569884.0,136.637447
2026-08-28T20:32:48.448,14,14,MRNA260911P00142000,MRNA,2026-09-11,put,142.0,8.76,101.0,11.73,114.0,10.245000000000001,12.02,1.0,0.7154,-0.5634,0.0205,-0.2619,0.1059,-0.0336,2026-08-28,137.205,138.64,133.35,137.93,569884.0,136.637447
2026-08-28T20:32:48.448,14,14,MRNA260911P00143000,MRNA,2026-09-11,put,143.0,9.37,114.0,11.77,84.0,10.57,11.59,1.0,0.6867,-0.5887,0.0211,-0.2474,0.1046,-0.0351,2026-08-28,137.205,138.64,133.35,137.93,569884.0,136.637447
2026-08-28T20:32:48.448,14,14,MRNA260911P00144000,MRNA,2026-09-11,put,144.0,9.99,32.0,12.33,22.0,11.16,12.09,1.0,0.681,-0.6101,0.021,-0.2414,0.1032,-0.0364,2026-08-28,137.205,138.64,133.35,137.93,569884.0,136.637447
2026-08-28T20:32:48.448,14,14,MRNA260911P00145000,MRNA,2026-09-11,put,145.0,10.81,96.0,13.17,66.0,11.99,12.2,1.0,0.6968,-0.6258,0.0202,-0.2438,0.1019,-0.0376,2026-08-28,137.205,138.64,133.35,137.93,569884.0,136.637447
2026-08-28T20:32:48.448,14,14,MRNA260911P00146000,MRNA,2026-09-11,put,146.0,11.32,100.0,13.77,86.0,12.545,14.2,1.0,0.6839,-0.6483,0.0202,-0.2336,0.0998,-0.039,2026-08-28,137.205,138.64,133.35,137.93,569884.0,136.637447
2026-08-28T20:32:48.448,14,14,MRNA260911P00147000,MRNA,2026-09-11,put,147.0,11.45,133.0,14.5,48.0,12.975,15.5,1.0,0.6557,-0.6758,0.0204,-0.2159,0.0967,-0.0406,2026-08-28,137.205,138.64,133.35,137.93,569884.0,136.637447
2026-08-28T20:32:48.448,14,14,MRNA260911P00148000,MRNA,2026-09-11,put,148.0,12.76,44.0,14.96,44.0,13.86,14.87,2.0,0.6722,-0.689,0.0195,-0.2173,0.095,-0.0416,2026-08-28,137.205,138.64,133.35,137.93,569884.0,136.637447
2026-08-28T20:32:48.448,14,14,MRNA260911P00149000,MRNA,2026-09-11,put,149.0,12.78,16.0,15.99,13.0,14.385,12.5,1.0,0.6487,-0.7152,0.0195,-0.2002,0.0913,-0.0432,2026-08-28,137.205,138.64,133.35,137.93,569884.0,136.637447
2026-08-28T20:32:48.448,14,14,MRNA260911P00150000,MRNA,2026-09-11,put,150.0,14.29,51.0,16.62,74.0,15.455,17.35,1.0,0.6829,-0.7202,0.0183,-0.2093,0.0905,-0.0439,2026-08-28,137.205,138.64,133.35,137.93,569884.0,136.637447
2026-08-28T20:32:48.448,14,14,MRNA260911P00152500,MRNA,2026-09-11,put,152.5,15.69,55.0,18.51,48.0,17.1,19.17,1.0,0.6455,-0.7751,0.0173,-0.1736,0.0806,-0.0474,2026-08-28,137.205,138.64,133.35,137.93,569884.0,136.637447
2026-08-28T20:32:48.448,14,14,MRNA260911P00155000,MRNA,2026-09-11,put,155.0,18.61,47.0,21.15,75.0,19.88,20.5,1.0,0.7384,-0.7752,0.0151,-0.2,0.0806,-0.0485,2026-08-28,137.205,138.64,133.35,137.93,569884.0,136.637447
2026-08-28T20:32:48.448,14,14,MRNA260911P00157500,MRNA,2026-09-11,put,157.5,20.47,14.0,22.63,16.0,21.549999999999997,20.55,1.0,0.6817,-0.829,0.0139,-0.1528,0.0683,-0.0519,2026-08-28,137.205,138.64,133.35,137.93,569884.0,136.637447
2026-08-28T20:32:48.448,14,14,MRNA260911P00160000,MRNA,2026-09-11,put,160.0,22.91,39.0,25.38,40.0,24.145,24.03,10.0,0.7464,-0.8324,0.0125,-0.1659,0.0674,-0.0531,2026-08-28,137.205,138.64,133.35,137.93,569884.0,136.637447
2026-08-28T20:32:48.448,14,14,MRNA260911P00162500,MRNA,2026-09-11,put,162.5,24.28,13.0,27.04,9.0,25.66,15.3,1.0,0.6193,-0.906,0.0101,-0.0848,0.0451,-0.0576,2026-08-28,137.205,138.64,133.35,137.93,569884.0,136.637447
2026-08-28T20:32:48.448,14,14,MRNA260911P00165000,MRNA,2026-09-11,put,165.0,26.34,22.0,29.47,13.0,27.905,22.0,6.0,0.5959,-0.9337,0.008,-0.0581,0.0346,-0.0599,2026-08-28,137.205,138.64,133.35,137.93,569884.0,136.637447
2026-08-28T20:32:48.448,14,14,MRNA260911P00167500,MRNA,2026-09-11,put,167.5,30.01,9.0,31.83,19.0,30.92,,,0.7588,-0.895,0.0089,-0.1171,0.0489,-0.059,2026-08-28,137.205,138.64,133.35,137.93,569884.0,136.637447
2026-08-28T20:32:48.448,14,14,MRNA260911P00170000,MRNA,2026-09-11,put,170.0,31.94,11.0,34.15,9.0,33.045,36.76,1.0,0.7118,-0.9268,0.0073,-0.079,0.0374,-0.0615,2026-08-28,137.205,138.64,133.35,137.93,569884.0,136.637447
2026-08-28T20:32:48.448,14,14,MRNA260911P00172500,MRNA,2026-09-11,put,172.5,34.74,7.0,36.67,7.0,35.705,27.39,3.0,0.7909,-0.9172,0.0072,-0.0997,0.041,-0.062,2026-08-28,137.205,138.64,133.35,137.93,569884.0,136.637447
2026-08-28T20:32:48.448,14,14,MRNA260911P00175000,MRNA,2026-09-11,put,175.0,36.28,7.0,39.82,7.0,38.05,42.8,10.0,0.7877,-0.9314,0.0062,-0.0835,0.0356,-0.0636,2026-08-28,137.205,138.64,133.35,137.93,569884.0,136.637447
2026-08-28T20:32:48.448,14,14,MRNA260911P00177500,MRNA,2026-09-11,put,177.5,38.53,22.0,42.16,10.0,40.345,32.009,1.0,0.7581,-0.9501,0.0051,-0.058,0.0277,-0.0655,2026-08-28,137.205,138.64,133.35,137.93,569884.0,136.637447
2026-08-28T20:32:48.448,14,14,MRNA260911P00180000,MRNA,2026-09-11,put,180.0,40.41,7.0,43.8,7.0,42.105,31.95,1.0,,,,,,,2026-08-28,137.205,138.64,133.35,137.93,569884.0,136.637447
2026-08-28T20:32:48.448,14,14,MRNA260911P00182500,MRNA,2026-09-11,put,182.5,42.91,7.0,47.24,7.0,45.075,,,0.6899,-0.9787,0.0028,-0.0159,0.0137,-0.0688,2026-08-28,137.205,138.64,133.35,137.93,569884.0,136.637447
2026-08-28T20:32:48.448,14,14,MRNA260911P00185000,MRNA,2026-09-11,put,185.0,44.94,7.0,49.38,7.0,47.16,,,,,,,,,2026-08-28,137.205,138.64,133.35,137.93,569884.0,136.637447
2026-08-28T20:32:48.448,14,14,MRNA260911P00187500,MRNA,2026-09-11,put,187.5,47.82,7.0,51.01,7.0,49.415,33.73,1.0,,,,,,,2026-08-28,137.205,138.64,133.35,137.93,569884.0,136.637447
2026-08-28T20:32:48.448,14,14,MRNA260911P00190000,MRNA,2026-09-11,put,190.0,50.72,7.0,54.75,7.0,52.735,47.9,5.0,0.8726,-0.9646,0.0033,-0.0469,0.021,-0.071,2026-08-28,137.205,138.64,133.35,137.93,569884.0,136.637447
2026-08-28T20:32:48.448,14,14,MRNA260911P00192500,MRNA,2026-09-11,put,192.5,54.02,7.0,56.63,7.0,55.325,,,0.9429,-0.9582,0.0035,-0.0623,0.024,-0.0717,2026-08-28,137.205,138.64,133.35,137.93,569884.0,136.637447
2026-08-28T20:32:48.448,14,14,MRNA260911P00195000,MRNA,2026-09-11,put,195.0,54.74,7.0,59.06,7.0,56.900000000000006,,,,,,,,,2026-08-28,137.205,138.64,133.35,137.93,569884.0,136.637447
2026-08-28T20:32:48.448,14,14,MRNA260911P00197500,MRNA,2026-09-11,put,197.5,57.73,7.0,60.39,7.0,59.06,,,,,,,,,2026-08-28,137.205,138.64,133.35,137.93,569884.0,136.637447
2026-08-28T20:32:48.448,14,14,MRNA260911P00200000,MRNA,2026-09-11,put,200.0,60.32,24.0,64.72,24.0,62.519999999999996,64.9,1.0,0.8431,-0.9856,0.0016,-0.0098,0.0098,-0.0759,2026-08-28,137.205,138.64,133.35,137.93,569884.0,136.637447
2026-08-28T20:32:48.448,14,14,MRNA260911P00202500,MRNA,2026-09-11,put,202.5,62.49,8.0,67.42,7.0,64.955,,,,,,,,,2026-08-28,137.205,138.64,133.35,137.93,569884.0,136.637447
2026-08-28T20:32:48.448,14,14,MRNA260911P00205000,MRNA,2026-09-11,put,205.0,65.55,7.0,70.18,7.0,67.86500000000001,,,,,,,,,2026-08-28,137.205,138.64,133.35,137.93,569884.0,136.637447
2026-08-28T20:32:48.448,14,14,MRNA260911P00207500,MRNA,2026-09-11,put,207.5,68.67,7.0,71.18,7.0,69.92500000000001,,,0.7706,-0.996,0.0006,0.0118,0.0032,-0.0793,2026-08-28,137.205,138.64,133.35,137.93,569884.0,136.637447
2026-08-28T20:32:48.448,14,14,MRNA260911P00210000,MRNA,2026-09-11,put,210.0,70.1,7.0,74.98,7.0,72.53999999999999,70.84,1.0,,,,,,,2026-08-28,137.205,138.64,133.35,137.93,569884.0,136.637447
2026-08-28T20:32:48.448,14,14,MRNA260911P00212500,MRNA,2026-09-11,put,212.5,73.79,7.0,77.53,7.0,75.66,,,,,,,,,2026-08-28,137.205,138.64,133.35,137.93,569884.0,136.637447
2026-08-28T20:32:48.448,14,14,MRNA260911P00215000,MRNA,2026-09-11,put,215.0,76.02,7.0,76.81,7.0,76.41499999999999,65.0,1.0,,,,,,,2026-08-28,137.205,138.64,133.35,137.93,569884.0,136.637447
2026-08-28T20:32:48.448,14,14,MRNA260911P00217500,MRNA,2026-09-11,put,217.5,76.88,8.0,81.97,7.0,79.425,74.2,1.0,,,,,,,2026-08-28,137.205,138.64,133.35,137.93,569884.0,136.637447
2026-08-28T20:32:48.448,14,14,MRNA260911P00220000,MRNA,2026-09-11,put,220.0,80.95,7.0,81.93,7.0,81.44,80.27,1.0,,,,,,,2026-08-28,137.205,138.64,133.35,137.93,569884.0,136.637447
2026-08-28T20:32:48.448,14,14,MRNA260911P00222500,MRNA,2026-09-11,put,222.5,83.46,8.0,85.3,7.0,84.38,,,,,,,,,2026-08-28,137.205,138.64,133.35,137.93,569884.0,136.637447
2026-08-28T20:32:48.448,14,14,MRNA260911P00225000,MRNA,2026-09-11,put,225.0,85.84,7.0,88.1,7.0,86.97,,,,,,,,,2026-08-28,137.205,138.64,133.35,137.93,569884.0,136.637447
2026-08-28T20:32:48.448,14,14,MRNA260911P00227500,MRNA,2026-09-11,put,227.5,86.89,7.0,90.69,7.0,88.78999999999999,76.9,1.0,,,,,,,2026-08-28,137.205,138.64,133.35,137.93,569884.0,136.637447
2026-08-28T20:32:48.448,14,14,MRNA260911P00230000,MRNA,2026-09-11,put,230.0,90.03,2.0,93.59,2.0,91.81,91.58,1.0,,,,,,,2026-08-28,137.205,138.64,133.35,137.93,569884.0,136.637447
2026-08-28T20:32:48.448,14,14,MRNA260911P00232500,MRNA,2026-09-11,put,232.5,95.21,2.0,95.3,3.0,95.255,,,,,,,,,2026-08-28,137.205,138.64,133.35,137.93,569884.0,136.637447
2026-08-28T20:32:48.448,14,14,MRNA260911P00235000,MRNA,2026-09-11,put,235.0,94.18,2.0,99.34,2.0,96.76,,,,,,,,,2026-08-28,137.205,138.64,133.35,137.93,569884.0,136.637447
2026-08-28T20:32:48.448,14,14,MRNA260911P00240000,MRNA,2026-09-11,put,240.0,101.93,7.0,105.26,7.0,103.595,98.1,1.0,,,,,,,2026-08-28,137.205,138.64,133.35,137.93,569884.0,136.637447
2026-08-28T20:32:48.448,14,14,MRNA260911P00245000,MRNA,2026-09-11,put,245.0,103.25,2.0,107.77,2.0,105.50999999999999,,,,,,,,,2026-08-28,137.205,138.64,133.35,137.93,569884.0,136.637447
2026-08-28T20:32:48.448,14,14,MRNA260911P00250000,MRNA,2026-09-11,put,250.0,111.21,7.0,111.72,7.0,111.465,108.5,1.0,,,,,,,2026-08-28,137.205,138.64,133.35,137.93,569884.0,136.637447
2026-08-28T20:32:48.448,14,14,MRNA260911P00255000,MRNA,2026-09-11,put,255.0,117.01,2.0,120.8,2.0,118.905,105.3,1.0,,,,,,,2026-08-28,137.205,138.64,133.35,137.93,569884.0,136.637447
2026-08-28T20:32:48.448,14,14,MRNA260911P00260000,MRNA,2026-09-11,put,260.0,119.97,8.0,124.8,7.0,122.38499999999999,,,,,,,,,2026-08-28,137.205,138.64,133.35,137.93,569884.0,136.637447
2026-08-28T20:32:48.448,30,28,MRNA260925C00040000,MRNA,2026-09-25,call,40.0,94.75,2.0,100.38,1.0,97.565,,,,,,,,,2026-08-28,137.205,138.64,133.35,137.93,569884.0,136.637447
2026-08-28T20:32:48.448,30,28,MRNA260925C00043000,MRNA,2026-09-25,call,43.0,92.02,1.0,95.76,2.0,93.89,,,,,,,,,2026-08-28,137.205,138.64,133.35,137.93,569884.0,136.637447
2026-08-28T20:32:48.448,30,28,MRNA260925C00044000,MRNA,2026-09-25,call,44.0,92.85,2.0,95.52,1.0,94.185,,,,,,,,,2026-08-28,137.205,138.64,133.35,137.93,569884.0,136.637447
2026-08-28T20:32:48.448,30,28,MRNA260925C00045000,MRNA,2026-09-25,call,45.0,89.28,2.0,93.97,1.0,91.625,,,,,,,,,2026-08-28,137.205,138.64,133.35,137.93,569884.0,136.637447
2026-08-28T20:32:48.448,30,28,MRNA260925C00046000,MRNA,2026-09-25,call,46.0,89.46,1.0,94.0,1.0,91.72999999999999,17.83,1.0,,,,,,,2026-08-28,137.205,138.64,133.35,137.93,569884.0,136.637447
2026-08-28T20:32:48.448,30,28,MRNA260925C00047000,MRNA,2026-09-25,call,47.0,87.41,1.0,94.87,1.0,91.14,108.25,1.0,,,,,,,2026-08-28,137.205,138.64,133.35,137.93,569884.0,136.637447
2026-08-28T20:32:48.448,30,28,MRNA260925C00048000,MRNA,2026-09-25,call,48.0,87.18,1.0,90.95,1.0,89.065,16.25,1.0,,,,,,,2026-08-28,137.205,138.64,133.35,137.93,569884.0,136.637447
2026-08-28T20:32:48.448,30,28,MRNA260925C00049000,MRNA,2026-09-25,call,49.0,87.63,8.0,90.64,7.0,89.13499999999999,87.85,3.0,,,,,,,2026-08-28,137.205,138.64,133.35,137.93,569884.0,136.637447
2026-08-28T20:32:48.448,30,28,MRNA260925C00050000,MRNA,2026-09-25,call,50.0,87.94,8.0,91.47,11.0,89.705,107.84,2.0,,,,,,,2026-08-28,137.205,138.64,133.35,137.93,569884.0,136.637447
2026-08-28T20:32:48.448,30,28,MRNA260925C00051000,MRNA,2026-09-25,call,51.0,86.19,8.0,89.23,7.0,87.71000000000001,,,,,,,,,2026-08-28,137.205,138.64,133.35,137.93,569884.0,136.637447
2026-08-28T20:32:48.448,30,28,MRNA260925C00052000,MRNA,2026-09-25,call,52.0,83.35,1.0,87.46,1.0,85.405,105.9,1.0,,,,,,,2026-08-28,137.205,138.64,133.35,137.93,569884.0,136.637447
2026-08-28T20:32:48.448,30,28,MRNA260925C00053000,MRNA,2026-09-25,call,53.0,82.1,1.0,86.13,1.0,84.115,10.0,1.0,,,,,,,2026-08-28,137.205,138.64,133.35,137.93,569884.0,136.637447
2026-08-28T20:32:48.448,30,28,MRNA260925C00054000,MRNA,2026-09-25,call,54.0,80.98,1.0,87.07,1.0,84.025,96.73,1.0,,,,,,,2026-08-28,137.205,138.64,133.35,137.93,569884.0,136.637447
2026-08-28T20:32:48.448,30,28,MRNA260925C00055000,MRNA,2026-09-25,call,55.0,80.08,2.0,84.95,2.0,82.515,11.7,1.0,,,,,,,2026-08-28,137.205,138.64,133.35,137.93,569884.0,136.637447
2026-08-28T20:32:48.448,30,28,MRNA260925C00056000,MRNA,2026-09-25,call,56.0,79.51,3.0,84.59,2.0,82.05000000000001,5.85,1.0,,,,,,,2026-08-28,137.205,138.64,133.35,137.93,569884.0,136.637447
2026-08-28T20:32:48.448,30,28,MRNA260925C00057000,MRNA,2026-09-25,call,57.0,78.26,2.0,83.81,2.0,81.035,98.4,1.0,,,,,,,2026-08-28,137.205,138.64,133.35,137.93,569884.0,136.637447
2026-08-28T20:32:48.448,30,28,MRNA260925C00058000,MRNA,2026-09-25,call,58.0,79.34,1.0,83.57,1.0,81.455,,,,,,,,,2026-08-28,137.205,138.64,133.35,137.93,569884.0,136.637447
2026-08-28T20:32:48.448,30,28,MRNA260925C00059000,MRNA,2026-09-25,call,59.0,78.56,8.0,80.8,7.0,79.68,63.64,2.0,,,,,,,2026-08-28,137.205,138.64,133.35,137.93,569884.0,136.637447
2026-08-28T20:32:48.448,30,28,MRNA260925C00060000,MRNA,2026-09-25,call,60.0,76.67,8.0,81.54,7.0,79.105,91.46,1.0,,,,,,,2026-08-28,137.205,138.64,133.35,137.93,569884.0,136.637447
2026-08-28T20:32:48.448,30,28,MRNA260925C00061000,MRNA,2026-09-25,call,61.0,75.66,8.0,78.14,7.0,76.9,73.42,1.0,,,,,,,2026-08-28,137.205,138.64,133.35,137.93,569884.0,136.637447
2026-08-28T20:32:48.448,30,28,MRNA260925C00062000,MRNA,2026-09-25,call,62.0,73.48,2.0,77.48,2.0,75.48,88.64,1.0,,,,,,,2026-08-28,137.205,138.64,133.35,137.93,569884.0,136.637447
2026-08-28T20:32:48.448,30,28,MRNA260925C00063000,MRNA,2026-09-25,call,63.0,73.13,2.0,76.44,2.0,74.785,69.15,1.0,,,,,,,2026-08-28,137.205,138.64,133.35,137.93,569884.0,136.637447
2026-08-28T20:32:48.448,30,28,MRNA260925C00064000,MRNA,2026-09-25,call,64.0,73.06,1.0,77.07,1.0,75.065,89.15,1.0,,,,,,,2026-08-28,137.205,138.64,133.35,137.93,569884.0,136.637447
2026-08-28T20:32:48.448,30,28,MRNA260925C00065000,MRNA,2026-09-25,call,65.0,71.71,20.0,74.91,2.0,73.31,72.17,2.0,,,,,,,2026-08-28,137.205,138.64,133.35,137.93,569884.0,136.637447
2026-08-28T20:32:48.448,30,28,MRNA260925C00066000,MRNA,2026-09-25,call,66.0,69.09,1.0,73.31,1.0,71.2,5.43,1.0,,,,,,,2026-08-28,137.205,138.64,133.35,137.93,569884.0,136.637447
2026-08-28T20:32:48.448,30,28,MRNA260925C00067000,MRNA,2026-09-25,call,67.0,69.64,2.0,74.42,1.0,72.03,75.2,1.0,,,,,,,2026-08-28,137.205,138.64,133.35,137.93,569884.0,136.637447
2026-08-28T20:32:48.448,30,28,MRNA260925C00068000,MRNA,2026-09-25,call,68.0,69.23,2.0,72.95,3.0,71.09,90.58,2.0,,,,,,,2026-08-28,137.205,138.64,133.35,137.93,569884.0,136.637447
2026-08-28T20:32:48.448,30,28,MRNA260925C00069000,MRNA,2026-09-25,call,69.0,67.68,8.0,71.76,7.0,69.72,78.24,1.0,,,,,,,2026-08-28,137.205,138.64,133.35,137.93,569884.0,136.637447
2026-08-28T20:32:48.448,30,28,MRNA260925C00070000,MRNA,2026-09-25,call,70.0,66.02,100.0,71.37,96.0,68.695,70.03,50.0,,,,,,,2026-08-28,137.205,138.64,133.35,137.93,569884.0,136.637447
2026-08-28T20:32:48.448,30,28,MRNA260925C00071000,MRNA,2026-09-25,call,71.0,64.81,8.0,69.0,7.0,66.905,69.48,1.0,,,,,,,2026-08-28,137.205,138.64,133.35,137.93,569884.0,136.637447
2026-08-28T20:32:48.448,30,28,MRNA260925C00072000,MRNA,2026-09-25,call,72.0,65.5,8.0,67.08,7.0,66.28999999999999,95.37,1.0,,,,,,,2026-08-28,137.205,138.64,133.35,137.93,569884.0,136.637447
2026-08-28T20:32:48.448,30,28,MRNA260925C00073000,MRNA,2026-09-25,call,73.0,62.27,8.0,67.37,7.0,64.82000000000001,100.2,1.0,,,,,,,2026-08-28,137.205,138.64,133.35,137.93,569884.0,136.637447
2026-08-28T20:32:48.448,30,28,MRNA260925C00074000,MRNA,2026-09-25,call,74.0,61.77,8.0,67.4,7.0,64.58500000000001,69.23,1.0,,,,,,,2026-08-28,137.205,138.64,133.35,137.93,569884.0,136.637447
2026-08-28T20:32:48.448,30,28,MRNA260925C00075000,MRNA,2026-09-25,call,75.0,62.41,100.0,65.12,109.0,63.765,61.09,80.0,,,,,,,2026-08-28,137.205,138.64,133.35,137.93,569884.0,136.637447
2026-08-28T20:32:48.448,30,28,MRNA260925C00076000,MRNA,2026-09-25,call,76.0,61.25,8.0,64.05,7.0,62.65,80.91,1.0,,,,,,,2026-08-28,137.205,138.64,133.35,137.93,569884.0,136.637447
2026-08-28T20:32:48.448,30,28,MRNA260925C00080000,MRNA,2026-09-25,call,80.0,56.31,100.0,59.94,92.0,58.125,58.0,1.0,,,,,,,2026-08-28,137.205,138.64,133.35,137.93,569884.0,136.637447
2026-08-28T20:32:48.448,30,28,MRNA260925C00085000,MRNA,2026-09-25,call,85.0,50.73,8.0,55.92,8.0,53.325,56.0,20.0,,,,,,,2026-08-28,137.205,138.64,133.35,137.93,569884.0,136.637447
2026-08-28T20:32:48.448,30,28,MRNA260925C00090000,MRNA,2026-09-25,call,90.0,46.07,8.0,51.05,8.0,48.56,68.77,1.0,1.0439,0.9469,0.0027,-0.0849,0.0412,0.0625,2026-08-28,137.205,138.64,133.35,137.93,569884.0,136.637447
2026-08-28T20:32:48.448,30,28,MRNA260925C00095000,MRNA,2026-09-25,call,95.0,41.34,7.0,44.94,7.0,43.14,,,0.8234,0.9592,0.0028,-0.0578,0.0333,0.0679,2026-08-28,137.205,138.64,133.35,137.93,569884.0,136.637447
2026-08-28T20:32:48.448,30,28,MRNA260925C00100000,MRNA,2026-09-25,call,100.0,36.86,9.0,41.65,7.0,39.254999999999995,58.15,10.0,0.9503,0.911,0.0045,-0.1125,0.0612,0.0658,2026-08-28,137.205,138.64,133.35,137.93,569884.0,136.637447
2026-08-28T20:32:48.448,30,28,MRNA260925C00105000,MRNA,2026-09-25,call,105.0,32.85,8.0,36.75,7.0,34.8,36.03,5.0,0.9142,0.8844,0.0056,-0.1296,0.0741,0.0665,2026-08-28,137.205,138.64,133.35,137.93,569884.0,136.637447
2026-08-28T20:32:48.448,30,28,MRNA260925C00110000,MRNA,2026-09-25,call,110.0,28.56,20.0,31.65,20.0,30.104999999999997,40.99,1.0,0.8349,0.8614,0.007,-0.1342,0.0841,0.0676,2026-08-28,137.205,138.64,133.35,137.93,569884.0,136.637447
2026-08-28T20:32:48.448,30,28,MRNA260925C00115000,MRNA,2026-09-25,call,115.0,23.85,21.0,27.1,20.0,25.475,37.47,2.0,0.7576,0.8323,0.0087,-0.138,0.0954,0.0681,2026-08-28,137.205,138.64,133.35,137.93,569884.0,136.637447
2026-08-28T20:32:48.448,30,28,MRNA260925C00120000,MRNA,2026-09-25,call,120.0,20.0,74.0,23.38,59.0,21.689999999999998,18.72,1.0,0.7501,0.7781,0.0104,-0.1601,0.1131,0.0653,2026-08-28,137.205,138.64,133.35,137.93,569884.0,136.637447
2026-08-28T20:32:48.448,30,28,MRNA260925C00125000,MRNA,2026-09-25,call,125.0,16.6,66.0,19.82,61.0,18.21,16.45,1.0,0.7419,0.7168,0.012,-0.1786,0.1287,0.0615,2026-08-28,137.205,138.64,133.35,137.93,569884.0,136.637447
2026-08-28T20:32:48.448,30,28,MRNA260925C00130000,MRNA,2026-09-25,call,130.0,14.37,63.0,16.04,63.0,15.204999999999998,13.0,2.0,0.7435,0.6489,0.0131,-0.1946,0.141,0.0567,2026-08-28,137.205,138.64,133.35,137.93,569884.0,136.637447
2026-08-28T20:32:48.448,30,28,MRNA260925C00133000,MRNA,2026-09-25,call,133.0,12.37,26.0,14.46,23.0,13.415,,,0.7332,0.6073,0.0138,-0.1984,0.1462,0.0537,2026-08-28,137.205,138.64,133.35,137.93,569884.0,136.637447
2026-08-28T20:32:48.448,30,28,MRNA260925C00134000,MRNA,2026-09-25,call,134.0,11.83,22.0,14.01,16.0,12.92,,,0.7348,0.5931,0.0139,-0.2005,0.1476,0.0526,2026-08-28,137.205,138.64,133.35,137.93,569884.0,136.637447
2026-08-28T20:32:48.448,30,28,MRNA260925C00135000,MRNA,2026-09-25,call,135.0,11.92,25.0,13.4,36.0,12.66,10.39,1.0,0.7512,0.5789,0.0137,-0.2062,0.1487,0.0513,2026-08-28,137.205,138.64,133.35,137.93,569884.0,136.637447
2026-08-28T20:32:48.448,30,28,MRNA260925C00136000,MRNA,2026-09-25,call,136.0,11.3,24.0,12.56,19.0,11.93,11.5,1.0,0.735,0.5646,0.0141,-0.2031,0.1497,0.0503,2026-08-28,137.205,138.64,133.35,137.93,569884.0,136.637447
2026-08-28T20:32:48.448,30,28,MRNA260925C00137000,MRNA,2026-09-25,call,137.0,10.73,13.0,12.67,21.0,11.7,14.69,1.0,0.7513,0.5511,0.0138,-0.2083,0.1505,0.0491,2026-08-28,137.205,138.64,133.35,137.93,569884.0,136.637447
2026-08-28T20:32:48.448,30,28,MRNA260925C00138000,MRNA,2026-09-25,call,138.0,10.45,25.0,12.39,37.0,11.42,11.73,3.0,0.7632,0.5379,0.0137,-0.2121,0.151,0.0479,2026-08-28,137.205,138.64,133.35,137.93,569884.0,136.637447
2026-08-28T20:32:48.448,30,28,MRNA260925C00139000,MRNA,2026-09-25,call,139.0,9.62,58.0,11.61,56.0,10.614999999999998,9.25,1.0,0.7395,0.5225,0.0142,-0.2062,0.1515,0.0469,2026-08-28,137.205,138.64,133.35,137.93,569884.0,136.637447
2026-08-28T20:32:48.448,30,28,MRNA260925C00140000,MRNA,2026-09-25,call,140.0,9.98,6.0,11.12,69.0,10.55,10.34,1.0,0.7638,0.5109,0.0137,-0.2128,0.1517,0.0457,2026-08-28,137.205,138.64,133.35,137.93,569884.0,136.637447
2026-08-28T20:32:48.448,30,28,MRNA260925C00141000,MRNA,2026-09-25,call,141.0,8.88,56.0,11.17,70.0,10.025,10.1,1.0,0.7568,0.4967,0.0139,-0.2109,0.1517,0.0446,2026-08-28,137.205,138.64,133.35,137.93,569884.0,136.637447
2026-08-28T20:32:48.448,30,28,MRNA260925C00142000,MRNA,2026-09-25,call,142.0,8.05,115.0,11.06,92.0,9.555,9.0,1.0,0.7526,0.4827,0.0139,-0.2094,0.1516,0.0435,2026-08-28,137.205,138.64,133.35,137.93,569884.0,136.637447
2026-08-28T20:32:48.448,30,28,MRNA260925C00143000,MRNA,2026-09-25,call,143.0,7.19,31.0,10.96,39.0,9.075000000000001,10.0,2.0,0.7468,0.4684,0.014,-0.2072,0.1512,0.0424,2026-08-28,137.205,138.64,133.35,137.93,569884.0,136.637447
2026-08-28T20:32:48.448,30,28,MRNA260925C00144000,MRNA,2026-09-25,call,144.0,7.37,68.0,9.91,59.0,8.64,7.5,1.0,0.7432,0.4544,0.014,-0.2054,0.1507,0.0412,2026-08-28,137.205,138.64,133.35,137.93,569884.0,136.637447
2026-08-28T20:32:48.448,30,28,MRNA260925C00145000,MRNA,2026-09-25,call,145.0,7.97,8.0,8.83,16.0,8.4,8.3,5.0,0.7516,0.4427,0.0138,-0.2068,0.1502,0.0402,2026-08-28,137.205,138.64,133.35,137.93,569884.0,136.637447
2026-08-28T20:32:48.448,30,28,MRNA260925C00146000,MRNA,2026-09-25,call,146.0,6.67,63.0,9.2,60.0,7.935,8.0,3.0,0.7442,0.4282,0.0139,-0.2035,0.1493,0.039,2026-08-28,137.205,138.64,133.35,137.93,569884.0,136.637447
2026-08-28T20:32:48.448,30,28,MRNA260925C00147000,MRNA,2026-09-25,call,147.0,5.87,113.0,9.68,145.0,7.775,7.0,2.0,0.7565,0.4179,0.0136,-0.2056,0.1485,0.0381,2026-08-28,137.205,138.64,133.35,137.93,569884.0,136.637447
2026-08-28T20:32:48.448,30,28,MRNA260925C00148000,MRNA,2026-09-25,call,148.0,6.03,42.0,8.82,34.0,7.425000000000001,8.85,1.0,0.7553,0.405,0.0135,-0.2036,0.1474,0.037,2026-08-28,137.205,138.64,133.35,137.93,569884.0,136.637447
2026-08-28T20:32:48.448,30,28,MRNA260925C00149000,MRNA,2026-09-25,call,149.0,5.68,31.0,8.4,45.0,7.04,11.75,1.0,0.7508,0.3915,0.0135,-0.2005,0.1461,0.0358,2026-08-28,137.205,138.64,133.35,137.93,569884.0,136.637447
2026-08-28T20:32:48.448,30,28,MRNA260925C00150000,MRNA,2026-09-25,call,150.0,4.78,131.0,7.21,12.0,5.995,6.7,1.0,0.6996,0.3651,0.0141,-0.183,0.143,0.0339,2026-08-28,137.205,138.64,133.35,137.93,569884.0,136.637447
2026-08-28T20:32:48.448,30,28,MRNA260925C00152500,MRNA,2026-09-25,call,152.5,4.87,101.0,7.61,102.0,6.24,5.99,1.0,0.7671,0.354,0.0127,-0.198,0.1415,0.0325,2026-08-28,137.205,138.64,133.35,137.93,569884.0,136.637447
2026-08-28T20:32:48.448,30,28,MRNA260925C00155000,MRNA,2026-09-25,call,155.0,4.42,96.0,6.31,59.0,5.365,5.3,3.0,0.7516,0.3211,0.0125,-0.1867,0.1362,0.0297,2026-08-28,137.205,138.64,133.35,137.93,569884.0,136.637447
2026-08-28T20:32:48.448,30,28,MRNA260925C00157500,MRNA,2026-09-25,call,157.5,3.79,50.0,6.79,95.0,5.29,4.06,1.0,0.7908,0.3071,0.0117,-0.1924,0.1336,0.0283,2026-08-28,137.205,138.64,133.35,137.93,569884.0,136.637447
2026-08-28T20:32:48.448,30,28,MRNA260925C00160000,MRNA,2026-09-25,call,160.0,3.92,1.0,5.15,31.0,4.535,4.2,1.0,0.7754,0.2771,0.0114,-0.1797,0.1274,0.0257,2026-08-28,137.205,138.64,133.35,137.93,569884.0,136.637447
2026-08-28T20:32:48.448,30,28,MRNA260925C00162500,MRNA,2026-09-25,call,162.5,2.76,38.0,4.58,20.0,3.67,7.6,1.0,0.7449,0.2421,0.011,-0.161,0.1188,0.0227,2026-08-28,137.205,138.64,133.35,137.93,569884.0,136.637447
2026-08-28T20:32:48.448,30,28,MRNA260925C00165000,MRNA,2026-09-25,call,165.0,2.28,177.0,4.68,93.0,3.4799999999999995,3.7,2.0,0.7661,0.2277,0.0104,-0.1599,0.1148,0.0213,2026-08-28,137.205,138.64,133.35,137.93,569884.0,136.637447
2026-08-28T20:32:48.448,30,28,MRNA260925C00167500,MRNA,2026-09-25,call,167.5,1.59,37.0,4.96,32.0,3.275,13.55,1.0,0.7838,0.2136,0.0098,-0.1576,0.1107,0.02,2026-08-28,137.205,138.64,133.35,137.93,569884.0,136.637447
2026-08-28T20:32:48.448,30,28,MRNA260925C00170000,MRNA,2026-09-25,call,170.0,2.12,118.0,3.98,129.0,3.05,3.04,1.0,0.7975,0.1994,0.0092,-0.1538,0.1063,0.0187,2026-08-28,137.205,138.64,133.35,137.93,569884.0,136.637447
2026-08-28T20:32:48.448,30,28,MRNA260925C00172500,MRNA,2026-09-25,call,172.5,1.67,34.0,4.07,30.0,2.87,2.45,1.0,0.8132,0.1873,0.0087,-0.1509,0.1023,0.0175,2026-08-28,137.205,138.64,133.35,137.93,569884.0,136.637447
2026-08-28T20:32:48.448,30,28,MRNA260925C00175000,MRNA,2026-09-25,call,175.0,2.25,1.0,3.59,118.0,2.92,2.3,1.0,0.8501,0.1839,0.0082,-0.1558,0.1012,0.0171,2026-08-28,137.205,138.64,133.35,137.93,569884.0,136.637447
2026-08-28T20:32:48.448,30,28,MRNA260925C00177500,MRNA,2026-09-25,call,177.5,0.98,36.0,3.5,23.0,2.24,2.87,1.0,0.8096,0.1538,0.0077,-0.1322,0.0902,0.0145,2026-08-28,137.205,138.64,133.35,137.93,569884.0,136.637447
2026-08-28T20:32:48.448,30,28,MRNA260925C00180000,MRNA,2026-09-25,call,180.0,1.83,6.0,2.7,111.0,2.265,2.01,1.0,0.8415,0.1508,0.0073,-0.1356,0.089,0.0142,2026-08-28,137.205,138.64,133.35,137.93,569884.0,136.637447
2026-08-28T20:32:48.448,30,28,MRNA260925C00182500,MRNA,2026-09-25,call,182.5,0.99,30.0,3.17,23.0,2.08,2.27,1.0,0.8485,0.1398,0.0069,-0.1298,0.0846,0.0131,2026-08-28,137.205,138.64,133.35,137.93,569884.0,136.637447
2026-08-28T20:32:48.448,30,28,MRNA260925C00185000,MRNA,2026-09-25,call,185.0,1.44,2.0,2.43,14.0,1.935,1.86,20.0,0.8582,0.1306,0.0065,-0.1253,0.0807,0.0123,2026-08-28,137.205,138.64,133.35,137.93,569884.0,136.637447
2026-08-28T20:32:48.448,30,28,MRNA260925C00187500,MRNA,2026-09-25,call,187.5,0.45,43.0,2.33,36.0,1.3900000000000001,1.69,1.0,0.8111,0.1035,0.0058,-0.1004,0.0684,0.0098,2026-08-28,137.205,138.64,133.35,137.93,569884.0,136.637447
2026-08-28T20:32:48.448,30,28,MRNA260925C00190000,MRNA,2026-09-25,call,190.0,1.17,1.0,2.17,18.0,1.67,1.59,1.0,0.8756,0.1138,0.0058,-0.116,0.0733,0.0107,2026-08-28,137.205,138.64,133.35,137.93,569884.0,136.637447
2026-08-28T20:32:48.448,30,28,MRNA260925C00192500,MRNA,2026-09-25,call,192.5,0.53,27.0,3.21,29.0,1.87,7.47,2.0,0.9274,0.1198,0.0057,-0.1273,0.076,0.0112,2026-08-28,137.205,138.64,133.35,137.93,569884.0,136.637447
2026-08-28T20:32:48.448,30,28,MRNA260925C00195000,MRNA,2026-09-25,call,195.0,0.48,72.0,2.21,73.0,1.345,1.39,1.0,0.8766,0.0948,0.0051,-0.1017,0.0642,0.009,2026-08-28,137.205,138.64,133.35,137.93,569884.0,136.637447
2026-08-28T20:32:48.448,30,28,MRNA260925C00197500,MRNA,2026-09-25,call,197.5,0.0,0.0,2.6,23.0,1.3,3.05,2.0,,,,,,,2026-08-28,137.205,138.64,133.35,137.93,569884.0,136.637447
2026-08-28T20:32:48.448,30,28,MRNA260925C00200000,MRNA,2026-09-25,call,200.0,0.93,5.0,1.78,67.0,1.355,1.29,2.0,0.9239,0.0917,0.0047,-0.1044,0.0626,0.0086,2026-08-28,137.205,138.64,133.35,137.93,569884.0,136.637447
2026-08-28T20:32:48.448,30,28,MRNA260925C00205000,MRNA,2026-09-25,call,205.0,0.03,60.0,1.68,62.0,0.855,1.38,3.0,0.8762,0.0644,0.0038,-0.0757,0.0479,0.0061,2026-08-28,137.205,138.64,133.35,137.93,569884.0,136.637447
2026-08-28T20:32:48.448,30,28,MRNA260925C00210000,MRNA,2026-09-25,call,210.0,0.0,0.0,1.18,1.0,0.59,1.09,1.0,,,,,,,2026-08-28,137.205,138.64,133.35,137.93,569884.0,136.637447
2026-08-28T20:32:48.448,30,28,MRNA260925C00215000,MRNA,2026-09-25,call,215.0,0.01,39.0,2.77,31.0,1.39,1.1,2.0,,,,,,,2026-08-28,137.205,138.64,133.35,137.93,569884.0,136.637447
2026-08-28T20:32:48.448,30,28,MRNA260925C00220000,MRNA,2026-09-25,call,220.0,0.0,0.0,1.56,211.0,0.78,1.07,1.0,,,,,,,2026-08-28,137.205,138.64,133.35,137.93,569884.0,136.637447
2026-08-28T20:32:48.448,30,28,MRNA260925C00225000,MRNA,2026-09-25,call,225.0,0.0,0.0,1.33,78.0,0.665,0.54,10.0,,,,,,,2026-08-28,137.205,138.64,133.35,137.93,569884.0,136.637447
2026-08-28T20:32:48.448,30,28,MRNA260925C00230000,MRNA,2026-09-25,call,230.0,0.0,0.0,1.27,57.0,0.635,0.95,1.0,,,,,,,2026-08-28,137.205,138.64,133.35,137.93,569884.0,136.637447
2026-08-28T20:32:48.448,30,28,MRNA260925C00235000,MRNA,2026-09-25,call,235.0,0.0,0.0,1.54,233.0,0.77,2.86,1.0,,,,,,,2026-08-28,137.205,138.64,133.35,137.93,569884.0,136.637447
2026-08-28T20:32:48.448,30,28,MRNA260925C00240000,MRNA,2026-09-25,call,240.0,0.0,0.0,1.36,23.0,0.68,1.48,4.0,,,,,,,2026-08-28,137.205,138.64,133.35,137.93,569884.0,136.637447
2026-08-28T20:32:48.448,30,28,MRNA260925C00245000,MRNA,2026-09-25,call,245.0,0.0,0.0,1.8,23.0,0.9,1.23,4.0,,,,,,,2026-08-28,137.205,138.64,133.35,137.93,569884.0,136.637447
2026-08-28T20:32:48.448,30,28,MRNA260925C00250000,MRNA,2026-09-25,call,250.0,0.0,0.0,1.23,22.0,0.615,0.2,1.0,,,,,,,2026-08-28,137.205,138.64,133.35,137.93,569884.0,136.637447
2026-08-28T20:32:48.448,30,28,MRNA260925C00255000,MRNA,2026-09-25,call,255.0,0.0,0.0,1.08,97.0,0.54,0.12,1.0,,,,,,,2026-08-28,137.205,138.64,133.35,137.93,569884.0,136.637447
2026-08-28T20:32:48.448,30,28,MRNA260925C00260000,MRNA,2026-09-25,call,260.0,0.0,0.0,0.73,173.0,0.365,0.43,20.0,,,,,,,2026-08-28,137.205,138.64,133.35,137.93,569884.0,136.637447
2026-08-28T20:32:48.448,30,28,MRNA260925P00040000,MRNA,2026-09-25,put,40.0,0.0,0.0,0.18,1.0,0.09,0.02,1.0,,,,,,,2026-08-28,137.205,138.64,133.35,137.93,569884.0,136.637447
2026-08-28T20:32:48.448,30,28,MRNA260925P00043000,MRNA,2026-09-25,put,43.0,0.0,0.0,2.15,2.0,1.075,2.38,1.0,,,,,,,2026-08-28,137.205,138.64,133.35,137.93,569884.0,136.637447
2026-08-28T20:32:48.448,30,28,MRNA260925P00044000,MRNA,2026-09-25,put,44.0,0.0,0.0,2.1,2.0,1.05,0.32,1.0,,,,,,,2026-08-28,137.205,138.64,133.35,137.93,569884.0,136.637447
2026-08-28T20:32:48.448,30,28,MRNA260925P00045000,MRNA,2026-09-25,put,45.0,0.0,0.0,2.029,55.0,1.0145,0.07,3.0,,,,,,,2026-08-28,137.205,138.64,133.35,137.93,569884.0,136.637447
2026-08-28T20:32:48.448,30,28,MRNA260925P00046000,MRNA,2026-09-25,put,46.0,0.0,0.0,2.11,2.0,1.055,0.45,1.0,,,,,,,2026-08-28,137.205,138.64,133.35,137.93,569884.0,136.637447
2026-08-28T20:32:48.448,30,28,MRNA260925P00047000,MRNA,2026-09-25,put,47.0,0.0,0.0,2.15,2.0,1.075,0.01,1.0,,,,,,,2026-08-28,137.205,138.64,133.35,137.93,569884.0,136.637447
2026-08-28T20:32:48.448,30,28,MRNA260925P00048000,MRNA,2026-09-25,put,48.0,0.0,0.0,2.1,192.0,1.05,0.02,1.0,,,,,,,2026-08-28,137.205,138.64,133.35,137.93,569884.0,136.637447
2026-08-28T20:32:48.448,30,28,MRNA260925P00049000,MRNA,2026-09-25,put,49.0,0.0,0.0,2.16,157.0,1.08,0.89,1.0,,,,,,,2026-08-28,137.205,138.64,133.35,137.93,569884.0,136.637447
2026-08-28T20:32:48.448,30,28,MRNA260925P00050000,MRNA,2026-09-25,put,50.0,0.0,0.0,0.68,338.0,0.34,0.01,50.0,,,,,,,2026-08-28,137.205,138.64,133.35,137.93,569884.0,136.637447
2026-08-28T20:32:48.448,30,28,MRNA260925P00051000,MRNA,2026-09-25,put,51.0,0.0,0.0,2.16,6.0,1.08,1.08,1.0,,,,,,,2026-08-28,137.205,138.64,133.35,137.93,569884.0,136.637447
2026-08-28T20:32:48.448,30,28,MRNA260925P00052000,MRNA,2026-09-25,put,52.0,0.0,0.0,2.09,2.0,1.045,0.35,12.0,,,,,,,2026-08-28,137.205,138.64,133.35,137.93,569884.0,136.637447
2026-08-28T20:32:48.448,30,28,MRNA260925P00053000,MRNA,2026-09-25,put,53.0,0.0,0.0,2.11,2.0,1.055,0.01,2.0,,,,,,,2026-08-28,137.205,138.64,133.35,137.93,569884.0,136.637447
2026-08-28T20:32:48.448,30,28,MRNA260925P00054000,MRNA,2026-09-25,put,54.0,0.0,0.0,2.11,2.0,1.055,1.12,4.0,,,,,,,2026-08-28,137.205,138.64,133.35,137.93,569884.0,136.637447
2026-08-28T20:32:48.448,30,28,MRNA260925P00055000,MRNA,2026-09-25,put,55.0,0.0,0.0,0.67,1.0,0.335,0.64,1.0,,,,,,,2026-08-28,137.205,138.64,133.35,137.93,569884.0,136.637447
2026-08-28T20:32:48.448,30,28,MRNA260925P00056000,MRNA,2026-09-25,put,56.0,0.0,0.0,2.1,1.0,1.05,1.16,4.0,,,,,,,2026-08-28,137.205,138.64,133.35,137.93,569884.0,136.637447
2026-08-28T20:32:48.448,30,28,MRNA260925P00057000,MRNA,2026-09-25,put,57.0,0.0,0.0,2.11,2.0,1.055,2.71,4.0,,,,,,,2026-08-28,137.205,138.64,133.35,137.93,569884.0,136.637447
2026-08-28T20:32:48.448,30,28,MRNA260925P00058000,MRNA,2026-09-25,put,58.0,0.0,0.0,2.17,2.0,1.085,0.4,12.0,,,,,,,2026-08-28,137.205,138.64,133.35,137.93,569884.0,136.637447
2026-08-28T20:32:48.448,30,28,MRNA260925P00059000,MRNA,2026-09-25,put,59.0,0.0,0.0,2.09,13.0,1.045,0.27,1.0,,,,,,,2026-08-28,137.205,138.64,133.35,137.93,569884.0,136.637447
2026-08-28T20:32:48.448,30,28,MRNA260925P00060000,MRNA,2026-09-25,put,60.0,0.0,0.0,0.05,1.0,0.025,0.01,5.0,,,,,,,2026-08-28,137.205,138.64,133.35,137.93,569884.0,136.637447
2026-08-28T20:32:48.448,30,28,MRNA260925P00061000,MRNA,2026-09-25,put,61.0,0.0,0.0,2.15,20.0,1.075,0.76,10.0,,,,,,,2026-08-28,137.205,138.64,133.35,137.93,569884.0,136.637447
2026-08-28T20:32:48.448,30,28,MRNA260925P00062000,MRNA,2026-09-25,put,62.0,0.0,0.0,1.58,10.0,0.79,0.86,1.0,,,,,,,2026-08-28,137.205,138.64,133.35,137.93,569884.0,136.637447
2026-08-28T20:32:48.448,30,28,MRNA260925P00063000,MRNA,2026-09-25,put,63.0,0.0,0.0,2.16,6.0,1.08,1.33,2.0,,,,,,,2026-08-28,137.205,138.64,133.35,137.93,569884.0,136.637447
2026-08-28T20:32:48.448,30,28,MRNA260925P00064000,MRNA,2026-09-25,put,64.0,0.0,0.0,0.85,4.0,0.425,0.87,1.0,,,,,,,2026-08-28,137.205,138.64,133.35,137.93,569884.0,136.637447
2026-08-28T20:32:48.448,30,28,MRNA260925P00065000,MRNA,2026-09-25,put,65.0,0.0,0.0,2.16,12.0,1.08,0.09,1.0,,,,,,,2026-08-28,137.205,138.64,133.35,137.93,569884.0,136.637447
2026-08-28T20:32:48.448,30,28,MRNA260925P00066000,MRNA,2026-09-25,put,66.0,0.0,0.0,1.86,5.0,0.93,1.57,1.0,,,,,,,2026-08-28,137.205,138.64,133.35,137.93,569884.0,136.637447
2026-08-28T20:32:48.448,30,28,MRNA260925P00067000,MRNA,2026-09-25,put,67.0,0.0,0.0,2.17,6.0,1.085,0.06,1.0,,,,,,,2026-08-28,137.205,138.64,133.35,137.93,569884.0,136.637447
2026-08-28T20:32:48.448,30,28,MRNA260925P00068000,MRNA,2026-09-25,put,68.0,0.0,0.0,1.63,3.0,0.815,0.29,1.0,,,,,,,2026-08-28,137.205,138.64,133.35,137.93,569884.0,136.637447
2026-08-28T20:32:48.448,30,28,MRNA260925P00069000,MRNA,2026-09-25,put,69.0,0.0,0.0,0.93,22.0,0.465,0.38,1.0,,,,,,,2026-08-28,137.205,138.64,133.35,137.93,569884.0,136.637447
2026-08-28T20:32:48.448,30,28,MRNA260925P00070000,MRNA,2026-09-25,put,70.0,0.02,1.0,0.32,135.0,0.17,0.18,1.0,,,,,,,2026-08-28,137.205,138.64,133.35,137.93,569884.0,136.637447
2026-08-28T20:32:48.448,30,28,MRNA260925P00071000,MRNA,2026-09-25,put,71.0,0.0,0.0,1.75,57.0,0.875,0.05,1.0,,,,,,,2026-08-28,137.205,138.64,133.35,137.93,569884.0,136.637447
2026-08-28T20:32:48.448,30,28,MRNA260925P00072000,MRNA,2026-09-25,put,72.0,0.0,0.0,0.15,19.0,0.075,0.07,1.0,,,,,,,2026-08-28,137.205,138.64,133.35,137.93,569884.0,136.637447
2026-08-28T20:32:48.448,30,28,MRNA260925P00073000,MRNA,2026-09-25,put,73.0,0.0,0.0,2.13,141.0,1.065,0.16,1.0,,,,,,,2026-08-28,137.205,138.64,133.35,137.93,569884.0,136.637447
2026-08-28T20:32:48.448,30,28,MRNA260925P00074000,MRNA,2026-09-25,put,74.0,0.0,0.0,0.76,176.0,0.38,0.07,1.0,,,,,,,2026-08-28,137.205,138.64,133.35,137.93,569884.0,136.637447
2026-08-28T20:32:48.448,30,28,MRNA260925P00075000,MRNA,2026-09-25,put,75.0,0.0,0.0,0.16,10.0,0.08,0.08,1.0,,,,,,,2026-08-28,137.205,138.64,133.35,137.93,569884.0,136.637447
2026-08-28T20:32:48.448,30,28,MRNA260925P00076000,MRNA,2026-09-25,put,76.0,0.0,0.0,0.24,8.0,0.12,0.01,1.0,,,,,,,2026-08-28,137.205,138.64,133.35,137.93,569884.0,136.637447
2026-08-28T20:32:48.448,30,28,MRNA260925P00080000,MRNA,2026-09-25,put,80.0,0.06,8.0,0.18,100.0,0.12,0.11,1.0,,,,,,,2026-08-28,137.205,138.64,133.35,137.93,569884.0,136.637447
2026-08-28T20:32:48.448,30,28,MRNA260925P00085000,MRNA,2026-09-25,put,85.0,0.0,0.0,0.68,47.0,0.34,0.23,1.0,,,,,,,2026-08-28,137.205,138.64,133.35,137.93,569884.0,136.637447
2026-08-28T20:32:48.448,30,28,MRNA260925P00090000,MRNA,2026-09-25,put,90.0,0.24,1.0,0.37,5.0,0.305,0.31,10.0,0.8233,-0.0239,0.0018,-0.0311,0.0214,-0.0028,2026-08-28,137.205,138.64,133.35,137.93,569884.0,136.637447
2026-08-28T20:32:48.448,30,28,MRNA260925P00095000,MRNA,2026-09-25,put,95.0,0.08,106.0,0.79,126.0,0.435,0.42,1.0,0.782,-0.0342,0.0026,-0.0398,0.0289,-0.0039,2026-08-28,137.205,138.64,133.35,137.93,569884.0,136.637447
2026-08-28T20:32:48.448,30,28,MRNA260925P00100000,MRNA,2026-09-25,put,100.0,0.63,1.0,0.73,5.0,0.6799999999999999,0.71,1.0,0.7582,-0.0517,0.0037,-0.0538,0.0403,-0.006,2026-08-28,137.205,138.64,133.35,137.93,569884.0,136.637447
2026-08-28T20:32:48.448,30,28,MRNA260925P00105000,MRNA,2026-09-25,put,105.0,1.02,1.0,1.33,10.0,1.175,1.02,1.0,0.7601,-0.0818,0.0052,-0.0768,0.0575,-0.0095,2026-08-28,137.205,138.64,133.35,137.93,569884.0,136.637447
2026-08-28T20:32:48.448,30,28,MRNA260925P00110000,MRNA,2026-09-25,put,110.0,1.06,105.0,2.18,87.0,1.62,1.64,2.0,0.7243,-0.1113,0.0069,-0.0916,0.0721,-0.013,2026-08-28,137.205,138.64,133.35,137.93,569884.0,136.637447
2026-08-28T20:32:48.448,30,28,MRNA260925P00115000,MRNA,2026-09-25,put,115.0,2.2,1.0,3.42,82.0,2.81,2.35,1.0,0.7542,-0.1668,0.0087,-0.1255,0.0951,-0.0197,2026-08-28,137.205,138.64,133.35,137.93,569884.0,136.637447
2026-08-28T20:32:48.448,30,28,MRNA260925P00120000,MRNA,2026-09-25,put,120.0,2.95,45.0,4.57,80.0,3.7600000000000002,3.65,1.0,0.7249,-0.2161,0.0106,-0.1409,0.1114,-0.0256,2026-08-28,137.205,138.64,133.35,137.93,569884.0,136.637447
2026-08-28T20:32:48.448,30,28,MRNA260925P00125000,MRNA,2026-09-25,put,125.0,4.69,23.0,5.45,29.0,5.07,5.0,10.0,0.7045,-0.2765,0.0125,-0.1557,0.1272,-0.033,2026-08-28,137.205,138.64,133.35,137.93,569884.0,136.637447
2026-08-28T20:32:48.448,30,28,MRNA260925P00130000,MRNA,2026-09-25,put,130.0,5.97,53.0,7.64,43.0,6.805,6.99,1.0,0.6919,-0.3461,0.014,-0.1679,0.1403,-0.0417,2026-08-28,137.205,138.64,133.35,137.93,569884.0,136.637447
2026-08-28T20:32:48.448,30,28,MRNA260925P00133000,MRNA,2026-09-25,put,133.0,7.28,60.0,9.29,58.0,8.285,8.3,1.0,0.7026,-0.3914,0.0144,-0.177,0.1461,-0.0476,2026-08-28,137.205,138.64,133.35,137.93,569884.0,136.637447
2026-08-28T20:32:48.448,30,28,MRNA260925P00134000,MRNA,2026-09-25,put,134.0,7.5,27.0,10.67,31.0,9.085,,,0.7247,-0.4067,0.0141,-0.1844,0.1476,-0.0498,2026-08-28,137.205,138.64,133.35,137.93,569884.0,136.637447
2026-08-28T20:32:48.448,30,28,MRNA260925P00135000,MRNA,2026-09-25,put,135.0,7.94,63.0,10.45,58.0,9.195,9.85,2.0,0.699,-0.4212,0.0147,-0.1789,0.1487,-0.0514,2026-08-28,137.205,138.64,133.35,137.93,569884.0,136.637447
2026-08-28T20:32:48.448,30,28,MRNA260925P00136000,MRNA,2026-09-25,put,136.0,8.5,40.0,11.24,56.0,9.870000000000001,9.77,5.0,0.7104,-0.4359,0.0146,-0.183,0.1498,-0.0535,2026-08-28,137.205,138.64,133.35,137.93,569884.0,136.637447
2026-08-28T20:32:48.448,30,28,MRNA260925P00137000,MRNA,2026-09-25,put,137.0,9.35,15.0,11.35,24.0,10.35,10.35,1.0,0.7077,-0.4507,0.0147,-0.183,0.1506,-0.0554,2026-08-28,137.205,138.64,133.35,137.93,569884.0,136.637447
2026-08-28T20:32:48.448,30,28,MRNA260925P00138000,MRNA,2026-09-25,put,138.0,9.75,18.0,12.43,31.0,11.09,12.23,1.0,0.7213,-0.4646,0.0145,-0.1871,0.1511,-0.0574,2026-08-28,137.205,138.64,133.35,137.93,569884.0,136.637447
2026-08-28T20:32:48.448,30,28,MRNA260925P00139000,MRNA,2026-09-25,put,139.0,10.28,58.0,12.97,64.0,11.625,11.5,1.0,0.7203,-0.4791,0.0145,-0.1871,0.1515,-0.0594,2026-08-28,137.205,138.64,133.35,137.93,569884.0,136.637447
2026-08-28T20:32:48.448,30,28,MRNA260925P00140000,MRNA,2026-09-25,put,140.0,10.33,57.0,13.23,56.0,11.780000000000001,12.18,2.0,0.6934,-0.4962,0.0151,-0.1798,0.1517,-0.0613,2026-08-28,137.205,138.64,133.35,137.93,569884.0,136.637447
2026-08-28T20:32:48.448,30,28,MRNA260925P00141000,MRNA,2026-09-25,put,141.0,11.64,22.0,13.76,31.0,12.7,11.35,1.0,0.7159,-0.5081,0.0146,-0.1857,0.1517,-0.0633,2026-08-28,137.205,138.64,133.35,137.93,569884.0,136.637447
2026-08-28T20:32:48.448,30,28,MRNA260925P00142000,MRNA,2026-09-25,put,142.0,11.9,30.0,15.22,32.0,13.56,12.95,1.0,0.7336,-0.5199,0.0143,-0.19,0.1515,-0.0652,2026-08-28,137.205,138.64,133.35,137.93,569884.0,136.637447
2026-08-28T20:32:48.448,30,28,MRNA260925P00143000,MRNA,2026-09-25,put,143.0,12.83,49.0,15.48,64.0,14.155000000000001,15.65,1.0,0.733,-0.5337,0.0143,-0.1891,0.1512,-0.0671,2026-08-28,137.205,138.64,133.35,137.93,569884.0,136.637447
2026-08-28T20:32:48.448,30,28,MRNA260925P00144000,MRNA,2026-09-25,put,144.0,12.9,68.0,15.83,63.0,14.365,14.81,5.0,0.7059,-0.5522,0.0147,-0.1806,0.1504,-0.0692,2026-08-28,137.205,138.64,133.35,137.93,569884.0,136.637447
2026-08-28T20:32:48.448,30,28,MRNA260925P00145000,MRNA,2026-09-25,put,145.0,13.62,59.0,16.32,63.0,14.969999999999999,14.85,1.0,0.704,-0.5665,0.0147,-0.1788,0.1496,-0.0712,2026-08-28,137.205,138.64,133.35,137.93,569884.0,136.637447
2026-08-28T20:32:48.448,30,28,MRNA260925P00146000,MRNA,2026-09-25,put,146.0,14.88,16.0,17.17,32.0,16.025000000000002,15.0,1.0,0.7315,-0.5745,0.0141,-0.1852,0.1491,-0.0728,2026-08-28,137.205,138.64,133.35,137.93,569884.0,136.637447
2026-08-28T20:32:48.448,30,28,MRNA260925P00147000,MRNA,2026-09-25,put,147.0,14.91,63.0,17.47,61.0,16.189999999999998,17.03,1.0,0.6982,-0.5954,0.0146,-0.1739,0.1474,-0.0751,2026-08-28,137.205,138.64,133.35,137.93,569884.0,136.637447
2026-08-28T20:32:48.448,30,28,MRNA260925P00148000,MRNA,2026-09-25,put,148.0,15.7,25.0,18.71,26.0,17.205,16.08,1.0,0.7216,-0.603,0.014,-0.1789,0.1466,-0.0767,2026-08-28,137.205,138.64,133.35,137.93,569884.0,136.637447
2026-08-28T20:32:48.448,30,28,MRNA260925P00149000,MRNA,2026-09-25,put,149.0,16.28,44.0,19.47,44.0,17.875,17.75,1.0,0.7208,-0.6161,0.0139,-0.1767,0.1452,-0.0786,2026-08-28,137.205,138.64,133.35,137.93,569884.0,136.637447
2026-08-28T20:32:48.448,30,28,MRNA260925P00150000,MRNA,2026-09-25,put,150.0,16.71,68.0,19.58,61.0,18.145,18.55,1.0,0.6912,-0.6373,0.0143,-0.1655,0.1426,-0.0811,2026-08-28,137.205,138.64,133.35,137.93,569884.0,136.637447
2026-08-28T20:32:48.448,30,28,MRNA260925P00152500,MRNA,2026-09-25,put,152.5,18.17,39.0,21.79,34.0,19.98,19.97,1.0,0.6939,-0.6683,0.0138,-0.1598,0.138,-0.0857,2026-08-28,137.205,138.64,133.35,137.93,569884.0,136.637447
2026-08-28T20:32:48.448,30,28,MRNA260925P00155000,MRNA,2026-09-25,put,155.0,20.56,20.0,23.84,16.0,22.2,19.12,1.0,0.7205,-0.6891,0.0129,-0.1611,0.1343,-0.0896,2026-08-28,137.205,138.64,133.35,137.93,569884.0,136.637447
2026-08-28T20:32:48.448,30,28,MRNA260925P00157500,MRNA,2026-09-25,put,157.5,22.89,16.0,26.1,25.0,24.495,27.0,1.0,0.7497,-0.7065,0.0121,-0.1631,0.1309,-0.0932,2026-08-28,137.205,138.64,133.35,137.93,569884.0,136.637447
2026-08-28T20:32:48.448,30,28,MRNA260925P00160000,MRNA,2026-09-25,put,160.0,25.6,14.0,28.44,21.0,27.020000000000003,26.16,10.0,0.7945,-0.7164,0.0112,-0.1702,0.1288,-0.0962,2026-08-28,137.205,138.64,133.35,137.93,569884.0,136.637447
2026-08-28T20:32:48.448,30,28,MRNA260925P00162500,MRNA,2026-09-25,put,162.5,26.53,13.0,30.32,16.0,28.425,25.0,99.0,0.7467,-0.7573,0.011,-0.1453,0.119,-0.1016,2026-08-28,137.205,138.64,133.35,137.93,569884.0,136.637447
2026-08-28T20:32:48.448,30,28,MRNA260925P00165000,MRNA,2026-09-25,put,165.0,29.19,10.0,32.549,10.0,30.869500000000002,29.25,2.0,0.7802,-0.767,0.0103,-0.1484,0.1163,-0.1045,2026-08-28,137.205,138.64,133.35,137.93,569884.0,136.637447
2026-08-28T20:32:48.448,30,28,MRNA260925P00167500,MRNA,2026-09-25,put,167.5,30.33,7.0,35.01,8.0,32.67,22.08,1.0,0.754,-0.7978,0.0098,-0.13,0.1072,-0.1091,2026-08-28,137.205,138.64,133.35,137.93,569884.0,136.637447
2026-08-28T20:32:48.448,30,28,MRNA260925P00170000,MRNA,2026-09-25,put,170.0,32.86,8.0,36.93,8.0,34.894999999999996,28.85,1.0,0.7621,-0.814,0.0092,-0.1239,0.1018,-0.1125,2026-08-28,137.205,138.64,133.35,137.93,569884.0,136.637447
2026-08-28T20:32:48.448,30,28,MRNA260925P00172500,MRNA,2026-09-25,put,172.5,35.27,14.0,38.59,12.0,36.93000000000001,30.2,2.0,0.7473,-0.8378,0.0086,-0.1094,0.0934,-0.1166,2026-08-28,137.205,138.64,133.35,137.93,569884.0,136.637447
2026-08-28T20:32:48.448,30,28,MRNA260925P00175000,MRNA,2026-09-25,put,175.0,37.81,20.0,41.54,11.0,39.675,32.6,1.0,0.8049,-0.8324,0.0082,-0.1216,0.0953,-0.1181,2026-08-28,137.205,138.64,133.35,137.93,569884.0,136.637447
2026-08-28T20:32:48.448,30,28,MRNA260925P00177500,MRNA,2026-09-25,put,177.5,40.17,11.0,42.9,9.0,41.535,33.45,4.0,0.7639,-0.8631,0.0075,-0.0977,0.0834,-0.1228,2026-08-28,137.205,138.64,133.35,137.93,569884.0,136.637447
2026-08-28T20:32:48.448,30,28,MRNA260925P00180000,MRNA,2026-09-25,put,180.0,41.45,15.0,46.22,11.0,43.835,32.259,2.0,0.768,-0.8756,0.007,-0.0906,0.078,-0.1259,2026-08-28,137.205,138.64,133.35,137.93,569884.0,136.637447
2026-08-28T20:32:48.448,30,28,MRNA260925P00182500,MRNA,2026-09-25,put,182.5,43.61,23.0,47.02,11.0,45.315,,,0.634,-0.9353,0.0052,-0.037,0.048,-0.1333,2026-08-28,137.205,138.64,133.35,137.93,569884.0,136.637447
2026-08-28T20:32:48.448,30,28,MRNA260925P00185000,MRNA,2026-09-25,put,185.0,47.54,10.0,49.12,7.0,48.33,41.2,1.0,0.7512,-0.9058,0.0059,-0.0684,0.0639,-0.1325,2026-08-28,137.205,138.64,133.35,137.93,569884.0,136.637447
2026-08-28T20:32:48.448,30,28,MRNA260925P00187500,MRNA,2026-09-25,put,187.5,49.06,13.0,52.48,7.0,50.769999999999996,,,0.7673,-0.9109,0.0055,-0.0663,0.0613,-0.1349,2026-08-28,137.205,138.64,133.35,137.93,569884.0,136.637447
2026-08-28T20:32:48.448,30,28,MRNA260925P00190000,MRNA,2026-09-25,put,190.0,52.37,7.0,54.51,6.0,53.44,,,0.8195,-0.9041,0.0055,-0.0769,0.0647,-0.1362,2026-08-28,137.205,138.64,133.35,137.93,569884.0,136.637447
2026-08-28T20:32:48.448,30,28,MRNA260925P00192500,MRNA,2026-09-25,put,192.5,54.36,7.0,57.06,6.0,55.71,,,0.8068,-0.9174,0.005,-0.0652,0.0579,-0.1394,2026-08-28,137.205,138.64,133.35,137.93,569884.0,136.637447
2026-08-28T20:32:48.448,30,28,MRNA260925P00195000,MRNA,2026-09-25,put,195.0,55.68,7.0,59.71,7.0,57.695,,,0.725,-0.9487,0.0038,-0.033,0.04,-0.1442,2026-08-28,137.205,138.64,133.35,137.93,569884.0,136.637447
2026-08-28T20:32:48.448,30,28,MRNA260925P00197500,MRNA,2026-09-25,put,197.5,58.76,7.0,62.07,7.0,60.415,,,0.7978,-0.936,0.0041,-0.049,0.0477,-0.1449,2026-08-28,137.205,138.64,133.35,137.93,569884.0,136.637447
2026-08-28T20:32:48.448,30,28,MRNA260925P00200000,MRNA,2026-09-25,put,200.0,62.0,7.0,64.95,7.0,63.475,52.52,1.0,0.9225,-0.9088,0.0047,-0.0839,0.0624,-0.1444,2026-08-28,137.205,138.64,133.35,137.93,569884.0,136.637447
2026-08-28T20:32:48.448,30,28,MRNA260925P00205000,MRNA,2026-09-25,put,205.0,65.66,7.0,68.72,7.0,67.19,70.75,1.0,0.5982,-0.9898,0.0012,0.0094,0.0103,-0.1558,2026-08-28,137.205,138.64,133.35,137.93,569884.0,136.637447
2026-08-28T20:32:48.448,30,28,MRNA260925P00210000,MRNA,2026-09-25,put,210.0,69.85,7.0,74.09,7.0,71.97,74.13,1.0,,,,,,,2026-08-28,137.205,138.64,133.35,137.93,569884.0,136.637447
2026-08-28T20:32:48.448,30,28,MRNA260925P00215000,MRNA,2026-09-25,put,215.0,74.61,7.0,79.67,7.0,77.14,67.45,4.0,0.6331,-0.9929,0.0008,0.0129,0.0075,-0.1638,2026-08-28,137.205,138.64,133.35,137.93,569884.0,136.637447
2026-08-28T20:32:48.448,30,28,MRNA260925P00220000,MRNA,2026-09-25,put,220.0,80.66,7.0,85.76,7.0,83.21000000000001,84.0,5.0,,,,,,,2026-08-28,137.205,138.64,133.35,137.93,569884.0,136.637447
2026-08-28T20:32:48.448,30,28,MRNA260925P00225000,MRNA,2026-09-25,put,225.0,85.87,7.0,88.88,7.0,87.375,,,0.8673,-0.9728,0.0019,-0.0147,0.0238,-0.1695,2026-08-28,137.205,138.64,133.35,137.93,569884.0,136.637447
2026-08-28T20:32:48.448,30,28,MRNA260925P00230000,MRNA,2026-09-25,put,230.0,89.92,7.0,94.33,7.0,92.125,,,0.7491,-0.9911,0.0008,0.0106,0.0092,-0.1751,2026-08-28,137.205,138.64,133.35,137.93,569884.0,136.637447
2026-08-28T20:32:48.448,30,28,MRNA260925P00235000,MRNA,2026-09-25,put,235.0,96.87,7.0,98.11,6.0,97.49000000000001,,,,,,,,,2026-08-28,137.205,138.64,133.35,137.93,569884.0,136.637447
2026-08-28T20:32:48.448,30,28,MRNA260925P00240000,MRNA,2026-09-25,put,240.0,99.83,3.0,102.42,1.0,101.125,,,,,,,,,2026-08-28,137.205,138.64,133.35,137.93,569884.0,136.637447
2026-08-28T20:32:48.448,30,28,MRNA260925P00245000,MRNA,2026-09-25,put,245.0,106.19,7.0,107.88,7.0,107.035,93.0,1.0,0.7513,-0.9962,0.0004,0.0186,0.0044,-0.187,2026-08-28,137.205,138.64,133.35,137.93,569884.0,136.637447
2026-08-28T20:32:48.448,30,28,MRNA260925P00250000,MRNA,2026-09-25,put,250.0,108.76,7.0,114.71,7.0,111.735,109.63,1.0,,,,,,,2026-08-28,137.205,138.64,133.35,137.93,569884.0,136.637447
2026-08-28T20:32:48.448,30,28,MRNA260925P00255000,MRNA,2026-09-25,put,255.0,113.14,7.0,118.14,6.0,115.64,113.79,28.0,,,,,,,2026-08-28,137.205,138.64,133.35,137.93,569884.0,136.637447
2026-08-28T20:32:48.448,30,28,MRNA260925P00260000,MRNA,2026-09-25,put,260.0,119.92,8.0,125.5,7.0,122.71000000000001,124.49,1.0,,,,,,,2026-08-28,137.205,138.64,133.35,137.93,569884.0,136.637447
2026-08-28T20:32:48.448,45,42,MRNA261009C00075000,MRNA,2026-10-09,call,75.0,61.75,1.0,66.89,1.0,64.32,,,,,,,,,2026-08-28,137.205,138.64,133.35,137.93,569884.0,136.637447
2026-08-28T20:32:48.448,45,42,MRNA261009C00080000,MRNA,2026-10-09,call,80.0,57.67,6.0,61.55,6.0,59.61,,,,,,,,,2026-08-28,137.205,138.64,133.35,137.93,569884.0,136.637447
2026-08-28T20:32:48.448,45,42,MRNA261009C00085000,MRNA,2026-10-09,call,85.0,51.41,6.0,56.71,6.0,54.06,,,,,,,,,2026-08-28,137.205,138.64,133.35,137.93,569884.0,136.637447
2026-08-28T20:32:48.448,45,42,MRNA261009C00090000,MRNA,2026-10-09,call,90.0,47.43,6.0,51.4,6.0,49.415,,,0.9804,0.9264,0.0031,-0.0837,0.065,0.0895,2026-08-28,137.205,138.64,133.35,137.93,569884.0,136.637447
2026-08-28T20:32:48.448,45,42,MRNA261009C00095000,MRNA,2026-10-09,call,95.0,42.19,6.0,46.2,6.0,44.195,,,0.846,0.9253,0.0036,-0.0745,0.0657,0.0953,2026-08-28,137.205,138.64,133.35,137.93,569884.0,136.637447
2026-08-28T20:32:48.448,45,42,MRNA261009C00100000,MRNA,2026-10-09,call,100.0,37.83,6.0,41.28,6.0,39.555,,,0.7993,0.9067,0.0045,-0.0825,0.0777,0.0977,2026-08-28,137.205,138.64,133.35,137.93,569884.0,136.637447
2026-08-28T20:32:48.448,45,42,MRNA261009C00105000,MRNA,2026-10-09,call,105.0,33.14,8.0,36.7,6.0,34.92,,,0.746,0.8856,0.0056,-0.0887,0.0901,0.0997,2026-08-28,137.205,138.64,133.35,137.93,569884.0,136.637447
2026-08-28T20:32:48.448,45,42,MRNA261009C00110000,MRNA,2026-10-09,call,110.0,29.48,9.0,33.37,6.0,31.424999999999997,,,0.791,0.8356,0.0067,-0.117,0.1154,0.0959,2026-08-28,137.205,138.64,133.35,137.93,569884.0,136.637447
2026-08-28T20:32:48.448,45,42,MRNA261009C00115000,MRNA,2026-10-09,call,115.0,25.89,6.0,28.85,11.0,27.37,,,0.7607,0.7975,0.008,-0.1273,0.1314,0.0945,2026-08-28,137.205,138.64,133.35,137.93,569884.0,136.637447
2026-08-28T20:32:48.448,45,42,MRNA261009C00120000,MRNA,2026-10-09,call,120.0,21.57,6.0,25.92,6.0,23.745,,,0.7473,0.7502,0.0091,-0.1396,0.148,0.0912,2026-08-28,137.205,138.64,133.35,137.93,569884.0,136.637447
2026-08-28T20:32:48.448,45,42,MRNA261009C00125000,MRNA,2026-10-09,call,125.0,18.99,12.0,22.57,12.0,20.78,,,0.7588,0.695,0.0099,-0.1549,0.1632,0.0859,2026-08-28,137.205,138.64,133.35,137.93,569884.0,136.637447
2026-08-28T20:32:48.448,45,42,MRNA261009C00130000,MRNA,2026-10-09,call,130.0,16.03,12.0,19.12,6.0,17.575000000000003,,,0.7377,0.6408,0.0109,-0.16,0.1741,0.081,2026-08-28,137.205,138.64,133.35,137.93,569884.0,136.637447
2026-08-28T20:32:48.448,45,42,MRNA261009C00133000,MRNA,2026-10-09,call,133.0,14.03,44.0,17.12,32.0,15.575,15.9,1.0,0.7137,0.6065,0.0116,-0.159,0.1792,0.0779,2026-08-28,137.205,138.64,133.35,137.93,569884.0,136.637447
2026-08-28T20:32:48.448,45,42,MRNA261009C00134000,MRNA,2026-10-09,call,134.0,13.89,15.0,17.03,11.0,15.46,14.2,1.0,0.7352,0.5946,0.0113,-0.1647,0.1806,0.0762,2026-08-28,137.205,138.64,133.35,137.93,569884.0,136.637447
2026-08-28T20:32:48.448,45,42,MRNA261009C00135000,MRNA,2026-10-09,call,135.0,14.05,13.0,16.28,12.0,15.165000000000001,15.0,1.0,0.7458,0.5833,0.0112,-0.1679,0.1818,0.0747,2026-08-28,137.205,138.64,133.35,137.93,569884.0,136.637447
2026-08-28T20:32:48.448,45,42,MRNA261009C00136000,MRNA,2026-10-09,call,136.0,12.92,18.0,16.43,22.0,14.675,14.8,1.0,0.745,0.5718,0.0113,-0.1686,0.1828,0.0735,2026-08-28,137.205,138.64,133.35,137.93,569884.0,136.637447
2026-08-28T20:32:48.448,45,42,MRNA261009C00137000,MRNA,2026-10-09,call,137.0,12.81,13.0,15.94,20.0,14.375,13.65,1.0,0.7539,0.5609,0.0112,-0.1711,0.1836,0.0721,2026-08-28,137.205,138.64,133.35,137.93,569884.0,136.637447
2026-08-28T20:32:48.448,45,42,MRNA261009C00138000,MRNA,2026-10-09,call,138.0,12.1,17.0,15.95,17.0,14.024999999999999,,,0.7594,0.55,0.0112,-0.1729,0.1844,0.0708,2026-08-28,137.205,138.64,133.35,137.93,569884.0,136.637447
2026-08-28T20:32:48.448,45,42,MRNA261009C00139000,MRNA,2026-10-09,call,139.0,11.36,29.0,15.11,30.0,13.235,11.55,1.0,0.7405,0.5373,0.0115,-0.1692,0.185,0.0697,2026-08-28,137.205,138.64,133.35,137.93,569884.0,136.637447
2026-08-28T20:32:48.448,45,42,MRNA261009C00140000,MRNA,2026-10-09,call,140.0,10.87,38.0,14.67,37.0,12.77,12.2,1.0,0.7386,0.5258,0.0116,-0.169,0.1854,0.0684,2026-08-28,137.205,138.64,133.35,137.93,569884.0,136.637447
2026-08-28T20:32:48.448,45,42,MRNA261009C00141000,MRNA,2026-10-09,call,141.0,11.32,28.0,14.06,30.0,12.690000000000001,11.71,1.0,0.7569,0.5166,0.0113,-0.1732,0.1857,0.067,2026-08-28,137.205,138.64,133.35,137.93,569884.0,136.637447
2026-08-28T20:32:48.448,45,42,MRNA261009C00142000,MRNA,2026-10-09,call,142.0,10.19,11.0,13.61,11.0,11.899999999999999,11.5,1.0,0.7363,0.5029,0.0116,-0.1686,0.1858,0.0658,2026-08-28,137.205,138.64,133.35,137.93,569884.0,136.637447
2026-08-28T20:32:48.448,45,42,MRNA261009C00143000,MRNA,2026-10-09,call,143.0,10.34,13.0,12.56,6.0,11.45,,,0.7335,0.4913,0.0117,-0.1679,0.1858,0.0645,2026-08-28,137.205,138.64,133.35,137.93,569884.0,136.637447
2026-08-28T20:32:48.448,45,42,MRNA261009C00144000,MRNA,2026-10-09,call,144.0,9.26,6.0,13.02,11.0,11.14,10.03,1.0,0.7376,0.4808,0.0116,-0.1685,0.1856,0.0632,2026-08-28,137.205,138.64,133.35,137.93,569884.0,136.637447
2026-08-28T20:32:48.448,45,42,MRNA261009C00145000,MRNA,2026-10-09,call,145.0,8.86,8.0,12.62,14.0,10.739999999999998,9.89,1.0,0.7363,0.4696,0.0116,-0.1678,0.1853,0.0618,2026-08-28,137.205,138.64,133.35,137.93,569884.0,136.637447
2026-08-28T20:32:48.448,45,42,MRNA261009C00146000,MRNA,2026-10-09,call,146.0,8.61,14.0,12.34,17.0,10.475,,,0.7417,0.4597,0.0115,-0.1685,0.1849,0.0606,2026-08-28,137.205,138.64,133.35,137.93,569884.0,136.637447
2026-08-28T20:32:48.448,45,42,MRNA261009C00147000,MRNA,2026-10-09,call,147.0,8.09,30.0,12.34,27.0,10.215,10.35,4.0,0.7469,0.45,0.0114,-0.1691,0.1844,0.0593,2026-08-28,137.205,138.64,133.35,137.93,569884.0,136.637447
2026-08-28T20:32:48.448,45,42,MRNA261009C00148000,MRNA,2026-10-09,call,148.0,8.01,17.0,11.7,16.0,9.855,,,0.7461,0.4392,0.0113,-0.1682,0.1837,0.0581,2026-08-28,137.205,138.64,133.35,137.93,569884.0,136.637447
2026-08-28T20:32:48.448,45,42,MRNA261009C00149000,MRNA,2026-10-09,call,149.0,8.34,12.0,11.53,13.0,9.934999999999999,,,0.7689,0.4338,0.011,-0.1727,0.1833,0.0571,2026-08-28,137.205,138.64,133.35,137.93,569884.0,136.637447
2026-08-28T20:32:48.448,45,42,MRNA261009C00150000,MRNA,2026-10-09,call,150.0,7.38,32.0,10.94,35.0,9.16,8.92,1.0,0.7443,0.418,0.0113,-0.166,0.1819,0.0555,2026-08-28,137.205,138.64,133.35,137.93,569884.0,136.637447
2026-08-28T20:32:48.448,45,42,MRNA261009C00152500,MRNA,2026-10-09,call,152.5,6.62,8.0,10.5,14.0,8.56,8.25,1.0,0.7541,0.3952,0.011,-0.1656,0.1794,0.0526,2026-08-28,137.205,138.64,133.35,137.93,569884.0,136.637447
2026-08-28T20:32:48.448,45,42,MRNA261009C00155000,MRNA,2026-10-09,call,155.0,5.77,75.0,10.04,79.0,7.904999999999999,6.8,2.0,0.7579,0.3721,0.0107,-0.1633,0.1762,0.0497,2026-08-28,137.205,138.64,133.35,137.93,569884.0,136.637447
2026-08-28T20:32:48.448,45,42,MRNA261009C00157500,MRNA,2026-10-09,call,157.5,5.22,57.0,8.85,34.0,7.035,5.95,1.0,0.7463,0.3451,0.0106,-0.1566,0.1716,0.0464,2026-08-28,137.205,138.64,133.35,137.93,569884.0,136.637447
2026-08-28T20:32:48.448,45,42,MRNA261009C00160000,MRNA,2026-10-09,call,160.0,4.86,61.0,7.48,31.0,6.17,6.5,1.0,0.7314,0.3173,0.0105,-0.1483,0.166,0.043,2026-08-28,137.205,138.64,133.35,137.93,569884.0,136.637447
2026-08-28T20:32:48.448,45,42,MRNA261009C00162500,MRNA,2026-10-09,call,162.5,3.98,6.0,7.12,5.0,5.55,,,0.7277,0.294,0.0102,-0.1425,0.1605,0.0401,2026-08-28,137.205,138.64,133.35,137.93,569884.0,136.637447
2026-08-28T20:32:48.448,45,42,MRNA261009C00165000,MRNA,2026-10-09,call,165.0,3.8,9.0,6.68,6.0,5.24,5.12,4.0,0.7407,0.2781,0.0097,-0.1411,0.1563,0.0379,2026-08-28,137.205,138.64,133.35,137.93,569884.0,136.637447
2026-08-28T20:32:48.448,45,42,MRNA261009C00167500,MRNA,2026-10-09,call,167.5,3.0,16.0,7.07,8.0,5.035,,,0.7588,0.2653,0.0093,-0.1411,0.1527,0.0361,2026-08-28,137.205,138.64,133.35,137.93,569884.0,136.637447
2026-08-28T20:32:48.448,45,42,MRNA261009C00170000,MRNA,2026-10-09,call,170.0,2.63,8.0,6.49,8.0,4.5600000000000005,5.45,1.0,0.757,0.2461,0.0089,-0.1352,0.1468,0.0336,2026-08-28,137.205,138.64,133.35,137.93,569884.0,136.637447
2026-08-28T20:32:48.448,45,42,MRNA261009C00175000,MRNA,2026-10-09,call,175.0,3.21,24.0,5.92,43.0,4.5649999999999995,3.9,1.0,0.8142,0.2343,0.0081,-0.1413,0.1429,0.0318,2026-08-28,137.205,138.64,133.35,137.93,569884.0,136.637447
2026-08-28T20:32:48.448,45,42,MRNA261009C00180000,MRNA,2026-10-09,call,180.0,1.53,36.0,4.49,26.0,3.0100000000000002,3.25,1.0,0.7492,0.1784,0.0075,-0.1106,0.1215,0.0247,2026-08-28,137.205,138.64,133.35,137.93,569884.0,136.637447
2026-08-28T20:32:48.448,45,42,MRNA261009C00185000,MRNA,2026-10-09,call,185.0,0.91,36.0,4.78,27.0,2.845,2.72,1.0,0.783,0.1651,0.0068,-0.1098,0.1157,0.0228,2026-08-28,137.205,138.64,133.35,137.93,569884.0,136.637447
2026-08-28T20:32:48.448,45,42,MRNA261009C00190000,MRNA,2026-10-09,call,190.0,1.08,48.0,3.96,62.0,2.52,2.35,2.0,0.7987,0.1474,0.0062,-0.1038,0.1073,0.0204,2026-08-28,137.205,138.64,133.35,137.93,569884.0,136.637447
2026-08-28T20:32:48.448,45,42,MRNA261009C00195000,MRNA,2026-10-09,call,195.0,0.67,43.0,3.95,71.0,2.31,2.05,1.0,0.8207,0.1345,0.0057,-0.1002,0.1009,0.0186,2026-08-28,137.205,138.64,133.35,137.93,569884.0,136.637447
2026-08-28T20:32:48.448,45,42,MRNA261009C00200000,MRNA,2026-10-09,call,200.0,0.12,46.0,3.22,37.0,1.6700000000000002,1.78,1.0,0.7912,0.1054,0.0049,-0.0813,0.0849,0.0147,2026-08-28,137.205,138.64,133.35,137.93,569884.0,136.637447
2026-08-28T20:32:48.448,45,42,MRNA261009C00205000,MRNA,2026-10-09,call,205.0,0.26,44.0,3.19,37.0,1.725,1.55,1.0,0.8348,0.1041,0.0046,-0.0849,0.0841,0.0145,2026-08-28,137.205,138.64,133.35,137.93,569884.0,136.637447
2026-08-28T20:32:48.448,45,42,MRNA261009C00210000,MRNA,2026-10-09,call,210.0,0.21,43.0,2.65,8.0,1.43,1.79,1.0,0.833,0.0889,0.0041,-0.0754,0.075,0.0124,2026-08-28,137.205,138.64,133.35,137.93,569884.0,136.637447
2026-08-28T20:32:48.448,45,42,MRNA261009C00215000,MRNA,2026-10-09,call,215.0,0.08,43.0,2.96,75.0,1.52,1.2,1.0,0.8788,0.09,0.004,-0.0802,0.0756,0.0125,2026-08-28,137.205,138.64,133.35,137.93,569884.0,136.637447
2026-08-28T20:32:48.448,45,42,MRNA261009C00220000,MRNA,2026-10-09,call,220.0,0.65,32.0,1.86,64.0,1.2550000000000001,1.25,2.0,0.874,0.0767,0.0035,-0.0707,0.0671,0.0107,2026-08-28,137.205,138.64,133.35,137.93,569884.0,136.637447
2026-08-28T20:32:48.448,45,42,MRNA261009P00075000,MRNA,2026-10-09,put,75.0,0.0,0.0,0.94,6.0,0.47,,,,,,,,,2026-08-28,137.205,138.64,133.35,137.93,569884.0,136.637447
2026-08-28T20:32:48.448,45,42,MRNA261009P00080000,MRNA,2026-10-09,put,80.0,0.0,0.0,1.33,7.0,0.665,,,,,,,,,2026-08-28,137.205,138.64,133.35,137.93,569884.0,136.637447
2026-08-28T20:32:48.448,45,42,MRNA261009P00085000,MRNA,2026-10-09,put,85.0,0.11,6.0,2.11,8.0,1.1099999999999999,0.7,1.0,0.9718,-0.0513,0.0023,-0.0559,0.049,-0.0094,2026-08-28,137.205,138.64,133.35,137.93,569884.0,136.637447
2026-08-28T20:32:48.448,45,42,MRNA261009P00090000,MRNA,2026-10-09,put,90.0,0.0,0.0,1.7,6.0,0.85,,,,,,,,,2026-08-28,137.205,138.64,133.35,137.93,569884.0,136.637447
2026-08-28T20:32:48.448,45,42,MRNA261009P00095000,MRNA,2026-10-09,put,95.0,0.0,0.0,2.06,6.0,1.03,,,,,,,,,2026-08-28,137.205,138.64,133.35,137.93,569884.0,136.637447
2026-08-28T20:32:48.448,45,42,MRNA261009P00100000,MRNA,2026-10-09,put,100.0,0.41,14.0,1.98,6.0,1.195,1.44,1.0,0.7114,-0.0732,0.0042,-0.0537,0.0647,-0.0129,2026-08-28,137.205,138.64,133.35,137.93,569884.0,136.637447
2026-08-28T20:32:48.448,45,42,MRNA261009P00105000,MRNA,2026-10-09,put,105.0,0.43,6.0,2.75,6.0,1.59,2.81,1.0,0.6783,-0.0969,0.0054,-0.063,0.0799,-0.0171,2026-08-28,137.205,138.64,133.35,137.93,569884.0,136.637447
2026-08-28T20:32:48.448,45,42,MRNA261009P00110000,MRNA,2026-10-09,put,110.0,1.06,6.0,3.88,9.0,2.4699999999999998,,,0.683,-0.1376,0.0069,-0.0812,0.1024,-0.0246,2026-08-28,137.205,138.64,133.35,137.93,569884.0,136.637447
2026-08-28T20:32:48.448,45,42,MRNA261009P00115000,MRNA,2026-10-09,put,115.0,2.05,38.0,6.01,59.0,4.029999999999999,4.55,2.0,0.7187,-0.1931,0.0082,-0.1061,0.1277,-0.0351,2026-08-28,137.205,138.64,133.35,137.93,569884.0,136.637447
2026-08-28T20:32:48.448,45,42,MRNA261009P00120000,MRNA,2026-10-09,put,120.0,4.52,14.0,7.22,60.0,5.869999999999999,6.17,1.0,0.7434,-0.2491,0.0092,-0.1267,0.1477,-0.0461,2026-08-28,137.205,138.64,133.35,137.93,569884.0,136.637447
2026-08-28T20:32:48.448,45,42,MRNA261009P00125000,MRNA,2026-10-09,put,125.0,6.28,7.0,9.04,110.0,7.66,7.5,2.0,0.7415,-0.3029,0.0101,-0.1386,0.1627,-0.0567,2026-08-28,137.205,138.64,133.35,137.93,569884.0,136.637447
2026-08-28T20:32:48.448,45,42,MRNA261009P00130000,MRNA,2026-10-09,put,130.0,7.46,9.0,11.2,14.0,9.33,10.1,1.0,0.7155,-0.3579,0.0112,-0.1422,0.1739,-0.0673,2026-08-28,137.205,138.64,133.35,137.93,569884.0,136.637447
2026-08-28T20:32:48.448,45,42,MRNA261009P00133000,MRNA,2026-10-09,put,133.0,8.59,33.0,12.62,49.0,10.605,10.48,1.0,0.7083,-0.3934,0.0117,-0.1445,0.1791,-0.0744,2026-08-28,137.205,138.64,133.35,137.93,569884.0,136.637447
2026-08-28T20:32:48.448,45,42,MRNA261009P00134000,MRNA,2026-10-09,put,134.0,8.95,56.0,12.83,51.0,10.89,11.7,1.0,0.6968,-0.4054,0.0119,-0.1431,0.1806,-0.0766,2026-08-28,137.205,138.64,133.35,137.93,569884.0,136.637447
2026-08-28T20:32:48.448,45,42,MRNA261009P00135000,MRNA,2026-10-09,put,135.0,10.79,7.0,12.3,18.0,11.545,11.82,1.0,0.7051,-0.4175,0.0119,-0.1457,0.1818,-0.0793,2026-08-28,137.205,138.64,133.35,137.93,569884.0,136.637447
2026-08-28T20:32:48.448,45,42,MRNA261009P00136000,MRNA,2026-10-09,put,136.0,10.14,33.0,13.82,42.0,11.98,11.55,2.0,0.7007,-0.4298,0.012,-0.1454,0.1829,-0.0817,2026-08-28,137.205,138.64,133.35,137.93,569884.0,136.637447
2026-08-28T20:32:48.448,45,42,MRNA261009P00137000,MRNA,2026-10-09,put,137.0,10.98,33.0,14.56,36.0,12.77,12.21,2.0,0.7149,-0.4412,0.0118,-0.149,0.1838,-0.0844,2026-08-28,137.205,138.64,133.35,137.93,569884.0,136.637447
2026-08-28T20:32:48.448,45,42,MRNA261009P00138000,MRNA,2026-10-09,put,138.0,11.27,12.0,14.78,6.0,13.024999999999999,,,0.6994,-0.4541,0.0122,-0.1461,0.1846,-0.0867,2026-08-28,137.205,138.64,133.35,137.93,569884.0,136.637447
2026-08-28T20:32:48.448,45,42,MRNA261009P00139000,MRNA,2026-10-09,put,139.0,11.94,14.0,15.57,13.0,13.754999999999999,13.92,1.0,0.709,-0.4653,0.012,-0.1484,0.1851,-0.0894,2026-08-28,137.205,138.64,133.35,137.93,569884.0,136.637447
2026-08-28T20:32:48.448,45,42,MRNA261009P00140000,MRNA,2026-10-09,put,140.0,12.54,12.0,15.98,8.0,14.26,14.75,1.0,0.7058,-0.4775,0.0121,-0.1478,0.1855,-0.0919,2026-08-28,137.205,138.64,133.35,137.93,569884.0,136.637447
2026-08-28T20:32:48.448,45,42,MRNA261009P00141000,MRNA,2026-10-09,put,141.0,12.68,14.0,16.78,6.0,14.73,13.3,1.0,0.7001,-0.4901,0.0122,-0.1466,0.1858,-0.0944,2026-08-28,137.205,138.64,133.35,137.93,569884.0,136.637447
2026-08-28T20:32:48.448,45,42,MRNA261009P00142000,MRNA,2026-10-09,put,142.0,13.35,6.0,17.33,15.0,15.34,,,0.7013,-0.5018,0.0122,-0.1467,0.1858,-0.0969,2026-08-28,137.205,138.64,133.35,137.93,569884.0,136.637447
2026-08-28T20:32:48.448,45,42,MRNA261009P00143000,MRNA,2026-10-09,put,143.0,14.16,14.0,17.93,7.0,16.045,15.0,1.0,0.707,-0.5127,0.0121,-0.1476,0.1857,-0.0995,2026-08-28,137.205,138.64,133.35,137.93,569884.0,136.637447
2026-08-28T20:32:48.448,45,42,MRNA261009P00144000,MRNA,2026-10-09,put,144.0,14.65,16.0,18.22,8.0,16.435,,,0.6952,-0.5263,0.0123,-0.1445,0.1854,-0.1021,2026-08-28,137.205,138.64,133.35,137.93,569884.0,136.637447
2026-08-28T20:32:48.448,45,42,MRNA261009P00145000,MRNA,2026-10-09,put,145.0,15.25,13.0,19.34,6.0,17.295,,,0.7081,-0.5355,0.012,-0.1469,0.1851,-0.1045,2026-08-28,137.205,138.64,133.35,137.93,569884.0,136.637447
2026-08-28T20:32:48.448,45,42,MRNA261009P00146000,MRNA,2026-10-09,put,146.0,16.37,6.0,19.55,6.0,17.96,,,0.7099,-0.5465,0.012,-0.1466,0.1846,-0.107,2026-08-28,137.205,138.64,133.35,137.93,569884.0,136.637447
2026-08-28T20:32:48.448,45,42,MRNA261009P00147000,MRNA,2026-10-09,put,147.0,16.41,7.0,20.22,8.0,18.314999999999998,,,0.6942,-0.5611,0.0122,-0.1422,0.1836,-0.1097,2026-08-28,137.205,138.64,133.35,137.93,569884.0,136.637447
2026-08-28T20:32:48.448,45,42,MRNA261009P00148000,MRNA,2026-10-09,put,148.0,17.71,6.0,20.75,6.0,19.23,,,0.7085,-0.5691,0.0119,-0.1446,0.183,-0.1121,2026-08-28,137.205,138.64,133.35,137.93,569884.0,136.637447
2026-08-28T20:32:48.448,45,42,MRNA261009P00149000,MRNA,2026-10-09,put,149.0,18.18,14.0,21.55,7.0,19.865000000000002,,,0.707,-0.5805,0.0119,-0.1432,0.182,-0.1146,2026-08-28,137.205,138.64,133.35,137.93,569884.0,136.637447
2026-08-28T20:32:48.448,45,42,MRNA261009P00150000,MRNA,2026-10-09,put,150.0,19.19,7.0,22.23,12.0,20.71,,,0.7165,-0.5889,0.0117,-0.1443,0.1812,-0.1169,2026-08-28,137.205,138.64,133.35,137.93,569884.0,136.637447
2026-08-28T20:32:48.448,45,42,MRNA261009P00152500,MRNA,2026-10-09,put,152.5,20.32,11.0,23.92,6.0,22.12,24.83,1.0,0.6988,-0.6203,0.0117,-0.1367,0.1773,-0.1235,2026-08-28,137.205,138.64,133.35,137.93,569884.0,136.637447
2026-08-28T20:32:48.448,45,42,MRNA261009P00155000,MRNA,2026-10-09,put,155.0,22.43,11.0,26.08,6.0,24.255,26.88,1.0,0.7188,-0.6397,0.0112,-0.1379,0.1743,-0.129,2026-08-28,137.205,138.64,133.35,137.93,569884.0,136.637447
2026-08-28T20:32:48.448,45,42,MRNA261009P00157500,MRNA,2026-10-09,put,157.5,23.83,10.0,27.46,6.0,25.645,,,0.6925,-0.6731,0.0112,-0.1266,0.168,-0.1359,2026-08-28,137.205,138.64,133.35,137.93,569884.0,136.637447
2026-08-28T20:32:48.448,45,42,MRNA261009P00160000,MRNA,2026-10-09,put,160.0,27.14,6.0,29.92,6.0,28.53,,,0.7521,-0.6755,0.0103,-0.1378,0.1675,-0.1396,2026-08-28,137.205,138.64,133.35,137.93,569884.0,136.637447
2026-08-28T20:32:48.448,45,42,MRNA261009P00162500,MRNA,2026-10-09,put,162.5,27.53,7.0,31.59,7.0,29.560000000000002,,,0.6966,-0.7179,0.0104,-0.1176,0.1573,-0.1474,2026-08-28,137.205,138.64,133.35,137.93,569884.0,136.637447
2026-08-28T20:32:48.448,45,42,MRNA261009P00165000,MRNA,2026-10-09,put,165.0,29.74,11.0,33.83,7.0,31.784999999999997,,,0.7118,-0.7332,0.0099,-0.1164,0.1531,-0.1524,2026-08-28,137.205,138.64,133.35,137.93,569884.0,136.637447
2026-08-28T20:32:48.448,45,42,MRNA261009P00167500,MRNA,2026-10-09,put,167.5,32.409,9.0,35.37,7.0,33.8895,,,0.717,-0.7512,0.0095,-0.1122,0.1476,-0.1577,2026-08-28,137.205,138.64,133.35,137.93,569884.0,136.637447
2026-08-28T20:32:48.448,45,42,MRNA261009P00170000,MRNA,2026-10-09,put,170.0,33.53,7.0,37.34,7.0,35.435,,,0.6795,-0.7861,0.0092,-0.0953,0.1357,-0.165,2026-08-28,137.205,138.64,133.35,137.93,569884.0,136.637447
2026-08-28T20:32:48.448,45,42,MRNA261009P00175000,MRNA,2026-10-09,put,175.0,39.3,7.0,41.69,7.0,40.495,,,0.7402,-0.7949,0.0082,-0.1016,0.1324,-0.1722,2026-08-28,137.205,138.64,133.35,137.93,569884.0,136.637447
2026-08-28T20:32:48.448,45,42,MRNA261009P00180000,MRNA,2026-10-09,put,180.0,42.53,7.0,45.81,7.0,44.17,,,0.6825,-0.8497,0.0073,-0.0721,0.1087,-0.1851,2026-08-28,137.205,138.64,133.35,137.93,569884.0,136.637447
2026-08-28T20:32:48.448,45,42,MRNA261009P00185000,MRNA,2026-10-09,put,185.0,48.53,7.0,50.35,7.0,49.44,,,0.7553,-0.8459,0.0067,-0.0827,0.1106,-0.1905,2026-08-28,137.205,138.64,133.35,137.93,569884.0,136.637447
2026-08-28T20:32:48.448,45,42,MRNA261009P00190000,MRNA,2026-10-09,put,190.0,51.67,7.0,56.46,7.0,54.065,,,0.7658,-0.8652,0.0061,-0.0747,0.101,-0.1989,2026-08-28,137.205,138.64,133.35,137.93,569884.0,136.637447
2026-08-28T20:32:48.448,45,42,MRNA261009P00195000,MRNA,2026-10-09,put,195.0,57.74,7.0,60.52,6.0,59.13,,,0.8161,-0.8672,0.0056,-0.0792,0.1,-0.2051,2026-08-28,137.205,138.64,133.35,137.93,569884.0,136.637447
2026-08-28T20:32:48.448,45,42,MRNA261009P00200000,MRNA,2026-10-09,put,200.0,60.94,7.0,65.44,7.0,63.19,,,0.751,-0.9086,0.0047,-0.0495,0.0765,-0.2163,2026-08-28,137.205,138.64,133.35,137.93,569884.0,136.637447
2026-08-28T20:32:48.448,45,42,MRNA261009P00205000,MRNA,2026-10-09,put,205.0,67.5,7.0,71.22,7.0,69.36,,,0.9226,-0.8666,0.005,-0.0912,0.1003,-0.2167,2026-08-28,137.205,138.64,133.35,137.93,569884.0,136.637447
2026-08-28T20:32:48.448,45,42,MRNA261009P00210000,MRNA,2026-10-09,put,210.0,70.12,7.0,73.84,7.0,71.98,,,0.5729,-0.9807,0.0018,0.0059,0.0219,-0.2378,2026-08-28,137.205,138.64,133.35,137.93,569884.0,136.637447
2026-08-28T20:32:48.448,45,42,MRNA261009P00215000,MRNA,2026-10-09,put,215.0,75.29,7.0,78.53,7.0,76.91,,,0.5738,-0.9855,0.0014,0.0097,0.0171,-0.2442,2026-08-28,137.205,138.64,133.35,137.93,569884.0,136.637447
2026-08-28T20:32:48.448,45,42,MRNA261009P00220000,MRNA,2026-10-09,put,220.0,79.05,7.0,85.98,7.0,82.515,,,0.7891,-0.9465,0.003,-0.0262,0.0507,-0.2445,2026-08-28,137.205,138.64,133.35,137.93,569884.0,136.637447
