capture_ts,target_dte,actual_dte,symbol,underlying,expiration,type,strike,bid,bid_size,ask,ask_size,mid,last_price,last_size,implied_vol,delta,gamma,theta,vega,rho,und_session_date,und_open,und_high,und_low,und_close,und_volume,und_vwap
2026-06-29T20:31:25.125,2,3,MU260702C00005000,MU,2026-07-02,call,5.0,1146.94,1.0,1164.8,1.0,1155.87,1143.6,1.0,,,,,,,2026-06-29,1127.42,1146.99,1024.78,1145.0,1.16964e6,1090.767714
2026-06-29T20:31:25.125,2,3,MU260702C00010000,MU,2026-07-02,call,10.0,1122.01,1.0,1132.91,1.0,1127.46,,,,,,,,,2026-06-29,1127.42,1146.99,1024.78,1145.0,1.16964e6,1090.767714
2026-06-29T20:31:25.125,2,3,MU260702C00015000,MU,2026-07-02,call,15.0,1119.45,1.0,1135.2,1.0,1127.325,,,,,,,,,2026-06-29,1127.42,1146.99,1024.78,1145.0,1.16964e6,1090.767714
2026-06-29T20:31:25.125,2,3,MU260702C00020000,MU,2026-07-02,call,20.0,1107.49,1.0,1152.36,2.0,1129.925,,,,,,,,,2026-06-29,1127.42,1146.99,1024.78,1145.0,1.16964e6,1090.767714
2026-06-29T20:31:25.125,2,3,MU260702C00025000,MU,2026-07-02,call,25.0,1110.45,1.0,1125.7,1.0,1118.075,,,,,,,,,2026-06-29,1127.42,1146.99,1024.78,1145.0,1.16964e6,1090.767714
2026-06-29T20:31:25.125,2,3,MU260702C00030000,MU,2026-07-02,call,30.0,1120.38,1.0,1145.52,1.0,1132.95,,,,,,,,,2026-06-29,1127.42,1146.99,1024.78,1145.0,1.16964e6,1090.767714
2026-06-29T20:31:25.125,2,3,MU260702C00035000,MU,2026-07-02,call,35.0,1098.12,1.0,1115.64,1.0,1106.88,1153.99,3.0,,,,,,,2026-06-29,1127.42,1146.99,1024.78,1145.0,1.16964e6,1090.767714
2026-06-29T20:31:25.125,2,3,MU260702C00040000,MU,2026-07-02,call,40.0,1088.56,1.0,1136.12,1.0,1112.34,1148.9,1.0,,,,,,,2026-06-29,1127.42,1146.99,1024.78,1145.0,1.16964e6,1090.767714
2026-06-29T20:31:25.125,2,3,MU260702C00045000,MU,2026-07-02,call,45.0,1088.23,1.0,1122.19,1.0,1105.21,1138.44,3.0,,,,,,,2026-06-29,1127.42,1146.99,1024.78,1145.0,1.16964e6,1090.767714
2026-06-29T20:31:25.125,2,3,MU260702C00050000,MU,2026-07-02,call,50.0,1106.74,1.0,1120.19,1.0,1113.4650000000001,1105.72,1.0,,,,,,,2026-06-29,1127.42,1146.99,1024.78,1145.0,1.16964e6,1090.767714
2026-06-29T20:31:25.125,2,3,MU260702C00055000,MU,2026-07-02,call,55.0,1068.62,1.0,1089.75,1.0,1079.185,1094.07,1.0,,,,,,,2026-06-29,1127.42,1146.99,1024.78,1145.0,1.16964e6,1090.767714
2026-06-29T20:31:25.125,2,3,MU260702C00060000,MU,2026-07-02,call,60.0,1069.37,1.0,1086.5,1.0,1077.935,1128.59,1.0,,,,,,,2026-06-29,1127.42,1146.99,1024.78,1145.0,1.16964e6,1090.767714
2026-06-29T20:31:25.125,2,3,MU260702C00065000,MU,2026-07-02,call,65.0,1059.3,1.0,1078.39,1.0,1068.845,1103.53,1.0,,,,,,,2026-06-29,1127.42,1146.99,1024.78,1145.0,1.16964e6,1090.767714
2026-06-29T20:31:25.125,2,3,MU260702C00070000,MU,2026-07-02,call,70.0,1054.51,1.0,1075.35,1.0,1064.9299999999998,971.05,1.0,,,,,,,2026-06-29,1127.42,1146.99,1024.78,1145.0,1.16964e6,1090.767714
2026-06-29T20:31:25.125,2,3,MU260702C00075000,MU,2026-07-02,call,75.0,1077.45,1.0,1079.88,4.0,1078.665,1086.32,1.0,,,,,,,2026-06-29,1127.42,1146.99,1024.78,1145.0,1.16964e6,1090.767714
2026-06-29T20:31:25.125,2,3,MU260702C00080000,MU,2026-07-02,call,80.0,1061.75,1.0,1075.25,1.0,1068.5,1119.8,1.0,,,,,,,2026-06-29,1127.42,1146.99,1024.78,1145.0,1.16964e6,1090.767714
2026-06-29T20:31:25.125,2,3,MU260702C00085000,MU,2026-07-02,call,85.0,1058.71,1.0,1088.83,1.0,1073.77,1045.23,1.0,,,,,,,2026-06-29,1127.42,1146.99,1024.78,1145.0,1.16964e6,1090.767714
2026-06-29T20:31:25.125,2,3,MU260702C00090000,MU,2026-07-02,call,90.0,1042.97,1.0,1055.79,1.0,1049.38,959.09,3.0,,,,,,,2026-06-29,1127.42,1146.99,1024.78,1145.0,1.16964e6,1090.767714
2026-06-29T20:31:25.125,2,3,MU260702C00095000,MU,2026-07-02,call,95.0,1059.33,1.0,1075.58,1.0,1067.455,1059.33,1.0,,,,,,,2026-06-29,1127.42,1146.99,1024.78,1145.0,1.16964e6,1090.767714
2026-06-29T20:31:25.125,2,3,MU260702C00100000,MU,2026-07-02,call,100.0,1020.44,1.0,1061.83,1.0,1041.135,1027.14,1.0,,,,,,,2026-06-29,1127.42,1146.99,1024.78,1145.0,1.16964e6,1090.767714
2026-06-29T20:31:25.125,2,3,MU260702C00105000,MU,2026-07-02,call,105.0,1039.5,1.0,1055.0,4.0,1047.25,933.08,1.0,,,,,,,2026-06-29,1127.42,1146.99,1024.78,1145.0,1.16964e6,1090.767714
2026-06-29T20:31:25.125,2,3,MU260702C00110000,MU,2026-07-02,call,110.0,1025.64,1.0,1054.41,1.0,1040.025,883.83,1.0,,,,,,,2026-06-29,1127.42,1146.99,1024.78,1145.0,1.16964e6,1090.767714
2026-06-29T20:31:25.125,2,3,MU260702C00115000,MU,2026-07-02,call,115.0,1029.19,1.0,1043.24,1.0,1036.2150000000001,,,,,,,,,2026-06-29,1127.42,1146.99,1024.78,1145.0,1.16964e6,1090.767714
2026-06-29T20:31:25.125,2,3,MU260702C00120000,MU,2026-07-02,call,120.0,1016.07,1.0,1021.25,1.0,1018.6600000000001,,,,,,,,,2026-06-29,1127.42,1146.99,1024.78,1145.0,1.16964e6,1090.767714
2026-06-29T20:31:25.125,2,3,MU260702C00125000,MU,2026-07-02,call,125.0,1007.3,1.0,1044.849,1.0,1026.0745,,,,,,,,,2026-06-29,1127.42,1146.99,1024.78,1145.0,1.16964e6,1090.767714
2026-06-29T20:31:25.125,2,3,MU260702C00130000,MU,2026-07-02,call,130.0,1009.88,1.0,1036.45,1.0,1023.165,,,,,,,,,2026-06-29,1127.42,1146.99,1024.78,1145.0,1.16964e6,1090.767714
2026-06-29T20:31:25.125,2,3,MU260702C00135000,MU,2026-07-02,call,135.0,987.56,1.0,1009.58,2.0,998.5699999999999,952.71,1.0,,,,,,,2026-06-29,1127.42,1146.99,1024.78,1145.0,1.16964e6,1090.767714
2026-06-29T20:31:25.125,2,3,MU260702C00140000,MU,2026-07-02,call,140.0,1001.87,1.0,1025.839,1.0,1013.8544999999999,,,,,,,,,2026-06-29,1127.42,1146.99,1024.78,1145.0,1.16964e6,1090.767714
2026-06-29T20:31:25.125,2,3,MU260702C00145000,MU,2026-07-02,call,145.0,980.02,1.0,1009.02,3.0,994.52,,,,,,,,,2026-06-29,1127.42,1146.99,1024.78,1145.0,1.16964e6,1090.767714
2026-06-29T20:31:25.125,2,3,MU260702C00150000,MU,2026-07-02,call,150.0,1004.95,1.0,1017.7,1.0,1011.325,1004.95,1.0,,,,,,,2026-06-29,1127.42,1146.99,1024.78,1145.0,1.16964e6,1090.767714
2026-06-29T20:31:25.125,2,3,MU260702C00155000,MU,2026-07-02,call,155.0,999.5,1.0,1009.62,1.0,1004.56,1048.329,1.0,,,,,,,2026-06-29,1127.42,1146.99,1024.78,1145.0,1.16964e6,1090.767714
2026-06-29T20:31:25.125,2,3,MU260702C00160000,MU,2026-07-02,call,160.0,979.48,1.0,994.93,1.0,987.2049999999999,979.48,1.0,,,,,,,2026-06-29,1127.42,1146.99,1024.78,1145.0,1.16964e6,1090.767714
2026-06-29T20:31:25.125,2,3,MU260702C00165000,MU,2026-07-02,call,165.0,959.09,1.0,1008.91,4.0,984.0,,,,,,,,,2026-06-29,1127.42,1146.99,1024.78,1145.0,1.16964e6,1090.767714
2026-06-29T20:31:25.125,2,3,MU260702C00170000,MU,2026-07-02,call,170.0,971.82,1.0,982.52,1.0,977.1700000000001,,,,,,,,,2026-06-29,1127.42,1146.99,1024.78,1145.0,1.16964e6,1090.767714
2026-06-29T20:31:25.125,2,3,MU260702C00175000,MU,2026-07-02,call,175.0,979.92,1.0,995.67,1.0,987.795,1000.74,1.0,,,,,,,2026-06-29,1127.42,1146.99,1024.78,1145.0,1.16964e6,1090.767714
2026-06-29T20:31:25.125,2,3,MU260702C00180000,MU,2026-07-02,call,180.0,945.59,1.0,966.34,1.0,955.965,,,,,,,,,2026-06-29,1127.42,1146.99,1024.78,1145.0,1.16964e6,1090.767714
2026-06-29T20:31:25.125,2,3,MU260702C00185000,MU,2026-07-02,call,185.0,947.16,1.0,976.78,1.0,961.97,,,,,,,,,2026-06-29,1127.42,1146.99,1024.78,1145.0,1.16964e6,1090.767714
2026-06-29T20:31:25.125,2,3,MU260702C00190000,MU,2026-07-02,call,190.0,961.92,1.0,982.23,1.0,972.075,988.75,1.0,,,,,,,2026-06-29,1127.42,1146.99,1024.78,1145.0,1.16964e6,1090.767714
2026-06-29T20:31:25.125,2,3,MU260702C00195000,MU,2026-07-02,call,195.0,959.13,1.0,975.33,4.0,967.23,,,,,,,,,2026-06-29,1127.42,1146.99,1024.78,1145.0,1.16964e6,1090.767714
2026-06-29T20:31:25.125,2,3,MU260702C00200000,MU,2026-07-02,call,200.0,951.39,1.0,969.81,1.0,960.5999999999999,965.8,10.0,,,,,,,2026-06-29,1127.42,1146.99,1024.78,1145.0,1.16964e6,1090.767714
2026-06-29T20:31:25.125,2,3,MU260702C00205000,MU,2026-07-02,call,205.0,943.22,1.0,950.75,1.0,946.985,,,,,,,,,2026-06-29,1127.42,1146.99,1024.78,1145.0,1.16964e6,1090.767714
2026-06-29T20:31:25.125,2,3,MU260702C00210000,MU,2026-07-02,call,210.0,915.49,1.0,950.86,1.0,933.175,,,,,,,,,2026-06-29,1127.42,1146.99,1024.78,1145.0,1.16964e6,1090.767714
2026-06-29T20:31:25.125,2,3,MU260702C00215000,MU,2026-07-02,call,215.0,931.46,1.0,946.96,1.0,939.21,,,,,,,,,2026-06-29,1127.42,1146.99,1024.78,1145.0,1.16964e6,1090.767714
2026-06-29T20:31:25.125,2,3,MU260702C00220000,MU,2026-07-02,call,220.0,920.93,1.0,925.67,1.0,923.3,,,,,,,,,2026-06-29,1127.42,1146.99,1024.78,1145.0,1.16964e6,1090.767714
2026-06-29T20:31:25.125,2,3,MU260702C00225000,MU,2026-07-02,call,225.0,917.71,1.0,930.11,2.0,923.9100000000001,,,,,,,,,2026-06-29,1127.42,1146.99,1024.78,1145.0,1.16964e6,1090.767714
2026-06-29T20:31:25.125,2,3,MU260702C00230000,MU,2026-07-02,call,230.0,903.65,1.0,915.09,1.0,909.37,,,,,,,,,2026-06-29,1127.42,1146.99,1024.78,1145.0,1.16964e6,1090.767714
2026-06-29T20:31:25.125,2,3,MU260702C00235000,MU,2026-07-02,call,235.0,903.8,1.0,934.23,4.0,919.015,,,,,,,,,2026-06-29,1127.42,1146.99,1024.78,1145.0,1.16964e6,1090.767714
2026-06-29T20:31:25.125,2,3,MU260702C00240000,MU,2026-07-02,call,240.0,913.4,1.0,920.5,1.0,916.95,835.8,1.0,,,,,,,2026-06-29,1127.42,1146.99,1024.78,1145.0,1.16964e6,1090.767714
2026-06-29T20:31:25.125,2,3,MU260702C00245000,MU,2026-07-02,call,245.0,905.38,1.0,918.68,1.0,912.03,,,,,,,,,2026-06-29,1127.42,1146.99,1024.78,1145.0,1.16964e6,1090.767714
2026-06-29T20:31:25.125,2,3,MU260702C00250000,MU,2026-07-02,call,250.0,905.83,1.0,915.91,1.0,910.87,,,,,,,,,2026-06-29,1127.42,1146.99,1024.78,1145.0,1.16964e6,1090.767714
2026-06-29T20:31:25.125,2,3,MU260702C00255000,MU,2026-07-02,call,255.0,868.63,1.0,906.13,1.0,887.38,855.76,1.0,,,,,,,2026-06-29,1127.42,1146.99,1024.78,1145.0,1.16964e6,1090.767714
2026-06-29T20:31:25.125,2,3,MU260702C00260000,MU,2026-07-02,call,260.0,870.9,1.0,886.72,1.0,878.81,,,,,,,,,2026-06-29,1127.42,1146.99,1024.78,1145.0,1.16964e6,1090.767714
2026-06-29T20:31:25.125,2,3,MU260702C00265000,MU,2026-07-02,call,265.0,866.32,1.0,888.05,1.0,877.185,,,,,,,,,2026-06-29,1127.42,1146.99,1024.78,1145.0,1.16964e6,1090.767714
2026-06-29T20:31:25.125,2,3,MU260702C00270000,MU,2026-07-02,call,270.0,883.29,1.0,895.44,1.0,889.365,,,,,,,,,2026-06-29,1127.42,1146.99,1024.78,1145.0,1.16964e6,1090.767714
2026-06-29T20:31:25.125,2,3,MU260702C00275000,MU,2026-07-02,call,275.0,864.47,1.0,865.66,1.0,865.065,803.79,3.0,,,,,,,2026-06-29,1127.42,1146.99,1024.78,1145.0,1.16964e6,1090.767714
2026-06-29T20:31:25.125,2,3,MU260702C00280000,MU,2026-07-02,call,280.0,846.64,1.0,890.55,1.0,868.595,,,,,,,,,2026-06-29,1127.42,1146.99,1024.78,1145.0,1.16964e6,1090.767714
2026-06-29T20:31:25.125,2,3,MU260702C00285000,MU,2026-07-02,call,285.0,840.22,1.0,875.16,4.0,857.69,,,,,,,,,2026-06-29,1127.42,1146.99,1024.78,1145.0,1.16964e6,1090.767714
2026-06-29T20:31:25.125,2,3,MU260702C00290000,MU,2026-07-02,call,290.0,847.66,1.0,879.88,1.0,863.77,740.09,1.0,,,,,,,2026-06-29,1127.42,1146.99,1024.78,1145.0,1.16964e6,1090.767714
2026-06-29T20:31:25.125,2,3,MU260702C00295000,MU,2026-07-02,call,295.0,857.99,1.0,873.84,6.0,865.915,,,,,,,,,2026-06-29,1127.42,1146.99,1024.78,1145.0,1.16964e6,1090.767714
2026-06-29T20:31:25.125,2,3,MU260702C00300000,MU,2026-07-02,call,300.0,852.42,1.0,867.87,1.0,860.145,,,,,,,,,2026-06-29,1127.42,1146.99,1024.78,1145.0,1.16964e6,1090.767714
2026-06-29T20:31:25.125,2,3,MU260702C00305000,MU,2026-07-02,call,305.0,836.43,1.0,854.38,1.0,845.405,,,,,,,,,2026-06-29,1127.42,1146.99,1024.78,1145.0,1.16964e6,1090.767714
2026-06-29T20:31:25.125,2,3,MU260702C00310000,MU,2026-07-02,call,310.0,814.25,1.0,840.92,1.0,827.585,852.54,1.0,,,,,,,2026-06-29,1127.42,1146.99,1024.78,1145.0,1.16964e6,1090.767714
2026-06-29T20:31:25.125,2,3,MU260702C00315000,MU,2026-07-02,call,315.0,812.55,1.0,848.99,1.0,830.77,727.28,1.0,,,,,,,2026-06-29,1127.42,1146.99,1024.78,1145.0,1.16964e6,1090.767714
2026-06-29T20:31:25.125,2,3,MU260702C00320000,MU,2026-07-02,call,320.0,812.15,1.0,828.5,1.0,820.325,836.44,1.0,,,,,,,2026-06-29,1127.42,1146.99,1024.78,1145.0,1.16964e6,1090.767714
2026-06-29T20:31:25.125,2,3,MU260702C00325000,MU,2026-07-02,call,325.0,799.65,1.0,837.76,1.0,818.7049999999999,731.07,1.0,,,,,,,2026-06-29,1127.42,1146.99,1024.78,1145.0,1.16964e6,1090.767714
2026-06-29T20:31:25.125,2,3,MU260702C00330000,MU,2026-07-02,call,330.0,811.22,1.0,839.47,1.0,825.345,716.27,1.0,,,,,,,2026-06-29,1127.42,1146.99,1024.78,1145.0,1.16964e6,1090.767714
2026-06-29T20:31:25.125,2,3,MU260702C00335000,MU,2026-07-02,call,335.0,794.79,1.0,817.05,3.0,805.92,825.99,1.0,,,,,,,2026-06-29,1127.42,1146.99,1024.78,1145.0,1.16964e6,1090.767714
2026-06-29T20:31:25.125,2,3,MU260702C00340000,MU,2026-07-02,call,340.0,800.97,1.0,821.44,1.0,811.205,895.4,1.0,,,,,,,2026-06-29,1127.42,1146.99,1024.78,1145.0,1.16964e6,1090.767714
2026-06-29T20:31:25.125,2,3,MU260702C00345000,MU,2026-07-02,call,345.0,797.29,1.0,805.72,1.0,801.505,729.29,1.0,,,,,,,2026-06-29,1127.42,1146.99,1024.78,1145.0,1.16964e6,1090.767714
2026-06-29T20:31:25.125,2,3,MU260702C00350000,MU,2026-07-02,call,350.0,783.84,1.0,804.85,1.0,794.345,726.75,1.0,,,,,,,2026-06-29,1127.42,1146.99,1024.78,1145.0,1.16964e6,1090.767714
2026-06-29T20:31:25.125,2,3,MU260702C00355000,MU,2026-07-02,call,355.0,786.04,1.0,796.39,1.0,791.2149999999999,855.73,1.0,,,,,,,2026-06-29,1127.42,1146.99,1024.78,1145.0,1.16964e6,1090.767714
2026-06-29T20:31:25.125,2,3,MU260702C00360000,MU,2026-07-02,call,360.0,778.56,1.0,785.35,1.0,781.9549999999999,868.57,1.0,,,,,,,2026-06-29,1127.42,1146.99,1024.78,1145.0,1.16964e6,1090.767714
2026-06-29T20:31:25.125,2,3,MU260702C00365000,MU,2026-07-02,call,365.0,766.52,1.0,797.05,1.0,781.785,823.41,1.0,,,,,,,2026-06-29,1127.42,1146.99,1024.78,1145.0,1.16964e6,1090.767714
2026-06-29T20:31:25.125,2,3,MU260702C00370000,MU,2026-07-02,call,370.0,755.79,1.0,796.44,1.0,776.115,790.9,1.0,,,,,,,2026-06-29,1127.42,1146.99,1024.78,1145.0,1.16964e6,1090.767714
2026-06-29T20:31:25.125,2,3,MU260702C00375000,MU,2026-07-02,call,375.0,765.01,1.0,782.74,1.0,773.875,724.5,1.0,,,,,,,2026-06-29,1127.42,1146.99,1024.78,1145.0,1.16964e6,1090.767714
2026-06-29T20:31:25.125,2,3,MU260702C00380000,MU,2026-07-02,call,380.0,755.92,1.0,768.42,1.0,762.17,725.68,1.0,,,,,,,2026-06-29,1127.42,1146.99,1024.78,1145.0,1.16964e6,1090.767714
2026-06-29T20:31:25.125,2,3,MU260702C00385000,MU,2026-07-02,call,385.0,764.05,1.0,779.8,1.0,771.925,711.24,1.0,,,,,,,2026-06-29,1127.42,1146.99,1024.78,1145.0,1.16964e6,1090.767714
2026-06-29T20:31:25.125,2,3,MU260702C00390000,MU,2026-07-02,call,390.0,738.67,1.0,768.12,1.0,753.395,765.53,1.0,,,,,,,2026-06-29,1127.42,1146.99,1024.78,1145.0,1.16964e6,1090.767714
2026-06-29T20:31:25.125,2,3,MU260702C00395000,MU,2026-07-02,call,395.0,744.62,1.0,763.21,5.0,753.915,742.65,1.0,,,,,,,2026-06-29,1127.42,1146.99,1024.78,1145.0,1.16964e6,1090.767714
2026-06-29T20:31:25.125,2,3,MU260702C00400000,MU,2026-07-02,call,400.0,737.0,1.0,760.64,1.0,748.8199999999999,777.2,12.0,,,,,,,2026-06-29,1127.42,1146.99,1024.78,1145.0,1.16964e6,1090.767714
2026-06-29T20:31:25.125,2,3,MU260702C00405000,MU,2026-07-02,call,405.0,731.75,1.0,745.48,2.0,738.615,,,,,,,,,2026-06-29,1127.42,1146.99,1024.78,1145.0,1.16964e6,1090.767714
2026-06-29T20:31:25.125,2,3,MU260702C00410000,MU,2026-07-02,call,410.0,734.76,1.0,736.79,1.0,735.775,737.61,1.0,,,,,,,2026-06-29,1127.42,1146.99,1024.78,1145.0,1.16964e6,1090.767714
2026-06-29T20:31:25.125,2,3,MU260702C00415000,MU,2026-07-02,call,415.0,717.37,1.0,745.52,1.0,731.4449999999999,,,,,,,,,2026-06-29,1127.42,1146.99,1024.78,1145.0,1.16964e6,1090.767714
2026-06-29T20:31:25.125,2,3,MU260702C00420000,MU,2026-07-02,call,420.0,727.41,1.0,729.29,1.0,728.3499999999999,768.29,1.0,,,,,,,2026-06-29,1127.42,1146.99,1024.78,1145.0,1.16964e6,1090.767714
2026-06-29T20:31:25.125,2,3,MU260702C00425000,MU,2026-07-02,call,425.0,721.36,1.0,741.03,1.0,731.1949999999999,,,,,,,,,2026-06-29,1127.42,1146.99,1024.78,1145.0,1.16964e6,1090.767714
2026-06-29T20:31:25.125,2,3,MU260702C00430000,MU,2026-07-02,call,430.0,721.2,1.0,722.94,1.0,722.07,730.26,1.0,,,,,,,2026-06-29,1127.42,1146.99,1024.78,1145.0,1.16964e6,1090.767714
2026-06-29T20:31:25.125,2,3,MU260702C00435000,MU,2026-07-02,call,435.0,691.85,1.0,724.35,1.0,708.1,743.9,1.0,,,,,,,2026-06-29,1127.42,1146.99,1024.78,1145.0,1.16964e6,1090.767714
2026-06-29T20:31:25.125,2,3,MU260702C00440000,MU,2026-07-02,call,440.0,705.73,1.0,719.53,1.0,712.63,599.68,1.0,,,,,,,2026-06-29,1127.42,1146.99,1024.78,1145.0,1.16964e6,1090.767714
2026-06-29T20:31:25.125,2,3,MU260702C00445000,MU,2026-07-02,call,445.0,687.98,1.0,713.02,2.0,700.5,715.3,1.0,,,,,,,2026-06-29,1127.42,1146.99,1024.78,1145.0,1.16964e6,1090.767714
2026-06-29T20:31:25.125,2,3,MU260702C00450000,MU,2026-07-02,call,450.0,696.13,1.0,709.48,1.0,702.8050000000001,694.1,1.0,,,,,,,2026-06-29,1127.42,1146.99,1024.78,1145.0,1.16964e6,1090.767714
2026-06-29T20:31:25.125,2,3,MU260702C00455000,MU,2026-07-02,call,455.0,690.69,1.0,711.97,2.0,701.33,689.58,1.0,,,,,,,2026-06-29,1127.42,1146.99,1024.78,1145.0,1.16964e6,1090.767714
2026-06-29T20:31:25.125,2,3,MU260702C00460000,MU,2026-07-02,call,460.0,677.73,1.0,702.49,1.0,690.11,647.07,1.0,,,,,,,2026-06-29,1127.42,1146.99,1024.78,1145.0,1.16964e6,1090.767714
2026-06-29T20:31:25.125,2,3,MU260702C00465000,MU,2026-07-02,call,465.0,682.29,1.0,700.86,1.0,691.575,,,,,,,,,2026-06-29,1127.42,1146.99,1024.78,1145.0,1.16964e6,1090.767714
2026-06-29T20:31:25.125,2,3,MU260702C00470000,MU,2026-07-02,call,470.0,668.53,1.0,676.58,1.0,672.5550000000001,699.73,2.0,,,,,,,2026-06-29,1127.42,1146.99,1024.78,1145.0,1.16964e6,1090.767714
2026-06-29T20:31:25.125,2,3,MU260702C00475000,MU,2026-07-02,call,475.0,668.06,1.0,689.9,1.0,678.98,695.36,1.0,,,,,,,2026-06-29,1127.42,1146.99,1024.78,1145.0,1.16964e6,1090.767714
2026-06-29T20:31:25.125,2,3,MU260702C00480000,MU,2026-07-02,call,480.0,664.16,1.0,679.71,1.0,671.935,665.2,1.0,,,,,,,2026-06-29,1127.42,1146.99,1024.78,1145.0,1.16964e6,1090.767714
2026-06-29T20:31:25.125,2,3,MU260702C00485000,MU,2026-07-02,call,485.0,645.2,1.0,672.48,1.0,658.84,701.65,21.0,,,,,,,2026-06-29,1127.42,1146.99,1024.78,1145.0,1.16964e6,1090.767714
2026-06-29T20:31:25.125,2,3,MU260702C00490000,MU,2026-07-02,call,490.0,649.35,1.0,657.3,1.0,653.325,645.1,6.0,,,,,,,2026-06-29,1127.42,1146.99,1024.78,1145.0,1.16964e6,1090.767714
2026-06-29T20:31:25.125,2,3,MU260702C00495000,MU,2026-07-02,call,495.0,647.19,1.0,650.77,1.0,648.98,560.12,1.0,,,,,,,2026-06-29,1127.42,1146.99,1024.78,1145.0,1.16964e6,1090.767714
2026-06-29T20:31:25.125,2,3,MU260702C00500000,MU,2026-07-02,call,500.0,627.19,1.0,665.17,1.0,646.1800000000001,626.24,1.0,,,,,,,2026-06-29,1127.42,1146.99,1024.78,1145.0,1.16964e6,1090.767714
2026-06-29T20:31:25.125,2,3,MU260702C00505000,MU,2026-07-02,call,505.0,638.5,1.0,662.66,1.0,650.5799999999999,,,,,,,,,2026-06-29,1127.42,1146.99,1024.78,1145.0,1.16964e6,1090.767714
2026-06-29T20:31:25.125,2,3,MU260702C00510000,MU,2026-07-02,call,510.0,618.68,1.0,638.09,1.0,628.385,634.43,1.0,,,,,,,2026-06-29,1127.42,1146.99,1024.78,1145.0,1.16964e6,1090.767714
2026-06-29T20:31:25.125,2,3,MU260702C00515000,MU,2026-07-02,call,515.0,622.35,1.0,635.7,1.0,629.0250000000001,570.95,1.0,,,,,,,2026-06-29,1127.42,1146.99,1024.78,1145.0,1.16964e6,1090.767714
2026-06-29T20:31:25.125,2,3,MU260702C00520000,MU,2026-07-02,call,520.0,609.85,1.0,637.33,1.0,623.59,655.08,1.0,,,,,,,2026-06-29,1127.42,1146.99,1024.78,1145.0,1.16964e6,1090.767714
2026-06-29T20:31:25.125,2,3,MU260702C00525000,MU,2026-07-02,call,525.0,622.34,1.0,638.19,1.0,630.2650000000001,609.95,1.0,,,,,,,2026-06-29,1127.42,1146.99,1024.78,1145.0,1.16964e6,1090.767714
2026-06-29T20:31:25.125,2,3,MU260702C00530000,MU,2026-07-02,call,530.0,611.26,1.0,634.07,1.0,622.665,570.75,1.0,,,,,,,2026-06-29,1127.42,1146.99,1024.78,1145.0,1.16964e6,1090.767714
2026-06-29T20:31:25.125,2,3,MU260702C00535000,MU,2026-07-02,call,535.0,614.77,1.0,615.8,1.0,615.285,,,,,,,,,2026-06-29,1127.42,1146.99,1024.78,1145.0,1.16964e6,1090.767714
2026-06-29T20:31:25.125,2,3,MU260702C00540000,MU,2026-07-02,call,540.0,605.5,1.0,619.8,1.0,612.65,504.58,1.0,,,,,,,2026-06-29,1127.42,1146.99,1024.78,1145.0,1.16964e6,1090.767714
2026-06-29T20:31:25.125,2,3,MU260702C00545000,MU,2026-07-02,call,545.0,598.84,1.0,599.43,1.0,599.135,,,,,,,,,2026-06-29,1127.42,1146.99,1024.78,1145.0,1.16964e6,1090.767714
2026-06-29T20:31:25.125,2,3,MU260702C00550000,MU,2026-07-02,call,550.0,592.6,1.0,610.37,3.0,601.485,588.66,1.0,,,,,,,2026-06-29,1127.42,1146.99,1024.78,1145.0,1.16964e6,1090.767714
2026-06-29T20:31:25.125,2,3,MU260702C00555000,MU,2026-07-02,call,555.0,579.67,1.0,597.18,1.0,588.425,469.28,1.0,,,,,,,2026-06-29,1127.42,1146.99,1024.78,1145.0,1.16964e6,1090.767714
2026-06-29T20:31:25.125,2,3,MU260702C00560000,MU,2026-07-02,call,560.0,587.68,1.0,592.84,1.0,590.26,536.63,1.0,,,,,,,2026-06-29,1127.42,1146.99,1024.78,1145.0,1.16964e6,1090.767714
2026-06-29T20:31:25.125,2,3,MU260702C00565000,MU,2026-07-02,call,565.0,584.79,1.0,594.25,1.0,589.52,,,,,,,,,2026-06-29,1127.42,1146.99,1024.78,1145.0,1.16964e6,1090.767714
2026-06-29T20:31:25.125,2,3,MU260702C00570000,MU,2026-07-02,call,570.0,564.17,1.0,575.54,1.0,569.855,570.45,1.0,,,,,,,2026-06-29,1127.42,1146.99,1024.78,1145.0,1.16964e6,1090.767714
2026-06-29T20:31:25.125,2,3,MU260702C00575000,MU,2026-07-02,call,575.0,568.76,1.0,590.97,1.0,579.865,449.95,1.0,,,,,,,2026-06-29,1127.42,1146.99,1024.78,1145.0,1.16964e6,1090.767714
2026-06-29T20:31:25.125,2,3,MU260702C00580000,MU,2026-07-02,call,580.0,568.93,5.0,586.34,1.0,577.635,558.29,1.0,,,,,,,2026-06-29,1127.42,1146.99,1024.78,1145.0,1.16964e6,1090.767714
2026-06-29T20:31:25.125,2,3,MU260702C00585000,MU,2026-07-02,call,585.0,552.64,1.0,569.77,1.0,561.2049999999999,454.46,1.0,,,,,,,2026-06-29,1127.42,1146.99,1024.78,1145.0,1.16964e6,1090.767714
2026-06-29T20:31:25.125,2,3,MU260702C00590000,MU,2026-07-02,call,590.0,557.69,1.0,574.29,1.0,565.99,563.89,5.0,,,,,,,2026-06-29,1127.42,1146.99,1024.78,1145.0,1.16964e6,1090.767714
2026-06-29T20:31:25.125,2,3,MU260702C00595000,MU,2026-07-02,call,595.0,549.85,1.0,560.05,1.0,554.95,628.2,1.0,,,,,,,2026-06-29,1127.42,1146.99,1024.78,1145.0,1.16964e6,1090.767714
2026-06-29T20:31:25.125,2,3,MU260702C00600000,MU,2026-07-02,call,600.0,540.42,1.0,560.67,1.0,550.545,505.96,1.0,,,,,,,2026-06-29,1127.42,1146.99,1024.78,1145.0,1.16964e6,1090.767714
2026-06-29T20:31:25.125,2,3,MU260702C00605000,MU,2026-07-02,call,605.0,527.92,1.0,550.5,1.0,539.21,551.28,3.0,,,,,,,2026-06-29,1127.42,1146.99,1024.78,1145.0,1.16964e6,1090.767714
2026-06-29T20:31:25.125,2,3,MU260702C00610000,MU,2026-07-02,call,610.0,524.55,3.0,547.28,1.0,535.915,486.68,2.0,,,,,,,2026-06-29,1127.42,1146.99,1024.78,1145.0,1.16964e6,1090.767714
2026-06-29T20:31:25.125,2,3,MU260702C00615000,MU,2026-07-02,call,615.0,533.1,1.0,548.3,1.0,540.7,524.64,1.0,,,,,,,2026-06-29,1127.42,1146.99,1024.78,1145.0,1.16964e6,1090.767714
2026-06-29T20:31:25.125,2,3,MU260702C00620000,MU,2026-07-02,call,620.0,520.37,1.0,531.88,1.0,526.125,613.48,1.0,,,,,,,2026-06-29,1127.42,1146.99,1024.78,1145.0,1.16964e6,1090.767714
2026-06-29T20:31:25.125,2,3,MU260702C00625000,MU,2026-07-02,call,625.0,519.6,1.0,520.09,1.0,519.845,521.65,10.0,,,,,,,2026-06-29,1127.42,1146.99,1024.78,1145.0,1.16964e6,1090.767714
2026-06-29T20:31:25.125,2,3,MU260702C00630000,MU,2026-07-02,call,630.0,513.21,1.0,519.409,1.0,516.3095000000001,596.83,1.0,,,,,,,2026-06-29,1127.42,1146.99,1024.78,1145.0,1.16964e6,1090.767714
2026-06-29T20:31:25.125,2,3,MU260702C00635000,MU,2026-07-02,call,635.0,496.48,1.0,519.51,1.0,507.995,516.36,1.0,,,,,,,2026-06-29,1127.42,1146.99,1024.78,1145.0,1.16964e6,1090.767714
2026-06-29T20:31:25.125,2,3,MU260702C00640000,MU,2026-07-02,call,640.0,507.6,1.0,513.48,1.0,510.54,510.77,1.0,,,,,,,2026-06-29,1127.42,1146.99,1024.78,1145.0,1.16964e6,1090.767714
2026-06-29T20:31:25.125,2,3,MU260702C00645000,MU,2026-07-02,call,645.0,501.5,1.0,505.0,1.0,503.25,497.74,1.0,,,,,,,2026-06-29,1127.42,1146.99,1024.78,1145.0,1.16964e6,1090.767714
2026-06-29T20:31:25.125,2,3,MU260702C00650000,MU,2026-07-02,call,650.0,491.23,1.0,513.37,1.0,502.3,391.49,2.0,,,,,,,2026-06-29,1127.42,1146.99,1024.78,1145.0,1.16964e6,1090.767714
2026-06-29T20:31:25.125,2,3,MU260702C00655000,MU,2026-07-02,call,655.0,475.55,1.0,502.91,1.0,489.23,447.2,1.0,,,,,,,2026-06-29,1127.42,1146.99,1024.78,1145.0,1.16964e6,1090.767714
2026-06-29T20:31:25.125,2,3,MU260702C00660000,MU,2026-07-02,call,660.0,471.56,1.0,491.74,1.0,481.65,420.89,8.0,,,,,,,2026-06-29,1127.42,1146.99,1024.78,1145.0,1.16964e6,1090.767714
2026-06-29T20:31:25.125,2,3,MU260702C00665000,MU,2026-07-02,call,665.0,474.86,1.0,487.41,1.0,481.135,255.0,1.0,,,,,,,2026-06-29,1127.42,1146.99,1024.78,1145.0,1.16964e6,1090.767714
2026-06-29T20:31:25.125,2,3,MU260702C00670000,MU,2026-07-02,call,670.0,464.33,1.0,488.78,1.0,476.55499999999995,390.26,2.0,,,,,,,2026-06-29,1127.42,1146.99,1024.78,1145.0,1.16964e6,1090.767714
2026-06-29T20:31:25.125,2,3,MU260702C00675000,MU,2026-07-02,call,675.0,464.82,1.0,488.63,1.0,476.725,514.549,1.0,,,,,,,2026-06-29,1127.42,1146.99,1024.78,1145.0,1.16964e6,1090.767714
2026-06-29T20:31:25.125,2,3,MU260702C00680000,MU,2026-07-02,call,680.0,466.67,1.0,471.54,1.0,469.105,376.33,1.0,,,,,,,2026-06-29,1127.42,1146.99,1024.78,1145.0,1.16964e6,1090.767714
2026-06-29T20:31:25.125,2,3,MU260702C00685000,MU,2026-07-02,call,685.0,458.57,1.0,464.66,1.0,461.615,406.49,1.0,,,,,,,2026-06-29,1127.42,1146.99,1024.78,1145.0,1.16964e6,1090.767714
2026-06-29T20:31:25.125,2,3,MU260702C00690000,MU,2026-07-02,call,690.0,446.8,1.0,458.96,1.0,452.88,479.42,1.0,,,,,,,2026-06-29,1127.42,1146.99,1024.78,1145.0,1.16964e6,1090.767714
2026-06-29T20:31:25.125,2,3,MU260702C00695000,MU,2026-07-02,call,695.0,436.96,1.0,460.91,1.0,448.935,210.9,1.0,,,,,,,2026-06-29,1127.42,1146.99,1024.78,1145.0,1.16964e6,1090.767714
2026-06-29T20:31:25.125,2,3,MU260702C00700000,MU,2026-07-02,call,700.0,437.47,1.0,455.76,3.0,446.615,332.84,1.0,,,,,,,2026-06-29,1127.42,1146.99,1024.78,1145.0,1.16964e6,1090.767714
2026-06-29T20:31:25.125,2,3,MU260702C00705000,MU,2026-07-02,call,705.0,434.72,1.0,457.87,1.0,446.295,522.05,3.0,,,,,,,2026-06-29,1127.42,1146.99,1024.78,1145.0,1.16964e6,1090.767714
2026-06-29T20:31:25.125,2,3,MU260702C00707500,MU,2026-07-02,call,707.5,427.65,1.0,439.97,3.0,433.81,,,,,,,,,2026-06-29,1127.42,1146.99,1024.78,1145.0,1.16964e6,1090.767714
2026-06-29T20:31:25.125,2,3,MU260702C00710000,MU,2026-07-02,call,710.0,434.54,1.0,446.32,9.0,440.43,383.83,1.0,,,,,,,2026-06-29,1127.42,1146.99,1024.78,1145.0,1.16964e6,1090.767714
2026-06-29T20:31:25.125,2,3,MU260702C00712500,MU,2026-07-02,call,712.5,425.74,1.0,434.73,1.0,430.235,432.62,1.0,,,,,,,2026-06-29,1127.42,1146.99,1024.78,1145.0,1.16964e6,1090.767714
2026-06-29T20:31:25.125,2,3,MU260702C00715000,MU,2026-07-02,call,715.0,417.86,1.0,432.97,1.0,425.415,342.4,1.0,,,,,,,2026-06-29,1127.42,1146.99,1024.78,1145.0,1.16964e6,1090.767714
2026-06-29T20:31:25.125,2,3,MU260702C00717500,MU,2026-07-02,call,717.5,423.47,1.0,445.95,4.0,434.71000000000004,425.5,1.0,,,,,,,2026-06-29,1127.42,1146.99,1024.78,1145.0,1.16964e6,1090.767714
2026-06-29T20:31:25.125,2,3,MU260702C00720000,MU,2026-07-02,call,720.0,420.62,1.0,437.08,4.0,428.85,436.49,1.0,,,,,,,2026-06-29,1127.42,1146.99,1024.78,1145.0,1.16964e6,1090.767714
2026-06-29T20:31:25.125,2,3,MU260702C00722500,MU,2026-07-02,call,722.5,416.56,1.0,439.82,1.0,428.19,,,,,,,,,2026-06-29,1127.42,1146.99,1024.78,1145.0,1.16964e6,1090.767714
2026-06-29T20:31:25.125,2,3,MU260702C00725000,MU,2026-07-02,call,725.0,410.86,1.0,423.38,3.0,417.12,476.37,1.0,,,,,,,2026-06-29,1127.42,1146.99,1024.78,1145.0,1.16964e6,1090.767714
2026-06-29T20:31:25.125,2,3,MU260702C00727500,MU,2026-07-02,call,727.5,417.59,1.0,421.95,1.0,419.77,447.67,1.0,,,,,,,2026-06-29,1127.42,1146.99,1024.78,1145.0,1.16964e6,1090.767714
2026-06-29T20:31:25.125,2,3,MU260702C00730000,MU,2026-07-02,call,730.0,407.16,1.0,428.64,1.0,417.9,383.16,40.0,,,,,,,2026-06-29,1127.42,1146.99,1024.78,1145.0,1.16964e6,1090.767714
2026-06-29T20:31:25.125,2,3,MU260702C00732500,MU,2026-07-02,call,732.5,408.14,1.0,416.72,1.0,412.43,,,,,,,,,2026-06-29,1127.42,1146.99,1024.78,1145.0,1.16964e6,1090.767714
2026-06-29T20:31:25.125,2,3,MU260702C00735000,MU,2026-07-02,call,735.0,397.63,1.0,417.07,1.0,407.35,413.47,1.0,,,,,,,2026-06-29,1127.42,1146.99,1024.78,1145.0,1.16964e6,1090.767714
2026-06-29T20:31:25.125,2,3,MU260702C00737500,MU,2026-07-02,call,737.5,408.65,1.0,410.13,1.0,409.39,,,,,,,,,2026-06-29,1127.42,1146.99,1024.78,1145.0,1.16964e6,1090.767714
2026-06-29T20:31:25.125,2,3,MU260702C00740000,MU,2026-07-02,call,740.0,394.7,1.0,415.77,1.0,405.235,326.78,1.0,,,,,,,2026-06-29,1127.42,1146.99,1024.78,1145.0,1.16964e6,1090.767714
2026-06-29T20:31:25.125,2,3,MU260702C00742500,MU,2026-07-02,call,742.5,400.36,1.0,413.87,1.0,407.115,457.18,1.0,,,,,,,2026-06-29,1127.42,1146.99,1024.78,1145.0,1.16964e6,1090.767714
2026-06-29T20:31:25.125,2,3,MU260702C00745000,MU,2026-07-02,call,745.0,403.31,1.0,412.29,2.0,407.8,407.78,1.0,,,,,,,2026-06-29,1127.42,1146.99,1024.78,1145.0,1.16964e6,1090.767714
2026-06-29T20:31:25.125,2,3,MU260702C00747500,MU,2026-07-02,call,747.5,394.37,1.0,409.91,3.0,402.14,,,,,,,,,2026-06-29,1127.42,1146.99,1024.78,1145.0,1.16964e6,1090.767714
2026-06-29T20:31:25.125,2,3,MU260702C00750000,MU,2026-07-02,call,750.0,396.24,1.0,404.83,10.0,400.53499999999997,370.0,3.0,,,,,,,2026-06-29,1127.42,1146.99,1024.78,1145.0,1.16964e6,1090.767714
2026-06-29T20:31:25.125,2,3,MU260702C00755000,MU,2026-07-02,call,755.0,384.09,1.0,402.35,1.0,393.22,418.35,1.0,,,,,,,2026-06-29,1127.42,1146.99,1024.78,1145.0,1.16964e6,1090.767714
2026-06-29T20:31:25.125,2,3,MU260702C00760000,MU,2026-07-02,call,760.0,378.62,1.0,397.29,1.0,387.95500000000004,359.44,4.0,,,,,,,2026-06-29,1127.42,1146.99,1024.78,1145.0,1.16964e6,1090.767714
2026-06-29T20:31:25.125,2,3,MU260702C00765000,MU,2026-07-02,call,765.0,368.37,10.0,383.16,2.0,375.765,378.3,1.0,,,,,,,2026-06-29,1127.42,1146.99,1024.78,1145.0,1.16964e6,1090.767714
2026-06-29T20:31:25.125,2,3,MU260702C00770000,MU,2026-07-02,call,770.0,365.47,1.0,386.62,1.0,376.045,384.42,2.0,,,,,,,2026-06-29,1127.42,1146.99,1024.78,1145.0,1.16964e6,1090.767714
2026-06-29T20:31:25.125,2,3,MU260702C00775000,MU,2026-07-02,call,775.0,372.21,1.0,384.96,2.0,378.585,460.0,1.0,,,,,,,2026-06-29,1127.42,1146.99,1024.78,1145.0,1.16964e6,1090.767714
2026-06-29T20:31:25.125,2,3,MU260702C00780000,MU,2026-07-02,call,780.0,361.01,1.0,375.22,2.0,368.115,275.0,1.0,,,,,,,2026-06-29,1127.42,1146.99,1024.78,1145.0,1.16964e6,1090.767714
2026-06-29T20:31:25.125,2,3,MU260702C00785000,MU,2026-07-02,call,785.0,358.24,1.0,368.99,1.0,363.615,271.33,1.0,,,,,,,2026-06-29,1127.42,1146.99,1024.78,1145.0,1.16964e6,1090.767714
2026-06-29T20:31:25.125,2,3,MU260702C00790000,MU,2026-07-02,call,790.0,351.17,1.0,369.04,3.0,360.105,357.82,1.0,,,,,,,2026-06-29,1127.42,1146.99,1024.78,1145.0,1.16964e6,1090.767714
2026-06-29T20:31:25.125,2,3,MU260702C00795000,MU,2026-07-02,call,795.0,341.08,1.0,366.26,1.0,353.66999999999996,349.0,5.0,,,,,,,2026-06-29,1127.42,1146.99,1024.78,1145.0,1.16964e6,1090.767714
2026-06-29T20:31:25.125,2,3,MU260702C00800000,MU,2026-07-02,call,800.0,342.43,17.0,355.59,11.0,349.01,343.0,1.0,,,,,,,2026-06-29,1127.42,1146.99,1024.78,1145.0,1.16964e6,1090.767714
2026-06-29T20:31:25.125,2,3,MU260702C00805000,MU,2026-07-02,call,805.0,333.11,1.0,348.3,1.0,340.70500000000004,367.17,1.0,,,,,,,2026-06-29,1127.42,1146.99,1024.78,1145.0,1.16964e6,1090.767714
2026-06-29T20:31:25.125,2,3,MU260702C00810000,MU,2026-07-02,call,810.0,331.8,6.0,349.83,8.0,340.815,311.52,10.0,,,,,,,2026-06-29,1127.42,1146.99,1024.78,1145.0,1.16964e6,1090.767714
2026-06-29T20:31:25.125,2,3,MU260702C00815000,MU,2026-07-02,call,815.0,324.51,1.0,334.66,1.0,329.58500000000004,333.9,10.0,,,,,,,2026-06-29,1127.42,1146.99,1024.78,1145.0,1.16964e6,1090.767714
2026-06-29T20:31:25.125,2,3,MU260702C00820000,MU,2026-07-02,call,820.0,321.22,6.0,337.02,20.0,329.12,270.0,1.0,,,,,,,2026-06-29,1127.42,1146.99,1024.78,1145.0,1.16964e6,1090.767714
2026-06-29T20:31:25.125,2,3,MU260702C00825000,MU,2026-07-02,call,825.0,321.14,1.0,335.2,2.0,328.16999999999996,302.24,1.0,,,,,,,2026-06-29,1127.42,1146.99,1024.78,1145.0,1.16964e6,1090.767714
2026-06-29T20:31:25.125,2,3,MU260702C00830000,MU,2026-07-02,call,830.0,306.72,1.0,321.59,1.0,314.155,320.35,1.0,,,,,,,2026-06-29,1127.42,1146.99,1024.78,1145.0,1.16964e6,1090.767714
2026-06-29T20:31:25.125,2,3,MU260702C00835000,MU,2026-07-02,call,835.0,309.15,1.0,325.2,1.0,317.17499999999995,200.67,1.0,,,,,,,2026-06-29,1127.42,1146.99,1024.78,1145.0,1.16964e6,1090.767714
2026-06-29T20:31:25.125,2,3,MU260702C00840000,MU,2026-07-02,call,840.0,296.25,1.0,317.74,1.0,306.995,310.67,1.0,,,,,,,2026-06-29,1127.42,1146.99,1024.78,1145.0,1.16964e6,1090.767714
2026-06-29T20:31:25.125,2,3,MU260702C00845000,MU,2026-07-02,call,845.0,290.77,2.0,312.94,6.0,301.855,246.13,1.0,,,,,,,2026-06-29,1127.42,1146.99,1024.78,1145.0,1.16964e6,1090.767714
2026-06-29T20:31:25.125,2,3,MU260702C00850000,MU,2026-07-02,call,850.0,294.92,20.0,303.57,2.0,299.245,260.63,1.0,,,,,,,2026-06-29,1127.42,1146.99,1024.78,1145.0,1.16964e6,1090.767714
2026-06-29T20:31:25.125,2,3,MU260702C00855000,MU,2026-07-02,call,855.0,282.74,1.0,298.27,1.0,290.505,204.77,1.0,,,,,,,2026-06-29,1127.42,1146.99,1024.78,1145.0,1.16964e6,1090.767714
2026-06-29T20:31:25.125,2,3,MU260702C00860000,MU,2026-07-02,call,860.0,284.38,1.0,300.7,1.0,292.53999999999996,296.1,9.0,,,,,,,2026-06-29,1127.42,1146.99,1024.78,1145.0,1.16964e6,1090.767714
2026-06-29T20:31:25.125,2,3,MU260702C00865000,MU,2026-07-02,call,865.0,276.86,1.0,294.24,1.0,285.55,272.77,1.0,,,,,,,2026-06-29,1127.42,1146.99,1024.78,1145.0,1.16964e6,1090.767714
2026-06-29T20:31:25.125,2,3,MU260702C00870000,MU,2026-07-02,call,870.0,270.88,5.0,286.11,30.0,278.495,267.55,2.0,,,,,,,2026-06-29,1127.42,1146.99,1024.78,1145.0,1.16964e6,1090.767714
2026-06-29T20:31:25.125,2,3,MU260702C00875000,MU,2026-07-02,call,875.0,270.57,1.0,282.91,9.0,276.74,250.64,1.0,,,,,,,2026-06-29,1127.42,1146.99,1024.78,1145.0,1.16964e6,1090.767714
2026-06-29T20:31:25.125,2,3,MU260702C00880000,MU,2026-07-02,call,880.0,260.29,10.0,268.7,2.0,264.495,250.0,4.0,,,,,,,2026-06-29,1127.42,1146.99,1024.78,1145.0,1.16964e6,1090.767714
2026-06-29T20:31:25.125,2,3,MU260702C00885000,MU,2026-07-02,call,885.0,251.36,1.0,267.93,1.0,259.645,353.04,3.0,,,,,,,2026-06-29,1127.42,1146.99,1024.78,1145.0,1.16964e6,1090.767714
2026-06-29T20:31:25.125,2,3,MU260702C00890000,MU,2026-07-02,call,890.0,253.14,10.0,269.84,3.0,261.49,254.0,1.0,,,,,,,2026-06-29,1127.42,1146.99,1024.78,1145.0,1.16964e6,1090.767714
2026-06-29T20:31:25.125,2,3,MU260702C00895000,MU,2026-07-02,call,895.0,243.62,1.0,266.09,2.0,254.855,256.1,1.0,,,,,,,2026-06-29,1127.42,1146.99,1024.78,1145.0,1.16964e6,1090.767714
2026-06-29T20:31:25.125,2,3,MU260702C00900000,MU,2026-07-02,call,900.0,238.91,14.0,254.76,1.0,246.83499999999998,247.78,2.0,,,,,,,2026-06-29,1127.42,1146.99,1024.78,1145.0,1.16964e6,1090.767714
2026-06-29T20:31:25.125,2,3,MU260702C00905000,MU,2026-07-02,call,905.0,235.81,1.0,253.33,1.0,244.57,179.47,2.0,,,,,,,2026-06-29,1127.42,1146.99,1024.78,1145.0,1.16964e6,1090.767714
2026-06-29T20:31:25.125,2,3,MU260702C00910000,MU,2026-07-02,call,910.0,231.76,5.0,248.29,5.0,240.02499999999998,228.13,1.0,,,,,,,2026-06-29,1127.42,1146.99,1024.78,1145.0,1.16964e6,1090.767714
2026-06-29T20:31:25.125,2,3,MU260702C00915000,MU,2026-07-02,call,915.0,225.85,1.0,240.79,1.0,233.32,218.97,1.0,,,,,,,2026-06-29,1127.42,1146.99,1024.78,1145.0,1.16964e6,1090.767714
2026-06-29T20:31:25.125,2,3,MU260702C00920000,MU,2026-07-02,call,920.0,222.19,1.0,233.63,2.0,227.91,174.93,1.0,,,,,,,2026-06-29,1127.42,1146.99,1024.78,1145.0,1.16964e6,1090.767714
2026-06-29T20:31:25.125,2,3,MU260702C00925000,MU,2026-07-02,call,925.0,220.2,3.0,232.17,2.0,226.185,130.93,3.0,,,,,,,2026-06-29,1127.42,1146.99,1024.78,1145.0,1.16964e6,1090.767714
2026-06-29T20:31:25.125,2,3,MU260702C00930000,MU,2026-07-02,call,930.0,208.3,9.0,220.82,3.0,214.56,213.12,2.0,,,,,,,2026-06-29,1127.42,1146.99,1024.78,1145.0,1.16964e6,1090.767714
2026-06-29T20:31:25.125,2,3,MU260702C00935000,MU,2026-07-02,call,935.0,211.29,1.0,222.32,1.0,216.805,180.9,2.0,,,,,,,2026-06-29,1127.42,1146.99,1024.78,1145.0,1.16964e6,1090.767714
2026-06-29T20:31:25.125,2,3,MU260702C00940000,MU,2026-07-02,call,940.0,204.77,18.0,218.69,31.0,211.73000000000002,210.0,1.0,,,,,,,2026-06-29,1127.42,1146.99,1024.78,1145.0,1.16964e6,1090.767714
2026-06-29T20:31:25.125,2,3,MU260702C00945000,MU,2026-07-02,call,945.0,194.25,1.0,214.67,5.0,204.45999999999998,107.51,1.0,,,,,,,2026-06-29,1127.42,1146.99,1024.78,1145.0,1.16964e6,1090.767714
2026-06-29T20:31:25.125,2,3,MU260702C00950000,MU,2026-07-02,call,950.0,195.75,37.0,202.81,21.0,199.28,200.0,1.0,,,,,,,2026-06-29,1127.42,1146.99,1024.78,1145.0,1.16964e6,1090.767714
2026-06-29T20:31:25.125,2,3,MU260702C00955000,MU,2026-07-02,call,955.0,190.55,1.0,202.76,1.0,196.655,173.7,1.0,,,,,,,2026-06-29,1127.42,1146.99,1024.78,1145.0,1.16964e6,1090.767714
2026-06-29T20:31:25.125,2,3,MU260702C00960000,MU,2026-07-02,call,960.0,185.81,1.0,197.69,1.0,191.75,171.5,1.0,,,,,,,2026-06-29,1127.42,1146.99,1024.78,1145.0,1.16964e6,1090.767714
2026-06-29T20:31:25.125,2,3,MU260702C00965000,MU,2026-07-02,call,965.0,178.88,19.0,189.97,16.0,184.425,156.67,1.0,,,,,,,2026-06-29,1127.42,1146.99,1024.78,1145.0,1.16964e6,1090.767714
2026-06-29T20:31:25.125,2,3,MU260702C00970000,MU,2026-07-02,call,970.0,175.22,2.0,187.42,2.0,181.32,113.35,1.0,,,,,,,2026-06-29,1127.42,1146.99,1024.78,1145.0,1.16964e6,1090.767714
2026-06-29T20:31:25.125,2,3,MU260702C00975000,MU,2026-07-02,call,975.0,169.95,10.0,183.62,1.0,176.785,169.24,2.0,,,,,,,2026-06-29,1127.42,1146.99,1024.78,1145.0,1.16964e6,1090.767714
2026-06-29T20:31:25.125,2,3,MU260702C00980000,MU,2026-07-02,call,980.0,165.91,1.0,175.2,10.0,170.555,165.91,1.0,,,,,,,2026-06-29,1127.42,1146.99,1024.78,1145.0,1.16964e6,1090.767714
2026-06-29T20:31:25.125,2,3,MU260702C00985000,MU,2026-07-02,call,985.0,157.49,9.0,171.05,5.0,164.27,157.49,1.0,,,,,,,2026-06-29,1127.42,1146.99,1024.78,1145.0,1.16964e6,1090.767714
2026-06-29T20:31:25.125,2,3,MU260702C00990000,MU,2026-07-02,call,990.0,155.68,20.0,165.61,20.0,160.645,156.0,1.0,,,,,,,2026-06-29,1127.42,1146.99,1024.78,1145.0,1.16964e6,1090.767714
2026-06-29T20:31:25.125,2,3,MU260702C00995000,MU,2026-07-02,call,995.0,151.5,2.0,163.15,2.0,157.325,146.58,2.0,1.5361,0.8514,0.0015,-6.2053,0.2392,0.0668,2026-06-29,1127.42,1146.99,1024.78,1145.0,1.16964e6,1090.767714
2026-06-29T20:31:25.125,2,3,MU260702C01000000,MU,2026-07-02,call,1000.0,148.99,34.0,152.99,38.0,150.99,150.0,1.0,1.4418,0.8563,0.0015,-5.7043,0.234,0.0678,2026-06-29,1127.42,1146.99,1024.78,1145.0,1.16964e6,1090.767714
2026-06-29T20:31:25.125,2,3,MU260702C01002500,MU,2026-07-02,call,1002.5,141.92,29.0,157.9,30.0,149.91,141.92,1.0,1.4821,0.8461,0.0015,-6.1309,0.2449,0.0669,2026-06-29,1127.42,1146.99,1024.78,1145.0,1.16964e6,1090.767714
2026-06-29T20:31:25.125,2,3,MU260702C01005000,MU,2026-07-02,call,1005.0,142.42,3.0,151.41,1.0,146.915,122.47,1.0,,,,,,,2026-06-29,1127.42,1146.99,1024.78,1145.0,1.16964e6,1090.767714
2026-06-29T20:31:25.125,2,3,MU260702C01007500,MU,2026-07-02,call,1007.5,139.8,1.0,149.23,3.0,144.515,125.6,1.0,1.4277,0.845,0.0016,-5.9365,0.2461,0.0672,2026-06-29,1127.42,1146.99,1024.78,1145.0,1.16964e6,1090.767714
2026-06-29T20:31:25.125,2,3,MU260702C01010000,MU,2026-07-02,call,1010.0,136.95,31.0,147.13,33.0,142.04,136.95,1.0,1.4096,0.8431,0.0017,-5.9092,0.2481,0.0673,2026-06-29,1127.42,1146.99,1024.78,1145.0,1.16964e6,1090.767714
2026-06-29T20:31:25.125,2,3,MU260702C01012500,MU,2026-07-02,call,1012.5,136.34,2.0,147.41,3.0,141.875,116.1,1.0,1.4814,0.828,0.0017,-6.5796,0.2633,0.0659,2026-06-29,1127.42,1146.99,1024.78,1145.0,1.16964e6,1090.767714
2026-06-29T20:31:25.125,2,3,MU260702C01015000,MU,2026-07-02,call,1015.0,129.259,10.0,143.6,1.0,136.4295,109.85,3.0,1.3468,0.8432,0.0017,-5.6469,0.2479,0.0677,2026-06-29,1127.42,1146.99,1024.78,1145.0,1.16964e6,1090.767714
2026-06-29T20:31:25.125,2,3,MU260702C01017500,MU,2026-07-02,call,1017.5,129.509,2.0,143.59,1.0,136.5495,108.39,3.0,1.4295,0.8258,0.0017,-6.4024,0.2654,0.0661,2026-06-29,1127.42,1146.99,1024.78,1145.0,1.16964e6,1090.767714
2026-06-29T20:31:25.125,2,3,MU260702C01020000,MU,2026-07-02,call,1020.0,126.83,3.0,138.57,1.0,132.7,126.83,4.0,1.3585,0.8316,0.0018,-5.9629,0.2598,0.0669,2026-06-29,1127.42,1146.99,1024.78,1145.0,1.16964e6,1090.767714
2026-06-29T20:31:25.125,2,3,MU260702C01022500,MU,2026-07-02,call,1022.5,124.15,10.0,138.74,1.0,131.445,124.15,1.0,1.386,0.8223,0.0018,-6.2887,0.2688,0.0662,2026-06-29,1127.42,1146.99,1024.78,1145.0,1.16964e6,1090.767714
2026-06-29T20:31:25.125,2,3,MU260702C01025000,MU,2026-07-02,call,1025.0,121.46,21.0,134.67,40.0,128.065,132.0,3.0,1.3335,0.8253,0.0019,-5.991,0.2659,0.0667,2026-06-29,1127.42,1146.99,1024.78,1145.0,1.16964e6,1090.767714
2026-06-29T20:31:25.125,2,3,MU260702C01027500,MU,2026-07-02,call,1027.5,124.27,9.0,129.38,8.0,126.82499999999999,124.27,3.0,1.3603,0.8159,0.0019,-6.3106,0.2748,0.066,2026-06-29,1127.42,1146.99,1024.78,1145.0,1.16964e6,1090.767714
2026-06-29T20:31:25.125,2,3,MU260702C01030000,MU,2026-07-02,call,1030.0,119.69,9.0,129.37,10.0,124.53,119.69,1.0,1.3478,0.8125,0.0019,-6.3232,0.278,0.0658,2026-06-29,1127.42,1146.99,1024.78,1145.0,1.16964e6,1090.767714
2026-06-29T20:31:25.125,2,3,MU260702C01035000,MU,2026-07-02,call,1035.0,116.37,11.0,123.95,10.0,120.16,116.37,1.0,1.3299,0.8043,0.002,-6.4027,0.2853,0.0654,2026-06-29,1127.42,1146.99,1024.78,1145.0,1.16964e6,1090.767714
2026-06-29T20:31:25.125,2,3,MU260702C01040000,MU,2026-07-02,call,1040.0,113.1,5.0,117.35,5.0,115.225,116.23,2.0,1.2916,0.799,0.0021,-6.3216,0.29,0.0653,2026-06-29,1127.42,1146.99,1024.78,1145.0,1.16964e6,1090.767714
2026-06-29T20:31:25.125,2,3,MU260702C01045000,MU,2026-07-02,call,1045.0,109.47,16.0,115.18,10.0,112.325,111.4,1.0,1.3211,0.7829,0.0022,-6.7594,0.3035,0.0641,2026-06-29,1127.42,1146.99,1024.78,1145.0,1.16964e6,1090.767714
2026-06-29T20:31:25.125,2,3,MU260702C01050000,MU,2026-07-02,call,1050.0,106.1,17.0,111.75,2.0,108.925,108.05,1.0,1.3306,0.7696,0.0022,-7.0364,0.3139,0.0631,2026-06-29,1127.42,1146.99,1024.78,1145.0,1.16964e6,1090.767714
2026-06-29T20:31:25.125,2,3,MU260702C01055000,MU,2026-07-02,call,1055.0,102.23,21.0,109.13,17.0,105.68,102.23,1.0,1.3423,0.7559,0.0023,-7.323,0.324,0.0621,2026-06-29,1127.42,1146.99,1024.78,1145.0,1.16964e6,1090.767714
2026-06-29T20:31:25.125,2,3,MU260702C01060000,MU,2026-07-02,call,1060.0,96.35,2.0,104.27,22.0,100.31,100.0,2.0,1.2871,0.7509,0.0024,-7.1008,0.3275,0.0621,2026-06-29,1127.42,1146.99,1024.78,1145.0,1.16964e6,1090.767714
2026-06-29T20:31:25.125,2,3,MU260702C01065000,MU,2026-07-02,call,1065.0,93.94,2.0,97.71,50.0,95.82499999999999,96.0,3.0,1.2585,0.7418,0.0025,-7.075,0.3338,0.0616,2026-06-29,1127.42,1146.99,1024.78,1145.0,1.16964e6,1090.767714
2026-06-29T20:31:25.125,2,3,MU260702C01070000,MU,2026-07-02,call,1070.0,90.93,4.0,95.05,8.0,92.99000000000001,90.93,1.0,1.2773,0.7259,0.0025,-7.3959,0.344,0.0603,2026-06-29,1127.42,1146.99,1024.78,1145.0,1.16964e6,1090.767714
2026-06-29T20:31:25.125,2,3,MU260702C01075000,MU,2026-07-02,call,1075.0,86.2,8.0,91.62,30.0,88.91,89.42,1.0,1.2577,0.7147,0.0026,-7.4248,0.3508,0.0596,2026-06-29,1127.42,1146.99,1024.78,1145.0,1.16964e6,1090.767714
2026-06-29T20:31:25.125,2,3,MU260702C01080000,MU,2026-07-02,call,1080.0,85.63,9.0,87.17,5.0,86.4,85.63,1.0,1.2807,0.6982,0.0026,-7.7556,0.36,0.0583,2026-06-29,1127.42,1146.99,1024.78,1145.0,1.16964e6,1090.767714
2026-06-29T20:31:25.125,2,3,MU260702C01085000,MU,2026-07-02,call,1085.0,78.99,4.0,85.46,22.0,82.225,83.0,1.0,1.2554,0.6868,0.0027,-7.7263,0.366,0.0575,2026-06-29,1127.42,1146.99,1024.78,1145.0,1.16964e6,1090.767714
2026-06-29T20:31:25.125,2,3,MU260702C01090000,MU,2026-07-02,call,1090.0,78.59,22.0,80.17,31.0,79.38,78.59,3.0,1.2645,0.6714,0.0028,-7.9361,0.3733,0.0563,2026-06-29,1127.42,1146.99,1024.78,1145.0,1.16964e6,1090.767714
2026-06-29T20:31:25.125,2,3,MU260702C01095000,MU,2026-07-02,call,1095.0,72.52,4.0,76.04,15.0,74.28,75.17,1.0,1.2119,0.6615,0.0029,-7.6969,0.3777,0.0558,2026-06-29,1127.42,1146.99,1024.78,1145.0,1.16964e6,1090.767714
2026-06-29T20:31:25.125,2,3,MU260702C01100000,MU,2026-07-02,call,1100.0,70.5,5.0,74.12,15.0,72.31,71.49,1.0,1.2403,0.644,0.0029,-8.021,0.3848,0.0543,2026-06-29,1127.42,1146.99,1024.78,1145.0,1.16964e6,1090.767714
2026-06-29T20:31:25.125,2,3,MU260702C01105000,MU,2026-07-02,call,1105.0,68.29,3.0,70.98,31.0,69.635,68.29,1.0,1.2478,0.6283,0.0029,-8.1843,0.3905,0.0531,2026-06-29,1127.42,1146.99,1024.78,1145.0,1.16964e6,1090.767714
2026-06-29T20:31:25.125,2,3,MU260702C01110000,MU,2026-07-02,call,1110.0,65.09,9.0,67.2,9.0,66.14500000000001,65.09,1.0,1.2324,0.614,0.003,-8.1772,0.395,0.052,2026-06-29,1127.42,1146.99,1024.78,1145.0,1.16964e6,1090.767714
2026-06-29T20:31:25.125,2,3,MU260702C01115000,MU,2026-07-02,call,1115.0,59.74,10.0,63.68,28.0,61.71,62.31,1.0,1.1918,0.6004,0.0031,-7.9846,0.3989,0.0511,2026-06-29,1127.42,1146.99,1024.78,1145.0,1.16964e6,1090.767714
2026-06-29T20:31:25.125,2,3,MU260702C01120000,MU,2026-07-02,call,1120.0,58.32,5.0,60.58,23.0,59.45,59.95,1.0,1.2039,0.5839,0.0031,-8.1432,0.4028,0.0498,2026-06-29,1127.42,1146.99,1024.78,1145.0,1.16964e6,1090.767714
2026-06-29T20:31:25.125,2,3,MU260702C01125000,MU,2026-07-02,call,1125.0,54.24,9.0,57.67,63.0,55.955,56.71,1.0,1.1834,0.5683,0.0032,-8.065,0.4059,0.0486,2026-06-29,1127.42,1146.99,1024.78,1145.0,1.16964e6,1090.767714
2026-06-29T20:31:25.125,2,3,MU260702C01130000,MU,2026-07-02,call,1130.0,51.47,10.0,55.08,1.0,53.275,53.2,1.0,1.1812,0.552,0.0032,-8.0982,0.4085,0.0473,2026-06-29,1127.42,1146.99,1024.78,1145.0,1.16964e6,1090.767714
2026-06-29T20:31:25.125,2,3,MU260702C01135000,MU,2026-07-02,call,1135.0,48.71,3.0,51.34,43.0,50.025000000000006,51.34,1.0,1.163,0.5356,0.0033,-8.0094,0.4103,0.046,2026-06-29,1127.42,1146.99,1024.78,1145.0,1.16964e6,1090.767714
2026-06-29T20:31:25.125,2,3,MU260702C01140000,MU,2026-07-02,call,1140.0,45.95,21.0,49.62,40.0,47.785,47.75,1.0,1.1675,0.5191,0.0033,-8.0613,0.4115,0.0447,2026-06-29,1127.42,1146.99,1024.78,1145.0,1.16964e6,1090.767714
2026-06-29T20:31:25.125,2,3,MU260702C01145000,MU,2026-07-02,call,1145.0,43.68,1.0,46.94,24.0,45.31,45.75,2.0,1.1643,0.5025,0.0033,-8.0466,0.412,0.0433,2026-06-29,1127.42,1146.99,1024.78,1145.0,1.16964e6,1090.767714
2026-06-29T20:31:25.125,2,3,MU260702C01150000,MU,2026-07-02,call,1150.0,41.7,1.0,44.69,11.0,43.195,42.5,1.0,1.1679,0.4862,0.0033,-8.0646,0.4117,0.042,2026-06-29,1127.42,1146.99,1024.78,1145.0,1.16964e6,1090.767714
2026-06-29T20:31:25.125,2,3,MU260702C01155000,MU,2026-07-02,call,1155.0,39.05,1.0,42.05,28.0,40.55,40.81,1.0,1.1565,0.4692,0.0033,-7.9663,0.4107,0.0406,2026-06-29,1127.42,1146.99,1024.78,1145.0,1.16964e6,1090.767714
2026-06-29T20:31:25.125,2,3,MU260702C01160000,MU,2026-07-02,call,1160.0,36.32,28.0,38.82,1.0,37.57,38.82,10.0,1.135,0.4511,0.0034,-7.7816,0.4089,0.0391,2026-06-29,1127.42,1146.99,1024.78,1145.0,1.16964e6,1090.767714
2026-06-29T20:31:25.125,2,3,MU260702C01165000,MU,2026-07-02,call,1165.0,33.72,2.0,38.44,66.0,36.08,36.28,1.0,1.1478,0.4358,0.0033,-7.8245,0.4066,0.0378,2026-06-29,1127.42,1146.99,1024.78,1145.0,1.16964e6,1090.767714
2026-06-29T20:31:25.125,2,3,MU260702C01170000,MU,2026-07-02,call,1170.0,33.18,3.0,35.6,27.0,34.39,34.13,1.0,1.1539,0.4203,0.0033,-7.8084,0.4037,0.0365,2026-06-29,1127.42,1146.99,1024.78,1145.0,1.16964e6,1090.767714
2026-06-29T20:31:25.125,2,3,MU260702C01175000,MU,2026-07-02,call,1175.0,30.87,7.0,33.78,66.0,32.325,32.6,2.0,1.1488,0.4038,0.0033,-7.7,0.3999,0.0352,2026-06-29,1127.42,1146.99,1024.78,1145.0,1.16964e6,1090.767714
2026-06-29T20:31:25.125,2,3,MU260702C01180000,MU,2026-07-02,call,1180.0,29.96,2.0,30.99,88.0,30.475,29.96,29.0,1.1471,0.3879,0.0032,-7.6038,0.3956,0.0338,2026-06-29,1127.42,1146.99,1024.78,1145.0,1.16964e6,1090.767714
2026-06-29T20:31:25.125,2,3,MU260702C01185000,MU,2026-07-02,call,1185.0,28.38,6.0,28.73,15.0,28.555,28.73,1.0,1.1416,0.3716,0.0032,-7.4682,0.3905,0.0324,2026-06-29,1127.42,1146.99,1024.78,1145.0,1.16964e6,1090.767714
2026-06-29T20:31:25.125,2,3,MU260702C01190000,MU,2026-07-02,call,1190.0,26.49,4.0,28.09,25.0,27.29,27.0,1.0,1.151,0.3578,0.0031,-7.4334,0.3855,0.0313,2026-06-29,1127.42,1146.99,1024.78,1145.0,1.16964e6,1090.767714
2026-06-29T20:31:25.125,2,3,MU260702C01195000,MU,2026-07-02,call,1195.0,24.92,1.0,26.01,19.0,25.465000000000003,24.92,1.0,1.1441,0.3418,0.0031,-7.2656,0.3791,0.0299,2026-06-29,1127.42,1146.99,1024.78,1145.0,1.16964e6,1090.767714
2026-06-29T20:31:25.125,2,3,MU260702C01200000,MU,2026-07-02,call,1200.0,23.15,7.0,23.71,41.0,23.43,23.71,1.0,1.1294,0.3246,0.0031,-7.0263,0.3715,0.0285,2026-06-29,1127.42,1146.99,1024.78,1145.0,1.16964e6,1090.767714
2026-06-29T20:31:25.125,2,3,MU260702C01205000,MU,2026-07-02,call,1205.0,20.99,6.0,22.88,8.0,21.935,22.3,1.0,1.127,0.3096,0.003,-6.8724,0.3641,0.0272,2026-06-29,1127.42,1146.99,1024.78,1145.0,1.16964e6,1090.767714
2026-06-29T20:31:25.125,2,3,MU260702C01210000,MU,2026-07-02,call,1210.0,19.82,3.0,21.78,66.0,20.8,21.0,1.0,1.1327,0.2966,0.003,-6.7748,0.3572,0.0261,2026-06-29,1127.42,1146.99,1024.78,1145.0,1.16964e6,1090.767714
2026-06-29T20:31:25.125,2,3,MU260702C01215000,MU,2026-07-02,call,1215.0,18.86,6.0,19.99,15.0,19.424999999999997,19.2,1.0,1.1299,0.2823,0.0029,-6.6023,0.349,0.0248,2026-06-29,1127.42,1146.99,1024.78,1145.0,1.16964e6,1090.767714
2026-06-29T20:31:25.125,2,3,MU260702C01220000,MU,2026-07-02,call,1220.0,17.36,3.0,18.67,1.0,18.015,18.13,1.0,1.1241,0.2677,0.0028,-6.3979,0.34,0.0236,2026-06-29,1127.42,1146.99,1024.78,1145.0,1.16964e6,1090.767714
2026-06-29T20:31:25.125,2,3,MU260702C01225000,MU,2026-07-02,call,1225.0,16.27,10.0,17.72,4.0,16.994999999999997,17.0,1.0,1.1279,0.2555,0.0028,-6.2665,0.3319,0.0225,2026-06-29,1127.42,1146.99,1024.78,1145.0,1.16964e6,1090.767714
2026-06-29T20:31:25.125,2,3,MU260702C01230000,MU,2026-07-02,call,1230.0,14.86,13.0,16.5,63.0,15.68,16.0,1.0,1.1209,0.2413,0.0027,-6.0401,0.3219,0.0213,2026-06-29,1127.42,1146.99,1024.78,1145.0,1.16964e6,1090.767714
2026-06-29T20:31:25.125,2,3,MU260702C01235000,MU,2026-07-02,call,1235.0,14.02,1.0,15.75,28.0,14.885,15.0,1.0,1.1282,0.2307,0.0026,-5.9302,0.3141,0.0204,2026-06-29,1127.42,1146.99,1024.78,1145.0,1.16964e6,1090.767714
2026-06-29T20:31:25.125,2,3,MU260702C01240000,MU,2026-07-02,call,1240.0,13.23,11.0,13.89,22.0,13.56,13.66,1.0,1.1167,0.2162,0.0025,-5.6566,0.3027,0.0191,2026-06-29,1127.42,1146.99,1024.78,1145.0,1.16964e6,1090.767714
2026-06-29T20:31:25.125,2,3,MU260702C01245000,MU,2026-07-02,call,1245.0,12.23,11.0,13.57,34.0,12.9,12.8,3.0,1.1253,0.2067,0.0025,-5.5519,0.2949,0.0183,2026-06-29,1127.42,1146.99,1024.78,1145.0,1.16964e6,1090.767714
2026-06-29T20:31:25.125,2,3,MU260702C01250000,MU,2026-07-02,call,1250.0,11.18,19.0,12.22,14.0,11.7,11.8,1.0,1.1136,0.1929,0.0024,-5.2703,0.2828,0.0171,2026-06-29,1127.42,1146.99,1024.78,1145.0,1.16964e6,1090.767714
2026-06-29T20:31:25.125,2,3,MU260702C01255000,MU,2026-07-02,call,1255.0,10.37,36.0,11.49,20.0,10.93,11.05,5.0,1.115,0.1826,0.0023,-5.1003,0.2734,0.0162,2026-06-29,1127.42,1146.99,1024.78,1145.0,1.16964e6,1090.767714
2026-06-29T20:31:25.125,2,3,MU260702C01260000,MU,2026-07-02,call,1260.0,9.29,43.0,10.95,6.0,10.12,10.5,1.0,1.1132,0.1719,0.0022,-4.9016,0.2632,0.0153,2026-06-29,1127.42,1146.99,1024.78,1145.0,1.16964e6,1090.767714
2026-06-29T20:31:25.125,2,3,MU260702C01265000,MU,2026-07-02,call,1265.0,8.61,75.0,10.04,13.0,9.325,9.5,1.0,1.11,0.1613,0.0021,-4.691,0.2526,0.0143,2026-06-29,1127.42,1146.99,1024.78,1145.0,1.16964e6,1090.767714
2026-06-29T20:31:25.125,2,3,MU260702C01270000,MU,2026-07-02,call,1270.0,8.01,15.0,9.08,28.0,8.545,9.0,5.0,1.1054,0.1508,0.0021,-4.4684,0.2417,0.0134,2026-06-29,1127.42,1146.99,1024.78,1145.0,1.16964e6,1090.767714
2026-06-29T20:31:25.125,2,3,MU260702C01275000,MU,2026-07-02,call,1275.0,7.27,30.0,8.42,1.0,7.845,7.9,20.0,1.102,0.141,0.002,-4.2582,0.231,0.0126,2026-06-29,1127.42,1146.99,1024.78,1145.0,1.16964e6,1090.767714
2026-06-29T20:31:25.125,2,3,MU260702C01280000,MU,2026-07-02,call,1280.0,6.8,33.0,7.95,2.0,7.375,7.25,1.0,1.107,0.1336,0.0019,-4.1222,0.2227,0.0119,2026-06-29,1127.42,1146.99,1024.78,1145.0,1.16964e6,1090.767714
2026-06-29T20:31:25.125,2,3,MU260702C01285000,MU,2026-07-02,call,1285.0,6.17,21.0,7.47,27.0,6.82,6.8,2.0,1.1066,0.1254,0.0018,-3.9421,0.213,0.0112,2026-06-29,1127.42,1146.99,1024.78,1145.0,1.16964e6,1090.767714
2026-06-29T20:31:25.125,2,3,MU260702C01290000,MU,2026-07-02,call,1290.0,5.66,43.0,6.77,23.0,6.215,6.35,1.0,1.102,0.1165,0.0017,-3.728,0.2023,0.0104,2026-06-29,1127.42,1146.99,1024.78,1145.0,1.16964e6,1090.767714
2026-06-29T20:31:25.125,2,3,MU260702C01295000,MU,2026-07-02,call,1295.0,5.33,54.0,6.03,1.0,5.68,5.8,1.0,1.0988,0.1084,0.0016,-3.5298,0.1921,0.0097,2026-06-29,1127.42,1146.99,1024.78,1145.0,1.16964e6,1090.767714
2026-06-29T20:31:25.125,2,3,MU260702C01300000,MU,2026-07-02,call,1300.0,5.13,3.0,5.59,1.0,5.359999999999999,5.4,1.0,1.1053,0.1028,0.0016,-3.4169,0.1849,0.0092,2026-06-29,1127.42,1146.99,1024.78,1145.0,1.16964e6,1090.767714
2026-06-29T20:31:25.125,2,3,MU260702C01305000,MU,2026-07-02,call,1305.0,4.53,31.0,5.34,3.0,4.9350000000000005,5.02,1.0,1.1047,0.096,0.0015,-3.2478,0.1758,0.0086,2026-06-29,1127.42,1146.99,1024.78,1145.0,1.16964e6,1090.767714
2026-06-29T20:31:25.125,2,3,MU260702C01310000,MU,2026-07-02,call,1310.0,4.07,23.0,4.71,3.0,4.390000000000001,4.5,1.0,1.0951,0.0876,0.0014,-3.009,0.1643,0.0078,2026-06-29,1127.42,1146.99,1024.78,1145.0,1.16964e6,1090.767714
2026-06-29T20:31:25.125,2,3,MU260702C01315000,MU,2026-07-02,call,1315.0,3.8,23.0,4.56,25.0,4.18,4.3,1.0,,,,,,,2026-06-29,1127.42,1146.99,1024.78,1145.0,1.16964e6,1090.767714
2026-06-29T20:31:25.125,2,3,MU260702C01320000,MU,2026-07-02,call,1320.0,3.68,1.0,4.08,3.0,3.88,3.7,1.0,1.1063,0.0783,0.0013,-2.7925,0.151,0.007,2026-06-29,1127.42,1146.99,1024.78,1145.0,1.16964e6,1090.767714
2026-06-29T20:31:25.125,2,3,MU260702C01325000,MU,2026-07-02,call,1325.0,3.12,18.0,3.8,33.0,3.46,3.65,1.0,1.0987,0.0714,0.0012,-2.5857,0.1408,0.0064,2026-06-29,1127.42,1146.99,1024.78,1145.0,1.16964e6,1090.767714
2026-06-29T20:31:25.125,2,3,MU260702C01330000,MU,2026-07-02,call,1330.0,2.9,36.0,3.46,26.0,3.1799999999999997,3.3,5.0,1.0989,0.0664,0.0011,-2.4461,0.1332,0.006,2026-06-29,1127.42,1146.99,1024.78,1145.0,1.16964e6,1090.767714
2026-06-29T20:31:25.125,2,3,MU260702C01335000,MU,2026-07-02,call,1335.0,2.76,17.0,3.19,17.0,2.9749999999999996,2.9,1.0,,,,,,,2026-06-29,1127.42,1146.99,1024.78,1145.0,1.16964e6,1090.767714
2026-06-29T20:31:25.125,2,3,MU260702C01340000,MU,2026-07-02,call,1340.0,2.43,36.0,2.83,7.0,2.63,2.7,1.0,,,,,,,2026-06-29,1127.42,1146.99,1024.78,1145.0,1.16964e6,1090.767714
2026-06-29T20:31:25.125,2,3,MU260702C01345000,MU,2026-07-02,call,1345.0,2.13,20.0,2.76,31.0,2.445,2.5,1.0,,,,,,,2026-06-29,1127.42,1146.99,1024.78,1145.0,1.16964e6,1090.767714
2026-06-29T20:31:25.125,2,3,MU260702C01350000,MU,2026-07-02,call,1350.0,2.14,9.0,2.43,22.0,2.285,2.26,1.0,,,,,,,2026-06-29,1127.42,1146.99,1024.78,1145.0,1.16964e6,1090.767714
2026-06-29T20:31:25.125,2,3,MU260702C01355000,MU,2026-07-02,call,1355.0,1.68,93.0,2.37,30.0,2.025,1.94,1.0,,,,,,,2026-06-29,1127.42,1146.99,1024.78,1145.0,1.16964e6,1090.767714
2026-06-29T20:31:25.125,2,3,MU260702C01360000,MU,2026-07-02,call,1360.0,1.53,97.0,2.16,11.0,1.8450000000000002,1.74,1.0,,,,,,,2026-06-29,1127.42,1146.99,1024.78,1145.0,1.16964e6,1090.767714
2026-06-29T20:31:25.125,2,3,MU260702C01365000,MU,2026-07-02,call,1365.0,1.33,73.0,2.14,26.0,1.735,1.8,1.0,,,,,,,2026-06-29,1127.42,1146.99,1024.78,1145.0,1.16964e6,1090.767714
2026-06-29T20:31:25.125,2,3,MU260702C01370000,MU,2026-07-02,call,1370.0,1.47,56.0,1.63,1.0,1.5499999999999998,1.47,1.0,,,,,,,2026-06-29,1127.42,1146.99,1024.78,1145.0,1.16964e6,1090.767714
2026-06-29T20:31:25.125,2,3,MU260702C01375000,MU,2026-07-02,call,1375.0,1.16,45.0,1.67,15.0,1.415,1.35,1.0,,,,,,,2026-06-29,1127.42,1146.99,1024.78,1145.0,1.16964e6,1090.767714
2026-06-29T20:31:25.125,2,3,MU260702C01380000,MU,2026-07-02,call,1380.0,1.08,86.0,1.54,23.0,1.31,1.32,1.0,,,,,,,2026-06-29,1127.42,1146.99,1024.78,1145.0,1.16964e6,1090.767714
2026-06-29T20:31:25.125,2,3,MU260702C01385000,MU,2026-07-02,call,1385.0,0.8,26.0,1.32,2.0,1.06,1.21,1.0,,,,,,,2026-06-29,1127.42,1146.99,1024.78,1145.0,1.16964e6,1090.767714
2026-06-29T20:31:25.125,2,3,MU260702C01390000,MU,2026-07-02,call,1390.0,0.71,83.0,1.24,12.0,0.975,1.05,1.0,,,,,,,2026-06-29,1127.42,1146.99,1024.78,1145.0,1.16964e6,1090.767714
2026-06-29T20:31:25.125,2,3,MU260702C01395000,MU,2026-07-02,call,1395.0,0.68,61.0,1.24,14.0,0.96,0.92,1.0,,,,,,,2026-06-29,1127.42,1146.99,1024.78,1145.0,1.16964e6,1090.767714
2026-06-29T20:31:25.125,2,3,MU260702C01400000,MU,2026-07-02,call,1400.0,0.89,17.0,0.93,5.0,0.91,0.93,5.0,,,,,,,2026-06-29,1127.42,1146.99,1024.78,1145.0,1.16964e6,1090.767714
2026-06-29T20:31:25.125,2,3,MU260702C01405000,MU,2026-07-02,call,1405.0,0.68,19.0,0.88,1.0,0.78,0.75,200.0,,,,,,,2026-06-29,1127.42,1146.99,1024.78,1145.0,1.16964e6,1090.767714
2026-06-29T20:31:25.125,2,3,MU260702C01410000,MU,2026-07-02,call,1410.0,0.53,19.0,0.89,4.0,0.71,0.71,1.0,,,,,,,2026-06-29,1127.42,1146.99,1024.78,1145.0,1.16964e6,1090.767714
2026-06-29T20:31:25.125,2,3,MU260702C01415000,MU,2026-07-02,call,1415.0,0.42,35.0,1.28,42.0,0.85,0.81,2.0,,,,,,,2026-06-29,1127.42,1146.99,1024.78,1145.0,1.16964e6,1090.767714
2026-06-29T20:31:25.125,2,3,MU260702C01420000,MU,2026-07-02,call,1420.0,0.47,50.0,0.68,1.0,0.575,0.51,1.0,,,,,,,2026-06-29,1127.42,1146.99,1024.78,1145.0,1.16964e6,1090.767714
2026-06-29T20:31:25.125,2,3,MU260702C01425000,MU,2026-07-02,call,1425.0,0.33,38.0,0.74,2.0,0.535,0.58,2.0,,,,,,,2026-06-29,1127.42,1146.99,1024.78,1145.0,1.16964e6,1090.767714
2026-06-29T20:31:25.125,2,3,MU260702C01430000,MU,2026-07-02,call,1430.0,0.29,19.0,0.56,1.0,0.42500000000000004,0.45,2.0,,,,,,,2026-06-29,1127.42,1146.99,1024.78,1145.0,1.16964e6,1090.767714
2026-06-29T20:31:25.125,2,3,MU260702C01435000,MU,2026-07-02,call,1435.0,0.18,43.0,0.81,20.0,0.495,0.38,1.0,,,,,,,2026-06-29,1127.42,1146.99,1024.78,1145.0,1.16964e6,1090.767714
2026-06-29T20:31:25.125,2,3,MU260702C01440000,MU,2026-07-02,call,1440.0,0.31,95.0,0.7,57.0,0.505,0.34,3.0,,,,,,,2026-06-29,1127.42,1146.99,1024.78,1145.0,1.16964e6,1090.767714
2026-06-29T20:31:25.125,2,3,MU260702C01445000,MU,2026-07-02,call,1445.0,0.14,19.0,0.48,3.0,0.31,0.45,2.0,,,,,,,2026-06-29,1127.42,1146.99,1024.78,1145.0,1.16964e6,1090.767714
2026-06-29T20:31:25.125,2,3,MU260702C01450000,MU,2026-07-02,call,1450.0,0.23,56.0,0.42,4.0,0.325,0.35,1.0,,,,,,,2026-06-29,1127.42,1146.99,1024.78,1145.0,1.16964e6,1090.767714
2026-06-29T20:31:25.125,2,3,MU260702C01455000,MU,2026-07-02,call,1455.0,0.12,16.0,0.81,25.0,0.465,0.31,1.0,,,,,,,2026-06-29,1127.42,1146.99,1024.78,1145.0,1.16964e6,1090.767714
2026-06-29T20:31:25.125,2,3,MU260702C01460000,MU,2026-07-02,call,1460.0,0.18,57.0,0.43,23.0,0.305,0.27,1.0,,,,,,,2026-06-29,1127.42,1146.99,1024.78,1145.0,1.16964e6,1090.767714
2026-06-29T20:31:25.125,2,3,MU260702C01465000,MU,2026-07-02,call,1465.0,0.16,58.0,0.44,19.0,0.3,0.3,1.0,,,,,,,2026-06-29,1127.42,1146.99,1024.78,1145.0,1.16964e6,1090.767714
2026-06-29T20:31:25.125,2,3,MU260702C01470000,MU,2026-07-02,call,1470.0,0.15,76.0,0.35,2.0,0.25,0.28,1.0,,,,,,,2026-06-29,1127.42,1146.99,1024.78,1145.0,1.16964e6,1090.767714
2026-06-29T20:31:25.125,2,3,MU260702C01475000,MU,2026-07-02,call,1475.0,0.18,76.0,0.37,16.0,0.275,0.25,1.0,,,,,,,2026-06-29,1127.42,1146.99,1024.78,1145.0,1.16964e6,1090.767714
2026-06-29T20:31:25.125,2,3,MU260702C01480000,MU,2026-07-02,call,1480.0,0.14,16.0,0.51,24.0,0.325,0.21,1.0,,,,,,,2026-06-29,1127.42,1146.99,1024.78,1145.0,1.16964e6,1090.767714
2026-06-29T20:31:25.125,2,3,MU260702C01485000,MU,2026-07-02,call,1485.0,0.03,25.0,0.69,20.0,0.36,0.22,1.0,,,,,,,2026-06-29,1127.42,1146.99,1024.78,1145.0,1.16964e6,1090.767714
2026-06-29T20:31:25.125,2,3,MU260702C01490000,MU,2026-07-02,call,1490.0,0.11,49.0,0.57,53.0,0.33999999999999997,0.2,1.0,,,,,,,2026-06-29,1127.42,1146.99,1024.78,1145.0,1.16964e6,1090.767714
2026-06-29T20:31:25.125,2,3,MU260702C01495000,MU,2026-07-02,call,1495.0,0.06,74.0,0.66,65.0,0.36,0.17,1.0,,,,,,,2026-06-29,1127.42,1146.99,1024.78,1145.0,1.16964e6,1090.767714
2026-06-29T20:31:25.125,2,3,MU260702C01500000,MU,2026-07-02,call,1500.0,0.19,1.0,0.21,3.0,0.2,0.19,1.0,,,,,,,2026-06-29,1127.42,1146.99,1024.78,1145.0,1.16964e6,1090.767714
2026-06-29T20:31:25.125,2,3,MU260702C01510000,MU,2026-07-02,call,1510.0,0.07,24.0,0.63,25.0,0.35,0.27,1.0,,,,,,,2026-06-29,1127.42,1146.99,1024.78,1145.0,1.16964e6,1090.767714
2026-06-29T20:31:25.125,2,3,MU260702C01520000,MU,2026-07-02,call,1520.0,0.03,47.0,0.43,49.0,0.22999999999999998,0.19,1.0,,,,,,,2026-06-29,1127.42,1146.99,1024.78,1145.0,1.16964e6,1090.767714
2026-06-29T20:31:25.125,2,3,MU260702C01530000,MU,2026-07-02,call,1530.0,0.09,3.0,0.22,35.0,0.155,0.13,4.0,,,,,,,2026-06-29,1127.42,1146.99,1024.78,1145.0,1.16964e6,1090.767714
2026-06-29T20:31:25.125,2,3,MU260702C01540000,MU,2026-07-02,call,1540.0,0.09,1.0,0.3,14.0,0.195,0.18,1.0,,,,,,,2026-06-29,1127.42,1146.99,1024.78,1145.0,1.16964e6,1090.767714
2026-06-29T20:31:25.125,2,3,MU260702C01550000,MU,2026-07-02,call,1550.0,0.03,20.0,0.12,1.0,0.075,0.1,1.0,,,,,,,2026-06-29,1127.42,1146.99,1024.78,1145.0,1.16964e6,1090.767714
2026-06-29T20:31:25.125,2,3,MU260702C01560000,MU,2026-07-02,call,1560.0,0.01,18.0,0.2,9.0,0.10500000000000001,0.18,1.0,,,,,,,2026-06-29,1127.42,1146.99,1024.78,1145.0,1.16964e6,1090.767714
2026-06-29T20:31:25.125,2,3,MU260702C01570000,MU,2026-07-02,call,1570.0,0.04,19.0,0.2,18.0,0.12000000000000001,0.18,1.0,,,,,,,2026-06-29,1127.42,1146.99,1024.78,1145.0,1.16964e6,1090.767714
2026-06-29T20:31:25.125,2,3,MU260702C01580000,MU,2026-07-02,call,1580.0,0.04,1.0,0.1,9.0,0.07,0.09,10.0,,,,,,,2026-06-29,1127.42,1146.99,1024.78,1145.0,1.16964e6,1090.767714
2026-06-29T20:31:25.125,2,3,MU260702C01590000,MU,2026-07-02,call,1590.0,0.01,61.0,0.16,48.0,0.085,0.05,20.0,,,,,,,2026-06-29,1127.42,1146.99,1024.78,1145.0,1.16964e6,1090.767714
2026-06-29T20:31:25.125,2,3,MU260702C01600000,MU,2026-07-02,call,1600.0,0.01,4.0,0.06,1.0,0.034999999999999996,0.06,1.0,,,,,,,2026-06-29,1127.42,1146.99,1024.78,1145.0,1.16964e6,1090.767714
2026-06-29T20:31:25.125,2,3,MU260702C01610000,MU,2026-07-02,call,1610.0,0.03,20.0,0.12,24.0,0.075,0.12,1.0,,,,,,,2026-06-29,1127.42,1146.99,1024.78,1145.0,1.16964e6,1090.767714
2026-06-29T20:31:25.125,2,3,MU260702C01620000,MU,2026-07-02,call,1620.0,0.03,3.0,0.11,13.0,0.07,0.07,1.0,,,,,,,2026-06-29,1127.42,1146.99,1024.78,1145.0,1.16964e6,1090.767714
2026-06-29T20:31:25.125,2,3,MU260702C01630000,MU,2026-07-02,call,1630.0,0.01,1.0,0.07,2.0,0.04,0.07,5.0,,,,,,,2026-06-29,1127.42,1146.99,1024.78,1145.0,1.16964e6,1090.767714
2026-06-29T20:31:25.125,2,3,MU260702C01640000,MU,2026-07-02,call,1640.0,0.03,32.0,0.13,30.0,0.08,0.06,4.0,,,,,,,2026-06-29,1127.42,1146.99,1024.78,1145.0,1.16964e6,1090.767714
2026-06-29T20:31:25.125,2,3,MU260702C01650000,MU,2026-07-02,call,1650.0,0.01,78.0,0.06,1.0,0.034999999999999996,0.06,1.0,,,,,,,2026-06-29,1127.42,1146.99,1024.78,1145.0,1.16964e6,1090.767714
2026-06-29T20:31:25.125,2,3,MU260702C01660000,MU,2026-07-02,call,1660.0,0.01,1.0,0.07,20.0,0.04,0.01,1.0,,,,,,,2026-06-29,1127.42,1146.99,1024.78,1145.0,1.16964e6,1090.767714
2026-06-29T20:31:25.125,2,3,MU260702C01670000,MU,2026-07-02,call,1670.0,0.03,1.0,0.07,20.0,0.05,0.05,1.0,,,,,,,2026-06-29,1127.42,1146.99,1024.78,1145.0,1.16964e6,1090.767714
2026-06-29T20:31:25.125,2,3,MU260702C01680000,MU,2026-07-02,call,1680.0,0.01,1.0,0.03,20.0,0.02,0.06,1.0,,,,,,,2026-06-29,1127.42,1146.99,1024.78,1145.0,1.16964e6,1090.767714
2026-06-29T20:31:25.125,2,3,MU260702C01690000,MU,2026-07-02,call,1690.0,0.01,1.0,0.07,20.0,0.04,0.03,1.0,,,,,,,2026-06-29,1127.42,1146.99,1024.78,1145.0,1.16964e6,1090.767714
2026-06-29T20:31:25.125,2,3,MU260702C01700000,MU,2026-07-02,call,1700.0,0.04,2.0,0.05,2.0,0.045,0.03,10.0,,,,,,,2026-06-29,1127.42,1146.99,1024.78,1145.0,1.16964e6,1090.767714
2026-06-29T20:31:25.125,2,3,MU260702C01710000,MU,2026-07-02,call,1710.0,0.03,1.0,0.07,1.0,0.05,0.01,3.0,,,,,,,2026-06-29,1127.42,1146.99,1024.78,1145.0,1.16964e6,1090.767714
2026-06-29T20:31:25.125,2,3,MU260702C01720000,MU,2026-07-02,call,1720.0,0.03,2.0,0.07,1.0,0.05,0.03,1.0,,,,,,,2026-06-29,1127.42,1146.99,1024.78,1145.0,1.16964e6,1090.767714
2026-06-29T20:31:25.125,2,3,MU260702C01730000,MU,2026-07-02,call,1730.0,0.03,3.0,0.07,1.0,0.05,0.03,3.0,,,,,,,2026-06-29,1127.42,1146.99,1024.78,1145.0,1.16964e6,1090.767714
2026-06-29T20:31:25.125,2,3,MU260702C01740000,MU,2026-07-02,call,1740.0,0.01,1.0,0.03,20.0,0.02,0.04,2.0,,,,,,,2026-06-29,1127.42,1146.99,1024.78,1145.0,1.16964e6,1090.767714
2026-06-29T20:31:25.125,2,3,MU260702C01750000,MU,2026-07-02,call,1750.0,0.01,1.0,0.03,2.0,0.02,0.01,1.0,,,,,,,2026-06-29,1127.42,1146.99,1024.78,1145.0,1.16964e6,1090.767714
2026-06-29T20:31:25.125,2,3,MU260702C01760000,MU,2026-07-02,call,1760.0,0.03,1.0,0.07,1.0,0.05,0.02,1.0,,,,,,,2026-06-29,1127.42,1146.99,1024.78,1145.0,1.16964e6,1090.767714
2026-06-29T20:31:25.125,2,3,MU260702C01770000,MU,2026-07-02,call,1770.0,0.03,1.0,0.05,1.0,0.04,0.04,1.0,,,,,,,2026-06-29,1127.42,1146.99,1024.78,1145.0,1.16964e6,1090.767714
2026-06-29T20:31:25.125,2,3,MU260702C01780000,MU,2026-07-02,call,1780.0,0.01,1.0,0.07,1.0,0.04,0.05,65.0,,,,,,,2026-06-29,1127.42,1146.99,1024.78,1145.0,1.16964e6,1090.767714
2026-06-29T20:31:25.125,2,3,MU260702C01790000,MU,2026-07-02,call,1790.0,0.03,1.0,0.07,22.0,0.05,0.02,6.0,,,,,,,2026-06-29,1127.42,1146.99,1024.78,1145.0,1.16964e6,1090.767714
2026-06-29T20:31:25.125,2,3,MU260702C01800000,MU,2026-07-02,call,1800.0,0.01,33.0,0.05,50.0,0.030000000000000002,0.01,1.0,,,,,,,2026-06-29,1127.42,1146.99,1024.78,1145.0,1.16964e6,1090.767714
2026-06-29T20:31:25.125,2,3,MU260702C01810000,MU,2026-07-02,call,1810.0,0.0,0.0,0.09,5.0,0.045,0.01,1.0,,,,,,,2026-06-29,1127.42,1146.99,1024.78,1145.0,1.16964e6,1090.767714
2026-06-29T20:31:25.125,2,3,MU260702C01820000,MU,2026-07-02,call,1820.0,0.0,0.0,0.09,7.0,0.045,0.01,1.0,,,,,,,2026-06-29,1127.42,1146.99,1024.78,1145.0,1.16964e6,1090.767714
2026-06-29T20:31:25.125,2,3,MU260702C01830000,MU,2026-07-02,call,1830.0,0.0,0.0,0.09,1.0,0.045,0.02,10.0,,,,,,,2026-06-29,1127.42,1146.99,1024.78,1145.0,1.16964e6,1090.767714
2026-06-29T20:31:25.125,2,3,MU260702C01840000,MU,2026-07-02,call,1840.0,0.0,0.0,0.09,13.0,0.045,0.03,1.0,,,,,,,2026-06-29,1127.42,1146.99,1024.78,1145.0,1.16964e6,1090.767714
2026-06-29T20:31:25.125,2,3,MU260702C01850000,MU,2026-07-02,call,1850.0,0.0,0.0,0.06,2.0,0.03,0.01,10.0,,,,,,,2026-06-29,1127.42,1146.99,1024.78,1145.0,1.16964e6,1090.767714
2026-06-29T20:31:25.125,2,3,MU260702C01860000,MU,2026-07-02,call,1860.0,0.0,0.0,0.09,12.0,0.045,0.04,1.0,,,,,,,2026-06-29,1127.42,1146.99,1024.78,1145.0,1.16964e6,1090.767714
2026-06-29T20:31:25.125,2,3,MU260702C01870000,MU,2026-07-02,call,1870.0,0.0,0.0,0.03,1.0,0.015,0.02,3.0,,,,,,,2026-06-29,1127.42,1146.99,1024.78,1145.0,1.16964e6,1090.767714
2026-06-29T20:31:25.125,2,3,MU260702C01880000,MU,2026-07-02,call,1880.0,0.0,0.0,0.05,10.0,0.025,0.01,1.0,,,,,,,2026-06-29,1127.42,1146.99,1024.78,1145.0,1.16964e6,1090.767714
2026-06-29T20:31:25.125,2,3,MU260702C01890000,MU,2026-07-02,call,1890.0,0.0,0.0,0.09,3.0,0.045,0.01,1.0,,,,,,,2026-06-29,1127.42,1146.99,1024.78,1145.0,1.16964e6,1090.767714
2026-06-29T20:31:25.125,2,3,MU260702C01900000,MU,2026-07-02,call,1900.0,0.0,0.0,0.1,12.0,0.05,0.04,10.0,,,,,,,2026-06-29,1127.42,1146.99,1024.78,1145.0,1.16964e6,1090.767714
2026-06-29T20:31:25.125,2,3,MU260702C01910000,MU,2026-07-02,call,1910.0,0.0,0.0,0.05,19.0,0.025,0.05,10.0,,,,,,,2026-06-29,1127.42,1146.99,1024.78,1145.0,1.16964e6,1090.767714
2026-06-29T20:31:25.125,2,3,MU260702C01920000,MU,2026-07-02,call,1920.0,0.0,0.0,0.05,13.0,0.025,0.01,1.0,,,,,,,2026-06-29,1127.42,1146.99,1024.78,1145.0,1.16964e6,1090.767714
2026-06-29T20:31:25.125,2,3,MU260702C01930000,MU,2026-07-02,call,1930.0,0.0,0.0,0.09,14.0,0.045,0.05,1.0,,,,,,,2026-06-29,1127.42,1146.99,1024.78,1145.0,1.16964e6,1090.767714
2026-06-29T20:31:25.125,2,3,MU260702C01940000,MU,2026-07-02,call,1940.0,0.0,0.0,0.09,14.0,0.045,0.05,1.0,,,,,,,2026-06-29,1127.42,1146.99,1024.78,1145.0,1.16964e6,1090.767714
2026-06-29T20:31:25.125,2,3,MU260702C01950000,MU,2026-07-02,call,1950.0,0.0,0.0,0.09,12.0,0.045,0.01,1.0,,,,,,,2026-06-29,1127.42,1146.99,1024.78,1145.0,1.16964e6,1090.767714
2026-06-29T20:31:25.125,2,3,MU260702C01960000,MU,2026-07-02,call,1960.0,0.0,0.0,0.05,13.0,0.025,0.01,1.0,,,,,,,2026-06-29,1127.42,1146.99,1024.78,1145.0,1.16964e6,1090.767714
2026-06-29T20:31:25.125,2,3,MU260702C01970000,MU,2026-07-02,call,1970.0,0.0,0.0,0.07,2.0,0.035,0.01,5.0,,,,,,,2026-06-29,1127.42,1146.99,1024.78,1145.0,1.16964e6,1090.767714
2026-06-29T20:31:25.125,2,3,MU260702C01980000,MU,2026-07-02,call,1980.0,0.0,0.0,0.82,2.0,0.41,0.1,1.0,,,,,,,2026-06-29,1127.42,1146.99,1024.78,1145.0,1.16964e6,1090.767714
2026-06-29T20:31:25.125,2,3,MU260702C01990000,MU,2026-07-02,call,1990.0,0.0,0.0,0.98,12.0,0.49,0.19,1.0,,,,,,,2026-06-29,1127.42,1146.99,1024.78,1145.0,1.16964e6,1090.767714
2026-06-29T20:31:25.125,2,3,MU260702C02000000,MU,2026-07-02,call,2000.0,0.0,0.0,0.03,33.0,0.015,0.01,5.0,,,,,,,2026-06-29,1127.42,1146.99,1024.78,1145.0,1.16964e6,1090.767714
2026-06-29T20:31:25.125,2,3,MU260702C02010000,MU,2026-07-02,call,2010.0,0.0,0.0,1.02,7.0,0.51,0.01,3.0,,,,,,,2026-06-29,1127.42,1146.99,1024.78,1145.0,1.16964e6,1090.767714
2026-06-29T20:31:25.125,2,3,MU260702C02020000,MU,2026-07-02,call,2020.0,0.0,0.0,0.06,8.0,0.03,0.01,1.0,,,,,,,2026-06-29,1127.42,1146.99,1024.78,1145.0,1.16964e6,1090.767714
2026-06-29T20:31:25.125,2,3,MU260702C02030000,MU,2026-07-02,call,2030.0,0.0,0.0,0.98,2.0,0.49,0.12,1.0,,,,,,,2026-06-29,1127.42,1146.99,1024.78,1145.0,1.16964e6,1090.767714
2026-06-29T20:31:25.125,2,3,MU260702C02040000,MU,2026-07-02,call,2040.0,0.0,0.0,0.1,10.0,0.05,0.02,1.0,,,,,,,2026-06-29,1127.42,1146.99,1024.78,1145.0,1.16964e6,1090.767714
2026-06-29T20:31:25.125,2,3,MU260702C02050000,MU,2026-07-02,call,2050.0,0.0,0.0,0.06,3.0,0.03,0.01,4.0,,,,,,,2026-06-29,1127.42,1146.99,1024.78,1145.0,1.16964e6,1090.767714
2026-06-29T20:31:25.125,2,3,MU260702C02060000,MU,2026-07-02,call,2060.0,0.0,0.0,0.06,12.0,0.03,0.06,1.0,,,,,,,2026-06-29,1127.42,1146.99,1024.78,1145.0,1.16964e6,1090.767714
2026-06-29T20:31:25.125,2,3,MU260702C02070000,MU,2026-07-02,call,2070.0,0.0,0.0,0.12,2.0,0.06,0.22,1.0,,,,,,,2026-06-29,1127.42,1146.99,1024.78,1145.0,1.16964e6,1090.767714
2026-06-29T20:31:25.125,2,3,MU260702C02080000,MU,2026-07-02,call,2080.0,0.0,0.0,0.1,10.0,0.05,0.01,2.0,,,,,,,2026-06-29,1127.42,1146.99,1024.78,1145.0,1.16964e6,1090.767714
2026-06-29T20:31:25.125,2,3,MU260702C02090000,MU,2026-07-02,call,2090.0,0.0,0.0,0.33,8.0,0.165,0.01,5.0,,,,,,,2026-06-29,1127.42,1146.99,1024.78,1145.0,1.16964e6,1090.767714
2026-06-29T20:31:25.125,2,3,MU260702C02100000,MU,2026-07-02,call,2100.0,0.0,0.0,0.1,10.0,0.05,0.01,1.0,,,,,,,2026-06-29,1127.42,1146.99,1024.78,1145.0,1.16964e6,1090.767714
2026-06-29T20:31:25.125,2,3,MU260702C02110000,MU,2026-07-02,call,2110.0,0.0,0.0,0.1,12.0,0.05,0.1,1.0,,,,,,,2026-06-29,1127.42,1146.99,1024.78,1145.0,1.16964e6,1090.767714
2026-06-29T20:31:25.125,2,3,MU260702C02120000,MU,2026-07-02,call,2120.0,0.0,0.0,0.1,6.0,0.05,0.01,1.0,,,,,,,2026-06-29,1127.42,1146.99,1024.78,1145.0,1.16964e6,1090.767714
2026-06-29T20:31:25.125,2,3,MU260702C02130000,MU,2026-07-02,call,2130.0,0.0,0.0,0.1,10.0,0.05,0.06,1.0,,,,,,,2026-06-29,1127.42,1146.99,1024.78,1145.0,1.16964e6,1090.767714
2026-06-29T20:31:25.125,2,3,MU260702C02140000,MU,2026-07-02,call,2140.0,0.0,0.0,0.06,12.0,0.03,0.03,1.0,,,,,,,2026-06-29,1127.42,1146.99,1024.78,1145.0,1.16964e6,1090.767714
2026-06-29T20:31:25.125,2,3,MU260702C02150000,MU,2026-07-02,call,2150.0,0.0,0.0,0.01,1000.0,0.005,0.04,1.0,,,,,,,2026-06-29,1127.42,1146.99,1024.78,1145.0,1.16964e6,1090.767714
2026-06-29T20:31:25.125,2,3,MU260702C02160000,MU,2026-07-02,call,2160.0,0.0,0.0,0.1,2.0,0.05,0.01,1.0,,,,,,,2026-06-29,1127.42,1146.99,1024.78,1145.0,1.16964e6,1090.767714
2026-06-29T20:31:25.125,2,3,MU260702C02170000,MU,2026-07-02,call,2170.0,0.0,0.0,0.03,1.0,0.015,0.01,2.0,,,,,,,2026-06-29,1127.42,1146.99,1024.78,1145.0,1.16964e6,1090.767714
2026-06-29T20:31:25.125,2,3,MU260702C02180000,MU,2026-07-02,call,2180.0,0.0,0.0,1.02,11.0,0.51,0.03,1.0,,,,,,,2026-06-29,1127.42,1146.99,1024.78,1145.0,1.16964e6,1090.767714
2026-06-29T20:31:25.125,2,3,MU260702C02190000,MU,2026-07-02,call,2190.0,0.0,0.0,1.02,12.0,0.51,0.03,1.0,,,,,,,2026-06-29,1127.42,1146.99,1024.78,1145.0,1.16964e6,1090.767714
2026-06-29T20:31:25.125,2,3,MU260702C02200000,MU,2026-07-02,call,2200.0,0.0,0.0,0.01,2000.0,0.005,0.1,2.0,,,,,,,2026-06-29,1127.42,1146.99,1024.78,1145.0,1.16964e6,1090.767714
2026-06-29T20:31:25.125,2,3,MU260702C02210000,MU,2026-07-02,call,2210.0,0.0,0.0,0.98,2.0,0.49,0.16,1.0,,,,,,,2026-06-29,1127.42,1146.99,1024.78,1145.0,1.16964e6,1090.767714
2026-06-29T20:31:25.125,2,3,MU260702C02220000,MU,2026-07-02,call,2220.0,0.0,0.0,0.01,25.0,0.005,0.01,10.0,,,,,,,2026-06-29,1127.42,1146.99,1024.78,1145.0,1.16964e6,1090.767714
2026-06-29T20:31:25.125,2,3,MU260702C02230000,MU,2026-07-02,call,2230.0,0.0,0.0,1.02,12.0,0.51,0.16,1.0,,,,,,,2026-06-29,1127.42,1146.99,1024.78,1145.0,1.16964e6,1090.767714
2026-06-29T20:31:25.125,2,3,MU260702C02240000,MU,2026-07-02,call,2240.0,0.0,0.0,0.1,1.0,0.05,0.01,1.0,,,,,,,2026-06-29,1127.42,1146.99,1024.78,1145.0,1.16964e6,1090.767714
2026-06-29T20:31:25.125,2,3,MU260702C02250000,MU,2026-07-02,call,2250.0,0.0,0.0,0.98,12.0,0.49,0.16,1.0,,,,,,,2026-06-29,1127.42,1146.99,1024.78,1145.0,1.16964e6,1090.767714
2026-06-29T20:31:25.125,2,3,MU260702C02260000,MU,2026-07-02,call,2260.0,0.0,0.0,0.06,2.0,0.03,0.01,4.0,,,,,,,2026-06-29,1127.42,1146.99,1024.78,1145.0,1.16964e6,1090.767714
2026-06-29T20:31:25.125,2,3,MU260702C02270000,MU,2026-07-02,call,2270.0,0.0,0.0,0.1,12.0,0.05,0.1,1.0,,,,,,,2026-06-29,1127.42,1146.99,1024.78,1145.0,1.16964e6,1090.767714
2026-06-29T20:31:25.125,2,3,MU260702C02280000,MU,2026-07-02,call,2280.0,0.0,0.0,0.98,1.0,0.49,0.01,5.0,,,,,,,2026-06-29,1127.42,1146.99,1024.78,1145.0,1.16964e6,1090.767714
2026-06-29T20:31:25.125,2,3,MU260702C02290000,MU,2026-07-02,call,2290.0,0.0,0.0,0.03,25.0,0.015,0.04,2.0,,,,,,,2026-06-29,1127.42,1146.99,1024.78,1145.0,1.16964e6,1090.767714
2026-06-29T20:31:25.125,2,3,MU260702C02300000,MU,2026-07-02,call,2300.0,0.0,0.0,0.09,1.0,0.045,0.04,1.0,,,,,,,2026-06-29,1127.42,1146.99,1024.78,1145.0,1.16964e6,1090.767714
2026-06-29T20:31:25.125,2,3,MU260702C02310000,MU,2026-07-02,call,2310.0,0.0,0.0,0.09,2.0,0.045,0.01,1.0,,,,,,,2026-06-29,1127.42,1146.99,1024.78,1145.0,1.16964e6,1090.767714
2026-06-29T20:31:25.125,2,3,MU260702C02320000,MU,2026-07-02,call,2320.0,0.0,0.0,0.09,12.0,0.045,0.01,5.0,,,,,,,2026-06-29,1127.42,1146.99,1024.78,1145.0,1.16964e6,1090.767714
2026-06-29T20:31:25.125,2,3,MU260702C02330000,MU,2026-07-02,call,2330.0,0.0,0.0,1.02,2.0,0.51,0.03,1.0,,,,,,,2026-06-29,1127.42,1146.99,1024.78,1145.0,1.16964e6,1090.767714
2026-06-29T20:31:25.125,2,3,MU260702C02340000,MU,2026-07-02,call,2340.0,0.0,0.0,0.98,1.0,0.49,0.04,1.0,,,,,,,2026-06-29,1127.42,1146.99,1024.78,1145.0,1.16964e6,1090.767714
2026-06-29T20:31:25.125,2,3,MU260702C02350000,MU,2026-07-02,call,2350.0,0.0,0.0,0.03,25.0,0.015,0.03,1.0,,,,,,,2026-06-29,1127.42,1146.99,1024.78,1145.0,1.16964e6,1090.767714
2026-06-29T20:31:25.125,2,3,MU260702C02360000,MU,2026-07-02,call,2360.0,0.0,0.0,0.98,12.0,0.49,0.03,1.0,,,,,,,2026-06-29,1127.42,1146.99,1024.78,1145.0,1.16964e6,1090.767714
2026-06-29T20:31:25.125,2,3,MU260702C02370000,MU,2026-07-02,call,2370.0,0.0,0.0,0.98,2.0,0.49,0.01,1.0,,,,,,,2026-06-29,1127.42,1146.99,1024.78,1145.0,1.16964e6,1090.767714
2026-06-29T20:31:25.125,2,3,MU260702C02380000,MU,2026-07-02,call,2380.0,0.0,0.0,0.09,12.0,0.045,0.05,1.0,,,,,,,2026-06-29,1127.42,1146.99,1024.78,1145.0,1.16964e6,1090.767714
2026-06-29T20:31:25.125,2,3,MU260702C02390000,MU,2026-07-02,call,2390.0,0.0,0.0,0.98,2.0,0.49,0.04,1.0,,,,,,,2026-06-29,1127.42,1146.99,1024.78,1145.0,1.16964e6,1090.767714
2026-06-29T20:31:25.125,2,3,MU260702C02400000,MU,2026-07-02,call,2400.0,0.0,0.0,0.01,6.0,0.005,0.01,1.0,,,,,,,2026-06-29,1127.42,1146.99,1024.78,1145.0,1.16964e6,1090.767714
2026-06-29T20:31:25.125,2,3,MU260702C02410000,MU,2026-07-02,call,2410.0,0.0,0.0,1.03,10.0,0.515,0.01,2.0,,,,,,,2026-06-29,1127.42,1146.99,1024.78,1145.0,1.16964e6,1090.767714
2026-06-29T20:31:25.125,2,3,MU260702C02420000,MU,2026-07-02,call,2420.0,0.0,0.0,0.03,231.0,0.015,0.01,1.0,,,,,,,2026-06-29,1127.42,1146.99,1024.78,1145.0,1.16964e6,1090.767714
2026-06-29T20:31:25.125,2,3,MU260702C02430000,MU,2026-07-02,call,2430.0,0.0,0.0,1.01,2.0,0.505,,,,,,,,,2026-06-29,1127.42,1146.99,1024.78,1145.0,1.16964e6,1090.767714
2026-06-29T20:31:25.125,2,3,MU260702C02440000,MU,2026-07-02,call,2440.0,0.0,0.0,1.02,12.0,0.51,,,,,,,,,2026-06-29,1127.42,1146.99,1024.78,1145.0,1.16964e6,1090.767714
2026-06-29T20:31:25.125,2,3,MU260702C02450000,MU,2026-07-02,call,2450.0,0.0,0.0,1.02,1.0,0.51,,,,,,,,,2026-06-29,1127.42,1146.99,1024.78,1145.0,1.16964e6,1090.767714
2026-06-29T20:31:25.125,2,3,MU260702C02460000,MU,2026-07-02,call,2460.0,0.0,0.0,0.98,12.0,0.49,0.03,1.0,,,,,,,2026-06-29,1127.42,1146.99,1024.78,1145.0,1.16964e6,1090.767714
2026-06-29T20:31:25.125,2,3,MU260702C02470000,MU,2026-07-02,call,2470.0,0.0,0.0,0.98,1.0,0.49,0.03,1.0,,,,,,,2026-06-29,1127.42,1146.99,1024.78,1145.0,1.16964e6,1090.767714
2026-06-29T20:31:25.125,2,3,MU260702C02480000,MU,2026-07-02,call,2480.0,0.0,0.0,0.03,1917.0,0.015,0.01,1.0,,,,,,,2026-06-29,1127.42,1146.99,1024.78,1145.0,1.16964e6,1090.767714
2026-06-29T20:31:25.125,2,3,MU260702C02490000,MU,2026-07-02,call,2490.0,0.0,0.0,0.01,2000.0,0.005,,,,,,,,,2026-06-29,1127.42,1146.99,1024.78,1145.0,1.16964e6,1090.767714
2026-06-29T20:31:25.125,2,3,MU260702C02500000,MU,2026-07-02,call,2500.0,0.0,0.0,0.01,2225.0,0.005,0.01,1.0,,,,,,,2026-06-29,1127.42,1146.99,1024.78,1145.0,1.16964e6,1090.767714
2026-06-29T20:31:25.125,2,3,MU260702P00005000,MU,2026-07-02,put,5.0,0.0,0.0,0.03,2900.0,0.015,0.01,1.0,,,,,,,2026-06-29,1127.42,1146.99,1024.78,1145.0,1.16964e6,1090.767714
2026-06-29T20:31:25.125,2,3,MU260702P00010000,MU,2026-07-02,put,10.0,0.0,0.0,0.01,10.0,0.005,,,,,,,,,2026-06-29,1127.42,1146.99,1024.78,1145.0,1.16964e6,1090.767714
2026-06-29T20:31:25.125,2,3,MU260702P00015000,MU,2026-07-02,put,15.0,0.0,0.0,0.03,2000.0,0.015,,,,,,,,,2026-06-29,1127.42,1146.99,1024.78,1145.0,1.16964e6,1090.767714
2026-06-29T20:31:25.125,2,3,MU260702P00020000,MU,2026-07-02,put,20.0,0.0,0.0,0.03,2000.0,0.015,,,,,,,,,2026-06-29,1127.42,1146.99,1024.78,1145.0,1.16964e6,1090.767714
2026-06-29T20:31:25.125,2,3,MU260702P00025000,MU,2026-07-02,put,25.0,0.0,0.0,0.01,1000.0,0.005,0.01,1.0,,,,,,,2026-06-29,1127.42,1146.99,1024.78,1145.0,1.16964e6,1090.767714
2026-06-29T20:31:25.125,2,3,MU260702P00030000,MU,2026-07-02,put,30.0,0.0,0.0,0.01,10.0,0.005,0.15,1.0,,,,,,,2026-06-29,1127.42,1146.99,1024.78,1145.0,1.16964e6,1090.767714
2026-06-29T20:31:25.125,2,3,MU260702P00035000,MU,2026-07-02,put,35.0,0.0,0.0,0.23,4.0,0.115,0.01,1.0,,,,,,,2026-06-29,1127.42,1146.99,1024.78,1145.0,1.16964e6,1090.767714
2026-06-29T20:31:25.125,2,3,MU260702P00040000,MU,2026-07-02,put,40.0,0.0,0.0,0.01,2400.0,0.005,0.01,15.0,,,,,,,2026-06-29,1127.42,1146.99,1024.78,1145.0,1.16964e6,1090.767714
2026-06-29T20:31:25.125,2,3,MU260702P00045000,MU,2026-07-02,put,45.0,0.0,0.0,0.01,1000.0,0.005,0.01,25.0,,,,,,,2026-06-29,1127.42,1146.99,1024.78,1145.0,1.16964e6,1090.767714
2026-06-29T20:31:25.125,2,3,MU260702P00050000,MU,2026-07-02,put,50.0,0.0,0.0,0.01,2200.0,0.005,0.01,15.0,,,,,,,2026-06-29,1127.42,1146.99,1024.78,1145.0,1.16964e6,1090.767714
2026-06-29T20:31:25.125,2,3,MU260702P00055000,MU,2026-07-02,put,55.0,0.0,0.0,0.03,2000.0,0.015,0.01,25.0,,,,,,,2026-06-29,1127.42,1146.99,1024.78,1145.0,1.16964e6,1090.767714
2026-06-29T20:31:25.125,2,3,MU260702P00060000,MU,2026-07-02,put,60.0,0.0,0.0,0.03,2000.0,0.015,0.01,25.0,,,,,,,2026-06-29,1127.42,1146.99,1024.78,1145.0,1.16964e6,1090.767714
2026-06-29T20:31:25.125,2,3,MU260702P00065000,MU,2026-07-02,put,65.0,0.0,0.0,0.01,1999.0,0.005,0.01,25.0,,,,,,,2026-06-29,1127.42,1146.99,1024.78,1145.0,1.16964e6,1090.767714
2026-06-29T20:31:25.125,2,3,MU260702P00070000,MU,2026-07-02,put,70.0,0.0,0.0,0.03,2000.0,0.015,0.01,19.0,,,,,,,2026-06-29,1127.42,1146.99,1024.78,1145.0,1.16964e6,1090.767714
2026-06-29T20:31:25.125,2,3,MU260702P00075000,MU,2026-07-02,put,75.0,0.0,0.0,0.03,1984.0,0.015,0.01,1.0,,,,,,,2026-06-29,1127.42,1146.99,1024.78,1145.0,1.16964e6,1090.767714
2026-06-29T20:31:25.125,2,3,MU260702P00080000,MU,2026-07-02,put,80.0,0.0,0.0,0.01,1975.0,0.005,0.01,9.0,,,,,,,2026-06-29,1127.42,1146.99,1024.78,1145.0,1.16964e6,1090.767714
2026-06-29T20:31:25.125,2,3,MU260702P00085000,MU,2026-07-02,put,85.0,0.0,0.0,0.03,2000.0,0.015,0.01,9.0,,,,,,,2026-06-29,1127.42,1146.99,1024.78,1145.0,1.16964e6,1090.767714
2026-06-29T20:31:25.125,2,3,MU260702P00090000,MU,2026-07-02,put,90.0,0.0,0.0,0.01,2000.0,0.005,0.01,9.0,,,,,,,2026-06-29,1127.42,1146.99,1024.78,1145.0,1.16964e6,1090.767714
2026-06-29T20:31:25.125,2,3,MU260702P00095000,MU,2026-07-02,put,95.0,0.0,0.0,0.03,1000.0,0.015,0.01,12.0,,,,,,,2026-06-29,1127.42,1146.99,1024.78,1145.0,1.16964e6,1090.767714
2026-06-29T20:31:25.125,2,3,MU260702P00100000,MU,2026-07-02,put,100.0,0.0,0.0,0.03,2500.0,0.015,0.01,1.0,,,,,,,2026-06-29,1127.42,1146.99,1024.78,1145.0,1.16964e6,1090.767714
2026-06-29T20:31:25.125,2,3,MU260702P00105000,MU,2026-07-02,put,105.0,0.0,0.0,0.03,1000.0,0.015,0.01,1.0,,,,,,,2026-06-29,1127.42,1146.99,1024.78,1145.0,1.16964e6,1090.767714
2026-06-29T20:31:25.125,2,3,MU260702P00110000,MU,2026-07-02,put,110.0,0.0,0.0,0.01,1000.0,0.005,0.15,1.0,,,,,,,2026-06-29,1127.42,1146.99,1024.78,1145.0,1.16964e6,1090.767714
2026-06-29T20:31:25.125,2,3,MU260702P00115000,MU,2026-07-02,put,115.0,0.0,0.0,0.03,1000.0,0.015,0.01,1.0,,,,,,,2026-06-29,1127.42,1146.99,1024.78,1145.0,1.16964e6,1090.767714
2026-06-29T20:31:25.125,2,3,MU260702P00120000,MU,2026-07-02,put,120.0,0.0,0.0,0.01,1000.0,0.005,0.01,2.0,,,,,,,2026-06-29,1127.42,1146.99,1024.78,1145.0,1.16964e6,1090.767714
2026-06-29T20:31:25.125,2,3,MU260702P00125000,MU,2026-07-02,put,125.0,0.0,0.0,0.01,1000.0,0.005,0.03,1.0,,,,,,,2026-06-29,1127.42,1146.99,1024.78,1145.0,1.16964e6,1090.767714
2026-06-29T20:31:25.125,2,3,MU260702P00130000,MU,2026-07-02,put,130.0,0.0,0.0,0.03,1000.0,0.015,0.1,4.0,,,,,,,2026-06-29,1127.42,1146.99,1024.78,1145.0,1.16964e6,1090.767714
2026-06-29T20:31:25.125,2,3,MU260702P00135000,MU,2026-07-02,put,135.0,0.0,0.0,0.03,500.0,0.015,0.01,1.0,,,,,,,2026-06-29,1127.42,1146.99,1024.78,1145.0,1.16964e6,1090.767714
2026-06-29T20:31:25.125,2,3,MU260702P00140000,MU,2026-07-02,put,140.0,0.0,0.0,0.01,500.0,0.005,0.01,483.0,,,,,,,2026-06-29,1127.42,1146.99,1024.78,1145.0,1.16964e6,1090.767714
2026-06-29T20:31:25.125,2,3,MU260702P00145000,MU,2026-07-02,put,145.0,0.0,0.0,0.08,2.0,0.04,0.01,81.0,,,,,,,2026-06-29,1127.42,1146.99,1024.78,1145.0,1.16964e6,1090.767714
2026-06-29T20:31:25.125,2,3,MU260702P00150000,MU,2026-07-02,put,150.0,0.0,0.0,0.01,77.0,0.005,0.01,37.0,,,,,,,2026-06-29,1127.42,1146.99,1024.78,1145.0,1.16964e6,1090.767714
2026-06-29T20:31:25.125,2,3,MU260702P00155000,MU,2026-07-02,put,155.0,0.0,0.0,0.01,2.0,0.005,0.01,2.0,,,,,,,2026-06-29,1127.42,1146.99,1024.78,1145.0,1.16964e6,1090.767714
2026-06-29T20:31:25.125,2,3,MU260702P00160000,MU,2026-07-02,put,160.0,0.0,0.0,0.03,22.0,0.015,0.01,3.0,,,,,,,2026-06-29,1127.42,1146.99,1024.78,1145.0,1.16964e6,1090.767714
2026-06-29T20:31:25.125,2,3,MU260702P00165000,MU,2026-07-02,put,165.0,0.0,0.0,0.03,14.0,0.015,0.01,14.0,,,,,,,2026-06-29,1127.42,1146.99,1024.78,1145.0,1.16964e6,1090.767714
2026-06-29T20:31:25.125,2,3,MU260702P00170000,MU,2026-07-02,put,170.0,0.0,0.0,0.15,12.0,0.075,0.01,1.0,,,,,,,2026-06-29,1127.42,1146.99,1024.78,1145.0,1.16964e6,1090.767714
2026-06-29T20:31:25.125,2,3,MU260702P00175000,MU,2026-07-02,put,175.0,0.0,0.0,0.01,9.0,0.005,0.01,1.0,,,,,,,2026-06-29,1127.42,1146.99,1024.78,1145.0,1.16964e6,1090.767714
2026-06-29T20:31:25.125,2,3,MU260702P00180000,MU,2026-07-02,put,180.0,0.01,72.0,0.03,10.0,0.02,0.03,6.0,,,,,,,2026-06-29,1127.42,1146.99,1024.78,1145.0,1.16964e6,1090.767714
2026-06-29T20:31:25.125,2,3,MU260702P00185000,MU,2026-07-02,put,185.0,0.03,61.0,0.05,10.0,0.04,0.03,5.0,,,,,,,2026-06-29,1127.42,1146.99,1024.78,1145.0,1.16964e6,1090.767714
2026-06-29T20:31:25.125,2,3,MU260702P00190000,MU,2026-07-02,put,190.0,0.01,61.0,0.02,1.0,0.015,0.02,2.0,,,,,,,2026-06-29,1127.42,1146.99,1024.78,1145.0,1.16964e6,1090.767714
2026-06-29T20:31:25.125,2,3,MU260702P00195000,MU,2026-07-02,put,195.0,0.03,60.0,0.05,10.0,0.04,0.03,2.0,,,,,,,2026-06-29,1127.42,1146.99,1024.78,1145.0,1.16964e6,1090.767714
2026-06-29T20:31:25.125,2,3,MU260702P00200000,MU,2026-07-02,put,200.0,0.03,60.0,0.04,50.0,0.035,0.01,5.0,,,,,,,2026-06-29,1127.42,1146.99,1024.78,1145.0,1.16964e6,1090.767714
2026-06-29T20:31:25.125,2,3,MU260702P00205000,MU,2026-07-02,put,205.0,0.01,53.0,0.03,10.0,0.02,0.05,1.0,,,,,,,2026-06-29,1127.42,1146.99,1024.78,1145.0,1.16964e6,1090.767714
2026-06-29T20:31:25.125,2,3,MU260702P00210000,MU,2026-07-02,put,210.0,0.01,60.0,0.03,28.0,0.02,0.03,1.0,,,,,,,2026-06-29,1127.42,1146.99,1024.78,1145.0,1.16964e6,1090.767714
2026-06-29T20:31:25.125,2,3,MU260702P00215000,MU,2026-07-02,put,215.0,0.01,63.0,0.03,16.0,0.02,0.03,10.0,,,,,,,2026-06-29,1127.42,1146.99,1024.78,1145.0,1.16964e6,1090.767714
2026-06-29T20:31:25.125,2,3,MU260702P00220000,MU,2026-07-02,put,220.0,0.01,60.0,0.04,1.0,0.025,0.03,5.0,,,,,,,2026-06-29,1127.42,1146.99,1024.78,1145.0,1.16964e6,1090.767714
2026-06-29T20:31:25.125,2,3,MU260702P00225000,MU,2026-07-02,put,225.0,0.01,60.0,0.02,10.0,0.015,0.03,5.0,,,,,,,2026-06-29,1127.42,1146.99,1024.78,1145.0,1.16964e6,1090.767714
2026-06-29T20:31:25.125,2,3,MU260702P00230000,MU,2026-07-02,put,230.0,0.01,60.0,0.05,10.0,0.030000000000000002,0.03,1.0,,,,,,,2026-06-29,1127.42,1146.99,1024.78,1145.0,1.16964e6,1090.767714
2026-06-29T20:31:25.125,2,3,MU260702P00235000,MU,2026-07-02,put,235.0,0.03,60.0,0.05,10.0,0.04,0.05,2.0,,,,,,,2026-06-29,1127.42,1146.99,1024.78,1145.0,1.16964e6,1090.767714
2026-06-29T20:31:25.125,2,3,MU260702P00240000,MU,2026-07-02,put,240.0,0.01,60.0,0.03,11.0,0.02,0.03,2.0,,,,,,,2026-06-29,1127.42,1146.99,1024.78,1145.0,1.16964e6,1090.767714
2026-06-29T20:31:25.125,2,3,MU260702P00245000,MU,2026-07-02,put,245.0,0.01,61.0,0.03,10.0,0.02,0.02,5.0,,,,,,,2026-06-29,1127.42,1146.99,1024.78,1145.0,1.16964e6,1090.767714
2026-06-29T20:31:25.125,2,3,MU260702P00250000,MU,2026-07-02,put,250.0,0.03,62.0,0.06,2.0,0.045,0.01,2.0,,,,,,,2026-06-29,1127.42,1146.99,1024.78,1145.0,1.16964e6,1090.767714
2026-06-29T20:31:25.125,2,3,MU260702P00255000,MU,2026-07-02,put,255.0,0.01,61.0,0.05,10.0,0.030000000000000002,0.05,2.0,,,,,,,2026-06-29,1127.42,1146.99,1024.78,1145.0,1.16964e6,1090.767714
2026-06-29T20:31:25.125,2,3,MU260702P00260000,MU,2026-07-02,put,260.0,0.03,61.0,0.05,18.0,0.04,0.05,1.0,,,,,,,2026-06-29,1127.42,1146.99,1024.78,1145.0,1.16964e6,1090.767714
2026-06-29T20:31:25.125,2,3,MU260702P00265000,MU,2026-07-02,put,265.0,0.01,60.0,0.03,10.0,0.02,0.05,1.0,,,,,,,2026-06-29,1127.42,1146.99,1024.78,1145.0,1.16964e6,1090.767714
2026-06-29T20:31:25.125,2,3,MU260702P00270000,MU,2026-07-02,put,270.0,0.01,61.0,0.05,10.0,0.030000000000000002,0.05,2.0,,,,,,,2026-06-29,1127.42,1146.99,1024.78,1145.0,1.16964e6,1090.767714
2026-06-29T20:31:25.125,2,3,MU260702P00275000,MU,2026-07-02,put,275.0,0.01,60.0,0.06,10.0,0.034999999999999996,0.04,2.0,,,,,,,2026-06-29,1127.42,1146.99,1024.78,1145.0,1.16964e6,1090.767714
2026-06-29T20:31:25.125,2,3,MU260702P00280000,MU,2026-07-02,put,280.0,0.01,61.0,0.03,10.0,0.02,0.03,2.0,,,,,,,2026-06-29,1127.42,1146.99,1024.78,1145.0,1.16964e6,1090.767714
2026-06-29T20:31:25.125,2,3,MU260702P00285000,MU,2026-07-02,put,285.0,0.01,61.0,0.03,3.0,0.02,0.03,1.0,,,,,,,2026-06-29,1127.42,1146.99,1024.78,1145.0,1.16964e6,1090.767714
2026-06-29T20:31:25.125,2,3,MU260702P00290000,MU,2026-07-02,put,290.0,0.03,61.0,0.07,3.0,0.05,0.07,1.0,,,,,,,2026-06-29,1127.42,1146.99,1024.78,1145.0,1.16964e6,1090.767714
2026-06-29T20:31:25.125,2,3,MU260702P00295000,MU,2026-07-02,put,295.0,0.01,61.0,0.08,2.0,0.045,0.01,2.0,,,,,,,2026-06-29,1127.42,1146.99,1024.78,1145.0,1.16964e6,1090.767714
2026-06-29T20:31:25.125,2,3,MU260702P00300000,MU,2026-07-02,put,300.0,0.01,291.0,0.04,10.0,0.025,0.01,7.0,,,,,,,2026-06-29,1127.42,1146.99,1024.78,1145.0,1.16964e6,1090.767714
2026-06-29T20:31:25.125,2,3,MU260702P00305000,MU,2026-07-02,put,305.0,0.01,54.0,0.03,64.0,0.02,0.03,2.0,,,,,,,2026-06-29,1127.42,1146.99,1024.78,1145.0,1.16964e6,1090.767714
2026-06-29T20:31:25.125,2,3,MU260702P00310000,MU,2026-07-02,put,310.0,0.04,10.0,0.05,100.0,0.045,0.04,1.0,,,,,,,2026-06-29,1127.42,1146.99,1024.78,1145.0,1.16964e6,1090.767714
2026-06-29T20:31:25.125,2,3,MU260702P00315000,MU,2026-07-02,put,315.0,0.01,10.0,0.03,20.0,0.02,0.04,4.0,,,,,,,2026-06-29,1127.42,1146.99,1024.78,1145.0,1.16964e6,1090.767714
2026-06-29T20:31:25.125,2,3,MU260702P00320000,MU,2026-07-02,put,320.0,0.01,10.0,0.05,10.0,0.030000000000000002,0.04,5.0,,,,,,,2026-06-29,1127.42,1146.99,1024.78,1145.0,1.16964e6,1090.767714
2026-06-29T20:31:25.125,2,3,MU260702P00325000,MU,2026-07-02,put,325.0,0.04,10.0,0.05,10.0,0.045,0.03,9.0,,,,,,,2026-06-29,1127.42,1146.99,1024.78,1145.0,1.16964e6,1090.767714
2026-06-29T20:31:25.125,2,3,MU260702P00330000,MU,2026-07-02,put,330.0,0.04,10.0,0.06,10.0,0.05,0.02,5.0,,,,,,,2026-06-29,1127.42,1146.99,1024.78,1145.0,1.16964e6,1090.767714
2026-06-29T20:31:25.125,2,3,MU260702P00335000,MU,2026-07-02,put,335.0,0.01,10.0,0.03,10.0,0.02,0.03,5.0,,,,,,,2026-06-29,1127.42,1146.99,1024.78,1145.0,1.16964e6,1090.767714
2026-06-29T20:31:25.125,2,3,MU260702P00340000,MU,2026-07-02,put,340.0,0.04,11.0,0.06,15.0,0.05,0.03,6.0,,,,,,,2026-06-29,1127.42,1146.99,1024.78,1145.0,1.16964e6,1090.767714
2026-06-29T20:31:25.125,2,3,MU260702P00345000,MU,2026-07-02,put,345.0,0.04,10.0,0.07,20.0,0.05500000000000001,0.04,2.0,,,,,,,2026-06-29,1127.42,1146.99,1024.78,1145.0,1.16964e6,1090.767714
2026-06-29T20:31:25.125,2,3,MU260702P00350000,MU,2026-07-02,put,350.0,0.04,10.0,0.05,30.0,0.045,0.03,10.0,,,,,,,2026-06-29,1127.42,1146.99,1024.78,1145.0,1.16964e6,1090.767714
2026-06-29T20:31:25.125,2,3,MU260702P00355000,MU,2026-07-02,put,355.0,0.04,11.0,0.07,20.0,0.05500000000000001,0.02,1.0,,,,,,,2026-06-29,1127.42,1146.99,1024.78,1145.0,1.16964e6,1090.767714
2026-06-29T20:31:25.125,2,3,MU260702P00360000,MU,2026-07-02,put,360.0,0.01,12.0,0.03,21.0,0.02,0.03,10.0,,,,,,,2026-06-29,1127.42,1146.99,1024.78,1145.0,1.16964e6,1090.767714
2026-06-29T20:31:25.125,2,3,MU260702P00365000,MU,2026-07-02,put,365.0,0.01,11.0,0.07,20.0,0.04,0.03,2.0,,,,,,,2026-06-29,1127.42,1146.99,1024.78,1145.0,1.16964e6,1090.767714
2026-06-29T20:31:25.125,2,3,MU260702P00370000,MU,2026-07-02,put,370.0,0.01,10.0,0.07,20.0,0.04,0.03,1.0,,,,,,,2026-06-29,1127.42,1146.99,1024.78,1145.0,1.16964e6,1090.767714
2026-06-29T20:31:25.125,2,3,MU260702P00375000,MU,2026-07-02,put,375.0,0.04,10.0,0.06,6.0,0.05,0.04,1.0,,,,,,,2026-06-29,1127.42,1146.99,1024.78,1145.0,1.16964e6,1090.767714
2026-06-29T20:31:25.125,2,3,MU260702P00380000,MU,2026-07-02,put,380.0,0.01,22.0,0.03,20.0,0.02,0.03,3.0,,,,,,,2026-06-29,1127.42,1146.99,1024.78,1145.0,1.16964e6,1090.767714
2026-06-29T20:31:25.125,2,3,MU260702P00385000,MU,2026-07-02,put,385.0,0.04,10.0,0.07,20.0,0.05500000000000001,0.04,1.0,,,,,,,2026-06-29,1127.42,1146.99,1024.78,1145.0,1.16964e6,1090.767714
2026-06-29T20:31:25.125,2,3,MU260702P00390000,MU,2026-07-02,put,390.0,0.04,10.0,0.06,9.0,0.05,0.03,2.0,,,,,,,2026-06-29,1127.42,1146.99,1024.78,1145.0,1.16964e6,1090.767714
2026-06-29T20:31:25.125,2,3,MU260702P00395000,MU,2026-07-02,put,395.0,0.04,10.0,0.07,20.0,0.05500000000000001,0.04,1.0,,,,,,,2026-06-29,1127.42,1146.99,1024.78,1145.0,1.16964e6,1090.767714
2026-06-29T20:31:25.125,2,3,MU260702P00400000,MU,2026-07-02,put,400.0,0.01,101.0,0.02,5.0,0.015,0.04,1.0,,,,,,,2026-06-29,1127.42,1146.99,1024.78,1145.0,1.16964e6,1090.767714
2026-06-29T20:31:25.125,2,3,MU260702P00405000,MU,2026-07-02,put,405.0,0.01,50.0,0.02,7.0,0.015,0.03,2.0,,,,,,,2026-06-29,1127.42,1146.99,1024.78,1145.0,1.16964e6,1090.767714
2026-06-29T20:31:25.125,2,3,MU260702P00410000,MU,2026-07-02,put,410.0,0.03,51.0,0.07,20.0,0.05,0.04,1.0,,,,,,,2026-06-29,1127.42,1146.99,1024.78,1145.0,1.16964e6,1090.767714
2026-06-29T20:31:25.125,2,3,MU260702P00415000,MU,2026-07-02,put,415.0,0.03,51.0,0.06,5.0,0.045,0.04,10.0,,,,,,,2026-06-29,1127.42,1146.99,1024.78,1145.0,1.16964e6,1090.767714
2026-06-29T20:31:25.125,2,3,MU260702P00420000,MU,2026-07-02,put,420.0,0.03,51.0,0.07,20.0,0.05,0.03,2.0,,,,,,,2026-06-29,1127.42,1146.99,1024.78,1145.0,1.16964e6,1090.767714
2026-06-29T20:31:25.125,2,3,MU260702P00425000,MU,2026-07-02,put,425.0,0.01,51.0,0.07,20.0,0.04,0.07,2.0,,,,,,,2026-06-29,1127.42,1146.99,1024.78,1145.0,1.16964e6,1090.767714
2026-06-29T20:31:25.125,2,3,MU260702P00430000,MU,2026-07-02,put,430.0,0.03,50.0,0.06,5.0,0.045,0.02,5.0,,,,,,,2026-06-29,1127.42,1146.99,1024.78,1145.0,1.16964e6,1090.767714
2026-06-29T20:31:25.125,2,3,MU260702P00435000,MU,2026-07-02,put,435.0,0.03,50.0,0.06,5.0,0.045,0.02,5.0,,,,,,,2026-06-29,1127.42,1146.99,1024.78,1145.0,1.16964e6,1090.767714
2026-06-29T20:31:25.125,2,3,MU260702P00440000,MU,2026-07-02,put,440.0,0.01,51.0,0.07,20.0,0.04,0.04,1.0,,,,,,,2026-06-29,1127.42,1146.99,1024.78,1145.0,1.16964e6,1090.767714
2026-06-29T20:31:25.125,2,3,MU260702P00445000,MU,2026-07-02,put,445.0,0.03,50.0,0.07,20.0,0.05,0.03,5.0,,,,,,,2026-06-29,1127.42,1146.99,1024.78,1145.0,1.16964e6,1090.767714
2026-06-29T20:31:25.125,2,3,MU260702P00450000,MU,2026-07-02,put,450.0,0.06,1.0,0.07,25.0,0.065,0.06,2.0,,,,,,,2026-06-29,1127.42,1146.99,1024.78,1145.0,1.16964e6,1090.767714
2026-06-29T20:31:25.125,2,3,MU260702P00455000,MU,2026-07-02,put,455.0,0.01,59.0,0.07,20.0,0.04,0.06,1.0,,,,,,,2026-06-29,1127.42,1146.99,1024.78,1145.0,1.16964e6,1090.767714
2026-06-29T20:31:25.125,2,3,MU260702P00460000,MU,2026-07-02,put,460.0,0.03,25.0,0.1,10.0,0.065,0.05,8.0,,,,,,,2026-06-29,1127.42,1146.99,1024.78,1145.0,1.16964e6,1090.767714
2026-06-29T20:31:25.125,2,3,MU260702P00465000,MU,2026-07-02,put,465.0,0.01,25.0,0.08,1.0,0.045,0.03,3.0,,,,,,,2026-06-29,1127.42,1146.99,1024.78,1145.0,1.16964e6,1090.767714
2026-06-29T20:31:25.125,2,3,MU260702P00470000,MU,2026-07-02,put,470.0,0.06,1.0,0.07,15.0,0.065,0.06,1.0,,,,,,,2026-06-29,1127.42,1146.99,1024.78,1145.0,1.16964e6,1090.767714
2026-06-29T20:31:25.125,2,3,MU260702P00475000,MU,2026-07-02,put,475.0,0.05,2.0,0.09,3.0,0.07,0.03,1.0,,,,,,,2026-06-29,1127.42,1146.99,1024.78,1145.0,1.16964e6,1090.767714
2026-06-29T20:31:25.125,2,3,MU260702P00480000,MU,2026-07-02,put,480.0,0.02,25.0,0.08,1.0,0.05,0.04,15.0,,,,,,,2026-06-29,1127.42,1146.99,1024.78,1145.0,1.16964e6,1090.767714
2026-06-29T20:31:25.125,2,3,MU260702P00485000,MU,2026-07-02,put,485.0,0.03,25.0,0.12,10.0,0.075,0.03,1.0,,,,,,,2026-06-29,1127.42,1146.99,1024.78,1145.0,1.16964e6,1090.767714
2026-06-29T20:31:25.125,2,3,MU260702P00490000,MU,2026-07-02,put,490.0,0.03,25.0,0.13,10.0,0.08,0.04,2.0,,,,,,,2026-06-29,1127.42,1146.99,1024.78,1145.0,1.16964e6,1090.767714
2026-06-29T20:31:25.125,2,3,MU260702P00495000,MU,2026-07-02,put,495.0,0.01,25.0,0.08,10.0,0.045,0.06,1.0,,,,,,,2026-06-29,1127.42,1146.99,1024.78,1145.0,1.16964e6,1090.767714
2026-06-29T20:31:25.125,2,3,MU260702P00500000,MU,2026-07-02,put,500.0,0.06,1.0,0.13,2.0,0.095,0.09,11.0,,,,,,,2026-06-29,1127.42,1146.99,1024.78,1145.0,1.16964e6,1090.767714
2026-06-29T20:31:25.125,2,3,MU260702P00505000,MU,2026-07-02,put,505.0,0.01,30.0,0.12,1.0,0.065,0.08,1.0,,,,,,,2026-06-29,1127.42,1146.99,1024.78,1145.0,1.16964e6,1090.767714
2026-06-29T20:31:25.125,2,3,MU260702P00510000,MU,2026-07-02,put,510.0,0.01,27.0,0.12,9.0,0.065,0.05,1.0,,,,,,,2026-06-29,1127.42,1146.99,1024.78,1145.0,1.16964e6,1090.767714
2026-06-29T20:31:25.125,2,3,MU260702P00515000,MU,2026-07-02,put,515.0,0.01,27.0,0.08,2.0,0.045,0.07,2.0,,,,,,,2026-06-29,1127.42,1146.99,1024.78,1145.0,1.16964e6,1090.767714
2026-06-29T20:31:25.125,2,3,MU260702P00520000,MU,2026-07-02,put,520.0,0.04,7.0,0.12,1.0,0.08,0.06,1.0,,,,,,,2026-06-29,1127.42,1146.99,1024.78,1145.0,1.16964e6,1090.767714
2026-06-29T20:31:25.125,2,3,MU260702P00525000,MU,2026-07-02,put,525.0,0.03,27.0,0.2,10.0,0.115,0.09,9.0,,,,,,,2026-06-29,1127.42,1146.99,1024.78,1145.0,1.16964e6,1090.767714
2026-06-29T20:31:25.125,2,3,MU260702P00530000,MU,2026-07-02,put,530.0,0.09,1.0,0.15,1.0,0.12,0.1,10.0,,,,,,,2026-06-29,1127.42,1146.99,1024.78,1145.0,1.16964e6,1090.767714
2026-06-29T20:31:25.125,2,3,MU260702P00535000,MU,2026-07-02,put,535.0,0.09,1.0,0.12,11.0,0.105,0.11,1.0,,,,,,,2026-06-29,1127.42,1146.99,1024.78,1145.0,1.16964e6,1090.767714
2026-06-29T20:31:25.125,2,3,MU260702P00540000,MU,2026-07-02,put,540.0,0.07,20.0,0.28,10.0,0.17500000000000002,0.15,4.0,,,,,,,2026-06-29,1127.42,1146.99,1024.78,1145.0,1.16964e6,1090.767714
2026-06-29T20:31:25.125,2,3,MU260702P00545000,MU,2026-07-02,put,545.0,0.05,53.0,0.19,16.0,0.12,0.14,1.0,,,,,,,2026-06-29,1127.42,1146.99,1024.78,1145.0,1.16964e6,1090.767714
2026-06-29T20:31:25.125,2,3,MU260702P00550000,MU,2026-07-02,put,550.0,0.16,65.0,0.17,1.0,0.165,0.16,10.0,,,,,,,2026-06-29,1127.42,1146.99,1024.78,1145.0,1.16964e6,1090.767714
2026-06-29T20:31:25.125,2,3,MU260702P00555000,MU,2026-07-02,put,555.0,0.03,9.0,0.16,1.0,0.095,0.16,5.0,,,,,,,2026-06-29,1127.42,1146.99,1024.78,1145.0,1.16964e6,1090.767714
2026-06-29T20:31:25.125,2,3,MU260702P00560000,MU,2026-07-02,put,560.0,0.12,5.0,0.19,22.0,0.155,0.16,1.0,,,,,,,2026-06-29,1127.42,1146.99,1024.78,1145.0,1.16964e6,1090.767714
2026-06-29T20:31:25.125,2,3,MU260702P00565000,MU,2026-07-02,put,565.0,0.07,18.0,0.42,31.0,0.245,0.24,1.0,,,,,,,2026-06-29,1127.42,1146.99,1024.78,1145.0,1.16964e6,1090.767714
2026-06-29T20:31:25.125,2,3,MU260702P00570000,MU,2026-07-02,put,570.0,0.02,13.0,0.36,10.0,0.19,0.21,1.0,,,,,,,2026-06-29,1127.42,1146.99,1024.78,1145.0,1.16964e6,1090.767714
2026-06-29T20:31:25.125,2,3,MU260702P00575000,MU,2026-07-02,put,575.0,0.08,6.0,0.21,2.0,0.145,0.17,1.0,,,,,,,2026-06-29,1127.42,1146.99,1024.78,1145.0,1.16964e6,1090.767714
2026-06-29T20:31:25.125,2,3,MU260702P00580000,MU,2026-07-02,put,580.0,0.01,22.0,0.33,8.0,0.17,0.12,1.0,,,,,,,2026-06-29,1127.42,1146.99,1024.78,1145.0,1.16964e6,1090.767714
2026-06-29T20:31:25.125,2,3,MU260702P00585000,MU,2026-07-02,put,585.0,0.06,14.0,0.27,8.0,0.165,0.17,1.0,,,,,,,2026-06-29,1127.42,1146.99,1024.78,1145.0,1.16964e6,1090.767714
2026-06-29T20:31:25.125,2,3,MU260702P00590000,MU,2026-07-02,put,590.0,0.08,12.0,0.28,10.0,0.18000000000000002,0.22,1.0,,,,,,,2026-06-29,1127.42,1146.99,1024.78,1145.0,1.16964e6,1090.767714
2026-06-29T20:31:25.125,2,3,MU260702P00595000,MU,2026-07-02,put,595.0,0.14,15.0,0.28,1.0,0.21000000000000002,0.25,5.0,,,,,,,2026-06-29,1127.42,1146.99,1024.78,1145.0,1.16964e6,1090.767714
2026-06-29T20:31:25.125,2,3,MU260702P00600000,MU,2026-07-02,put,600.0,0.23,5.0,0.27,1.0,0.25,0.25,1.0,,,,,,,2026-06-29,1127.42,1146.99,1024.78,1145.0,1.16964e6,1090.767714
2026-06-29T20:31:25.125,2,3,MU260702P00605000,MU,2026-07-02,put,605.0,0.09,9.0,0.3,2.0,0.195,0.27,1.0,,,,,,,2026-06-29,1127.42,1146.99,1024.78,1145.0,1.16964e6,1090.767714
2026-06-29T20:31:25.125,2,3,MU260702P00610000,MU,2026-07-02,put,610.0,0.01,38.0,0.43,2.0,0.22,0.21,1.0,,,,,,,2026-06-29,1127.42,1146.99,1024.78,1145.0,1.16964e6,1090.767714
2026-06-29T20:31:25.125,2,3,MU260702P00615000,MU,2026-07-02,put,615.0,0.2,5.0,0.32,12.0,0.26,0.32,1.0,,,,,,,2026-06-29,1127.42,1146.99,1024.78,1145.0,1.16964e6,1090.767714
2026-06-29T20:31:25.125,2,3,MU260702P00620000,MU,2026-07-02,put,620.0,0.3,10.0,0.33,2.0,0.315,0.31,1.0,,,,,,,2026-06-29,1127.42,1146.99,1024.78,1145.0,1.16964e6,1090.767714
2026-06-29T20:31:25.125,2,3,MU260702P00625000,MU,2026-07-02,put,625.0,0.18,35.0,0.31,2.0,0.245,0.24,1.0,,,,,,,2026-06-29,1127.42,1146.99,1024.78,1145.0,1.16964e6,1090.767714
2026-06-29T20:31:25.125,2,3,MU260702P00630000,MU,2026-07-02,put,630.0,0.16,2.0,0.48,10.0,0.32,0.27,1.0,,,,,,,2026-06-29,1127.42,1146.99,1024.78,1145.0,1.16964e6,1090.767714
2026-06-29T20:31:25.125,2,3,MU260702P00635000,MU,2026-07-02,put,635.0,0.14,49.0,0.35,2.0,0.245,0.31,1.0,,,,,,,2026-06-29,1127.42,1146.99,1024.78,1145.0,1.16964e6,1090.767714
2026-06-29T20:31:25.125,2,3,MU260702P00640000,MU,2026-07-02,put,640.0,0.02,60.0,0.54,10.0,0.28,0.36,1.0,,,,,,,2026-06-29,1127.42,1146.99,1024.78,1145.0,1.16964e6,1090.767714
2026-06-29T20:31:25.125,2,3,MU260702P00645000,MU,2026-07-02,put,645.0,0.24,4.0,0.4,4.0,0.32,0.26,1.0,,,,,,,2026-06-29,1127.42,1146.99,1024.78,1145.0,1.16964e6,1090.767714
2026-06-29T20:31:25.125,2,3,MU260702P00650000,MU,2026-07-02,put,650.0,0.28,15.0,0.37,9.0,0.325,0.36,30.0,,,,,,,2026-06-29,1127.42,1146.99,1024.78,1145.0,1.16964e6,1090.767714
2026-06-29T20:31:25.125,2,3,MU260702P00655000,MU,2026-07-02,put,655.0,0.18,11.0,0.76,20.0,0.47,0.44,1.0,,,,,,,2026-06-29,1127.42,1146.99,1024.78,1145.0,1.16964e6,1090.767714
2026-06-29T20:31:25.125,2,3,MU260702P00660000,MU,2026-07-02,put,660.0,0.33,1.0,0.38,2.0,0.355,0.36,2.0,,,,,,,2026-06-29,1127.42,1146.99,1024.78,1145.0,1.16964e6,1090.767714
2026-06-29T20:31:25.125,2,3,MU260702P00665000,MU,2026-07-02,put,665.0,0.35,6.0,0.82,24.0,0.585,0.43,1.0,,,,,,,2026-06-29,1127.42,1146.99,1024.78,1145.0,1.16964e6,1090.767714
2026-06-29T20:31:25.125,2,3,MU260702P00670000,MU,2026-07-02,put,670.0,0.28,13.0,0.73,11.0,0.505,0.47,12.0,,,,,,,2026-06-29,1127.42,1146.99,1024.78,1145.0,1.16964e6,1090.767714
2026-06-29T20:31:25.125,2,3,MU260702P00675000,MU,2026-07-02,put,675.0,0.36,1.0,0.47,1.0,0.415,0.38,5.0,,,,,,,2026-06-29,1127.42,1146.99,1024.78,1145.0,1.16964e6,1090.767714
2026-06-29T20:31:25.125,2,3,MU260702P00680000,MU,2026-07-02,put,680.0,0.21,16.0,0.48,1.0,0.345,0.42,2.0,,,,,,,2026-06-29,1127.42,1146.99,1024.78,1145.0,1.16964e6,1090.767714
2026-06-29T20:31:25.125,2,3,MU260702P00685000,MU,2026-07-02,put,685.0,0.35,17.0,0.62,62.0,0.485,0.48,3.0,,,,,,,2026-06-29,1127.42,1146.99,1024.78,1145.0,1.16964e6,1090.767714
2026-06-29T20:31:25.125,2,3,MU260702P00690000,MU,2026-07-02,put,690.0,0.39,9.0,0.57,51.0,0.48,0.45,9.0,,,,,,,2026-06-29,1127.42,1146.99,1024.78,1145.0,1.16964e6,1090.767714
2026-06-29T20:31:25.125,2,3,MU260702P00695000,MU,2026-07-02,put,695.0,0.34,14.0,0.56,2.0,0.45000000000000007,0.54,1.0,,,,,,,2026-06-29,1127.42,1146.99,1024.78,1145.0,1.16964e6,1090.767714
2026-06-29T20:31:25.125,2,3,MU260702P00700000,MU,2026-07-02,put,700.0,0.48,9.0,0.55,6.0,0.515,0.5,1.0,,,,,,,2026-06-29,1127.42,1146.99,1024.78,1145.0,1.16964e6,1090.767714
2026-06-29T20:31:25.125,2,3,MU260702P00705000,MU,2026-07-02,put,705.0,0.35,31.0,0.6,2.0,0.475,0.52,2.0,,,,,,,2026-06-29,1127.42,1146.99,1024.78,1145.0,1.16964e6,1090.767714
2026-06-29T20:31:25.125,2,3,MU260702P00707500,MU,2026-07-02,put,707.5,0.28,16.0,0.87,5.0,0.575,0.56,1.0,,,,,,,2026-06-29,1127.42,1146.99,1024.78,1145.0,1.16964e6,1090.767714
2026-06-29T20:31:25.125,2,3,MU260702P00710000,MU,2026-07-02,put,710.0,0.52,3.0,0.56,10.0,0.54,0.54,1.0,,,,,,,2026-06-29,1127.42,1146.99,1024.78,1145.0,1.16964e6,1090.767714
2026-06-29T20:31:25.125,2,3,MU260702P00712500,MU,2026-07-02,put,712.5,0.31,35.0,0.63,2.0,0.47,0.45,1.0,,,,,,,2026-06-29,1127.42,1146.99,1024.78,1145.0,1.16964e6,1090.767714
2026-06-29T20:31:25.125,2,3,MU260702P00715000,MU,2026-07-02,put,715.0,0.31,3.0,0.59,2.0,0.44999999999999996,0.56,1.0,,,,,,,2026-06-29,1127.42,1146.99,1024.78,1145.0,1.16964e6,1090.767714
2026-06-29T20:31:25.125,2,3,MU260702P00717500,MU,2026-07-02,put,717.5,0.16,49.0,0.62,2.0,0.39,0.47,1.0,,,,,,,2026-06-29,1127.42,1146.99,1024.78,1145.0,1.16964e6,1090.767714
2026-06-29T20:31:25.125,2,3,MU260702P00720000,MU,2026-07-02,put,720.0,0.4,18.0,0.73,11.0,0.565,0.53,27.0,,,,,,,2026-06-29,1127.42,1146.99,1024.78,1145.0,1.16964e6,1090.767714
2026-06-29T20:31:25.125,2,3,MU260702P00722500,MU,2026-07-02,put,722.5,0.24,16.0,1.02,7.0,0.63,0.7,1.0,,,,,,,2026-06-29,1127.42,1146.99,1024.78,1145.0,1.16964e6,1090.767714
2026-06-29T20:31:25.125,2,3,MU260702P00725000,MU,2026-07-02,put,725.0,0.2,61.0,0.67,2.0,0.43500000000000005,0.54,1.0,,,,,,,2026-06-29,1127.42,1146.99,1024.78,1145.0,1.16964e6,1090.767714
2026-06-29T20:31:25.125,2,3,MU260702P00727500,MU,2026-07-02,put,727.5,0.13,40.0,1.14,17.0,0.635,0.61,1.0,,,,,,,2026-06-29,1127.42,1146.99,1024.78,1145.0,1.16964e6,1090.767714
2026-06-29T20:31:25.125,2,3,MU260702P00730000,MU,2026-07-02,put,730.0,0.56,20.0,0.82,9.0,0.69,0.65,5.0,,,,,,,2026-06-29,1127.42,1146.99,1024.78,1145.0,1.16964e6,1090.767714
2026-06-29T20:31:25.125,2,3,MU260702P00732500,MU,2026-07-02,put,732.5,0.3,16.0,0.89,15.0,0.595,0.7,1.0,,,,,,,2026-06-29,1127.42,1146.99,1024.78,1145.0,1.16964e6,1090.767714
2026-06-29T20:31:25.125,2,3,MU260702P00735000,MU,2026-07-02,put,735.0,0.38,44.0,0.9,41.0,0.64,0.8,1.0,,,,,,,2026-06-29,1127.42,1146.99,1024.78,1145.0,1.16964e6,1090.767714
2026-06-29T20:31:25.125,2,3,MU260702P00737500,MU,2026-07-02,put,737.5,0.24,58.0,1.09,5.0,0.665,0.67,1.0,,,,,,,2026-06-29,1127.42,1146.99,1024.78,1145.0,1.16964e6,1090.767714
2026-06-29T20:31:25.125,2,3,MU260702P00740000,MU,2026-07-02,put,740.0,0.39,15.0,1.05,79.0,0.72,0.77,1.0,,,,,,,2026-06-29,1127.42,1146.99,1024.78,1145.0,1.16964e6,1090.767714
2026-06-29T20:31:25.125,2,3,MU260702P00742500,MU,2026-07-02,put,742.5,0.27,17.0,1.12,10.0,0.6950000000000001,0.84,1.0,,,,,,,2026-06-29,1127.42,1146.99,1024.78,1145.0,1.16964e6,1090.767714
2026-06-29T20:31:25.125,2,3,MU260702P00745000,MU,2026-07-02,put,745.0,0.4,52.0,0.86,22.0,0.63,0.54,25.0,,,,,,,2026-06-29,1127.42,1146.99,1024.78,1145.0,1.16964e6,1090.767714
2026-06-29T20:31:25.125,2,3,MU260702P00747500,MU,2026-07-02,put,747.5,0.31,14.0,1.3,42.0,0.805,0.85,1.0,,,,,,,2026-06-29,1127.42,1146.99,1024.78,1145.0,1.16964e6,1090.767714
2026-06-29T20:31:25.125,2,3,MU260702P00750000,MU,2026-07-02,put,750.0,0.66,1.0,0.68,1.0,0.67,0.66,20.0,,,,,,,2026-06-29,1127.42,1146.99,1024.78,1145.0,1.16964e6,1090.767714
2026-06-29T20:31:25.125,2,3,MU260702P00755000,MU,2026-07-02,put,755.0,0.5,5.0,0.87,16.0,0.685,0.78,1.0,,,,,,,2026-06-29,1127.42,1146.99,1024.78,1145.0,1.16964e6,1090.767714
2026-06-29T20:31:25.125,2,3,MU260702P00760000,MU,2026-07-02,put,760.0,0.45,2.0,0.8,8.0,0.625,0.68,1.0,,,,,,,2026-06-29,1127.42,1146.99,1024.78,1145.0,1.16964e6,1090.767714
2026-06-29T20:31:25.125,2,3,MU260702P00765000,MU,2026-07-02,put,765.0,0.56,2.0,0.98,17.0,0.77,0.82,1.0,,,,,,,2026-06-29,1127.42,1146.99,1024.78,1145.0,1.16964e6,1090.767714
2026-06-29T20:31:25.125,2,3,MU260702P00770000,MU,2026-07-02,put,770.0,0.46,43.0,1.25,55.0,0.855,0.94,1.0,,,,,,,2026-06-29,1127.42,1146.99,1024.78,1145.0,1.16964e6,1090.767714
2026-06-29T20:31:25.125,2,3,MU260702P00775000,MU,2026-07-02,put,775.0,0.62,56.0,1.11,14.0,0.865,0.91,2.0,,,,,,,2026-06-29,1127.42,1146.99,1024.78,1145.0,1.16964e6,1090.767714
2026-06-29T20:31:25.125,2,3,MU260702P00780000,MU,2026-07-02,put,780.0,0.65,13.0,0.85,11.0,0.75,0.84,1.0,,,,,,,2026-06-29,1127.42,1146.99,1024.78,1145.0,1.16964e6,1090.767714
2026-06-29T20:31:25.125,2,3,MU260702P00785000,MU,2026-07-02,put,785.0,0.45,22.0,1.02,15.0,0.735,0.96,2.0,,,,,,,2026-06-29,1127.42,1146.99,1024.78,1145.0,1.16964e6,1090.767714
2026-06-29T20:31:25.125,2,3,MU260702P00790000,MU,2026-07-02,put,790.0,0.74,5.0,0.85,1.0,0.7949999999999999,0.85,2.0,,,,,,,2026-06-29,1127.42,1146.99,1024.78,1145.0,1.16964e6,1090.767714
2026-06-29T20:31:25.125,2,3,MU260702P00795000,MU,2026-07-02,put,795.0,0.54,12.0,0.94,10.0,0.74,0.94,1.0,,,,,,,2026-06-29,1127.42,1146.99,1024.78,1145.0,1.16964e6,1090.767714
2026-06-29T20:31:25.125,2,3,MU260702P00800000,MU,2026-07-02,put,800.0,0.86,1.0,1.03,15.0,0.9450000000000001,0.89,1.0,,,,,,,2026-06-29,1127.42,1146.99,1024.78,1145.0,1.16964e6,1090.767714
2026-06-29T20:31:25.125,2,3,MU260702P00805000,MU,2026-07-02,put,805.0,0.66,15.0,1.06,40.0,0.8600000000000001,0.88,1.0,,,,,,,2026-06-29,1127.42,1146.99,1024.78,1145.0,1.16964e6,1090.767714
2026-06-29T20:31:25.125,2,3,MU260702P00810000,MU,2026-07-02,put,810.0,0.79,1.0,1.03,9.0,0.91,1.03,1.0,,,,,,,2026-06-29,1127.42,1146.99,1024.78,1145.0,1.16964e6,1090.767714
2026-06-29T20:31:25.125,2,3,MU260702P00815000,MU,2026-07-02,put,815.0,0.67,36.0,1.28,60.0,0.9750000000000001,0.95,1.0,,,,,,,2026-06-29,1127.42,1146.99,1024.78,1145.0,1.16964e6,1090.767714
2026-06-29T20:31:25.125,2,3,MU260702P00820000,MU,2026-07-02,put,820.0,0.88,15.0,1.1,3.0,0.99,1.01,1.0,,,,,,,2026-06-29,1127.42,1146.99,1024.78,1145.0,1.16964e6,1090.767714
2026-06-29T20:31:25.125,2,3,MU260702P00825000,MU,2026-07-02,put,825.0,0.86,8.0,1.21,9.0,1.035,1.02,2.0,,,,,,,2026-06-29,1127.42,1146.99,1024.78,1145.0,1.16964e6,1090.767714
2026-06-29T20:31:25.125,2,3,MU260702P00830000,MU,2026-07-02,put,830.0,1.02,1.0,1.2,2.0,1.1099999999999999,1.13,1.0,,,,,,,2026-06-29,1127.42,1146.99,1024.78,1145.0,1.16964e6,1090.767714
2026-06-29T20:31:25.125,2,3,MU260702P00835000,MU,2026-07-02,put,835.0,0.96,5.0,1.44,52.0,1.2,1.3,1.0,,,,,,,2026-06-29,1127.42,1146.99,1024.78,1145.0,1.16964e6,1090.767714
2026-06-29T20:31:25.125,2,3,MU260702P00840000,MU,2026-07-02,put,840.0,1.12,1.0,1.33,13.0,1.225,1.23,1.0,,,,,,,2026-06-29,1127.42,1146.99,1024.78,1145.0,1.16964e6,1090.767714
2026-06-29T20:31:25.125,2,3,MU260702P00845000,MU,2026-07-02,put,845.0,0.82,42.0,1.47,35.0,1.145,1.2,1.0,,,,,,,2026-06-29,1127.42,1146.99,1024.78,1145.0,1.16964e6,1090.767714
2026-06-29T20:31:25.125,2,3,MU260702P00850000,MU,2026-07-02,put,850.0,1.02,15.0,1.28,4.0,1.15,1.23,10.0,,,,,,,2026-06-29,1127.42,1146.99,1024.78,1145.0,1.16964e6,1090.767714
2026-06-29T20:31:25.125,2,3,MU260702P00855000,MU,2026-07-02,put,855.0,1.06,14.0,1.54,17.0,1.3,1.5,1.0,,,,,,,2026-06-29,1127.42,1146.99,1024.78,1145.0,1.16964e6,1090.767714
2026-06-29T20:31:25.125,2,3,MU260702P00860000,MU,2026-07-02,put,860.0,1.0,22.0,1.62,22.0,1.31,1.5,1.0,,,,,,,2026-06-29,1127.42,1146.99,1024.78,1145.0,1.16964e6,1090.767714
2026-06-29T20:31:25.125,2,3,MU260702P00865000,MU,2026-07-02,put,865.0,0.97,41.0,1.53,24.0,1.25,1.39,1.0,,,,,,,2026-06-29,1127.42,1146.99,1024.78,1145.0,1.16964e6,1090.767714
2026-06-29T20:31:25.125,2,3,MU260702P00870000,MU,2026-07-02,put,870.0,1.25,4.0,1.56,8.0,1.405,1.43,1.0,,,,,,,2026-06-29,1127.42,1146.99,1024.78,1145.0,1.16964e6,1090.767714
2026-06-29T20:31:25.125,2,3,MU260702P00875000,MU,2026-07-02,put,875.0,1.42,1.0,1.66,15.0,1.54,1.5,3.0,,,,,,,2026-06-29,1127.42,1146.99,1024.78,1145.0,1.16964e6,1090.767714
2026-06-29T20:31:25.125,2,3,MU260702P00880000,MU,2026-07-02,put,880.0,1.34,15.0,1.73,5.0,1.5350000000000001,1.59,1.0,,,,,,,2026-06-29,1127.42,1146.99,1024.78,1145.0,1.16964e6,1090.767714
2026-06-29T20:31:25.125,2,3,MU260702P00885000,MU,2026-07-02,put,885.0,1.24,43.0,2.23,42.0,1.7349999999999999,1.75,1.0,,,,,,,2026-06-29,1127.42,1146.99,1024.78,1145.0,1.16964e6,1090.767714
2026-06-29T20:31:25.125,2,3,MU260702P00890000,MU,2026-07-02,put,890.0,1.33,24.0,1.72,2.0,1.525,1.69,1.0,,,,,,,2026-06-29,1127.42,1146.99,1024.78,1145.0,1.16964e6,1090.767714
2026-06-29T20:31:25.125,2,3,MU260702P00895000,MU,2026-07-02,put,895.0,1.42,24.0,2.1,27.0,1.76,1.72,1.0,,,,,,,2026-06-29,1127.42,1146.99,1024.78,1145.0,1.16964e6,1090.767714
2026-06-29T20:31:25.125,2,3,MU260702P00900000,MU,2026-07-02,put,900.0,1.72,2.0,2.009,15.0,1.8645,1.79,1.0,,,,,,,2026-06-29,1127.42,1146.99,1024.78,1145.0,1.16964e6,1090.767714
2026-06-29T20:31:25.125,2,3,MU260702P00905000,MU,2026-07-02,put,905.0,1.31,42.0,2.4,22.0,1.855,2.31,1.0,,,,,,,2026-06-29,1127.42,1146.99,1024.78,1145.0,1.16964e6,1090.767714
2026-06-29T20:31:25.125,2,3,MU260702P00910000,MU,2026-07-02,put,910.0,1.43,15.0,2.33,38.0,1.88,2.31,2.0,,,,,,,2026-06-29,1127.42,1146.99,1024.78,1145.0,1.16964e6,1090.767714
2026-06-29T20:31:25.125,2,3,MU260702P00915000,MU,2026-07-02,put,915.0,1.37,42.0,2.48,30.0,1.925,2.34,2.0,,,,,,,2026-06-29,1127.42,1146.99,1024.78,1145.0,1.16964e6,1090.767714
2026-06-29T20:31:25.125,2,3,MU260702P00920000,MU,2026-07-02,put,920.0,1.75,16.0,2.52,3.0,2.135,2.51,1.0,,,,,,,2026-06-29,1127.42,1146.99,1024.78,1145.0,1.16964e6,1090.767714
2026-06-29T20:31:25.125,2,3,MU260702P00925000,MU,2026-07-02,put,925.0,2.02,19.0,2.43,23.0,2.225,2.33,1.0,,,,,,,2026-06-29,1127.42,1146.99,1024.78,1145.0,1.16964e6,1090.767714
2026-06-29T20:31:25.125,2,3,MU260702P00930000,MU,2026-07-02,put,930.0,1.98,7.0,2.72,11.0,2.35,2.44,15.0,,,,,,,2026-06-29,1127.42,1146.99,1024.78,1145.0,1.16964e6,1090.767714
2026-06-29T20:31:25.125,2,3,MU260702P00935000,MU,2026-07-02,put,935.0,2.06,43.0,2.89,19.0,2.475,2.5,1.0,,,,,,,2026-06-29,1127.42,1146.99,1024.78,1145.0,1.16964e6,1090.767714
2026-06-29T20:31:25.125,2,3,MU260702P00940000,MU,2026-07-02,put,940.0,2.09,24.0,2.73,10.0,2.41,2.72,15.0,,,,,,,2026-06-29,1127.42,1146.99,1024.78,1145.0,1.16964e6,1090.767714
2026-06-29T20:31:25.125,2,3,MU260702P00945000,MU,2026-07-02,put,945.0,2.43,16.0,2.92,14.0,2.675,2.78,1.0,,,,,,,2026-06-29,1127.42,1146.99,1024.78,1145.0,1.16964e6,1090.767714
2026-06-29T20:31:25.125,2,3,MU260702P00950000,MU,2026-07-02,put,950.0,2.76,65.0,3.18,4.0,2.9699999999999998,2.88,1.0,,,,,,,2026-06-29,1127.42,1146.99,1024.78,1145.0,1.16964e6,1090.767714
2026-06-29T20:31:25.125,2,3,MU260702P00955000,MU,2026-07-02,put,955.0,2.63,27.0,3.52,44.0,3.075,3.07,1.0,,,,,,,2026-06-29,1127.42,1146.99,1024.78,1145.0,1.16964e6,1090.767714
2026-06-29T20:31:25.125,2,3,MU260702P00960000,MU,2026-07-02,put,960.0,3.09,9.0,3.48,18.0,3.285,3.46,1.0,,,,,,,2026-06-29,1127.42,1146.99,1024.78,1145.0,1.16964e6,1090.767714
2026-06-29T20:31:25.125,2,3,MU260702P00965000,MU,2026-07-02,put,965.0,3.02,34.0,3.85,26.0,3.435,3.66,1.0,,,,,,,2026-06-29,1127.42,1146.99,1024.78,1145.0,1.16964e6,1090.767714
2026-06-29T20:31:25.125,2,3,MU260702P00970000,MU,2026-07-02,put,970.0,3.45,11.0,3.99,15.0,3.72,3.85,1.0,,,,,,,2026-06-29,1127.42,1146.99,1024.78,1145.0,1.16964e6,1090.767714
2026-06-29T20:31:25.125,2,3,MU260702P00975000,MU,2026-07-02,put,975.0,3.67,11.0,4.18,18.0,3.925,4.0,1.0,,,,,,,2026-06-29,1127.42,1146.99,1024.78,1145.0,1.16964e6,1090.767714
2026-06-29T20:31:25.125,2,3,MU260702P00980000,MU,2026-07-02,put,980.0,3.97,18.0,4.53,21.0,4.25,4.45,1.0,1.1932,-0.0739,0.0011,-2.8663,0.1446,-0.0073,2026-06-29,1127.42,1146.99,1024.78,1145.0,1.16964e6,1090.767714
2026-06-29T20:31:25.125,2,3,MU260702P00985000,MU,2026-07-02,put,985.0,4.19,2.0,4.71,19.0,4.45,4.71,1.0,1.1754,-0.0779,0.0012,-2.937,0.1504,-0.0077,2026-06-29,1127.42,1146.99,1024.78,1145.0,1.16964e6,1090.767714
2026-06-29T20:31:25.125,2,3,MU260702P00990000,MU,2026-07-02,put,990.0,4.5,1.0,5.07,18.0,4.785,5.0,1.0,,,,,,,2026-06-29,1127.42,1146.99,1024.78,1145.0,1.16964e6,1090.767714
2026-06-29T20:31:25.125,2,3,MU260702P00995000,MU,2026-07-02,put,995.0,4.85,9.0,5.46,18.0,5.154999999999999,5.33,1.0,1.1563,-0.0893,0.0014,-3.2024,0.1667,-0.0088,2026-06-29,1127.42,1146.99,1024.78,1145.0,1.16964e6,1090.767714
2026-06-29T20:31:25.125,2,3,MU260702P01000000,MU,2026-07-02,put,1000.0,5.28,26.0,5.79,9.0,5.535,5.55,1.0,1.1461,-0.0955,0.0014,-3.3345,0.1752,-0.0094,2026-06-29,1127.42,1146.99,1024.78,1145.0,1.16964e6,1090.767714
2026-06-29T20:31:25.125,2,3,MU260702P01002500,MU,2026-07-02,put,1002.5,5.46,6.0,5.8,1.0,5.63,5.88,1.0,1.1351,-0.0976,0.0015,-3.3572,0.1781,-0.0096,2026-06-29,1127.42,1146.99,1024.78,1145.0,1.16964e6,1090.767714
2026-06-29T20:31:25.125,2,3,MU260702P01005000,MU,2026-07-02,put,1005.0,5.6,18.0,6.31,15.0,5.955,6.22,1.0,1.1366,-0.1021,0.0015,-3.4744,0.184,-0.0101,2026-06-29,1127.42,1146.99,1024.78,1145.0,1.16964e6,1090.767714
2026-06-29T20:31:25.125,2,3,MU260702P01007500,MU,2026-07-02,put,1007.5,5.84,3.0,6.58,12.0,6.21,6.19,1.0,1.1337,-0.106,0.0016,-3.5589,0.189,-0.0104,2026-06-29,1127.42,1146.99,1024.78,1145.0,1.16964e6,1090.767714
2026-06-29T20:31:25.125,2,3,MU260702P01010000,MU,2026-07-02,put,1010.0,6.17,13.0,6.67,6.0,6.42,6.35,3.0,1.128,-0.1094,0.0016,-3.6224,0.1934,-0.0108,2026-06-29,1127.42,1146.99,1024.78,1145.0,1.16964e6,1090.767714
2026-06-29T20:31:25.125,2,3,MU260702P01012500,MU,2026-07-02,put,1012.5,5.97,16.0,6.86,17.0,6.415,6.86,10.0,1.1109,-0.1107,0.0016,-3.5994,0.1951,-0.0109,2026-06-29,1127.42,1146.99,1024.78,1145.0,1.16964e6,1090.767714
2026-06-29T20:31:25.125,2,3,MU260702P01015000,MU,2026-07-02,put,1015.0,6.56,2.0,7.17,16.0,6.865,6.95,1.0,1.1167,-0.1165,0.0017,-3.752,0.2023,-0.0115,2026-06-29,1127.42,1146.99,1024.78,1145.0,1.16964e6,1090.767714
2026-06-29T20:31:25.125,2,3,MU260702P01017500,MU,2026-07-02,put,1017.5,6.91,17.0,7.34,19.0,7.125,7.55,1.0,1.1123,-0.1205,0.0017,-3.8271,0.2072,-0.0119,2026-06-29,1127.42,1146.99,1024.78,1145.0,1.16964e6,1090.767714
2026-06-29T20:31:25.125,2,3,MU260702P01020000,MU,2026-07-02,put,1020.0,6.95,21.0,7.84,5.0,7.395,7.2,1.0,1.108,-0.1246,0.0018,-3.9029,0.2121,-0.0123,2026-06-29,1127.42,1146.99,1024.78,1145.0,1.16964e6,1090.767714
2026-06-29T20:31:25.125,2,3,MU260702P01022500,MU,2026-07-02,put,1022.5,7.02,23.0,8.029,15.0,7.5245,8.029,1.0,1.0968,-0.1275,0.0018,-3.9248,0.2155,-0.0126,2026-06-29,1127.42,1146.99,1024.78,1145.0,1.16964e6,1090.767714
2026-06-29T20:31:25.125,2,3,MU260702P01025000,MU,2026-07-02,put,1025.0,7.26,78.0,8.27,1.0,7.765,8.0,1.0,1.0905,-0.1314,0.0019,-3.9849,0.2201,-0.0129,2026-06-29,1127.42,1146.99,1024.78,1145.0,1.16964e6,1090.767714
2026-06-29T20:31:25.125,2,3,MU260702P01027500,MU,2026-07-02,put,1027.5,7.85,1.0,8.73,4.0,8.29,8.25,1.0,1.0963,-0.1379,0.0019,-4.1411,0.2275,-0.0136,2026-06-29,1127.42,1146.99,1024.78,1145.0,1.16964e6,1090.767714
2026-06-29T20:31:25.125,2,3,MU260702P01030000,MU,2026-07-02,put,1030.0,7.87,26.0,8.99,1.0,8.43,8.5,3.0,1.0847,-0.1411,0.002,-4.16,0.231,-0.0139,2026-06-29,1127.42,1146.99,1024.78,1145.0,1.16964e6,1090.767714
2026-06-29T20:31:25.125,2,3,MU260702P01035000,MU,2026-07-02,put,1035.0,8.5,22.0,9.6,12.0,9.05,9.2,2.0,1.0751,-0.1504,0.0021,-4.3049,0.2412,-0.0148,2026-06-29,1127.42,1146.99,1024.78,1145.0,1.16964e6,1090.767714
2026-06-29T20:31:25.125,2,3,MU260702P01040000,MU,2026-07-02,put,1040.0,9.67,6.0,10.09,9.0,9.879999999999999,10.09,2.0,1.0722,-0.1617,0.0022,-4.5018,0.253,-0.0159,2026-06-29,1127.42,1146.99,1024.78,1145.0,1.16964e6,1090.767714
2026-06-29T20:31:25.125,2,3,MU260702P01045000,MU,2026-07-02,put,1045.0,10.43,21.0,10.99,10.0,10.71,10.78,1.0,1.0671,-0.173,0.0023,-4.6796,0.2643,-0.0171,2026-06-29,1127.42,1146.99,1024.78,1145.0,1.16964e6,1090.767714
2026-06-29T20:31:25.125,2,3,MU260702P01050000,MU,2026-07-02,put,1050.0,11.19,2.0,12.02,8.0,11.605,11.33,1.0,1.0622,-0.185,0.0024,-4.8575,0.2756,-0.0183,2026-06-29,1127.42,1146.99,1024.78,1145.0,1.16964e6,1090.767714
2026-06-29T20:31:25.125,2,3,MU260702P01055000,MU,2026-07-02,put,1055.0,11.68,21.0,13.07,11.0,12.375,12.63,1.0,1.0509,-0.1962,0.0025,-4.9817,0.2858,-0.0194,2026-06-29,1127.42,1146.99,1024.78,1145.0,1.16964e6,1090.767714
2026-06-29T20:31:25.125,2,3,MU260702P01060000,MU,2026-07-02,put,1060.0,13.26,2.0,13.74,1.0,13.5,13.74,1.0,1.0499,-0.21,0.0027,-5.1826,0.2976,-0.0208,2026-06-29,1127.42,1146.99,1024.78,1145.0,1.16964e6,1090.767714
2026-06-29T20:31:25.125,2,3,MU260702P01065000,MU,2026-07-02,put,1065.0,13.54,12.0,15.37,8.0,14.454999999999998,15.0,1.0,1.0409,-0.2228,0.0028,-5.3171,0.308,-0.0221,2026-06-29,1127.42,1146.99,1024.78,1145.0,1.16964e6,1090.767714
2026-06-29T20:31:25.125,2,3,MU260702P01070000,MU,2026-07-02,put,1070.0,15.08,28.0,15.97,10.0,15.525,15.97,1.0,1.0337,-0.2366,0.0029,-5.4595,0.3185,-0.0234,2026-06-29,1127.42,1146.99,1024.78,1145.0,1.16964e6,1090.767714
2026-06-29T20:31:25.125,2,3,MU260702P01075000,MU,2026-07-02,put,1075.0,15.8,21.0,17.25,6.0,16.525,17.25,1.0,1.0224,-0.2502,0.003,-5.5639,0.3283,-0.0248,2026-06-29,1127.42,1146.99,1024.78,1145.0,1.16964e6,1090.767714
2026-06-29T20:31:25.125,2,3,MU260702P01080000,MU,2026-07-02,put,1080.0,17.41,9.0,18.39,1.0,17.9,18.15,1.0,1.0203,-0.266,0.0031,-5.7312,0.3389,-0.0264,2026-06-29,1127.42,1146.99,1024.78,1145.0,1.16964e6,1090.767714
2026-06-29T20:31:25.125,2,3,MU260702P01085000,MU,2026-07-02,put,1085.0,18.4,64.0,20.46,11.0,19.43,20.0,10.0,1.0204,-0.2826,0.0032,-5.9046,0.3492,-0.0281,2026-06-29,1127.42,1146.99,1024.78,1145.0,1.16964e6,1090.767714
2026-06-29T20:31:25.125,2,3,MU260702P01090000,MU,2026-07-02,put,1090.0,19.6,65.0,21.44,6.0,20.520000000000003,21.15,4.0,1.0056,-0.2975,0.0033,-5.9592,0.3577,-0.0295,2026-06-29,1127.42,1146.99,1024.78,1145.0,1.16964e6,1090.767714
2026-06-29T20:31:25.125,2,3,MU260702P01095000,MU,2026-07-02,put,1095.0,21.61,13.0,23.3,4.0,22.455,23.18,1.0,1.0122,-0.316,0.0034,-6.1589,0.3673,-0.0314,2026-06-29,1127.42,1146.99,1024.78,1145.0,1.16964e6,1090.767714
2026-06-29T20:31:25.125,2,3,MU260702P01100000,MU,2026-07-02,put,1100.0,23.44,3.0,24.47,1.0,23.955,24.19,1.0,1.0044,-0.3329,0.0035,-6.2423,0.3753,-0.0331,2026-06-29,1127.42,1146.99,1024.78,1145.0,1.16964e6,1090.767714
2026-06-29T20:31:25.125,2,3,MU260702P01105000,MU,2026-07-02,put,1105.0,25.11,1.0,25.94,1.0,25.525,25.94,40.0,0.9963,-0.3503,0.0036,-6.3114,0.3826,-0.0349,2026-06-29,1127.42,1146.99,1024.78,1145.0,1.16964e6,1090.767714
2026-06-29T20:31:25.125,2,3,MU260702P01110000,MU,2026-07-02,put,1110.0,26.18,28.0,28.46,9.0,27.32,27.78,1.0,0.9918,-0.3686,0.0037,-6.393,0.3894,-0.0368,2026-06-29,1127.42,1146.99,1024.78,1145.0,1.16964e6,1090.767714
2026-06-29T20:31:25.125,2,3,MU260702P01115000,MU,2026-07-02,put,1115.0,28.49,24.0,29.83,2.0,29.159999999999997,29.83,1.0,0.9862,-0.3872,0.0038,-6.4522,0.3954,-0.0386,2026-06-29,1127.42,1146.99,1024.78,1145.0,1.16964e6,1090.767714
2026-06-29T20:31:25.125,2,3,MU260702P01120000,MU,2026-07-02,put,1120.0,29.71,73.0,32.549,6.0,31.1295,31.58,1.0,0.9815,-0.4062,0.0038,-6.5031,0.4005,-0.0406,2026-06-29,1127.42,1146.99,1024.78,1145.0,1.16964e6,1090.767714
2026-06-29T20:31:25.125,2,3,MU260702P01125000,MU,2026-07-02,put,1125.0,32.689,58.0,34.42,6.0,33.554500000000004,34.42,6.0,0.9857,-0.4259,0.0039,-6.5996,0.4048,-0.0426,2026-06-29,1127.42,1146.99,1024.78,1145.0,1.16964e6,1090.767714
2026-06-29T20:31:25.125,2,3,MU260702P01130000,MU,2026-07-02,put,1130.0,34.25,4.0,36.08,9.0,35.165,35.86,1.0,0.9675,-0.445,0.004,-6.5262,0.4081,-0.0446,2026-06-29,1127.42,1146.99,1024.78,1145.0,1.16964e6,1090.767714
2026-06-29T20:31:25.125,2,3,MU260702P01135000,MU,2026-07-02,put,1135.0,36.09,25.0,39.3,8.0,37.695,38.04,1.0,0.9695,-0.465,0.004,-6.5748,0.4104,-0.0466,2026-06-29,1127.42,1146.99,1024.78,1145.0,1.16964e6,1090.767714
2026-06-29T20:31:25.125,2,3,MU260702P01140000,MU,2026-07-02,put,1140.0,40.31,4.0,41.48,7.0,40.894999999999996,41.1,1.0,0.9853,-0.4846,0.0039,-6.7013,0.4117,-0.0487,2026-06-29,1127.42,1146.99,1024.78,1145.0,1.16964e6,1090.767714
2026-06-29T20:31:25.125,2,3,MU260702P01145000,MU,2026-07-02,put,1145.0,40.35,3.0,43.59,8.0,41.97,43.59,2.0,0.9471,-0.5057,0.0041,-6.4409,0.4119,-0.0508,2026-06-29,1127.42,1146.99,1024.78,1145.0,1.16964e6,1090.767714
2026-06-29T20:31:25.125,2,3,MU260702P01150000,MU,2026-07-02,put,1150.0,43.15,33.0,46.7,3.0,44.925,45.95,1.0,0.9521,-0.5256,0.004,-6.46,0.4111,-0.0529,2026-06-29,1127.42,1146.99,1024.78,1145.0,1.16964e6,1090.767714
2026-06-29T20:31:25.125,2,3,MU260702P01155000,MU,2026-07-02,put,1155.0,46.39,17.0,48.82,2.0,47.605000000000004,48.82,1.0,0.948,-0.5459,0.004,-6.3996,0.4092,-0.055,2026-06-29,1127.42,1146.99,1024.78,1145.0,1.16964e6,1090.767714
2026-06-29T20:31:25.125,2,3,MU260702P01160000,MU,2026-07-02,put,1160.0,49.44,3.0,51.64,8.0,50.54,51.05,1.0,0.9477,-0.5658,0.004,-6.3495,0.4064,-0.0571,2026-06-29,1127.42,1146.99,1024.78,1145.0,1.16964e6,1090.767714
2026-06-29T20:31:25.125,2,3,MU260702P01165000,MU,2026-07-02,put,1165.0,52.13,18.0,55.29,4.0,53.71,52.13,2.0,0.9508,-0.585,0.004,-6.3083,0.4026,-0.0592,2026-06-29,1127.42,1146.99,1024.78,1145.0,1.16964e6,1090.767714
2026-06-29T20:31:25.125,2,3,MU260702P01170000,MU,2026-07-02,put,1170.0,54.82,65.0,57.2,2.0,56.010000000000005,57.2,1.0,0.9298,-0.6073,0.004,-6.0773,0.397,-0.0615,2026-06-29,1127.42,1146.99,1024.78,1145.0,1.16964e6,1090.767714
2026-06-29T20:31:25.125,2,3,MU260702P01175000,MU,2026-07-02,put,1175.0,57.87,7.0,62.69,8.0,60.28,62.5,1.0,0.956,-0.6224,0.0038,-6.1763,0.3924,-0.0632,2026-06-29,1127.42,1146.99,1024.78,1145.0,1.16964e6,1090.767714
2026-06-29T20:31:25.125,2,3,MU260702P01180000,MU,2026-07-02,put,1180.0,60.42,35.0,64.269,13.0,62.344500000000004,62.27,7.0,0.9234,-0.6467,0.0039,-5.8273,0.3838,-0.0657,2026-06-29,1127.42,1146.99,1024.78,1145.0,1.16964e6,1090.767714
2026-06-29T20:31:25.125,2,3,MU260702P01185000,MU,2026-07-02,put,1185.0,63.05,26.0,67.69,4.0,65.37,67.0,1.0,0.9126,-0.6675,0.0039,-5.6236,0.3751,-0.0679,2026-06-29,1127.42,1146.99,1024.78,1145.0,1.16964e6,1090.767714
2026-06-29T20:31:25.125,2,3,MU260702P01190000,MU,2026-07-02,put,1190.0,66.88,31.0,71.49,8.0,69.185,71.49,4.0,0.9205,-0.6841,0.0037,-5.5506,0.3673,-0.0697,2026-06-29,1127.42,1146.99,1024.78,1145.0,1.16964e6,1090.767714
2026-06-29T20:31:25.125,2,3,MU260702P01195000,MU,2026-07-02,put,1195.0,69.76,26.0,75.89,16.0,72.825,75.89,1.0,0.9214,-0.7015,0.0036,-5.4146,0.3582,-0.0717,2026-06-29,1127.42,1146.99,1024.78,1145.0,1.16964e6,1090.767714
2026-06-29T20:31:25.125,2,3,MU260702P01200000,MU,2026-07-02,put,1200.0,74.66,17.0,77.06,5.0,75.86,75.85,25.0,0.9025,-0.7232,0.0036,-5.1101,0.3456,-0.0739,2026-06-29,1127.42,1146.99,1024.78,1145.0,1.16964e6,1090.767714
2026-06-29T20:31:25.125,2,3,MU260702P01205000,MU,2026-07-02,put,1205.0,77.22,12.0,79.95,1.0,78.58500000000001,92.33,1.0,0.8705,-0.7486,0.0035,-4.6832,0.3292,-0.0765,2026-06-29,1127.42,1146.99,1024.78,1145.0,1.16964e6,1090.767714
2026-06-29T20:31:25.125,2,3,MU260702P01210000,MU,2026-07-02,put,1210.0,80.89,14.0,86.57,7.0,83.72999999999999,83.98,1.0,0.9092,-0.7544,0.0034,-4.8324,0.3251,-0.0775,2026-06-29,1127.42,1146.99,1024.78,1145.0,1.16964e6,1090.767714
2026-06-29T20:31:25.125,2,3,MU260702P01215000,MU,2026-07-02,put,1215.0,83.9,18.0,87.53,4.0,85.715,87.53,4.0,0.8456,-0.7881,0.0033,-4.1195,0.2992,-0.0808,2026-06-29,1127.42,1146.99,1024.78,1145.0,1.16964e6,1090.767714
2026-06-29T20:31:25.125,2,3,MU260702P01220000,MU,2026-07-02,put,1220.0,87.04,4.0,91.68,3.0,89.36000000000001,91.68,1.0,0.8302,-0.808,0.0032,-3.8024,0.282,-0.083,2026-06-29,1127.42,1146.99,1024.78,1145.0,1.16964e6,1090.767714
2026-06-29T20:31:25.125,2,3,MU260702P01225000,MU,2026-07-02,put,1225.0,91.18,8.0,97.07,1.0,94.125,97.07,2.0,0.8521,-0.8157,0.003,-3.8031,0.275,-0.0841,2026-06-29,1127.42,1146.99,1024.78,1145.0,1.16964e6,1090.767714
2026-06-29T20:31:25.125,2,3,MU260702P01230000,MU,2026-07-02,put,1230.0,95.89,42.0,101.65,5.0,98.77000000000001,111.71,1.0,0.8686,-0.8244,0.0029,-3.7582,0.2667,-0.0853,2026-06-29,1127.42,1146.99,1024.78,1145.0,1.16964e6,1090.767714
2026-06-29T20:31:25.125,2,3,MU260702P01235000,MU,2026-07-02,put,1235.0,99.98,8.0,105.36,5.0,102.67,105.36,1.0,0.8547,-0.8416,0.0027,-3.4498,0.2496,-0.0872,2026-06-29,1127.42,1146.99,1024.78,1145.0,1.16964e6,1090.767714
2026-06-29T20:31:25.125,2,3,MU260702P01240000,MU,2026-07-02,put,1240.0,100.48,4.0,109.52,7.0,105.0,115.05,1.0,0.7643,-0.8823,0.0025,-2.4851,0.2038,-0.0912,2026-06-29,1127.42,1146.99,1024.78,1145.0,1.16964e6,1090.767714
2026-06-29T20:31:25.125,2,3,MU260702P01245000,MU,2026-07-02,put,1245.0,107.86,2.0,114.92,41.0,111.39,114.92,1.0,0.8553,-0.8653,0.0025,-3.0827,0.2239,-0.0902,2026-06-29,1127.42,1146.99,1024.78,1145.0,1.16964e6,1090.767714
2026-06-29T20:31:25.125,2,3,MU260702P01250000,MU,2026-07-02,put,1250.0,109.3,15.0,120.09,15.0,114.695,120.09,2.0,0.7993,-0.8929,0.0022,-2.4245,0.1904,-0.093,2026-06-29,1127.42,1146.99,1024.78,1145.0,1.16964e6,1090.767714
2026-06-29T20:31:25.125,2,3,MU260702P01255000,MU,2026-07-02,put,1255.0,113.08,1.0,124.55,1.0,118.815,147.68,1.0,0.7744,-0.9101,0.002,-2.0477,0.1675,-0.095,2026-06-29,1127.42,1146.99,1024.78,1145.0,1.16964e6,1090.767714
2026-06-29T20:31:25.125,2,3,MU260702P01260000,MU,2026-07-02,put,1260.0,119.82,11.0,128.36,11.0,124.09,135.48,62.0,0.8143,-0.9076,0.002,-2.2063,0.171,-0.0952,2026-06-29,1127.42,1146.99,1024.78,1145.0,1.16964e6,1090.767714
2026-06-29T20:31:25.125,2,3,MU260702P01265000,MU,2026-07-02,put,1265.0,119.91,10.0,132.36,9.0,126.135,179.25,1.0,0.5816,-0.9748,0.001,-0.4657,0.0607,-0.1016,2026-06-29,1127.42,1146.99,1024.78,1145.0,1.16964e6,1090.767714
2026-06-29T20:31:25.125,2,3,MU260702P01270000,MU,2026-07-02,put,1270.0,128.169,3.0,136.88,4.0,132.5245,140.1,1.0,0.7529,-0.9401,0.0015,-1.4216,0.1228,-0.0989,2026-06-29,1127.42,1146.99,1024.78,1145.0,1.16964e6,1090.767714
2026-06-29T20:31:25.125,2,3,MU260702P01275000,MU,2026-07-02,put,1275.0,127.17,2.0,141.7,1.0,134.435,203.3,1.0,,,,,,,2026-06-29,1127.42,1146.99,1024.78,1145.0,1.16964e6,1090.767714
2026-06-29T20:31:25.125,2,3,MU260702P01280000,MU,2026-07-02,put,1280.0,132.24,10.0,149.84,10.0,141.04000000000002,240.58,1.0,0.619,-0.9796,0.0008,-0.3998,0.0508,-0.1033,2026-06-29,1127.42,1146.99,1024.78,1145.0,1.16964e6,1090.767714
2026-06-29T20:31:25.125,2,3,MU260702P01285000,MU,2026-07-02,put,1285.0,141.89,2.0,153.02,1.0,147.45499999999998,214.57,1.0,0.8101,-0.9453,0.0013,-1.4228,0.1144,-0.1006,2026-06-29,1127.42,1146.99,1024.78,1145.0,1.16964e6,1090.767714
2026-06-29T20:31:25.125,2,3,MU260702P01290000,MU,2026-07-02,put,1290.0,145.23,1.0,156.93,1.0,151.07999999999998,124.1,1.0,0.6623,-0.9792,0.0007,-0.4445,0.0517,-0.1041,2026-06-29,1127.42,1146.99,1024.78,1145.0,1.16964e6,1090.767714
2026-06-29T20:31:25.125,2,3,MU260702P01295000,MU,2026-07-02,put,1295.0,148.27,5.0,163.93,13.0,156.10000000000002,163.93,1.0,0.6838,-0.979,0.0007,-0.4668,0.052,-0.1045,2026-06-29,1127.42,1146.99,1024.78,1145.0,1.16964e6,1090.767714
2026-06-29T20:31:25.125,2,3,MU260702P01300000,MU,2026-07-02,put,1300.0,157.26,4.0,165.94,10.0,161.6,170.36,1.0,0.7795,-0.9664,0.0009,-0.8764,0.0771,-0.1038,2026-06-29,1127.42,1146.99,1024.78,1145.0,1.16964e6,1090.767714
2026-06-29T20:31:25.125,2,3,MU260702P01305000,MU,2026-07-02,put,1305.0,156.61,7.0,169.86,1.0,163.235,169.86,5.0,,,,,,,2026-06-29,1127.42,1146.99,1024.78,1145.0,1.16964e6,1090.767714
2026-06-29T20:31:25.125,2,3,MU260702P01310000,MU,2026-07-02,put,1310.0,162.52,1.0,176.45,1.0,169.485,177.8,1.0,,,,,,,2026-06-29,1127.42,1146.99,1024.78,1145.0,1.16964e6,1090.767714
2026-06-29T20:31:25.125,2,3,MU260702P01315000,MU,2026-07-02,put,1315.0,165.18,10.0,177.37,1.0,171.275,206.3,1.0,,,,,,,2026-06-29,1127.42,1146.99,1024.78,1145.0,1.16964e6,1090.767714
2026-06-29T20:31:25.125,2,3,MU260702P01320000,MU,2026-07-02,put,1320.0,167.41,1.0,186.17,1.0,176.79,185.47,1.0,,,,,,,2026-06-29,1127.42,1146.99,1024.78,1145.0,1.16964e6,1090.767714
2026-06-29T20:31:25.125,2,3,MU260702P01325000,MU,2026-07-02,put,1325.0,176.79,1.0,187.45,1.0,182.12,229.22,1.0,,,,,,,2026-06-29,1127.42,1146.99,1024.78,1145.0,1.16964e6,1090.767714
2026-06-29T20:31:25.125,2,3,MU260702P01330000,MU,2026-07-02,put,1330.0,179.1,1.0,191.27,1.0,185.185,198.33,1.0,,,,,,,2026-06-29,1127.42,1146.99,1024.78,1145.0,1.16964e6,1090.767714
2026-06-29T20:31:25.125,2,3,MU260702P01335000,MU,2026-07-02,put,1335.0,187.18,1.0,196.91,1.0,192.04500000000002,153.06,2.0,,,,,,,2026-06-29,1127.42,1146.99,1024.78,1145.0,1.16964e6,1090.767714
2026-06-29T20:31:25.125,2,3,MU260702P01340000,MU,2026-07-02,put,1340.0,193.11,1.0,205.33,2.0,199.22000000000003,200.07,1.0,,,,,,,2026-06-29,1127.42,1146.99,1024.78,1145.0,1.16964e6,1090.767714
2026-06-29T20:31:25.125,2,3,MU260702P01345000,MU,2026-07-02,put,1345.0,197.49,2.0,211.27,2.0,204.38,291.57,200.0,,,,,,,2026-06-29,1127.42,1146.99,1024.78,1145.0,1.16964e6,1090.767714
2026-06-29T20:31:25.125,2,3,MU260702P01350000,MU,2026-07-02,put,1350.0,201.17,1.0,215.82,1.0,208.495,222.14,1.0,,,,,,,2026-06-29,1127.42,1146.99,1024.78,1145.0,1.16964e6,1090.767714
2026-06-29T20:31:25.125,2,3,MU260702P01355000,MU,2026-07-02,put,1355.0,202.09,1.0,214.11,1.0,208.10000000000002,,,,,,,,,2026-06-29,1127.42,1146.99,1024.78,1145.0,1.16964e6,1090.767714
2026-06-29T20:31:25.125,2,3,MU260702P01360000,MU,2026-07-02,put,1360.0,209.48,2.0,221.29,1.0,215.385,,,,,,,,,2026-06-29,1127.42,1146.99,1024.78,1145.0,1.16964e6,1090.767714
2026-06-29T20:31:25.125,2,3,MU260702P01365000,MU,2026-07-02,put,1365.0,212.16,1.0,231.26,5.0,221.70999999999998,304.57,1.0,,,,,,,2026-06-29,1127.42,1146.99,1024.78,1145.0,1.16964e6,1090.767714
2026-06-29T20:31:25.125,2,3,MU260702P01370000,MU,2026-07-02,put,1370.0,214.64,1.0,234.68,1.0,224.66,219.77,1.0,,,,,,,2026-06-29,1127.42,1146.99,1024.78,1145.0,1.16964e6,1090.767714
2026-06-29T20:31:25.125,2,3,MU260702P01375000,MU,2026-07-02,put,1375.0,218.66,1.0,239.65,1.0,229.155,,,,,,,,,2026-06-29,1127.42,1146.99,1024.78,1145.0,1.16964e6,1090.767714
2026-06-29T20:31:25.125,2,3,MU260702P01380000,MU,2026-07-02,put,1380.0,223.59,2.0,247.34,1.0,235.465,327.69,1.0,,,,,,,2026-06-29,1127.42,1146.99,1024.78,1145.0,1.16964e6,1090.767714
2026-06-29T20:31:25.125,2,3,MU260702P01385000,MU,2026-07-02,put,1385.0,232.98,1.0,251.61,1.0,242.29500000000002,,,,,,,,,2026-06-29,1127.42,1146.99,1024.78,1145.0,1.16964e6,1090.767714
2026-06-29T20:31:25.125,2,3,MU260702P01390000,MU,2026-07-02,put,1390.0,238.61,1.0,249.5,1.0,244.055,,,,,,,,,2026-06-29,1127.42,1146.99,1024.78,1145.0,1.16964e6,1090.767714
2026-06-29T20:31:25.125,2,3,MU260702P01395000,MU,2026-07-02,put,1395.0,242.26,1.0,255.4,1.0,248.82999999999998,,,,,,,,,2026-06-29,1127.42,1146.99,1024.78,1145.0,1.16964e6,1090.767714
2026-06-29T20:31:25.125,2,3,MU260702P01400000,MU,2026-07-02,put,1400.0,250.49,1.0,266.76,1.0,258.625,268.97,1.0,,,,,,,2026-06-29,1127.42,1146.99,1024.78,1145.0,1.16964e6,1090.767714
2026-06-29T20:31:25.125,2,3,MU260702P01405000,MU,2026-07-02,put,1405.0,256.51,1.0,265.62,1.0,261.065,248.17,3.0,,,,,,,2026-06-29,1127.42,1146.99,1024.78,1145.0,1.16964e6,1090.767714
2026-06-29T20:31:25.125,2,3,MU260702P01410000,MU,2026-07-02,put,1410.0,254.8,5.0,272.62,1.0,263.71000000000004,242.35,1.0,,,,,,,2026-06-29,1127.42,1146.99,1024.78,1145.0,1.16964e6,1090.767714
2026-06-29T20:31:25.125,2,3,MU260702P01415000,MU,2026-07-02,put,1415.0,265.44,1.0,274.94,1.0,270.19,,,,,,,,,2026-06-29,1127.42,1146.99,1024.78,1145.0,1.16964e6,1090.767714
2026-06-29T20:31:25.125,2,3,MU260702P01420000,MU,2026-07-02,put,1420.0,263.61,1.0,284.28,1.0,273.945,253.9,2.0,,,,,,,2026-06-29,1127.42,1146.99,1024.78,1145.0,1.16964e6,1090.767714
2026-06-29T20:31:25.125,2,3,MU260702P01425000,MU,2026-07-02,put,1425.0,271.34,2.0,281.04,2.0,276.19,,,,,,,,,2026-06-29,1127.42,1146.99,1024.78,1145.0,1.16964e6,1090.767714
2026-06-29T20:31:25.125,2,3,MU260702P01430000,MU,2026-07-02,put,1430.0,280.66,1.0,288.07,1.0,284.365,372.9,1.0,,,,,,,2026-06-29,1127.42,1146.99,1024.78,1145.0,1.16964e6,1090.767714
2026-06-29T20:31:25.125,2,3,MU260702P01435000,MU,2026-07-02,put,1435.0,282.42,5.0,300.54,1.0,291.48,300.54,1.0,,,,,,,2026-06-29,1127.42,1146.99,1024.78,1145.0,1.16964e6,1090.767714
2026-06-29T20:31:25.125,2,3,MU260702P01440000,MU,2026-07-02,put,1440.0,288.4,1.0,306.91,1.0,297.655,379.55,1.0,,,,,,,2026-06-29,1127.42,1146.99,1024.78,1145.0,1.16964e6,1090.767714
2026-06-29T20:31:25.125,2,3,MU260702P01445000,MU,2026-07-02,put,1445.0,286.3,1.0,303.68,1.0,294.99,,,,,,,,,2026-06-29,1127.42,1146.99,1024.78,1145.0,1.16964e6,1090.767714
2026-06-29T20:31:25.125,2,3,MU260702P01450000,MU,2026-07-02,put,1450.0,294.82,2.0,309.26,2.0,302.03999999999996,283.7,2.0,,,,,,,2026-06-29,1127.42,1146.99,1024.78,1145.0,1.16964e6,1090.767714
2026-06-29T20:31:25.125,2,3,MU260702P01455000,MU,2026-07-02,put,1455.0,301.63,10.0,319.39,1.0,310.51,319.39,1.0,,,,,,,2026-06-29,1127.42,1146.99,1024.78,1145.0,1.16964e6,1090.767714
2026-06-29T20:31:25.125,2,3,MU260702P01460000,MU,2026-07-02,put,1460.0,301.57,1.0,317.21,1.0,309.39,,,,,,,,,2026-06-29,1127.42,1146.99,1024.78,1145.0,1.16964e6,1090.767714
2026-06-29T20:31:25.125,2,3,MU260702P01465000,MU,2026-07-02,put,1465.0,315.72,1.0,327.4,4.0,321.56,,,,,,,,,2026-06-29,1127.42,1146.99,1024.78,1145.0,1.16964e6,1090.767714
2026-06-29T20:31:25.125,2,3,MU260702P01470000,MU,2026-07-02,put,1470.0,311.93,1.0,337.65,1.0,324.78999999999996,464.63,5.0,,,,,,,2026-06-29,1127.42,1146.99,1024.78,1145.0,1.16964e6,1090.767714
2026-06-29T20:31:25.125,2,3,MU260702P01475000,MU,2026-07-02,put,1475.0,326.51,1.0,330.93,2.0,328.72,,,,,,,,,2026-06-29,1127.42,1146.99,1024.78,1145.0,1.16964e6,1090.767714
2026-06-29T20:31:25.125,2,3,MU260702P01480000,MU,2026-07-02,put,1480.0,331.58,5.0,349.01,1.0,340.29499999999996,,,,,,,,,2026-06-29,1127.42,1146.99,1024.78,1145.0,1.16964e6,1090.767714
2026-06-29T20:31:25.125,2,3,MU260702P01485000,MU,2026-07-02,put,1485.0,333.76,18.0,350.66,9.0,342.21000000000004,440.72,1.0,,,,,,,2026-06-29,1127.42,1146.99,1024.78,1145.0,1.16964e6,1090.767714
2026-06-29T20:31:25.125,2,3,MU260702P01490000,MU,2026-07-02,put,1490.0,336.36,1.0,356.77,1.0,346.565,394.88,25.0,,,,,,,2026-06-29,1127.42,1146.99,1024.78,1145.0,1.16964e6,1090.767714
2026-06-29T20:31:25.125,2,3,MU260702P01495000,MU,2026-07-02,put,1495.0,345.02,1.0,353.79,1.0,349.405,,,,,,,,,2026-06-29,1127.42,1146.99,1024.78,1145.0,1.16964e6,1090.767714
2026-06-29T20:31:25.125,2,3,MU260702P01500000,MU,2026-07-02,put,1500.0,341.39,1.0,365.08,31.0,353.235,438.72,1.0,,,,,,,2026-06-29,1127.42,1146.99,1024.78,1145.0,1.16964e6,1090.767714
2026-06-29T20:31:25.125,2,3,MU260702P01510000,MU,2026-07-02,put,1510.0,355.44,1.0,373.54,2.0,364.49,570.78,2.0,,,,,,,2026-06-29,1127.42,1146.99,1024.78,1145.0,1.16964e6,1090.767714
2026-06-29T20:31:25.125,2,3,MU260702P01520000,MU,2026-07-02,put,1520.0,366.32,4.0,378.26,2.0,372.28999999999996,474.76,5.0,,,,,,,2026-06-29,1127.42,1146.99,1024.78,1145.0,1.16964e6,1090.767714
2026-06-29T20:31:25.125,2,3,MU260702P01530000,MU,2026-07-02,put,1530.0,381.48,1.0,397.67,2.0,389.57500000000005,325.93,1.0,,,,,,,2026-06-29,1127.42,1146.99,1024.78,1145.0,1.16964e6,1090.767714
2026-06-29T20:31:25.125,2,3,MU260702P01540000,MU,2026-07-02,put,1540.0,386.53,2.0,394.9,1.0,390.715,,,,,,,,,2026-06-29,1127.42,1146.99,1024.78,1145.0,1.16964e6,1090.767714
2026-06-29T20:31:25.125,2,3,MU260702P01550000,MU,2026-07-02,put,1550.0,392.44,1.0,412.56,1.0,402.5,,,,,,,,,2026-06-29,1127.42,1146.99,1024.78,1145.0,1.16964e6,1090.767714
2026-06-29T20:31:25.125,2,3,MU260702P01560000,MU,2026-07-02,put,1560.0,407.31,2.0,419.11,1.0,413.21000000000004,,,,,,,,,2026-06-29,1127.42,1146.99,1024.78,1145.0,1.16964e6,1090.767714
2026-06-29T20:31:25.125,2,3,MU260702P01570000,MU,2026-07-02,put,1570.0,407.76,6.0,429.34,1.0,418.54999999999995,476.75,1.0,,,,,,,2026-06-29,1127.42,1146.99,1024.78,1145.0,1.16964e6,1090.767714
2026-06-29T20:31:25.125,2,3,MU260702P01580000,MU,2026-07-02,put,1580.0,422.79,1.0,436.34,1.0,429.565,435.21,1.0,,,,,,,2026-06-29,1127.42,1146.99,1024.78,1145.0,1.16964e6,1090.767714
2026-06-29T20:31:25.125,2,3,MU260702P01590000,MU,2026-07-02,put,1590.0,430.6,1.0,451.64,1.0,441.12,465.71,1.0,,,,,,,2026-06-29,1127.42,1146.99,1024.78,1145.0,1.16964e6,1090.767714
2026-06-29T20:31:25.125,2,3,MU260702P01600000,MU,2026-07-02,put,1600.0,439.69,1.0,459.01,1.0,449.35,550.14,2.0,,,,,,,2026-06-29,1127.42,1146.99,1024.78,1145.0,1.16964e6,1090.767714
2026-06-29T20:31:25.125,2,3,MU260702P01610000,MU,2026-07-02,put,1610.0,447.45,1.0,473.82,1.0,460.635,,,,,,,,,2026-06-29,1127.42,1146.99,1024.78,1145.0,1.16964e6,1090.767714
2026-06-29T20:31:25.125,2,3,MU260702P01620000,MU,2026-07-02,put,1620.0,469.57,1.0,482.58,2.0,476.075,441.46,2.0,,,,,,,2026-06-29,1127.42,1146.99,1024.78,1145.0,1.16964e6,1090.767714
2026-06-29T20:31:25.125,2,3,MU260702P01630000,MU,2026-07-02,put,1630.0,467.24,2.0,490.85,1.0,479.045,599.47,1.0,,,,,,,2026-06-29,1127.42,1146.99,1024.78,1145.0,1.16964e6,1090.767714
2026-06-29T20:31:25.125,2,3,MU260702P01640000,MU,2026-07-02,put,1640.0,482.97,1.0,502.89,2.0,492.93,,,,,,,,,2026-06-29,1127.42,1146.99,1024.78,1145.0,1.16964e6,1090.767714
2026-06-29T20:31:25.125,2,3,MU260702P01650000,MU,2026-07-02,put,1650.0,489.0,1.0,519.96,2.0,504.48,,,,,,,,,2026-06-29,1127.42,1146.99,1024.78,1145.0,1.16964e6,1090.767714
2026-06-29T20:31:25.125,2,3,MU260702P01660000,MU,2026-07-02,put,1660.0,499.55,1.0,520.28,1.0,509.91499999999996,,,,,,,,,2026-06-29,1127.42,1146.99,1024.78,1145.0,1.16964e6,1090.767714
2026-06-29T20:31:25.125,2,3,MU260702P01670000,MU,2026-07-02,put,1670.0,525.75,1.0,532.53,1.0,529.14,,,,,,,,,2026-06-29,1127.42,1146.99,1024.78,1145.0,1.16964e6,1090.767714
2026-06-29T20:31:25.125,2,3,MU260702P01680000,MU,2026-07-02,put,1680.0,525.98,11.0,537.17,1.0,531.575,552.46,10.0,,,,,,,2026-06-29,1127.42,1146.99,1024.78,1145.0,1.16964e6,1090.767714
2026-06-29T20:31:25.125,2,3,MU260702P01690000,MU,2026-07-02,put,1690.0,534.55,1.0,560.86,1.0,547.7049999999999,,,,,,,,,2026-06-29,1127.42,1146.99,1024.78,1145.0,1.16964e6,1090.767714
2026-06-29T20:31:25.125,2,3,MU260702P01700000,MU,2026-07-02,put,1700.0,554.49,2.0,556.5,1.0,555.495,529.55,1.0,,,,,,,2026-06-29,1127.42,1146.99,1024.78,1145.0,1.16964e6,1090.767714
2026-06-29T20:31:25.125,2,3,MU260702P01710000,MU,2026-07-02,put,1710.0,567.94,1.0,581.54,5.0,574.74,,,,,,,,,2026-06-29,1127.42,1146.99,1024.78,1145.0,1.16964e6,1090.767714
2026-06-29T20:31:25.125,2,3,MU260702P01720000,MU,2026-07-02,put,1720.0,559.61,2.0,587.27,1.0,573.44,,,,,,,,,2026-06-29,1127.42,1146.99,1024.78,1145.0,1.16964e6,1090.767714
2026-06-29T20:31:25.125,2,3,MU260702P01730000,MU,2026-07-02,put,1730.0,577.37,1.0,601.99,1.0,589.6800000000001,555.96,1.0,,,,,,,2026-06-29,1127.42,1146.99,1024.78,1145.0,1.16964e6,1090.767714
2026-06-29T20:31:25.125,2,3,MU260702P01740000,MU,2026-07-02,put,1740.0,582.5,2.0,613.14,1.0,597.8199999999999,,,,,,,,,2026-06-29,1127.42,1146.99,1024.78,1145.0,1.16964e6,1090.767714
2026-06-29T20:31:25.125,2,3,MU260702P01750000,MU,2026-07-02,put,1750.0,596.72,1.0,613.31,1.0,605.015,,,,,,,,,2026-06-29,1127.42,1146.99,1024.78,1145.0,1.16964e6,1090.767714
2026-06-29T20:31:25.125,2,3,MU260702P01760000,MU,2026-07-02,put,1760.0,604.17,1.0,610.41,1.0,607.29,810.14,1.0,,,,,,,2026-06-29,1127.42,1146.99,1024.78,1145.0,1.16964e6,1090.767714
2026-06-29T20:31:25.125,2,3,MU260702P01770000,MU,2026-07-02,put,1770.0,618.1,4.0,642.08,1.0,630.09,,,,,,,,,2026-06-29,1127.42,1146.99,1024.78,1145.0,1.16964e6,1090.767714
2026-06-29T20:31:25.125,2,3,MU260702P01780000,MU,2026-07-02,put,1780.0,629.33,1.0,638.4,2.0,633.865,,,,,,,,,2026-06-29,1127.42,1146.99,1024.78,1145.0,1.16964e6,1090.767714
2026-06-29T20:31:25.125,2,3,MU260702P01790000,MU,2026-07-02,put,1790.0,635.12,5.0,661.84,1.0,648.48,,,,,,,,,2026-06-29,1127.42,1146.99,1024.78,1145.0,1.16964e6,1090.767714
2026-06-29T20:31:25.125,2,3,MU260702P01800000,MU,2026-07-02,put,1800.0,659.66,1.0,669.2,1.0,664.4300000000001,,,,,,,,,2026-06-29,1127.42,1146.99,1024.78,1145.0,1.16964e6,1090.767714
2026-06-29T20:31:25.125,2,3,MU260702P01810000,MU,2026-07-02,put,1810.0,649.25,1.0,673.71,1.0,661.48,,,,,,,,,2026-06-29,1127.42,1146.99,1024.78,1145.0,1.16964e6,1090.767714
2026-06-29T20:31:25.125,2,3,MU260702P01820000,MU,2026-07-02,put,1820.0,667.32,1.0,678.45,1.0,672.885,887.81,1.0,,,,,,,2026-06-29,1127.42,1146.99,1024.78,1145.0,1.16964e6,1090.767714
2026-06-29T20:31:25.125,2,3,MU260702P01830000,MU,2026-07-02,put,1830.0,667.28,1.0,679.15,1.0,673.2149999999999,839.84,1.0,,,,,,,2026-06-29,1127.42,1146.99,1024.78,1145.0,1.16964e6,1090.767714
2026-06-29T20:31:25.125,2,3,MU260702P01840000,MU,2026-07-02,put,1840.0,684.34,1.0,699.45,2.0,691.895,,,,,,,,,2026-06-29,1127.42,1146.99,1024.78,1145.0,1.16964e6,1090.767714
2026-06-29T20:31:25.125,2,3,MU260702P01850000,MU,2026-07-02,put,1850.0,710.21,1.0,713.93,1.0,712.0699999999999,653.7,7.0,,,,,,,2026-06-29,1127.42,1146.99,1024.78,1145.0,1.16964e6,1090.767714
2026-06-29T20:31:25.125,2,3,MU260702P01860000,MU,2026-07-02,put,1860.0,707.94,1.0,722.79,1.0,715.365,926.6,1.0,,,,,,,2026-06-29,1127.42,1146.99,1024.78,1145.0,1.16964e6,1090.767714
2026-06-29T20:31:25.125,2,3,MU260702P01870000,MU,2026-07-02,put,1870.0,727.84,1.0,743.22,1.0,735.53,724.3,1.0,,,,,,,2026-06-29,1127.42,1146.99,1024.78,1145.0,1.16964e6,1090.767714
2026-06-29T20:31:25.125,2,3,MU260702P01880000,MU,2026-07-02,put,1880.0,724.73,1.0,748.63,2.0,736.6800000000001,820.48,1.0,,,,,,,2026-06-29,1127.42,1146.99,1024.78,1145.0,1.16964e6,1090.767714
2026-06-29T20:31:25.125,2,3,MU260702P01890000,MU,2026-07-02,put,1890.0,749.49,1.0,752.5,2.0,750.995,,,,,,,,,2026-06-29,1127.42,1146.99,1024.78,1145.0,1.16964e6,1090.767714
2026-06-29T20:31:25.125,2,3,MU260702P01900000,MU,2026-07-02,put,1900.0,737.03,1.0,764.72,1.0,750.875,715.47,2.0,,,,,,,2026-06-29,1127.42,1146.99,1024.78,1145.0,1.16964e6,1090.767714
2026-06-29T20:31:25.125,2,3,MU260702P01910000,MU,2026-07-02,put,1910.0,743.37,1.0,780.12,1.0,761.745,681.2,1.0,,,,,,,2026-06-29,1127.42,1146.99,1024.78,1145.0,1.16964e6,1090.767714
2026-06-29T20:31:25.125,2,3,MU260702P01920000,MU,2026-07-02,put,1920.0,776.71,2.0,792.61,1.0,784.6600000000001,987.35,1.0,,,,,,,2026-06-29,1127.42,1146.99,1024.78,1145.0,1.16964e6,1090.767714
2026-06-29T20:31:25.125,2,3,MU260702P01930000,MU,2026-07-02,put,1930.0,769.08,1.0,804.92,1.0,787.0,795.75,1.0,,,,,,,2026-06-29,1127.42,1146.99,1024.78,1145.0,1.16964e6,1090.767714
2026-06-29T20:31:25.125,2,3,MU260702P01940000,MU,2026-07-02,put,1940.0,794.22,1.0,801.22,1.0,797.72,,,,,,,,,2026-06-29,1127.42,1146.99,1024.78,1145.0,1.16964e6,1090.767714
2026-06-29T20:31:25.125,2,3,MU260702P01950000,MU,2026-07-02,put,1950.0,804.08,3.0,819.48,1.0,811.78,887.27,1.0,,,,,,,2026-06-29,1127.42,1146.99,1024.78,1145.0,1.16964e6,1090.767714
2026-06-29T20:31:25.125,2,3,MU260702P01960000,MU,2026-07-02,put,1960.0,813.87,1.0,829.57,1.0,821.72,,,,,,,,,2026-06-29,1127.42,1146.99,1024.78,1145.0,1.16964e6,1090.767714
2026-06-29T20:31:25.125,2,3,MU260702P01970000,MU,2026-07-02,put,1970.0,813.03,1.0,842.73,1.0,827.88,866.48,1.0,,,,,,,2026-06-29,1127.42,1146.99,1024.78,1145.0,1.16964e6,1090.767714
2026-06-29T20:31:25.125,2,3,MU260702P01980000,MU,2026-07-02,put,1980.0,828.2,1.0,846.22,1.0,837.21,,,,,,,,,2026-06-29,1127.42,1146.99,1024.78,1145.0,1.16964e6,1090.767714
2026-06-29T20:31:25.125,2,3,MU260702P01990000,MU,2026-07-02,put,1990.0,846.83,1.0,862.23,1.0,854.53,842.3,1.0,,,,,,,2026-06-29,1127.42,1146.99,1024.78,1145.0,1.16964e6,1090.767714
2026-06-29T20:31:25.125,2,3,MU260702P02000000,MU,2026-07-02,put,2000.0,857.66,1.0,872.33,1.0,864.995,844.36,1.0,,,,,,,2026-06-29,1127.42,1146.99,1024.78,1145.0,1.16964e6,1090.767714
2026-06-29T20:31:25.125,2,3,MU260702P02010000,MU,2026-07-02,put,2010.0,871.66,1.0,889.23,1.0,880.4449999999999,,,,,,,,,2026-06-29,1127.42,1146.99,1024.78,1145.0,1.16964e6,1090.767714
2026-06-29T20:31:25.125,2,3,MU260702P02020000,MU,2026-07-02,put,2020.0,872.57,5.0,884.29,1.0,878.4300000000001,,,,,,,,,2026-06-29,1127.42,1146.99,1024.78,1145.0,1.16964e6,1090.767714
2026-06-29T20:31:25.125,2,3,MU260702P02030000,MU,2026-07-02,put,2030.0,884.61,1.0,900.06,2.0,892.335,,,,,,,,,2026-06-29,1127.42,1146.99,1024.78,1145.0,1.16964e6,1090.767714
2026-06-29T20:31:25.125,2,3,MU260702P02040000,MU,2026-07-02,put,2040.0,892.73,1.0,919.03,1.0,905.88,,,,,,,,,2026-06-29,1127.42,1146.99,1024.78,1145.0,1.16964e6,1090.767714
2026-06-29T20:31:25.125,2,3,MU260702P02050000,MU,2026-07-02,put,2050.0,881.11,1.0,893.75,1.0,887.4300000000001,892.1,1.0,,,,,,,2026-06-29,1127.42,1146.99,1024.78,1145.0,1.16964e6,1090.767714
2026-06-29T20:31:25.125,2,3,MU260702P02060000,MU,2026-07-02,put,2060.0,916.5,1.0,931.9,1.0,924.2,,,,,,,,,2026-06-29,1127.42,1146.99,1024.78,1145.0,1.16964e6,1090.767714
2026-06-29T20:31:25.125,2,3,MU260702P02070000,MU,2026-07-02,put,2070.0,906.03,1.0,924.79,1.0,915.41,,,,,,,,,2026-06-29,1127.42,1146.99,1024.78,1145.0,1.16964e6,1090.767714
2026-06-29T20:31:25.125,2,3,MU260702P02080000,MU,2026-07-02,put,2080.0,927.09,1.0,937.53,1.0,932.31,,,,,,,,,2026-06-29,1127.42,1146.99,1024.78,1145.0,1.16964e6,1090.767714
2026-06-29T20:31:25.125,2,3,MU260702P02090000,MU,2026-07-02,put,2090.0,945.65,1.0,968.34,1.0,956.995,,,,,,,,,2026-06-29,1127.42,1146.99,1024.78,1145.0,1.16964e6,1090.767714
2026-06-29T20:31:25.125,2,3,MU260702P02100000,MU,2026-07-02,put,2100.0,947.58,2.0,967.51,1.0,957.5450000000001,,,,,,,,,2026-06-29,1127.42,1146.99,1024.78,1145.0,1.16964e6,1090.767714
2026-06-29T20:31:25.125,2,3,MU260702P02110000,MU,2026-07-02,put,2110.0,972.39,1.0,981.3,1.0,976.845,,,,,,,,,2026-06-29,1127.42,1146.99,1024.78,1145.0,1.16964e6,1090.767714
2026-06-29T20:31:25.125,2,3,MU260702P02120000,MU,2026-07-02,put,2120.0,977.75,2.0,986.86,1.0,982.3050000000001,,,,,,,,,2026-06-29,1127.42,1146.99,1024.78,1145.0,1.16964e6,1090.767714
2026-06-29T20:31:25.125,2,3,MU260702P02130000,MU,2026-07-02,put,2130.0,963.83,1.0,975.69,1.0,969.76,,,,,,,,,2026-06-29,1127.42,1146.99,1024.78,1145.0,1.16964e6,1090.767714
2026-06-29T20:31:25.125,2,3,MU260702P02140000,MU,2026-07-02,put,2140.0,980.62,1.0,993.82,2.0,987.22,,,,,,,,,2026-06-29,1127.42,1146.99,1024.78,1145.0,1.16964e6,1090.767714
2026-06-29T20:31:25.125,2,3,MU260702P02150000,MU,2026-07-02,put,2150.0,1002.66,3.0,1009.42,1.0,1006.04,,,,,,,,,2026-06-29,1127.42,1146.99,1024.78,1145.0,1.16964e6,1090.767714
2026-06-29T20:31:25.125,2,3,MU260702P02160000,MU,2026-07-02,put,2160.0,991.26,1.0,1024.48,1.0,1007.87,982.51,1.0,,,,,,,2026-06-29,1127.42,1146.99,1024.78,1145.0,1.16964e6,1090.767714
2026-06-29T20:31:25.125,2,3,MU260702P02170000,MU,2026-07-02,put,2170.0,1024.369,1.0,1049.58,1.0,1036.9744999999998,,,,,,,,,2026-06-29,1127.42,1146.99,1024.78,1145.0,1.16964e6,1090.767714
2026-06-29T20:31:25.125,2,3,MU260702P02180000,MU,2026-07-02,put,2180.0,1047.349,1.0,1063.05,1.0,1055.1995,,,,,,,,,2026-06-29,1127.42,1146.99,1024.78,1145.0,1.16964e6,1090.767714
2026-06-29T20:31:25.125,2,3,MU260702P02190000,MU,2026-07-02,put,2190.0,1049.13,1.0,1067.99,1.0,1058.56,,,,,,,,,2026-06-29,1127.42,1146.99,1024.78,1145.0,1.16964e6,1090.767714
2026-06-29T20:31:25.125,2,3,MU260702P02200000,MU,2026-07-02,put,2200.0,1030.25,1.0,1078.97,1.0,1054.6100000000001,,,,,,,,,2026-06-29,1127.42,1146.99,1024.78,1145.0,1.16964e6,1090.767714
2026-06-29T20:31:25.125,2,3,MU260702P02210000,MU,2026-07-02,put,2210.0,1072.35,1.0,1088.25,1.0,1080.3,,,,,,,,,2026-06-29,1127.42,1146.99,1024.78,1145.0,1.16964e6,1090.767714
2026-06-29T20:31:25.125,2,3,MU260702P02220000,MU,2026-07-02,put,2220.0,1046.66,1.0,1103.1,1.0,1074.88,,,,,,,,,2026-06-29,1127.42,1146.99,1024.78,1145.0,1.16964e6,1090.767714
2026-06-29T20:31:25.125,2,3,MU260702P02230000,MU,2026-07-02,put,2230.0,1059.05,1.0,1073.5,1.0,1066.275,,,,,,,,,2026-06-29,1127.42,1146.99,1024.78,1145.0,1.16964e6,1090.767714
2026-06-29T20:31:25.125,2,3,MU260702P02240000,MU,2026-07-02,put,2240.0,1065.52,1.0,1108.28,1.0,1086.9,,,,,,,,,2026-06-29,1127.42,1146.99,1024.78,1145.0,1.16964e6,1090.767714
2026-06-29T20:31:25.125,2,3,MU260702P02250000,MU,2026-07-02,put,2250.0,1095.31,2.0,1100.0,1.0,1097.655,,,,,,,,,2026-06-29,1127.42,1146.99,1024.78,1145.0,1.16964e6,1090.767714
2026-06-29T20:31:25.125,2,3,MU260702P02260000,MU,2026-07-02,put,2260.0,1091.04,1.0,1104.55,1.0,1097.795,,,,,,,,,2026-06-29,1127.42,1146.99,1024.78,1145.0,1.16964e6,1090.767714
2026-06-29T20:31:25.125,2,3,MU260702P02270000,MU,2026-07-02,put,2270.0,1139.02,3.0,1152.82,1.0,1145.92,,,,,,,,,2026-06-29,1127.42,1146.99,1024.78,1145.0,1.16964e6,1090.767714
2026-06-29T20:31:25.125,2,3,MU260702P02280000,MU,2026-07-02,put,2280.0,1114.97,2.0,1161.31,2.0,1138.1399999999999,,,,,,,,,2026-06-29,1127.42,1146.99,1024.78,1145.0,1.16964e6,1090.767714
2026-06-29T20:31:25.125,2,3,MU260702P02290000,MU,2026-07-02,put,2290.0,1117.65,1.0,1155.22,1.0,1136.435,,,,,,,,,2026-06-29,1127.42,1146.99,1024.78,1145.0,1.16964e6,1090.767714
2026-06-29T20:31:25.125,2,3,MU260702P02300000,MU,2026-07-02,put,2300.0,1150.88,2.0,1185.01,1.0,1167.9450000000002,,,,,,,,,2026-06-29,1127.42,1146.99,1024.78,1145.0,1.16964e6,1090.767714
2026-06-29T20:31:25.125,2,3,MU260702P02310000,MU,2026-07-02,put,2310.0,1159.8,1.0,1163.77,1.0,1161.7849999999999,,,,,,,,,2026-06-29,1127.42,1146.99,1024.78,1145.0,1.16964e6,1090.767714
2026-06-29T20:31:25.125,2,3,MU260702P02320000,MU,2026-07-02,put,2320.0,1163.32,1.0,1183.45,1.0,1173.385,,,,,,,,,2026-06-29,1127.42,1146.99,1024.78,1145.0,1.16964e6,1090.767714
2026-06-29T20:31:25.125,2,3,MU260702P02330000,MU,2026-07-02,put,2330.0,1168.79,1.0,1206.45,1.0,1187.62,,,,,,,,,2026-06-29,1127.42,1146.99,1024.78,1145.0,1.16964e6,1090.767714
2026-06-29T20:31:25.125,2,3,MU260702P02340000,MU,2026-07-02,put,2340.0,1163.01,1.0,1197.75,1.0,1180.38,,,,,,,,,2026-06-29,1127.42,1146.99,1024.78,1145.0,1.16964e6,1090.767714
2026-06-29T20:31:25.125,2,3,MU260702P02350000,MU,2026-07-02,put,2350.0,1195.86,1.0,1213.43,1.0,1204.645,,,,,,,,,2026-06-29,1127.42,1146.99,1024.78,1145.0,1.16964e6,1090.767714
2026-06-29T20:31:25.125,2,3,MU260702P02360000,MU,2026-07-02,put,2360.0,1186.47,5.0,1204.95,1.0,1195.71,,,,,,,,,2026-06-29,1127.42,1146.99,1024.78,1145.0,1.16964e6,1090.767714
2026-06-29T20:31:25.125,2,3,MU260702P02370000,MU,2026-07-02,put,2370.0,1195.6,1.0,1207.92,1.0,1201.76,,,,,,,,,2026-06-29,1127.42,1146.99,1024.78,1145.0,1.16964e6,1090.767714
2026-06-29T20:31:25.125,2,3,MU260702P02380000,MU,2026-07-02,put,2380.0,1219.71,1.0,1231.68,1.0,1225.6950000000002,,,,,,,,,2026-06-29,1127.42,1146.99,1024.78,1145.0,1.16964e6,1090.767714
2026-06-29T20:31:25.125,2,3,MU260702P02390000,MU,2026-07-02,put,2390.0,1248.89,1.0,1252.95,1.0,1250.92,,,,,,,,,2026-06-29,1127.42,1146.99,1024.78,1145.0,1.16964e6,1090.767714
2026-06-29T20:31:25.125,2,3,MU260702P02400000,MU,2026-07-02,put,2400.0,1263.95,1.0,1279.4,1.0,1271.6750000000002,,,,,,,,,2026-06-29,1127.42,1146.99,1024.78,1145.0,1.16964e6,1090.767714
2026-06-29T20:31:25.125,2,3,MU260702P02410000,MU,2026-07-02,put,2410.0,1270.47,1.0,1287.23,1.0,1278.85,,,,,,,,,2026-06-29,1127.42,1146.99,1024.78,1145.0,1.16964e6,1090.767714
2026-06-29T20:31:25.125,2,3,MU260702P02420000,MU,2026-07-02,put,2420.0,1283.98,1.0,1299.08,2.0,1291.53,,,,,,,,,2026-06-29,1127.42,1146.99,1024.78,1145.0,1.16964e6,1090.767714
2026-06-29T20:31:25.125,2,3,MU260702P02430000,MU,2026-07-02,put,2430.0,1294.44,1.0,1309.89,2.0,1302.165,,,,,,,,,2026-06-29,1127.42,1146.99,1024.78,1145.0,1.16964e6,1090.767714
2026-06-29T20:31:25.125,2,3,MU260702P02440000,MU,2026-07-02,put,2440.0,1274.46,1.0,1311.81,2.0,1293.135,,,,,,,,,2026-06-29,1127.42,1146.99,1024.78,1145.0,1.16964e6,1090.767714
2026-06-29T20:31:25.125,2,3,MU260702P02450000,MU,2026-07-02,put,2450.0,1305.13,1.0,1308.91,1.0,1307.02,,,,,,,,,2026-06-29,1127.42,1146.99,1024.78,1145.0,1.16964e6,1090.767714
2026-06-29T20:31:25.125,2,3,MU260702P02460000,MU,2026-07-02,put,2460.0,1281.54,1.0,1323.22,1.0,1302.38,,,,,,,,,2026-06-29,1127.42,1146.99,1024.78,1145.0,1.16964e6,1090.767714
2026-06-29T20:31:25.125,2,3,MU260702P02470000,MU,2026-07-02,put,2470.0,1309.86,2.0,1325.66,1.0,1317.76,,,,,,,,,2026-06-29,1127.42,1146.99,1024.78,1145.0,1.16964e6,1090.767714
2026-06-29T20:31:25.125,2,3,MU260702P02480000,MU,2026-07-02,put,2480.0,1335.89,4.0,1351.19,2.0,1343.54,,,,,,,,,2026-06-29,1127.42,1146.99,1024.78,1145.0,1.16964e6,1090.767714
2026-06-29T20:31:25.125,2,3,MU260702P02490000,MU,2026-07-02,put,2490.0,1352.77,1.0,1368.27,1.0,1360.52,,,,,,,,,2026-06-29,1127.42,1146.99,1024.78,1145.0,1.16964e6,1090.767714
2026-06-29T20:31:25.125,2,3,MU260702P02500000,MU,2026-07-02,put,2500.0,1336.17,1.0,1352.94,1.0,1344.555,,,,,,,,,2026-06-29,1127.42,1146.99,1024.78,1145.0,1.16964e6,1090.767714
2026-06-29T20:31:25.125,14,11,MU260710C00005000,MU,2026-07-10,call,5.0,1150.26,1.0,1165.21,1.0,1157.7350000000001,,,,,,,,,2026-06-29,1127.42,1146.99,1024.78,1145.0,1.16964e6,1090.767714
2026-06-29T20:31:25.125,14,11,MU260710C00010000,MU,2026-07-10,call,10.0,1108.48,1.0,1155.16,1.0,1131.8200000000002,,,,,,,,,2026-06-29,1127.42,1146.99,1024.78,1145.0,1.16964e6,1090.767714
2026-06-29T20:31:25.125,14,11,MU260710C00015000,MU,2026-07-10,call,15.0,1126.12,1.0,1145.11,1.0,1135.6149999999998,,,,,,,,,2026-06-29,1127.42,1146.99,1024.78,1145.0,1.16964e6,1090.767714
2026-06-29T20:31:25.125,14,11,MU260710C00020000,MU,2026-07-10,call,20.0,1109.44,1.0,1110.8,1.0,1110.12,,,,,,,,,2026-06-29,1127.42,1146.99,1024.78,1145.0,1.16964e6,1090.767714
2026-06-29T20:31:25.125,14,11,MU260710C00025000,MU,2026-07-10,call,25.0,1102.17,1.0,1146.71,1.0,1124.44,,,,,,,,,2026-06-29,1127.42,1146.99,1024.78,1145.0,1.16964e6,1090.767714
2026-06-29T20:31:25.125,14,11,MU260710C00030000,MU,2026-07-10,call,30.0,1114.86,1.0,1129.15,1.0,1122.005,,,,,,,,,2026-06-29,1127.42,1146.99,1024.78,1145.0,1.16964e6,1090.767714
2026-06-29T20:31:25.125,14,11,MU260710C00035000,MU,2026-07-10,call,35.0,1081.45,1.0,1122.97,1.0,1102.21,,,,,,,,,2026-06-29,1127.42,1146.99,1024.78,1145.0,1.16964e6,1090.767714
2026-06-29T20:31:25.125,14,11,MU260710C00040000,MU,2026-07-10,call,40.0,1089.33,1.0,1120.61,1.0,1104.9699999999998,1000.68,1.0,,,,,,,2026-06-29,1127.42,1146.99,1024.78,1145.0,1.16964e6,1090.767714
2026-06-29T20:31:25.125,14,11,MU260710C00045000,MU,2026-07-10,call,45.0,1085.62,1.0,1125.1,1.0,1105.36,,,,,,,,,2026-06-29,1127.42,1146.99,1024.78,1145.0,1.16964e6,1090.767714
2026-06-29T20:31:25.125,14,11,MU260710C00050000,MU,2026-07-10,call,50.0,1103.26,1.0,1124.3,1.0,1113.78,1023.31,1.0,,,,,,,2026-06-29,1127.42,1146.99,1024.78,1145.0,1.16964e6,1090.767714
2026-06-29T20:31:25.125,14,11,MU260710C00055000,MU,2026-07-10,call,55.0,1099.38,1.0,1114.23,1.0,1106.805,,,,,,,,,2026-06-29,1127.42,1146.99,1024.78,1145.0,1.16964e6,1090.767714
2026-06-29T20:31:25.125,14,11,MU260710C00060000,MU,2026-07-10,call,60.0,1100.64,1.0,1102.09,1.0,1101.365,964.82,1.0,,,,,,,2026-06-29,1127.42,1146.99,1024.78,1145.0,1.16964e6,1090.767714
2026-06-29T20:31:25.125,14,11,MU260710C00065000,MU,2026-07-10,call,65.0,1084.11,1.0,1100.36,1.0,1092.235,,,,,,,,,2026-06-29,1127.42,1146.99,1024.78,1145.0,1.16964e6,1090.767714
2026-06-29T20:31:25.125,14,11,MU260710C00070000,MU,2026-07-10,call,70.0,1083.76,1.0,1099.26,1.0,1091.51,,,,,,,,,2026-06-29,1127.42,1146.99,1024.78,1145.0,1.16964e6,1090.767714
2026-06-29T20:31:25.125,14,11,MU260710C00075000,MU,2026-07-10,call,75.0,1077.34,3.0,1092.74,4.0,1085.04,1021.85,1.0,,,,,,,2026-06-29,1127.42,1146.99,1024.78,1145.0,1.16964e6,1090.767714
2026-06-29T20:31:25.125,14,11,MU260710C00080000,MU,2026-07-10,call,80.0,1057.81,1.0,1082.56,1.0,1070.185,826.63,1.0,,,,,,,2026-06-29,1127.42,1146.99,1024.78,1145.0,1.16964e6,1090.767714
2026-06-29T20:31:25.125,14,11,MU260710C00085000,MU,2026-07-10,call,85.0,1054.18,1.0,1066.41,3.0,1060.295,,,,,,,,,2026-06-29,1127.42,1146.99,1024.78,1145.0,1.16964e6,1090.767714
2026-06-29T20:31:25.125,14,11,MU260710C00090000,MU,2026-07-10,call,90.0,1030.359,1.0,1043.91,2.0,1037.1345000000001,,,,,,,,,2026-06-29,1127.42,1146.99,1024.78,1145.0,1.16964e6,1090.767714
2026-06-29T20:31:25.125,14,11,MU260710C00095000,MU,2026-07-10,call,95.0,1056.16,1.0,1071.06,1.0,1063.6100000000001,,,,,,,,,2026-06-29,1127.42,1146.99,1024.78,1145.0,1.16964e6,1090.767714
2026-06-29T20:31:25.125,14,11,MU260710C00100000,MU,2026-07-10,call,100.0,1058.8,1.0,1073.81,1.0,1066.3049999999998,,,,,,,,,2026-06-29,1127.42,1146.99,1024.78,1145.0,1.16964e6,1090.767714
2026-06-29T20:31:25.125,14,11,MU260710C00105000,MU,2026-07-10,call,105.0,1048.91,1.0,1067.19,1.0,1058.0500000000002,,,,,,,,,2026-06-29,1127.42,1146.99,1024.78,1145.0,1.16964e6,1090.767714
2026-06-29T20:31:25.125,14,11,MU260710C00110000,MU,2026-07-10,call,110.0,1044.359,3.0,1057.21,1.0,1050.7845,,,,,,,,,2026-06-29,1127.42,1146.99,1024.78,1145.0,1.16964e6,1090.767714
2026-06-29T20:31:25.125,14,11,MU260710C00115000,MU,2026-07-10,call,115.0,1010.56,1.0,1028.47,1.0,1019.515,,,,,,,,,2026-06-29,1127.42,1146.99,1024.78,1145.0,1.16964e6,1090.767714
2026-06-29T20:31:25.125,14,11,MU260710C00120000,MU,2026-07-10,call,120.0,1037.73,1.0,1047.5,1.0,1042.615,,,,,,,,,2026-06-29,1127.42,1146.99,1024.78,1145.0,1.16964e6,1090.767714
2026-06-29T20:31:25.125,14,11,MU260710C00125000,MU,2026-07-10,call,125.0,1008.8,1.0,1019.52,1.0,1014.16,,,,,,,,,2026-06-29,1127.42,1146.99,1024.78,1145.0,1.16964e6,1090.767714
2026-06-29T20:31:25.125,14,11,MU260710C00130000,MU,2026-07-10,call,130.0,991.84,3.0,1040.349,1.0,1016.0944999999999,,,,,,,,,2026-06-29,1127.42,1146.99,1024.78,1145.0,1.16964e6,1090.767714
2026-06-29T20:31:25.125,14,11,MU260710C00135000,MU,2026-07-10,call,135.0,1018.53,1.0,1024.53,1.0,1021.53,,,,,,,,,2026-06-29,1127.42,1146.99,1024.78,1145.0,1.16964e6,1090.767714
2026-06-29T20:31:25.125,14,11,MU260710C00140000,MU,2026-07-10,call,140.0,1011.96,1.0,1012.61,1.0,1012.2850000000001,,,,,,,,,2026-06-29,1127.42,1146.99,1024.78,1145.0,1.16964e6,1090.767714
2026-06-29T20:31:25.125,14,11,MU260710C00145000,MU,2026-07-10,call,145.0,997.27,1.0,998.55,1.0,997.91,,,,,,,,,2026-06-29,1127.42,1146.99,1024.78,1145.0,1.16964e6,1090.767714
2026-06-29T20:31:25.125,14,11,MU260710C00150000,MU,2026-07-10,call,150.0,984.99,1.0,1000.35,1.0,992.6700000000001,,,,,,,,,2026-06-29,1127.42,1146.99,1024.78,1145.0,1.16964e6,1090.767714
2026-06-29T20:31:25.125,14,11,MU260710C00155000,MU,2026-07-10,call,155.0,1001.8,1.0,1002.82,1.0,1002.31,1008.15,1.0,,,,,,,2026-06-29,1127.42,1146.99,1024.78,1145.0,1.16964e6,1090.767714
2026-06-29T20:31:25.125,14,11,MU260710C00160000,MU,2026-07-10,call,160.0,992.24,3.0,1005.04,1.0,998.64,,,,,,,,,2026-06-29,1127.42,1146.99,1024.78,1145.0,1.16964e6,1090.767714
2026-06-29T20:31:25.125,14,11,MU260710C00165000,MU,2026-07-10,call,165.0,978.35,1.0,1000.17,4.0,989.26,,,,,,,,,2026-06-29,1127.42,1146.99,1024.78,1145.0,1.16964e6,1090.767714
2026-06-29T20:31:25.125,14,11,MU260710C00170000,MU,2026-07-10,call,170.0,984.53,1.0,989.4,1.0,986.9649999999999,,,,,,,,,2026-06-29,1127.42,1146.99,1024.78,1145.0,1.16964e6,1090.767714
2026-06-29T20:31:25.125,14,11,MU260710C00175000,MU,2026-07-10,call,175.0,955.94,1.0,992.25,1.0,974.095,973.28,1.0,,,,,,,2026-06-29,1127.42,1146.99,1024.78,1145.0,1.16964e6,1090.767714
2026-06-29T20:31:25.125,14,11,MU260710C00180000,MU,2026-07-10,call,180.0,942.41,1.0,980.72,1.0,961.565,860.0,1.0,,,,,,,2026-06-29,1127.42,1146.99,1024.78,1145.0,1.16964e6,1090.767714
2026-06-29T20:31:25.125,14,11,MU260710C00185000,MU,2026-07-10,call,185.0,944.83,1.0,984.37,1.0,964.6,,,,,,,,,2026-06-29,1127.42,1146.99,1024.78,1145.0,1.16964e6,1090.767714
2026-06-29T20:31:25.125,14,11,MU260710C00190000,MU,2026-07-10,call,190.0,955.16,1.0,973.25,1.0,964.2049999999999,,,,,,,,,2026-06-29,1127.42,1146.99,1024.78,1145.0,1.16964e6,1090.767714
2026-06-29T20:31:25.125,14,11,MU260710C00195000,MU,2026-07-10,call,195.0,938.28,1.0,964.29,1.0,951.285,,,,,,,,,2026-06-29,1127.42,1146.99,1024.78,1145.0,1.16964e6,1090.767714
2026-06-29T20:31:25.125,14,11,MU260710C00200000,MU,2026-07-10,call,200.0,926.32,1.0,952.89,1.0,939.605,,,,,,,,,2026-06-29,1127.42,1146.99,1024.78,1145.0,1.16964e6,1090.767714
2026-06-29T20:31:25.125,14,11,MU260710C00205000,MU,2026-07-10,call,205.0,924.93,1.0,953.87,1.0,939.4,,,,,,,,,2026-06-29,1127.42,1146.99,1024.78,1145.0,1.16964e6,1090.767714
2026-06-29T20:31:25.125,14,11,MU260710C00210000,MU,2026-07-10,call,210.0,917.76,1.0,935.6,1.0,926.6800000000001,766.19,1.0,,,,,,,2026-06-29,1127.42,1146.99,1024.78,1145.0,1.16964e6,1090.767714
2026-06-29T20:31:25.125,14,11,MU260710C00215000,MU,2026-07-10,call,215.0,923.96,1.0,929.51,2.0,926.735,784.67,2.0,,,,,,,2026-06-29,1127.42,1146.99,1024.78,1145.0,1.16964e6,1090.767714
2026-06-29T20:31:25.125,14,11,MU260710C00220000,MU,2026-07-10,call,220.0,929.93,1.0,942.23,1.0,936.0799999999999,,,,,,,,,2026-06-29,1127.42,1146.99,1024.78,1145.0,1.16964e6,1090.767714
2026-06-29T20:31:25.125,14,11,MU260710C00225000,MU,2026-07-10,call,225.0,912.25,1.0,931.17,1.0,921.71,,,,,,,,,2026-06-29,1127.42,1146.99,1024.78,1145.0,1.16964e6,1090.767714
2026-06-29T20:31:25.125,14,11,MU260710C00230000,MU,2026-07-10,call,230.0,902.84,1.0,926.42,1.0,914.63,,,,,,,,,2026-06-29,1127.42,1146.99,1024.78,1145.0,1.16964e6,1090.767714
2026-06-29T20:31:25.125,14,11,MU260710C00235000,MU,2026-07-10,call,235.0,913.33,1.0,916.16,2.0,914.745,,,,,,,,,2026-06-29,1127.42,1146.99,1024.78,1145.0,1.16964e6,1090.767714
2026-06-29T20:31:25.125,14,11,MU260710C00240000,MU,2026-07-10,call,240.0,893.42,1.0,925.92,1.0,909.67,,,,,,,,,2026-06-29,1127.42,1146.99,1024.78,1145.0,1.16964e6,1090.767714
2026-06-29T20:31:25.125,14,11,MU260710C00245000,MU,2026-07-10,call,245.0,881.83,1.0,917.27,1.0,899.55,,,,,,,,,2026-06-29,1127.42,1146.99,1024.78,1145.0,1.16964e6,1090.767714
2026-06-29T20:31:25.125,14,11,MU260710C00250000,MU,2026-07-10,call,250.0,881.79,1.0,911.8,1.0,896.795,,,,,,,,,2026-06-29,1127.42,1146.99,1024.78,1145.0,1.16964e6,1090.767714
2026-06-29T20:31:25.125,14,11,MU260710C00255000,MU,2026-07-10,call,255.0,898.02,1.0,912.97,1.0,905.495,720.0,1.0,,,,,,,2026-06-29,1127.42,1146.99,1024.78,1145.0,1.16964e6,1090.767714
2026-06-29T20:31:25.125,14,11,MU260710C00260000,MU,2026-07-10,call,260.0,870.69,1.0,877.17,1.0,873.9300000000001,793.49,1.0,,,,,,,2026-06-29,1127.42,1146.99,1024.78,1145.0,1.16964e6,1090.767714
2026-06-29T20:31:25.125,14,11,MU260710C00265000,MU,2026-07-10,call,265.0,882.66,1.0,902.79,1.0,892.7249999999999,,,,,,,,,2026-06-29,1127.42,1146.99,1024.78,1145.0,1.16964e6,1090.767714
2026-06-29T20:31:25.125,14,11,MU260710C00270000,MU,2026-07-10,call,270.0,870.5,1.0,878.05,1.0,874.275,,,,,,,,,2026-06-29,1127.42,1146.99,1024.78,1145.0,1.16964e6,1090.767714
2026-06-29T20:31:25.125,14,11,MU260710C00275000,MU,2026-07-10,call,275.0,865.07,1.0,894.51,1.0,879.79,,,,,,,,,2026-06-29,1127.42,1146.99,1024.78,1145.0,1.16964e6,1090.767714
2026-06-29T20:31:25.125,14,11,MU260710C00280000,MU,2026-07-10,call,280.0,855.46,1.0,877.93,1.0,866.6949999999999,,,,,,,,,2026-06-29,1127.42,1146.99,1024.78,1145.0,1.16964e6,1090.767714
2026-06-29T20:31:25.125,14,11,MU260710C00285000,MU,2026-07-10,call,285.0,849.48,1.0,878.56,3.0,864.02,,,,,,,,,2026-06-29,1127.42,1146.99,1024.78,1145.0,1.16964e6,1090.767714
2026-06-29T20:31:25.125,14,11,MU260710C00290000,MU,2026-07-10,call,290.0,865.63,1.0,873.07,1.0,869.35,,,,,,,,,2026-06-29,1127.42,1146.99,1024.78,1145.0,1.16964e6,1090.767714
2026-06-29T20:31:25.125,14,11,MU260710C00295000,MU,2026-07-10,call,295.0,835.0,1.0,861.34,1.0,848.1700000000001,,,,,,,,,2026-06-29,1127.42,1146.99,1024.78,1145.0,1.16964e6,1090.767714
2026-06-29T20:31:25.125,14,11,MU260710C00300000,MU,2026-07-10,call,300.0,833.49,1.0,859.44,1.0,846.465,743.22,3.0,,,,,,,2026-06-29,1127.42,1146.99,1024.78,1145.0,1.16964e6,1090.767714
2026-06-29T20:31:25.125,14,11,MU260710C00305000,MU,2026-07-10,call,305.0,839.94,1.0,856.84,3.0,848.3900000000001,,,,,,,,,2026-06-29,1127.42,1146.99,1024.78,1145.0,1.16964e6,1090.767714
2026-06-29T20:31:25.125,14,11,MU260710C00310000,MU,2026-07-10,call,310.0,844.6,1.0,859.25,1.0,851.925,855.34,1.0,,,,,,,2026-06-29,1127.42,1146.99,1024.78,1145.0,1.16964e6,1090.767714
2026-06-29T20:31:25.125,14,11,MU260710C00315000,MU,2026-07-10,call,315.0,828.14,1.0,836.24,1.0,832.19,,,,,,,,,2026-06-29,1127.42,1146.99,1024.78,1145.0,1.16964e6,1090.767714
2026-06-29T20:31:25.125,14,11,MU260710C00320000,MU,2026-07-10,call,320.0,834.21,1.0,846.56,1.0,840.385,676.22,1.0,,,,,,,2026-06-29,1127.42,1146.99,1024.78,1145.0,1.16964e6,1090.767714
2026-06-29T20:31:25.125,14,11,MU260710C00325000,MU,2026-07-10,call,325.0,815.72,1.0,836.19,1.0,825.955,901.91,1.0,,,,,,,2026-06-29,1127.42,1146.99,1024.78,1145.0,1.16964e6,1090.767714
2026-06-29T20:31:25.125,14,11,MU260710C00330000,MU,2026-07-10,call,330.0,804.83,1.0,820.52,1.0,812.675,723.92,1.0,,,,,,,2026-06-29,1127.42,1146.99,1024.78,1145.0,1.16964e6,1090.767714
2026-06-29T20:31:25.125,14,11,MU260710C00335000,MU,2026-07-10,call,335.0,819.11,4.0,822.26,4.0,820.685,,,,,,,,,2026-06-29,1127.42,1146.99,1024.78,1145.0,1.16964e6,1090.767714
2026-06-29T20:31:25.125,14,11,MU260710C00340000,MU,2026-07-10,call,340.0,798.58,1.0,829.77,1.0,814.175,763.36,1.0,,,,,,,2026-06-29,1127.42,1146.99,1024.78,1145.0,1.16964e6,1090.767714
2026-06-29T20:31:25.125,14,11,MU260710C00345000,MU,2026-07-10,call,345.0,800.21,1.0,818.05,1.0,809.13,,,,,,,,,2026-06-29,1127.42,1146.99,1024.78,1145.0,1.16964e6,1090.767714
2026-06-29T20:31:25.125,14,11,MU260710C00350000,MU,2026-07-10,call,350.0,786.2,1.0,818.53,1.0,802.365,,,,,,,,,2026-06-29,1127.42,1146.99,1024.78,1145.0,1.16964e6,1090.767714
2026-06-29T20:31:25.125,14,11,MU260710C00355000,MU,2026-07-10,call,355.0,778.5,1.0,798.91,1.0,788.7049999999999,,,,,,,,,2026-06-29,1127.42,1146.99,1024.78,1145.0,1.16964e6,1090.767714
2026-06-29T20:31:25.125,14,11,MU260710C00360000,MU,2026-07-10,call,360.0,779.51,3.0,806.13,1.0,792.8199999999999,776.77,1.0,,,,,,,2026-06-29,1127.42,1146.99,1024.78,1145.0,1.16964e6,1090.767714
2026-06-29T20:31:25.125,14,11,MU260710C00365000,MU,2026-07-10,call,365.0,770.81,1.0,776.27,1.0,773.54,,,,,,,,,2026-06-29,1127.42,1146.99,1024.78,1145.0,1.16964e6,1090.767714
2026-06-29T20:31:25.125,14,11,MU260710C00370000,MU,2026-07-10,call,370.0,780.97,1.0,796.27,1.0,788.62,789.44,4.0,,,,,,,2026-06-29,1127.42,1146.99,1024.78,1145.0,1.16964e6,1090.767714
2026-06-29T20:31:25.125,14,11,MU260710C00375000,MU,2026-07-10,call,375.0,763.45,3.0,779.63,1.0,771.54,,,,,,,,,2026-06-29,1127.42,1146.99,1024.78,1145.0,1.16964e6,1090.767714
2026-06-29T20:31:25.125,14,11,MU260710C00380000,MU,2026-07-10,call,380.0,745.64,1.0,779.2,1.0,762.4200000000001,725.92,1.0,,,,,,,2026-06-29,1127.42,1146.99,1024.78,1145.0,1.16964e6,1090.767714
2026-06-29T20:31:25.125,14,11,MU260710C00385000,MU,2026-07-10,call,385.0,739.62,3.0,765.29,1.0,752.4549999999999,,,,,,,,,2026-06-29,1127.42,1146.99,1024.78,1145.0,1.16964e6,1090.767714
2026-06-29T20:31:25.125,14,11,MU260710C00390000,MU,2026-07-10,call,390.0,745.62,1.0,752.4,1.0,749.01,,,,,,,,,2026-06-29,1127.42,1146.99,1024.78,1145.0,1.16964e6,1090.767714
2026-06-29T20:31:25.125,14,11,MU260710C00395000,MU,2026-07-10,call,395.0,738.83,1.0,772.35,1.0,755.59,733.92,1.0,,,,,,,2026-06-29,1127.42,1146.99,1024.78,1145.0,1.16964e6,1090.767714
2026-06-29T20:31:25.125,14,11,MU260710C00400000,MU,2026-07-10,call,400.0,746.69,1.0,750.31,1.0,748.5,725.64,1.0,,,,,,,2026-06-29,1127.42,1146.99,1024.78,1145.0,1.16964e6,1090.767714
2026-06-29T20:31:25.125,14,11,MU260710C00405000,MU,2026-07-10,call,405.0,744.68,1.0,750.0,1.0,747.3399999999999,657.62,5.0,,,,,,,2026-06-29,1127.42,1146.99,1024.78,1145.0,1.16964e6,1090.767714
2026-06-29T20:31:25.125,14,11,MU260710C00410000,MU,2026-07-10,call,410.0,722.13,1.0,756.98,1.0,739.5550000000001,,,,,,,,,2026-06-29,1127.42,1146.99,1024.78,1145.0,1.16964e6,1090.767714
2026-06-29T20:31:25.125,14,11,MU260710C00415000,MU,2026-07-10,call,415.0,720.6,1.0,730.36,1.0,725.48,518.5,1.0,,,,,,,2026-06-29,1127.42,1146.99,1024.78,1145.0,1.16964e6,1090.767714
2026-06-29T20:31:25.125,14,11,MU260710C00420000,MU,2026-07-10,call,420.0,718.55,1.0,736.21,1.0,727.38,752.61,1.0,,,,,,,2026-06-29,1127.42,1146.99,1024.78,1145.0,1.16964e6,1090.767714
2026-06-29T20:31:25.125,14,11,MU260710C00425000,MU,2026-07-10,call,425.0,701.57,1.0,722.89,1.0,712.23,622.18,1.0,,,,,,,2026-06-29,1127.42,1146.99,1024.78,1145.0,1.16964e6,1090.767714
2026-06-29T20:31:25.125,14,11,MU260710C00430000,MU,2026-07-10,call,430.0,711.47,1.0,735.33,1.0,723.4000000000001,619.23,1.0,,,,,,,2026-06-29,1127.42,1146.99,1024.78,1145.0,1.16964e6,1090.767714
2026-06-29T20:31:25.125,14,11,MU260710C00435000,MU,2026-07-10,call,435.0,705.68,1.0,714.68,1.0,710.18,744.13,1.0,,,,,,,2026-06-29,1127.42,1146.99,1024.78,1145.0,1.16964e6,1090.767714
2026-06-29T20:31:25.125,14,11,MU260710C00440000,MU,2026-07-10,call,440.0,689.05,3.0,724.46,5.0,706.755,618.28,1.0,,,,,,,2026-06-29,1127.42,1146.99,1024.78,1145.0,1.16964e6,1090.767714
2026-06-29T20:31:25.125,14,11,MU260710C00445000,MU,2026-07-10,call,445.0,694.56,1.0,724.66,1.0,709.6099999999999,,,,,,,,,2026-06-29,1127.42,1146.99,1024.78,1145.0,1.16964e6,1090.767714
2026-06-29T20:31:25.125,14,11,MU260710C00450000,MU,2026-07-10,call,450.0,693.75,1.0,710.47,1.0,702.11,,,,,,,,,2026-06-29,1127.42,1146.99,1024.78,1145.0,1.16964e6,1090.767714
2026-06-29T20:31:25.125,14,11,MU260710C00455000,MU,2026-07-10,call,455.0,675.24,1.0,709.15,1.0,692.1949999999999,502.5,1.0,,,,,,,2026-06-29,1127.42,1146.99,1024.78,1145.0,1.16964e6,1090.767714
2026-06-29T20:31:25.125,14,11,MU260710C00460000,MU,2026-07-10,call,460.0,689.58,1.0,703.98,1.0,696.78,700.65,1.0,,,,,,,2026-06-29,1127.42,1146.99,1024.78,1145.0,1.16964e6,1090.767714
2026-06-29T20:31:25.125,14,11,MU260710C00465000,MU,2026-07-10,call,465.0,678.06,1.0,680.17,1.0,679.115,,,,,,,,,2026-06-29,1127.42,1146.99,1024.78,1145.0,1.16964e6,1090.767714
2026-06-29T20:31:25.125,14,11,MU260710C00470000,MU,2026-07-10,call,470.0,663.66,1.0,692.89,1.0,678.275,684.65,1.0,,,,,,,2026-06-29,1127.42,1146.99,1024.78,1145.0,1.16964e6,1090.767714
2026-06-29T20:31:25.125,14,11,MU260710C00475000,MU,2026-07-10,call,475.0,655.01,1.0,685.3,1.0,670.155,743.18,1.0,,,,,,,2026-06-29,1127.42,1146.99,1024.78,1145.0,1.16964e6,1090.767714
2026-06-29T20:31:25.125,14,11,MU260710C00480000,MU,2026-07-10,call,480.0,661.72,1.0,676.18,1.0,668.95,700.6,5.0,,,,,,,2026-06-29,1127.42,1146.99,1024.78,1145.0,1.16964e6,1090.767714
2026-06-29T20:31:25.125,14,11,MU260710C00485000,MU,2026-07-10,call,485.0,645.09,1.0,676.99,1.0,661.04,632.03,1.0,,,,,,,2026-06-29,1127.42,1146.99,1024.78,1145.0,1.16964e6,1090.767714
2026-06-29T20:31:25.125,14,11,MU260710C00490000,MU,2026-07-10,call,490.0,647.94,1.0,677.77,1.0,662.855,552.75,1.0,,,,,,,2026-06-29,1127.42,1146.99,1024.78,1145.0,1.16964e6,1090.767714
2026-06-29T20:31:25.125,14,11,MU260710C00495000,MU,2026-07-10,call,495.0,655.97,1.0,671.56,1.0,663.765,668.63,1.0,,,,,,,2026-06-29,1127.42,1146.99,1024.78,1145.0,1.16964e6,1090.767714
2026-06-29T20:31:25.125,14,11,MU260710C00500000,MU,2026-07-10,call,500.0,645.9,1.0,667.14,1.0,656.52,717.38,24.0,,,,,,,2026-06-29,1127.42,1146.99,1024.78,1145.0,1.16964e6,1090.767714
2026-06-29T20:31:25.125,14,11,MU260710C00505000,MU,2026-07-10,call,505.0,626.74,1.0,637.48,1.0,632.11,706.26,35.0,,,,,,,2026-06-29,1127.42,1146.99,1024.78,1145.0,1.16964e6,1090.767714
2026-06-29T20:31:25.125,14,11,MU260710C00510000,MU,2026-07-10,call,510.0,624.33,1.0,654.64,1.0,639.485,646.02,14.0,,,,,,,2026-06-29,1127.42,1146.99,1024.78,1145.0,1.16964e6,1090.767714
2026-06-29T20:31:25.125,14,11,MU260710C00515000,MU,2026-07-10,call,515.0,633.5,1.0,634.63,1.0,634.065,633.5,1.0,,,,,,,2026-06-29,1127.42,1146.99,1024.78,1145.0,1.16964e6,1090.767714
2026-06-29T20:31:25.125,14,11,MU260710C00520000,MU,2026-07-10,call,520.0,609.14,1.0,634.34,1.0,621.74,643.24,1.0,,,,,,,2026-06-29,1127.42,1146.99,1024.78,1145.0,1.16964e6,1090.767714
2026-06-29T20:31:25.125,14,11,MU260710C00525000,MU,2026-07-10,call,525.0,612.9,1.0,632.87,1.0,622.885,,,,,,,,,2026-06-29,1127.42,1146.99,1024.78,1145.0,1.16964e6,1090.767714
2026-06-29T20:31:25.125,14,11,MU260710C00530000,MU,2026-07-10,call,530.0,608.88,1.0,632.33,3.0,620.605,636.07,20.0,,,,,,,2026-06-29,1127.42,1146.99,1024.78,1145.0,1.16964e6,1090.767714
2026-06-29T20:31:25.125,14,11,MU260710C00535000,MU,2026-07-10,call,535.0,613.13,1.0,621.14,1.0,617.135,680.38,1.0,,,,,,,2026-06-29,1127.42,1146.99,1024.78,1145.0,1.16964e6,1090.767714
2026-06-29T20:31:25.125,14,11,MU260710C00540000,MU,2026-07-10,call,540.0,606.08,1.0,619.0,1.0,612.54,519.659,1.0,,,,,,,2026-06-29,1127.42,1146.99,1024.78,1145.0,1.16964e6,1090.767714
2026-06-29T20:31:25.125,14,11,MU260710C00545000,MU,2026-07-10,call,545.0,596.07,4.0,612.04,3.0,604.0550000000001,,,,,,,,,2026-06-29,1127.42,1146.99,1024.78,1145.0,1.16964e6,1090.767714
2026-06-29T20:31:25.125,14,11,MU260710C00550000,MU,2026-07-10,call,550.0,586.93,1.0,600.73,1.0,593.8299999999999,544.69,1.0,,,,,,,2026-06-29,1127.42,1146.99,1024.78,1145.0,1.16964e6,1090.767714
2026-06-29T20:31:25.125,14,11,MU260710C00555000,MU,2026-07-10,call,555.0,584.82,1.0,593.13,1.0,588.975,379.14,2.0,,,,,,,2026-06-29,1127.42,1146.99,1024.78,1145.0,1.16964e6,1090.767714
2026-06-29T20:31:25.125,14,11,MU260710C00560000,MU,2026-07-10,call,560.0,585.52,2.0,601.32,2.0,593.4200000000001,378.7,2.0,,,,,,,2026-06-29,1127.42,1146.99,1024.78,1145.0,1.16964e6,1090.767714
2026-06-29T20:31:25.125,14,11,MU260710C00565000,MU,2026-07-10,call,565.0,569.03,1.0,587.38,1.0,578.2049999999999,373.97,2.0,,,,,,,2026-06-29,1127.42,1146.99,1024.78,1145.0,1.16964e6,1090.767714
2026-06-29T20:31:25.125,14,11,MU260710C00570000,MU,2026-07-10,call,570.0,579.34,1.0,590.05,1.0,584.6949999999999,590.56,1.0,,,,,,,2026-06-29,1127.42,1146.99,1024.78,1145.0,1.16964e6,1090.767714
2026-06-29T20:31:25.125,14,11,MU260710C00575000,MU,2026-07-10,call,575.0,571.69,2.0,580.45,1.0,576.07,,,,,,,,,2026-06-29,1127.42,1146.99,1024.78,1145.0,1.16964e6,1090.767714
2026-06-29T20:31:25.125,14,11,MU260710C00580000,MU,2026-07-10,call,580.0,572.42,2.0,579.9,1.0,576.16,424.0,1.0,,,,,,,2026-06-29,1127.42,1146.99,1024.78,1145.0,1.16964e6,1090.767714
2026-06-29T20:31:25.125,14,11,MU260710C00585000,MU,2026-07-10,call,585.0,562.57,1.0,568.0,1.0,565.2850000000001,351.62,2.0,,,,,,,2026-06-29,1127.42,1146.99,1024.78,1145.0,1.16964e6,1090.767714
2026-06-29T20:31:25.125,14,11,MU260710C00590000,MU,2026-07-10,call,590.0,543.98,1.0,557.86,1.0,550.9200000000001,565.29,5.0,,,,,,,2026-06-29,1127.42,1146.99,1024.78,1145.0,1.16964e6,1090.767714
2026-06-29T20:31:25.125,14,11,MU260710C00595000,MU,2026-07-10,call,595.0,548.9,1.0,559.16,1.0,554.03,,,,,,,,,2026-06-29,1127.42,1146.99,1024.78,1145.0,1.16964e6,1090.767714
2026-06-29T20:31:25.125,14,11,MU260710C00600000,MU,2026-07-10,call,600.0,534.95,9.0,545.98,2.0,540.465,545.13,2.0,,,,,,,2026-06-29,1127.42,1146.99,1024.78,1145.0,1.16964e6,1090.767714
2026-06-29T20:31:25.125,14,11,MU260710C00605000,MU,2026-07-10,call,605.0,538.89,1.0,554.3,1.0,546.595,512.88,3.0,,,,,,,2026-06-29,1127.42,1146.99,1024.78,1145.0,1.16964e6,1090.767714
2026-06-29T20:31:25.125,14,11,MU260710C00610000,MU,2026-07-10,call,610.0,522.72,6.0,541.56,2.0,532.14,529.2,2.0,,,,,,,2026-06-29,1127.42,1146.99,1024.78,1145.0,1.16964e6,1090.767714
2026-06-29T20:31:25.125,14,11,MU260710C00615000,MU,2026-07-10,call,615.0,527.66,1.0,542.08,1.0,534.87,327.34,2.0,,,,,,,2026-06-29,1127.42,1146.99,1024.78,1145.0,1.16964e6,1090.767714
2026-06-29T20:31:25.125,14,11,MU260710C00620000,MU,2026-07-10,call,620.0,519.86,1.0,535.88,1.0,527.87,305.64,1.0,,,,,,,2026-06-29,1127.42,1146.99,1024.78,1145.0,1.16964e6,1090.767714
2026-06-29T20:31:25.125,14,11,MU260710C00625000,MU,2026-07-10,call,625.0,513.02,1.0,530.02,1.0,521.52,318.3,2.0,,,,,,,2026-06-29,1127.42,1146.99,1024.78,1145.0,1.16964e6,1090.767714
2026-06-29T20:31:25.125,14,11,MU260710C00630000,MU,2026-07-10,call,630.0,512.99,1.0,520.52,1.0,516.755,315.38,2.0,,,,,,,2026-06-29,1127.42,1146.99,1024.78,1145.0,1.16964e6,1090.767714
2026-06-29T20:31:25.125,14,11,MU260710C00635000,MU,2026-07-10,call,635.0,500.03,1.0,516.679,5.0,508.3545,439.93,2.0,,,,,,,2026-06-29,1127.42,1146.99,1024.78,1145.0,1.16964e6,1090.767714
2026-06-29T20:31:25.125,14,11,MU260710C00640000,MU,2026-07-10,call,640.0,498.5,1.0,509.18,1.0,503.84000000000003,,,,,,,,,2026-06-29,1127.42,1146.99,1024.78,1145.0,1.16964e6,1090.767714
2026-06-29T20:31:25.125,14,11,MU260710C00645000,MU,2026-07-10,call,645.0,494.17,1.0,510.91,1.0,502.54,445.43,1.0,,,,,,,2026-06-29,1127.42,1146.99,1024.78,1145.0,1.16964e6,1090.767714
2026-06-29T20:31:25.125,14,11,MU260710C00650000,MU,2026-07-10,call,650.0,481.75,1.0,509.88,1.0,495.815,449.5,1.0,,,,,,,2026-06-29,1127.42,1146.99,1024.78,1145.0,1.16964e6,1090.767714
2026-06-29T20:31:25.125,14,11,MU260710C00655000,MU,2026-07-10,call,655.0,490.35,1.0,508.33,1.0,499.34000000000003,,,,,,,,,2026-06-29,1127.42,1146.99,1024.78,1145.0,1.16964e6,1090.767714
2026-06-29T20:31:25.125,14,11,MU260710C00660000,MU,2026-07-10,call,660.0,489.28,1.0,490.68,2.0,489.98,489.28,2.0,,,,,,,2026-06-29,1127.42,1146.99,1024.78,1145.0,1.16964e6,1090.767714
2026-06-29T20:31:25.125,14,11,MU260710C00665000,MU,2026-07-10,call,665.0,478.92,1.0,482.07,1.0,480.495,487.35,5.0,,,,,,,2026-06-29,1127.42,1146.99,1024.78,1145.0,1.16964e6,1090.767714
2026-06-29T20:31:25.125,14,11,MU260710C00670000,MU,2026-07-10,call,670.0,478.67,1.0,493.87,1.0,486.27,369.63,1.0,,,,,,,2026-06-29,1127.42,1146.99,1024.78,1145.0,1.16964e6,1090.767714
2026-06-29T20:31:25.125,14,11,MU260710C00675000,MU,2026-07-10,call,675.0,465.69,1.0,475.11,1.0,470.4,479.91,1.0,,,,,,,2026-06-29,1127.42,1146.99,1024.78,1145.0,1.16964e6,1090.767714
2026-06-29T20:31:25.125,14,11,MU260710C00680000,MU,2026-07-10,call,680.0,459.13,2.0,485.76,1.0,472.445,530.11,1.0,,,,,,,2026-06-29,1127.42,1146.99,1024.78,1145.0,1.16964e6,1090.767714
2026-06-29T20:31:25.125,14,11,MU260710C00685000,MU,2026-07-10,call,685.0,462.04,1.0,468.18,1.0,465.11,365.14,1.0,,,,,,,2026-06-29,1127.42,1146.99,1024.78,1145.0,1.16964e6,1090.767714
2026-06-29T20:31:25.125,14,11,MU260710C00690000,MU,2026-07-10,call,690.0,447.12,1.0,476.91,1.0,462.015,264.12,1.0,,,,,,,2026-06-29,1127.42,1146.99,1024.78,1145.0,1.16964e6,1090.767714
2026-06-29T20:31:25.125,14,11,MU260710C00695000,MU,2026-07-10,call,695.0,454.41,1.0,467.15,1.0,460.78,,,,,,,,,2026-06-29,1127.42,1146.99,1024.78,1145.0,1.16964e6,1090.767714
2026-06-29T20:31:25.125,14,11,MU260710C00700000,MU,2026-07-10,call,700.0,444.05,1.0,455.24,1.0,449.645,448.96,1.0,,,,,,,2026-06-29,1127.42,1146.99,1024.78,1145.0,1.16964e6,1090.767714
2026-06-29T20:31:25.125,14,11,MU260710C00705000,MU,2026-07-10,call,705.0,431.88,1.0,458.62,1.0,445.25,484.73,1.0,,,,,,,2026-06-29,1127.42,1146.99,1024.78,1145.0,1.16964e6,1090.767714
2026-06-29T20:31:25.125,14,11,MU260710C00707500,MU,2026-07-10,call,707.5,437.96,2.0,442.99,1.0,440.475,,,,,,,,,2026-06-29,1127.42,1146.99,1024.78,1145.0,1.16964e6,1090.767714
2026-06-29T20:31:25.125,14,11,MU260710C00710000,MU,2026-07-10,call,710.0,433.29,1.0,443.07,1.0,438.18,365.18,7.0,,,,,,,2026-06-29,1127.42,1146.99,1024.78,1145.0,1.16964e6,1090.767714
2026-06-29T20:31:25.125,14,11,MU260710C00712500,MU,2026-07-10,call,712.5,421.81,1.0,446.09,1.0,433.95,,,,,,,,,2026-06-29,1127.42,1146.99,1024.78,1145.0,1.16964e6,1090.767714
2026-06-29T20:31:25.125,14,11,MU260710C00715000,MU,2026-07-10,call,715.0,425.78,1.0,446.36,1.0,436.07,243.51,8.0,,,,,,,2026-06-29,1127.42,1146.99,1024.78,1145.0,1.16964e6,1090.767714
2026-06-29T20:31:25.125,14,11,MU260710C00717500,MU,2026-07-10,call,717.5,430.55,1.0,434.16,1.0,432.355,,,,,,,,,2026-06-29,1127.42,1146.99,1024.78,1145.0,1.16964e6,1090.767714
2026-06-29T20:31:25.125,14,11,MU260710C00720000,MU,2026-07-10,call,720.0,420.31,13.0,432.22,1.0,426.265,348.42,1.0,,,,,,,2026-06-29,1127.42,1146.99,1024.78,1145.0,1.16964e6,1090.767714
2026-06-29T20:31:25.125,14,11,MU260710C00722500,MU,2026-07-10,call,722.5,413.02,1.0,426.18,1.0,419.6,,,,,,,,,2026-06-29,1127.42,1146.99,1024.78,1145.0,1.16964e6,1090.767714
2026-06-29T20:31:25.125,14,11,MU260710C00725000,MU,2026-07-10,call,725.0,415.59,2.0,436.2,1.0,425.895,395.99,1.0,,,,,,,2026-06-29,1127.42,1146.99,1024.78,1145.0,1.16964e6,1090.767714
2026-06-29T20:31:25.125,14,11,MU260710C00727500,MU,2026-07-10,call,727.5,410.63,1.0,424.31,1.0,417.47,,,,,,,,,2026-06-29,1127.42,1146.99,1024.78,1145.0,1.16964e6,1090.767714
2026-06-29T20:31:25.125,14,11,MU260710C00730000,MU,2026-07-10,call,730.0,404.55,1.0,421.1,1.0,412.82500000000005,429.38,1.0,,,,,,,2026-06-29,1127.42,1146.99,1024.78,1145.0,1.16964e6,1090.767714
2026-06-29T20:31:25.125,14,11,MU260710C00732500,MU,2026-07-10,call,732.5,402.5,1.0,422.58,1.0,412.53999999999996,,,,,,,,,2026-06-29,1127.42,1146.99,1024.78,1145.0,1.16964e6,1090.767714
2026-06-29T20:31:25.125,14,11,MU260710C00735000,MU,2026-07-10,call,735.0,399.88,1.0,429.3,1.0,414.59000000000003,,,,,,,,,2026-06-29,1127.42,1146.99,1024.78,1145.0,1.16964e6,1090.767714
2026-06-29T20:31:25.125,14,11,MU260710C00737500,MU,2026-07-10,call,737.5,404.53,1.0,411.48,1.0,408.005,,,,,,,,,2026-06-29,1127.42,1146.99,1024.78,1145.0,1.16964e6,1090.767714
2026-06-29T20:31:25.125,14,11,MU260710C00740000,MU,2026-07-10,call,740.0,405.33,2.0,419.4,1.0,412.365,430.92,1.0,,,,,,,2026-06-29,1127.42,1146.99,1024.78,1145.0,1.16964e6,1090.767714
2026-06-29T20:31:25.125,14,11,MU260710C00742500,MU,2026-07-10,call,742.5,401.39,1.0,415.88,2.0,408.635,,,,,,,,,2026-06-29,1127.42,1146.99,1024.78,1145.0,1.16964e6,1090.767714
2026-06-29T20:31:25.125,14,11,MU260710C00745000,MU,2026-07-10,call,745.0,395.51,1.0,410.02,2.0,402.765,419.56,2.0,,,,,,,2026-06-29,1127.42,1146.99,1024.78,1145.0,1.16964e6,1090.767714
2026-06-29T20:31:25.125,14,11,MU260710C00747500,MU,2026-07-10,call,747.5,398.33,1.0,404.81,1.0,401.57,418.06,2.0,,,,,,,2026-06-29,1127.42,1146.99,1024.78,1145.0,1.16964e6,1090.767714
2026-06-29T20:31:25.125,14,11,MU260710C00750000,MU,2026-07-10,call,750.0,399.84,4.0,414.9,1.0,407.37,297.87,2.0,,,,,,,2026-06-29,1127.42,1146.99,1024.78,1145.0,1.16964e6,1090.767714
2026-06-29T20:31:25.125,14,11,MU260710C00755000,MU,2026-07-10,call,755.0,387.63,1.0,409.72,1.0,398.675,336.76,1.0,,,,,,,2026-06-29,1127.42,1146.99,1024.78,1145.0,1.16964e6,1090.767714
2026-06-29T20:31:25.125,14,11,MU260710C00760000,MU,2026-07-10,call,760.0,376.09,1.0,394.64,1.0,385.365,419.31,1.0,,,,,,,2026-06-29,1127.42,1146.99,1024.78,1145.0,1.16964e6,1090.767714
2026-06-29T20:31:25.125,14,11,MU260710C00765000,MU,2026-07-10,call,765.0,373.5,1.0,392.28,1.0,382.89,408.37,1.0,,,,,,,2026-06-29,1127.42,1146.99,1024.78,1145.0,1.16964e6,1090.767714
2026-06-29T20:31:25.125,14,11,MU260710C00770000,MU,2026-07-10,call,770.0,369.03,1.0,383.03,1.0,376.03,432.17,1.0,,,,,,,2026-06-29,1127.42,1146.99,1024.78,1145.0,1.16964e6,1090.767714
2026-06-29T20:31:25.125,14,11,MU260710C00775000,MU,2026-07-10,call,775.0,373.51,1.0,379.19,1.0,376.35,374.04,1.0,,,,,,,2026-06-29,1127.42,1146.99,1024.78,1145.0,1.16964e6,1090.767714
2026-06-29T20:31:25.125,14,11,MU260710C00780000,MU,2026-07-10,call,780.0,367.17,1.0,377.53,1.0,372.35,303.01,1.0,,,,,,,2026-06-29,1127.42,1146.99,1024.78,1145.0,1.16964e6,1090.767714
2026-06-29T20:31:25.125,14,11,MU260710C00785000,MU,2026-07-10,call,785.0,361.27,1.0,374.27,1.0,367.77,361.27,1.0,,,,,,,2026-06-29,1127.42,1146.99,1024.78,1145.0,1.16964e6,1090.767714
2026-06-29T20:31:25.125,14,11,MU260710C00790000,MU,2026-07-10,call,790.0,358.94,1.0,371.12,1.0,365.03,253.0,1.0,,,,,,,2026-06-29,1127.42,1146.99,1024.78,1145.0,1.16964e6,1090.767714
2026-06-29T20:31:25.125,14,11,MU260710C00795000,MU,2026-07-10,call,795.0,356.42,1.0,366.32,1.0,361.37,,,,,,,,,2026-06-29,1127.42,1146.99,1024.78,1145.0,1.16964e6,1090.767714
2026-06-29T20:31:25.125,14,11,MU260710C00800000,MU,2026-07-10,call,800.0,338.08,3.0,356.26,10.0,347.16999999999996,341.32,1.0,,,,,,,2026-06-29,1127.42,1146.99,1024.78,1145.0,1.16964e6,1090.767714
2026-06-29T20:31:25.125,14,11,MU260710C00805000,MU,2026-07-10,call,805.0,345.54,1.0,347.49,1.0,346.515,401.75,6.0,,,,,,,2026-06-29,1127.42,1146.99,1024.78,1145.0,1.16964e6,1090.767714
2026-06-29T20:31:25.125,14,11,MU260710C00810000,MU,2026-07-10,call,810.0,337.07,2.0,342.01,1.0,339.53999999999996,260.07,1.0,,,,,,,2026-06-29,1127.42,1146.99,1024.78,1145.0,1.16964e6,1090.767714
2026-06-29T20:31:25.125,14,11,MU260710C00815000,MU,2026-07-10,call,815.0,330.57,1.0,339.3,1.0,334.935,226.67,3.0,,,,,,,2026-06-29,1127.42,1146.99,1024.78,1145.0,1.16964e6,1090.767714
2026-06-29T20:31:25.125,14,11,MU260710C00820000,MU,2026-07-10,call,820.0,320.92,2.0,345.0,1.0,332.96000000000004,249.38,1.0,,,,,,,2026-06-29,1127.42,1146.99,1024.78,1145.0,1.16964e6,1090.767714
2026-06-29T20:31:25.125,14,11,MU260710C00825000,MU,2026-07-10,call,825.0,320.77,17.0,334.44,6.0,327.605,301.67,1.0,,,,,,,2026-06-29,1127.42,1146.99,1024.78,1145.0,1.16964e6,1090.767714
2026-06-29T20:31:25.125,14,11,MU260710C00830000,MU,2026-07-10,call,830.0,315.4,1.0,326.67,1.0,321.03499999999997,229.15,1.0,,,,,,,2026-06-29,1127.42,1146.99,1024.78,1145.0,1.16964e6,1090.767714
2026-06-29T20:31:25.125,14,11,MU260710C00835000,MU,2026-07-10,call,835.0,314.75,2.0,326.66,1.0,320.70500000000004,312.66,1.0,,,,,,,2026-06-29,1127.42,1146.99,1024.78,1145.0,1.16964e6,1090.767714
2026-06-29T20:31:25.125,14,11,MU260710C00840000,MU,2026-07-10,call,840.0,312.24,1.0,324.92,1.0,318.58000000000004,314.88,1.0,,,,,,,2026-06-29,1127.42,1146.99,1024.78,1145.0,1.16964e6,1090.767714
2026-06-29T20:31:25.125,14,11,MU260710C00845000,MU,2026-07-10,call,845.0,297.04,1.0,309.5,1.0,303.27,304.19,25.0,,,,,,,2026-06-29,1127.42,1146.99,1024.78,1145.0,1.16964e6,1090.767714
2026-06-29T20:31:25.125,14,11,MU260710C00850000,MU,2026-07-10,call,850.0,297.15,1.0,311.58,4.0,304.365,288.1,1.0,,,,,,,2026-06-29,1127.42,1146.99,1024.78,1145.0,1.16964e6,1090.767714
2026-06-29T20:31:25.125,14,11,MU260710C00855000,MU,2026-07-10,call,855.0,287.94,1.0,311.54,1.0,299.74,299.66,1.0,,,,,,,2026-06-29,1127.42,1146.99,1024.78,1145.0,1.16964e6,1090.767714
2026-06-29T20:31:25.125,14,11,MU260710C00860000,MU,2026-07-10,call,860.0,287.85,1.0,295.69,3.0,291.77,287.85,1.0,,,,,,,2026-06-29,1127.42,1146.99,1024.78,1145.0,1.16964e6,1090.767714
2026-06-29T20:31:25.125,14,11,MU260710C00865000,MU,2026-07-10,call,865.0,285.14,1.0,300.51,1.0,292.825,238.63,1.0,,,,,,,2026-06-29,1127.42,1146.99,1024.78,1145.0,1.16964e6,1090.767714
2026-06-29T20:31:25.125,14,11,MU260710C00870000,MU,2026-07-10,call,870.0,281.01,1.0,296.28,1.0,288.645,312.22,1.0,,,,,,,2026-06-29,1127.42,1146.99,1024.78,1145.0,1.16964e6,1090.767714
2026-06-29T20:31:25.125,14,11,MU260710C00875000,MU,2026-07-10,call,875.0,277.54,1.0,284.71,1.0,281.125,272.95,1.0,,,,,,,2026-06-29,1127.42,1146.99,1024.78,1145.0,1.16964e6,1090.767714
2026-06-29T20:31:25.125,14,11,MU260710C00880000,MU,2026-07-10,call,880.0,268.54,1.0,278.65,1.0,273.595,233.35,1.0,,,,,,,2026-06-29,1127.42,1146.99,1024.78,1145.0,1.16964e6,1090.767714
2026-06-29T20:31:25.125,14,11,MU260710C00885000,MU,2026-07-10,call,885.0,266.73,1.0,281.18,1.0,273.95500000000004,356.74,1.0,,,,,,,2026-06-29,1127.42,1146.99,1024.78,1145.0,1.16964e6,1090.767714
2026-06-29T20:31:25.125,14,11,MU260710C00890000,MU,2026-07-10,call,890.0,254.74,1.0,276.41,1.0,265.57500000000005,175.33,6.0,1.2994,0.8871,0.0007,-2.3108,0.3787,0.2245,2026-06-29,1127.42,1146.99,1024.78,1145.0,1.16964e6,1090.767714
2026-06-29T20:31:25.125,14,11,MU260710C00895000,MU,2026-07-10,call,895.0,259.98,1.0,265.64,1.0,262.81,328.65,2.0,1.3348,0.8772,0.0008,-2.5123,0.402,0.2219,2026-06-29,1127.42,1146.99,1024.78,1145.0,1.16964e6,1090.767714
2026-06-29T20:31:25.125,14,11,MU260710C00900000,MU,2026-07-10,call,900.0,250.14,36.0,257.45,36.0,253.795,250.57,1.0,1.2094,0.8911,0.0008,-2.1055,0.3693,0.2294,2026-06-29,1127.42,1146.99,1024.78,1145.0,1.16964e6,1090.767714
2026-06-29T20:31:25.125,14,11,MU260710C00905000,MU,2026-07-10,call,905.0,246.04,1.0,260.16,1.0,253.10000000000002,255.3,1.0,,,,,,,2026-06-29,1127.42,1146.99,1024.78,1145.0,1.16964e6,1090.767714
2026-06-29T20:31:25.125,14,11,MU260710C00910000,MU,2026-07-10,call,910.0,241.01,1.0,252.9,1.0,246.95499999999998,161.92,1.0,1.2482,0.8748,0.0008,-2.3862,0.4075,0.2259,2026-06-29,1127.42,1146.99,1024.78,1145.0,1.16964e6,1090.767714
2026-06-29T20:31:25.125,14,11,MU260710C00915000,MU,2026-07-10,call,915.0,235.1,2.0,246.87,1.0,240.985,180.75,1.0,1.2028,0.8767,0.0009,-2.2795,0.4032,0.2283,2026-06-29,1127.42,1146.99,1024.78,1145.0,1.16964e6,1090.767714
2026-06-29T20:31:25.125,14,11,MU260710C00920000,MU,2026-07-10,call,920.0,227.96,42.0,241.72,35.0,234.84,237.0,1.0,1.153,0.8795,0.0009,-2.1551,0.3967,0.2311,2026-06-29,1127.42,1146.99,1024.78,1145.0,1.16964e6,1090.767714
2026-06-29T20:31:25.125,14,11,MU260710C00925000,MU,2026-07-10,call,925.0,229.6,15.0,238.47,7.0,234.035,229.6,1.0,1.2319,0.8611,0.0009,-2.5253,0.4377,0.2251,2026-06-29,1127.42,1146.99,1024.78,1145.0,1.16964e6,1090.767714
2026-06-29T20:31:25.125,14,11,MU260710C00930000,MU,2026-07-10,call,930.0,227.12,1.0,240.62,1.0,233.87,148.15,1.0,1.3152,0.843,0.0009,-2.9126,0.4751,0.2189,2026-06-29,1127.42,1146.99,1024.78,1145.0,1.16964e6,1090.767714
2026-06-29T20:31:25.125,14,11,MU260710C00935000,MU,2026-07-10,call,935.0,220.66,1.0,232.76,1.0,226.70999999999998,199.28,2.0,1.2466,0.8474,0.001,-2.7155,0.4663,0.2226,2026-06-29,1127.42,1146.99,1024.78,1145.0,1.16964e6,1090.767714
2026-06-29T20:31:25.125,14,11,MU260710C00940000,MU,2026-07-10,call,940.0,217.99,1.0,223.84,2.0,220.91500000000002,152.46,1.0,1.2071,0.8477,0.001,-2.6295,0.4658,0.2244,2026-06-29,1127.42,1146.99,1024.78,1145.0,1.16964e6,1090.767714
2026-06-29T20:31:25.125,14,11,MU260710C00945000,MU,2026-07-10,call,945.0,209.25,1.0,225.05,1.0,217.15,223.62,1.0,1.2108,0.8411,0.001,-2.71,0.479,0.2233,2026-06-29,1127.42,1146.99,1024.78,1145.0,1.16964e6,1090.767714
2026-06-29T20:31:25.125,14,11,MU260710C00950000,MU,2026-07-10,call,950.0,206.68,24.0,222.97,41.0,214.825,212.7,1.0,1.2426,0.83,0.001,-2.8986,0.5003,0.2202,2026-06-29,1127.42,1146.99,1024.78,1145.0,1.16964e6,1090.767714
2026-06-29T20:31:25.125,14,11,MU260710C00955000,MU,2026-07-10,call,955.0,203.77,21.0,213.56,9.0,208.66500000000002,203.77,1.0,1.1964,0.8309,0.0011,-2.7856,0.4987,0.2223,2026-06-29,1127.42,1146.99,1024.78,1145.0,1.16964e6,1090.767714
2026-06-29T20:31:25.125,14,11,MU260710C00960000,MU,2026-07-10,call,960.0,199.63,6.0,206.64,1.0,203.135,173.0,1.0,1.1631,0.8298,0.0011,-2.7212,0.5008,0.2236,2026-06-29,1127.42,1146.99,1024.78,1145.0,1.16964e6,1090.767714
2026-06-29T20:31:25.125,14,11,MU260710C00965000,MU,2026-07-10,call,965.0,190.69,1.0,207.9,4.0,199.29500000000002,132.61,1.0,1.1632,0.8232,0.0011,-2.7861,0.5131,0.2225,2026-06-29,1127.42,1146.99,1024.78,1145.0,1.16964e6,1090.767714
2026-06-29T20:31:25.125,14,11,MU260710C00970000,MU,2026-07-10,call,970.0,188.31,4.0,205.0,1.0,196.655,144.55,1.0,1.1853,0.813,0.0011,-2.9353,0.5314,0.2198,2026-06-29,1127.42,1146.99,1024.78,1145.0,1.16964e6,1090.767714
2026-06-29T20:31:25.125,14,11,MU260710C00975000,MU,2026-07-10,call,975.0,186.74,3.0,200.31,5.0,193.525,186.74,1.0,1.1965,0.8045,0.0012,-3.0414,0.546,0.2178,2026-06-29,1127.42,1146.99,1024.78,1145.0,1.16964e6,1090.767714
2026-06-29T20:31:25.125,14,11,MU260710C00980000,MU,2026-07-10,call,980.0,182.91,1.0,192.87,1.0,187.89,179.29,2.0,1.1613,0.803,0.0012,-2.9681,0.5486,0.219,2026-06-29,1127.42,1146.99,1024.78,1145.0,1.16964e6,1090.767714
2026-06-29T20:31:25.125,14,11,MU260710C00985000,MU,2026-07-10,call,985.0,172.4,4.0,187.98,1.0,180.19,160.0,1.0,1.0884,0.8077,0.0013,-2.7482,0.5406,0.2229,2026-06-29,1127.42,1146.99,1024.78,1145.0,1.16964e6,1090.767714
2026-06-29T20:31:25.125,14,11,MU260710C00990000,MU,2026-07-10,call,990.0,173.82,1.0,187.01,2.0,180.415,161.37,1.0,1.1588,0.7891,0.0013,-3.0809,0.5714,0.2165,2026-06-29,1127.42,1146.99,1024.78,1145.0,1.16964e6,1090.767714
2026-06-29T20:31:25.125,14,11,MU260710C00995000,MU,2026-07-10,call,995.0,165.06,1.0,179.08,1.0,172.07,105.4,3.0,1.0761,0.7948,0.0013,-2.8228,0.5622,0.221,2026-06-29,1127.42,1146.99,1024.78,1145.0,1.16964e6,1090.767714
2026-06-29T20:31:25.125,14,11,MU260710C01000000,MU,2026-07-10,call,1000.0,168.47,27.0,173.96,36.0,171.215,171.14,2.0,1.1244,0.7794,0.0013,-3.0683,0.5864,0.216,2026-06-29,1127.42,1146.99,1024.78,1145.0,1.16964e6,1090.767714
2026-06-29T20:31:25.125,14,11,MU260710C01002500,MU,2026-07-10,call,1002.5,164.65,1.0,175.01,2.0,169.82999999999998,189.71,1.0,1.1312,0.7746,0.0013,-3.1232,0.5937,0.2147,2026-06-29,1127.42,1146.99,1024.78,1145.0,1.16964e6,1090.767714
2026-06-29T20:31:25.125,14,11,MU260710C01005000,MU,2026-07-10,call,1005.0,158.59,2.0,170.98,21.0,164.785,158.59,1.0,1.076,0.7792,0.0014,-2.9412,0.5867,0.2178,2026-06-29,1127.42,1146.99,1024.78,1145.0,1.16964e6,1090.767714
2026-06-29T20:31:25.125,14,11,MU260710C01007500,MU,2026-07-10,call,1007.5,162.09,3.0,170.56,1.0,166.325,162.09,1.0,1.1316,0.7668,0.0014,-3.1823,0.605,0.2131,2026-06-29,1127.42,1146.99,1024.78,1145.0,1.16964e6,1090.767714
2026-06-29T20:31:25.125,14,11,MU260710C01010000,MU,2026-07-10,call,1010.0,161.09,25.0,167.76,9.0,164.425,163.45,15.0,1.1292,0.7633,0.0014,-3.2011,0.6101,0.2125,2026-06-29,1127.42,1146.99,1024.78,1145.0,1.16964e6,1090.767714
2026-06-29T20:31:25.125,14,11,MU260710C01012500,MU,2026-07-10,call,1012.5,157.53,1.0,163.94,1.0,160.735,143.92,2.0,1.0973,0.764,0.0014,-3.1084,0.6091,0.2138,2026-06-29,1127.42,1146.99,1024.78,1145.0,1.16964e6,1090.767714
2026-06-29T20:31:25.125,14,11,MU260710C01015000,MU,2026-07-10,call,1015.0,154.38,13.0,167.24,2.0,160.81,154.38,1.0,1.1268,0.7558,0.0014,-3.2477,0.6205,0.211,2026-06-29,1127.42,1146.99,1024.78,1145.0,1.16964e6,1090.767714
2026-06-29T20:31:25.125,14,11,MU260710C01017500,MU,2026-07-10,call,1017.5,154.09,9.0,161.71,10.0,157.9,143.8,1.0,1.1077,0.7545,0.0014,-3.2031,0.6223,0.2114,2026-06-29,1127.42,1146.99,1024.78,1145.0,1.16964e6,1090.767714
2026-06-29T20:31:25.125,14,11,MU260710C01020000,MU,2026-07-10,call,1020.0,151.28,35.0,159.44,1.0,155.36,155.0,1.0,1.0946,0.7523,0.0015,-3.1808,0.6253,0.2114,2026-06-29,1127.42,1146.99,1024.78,1145.0,1.16964e6,1090.767714
2026-06-29T20:31:25.125,14,11,MU260710C01022500,MU,2026-07-10,call,1022.5,146.06,69.0,159.95,18.0,153.005,141.5,1.0,1.0844,0.7496,0.0015,-3.1693,0.6289,0.2112,2026-06-29,1127.42,1146.99,1024.78,1145.0,1.16964e6,1090.767714
2026-06-29T20:31:25.125,14,11,MU260710C01025000,MU,2026-07-10,call,1025.0,146.12,17.0,154.01,10.0,150.065,148.4,1.0,1.0649,0.7483,0.0015,-3.1226,0.6307,0.2116,2026-06-29,1127.42,1146.99,1024.78,1145.0,1.16964e6,1090.767714
2026-06-29T20:31:25.125,14,11,MU260710C01027500,MU,2026-07-10,call,1027.5,146.42,41.0,152.14,73.0,149.27999999999997,146.56,1.0,1.0794,0.742,0.0015,-3.2034,0.6388,0.2097,2026-06-29,1127.42,1146.99,1024.78,1145.0,1.16964e6,1090.767714
2026-06-29T20:31:25.125,14,11,MU260710C01030000,MU,2026-07-10,call,1030.0,145.02,7.0,150.52,2.0,147.77,145.02,16.0,1.0821,0.7374,0.0015,-3.2396,0.6446,0.2086,2026-06-29,1127.42,1146.99,1024.78,1145.0,1.16964e6,1090.767714
2026-06-29T20:31:25.125,14,11,MU260710C01035000,MU,2026-07-10,call,1035.0,137.0,2.0,149.38,10.0,143.19,121.0,1.0,1.0631,0.7315,0.0016,-3.2194,0.652,0.2079,2026-06-29,1127.42,1146.99,1024.78,1145.0,1.16964e6,1090.767714
2026-06-29T20:31:25.125,14,11,MU260710C01040000,MU,2026-07-10,call,1040.0,138.71,3.0,143.61,2.0,141.16000000000003,140.0,1.0,1.0824,0.7204,0.0016,-3.3403,0.6652,0.2047,2026-06-29,1127.42,1146.99,1024.78,1145.0,1.16964e6,1090.767714
2026-06-29T20:31:25.125,14,11,MU260710C01045000,MU,2026-07-10,call,1045.0,132.97,27.0,139.21,27.0,136.09,136.0,1.0,1.0552,0.715,0.0016,-3.2875,0.6714,0.2044,2026-06-29,1127.42,1146.99,1024.78,1145.0,1.16964e6,1090.767714
2026-06-29T20:31:25.125,14,11,MU260710C01050000,MU,2026-07-10,call,1050.0,130.47,24.0,135.32,9.0,132.89499999999998,135.0,1.0,1.0556,0.706,0.0017,-3.3352,0.6812,0.2023,2026-06-29,1127.42,1146.99,1024.78,1145.0,1.16964e6,1090.767714
2026-06-29T20:31:25.125,14,11,MU260710C01055000,MU,2026-07-10,call,1055.0,128.729,8.0,134.59,3.0,131.6595,128.729,1.0,1.0836,0.694,0.0016,-3.4818,0.6936,0.1986,2026-06-29,1127.42,1146.99,1024.78,1145.0,1.16964e6,1090.767714
2026-06-29T20:31:25.125,14,11,MU260710C01060000,MU,2026-07-10,call,1060.0,122.11,31.0,129.24,3.0,125.67500000000001,122.11,1.0,1.0424,0.6893,0.0017,-3.374,0.6983,0.1988,2026-06-29,1127.42,1146.99,1024.78,1145.0,1.16964e6,1090.767714
2026-06-29T20:31:25.125,14,11,MU260710C01065000,MU,2026-07-10,call,1065.0,120.99,16.0,124.98,1.0,122.985,120.99,1.0,1.048,0.6796,0.0017,-3.4352,0.7076,0.1962,2026-06-29,1127.42,1146.99,1024.78,1145.0,1.16964e6,1090.767714
2026-06-29T20:31:25.125,14,11,MU260710C01070000,MU,2026-07-10,call,1070.0,117.22,12.0,120.97,4.0,119.095,117.22,2.0,1.036,0.6714,0.0018,-3.4307,0.7149,0.1946,2026-06-29,1127.42,1146.99,1024.78,1145.0,1.16964e6,1090.767714
2026-06-29T20:31:25.125,14,11,MU260710C01075000,MU,2026-07-10,call,1075.0,112.64,3.0,121.02,10.0,116.83,112.64,1.0,1.0461,0.6611,0.0018,-3.5039,0.7236,0.1917,2026-06-29,1127.42,1146.99,1024.78,1145.0,1.16964e6,1090.767714
2026-06-29T20:31:25.125,14,11,MU260710C01080000,MU,2026-07-10,call,1080.0,110.52,12.0,116.27,3.0,113.395,112.1,1.0,1.0392,0.6522,0.0018,-3.5142,0.7307,0.1897,2026-06-29,1127.42,1146.99,1024.78,1145.0,1.16964e6,1090.767714
2026-06-29T20:31:25.125,14,11,MU260710C01085000,MU,2026-07-10,call,1085.0,108.42,47.0,111.46,9.0,109.94,108.42,1.0,1.0315,0.6432,0.0018,-3.5197,0.7375,0.1877,2026-06-29,1127.42,1146.99,1024.78,1145.0,1.16964e6,1090.767714
2026-06-29T20:31:25.125,14,11,MU260710C01090000,MU,2026-07-10,call,1090.0,107.58,46.0,109.61,2.0,108.595,107.58,1.0,1.0517,0.6325,0.0018,-3.622,0.745,0.1844,2026-06-29,1127.42,1146.99,1024.78,1145.0,1.16964e6,1090.767714
2026-06-29T20:31:25.125,14,11,MU260710C01095000,MU,2026-07-10,call,1095.0,100.72,12.0,107.1,13.0,103.91,95.03,1.0,1.0263,0.6242,0.0019,-3.5606,0.7503,0.183,2026-06-29,1127.42,1146.99,1024.78,1145.0,1.16964e6,1090.767714
2026-06-29T20:31:25.125,14,11,MU260710C01100000,MU,2026-07-10,call,1100.0,98.77,8.0,103.3,36.0,101.035,101.4,1.0,1.0246,0.6145,0.0019,-3.5811,0.7561,0.1805,2026-06-29,1127.42,1146.99,1024.78,1145.0,1.16964e6,1090.767714
2026-06-29T20:31:25.125,14,11,MU260710C01105000,MU,2026-07-10,call,1105.0,94.59,24.0,101.17,8.0,97.88,94.59,1.0,1.0186,0.605,0.0019,-3.5841,0.7614,0.1782,2026-06-29,1127.42,1146.99,1024.78,1145.0,1.16964e6,1090.767714
2026-06-29T20:31:25.125,14,11,MU260710C01110000,MU,2026-07-10,call,1110.0,95.2,15.0,96.89,36.0,96.045,95.2,1.0,1.0293,0.5949,0.0019,-3.6436,0.7665,0.1753,2026-06-29,1127.42,1146.99,1024.78,1145.0,1.16964e6,1090.767714
2026-06-29T20:31:25.125,14,11,MU260710C01115000,MU,2026-07-10,call,1115.0,91.61,8.0,96.29,13.0,93.95,91.61,1.0,1.0357,0.585,0.0019,-3.6862,0.7709,0.1725,2026-06-29,1127.42,1146.99,1024.78,1145.0,1.16964e6,1090.767714
2026-06-29T20:31:25.125,14,11,MU260710C01120000,MU,2026-07-10,call,1120.0,87.28,90.0,91.8,9.0,89.53999999999999,88.35,1.0,1.0116,0.5754,0.002,-3.6187,0.7747,0.1705,2026-06-29,1127.42,1146.99,1024.78,1145.0,1.16964e6,1090.767714
2026-06-29T20:31:25.125,14,11,MU260710C01125000,MU,2026-07-10,call,1125.0,85.74,24.0,88.11,48.0,86.925,86.0,1.0,1.0102,0.5654,0.002,-3.6287,0.7782,0.1679,2026-06-29,1127.42,1146.99,1024.78,1145.0,1.16964e6,1090.767714
2026-06-29T20:31:25.125,14,11,MU260710C01130000,MU,2026-07-10,call,1130.0,82.08,21.0,85.69,6.0,83.88499999999999,84.55,1.0,1.0026,0.5553,0.002,-3.615,0.7813,0.1653,2026-06-29,1127.42,1146.99,1024.78,1145.0,1.16964e6,1090.767714
2026-06-29T20:31:25.125,14,11,MU260710C01135000,MU,2026-07-10,call,1135.0,80.93,8.0,87.11,10.0,84.02000000000001,83.0,2.0,1.035,0.5461,0.0019,-3.7399,0.7836,0.1621,2026-06-29,1127.42,1146.99,1024.78,1145.0,1.16964e6,1090.767714
2026-06-29T20:31:25.125,14,11,MU260710C01140000,MU,2026-07-10,call,1140.0,76.93,9.0,83.0,15.0,79.965,78.5,1.0,1.0132,0.5356,0.002,-3.6714,0.7857,0.1598,2026-06-29,1127.42,1146.99,1024.78,1145.0,1.16964e6,1090.767714
2026-06-29T20:31:25.125,14,11,MU260710C01145000,MU,2026-07-10,call,1145.0,77.2,27.0,80.38,9.0,78.78999999999999,77.64,1.0,1.0275,0.5264,0.002,-3.7282,0.7871,0.1569,2026-06-29,1127.42,1146.99,1024.78,1145.0,1.16964e6,1090.767714
2026-06-29T20:31:25.125,14,11,MU260710C01150000,MU,2026-07-10,call,1150.0,72.93,19.0,76.21,35.0,74.57,76.8,1.0,1.0025,0.5153,0.002,-3.6431,0.7883,0.1544,2026-06-29,1127.42,1146.99,1024.78,1145.0,1.16964e6,1090.767714
2026-06-29T20:31:25.125,14,11,MU260710C01155000,MU,2026-07-10,call,1155.0,69.59,10.0,76.37,1.0,72.98,70.11,1.0,1.0103,0.5058,0.002,-3.6723,0.7888,0.1516,2026-06-29,1127.42,1146.99,1024.78,1145.0,1.16964e6,1090.767714
2026-06-29T20:31:25.125,14,11,MU260710C01160000,MU,2026-07-10,call,1160.0,66.68,17.0,73.3,36.0,69.99000000000001,66.68,1.0,0.9997,0.4952,0.002,-3.6336,0.7888,0.1489,2026-06-29,1127.42,1146.99,1024.78,1145.0,1.16964e6,1090.767714
2026-06-29T20:31:25.125,14,11,MU260710C01165000,MU,2026-07-10,call,1165.0,65.77,24.0,70.26,15.0,68.015,65.77,1.0,1.0014,0.4855,0.002,-3.6365,0.7883,0.1462,2026-06-29,1127.42,1146.99,1024.78,1145.0,1.16964e6,1090.767714
2026-06-29T20:31:25.125,14,11,MU260710C01170000,MU,2026-07-10,call,1170.0,64.099,6.0,68.01,40.0,66.0545,64.55,3.0,1.0026,0.4758,0.002,-3.6357,0.7874,0.1434,2026-06-29,1127.42,1146.99,1024.78,1145.0,1.16964e6,1090.767714
2026-06-29T20:31:25.125,14,11,MU260710C01175000,MU,2026-07-10,call,1175.0,60.68,3.0,65.019,4.0,62.849500000000006,61.3,1.0,0.9874,0.4645,0.002,-3.5728,0.7857,0.1405,2026-06-29,1127.42,1146.99,1024.78,1145.0,1.16964e6,1090.767714
2026-06-29T20:31:25.125,14,11,MU260710C01180000,MU,2026-07-10,call,1180.0,58.96,4.0,62.6,1.0,60.78,59.1,2.0,0.986,0.4545,0.002,-3.5579,0.7837,0.1377,2026-06-29,1127.42,1146.99,1024.78,1145.0,1.16964e6,1090.767714
2026-06-29T20:31:25.125,14,11,MU260710C01185000,MU,2026-07-10,call,1185.0,57.03,49.0,62.85,41.0,59.94,58.15,1.0,0.9997,0.4464,0.002,-3.5969,0.7817,0.1352,2026-06-29,1127.42,1146.99,1024.78,1145.0,1.16964e6,1090.767714
2026-06-29T20:31:25.125,14,11,MU260710C01190000,MU,2026-07-10,call,1190.0,55.39,12.0,60.32,29.0,57.855000000000004,57.0,2.0,0.997,0.4364,0.002,-3.573,0.7788,0.1324,2026-06-29,1127.42,1146.99,1024.78,1145.0,1.16964e6,1090.767714
2026-06-29T20:31:25.125,14,11,MU260710C01195000,MU,2026-07-10,call,1195.0,52.65,3.0,57.57,17.0,55.11,52.65,1.0,0.9851,0.4252,0.002,-3.5126,0.775,0.1294,2026-06-29,1127.42,1146.99,1024.78,1145.0,1.16964e6,1090.767714
2026-06-29T20:31:25.125,14,11,MU260710C01200000,MU,2026-07-10,call,1200.0,53.41,15.0,55.61,32.0,54.51,54.33,1.0,1.0003,0.418,0.002,-3.5525,0.7721,0.1271,2026-06-29,1127.42,1146.99,1024.78,1145.0,1.16964e6,1090.767714
2026-06-29T20:31:25.125,14,11,MU260710C01205000,MU,2026-07-10,call,1205.0,50.44,1.0,52.68,36.0,51.56,50.44,3.0,0.9844,0.4061,0.002,-3.4726,0.7669,0.1239,2026-06-29,1127.42,1146.99,1024.78,1145.0,1.16964e6,1090.767714
2026-06-29T20:31:25.125,14,11,MU260710C01210000,MU,2026-07-10,call,1210.0,48.5,10.0,52.09,3.0,50.295,49.35,1.0,0.9899,0.3977,0.002,-3.4722,0.7628,0.1214,2026-06-29,1127.42,1146.99,1024.78,1145.0,1.16964e6,1090.767714
2026-06-29T20:31:25.125,14,11,MU260710C01215000,MU,2026-07-10,call,1215.0,46.46,29.0,50.9,3.0,48.68,46.46,1.0,0.9903,0.3885,0.002,-3.4505,0.7579,0.1187,2026-06-29,1127.42,1146.99,1024.78,1145.0,1.16964e6,1090.767714
2026-06-29T20:31:25.125,14,11,MU260710C01220000,MU,2026-07-10,call,1220.0,45.08,28.0,50.11,36.0,47.595,45.08,1.0,0.9971,0.3807,0.0019,-3.4525,0.7533,0.1163,2026-06-29,1127.42,1146.99,1024.78,1145.0,1.16964e6,1090.767714
2026-06-29T20:31:25.125,14,11,MU260710C01225000,MU,2026-07-10,call,1225.0,44.66,30.0,48.81,4.0,46.735,42.03,1.0,1.0065,0.3734,0.0019,-3.4634,0.7488,0.1141,2026-06-29,1127.42,1146.99,1024.78,1145.0,1.16964e6,1090.767714
2026-06-29T20:31:25.125,14,11,MU260710C01230000,MU,2026-07-10,call,1230.0,42.61,56.0,46.79,41.0,44.7,44.0,2.0,0.9996,0.3633,0.0019,-3.4085,0.7421,0.1112,2026-06-29,1127.42,1146.99,1024.78,1145.0,1.16964e6,1090.767714
2026-06-29T20:31:25.125,14,11,MU260710C01235000,MU,2026-07-10,call,1235.0,41.54,14.0,44.71,13.0,43.125,42.22,1.0,0.9983,0.3543,0.0019,-3.3741,0.7357,0.1086,2026-06-29,1127.42,1146.99,1024.78,1145.0,1.16964e6,1090.767714
2026-06-29T20:31:25.125,14,11,MU260710C01240000,MU,2026-07-10,call,1240.0,38.91,70.0,42.48,4.0,40.69499999999999,39.7,20.0,0.9847,0.3428,0.0019,-3.2878,0.7268,0.1054,2026-06-29,1127.42,1146.99,1024.78,1145.0,1.16964e6,1090.767714
2026-06-29T20:31:25.125,14,11,MU260710C01245000,MU,2026-07-10,call,1245.0,36.12,25.0,41.19,13.0,38.655,36.14,3.0,0.9757,0.3322,0.0019,-3.2179,0.718,0.1024,2026-06-29,1127.42,1146.99,1024.78,1145.0,1.16964e6,1090.767714
2026-06-29T20:31:25.125,14,11,MU260710C01250000,MU,2026-07-10,call,1250.0,36.91,1.0,39.04,14.0,37.974999999999994,38.5,1.0,0.985,0.3258,0.0018,-3.2226,0.7124,0.1004,2026-06-29,1127.42,1146.99,1024.78,1145.0,1.16964e6,1090.767714
2026-06-29T20:31:25.125,14,11,MU260710C01255000,MU,2026-07-10,call,1255.0,34.38,21.0,38.52,26.0,36.45,34.38,1.0,0.982,0.3167,0.0018,-3.1748,0.704,0.0977,2026-06-29,1127.42,1146.99,1024.78,1145.0,1.16964e6,1090.767714
2026-06-29T20:31:25.125,14,11,MU260710C01260000,MU,2026-07-10,call,1260.0,34.11,15.0,36.84,6.0,35.475,34.11,2.0,0.9863,0.3095,0.0018,-3.1566,0.6971,0.0955,2026-06-29,1127.42,1146.99,1024.78,1145.0,1.16964e6,1090.767714
2026-06-29T20:31:25.125,14,11,MU260710C01265000,MU,2026-07-10,call,1265.0,31.06,25.0,35.48,2.0,33.269999999999996,31.69,1.0,0.9722,0.2979,0.0018,-3.059,0.6853,0.0922,2026-06-29,1127.42,1146.99,1024.78,1145.0,1.16964e6,1090.767714
2026-06-29T20:31:25.125,14,11,MU260710C01270000,MU,2026-07-10,call,1270.0,31.86,18.0,36.05,54.0,33.955,31.86,1.0,0.9998,0.2967,0.0017,-3.1391,0.6841,0.0916,2026-06-29,1127.42,1146.99,1024.78,1145.0,1.16964e6,1090.767714
2026-06-29T20:31:25.125,14,11,MU260710C01275000,MU,2026-07-10,call,1275.0,29.47,39.0,34.02,17.0,31.745,31.0,1.0,0.9845,0.2851,0.0017,-3.0337,0.6714,0.0883,2026-06-29,1127.42,1146.99,1024.78,1145.0,1.16964e6,1090.767714
2026-06-29T20:31:25.125,14,11,MU260710C01280000,MU,2026-07-10,call,1280.0,27.84,33.0,32.84,18.0,30.340000000000003,31.0,1.0,0.9804,0.2763,0.0017,-2.9752,0.6613,0.0857,2026-06-29,1127.42,1146.99,1024.78,1145.0,1.16964e6,1090.767714
2026-06-29T20:31:25.125,14,11,MU260710C01285000,MU,2026-07-10,call,1285.0,27.72,97.0,32.369,69.0,30.0445,27.72,1.0,0.9926,0.2719,0.0017,-2.9878,0.6561,0.0843,2026-06-29,1127.42,1146.99,1024.78,1145.0,1.16964e6,1090.767714
2026-06-29T20:31:25.125,14,11,MU260710C01290000,MU,2026-07-10,call,1290.0,26.44,31.0,30.15,5.0,28.295,26.44,5.0,0.9821,0.2616,0.0017,-2.8993,0.6435,0.0813,2026-06-29,1127.42,1146.99,1024.78,1145.0,1.16964e6,1090.767714
2026-06-29T20:31:25.125,14,11,MU260710C01295000,MU,2026-07-10,call,1295.0,25.36,29.0,28.98,11.0,27.17,26.05,1.0,0.9806,0.2539,0.0017,-2.8498,0.6335,0.079,2026-06-29,1127.42,1146.99,1024.78,1145.0,1.16964e6,1090.767714
2026-06-29T20:31:25.125,14,11,MU260710C01300000,MU,2026-07-10,call,1300.0,25.37,44.0,27.22,4.0,26.295,26.0,1.0,0.9825,0.2472,0.0016,-2.8151,0.6247,0.0769,2026-06-29,1127.42,1146.99,1024.78,1145.0,1.16964e6,1090.767714
2026-06-29T20:31:25.125,14,11,MU260710C01305000,MU,2026-07-10,call,1305.0,23.98,76.0,27.0,37.0,25.490000000000002,23.98,1.0,0.9851,0.2409,0.0016,-2.783,0.616,0.075,2026-06-29,1127.42,1146.99,1024.78,1145.0,1.16964e6,1090.767714
2026-06-29T20:31:25.125,14,11,MU260710C01310000,MU,2026-07-10,call,1310.0,23.38,46.0,26.01,52.0,24.695,24.1,1.0,0.9875,0.2347,0.0016,-2.7495,0.6072,0.0731,2026-06-29,1127.42,1146.99,1024.78,1145.0,1.16964e6,1090.767714
2026-06-29T20:31:25.125,14,11,MU260710C01315000,MU,2026-07-10,call,1315.0,22.24,80.0,24.85,38.0,23.545,21.04,7.0,0.9835,0.2268,0.0015,-2.6862,0.5957,0.0707,2026-06-29,1127.42,1146.99,1024.78,1145.0,1.16964e6,1090.767714
2026-06-29T20:31:25.125,14,11,MU260710C01320000,MU,2026-07-10,call,1320.0,21.18,40.0,24.29,19.0,22.735,22.69,1.0,0.9847,0.2205,0.0015,-2.6463,0.5862,0.0688,2026-06-29,1127.42,1146.99,1024.78,1145.0,1.16964e6,1090.767714
2026-06-29T20:31:25.125,14,11,MU260710C01325000,MU,2026-07-10,call,1325.0,20.23,41.0,24.94,23.0,22.585,21.38,34.0,0.9968,0.2174,0.0015,-2.6569,0.5815,0.0678,2026-06-29,1127.42,1146.99,1024.78,1145.0,1.16964e6,1090.767714
2026-06-29T20:31:25.125,14,11,MU260710C01330000,MU,2026-07-10,call,1330.0,19.42,53.0,22.41,11.0,20.915,18.36,1.0,0.9821,0.2069,0.0015,-2.5428,0.5648,0.0647,2026-06-29,1127.42,1146.99,1024.78,1145.0,1.16964e6,1090.767714
2026-06-29T20:31:25.125,14,11,MU260710C01335000,MU,2026-07-10,call,1335.0,18.83,45.0,20.55,12.0,19.689999999999998,19.78,34.0,0.9743,0.1984,0.0014,-2.46,0.5509,0.0622,2026-06-29,1127.42,1146.99,1024.78,1145.0,1.16964e6,1090.767714
2026-06-29T20:31:25.125,14,11,MU260710C01340000,MU,2026-07-10,call,1340.0,17.71,48.0,21.0,22.0,19.355,17.9,1.0,0.9821,0.1945,0.0014,-2.4503,0.5444,0.0609,2026-06-29,1127.42,1146.99,1024.78,1145.0,1.16964e6,1090.767714
2026-06-29T20:31:25.125,14,11,MU260710C01345000,MU,2026-07-10,call,1345.0,17.27,29.0,19.81,24.0,18.54,16.58,1.0,0.9807,0.1882,0.0014,-2.3974,0.5334,0.059,2026-06-29,1127.42,1146.99,1024.78,1145.0,1.16964e6,1090.767714
2026-06-29T20:31:25.125,14,11,MU260710C01350000,MU,2026-07-10,call,1350.0,16.9,52.0,19.46,52.0,18.18,18.0,1.0,0.9875,0.1843,0.0014,-2.3829,0.5266,0.0578,2026-06-29,1127.42,1146.99,1024.78,1145.0,1.16964e6,1090.767714
2026-06-29T20:31:25.125,14,11,MU260710C01355000,MU,2026-07-10,call,1355.0,15.82,33.0,19.77,3.0,17.795,14.83,1.0,0.9936,0.1804,0.0013,-2.365,0.5195,0.0566,2026-06-29,1127.42,1146.99,1024.78,1145.0,1.16964e6,1090.767714
2026-06-29T20:31:25.125,14,11,MU260710C01360000,MU,2026-07-10,call,1360.0,15.05,48.0,18.74,17.0,16.895,16.41,10.0,0.9893,0.1736,0.0013,-2.2981,0.5071,0.0545,2026-06-29,1127.42,1146.99,1024.78,1145.0,1.16964e6,1090.767714
2026-06-29T20:31:25.125,14,11,MU260710C01365000,MU,2026-07-10,call,1365.0,14.58,28.0,17.12,13.0,15.850000000000001,14.58,1.0,0.9813,0.1659,0.0013,-2.2141,0.4925,0.0522,2026-06-29,1127.42,1146.99,1024.78,1145.0,1.16964e6,1090.767714
2026-06-29T20:31:25.125,14,11,MU260710C01370000,MU,2026-07-10,call,1370.0,13.89,25.0,16.98,7.0,15.435,13.8,10.0,0.9856,0.1618,0.0013,-2.1882,0.4847,0.0509,2026-06-29,1127.42,1146.99,1024.78,1145.0,1.16964e6,1090.767714
2026-06-29T20:31:25.125,14,11,MU260710C01375000,MU,2026-07-10,call,1375.0,13.38,31.0,16.21,13.0,14.795000000000002,13.38,2.0,0.9849,0.1564,0.0012,-2.1386,0.4741,0.0492,2026-06-29,1127.42,1146.99,1024.78,1145.0,1.16964e6,1090.767714
2026-06-29T20:31:25.125,14,11,MU260710C01380000,MU,2026-07-10,call,1380.0,13.1,43.0,15.56,25.0,14.33,13.21,1.0,0.9875,0.1521,0.0012,-2.1048,0.4654,0.0479,2026-06-29,1127.42,1146.99,1024.78,1145.0,1.16964e6,1090.767714
2026-06-29T20:31:25.125,14,11,MU260710C01385000,MU,2026-07-10,call,1385.0,12.73,29.0,14.26,2.0,13.495000000000001,14.26,1.0,0.9815,0.1455,0.0012,-2.0309,0.4518,0.0459,2026-06-29,1127.42,1146.99,1024.78,1145.0,1.16964e6,1090.767714
2026-06-29T20:31:25.125,14,11,MU260710C01390000,MU,2026-07-10,call,1390.0,11.95,31.0,14.11,10.0,13.03,10.16,1.0,0.9832,0.1412,0.0012,-1.9935,0.4428,0.0446,2026-06-29,1127.42,1146.99,1024.78,1145.0,1.16964e6,1090.767714
2026-06-29T20:31:25.125,14,11,MU260710C01395000,MU,2026-07-10,call,1395.0,11.07,21.0,13.16,11.0,12.115,11.4,13.0,0.9741,0.134,0.0011,-1.9052,0.4271,0.0423,2026-06-29,1127.42,1146.99,1024.78,1145.0,1.16964e6,1090.767714
2026-06-29T20:31:25.125,14,11,MU260710C01400000,MU,2026-07-10,call,1400.0,11.46,25.0,13.07,41.0,12.265,12.2,1.0,0.9894,0.1338,0.0011,-1.9325,0.4266,0.0422,2026-06-29,1127.42,1146.99,1024.78,1145.0,1.16964e6,1090.767714
2026-06-29T20:31:25.125,14,11,MU260710C01405000,MU,2026-07-10,call,1405.0,10.53,52.0,12.02,9.0,11.274999999999999,11.15,1.0,0.9773,0.126,0.0011,-1.8312,0.4093,0.0398,2026-06-29,1127.42,1146.99,1024.78,1145.0,1.16964e6,1090.767714
2026-06-29T20:31:25.125,14,11,MU260710C01410000,MU,2026-07-10,call,1410.0,9.91,33.0,11.84,7.0,10.875,10.05,5.0,0.9788,0.1221,0.001,-1.7946,0.4005,0.0386,2026-06-29,1127.42,1146.99,1024.78,1145.0,1.16964e6,1090.767714
2026-06-29T20:31:25.125,14,11,MU260710C01415000,MU,2026-07-10,call,1415.0,9.73,26.0,10.91,1.0,10.32,10.04,1.0,0.976,0.1172,0.001,-1.7381,0.389,0.0371,2026-06-29,1127.42,1146.99,1024.78,1145.0,1.16964e6,1090.767714
2026-06-29T20:31:25.125,14,11,MU260710C01420000,MU,2026-07-10,call,1420.0,9.19,29.0,11.16,26.0,10.175,9.35,1.0,0.9834,0.1152,0.001,-1.7294,0.3842,0.0365,2026-06-29,1127.42,1146.99,1024.78,1145.0,1.16964e6,1090.767714
2026-06-29T20:31:25.125,14,11,MU260710C01425000,MU,2026-07-10,call,1425.0,9.04,52.0,10.74,19.0,9.89,9.5,1.0,0.987,0.1122,0.001,-1.7031,0.377,0.0355,2026-06-29,1127.42,1146.99,1024.78,1145.0,1.16964e6,1090.767714
2026-06-29T20:31:25.125,14,11,MU260710C01430000,MU,2026-07-10,call,1430.0,8.07,58.0,11.83,13.0,9.95,8.8,1.0,0.9995,0.1116,0.001,-1.7187,0.3757,0.0353,2026-06-29,1127.42,1146.99,1024.78,1145.0,1.16964e6,1090.767714
2026-06-29T20:31:25.125,14,11,MU260710C01435000,MU,2026-07-10,call,1435.0,8.16,46.0,9.43,11.0,8.795,7.3,1.0,0.9786,0.1024,0.0009,-1.5808,0.353,0.0325,2026-06-29,1127.42,1146.99,1024.78,1145.0,1.16964e6,1090.767714
2026-06-29T20:31:25.125,14,11,MU260710C01440000,MU,2026-07-10,call,1440.0,7.73,45.0,9.31,3.0,8.52,8.08,1.0,0.9813,0.0995,0.0009,-1.5521,0.3456,0.0316,2026-06-29,1127.42,1146.99,1024.78,1145.0,1.16964e6,1090.767714
2026-06-29T20:31:25.125,14,11,MU260710C01445000,MU,2026-07-10,call,1445.0,7.26,49.0,8.86,2.0,8.059999999999999,5.9,12.0,0.9782,0.0952,0.0009,-1.4978,0.3346,0.0302,2026-06-29,1127.42,1146.99,1024.78,1145.0,1.16964e6,1090.767714
2026-06-29T20:31:25.125,14,11,MU260710C01450000,MU,2026-07-10,call,1450.0,7.1,49.0,9.32,33.0,8.21,7.5,5.0,0.9931,0.0955,0.0009,-1.5245,0.3355,0.0303,2026-06-29,1127.42,1146.99,1024.78,1145.0,1.16964e6,1090.767714
2026-06-29T20:31:25.125,14,11,MU260710C01455000,MU,2026-07-10,call,1455.0,6.77,38.0,8.27,11.0,7.52,6.77,24.0,0.9822,0.0895,0.0008,-1.4367,0.3197,0.0284,2026-06-29,1127.42,1146.99,1024.78,1145.0,1.16964e6,1090.767714
2026-06-29T20:31:25.125,14,11,MU260710C01460000,MU,2026-07-10,call,1460.0,6.42,44.0,8.73,9.0,7.575,6.81,1.0,0.9941,0.0892,0.0008,-1.4503,0.3189,0.0283,2026-06-29,1127.42,1146.99,1024.78,1145.0,1.16964e6,1090.767714
2026-06-29T20:31:25.125,14,11,MU260710C01465000,MU,2026-07-10,call,1465.0,5.19,57.0,7.7,7.0,6.445,6.15,1.0,0.9671,0.0795,0.0008,-1.2942,0.2925,0.0253,2026-06-29,1127.42,1146.99,1024.78,1145.0,1.16964e6,1090.767714
2026-06-29T20:31:25.125,14,11,MU260710C01470000,MU,2026-07-10,call,1470.0,4.87,44.0,7.12,18.0,5.995,5.3,1.0,0.9611,0.0751,0.0007,-1.232,0.2802,0.024,2026-06-29,1127.42,1146.99,1024.78,1145.0,1.16964e6,1090.767714
2026-06-29T20:31:25.125,14,11,MU260710C01475000,MU,2026-07-10,call,1475.0,4.52,57.0,6.84,20.0,5.68,5.7,1.0,0.9592,0.0718,0.0007,-1.1884,0.2708,0.0229,2026-06-29,1127.42,1146.99,1024.78,1145.0,1.16964e6,1090.767714
2026-06-29T20:31:25.125,14,11,MU260710C01480000,MU,2026-07-10,call,1480.0,4.39,44.0,6.64,2.0,5.515,5.02,1.0,0.9626,0.0699,0.0007,-1.1671,0.2651,0.0223,2026-06-29,1127.42,1146.99,1024.78,1145.0,1.16964e6,1090.767714
2026-06-29T20:31:25.125,14,11,MU260710C01485000,MU,2026-07-10,call,1485.0,4.15,81.0,8.21,42.0,6.180000000000001,6.05,1.0,0.9965,0.0749,0.0007,-1.2742,0.2796,0.0238,2026-06-29,1127.42,1146.99,1024.78,1145.0,1.16964e6,1090.767714
2026-06-29T20:31:25.125,14,11,MU260710C01490000,MU,2026-07-10,call,1490.0,3.82,58.0,6.12,15.0,4.97,5.4,1.0,0.96,0.064,0.0007,-1.0881,0.2478,0.0205,2026-06-29,1127.42,1146.99,1024.78,1145.0,1.16964e6,1090.767714
2026-06-29T20:31:25.125,14,11,MU260710C01495000,MU,2026-07-10,call,1495.0,3.88,47.0,5.84,10.0,4.859999999999999,4.85,20.0,0.9646,0.0626,0.0006,-1.0738,0.2434,0.02,2026-06-29,1127.42,1146.99,1024.78,1145.0,1.16964e6,1090.767714
2026-06-29T20:31:25.125,14,11,MU260710C01500000,MU,2026-07-10,call,1500.0,4.67,112.0,5.62,17.0,5.145,5.1,1.0,,,,,,,2026-06-29,1127.42,1146.99,1024.78,1145.0,1.16964e6,1090.767714
2026-06-29T20:31:25.125,14,11,MU260710C01510000,MU,2026-07-10,call,1510.0,4.28,22.0,5.37,17.0,4.825,4.59,1.0,,,,,,,2026-06-29,1127.42,1146.99,1024.78,1145.0,1.16964e6,1090.767714
2026-06-29T20:31:25.125,14,11,MU260710C01520000,MU,2026-07-10,call,1520.0,2.75,42.0,5.13,43.0,3.94,4.0,1.0,0.9685,0.052,0.0006,-0.9322,0.2105,0.0167,2026-06-29,1127.42,1146.99,1024.78,1145.0,1.16964e6,1090.767714
2026-06-29T20:31:25.125,14,11,MU260710C01530000,MU,2026-07-10,call,1530.0,2.41,43.0,4.77,21.0,3.59,3.0,1.0,0.9684,0.048,0.0005,-0.8739,0.1974,0.0154,2026-06-29,1127.42,1146.99,1024.78,1145.0,1.16964e6,1090.767714
2026-06-29T20:31:25.125,14,11,MU260710C01540000,MU,2026-07-10,call,1540.0,2.1,71.0,4.12,15.0,3.1100000000000003,3.4,1.0,0.9596,0.0427,0.0005,-0.7878,0.1796,0.0137,2026-06-29,1127.42,1146.99,1024.78,1145.0,1.16964e6,1090.767714
2026-06-29T20:31:25.125,14,11,MU260710C01550000,MU,2026-07-10,call,1550.0,2.43,48.0,3.92,15.0,3.175,3.3,1.0,,,,,,,2026-06-29,1127.42,1146.99,1024.78,1145.0,1.16964e6,1090.767714
2026-06-29T20:31:25.125,14,11,MU260710C01560000,MU,2026-07-10,call,1560.0,1.62,65.0,4.019,26.0,2.8195,2.9,1.0,,,,,,,2026-06-29,1127.42,1146.99,1024.78,1145.0,1.16964e6,1090.767714
2026-06-29T20:31:25.125,14,11,MU260710C01570000,MU,2026-07-10,call,1570.0,1.45,57.0,3.75,23.0,2.6,2.55,1.0,,,,,,,2026-06-29,1127.42,1146.99,1024.78,1145.0,1.16964e6,1090.767714
2026-06-29T20:31:25.125,14,11,MU260710C01580000,MU,2026-07-10,call,1580.0,2.15,16.0,3.02,14.0,2.585,2.25,2.0,,,,,,,2026-06-29,1127.42,1146.99,1024.78,1145.0,1.16964e6,1090.767714
2026-06-29T20:31:25.125,14,11,MU260710C01590000,MU,2026-07-10,call,1590.0,1.17,28.0,3.71,19.0,2.44,2.06,1.0,,,,,,,2026-06-29,1127.42,1146.99,1024.78,1145.0,1.16964e6,1090.767714
2026-06-29T20:31:25.125,14,11,MU260710C01600000,MU,2026-07-10,call,1600.0,1.93,33.0,2.64,40.0,2.285,2.28,1.0,,,,,,,2026-06-29,1127.42,1146.99,1024.78,1145.0,1.16964e6,1090.767714
2026-06-29T20:31:25.125,14,11,MU260710C01610000,MU,2026-07-10,call,1610.0,1.31,53.0,2.54,23.0,1.925,2.02,1.0,,,,,,,2026-06-29,1127.42,1146.99,1024.78,1145.0,1.16964e6,1090.767714
2026-06-29T20:31:25.125,14,11,MU260710C01620000,MU,2026-07-10,call,1620.0,1.35,74.0,2.26,10.0,1.805,1.61,1.0,,,,,,,2026-06-29,1127.42,1146.99,1024.78,1145.0,1.16964e6,1090.767714
2026-06-29T20:31:25.125,14,11,MU260710C01630000,MU,2026-07-10,call,1630.0,0.81,92.0,2.28,69.0,1.545,1.37,1.0,,,,,,,2026-06-29,1127.42,1146.99,1024.78,1145.0,1.16964e6,1090.767714
2026-06-29T20:31:25.125,14,11,MU260710C01640000,MU,2026-07-10,call,1640.0,0.61,59.0,2.31,43.0,1.46,1.17,1.0,,,,,,,2026-06-29,1127.42,1146.99,1024.78,1145.0,1.16964e6,1090.767714
2026-06-29T20:31:25.125,14,11,MU260710C01650000,MU,2026-07-10,call,1650.0,0.86,93.0,1.98,41.0,1.42,1.43,1.0,,,,,,,2026-06-29,1127.42,1146.99,1024.78,1145.0,1.16964e6,1090.767714
2026-06-29T20:31:25.125,14,11,MU260710C01660000,MU,2026-07-10,call,1660.0,0.57,49.0,2.52,50.0,1.545,1.34,1.0,,,,,,,2026-06-29,1127.42,1146.99,1024.78,1145.0,1.16964e6,1090.767714
2026-06-29T20:31:25.125,14,11,MU260710C01670000,MU,2026-07-10,call,1670.0,0.53,48.0,1.85,31.0,1.19,1.29,1.0,,,,,,,2026-06-29,1127.42,1146.99,1024.78,1145.0,1.16964e6,1090.767714
2026-06-29T20:31:25.125,14,11,MU260710C01680000,MU,2026-07-10,call,1680.0,0.48,38.0,1.79,22.0,1.135,1.16,1.0,,,,,,,2026-06-29,1127.42,1146.99,1024.78,1145.0,1.16964e6,1090.767714
2026-06-29T20:31:25.125,14,11,MU260710C01690000,MU,2026-07-10,call,1690.0,0.4,36.0,1.42,13.0,0.9099999999999999,0.75,1.0,,,,,,,2026-06-29,1127.42,1146.99,1024.78,1145.0,1.16964e6,1090.767714
2026-06-29T20:31:25.125,14,11,MU260710C01700000,MU,2026-07-10,call,1700.0,0.43,89.0,1.36,30.0,0.895,0.92,20.0,,,,,,,2026-06-29,1127.42,1146.99,1024.78,1145.0,1.16964e6,1090.767714
2026-06-29T20:31:25.125,14,11,MU260710C01710000,MU,2026-07-10,call,1710.0,0.38,40.0,1.35,19.0,0.865,0.84,1.0,,,,,,,2026-06-29,1127.42,1146.99,1024.78,1145.0,1.16964e6,1090.767714
2026-06-29T20:31:25.125,14,11,MU260710C01720000,MU,2026-07-10,call,1720.0,0.39,40.0,1.06,8.0,0.7250000000000001,0.74,1.0,,,,,,,2026-06-29,1127.42,1146.99,1024.78,1145.0,1.16964e6,1090.767714
2026-06-29T20:31:25.125,14,11,MU260710C01730000,MU,2026-07-10,call,1730.0,0.44,36.0,1.63,25.0,1.035,0.85,1.0,,,,,,,2026-06-29,1127.42,1146.99,1024.78,1145.0,1.16964e6,1090.767714
2026-06-29T20:31:25.125,14,11,MU260710C01740000,MU,2026-07-10,call,1740.0,0.03,42.0,1.87,25.0,0.9500000000000001,0.42,9.0,,,,,,,2026-06-29,1127.42,1146.99,1024.78,1145.0,1.16964e6,1090.767714
2026-06-29T20:31:25.125,14,11,MU260710C01750000,MU,2026-07-10,call,1750.0,0.58,6.0,1.83,42.0,1.205,0.57,1.0,,,,,,,2026-06-29,1127.42,1146.99,1024.78,1145.0,1.16964e6,1090.767714
2026-06-29T20:31:25.125,14,11,MU260710C01760000,MU,2026-07-10,call,1760.0,0.0,0.0,1.94,14.0,0.97,0.41,1.0,,,,,,,2026-06-29,1127.42,1146.99,1024.78,1145.0,1.16964e6,1090.767714
2026-06-29T20:31:25.125,14,11,MU260710C01770000,MU,2026-07-10,call,1770.0,0.18,40.0,0.63,1.0,0.405,0.43,1.0,,,,,,,2026-06-29,1127.42,1146.99,1024.78,1145.0,1.16964e6,1090.767714
2026-06-29T20:31:25.125,14,11,MU260710C01780000,MU,2026-07-10,call,1780.0,0.03,14.0,1.88,13.0,0.955,1.39,2.0,,,,,,,2026-06-29,1127.42,1146.99,1024.78,1145.0,1.16964e6,1090.767714
2026-06-29T20:31:25.125,14,11,MU260710C01790000,MU,2026-07-10,call,1790.0,0.0,0.0,2.02,1.0,1.01,1.34,1.0,,,,,,,2026-06-29,1127.42,1146.99,1024.78,1145.0,1.16964e6,1090.767714
2026-06-29T20:31:25.125,14,11,MU260710C01800000,MU,2026-07-10,call,1800.0,0.02,81.0,0.91,41.0,0.465,0.31,20.0,,,,,,,2026-06-29,1127.42,1146.99,1024.78,1145.0,1.16964e6,1090.767714
2026-06-29T20:31:25.125,14,11,MU260710C01810000,MU,2026-07-10,call,1810.0,0.0,0.0,1.68,19.0,0.84,0.25,1.0,,,,,,,2026-06-29,1127.42,1146.99,1024.78,1145.0,1.16964e6,1090.767714
2026-06-29T20:31:25.125,14,11,MU260710C01820000,MU,2026-07-10,call,1820.0,0.0,0.0,1.99,4.0,0.995,0.47,10.0,,,,,,,2026-06-29,1127.42,1146.99,1024.78,1145.0,1.16964e6,1090.767714
2026-06-29T20:31:25.125,14,11,MU260710C01830000,MU,2026-07-10,call,1830.0,0.0,0.0,1.67,9.0,0.835,1.0,1.0,,,,,,,2026-06-29,1127.42,1146.99,1024.78,1145.0,1.16964e6,1090.767714
2026-06-29T20:31:25.125,14,11,MU260710C01840000,MU,2026-07-10,call,1840.0,0.0,0.0,2.34,5.0,1.17,1.07,1.0,,,,,,,2026-06-29,1127.42,1146.99,1024.78,1145.0,1.16964e6,1090.767714
2026-06-29T20:31:25.125,14,11,MU260710C01850000,MU,2026-07-10,call,1850.0,0.01,12.0,1.36,23.0,0.685,0.34,2.0,,,,,,,2026-06-29,1127.42,1146.99,1024.78,1145.0,1.16964e6,1090.767714
2026-06-29T20:31:25.125,14,11,MU260710C01860000,MU,2026-07-10,call,1860.0,0.0,0.0,1.54,10.0,0.77,0.55,40.0,,,,,,,2026-06-29,1127.42,1146.99,1024.78,1145.0,1.16964e6,1090.767714
2026-06-29T20:31:25.125,14,11,MU260710C01870000,MU,2026-07-10,call,1870.0,0.0,0.0,1.46,10.0,0.73,0.85,1.0,,,,,,,2026-06-29,1127.42,1146.99,1024.78,1145.0,1.16964e6,1090.767714
2026-06-29T20:31:25.125,14,11,MU260710C01880000,MU,2026-07-10,call,1880.0,0.0,0.0,1.46,14.0,0.73,0.34,1.0,,,,,,,2026-06-29,1127.42,1146.99,1024.78,1145.0,1.16964e6,1090.767714
2026-06-29T20:31:25.125,14,11,MU260710C01890000,MU,2026-07-10,call,1890.0,0.0,0.0,1.43,10.0,0.715,0.74,1.0,,,,,,,2026-06-29,1127.42,1146.99,1024.78,1145.0,1.16964e6,1090.767714
2026-06-29T20:31:25.125,14,11,MU260710C01900000,MU,2026-07-10,call,1900.0,0.03,24.0,0.96,42.0,0.495,0.19,5.0,,,,,,,2026-06-29,1127.42,1146.99,1024.78,1145.0,1.16964e6,1090.767714
2026-06-29T20:31:25.125,14,11,MU260710C01910000,MU,2026-07-10,call,1910.0,0.0,0.0,1.96,13.0,0.98,1.01,1.0,,,,,,,2026-06-29,1127.42,1146.99,1024.78,1145.0,1.16964e6,1090.767714
2026-06-29T20:31:25.125,14,11,MU260710C01920000,MU,2026-07-10,call,1920.0,0.0,0.0,2.25,13.0,1.125,3.2,1.0,,,,,,,2026-06-29,1127.42,1146.99,1024.78,1145.0,1.16964e6,1090.767714
2026-06-29T20:31:25.125,14,11,MU260710C01930000,MU,2026-07-10,call,1930.0,0.0,0.0,2.54,13.0,1.27,0.88,1.0,,,,,,,2026-06-29,1127.42,1146.99,1024.78,1145.0,1.16964e6,1090.767714
2026-06-29T20:31:25.125,14,11,MU260710C01940000,MU,2026-07-10,call,1940.0,0.0,0.0,2.88,3.0,1.44,3.05,1.0,,,,,,,2026-06-29,1127.42,1146.99,1024.78,1145.0,1.16964e6,1090.767714
2026-06-29T20:31:25.125,14,11,MU260710C01950000,MU,2026-07-10,call,1950.0,0.0,0.0,0.22,2.0,0.11,0.11,1.0,,,,,,,2026-06-29,1127.42,1146.99,1024.78,1145.0,1.16964e6,1090.767714
2026-06-29T20:31:25.125,14,11,MU260710C01960000,MU,2026-07-10,call,1960.0,0.0,0.0,3.41,7.0,1.705,0.01,1.0,,,,,,,2026-06-29,1127.42,1146.99,1024.78,1145.0,1.16964e6,1090.767714
2026-06-29T20:31:25.125,14,11,MU260710C01970000,MU,2026-07-10,call,1970.0,0.0,0.0,3.49,12.0,1.745,2.59,1.0,,,,,,,2026-06-29,1127.42,1146.99,1024.78,1145.0,1.16964e6,1090.767714
2026-06-29T20:31:25.125,14,11,MU260710C01980000,MU,2026-07-10,call,1980.0,0.0,0.0,3.82,9.0,1.91,2.63,1.0,,,,,,,2026-06-29,1127.42,1146.99,1024.78,1145.0,1.16964e6,1090.767714
2026-06-29T20:31:25.125,14,11,MU260710C01990000,MU,2026-07-10,call,1990.0,0.0,0.0,3.58,36.0,1.79,0.4,1.0,,,,,,,2026-06-29,1127.42,1146.99,1024.78,1145.0,1.16964e6,1090.767714
2026-06-29T20:31:25.125,14,11,MU260710C02000000,MU,2026-07-10,call,2000.0,0.03,50.0,0.13,1.0,0.08,0.08,1.0,,,,,,,2026-06-29,1127.42,1146.99,1024.78,1145.0,1.16964e6,1090.767714
2026-06-29T20:31:25.125,14,11,MU260710C02010000,MU,2026-07-10,call,2010.0,0.0,0.0,4.13,12.0,2.065,1.2,1.0,,,,,,,2026-06-29,1127.42,1146.99,1024.78,1145.0,1.16964e6,1090.767714
2026-06-29T20:31:25.125,14,11,MU260710C02020000,MU,2026-07-10,call,2020.0,0.0,0.0,4.35,3.0,2.175,0.21,1.0,,,,,,,2026-06-29,1127.42,1146.99,1024.78,1145.0,1.16964e6,1090.767714
2026-06-29T20:31:25.125,14,11,MU260710C02030000,MU,2026-07-10,call,2030.0,0.0,0.0,0.52,5.0,0.26,0.18,1.0,,,,,,,2026-06-29,1127.42,1146.99,1024.78,1145.0,1.16964e6,1090.767714
2026-06-29T20:31:25.125,14,11,MU260710C02040000,MU,2026-07-10,call,2040.0,0.0,0.0,4.33,24.0,2.165,0.67,1.0,,,,,,,2026-06-29,1127.42,1146.99,1024.78,1145.0,1.16964e6,1090.767714
2026-06-29T20:31:25.125,14,11,MU260710C02050000,MU,2026-07-10,call,2050.0,0.0,0.0,4.32,2.0,2.16,4.06,6.0,,,,,,,2026-06-29,1127.42,1146.99,1024.78,1145.0,1.16964e6,1090.767714
2026-06-29T20:31:25.125,14,11,MU260710C02060000,MU,2026-07-10,call,2060.0,0.0,0.0,4.28,13.0,2.14,2.52,1.0,,,,,,,2026-06-29,1127.42,1146.99,1024.78,1145.0,1.16964e6,1090.767714
2026-06-29T20:31:25.125,14,11,MU260710C02070000,MU,2026-07-10,call,2070.0,0.0,0.0,0.88,19.0,0.44,0.03,1.0,,,,,,,2026-06-29,1127.42,1146.99,1024.78,1145.0,1.16964e6,1090.767714
2026-06-29T20:31:25.125,14,11,MU260710C02080000,MU,2026-07-10,call,2080.0,0.0,0.0,4.37,17.0,2.185,3.79,1.0,,,,,,,2026-06-29,1127.42,1146.99,1024.78,1145.0,1.16964e6,1090.767714
2026-06-29T20:31:25.125,14,11,MU260710C02090000,MU,2026-07-10,call,2090.0,0.0,0.0,4.28,2.0,2.14,3.24,1.0,,,,,,,2026-06-29,1127.42,1146.99,1024.78,1145.0,1.16964e6,1090.767714
2026-06-29T20:31:25.125,14,11,MU260710C02100000,MU,2026-07-10,call,2100.0,0.03,9.0,0.17,13.0,0.1,0.1,2.0,,,,,,,2026-06-29,1127.42,1146.99,1024.78,1145.0,1.16964e6,1090.767714
2026-06-29T20:31:25.125,14,11,MU260710C02110000,MU,2026-07-10,call,2110.0,0.0,0.0,4.3,4.0,2.15,2.01,1.0,,,,,,,2026-06-29,1127.42,1146.99,1024.78,1145.0,1.16964e6,1090.767714
2026-06-29T20:31:25.125,14,11,MU260710C02120000,MU,2026-07-10,call,2120.0,0.0,0.0,4.34,1.0,2.17,0.1,1.0,,,,,,,2026-06-29,1127.42,1146.99,1024.78,1145.0,1.16964e6,1090.767714
2026-06-29T20:31:25.125,14,11,MU260710C02130000,MU,2026-07-10,call,2130.0,0.0,0.0,4.25,1.0,2.125,2.02,9.0,,,,,,,2026-06-29,1127.42,1146.99,1024.78,1145.0,1.16964e6,1090.767714
2026-06-29T20:31:25.125,14,11,MU260710C02140000,MU,2026-07-10,call,2140.0,0.0,0.0,0.51,2.0,0.255,0.48,1.0,,,,,,,2026-06-29,1127.42,1146.99,1024.78,1145.0,1.16964e6,1090.767714
2026-06-29T20:31:25.125,14,11,MU260710C02150000,MU,2026-07-10,call,2150.0,0.0,0.0,4.27,45.0,2.135,0.05,1.0,,,,,,,2026-06-29,1127.42,1146.99,1024.78,1145.0,1.16964e6,1090.767714
2026-06-29T20:31:25.125,14,11,MU260710C02160000,MU,2026-07-10,call,2160.0,0.0,0.0,4.24,2.0,2.12,0.74,1.0,,,,,,,2026-06-29,1127.42,1146.99,1024.78,1145.0,1.16964e6,1090.767714
2026-06-29T20:31:25.125,14,11,MU260710C02170000,MU,2026-07-10,call,2170.0,0.0,0.0,4.24,46.0,2.12,0.2,2.0,,,,,,,2026-06-29,1127.42,1146.99,1024.78,1145.0,1.16964e6,1090.767714
2026-06-29T20:31:25.125,14,11,MU260710C02180000,MU,2026-07-10,call,2180.0,0.0,0.0,4.38,6.0,2.19,1.32,2.0,,,,,,,2026-06-29,1127.42,1146.99,1024.78,1145.0,1.16964e6,1090.767714
2026-06-29T20:31:25.125,14,11,MU260710C02190000,MU,2026-07-10,call,2190.0,0.0,0.0,4.32,1.0,2.16,2.08,1.0,,,,,,,2026-06-29,1127.42,1146.99,1024.78,1145.0,1.16964e6,1090.767714
2026-06-29T20:31:25.125,14,11,MU260710C02200000,MU,2026-07-10,call,2200.0,0.0,0.0,4.24,1.0,2.12,2.3,1.0,,,,,,,2026-06-29,1127.42,1146.99,1024.78,1145.0,1.16964e6,1090.767714
2026-06-29T20:31:25.125,14,11,MU260710C02210000,MU,2026-07-10,call,2210.0,0.0,0.0,4.4,3.0,2.2,0.89,5.0,,,,,,,2026-06-29,1127.42,1146.99,1024.78,1145.0,1.16964e6,1090.767714
2026-06-29T20:31:25.125,14,11,MU260710C02220000,MU,2026-07-10,call,2220.0,0.0,0.0,2.92,31.0,1.46,0.5,1.0,,,,,,,2026-06-29,1127.42,1146.99,1024.78,1145.0,1.16964e6,1090.767714
2026-06-29T20:31:25.125,14,11,MU260710C02230000,MU,2026-07-10,call,2230.0,0.0,0.0,4.35,1.0,2.175,0.88,5.0,,,,,,,2026-06-29,1127.42,1146.99,1024.78,1145.0,1.16964e6,1090.767714
2026-06-29T20:31:25.125,14,11,MU260710C02240000,MU,2026-07-10,call,2240.0,0.0,0.0,4.28,7.0,2.14,,,,,,,,,2026-06-29,1127.42,1146.99,1024.78,1145.0,1.16964e6,1090.767714
2026-06-29T20:31:25.125,14,11,MU260710C02250000,MU,2026-07-10,call,2250.0,0.0,0.0,4.32,6.0,2.16,0.01,1.0,,,,,,,2026-06-29,1127.42,1146.99,1024.78,1145.0,1.16964e6,1090.767714
2026-06-29T20:31:25.125,14,11,MU260710C02260000,MU,2026-07-10,call,2260.0,0.0,0.0,4.32,4.0,2.16,0.71,5.0,,,,,,,2026-06-29,1127.42,1146.99,1024.78,1145.0,1.16964e6,1090.767714
2026-06-29T20:31:25.125,14,11,MU260710C02270000,MU,2026-07-10,call,2270.0,0.0,0.0,0.88,1.0,0.44,0.8,1.0,,,,,,,2026-06-29,1127.42,1146.99,1024.78,1145.0,1.16964e6,1090.767714
2026-06-29T20:31:25.125,14,11,MU260710C02280000,MU,2026-07-10,call,2280.0,0.0,0.0,4.28,1.0,2.14,0.1,1.0,,,,,,,2026-06-29,1127.42,1146.99,1024.78,1145.0,1.16964e6,1090.767714
2026-06-29T20:31:25.125,14,11,MU260710C02290000,MU,2026-07-10,call,2290.0,0.0,0.0,0.17,2.0,0.085,0.01,4.0,,,,,,,2026-06-29,1127.42,1146.99,1024.78,1145.0,1.16964e6,1090.767714
2026-06-29T20:31:25.125,14,11,MU260710C02300000,MU,2026-07-10,call,2300.0,0.0,0.0,4.27,1.0,2.135,0.87,1.0,,,,,,,2026-06-29,1127.42,1146.99,1024.78,1145.0,1.16964e6,1090.767714
2026-06-29T20:31:25.125,14,11,MU260710C02310000,MU,2026-07-10,call,2310.0,0.0,0.0,4.38,1.0,2.19,,,,,,,,,2026-06-29,1127.42,1146.99,1024.78,1145.0,1.16964e6,1090.767714
2026-06-29T20:31:25.125,14,11,MU260710C02320000,MU,2026-07-10,call,2320.0,0.0,0.0,4.37,1.0,2.185,,,,,,,,,2026-06-29,1127.42,1146.99,1024.78,1145.0,1.16964e6,1090.767714
2026-06-29T20:31:25.125,14,11,MU260710C02330000,MU,2026-07-10,call,2330.0,0.0,0.0,4.25,1.0,2.125,,,,,,,,,2026-06-29,1127.42,1146.99,1024.78,1145.0,1.16964e6,1090.767714
2026-06-29T20:31:25.125,14,11,MU260710C02340000,MU,2026-07-10,call,2340.0,0.0,0.0,4.28,1.0,2.14,,,,,,,,,2026-06-29,1127.42,1146.99,1024.78,1145.0,1.16964e6,1090.767714
2026-06-29T20:31:25.125,14,11,MU260710C02350000,MU,2026-07-10,call,2350.0,0.0,0.0,4.33,2.0,2.165,,,,,,,,,2026-06-29,1127.42,1146.99,1024.78,1145.0,1.16964e6,1090.767714
2026-06-29T20:31:25.125,14,11,MU260710C02360000,MU,2026-07-10,call,2360.0,0.0,0.0,4.26,1.0,2.13,,,,,,,,,2026-06-29,1127.42,1146.99,1024.78,1145.0,1.16964e6,1090.767714
2026-06-29T20:31:25.125,14,11,MU260710C02370000,MU,2026-07-10,call,2370.0,0.0,0.0,4.37,1.0,2.185,,,,,,,,,2026-06-29,1127.42,1146.99,1024.78,1145.0,1.16964e6,1090.767714
2026-06-29T20:31:25.125,14,11,MU260710C02380000,MU,2026-07-10,call,2380.0,0.0,0.0,4.32,1.0,2.16,,,,,,,,,2026-06-29,1127.42,1146.99,1024.78,1145.0,1.16964e6,1090.767714
2026-06-29T20:31:25.125,14,11,MU260710C02390000,MU,2026-07-10,call,2390.0,0.0,0.0,4.36,1.0,2.18,0.01,2.0,,,,,,,2026-06-29,1127.42,1146.99,1024.78,1145.0,1.16964e6,1090.767714
2026-06-29T20:31:25.125,14,11,MU260710C02400000,MU,2026-07-10,call,2400.0,0.0,0.0,4.36,2.0,2.18,,,,,,,,,2026-06-29,1127.42,1146.99,1024.78,1145.0,1.16964e6,1090.767714
2026-06-29T20:31:25.125,14,11,MU260710C02410000,MU,2026-07-10,call,2410.0,0.0,0.0,4.37,2.0,2.185,0.1,1.0,,,,,,,2026-06-29,1127.42,1146.99,1024.78,1145.0,1.16964e6,1090.767714
2026-06-29T20:31:25.125,14,11,MU260710C02420000,MU,2026-07-10,call,2420.0,0.0,0.0,0.25,1.0,0.125,0.05,10.0,,,,,,,2026-06-29,1127.42,1146.99,1024.78,1145.0,1.16964e6,1090.767714
2026-06-29T20:31:25.125,14,11,MU260710C02430000,MU,2026-07-10,call,2430.0,0.0,0.0,4.24,1.0,2.12,,,,,,,,,2026-06-29,1127.42,1146.99,1024.78,1145.0,1.16964e6,1090.767714
2026-06-29T20:31:25.125,14,11,MU260710C02440000,MU,2026-07-10,call,2440.0,0.0,0.0,4.38,2.0,2.19,,,,,,,,,2026-06-29,1127.42,1146.99,1024.78,1145.0,1.16964e6,1090.767714
2026-06-29T20:31:25.125,14,11,MU260710C02450000,MU,2026-07-10,call,2450.0,0.0,0.0,4.37,2.0,2.185,,,,,,,,,2026-06-29,1127.42,1146.99,1024.78,1145.0,1.16964e6,1090.767714
2026-06-29T20:31:25.125,14,11,MU260710C02460000,MU,2026-07-10,call,2460.0,0.0,0.0,4.27,1.0,2.135,,,,,,,,,2026-06-29,1127.42,1146.99,1024.78,1145.0,1.16964e6,1090.767714
2026-06-29T20:31:25.125,14,11,MU260710C02470000,MU,2026-07-10,call,2470.0,0.0,0.0,4.35,1.0,2.175,,,,,,,,,2026-06-29,1127.42,1146.99,1024.78,1145.0,1.16964e6,1090.767714
2026-06-29T20:31:25.125,14,11,MU260710C02480000,MU,2026-07-10,call,2480.0,0.0,0.0,4.27,1.0,2.135,,,,,,,,,2026-06-29,1127.42,1146.99,1024.78,1145.0,1.16964e6,1090.767714
2026-06-29T20:31:25.125,14,11,MU260710C02490000,MU,2026-07-10,call,2490.0,0.0,0.0,4.26,1.0,2.13,,,,,,,,,2026-06-29,1127.42,1146.99,1024.78,1145.0,1.16964e6,1090.767714
2026-06-29T20:31:25.125,14,11,MU260710C02500000,MU,2026-07-10,call,2500.0,0.01,10.0,0.07,20.0,0.04,0.03,50.0,,,,,,,2026-06-29,1127.42,1146.99,1024.78,1145.0,1.16964e6,1090.767714
2026-06-29T20:31:25.125,14,11,MU260710P00005000,MU,2026-07-10,put,5.0,0.0,0.0,0.03,2000.0,0.015,,,,,,,,,2026-06-29,1127.42,1146.99,1024.78,1145.0,1.16964e6,1090.767714
2026-06-29T20:31:25.125,14,11,MU260710P00010000,MU,2026-07-10,put,10.0,0.0,0.0,0.03,2000.0,0.015,,,,,,,,,2026-06-29,1127.42,1146.99,1024.78,1145.0,1.16964e6,1090.767714
2026-06-29T20:31:25.125,14,11,MU260710P00015000,MU,2026-07-10,put,15.0,0.0,0.0,0.01,1036.0,0.005,0.01,6.0,,,,,,,2026-06-29,1127.42,1146.99,1024.78,1145.0,1.16964e6,1090.767714
2026-06-29T20:31:25.125,14,11,MU260710P00020000,MU,2026-07-10,put,20.0,0.0,0.0,0.03,1000.0,0.015,,,,,,,,,2026-06-29,1127.42,1146.99,1024.78,1145.0,1.16964e6,1090.767714
2026-06-29T20:31:25.125,14,11,MU260710P00025000,MU,2026-07-10,put,25.0,0.0,0.0,0.03,1000.0,0.015,,,,,,,,,2026-06-29,1127.42,1146.99,1024.78,1145.0,1.16964e6,1090.767714
2026-06-29T20:31:25.125,14,11,MU260710P00030000,MU,2026-07-10,put,30.0,0.0,0.0,0.03,1000.0,0.015,,,,,,,,,2026-06-29,1127.42,1146.99,1024.78,1145.0,1.16964e6,1090.767714
2026-06-29T20:31:25.125,14,11,MU260710P00035000,MU,2026-07-10,put,35.0,0.0,0.0,0.01,1000.0,0.005,0.01,8.0,,,,,,,2026-06-29,1127.42,1146.99,1024.78,1145.0,1.16964e6,1090.767714
2026-06-29T20:31:25.125,14,11,MU260710P00040000,MU,2026-07-10,put,40.0,0.0,0.0,0.03,1000.0,0.015,0.01,4.0,,,,,,,2026-06-29,1127.42,1146.99,1024.78,1145.0,1.16964e6,1090.767714
2026-06-29T20:31:25.125,14,11,MU260710P00045000,MU,2026-07-10,put,45.0,0.0,0.0,0.03,1000.0,0.015,0.08,1.0,,,,,,,2026-06-29,1127.42,1146.99,1024.78,1145.0,1.16964e6,1090.767714
2026-06-29T20:31:25.125,14,11,MU260710P00050000,MU,2026-07-10,put,50.0,0.0,0.0,0.03,1000.0,0.015,0.01,1.0,,,,,,,2026-06-29,1127.42,1146.99,1024.78,1145.0,1.16964e6,1090.767714
2026-06-29T20:31:25.125,14,11,MU260710P00055000,MU,2026-07-10,put,55.0,0.0,0.0,0.04,10.0,0.02,0.01,10.0,,,,,,,2026-06-29,1127.42,1146.99,1024.78,1145.0,1.16964e6,1090.767714
2026-06-29T20:31:25.125,14,11,MU260710P00060000,MU,2026-07-10,put,60.0,0.0,0.0,0.1,20.0,0.05,0.01,99.0,,,,,,,2026-06-29,1127.42,1146.99,1024.78,1145.0,1.16964e6,1090.767714
2026-06-29T20:31:25.125,14,11,MU260710P00065000,MU,2026-07-10,put,65.0,0.0,0.0,0.12,2.0,0.06,0.01,2.0,,,,,,,2026-06-29,1127.42,1146.99,1024.78,1145.0,1.16964e6,1090.767714
2026-06-29T20:31:25.125,14,11,MU260710P00070000,MU,2026-07-10,put,70.0,0.0,0.0,0.08,1.0,0.04,0.01,1.0,,,,,,,2026-06-29,1127.42,1146.99,1024.78,1145.0,1.16964e6,1090.767714
2026-06-29T20:31:25.125,14,11,MU260710P00075000,MU,2026-07-10,put,75.0,0.0,0.0,0.01,9500.0,0.005,0.02,1.0,,,,,,,2026-06-29,1127.42,1146.99,1024.78,1145.0,1.16964e6,1090.767714
2026-06-29T20:31:25.125,14,11,MU260710P00080000,MU,2026-07-10,put,80.0,0.0,0.0,0.08,1.0,0.04,0.01,2.0,,,,,,,2026-06-29,1127.42,1146.99,1024.78,1145.0,1.16964e6,1090.767714
2026-06-29T20:31:25.125,14,11,MU260710P00085000,MU,2026-07-10,put,85.0,0.0,0.0,0.08,1.0,0.04,0.01,3.0,,,,,,,2026-06-29,1127.42,1146.99,1024.78,1145.0,1.16964e6,1090.767714
2026-06-29T20:31:25.125,14,11,MU260710P00090000,MU,2026-07-10,put,90.0,0.0,0.0,0.12,1.0,0.06,0.08,2.0,,,,,,,2026-06-29,1127.42,1146.99,1024.78,1145.0,1.16964e6,1090.767714
2026-06-29T20:31:25.125,14,11,MU260710P00095000,MU,2026-07-10,put,95.0,0.0,0.0,0.17,1.0,0.085,0.03,1.0,,,,,,,2026-06-29,1127.42,1146.99,1024.78,1145.0,1.16964e6,1090.767714
2026-06-29T20:31:25.125,14,11,MU260710P00100000,MU,2026-07-10,put,100.0,0.0,0.0,0.17,1.0,0.085,0.98,1.0,,,,,,,2026-06-29,1127.42,1146.99,1024.78,1145.0,1.16964e6,1090.767714
2026-06-29T20:31:25.125,14,11,MU260710P00105000,MU,2026-07-10,put,105.0,0.0,0.0,0.15,1.0,0.075,0.02,1.0,,,,,,,2026-06-29,1127.42,1146.99,1024.78,1145.0,1.16964e6,1090.767714
2026-06-29T20:31:25.125,14,11,MU260710P00110000,MU,2026-07-10,put,110.0,0.0,0.0,0.13,2.0,0.065,0.01,1.0,,,,,,,2026-06-29,1127.42,1146.99,1024.78,1145.0,1.16964e6,1090.767714
2026-06-29T20:31:25.125,14,11,MU260710P00115000,MU,2026-07-10,put,115.0,0.0,0.0,0.21,2.0,0.105,0.05,1.0,,,,,,,2026-06-29,1127.42,1146.99,1024.78,1145.0,1.16964e6,1090.767714
2026-06-29T20:31:25.125,14,11,MU260710P00120000,MU,2026-07-10,put,120.0,0.0,0.0,0.13,2.0,0.065,0.01,1.0,,,,,,,2026-06-29,1127.42,1146.99,1024.78,1145.0,1.16964e6,1090.767714
2026-06-29T20:31:25.125,14,11,MU260710P00125000,MU,2026-07-10,put,125.0,0.0,0.0,0.17,2.0,0.085,0.01,1.0,,,,,,,2026-06-29,1127.42,1146.99,1024.78,1145.0,1.16964e6,1090.767714
2026-06-29T20:31:25.125,14,11,MU260710P00130000,MU,2026-07-10,put,130.0,0.0,0.0,0.17,2.0,0.085,0.01,1.0,,,,,,,2026-06-29,1127.42,1146.99,1024.78,1145.0,1.16964e6,1090.767714
2026-06-29T20:31:25.125,14,11,MU260710P00135000,MU,2026-07-10,put,135.0,0.0,0.0,0.03,7.0,0.015,0.01,1.0,,,,,,,2026-06-29,1127.42,1146.99,1024.78,1145.0,1.16964e6,1090.767714
2026-06-29T20:31:25.125,14,11,MU260710P00140000,MU,2026-07-10,put,140.0,0.0,0.0,20.07,1.0,10.035,0.07,1.0,,,,,,,2026-06-29,1127.42,1146.99,1024.78,1145.0,1.16964e6,1090.767714
2026-06-29T20:31:25.125,14,11,MU260710P00145000,MU,2026-07-10,put,145.0,0.0,0.0,0.05,20.0,0.025,0.01,1.0,,,,,,,2026-06-29,1127.42,1146.99,1024.78,1145.0,1.16964e6,1090.767714
2026-06-29T20:31:25.125,14,11,MU260710P00150000,MU,2026-07-10,put,150.0,0.0,0.0,0.01,10.0,0.005,0.01,1.0,,,,,,,2026-06-29,1127.42,1146.99,1024.78,1145.0,1.16964e6,1090.767714
2026-06-29T20:31:25.125,14,11,MU260710P00155000,MU,2026-07-10,put,155.0,0.0,0.0,0.03,20.0,0.015,0.03,1.0,,,,,,,2026-06-29,1127.42,1146.99,1024.78,1145.0,1.16964e6,1090.767714
2026-06-29T20:31:25.125,14,11,MU260710P00160000,MU,2026-07-10,put,160.0,0.0,0.0,0.07,20.0,0.035,0.02,1.0,,,,,,,2026-06-29,1127.42,1146.99,1024.78,1145.0,1.16964e6,1090.767714
2026-06-29T20:31:25.125,14,11,MU260710P00165000,MU,2026-07-10,put,165.0,0.02,1.0,0.03,20.0,0.025,0.03,1.0,,,,,,,2026-06-29,1127.42,1146.99,1024.78,1145.0,1.16964e6,1090.767714
2026-06-29T20:31:25.125,14,11,MU260710P00170000,MU,2026-07-10,put,170.0,0.0,0.0,0.03,10.0,0.015,0.03,3.0,,,,,,,2026-06-29,1127.42,1146.99,1024.78,1145.0,1.16964e6,1090.767714
2026-06-29T20:31:25.125,14,11,MU260710P00175000,MU,2026-07-10,put,175.0,0.0,0.0,0.03,23.0,0.015,0.03,1.0,,,,,,,2026-06-29,1127.42,1146.99,1024.78,1145.0,1.16964e6,1090.767714
2026-06-29T20:31:25.125,14,11,MU260710P00180000,MU,2026-07-10,put,180.0,0.0,0.0,0.03,10.0,0.015,0.03,4.0,,,,,,,2026-06-29,1127.42,1146.99,1024.78,1145.0,1.16964e6,1090.767714
2026-06-29T20:31:25.125,14,11,MU260710P00185000,MU,2026-07-10,put,185.0,0.0,0.0,0.01,4.0,0.005,0.01,5.0,,,,,,,2026-06-29,1127.42,1146.99,1024.78,1145.0,1.16964e6,1090.767714
2026-06-29T20:31:25.125,14,11,MU260710P00190000,MU,2026-07-10,put,190.0,0.0,0.0,4.28,1.0,2.14,0.12,1.0,,,,,,,2026-06-29,1127.42,1146.99,1024.78,1145.0,1.16964e6,1090.767714
2026-06-29T20:31:25.125,14,11,MU260710P00195000,MU,2026-07-10,put,195.0,0.0,0.0,4.37,1.0,2.185,,,,,,,,,2026-06-29,1127.42,1146.99,1024.78,1145.0,1.16964e6,1090.767714
2026-06-29T20:31:25.125,14,11,MU260710P00200000,MU,2026-07-10,put,200.0,0.01,73.0,0.02,20.0,0.015,0.03,1.0,,,,,,,2026-06-29,1127.42,1146.99,1024.78,1145.0,1.16964e6,1090.767714
2026-06-29T20:31:25.125,14,11,MU260710P00205000,MU,2026-07-10,put,205.0,0.0,0.0,4.35,1.0,2.175,,,,,,,,,2026-06-29,1127.42,1146.99,1024.78,1145.0,1.16964e6,1090.767714
2026-06-29T20:31:25.125,14,11,MU260710P00210000,MU,2026-07-10,put,210.0,0.0,0.0,4.27,1.0,2.135,,,,,,,,,2026-06-29,1127.42,1146.99,1024.78,1145.0,1.16964e6,1090.767714
2026-06-29T20:31:25.125,14,11,MU260710P00215000,MU,2026-07-10,put,215.0,0.0,0.0,2.12,4.0,1.06,2.15,5.0,,,,,,,2026-06-29,1127.42,1146.99,1024.78,1145.0,1.16964e6,1090.767714
2026-06-29T20:31:25.125,14,11,MU260710P00220000,MU,2026-07-10,put,220.0,0.0,0.0,4.24,26.0,2.12,0.11,1.0,,,,,,,2026-06-29,1127.42,1146.99,1024.78,1145.0,1.16964e6,1090.767714
2026-06-29T20:31:25.125,14,11,MU260710P00225000,MU,2026-07-10,put,225.0,0.0,0.0,0.07,10.0,0.035,0.26,1.0,,,,,,,2026-06-29,1127.42,1146.99,1024.78,1145.0,1.16964e6,1090.767714
2026-06-29T20:31:25.125,14,11,MU260710P00230000,MU,2026-07-10,put,230.0,0.0,0.0,4.32,1.0,2.16,0.23,4.0,,,,,,,2026-06-29,1127.42,1146.99,1024.78,1145.0,1.16964e6,1090.767714
2026-06-29T20:31:25.125,14,11,MU260710P00235000,MU,2026-07-10,put,235.0,0.0,0.0,4.35,1.0,2.175,0.35,1.0,,,,,,,2026-06-29,1127.42,1146.99,1024.78,1145.0,1.16964e6,1090.767714
2026-06-29T20:31:25.125,14,11,MU260710P00240000,MU,2026-07-10,put,240.0,0.0,0.0,0.52,2.0,0.26,0.08,2.0,,,,,,,2026-06-29,1127.42,1146.99,1024.78,1145.0,1.16964e6,1090.767714
2026-06-29T20:31:25.125,14,11,MU260710P00245000,MU,2026-07-10,put,245.0,0.0,0.0,2.79,16.0,1.395,0.59,247.0,,,,,,,2026-06-29,1127.42,1146.99,1024.78,1145.0,1.16964e6,1090.767714
2026-06-29T20:31:25.125,14,11,MU260710P00250000,MU,2026-07-10,put,250.0,0.03,102.0,0.07,10.0,0.05,0.03,20.0,,,,,,,2026-06-29,1127.42,1146.99,1024.78,1145.0,1.16964e6,1090.767714
2026-06-29T20:31:25.125,14,11,MU260710P00255000,MU,2026-07-10,put,255.0,0.0,0.0,2.28,1.0,1.14,,,,,,,,,2026-06-29,1127.42,1146.99,1024.78,1145.0,1.16964e6,1090.767714
2026-06-29T20:31:25.125,14,11,MU260710P00260000,MU,2026-07-10,put,260.0,0.0,0.0,4.38,1.0,2.19,,,,,,,,,2026-06-29,1127.42,1146.99,1024.78,1145.0,1.16964e6,1090.767714
2026-06-29T20:31:25.125,14,11,MU260710P00265000,MU,2026-07-10,put,265.0,0.0,0.0,4.27,1.0,2.135,0.15,1.0,,,,,,,2026-06-29,1127.42,1146.99,1024.78,1145.0,1.16964e6,1090.767714
2026-06-29T20:31:25.125,14,11,MU260710P00270000,MU,2026-07-10,put,270.0,0.0,0.0,4.24,1.0,2.12,,,,,,,,,2026-06-29,1127.42,1146.99,1024.78,1145.0,1.16964e6,1090.767714
2026-06-29T20:31:25.125,14,11,MU260710P00275000,MU,2026-07-10,put,275.0,0.0,0.0,4.25,1.0,2.125,,,,,,,,,2026-06-29,1127.42,1146.99,1024.78,1145.0,1.16964e6,1090.767714
2026-06-29T20:31:25.125,14,11,MU260710P00280000,MU,2026-07-10,put,280.0,0.0,0.0,4.27,1.0,2.135,,,,,,,,,2026-06-29,1127.42,1146.99,1024.78,1145.0,1.16964e6,1090.767714
2026-06-29T20:31:25.125,14,11,MU260710P00285000,MU,2026-07-10,put,285.0,0.0,0.0,4.24,3.0,2.12,,,,,,,,,2026-06-29,1127.42,1146.99,1024.78,1145.0,1.16964e6,1090.767714
2026-06-29T20:31:25.125,14,11,MU260710P00290000,MU,2026-07-10,put,290.0,0.0,0.0,4.32,1.0,2.16,,,,,,,,,2026-06-29,1127.42,1146.99,1024.78,1145.0,1.16964e6,1090.767714
2026-06-29T20:31:25.125,14,11,MU260710P00295000,MU,2026-07-10,put,295.0,0.0,0.0,4.32,1.0,2.16,1.26,1.0,,,,,,,2026-06-29,1127.42,1146.99,1024.78,1145.0,1.16964e6,1090.767714
2026-06-29T20:31:25.125,14,11,MU260710P00300000,MU,2026-07-10,put,300.0,0.06,1.0,0.07,28.0,0.065,0.06,10.0,,,,,,,2026-06-29,1127.42,1146.99,1024.78,1145.0,1.16964e6,1090.767714
2026-06-29T20:31:25.125,14,11,MU260710P00305000,MU,2026-07-10,put,305.0,0.0,0.0,4.22,1.0,2.11,,,,,,,,,2026-06-29,1127.42,1146.99,1024.78,1145.0,1.16964e6,1090.767714
2026-06-29T20:31:25.125,14,11,MU260710P00310000,MU,2026-07-10,put,310.0,0.0,0.0,4.5,17.0,2.25,0.02,8.0,,,,,,,2026-06-29,1127.42,1146.99,1024.78,1145.0,1.16964e6,1090.767714
2026-06-29T20:31:25.125,14,11,MU260710P00315000,MU,2026-07-10,put,315.0,0.0,0.0,0.28,1.0,0.14,,,,,,,,,2026-06-29,1127.42,1146.99,1024.78,1145.0,1.16964e6,1090.767714
2026-06-29T20:31:25.125,14,11,MU260710P00320000,MU,2026-07-10,put,320.0,0.0,0.0,4.34,1.0,2.17,,,,,,,,,2026-06-29,1127.42,1146.99,1024.78,1145.0,1.16964e6,1090.767714
2026-06-29T20:31:25.125,14,11,MU260710P00325000,MU,2026-07-10,put,325.0,0.0,0.0,4.28,1.0,2.14,,,,,,,,,2026-06-29,1127.42,1146.99,1024.78,1145.0,1.16964e6,1090.767714
2026-06-29T20:31:25.125,14,11,MU260710P00330000,MU,2026-07-10,put,330.0,0.0,0.0,4.43,1.0,2.215,0.4,3.0,,,,,,,2026-06-29,1127.42,1146.99,1024.78,1145.0,1.16964e6,1090.767714
2026-06-29T20:31:25.125,14,11,MU260710P00335000,MU,2026-07-10,put,335.0,0.0,0.0,4.33,22.0,2.165,0.25,1.0,,,,,,,2026-06-29,1127.42,1146.99,1024.78,1145.0,1.16964e6,1090.767714
2026-06-29T20:31:25.125,14,11,MU260710P00340000,MU,2026-07-10,put,340.0,0.0,0.0,4.32,11.0,2.16,0.33,13.0,,,,,,,2026-06-29,1127.42,1146.99,1024.78,1145.0,1.16964e6,1090.767714
2026-06-29T20:31:25.125,14,11,MU260710P00345000,MU,2026-07-10,put,345.0,0.0,0.0,4.12,11.0,2.06,2.41,5.0,,,,,,,2026-06-29,1127.42,1146.99,1024.78,1145.0,1.16964e6,1090.767714
2026-06-29T20:31:25.125,14,11,MU260710P00350000,MU,2026-07-10,put,350.0,0.03,384.0,0.09,27.0,0.06,0.21,1.0,,,,,,,2026-06-29,1127.42,1146.99,1024.78,1145.0,1.16964e6,1090.767714
2026-06-29T20:31:25.125,14,11,MU260710P00355000,MU,2026-07-10,put,355.0,0.0,0.0,4.019,17.0,2.0095,0.18,1.0,,,,,,,2026-06-29,1127.42,1146.99,1024.78,1145.0,1.16964e6,1090.767714
2026-06-29T20:31:25.125,14,11,MU260710P00360000,MU,2026-07-10,put,360.0,0.0,0.0,3.83,17.0,1.915,,,,,,,,,2026-06-29,1127.42,1146.99,1024.78,1145.0,1.16964e6,1090.767714
2026-06-29T20:31:25.125,14,11,MU260710P00365000,MU,2026-07-10,put,365.0,0.0,0.0,3.77,17.0,1.885,,,,,,,,,2026-06-29,1127.42,1146.99,1024.78,1145.0,1.16964e6,1090.767714
2026-06-29T20:31:25.125,14,11,MU260710P00370000,MU,2026-07-10,put,370.0,0.0,0.0,3.62,17.0,1.81,,,,,,,,,2026-06-29,1127.42,1146.99,1024.78,1145.0,1.16964e6,1090.767714
2026-06-29T20:31:25.125,14,11,MU260710P00375000,MU,2026-07-10,put,375.0,0.0,0.0,3.47,3.0,1.735,0.87,2.0,,,,,,,2026-06-29,1127.42,1146.99,1024.78,1145.0,1.16964e6,1090.767714
2026-06-29T20:31:25.125,14,11,MU260710P00380000,MU,2026-07-10,put,380.0,0.0,0.0,3.38,3.0,1.69,0.19,1.0,,,,,,,2026-06-29,1127.42,1146.99,1024.78,1145.0,1.16964e6,1090.767714
2026-06-29T20:31:25.125,14,11,MU260710P00385000,MU,2026-07-10,put,385.0,0.0,0.0,4.42,1.0,2.21,,,,,,,,,2026-06-29,1127.42,1146.99,1024.78,1145.0,1.16964e6,1090.767714
2026-06-29T20:31:25.125,14,11,MU260710P00390000,MU,2026-07-10,put,390.0,0.0,0.0,3.08,11.0,1.54,0.42,2.0,,,,,,,2026-06-29,1127.42,1146.99,1024.78,1145.0,1.16964e6,1090.767714
2026-06-29T20:31:25.125,14,11,MU260710P00395000,MU,2026-07-10,put,395.0,0.0,0.0,0.28,2.0,0.14,1.85,2.0,,,,,,,2026-06-29,1127.42,1146.99,1024.78,1145.0,1.16964e6,1090.767714
2026-06-29T20:31:25.125,14,11,MU260710P00400000,MU,2026-07-10,put,400.0,0.03,50.0,0.13,5.0,0.08,0.09,2.0,,,,,,,2026-06-29,1127.42,1146.99,1024.78,1145.0,1.16964e6,1090.767714
2026-06-29T20:31:25.125,14,11,MU260710P00405000,MU,2026-07-10,put,405.0,0.0,0.0,2.6,11.0,1.3,0.84,1.0,,,,,,,2026-06-29,1127.42,1146.99,1024.78,1145.0,1.16964e6,1090.767714
2026-06-29T20:31:25.125,14,11,MU260710P00410000,MU,2026-07-10,put,410.0,0.0,0.0,2.67,1.0,1.335,1.8,1.0,,,,,,,2026-06-29,1127.42,1146.99,1024.78,1145.0,1.16964e6,1090.767714
2026-06-29T20:31:25.125,14,11,MU260710P00415000,MU,2026-07-10,put,415.0,0.03,16.0,0.17,1.0,0.1,0.1,1.0,,,,,,,2026-06-29,1127.42,1146.99,1024.78,1145.0,1.16964e6,1090.767714
2026-06-29T20:31:25.125,14,11,MU260710P00420000,MU,2026-07-10,put,420.0,0.01,1.0,1.07,24.0,0.54,0.23,2.0,,,,,,,2026-06-29,1127.42,1146.99,1024.78,1145.0,1.16964e6,1090.767714
2026-06-29T20:31:25.125,14,11,MU260710P00425000,MU,2026-07-10,put,425.0,0.0,0.0,1.88,3.0,0.94,0.65,1.0,,,,,,,2026-06-29,1127.42,1146.99,1024.78,1145.0,1.16964e6,1090.767714
2026-06-29T20:31:25.125,14,11,MU260710P00430000,MU,2026-07-10,put,430.0,0.0,0.0,0.86,3.0,0.43,1.19,1.0,,,,,,,2026-06-29,1127.42,1146.99,1024.78,1145.0,1.16964e6,1090.767714
2026-06-29T20:31:25.125,14,11,MU260710P00435000,MU,2026-07-10,put,435.0,0.0,0.0,1.45,18.0,0.725,1.13,1.0,,,,,,,2026-06-29,1127.42,1146.99,1024.78,1145.0,1.16964e6,1090.767714
2026-06-29T20:31:25.125,14,11,MU260710P00440000,MU,2026-07-10,put,440.0,0.0,0.0,1.35,9.0,0.675,0.4,1.0,,,,,,,2026-06-29,1127.42,1146.99,1024.78,1145.0,1.16964e6,1090.767714
2026-06-29T20:31:25.125,14,11,MU260710P00445000,MU,2026-07-10,put,445.0,0.0,0.0,1.4,18.0,0.7,1.57,1.0,,,,,,,2026-06-29,1127.42,1146.99,1024.78,1145.0,1.16964e6,1090.767714
2026-06-29T20:31:25.125,14,11,MU260710P00450000,MU,2026-07-10,put,450.0,0.13,2.0,0.3,7.0,0.215,0.22,10.0,,,,,,,2026-06-29,1127.42,1146.99,1024.78,1145.0,1.16964e6,1090.767714
2026-06-29T20:31:25.125,14,11,MU260710P00455000,MU,2026-07-10,put,455.0,0.0,0.0,1.37,18.0,0.685,1.89,1.0,,,,,,,2026-06-29,1127.42,1146.99,1024.78,1145.0,1.16964e6,1090.767714
2026-06-29T20:31:25.125,14,11,MU260710P00460000,MU,2026-07-10,put,460.0,0.03,1.0,1.4,5.0,0.715,0.03,1.0,,,,,,,2026-06-29,1127.42,1146.99,1024.78,1145.0,1.16964e6,1090.767714
2026-06-29T20:31:25.125,14,11,MU260710P00465000,MU,2026-07-10,put,465.0,0.0,0.0,1.4,10.0,0.7,1.2,1.0,,,,,,,2026-06-29,1127.42,1146.99,1024.78,1145.0,1.16964e6,1090.767714
2026-06-29T20:31:25.125,14,11,MU260710P00470000,MU,2026-07-10,put,470.0,0.0,0.0,1.41,2.0,0.705,2.13,1.0,,,,,,,2026-06-29,1127.42,1146.99,1024.78,1145.0,1.16964e6,1090.767714
2026-06-29T20:31:25.125,14,11,MU260710P00475000,MU,2026-07-10,put,475.0,0.22,1.0,0.62,19.0,0.42,0.28,1.0,,,,,,,2026-06-29,1127.42,1146.99,1024.78,1145.0,1.16964e6,1090.767714
2026-06-29T20:31:25.125,14,11,MU260710P00480000,MU,2026-07-10,put,480.0,0.0,0.0,1.45,18.0,0.725,1.15,10.0,,,,,,,2026-06-29,1127.42,1146.99,1024.78,1145.0,1.16964e6,1090.767714
2026-06-29T20:31:25.125,14,11,MU260710P00485000,MU,2026-07-10,put,485.0,0.0,0.0,1.47,1.0,0.735,0.4,1.0,,,,,,,2026-06-29,1127.42,1146.99,1024.78,1145.0,1.16964e6,1090.767714
2026-06-29T20:31:25.125,14,11,MU260710P00490000,MU,2026-07-10,put,490.0,0.0,0.0,1.4,1.0,0.7,0.5,1.0,,,,,,,2026-06-29,1127.42,1146.99,1024.78,1145.0,1.16964e6,1090.767714
2026-06-29T20:31:25.125,14,11,MU260710P00495000,MU,2026-07-10,put,495.0,0.28,7.0,0.5,2.0,0.39,0.54,1.0,,,,,,,2026-06-29,1127.42,1146.99,1024.78,1145.0,1.16964e6,1090.767714
2026-06-29T20:31:25.125,14,11,MU260710P00500000,MU,2026-07-10,put,500.0,0.18,33.0,0.47,2.0,0.32499999999999996,0.4,1.0,,,,,,,2026-06-29,1127.42,1146.99,1024.78,1145.0,1.16964e6,1090.767714
2026-06-29T20:31:25.125,14,11,MU260710P00505000,MU,2026-07-10,put,505.0,0.0,0.0,1.57,18.0,0.785,0.43,1.0,,,,,,,2026-06-29,1127.42,1146.99,1024.78,1145.0,1.16964e6,1090.767714
2026-06-29T20:31:25.125,14,11,MU260710P00510000,MU,2026-07-10,put,510.0,0.27,1.0,1.03,11.0,0.65,0.57,2.0,,,,,,,2026-06-29,1127.42,1146.99,1024.78,1145.0,1.16964e6,1090.767714
2026-06-29T20:31:25.125,14,11,MU260710P00515000,MU,2026-07-10,put,515.0,0.03,6.0,1.53,7.0,0.78,0.45,1.0,,,,,,,2026-06-29,1127.42,1146.99,1024.78,1145.0,1.16964e6,1090.767714
2026-06-29T20:31:25.125,14,11,MU260710P00520000,MU,2026-07-10,put,520.0,0.0,0.0,1.12,6.0,0.56,1.0,1.0,,,,,,,2026-06-29,1127.42,1146.99,1024.78,1145.0,1.16964e6,1090.767714
2026-06-29T20:31:25.125,14,11,MU260710P00525000,MU,2026-07-10,put,525.0,0.0,0.0,1.43,10.0,0.715,0.48,1.0,,,,,,,2026-06-29,1127.42,1146.99,1024.78,1145.0,1.16964e6,1090.767714
2026-06-29T20:31:25.125,14,11,MU260710P00530000,MU,2026-07-10,put,530.0,0.0,0.0,1.7,18.0,0.85,1.25,1.0,,,,,,,2026-06-29,1127.42,1146.99,1024.78,1145.0,1.16964e6,1090.767714
2026-06-29T20:31:25.125,14,11,MU260710P00535000,MU,2026-07-10,put,535.0,0.48,1.0,1.53,2.0,1.005,0.55,40.0,,,,,,,2026-06-29,1127.42,1146.99,1024.78,1145.0,1.16964e6,1090.767714
2026-06-29T20:31:25.125,14,11,MU260710P00540000,MU,2026-07-10,put,540.0,0.22,1.0,1.07,5.0,0.645,0.63,1.0,,,,,,,2026-06-29,1127.42,1146.99,1024.78,1145.0,1.16964e6,1090.767714
2026-06-29T20:31:25.125,14,11,MU260710P00545000,MU,2026-07-10,put,545.0,0.01,2.0,1.71,1.0,0.86,2.0,1.0,,,,,,,2026-06-29,1127.42,1146.99,1024.78,1145.0,1.16964e6,1090.767714
2026-06-29T20:31:25.125,14,11,MU260710P00550000,MU,2026-07-10,put,550.0,0.24,68.0,0.83,21.0,0.5349999999999999,0.66,5.0,,,,,,,2026-06-29,1127.42,1146.99,1024.78,1145.0,1.16964e6,1090.767714
2026-06-29T20:31:25.125,14,11,MU260710P00555000,MU,2026-07-10,put,555.0,0.0,0.0,1.78,18.0,0.89,1.16,1.0,,,,,,,2026-06-29,1127.42,1146.99,1024.78,1145.0,1.16964e6,1090.767714
2026-06-29T20:31:25.125,14,11,MU260710P00560000,MU,2026-07-10,put,560.0,0.43,7.0,1.78,21.0,1.105,0.84,1.0,,,,,,,2026-06-29,1127.42,1146.99,1024.78,1145.0,1.16964e6,1090.767714
2026-06-29T20:31:25.125,14,11,MU260710P00565000,MU,2026-07-10,put,565.0,0.0,0.0,1.08,1.0,0.54,0.86,1.0,,,,,,,2026-06-29,1127.42,1146.99,1024.78,1145.0,1.16964e6,1090.767714
2026-06-29T20:31:25.125,14,11,MU260710P00570000,MU,2026-07-10,put,570.0,0.0,0.0,1.71,3.0,0.855,0.95,1.0,,,,,,,2026-06-29,1127.42,1146.99,1024.78,1145.0,1.16964e6,1090.767714
2026-06-29T20:31:25.125,14,11,MU260710P00575000,MU,2026-07-10,put,575.0,0.12,1.0,1.76,1.0,0.94,0.9,1.0,,,,,,,2026-06-29,1127.42,1146.99,1024.78,1145.0,1.16964e6,1090.767714
2026-06-29T20:31:25.125,14,11,MU260710P00580000,MU,2026-07-10,put,580.0,0.03,12.0,0.98,1.0,0.505,0.9,1.0,,,,,,,2026-06-29,1127.42,1146.99,1024.78,1145.0,1.16964e6,1090.767714
2026-06-29T20:31:25.125,14,11,MU260710P00585000,MU,2026-07-10,put,585.0,0.27,14.0,2.04,21.0,1.155,0.95,1.0,,,,,,,2026-06-29,1127.42,1146.99,1024.78,1145.0,1.16964e6,1090.767714
2026-06-29T20:31:25.125,14,11,MU260710P00590000,MU,2026-07-10,put,590.0,0.09,48.0,1.27,7.0,0.68,1.11,1.0,,,,,,,2026-06-29,1127.42,1146.99,1024.78,1145.0,1.16964e6,1090.767714
2026-06-29T20:31:25.125,14,11,MU260710P00595000,MU,2026-07-10,put,595.0,0.09,36.0,2.06,20.0,1.075,1.07,1.0,,,,,,,2026-06-29,1127.42,1146.99,1024.78,1145.0,1.16964e6,1090.767714
2026-06-29T20:31:25.125,14,11,MU260710P00600000,MU,2026-07-10,put,600.0,0.69,31.0,1.16,10.0,0.9249999999999999,0.98,1.0,,,,,,,2026-06-29,1127.42,1146.99,1024.78,1145.0,1.16964e6,1090.767714
2026-06-29T20:31:25.125,14,11,MU260710P00605000,MU,2026-07-10,put,605.0,0.93,1.0,2.09,10.0,1.51,1.14,20.0,,,,,,,2026-06-29,1127.42,1146.99,1024.78,1145.0,1.16964e6,1090.767714
2026-06-29T20:31:25.125,14,11,MU260710P00610000,MU,2026-07-10,put,610.0,0.21,54.0,1.43,14.0,0.82,1.2,1.0,,,,,,,2026-06-29,1127.42,1146.99,1024.78,1145.0,1.16964e6,1090.767714
2026-06-29T20:31:25.125,14,11,MU260710P00615000,MU,2026-07-10,put,615.0,0.65,8.0,1.42,1.0,1.035,1.53,1.0,,,,,,,2026-06-29,1127.42,1146.99,1024.78,1145.0,1.16964e6,1090.767714
2026-06-29T20:31:25.125,14,11,MU260710P00620000,MU,2026-07-10,put,620.0,0.89,14.0,1.79,15.0,1.34,1.31,1.0,,,,,,,2026-06-29,1127.42,1146.99,1024.78,1145.0,1.16964e6,1090.767714
2026-06-29T20:31:25.125,14,11,MU260710P00625000,MU,2026-07-10,put,625.0,0.6,19.0,1.38,2.0,0.99,1.2,1.0,,,,,,,2026-06-29,1127.42,1146.99,1024.78,1145.0,1.16964e6,1090.767714
2026-06-29T20:31:25.125,14,11,MU260710P00630000,MU,2026-07-10,put,630.0,1.02,17.0,1.58,19.0,1.3,1.26,15.0,,,,,,,2026-06-29,1127.42,1146.99,1024.78,1145.0,1.16964e6,1090.767714
2026-06-29T20:31:25.125,14,11,MU260710P00635000,MU,2026-07-10,put,635.0,0.8,42.0,1.98,8.0,1.3900000000000001,1.96,3.0,,,,,,,2026-06-29,1127.42,1146.99,1024.78,1145.0,1.16964e6,1090.767714
2026-06-29T20:31:25.125,14,11,MU260710P00640000,MU,2026-07-10,put,640.0,0.91,28.0,2.37,31.0,1.6400000000000001,1.54,1.0,,,,,,,2026-06-29,1127.42,1146.99,1024.78,1145.0,1.16964e6,1090.767714
2026-06-29T20:31:25.125,14,11,MU260710P00645000,MU,2026-07-10,put,645.0,1.48,1.0,2.43,22.0,1.955,1.52,1.0,,,,,,,2026-06-29,1127.42,1146.99,1024.78,1145.0,1.16964e6,1090.767714
2026-06-29T20:31:25.125,14,11,MU260710P00650000,MU,2026-07-10,put,650.0,1.52,1.0,2.04,23.0,1.78,1.55,1.0,,,,,,,2026-06-29,1127.42,1146.99,1024.78,1145.0,1.16964e6,1090.767714
2026-06-29T20:31:25.125,14,11,MU260710P00655000,MU,2026-07-10,put,655.0,0.84,52.0,2.52,2.0,1.68,1.91,5.0,,,,,,,2026-06-29,1127.42,1146.99,1024.78,1145.0,1.16964e6,1090.767714
2026-06-29T20:31:25.125,14,11,MU260710P00660000,MU,2026-07-10,put,660.0,1.24,74.0,1.87,18.0,1.5550000000000002,1.8,2.0,,,,,,,2026-06-29,1127.42,1146.99,1024.78,1145.0,1.16964e6,1090.767714
2026-06-29T20:31:25.125,14,11,MU260710P00665000,MU,2026-07-10,put,665.0,1.02,32.0,2.19,22.0,1.605,2.11,1.0,,,,,,,2026-06-29,1127.42,1146.99,1024.78,1145.0,1.16964e6,1090.767714
2026-06-29T20:31:25.125,14,11,MU260710P00670000,MU,2026-07-10,put,670.0,0.96,18.0,1.95,2.0,1.455,1.46,1.0,,,,,,,2026-06-29,1127.42,1146.99,1024.78,1145.0,1.16964e6,1090.767714
2026-06-29T20:31:25.125,14,11,MU260710P00675000,MU,2026-07-10,put,675.0,0.93,55.0,2.14,9.0,1.5350000000000001,1.93,2.0,,,,,,,2026-06-29,1127.42,1146.99,1024.78,1145.0,1.16964e6,1090.767714
2026-06-29T20:31:25.125,14,11,MU260710P00680000,MU,2026-07-10,put,680.0,1.46,56.0,2.51,49.0,1.9849999999999999,2.2,1.0,,,,,,,2026-06-29,1127.42,1146.99,1024.78,1145.0,1.16964e6,1090.767714
2026-06-29T20:31:25.125,14,11,MU260710P00685000,MU,2026-07-10,put,685.0,1.25,36.0,2.92,22.0,2.085,2.34,1.0,,,,,,,2026-06-29,1127.42,1146.99,1024.78,1145.0,1.16964e6,1090.767714
2026-06-29T20:31:25.125,14,11,MU260710P00690000,MU,2026-07-10,put,690.0,1.29,43.0,2.63,12.0,1.96,2.31,1.0,,,,,,,2026-06-29,1127.42,1146.99,1024.78,1145.0,1.16964e6,1090.767714
2026-06-29T20:31:25.125,14,11,MU260710P00695000,MU,2026-07-10,put,695.0,1.68,25.0,2.37,7.0,2.025,2.25,1.0,,,,,,,2026-06-29,1127.42,1146.99,1024.78,1145.0,1.16964e6,1090.767714
2026-06-29T20:31:25.125,14,11,MU260710P00700000,MU,2026-07-10,put,700.0,1.98,13.0,2.35,7.0,2.165,2.25,2.0,,,,,,,2026-06-29,1127.42,1146.99,1024.78,1145.0,1.16964e6,1090.767714
2026-06-29T20:31:25.125,14,11,MU260710P00705000,MU,2026-07-10,put,705.0,1.37,29.0,3.35,15.0,2.3600000000000003,2.45,1.0,,,,,,,2026-06-29,1127.42,1146.99,1024.78,1145.0,1.16964e6,1090.767714
2026-06-29T20:31:25.125,14,11,MU260710P00707500,MU,2026-07-10,put,707.5,1.6,21.0,3.4,19.0,2.5,3.15,1.0,,,,,,,2026-06-29,1127.42,1146.99,1024.78,1145.0,1.16964e6,1090.767714
2026-06-29T20:31:25.125,14,11,MU260710P00710000,MU,2026-07-10,put,710.0,1.4,55.0,3.53,53.0,2.465,2.45,20.0,,,,,,,2026-06-29,1127.42,1146.99,1024.78,1145.0,1.16964e6,1090.767714
2026-06-29T20:31:25.125,14,11,MU260710P00712500,MU,2026-07-10,put,712.5,1.44,44.0,3.7,22.0,2.5700000000000003,2.98,1.0,,,,,,,2026-06-29,1127.42,1146.99,1024.78,1145.0,1.16964e6,1090.767714
2026-06-29T20:31:25.125,14,11,MU260710P00715000,MU,2026-07-10,put,715.0,2.38,1.0,3.14,15.0,2.76,2.9,2.0,,,,,,,2026-06-29,1127.42,1146.99,1024.78,1145.0,1.16964e6,1090.767714
2026-06-29T20:31:25.125,14,11,MU260710P00717500,MU,2026-07-10,put,717.5,1.57,54.0,3.67,14.0,2.62,2.96,1.0,,,,,,,2026-06-29,1127.42,1146.99,1024.78,1145.0,1.16964e6,1090.767714
2026-06-29T20:31:25.125,14,11,MU260710P00720000,MU,2026-07-10,put,720.0,1.56,37.0,3.04,4.0,2.3,2.9,1.0,,,,,,,2026-06-29,1127.42,1146.99,1024.78,1145.0,1.16964e6,1090.767714
2026-06-29T20:31:25.125,14,11,MU260710P00722500,MU,2026-07-10,put,722.5,2.09,22.0,3.65,12.0,2.87,3.13,1.0,,,,,,,2026-06-29,1127.42,1146.99,1024.78,1145.0,1.16964e6,1090.767714
2026-06-29T20:31:25.125,14,11,MU260710P00725000,MU,2026-07-10,put,725.0,1.59,8.0,2.79,6.0,2.19,3.09,1.0,,,,,,,2026-06-29,1127.42,1146.99,1024.78,1145.0,1.16964e6,1090.767714
2026-06-29T20:31:25.125,14,11,MU260710P00727500,MU,2026-07-10,put,727.5,1.69,35.0,3.97,4.0,2.83,4.0,1.0,,,,,,,2026-06-29,1127.42,1146.99,1024.78,1145.0,1.16964e6,1090.767714
2026-06-29T20:31:25.125,14,11,MU260710P00730000,MU,2026-07-10,put,730.0,1.99,59.0,3.39,15.0,2.69,2.69,1.0,,,,,,,2026-06-29,1127.42,1146.99,1024.78,1145.0,1.16964e6,1090.767714
2026-06-29T20:31:25.125,14,11,MU260710P00732500,MU,2026-07-10,put,732.5,1.72,20.0,3.98,22.0,2.85,3.0,26.0,,,,,,,2026-06-29,1127.42,1146.99,1024.78,1145.0,1.16964e6,1090.767714
2026-06-29T20:31:25.125,14,11,MU260710P00735000,MU,2026-07-10,put,735.0,2.18,19.0,3.41,9.0,2.795,3.09,1.0,,,,,,,2026-06-29,1127.42,1146.99,1024.78,1145.0,1.16964e6,1090.767714
2026-06-29T20:31:25.125,14,11,MU260710P00737500,MU,2026-07-10,put,737.5,1.88,13.0,4.1,2.0,2.9899999999999998,3.98,1.0,,,,,,,2026-06-29,1127.42,1146.99,1024.78,1145.0,1.16964e6,1090.767714
2026-06-29T20:31:25.125,14,11,MU260710P00740000,MU,2026-07-10,put,740.0,1.91,37.0,4.22,4.0,3.065,3.2,1.0,,,,,,,2026-06-29,1127.42,1146.99,1024.78,1145.0,1.16964e6,1090.767714
2026-06-29T20:31:25.125,14,11,MU260710P00742500,MU,2026-07-10,put,742.5,2.46,15.0,4.18,48.0,3.32,4.65,1.0,,,,,,,2026-06-29,1127.42,1146.99,1024.78,1145.0,1.16964e6,1090.767714
2026-06-29T20:31:25.125,14,11,MU260710P00745000,MU,2026-07-10,put,745.0,2.19,20.0,4.32,10.0,3.255,5.14,1.0,,,,,,,2026-06-29,1127.42,1146.99,1024.78,1145.0,1.16964e6,1090.767714
2026-06-29T20:31:25.125,14,11,MU260710P00747500,MU,2026-07-10,put,747.5,2.47,22.0,4.38,10.0,3.425,3.3,2.0,,,,,,,2026-06-29,1127.42,1146.99,1024.78,1145.0,1.16964e6,1090.767714
2026-06-29T20:31:25.125,14,11,MU260710P00750000,MU,2026-07-10,put,750.0,2.95,5.0,4.23,43.0,3.5900000000000003,3.25,1.0,,,,,,,2026-06-29,1127.42,1146.99,1024.78,1145.0,1.16964e6,1090.767714
2026-06-29T20:31:25.125,14,11,MU260710P00755000,MU,2026-07-10,put,755.0,2.21,31.0,4.57,10.0,3.39,3.55,6.0,,,,,,,2026-06-29,1127.42,1146.99,1024.78,1145.0,1.16964e6,1090.767714
2026-06-29T20:31:25.125,14,11,MU260710P00760000,MU,2026-07-10,put,760.0,2.34,29.0,4.75,12.0,3.545,3.81,1.0,,,,,,,2026-06-29,1127.42,1146.99,1024.78,1145.0,1.16964e6,1090.767714
2026-06-29T20:31:25.125,14,11,MU260710P00765000,MU,2026-07-10,put,765.0,3.22,16.0,4.27,42.0,3.745,4.0,2.0,,,,,,,2026-06-29,1127.42,1146.99,1024.78,1145.0,1.16964e6,1090.767714
2026-06-29T20:31:25.125,14,11,MU260710P00770000,MU,2026-07-10,put,770.0,2.66,48.0,4.28,12.0,3.47,3.59,1.0,,,,,,,2026-06-29,1127.42,1146.99,1024.78,1145.0,1.16964e6,1090.767714
2026-06-29T20:31:25.125,14,11,MU260710P00775000,MU,2026-07-10,put,775.0,3.23,15.0,4.88,11.0,4.055,4.15,4.0,,,,,,,2026-06-29,1127.42,1146.99,1024.78,1145.0,1.16964e6,1090.767714
2026-06-29T20:31:25.125,14,11,MU260710P00780000,MU,2026-07-10,put,780.0,3.0,51.0,4.34,36.0,3.67,4.2,1.0,,,,,,,2026-06-29,1127.42,1146.99,1024.78,1145.0,1.16964e6,1090.767714
2026-06-29T20:31:25.125,14,11,MU260710P00785000,MU,2026-07-10,put,785.0,2.92,29.0,4.93,9.0,3.925,4.85,1.0,,,,,,,2026-06-29,1127.42,1146.99,1024.78,1145.0,1.16964e6,1090.767714
2026-06-29T20:31:25.125,14,11,MU260710P00790000,MU,2026-07-10,put,790.0,3.77,2.0,4.46,12.0,4.115,4.3,1.0,,,,,,,2026-06-29,1127.42,1146.99,1024.78,1145.0,1.16964e6,1090.767714
2026-06-29T20:31:25.125,14,11,MU260710P00795000,MU,2026-07-10,put,795.0,3.85,18.0,5.05,18.0,4.45,4.69,1.0,,,,,,,2026-06-29,1127.42,1146.99,1024.78,1145.0,1.16964e6,1090.767714
2026-06-29T20:31:25.125,14,11,MU260710P00800000,MU,2026-07-10,put,800.0,4.59,1.0,4.77,9.0,4.68,4.59,1.0,,,,,,,2026-06-29,1127.42,1146.99,1024.78,1145.0,1.16964e6,1090.767714
2026-06-29T20:31:25.125,14,11,MU260710P00805000,MU,2026-07-10,put,805.0,4.25,15.0,5.29,9.0,4.77,5.34,1.0,,,,,,,2026-06-29,1127.42,1146.99,1024.78,1145.0,1.16964e6,1090.767714
2026-06-29T20:31:25.125,14,11,MU260710P00810000,MU,2026-07-10,put,810.0,3.73,37.0,5.37,12.0,4.55,5.15,1.0,,,,,,,2026-06-29,1127.42,1146.99,1024.78,1145.0,1.16964e6,1090.767714
2026-06-29T20:31:25.125,14,11,MU260710P00815000,MU,2026-07-10,put,815.0,3.85,43.0,5.9,29.0,4.875,5.2,1.0,,,,,,,2026-06-29,1127.42,1146.99,1024.78,1145.0,1.16964e6,1090.767714
2026-06-29T20:31:25.125,14,11,MU260710P00820000,MU,2026-07-10,put,820.0,4.2,51.0,5.97,28.0,5.085,5.65,1.0,,,,,,,2026-06-29,1127.42,1146.99,1024.78,1145.0,1.16964e6,1090.767714
2026-06-29T20:31:25.125,14,11,MU260710P00825000,MU,2026-07-10,put,825.0,4.93,14.0,6.01,23.0,5.47,6.0,1.0,,,,,,,2026-06-29,1127.42,1146.99,1024.78,1145.0,1.16964e6,1090.767714
2026-06-29T20:31:25.125,14,11,MU260710P00830000,MU,2026-07-10,put,830.0,5.23,10.0,6.12,21.0,5.675000000000001,5.7,1.0,,,,,,,2026-06-29,1127.42,1146.99,1024.78,1145.0,1.16964e6,1090.767714
2026-06-29T20:31:25.125,14,11,MU260710P00835000,MU,2026-07-10,put,835.0,5.32,23.0,7.28,25.0,6.300000000000001,6.7,1.0,,,,,,,2026-06-29,1127.42,1146.99,1024.78,1145.0,1.16964e6,1090.767714
2026-06-29T20:31:25.125,14,11,MU260710P00840000,MU,2026-07-10,put,840.0,5.42,30.0,6.49,26.0,5.955,6.2,1.0,,,,,,,2026-06-29,1127.42,1146.99,1024.78,1145.0,1.16964e6,1090.767714
2026-06-29T20:31:25.125,14,11,MU260710P00845000,MU,2026-07-10,put,845.0,5.6,20.0,7.36,27.0,6.48,6.84,1.0,,,,,,,2026-06-29,1127.42,1146.99,1024.78,1145.0,1.16964e6,1090.767714
2026-06-29T20:31:25.125,14,11,MU260710P00850000,MU,2026-07-10,put,850.0,6.04,36.0,7.33,38.0,6.6850000000000005,6.65,2.0,,,,,,,2026-06-29,1127.42,1146.99,1024.78,1145.0,1.16964e6,1090.767714
2026-06-29T20:31:25.125,14,11,MU260710P00855000,MU,2026-07-10,put,855.0,5.7,19.0,7.62,18.0,6.66,7.25,10.0,,,,,,,2026-06-29,1127.42,1146.99,1024.78,1145.0,1.16964e6,1090.767714
2026-06-29T20:31:25.125,14,11,MU260710P00860000,MU,2026-07-10,put,860.0,6.63,30.0,7.73,33.0,7.18,7.54,10.0,,,,,,,2026-06-29,1127.42,1146.99,1024.78,1145.0,1.16964e6,1090.767714
2026-06-29T20:31:25.125,14,11,MU260710P00865000,MU,2026-07-10,put,865.0,6.63,73.0,7.8,18.0,7.215,7.82,8.0,1.1392,-0.0673,0.0006,-1.3258,0.2576,-0.0253,2026-06-29,1127.42,1146.99,1024.78,1145.0,1.16964e6,1090.767714
2026-06-29T20:31:25.125,14,11,MU260710P00870000,MU,2026-07-10,put,870.0,7.26,1.0,8.18,10.0,7.72,8.12,2.0,1.1395,-0.0712,0.0006,-1.3851,0.2691,-0.0268,2026-06-29,1127.42,1146.99,1024.78,1145.0,1.16964e6,1090.767714
2026-06-29T20:31:25.125,14,11,MU260710P00875000,MU,2026-07-10,put,875.0,7.27,14.0,8.71,43.0,7.99,7.97,5.0,1.1304,-0.0739,0.0006,-1.4124,0.2767,-0.0278,2026-06-29,1127.42,1146.99,1024.78,1145.0,1.16964e6,1090.767714
2026-06-29T20:31:25.125,14,11,MU260710P00880000,MU,2026-07-10,put,880.0,7.48,23.0,8.63,28.0,8.055,8.44,2.0,,,,,,,2026-06-29,1127.42,1146.99,1024.78,1145.0,1.16964e6,1090.767714
2026-06-29T20:31:25.125,14,11,MU260710P00885000,MU,2026-07-10,put,885.0,7.77,8.0,9.33,62.0,8.55,9.33,1.0,,,,,,,2026-06-29,1127.42,1146.99,1024.78,1145.0,1.16964e6,1090.767714
2026-06-29T20:31:25.125,14,11,MU260710P00890000,MU,2026-07-10,put,890.0,7.76,17.0,9.36,3.0,8.559999999999999,9.36,9.0,1.0932,-0.0806,0.0007,-1.4596,0.2958,-0.0303,2026-06-29,1127.42,1146.99,1024.78,1145.0,1.16964e6,1090.767714
2026-06-29T20:31:25.125,14,11,MU260710P00895000,MU,2026-07-10,put,895.0,8.39,13.0,10.03,38.0,9.21,9.93,1.0,1.0955,-0.0855,0.0007,-1.5289,0.3092,-0.0321,2026-06-29,1127.42,1146.99,1024.78,1145.0,1.16964e6,1090.767714
2026-06-29T20:31:25.125,14,11,MU260710P00900000,MU,2026-07-10,put,900.0,9.33,11.0,10.54,61.0,9.934999999999999,9.92,1.0,1.099,-0.0908,0.0008,-1.6037,0.3233,-0.0342,2026-06-29,1127.42,1146.99,1024.78,1145.0,1.16964e6,1090.767714
2026-06-29T20:31:25.125,14,11,MU260710P00905000,MU,2026-07-10,put,905.0,9.06,17.0,10.72,39.0,9.89,10.05,1.0,1.0782,-0.092,0.0008,-1.5888,0.3265,-0.0346,2026-06-29,1127.42,1146.99,1024.78,1145.0,1.16964e6,1090.767714
2026-06-29T20:31:25.125,14,11,MU260710P00910000,MU,2026-07-10,put,910.0,9.53,15.0,11.42,49.0,10.475,10.81,22.0,1.0763,-0.0967,0.0008,-1.6441,0.3385,-0.0363,2026-06-29,1127.42,1146.99,1024.78,1145.0,1.16964e6,1090.767714
2026-06-29T20:31:25.125,14,11,MU260710P00915000,MU,2026-07-10,put,915.0,9.85,17.0,11.57,20.0,10.71,11.88,2.0,1.0636,-0.0995,0.0008,-1.6591,0.3457,-0.0374,2026-06-29,1127.42,1146.99,1024.78,1145.0,1.16964e6,1090.767714
2026-06-29T20:31:25.125,14,11,MU260710P00920000,MU,2026-07-10,put,920.0,10.68,20.0,12.75,42.0,11.715,11.85,1.0,1.0722,-0.1063,0.0009,-1.755,0.3628,-0.04,2026-06-29,1127.42,1146.99,1024.78,1145.0,1.16964e6,1090.767714
2026-06-29T20:31:25.125,14,11,MU260710P00925000,MU,2026-07-10,put,925.0,11.22,67.0,13.02,34.0,12.120000000000001,12.39,22.0,1.0633,-0.1101,0.0009,-1.7848,0.3721,-0.0415,2026-06-29,1127.42,1146.99,1024.78,1145.0,1.16964e6,1090.767714
2026-06-29T20:31:25.125,14,11,MU260710P00930000,MU,2026-07-10,put,930.0,11.2,14.0,13.56,15.0,12.379999999999999,13.56,1.0,1.0502,-0.1133,0.0009,-1.7985,0.3797,-0.0426,2026-06-29,1127.42,1146.99,1024.78,1145.0,1.16964e6,1090.767714
2026-06-29T20:31:25.125,14,11,MU260710P00935000,MU,2026-07-10,put,935.0,12.08,6.0,13.91,12.0,12.995000000000001,14.36,1.0,1.0461,-0.1182,0.001,-1.8466,0.3914,-0.0445,2026-06-29,1127.42,1146.99,1024.78,1145.0,1.16964e6,1090.767714
2026-06-29T20:31:25.125,14,11,MU260710P00940000,MU,2026-07-10,put,940.0,12.09,12.0,14.43,23.0,13.26,14.43,1.0,1.0326,-0.1216,0.001,-1.8585,0.3992,-0.0457,2026-06-29,1127.42,1146.99,1024.78,1145.0,1.16964e6,1090.767714
2026-06-29T20:31:25.125,14,11,MU260710P00945000,MU,2026-07-10,put,945.0,13.65,13.0,15.36,42.0,14.504999999999999,15.36,1.0,1.0427,-0.1296,0.001,-1.9621,0.4174,-0.0489,2026-06-29,1127.42,1146.99,1024.78,1145.0,1.16964e6,1090.767714
2026-06-29T20:31:25.125,14,11,MU260710P00950000,MU,2026-07-10,put,950.0,13.43,62.0,15.65,51.0,14.54,15.0,6.0,1.023,-0.132,0.0011,-1.9495,0.4228,-0.0497,2026-06-29,1127.42,1146.99,1024.78,1145.0,1.16964e6,1090.767714
2026-06-29T20:31:25.125,14,11,MU260710P00955000,MU,2026-07-10,put,955.0,14.84,18.0,16.62,24.0,15.73,16.62,1.0,1.0299,-0.1398,0.0011,-2.0409,0.4397,-0.0527,2026-06-29,1127.42,1146.99,1024.78,1145.0,1.16964e6,1090.767714
2026-06-29T20:31:25.125,14,11,MU260710P00960000,MU,2026-07-10,put,960.0,15.1,15.0,17.21,12.0,16.155,17.21,22.0,1.0186,-0.1442,0.0011,-2.0607,0.449,-0.0544,2026-06-29,1127.42,1146.99,1024.78,1145.0,1.16964e6,1090.767714
2026-06-29T20:31:25.125,14,11,MU260710P00965000,MU,2026-07-10,put,965.0,15.83,22.0,17.91,14.0,16.87,19.12,1.0,1.0133,-0.1499,0.0012,-2.104,0.4609,-0.0565,2026-06-29,1127.42,1146.99,1024.78,1145.0,1.16964e6,1090.767714
2026-06-29T20:31:25.125,14,11,MU260710P00970000,MU,2026-07-10,put,970.0,16.75,1.0,19.19,20.0,17.97,19.19,22.0,1.0155,-0.1573,0.0012,-2.1767,0.4758,-0.0594,2026-06-29,1127.42,1146.99,1024.78,1145.0,1.16964e6,1090.767714
2026-06-29T20:31:25.125,14,11,MU260710P00975000,MU,2026-07-10,put,975.0,16.92,20.0,20.01,11.0,18.465000000000003,19.64,5.0,1.0044,-0.1622,0.0012,-2.1964,0.4855,-0.0613,2026-06-29,1127.42,1146.99,1024.78,1145.0,1.16964e6,1090.767714
2026-06-29T20:31:25.125,14,11,MU260710P00980000,MU,2026-07-10,put,980.0,18.45,13.0,20.68,17.0,19.564999999999998,20.36,5.0,1.0052,-0.1697,0.0013,-2.2623,0.4998,-0.0641,2026-06-29,1127.42,1146.99,1024.78,1145.0,1.16964e6,1090.767714
2026-06-29T20:31:25.125,14,11,MU260710P00985000,MU,2026-07-10,put,985.0,19.03,41.0,21.58,15.0,20.305,21.58,1.0,0.998,-0.1758,0.0013,-2.2967,0.5111,-0.0665,2026-06-29,1127.42,1146.99,1024.78,1145.0,1.16964e6,1090.767714
2026-06-29T20:31:25.125,14,11,MU260710P00990000,MU,2026-07-10,put,990.0,19.66,12.0,22.04,11.0,20.85,23.82,25.0,0.9866,-0.1812,0.0014,-2.3138,0.521,-0.0685,2026-06-29,1127.42,1146.99,1024.78,1145.0,1.16964e6,1090.767714
2026-06-29T20:31:25.125,14,11,MU260710P00995000,MU,2026-07-10,put,995.0,20.38,17.0,23.3,31.0,21.84,23.3,1.0,0.9832,-0.1884,0.0014,-2.362,0.5338,-0.0712,2026-06-29,1127.42,1146.99,1024.78,1145.0,1.16964e6,1090.767714
2026-06-29T20:31:25.125,14,11,MU260710P01000000,MU,2026-07-10,put,1000.0,22.42,44.0,24.56,48.0,23.490000000000002,22.42,1.0,0.9912,-0.1979,0.0014,-2.454,0.5501,-0.075,2026-06-29,1127.42,1146.99,1024.78,1145.0,1.16964e6,1090.767714
2026-06-29T20:31:25.125,14,11,MU260710P01002500,MU,2026-07-10,put,1002.5,21.93,16.0,24.55,14.0,23.240000000000002,24.55,1.0,0.9754,-0.199,0.0014,-2.422,0.5519,-0.0753,2026-06-29,1127.42,1146.99,1024.78,1145.0,1.16964e6,1090.767714
2026-06-29T20:31:25.125,14,11,MU260710P01005000,MU,2026-07-10,put,1005.0,22.48,13.0,26.36,39.0,24.42,25.55,1.0,0.9852,-0.205,0.0015,-2.4902,0.5618,-0.0777,2026-06-29,1127.42,1146.99,1024.78,1145.0,1.16964e6,1090.767714
2026-06-29T20:31:25.125,14,11,MU260710P01007500,MU,2026-07-10,put,1007.5,24.02,2.0,26.13,11.0,25.075,26.53,10.0,0.9853,-0.2092,0.0015,-2.5202,0.5685,-0.0794,2026-06-29,1127.42,1146.99,1024.78,1145.0,1.16964e6,1090.767714
2026-06-29T20:31:25.125,14,11,MU260710P01010000,MU,2026-07-10,put,1010.0,23.56,36.0,27.37,37.0,25.465,26.2,2.0,0.9806,-0.2125,0.0015,-2.5312,0.5738,-0.0806,2026-06-29,1127.42,1146.99,1024.78,1145.0,1.16964e6,1090.767714
2026-06-29T20:31:25.125,14,11,MU260710P01012500,MU,2026-07-10,put,1012.5,25.13,19.0,28.9,10.0,27.015,33.19,2.0,0.9958,-0.2195,0.0015,-2.6189,0.5847,-0.0835,2026-06-29,1127.42,1146.99,1024.78,1145.0,1.16964e6,1090.767714
2026-06-29T20:31:25.125,14,11,MU260710P01015000,MU,2026-07-10,put,1015.0,25.26,13.0,28.37,25.0,26.815,30.5,4.0,0.9807,-0.221,0.0015,-2.589,0.587,-0.0839,2026-06-29,1127.42,1146.99,1024.78,1145.0,1.16964e6,1090.767714
2026-06-29T20:31:25.125,14,11,MU260710P01017500,MU,2026-07-10,put,1017.5,24.11,9.0,29.37,19.0,26.740000000000002,28.21,1.0,0.9677,-0.223,0.0016,-2.5673,0.59,-0.0846,2026-06-29,1127.42,1146.99,1024.78,1145.0,1.16964e6,1090.767714
2026-06-29T20:31:25.125,14,11,MU260710P01020000,MU,2026-07-10,put,1020.0,25.89,40.0,29.54,17.0,27.715,29.54,1.0,0.9724,-0.2282,0.0016,-2.6136,0.5978,-0.0867,2026-06-29,1127.42,1146.99,1024.78,1145.0,1.16964e6,1090.767714
2026-06-29T20:31:25.125,14,11,MU260710P01022500,MU,2026-07-10,put,1022.5,26.81,10.0,31.56,38.0,29.185,54.94,1.0,0.9849,-0.2348,0.0016,-2.6896,0.6073,-0.0894,2026-06-29,1127.42,1146.99,1024.78,1145.0,1.16964e6,1090.767714
2026-06-29T20:31:25.125,14,11,MU260710P01025000,MU,2026-07-10,put,1025.0,27.29,11.0,30.47,14.0,28.88,29.05,1.0,0.968,-0.2363,0.0016,-2.652,0.6095,-0.0898,2026-06-29,1127.42,1146.99,1024.78,1145.0,1.16964e6,1090.767714
2026-06-29T20:31:25.125,14,11,MU260710P01027500,MU,2026-07-10,put,1027.5,27.86,6.0,31.68,45.0,29.77,30.0,1.0,0.9705,-0.2412,0.0016,-2.6889,0.6164,-0.0918,2026-06-29,1127.42,1146.99,1024.78,1145.0,1.16964e6,1090.767714
2026-06-29T20:31:25.125,14,11,MU260710P01030000,MU,2026-07-10,put,1030.0,28.75,14.0,31.89,23.0,30.32,30.0,1.0,0.9674,-0.2452,0.0016,-2.7037,0.6219,-0.0933,2026-06-29,1127.42,1146.99,1024.78,1145.0,1.16964e6,1090.767714
2026-06-29T20:31:25.125,14,11,MU260710P01035000,MU,2026-07-10,put,1035.0,30.37,17.0,34.44,19.0,32.405,34.44,1.0,0.9761,-0.2558,0.0017,-2.7895,0.6359,-0.0976,2026-06-29,1127.42,1146.99,1024.78,1145.0,1.16964e6,1090.767714
2026-06-29T20:31:25.125,14,11,MU260710P01040000,MU,2026-07-10,put,1040.0,32.39,5.0,34.29,55.0,33.34,33.45,1.0,0.966,-0.2634,0.0017,-2.8022,0.6457,-0.1005,2026-06-29,1127.42,1146.99,1024.78,1145.0,1.16964e6,1090.767714
2026-06-29T20:31:25.125,14,11,MU260710P01045000,MU,2026-07-10,put,1045.0,32.58,15.0,36.29,8.0,34.435,36.29,1.0,0.9579,-0.2716,0.0018,-2.821,0.6558,-0.1036,2026-06-29,1127.42,1146.99,1024.78,1145.0,1.16964e6,1090.767714
2026-06-29T20:31:25.125,14,11,MU260710P01050000,MU,2026-07-10,put,1050.0,35.04,54.0,37.13,59.0,36.085,35.58,1.0,0.9576,-0.2812,0.0018,-2.8677,0.667,-0.1074,2026-06-29,1127.42,1146.99,1024.78,1145.0,1.16964e6,1090.767714
2026-06-29T20:31:25.125,14,11,MU260710P01055000,MU,2026-07-10,put,1055.0,36.11,1.0,39.9,25.0,38.004999999999995,39.1,1.0,0.9605,-0.2913,0.0018,-2.9244,0.6783,-0.1114,2026-06-29,1127.42,1146.99,1024.78,1145.0,1.16964e6,1090.767714
2026-06-29T20:31:25.125,14,11,MU260710P01060000,MU,2026-07-10,put,1060.0,38.04,24.0,40.97,26.0,39.504999999999995,40.4,1.0,0.9564,-0.3006,0.0018,-2.9535,0.6881,-0.1151,2026-06-29,1127.42,1146.99,1024.78,1145.0,1.16964e6,1090.767714
2026-06-29T20:31:25.125,14,11,MU260710P01065000,MU,2026-07-10,put,1065.0,37.73,36.0,42.67,26.0,40.2,43.38,1.0,0.9402,-0.3085,0.0019,-2.936,0.6961,-0.118,2026-06-29,1127.42,1146.99,1024.78,1145.0,1.16964e6,1090.767714
2026-06-29T20:31:25.125,14,11,MU260710P01070000,MU,2026-07-10,put,1070.0,38.77,22.0,44.41,9.0,41.59,43.38,1.0,0.9334,-0.3179,0.0019,-2.9517,0.7051,-0.1216,2026-06-29,1127.42,1146.99,1024.78,1145.0,1.16964e6,1090.767714
2026-06-29T20:31:25.125,14,11,MU260710P01075000,MU,2026-07-10,put,1075.0,39.71,1.0,47.35,24.0,43.53,47.67,6.0,0.9338,-0.3282,0.002,-2.9915,0.7146,-0.1258,2026-06-29,1127.42,1146.99,1024.78,1145.0,1.16964e6,1090.767714
2026-06-29T20:31:25.125,14,11,MU260710P01080000,MU,2026-07-10,put,1080.0,43.79,41.0,47.89,41.0,45.84,46.9,1.0,0.9385,-0.3391,0.002,-3.0448,0.7238,-0.1302,2026-06-29,1127.42,1146.99,1024.78,1145.0,1.16964e6,1090.767714
2026-06-29T20:31:25.125,14,11,MU260710P01085000,MU,2026-07-10,put,1085.0,44.22,20.0,50.45,13.0,47.335,50.31,6.0,0.9312,-0.3489,0.002,-3.0525,0.7316,-0.134,2026-06-29,1127.42,1146.99,1024.78,1145.0,1.16964e6,1090.767714
2026-06-29T20:31:25.125,14,11,MU260710P01090000,MU,2026-07-10,put,1090.0,47.42,20.0,52.31,22.0,49.865,50.0,1.0,0.9373,-0.36,0.002,-3.1062,0.7397,-0.1386,2026-06-29,1127.42,1146.99,1024.78,1145.0,1.16964e6,1090.767714
2026-06-29T20:31:25.125,14,11,MU260710P01095000,MU,2026-07-10,put,1095.0,50.37,9.0,54.13,27.0,52.25,55.57,1.0,0.9407,-0.3708,0.002,-3.1473,0.7471,-0.143,2026-06-29,1127.42,1146.99,1024.78,1145.0,1.16964e6,1090.767714
2026-06-29T20:31:25.125,14,11,MU260710P01100000,MU,2026-07-10,put,1100.0,51.83,45.0,54.39,46.0,53.11,53.32,1.0,0.923,-0.3803,0.0021,-3.1111,0.7531,-0.1466,2026-06-29,1127.42,1146.99,1024.78,1145.0,1.16964e6,1090.767714
2026-06-29T20:31:25.125,14,11,MU260710P01105000,MU,2026-07-10,put,1105.0,54.34,4.0,59.16,13.0,56.75,58.0,1.0,0.9414,-0.392,0.0021,-3.2012,0.7598,-0.1517,2026-06-29,1127.42,1146.99,1024.78,1145.0,1.16964e6,1090.767714
2026-06-29T20:31:25.125,14,11,MU260710P01110000,MU,2026-07-10,put,1110.0,54.22,32.0,60.5,16.0,57.36,60.0,2.0,0.9193,-0.4019,0.0021,-3.1448,0.7649,-0.1552,2026-06-29,1127.42,1146.99,1024.78,1145.0,1.16964e6,1090.767714
2026-06-29T20:31:25.125,14,11,MU260710P01115000,MU,2026-07-10,put,1115.0,58.32,21.0,62.74,18.0,60.53,61.5,24.0,0.9299,-0.4131,0.0021,-3.2023,0.7701,-0.16,2026-06-29,1127.42,1146.99,1024.78,1145.0,1.16964e6,1090.767714
2026-06-29T20:31:25.125,14,11,MU260710P01120000,MU,2026-07-10,put,1120.0,60.65,2.0,64.55,10.0,62.599999999999994,64.55,1.0,0.9256,-0.4238,0.0021,-3.204,0.7744,-0.1644,2026-06-29,1127.42,1146.99,1024.78,1145.0,1.16964e6,1090.767714
2026-06-29T20:31:25.125,14,11,MU260710P01125000,MU,2026-07-10,put,1125.0,60.12,3.0,67.7,23.0,63.91,65.26,1.0,0.9108,-0.4347,0.0022,-3.1663,0.7783,-0.1685,2026-06-29,1127.42,1146.99,1024.78,1145.0,1.16964e6,1090.767714
2026-06-29T20:31:25.125,14,11,MU260710P01130000,MU,2026-07-10,put,1130.0,65.86,25.0,69.68,2.0,67.77000000000001,68.89,2.0,0.928,-0.4456,0.0022,-3.2394,0.7815,-0.1734,2026-06-29,1127.42,1146.99,1024.78,1145.0,1.16964e6,1090.767714
2026-06-29T20:31:25.125,14,11,MU260710P01135000,MU,2026-07-10,put,1135.0,67.53,18.0,70.04,3.0,68.785,67.53,30.0,0.9081,-0.4569,0.0022,-3.1787,0.7842,-0.1776,2026-06-29,1127.42,1146.99,1024.78,1145.0,1.16964e6,1090.767714
2026-06-29T20:31:25.125,14,11,MU260710P01140000,MU,2026-07-10,put,1140.0,69.2,13.0,73.84,9.0,71.52000000000001,73.84,1.0,0.9095,-0.4679,0.0022,-3.1908,0.7863,-0.1822,2026-06-29,1127.42,1146.99,1024.78,1145.0,1.16964e6,1090.767714
2026-06-29T20:31:25.125,14,11,MU260710P01145000,MU,2026-07-10,put,1145.0,69.16,19.0,77.28,14.0,73.22,76.45,2.0,0.8971,-0.4795,0.0022,-3.1511,0.7878,-0.1867,2026-06-29,1127.42,1146.99,1024.78,1145.0,1.16964e6,1090.767714
2026-06-29T20:31:25.125,14,11,MU260710P01150000,MU,2026-07-10,put,1150.0,76.52,1.0,80.07,3.0,78.29499999999999,77.72,1.0,0.9268,-0.4889,0.0022,-3.259,0.7886,-0.1914,2026-06-29,1127.42,1146.99,1024.78,1145.0,1.16964e6,1090.767714
2026-06-29T20:31:25.125,14,11,MU260710P01155000,MU,2026-07-10,put,1155.0,76.35,3.0,84.69,10.0,80.52,85.0,1.0,0.9197,-0.5002,0.0022,-3.2332,0.7889,-0.196,2026-06-29,1127.42,1146.99,1024.78,1145.0,1.16964e6,1090.767714
2026-06-29T20:31:25.125,14,11,MU260710P01160000,MU,2026-07-10,put,1160.0,78.93,8.0,84.22,3.0,81.575,87.93,2.0,0.897,-0.5128,0.0022,-3.1488,0.7885,-0.2006,2026-06-29,1127.42,1146.99,1024.78,1145.0,1.16964e6,1090.767714
2026-06-29T20:31:25.125,14,11,MU260710P01165000,MU,2026-07-10,put,1165.0,80.53,21.0,87.28,8.0,83.905,90.1,5.0,0.8898,-0.5245,0.0023,-3.117,0.7874,-0.2053,2026-06-29,1127.42,1146.99,1024.78,1145.0,1.16964e6,1090.767714
2026-06-29T20:31:25.125,14,11,MU260710P01170000,MU,2026-07-10,put,1170.0,85.89,3.0,91.03,8.0,88.46000000000001,101.63,1.0,0.9102,-0.5334,0.0022,-3.1834,0.7861,-0.2098,2026-06-29,1127.42,1146.99,1024.78,1145.0,1.16964e6,1090.767714
2026-06-29T20:31:25.125,14,11,MU260710P01175000,MU,2026-07-10,put,1175.0,87.02,4.0,95.09,10.0,91.055,103.85,1.0,0.9051,-0.5447,0.0022,-3.1543,0.7839,-0.2144,2026-06-29,1127.42,1146.99,1024.78,1145.0,1.16964e6,1090.767714
2026-06-29T20:31:25.125,14,11,MU260710P01180000,MU,2026-07-10,put,1180.0,90.85,6.0,95.23,9.0,93.03999999999999,95.23,1.0,0.8914,-0.5572,0.0022,-3.0912,0.7807,-0.2193,2026-06-29,1127.42,1146.99,1024.78,1145.0,1.16964e6,1090.767714
2026-06-29T20:31:25.125,14,11,MU260710P01185000,MU,2026-07-10,put,1185.0,91.97,4.0,100.56,8.0,96.265,102.12,1.0,0.8929,-0.5677,0.0022,-3.0816,0.7775,-0.2239,2026-06-29,1127.42,1146.99,1024.78,1145.0,1.16964e6,1090.767714
2026-06-29T20:31:25.125,14,11,MU260710P01190000,MU,2026-07-10,put,1190.0,97.07,19.0,103.04,18.0,100.055,125.31,1.0,0.901,-0.5771,0.0022,-3.095,0.7741,-0.2283,2026-06-29,1127.42,1146.99,1024.78,1145.0,1.16964e6,1090.767714
2026-06-29T20:31:25.125,14,11,MU260710P01195000,MU,2026-07-10,put,1195.0,96.52,3.0,106.48,10.0,101.5,117.4,1.0,0.8781,-0.5914,0.0022,-2.9886,0.7681,-0.2336,2026-06-29,1127.42,1146.99,1024.78,1145.0,1.16964e6,1090.767714
2026-06-29T20:31:25.125,14,11,MU260710P01200000,MU,2026-07-10,put,1200.0,103.94,11.0,108.05,13.0,105.995,108.05,1.0,0.8942,-0.5992,0.0022,-3.0283,0.7644,-0.2376,2026-06-29,1127.42,1146.99,1024.78,1145.0,1.16964e6,1090.767714
2026-06-29T20:31:25.125,14,11,MU260710P01205000,MU,2026-07-10,put,1205.0,106.83,21.0,115.8,23.0,111.315,165.94,1.0,0.9206,-0.6047,0.0021,-3.1073,0.7616,-0.2411,2026-06-29,1127.42,1146.99,1024.78,1145.0,1.16964e6,1090.767714
2026-06-29T20:31:25.125,14,11,MU260710P01210000,MU,2026-07-10,put,1210.0,109.84,1.0,116.97,21.0,113.405,126.36,1.0,0.904,-0.6178,0.0021,-3.0181,0.7542,-0.2462,2026-06-29,1127.42,1146.99,1024.78,1145.0,1.16964e6,1090.767714
2026-06-29T20:31:25.125,14,11,MU260710P01215000,MU,2026-07-10,put,1215.0,112.62,2.0,118.88,10.0,115.75,129.51,1.0,0.8899,-0.6306,0.0021,-2.9354,0.7462,-0.2514,2026-06-29,1127.42,1146.99,1024.78,1145.0,1.16964e6,1090.767714
2026-06-29T20:31:25.125,14,11,MU260710P01220000,MU,2026-07-10,put,1220.0,116.27,10.0,125.12,8.0,120.695,183.75,1.0,0.91,-0.6363,0.0021,-2.9865,0.7423,-0.2548,2026-06-29,1127.42,1146.99,1024.78,1145.0,1.16964e6,1090.767714
2026-06-29T20:31:25.125,14,11,MU260710P01225000,MU,2026-07-10,put,1225.0,116.1,12.0,126.19,14.0,121.145,187.64,1.0,0.8685,-0.6554,0.0021,-2.7887,0.7282,-0.2615,2026-06-29,1127.42,1146.99,1024.78,1145.0,1.16964e6,1090.767714
2026-06-29T20:31:25.125,14,11,MU260710P01230000,MU,2026-07-10,put,1230.0,120.54,10.0,130.4,9.0,125.47,194.28,1.0,0.879,-0.6627,0.0021,-2.7985,0.7223,-0.2653,2026-06-29,1127.42,1146.99,1024.78,1145.0,1.16964e6,1090.767714
2026-06-29T20:31:25.125,14,11,MU260710P01235000,MU,2026-07-10,put,1235.0,124.16,1.0,133.87,2.0,129.015,123.67,1.0,0.8782,-0.6726,0.0021,-2.7607,0.7138,-0.2698,2026-06-29,1127.42,1146.99,1024.78,1145.0,1.16964e6,1090.767714
2026-06-29T20:31:25.125,14,11,MU260710P01240000,MU,2026-07-10,put,1240.0,124.64,1.0,141.84,1.0,133.24,137.32,1.0,0.8864,-0.68,0.002,-2.759,0.7071,-0.2736,2026-06-29,1127.42,1146.99,1024.78,1145.0,1.16964e6,1090.767714
2026-06-29T20:31:25.125,14,11,MU260710P01245000,MU,2026-07-10,put,1245.0,131.83,14.0,141.6,11.0,136.715,206.25,2.0,0.8835,-0.6901,0.002,-2.7094,0.6975,-0.2781,2026-06-29,1127.42,1146.99,1024.78,1145.0,1.16964e6,1090.767714
2026-06-29T20:31:25.125,14,11,MU260710P01250000,MU,2026-07-10,put,1250.0,136.58,9.0,146.97,35.0,141.775,141.0,1.0,0.9028,-0.6942,0.002,-2.753,0.6935,-0.281,2026-06-29,1127.42,1146.99,1024.78,1145.0,1.16964e6,1090.767714
2026-06-29T20:31:25.125,14,11,MU260710P01255000,MU,2026-07-10,put,1255.0,135.57,1.0,149.08,5.0,142.325,115.23,4.0,0.8555,-0.716,0.002,-2.5109,0.6702,-0.2887,2026-06-29,1127.42,1146.99,1024.78,1145.0,1.16964e6,1090.767714
2026-06-29T20:31:25.125,14,11,MU260710P01260000,MU,2026-07-10,put,1260.0,140.78,1.0,151.39,3.0,146.08499999999998,132.0,1.0,0.8544,-0.7254,0.002,-2.464,0.6594,-0.293,2026-06-29,1127.42,1146.99,1024.78,1145.0,1.16964e6,1090.767714
2026-06-29T20:31:25.125,14,11,MU260710P01265000,MU,2026-07-10,put,1265.0,146.13,2.0,159.06,5.0,152.595,165.12,1.0,0.8945,-0.7226,0.0019,-2.597,0.6626,-0.2941,2026-06-29,1127.42,1146.99,1024.78,1145.0,1.16964e6,1090.767714
2026-06-29T20:31:25.125,14,11,MU260710P01270000,MU,2026-07-10,put,1270.0,151.13,2.0,161.07,1.0,156.1,217.73,3.0,0.8888,-0.7327,0.0019,-2.5296,0.6505,-0.2986,2026-06-29,1127.42,1146.99,1024.78,1145.0,1.16964e6,1090.767714
2026-06-29T20:31:25.125,14,11,MU260710P01275000,MU,2026-07-10,put,1275.0,150.09,1.0,163.7,1.0,156.89499999999998,165.32,100.0,0.8392,-0.756,0.0019,-2.2649,0.6202,-0.3068,2026-06-29,1127.42,1146.99,1024.78,1145.0,1.16964e6,1090.767714
2026-06-29T20:31:25.125,14,11,MU260710P01280000,MU,2026-07-10,put,1280.0,154.3,2.0,171.0,1.0,162.65,167.57,1.0,0.8676,-0.7555,0.0018,-2.3469,0.6209,-0.3084,2026-06-29,1127.42,1146.99,1024.78,1145.0,1.16964e6,1090.767714
2026-06-29T20:31:25.125,14,11,MU260710P01285000,MU,2026-07-10,put,1285.0,162.68,10.0,172.02,3.0,167.35000000000002,,,0.8788,-0.7602,0.0018,-2.352,0.6145,-0.3114,2026-06-29,1127.42,1146.99,1024.78,1145.0,1.16964e6,1090.767714
2026-06-29T20:31:25.125,14,11,MU260710P01290000,MU,2026-07-10,put,1290.0,163.06,16.0,179.2,11.0,171.13,,,0.8745,-0.7693,0.0018,-2.2867,0.6014,-0.3157,2026-06-29,1127.42,1146.99,1024.78,1145.0,1.16964e6,1090.767714
2026-06-29T20:31:25.125,14,11,MU260710P01295000,MU,2026-07-10,put,1295.0,167.21,21.0,180.19,11.0,173.7,149.18,1.0,0.8487,-0.7852,0.0017,-2.1217,0.5775,-0.3219,2026-06-29,1127.42,1146.99,1024.78,1145.0,1.16964e6,1090.767714
2026-06-29T20:31:25.125,14,11,MU260710P01300000,MU,2026-07-10,put,1300.0,172.67,1.0,184.2,4.0,178.435,193.3,1.0,0.8592,-0.7894,0.0017,-2.1225,0.5709,-0.3247,2026-06-29,1127.42,1146.99,1024.78,1145.0,1.16964e6,1090.767714
2026-06-29T20:31:25.125,14,11,MU260710P01305000,MU,2026-07-10,put,1305.0,172.61,1.0,191.77,1.0,182.19,,,0.8519,-0.7991,0.0017,-2.0411,0.5551,-0.3292,2026-06-29,1127.42,1146.99,1024.78,1145.0,1.16964e6,1090.767714
2026-06-29T20:31:25.125,14,11,MU260710P01310000,MU,2026-07-10,put,1310.0,180.4,2.0,193.12,1.0,186.76,186.42,2.0,0.8587,-0.8041,0.0016,-2.0246,0.5468,-0.3323,2026-06-29,1127.42,1146.99,1024.78,1145.0,1.16964e6,1090.767714
2026-06-29T20:31:25.125,14,11,MU260710P01315000,MU,2026-07-10,put,1315.0,187.54,2.0,199.55,1.0,193.54500000000002,176.65,25.0,0.9054,-0.7963,0.0016,-2.1946,0.5598,-0.3317,2026-06-29,1127.42,1146.99,1024.78,1145.0,1.16964e6,1090.767714
2026-06-29T20:31:25.125,14,11,MU260710P01320000,MU,2026-07-10,put,1320.0,191.72,1.0,199.13,1.0,195.425,176.24,1.0,0.8622,-0.8167,0.0016,-1.9451,0.5248,-0.3392,2026-06-29,1127.42,1146.99,1024.78,1145.0,1.16964e6,1090.767714
2026-06-29T20:31:25.125,14,11,MU260710P01325000,MU,2026-07-10,put,1325.0,193.67,1.0,201.74,2.0,197.70499999999998,,,0.8223,-0.8365,0.0015,-1.7095,0.4879,-0.3467,2026-06-29,1127.42,1146.99,1024.78,1145.0,1.16964e6,1090.767714
2026-06-29T20:31:25.125,14,11,MU260710P01330000,MU,2026-07-10,put,1330.0,194.12,1.0,209.23,2.0,201.675,215.36,1.0,0.8142,-0.8457,0.0015,-1.6229,0.4698,-0.3511,2026-06-29,1127.42,1146.99,1024.78,1145.0,1.16964e6,1090.767714
2026-06-29T20:31:25.125,14,11,MU260710P01335000,MU,2026-07-10,put,1335.0,201.19,1.0,218.07,1.0,209.63,190.45,25.0,0.8881,-0.8278,0.0015,-1.9226,0.5046,-0.3473,2026-06-29,1127.42,1146.99,1024.78,1145.0,1.16964e6,1090.767714
2026-06-29T20:31:25.125,14,11,MU260710P01340000,MU,2026-07-10,put,1340.0,201.97,1.0,219.21,2.0,210.59,215.78,1.0,0.8165,-0.8572,0.0014,-1.5378,0.4461,-0.3577,2026-06-29,1127.42,1146.99,1024.78,1145.0,1.16964e6,1090.767714
2026-06-29T20:31:25.125,14,11,MU260710P01345000,MU,2026-07-10,put,1345.0,204.58,1.0,218.97,1.0,211.775,,,0.7357,-0.8905,0.0013,-1.1179,0.3707,-0.3695,2026-06-29,1127.42,1146.99,1024.78,1145.0,1.16964e6,1090.767714
2026-06-29T20:31:25.125,14,11,MU260710P01350000,MU,2026-07-10,put,1350.0,212.56,10.0,230.54,10.0,221.55,232.1,1.0,0.8634,-0.8535,0.0013,-1.6627,0.4539,-0.3597,2026-06-29,1127.42,1146.99,1024.78,1145.0,1.16964e6,1090.767714
2026-06-29T20:31:25.125,14,11,MU260710P01355000,MU,2026-07-10,put,1355.0,213.49,1.0,233.06,1.0,223.275,,,0.7988,-0.8799,0.0013,-1.315,0.3957,-0.3694,2026-06-29,1127.42,1146.99,1024.78,1145.0,1.16964e6,1090.767714
2026-06-29T20:31:25.125,14,11,MU260710P01360000,MU,2026-07-10,put,1360.0,224.75,1.0,232.78,1.0,228.765,212.59,1.0,0.8232,-0.8773,0.0012,-1.3815,0.4018,-0.3701,2026-06-29,1127.42,1146.99,1024.78,1145.0,1.16964e6,1090.767714
2026-06-29T20:31:25.125,14,11,MU260710P01365000,MU,2026-07-10,put,1365.0,228.82,1.0,236.29,1.0,232.555,,,0.8039,-0.8886,0.0012,-1.2476,0.3752,-0.3751,2026-06-29,1127.42,1146.99,1024.78,1145.0,1.16964e6,1090.767714
2026-06-29T20:31:25.125,14,11,MU260710P01370000,MU,2026-07-10,put,1370.0,226.9,1.0,246.91,4.0,236.905,245.23,1.0,0.7978,-0.8954,0.0011,-1.1755,0.3586,-0.3788,2026-06-29,1127.42,1146.99,1024.78,1145.0,1.16964e6,1090.767714
2026-06-29T20:31:25.125,14,11,MU260710P01375000,MU,2026-07-10,put,1375.0,236.58,1.0,249.71,1.0,243.145,,,0.843,-0.8861,0.0012,-1.3366,0.3813,-0.3774,2026-06-29,1127.42,1146.99,1024.78,1145.0,1.16964e6,1090.767714
2026-06-29T20:31:25.125,14,11,MU260710P01380000,MU,2026-07-10,put,1380.0,238.32,1.0,250.88,2.0,244.6,,,0.7498,-0.9194,0.001,-0.8796,0.2957,-0.3893,2026-06-29,1127.42,1146.99,1024.78,1145.0,1.16964e6,1090.767714
2026-06-29T20:31:25.125,14,11,MU260710P01385000,MU,2026-07-10,put,1385.0,246.28,2.0,259.16,1.0,252.72000000000003,,,0.8547,-0.8918,0.0011,-1.3018,0.3675,-0.3823,2026-06-29,1127.42,1146.99,1024.78,1145.0,1.16964e6,1090.767714
2026-06-29T20:31:25.125,14,11,MU260710P01390000,MU,2026-07-10,put,1390.0,250.99,1.0,265.65,2.0,258.32,356.53,2.0,0.8823,-0.888,0.0011,-1.3841,0.3765,-0.3827,2026-06-29,1127.42,1146.99,1024.78,1145.0,1.16964e6,1090.767714
2026-06-29T20:31:25.125,14,11,MU260710P01395000,MU,2026-07-10,put,1395.0,256.089,1.0,262.13,1.0,259.1095,,,0.7645,-0.9269,0.0009,-0.8236,0.2746,-0.3963,2026-06-29,1127.42,1146.99,1024.78,1145.0,1.16964e6,1090.767714
2026-06-29T20:31:25.125,14,11,MU260710P01400000,MU,2026-07-10,put,1400.0,256.339,10.0,269.85,1.0,263.09450000000004,352.32,2.0,0.7353,-0.9387,0.0008,-0.6686,0.2396,-0.4015,2026-06-29,1127.42,1146.99,1024.78,1145.0,1.16964e6,1090.767714
2026-06-29T20:31:25.125,14,11,MU260710P01405000,MU,2026-07-10,put,1405.0,259.14,1.0,273.65,1.0,266.395,,,0.6615,-0.9608,0.0006,-0.3685,0.1675,-0.4101,2026-06-29,1127.42,1146.99,1024.78,1145.0,1.16964e6,1090.767714
2026-06-29T20:31:25.125,14,11,MU260710P01410000,MU,2026-07-10,put,1410.0,265.15,1.0,277.37,1.0,271.26,315.17,1.0,0.6626,-0.9631,0.0006,-0.3443,0.1594,-0.4124,2026-06-29,1127.42,1146.99,1024.78,1145.0,1.16964e6,1090.767714
2026-06-29T20:31:25.125,14,11,MU260710P01415000,MU,2026-07-10,put,1415.0,268.71,1.0,283.89,1.0,276.29999999999995,,,0.6743,-0.9629,0.0006,-0.3549,0.1603,-0.4138,2026-06-29,1127.42,1146.99,1024.78,1145.0,1.16964e6,1090.767714
2026-06-29T20:31:25.125,14,11,MU260710P01420000,MU,2026-07-10,put,1420.0,272.42,2.0,294.03,1.0,283.225,,,0.7807,-0.9395,0.0008,-0.7067,0.237,-0.4079,2026-06-29,1127.42,1146.99,1024.78,1145.0,1.16964e6,1090.767714
2026-06-29T20:31:25.125,14,11,MU260710P01425000,MU,2026-07-10,put,1425.0,275.59,1.0,290.77,1.0,283.17999999999995,,,,,,,,,2026-06-29,1127.42,1146.99,1024.78,1145.0,1.16964e6,1090.767714
2026-06-29T20:31:25.125,14,11,MU260710P01430000,MU,2026-07-10,put,1430.0,283.58,1.0,303.47,1.0,293.525,,,0.813,-0.9374,0.0008,-0.7643,0.2434,-0.4103,2026-06-29,1127.42,1146.99,1024.78,1145.0,1.16964e6,1090.767714
2026-06-29T20:31:25.125,14,11,MU260710P01435000,MU,2026-07-10,put,1435.0,286.31,3.0,307.18,1.0,296.745,,,0.7377,-0.9583,0.0006,-0.4534,0.1763,-0.4184,2026-06-29,1127.42,1146.99,1024.78,1145.0,1.16964e6,1090.767714
2026-06-29T20:31:25.125,14,11,MU260710P01440000,MU,2026-07-10,put,1440.0,294.61,1.0,309.45,1.0,302.03,301.16,3.0,0.7626,-0.9551,0.0006,-0.5106,0.1871,-0.4189,2026-06-29,1127.42,1146.99,1024.78,1145.0,1.16964e6,1090.767714
2026-06-29T20:31:25.125,14,11,MU260710P01445000,MU,2026-07-10,put,1445.0,301.67,1.0,309.04,1.0,305.355,,,0.6545,-0.9787,0.0004,-0.1595,0.101,-0.428,2026-06-29,1127.42,1146.99,1024.78,1145.0,1.16964e6,1090.767714
2026-06-29T20:31:25.125,14,11,MU260710P01450000,MU,2026-07-10,put,1450.0,308.03,1.0,322.73,1.0,315.38,253.68,1.0,0.9226,-0.9222,0.0008,-1.0714,0.2878,-0.4116,2026-06-29,1127.42,1146.99,1024.78,1145.0,1.16964e6,1090.767714
2026-06-29T20:31:25.125,14,11,MU260710P01455000,MU,2026-07-10,put,1455.0,313.59,1.0,328.24,1.0,320.91499999999996,291.43,1.0,0.951,-0.9183,0.0008,-1.1553,0.2987,-0.4119,2026-06-29,1127.42,1146.99,1024.78,1145.0,1.16964e6,1090.767714
2026-06-29T20:31:25.125,14,11,MU260710P01460000,MU,2026-07-10,put,1460.0,308.42,1.0,321.24,1.0,314.83000000000004,277.83,1.0,,,,,,,2026-06-29,1127.42,1146.99,1024.78,1145.0,1.16964e6,1090.767714
2026-06-29T20:31:25.125,14,11,MU260710P01465000,MU,2026-07-10,put,1465.0,313.52,1.0,337.97,1.0,325.745,,,0.7236,-0.9733,0.0004,-0.259,0.1221,-0.4323,2026-06-29,1127.42,1146.99,1024.78,1145.0,1.16964e6,1090.767714
2026-06-29T20:31:25.125,14,11,MU260710P01470000,MU,2026-07-10,put,1470.0,326.58,1.0,335.16,1.0,330.87,339.45,1.0,0.7422,-0.9717,0.0004,-0.2892,0.1281,-0.4333,2026-06-29,1127.42,1146.99,1024.78,1145.0,1.16964e6,1090.767714
2026-06-29T20:31:25.125,14,11,MU260710P01475000,MU,2026-07-10,put,1475.0,325.47,1.0,342.48,1.0,333.975,,,,,,,,,2026-06-29,1127.42,1146.99,1024.78,1145.0,1.16964e6,1090.767714
2026-06-29T20:31:25.125,14,11,MU260710P01480000,MU,2026-07-10,put,1480.0,333.56,1.0,342.09,1.0,337.825,424.75,1.0,,,,,,,2026-06-29,1127.42,1146.99,1024.78,1145.0,1.16964e6,1090.767714
2026-06-29T20:31:25.125,14,11,MU260710P01485000,MU,2026-07-10,put,1485.0,340.21,1.0,354.98,4.0,347.595,,,0.8745,-0.9519,0.0006,-0.6434,0.1976,-0.4315,2026-06-29,1127.42,1146.99,1024.78,1145.0,1.16964e6,1090.767714
2026-06-29T20:31:25.125,14,11,MU260710P01490000,MU,2026-07-10,put,1490.0,346.41,1.0,362.94,1.0,354.675,,,0.9751,-0.9326,0.0007,-1.0019,0.2578,-0.427,2026-06-29,1127.42,1146.99,1024.78,1145.0,1.16964e6,1090.767714
2026-06-29T20:31:25.125,14,11,MU260710P01495000,MU,2026-07-10,put,1495.0,354.74,1.0,358.97,1.0,356.855,,,0.8518,-0.9606,0.0005,-0.5078,0.1684,-0.4373,2026-06-29,1127.42,1146.99,1024.78,1145.0,1.16964e6,1090.767714
2026-06-29T20:31:25.125,14,11,MU260710P01500000,MU,2026-07-10,put,1500.0,352.31,2.0,369.15,1.0,360.73,353.73,1.0,0.7813,-0.9746,0.0004,-0.2695,0.117,-0.4433,2026-06-29,1127.42,1146.99,1024.78,1145.0,1.16964e6,1090.767714
2026-06-29T20:31:25.125,14,11,MU260710P01510000,MU,2026-07-10,put,1510.0,357.84,1.0,369.62,1.0,363.73,340.03,25.0,,,,,,,2026-06-29,1127.42,1146.99,1024.78,1145.0,1.16964e6,1090.767714
2026-06-29T20:31:25.125,14,11,MU260710P01520000,MU,2026-07-10,put,1520.0,368.15,1.0,380.92,1.0,374.53499999999997,,,,,,,,,2026-06-29,1127.42,1146.99,1024.78,1145.0,1.16964e6,1090.767714
2026-06-29T20:31:25.125,14,11,MU260710P01530000,MU,2026-07-10,put,1530.0,381.74,1.0,395.23,1.0,388.485,,,,,,,,,2026-06-29,1127.42,1146.99,1024.78,1145.0,1.16964e6,1090.767714
2026-06-29T20:31:25.125,14,11,MU260710P01540000,MU,2026-07-10,put,1540.0,397.94,1.0,398.37,1.0,398.155,,,,,,,,,2026-06-29,1127.42,1146.99,1024.78,1145.0,1.16964e6,1090.767714
2026-06-29T20:31:25.125,14,11,MU260710P01550000,MU,2026-07-10,put,1550.0,393.3,1.0,420.77,1.0,407.03499999999997,521.5,1.0,,,,,,,2026-06-29,1127.42,1146.99,1024.78,1145.0,1.16964e6,1090.767714
2026-06-29T20:31:25.125,14,11,MU260710P01560000,MU,2026-07-10,put,1560.0,414.36,2.0,416.9,1.0,415.63,,,,,,,,,2026-06-29,1127.42,1146.99,1024.78,1145.0,1.16964e6,1090.767714
2026-06-29T20:31:25.125,14,11,MU260710P01570000,MU,2026-07-10,put,1570.0,424.92,1.0,437.27,2.0,431.095,408.65,1.0,,,,,,,2026-06-29,1127.42,1146.99,1024.78,1145.0,1.16964e6,1090.767714
2026-06-29T20:31:25.125,14,11,MU260710P01580000,MU,2026-07-10,put,1580.0,435.2,1.0,444.16,1.0,439.68,385.76,1.0,0.7749,-0.9908,0.0002,-0.017,0.049,-0.4726,2026-06-29,1127.42,1146.99,1024.78,1145.0,1.16964e6,1090.767714
2026-06-29T20:31:25.125,14,11,MU260710P01590000,MU,2026-07-10,put,1590.0,430.19,1.0,459.17,2.0,444.68,,,,,,,,,2026-06-29,1127.42,1146.99,1024.78,1145.0,1.16964e6,1090.767714
2026-06-29T20:31:25.125,14,11,MU260710P01600000,MU,2026-07-10,put,1600.0,440.49,1.0,468.14,1.0,454.315,,,,,,,,,2026-06-29,1127.42,1146.99,1024.78,1145.0,1.16964e6,1090.767714
2026-06-29T20:31:25.125,14,11,MU260710P01610000,MU,2026-07-10,put,1610.0,450.15,1.0,467.68,1.0,458.91499999999996,,,,,,,,,2026-06-29,1127.42,1146.99,1024.78,1145.0,1.16964e6,1090.767714
2026-06-29T20:31:25.125,14,11,MU260710P01620000,MU,2026-07-10,put,1620.0,460.69,1.0,482.48,1.0,471.58500000000004,,,,,,,,,2026-06-29,1127.42,1146.99,1024.78,1145.0,1.16964e6,1090.767714
2026-06-29T20:31:25.125,14,11,MU260710P01630000,MU,2026-07-10,put,1630.0,477.71,1.0,499.35,1.0,488.53,,,,,,,,,2026-06-29,1127.42,1146.99,1024.78,1145.0,1.16964e6,1090.767714
2026-06-29T20:31:25.125,14,11,MU260710P01640000,MU,2026-07-10,put,1640.0,485.54,1.0,504.27,1.0,494.905,,,,,,,,,2026-06-29,1127.42,1146.99,1024.78,1145.0,1.16964e6,1090.767714
2026-06-29T20:31:25.125,14,11,MU260710P01650000,MU,2026-07-10,put,1650.0,494.98,1.0,502.86,1.0,498.92,,,,,,,,,2026-06-29,1127.42,1146.99,1024.78,1145.0,1.16964e6,1090.767714
2026-06-29T20:31:25.125,14,11,MU260710P01660000,MU,2026-07-10,put,1660.0,504.84,1.0,529.22,1.0,517.03,,,,,,,,,2026-06-29,1127.42,1146.99,1024.78,1145.0,1.16964e6,1090.767714
2026-06-29T20:31:25.125,14,11,MU260710P01670000,MU,2026-07-10,put,1670.0,513.15,2.0,532.16,2.0,522.655,,,,,,,,,2026-06-29,1127.42,1146.99,1024.78,1145.0,1.16964e6,1090.767714
2026-06-29T20:31:25.125,14,11,MU260710P01680000,MU,2026-07-10,put,1680.0,520.15,7.0,544.02,2.0,532.085,560.49,10.0,,,,,,,2026-06-29,1127.42,1146.99,1024.78,1145.0,1.16964e6,1090.767714
2026-06-29T20:31:25.125,14,11,MU260710P01690000,MU,2026-07-10,put,1690.0,535.54,1.0,544.07,1.0,539.8050000000001,,,,,,,,,2026-06-29,1127.42,1146.99,1024.78,1145.0,1.16964e6,1090.767714
2026-06-29T20:31:25.125,14,11,MU260710P01700000,MU,2026-07-10,put,1700.0,544.98,1.0,559.12,1.0,552.05,599.5,3.0,,,,,,,2026-06-29,1127.42,1146.99,1024.78,1145.0,1.16964e6,1090.767714
2026-06-29T20:31:25.125,14,11,MU260710P01710000,MU,2026-07-10,put,1710.0,560.06,1.0,578.09,1.0,569.075,,,,,,,,,2026-06-29,1127.42,1146.99,1024.78,1145.0,1.16964e6,1090.767714
2026-06-29T20:31:25.125,14,11,MU260710P01720000,MU,2026-07-10,put,1720.0,567.61,1.0,583.59,2.0,575.6,583.59,1.0,,,,,,,2026-06-29,1127.42,1146.99,1024.78,1145.0,1.16964e6,1090.767714
2026-06-29T20:31:25.125,14,11,MU260710P01730000,MU,2026-07-10,put,1730.0,565.41,1.0,588.85,1.0,577.13,,,,,,,,,2026-06-29,1127.42,1146.99,1024.78,1145.0,1.16964e6,1090.767714
2026-06-29T20:31:25.125,14,11,MU260710P01740000,MU,2026-07-10,put,1740.0,586.02,2.0,596.31,2.0,591.165,,,,,,,,,2026-06-29,1127.42,1146.99,1024.78,1145.0,1.16964e6,1090.767714
2026-06-29T20:31:25.125,14,11,MU260710P01750000,MU,2026-07-10,put,1750.0,590.18,1.0,610.29,1.0,600.2349999999999,,,,,,,,,2026-06-29,1127.42,1146.99,1024.78,1145.0,1.16964e6,1090.767714
2026-06-29T20:31:25.125,14,11,MU260710P01760000,MU,2026-07-10,put,1760.0,603.8,1.0,623.57,1.0,613.685,,,,,,,,,2026-06-29,1127.42,1146.99,1024.78,1145.0,1.16964e6,1090.767714
2026-06-29T20:31:25.125,14,11,MU260710P01770000,MU,2026-07-10,put,1770.0,616.79,2.0,631.26,1.0,624.025,,,,,,,,,2026-06-29,1127.42,1146.99,1024.78,1145.0,1.16964e6,1090.767714
2026-06-29T20:31:25.125,14,11,MU260710P01780000,MU,2026-07-10,put,1780.0,617.4,1.0,638.49,1.0,627.9449999999999,618.49,1.0,,,,,,,2026-06-29,1127.42,1146.99,1024.78,1145.0,1.16964e6,1090.767714
2026-06-29T20:31:25.125,14,11,MU260710P01790000,MU,2026-07-10,put,1790.0,629.3,1.0,644.88,1.0,637.0899999999999,,,,,,,,,2026-06-29,1127.42,1146.99,1024.78,1145.0,1.16964e6,1090.767714
2026-06-29T20:31:25.125,14,11,MU260710P01800000,MU,2026-07-10,put,1800.0,638.49,1.0,668.22,2.0,653.355,629.36,1.0,,,,,,,2026-06-29,1127.42,1146.99,1024.78,1145.0,1.16964e6,1090.767714
2026-06-29T20:31:25.125,14,11,MU260710P01810000,MU,2026-07-10,put,1810.0,647.13,3.0,659.56,1.0,653.345,,,,,,,,,2026-06-29,1127.42,1146.99,1024.78,1145.0,1.16964e6,1090.767714
2026-06-29T20:31:25.125,14,11,MU260710P01820000,MU,2026-07-10,put,1820.0,676.05,1.0,682.16,1.0,679.105,,,,,,,,,2026-06-29,1127.42,1146.99,1024.78,1145.0,1.16964e6,1090.767714
2026-06-29T20:31:25.125,14,11,MU260710P01830000,MU,2026-07-10,put,1830.0,667.01,1.0,697.91,1.0,682.46,,,,,,,,,2026-06-29,1127.42,1146.99,1024.78,1145.0,1.16964e6,1090.767714
2026-06-29T20:31:25.125,14,11,MU260710P01840000,MU,2026-07-10,put,1840.0,700.11,1.0,701.19,2.0,700.6500000000001,646.17,1.0,,,,,,,2026-06-29,1127.42,1146.99,1024.78,1145.0,1.16964e6,1090.767714
2026-06-29T20:31:25.125,14,11,MU260710P01850000,MU,2026-07-10,put,1850.0,699.58,1.0,702.38,1.0,700.98,,,,,,,,,2026-06-29,1127.42,1146.99,1024.78,1145.0,1.16964e6,1090.767714
2026-06-29T20:31:25.125,14,11,MU260710P01860000,MU,2026-07-10,put,1860.0,702.74,3.0,730.77,1.0,716.755,,,,,,,,,2026-06-29,1127.42,1146.99,1024.78,1145.0,1.16964e6,1090.767714
2026-06-29T20:31:25.125,14,11,MU260710P01870000,MU,2026-07-10,put,1870.0,712.51,1.0,736.03,1.0,724.27,,,,,,,,,2026-06-29,1127.42,1146.99,1024.78,1145.0,1.16964e6,1090.767714
2026-06-29T20:31:25.125,14,11,MU260710P01880000,MU,2026-07-10,put,1880.0,733.4,1.0,749.0,3.0,741.2,,,,,,,,,2026-06-29,1127.42,1146.99,1024.78,1145.0,1.16964e6,1090.767714
2026-06-29T20:31:25.125,14,11,MU260710P01890000,MU,2026-07-10,put,1890.0,729.02,1.0,755.56,1.0,742.29,,,,,,,,,2026-06-29,1127.42,1146.99,1024.78,1145.0,1.16964e6,1090.767714
2026-06-29T20:31:25.125,14,11,MU260710P01900000,MU,2026-07-10,put,1900.0,752.16,2.0,766.56,1.0,759.3599999999999,782.89,1.0,,,,,,,2026-06-29,1127.42,1146.99,1024.78,1145.0,1.16964e6,1090.767714
2026-06-29T20:31:25.125,14,11,MU260710P01910000,MU,2026-07-10,put,1910.0,759.14,1.0,761.27,1.0,760.2049999999999,680.42,1.0,,,,,,,2026-06-29,1127.42,1146.99,1024.78,1145.0,1.16964e6,1090.767714
2026-06-29T20:31:25.125,14,11,MU260710P01920000,MU,2026-07-10,put,1920.0,753.46,1.0,796.03,3.0,774.745,,,,,,,,,2026-06-29,1127.42,1146.99,1024.78,1145.0,1.16964e6,1090.767714
2026-06-29T20:31:25.125,14,11,MU260710P01930000,MU,2026-07-10,put,1930.0,789.92,1.0,801.1,1.0,795.51,,,,,,,,,2026-06-29,1127.42,1146.99,1024.78,1145.0,1.16964e6,1090.767714
2026-06-29T20:31:25.125,14,11,MU260710P01940000,MU,2026-07-10,put,1940.0,774.96,1.0,805.22,1.0,790.09,,,,,,,,,2026-06-29,1127.42,1146.99,1024.78,1145.0,1.16964e6,1090.767714
2026-06-29T20:31:25.125,14,11,MU260710P01950000,MU,2026-07-10,put,1950.0,798.39,1.0,810.32,5.0,804.355,,,,,,,,,2026-06-29,1127.42,1146.99,1024.78,1145.0,1.16964e6,1090.767714
2026-06-29T20:31:25.125,14,11,MU260710P01960000,MU,2026-07-10,put,1960.0,791.76,1.0,814.02,1.0,802.89,,,,,,,,,2026-06-29,1127.42,1146.99,1024.78,1145.0,1.16964e6,1090.767714
2026-06-29T20:31:25.125,14,11,MU260710P01970000,MU,2026-07-10,put,1970.0,830.88,1.0,846.33,2.0,838.605,,,,,,,,,2026-06-29,1127.42,1146.99,1024.78,1145.0,1.16964e6,1090.767714
2026-06-29T20:31:25.125,14,11,MU260710P01980000,MU,2026-07-10,put,1980.0,824.78,1.0,851.56,1.0,838.17,816.31,1.0,,,,,,,2026-06-29,1127.42,1146.99,1024.78,1145.0,1.16964e6,1090.767714
2026-06-29T20:31:25.125,14,11,MU260710P01990000,MU,2026-07-10,put,1990.0,848.01,3.0,863.61,2.0,855.81,,,,,,,,,2026-06-29,1127.42,1146.99,1024.78,1145.0,1.16964e6,1090.767714
2026-06-29T20:31:25.125,14,11,MU260710P02000000,MU,2026-07-10,put,2000.0,833.91,1.0,853.16,1.0,843.535,,,,,,,,,2026-06-29,1127.42,1146.99,1024.78,1145.0,1.16964e6,1090.767714
2026-06-29T20:31:25.125,14,11,MU260710P02010000,MU,2026-07-10,put,2010.0,841.33,2.0,859.86,3.0,850.595,,,,,,,,,2026-06-29,1127.42,1146.99,1024.78,1145.0,1.16964e6,1090.767714
2026-06-29T20:31:25.125,14,11,MU260710P02020000,MU,2026-07-10,put,2020.0,850.77,1.0,864.09,1.0,857.4300000000001,977.4,1.0,,,,,,,2026-06-29,1127.42,1146.99,1024.78,1145.0,1.16964e6,1090.767714
2026-06-29T20:31:25.125,14,11,MU260710P02030000,MU,2026-07-10,put,2030.0,882.56,1.0,884.45,1.0,883.505,,,,,,,,,2026-06-29,1127.42,1146.99,1024.78,1145.0,1.16964e6,1090.767714
2026-06-29T20:31:25.125,14,11,MU260710P02040000,MU,2026-07-10,put,2040.0,891.17,7.0,907.62,1.0,899.395,,,,,,,,,2026-06-29,1127.42,1146.99,1024.78,1145.0,1.16964e6,1090.767714
2026-06-29T20:31:25.125,14,11,MU260710P02050000,MU,2026-07-10,put,2050.0,902.14,1.0,917.59,1.0,909.865,885.93,1.0,,,,,,,2026-06-29,1127.42,1146.99,1024.78,1145.0,1.16964e6,1090.767714
2026-06-29T20:31:25.125,14,11,MU260710P02060000,MU,2026-07-10,put,2060.0,919.65,3.0,937.26,1.0,928.4549999999999,,,,,,,,,2026-06-29,1127.42,1146.99,1024.78,1145.0,1.16964e6,1090.767714
2026-06-29T20:31:25.125,14,11,MU260710P02070000,MU,2026-07-10,put,2070.0,917.97,1.0,936.58,3.0,927.2750000000001,905.23,1.0,,,,,,,2026-06-29,1127.42,1146.99,1024.78,1145.0,1.16964e6,1090.767714
2026-06-29T20:31:25.125,14,11,MU260710P02080000,MU,2026-07-10,put,2080.0,941.52,2.0,946.07,4.0,943.7950000000001,,,,,,,,,2026-06-29,1127.42,1146.99,1024.78,1145.0,1.16964e6,1090.767714
2026-06-29T20:31:25.125,14,11,MU260710P02090000,MU,2026-07-10,put,2090.0,938.55,1.0,941.43,1.0,939.99,,,,,,,,,2026-06-29,1127.42,1146.99,1024.78,1145.0,1.16964e6,1090.767714
2026-06-29T20:31:25.125,14,11,MU260710P02100000,MU,2026-07-10,put,2100.0,950.65,1.0,963.3,3.0,956.9749999999999,,,,,,,,,2026-06-29,1127.42,1146.99,1024.78,1145.0,1.16964e6,1090.767714
2026-06-29T20:31:25.125,14,11,MU260710P02110000,MU,2026-07-10,put,2110.0,962.27,1.0,986.94,3.0,974.605,,,,,,,,,2026-06-29,1127.42,1146.99,1024.78,1145.0,1.16964e6,1090.767714
2026-06-29T20:31:25.125,14,11,MU260710P02120000,MU,2026-07-10,put,2120.0,971.47,1.0,987.22,1.0,979.345,,,,,,,,,2026-06-29,1127.42,1146.99,1024.78,1145.0,1.16964e6,1090.767714
2026-06-29T20:31:25.125,14,11,MU260710P02130000,MU,2026-07-10,put,2130.0,960.22,1.0,1005.38,1.0,982.8,,,,,,,,,2026-06-29,1127.42,1146.99,1024.78,1145.0,1.16964e6,1090.767714
2026-06-29T20:31:25.125,14,11,MU260710P02140000,MU,2026-07-10,put,2140.0,998.48,1.0,1014.53,1.0,1006.505,,,,,,,,,2026-06-29,1127.42,1146.99,1024.78,1145.0,1.16964e6,1090.767714
2026-06-29T20:31:25.125,14,11,MU260710P02150000,MU,2026-07-10,put,2150.0,999.85,1.0,1032.47,1.0,1016.1600000000001,,,,,,,,,2026-06-29,1127.42,1146.99,1024.78,1145.0,1.16964e6,1090.767714
2026-06-29T20:31:25.125,14,11,MU260710P02160000,MU,2026-07-10,put,2160.0,992.15,1.0,1003.68,1.0,997.915,,,,,,,,,2026-06-29,1127.42,1146.99,1024.78,1145.0,1.16964e6,1090.767714
2026-06-29T20:31:25.125,14,11,MU260710P02170000,MU,2026-07-10,put,2170.0,1027.95,2.0,1039.569,1.0,1033.7595000000001,,,,,,,,,2026-06-29,1127.42,1146.99,1024.78,1145.0,1.16964e6,1090.767714
2026-06-29T20:31:25.125,14,11,MU260710P02180000,MU,2026-07-10,put,2180.0,1043.869,3.0,1059.22,1.0,1051.5445,,,,,,,,,2026-06-29,1127.42,1146.99,1024.78,1145.0,1.16964e6,1090.767714
2026-06-29T20:31:25.125,14,11,MU260710P02190000,MU,2026-07-10,put,2190.0,1036.069,1.0,1041.15,1.0,1038.6095,1028.859,1.0,,,,,,,2026-06-29,1127.42,1146.99,1024.78,1145.0,1.16964e6,1090.767714
2026-06-29T20:31:25.125,14,11,MU260710P02200000,MU,2026-07-10,put,2200.0,1058.06,1.0,1061.07,1.0,1059.565,,,,,,,,,2026-06-29,1127.42,1146.99,1024.78,1145.0,1.16964e6,1090.767714
2026-06-29T20:31:25.125,14,11,MU260710P02210000,MU,2026-07-10,put,2210.0,1048.55,1.0,1059.95,1.0,1054.25,,,,,,,,,2026-06-29,1127.42,1146.99,1024.78,1145.0,1.16964e6,1090.767714
2026-06-29T20:31:25.125,14,11,MU260710P02220000,MU,2026-07-10,put,2220.0,1083.17,1.0,1097.07,1.0,1090.12,,,,,,,,,2026-06-29,1127.42,1146.99,1024.78,1145.0,1.16964e6,1090.767714
2026-06-29T20:31:25.125,14,11,MU260710P02230000,MU,2026-07-10,put,2230.0,1080.8,1.0,1107.95,1.0,1094.375,,,,,,,,,2026-06-29,1127.42,1146.99,1024.78,1145.0,1.16964e6,1090.767714
2026-06-29T20:31:25.125,14,11,MU260710P02240000,MU,2026-07-10,put,2240.0,1078.63,1.0,1082.25,1.0,1080.44,,,,,,,,,2026-06-29,1127.42,1146.99,1024.78,1145.0,1.16964e6,1090.767714
2026-06-29T20:31:25.125,14,11,MU260710P02250000,MU,2026-07-10,put,2250.0,1112.58,1.0,1127.98,1.0,1120.28,,,,,,,,,2026-06-29,1127.42,1146.99,1024.78,1145.0,1.16964e6,1090.767714
2026-06-29T20:31:25.125,14,11,MU260710P02260000,MU,2026-07-10,put,2260.0,1103.91,1.0,1127.5,1.0,1115.705,,,,,,,,,2026-06-29,1127.42,1146.99,1024.78,1145.0,1.16964e6,1090.767714
2026-06-29T20:31:25.125,14,11,MU260710P02270000,MU,2026-07-10,put,2270.0,1130.0,1.0,1140.1,1.0,1135.05,,,,,,,,,2026-06-29,1127.42,1146.99,1024.78,1145.0,1.16964e6,1090.767714
2026-06-29T20:31:25.125,14,11,MU260710P02280000,MU,2026-07-10,put,2280.0,1106.8,1.0,1125.59,1.0,1116.195,,,,,,,,,2026-06-29,1127.42,1146.99,1024.78,1145.0,1.16964e6,1090.767714
2026-06-29T20:31:25.125,14,11,MU260710P02290000,MU,2026-07-10,put,2290.0,1118.56,1.0,1141.96,1.0,1130.26,,,,,,,,,2026-06-29,1127.42,1146.99,1024.78,1145.0,1.16964e6,1090.767714
2026-06-29T20:31:25.125,14,11,MU260710P02300000,MU,2026-07-10,put,2300.0,1155.79,1.0,1169.64,1.0,1162.7150000000001,,,,,,,,,2026-06-29,1127.42,1146.99,1024.78,1145.0,1.16964e6,1090.767714
2026-06-29T20:31:25.125,14,11,MU260710P02310000,MU,2026-07-10,put,2310.0,1172.66,1.0,1186.86,1.0,1179.76,,,,,,,,,2026-06-29,1127.42,1146.99,1024.78,1145.0,1.16964e6,1090.767714
2026-06-29T20:31:25.125,14,11,MU260710P02320000,MU,2026-07-10,put,2320.0,1149.74,1.0,1170.61,1.0,1160.175,,,,,,,,,2026-06-29,1127.42,1146.99,1024.78,1145.0,1.16964e6,1090.767714
2026-06-29T20:31:25.125,14,11,MU260710P02330000,MU,2026-07-10,put,2330.0,1181.16,1.0,1189.83,1.0,1185.495,,,,,,,,,2026-06-29,1127.42,1146.99,1024.78,1145.0,1.16964e6,1090.767714
2026-06-29T20:31:25.125,14,11,MU260710P02340000,MU,2026-07-10,put,2340.0,1188.08,1.0,1217.19,1.0,1202.635,,,,,,,,,2026-06-29,1127.42,1146.99,1024.78,1145.0,1.16964e6,1090.767714
2026-06-29T20:31:25.125,14,11,MU260710P02350000,MU,2026-07-10,put,2350.0,1192.44,1.0,1206.59,1.0,1199.5149999999999,,,,,,,,,2026-06-29,1127.42,1146.99,1024.78,1145.0,1.16964e6,1090.767714
2026-06-29T20:31:25.125,14,11,MU260710P02360000,MU,2026-07-10,put,2360.0,1227.55,1.0,1241.4,1.0,1234.475,,,,,,,,,2026-06-29,1127.42,1146.99,1024.78,1145.0,1.16964e6,1090.767714
2026-06-29T20:31:25.125,14,11,MU260710P02370000,MU,2026-07-10,put,2370.0,1229.14,1.0,1245.44,1.0,1237.29,,,,,,,,,2026-06-29,1127.42,1146.99,1024.78,1145.0,1.16964e6,1090.767714
2026-06-29T20:31:25.125,14,11,MU260710P02380000,MU,2026-07-10,put,2380.0,1227.64,1.0,1251.13,1.0,1239.3850000000002,,,,,,,,,2026-06-29,1127.42,1146.99,1024.78,1145.0,1.16964e6,1090.767714
2026-06-29T20:31:25.125,14,11,MU260710P02390000,MU,2026-07-10,put,2390.0,1226.68,1.0,1258.95,1.0,1242.815,,,,,,,,,2026-06-29,1127.42,1146.99,1024.78,1145.0,1.16964e6,1090.767714
2026-06-29T20:31:25.125,14,11,MU260710P02400000,MU,2026-07-10,put,2400.0,1230.82,1.0,1285.67,3.0,1258.245,,,,,,,,,2026-06-29,1127.42,1146.99,1024.78,1145.0,1.16964e6,1090.767714
2026-06-29T20:31:25.125,14,11,MU260710P02410000,MU,2026-07-10,put,2410.0,1235.85,2.0,1293.61,3.0,1264.73,,,,,,,,,2026-06-29,1127.42,1146.99,1024.78,1145.0,1.16964e6,1090.767714
2026-06-29T20:31:25.125,14,11,MU260710P02420000,MU,2026-07-10,put,2420.0,1285.15,1.0,1300.52,1.0,1292.835,,,,,,,,,2026-06-29,1127.42,1146.99,1024.78,1145.0,1.16964e6,1090.767714
2026-06-29T20:31:25.125,14,11,MU260710P02430000,MU,2026-07-10,put,2430.0,1277.37,1.0,1298.5,1.0,1287.935,,,,,,,,,2026-06-29,1127.42,1146.99,1024.78,1145.0,1.16964e6,1090.767714
2026-06-29T20:31:25.125,14,11,MU260710P02440000,MU,2026-07-10,put,2440.0,1283.61,1.0,1297.51,1.0,1290.56,,,,,,,,,2026-06-29,1127.42,1146.99,1024.78,1145.0,1.16964e6,1090.767714
2026-06-29T20:31:25.125,14,11,MU260710P02450000,MU,2026-07-10,put,2450.0,1320.71,1.0,1332.11,1.0,1326.4099999999999,,,,,,,,,2026-06-29,1127.42,1146.99,1024.78,1145.0,1.16964e6,1090.767714
2026-06-29T20:31:25.125,14,11,MU260710P02460000,MU,2026-07-10,put,2460.0,1315.6,1.0,1329.0,1.0,1322.3,,,,,,,,,2026-06-29,1127.42,1146.99,1024.78,1145.0,1.16964e6,1090.767714
2026-06-29T20:31:25.125,14,11,MU260710P02470000,MU,2026-07-10,put,2470.0,1339.79,1.0,1353.19,1.0,1346.49,,,,,,,,,2026-06-29,1127.42,1146.99,1024.78,1145.0,1.16964e6,1090.767714
2026-06-29T20:31:25.125,14,11,MU260710P02480000,MU,2026-07-10,put,2480.0,1324.51,3.0,1339.91,1.0,1332.21,,,,,,,,,2026-06-29,1127.42,1146.99,1024.78,1145.0,1.16964e6,1090.767714
2026-06-29T20:31:25.125,14,11,MU260710P02490000,MU,2026-07-10,put,2490.0,1355.07,1.0,1368.67,2.0,1361.87,,,,,,,,,2026-06-29,1127.42,1146.99,1024.78,1145.0,1.16964e6,1090.767714
2026-06-29T20:31:25.125,14,11,MU260710P02500000,MU,2026-07-10,put,2500.0,1325.92,3.0,1370.84,1.0,1348.38,,,,,,,,,2026-06-29,1127.42,1146.99,1024.78,1145.0,1.16964e6,1090.767714
2026-06-29T20:31:25.125,30,32,MU260731C00005000,MU,2026-07-31,call,5.0,1112.33,1.0,1136.76,1.0,1124.545,1133.92,10.0,,,,,,,2026-06-29,1127.42,1146.99,1024.78,1145.0,1.16964e6,1090.767714
2026-06-29T20:31:25.125,30,32,MU260731C00010000,MU,2026-07-31,call,10.0,1122.94,1.0,1135.9,1.0,1129.42,,,,,,,,,2026-06-29,1127.42,1146.99,1024.78,1145.0,1.16964e6,1090.767714
2026-06-29T20:31:25.125,30,32,MU260731C00015000,MU,2026-07-31,call,15.0,1130.81,1.0,1147.31,3.0,1139.06,,,,,,,,,2026-06-29,1127.42,1146.99,1024.78,1145.0,1.16964e6,1090.767714
2026-06-29T20:31:25.125,30,32,MU260731C00020000,MU,2026-07-31,call,20.0,1137.27,1.0,1138.13,1.0,1137.7,,,,,,,,,2026-06-29,1127.42,1146.99,1024.78,1145.0,1.16964e6,1090.767714
2026-06-29T20:31:25.125,30,32,MU260731C00025000,MU,2026-07-31,call,25.0,1117.07,1.0,1120.54,1.0,1118.8049999999998,,,,,,,,,2026-06-29,1127.42,1146.99,1024.78,1145.0,1.16964e6,1090.767714
2026-06-29T20:31:25.125,30,32,MU260731C00030000,MU,2026-07-31,call,30.0,1124.31,1.0,1139.66,1.0,1131.9850000000001,,,,,,,,,2026-06-29,1127.42,1146.99,1024.78,1145.0,1.16964e6,1090.767714
2026-06-29T20:31:25.125,30,32,MU260731C00035000,MU,2026-07-31,call,35.0,1121.95,2.0,1134.4,1.0,1128.1750000000002,,,,,,,,,2026-06-29,1127.42,1146.99,1024.78,1145.0,1.16964e6,1090.767714
2026-06-29T20:31:25.125,30,32,MU260731C00040000,MU,2026-07-31,call,40.0,1104.87,2.0,1133.45,1.0,1119.1599999999999,,,,,,,,,2026-06-29,1127.42,1146.99,1024.78,1145.0,1.16964e6,1090.767714
2026-06-29T20:31:25.125,30,32,MU260731C00045000,MU,2026-07-31,call,45.0,1112.69,1.0,1115.21,1.0,1113.95,,,,,,,,,2026-06-29,1127.42,1146.99,1024.78,1145.0,1.16964e6,1090.767714
2026-06-29T20:31:25.125,30,32,MU260731C00050000,MU,2026-07-31,call,50.0,1085.63,1.0,1117.65,1.0,1101.64,,,,,,,,,2026-06-29,1127.42,1146.99,1024.78,1145.0,1.16964e6,1090.767714
2026-06-29T20:31:25.125,30,32,MU260731C00055000,MU,2026-07-31,call,55.0,1066.85,1.0,1081.66,1.0,1074.255,,,,,,,,,2026-06-29,1127.42,1146.99,1024.78,1145.0,1.16964e6,1090.767714
2026-06-29T20:31:25.125,30,32,MU260731C00060000,MU,2026-07-31,call,60.0,1079.14,1.0,1095.17,1.0,1087.1550000000002,,,,,,,,,2026-06-29,1127.42,1146.99,1024.78,1145.0,1.16964e6,1090.767714
2026-06-29T20:31:25.125,30,32,MU260731C00065000,MU,2026-07-31,call,65.0,1053.09,2.0,1105.82,1.0,1079.455,,,,,,,,,2026-06-29,1127.42,1146.99,1024.78,1145.0,1.16964e6,1090.767714
2026-06-29T20:31:25.125,30,32,MU260731C00070000,MU,2026-07-31,call,70.0,1081.02,1.0,1094.67,1.0,1087.845,,,,,,,,,2026-06-29,1127.42,1146.99,1024.78,1145.0,1.16964e6,1090.767714
2026-06-29T20:31:25.125,30,32,MU260731C00075000,MU,2026-07-31,call,75.0,1047.2,1.0,1078.14,1.0,1062.67,,,,,,,,,2026-06-29,1127.42,1146.99,1024.78,1145.0,1.16964e6,1090.767714
2026-06-29T20:31:25.125,30,32,MU260731C00080000,MU,2026-07-31,call,80.0,1053.42,1.0,1057.73,1.0,1055.575,,,,,,,,,2026-06-29,1127.42,1146.99,1024.78,1145.0,1.16964e6,1090.767714
2026-06-29T20:31:25.125,30,32,MU260731C00085000,MU,2026-07-31,call,85.0,1052.49,2.0,1075.51,1.0,1064.0,,,,,,,,,2026-06-29,1127.42,1146.99,1024.78,1145.0,1.16964e6,1090.767714
2026-06-29T20:31:25.125,30,32,MU260731C00090000,MU,2026-07-31,call,90.0,1043.02,1.0,1078.4,1.0,1060.71,,,,,,,,,2026-06-29,1127.42,1146.99,1024.78,1145.0,1.16964e6,1090.767714
2026-06-29T20:31:25.125,30,32,MU260731C00095000,MU,2026-07-31,call,95.0,1052.84,1.0,1066.04,1.0,1059.44,,,,,,,,,2026-06-29,1127.42,1146.99,1024.78,1145.0,1.16964e6,1090.767714
2026-06-29T20:31:25.125,30,32,MU260731C00100000,MU,2026-07-31,call,100.0,1024.65,1.0,1061.62,1.0,1043.135,960.47,1.0,,,,,,,2026-06-29,1127.42,1146.99,1024.78,1145.0,1.16964e6,1090.767714
2026-06-29T20:31:25.125,30,32,MU260731C00105000,MU,2026-07-31,call,105.0,1016.08,1.0,1067.4,1.0,1041.74,990.42,1.0,,,,,,,2026-06-29,1127.42,1146.99,1024.78,1145.0,1.16964e6,1090.767714
2026-06-29T20:31:25.125,30,32,MU260731C00110000,MU,2026-07-31,call,110.0,1033.96,1.0,1049.66,1.0,1041.81,1075.76,2.0,,,,,,,2026-06-29,1127.42,1146.99,1024.78,1145.0,1.16964e6,1090.767714
2026-06-29T20:31:25.125,30,32,MU260731C00115000,MU,2026-07-31,call,115.0,1016.45,2.0,1024.49,1.0,1020.47,1056.29,3.0,,,,,,,2026-06-29,1127.42,1146.99,1024.78,1145.0,1.16964e6,1090.767714
2026-06-29T20:31:25.125,30,32,MU260731C00120000,MU,2026-07-31,call,120.0,1012.61,1.0,1016.79,1.0,1014.7,1059.81,2.0,,,,,,,2026-06-29,1127.42,1146.99,1024.78,1145.0,1.16964e6,1090.767714
2026-06-29T20:31:25.125,30,32,MU260731C00125000,MU,2026-07-31,call,125.0,1008.3,1.0,1028.15,1.0,1018.225,,,,,,,,,2026-06-29,1127.42,1146.99,1024.78,1145.0,1.16964e6,1090.767714
2026-06-29T20:31:25.125,30,32,MU260731C00130000,MU,2026-07-31,call,130.0,1028.56,2.0,1042.359,1.0,1035.4595,,,,,,,,,2026-06-29,1127.42,1146.99,1024.78,1145.0,1.16964e6,1090.767714
2026-06-29T20:31:25.125,30,32,MU260731C00135000,MU,2026-07-31,call,135.0,984.38,1.0,1005.96,1.0,995.1700000000001,,,,,,,,,2026-06-29,1127.42,1146.99,1024.78,1145.0,1.16964e6,1090.767714
2026-06-29T20:31:25.125,30,32,MU260731C00140000,MU,2026-07-31,call,140.0,991.67,1.0,1012.99,1.0,1002.3299999999999,,,,,,,,,2026-06-29,1127.42,1146.99,1024.78,1145.0,1.16964e6,1090.767714
2026-06-29T20:31:25.125,30,32,MU260731C00145000,MU,2026-07-31,call,145.0,994.33,1.0,995.38,1.0,994.855,,,,,,,,,2026-06-29,1127.42,1146.99,1024.78,1145.0,1.16964e6,1090.767714
2026-06-29T20:31:25.125,30,32,MU260731C00150000,MU,2026-07-31,call,150.0,981.73,1.0,1011.76,1.0,996.745,,,,,,,,,2026-06-29,1127.42,1146.99,1024.78,1145.0,1.16964e6,1090.767714
2026-06-29T20:31:25.125,30,32,MU260731C00155000,MU,2026-07-31,call,155.0,997.26,1.0,1013.46,1.0,1005.36,,,,,,,,,2026-06-29,1127.42,1146.99,1024.78,1145.0,1.16964e6,1090.767714
2026-06-29T20:31:25.125,30,32,MU260731C00160000,MU,2026-07-31,call,160.0,974.74,1.0,983.19,1.0,978.965,,,,,,,,,2026-06-29,1127.42,1146.99,1024.78,1145.0,1.16964e6,1090.767714
2026-06-29T20:31:25.125,30,32,MU260731C00165000,MU,2026-07-31,call,165.0,962.0,1.0,990.03,1.0,976.015,,,,,,,,,2026-06-29,1127.42,1146.99,1024.78,1145.0,1.16964e6,1090.767714
2026-06-29T20:31:25.125,30,32,MU260731C00170000,MU,2026-07-31,call,170.0,981.35,1.0,995.25,1.0,988.3,,,,,,,,,2026-06-29,1127.42,1146.99,1024.78,1145.0,1.16964e6,1090.767714
2026-06-29T20:31:25.125,30,32,MU260731C00175000,MU,2026-07-31,call,175.0,952.12,1.0,990.19,1.0,971.155,,,,,,,,,2026-06-29,1127.42,1146.99,1024.78,1145.0,1.16964e6,1090.767714
2026-06-29T20:31:25.125,30,32,MU260731C00180000,MU,2026-07-31,call,180.0,948.61,1.0,959.26,1.0,953.935,,,,,,,,,2026-06-29,1127.42,1146.99,1024.78,1145.0,1.16964e6,1090.767714
2026-06-29T20:31:25.125,30,32,MU260731C00185000,MU,2026-07-31,call,185.0,971.59,1.0,986.79,1.0,979.19,,,,,,,,,2026-06-29,1127.42,1146.99,1024.78,1145.0,1.16964e6,1090.767714
2026-06-29T20:31:25.125,30,32,MU260731C00190000,MU,2026-07-31,call,190.0,946.82,1.0,962.28,1.0,954.55,,,,,,,,,2026-06-29,1127.42,1146.99,1024.78,1145.0,1.16964e6,1090.767714
2026-06-29T20:31:25.125,30,32,MU260731C00195000,MU,2026-07-31,call,195.0,932.21,1.0,958.62,1.0,945.415,,,,,,,,,2026-06-29,1127.42,1146.99,1024.78,1145.0,1.16964e6,1090.767714
2026-06-29T20:31:25.125,30,32,MU260731C00200000,MU,2026-07-31,call,200.0,938.74,1.0,962.91,1.0,950.825,,,,,,,,,2026-06-29,1127.42,1146.99,1024.78,1145.0,1.16964e6,1090.767714
2026-06-29T20:31:25.125,30,32,MU260731C00205000,MU,2026-07-31,call,205.0,946.03,1.0,949.07,1.0,947.55,,,,,,,,,2026-06-29,1127.42,1146.99,1024.78,1145.0,1.16964e6,1090.767714
2026-06-29T20:31:25.125,30,32,MU260731C00210000,MU,2026-07-31,call,210.0,929.42,1.0,940.39,1.0,934.905,,,,,,,,,2026-06-29,1127.42,1146.99,1024.78,1145.0,1.16964e6,1090.767714
2026-06-29T20:31:25.125,30,32,MU260731C00215000,MU,2026-07-31,call,215.0,923.98,2.0,940.16,1.0,932.0699999999999,,,,,,,,,2026-06-29,1127.42,1146.99,1024.78,1145.0,1.16964e6,1090.767714
2026-06-29T20:31:25.125,30,32,MU260731C00220000,MU,2026-07-31,call,220.0,913.47,1.0,918.41,1.0,915.94,,,,,,,,,2026-06-29,1127.42,1146.99,1024.78,1145.0,1.16964e6,1090.767714
2026-06-29T20:31:25.125,30,32,MU260731C00225000,MU,2026-07-31,call,225.0,905.43,1.0,938.95,1.0,922.19,812.5,1.0,,,,,,,2026-06-29,1127.42,1146.99,1024.78,1145.0,1.16964e6,1090.767714
2026-06-29T20:31:25.125,30,32,MU260731C00230000,MU,2026-07-31,call,230.0,894.76,1.0,941.85,1.0,918.3050000000001,,,,,,,,,2026-06-29,1127.42,1146.99,1024.78,1145.0,1.16964e6,1090.767714
2026-06-29T20:31:25.125,30,32,MU260731C00235000,MU,2026-07-31,call,235.0,915.0,1.0,928.78,1.0,921.89,,,,,,,,,2026-06-29,1127.42,1146.99,1024.78,1145.0,1.16964e6,1090.767714
2026-06-29T20:31:25.125,30,32,MU260731C00240000,MU,2026-07-31,call,240.0,906.4,1.0,923.28,1.0,914.8399999999999,775.39,3.0,,,,,,,2026-06-29,1127.42,1146.99,1024.78,1145.0,1.16964e6,1090.767714
2026-06-29T20:31:25.125,30,32,MU260731C00245000,MU,2026-07-31,call,245.0,894.69,1.0,915.66,1.0,905.175,,,,,,,,,2026-06-29,1127.42,1146.99,1024.78,1145.0,1.16964e6,1090.767714
2026-06-29T20:31:25.125,30,32,MU260731C00250000,MU,2026-07-31,call,250.0,900.32,1.0,916.51,1.0,908.415,,,,,,,,,2026-06-29,1127.42,1146.99,1024.78,1145.0,1.16964e6,1090.767714
2026-06-29T20:31:25.125,30,32,MU260731C00255000,MU,2026-07-31,call,255.0,871.58,1.0,907.62,1.0,889.6,,,,,,,,,2026-06-29,1127.42,1146.99,1024.78,1145.0,1.16964e6,1090.767714
2026-06-29T20:31:25.125,30,32,MU260731C00260000,MU,2026-07-31,call,260.0,865.87,1.0,890.82,1.0,878.345,734.88,3.0,,,,,,,2026-06-29,1127.42,1146.99,1024.78,1145.0,1.16964e6,1090.767714
2026-06-29T20:31:25.125,30,32,MU260731C00265000,MU,2026-07-31,call,265.0,890.98,1.0,906.68,1.0,898.8299999999999,,,,,,,,,2026-06-29,1127.42,1146.99,1024.78,1145.0,1.16964e6,1090.767714
2026-06-29T20:31:25.125,30,32,MU260731C00270000,MU,2026-07-31,call,270.0,885.94,1.0,900.44,1.0,893.19,,,,,,,,,2026-06-29,1127.42,1146.99,1024.78,1145.0,1.16964e6,1090.767714
2026-06-29T20:31:25.125,30,32,MU260731C00275000,MU,2026-07-31,call,275.0,876.19,1.0,892.44,1.0,884.315,804.9,3.0,,,,,,,2026-06-29,1127.42,1146.99,1024.78,1145.0,1.16964e6,1090.767714
2026-06-29T20:31:25.125,30,32,MU260731C00280000,MU,2026-07-31,call,280.0,869.57,1.0,874.83,1.0,872.2,744.78,1.0,,,,,,,2026-06-29,1127.42,1146.99,1024.78,1145.0,1.16964e6,1090.767714
2026-06-29T20:31:25.125,30,32,MU260731C00285000,MU,2026-07-31,call,285.0,861.69,1.0,868.46,1.0,865.075,,,,,,,,,2026-06-29,1127.42,1146.99,1024.78,1145.0,1.16964e6,1090.767714
2026-06-29T20:31:25.125,30,32,MU260731C00290000,MU,2026-07-31,call,290.0,843.23,1.0,860.61,1.0,851.9200000000001,,,,,,,,,2026-06-29,1127.42,1146.99,1024.78,1145.0,1.16964e6,1090.767714
2026-06-29T20:31:25.125,30,32,MU260731C00295000,MU,2026-07-31,call,295.0,836.43,1.0,851.26,1.0,843.845,,,,,,,,,2026-06-29,1127.42,1146.99,1024.78,1145.0,1.16964e6,1090.767714
2026-06-29T20:31:25.125,30,32,MU260731C00300000,MU,2026-07-31,call,300.0,833.87,1.0,849.95,1.0,841.9100000000001,858.59,4.0,,,,,,,2026-06-29,1127.42,1146.99,1024.78,1145.0,1.16964e6,1090.767714
2026-06-29T20:31:25.125,30,32,MU260731C00305000,MU,2026-07-31,call,305.0,835.25,1.0,840.7,1.0,837.975,,,,,,,,,2026-06-29,1127.42,1146.99,1024.78,1145.0,1.16964e6,1090.767714
2026-06-29T20:31:25.125,30,32,MU260731C00310000,MU,2026-07-31,call,310.0,837.61,1.0,838.89,1.0,838.25,,,,,,,,,2026-06-29,1127.42,1146.99,1024.78,1145.0,1.16964e6,1090.767714
2026-06-29T20:31:25.125,30,32,MU260731C00315000,MU,2026-07-31,call,315.0,822.69,1.0,838.7,1.0,830.695,,,,,,,,,2026-06-29,1127.42,1146.99,1024.78,1145.0,1.16964e6,1090.767714
2026-06-29T20:31:25.125,30,32,MU260731C00320000,MU,2026-07-31,call,320.0,809.38,1.0,843.04,1.0,826.21,758.87,5.0,,,,,,,2026-06-29,1127.42,1146.99,1024.78,1145.0,1.16964e6,1090.767714
2026-06-29T20:31:25.125,30,32,MU260731C00325000,MU,2026-07-31,call,325.0,817.1,1.0,845.39,1.0,831.245,,,,,,,,,2026-06-29,1127.42,1146.99,1024.78,1145.0,1.16964e6,1090.767714
2026-06-29T20:31:25.125,30,32,MU260731C00330000,MU,2026-07-31,call,330.0,813.91,1.0,833.95,1.0,823.9300000000001,,,,,,,,,2026-06-29,1127.42,1146.99,1024.78,1145.0,1.16964e6,1090.767714
2026-06-29T20:31:25.125,30,32,MU260731C00335000,MU,2026-07-31,call,335.0,791.39,1.0,813.82,1.0,802.605,827.93,1.0,,,,,,,2026-06-29,1127.42,1146.99,1024.78,1145.0,1.16964e6,1090.767714
2026-06-29T20:31:25.125,30,32,MU260731C00340000,MU,2026-07-31,call,340.0,802.86,1.0,805.43,1.0,804.145,822.98,1.0,,,,,,,2026-06-29,1127.42,1146.99,1024.78,1145.0,1.16964e6,1090.767714
2026-06-29T20:31:25.125,30,32,MU260731C00345000,MU,2026-07-31,call,345.0,786.84,1.0,793.96,1.0,790.4000000000001,,,,,,,,,2026-06-29,1127.42,1146.99,1024.78,1145.0,1.16964e6,1090.767714
2026-06-29T20:31:25.125,30,32,MU260731C00350000,MU,2026-07-31,call,350.0,804.53,1.0,817.86,1.0,811.1949999999999,,,,,,,,,2026-06-29,1127.42,1146.99,1024.78,1145.0,1.16964e6,1090.767714
2026-06-29T20:31:25.125,30,32,MU260731C00355000,MU,2026-07-31,call,355.0,790.43,1.0,804.43,1.0,797.43,,,,,,,,,2026-06-29,1127.42,1146.99,1024.78,1145.0,1.16964e6,1090.767714
2026-06-29T20:31:25.125,30,32,MU260731C00360000,MU,2026-07-31,call,360.0,770.54,1.0,778.75,1.0,774.645,695.09,1.0,,,,,,,2026-06-29,1127.42,1146.99,1024.78,1145.0,1.16964e6,1090.767714
2026-06-29T20:31:25.125,30,32,MU260731C00365000,MU,2026-07-31,call,365.0,777.0,1.0,796.89,1.0,786.9449999999999,,,,,,,,,2026-06-29,1127.42,1146.99,1024.78,1145.0,1.16964e6,1090.767714
2026-06-29T20:31:25.125,30,32,MU260731C00370000,MU,2026-07-31,call,370.0,760.15,1.0,773.86,1.0,767.005,783.84,1.0,,,,,,,2026-06-29,1127.42,1146.99,1024.78,1145.0,1.16964e6,1090.767714
2026-06-29T20:31:25.125,30,32,MU260731C00375000,MU,2026-07-31,call,375.0,777.18,1.0,789.48,1.0,783.3299999999999,,,,,,,,,2026-06-29,1127.42,1146.99,1024.78,1145.0,1.16964e6,1090.767714
2026-06-29T20:31:25.125,30,32,MU260731C00380000,MU,2026-07-31,call,380.0,762.02,1.0,785.47,1.0,773.745,782.22,4.0,,,,,,,2026-06-29,1127.42,1146.99,1024.78,1145.0,1.16964e6,1090.767714
2026-06-29T20:31:25.125,30,32,MU260731C00385000,MU,2026-07-31,call,385.0,771.25,1.0,785.1,1.0,778.175,,,,,,,,,2026-06-29,1127.42,1146.99,1024.78,1145.0,1.16964e6,1090.767714
2026-06-29T20:31:25.125,30,32,MU260731C00390000,MU,2026-07-31,call,390.0,739.71,1.0,751.91,1.0,745.81,,,,,,,,,2026-06-29,1127.42,1146.99,1024.78,1145.0,1.16964e6,1090.767714
2026-06-29T20:31:25.125,30,32,MU260731C00395000,MU,2026-07-31,call,395.0,757.98,1.0,772.63,1.0,765.3050000000001,,,,,,,,,2026-06-29,1127.42,1146.99,1024.78,1145.0,1.16964e6,1090.767714
2026-06-29T20:31:25.125,30,32,MU260731C00400000,MU,2026-07-31,call,400.0,728.15,1.0,749.8,1.0,738.9749999999999,769.57,3.0,,,,,,,2026-06-29,1127.42,1146.99,1024.78,1145.0,1.16964e6,1090.767714
2026-06-29T20:31:25.125,30,32,MU260731C00405000,MU,2026-07-31,call,405.0,740.6,1.0,757.5,1.0,749.05,,,,,,,,,2026-06-29,1127.42,1146.99,1024.78,1145.0,1.16964e6,1090.767714
2026-06-29T20:31:25.125,30,32,MU260731C00410000,MU,2026-07-31,call,410.0,732.27,1.0,750.4,1.0,741.335,614.01,2.0,,,,,,,2026-06-29,1127.42,1146.99,1024.78,1145.0,1.16964e6,1090.767714
2026-06-29T20:31:25.125,30,32,MU260731C00415000,MU,2026-07-31,call,415.0,716.83,1.0,750.76,1.0,733.7950000000001,,,,,,,,,2026-06-29,1127.42,1146.99,1024.78,1145.0,1.16964e6,1090.767714
2026-06-29T20:31:25.125,30,32,MU260731C00420000,MU,2026-07-31,call,420.0,707.08,1.0,736.53,1.0,721.8050000000001,785.46,1.0,,,,,,,2026-06-29,1127.42,1146.99,1024.78,1145.0,1.16964e6,1090.767714
2026-06-29T20:31:25.125,30,32,MU260731C00425000,MU,2026-07-31,call,425.0,713.07,1.0,716.34,1.0,714.705,,,,,,,,,2026-06-29,1127.42,1146.99,1024.78,1145.0,1.16964e6,1090.767714
2026-06-29T20:31:25.125,30,32,MU260731C00430000,MU,2026-07-31,call,430.0,714.26,1.0,738.32,1.0,726.29,696.22,1.0,,,,,,,2026-06-29,1127.42,1146.99,1024.78,1145.0,1.16964e6,1090.767714
2026-06-29T20:31:25.125,30,32,MU260731C00435000,MU,2026-07-31,call,435.0,702.14,1.0,734.81,1.0,718.4749999999999,,,,,,,,,2026-06-29,1127.42,1146.99,1024.78,1145.0,1.16964e6,1090.767714
2026-06-29T20:31:25.125,30,32,MU260731C00440000,MU,2026-07-31,call,440.0,690.29,1.0,701.78,1.0,696.035,,,,,,,,,2026-06-29,1127.42,1146.99,1024.78,1145.0,1.16964e6,1090.767714
2026-06-29T20:31:25.125,30,32,MU260731C00445000,MU,2026-07-31,call,445.0,702.17,1.0,704.0,1.0,703.085,,,,,,,,,2026-06-29,1127.42,1146.99,1024.78,1145.0,1.16964e6,1090.767714
2026-06-29T20:31:25.125,30,32,MU260731C00450000,MU,2026-07-31,call,450.0,702.12,1.0,716.52,1.0,709.3199999999999,759.9,1.0,,,,,,,2026-06-29,1127.42,1146.99,1024.78,1145.0,1.16964e6,1090.767714
2026-06-29T20:31:25.125,30,32,MU260731C00455000,MU,2026-07-31,call,455.0,681.13,1.0,714.14,1.0,697.635,,,,,,,,,2026-06-29,1127.42,1146.99,1024.78,1145.0,1.16964e6,1090.767714
2026-06-29T20:31:25.125,30,32,MU260731C00460000,MU,2026-07-31,call,460.0,693.55,1.0,695.13,1.0,694.3399999999999,,,,,,,,,2026-06-29,1127.42,1146.99,1024.78,1145.0,1.16964e6,1090.767714
2026-06-29T20:31:25.125,30,32,MU260731C00465000,MU,2026-07-31,call,465.0,685.47,1.0,703.82,1.0,694.645,,,,,,,,,2026-06-29,1127.42,1146.99,1024.78,1145.0,1.16964e6,1090.767714
2026-06-29T20:31:25.125,30,32,MU260731C00470000,MU,2026-07-31,call,470.0,682.78,1.0,696.48,1.0,689.63,599.53,1.0,,,,,,,2026-06-29,1127.42,1146.99,1024.78,1145.0,1.16964e6,1090.767714
2026-06-29T20:31:25.125,30,32,MU260731C00475000,MU,2026-07-31,call,475.0,655.6,1.0,684.91,1.0,670.255,516.049,1.0,,,,,,,2026-06-29,1127.42,1146.99,1024.78,1145.0,1.16964e6,1090.767714
2026-06-29T20:31:25.125,30,32,MU260731C00480000,MU,2026-07-31,call,480.0,670.56,1.0,681.57,2.0,676.065,,,,,,,,,2026-06-29,1127.42,1146.99,1024.78,1145.0,1.16964e6,1090.767714
2026-06-29T20:31:25.125,30,32,MU260731C00485000,MU,2026-07-31,call,485.0,664.38,1.0,678.13,1.0,671.255,710.09,1.0,,,,,,,2026-06-29,1127.42,1146.99,1024.78,1145.0,1.16964e6,1090.767714
2026-06-29T20:31:25.125,30,32,MU260731C00490000,MU,2026-07-31,call,490.0,644.96,1.0,661.15,1.0,653.0550000000001,,,,,,,,,2026-06-29,1127.42,1146.99,1024.78,1145.0,1.16964e6,1090.767714
2026-06-29T20:31:25.125,30,32,MU260731C00495000,MU,2026-07-31,call,495.0,643.81,1.0,667.13,1.0,655.47,,,,,,,,,2026-06-29,1127.42,1146.99,1024.78,1145.0,1.16964e6,1090.767714
2026-06-29T20:31:25.125,30,32,MU260731C00500000,MU,2026-07-31,call,500.0,641.72,4.0,651.0,1.0,646.36,665.78,2.0,,,,,,,2026-06-29,1127.42,1146.99,1024.78,1145.0,1.16964e6,1090.767714
2026-06-29T20:31:25.125,30,32,MU260731C00505000,MU,2026-07-31,call,505.0,649.58,1.0,663.58,1.0,656.58,,,,,,,,,2026-06-29,1127.42,1146.99,1024.78,1145.0,1.16964e6,1090.767714
2026-06-29T20:31:25.125,30,32,MU260731C00510000,MU,2026-07-31,call,510.0,631.16,1.0,658.06,1.0,644.6099999999999,568.96,2.0,,,,,,,2026-06-29,1127.42,1146.99,1024.78,1145.0,1.16964e6,1090.767714
2026-06-29T20:31:25.125,30,32,MU260731C00515000,MU,2026-07-31,call,515.0,624.61,1.0,645.28,1.0,634.9449999999999,563.88,2.0,,,,,,,2026-06-29,1127.42,1146.99,1024.78,1145.0,1.16964e6,1090.767714
2026-06-29T20:31:25.125,30,32,MU260731C00520000,MU,2026-07-31,call,520.0,617.51,1.0,631.06,1.0,624.285,559.54,2.0,,,,,,,2026-06-29,1127.42,1146.99,1024.78,1145.0,1.16964e6,1090.767714
2026-06-29T20:31:25.125,30,32,MU260731C00525000,MU,2026-07-31,call,525.0,620.41,1.0,639.45,1.0,629.9300000000001,671.49,1.0,,,,,,,2026-06-29,1127.42,1146.99,1024.78,1145.0,1.16964e6,1090.767714
2026-06-29T20:31:25.125,30,32,MU260731C00530000,MU,2026-07-31,call,530.0,609.3,1.0,621.84,1.0,615.5699999999999,695.16,1.0,,,,,,,2026-06-29,1127.42,1146.99,1024.78,1145.0,1.16964e6,1090.767714
2026-06-29T20:31:25.125,30,32,MU260731C00535000,MU,2026-07-31,call,535.0,598.09,1.0,630.18,2.0,614.135,545.2,2.0,,,,,,,2026-06-29,1127.42,1146.99,1024.78,1145.0,1.16964e6,1090.767714
2026-06-29T20:31:25.125,30,32,MU260731C00540000,MU,2026-07-31,call,540.0,601.75,1.0,608.99,1.0,605.37,678.74,1.0,,,,,,,2026-06-29,1127.42,1146.99,1024.78,1145.0,1.16964e6,1090.767714
2026-06-29T20:31:25.125,30,32,MU260731C00545000,MU,2026-07-31,call,545.0,603.72,1.0,623.55,1.0,613.635,643.42,1.0,,,,,,,2026-06-29,1127.42,1146.99,1024.78,1145.0,1.16964e6,1090.767714
2026-06-29T20:31:25.125,30,32,MU260731C00550000,MU,2026-07-31,call,550.0,599.93,1.0,605.38,1.0,602.655,677.3,1.0,,,,,,,2026-06-29,1127.42,1146.99,1024.78,1145.0,1.16964e6,1090.767714
2026-06-29T20:31:25.125,30,32,MU260731C00555000,MU,2026-07-31,call,555.0,582.49,1.0,613.41,1.0,597.95,,,,,,,,,2026-06-29,1127.42,1146.99,1024.78,1145.0,1.16964e6,1090.767714
2026-06-29T20:31:25.125,30,32,MU260731C00560000,MU,2026-07-31,call,560.0,593.32,1.0,608.98,1.0,601.1500000000001,509.07,1.0,,,,,,,2026-06-29,1127.42,1146.99,1024.78,1145.0,1.16964e6,1090.767714
2026-06-29T20:31:25.125,30,32,MU260731C00565000,MU,2026-07-31,call,565.0,574.11,1.0,586.68,1.0,580.395,537.53,1.0,,,,,,,2026-06-29,1127.42,1146.99,1024.78,1145.0,1.16964e6,1090.767714
2026-06-29T20:31:25.125,30,32,MU260731C00570000,MU,2026-07-31,call,570.0,566.09,1.0,594.4,1.0,580.245,493.69,1.0,,,,,,,2026-06-29,1127.42,1146.99,1024.78,1145.0,1.16964e6,1090.767714
2026-06-29T20:31:25.125,30,32,MU260731C00575000,MU,2026-07-31,call,575.0,572.6,1.0,594.95,1.0,583.7750000000001,489.39,1.0,,,,,,,2026-06-29,1127.42,1146.99,1024.78,1145.0,1.16964e6,1090.767714
2026-06-29T20:31:25.125,30,32,MU260731C00580000,MU,2026-07-31,call,580.0,560.95,3.0,580.25,1.0,570.6,564.59,1.0,,,,,,,2026-06-29,1127.42,1146.99,1024.78,1145.0,1.16964e6,1090.767714
2026-06-29T20:31:25.125,30,32,MU260731C00585000,MU,2026-07-31,call,585.0,563.26,1.0,569.69,1.0,566.475,484.29,1.0,,,,,,,2026-06-29,1127.42,1146.99,1024.78,1145.0,1.16964e6,1090.767714
2026-06-29T20:31:25.125,30,32,MU260731C00590000,MU,2026-07-31,call,590.0,563.43,1.0,577.78,1.0,570.605,468.42,1.0,,,,,,,2026-06-29,1127.42,1146.99,1024.78,1145.0,1.16964e6,1090.767714
2026-06-29T20:31:25.125,30,32,MU260731C00595000,MU,2026-07-31,call,595.0,540.96,3.0,565.94,3.0,553.45,466.6,1.0,,,,,,,2026-06-29,1127.42,1146.99,1024.78,1145.0,1.16964e6,1090.767714
2026-06-29T20:31:25.125,30,32,MU260731C00600000,MU,2026-07-31,call,600.0,554.02,1.0,558.68,1.0,556.3499999999999,471.86,1.0,,,,,,,2026-06-29,1127.42,1146.99,1024.78,1145.0,1.16964e6,1090.767714
2026-06-29T20:31:25.125,30,32,MU260731C00605000,MU,2026-07-31,call,605.0,539.41,1.0,561.53,1.0,550.47,454.99,1.0,,,,,,,2026-06-29,1127.42,1146.99,1024.78,1145.0,1.16964e6,1090.767714
2026-06-29T20:31:25.125,30,32,MU260731C00610000,MU,2026-07-31,call,610.0,539.77,1.0,548.95,1.0,544.36,465.38,1.0,,,,,,,2026-06-29,1127.42,1146.99,1024.78,1145.0,1.16964e6,1090.767714
2026-06-29T20:31:25.125,30,32,MU260731C00615000,MU,2026-07-31,call,615.0,522.25,1.0,545.13,1.0,533.69,456.17,1.0,,,,,,,2026-06-29,1127.42,1146.99,1024.78,1145.0,1.16964e6,1090.767714
2026-06-29T20:31:25.125,30,32,MU260731C00620000,MU,2026-07-31,call,620.0,535.94,1.0,549.74,1.0,542.84,441.69,1.0,,,,,,,2026-06-29,1127.42,1146.99,1024.78,1145.0,1.16964e6,1090.767714
2026-06-29T20:31:25.125,30,32,MU260731C00625000,MU,2026-07-31,call,625.0,513.08,1.0,526.6,1.0,519.84,436.89,1.0,,,,,,,2026-06-29,1127.42,1146.99,1024.78,1145.0,1.16964e6,1090.767714
2026-06-29T20:31:25.125,30,32,MU260731C00630000,MU,2026-07-31,call,630.0,525.87,2.0,527.42,1.0,526.645,439.48,1.0,,,,,,,2026-06-29,1127.42,1146.99,1024.78,1145.0,1.16964e6,1090.767714
2026-06-29T20:31:25.125,30,32,MU260731C00635000,MU,2026-07-31,call,635.0,503.13,1.0,532.39,1.0,517.76,443.83,2.0,,,,,,,2026-06-29,1127.42,1146.99,1024.78,1145.0,1.16964e6,1090.767714
2026-06-29T20:31:25.125,30,32,MU260731C00640000,MU,2026-07-31,call,640.0,505.58,1.0,520.669,1.0,513.1245,439.47,2.0,,,,,,,2026-06-29,1127.42,1146.99,1024.78,1145.0,1.16964e6,1090.767714
2026-06-29T20:31:25.125,30,32,MU260731C00645000,MU,2026-07-31,call,645.0,504.49,3.0,524.159,1.0,514.3245,438.53,2.0,,,,,,,2026-06-29,1127.42,1146.99,1024.78,1145.0,1.16964e6,1090.767714
2026-06-29T20:31:25.125,30,32,MU260731C00650000,MU,2026-07-31,call,650.0,495.19,1.0,504.32,1.0,499.755,413.48,1.0,,,,,,,2026-06-29,1127.42,1146.99,1024.78,1145.0,1.16964e6,1090.767714
2026-06-29T20:31:25.125,30,32,MU260731C00655000,MU,2026-07-31,call,655.0,489.58,5.0,514.809,1.0,502.19449999999995,427.14,2.0,,,,,,,2026-06-29,1127.42,1146.99,1024.78,1145.0,1.16964e6,1090.767714
2026-06-29T20:31:25.125,30,32,MU260731C00660000,MU,2026-07-31,call,660.0,498.33,1.0,512.98,1.0,505.655,406.68,1.0,,,,,,,2026-06-29,1127.42,1146.99,1024.78,1145.0,1.16964e6,1090.767714
2026-06-29T20:31:25.125,30,32,MU260731C00665000,MU,2026-07-31,call,665.0,486.03,1.0,491.85,1.0,488.94,417.68,2.0,,,,,,,2026-06-29,1127.42,1146.99,1024.78,1145.0,1.16964e6,1090.767714
2026-06-29T20:31:25.125,30,32,MU260731C00670000,MU,2026-07-31,call,670.0,473.86,1.0,503.19,1.0,488.525,415.83,2.0,,,,,,,2026-06-29,1127.42,1146.99,1024.78,1145.0,1.16964e6,1090.767714
2026-06-29T20:31:25.125,30,32,MU260731C00675000,MU,2026-07-31,call,675.0,473.61,1.0,497.34,1.0,485.475,407.89,2.0,,,,,,,2026-06-29,1127.42,1146.99,1024.78,1145.0,1.16964e6,1090.767714
2026-06-29T20:31:25.125,30,32,MU260731C00680000,MU,2026-07-31,call,680.0,474.3,1.0,480.73,1.0,477.515,404.12,2.0,,,,,,,2026-06-29,1127.42,1146.99,1024.78,1145.0,1.16964e6,1090.767714
2026-06-29T20:31:25.125,30,32,MU260731C00685000,MU,2026-07-31,call,685.0,460.5,1.0,471.76,1.0,466.13,383.97,1.0,,,,,,,2026-06-29,1127.42,1146.99,1024.78,1145.0,1.16964e6,1090.767714
2026-06-29T20:31:25.125,30,32,MU260731C00690000,MU,2026-07-31,call,690.0,458.98,1.0,474.32,1.0,466.65,379.73,1.0,,,,,,,2026-06-29,1127.42,1146.99,1024.78,1145.0,1.16964e6,1090.767714
2026-06-29T20:31:25.125,30,32,MU260731C00695000,MU,2026-07-31,call,695.0,460.55,1.0,468.27,4.0,464.40999999999997,460.55,1.0,,,,,,,2026-06-29,1127.42,1146.99,1024.78,1145.0,1.16964e6,1090.767714
2026-06-29T20:31:25.125,30,32,MU260731C00700000,MU,2026-07-31,call,700.0,448.96,2.0,465.82,1.0,457.39,431.51,1.0,,,,,,,2026-06-29,1127.42,1146.99,1024.78,1145.0,1.16964e6,1090.767714
2026-06-29T20:31:25.125,30,32,MU260731C00705000,MU,2026-07-31,call,705.0,446.04,1.0,459.59,1.0,452.815,421.46,1.0,,,,,,,2026-06-29,1127.42,1146.99,1024.78,1145.0,1.16964e6,1090.767714
2026-06-29T20:31:25.125,30,32,MU260731C00710000,MU,2026-07-31,call,710.0,444.0,1.0,465.16,1.0,454.58000000000004,416.94,1.0,,,,,,,2026-06-29,1127.42,1146.99,1024.78,1145.0,1.16964e6,1090.767714
2026-06-29T20:31:25.125,30,32,MU260731C00715000,MU,2026-07-31,call,715.0,445.87,2.0,454.7,1.0,450.28499999999997,415.9,5.0,,,,,,,2026-06-29,1127.42,1146.99,1024.78,1145.0,1.16964e6,1090.767714
2026-06-29T20:31:25.125,30,32,MU260731C00720000,MU,2026-07-31,call,720.0,435.1,1.0,449.34,1.0,442.22,412.86,1.0,,,,,,,2026-06-29,1127.42,1146.99,1024.78,1145.0,1.16964e6,1090.767714
2026-06-29T20:31:25.125,30,32,MU260731C00725000,MU,2026-07-31,call,725.0,432.05,1.0,438.02,1.0,435.03499999999997,403.19,1.0,,,,,,,2026-06-29,1127.42,1146.99,1024.78,1145.0,1.16964e6,1090.767714
2026-06-29T20:31:25.125,30,32,MU260731C00730000,MU,2026-07-31,call,730.0,417.78,1.0,439.87,1.0,428.825,360.5,2.0,,,,,,,2026-06-29,1127.42,1146.99,1024.78,1145.0,1.16964e6,1090.767714
2026-06-29T20:31:25.125,30,32,MU260731C00735000,MU,2026-07-31,call,735.0,415.96,2.0,426.01,1.0,420.985,399.37,1.0,,,,,,,2026-06-29,1127.42,1146.99,1024.78,1145.0,1.16964e6,1090.767714
2026-06-29T20:31:25.125,30,32,MU260731C00740000,MU,2026-07-31,call,740.0,413.84,1.0,434.46,1.0,424.15,394.68,1.0,,,,,,,2026-06-29,1127.42,1146.99,1024.78,1145.0,1.16964e6,1090.767714
2026-06-29T20:31:25.125,30,32,MU260731C00745000,MU,2026-07-31,call,745.0,411.18,1.0,425.33,2.0,418.255,386.88,1.0,,,,,,,2026-06-29,1127.42,1146.99,1024.78,1145.0,1.16964e6,1090.767714
2026-06-29T20:31:25.125,30,32,MU260731C00750000,MU,2026-07-31,call,750.0,408.18,3.0,425.57,1.0,416.875,386.67,1.0,,,,,,,2026-06-29,1127.42,1146.99,1024.78,1145.0,1.16964e6,1090.767714
2026-06-29T20:31:25.125,30,32,MU260731C00755000,MU,2026-07-31,call,755.0,407.68,1.0,421.63,1.0,414.655,317.41,1.0,,,,,,,2026-06-29,1127.42,1146.99,1024.78,1145.0,1.16964e6,1090.767714
2026-06-29T20:31:25.125,30,32,MU260731C00760000,MU,2026-07-31,call,760.0,396.8,1.0,406.97,1.0,401.885,372.43,1.0,1.2007,0.9074,0.0004,-1.1125,0.5594,0.5538,2026-06-29,1127.42,1146.99,1024.78,1145.0,1.16964e6,1090.767714
2026-06-29T20:31:25.125,30,32,MU260731C00765000,MU,2026-07-31,call,765.0,396.56,1.0,405.15,1.0,400.855,325.18,2.0,1.2537,0.8973,0.0004,-1.2436,0.6033,0.5447,2026-06-29,1127.42,1146.99,1024.78,1145.0,1.16964e6,1090.767714
2026-06-29T20:31:25.125,30,32,MU260731C00770000,MU,2026-07-31,call,770.0,394.56,1.0,404.74,1.0,399.65,367.95,1.0,1.2989,0.8885,0.0004,-1.3605,0.6403,0.5369,2026-06-29,1127.42,1146.99,1024.78,1145.0,1.16964e6,1090.767714
2026-06-29T20:31:25.125,30,32,MU260731C00775000,MU,2026-07-31,call,775.0,376.23,1.0,398.48,1.0,387.355,358.88,1.0,,,,,,,2026-06-29,1127.42,1146.99,1024.78,1145.0,1.16964e6,1090.767714
2026-06-29T20:31:25.125,30,32,MU260731C00780000,MU,2026-07-31,call,780.0,376.24,5.0,391.69,1.0,383.96500000000003,312.17,2.0,,,,,,,2026-06-29,1127.42,1146.99,1024.78,1145.0,1.16964e6,1090.767714
2026-06-29T20:31:25.125,30,32,MU260731C00785000,MU,2026-07-31,call,785.0,374.47,1.0,392.46,1.0,383.46500000000003,354.65,1.0,,,,,,,2026-06-29,1127.42,1146.99,1024.78,1145.0,1.16964e6,1090.767714
2026-06-29T20:31:25.125,30,32,MU260731C00790000,MU,2026-07-31,call,790.0,366.71,1.0,383.88,1.0,375.29499999999996,307.88,2.0,1.1679,0.8926,0.0005,-1.2017,0.6235,0.5623,2026-06-29,1127.42,1146.99,1024.78,1145.0,1.16964e6,1090.767714
2026-06-29T20:31:25.125,30,32,MU260731C00795000,MU,2026-07-31,call,795.0,364.04,1.0,373.76,1.0,368.9,341.14,1.0,1.1304,0.8946,0.0005,-1.1511,0.615,0.5699,2026-06-29,1127.42,1146.99,1024.78,1145.0,1.16964e6,1090.767714
2026-06-29T20:31:25.125,30,32,MU260731C00800000,MU,2026-07-31,call,800.0,361.85,1.0,379.01,1.0,370.43,340.74,1.0,1.2161,0.879,0.0005,-1.352,0.6785,0.5531,2026-06-29,1127.42,1146.99,1024.78,1145.0,1.16964e6,1090.767714
2026-06-29T20:31:25.125,30,32,MU260731C00805000,MU,2026-07-31,call,805.0,354.6,2.0,363.72,1.0,359.16,332.3,1.0,1.1051,0.8914,0.0005,-1.1501,0.6283,0.5753,2026-06-29,1127.42,1146.99,1024.78,1145.0,1.16964e6,1090.767714
2026-06-29T20:31:25.125,30,32,MU260731C00810000,MU,2026-07-31,call,810.0,356.47,1.0,368.2,1.0,362.33500000000004,332.98,1.0,1.2124,0.8724,0.0005,-1.3967,0.7041,0.5536,2026-06-29,1127.42,1146.99,1024.78,1145.0,1.16964e6,1090.767714
2026-06-29T20:31:25.125,30,32,MU260731C00815000,MU,2026-07-31,call,815.0,342.58,1.0,364.91,1.0,353.745,324.36,1.0,1.1452,0.8782,0.0005,-1.2841,0.6816,0.5669,2026-06-29,1127.42,1146.99,1024.78,1145.0,1.16964e6,1090.767714
2026-06-29T20:31:25.125,30,32,MU260731C00820000,MU,2026-07-31,call,820.0,347.41,2.0,358.26,1.0,352.83500000000004,279.54,2.0,1.1882,0.8685,0.0005,-1.3988,0.7193,0.5579,2026-06-29,1127.42,1146.99,1024.78,1145.0,1.16964e6,1090.767714
2026-06-29T20:31:25.125,30,32,MU260731C00825000,MU,2026-07-31,call,825.0,338.68,2.0,352.18,1.0,345.43,320.38,1.0,1.1391,0.8717,0.0005,-1.3228,0.707,0.5677,2026-06-29,1127.42,1146.99,1024.78,1145.0,1.16964e6,1090.767714
2026-06-29T20:31:25.125,30,32,MU260731C00830000,MU,2026-07-31,call,830.0,330.98,2.0,339.49,2.0,335.235,275.26,1.0,1.0487,0.882,0.0006,-1.1592,0.6668,0.5869,2026-06-29,1127.42,1146.99,1024.78,1145.0,1.16964e6,1090.767714
2026-06-29T20:31:25.125,30,32,MU260731C00835000,MU,2026-07-31,call,835.0,324.85,1.0,342.54,1.0,333.69500000000005,255.11,1.0,1.0844,0.8723,0.0006,-1.2594,0.7045,0.5786,2026-06-29,1127.42,1146.99,1024.78,1145.0,1.16964e6,1090.767714
2026-06-29T20:31:25.125,30,32,MU260731C00840000,MU,2026-07-31,call,840.0,327.43,1.0,340.21,1.0,333.82,254.55,20.0,1.1397,0.8601,0.0006,-1.4006,0.7504,0.5662,2026-06-29,1127.42,1146.99,1024.78,1145.0,1.16964e6,1090.767714
2026-06-29T20:31:25.125,30,32,MU260731C00845000,MU,2026-07-31,call,845.0,322.96,1.0,335.93,3.0,329.445,286.02,1.0,1.1325,0.8572,0.0006,-1.411,0.761,0.5671,2026-06-29,1127.42,1146.99,1024.78,1145.0,1.16964e6,1090.767714
2026-06-29T20:31:25.125,30,32,MU260731C00850000,MU,2026-07-31,call,850.0,311.18,1.0,330.99,1.0,321.08500000000004,338.22,1.0,1.0727,0.8622,0.0006,-1.3102,0.7425,0.5796,2026-06-29,1127.42,1146.99,1024.78,1145.0,1.16964e6,1090.767714
2026-06-29T20:31:25.125,30,32,MU260731C00855000,MU,2026-07-31,call,855.0,310.45,1.0,329.11,1.0,319.78,259.16,2.0,1.1062,0.853,0.0006,-1.406,0.7759,0.5714,2026-06-29,1127.42,1146.99,1024.78,1145.0,1.16964e6,1090.767714
2026-06-29T20:31:25.125,30,32,MU260731C00860000,MU,2026-07-31,call,860.0,303.18,1.0,325.23,2.0,314.20500000000004,235.49,1.0,1.0835,0.8523,0.0006,-1.3832,0.7784,0.5756,2026-06-29,1127.42,1146.99,1024.78,1145.0,1.16964e6,1090.767714
2026-06-29T20:31:25.125,30,32,MU260731C00865000,MU,2026-07-31,call,865.0,300.31,1.0,324.47,1.0,312.39,253.67,2.0,1.1084,0.8443,0.0006,-1.4605,0.806,0.5693,2026-06-29,1127.42,1146.99,1024.78,1145.0,1.16964e6,1090.767714
2026-06-29T20:31:25.125,30,32,MU260731C00870000,MU,2026-07-31,call,870.0,306.17,1.0,311.27,1.0,308.72,227.99,1.0,1.1093,0.84,0.0007,-1.487,0.8207,0.5682,2026-06-29,1127.42,1146.99,1024.78,1145.0,1.16964e6,1090.767714
2026-06-29T20:31:25.125,30,32,MU260731C00875000,MU,2026-07-31,call,875.0,298.79,1.0,308.59,1.0,303.69,381.55,3.0,1.0934,0.838,0.0007,-1.4781,0.8272,0.5706,2026-06-29,1127.42,1146.99,1024.78,1145.0,1.16964e6,1090.767714
2026-06-29T20:31:25.125,30,32,MU260731C00880000,MU,2026-07-31,call,880.0,297.3,1.0,313.05,1.0,305.175,249.51,1.0,1.154,0.8252,0.0007,-1.6298,0.8688,0.5565,2026-06-29,1127.42,1146.99,1024.78,1145.0,1.16964e6,1090.767714
2026-06-29T20:31:25.125,30,32,MU260731C00885000,MU,2026-07-31,call,885.0,289.39,1.0,307.66,1.0,298.525,216.17,1.0,1.1191,0.8256,0.0007,-1.5808,0.8675,0.5627,2026-06-29,1127.42,1146.99,1024.78,1145.0,1.16964e6,1090.767714
2026-06-29T20:31:25.125,30,32,MU260731C00890000,MU,2026-07-31,call,890.0,282.66,1.0,304.79,1.0,293.725,205.34,1.0,1.1056,0.8231,0.0007,-1.5764,0.8755,0.5644,2026-06-29,1127.42,1146.99,1024.78,1145.0,1.16964e6,1090.767714
2026-06-29T20:31:25.125,30,32,MU260731C00895000,MU,2026-07-31,call,895.0,280.15,1.0,300.24,1.0,290.195,262.7,3.0,1.1064,0.8185,0.0007,-1.602,0.8897,0.5629,2026-06-29,1127.42,1146.99,1024.78,1145.0,1.16964e6,1090.767714
2026-06-29T20:31:25.125,30,32,MU260731C00900000,MU,2026-07-31,call,900.0,272.16,6.0,293.52,1.0,282.84000000000003,259.75,3.0,1.0641,0.82,0.0007,-1.5364,0.8851,0.5709,2026-06-29,1127.42,1146.99,1024.78,1145.0,1.16964e6,1090.767714
2026-06-29T20:31:25.125,30,32,MU260731C00905000,MU,2026-07-31,call,905.0,277.94,1.0,290.22,1.0,284.08000000000004,209.38,1.0,1.1173,0.8079,0.0007,-1.6717,0.9213,0.5578,2026-06-29,1127.42,1146.99,1024.78,1145.0,1.16964e6,1090.767714
2026-06-29T20:31:25.125,30,32,MU260731C00910000,MU,2026-07-31,call,910.0,263.63,1.0,286.11,1.0,274.87,286.43,1.0,1.0554,0.8119,0.0008,-1.5647,0.9096,0.5698,2026-06-29,1127.42,1146.99,1024.78,1145.0,1.16964e6,1090.767714
2026-06-29T20:31:25.125,30,32,MU260731C00915000,MU,2026-07-31,call,915.0,262.07,1.0,280.43,1.0,271.25,208.87,5.0,1.0547,0.8072,0.0008,-1.5863,0.9234,0.5683,2026-06-29,1127.42,1146.99,1024.78,1145.0,1.16964e6,1090.767714
2026-06-29T20:31:25.125,30,32,MU260731C00920000,MU,2026-07-31,call,920.0,264.87,3.0,278.71,1.0,271.78999999999996,223.52,1.0,1.0977,0.7966,0.0008,-1.6994,0.9539,0.5572,2026-06-29,1127.42,1146.99,1024.78,1145.0,1.16964e6,1090.767714
2026-06-29T20:31:25.125,30,32,MU260731C00925000,MU,2026-07-31,call,925.0,260.089,1.0,270.81,1.0,265.4495,139.31,2.0,1.0675,0.7958,0.0008,-1.6586,0.9561,0.562,2026-06-29,1127.42,1146.99,1024.78,1145.0,1.16964e6,1090.767714
2026-06-29T20:31:25.125,30,32,MU260731C00930000,MU,2026-07-31,call,930.0,257.6,1.0,270.87,1.0,264.235,327.0,1.0,1.0905,0.7879,0.0008,-1.7288,0.9776,0.5552,2026-06-29,1127.42,1146.99,1024.78,1145.0,1.16964e6,1090.767714
2026-06-29T20:31:25.125,30,32,MU260731C00935000,MU,2026-07-31,call,935.0,245.15,1.0,259.48,1.0,252.315,275.56,1.0,1.003,0.795,0.0008,-1.5668,0.9582,0.5727,2026-06-29,1127.42,1146.99,1024.78,1145.0,1.16964e6,1090.767714
2026-06-29T20:31:25.125,30,32,MU260731C00940000,MU,2026-07-31,call,940.0,243.09,1.0,258.41,1.0,250.75,231.61,1.0,1.0226,0.7871,0.0008,-1.6301,0.9799,0.5661,2026-06-29,1127.42,1146.99,1024.78,1145.0,1.16964e6,1090.767714
2026-06-29T20:31:25.125,30,32,MU260731C00945000,MU,2026-07-31,call,945.0,244.74,3.0,258.63,1.0,251.685,265.06,1.0,1.0661,0.7762,0.0008,-1.7426,1.0083,0.5545,2026-06-29,1127.42,1146.99,1024.78,1145.0,1.16964e6,1090.767714
2026-06-29T20:31:25.125,30,32,MU260731C00950000,MU,2026-07-31,call,950.0,244.41,2.0,252.28,13.0,248.345,220.6,1.0,1.066,0.7712,0.0008,-1.7634,1.021,0.5524,2026-06-29,1127.42,1146.99,1024.78,1145.0,1.16964e6,1090.767714
2026-06-29T20:31:25.125,30,32,MU260731C00955000,MU,2026-07-31,call,955.0,232.82,3.0,245.38,1.0,239.1,234.0,6.0,1.0071,0.7737,0.0009,-1.6608,1.0148,0.5631,2026-06-29,1127.42,1146.99,1024.78,1145.0,1.16964e6,1090.767714
2026-06-29T20:31:25.125,30,32,MU260731C00960000,MU,2026-07-31,call,960.0,232.2,10.0,240.04,3.0,236.12,215.75,1.0,1.0106,0.768,0.0009,-1.6889,1.0293,0.56,2026-06-29,1127.42,1146.99,1024.78,1145.0,1.16964e6,1090.767714
2026-06-29T20:31:25.125,30,32,MU260731C00965000,MU,2026-07-31,call,965.0,230.77,2.0,243.32,2.0,237.04500000000002,249.48,1.0,1.051,0.7577,0.0009,-1.7932,1.054,0.549,2026-06-29,1127.42,1146.99,1024.78,1145.0,1.16964e6,1090.767714
2026-06-29T20:31:25.125,30,32,MU260731C00970000,MU,2026-07-31,call,970.0,220.91,2.0,235.87,11.0,228.39,163.0,1.0,0.9998,0.7586,0.0009,-1.7066,1.0519,0.5574,2026-06-29,1127.42,1146.99,1024.78,1145.0,1.16964e6,1090.767714
2026-06-29T20:31:25.125,30,32,MU260731C00975000,MU,2026-07-31,call,975.0,220.04,38.0,234.15,21.0,227.095,223.0,3.0,1.0182,0.751,0.0009,-1.7645,1.0697,0.5509,2026-06-29,1127.42,1146.99,1024.78,1145.0,1.16964e6,1090.767714
2026-06-29T20:31:25.125,30,32,MU260731C00980000,MU,2026-07-31,call,980.0,216.77,27.0,230.27,22.0,223.52,219.8,3.0,1.0148,0.7459,0.0009,-1.7765,1.081,0.549,2026-06-29,1127.42,1146.99,1024.78,1145.0,1.16964e6,1090.767714
2026-06-29T20:31:25.125,30,32,MU260731C00985000,MU,2026-07-31,call,985.0,211.07,1.0,226.43,1.0,218.75,287.86,1.0,1.0002,0.7421,0.001,-1.7652,1.0895,0.5494,2026-06-29,1127.42,1146.99,1024.78,1145.0,1.16964e6,1090.767714
2026-06-29T20:31:25.125,30,32,MU260731C00990000,MU,2026-07-31,call,990.0,213.3,1.0,227.1,1.0,220.2,152.27,1.0,1.042,0.7322,0.0009,-1.8694,1.1107,0.5382,2026-06-29,1127.42,1146.99,1024.78,1145.0,1.16964e6,1090.767714
2026-06-29T20:31:25.125,30,32,MU260731C00995000,MU,2026-07-31,call,995.0,206.85,1.0,223.6,2.0,215.225,253.74,1.0,1.0251,0.7284,0.001,-1.8527,1.1185,0.5388,2026-06-29,1127.42,1146.99,1024.78,1145.0,1.16964e6,1090.767714
2026-06-29T20:31:25.125,30,32,MU260731C01000000,MU,2026-07-31,call,1000.0,208.16,15.0,216.57,1.0,212.365,210.0,10.0,1.027,0.7228,0.001,-1.8741,1.13,0.5357,2026-06-29,1127.42,1146.99,1024.78,1145.0,1.16964e6,1090.767714
2026-06-29T20:31:25.125,30,32,MU260731C01005000,MU,2026-07-31,call,1005.0,204.55,1.0,218.19,2.0,211.37,224.49,1.0,1.0449,0.7157,0.001,-1.9276,1.1438,0.5295,2026-06-29,1127.42,1146.99,1024.78,1145.0,1.16964e6,1090.767714
2026-06-29T20:31:25.125,30,32,MU260731C01010000,MU,2026-07-31,call,1010.0,199.34,17.0,211.0,1.0,205.17000000000002,192.07,10.0,1.017,0.7125,0.001,-1.8875,1.1498,0.5318,2026-06-29,1127.42,1146.99,1024.78,1145.0,1.16964e6,1090.767714
2026-06-29T20:31:25.125,30,32,MU260731C01015000,MU,2026-07-31,call,1015.0,191.4,11.0,207.81,7.0,199.60500000000002,136.75,1.0,0.9947,0.7088,0.001,-1.8585,1.1568,0.5329,2026-06-29,1127.42,1146.99,1024.78,1145.0,1.16964e6,1090.767714
2026-06-29T20:31:25.125,30,32,MU260731C01020000,MU,2026-07-31,call,1020.0,189.65,23.0,206.25,36.0,197.95,147.13,1.0,1.0061,0.7021,0.001,-1.8975,1.169,0.5277,2026-06-29,1127.42,1146.99,1024.78,1145.0,1.16964e6,1090.767714
2026-06-29T20:31:25.125,30,32,MU260731C01025000,MU,2026-07-31,call,1025.0,189.44,21.0,202.53,1.0,195.985,171.33,1.0,1.0143,0.6958,0.001,-1.9297,1.1801,0.5231,2026-06-29,1127.42,1146.99,1024.78,1145.0,1.16964e6,1090.767714
2026-06-29T20:31:25.125,30,32,MU260731C01030000,MU,2026-07-31,call,1030.0,183.46,1.0,199.03,8.0,191.245,182.7,1.0,0.9988,0.6912,0.001,-1.9133,1.1879,0.5227,2026-06-29,1127.42,1146.99,1024.78,1145.0,1.16964e6,1090.767714
2026-06-29T20:31:25.125,30,32,MU260731C01035000,MU,2026-07-31,call,1035.0,185.52,13.0,194.22,2.0,189.87,170.0,1.0,1.0113,0.6846,0.001,-1.9532,1.1989,0.5173,2026-06-29,1127.42,1146.99,1024.78,1145.0,1.16964e6,1090.767714
2026-06-29T20:31:25.125,30,32,MU260731C01040000,MU,2026-07-31,call,1040.0,182.23,8.0,193.17,7.0,187.7,182.23,2.0,1.0168,0.6786,0.001,-1.9783,1.2085,0.5131,2026-06-29,1127.42,1146.99,1024.78,1145.0,1.16964e6,1090.767714
2026-06-29T20:31:25.125,30,32,MU260731C01045000,MU,2026-07-31,call,1045.0,174.95,6.0,191.01,8.0,182.98,175.8,1.0,1.001,0.6737,0.0011,-1.9602,1.216,0.5124,2026-06-29,1127.42,1146.99,1024.78,1145.0,1.16964e6,1090.767714
2026-06-29T20:31:25.125,30,32,MU260731C01050000,MU,2026-07-31,call,1050.0,177.82,14.0,185.61,21.0,181.715,177.35,1.0,1.0134,0.6672,0.0011,-1.9982,1.2256,0.5071,2026-06-29,1127.42,1146.99,1024.78,1145.0,1.16964e6,1090.767714
2026-06-29T20:31:25.125,30,32,MU260731C01055000,MU,2026-07-31,call,1055.0,172.94,10.0,186.49,3.0,179.715,158.0,2.0,1.0194,0.6612,0.0011,-2.0229,1.2342,0.5028,2026-06-29,1127.42,1146.99,1024.78,1145.0,1.16964e6,1090.767714
2026-06-29T20:31:25.125,30,32,MU260731C01060000,MU,2026-07-31,call,1060.0,169.5,30.0,177.11,10.0,173.305,175.6,5.0,0.9895,0.6566,0.0011,-1.9753,1.2406,0.5038,2026-06-29,1127.42,1146.99,1024.78,1145.0,1.16964e6,1090.767714
2026-06-29T20:31:25.125,30,32,MU260731C01065000,MU,2026-07-31,call,1065.0,168.75,1.0,181.99,1.0,175.37,163.26,1.0,1.0276,0.6495,0.0011,-2.0634,1.2501,0.4949,2026-06-29,1127.42,1146.99,1024.78,1145.0,1.16964e6,1090.767714
2026-06-29T20:31:25.125,30,32,MU260731C01070000,MU,2026-07-31,call,1070.0,162.24,14.0,175.08,16.0,168.66000000000003,154.0,1.0,0.9952,0.6446,0.0011,-2.0098,1.2563,0.4959,2026-06-29,1127.42,1146.99,1024.78,1145.0,1.16964e6,1090.767714
2026-06-29T20:31:25.125,30,32,MU260731C01075000,MU,2026-07-31,call,1075.0,165.8,13.0,169.74,10.0,167.77,148.84,2.0,1.0089,0.6384,0.0011,-2.0482,1.2639,0.4905,2026-06-29,1127.42,1146.99,1024.78,1145.0,1.16964e6,1090.767714
2026-06-29T20:31:25.125,30,32,MU260731C01080000,MU,2026-07-31,call,1080.0,158.77,11.0,165.93,11.0,162.35000000000002,155.66,1.0,0.9866,0.6329,0.0011,-2.0139,1.2703,0.4898,2026-06-29,1127.42,1146.99,1024.78,1145.0,1.16964e6,1090.767714
2026-06-29T20:31:25.125,30,32,MU260731C01085000,MU,2026-07-31,call,1085.0,157.64,10.0,166.75,10.0,162.195,157.64,1.0,1.0056,0.6267,0.0011,-2.0616,1.2772,0.4837,2026-06-29,1127.42,1146.99,1024.78,1145.0,1.16964e6,1090.767714
2026-06-29T20:31:25.125,30,32,MU260731C01090000,MU,2026-07-31,call,1090.0,149.88,9.0,163.01,1.0,156.445,149.84,1.0,0.9804,0.621,0.0012,-2.0208,1.2833,0.4831,2026-06-29,1127.42,1146.99,1024.78,1145.0,1.16964e6,1090.767714
2026-06-29T20:31:25.125,30,32,MU260731C01095000,MU,2026-07-31,call,1095.0,150.57,36.0,161.8,39.0,156.185,146.16,2.0,0.9979,0.615,0.0011,-2.0646,1.2893,0.4773,2026-06-29,1127.42,1146.99,1024.78,1145.0,1.16964e6,1090.767714
2026-06-29T20:31:25.125,30,32,MU260731C01100000,MU,2026-07-31,call,1100.0,150.92,35.0,153.27,21.0,152.095,153.25,1.0,0.9854,0.609,0.0012,-2.048,1.2951,0.4749,2026-06-29,1127.42,1146.99,1024.78,1145.0,1.16964e6,1090.767714
2026-06-29T20:31:25.125,30,32,MU260731C01105000,MU,2026-07-31,call,1105.0,145.13,14.0,156.06,9.0,150.595,140.91,1.0,0.9927,0.6031,0.0012,-2.0705,1.3004,0.4703,2026-06-29,1127.42,1146.99,1024.78,1145.0,1.16964e6,1090.767714
2026-06-29T20:31:25.125,30,32,MU260731C01110000,MU,2026-07-31,call,1110.0,141.65,36.0,153.21,16.0,147.43,141.65,1.0,0.9869,0.5971,0.0012,-2.0664,1.3056,0.4671,2026-06-29,1127.42,1146.99,1024.78,1145.0,1.16964e6,1090.767714
2026-06-29T20:31:25.125,30,32,MU260731C01115000,MU,2026-07-31,call,1115.0,143.21,10.0,149.88,10.0,146.54500000000002,137.11,2.0,0.9984,0.5914,0.0012,-2.0963,1.3102,0.4622,2026-06-29,1127.42,1146.99,1024.78,1145.0,1.16964e6,1090.767714
2026-06-29T20:31:25.125,30,32,MU260731C01120000,MU,2026-07-31,call,1120.0,136.09,2.0,148.37,1.0,142.23000000000002,134.22,3.0,0.9834,0.5851,0.0012,-2.0727,1.3149,0.4596,2026-06-29,1127.42,1146.99,1024.78,1145.0,1.16964e6,1090.767714
2026-06-29T20:31:25.125,30,32,MU260731C01125000,MU,2026-07-31,call,1125.0,135.64,23.0,146.06,7.0,140.85,140.0,2.0,0.9906,0.5793,0.0012,-2.0931,1.3189,0.4551,2026-06-29,1127.42,1146.99,1024.78,1145.0,1.16964e6,1090.767714
2026-06-29T20:31:25.125,30,32,MU260731C01130000,MU,2026-07-31,call,1130.0,133.34,21.0,139.5,1.0,136.42000000000002,137.3,4.0,0.9744,0.5727,0.0012,-2.066,1.3232,0.4524,2026-06-29,1127.42,1146.99,1024.78,1145.0,1.16964e6,1090.767714
2026-06-29T20:31:25.125,30,32,MU260731C01135000,MU,2026-07-31,call,1135.0,133.03,14.0,139.91,10.0,136.47,133.03,2.0,0.9919,0.5676,0.0012,-2.1063,1.3263,0.4472,2026-06-29,1127.42,1146.99,1024.78,1145.0,1.16964e6,1090.767714
2026-06-29T20:31:25.125,30,32,MU260731C01140000,MU,2026-07-31,call,1140.0,125.9,24.0,138.9,36.0,132.4,132.0,1.0,0.9781,0.5609,0.0012,-2.0829,1.3299,0.4441,2026-06-29,1127.42,1146.99,1024.78,1145.0,1.16964e6,1090.767714
2026-06-29T20:31:25.125,30,32,MU260731C01150000,MU,2026-07-31,call,1150.0,126.39,39.0,130.85,21.0,128.62,126.39,1.0,0.9826,0.5493,0.0012,-2.0997,1.3353,0.4358,2026-06-29,1127.42,1146.99,1024.78,1145.0,1.16964e6,1090.767714
2026-06-29T20:31:25.125,30,32,MU260731C01160000,MU,2026-07-31,call,1160.0,121.47,14.0,125.98,18.0,123.725,121.47,10.0,0.9779,0.5371,0.0012,-2.0958,1.3398,0.428,2026-06-29,1127.42,1146.99,1024.78,1145.0,1.16964e6,1090.767714
2026-06-29T20:31:25.125,30,32,MU260731C01170000,MU,2026-07-31,call,1170.0,114.42,1.0,125.55,1.0,119.985,114.42,1.0,0.981,0.5256,0.0012,-2.1059,1.3429,0.4198,2026-06-29,1127.42,1146.99,1024.78,1145.0,1.16964e6,1090.767714
2026-06-29T20:31:25.125,30,32,MU260731C01180000,MU,2026-07-31,call,1180.0,110.02,10.0,116.74,6.0,113.38,115.0,1.0,0.9618,0.5119,0.0012,-2.0682,1.345,0.4119,2026-06-29,1127.42,1146.99,1024.78,1145.0,1.16964e6,1090.767714
2026-06-29T20:31:25.125,30,32,MU260731C01190000,MU,2026-07-31,call,1190.0,107.0,1.0,114.1,3.0,110.55,105.67,1.0,0.97,0.5011,0.0012,-2.0853,1.3456,0.4035,2026-06-29,1127.42,1146.99,1024.78,1145.0,1.16964e6,1090.767714
2026-06-29T20:31:25.125,30,32,MU260731C01200000,MU,2026-07-31,call,1200.0,102.09,20.0,108.89,5.0,105.49000000000001,103.75,1.0,0.9607,0.4883,0.0012,-2.064,1.3451,0.3952,2026-06-29,1127.42,1146.99,1024.78,1145.0,1.16964e6,1090.767714
2026-06-29T20:31:25.125,30,32,MU260731C01210000,MU,2026-07-31,call,1210.0,96.91,16.0,109.03,36.0,102.97,89.14,2.0,0.9695,0.4779,0.0012,-2.0793,1.3436,0.387,2026-06-29,1127.42,1146.99,1024.78,1145.0,1.16964e6,1090.767714
2026-06-29T20:31:25.125,30,32,MU260731C01220000,MU,2026-07-31,call,1220.0,95.46,2.0,105.86,1.0,100.66,91.65,2.0,0.9791,0.4679,0.0012,-2.095,1.3413,0.3791,2026-06-29,1127.42,1146.99,1024.78,1145.0,1.16964e6,1090.767714
2026-06-29T20:31:25.125,30,32,MU260731C01230000,MU,2026-07-31,call,1230.0,92.83,16.0,99.59,1.0,96.21000000000001,92.83,2.0,0.9719,0.4556,0.0012,-2.0729,1.3373,0.3706,2026-06-29,1127.42,1146.99,1024.78,1145.0,1.16964e6,1090.767714
2026-06-29T20:31:25.125,30,32,MU260731C01240000,MU,2026-07-31,call,1240.0,88.12,2.0,95.02,12.0,91.57,89.0,1.0,0.9625,0.4428,0.0012,-2.044,1.3318,0.3619,2026-06-29,1127.42,1146.99,1024.78,1145.0,1.16964e6,1090.767714
2026-06-29T20:31:25.125,30,32,MU260731C01250000,MU,2026-07-31,call,1250.0,86.58,2.0,91.13,13.0,88.85499999999999,88.66,1.0,0.9667,0.4325,0.0012,-2.0437,1.3263,0.354,2026-06-29,1127.42,1146.99,1024.78,1145.0,1.16964e6,1090.767714
2026-06-29T20:31:25.125,30,32,MU260731C01260000,MU,2026-07-31,call,1260.0,79.43,7.0,88.19,15.0,83.81,71.65,1.0,0.9526,0.4188,0.0012,-2.0004,1.3176,0.3448,2026-06-29,1127.42,1146.99,1024.78,1145.0,1.16964e6,1090.767714
2026-06-29T20:31:25.125,30,32,MU260731C01270000,MU,2026-07-31,call,1270.0,78.33,3.0,86.07,3.0,82.19999999999999,80.94,2.0,0.9638,0.4102,0.0012,-2.0131,1.3114,0.3376,2026-06-29,1127.42,1146.99,1024.78,1145.0,1.16964e6,1090.767714
2026-06-29T20:31:25.125,30,32,MU260731C01280000,MU,2026-07-31,call,1280.0,73.32,10.0,84.62,1.0,78.97,77.07,1.0,0.9619,0.3991,0.0012,-1.9948,1.3024,0.3294,2026-06-29,1127.42,1146.99,1024.78,1145.0,1.16964e6,1090.767714
2026-06-29T20:31:25.125,30,32,MU260731C01290000,MU,2026-07-31,call,1290.0,72.57,36.0,79.45,37.0,76.00999999999999,72.0,1.0,0.9613,0.3885,0.0012,-1.9782,1.2927,0.3213,2026-06-29,1127.42,1146.99,1024.78,1145.0,1.16964e6,1090.767714
2026-06-29T20:31:25.125,30,32,MU260731C01300000,MU,2026-07-31,call,1300.0,70.67,11.0,75.03,1.0,72.85,70.67,3.0,0.9585,0.3774,0.0012,-1.955,1.2816,0.3131,2026-06-29,1127.42,1146.99,1024.78,1145.0,1.16964e6,1090.767714
2026-06-29T20:31:25.125,30,32,MU260731C01310000,MU,2026-07-31,call,1310.0,68.09,12.0,75.81,34.0,71.95,65.54,1.0,0.9726,0.3707,0.0012,-1.9715,1.2743,0.3071,2026-06-29,1127.42,1146.99,1024.78,1145.0,1.16964e6,1090.767714
2026-06-29T20:31:25.125,30,32,MU260731C01320000,MU,2026-07-31,call,1320.0,63.35,12.0,69.93,1.0,66.64,58.95,1.0,0.9514,0.3554,0.0012,-1.9011,1.2562,0.2965,2026-06-29,1127.42,1146.99,1024.78,1145.0,1.16964e6,1090.767714
2026-06-29T20:31:25.125,30,32,MU260731C01330000,MU,2026-07-31,call,1330.0,61.54,21.0,69.36,1.0,65.45,61.54,1.0,0.962,0.3482,0.0011,-1.9076,1.2471,0.2904,2026-06-29,1127.42,1146.99,1024.78,1145.0,1.16964e6,1090.767714
2026-06-29T20:31:25.125,30,32,MU260731C01340000,MU,2026-07-31,call,1340.0,58.98,11.0,67.52,2.0,63.25,62.25,1.0,0.9641,0.3391,0.0011,-1.892,1.2347,0.2832,2026-06-29,1127.42,1146.99,1024.78,1145.0,1.16964e6,1090.767714
2026-06-29T20:31:25.125,30,32,MU260731C01350000,MU,2026-07-31,call,1350.0,57.36,44.0,63.41,5.0,60.385,57.9,1.0,0.96,0.3285,0.0011,-1.8602,1.2193,0.2752,2026-06-29,1127.42,1146.99,1024.78,1145.0,1.16964e6,1090.767714
2026-06-29T20:31:25.125,30,32,MU260731C01360000,MU,2026-07-31,call,1360.0,54.51,36.0,63.69,36.0,59.099999999999994,54.6,1.0,0.9683,0.3215,0.0011,-1.8591,1.2086,0.2693,2026-06-29,1127.42,1146.99,1024.78,1145.0,1.16964e6,1090.767714
2026-06-29T20:31:25.125,30,32,MU260731C01370000,MU,2026-07-31,call,1370.0,51.75,15.0,61.17,1.0,56.46,50.2,1.0,0.9648,0.3114,0.0011,-1.8271,1.1923,0.2615,2026-06-29,1127.42,1146.99,1024.78,1145.0,1.16964e6,1090.767714
2026-06-29T20:31:25.125,30,32,MU260731C01380000,MU,2026-07-31,call,1380.0,48.4,23.0,57.65,21.0,53.025,51.32,2.0,0.9538,0.2992,0.0011,-1.7743,1.1714,0.2524,2026-06-29,1127.42,1146.99,1024.78,1145.0,1.16964e6,1090.767714
2026-06-29T20:31:25.125,30,32,MU260731C01390000,MU,2026-07-31,call,1390.0,47.87,12.0,55.86,42.0,51.864999999999995,40.67,1.0,0.9614,0.2927,0.0011,-1.7701,1.1596,0.2469,2026-06-29,1127.42,1146.99,1024.78,1145.0,1.16964e6,1090.767714
2026-06-29T20:31:25.125,30,32,MU260731C01400000,MU,2026-07-31,call,1400.0,47.56,4.0,53.67,38.0,50.615,48.85,3.0,0.9679,0.286,0.001,-1.7623,1.1471,0.2413,2026-06-29,1127.42,1146.99,1024.78,1145.0,1.16964e6,1090.767714
2026-06-29T20:31:25.125,30,32,MU260731C01410000,MU,2026-07-31,call,1410.0,43.55,8.0,52.05,37.0,47.8,42.8,1.0,0.9601,0.2753,0.001,-1.7156,1.126,0.233,2026-06-29,1127.42,1146.99,1024.78,1145.0,1.16964e6,1090.767714
2026-06-29T20:31:25.125,30,32,MU260731C01420000,MU,2026-07-31,call,1420.0,44.16,16.0,49.14,2.0,46.65,43.66,1.0,0.9664,0.269,0.001,-1.7068,1.1132,0.2277,2026-06-29,1127.42,1146.99,1024.78,1145.0,1.16964e6,1090.767714
2026-06-29T20:31:25.125,30,32,MU260731C01430000,MU,2026-07-31,call,1430.0,40.31,27.0,46.71,14.0,43.510000000000005,35.53,10.0,0.9541,0.2571,0.001,-1.6464,1.0878,0.2186,2026-06-29,1127.42,1146.99,1024.78,1145.0,1.16964e6,1090.767714
2026-06-29T20:31:25.125,30,32,MU260731C01440000,MU,2026-07-31,call,1440.0,37.79,10.0,46.17,36.0,41.980000000000004,40.7,1.0,0.9558,0.2498,0.001,-1.6241,1.0713,0.2126,2026-06-29,1127.42,1146.99,1024.78,1145.0,1.16964e6,1090.767714
2026-06-29T20:31:25.125,30,32,MU260731C01450000,MU,2026-07-31,call,1450.0,35.95,1.0,44.49,10.0,40.22,39.7,1.0,0.9548,0.2417,0.001,-1.5939,1.0527,0.2062,2026-06-29,1127.42,1146.99,1024.78,1145.0,1.16964e6,1090.767714
2026-06-29T20:31:25.125,30,32,MU260731C01460000,MU,2026-07-31,call,1460.0,34.03,9.0,43.81,1.0,38.92,36.87,1.0,0.9576,0.2351,0.001,-1.5741,1.0368,0.2007,2026-06-29,1127.42,1146.99,1024.78,1145.0,1.16964e6,1090.767714
2026-06-29T20:31:25.125,30,32,MU260731C01470000,MU,2026-07-31,call,1470.0,35.82,12.0,41.44,2.0,38.629999999999995,31.95,2.0,0.9698,0.2317,0.0009,-1.5809,1.0285,0.1976,2026-06-29,1127.42,1146.99,1024.78,1145.0,1.16964e6,1090.767714
2026-06-29T20:31:25.125,30,32,MU260731C01480000,MU,2026-07-31,call,1480.0,31.84,35.0,39.45,36.0,35.645,32.75,2.0,0.9551,0.2198,0.0009,-1.511,0.9982,0.1883,2026-06-29,1127.42,1146.99,1024.78,1145.0,1.16964e6,1090.767714
2026-06-29T20:31:25.125,30,32,MU260731C01490000,MU,2026-07-31,call,1490.0,30.22,1.0,39.26,21.0,34.739999999999995,32.51,1.0,0.9604,0.2145,0.0009,-1.498,0.9844,0.1838,2026-06-29,1127.42,1146.99,1024.78,1145.0,1.16964e6,1090.767714
2026-06-29T20:31:25.125,30,32,MU260731C01500000,MU,2026-07-31,call,1500.0,31.6,33.0,36.84,21.0,34.22,34.0,2.0,0.9692,0.2106,0.0009,-1.4953,0.9739,0.1804,2026-06-29,1127.42,1146.99,1024.78,1145.0,1.16964e6,1090.767714
2026-06-29T20:31:25.125,30,32,MU260731C01510000,MU,2026-07-31,call,1510.0,30.23,2.0,35.74,21.0,32.985,32.0,1.0,0.9704,0.2044,0.0009,-1.4705,0.9567,0.1752,2026-06-29,1127.42,1146.99,1024.78,1145.0,1.16964e6,1090.767714
2026-06-29T20:31:25.125,30,32,MU260731C01520000,MU,2026-07-31,call,1520.0,27.25,27.0,34.03,19.0,30.64,30.46,1.0,0.9592,0.1943,0.0009,-1.4096,0.9279,0.1672,2026-06-29,1127.42,1146.99,1024.78,1145.0,1.16964e6,1090.767714
2026-06-29T20:31:25.125,30,32,MU260731C01530000,MU,2026-07-31,call,1530.0,27.98,1.0,33.78,20.0,30.880000000000003,28.8,1.0,0.9752,0.1932,0.0008,-1.4281,0.9248,0.1659,2026-06-29,1127.42,1146.99,1024.78,1145.0,1.16964e6,1090.767714
2026-06-29T20:31:25.125,30,32,MU260731C01540000,MU,2026-07-31,call,1540.0,24.3,2.0,32.99,1.0,28.645000000000003,28.65,1.0,0.9639,0.1834,0.0008,-1.3667,0.8955,0.1581,2026-06-29,1127.42,1146.99,1024.78,1145.0,1.16964e6,1090.767714
2026-06-29T20:31:25.125,30,32,MU260731C01550000,MU,2026-07-31,call,1550.0,25.14,4.0,30.2,1.0,27.67,27.0,1.0,0.9659,0.1781,0.0008,-1.3443,0.8792,0.1536,2026-06-29,1127.42,1146.99,1024.78,1145.0,1.16964e6,1090.767714
2026-06-29T20:31:25.125,30,32,MU260731C01560000,MU,2026-07-31,call,1560.0,22.14,12.0,28.22,21.0,25.18,25.69,1.0,0.9497,0.167,0.0008,-1.2686,0.8438,0.1447,2026-06-29,1127.42,1146.99,1024.78,1145.0,1.16964e6,1090.767714
2026-06-29T20:31:25.125,30,32,MU260731C01570000,MU,2026-07-31,call,1570.0,23.06,27.0,27.46,46.0,25.259999999999998,21.25,1.0,0.9631,0.1658,0.0008,-1.28,0.8398,0.1434,2026-06-29,1127.42,1146.99,1024.78,1145.0,1.16964e6,1090.767714
2026-06-29T20:31:25.125,30,32,MU260731C01580000,MU,2026-07-31,call,1580.0,19.55,14.0,28.98,1.0,24.265,21.4,1.0,0.9634,0.1604,0.0007,-1.2531,0.822,0.1389,2026-06-29,1127.42,1146.99,1024.78,1145.0,1.16964e6,1090.767714
2026-06-29T20:31:25.125,30,32,MU260731C01590000,MU,2026-07-31,call,1590.0,19.96,2.0,28.19,3.0,24.075000000000003,18.86,1.0,0.9732,0.1582,0.0007,-1.2543,0.8146,0.1369,2026-06-29,1127.42,1146.99,1024.78,1145.0,1.16964e6,1090.767714
2026-06-29T20:31:25.125,30,32,MU260731C01600000,MU,2026-07-31,call,1600.0,20.3,3.0,26.7,22.0,23.5,21.23,2.0,0.9781,0.1545,0.0007,-1.2411,0.8022,0.1337,2026-06-29,1127.42,1146.99,1024.78,1145.0,1.16964e6,1090.767714
2026-06-29T20:31:25.125,30,32,MU260731C01610000,MU,2026-07-31,call,1610.0,18.39,3.0,24.13,1.0,21.259999999999998,18.97,1.0,0.9613,0.1441,0.0007,-1.1643,0.7657,0.1253,2026-06-29,1127.42,1146.99,1024.78,1145.0,1.16964e6,1090.767714
2026-06-29T20:31:25.125,30,32,MU260731C01620000,MU,2026-07-31,call,1620.0,17.1,23.0,23.7,22.0,20.4,17.5,1.0,0.9614,0.1393,0.0007,-1.1378,0.7482,0.1212,2026-06-29,1127.42,1146.99,1024.78,1145.0,1.16964e6,1090.767714
2026-06-29T20:31:25.125,30,32,MU260731C01630000,MU,2026-07-31,call,1630.0,16.45,23.0,24.16,2.0,20.305,18.2,1.0,0.9715,0.1377,0.0007,-1.1405,0.7424,0.1197,2026-06-29,1127.42,1146.99,1024.78,1145.0,1.16964e6,1090.767714
2026-06-29T20:31:25.125,30,32,MU260731C01640000,MU,2026-07-31,call,1640.0,15.68,36.0,22.64,2.0,19.16,16.75,1.0,0.967,0.1317,0.0007,-1.1009,0.72,0.1147,2026-06-29,1127.42,1146.99,1024.78,1145.0,1.16964e6,1090.767714
2026-06-29T20:31:25.125,30,32,MU260731C01650000,MU,2026-07-31,call,1650.0,15.11,15.0,21.04,5.0,18.075,11.15,1.0,0.9627,0.1259,0.0006,-1.0622,0.6978,0.1099,2026-06-29,1127.42,1146.99,1024.78,1145.0,1.16964e6,1090.767714
2026-06-29T20:31:25.125,30,32,MU260731C01660000,MU,2026-07-31,call,1660.0,13.74,5.0,21.73,1.0,17.735,13.03,1.0,0.9686,0.1234,0.0006,-1.0535,0.688,0.1077,2026-06-29,1127.42,1146.99,1024.78,1145.0,1.16964e6,1090.767714
2026-06-29T20:31:25.125,30,32,MU260731C01670000,MU,2026-07-31,call,1670.0,13.82,2.0,21.27,1.0,17.545,10.92,1.0,0.9765,0.1215,0.0006,-1.0508,0.6808,0.106,2026-06-29,1127.42,1146.99,1024.78,1145.0,1.16964e6,1090.767714
2026-06-29T20:31:25.125,30,32,MU260731C01680000,MU,2026-07-31,call,1680.0,12.99,8.0,18.4,1.0,15.695,14.55,1.0,0.9591,0.1122,0.0006,-0.9753,0.6434,0.0983,2026-06-29,1127.42,1146.99,1024.78,1145.0,1.16964e6,1090.767714
2026-06-29T20:31:25.125,30,32,MU260731C01690000,MU,2026-07-31,call,1690.0,12.49,21.0,19.41,1.0,15.95,10.15,1.0,0.9734,0.1125,0.0006,-0.9914,0.6445,0.0984,2026-06-29,1127.42,1146.99,1024.78,1145.0,1.16964e6,1090.767714
2026-06-29T20:31:25.125,30,32,MU260731C01700000,MU,2026-07-31,call,1700.0,13.43,14.0,16.96,10.0,15.195,15.47,1.0,0.9717,0.1081,0.0006,-0.9621,0.6266,0.0947,2026-06-29,1127.42,1146.99,1024.78,1145.0,1.16964e6,1090.767714
2026-06-29T20:31:25.125,30,32,MU260731C01710000,MU,2026-07-31,call,1710.0,10.84,3.0,18.71,1.0,14.775,17.5,1.0,0.975,0.1054,0.0006,-0.9472,0.6149,0.0923,2026-06-29,1127.42,1146.99,1024.78,1145.0,1.16964e6,1090.767714
2026-06-29T20:31:25.125,30,32,MU260731C01720000,MU,2026-07-31,call,1720.0,10.01,3.0,18.57,1.0,14.29,11.0,9.0,0.977,0.1023,0.0005,-0.9289,0.6018,0.0896,2026-06-29,1127.42,1146.99,1024.78,1145.0,1.16964e6,1090.767714
2026-06-29T20:31:25.125,30,32,MU260731C01730000,MU,2026-07-31,call,1730.0,11.93,3.0,16.88,7.0,14.405,12.6,2.0,0.9887,0.1021,0.0005,-0.9384,0.6008,0.0893,2026-06-29,1127.42,1146.99,1024.78,1145.0,1.16964e6,1090.767714
2026-06-29T20:31:25.125,30,32,MU260731C01740000,MU,2026-07-31,call,1740.0,9.89,42.0,16.39,22.0,13.14,13.3,1.0,0.9769,0.0953,0.0005,-0.8817,0.5714,0.0837,2026-06-29,1127.42,1146.99,1024.78,1145.0,1.16964e6,1090.767714
2026-06-29T20:31:25.125,30,32,MU260731C01750000,MU,2026-07-31,call,1750.0,9.66,10.0,15.26,17.0,12.46,8.1,1.0,0.9743,0.0913,0.0005,-0.8518,0.5535,0.0802,2026-06-29,1127.42,1146.99,1024.78,1145.0,1.16964e6,1090.767714
2026-06-29T20:31:25.125,30,32,MU260731C01760000,MU,2026-07-31,call,1760.0,9.07,38.0,14.52,12.0,11.795,8.5,1.0,0.9715,0.0873,0.0005,-0.8217,0.5356,0.0769,2026-06-29,1127.42,1146.99,1024.78,1145.0,1.16964e6,1090.767714
2026-06-29T20:31:25.125,30,32,MU260731C01770000,MU,2026-07-31,call,1770.0,8.62,30.0,14.22,7.0,11.42,11.35,1.0,0.9736,0.0848,0.0005,-0.8056,0.524,0.0747,2026-06-29,1127.42,1146.99,1024.78,1145.0,1.16964e6,1090.767714
2026-06-29T20:31:25.125,30,32,MU260731C01780000,MU,2026-07-31,call,1780.0,9.48,23.0,13.04,42.0,11.26,11.2,1.0,,,,,,,2026-06-29,1127.42,1146.99,1024.78,1145.0,1.16964e6,1090.767714
2026-06-29T20:31:25.125,30,32,MU260731C01790000,MU,2026-07-31,call,1790.0,7.82,58.0,13.24,8.0,10.530000000000001,9.98,1.0,,,,,,,2026-06-29,1127.42,1146.99,1024.78,1145.0,1.16964e6,1090.767714
2026-06-29T20:31:25.125,30,32,MU260731C01800000,MU,2026-07-31,call,1800.0,8.97,80.0,11.97,7.0,10.47,10.0,10.0,,,,,,,2026-06-29,1127.42,1146.99,1024.78,1145.0,1.16964e6,1090.767714
2026-06-29T20:31:25.125,30,32,MU260731C01810000,MU,2026-07-31,call,1810.0,6.33,5.0,14.17,3.0,10.25,13.25,1.0,0.9863,0.0766,0.0004,-0.7552,0.4851,0.0675,2026-06-29,1127.42,1146.99,1024.78,1145.0,1.16964e6,1090.767714
2026-06-29T20:31:25.125,30,32,MU260731C01820000,MU,2026-07-31,call,1820.0,6.78,38.0,11.62,38.0,9.2,6.6,1.0,0.9727,0.0705,0.0004,-0.6995,0.4556,0.0624,2026-06-29,1127.42,1146.99,1024.78,1145.0,1.16964e6,1090.767714
2026-06-29T20:31:25.125,30,32,MU260731C01830000,MU,2026-07-31,call,1830.0,7.57,57.0,11.58,22.0,9.575,5.7,4.0,0.9894,0.0721,0.0004,-0.7231,0.4631,0.0636,2026-06-29,1127.42,1146.99,1024.78,1145.0,1.16964e6,1090.767714
2026-06-29T20:31:25.125,30,32,MU260731C01840000,MU,2026-07-31,call,1840.0,6.27,39.0,11.36,7.0,8.815,8.109,3.0,0.9811,0.0675,0.0004,-0.6822,0.4406,0.0597,2026-06-29,1127.42,1146.99,1024.78,1145.0,1.16964e6,1090.767714
2026-06-29T20:31:25.125,30,32,MU260731C01850000,MU,2026-07-31,call,1850.0,7.03,56.0,10.23,23.0,8.63,7.55,1.0,,,,,,,2026-06-29,1127.42,1146.99,1024.78,1145.0,1.16964e6,1090.767714
2026-06-29T20:31:25.125,30,32,MU260731C01860000,MU,2026-07-31,call,1860.0,5.58,38.0,10.02,2.0,7.8,5.45,10.0,,,,,,,2026-06-29,1127.42,1146.99,1024.78,1145.0,1.16964e6,1090.767714
2026-06-29T20:31:25.125,30,32,MU260731C01870000,MU,2026-07-31,call,1870.0,5.14,51.0,9.97,51.0,7.555,7.35,9.0,,,,,,,2026-06-29,1127.42,1146.99,1024.78,1145.0,1.16964e6,1090.767714
2026-06-29T20:31:25.125,30,32,MU260731C01880000,MU,2026-07-31,call,1880.0,4.92,38.0,9.24,38.0,7.08,7.0,3.0,,,,,,,2026-06-29,1127.42,1146.99,1024.78,1145.0,1.16964e6,1090.767714
2026-06-29T20:31:25.125,30,32,MU260731C01890000,MU,2026-07-31,call,1890.0,4.66,21.0,9.56,42.0,7.11,5.8,1.0,,,,,,,2026-06-29,1127.42,1146.99,1024.78,1145.0,1.16964e6,1090.767714
2026-06-29T20:31:25.125,30,32,MU260731C01900000,MU,2026-07-31,call,1900.0,5.12,88.0,9.16,37.0,7.140000000000001,6.93,105.0,,,,,,,2026-06-29,1127.42,1146.99,1024.78,1145.0,1.16964e6,1090.767714
2026-06-29T20:31:25.125,30,32,MU260731C01910000,MU,2026-07-31,call,1910.0,4.05,49.0,9.61,9.0,6.83,5.05,1.0,,,,,,,2026-06-29,1127.42,1146.99,1024.78,1145.0,1.16964e6,1090.767714
2026-06-29T20:31:25.125,30,32,MU260731C01920000,MU,2026-07-31,call,1920.0,3.83,51.0,10.61,5.0,7.22,4.35,1.0,,,,,,,2026-06-29,1127.42,1146.99,1024.78,1145.0,1.16964e6,1090.767714
2026-06-29T20:31:25.125,30,32,MU260731C01930000,MU,2026-07-31,call,1930.0,3.06,1.0,9.63,5.0,6.345000000000001,8.55,1.0,,,,,,,2026-06-29,1127.42,1146.99,1024.78,1145.0,1.16964e6,1090.767714
2026-06-29T20:31:25.125,30,32,MU260731C01940000,MU,2026-07-31,call,1940.0,3.03,5.0,9.1,1.0,6.0649999999999995,7.15,1.0,,,,,,,2026-06-29,1127.42,1146.99,1024.78,1145.0,1.16964e6,1090.767714
2026-06-29T20:31:25.125,30,32,MU260731C01950000,MU,2026-07-31,call,1950.0,3.18,36.0,8.38,12.0,5.78,5.44,1.0,,,,,,,2026-06-29,1127.42,1146.99,1024.78,1145.0,1.16964e6,1090.767714
2026-06-29T20:31:25.125,30,32,MU260731C01960000,MU,2026-07-31,call,1960.0,2.95,16.0,8.42,1.0,5.6850000000000005,3.98,1.0,,,,,,,2026-06-29,1127.42,1146.99,1024.78,1145.0,1.16964e6,1090.767714
2026-06-29T20:31:25.125,30,32,MU260731C01970000,MU,2026-07-31,call,1970.0,2.58,8.0,8.7,8.0,5.64,6.72,1.0,,,,,,,2026-06-29,1127.42,1146.99,1024.78,1145.0,1.16964e6,1090.767714
2026-06-29T20:31:25.125,30,32,MU260731C01980000,MU,2026-07-31,call,1980.0,2.59,60.0,8.05,19.0,5.32,3.95,2.0,,,,,,,2026-06-29,1127.42,1146.99,1024.78,1145.0,1.16964e6,1090.767714
2026-06-29T20:31:25.125,30,32,MU260731C01990000,MU,2026-07-31,call,1990.0,2.42,38.0,5.61,2.0,4.015000000000001,3.85,2.0,,,,,,,2026-06-29,1127.42,1146.99,1024.78,1145.0,1.16964e6,1090.767714
2026-06-29T20:31:25.125,30,32,MU260731C02000000,MU,2026-07-31,call,2000.0,3.09,31.0,6.09,13.0,4.59,4.32,1.0,,,,,,,2026-06-29,1127.42,1146.99,1024.78,1145.0,1.16964e6,1090.767714
2026-06-29T20:31:25.125,30,32,MU260731C02010000,MU,2026-07-31,call,2010.0,2.11,10.0,7.48,2.0,4.795,5.75,5.0,,,,,,,2026-06-29,1127.42,1146.99,1024.78,1145.0,1.16964e6,1090.767714
2026-06-29T20:31:25.125,30,32,MU260731C02020000,MU,2026-07-31,call,2020.0,1.91,38.0,7.32,38.0,4.615,3.95,1.0,,,,,,,2026-06-29,1127.42,1146.99,1024.78,1145.0,1.16964e6,1090.767714
2026-06-29T20:31:25.125,30,32,MU260731C02030000,MU,2026-07-31,call,2030.0,1.98,2.0,8.26,2.0,5.12,10.4,1.0,,,,,,,2026-06-29,1127.42,1146.99,1024.78,1145.0,1.16964e6,1090.767714
2026-06-29T20:31:25.125,30,32,MU260731C02040000,MU,2026-07-31,call,2040.0,1.6,13.0,7.42,12.0,4.51,9.37,1.0,,,,,,,2026-06-29,1127.42,1146.99,1024.78,1145.0,1.16964e6,1090.767714
2026-06-29T20:31:25.125,30,32,MU260731C02050000,MU,2026-07-31,call,2050.0,1.9,39.0,6.57,20.0,4.235,3.15,1.0,,,,,,,2026-06-29,1127.42,1146.99,1024.78,1145.0,1.16964e6,1090.767714
2026-06-29T20:31:25.125,30,32,MU260731C02060000,MU,2026-07-31,call,2060.0,1.97,29.0,6.42,22.0,4.195,2.8,1.0,,,,,,,2026-06-29,1127.42,1146.99,1024.78,1145.0,1.16964e6,1090.767714
2026-06-29T20:31:25.125,30,32,MU260731C02070000,MU,2026-07-31,call,2070.0,1.51,5.0,7.0,6.0,4.255,5.52,5.0,,,,,,,2026-06-29,1127.42,1146.99,1024.78,1145.0,1.16964e6,1090.767714
2026-06-29T20:31:25.125,30,32,MU260731C02080000,MU,2026-07-31,call,2080.0,1.08,33.0,4.48,2.0,2.7800000000000002,3.4,1.0,,,,,,,2026-06-29,1127.42,1146.99,1024.78,1145.0,1.16964e6,1090.767714
2026-06-29T20:31:25.125,30,32,MU260731C02090000,MU,2026-07-31,call,2090.0,0.9,7.0,6.68,5.0,3.79,10.0,1.0,,,,,,,2026-06-29,1127.42,1146.99,1024.78,1145.0,1.16964e6,1090.767714
2026-06-29T20:31:25.125,30,32,MU260731C02100000,MU,2026-07-31,call,2100.0,1.34,38.0,6.64,23.0,3.9899999999999998,2.6,1.0,,,,,,,2026-06-29,1127.42,1146.99,1024.78,1145.0,1.16964e6,1090.767714
2026-06-29T20:31:25.125,30,32,MU260731C02110000,MU,2026-07-31,call,2110.0,0.68,5.0,6.44,5.0,3.56,7.01,1.0,,,,,,,2026-06-29,1127.42,1146.99,1024.78,1145.0,1.16964e6,1090.767714
2026-06-29T20:31:25.125,30,32,MU260731C02120000,MU,2026-07-31,call,2120.0,0.3,1.0,7.28,3.0,3.79,7.8,1.0,,,,,,,2026-06-29,1127.42,1146.99,1024.78,1145.0,1.16964e6,1090.767714
2026-06-29T20:31:25.125,30,32,MU260731C02130000,MU,2026-07-31,call,2130.0,0.49,1.0,6.12,5.0,3.305,11.1,5.0,,,,,,,2026-06-29,1127.42,1146.99,1024.78,1145.0,1.16964e6,1090.767714
2026-06-29T20:31:25.125,30,32,MU260731C02140000,MU,2026-07-31,call,2140.0,0.91,6.0,6.17,6.0,3.54,4.64,1.0,,,,,,,2026-06-29,1127.42,1146.99,1024.78,1145.0,1.16964e6,1090.767714
2026-06-29T20:31:25.125,30,32,MU260731C02150000,MU,2026-07-31,call,2150.0,0.26,1.0,7.03,3.0,3.645,7.0,1.0,,,,,,,2026-06-29,1127.42,1146.99,1024.78,1145.0,1.16964e6,1090.767714
2026-06-29T20:31:25.125,30,32,MU260731C02160000,MU,2026-07-31,call,2160.0,1.25,18.0,5.93,6.0,3.59,4.0,1.0,,,,,,,2026-06-29,1127.42,1146.99,1024.78,1145.0,1.16964e6,1090.767714
2026-06-29T20:31:25.125,30,32,MU260731C02170000,MU,2026-07-31,call,2170.0,0.05,1.0,5.73,6.0,2.89,7.23,1.0,,,,,,,2026-06-29,1127.42,1146.99,1024.78,1145.0,1.16964e6,1090.767714
2026-06-29T20:31:25.125,30,32,MU260731C02180000,MU,2026-07-31,call,2180.0,0.01,7.0,6.44,7.0,3.225,5.8,1.0,,,,,,,2026-06-29,1127.42,1146.99,1024.78,1145.0,1.16964e6,1090.767714
2026-06-29T20:31:25.125,30,32,MU260731C02190000,MU,2026-07-31,call,2190.0,0.58,16.0,5.53,6.0,3.055,5.6,1.0,,,,,,,2026-06-29,1127.42,1146.99,1024.78,1145.0,1.16964e6,1090.767714
2026-06-29T20:31:25.125,30,32,MU260731C02200000,MU,2026-07-31,call,2200.0,1.09,57.0,3.62,21.0,2.355,1.78,1.0,,,,,,,2026-06-29,1127.42,1146.99,1024.78,1145.0,1.16964e6,1090.767714
2026-06-29T20:31:25.125,30,32,MU260731C02210000,MU,2026-07-31,call,2210.0,0.66,5.0,5.33,6.0,2.995,11.87,7.0,,,,,,,2026-06-29,1127.42,1146.99,1024.78,1145.0,1.16964e6,1090.767714
2026-06-29T20:31:25.125,30,32,MU260731C02220000,MU,2026-07-31,call,2220.0,0.83,6.0,5.3,5.0,3.065,3.15,1.0,,,,,,,2026-06-29,1127.42,1146.99,1024.78,1145.0,1.16964e6,1090.767714
2026-06-29T20:31:25.125,30,32,MU260731C02230000,MU,2026-07-31,call,2230.0,0.01,10.0,5.15,2.0,2.58,1.85,1.0,,,,,,,2026-06-29,1127.42,1146.99,1024.78,1145.0,1.16964e6,1090.767714
2026-06-29T20:31:25.125,30,32,MU260731C02240000,MU,2026-07-31,call,2240.0,0.01,8.0,4.98,2.0,2.495,,,,,,,,,2026-06-29,1127.42,1146.99,1024.78,1145.0,1.16964e6,1090.767714
2026-06-29T20:31:25.125,30,32,MU260731C02250000,MU,2026-07-31,call,2250.0,0.14,9.0,4.07,26.0,2.105,3.6,10.0,,,,,,,2026-06-29,1127.42,1146.99,1024.78,1145.0,1.16964e6,1090.767714
2026-06-29T20:31:25.125,30,32,MU260731C02260000,MU,2026-07-31,call,2260.0,0.01,7.0,4.82,12.0,2.415,2.65,1.0,,,,,,,2026-06-29,1127.42,1146.99,1024.78,1145.0,1.16964e6,1090.767714
2026-06-29T20:31:25.125,30,32,MU260731C02270000,MU,2026-07-31,call,2270.0,0.03,11.0,4.66,3.0,2.345,2.73,1.0,,,,,,,2026-06-29,1127.42,1146.99,1024.78,1145.0,1.16964e6,1090.767714
2026-06-29T20:31:25.125,30,32,MU260731C02280000,MU,2026-07-31,call,2280.0,1.35,38.0,2.45,33.0,1.9000000000000001,1.65,1.0,,,,,,,2026-06-29,1127.42,1146.99,1024.78,1145.0,1.16964e6,1090.767714
2026-06-29T20:31:25.125,30,32,MU260731C02290000,MU,2026-07-31,call,2290.0,0.79,20.0,4.56,2.0,2.675,1.96,1.0,,,,,,,2026-06-29,1127.42,1146.99,1024.78,1145.0,1.16964e6,1090.767714
2026-06-29T20:31:25.125,30,32,MU260731C02300000,MU,2026-07-31,call,2300.0,0.78,19.0,4.44,5.0,2.6100000000000003,1.29,1.0,,,,,,,2026-06-29,1127.42,1146.99,1024.78,1145.0,1.16964e6,1090.767714
2026-06-29T20:31:25.125,30,32,MU260731C02310000,MU,2026-07-31,call,2310.0,0.03,6.0,3.39,4.0,1.71,2.3,2.0,,,,,,,2026-06-29,1127.42,1146.99,1024.78,1145.0,1.16964e6,1090.767714
2026-06-29T20:31:25.125,30,32,MU260731C02320000,MU,2026-07-31,call,2320.0,0.01,8.0,4.42,5.0,2.215,,,,,,,,,2026-06-29,1127.42,1146.99,1024.78,1145.0,1.16964e6,1090.767714
2026-06-29T20:31:25.125,30,32,MU260731C02330000,MU,2026-07-31,call,2330.0,0.03,13.0,4.73,2.0,2.3800000000000003,,,,,,,,,2026-06-29,1127.42,1146.99,1024.78,1145.0,1.16964e6,1090.767714
2026-06-29T20:31:25.125,30,32,MU260731C02340000,MU,2026-07-31,call,2340.0,0.01,8.0,4.84,2.0,2.425,,,,,,,,,2026-06-29,1127.42,1146.99,1024.78,1145.0,1.16964e6,1090.767714
2026-06-29T20:31:25.125,30,32,MU260731C02350000,MU,2026-07-31,call,2350.0,0.01,10.0,3.87,1.0,1.94,2.0,1.0,,,,,,,2026-06-29,1127.42,1146.99,1024.78,1145.0,1.16964e6,1090.767714
2026-06-29T20:31:25.125,30,32,MU260731C02360000,MU,2026-07-31,call,2360.0,0.01,8.0,4.18,8.0,2.0949999999999998,,,,,,,,,2026-06-29,1127.42,1146.99,1024.78,1145.0,1.16964e6,1090.767714
2026-06-29T20:31:25.125,30,32,MU260731C02370000,MU,2026-07-31,call,2370.0,0.03,7.0,4.78,10.0,2.4050000000000002,2.99,1.0,,,,,,,2026-06-29,1127.42,1146.99,1024.78,1145.0,1.16964e6,1090.767714
2026-06-29T20:31:25.125,30,32,MU260731C02380000,MU,2026-07-31,call,2380.0,0.01,7.0,4.8,7.0,2.405,,,,,,,,,2026-06-29,1127.42,1146.99,1024.78,1145.0,1.16964e6,1090.767714
2026-06-29T20:31:25.125,30,32,MU260731C02390000,MU,2026-07-31,call,2390.0,0.01,8.0,4.63,7.0,2.32,2.98,1.0,,,,,,,2026-06-29,1127.42,1146.99,1024.78,1145.0,1.16964e6,1090.767714
2026-06-29T20:31:25.125,30,32,MU260731C02400000,MU,2026-07-31,call,2400.0,0.01,15.0,3.64,6.0,1.825,2.41,1.0,,,,,,,2026-06-29,1127.42,1146.99,1024.78,1145.0,1.16964e6,1090.767714
2026-06-29T20:31:25.125,30,32,MU260731C02410000,MU,2026-07-31,call,2410.0,0.01,8.0,3.92,11.0,1.9649999999999999,1.97,3.0,,,,,,,2026-06-29,1127.42,1146.99,1024.78,1145.0,1.16964e6,1090.767714
2026-06-29T20:31:25.125,30,32,MU260731C02420000,MU,2026-07-31,call,2420.0,0.45,38.0,1.7,12.0,1.075,0.85,1.0,,,,,,,2026-06-29,1127.42,1146.99,1024.78,1145.0,1.16964e6,1090.767714
2026-06-29T20:31:25.125,30,32,MU260731C02430000,MU,2026-07-31,call,2430.0,0.03,10.0,3.69,7.0,1.8599999999999999,,,,,,,,,2026-06-29,1127.42,1146.99,1024.78,1145.0,1.16964e6,1090.767714
2026-06-29T20:31:25.125,30,32,MU260731C02440000,MU,2026-07-31,call,2440.0,0.01,5.0,3.73,8.0,1.8699999999999999,,,,,,,,,2026-06-29,1127.42,1146.99,1024.78,1145.0,1.16964e6,1090.767714
2026-06-29T20:31:25.125,30,32,MU260731C02450000,MU,2026-07-31,call,2450.0,0.0,0.0,4.73,1.0,2.365,,,,,,,,,2026-06-29,1127.42,1146.99,1024.78,1145.0,1.16964e6,1090.767714
2026-06-29T20:31:25.125,30,32,MU260731C02460000,MU,2026-07-31,call,2460.0,0.0,0.0,3.63,6.0,1.815,1.51,1.0,,,,,,,2026-06-29,1127.42,1146.99,1024.78,1145.0,1.16964e6,1090.767714
2026-06-29T20:31:25.125,30,32,MU260731C02470000,MU,2026-07-31,call,2470.0,0.0,0.0,4.78,1.0,2.39,,,,,,,,,2026-06-29,1127.42,1146.99,1024.78,1145.0,1.16964e6,1090.767714
2026-06-29T20:31:25.125,30,32,MU260731C02480000,MU,2026-07-31,call,2480.0,0.0,0.0,4.86,1.0,2.43,,,,,,,,,2026-06-29,1127.42,1146.99,1024.78,1145.0,1.16964e6,1090.767714
2026-06-29T20:31:25.125,30,32,MU260731C02490000,MU,2026-07-31,call,2490.0,0.0,0.0,3.43,6.0,1.715,3.1,1.0,,,,,,,2026-06-29,1127.42,1146.99,1024.78,1145.0,1.16964e6,1090.767714
2026-06-29T20:31:25.125,30,32,MU260731C02500000,MU,2026-07-31,call,2500.0,0.57,3.0,1.28,5.0,0.925,0.79,4.0,,,,,,,2026-06-29,1127.42,1146.99,1024.78,1145.0,1.16964e6,1090.767714
2026-06-29T20:31:25.125,30,32,MU260731P00005000,MU,2026-07-31,put,5.0,0.0,0.0,0.01,9500.0,0.005,0.15,1.0,,,,,,,2026-06-29,1127.42,1146.99,1024.78,1145.0,1.16964e6,1090.767714
2026-06-29T20:31:25.125,30,32,MU260731P00010000,MU,2026-07-31,put,10.0,0.0,0.0,2.17,300.0,1.085,,,,,,,,,2026-06-29,1127.42,1146.99,1024.78,1145.0,1.16964e6,1090.767714
2026-06-29T20:31:25.125,30,32,MU260731P00015000,MU,2026-07-31,put,15.0,0.0,0.0,3.44,200.0,1.72,,,,,,,,,2026-06-29,1127.42,1146.99,1024.78,1145.0,1.16964e6,1090.767714
2026-06-29T20:31:25.125,30,32,MU260731P00020000,MU,2026-07-31,put,20.0,0.0,0.0,4.22,1.0,2.11,,,,,,,,,2026-06-29,1127.42,1146.99,1024.78,1145.0,1.16964e6,1090.767714
2026-06-29T20:31:25.125,30,32,MU260731P00025000,MU,2026-07-31,put,25.0,0.0,0.0,4.32,1.0,2.16,,,,,,,,,2026-06-29,1127.42,1146.99,1024.78,1145.0,1.16964e6,1090.767714
2026-06-29T20:31:25.125,30,32,MU260731P00030000,MU,2026-07-31,put,30.0,0.0,0.0,4.32,1.0,2.16,,,,,,,,,2026-06-29,1127.42,1146.99,1024.78,1145.0,1.16964e6,1090.767714
2026-06-29T20:31:25.125,30,32,MU260731P00035000,MU,2026-07-31,put,35.0,0.0,0.0,4.28,1.0,2.14,,,,,,,,,2026-06-29,1127.42,1146.99,1024.78,1145.0,1.16964e6,1090.767714
2026-06-29T20:31:25.125,30,32,MU260731P00040000,MU,2026-07-31,put,40.0,0.0,0.0,4.37,1.0,2.185,,,,,,,,,2026-06-29,1127.42,1146.99,1024.78,1145.0,1.16964e6,1090.767714
2026-06-29T20:31:25.125,30,32,MU260731P00045000,MU,2026-07-31,put,45.0,0.0,0.0,4.25,1.0,2.125,,,,,,,,,2026-06-29,1127.42,1146.99,1024.78,1145.0,1.16964e6,1090.767714
2026-06-29T20:31:25.125,30,32,MU260731P00050000,MU,2026-07-31,put,50.0,0.0,0.0,4.34,1.0,2.17,,,,,,,,,2026-06-29,1127.42,1146.99,1024.78,1145.0,1.16964e6,1090.767714
2026-06-29T20:31:25.125,30,32,MU260731P00055000,MU,2026-07-31,put,55.0,0.0,0.0,4.28,1.0,2.14,,,,,,,,,2026-06-29,1127.42,1146.99,1024.78,1145.0,1.16964e6,1090.767714
2026-06-29T20:31:25.125,30,32,MU260731P00060000,MU,2026-07-31,put,60.0,0.0,0.0,4.37,1.0,2.185,,,,,,,,,2026-06-29,1127.42,1146.99,1024.78,1145.0,1.16964e6,1090.767714
2026-06-29T20:31:25.125,30,32,MU260731P00065000,MU,2026-07-31,put,65.0,0.0,0.0,4.22,1.0,2.11,,,,,,,,,2026-06-29,1127.42,1146.99,1024.78,1145.0,1.16964e6,1090.767714
2026-06-29T20:31:25.125,30,32,MU260731P00070000,MU,2026-07-31,put,70.0,0.0,0.0,4.25,1.0,2.125,,,,,,,,,2026-06-29,1127.42,1146.99,1024.78,1145.0,1.16964e6,1090.767714
2026-06-29T20:31:25.125,30,32,MU260731P00075000,MU,2026-07-31,put,75.0,0.0,0.0,4.35,1.0,2.175,,,,,,,,,2026-06-29,1127.42,1146.99,1024.78,1145.0,1.16964e6,1090.767714
2026-06-29T20:31:25.125,30,32,MU260731P00080000,MU,2026-07-31,put,80.0,0.0,0.0,4.26,1.0,2.13,,,,,,,,,2026-06-29,1127.42,1146.99,1024.78,1145.0,1.16964e6,1090.767714
2026-06-29T20:31:25.125,30,32,MU260731P00085000,MU,2026-07-31,put,85.0,0.0,0.0,4.28,1.0,2.14,,,,,,,,,2026-06-29,1127.42,1146.99,1024.78,1145.0,1.16964e6,1090.767714
2026-06-29T20:31:25.125,30,32,MU260731P00090000,MU,2026-07-31,put,90.0,0.0,0.0,4.27,1.0,2.135,,,,,,,,,2026-06-29,1127.42,1146.99,1024.78,1145.0,1.16964e6,1090.767714
2026-06-29T20:31:25.125,30,32,MU260731P00095000,MU,2026-07-31,put,95.0,0.0,0.0,4.28,1.0,2.14,,,,,,,,,2026-06-29,1127.42,1146.99,1024.78,1145.0,1.16964e6,1090.767714
2026-06-29T20:31:25.125,30,32,MU260731P00100000,MU,2026-07-31,put,100.0,0.0,0.0,4.28,2.0,2.14,0.1,1.0,,,,,,,2026-06-29,1127.42,1146.99,1024.78,1145.0,1.16964e6,1090.767714
2026-06-29T20:31:25.125,30,32,MU260731P00105000,MU,2026-07-31,put,105.0,0.0,0.0,4.25,1.0,2.125,0.14,1.0,,,,,,,2026-06-29,1127.42,1146.99,1024.78,1145.0,1.16964e6,1090.767714
2026-06-29T20:31:25.125,30,32,MU260731P00110000,MU,2026-07-31,put,110.0,0.0,0.0,4.25,1.0,2.125,,,,,,,,,2026-06-29,1127.42,1146.99,1024.78,1145.0,1.16964e6,1090.767714
2026-06-29T20:31:25.125,30,32,MU260731P00115000,MU,2026-07-31,put,115.0,0.0,0.0,4.37,1.0,2.185,,,,,,,,,2026-06-29,1127.42,1146.99,1024.78,1145.0,1.16964e6,1090.767714
2026-06-29T20:31:25.125,30,32,MU260731P00120000,MU,2026-07-31,put,120.0,0.0,0.0,4.23,1.0,2.115,,,,,,,,,2026-06-29,1127.42,1146.99,1024.78,1145.0,1.16964e6,1090.767714
2026-06-29T20:31:25.125,30,32,MU260731P00125000,MU,2026-07-31,put,125.0,0.0,0.0,0.98,2.0,0.49,0.1,1.0,,,,,,,2026-06-29,1127.42,1146.99,1024.78,1145.0,1.16964e6,1090.767714
2026-06-29T20:31:25.125,30,32,MU260731P00130000,MU,2026-07-31,put,130.0,0.0,0.0,4.32,1.0,2.16,0.15,1.0,,,,,,,2026-06-29,1127.42,1146.99,1024.78,1145.0,1.16964e6,1090.767714
2026-06-29T20:31:25.125,30,32,MU260731P00135000,MU,2026-07-31,put,135.0,0.0,0.0,4.23,1.0,2.115,0.09,15.0,,,,,,,2026-06-29,1127.42,1146.99,1024.78,1145.0,1.16964e6,1090.767714
2026-06-29T20:31:25.125,30,32,MU260731P00140000,MU,2026-07-31,put,140.0,0.0,0.0,4.26,1.0,2.13,0.07,2.0,,,,,,,2026-06-29,1127.42,1146.99,1024.78,1145.0,1.16964e6,1090.767714
2026-06-29T20:31:25.125,30,32,MU260731P00145000,MU,2026-07-31,put,145.0,0.0,0.0,4.32,1.0,2.16,0.18,1.0,,,,,,,2026-06-29,1127.42,1146.99,1024.78,1145.0,1.16964e6,1090.767714
2026-06-29T20:31:25.125,30,32,MU260731P00150000,MU,2026-07-31,put,150.0,0.0,0.0,4.16,33.0,2.08,0.16,1.0,,,,,,,2026-06-29,1127.42,1146.99,1024.78,1145.0,1.16964e6,1090.767714
2026-06-29T20:31:25.125,30,32,MU260731P00155000,MU,2026-07-31,put,155.0,0.0,0.0,4.36,1.0,2.18,0.16,2.0,,,,,,,2026-06-29,1127.42,1146.99,1024.78,1145.0,1.16964e6,1090.767714
2026-06-29T20:31:25.125,30,32,MU260731P00160000,MU,2026-07-31,put,160.0,0.0,0.0,0.68,1.0,0.34,0.15,1.0,,,,,,,2026-06-29,1127.42,1146.99,1024.78,1145.0,1.16964e6,1090.767714
2026-06-29T20:31:25.125,30,32,MU260731P00165000,MU,2026-07-31,put,165.0,0.0,0.0,4.3,1.0,2.15,0.14,1.0,,,,,,,2026-06-29,1127.42,1146.99,1024.78,1145.0,1.16964e6,1090.767714
2026-06-29T20:31:25.125,30,32,MU260731P00170000,MU,2026-07-31,put,170.0,0.0,0.0,4.33,1.0,2.165,,,,,,,,,2026-06-29,1127.42,1146.99,1024.78,1145.0,1.16964e6,1090.767714
2026-06-29T20:31:25.125,30,32,MU260731P00175000,MU,2026-07-31,put,175.0,0.0,0.0,2.92,34.0,1.46,0.19,1.0,,,,,,,2026-06-29,1127.42,1146.99,1024.78,1145.0,1.16964e6,1090.767714
2026-06-29T20:31:25.125,30,32,MU260731P00180000,MU,2026-07-31,put,180.0,0.0,0.0,2.12,40.0,1.06,0.19,1.0,,,,,,,2026-06-29,1127.42,1146.99,1024.78,1145.0,1.16964e6,1090.767714
2026-06-29T20:31:25.125,30,32,MU260731P00185000,MU,2026-07-31,put,185.0,0.0,0.0,0.18,1.0,0.09,0.09,1.0,,,,,,,2026-06-29,1127.42,1146.99,1024.78,1145.0,1.16964e6,1090.767714
2026-06-29T20:31:25.125,30,32,MU260731P00190000,MU,2026-07-31,put,190.0,0.0,0.0,3.69,16.0,1.845,0.09,1.0,,,,,,,2026-06-29,1127.42,1146.99,1024.78,1145.0,1.16964e6,1090.767714
2026-06-29T20:31:25.125,30,32,MU260731P00195000,MU,2026-07-31,put,195.0,0.0,0.0,1.8,2.0,0.9,0.14,1.0,,,,,,,2026-06-29,1127.42,1146.99,1024.78,1145.0,1.16964e6,1090.767714
2026-06-29T20:31:25.125,30,32,MU260731P00200000,MU,2026-07-31,put,200.0,0.06,1.0,0.23,2.0,0.14500000000000002,0.27,50.0,,,,,,,2026-06-29,1127.42,1146.99,1024.78,1145.0,1.16964e6,1090.767714
2026-06-29T20:31:25.125,30,32,MU260731P00205000,MU,2026-07-31,put,205.0,0.0,0.0,0.58,1.0,0.29,0.26,1.0,,,,,,,2026-06-29,1127.42,1146.99,1024.78,1145.0,1.16964e6,1090.767714
2026-06-29T20:31:25.125,30,32,MU260731P00210000,MU,2026-07-31,put,210.0,0.0,0.0,1.65,2.0,0.825,1.24,7.0,,,,,,,2026-06-29,1127.42,1146.99,1024.78,1145.0,1.16964e6,1090.767714
2026-06-29T20:31:25.125,30,32,MU260731P00215000,MU,2026-07-31,put,215.0,0.0,0.0,2.79,12.0,1.395,1.29,7.0,,,,,,,2026-06-29,1127.42,1146.99,1024.78,1145.0,1.16964e6,1090.767714
2026-06-29T20:31:25.125,30,32,MU260731P00220000,MU,2026-07-31,put,220.0,0.0,0.0,2.48,11.0,1.24,,,,,,,,,2026-06-29,1127.42,1146.99,1024.78,1145.0,1.16964e6,1090.767714
2026-06-29T20:31:25.125,30,32,MU260731P00225000,MU,2026-07-31,put,225.0,0.0,0.0,2.52,7.0,1.26,,,,,,,,,2026-06-29,1127.42,1146.99,1024.78,1145.0,1.16964e6,1090.767714
2026-06-29T20:31:25.125,30,32,MU260731P00230000,MU,2026-07-31,put,230.0,0.0,0.0,2.54,11.0,1.27,0.59,109.0,,,,,,,2026-06-29,1127.42,1146.99,1024.78,1145.0,1.16964e6,1090.767714
2026-06-29T20:31:25.125,30,32,MU260731P00235000,MU,2026-07-31,put,235.0,0.0,0.0,2.5,11.0,1.25,1.69,108.0,,,,,,,2026-06-29,1127.42,1146.99,1024.78,1145.0,1.16964e6,1090.767714
2026-06-29T20:31:25.125,30,32,MU260731P00240000,MU,2026-07-31,put,240.0,0.0,0.0,2.54,11.0,1.27,,,,,,,,,2026-06-29,1127.42,1146.99,1024.78,1145.0,1.16964e6,1090.767714
2026-06-29T20:31:25.125,30,32,MU260731P00245000,MU,2026-07-31,put,245.0,0.0,0.0,2.56,11.0,1.28,0.98,102.0,,,,,,,2026-06-29,1127.42,1146.99,1024.78,1145.0,1.16964e6,1090.767714
2026-06-29T20:31:25.125,30,32,MU260731P00250000,MU,2026-07-31,put,250.0,0.0,0.0,1.78,34.0,0.89,0.48,50.0,,,,,,,2026-06-29,1127.42,1146.99,1024.78,1145.0,1.16964e6,1090.767714
2026-06-29T20:31:25.125,30,32,MU260731P00255000,MU,2026-07-31,put,255.0,0.0,0.0,2.53,12.0,1.265,0.94,26.0,,,,,,,2026-06-29,1127.42,1146.99,1024.78,1145.0,1.16964e6,1090.767714
2026-06-29T20:31:25.125,30,32,MU260731P00260000,MU,2026-07-31,put,260.0,0.0,0.0,2.3,1.0,1.15,0.61,2.0,,,,,,,2026-06-29,1127.42,1146.99,1024.78,1145.0,1.16964e6,1090.767714
2026-06-29T20:31:25.125,30,32,MU260731P00265000,MU,2026-07-31,put,265.0,0.0,0.0,2.59,12.0,1.295,,,,,,,,,2026-06-29,1127.42,1146.99,1024.78,1145.0,1.16964e6,1090.767714
2026-06-29T20:31:25.125,30,32,MU260731P00270000,MU,2026-07-31,put,270.0,0.0,0.0,2.53,2.0,1.265,0.86,3.0,,,,,,,2026-06-29,1127.42,1146.99,1024.78,1145.0,1.16964e6,1090.767714
2026-06-29T20:31:25.125,30,32,MU260731P00275000,MU,2026-07-31,put,275.0,0.0,0.0,2.59,12.0,1.295,0.48,1.0,,,,,,,2026-06-29,1127.42,1146.99,1024.78,1145.0,1.16964e6,1090.767714
2026-06-29T20:31:25.125,30,32,MU260731P00280000,MU,2026-07-31,put,280.0,0.0,0.0,1.21,1.0,0.605,0.5,1.0,,,,,,,2026-06-29,1127.42,1146.99,1024.78,1145.0,1.16964e6,1090.767714
2026-06-29T20:31:25.125,30,32,MU260731P00285000,MU,2026-07-31,put,285.0,0.0,0.0,2.65,13.0,1.325,0.49,1.0,,,,,,,2026-06-29,1127.42,1146.99,1024.78,1145.0,1.16964e6,1090.767714
2026-06-29T20:31:25.125,30,32,MU260731P00290000,MU,2026-07-31,put,290.0,0.0,0.0,2.029,1.0,1.0145,0.5,2.0,,,,,,,2026-06-29,1127.42,1146.99,1024.78,1145.0,1.16964e6,1090.767714
2026-06-29T20:31:25.125,30,32,MU260731P00295000,MU,2026-07-31,put,295.0,0.0,0.0,2.65,12.0,1.325,1.83,1.0,,,,,,,2026-06-29,1127.42,1146.99,1024.78,1145.0,1.16964e6,1090.767714
2026-06-29T20:31:25.125,30,32,MU260731P00300000,MU,2026-07-31,put,300.0,0.0,0.0,1.55,13.0,0.775,0.7,2.0,,,,,,,2026-06-29,1127.42,1146.99,1024.78,1145.0,1.16964e6,1090.767714
2026-06-29T20:31:25.125,30,32,MU260731P00305000,MU,2026-07-31,put,305.0,0.0,0.0,2.65,18.0,1.325,0.5,1.0,,,,,,,2026-06-29,1127.42,1146.99,1024.78,1145.0,1.16964e6,1090.767714
2026-06-29T20:31:25.125,30,32,MU260731P00310000,MU,2026-07-31,put,310.0,0.0,0.0,2.7,24.0,1.35,0.5,1.0,,,,,,,2026-06-29,1127.42,1146.99,1024.78,1145.0,1.16964e6,1090.767714
2026-06-29T20:31:25.125,30,32,MU260731P00315000,MU,2026-07-31,put,315.0,0.0,0.0,2.73,12.0,1.365,1.81,3.0,,,,,,,2026-06-29,1127.42,1146.99,1024.78,1145.0,1.16964e6,1090.767714
2026-06-29T20:31:25.125,30,32,MU260731P00320000,MU,2026-07-31,put,320.0,0.0,0.0,2.8,12.0,1.4,1.49,2.0,,,,,,,2026-06-29,1127.42,1146.99,1024.78,1145.0,1.16964e6,1090.767714
2026-06-29T20:31:25.125,30,32,MU260731P00325000,MU,2026-07-31,put,325.0,0.0,0.0,2.77,12.0,1.385,2.33,1.0,,,,,,,2026-06-29,1127.42,1146.99,1024.78,1145.0,1.16964e6,1090.767714
2026-06-29T20:31:25.125,30,32,MU260731P00330000,MU,2026-07-31,put,330.0,0.0,0.0,3.33,1.0,1.665,1.27,1.0,,,,,,,2026-06-29,1127.42,1146.99,1024.78,1145.0,1.16964e6,1090.767714
2026-06-29T20:31:25.125,30,32,MU260731P00335000,MU,2026-07-31,put,335.0,0.0,0.0,4.76,1.0,2.38,2.74,1.0,,,,,,,2026-06-29,1127.42,1146.99,1024.78,1145.0,1.16964e6,1090.767714
2026-06-29T20:31:25.125,30,32,MU260731P00340000,MU,2026-07-31,put,340.0,0.0,0.0,2.83,5.0,1.415,1.41,20.0,,,,,,,2026-06-29,1127.42,1146.99,1024.78,1145.0,1.16964e6,1090.767714
2026-06-29T20:31:25.125,30,32,MU260731P00345000,MU,2026-07-31,put,345.0,0.0,0.0,2.88,10.0,1.44,1.57,1.0,,,,,,,2026-06-29,1127.42,1146.99,1024.78,1145.0,1.16964e6,1090.767714
2026-06-29T20:31:25.125,30,32,MU260731P00350000,MU,2026-07-31,put,350.0,0.0,0.0,2.91,12.0,1.455,1.55,1.0,,,,,,,2026-06-29,1127.42,1146.99,1024.78,1145.0,1.16964e6,1090.767714
2026-06-29T20:31:25.125,30,32,MU260731P00355000,MU,2026-07-31,put,355.0,0.0,0.0,2.94,6.0,1.47,1.34,1.0,,,,,,,2026-06-29,1127.42,1146.99,1024.78,1145.0,1.16964e6,1090.767714
2026-06-29T20:31:25.125,30,32,MU260731P00360000,MU,2026-07-31,put,360.0,0.0,0.0,4.87,4.0,2.435,1.0,1.0,,,,,,,2026-06-29,1127.42,1146.99,1024.78,1145.0,1.16964e6,1090.767714
2026-06-29T20:31:25.125,30,32,MU260731P00365000,MU,2026-07-31,put,365.0,0.0,0.0,3.02,12.0,1.51,,,,,,,,,2026-06-29,1127.42,1146.99,1024.78,1145.0,1.16964e6,1090.767714
2026-06-29T20:31:25.125,30,32,MU260731P00370000,MU,2026-07-31,put,370.0,0.0,0.0,3.15,12.0,1.575,1.61,1.0,,,,,,,2026-06-29,1127.42,1146.99,1024.78,1145.0,1.16964e6,1090.767714
2026-06-29T20:31:25.125,30,32,MU260731P00375000,MU,2026-07-31,put,375.0,0.0,0.0,4.48,8.0,2.24,3.35,1.0,,,,,,,2026-06-29,1127.42,1146.99,1024.78,1145.0,1.16964e6,1090.767714
2026-06-29T20:31:25.125,30,32,MU260731P00380000,MU,2026-07-31,put,380.0,0.0,0.0,3.21,12.0,1.605,2.33,1.0,,,,,,,2026-06-29,1127.42,1146.99,1024.78,1145.0,1.16964e6,1090.767714
2026-06-29T20:31:25.125,30,32,MU260731P00385000,MU,2026-07-31,put,385.0,0.0,0.0,3.22,24.0,1.61,1.43,1.0,,,,,,,2026-06-29,1127.42,1146.99,1024.78,1145.0,1.16964e6,1090.767714
2026-06-29T20:31:25.125,30,32,MU260731P00390000,MU,2026-07-31,put,390.0,0.47,10.0,3.28,60.0,1.875,0.91,1.0,,,,,,,2026-06-29,1127.42,1146.99,1024.78,1145.0,1.16964e6,1090.767714
2026-06-29T20:31:25.125,30,32,MU260731P00395000,MU,2026-07-31,put,395.0,0.0,0.0,3.34,23.0,1.67,2.48,1.0,,,,,,,2026-06-29,1127.42,1146.99,1024.78,1145.0,1.16964e6,1090.767714
2026-06-29T20:31:25.125,30,32,MU260731P00400000,MU,2026-07-31,put,400.0,0.0,0.0,1.62,1.0,0.81,0.84,1.0,,,,,,,2026-06-29,1127.42,1146.99,1024.78,1145.0,1.16964e6,1090.767714
2026-06-29T20:31:25.125,30,32,MU260731P00405000,MU,2026-07-31,put,405.0,0.0,0.0,3.36,12.0,1.68,2.87,1.0,,,,,,,2026-06-29,1127.42,1146.99,1024.78,1145.0,1.16964e6,1090.767714
2026-06-29T20:31:25.125,30,32,MU260731P00410000,MU,2026-07-31,put,410.0,0.82,1.0,1.9,1.0,1.3599999999999999,1.28,1.0,,,,,,,2026-06-29,1127.42,1146.99,1024.78,1145.0,1.16964e6,1090.767714
2026-06-29T20:31:25.125,30,32,MU260731P00415000,MU,2026-07-31,put,415.0,0.0,0.0,4.13,5.0,2.065,2.86,1.0,,,,,,,2026-06-29,1127.42,1146.99,1024.78,1145.0,1.16964e6,1090.767714
2026-06-29T20:31:25.125,30,32,MU260731P00420000,MU,2026-07-31,put,420.0,0.0,0.0,3.48,11.0,1.74,2.98,1.0,,,,,,,2026-06-29,1127.42,1146.99,1024.78,1145.0,1.16964e6,1090.767714
2026-06-29T20:31:25.125,30,32,MU260731P00425000,MU,2026-07-31,put,425.0,0.0,0.0,4.41,2.0,2.205,2.33,2.0,,,,,,,2026-06-29,1127.42,1146.99,1024.78,1145.0,1.16964e6,1090.767714
2026-06-29T20:31:25.125,30,32,MU260731P00430000,MU,2026-07-31,put,430.0,0.0,0.0,3.67,10.0,1.835,2.06,2.0,,,,,,,2026-06-29,1127.42,1146.99,1024.78,1145.0,1.16964e6,1090.767714
2026-06-29T20:31:25.125,30,32,MU260731P00435000,MU,2026-07-31,put,435.0,0.0,0.0,3.63,10.0,1.815,2.76,1.0,,,,,,,2026-06-29,1127.42,1146.99,1024.78,1145.0,1.16964e6,1090.767714
2026-06-29T20:31:25.125,30,32,MU260731P00440000,MU,2026-07-31,put,440.0,0.0,0.0,4.13,1.0,2.065,1.65,1.0,,,,,,,2026-06-29,1127.42,1146.99,1024.78,1145.0,1.16964e6,1090.767714
2026-06-29T20:31:25.125,30,32,MU260731P00445000,MU,2026-07-31,put,445.0,0.0,0.0,3.77,9.0,1.885,2.62,1.0,,,,,,,2026-06-29,1127.42,1146.99,1024.78,1145.0,1.16964e6,1090.767714
2026-06-29T20:31:25.125,30,32,MU260731P00450000,MU,2026-07-31,put,450.0,1.49,1.0,2.19,2.0,1.8399999999999999,1.63,1.0,,,,,,,2026-06-29,1127.42,1146.99,1024.78,1145.0,1.16964e6,1090.767714
2026-06-29T20:31:25.125,30,32,MU260731P00455000,MU,2026-07-31,put,455.0,0.0,0.0,4.72,1.0,2.36,3.69,1.0,,,,,,,2026-06-29,1127.42,1146.99,1024.78,1145.0,1.16964e6,1090.767714
2026-06-29T20:31:25.125,30,32,MU260731P00460000,MU,2026-07-31,put,460.0,0.51,9.0,3.98,8.0,2.245,1.9,1.0,,,,,,,2026-06-29,1127.42,1146.99,1024.78,1145.0,1.16964e6,1090.767714
2026-06-29T20:31:25.125,30,32,MU260731P00465000,MU,2026-07-31,put,465.0,0.24,10.0,4.01,13.0,2.125,2.39,1.0,,,,,,,2026-06-29,1127.42,1146.99,1024.78,1145.0,1.16964e6,1090.767714
2026-06-29T20:31:25.125,30,32,MU260731P00470000,MU,2026-07-31,put,470.0,0.93,5.0,4.09,10.0,2.51,,,,,,,,,2026-06-29,1127.42,1146.99,1024.78,1145.0,1.16964e6,1090.767714
2026-06-29T20:31:25.125,30,32,MU260731P00475000,MU,2026-07-31,put,475.0,0.58,2.0,2.36,2.0,1.47,1.82,1.0,,,,,,,2026-06-29,1127.42,1146.99,1024.78,1145.0,1.16964e6,1090.767714
2026-06-29T20:31:25.125,30,32,MU260731P00480000,MU,2026-07-31,put,480.0,0.38,9.0,4.33,9.0,2.355,1.95,1.0,,,,,,,2026-06-29,1127.42,1146.99,1024.78,1145.0,1.16964e6,1090.767714
2026-06-29T20:31:25.125,30,32,MU260731P00485000,MU,2026-07-31,put,485.0,0.43,22.0,4.47,9.0,2.4499999999999997,3.04,1.0,,,,,,,2026-06-29,1127.42,1146.99,1024.78,1145.0,1.16964e6,1090.767714
2026-06-29T20:31:25.125,30,32,MU260731P00490000,MU,2026-07-31,put,490.0,0.83,9.0,4.48,9.0,2.6550000000000002,1.98,1.0,,,,,,,2026-06-29,1127.42,1146.99,1024.78,1145.0,1.16964e6,1090.767714
2026-06-29T20:31:25.125,30,32,MU260731P00495000,MU,2026-07-31,put,495.0,1.03,23.0,5.26,10.0,3.145,2.6,1.0,,,,,,,2026-06-29,1127.42,1146.99,1024.78,1145.0,1.16964e6,1090.767714
2026-06-29T20:31:25.125,30,32,MU260731P00500000,MU,2026-07-31,put,500.0,2.18,1.0,3.13,62.0,2.6550000000000002,2.48,4.0,,,,,,,2026-06-29,1127.42,1146.99,1024.78,1145.0,1.16964e6,1090.767714
2026-06-29T20:31:25.125,30,32,MU260731P00505000,MU,2026-07-31,put,505.0,0.68,12.0,4.92,9.0,2.8,2.75,1.0,,,,,,,2026-06-29,1127.42,1146.99,1024.78,1145.0,1.16964e6,1090.767714
2026-06-29T20:31:25.125,30,32,MU260731P00510000,MU,2026-07-31,put,510.0,0.7,1.0,5.09,9.0,2.895,0.03,1.0,,,,,,,2026-06-29,1127.42,1146.99,1024.78,1145.0,1.16964e6,1090.767714
2026-06-29T20:31:25.125,30,32,MU260731P00515000,MU,2026-07-31,put,515.0,1.22,1.0,5.09,8.0,3.155,3.47,1.0,,,,,,,2026-06-29,1127.42,1146.99,1024.78,1145.0,1.16964e6,1090.767714
2026-06-29T20:31:25.125,30,32,MU260731P00520000,MU,2026-07-31,put,520.0,0.7,13.0,5.37,8.0,3.035,2.86,1.0,,,,,,,2026-06-29,1127.42,1146.99,1024.78,1145.0,1.16964e6,1090.767714
2026-06-29T20:31:25.125,30,32,MU260731P00525000,MU,2026-07-31,put,525.0,0.98,4.0,5.37,6.0,3.175,3.89,1.0,,,,,,,2026-06-29,1127.42,1146.99,1024.78,1145.0,1.16964e6,1090.767714
2026-06-29T20:31:25.125,30,32,MU260731P00530000,MU,2026-07-31,put,530.0,1.26,9.0,5.57,8.0,3.415,2.62,1.0,,,,,,,2026-06-29,1127.42,1146.99,1024.78,1145.0,1.16964e6,1090.767714
2026-06-29T20:31:25.125,30,32,MU260731P00535000,MU,2026-07-31,put,535.0,1.41,16.0,4.83,9.0,3.12,3.55,1.0,,,,,,,2026-06-29,1127.42,1146.99,1024.78,1145.0,1.16964e6,1090.767714
2026-06-29T20:31:25.125,30,32,MU260731P00540000,MU,2026-07-31,put,540.0,1.2,9.0,5.78,8.0,3.49,3.05,1.0,,,,,,,2026-06-29,1127.42,1146.99,1024.78,1145.0,1.16964e6,1090.767714
2026-06-29T20:31:25.125,30,32,MU260731P00545000,MU,2026-07-31,put,545.0,1.34,7.0,6.58,1.0,3.96,4.0,1.0,,,,,,,2026-06-29,1127.42,1146.99,1024.78,1145.0,1.16964e6,1090.767714
2026-06-29T20:31:25.125,30,32,MU260731P00550000,MU,2026-07-31,put,550.0,1.73,15.0,3.85,9.0,2.79,3.52,1.0,,,,,,,2026-06-29,1127.42,1146.99,1024.78,1145.0,1.16964e6,1090.767714
2026-06-29T20:31:25.125,30,32,MU260731P00555000,MU,2026-07-31,put,555.0,2.04,19.0,5.73,21.0,3.8850000000000002,3.61,1.0,,,,,,,2026-06-29,1127.42,1146.99,1024.78,1145.0,1.16964e6,1090.767714
2026-06-29T20:31:25.125,30,32,MU260731P00560000,MU,2026-07-31,put,560.0,1.73,10.0,5.09,4.0,3.41,3.98,3.0,,,,,,,2026-06-29,1127.42,1146.99,1024.78,1145.0,1.16964e6,1090.767714
2026-06-29T20:31:25.125,30,32,MU260731P00565000,MU,2026-07-31,put,565.0,1.76,16.0,6.58,8.0,4.17,3.32,1.0,,,,,,,2026-06-29,1127.42,1146.99,1024.78,1145.0,1.16964e6,1090.767714
2026-06-29T20:31:25.125,30,32,MU260731P00570000,MU,2026-07-31,put,570.0,1.83,6.0,6.64,8.0,4.234999999999999,4.84,2.0,,,,,,,2026-06-29,1127.42,1146.99,1024.78,1145.0,1.16964e6,1090.767714
2026-06-29T20:31:25.125,30,32,MU260731P00575000,MU,2026-07-31,put,575.0,4.07,1.0,6.04,24.0,5.055,4.32,1.0,,,,,,,2026-06-29,1127.42,1146.99,1024.78,1145.0,1.16964e6,1090.767714
2026-06-29T20:31:25.125,30,32,MU260731P00580000,MU,2026-07-31,put,580.0,2.09,33.0,6.95,8.0,4.52,5.52,2.0,,,,,,,2026-06-29,1127.42,1146.99,1024.78,1145.0,1.16964e6,1090.767714
2026-06-29T20:31:25.125,30,32,MU260731P00585000,MU,2026-07-31,put,585.0,2.22,51.0,7.17,39.0,4.695,5.25,1.0,,,,,,,2026-06-29,1127.42,1146.99,1024.78,1145.0,1.16964e6,1090.767714
2026-06-29T20:31:25.125,30,32,MU260731P00590000,MU,2026-07-31,put,590.0,2.18,8.0,7.45,6.0,4.815,4.3,1.0,,,,,,,2026-06-29,1127.42,1146.99,1024.78,1145.0,1.16964e6,1090.767714
2026-06-29T20:31:25.125,30,32,MU260731P00595000,MU,2026-07-31,put,595.0,3.93,2.0,6.71,38.0,5.32,5.15,1.0,,,,,,,2026-06-29,1127.42,1146.99,1024.78,1145.0,1.16964e6,1090.767714
2026-06-29T20:31:25.125,30,32,MU260731P00600000,MU,2026-07-31,put,600.0,3.73,27.0,5.45,4.0,4.59,4.9,1.0,,,,,,,2026-06-29,1127.42,1146.99,1024.78,1145.0,1.16964e6,1090.767714
2026-06-29T20:31:25.125,30,32,MU260731P00605000,MU,2026-07-31,put,605.0,2.47,8.0,8.029,42.0,5.2495,5.65,1.0,,,,,,,2026-06-29,1127.42,1146.99,1024.78,1145.0,1.16964e6,1090.767714
2026-06-29T20:31:25.125,30,32,MU260731P00610000,MU,2026-07-31,put,610.0,3.63,21.0,7.81,39.0,5.72,5.11,1.0,,,,,,,2026-06-29,1127.42,1146.99,1024.78,1145.0,1.16964e6,1090.767714
2026-06-29T20:31:25.125,30,32,MU260731P00615000,MU,2026-07-31,put,615.0,3.03,49.0,6.18,37.0,4.6049999999999995,5.66,2.0,,,,,,,2026-06-29,1127.42,1146.99,1024.78,1145.0,1.16964e6,1090.767714
2026-06-29T20:31:25.125,30,32,MU260731P00620000,MU,2026-07-31,put,620.0,3.07,14.0,8.47,6.0,5.7700000000000005,5.28,5.0,,,,,,,2026-06-29,1127.42,1146.99,1024.78,1145.0,1.16964e6,1090.767714
2026-06-29T20:31:25.125,30,32,MU260731P00625000,MU,2026-07-31,put,625.0,4.22,19.0,8.32,39.0,6.27,7.67,2.0,,,,,,,2026-06-29,1127.42,1146.99,1024.78,1145.0,1.16964e6,1090.767714
2026-06-29T20:31:25.125,30,32,MU260731P00630000,MU,2026-07-31,put,630.0,3.59,53.0,7.24,52.0,5.415,6.25,1.0,,,,,,,2026-06-29,1127.42,1146.99,1024.78,1145.0,1.16964e6,1090.767714
2026-06-29T20:31:25.125,30,32,MU260731P00635000,MU,2026-07-31,put,635.0,4.94,2.0,9.23,6.0,7.085000000000001,8.0,1.0,,,,,,,2026-06-29,1127.42,1146.99,1024.78,1145.0,1.16964e6,1090.767714
2026-06-29T20:31:25.125,30,32,MU260731P00640000,MU,2026-07-31,put,640.0,4.15,58.0,9.32,39.0,6.735,7.5,1.0,,,,,,,2026-06-29,1127.42,1146.99,1024.78,1145.0,1.16964e6,1090.767714
2026-06-29T20:31:25.125,30,32,MU260731P00645000,MU,2026-07-31,put,645.0,3.83,14.0,9.8,6.0,6.815,8.7,1.0,,,,,,,2026-06-29,1127.42,1146.99,1024.78,1145.0,1.16964e6,1090.767714
2026-06-29T20:31:25.125,30,32,MU260731P00650000,MU,2026-07-31,put,650.0,6.52,1.0,7.47,42.0,6.994999999999999,6.65,1.0,,,,,,,2026-06-29,1127.42,1146.99,1024.78,1145.0,1.16964e6,1090.767714
2026-06-29T20:31:25.125,30,32,MU260731P00655000,MU,2026-07-31,put,655.0,4.74,54.0,9.91,14.0,7.325,8.77,2.0,,,,,,,2026-06-29,1127.42,1146.99,1024.78,1145.0,1.16964e6,1090.767714
2026-06-29T20:31:25.125,30,32,MU260731P00660000,MU,2026-07-31,put,660.0,5.13,39.0,10.55,17.0,7.84,7.65,1.0,,,,,,,2026-06-29,1127.42,1146.99,1024.78,1145.0,1.16964e6,1090.767714
2026-06-29T20:31:25.125,30,32,MU260731P00665000,MU,2026-07-31,put,665.0,5.34,27.0,8.36,2.0,6.85,9.4,1.0,,,,,,,2026-06-29,1127.42,1146.99,1024.78,1145.0,1.16964e6,1090.767714
2026-06-29T20:31:25.125,30,32,MU260731P00670000,MU,2026-07-31,put,670.0,5.53,27.0,10.2,6.0,7.865,8.19,1.0,,,,,,,2026-06-29,1127.42,1146.99,1024.78,1145.0,1.16964e6,1090.767714
2026-06-29T20:31:25.125,30,32,MU260731P00675000,MU,2026-07-31,put,675.0,5.89,68.0,9.08,16.0,7.484999999999999,8.65,1.0,,,,,,,2026-06-29,1127.42,1146.99,1024.78,1145.0,1.16964e6,1090.767714
2026-06-29T20:31:25.125,30,32,MU260731P00680000,MU,2026-07-31,put,680.0,6.07,47.0,10.28,22.0,8.175,10.46,1.0,,,,,,,2026-06-29,1127.42,1146.99,1024.78,1145.0,1.16964e6,1090.767714
2026-06-29T20:31:25.125,30,32,MU260731P00685000,MU,2026-07-31,put,685.0,6.16,29.0,9.79,28.0,7.975,9.36,2.0,,,,,,,2026-06-29,1127.42,1146.99,1024.78,1145.0,1.16964e6,1090.767714
2026-06-29T20:31:25.125,30,32,MU260731P00690000,MU,2026-07-31,put,690.0,6.48,26.0,10.38,8.0,8.43,9.0,1.0,,,,,,,2026-06-29,1127.42,1146.99,1024.78,1145.0,1.16964e6,1090.767714
2026-06-29T20:31:25.125,30,32,MU260731P00695000,MU,2026-07-31,put,695.0,6.98,34.0,10.67,8.0,8.825,9.8,1.0,,,,,,,2026-06-29,1127.42,1146.99,1024.78,1145.0,1.16964e6,1090.767714
2026-06-29T20:31:25.125,30,32,MU260731P00700000,MU,2026-07-31,put,700.0,7.74,76.0,10.65,38.0,9.195,9.5,1.0,,,,,,,2026-06-29,1127.42,1146.99,1024.78,1145.0,1.16964e6,1090.767714
2026-06-29T20:31:25.125,30,32,MU260731P00705000,MU,2026-07-31,put,705.0,7.66,17.0,12.21,3.0,9.935,11.12,2.0,,,,,,,2026-06-29,1127.42,1146.99,1024.78,1145.0,1.16964e6,1090.767714
2026-06-29T20:31:25.125,30,32,MU260731P00710000,MU,2026-07-31,put,710.0,7.51,38.0,13.36,22.0,10.434999999999999,10.75,1.0,,,,,,,2026-06-29,1127.42,1146.99,1024.78,1145.0,1.16964e6,1090.767714
2026-06-29T20:31:25.125,30,32,MU260731P00715000,MU,2026-07-31,put,715.0,8.06,16.0,13.58,7.0,10.82,12.35,2.0,,,,,,,2026-06-29,1127.42,1146.99,1024.78,1145.0,1.16964e6,1090.767714
2026-06-29T20:31:25.125,30,32,MU260731P00720000,MU,2026-07-31,put,720.0,8.79,46.0,12.88,30.0,10.835,11.44,1.0,,,,,,,2026-06-29,1127.42,1146.99,1024.78,1145.0,1.16964e6,1090.767714
2026-06-29T20:31:25.125,30,32,MU260731P00725000,MU,2026-07-31,put,725.0,9.09,16.0,14.09,2.0,11.59,14.52,1.0,,,,,,,2026-06-29,1127.42,1146.99,1024.78,1145.0,1.16964e6,1090.767714
2026-06-29T20:31:25.125,30,32,MU260731P00730000,MU,2026-07-31,put,730.0,9.58,38.0,14.81,42.0,12.195,12.2,1.0,,,,,,,2026-06-29,1127.42,1146.99,1024.78,1145.0,1.16964e6,1090.767714
2026-06-29T20:31:25.125,30,32,MU260731P00735000,MU,2026-07-31,put,735.0,9.44,16.0,15.18,59.0,12.309999999999999,13.55,1.0,1.109,-0.0657,0.0003,-0.739,0.4314,-0.0764,2026-06-29,1127.42,1146.99,1024.78,1145.0,1.16964e6,1090.767714
2026-06-29T20:31:25.125,30,32,MU260731P00740000,MU,2026-07-31,put,740.0,11.66,1.0,13.45,3.0,12.555,13.87,2.0,1.1009,-0.0673,0.0004,-0.7469,0.4394,-0.0782,2026-06-29,1127.42,1146.99,1024.78,1145.0,1.16964e6,1090.767714
2026-06-29T20:31:25.125,30,32,MU260731P00745000,MU,2026-07-31,put,745.0,10.35,2.0,15.68,6.0,13.015,14.95,2.0,1.0975,-0.0696,0.0004,-0.7637,0.4507,-0.0809,2026-06-29,1127.42,1146.99,1024.78,1145.0,1.16964e6,1090.767714
2026-06-29T20:31:25.125,30,32,MU260731P00750000,MU,2026-07-31,put,750.0,11.76,50.0,14.02,13.0,12.89,13.07,1.0,,,,,,,2026-06-29,1127.42,1146.99,1024.78,1145.0,1.16964e6,1090.767714
2026-06-29T20:31:25.125,30,32,MU260731P00755000,MU,2026-07-31,put,755.0,11.62,20.0,16.49,11.0,14.055,13.96,1.0,,,,,,,2026-06-29,1127.42,1146.99,1024.78,1145.0,1.16964e6,1090.767714
2026-06-29T20:31:25.125,30,32,MU260731P00760000,MU,2026-07-31,put,760.0,13.05,34.0,17.01,20.0,15.030000000000001,15.05,1.0,,,,,,,2026-06-29,1127.42,1146.99,1024.78,1145.0,1.16964e6,1090.767714
2026-06-29T20:31:25.125,30,32,MU260731P00765000,MU,2026-07-31,put,765.0,12.56,7.0,17.47,19.0,15.015,16.42,2.0,1.0846,-0.0792,0.0004,-0.833,0.4977,-0.0923,2026-06-29,1127.42,1146.99,1024.78,1145.0,1.16964e6,1090.767714
2026-06-29T20:31:25.125,30,32,MU260731P00770000,MU,2026-07-31,put,770.0,13.34,16.0,18.24,42.0,15.79,15.5,2.0,1.0861,-0.0825,0.0004,-0.8598,0.5131,-0.0962,2026-06-29,1127.42,1146.99,1024.78,1145.0,1.16964e6,1090.767714
2026-06-29T20:31:25.125,30,32,MU260731P00775000,MU,2026-07-31,put,775.0,12.91,17.0,18.45,42.0,15.68,15.99,1.0,1.0701,-0.0832,0.0004,-0.8522,0.5163,-0.0968,2026-06-29,1127.42,1146.99,1024.78,1145.0,1.16964e6,1090.767714
2026-06-29T20:31:25.125,30,32,MU260731P00780000,MU,2026-07-31,put,780.0,14.8,15.0,18.21,17.0,16.505000000000003,16.8,4.0,1.072,-0.0866,0.0004,-0.88,0.5322,-0.101,2026-06-29,1127.42,1146.99,1024.78,1145.0,1.16964e6,1090.767714
2026-06-29T20:31:25.125,30,32,MU260731P00785000,MU,2026-07-31,put,785.0,14.77,21.0,19.55,16.0,17.16,18.5,1.0,1.0703,-0.0895,0.0004,-0.9007,0.5457,-0.1045,2026-06-29,1127.42,1146.99,1024.78,1145.0,1.16964e6,1090.767714
2026-06-29T20:31:25.125,30,32,MU260731P00790000,MU,2026-07-31,put,790.0,15.69,12.0,18.45,9.0,17.07,17.15,1.0,1.0548,-0.0904,0.0005,-0.8937,0.5495,-0.1052,2026-06-29,1127.42,1146.99,1024.78,1145.0,1.16964e6,1090.767714
2026-06-29T20:31:25.125,30,32,MU260731P00795000,MU,2026-07-31,put,795.0,15.05,22.0,21.1,23.0,18.075000000000003,18.45,1.0,1.0589,-0.0944,0.0005,-0.9262,0.5674,-0.1101,2026-06-29,1127.42,1146.99,1024.78,1145.0,1.16964e6,1090.767714
2026-06-29T20:31:25.125,30,32,MU260731P00800000,MU,2026-07-31,put,800.0,16.77,59.0,18.76,59.0,17.765,18.0,1.0,1.0396,-0.0947,0.0005,-0.9112,0.5686,-0.1101,2026-06-29,1127.42,1146.99,1024.78,1145.0,1.16964e6,1090.767714
2026-06-29T20:31:25.125,30,32,MU260731P00805000,MU,2026-07-31,put,805.0,16.37,40.0,21.85,20.0,19.11,21.32,2.0,1.0489,-0.0997,0.0005,-0.9545,0.5904,-0.1163,2026-06-29,1127.42,1146.99,1024.78,1145.0,1.16964e6,1090.767714
2026-06-29T20:31:25.125,30,32,MU260731P00810000,MU,2026-07-31,put,810.0,17.35,27.0,22.82,14.0,20.085,20.14,1.0,1.0512,-0.1036,0.0005,-0.9836,0.6072,-0.121,2026-06-29,1127.42,1146.99,1024.78,1145.0,1.16964e6,1090.767714
2026-06-29T20:31:25.125,30,32,MU260731P00815000,MU,2026-07-31,put,815.0,18.91,2.0,23.39,36.0,21.15,21.05,1.0,1.0544,-0.1077,0.0005,-1.0147,0.6246,-0.1261,2026-06-29,1127.42,1146.99,1024.78,1145.0,1.16964e6,1090.767714
2026-06-29T20:31:25.125,30,32,MU260731P00820000,MU,2026-07-31,put,820.0,17.04,23.0,23.99,5.0,20.515,20.65,1.0,1.0302,-0.1073,0.0005,-0.9889,0.6232,-0.1252,2026-06-29,1127.42,1146.99,1024.78,1145.0,1.16964e6,1090.767714
2026-06-29T20:31:25.125,30,32,MU260731P00825000,MU,2026-07-31,put,825.0,19.04,41.0,24.57,30.0,21.805,24.23,1.0,1.0365,-0.1121,0.0005,-1.0266,0.6431,-0.1311,2026-06-29,1127.42,1146.99,1024.78,1145.0,1.16964e6,1090.767714
2026-06-29T20:31:25.125,30,32,MU260731P00830000,MU,2026-07-31,put,830.0,20.0,6.0,23.73,5.0,21.865000000000002,22.93,1.0,1.0234,-0.1137,0.0006,-1.0235,0.6495,-0.1327,2026-06-29,1127.42,1146.99,1024.78,1145.0,1.16964e6,1090.767714
2026-06-29T20:31:25.125,30,32,MU260731P00835000,MU,2026-07-31,put,835.0,20.65,42.0,26.86,51.0,23.755,31.18,1.0,1.0378,-0.12,0.0006,-1.0782,0.6748,-0.1407,2026-06-29,1127.42,1146.99,1024.78,1145.0,1.16964e6,1090.767714
2026-06-29T20:31:25.125,30,32,MU260731P00840000,MU,2026-07-31,put,840.0,21.28,10.0,26.07,13.0,23.675,24.19,3.0,1.0224,-0.1213,0.0006,-1.0702,0.6801,-0.1419,2026-06-29,1127.42,1146.99,1024.78,1145.0,1.16964e6,1090.767714
2026-06-29T20:31:25.125,30,32,MU260731P00845000,MU,2026-07-31,put,845.0,22.67,11.0,27.51,5.0,25.090000000000003,27.61,1.0,1.0287,-0.1264,0.0006,-1.1079,0.6998,-0.1482,2026-06-29,1127.42,1146.99,1024.78,1145.0,1.16964e6,1090.767714
2026-06-29T20:31:25.125,30,32,MU260731P00850000,MU,2026-07-31,put,850.0,23.55,28.0,27.24,3.0,25.395,25.34,1.0,1.0187,-0.1288,0.0006,-1.1112,0.7089,-0.1509,2026-06-29,1127.42,1146.99,1024.78,1145.0,1.16964e6,1090.767714
2026-06-29T20:31:25.125,30,32,MU260731P00855000,MU,2026-07-31,put,855.0,23.68,2.0,29.83,13.0,26.755,29.05,1.0,1.0233,-0.1337,0.0006,-1.1453,0.7275,-0.157,2026-06-29,1127.42,1146.99,1024.78,1145.0,1.16964e6,1090.767714
2026-06-29T20:31:25.125,30,32,MU260731P00860000,MU,2026-07-31,put,860.0,24.67,26.0,28.8,10.0,26.735,28.76,1.0,1.0087,-0.1354,0.0006,-1.1384,0.7338,-0.1586,2026-06-29,1127.42,1146.99,1024.78,1145.0,1.16964e6,1090.767714
2026-06-29T20:31:25.125,30,32,MU260731P00865000,MU,2026-07-31,put,865.0,24.98,1.0,31.91,28.0,28.445,29.02,2.0,1.0172,-0.1411,0.0007,-1.1809,0.7548,-0.1659,2026-06-29,1127.42,1146.99,1024.78,1145.0,1.16964e6,1090.767714
2026-06-29T20:31:25.125,30,32,MU260731P00870000,MU,2026-07-31,put,870.0,26.48,47.0,30.77,31.0,28.625,29.65,6.0,1.0051,-0.1434,0.0007,-1.1791,0.763,-0.1683,2026-06-29,1127.42,1146.99,1024.78,1145.0,1.16964e6,1090.767714
2026-06-29T20:31:25.125,30,32,MU260731P00875000,MU,2026-07-31,put,875.0,28.17,1.0,32.47,7.0,30.32,37.0,1.0,1.0125,-0.149,0.0007,-1.2189,0.7831,-0.1754,2026-06-29,1127.42,1146.99,1024.78,1145.0,1.16964e6,1090.767714
2026-06-29T20:31:25.125,30,32,MU260731P00880000,MU,2026-07-31,put,880.0,28.28,29.0,31.63,36.0,29.955,30.0,1.0,0.9933,-0.1502,0.0007,-1.2017,0.7871,-0.1763,2026-06-29,1127.42,1146.99,1024.78,1145.0,1.16964e6,1090.767714
2026-06-29T20:31:25.125,30,32,MU260731P00885000,MU,2026-07-31,put,885.0,28.77,18.0,35.11,3.0,31.939999999999998,32.45,5.0,1.0036,-0.1565,0.0007,-1.2475,0.8089,-0.1843,2026-06-29,1127.42,1146.99,1024.78,1145.0,1.16964e6,1090.767714
2026-06-29T20:31:25.125,30,32,MU260731P00890000,MU,2026-07-31,put,890.0,29.97,11.0,34.73,4.0,32.349999999999994,33.45,2.0,0.9939,-0.1595,0.0007,-1.2504,0.8189,-0.1876,2026-06-29,1127.42,1146.99,1024.78,1145.0,1.16964e6,1090.767714
2026-06-29T20:31:25.125,30,32,MU260731P00895000,MU,2026-07-31,put,895.0,30.93,19.0,36.06,22.0,33.495000000000005,34.6,4.0,0.9931,-0.164,0.0007,-1.272,0.8339,-0.1931,2026-06-29,1127.42,1146.99,1024.78,1145.0,1.16964e6,1090.767714
2026-06-29T20:31:25.125,30,32,MU260731P00900000,MU,2026-07-31,put,900.0,32.299,1.0,35.45,21.0,33.8745,35.45,1.0,0.9828,-0.167,0.0008,-1.2733,0.8437,-0.1964,2026-06-29,1127.42,1146.99,1024.78,1145.0,1.16964e6,1090.767714
2026-06-29T20:31:25.125,30,32,MU260731P00905000,MU,2026-07-31,put,905.0,33.08,13.0,38.37,39.0,35.724999999999994,36.75,4.0,0.9897,-0.1729,0.0008,-1.3112,0.8629,-0.204,2026-06-29,1127.42,1146.99,1024.78,1145.0,1.16964e6,1090.767714
2026-06-29T20:31:25.125,30,32,MU260731P00910000,MU,2026-07-31,put,910.0,34.32,17.0,39.34,4.0,36.83,42.02,1.0,0.9875,-0.1774,0.0008,-1.3294,0.877,-0.2095,2026-06-29,1127.42,1146.99,1024.78,1145.0,1.16964e6,1090.767714
2026-06-29T20:31:25.125,30,32,MU260731P00915000,MU,2026-07-31,put,915.0,35.98,3.0,41.68,7.0,38.83,39.75,1.0,0.995,-0.1835,0.0008,-1.3682,0.8959,-0.2174,2026-06-29,1127.42,1146.99,1024.78,1145.0,1.16964e6,1090.767714
2026-06-29T20:31:25.125,30,32,MU260731P00920000,MU,2026-07-31,put,920.0,35.84,3.0,43.1,1.0,39.47,40.85,1.0,0.9869,-0.1872,0.0008,-1.3735,0.907,-0.2216,2026-06-29,1127.42,1146.99,1024.78,1145.0,1.16964e6,1090.767714
2026-06-29T20:31:25.125,30,32,MU260731P00925000,MU,2026-07-31,put,925.0,36.31,19.0,41.23,9.0,38.769999999999996,41.23,1.0,0.9642,-0.1885,0.0008,-1.347,0.9109,-0.2223,2026-06-29,1127.42,1146.99,1024.78,1145.0,1.16964e6,1090.767714
2026-06-29T20:31:25.125,30,32,MU260731P00930000,MU,2026-07-31,put,930.0,38.96,14.0,45.28,3.0,42.120000000000005,55.28,1.0,0.9852,-0.197,0.0008,-1.4142,0.9359,-0.2337,2026-06-29,1127.42,1146.99,1024.78,1145.0,1.16964e6,1090.767714
2026-06-29T20:31:25.125,30,32,MU260731P00935000,MU,2026-07-31,put,935.0,40.31,36.0,45.66,20.0,42.985,45.3,1.0,0.9791,-0.2012,0.0009,-1.4228,0.9478,-0.2387,2026-06-29,1127.42,1146.99,1024.78,1145.0,1.16964e6,1090.767714
2026-06-29T20:31:25.125,30,32,MU260731P00940000,MU,2026-07-31,put,940.0,39.59,12.0,48.79,1.0,44.19,46.65,1.0,0.9763,-0.206,0.0009,-1.4385,0.9612,-0.2445,2026-06-29,1127.42,1146.99,1024.78,1145.0,1.16964e6,1090.767714
2026-06-29T20:31:25.125,30,32,MU260731P00945000,MU,2026-07-31,put,945.0,41.23,21.0,48.62,45.0,44.925,51.1,1.0,0.9685,-0.2101,0.0009,-1.443,0.9723,-0.2492,2026-06-29,1127.42,1146.99,1024.78,1145.0,1.16964e6,1090.767714
2026-06-29T20:31:25.125,30,32,MU260731P00950000,MU,2026-07-31,put,950.0,43.67,57.0,48.54,47.0,46.105000000000004,48.21,1.0,0.965,-0.2149,0.0009,-1.4567,0.9853,-0.255,2026-06-29,1127.42,1146.99,1024.78,1145.0,1.16964e6,1090.767714
2026-06-29T20:31:25.125,30,32,MU260731P00955000,MU,2026-07-31,put,955.0,45.48,13.0,51.28,10.0,48.379999999999995,72.36,1.0,0.9723,-0.2214,0.0009,-1.4928,1.0023,-0.2635,2026-06-29,1127.42,1146.99,1024.78,1145.0,1.16964e6,1090.767714
2026-06-29T20:31:25.125,30,32,MU260731P00960000,MU,2026-07-31,put,960.0,46.18,20.0,52.39,8.0,49.285,51.2,1.0,0.9656,-0.2258,0.0009,-1.4988,1.0137,-0.2687,2026-06-29,1127.42,1146.99,1024.78,1145.0,1.16964e6,1090.767714
2026-06-29T20:31:25.125,30,32,MU260731P00965000,MU,2026-07-31,put,965.0,48.37,10.0,53.98,11.0,51.175,56.6,1.0,0.9682,-0.2317,0.0009,-1.5245,1.0284,-0.2763,2026-06-29,1127.42,1146.99,1024.78,1145.0,1.16964e6,1090.767714
2026-06-29T20:31:25.125,30,32,MU260731P00970000,MU,2026-07-31,put,970.0,50.35,48.0,54.28,9.0,52.315,65.99,1.0,0.9634,-0.2366,0.0009,-1.5339,1.0403,-0.2821,2026-06-29,1127.42,1146.99,1024.78,1145.0,1.16964e6,1090.767714
2026-06-29T20:31:25.125,30,32,MU260731P00975000,MU,2026-07-31,put,975.0,49.95,37.0,56.25,30.0,53.1,56.25,1.0,0.9549,-0.241,0.001,-1.5355,1.051,-0.2873,2026-06-29,1127.42,1146.99,1024.78,1145.0,1.16964e6,1090.767714
2026-06-29T20:31:25.125,30,32,MU260731P00980000,MU,2026-07-31,put,980.0,51.72,3.0,58.56,21.0,55.14,56.3,3.0,0.9581,-0.2471,0.001,-1.5612,1.0653,-0.2951,2026-06-29,1127.42,1146.99,1024.78,1145.0,1.16964e6,1090.767714
2026-06-29T20:31:25.125,30,32,MU260731P00985000,MU,2026-07-31,put,985.0,54.81,23.0,60.2,8.0,57.505,63.88,1.0,0.964,-0.2536,0.001,-1.592,1.0799,-0.3036,2026-06-29,1127.42,1146.99,1024.78,1145.0,1.16964e6,1090.767714
2026-06-29T20:31:25.125,30,32,MU260731P00990000,MU,2026-07-31,put,990.0,55.56,21.0,61.96,14.0,58.760000000000005,62.49,3.0,0.9592,-0.2587,0.001,-1.6003,1.0912,-0.3099,2026-06-29,1127.42,1146.99,1024.78,1145.0,1.16964e6,1090.767714
2026-06-29T20:31:25.125,30,32,MU260731P00995000,MU,2026-07-31,put,995.0,56.41,21.0,63.25,23.0,59.83,63.4,1.0,0.9526,-0.2637,0.001,-1.6043,1.102,-0.3158,2026-06-29,1127.42,1146.99,1024.78,1145.0,1.16964e6,1090.767714
2026-06-29T20:31:25.125,30,32,MU260731P01000000,MU,2026-07-31,put,1000.0,60.02,10.0,63.81,3.0,61.915000000000006,63.75,1.0,0.9549,-0.2698,0.001,-1.6265,1.1148,-0.3237,2026-06-29,1127.42,1146.99,1024.78,1145.0,1.16964e6,1090.767714
2026-06-29T20:31:25.125,30,32,MU260731P01005000,MU,2026-07-31,put,1005.0,57.74,24.0,68.59,1.0,63.165000000000006,69.54,5.0,0.9495,-0.275,0.001,-1.6323,1.1255,-0.3301,2026-06-29,1127.42,1146.99,1024.78,1145.0,1.16964e6,1090.767714
2026-06-29T20:31:25.125,30,32,MU260731P01010000,MU,2026-07-31,put,1010.0,63.53,36.0,69.4,21.0,66.465,64.0,1.0,0.9618,-0.2822,0.001,-1.6744,1.1398,-0.3402,2026-06-29,1127.42,1146.99,1024.78,1145.0,1.16964e6,1090.767714
2026-06-29T20:31:25.125,30,32,MU260731P01015000,MU,2026-07-31,put,1015.0,62.95,15.0,71.13,6.0,67.03999999999999,68.83,1.0,0.95,-0.287,0.0011,-1.6661,1.1489,-0.3454,2026-06-29,1127.42,1146.99,1024.78,1145.0,1.16964e6,1090.767714
2026-06-29T20:31:25.125,30,32,MU260731P01020000,MU,2026-07-31,put,1020.0,65.43,4.0,70.72,18.0,68.075,69.58,2.0,0.942,-0.2922,0.0011,-1.6655,1.1586,-0.3515,2026-06-29,1127.42,1146.99,1024.78,1145.0,1.16964e6,1090.767714
2026-06-29T20:31:25.125,30,32,MU260731P01025000,MU,2026-07-31,put,1025.0,66.05,1.0,75.27,13.0,70.66,99.39,1.0,0.9472,-0.2987,0.0011,-1.6913,1.1705,-0.3603,2026-06-29,1127.42,1146.99,1024.78,1145.0,1.16964e6,1090.767714
2026-06-29T20:31:25.125,30,32,MU260731P01030000,MU,2026-07-31,put,1030.0,67.61,20.0,76.64,13.0,72.125,78.11,1.0,0.9425,-0.3043,0.0011,-1.6965,1.1804,-0.3672,2026-06-29,1127.42,1146.99,1024.78,1145.0,1.16964e6,1090.767714
2026-06-29T20:31:25.125,30,32,MU260731P01035000,MU,2026-07-31,put,1035.0,71.04,15.0,78.9,3.0,74.97,105.25,1.0,0.9492,-0.311,0.0011,-1.7245,1.1916,-0.3763,2026-06-29,1127.42,1146.99,1024.78,1145.0,1.16964e6,1090.767714
2026-06-29T20:31:25.125,30,32,MU260731P01040000,MU,2026-07-31,put,1040.0,72.78,23.0,80.83,9.0,76.805,85.03,1.0,0.947,-0.3169,0.0011,-1.734,1.2013,-0.3838,2026-06-29,1127.42,1146.99,1024.78,1145.0,1.16964e6,1090.767714
2026-06-29T20:31:25.125,30,32,MU260731P01045000,MU,2026-07-31,put,1045.0,75.83,17.0,81.43,12.0,78.63,82.75,10.0,0.9446,-0.3228,0.0011,-1.7424,1.2107,-0.3914,2026-06-29,1127.42,1146.99,1024.78,1145.0,1.16964e6,1090.767714
2026-06-29T20:31:25.125,30,32,MU260731P01050000,MU,2026-07-31,put,1050.0,76.57,60.0,83.24,46.0,79.905,82.98,1.0,0.9374,-0.3285,0.0011,-1.7407,1.2194,-0.3982,2026-06-29,1127.42,1146.99,1024.78,1145.0,1.16964e6,1090.767714
2026-06-29T20:31:25.125,30,32,MU260731P01055000,MU,2026-07-31,put,1055.0,79.19,9.0,84.87,11.0,82.03,85.34,1.0,0.9369,-0.3347,0.0012,-1.7523,1.2284,-0.4062,2026-06-29,1127.42,1146.99,1024.78,1145.0,1.16964e6,1090.767714
2026-06-29T20:31:25.125,30,32,MU260731P01060000,MU,2026-07-31,put,1060.0,79.29,12.0,86.66,1.0,82.975,87.93,2.0,0.9267,-0.3404,0.0012,-1.7435,1.2365,-0.4127,2026-06-29,1127.42,1146.99,1024.78,1145.0,1.16964e6,1090.767714
2026-06-29T20:31:25.125,30,32,MU260731P01065000,MU,2026-07-31,put,1065.0,80.05,1.0,92.57,1.0,86.31,119.07,1.0,0.9355,-0.3471,0.0012,-1.7728,1.2456,-0.4224,2026-06-29,1127.42,1146.99,1024.78,1145.0,1.16964e6,1090.767714
2026-06-29T20:31:25.125,30,32,MU260731P01070000,MU,2026-07-31,put,1070.0,86.74,2.0,92.99,1.0,89.865,98.04,1.0,0.9457,-0.3538,0.0012,-1.8042,1.2542,-0.4321,2026-06-29,1127.42,1146.99,1024.78,1145.0,1.16964e6,1090.767714
2026-06-29T20:31:25.125,30,32,MU260731P01075000,MU,2026-07-31,put,1075.0,88.81,34.0,94.94,2.0,91.875,92.75,2.0,0.9432,-0.3599,0.0012,-1.8097,1.2618,-0.44,2026-06-29,1127.42,1146.99,1024.78,1145.0,1.16964e6,1090.767714
2026-06-29T20:31:25.125,30,32,MU260731P01080000,MU,2026-07-31,put,1080.0,87.67,36.0,97.91,36.0,92.78999999999999,102.71,1.0,0.9319,-0.3659,0.0012,-1.7968,1.2688,-0.4467,2026-06-29,1127.42,1146.99,1024.78,1145.0,1.16964e6,1090.767714
2026-06-29T20:31:25.125,30,32,MU260731P01085000,MU,2026-07-31,put,1085.0,92.56,12.0,99.06,1.0,95.81,97.15,1.0,0.937,-0.3723,0.0012,-1.8164,1.2761,-0.4558,2026-06-29,1127.42,1146.99,1024.78,1145.0,1.16964e6,1090.767714
2026-06-29T20:31:25.125,30,32,MU260731P01090000,MU,2026-07-31,put,1090.0,92.36,9.0,103.07,2.0,97.715,100.57,1.0,0.933,-0.3785,0.0012,-1.8174,1.2828,-0.4637,2026-06-29,1127.42,1146.99,1024.78,1145.0,1.16964e6,1090.767714
2026-06-29T20:31:25.125,30,32,MU260731P01095000,MU,2026-07-31,put,1095.0,94.11,2.0,103.82,14.0,98.965,108.33,1.0,0.9238,-0.3848,0.0012,-1.8071,1.2891,-0.471,2026-06-29,1127.42,1146.99,1024.78,1145.0,1.16964e6,1090.767714
2026-06-29T20:31:25.125,30,32,MU260731P01100000,MU,2026-07-31,put,1100.0,96.33,33.0,107.03,9.0,101.68,106.33,10.0,0.9257,-0.3911,0.0012,-1.8188,1.2952,-0.4798,2026-06-29,1127.42,1146.99,1024.78,1145.0,1.16964e6,1090.767714
2026-06-29T20:31:25.125,30,32,MU260731P01105000,MU,2026-07-31,put,1105.0,100.19,4.0,108.68,9.0,104.435,115.26,2.0,0.9276,-0.3975,0.0012,-1.8301,1.301,-0.4886,2026-06-29,1127.42,1146.99,1024.78,1145.0,1.16964e6,1090.767714
2026-06-29T20:31:25.125,30,32,MU260731P01110000,MU,2026-07-31,put,1110.0,101.85,13.0,108.8,2.0,105.32499999999999,112.75,1.0,0.915,-0.404,0.0013,-1.8115,1.3065,-0.4958,2026-06-29,1127.42,1146.99,1024.78,1145.0,1.16964e6,1090.767714
2026-06-29T20:31:25.125,30,32,MU260731P01115000,MU,2026-07-31,put,1115.0,105.01,10.0,114.44,22.0,109.725,111.28,2.0,0.929,-0.4102,0.0012,-1.846,1.3114,-0.5058,2026-06-29,1127.42,1146.99,1024.78,1145.0,1.16964e6,1090.767714
2026-06-29T20:31:25.125,30,32,MU260731P01120000,MU,2026-07-31,put,1120.0,106.94,17.0,118.2,22.0,112.57,118.9,1.0,0.9308,-0.4165,0.0012,-1.8555,1.316,-0.5146,2026-06-29,1127.42,1146.99,1024.78,1145.0,1.16964e6,1090.767714
2026-06-29T20:31:25.125,30,32,MU260731P01125000,MU,2026-07-31,put,1125.0,108.44,1.0,117.02,15.0,112.72999999999999,122.5,1.0,0.912,-0.4234,0.0013,-1.8229,1.3208,-0.5217,2026-06-29,1127.42,1146.99,1024.78,1145.0,1.16964e6,1090.767714
2026-06-29T20:31:25.125,30,32,MU260731P01130000,MU,2026-07-31,put,1130.0,109.16,5.0,121.45,3.0,115.305,121.71,1.0,0.9114,-0.4299,0.0013,-1.8263,1.3248,-0.5304,2026-06-29,1127.42,1146.99,1024.78,1145.0,1.16964e6,1090.767714
2026-06-29T20:31:25.125,30,32,MU260731P01135000,MU,2026-07-31,put,1135.0,116.12,28.0,121.3,19.0,118.71000000000001,120.0,1.0,0.9168,-0.4361,0.0013,-1.8414,1.3283,-0.5396,2026-06-29,1127.42,1146.99,1024.78,1145.0,1.16964e6,1090.767714
2026-06-29T20:31:25.125,30,32,MU260731P01140000,MU,2026-07-31,put,1140.0,116.34,36.0,126.88,4.0,121.61,141.09,1.0,0.9181,-0.4424,0.0013,-1.8478,1.3316,-0.5484,2026-06-29,1127.42,1146.99,1024.78,1145.0,1.16964e6,1090.767714
2026-06-29T20:31:25.125,30,32,MU260731P01150000,MU,2026-07-31,put,1150.0,123.32,8.0,133.04,1.0,128.18,139.61,1.0,0.9257,-0.4546,0.0013,-1.8693,1.3369,-0.5664,2026-06-29,1127.42,1146.99,1024.78,1145.0,1.16964e6,1090.767714
2026-06-29T20:31:25.125,30,32,MU260731P01160000,MU,2026-07-31,put,1160.0,124.59,8.0,137.99,13.0,131.29000000000002,145.92,6.0,0.9065,-0.4687,0.0013,-1.8339,1.3415,-0.5832,2026-06-29,1127.42,1146.99,1024.78,1145.0,1.16964e6,1090.767714
2026-06-29T20:31:25.125,30,32,MU260731P01170000,MU,2026-07-31,put,1170.0,132.95,4.0,146.02,4.0,139.485,141.16,1.0,0.9244,-0.4797,0.0013,-1.8727,1.3439,-0.6014,2026-06-29,1127.42,1146.99,1024.78,1145.0,1.16964e6,1090.767714
2026-06-29T20:31:25.125,30,32,MU260731P01180000,MU,2026-07-31,put,1180.0,140.69,10.0,152.38,7.0,146.535,145.05,10.0,0.9327,-0.4912,0.0013,-1.8904,1.3453,-0.619,2026-06-29,1127.42,1146.99,1024.78,1145.0,1.16964e6,1090.767714
2026-06-29T20:31:25.125,30,32,MU260731P01190000,MU,2026-07-31,put,1190.0,145.26,16.0,158.59,3.0,151.925,161.0,1.0,0.9279,-0.5039,0.0013,-1.8786,1.3456,-0.6365,2026-06-29,1127.42,1146.99,1024.78,1145.0,1.16964e6,1090.767714
2026-06-29T20:31:25.125,30,32,MU260731P01200000,MU,2026-07-31,put,1200.0,150.83,14.0,161.03,14.0,155.93,163.21,1.0,0.9119,-0.5183,0.0013,-1.8409,1.3442,-0.6543,2026-06-29,1127.42,1146.99,1024.78,1145.0,1.16964e6,1090.767714
2026-06-29T20:31:25.125,30,32,MU260731P01210000,MU,2026-07-31,put,1210.0,157.61,12.0,171.66,2.0,164.635,195.95,2.0,0.93,-0.5278,0.0013,-1.8743,1.3424,-0.6715,2026-06-29,1127.42,1146.99,1024.78,1145.0,1.16964e6,1090.767714
2026-06-29T20:31:25.125,30,32,MU260731P01220000,MU,2026-07-31,put,1220.0,160.53,15.0,175.3,3.0,167.91500000000002,174.23,1.0,0.9068,-0.5435,0.0013,-1.8168,1.3376,-0.69,2026-06-29,1127.42,1146.99,1024.78,1145.0,1.16964e6,1090.767714
2026-06-29T20:31:25.125,30,32,MU260731P01230000,MU,2026-07-31,put,1230.0,165.41,3.0,178.44,5.0,171.925,176.76,10.0,0.888,-0.5589,0.0013,-1.7662,1.331,-0.7089,2026-06-29,1127.42,1146.99,1024.78,1145.0,1.16964e6,1090.767714
2026-06-29T20:31:25.125,30,32,MU260731P01240000,MU,2026-07-31,put,1240.0,176.19,2.0,192.17,9.0,184.18,199.25,1.0,0.9304,-0.563,0.0013,-1.8496,1.3288,-0.7237,2026-06-29,1127.42,1146.99,1024.78,1145.0,1.16964e6,1090.767714
2026-06-29T20:31:25.125,30,32,MU260731P01250000,MU,2026-07-31,put,1250.0,187.03,4.0,188.89,12.0,187.95999999999998,188.89,1.0,0.9082,-0.5788,0.0013,-1.7878,1.3193,-0.7429,2026-06-29,1127.42,1146.99,1024.78,1145.0,1.16964e6,1090.767714
2026-06-29T20:31:25.125,30,32,MU260731P01260000,MU,2026-07-31,put,1260.0,189.51,4.0,200.12,1.0,194.815,265.4,1.0,0.9084,-0.5904,0.0013,-1.7744,1.311,-0.7604,2026-06-29,1127.42,1146.99,1024.78,1145.0,1.16964e6,1090.767714
2026-06-29T20:31:25.125,30,32,MU260731P01270000,MU,2026-07-31,put,1270.0,196.19,4.0,205.39,2.0,200.79,177.3,1.0,0.901,-0.6034,0.0013,-1.742,1.3002,-0.7787,2026-06-29,1127.42,1146.99,1024.78,1145.0,1.16964e6,1090.767714
2026-06-29T20:31:25.125,30,32,MU260731P01280000,MU,2026-07-31,put,1280.0,202.99,21.0,213.85,2.0,208.42000000000002,273.54,1.0,0.9056,-0.6136,0.0013,-1.7359,1.2907,-0.7956,2026-06-29,1127.42,1146.99,1024.78,1145.0,1.16964e6,1090.767714
2026-06-29T20:31:25.125,30,32,MU260731P01290000,MU,2026-07-31,put,1290.0,206.51,4.0,225.18,1.0,215.845,187.05,1.0,0.9078,-0.6241,0.0012,-1.7233,1.28,-0.8126,2026-06-29,1127.42,1146.99,1024.78,1145.0,1.16964e6,1090.767714
2026-06-29T20:31:25.125,30,32,MU260731P01300000,MU,2026-07-31,put,1300.0,219.48,2.0,228.1,1.0,223.79,228.81,1.0,0.9134,-0.6336,0.0012,-1.7177,1.2695,-0.8289,2026-06-29,1127.42,1146.99,1024.78,1145.0,1.16964e6,1090.767714
2026-06-29T20:31:25.125,30,32,MU260731P01310000,MU,2026-07-31,put,1310.0,222.58,1.0,239.03,4.0,230.805,238.0,1.0,0.911,-0.6448,0.0012,-1.6917,1.256,-0.8463,2026-06-29,1127.42,1146.99,1024.78,1145.0,1.16964e6,1090.767714
2026-06-29T20:31:25.125,30,32,MU260731P01320000,MU,2026-07-31,put,1320.0,229.98,3.0,241.64,9.0,235.81,359.05,1.0,0.8915,-0.6606,0.0012,-1.6221,1.2351,-0.8665,2026-06-29,1127.42,1146.99,1024.78,1145.0,1.16964e6,1090.767714
2026-06-29T20:31:25.125,30,32,MU260731P01330000,MU,2026-07-31,put,1330.0,242.51,3.0,255.33,3.0,248.92000000000002,231.16,2.0,0.9369,-0.6584,0.0012,-1.713,1.2381,-0.8758,2026-06-29,1127.42,1146.99,1024.78,1145.0,1.16964e6,1090.767714
2026-06-29T20:31:25.125,30,32,MU260731P01340000,MU,2026-07-31,put,1340.0,243.4,1.0,261.99,1.0,252.695,328.79,1.0,0.9059,-0.677,0.0012,-1.612,1.2109,-0.8977,2026-06-29,1127.42,1146.99,1024.78,1145.0,1.16964e6,1090.767714
2026-06-29T20:31:25.125,30,32,MU260731P01350000,MU,2026-07-31,put,1350.0,252.32,1.0,265.82,1.0,259.07,226.74,1.0,0.8949,-0.6902,0.0012,-1.5595,1.1897,-0.9164,2026-06-29,1127.42,1146.99,1024.78,1145.0,1.16964e6,1090.767714
2026-06-29T20:31:25.125,30,32,MU260731P01360000,MU,2026-07-31,put,1360.0,256.61,2.0,278.43,5.0,267.52,328.86,1.0,0.9006,-0.6982,0.0011,-1.5489,1.176,-0.9318,2026-06-29,1127.42,1146.99,1024.78,1145.0,1.16964e6,1090.767714
2026-06-29T20:31:25.125,30,32,MU260731P01370000,MU,2026-07-31,put,1370.0,267.39,1.0,277.87,2.0,272.63,240.93,1.0,0.8768,-0.7152,0.0011,-1.4599,1.1447,-0.9533,2026-06-29,1127.42,1146.99,1024.78,1145.0,1.16964e6,1090.767714
2026-06-29T20:31:25.125,30,32,MU260731P01380000,MU,2026-07-31,put,1380.0,276.9,1.0,296.53,1.0,286.715,282.7,1.0,0.9302,-0.7078,0.0011,-1.5752,1.1587,-0.9583,2026-06-29,1127.42,1146.99,1024.78,1145.0,1.16964e6,1090.767714
2026-06-29T20:31:25.125,30,32,MU260731P01390000,MU,2026-07-31,put,1390.0,282.0,3.0,303.07,1.0,292.53499999999997,287.23,5.0,0.9114,-0.7226,0.0011,-1.4984,1.1302,-0.9782,2026-06-29,1127.42,1146.99,1024.78,1145.0,1.16964e6,1090.767714
2026-06-29T20:31:25.125,30,32,MU260731P01400000,MU,2026-07-31,put,1400.0,289.63,1.0,309.81,1.0,299.72,254.36,1.0,0.9035,-0.734,0.0011,-1.4494,1.1069,-0.9959,2026-06-29,1127.42,1146.99,1024.78,1145.0,1.16964e6,1090.767714
2026-06-29T20:31:25.125,30,32,MU260731P01410000,MU,2026-07-31,put,1410.0,305.46,2.0,312.7,1.0,309.08,400.59,21.0,0.9146,-0.7391,0.0011,-1.4517,1.0961,-1.0091,2026-06-29,1127.42,1146.99,1024.78,1145.0,1.16964e6,1090.767714
2026-06-29T20:31:25.125,30,32,MU260731P01420000,MU,2026-07-31,put,1420.0,312.55,6.0,328.25,1.0,320.4,269.08,3.0,0.9433,-0.7382,0.001,-1.5025,1.0979,-1.0182,2026-06-29,1127.42,1146.99,1024.78,1145.0,1.16964e6,1090.767714
2026-06-29T20:31:25.125,30,32,MU260731P01430000,MU,2026-07-31,put,1430.0,319.83,1.0,330.73,1.0,325.28,306.28,1.0,0.9121,-0.7565,0.001,-1.388,1.0569,-1.0407,2026-06-29,1127.42,1146.99,1024.78,1145.0,1.16964e6,1090.767714
2026-06-29T20:31:25.125,30,32,MU260731P01440000,MU,2026-07-31,put,1440.0,323.66,1.0,334.74,2.0,329.20000000000005,,,0.8688,-0.7793,0.001,-1.2369,1.0005,-1.067,2026-06-29,1127.42,1146.99,1024.78,1145.0,1.16964e6,1090.767714
2026-06-29T20:31:25.125,30,32,MU260731P01450000,MU,2026-07-31,put,1450.0,335.23,1.0,352.14,1.0,343.685,,,0.9284,-0.7669,0.001,-1.3758,1.032,-1.0672,2026-06-29,1127.42,1146.99,1024.78,1145.0,1.16964e6,1090.767714
2026-06-29T20:31:25.125,30,32,MU260731P01460000,MU,2026-07-31,put,1460.0,335.34,1.0,352.56,1.0,343.95,308.47,2.0,0.8448,-0.8035,0.001,-1.1078,0.9343,-1.104,2026-06-29,1127.42,1146.99,1024.78,1145.0,1.16964e6,1090.767714
2026-06-29T20:31:25.125,30,32,MU260731P01470000,MU,2026-07-31,put,1470.0,353.1,1.0,366.43,1.0,359.765,,,0.9201,-0.7846,0.0009,-1.2934,0.9865,-1.0991,2026-06-29,1127.42,1146.99,1024.78,1145.0,1.16964e6,1090.767714
2026-06-29T20:31:25.125,30,32,MU260731P01480000,MU,2026-07-31,put,1480.0,363.47,1.0,372.04,2.0,367.755,416.2,5.0,0.9142,-0.7938,0.0009,-1.2469,0.9616,-1.1152,2026-06-29,1127.42,1146.99,1024.78,1145.0,1.16964e6,1090.767714
2026-06-29T20:31:25.125,30,32,MU260731P01490000,MU,2026-07-31,put,1490.0,367.68,1.0,387.16,1.0,377.42,,,0.9252,-0.7971,0.0009,-1.2489,0.9524,-1.127,2026-06-29,1127.42,1146.99,1024.78,1145.0,1.16964e6,1090.767714
2026-06-29T20:31:25.125,30,32,MU260731P01500000,MU,2026-07-31,put,1500.0,376.82,1.0,382.89,1.0,379.855,515.35,5.0,0.8559,-0.828,0.0009,-1.0182,0.8598,-1.16,2026-06-29,1127.42,1146.99,1024.78,1145.0,1.16964e6,1090.767714
2026-06-29T20:31:25.125,30,32,MU260731P01510000,MU,2026-07-31,put,1510.0,389.37,1.0,394.7,1.0,392.03499999999997,376.13,30.0,0.8947,-0.821,0.0009,-1.1006,0.8819,-1.1637,2026-06-29,1127.42,1146.99,1024.78,1145.0,1.16964e6,1090.767714
2026-06-29T20:31:25.125,30,32,MU260731P01520000,MU,2026-07-31,put,1520.0,401.43,1.0,414.53,2.0,407.98,,,0.9737,-0.801,0.0008,-1.3008,0.9415,-1.1577,2026-06-29,1127.42,1146.99,1024.78,1145.0,1.16964e6,1090.767714
2026-06-29T20:31:25.125,30,32,MU260731P01530000,MU,2026-07-31,put,1530.0,406.26,1.0,413.47,1.0,409.865,,,0.8965,-0.8331,0.0008,-1.0462,0.8435,-1.1914,2026-06-29,1127.42,1146.99,1024.78,1145.0,1.16964e6,1090.767714
2026-06-29T20:31:25.125,30,32,MU260731P01540000,MU,2026-07-31,put,1540.0,414.67,1.0,419.3,1.0,416.985,405.51,5.0,0.8745,-0.8467,0.0008,-0.9525,0.7978,-1.2112,2026-06-29,1127.42,1146.99,1024.78,1145.0,1.16964e6,1090.767714
2026-06-29T20:31:25.125,30,32,MU260731P01550000,MU,2026-07-31,put,1550.0,421.32,2.0,433.6,1.0,427.46000000000004,458.65,1.0,0.8933,-0.8461,0.0008,-0.9778,0.7998,-1.2198,2026-06-29,1127.42,1146.99,1024.78,1145.0,1.16964e6,1090.767714
2026-06-29T20:31:25.125,30,32,MU260731P01560000,MU,2026-07-31,put,1560.0,428.57,3.0,442.63,3.0,435.6,377.75,2.0,0.8822,-0.8556,0.0008,-0.9163,0.7666,-1.2364,2026-06-29,1127.42,1146.99,1024.78,1145.0,1.16964e6,1090.767714
2026-06-29T20:31:25.125,30,32,MU260731P01570000,MU,2026-07-31,put,1570.0,442.08,1.0,448.89,1.0,445.485,541.72,3.0,0.8931,-0.8574,0.0007,-0.9192,0.7602,-1.2469,2026-06-29,1127.42,1146.99,1024.78,1145.0,1.16964e6,1090.767714
2026-06-29T20:31:25.125,30,32,MU260731P01580000,MU,2026-07-31,put,1580.0,441.8,1.0,456.39,1.0,449.095,428.35,1.0,0.8138,-0.8895,0.0007,-0.6636,0.6364,-1.2821,2026-06-29,1127.42,1146.99,1024.78,1145.0,1.16964e6,1090.767714
2026-06-29T20:31:25.125,30,32,MU260731P01590000,MU,2026-07-31,put,1590.0,460.31,1.0,471.35,1.0,465.83000000000004,446.5,5.0,0.9222,-0.8583,0.0007,-0.9468,0.7568,-1.2656,2026-06-29,1127.42,1146.99,1024.78,1145.0,1.16964e6,1090.767714
2026-06-29T20:31:25.125,30,32,MU260731P01600000,MU,2026-07-31,put,1600.0,465.32,1.0,479.32,1.0,472.32,500.0,5.0,0.8858,-0.8753,0.0007,-0.813,0.6931,-1.2883,2026-06-29,1127.42,1146.99,1024.78,1145.0,1.16964e6,1090.767714
2026-06-29T20:31:25.125,30,32,MU260731P01610000,MU,2026-07-31,put,1610.0,467.57,1.0,494.98,1.0,481.275,,,0.8821,-0.8813,0.0007,-0.7748,0.6695,-1.3021,2026-06-29,1127.42,1146.99,1024.78,1145.0,1.16964e6,1090.767714
2026-06-29T20:31:25.125,30,32,MU260731P01620000,MU,2026-07-31,put,1620.0,474.84,3.0,488.0,1.0,481.41999999999996,,,0.7107,-0.9398,0.0005,-0.2928,0.4029,-1.3607,2026-06-29,1127.42,1146.99,1024.78,1145.0,1.16964e6,1090.767714
2026-06-29T20:31:25.125,30,32,MU260731P01630000,MU,2026-07-31,put,1630.0,500.61,1.0,512.88,1.0,506.745,,,0.9822,-0.8589,0.0007,-1.0101,0.7546,-1.3021,2026-06-29,1127.42,1146.99,1024.78,1145.0,1.16964e6,1090.767714
2026-06-29T20:31:25.125,30,32,MU260731P01640000,MU,2026-07-31,put,1640.0,494.78,1.0,518.299,1.0,506.5395,,,0.8384,-0.9084,0.0006,-0.5737,0.5551,-1.3513,2026-06-29,1127.42,1146.99,1024.78,1145.0,1.16964e6,1090.767714
2026-06-29T20:31:25.125,30,32,MU260731P01650000,MU,2026-07-31,put,1650.0,514.33,1.0,524.69,1.0,519.51,,,0.8999,-0.8935,0.0006,-0.7184,0.6198,-1.3478,2026-06-29,1127.42,1146.99,1024.78,1145.0,1.16964e6,1090.767714
2026-06-29T20:31:25.125,30,32,MU260731P01660000,MU,2026-07-31,put,1660.0,516.09,1.0,538.4,1.0,527.245,,,0.8726,-0.9059,0.0006,-0.6167,0.5662,-1.367,2026-06-29,1127.42,1146.99,1024.78,1145.0,1.16964e6,1090.767714
2026-06-29T20:31:25.125,30,32,MU260731P01670000,MU,2026-07-31,put,1670.0,539.82,1.0,548.9,1.0,544.36,,,0.9954,-0.8728,0.0006,-0.9399,0.7028,-1.3489,2026-06-29,1127.42,1146.99,1024.78,1145.0,1.16964e6,1090.767714
2026-06-29T20:31:25.125,30,32,MU260731P01680000,MU,2026-07-31,put,1680.0,547.25,1.0,560.45,1.0,553.85,,,0.9992,-0.8758,0.0006,-0.9244,0.6911,-1.3603,2026-06-29,1127.42,1146.99,1024.78,1145.0,1.16964e6,1090.767714
2026-06-29T20:31:25.125,30,32,MU260731P01690000,MU,2026-07-31,put,1690.0,546.35,2.0,553.19,1.0,549.77,536.27,30.0,0.7354,-0.9543,0.0004,-0.2091,0.3238,-1.4351,2026-06-29,1127.42,1146.99,1024.78,1145.0,1.16964e6,1090.767714
2026-06-29T20:31:25.125,30,32,MU260731P01700000,MU,2026-07-31,put,1700.0,568.35,1.0,580.67,1.0,574.51,,,1.0307,-0.8747,0.0006,-0.9638,0.6956,-1.3772,2026-06-29,1127.42,1146.99,1024.78,1145.0,1.16964e6,1090.767714
2026-06-29T20:31:25.125,30,32,MU260731P01710000,MU,2026-07-31,put,1710.0,575.14,2.0,582.32,1.0,578.73,677.65,1.0,0.9512,-0.9015,0.0005,-0.7104,0.5855,-1.4077,2026-06-29,1127.42,1146.99,1024.78,1145.0,1.16964e6,1090.767714
2026-06-29T20:31:25.125,30,32,MU260731P01720000,MU,2026-07-31,put,1720.0,572.68,1.0,593.89,1.0,583.285,673.04,21.0,0.8559,-0.9314,0.0005,-0.4325,0.4458,-1.4416,2026-06-29,1127.42,1146.99,1024.78,1145.0,1.16964e6,1090.767714
2026-06-29T20:31:25.125,30,32,MU260731P01730000,MU,2026-07-31,put,1730.0,592.63,1.0,606.06,1.0,599.345,,,0.9824,-0.8997,0.0005,-0.7487,0.5931,-1.424,2026-06-29,1127.42,1146.99,1024.78,1145.0,1.16964e6,1090.767714
2026-06-29T20:31:25.125,30,32,MU260731P01740000,MU,2026-07-31,put,1740.0,584.07,3.0,619.59,1.0,601.83,,,0.8408,-0.9411,0.0004,-0.3535,0.396,-1.4675,2026-06-29,1127.42,1146.99,1024.78,1145.0,1.16964e6,1090.767714
2026-06-29T20:31:25.125,30,32,MU260731P01750000,MU,2026-07-31,put,1750.0,597.42,1.0,623.49,1.0,610.4549999999999,,,0.8132,-0.9505,0.0004,-0.2702,0.3453,-1.4844,2026-06-29,1127.42,1146.99,1024.78,1145.0,1.16964e6,1090.767714
2026-06-29T20:31:25.125,30,32,MU260731P01760000,MU,2026-07-31,put,1760.0,612.98,1.0,623.11,2.0,618.0450000000001,,,0.7396,-0.9687,0.0003,-0.1031,0.2376,-1.5093,2026-06-29,1127.42,1146.99,1024.78,1145.0,1.16964e6,1090.767714
2026-06-29T20:31:25.125,30,32,MU260731P01770000,MU,2026-07-31,put,1770.0,627.89,1.0,629.18,1.0,628.535,,,0.7684,-0.9648,0.0003,-0.1424,0.2619,-1.5146,2026-06-29,1127.42,1146.99,1024.78,1145.0,1.16964e6,1090.767714
2026-06-29T20:31:25.125,30,32,MU260731P01780000,MU,2026-07-31,put,1780.0,622.22,1.0,652.04,1.0,637.13,,,0.7147,-0.9766,0.0002,-0.0339,0.1864,-1.5339,2026-06-29,1127.42,1146.99,1024.78,1145.0,1.16964e6,1090.767714
2026-06-29T20:31:25.125,30,32,MU260731P01790000,MU,2026-07-31,put,1790.0,631.97,1.0,649.89,1.0,640.9300000000001,,,,,,,,,2026-06-29,1127.42,1146.99,1024.78,1145.0,1.16964e6,1090.767714
2026-06-29T20:31:25.125,30,32,MU260731P01800000,MU,2026-07-31,put,1800.0,657.62,1.0,670.9,1.0,664.26,690.4,19.0,,,,,,,2026-06-29,1127.42,1146.99,1024.78,1145.0,1.16964e6,1090.767714
2026-06-29T20:31:25.125,30,32,MU260731P01810000,MU,2026-07-31,put,1810.0,657.21,1.0,675.79,1.0,666.5,755.25,1.0,0.7043,-0.9822,0.0002,0.0148,0.1482,-1.5652,2026-06-29,1127.42,1146.99,1024.78,1145.0,1.16964e6,1090.767714
2026-06-29T20:31:25.125,30,32,MU260731P01820000,MU,2026-07-31,put,1820.0,678.04,1.0,691.4,1.0,684.72,,,0.9832,-0.9269,0.0004,-0.5461,0.4683,-1.526,2026-06-29,1127.42,1146.99,1024.78,1145.0,1.16964e6,1090.767714
2026-06-29T20:31:25.125,30,32,MU260731P01830000,MU,2026-07-31,put,1830.0,690.06,2.0,704.81,1.0,697.435,806.45,10.0,,,,,,,2026-06-29,1127.42,1146.99,1024.78,1145.0,1.16964e6,1090.767714
2026-06-29T20:31:25.125,30,32,MU260731P01840000,MU,2026-07-31,put,1840.0,698.36,1.0,713.86,1.0,706.11,,,,,,,,,2026-06-29,1127.42,1146.99,1024.78,1145.0,1.16964e6,1090.767714
2026-06-29T20:31:25.125,30,32,MU260731P01850000,MU,2026-07-31,put,1850.0,694.66,1.0,702.3,1.0,698.48,813.68,10.0,,,,,,,2026-06-29,1127.42,1146.99,1024.78,1145.0,1.16964e6,1090.767714
2026-06-29T20:31:25.125,30,32,MU260731P01860000,MU,2026-07-31,put,1860.0,727.47,1.0,733.57,1.0,730.52,,,,,,,,,2026-06-29,1127.42,1146.99,1024.78,1145.0,1.16964e6,1090.767714
2026-06-29T20:31:25.125,30,32,MU260731P01870000,MU,2026-07-31,put,1870.0,734.46,1.0,747.54,3.0,741.0,,,,,,,,,2026-06-29,1127.42,1146.99,1024.78,1145.0,1.16964e6,1090.767714
2026-06-29T20:31:25.125,30,32,MU260731P01880000,MU,2026-07-31,put,1880.0,739.04,1.0,743.2,1.0,741.12,769.06,1.0,,,,,,,2026-06-29,1127.42,1146.99,1024.78,1145.0,1.16964e6,1090.767714
2026-06-29T20:31:25.125,30,32,MU260731P01890000,MU,2026-07-31,put,1890.0,747.41,1.0,756.73,1.0,752.0699999999999,,,,,,,,,2026-06-29,1127.42,1146.99,1024.78,1145.0,1.16964e6,1090.767714
2026-06-29T20:31:25.125,30,32,MU260731P01900000,MU,2026-07-31,put,1900.0,739.67,1.0,770.69,1.0,755.1800000000001,,,0.6572,-0.994,0.0001,0.1295,0.0569,-1.6549,2026-06-29,1127.42,1146.99,1024.78,1145.0,1.16964e6,1090.767714
2026-06-29T20:31:25.125,30,32,MU260731P01910000,MU,2026-07-31,put,1910.0,758.3,1.0,786.69,1.0,772.495,,,,,,,,,2026-06-29,1127.42,1146.99,1024.78,1145.0,1.16964e6,1090.767714
2026-06-29T20:31:25.125,30,32,MU260731P01920000,MU,2026-07-31,put,1920.0,755.08,3.0,787.92,1.0,771.5,,,,,,,,,2026-06-29,1127.42,1146.99,1024.78,1145.0,1.16964e6,1090.767714
2026-06-29T20:31:25.125,30,32,MU260731P01930000,MU,2026-07-31,put,1930.0,775.96,1.0,793.71,1.0,784.835,,,0.6129,-0.9974,0.0,0.1655,0.0269,-1.6842,2026-06-29,1127.42,1146.99,1024.78,1145.0,1.16964e6,1090.767714
2026-06-29T20:31:25.125,30,32,MU260731P01940000,MU,2026-07-31,put,1940.0,805.04,1.0,816.69,2.0,810.865,,,,,,,,,2026-06-29,1127.42,1146.99,1024.78,1145.0,1.16964e6,1090.767714
2026-06-29T20:31:25.125,30,32,MU260731P01950000,MU,2026-07-31,put,1950.0,805.06,1.0,812.17,1.0,808.615,,,,,,,,,2026-06-29,1127.42,1146.99,1024.78,1145.0,1.16964e6,1090.767714
2026-06-29T20:31:25.125,30,32,MU260731P01960000,MU,2026-07-31,put,1960.0,814.1,1.0,831.54,1.0,822.8199999999999,,,,,,,,,2026-06-29,1127.42,1146.99,1024.78,1145.0,1.16964e6,1090.767714
2026-06-29T20:31:25.125,30,32,MU260731P01970000,MU,2026-07-31,put,1970.0,804.87,1.0,836.87,1.0,820.87,,,,,,,,,2026-06-29,1127.42,1146.99,1024.78,1145.0,1.16964e6,1090.767714
2026-06-29T20:31:25.125,30,32,MU260731P01980000,MU,2026-07-31,put,1980.0,838.71,1.0,852.86,1.0,845.7850000000001,,,,,,,,,2026-06-29,1127.42,1146.99,1024.78,1145.0,1.16964e6,1090.767714
2026-06-29T20:31:25.125,30,32,MU260731P01990000,MU,2026-07-31,put,1990.0,827.02,1.0,869.61,1.0,848.315,,,,,,,,,2026-06-29,1127.42,1146.99,1024.78,1145.0,1.16964e6,1090.767714
2026-06-29T20:31:25.125,30,32,MU260731P02000000,MU,2026-07-31,put,2000.0,853.65,1.0,859.65,1.0,856.65,,,,,,,,,2026-06-29,1127.42,1146.99,1024.78,1145.0,1.16964e6,1090.767714
2026-06-29T20:31:25.125,30,32,MU260731P02010000,MU,2026-07-31,put,2010.0,864.91,1.0,890.16,1.0,877.535,,,,,,,,,2026-06-29,1127.42,1146.99,1024.78,1145.0,1.16964e6,1090.767714
2026-06-29T20:31:25.125,30,32,MU260731P02020000,MU,2026-07-31,put,2020.0,865.56,1.0,899.62,1.0,882.5899999999999,,,,,,,,,2026-06-29,1127.42,1146.99,1024.78,1145.0,1.16964e6,1090.767714
2026-06-29T20:31:25.125,30,32,MU260731P02030000,MU,2026-07-31,put,2030.0,879.5,1.0,896.3,1.0,887.9,,,,,,,,,2026-06-29,1127.42,1146.99,1024.78,1145.0,1.16964e6,1090.767714
2026-06-29T20:31:25.125,30,32,MU260731P02040000,MU,2026-07-31,put,2040.0,884.74,1.0,888.38,1.0,886.56,,,,,,,,,2026-06-29,1127.42,1146.99,1024.78,1145.0,1.16964e6,1090.767714
2026-06-29T20:31:25.125,30,32,MU260731P02050000,MU,2026-07-31,put,2050.0,907.56,1.0,914.64,1.0,911.0999999999999,,,,,,,,,2026-06-29,1127.42,1146.99,1024.78,1145.0,1.16964e6,1090.767714
2026-06-29T20:31:25.125,30,32,MU260731P02060000,MU,2026-07-31,put,2060.0,899.26,1.0,926.83,1.0,913.0450000000001,,,,,,,,,2026-06-29,1127.42,1146.99,1024.78,1145.0,1.16964e6,1090.767714
2026-06-29T20:31:25.125,30,32,MU260731P02070000,MU,2026-07-31,put,2070.0,908.08,1.0,929.46,1.0,918.77,,,,,,,,,2026-06-29,1127.42,1146.99,1024.78,1145.0,1.16964e6,1090.767714
2026-06-29T20:31:25.125,30,32,MU260731P02080000,MU,2026-07-31,put,2080.0,937.81,1.0,950.76,1.0,944.285,,,,,,,,,2026-06-29,1127.42,1146.99,1024.78,1145.0,1.16964e6,1090.767714
2026-06-29T20:31:25.125,30,32,MU260731P02090000,MU,2026-07-31,put,2090.0,945.89,1.0,968.94,1.0,957.415,,,,,,,,,2026-06-29,1127.42,1146.99,1024.78,1145.0,1.16964e6,1090.767714
2026-06-29T20:31:25.125,30,32,MU260731P02100000,MU,2026-07-31,put,2100.0,942.29,1.0,953.79,1.0,948.04,,,,,,,,,2026-06-29,1127.42,1146.99,1024.78,1145.0,1.16964e6,1090.767714
2026-06-29T20:31:25.125,30,32,MU260731P02110000,MU,2026-07-31,put,2110.0,964.93,1.0,983.28,1.0,974.105,,,,,,,,,2026-06-29,1127.42,1146.99,1024.78,1145.0,1.16964e6,1090.767714
2026-06-29T20:31:25.125,30,32,MU260731P02120000,MU,2026-07-31,put,2120.0,977.18,1.0,1000.87,1.0,989.025,,,,,,,,,2026-06-29,1127.42,1146.99,1024.78,1145.0,1.16964e6,1090.767714
2026-06-29T20:31:25.125,30,32,MU260731P02130000,MU,2026-07-31,put,2130.0,980.53,1.0,1007.96,1.0,994.245,,,,,,,,,2026-06-29,1127.42,1146.99,1024.78,1145.0,1.16964e6,1090.767714
2026-06-29T20:31:25.125,30,32,MU260731P02140000,MU,2026-07-31,put,2140.0,976.58,1.0,1011.48,1.0,994.03,,,0.6005,-0.9997,0.0,0.209,0.0036,-1.8699,2026-06-29,1127.42,1146.99,1024.78,1145.0,1.16964e6,1090.767714
2026-06-29T20:31:25.125,30,32,MU260731P02150000,MU,2026-07-31,put,2150.0,1000.12,1.0,1017.98,1.0,1009.05,,,,,,,,,2026-06-29,1127.42,1146.99,1024.78,1145.0,1.16964e6,1090.767714
2026-06-29T20:31:25.125,30,32,MU260731P02160000,MU,2026-07-31,put,2160.0,1003.26,1.0,1039.99,1.0,1021.625,,,,,,,,,2026-06-29,1127.42,1146.99,1024.78,1145.0,1.16964e6,1090.767714
2026-06-29T20:31:25.125,30,32,MU260731P02170000,MU,2026-07-31,put,2170.0,1022.12,1.0,1033.9,1.0,1028.01,,,,,,,,,2026-06-29,1127.42,1146.99,1024.78,1145.0,1.16964e6,1090.767714
2026-06-29T20:31:25.125,30,32,MU260731P02180000,MU,2026-07-31,put,2180.0,1038.81,1.0,1041.22,1.0,1040.0149999999999,,,,,,,,,2026-06-29,1127.42,1146.99,1024.78,1145.0,1.16964e6,1090.767714
2026-06-29T20:31:25.125,30,32,MU260731P02190000,MU,2026-07-31,put,2190.0,1017.88,1.0,1060.23,1.0,1039.055,,,,,,,,,2026-06-29,1127.42,1146.99,1024.78,1145.0,1.16964e6,1090.767714
2026-06-29T20:31:25.125,30,32,MU260731P02200000,MU,2026-07-31,put,2200.0,1050.69,1.0,1066.39,1.0,1058.54,1004.31,5.0,,,,,,,2026-06-29,1127.42,1146.99,1024.78,1145.0,1.16964e6,1090.767714
2026-06-29T20:31:25.125,30,32,MU260731P02210000,MU,2026-07-31,put,2210.0,1078.25,1.0,1090.25,1.0,1084.25,,,,,,,,,2026-06-29,1127.42,1146.99,1024.78,1145.0,1.16964e6,1090.767714
2026-06-29T20:31:25.125,30,32,MU260731P02220000,MU,2026-07-31,put,2220.0,1047.47,1.0,1085.27,1.0,1066.37,,,,,,,,,2026-06-29,1127.42,1146.99,1024.78,1145.0,1.16964e6,1090.767714
2026-06-29T20:31:25.125,30,32,MU260731P02230000,MU,2026-07-31,put,2230.0,1094.12,1.0,1109.22,1.0,1101.67,,,,,,,,,2026-06-29,1127.42,1146.99,1024.78,1145.0,1.16964e6,1090.767714
2026-06-29T20:31:25.125,30,32,MU260731P02240000,MU,2026-07-31,put,2240.0,1067.64,1.0,1113.52,1.0,1090.58,,,,,,,,,2026-06-29,1127.42,1146.99,1024.78,1145.0,1.16964e6,1090.767714
2026-06-29T20:31:25.125,30,32,MU260731P02250000,MU,2026-07-31,put,2250.0,1114.47,1.0,1129.22,1.0,1121.845,1213.25,1.0,,,,,,,2026-06-29,1127.42,1146.99,1024.78,1145.0,1.16964e6,1090.767714
2026-06-29T20:31:25.125,30,32,MU260731P02260000,MU,2026-07-31,put,2260.0,1123.46,1.0,1135.61,1.0,1129.5349999999999,,,,,,,,,2026-06-29,1127.42,1146.99,1024.78,1145.0,1.16964e6,1090.767714
2026-06-29T20:31:25.125,30,32,MU260731P02270000,MU,2026-07-31,put,2270.0,1121.87,1.0,1135.47,1.0,1128.67,,,,,,,,,2026-06-29,1127.42,1146.99,1024.78,1145.0,1.16964e6,1090.767714
2026-06-29T20:31:25.125,30,32,MU260731P02280000,MU,2026-07-31,put,2280.0,1145.24,1.0,1158.4,3.0,1151.8200000000002,,,,,,,,,2026-06-29,1127.42,1146.99,1024.78,1145.0,1.16964e6,1090.767714
2026-06-29T20:31:25.125,30,32,MU260731P02290000,MU,2026-07-31,put,2290.0,1151.12,1.0,1166.02,2.0,1158.57,,,,,,,,,2026-06-29,1127.42,1146.99,1024.78,1145.0,1.16964e6,1090.767714
2026-06-29T20:31:25.125,30,32,MU260731P02300000,MU,2026-07-31,put,2300.0,1158.86,1.0,1162.01,1.0,1160.435,,,,,,,,,2026-06-29,1127.42,1146.99,1024.78,1145.0,1.16964e6,1090.767714
2026-06-29T20:31:25.125,30,32,MU260731P02310000,MU,2026-07-31,put,2310.0,1161.59,2.0,1163.4,1.0,1162.495,,,,,,,,,2026-06-29,1127.42,1146.99,1024.78,1145.0,1.16964e6,1090.767714
2026-06-29T20:31:25.125,30,32,MU260731P02320000,MU,2026-07-31,put,2320.0,1169.99,1.0,1170.77,2.0,1170.38,,,,,,,,,2026-06-29,1127.42,1146.99,1024.78,1145.0,1.16964e6,1090.767714
2026-06-29T20:31:25.125,30,32,MU260731P02330000,MU,2026-07-31,put,2330.0,1202.0,1.0,1213.6,2.0,1207.8,,,,,,,,,2026-06-29,1127.42,1146.99,1024.78,1145.0,1.16964e6,1090.767714
2026-06-29T20:31:25.125,30,32,MU260731P02340000,MU,2026-07-31,put,2340.0,1184.05,1.0,1214.22,2.0,1199.135,,,,,,,,,2026-06-29,1127.42,1146.99,1024.78,1145.0,1.16964e6,1090.767714
2026-06-29T20:31:25.125,30,32,MU260731P02350000,MU,2026-07-31,put,2350.0,1192.06,1.0,1208.41,1.0,1200.2350000000001,1217.6,1.0,,,,,,,2026-06-29,1127.42,1146.99,1024.78,1145.0,1.16964e6,1090.767714
2026-06-29T20:31:25.125,30,32,MU260731P02360000,MU,2026-07-31,put,2360.0,1205.21,1.0,1208.2,1.0,1206.705,1208.2,1.0,,,,,,,2026-06-29,1127.42,1146.99,1024.78,1145.0,1.16964e6,1090.767714
2026-06-29T20:31:25.125,30,32,MU260731P02370000,MU,2026-07-31,put,2370.0,1220.38,1.0,1246.43,2.0,1233.4050000000002,,,,,,,,,2026-06-29,1127.42,1146.99,1024.78,1145.0,1.16964e6,1090.767714
2026-06-29T20:31:25.125,30,32,MU260731P02380000,MU,2026-07-31,put,2380.0,1227.01,1.0,1242.61,2.0,1234.81,,,,,,,,,2026-06-29,1127.42,1146.99,1024.78,1145.0,1.16964e6,1090.767714
2026-06-29T20:31:25.125,30,32,MU260731P02390000,MU,2026-07-31,put,2390.0,1254.44,1.0,1269.84,1.0,1262.1399999999999,,,,,,,,,2026-06-29,1127.42,1146.99,1024.78,1145.0,1.16964e6,1090.767714
2026-06-29T20:31:25.125,30,32,MU260731P02400000,MU,2026-07-31,put,2400.0,1247.33,1.0,1251.69,1.0,1249.51,,,,,,,,,2026-06-29,1127.42,1146.99,1024.78,1145.0,1.16964e6,1090.767714
2026-06-29T20:31:25.125,30,32,MU260731P02410000,MU,2026-07-31,put,2410.0,1237.4,1.0,1273.97,1.0,1255.685,,,,,,,,,2026-06-29,1127.42,1146.99,1024.78,1145.0,1.16964e6,1090.767714
2026-06-29T20:31:25.125,30,32,MU260731P02420000,MU,2026-07-31,put,2420.0,1272.06,1.0,1302.01,1.0,1287.0349999999999,1241.86,3.0,,,,,,,2026-06-29,1127.42,1146.99,1024.78,1145.0,1.16964e6,1090.767714
2026-06-29T20:31:25.125,30,32,MU260731P02430000,MU,2026-07-31,put,2430.0,1252.9,2.0,1290.55,1.0,1271.725,,,,,,,,,2026-06-29,1127.42,1146.99,1024.78,1145.0,1.16964e6,1090.767714
2026-06-29T20:31:25.125,30,32,MU260731P02440000,MU,2026-07-31,put,2440.0,1313.79,1.0,1316.29,1.0,1315.04,,,,,,,,,2026-06-29,1127.42,1146.99,1024.78,1145.0,1.16964e6,1090.767714
2026-06-29T20:31:25.125,30,32,MU260731P02450000,MU,2026-07-31,put,2450.0,1307.74,1.0,1320.66,1.0,1314.2,,,,,,,,,2026-06-29,1127.42,1146.99,1024.78,1145.0,1.16964e6,1090.767714
2026-06-29T20:31:25.125,30,32,MU260731P02460000,MU,2026-07-31,put,2460.0,1285.31,1.0,1302.65,1.0,1293.98,,,,,,,,,2026-06-29,1127.42,1146.99,1024.78,1145.0,1.16964e6,1090.767714
2026-06-29T20:31:25.125,30,32,MU260731P02470000,MU,2026-07-31,put,2470.0,1311.52,1.0,1353.74,1.0,1332.63,,,,,,,,,2026-06-29,1127.42,1146.99,1024.78,1145.0,1.16964e6,1090.767714
2026-06-29T20:31:25.125,30,32,MU260731P02480000,MU,2026-07-31,put,2480.0,1303.84,1.0,1365.34,1.0,1334.59,,,,,,,,,2026-06-29,1127.42,1146.99,1024.78,1145.0,1.16964e6,1090.767714
2026-06-29T20:31:25.125,30,32,MU260731P02490000,MU,2026-07-31,put,2490.0,1349.7,1.0,1365.7,1.0,1357.7,,,,,,,,,2026-06-29,1127.42,1146.99,1024.78,1145.0,1.16964e6,1090.767714
2026-06-29T20:31:25.125,30,32,MU260731P02500000,MU,2026-07-31,put,2500.0,1346.29,2.0,1353.17,1.0,1349.73,,,,,,,,,2026-06-29,1127.42,1146.99,1024.78,1145.0,1.16964e6,1090.767714
